2025-07-30 00:32:07,721 [ERROR] LogOutputStream:75 - [STDERR_REDIRECT] 
2025-07-30 12:55:30,950 [INFO] Activator:176 - 


2025-07-30 12:55:30,951 [INFO] Activator:177 - !SESSION log4j initialized
2025-07-30 12:55:35,588 [INFO] LogOutputStream:77 - [STDOUT_REDIRECT] 
2025-07-30 12:55:36,988 [INFO] ApplicationProperties:184 - Using Application install path: C:\ST\STM32CubeIDE_1.19.0\STM32CubeIDE\plugins\com.st.stm32cube.common.mx_6.15.0.202507011659
2025-07-30 12:55:37,002 [INFO] DbMcusXml:78 - Set database path to: C:\ST\STM32CubeIDE_1.19.0\STM32CubeIDE\plugins\com.st.stm32cube.common.mx_6.15.0.202507011659\\db\/mcu/
2025-07-30 12:55:37,002 [INFO] ApiDb:274 - Set plugin database path to: C:\ST\STM32CubeIDE_1.19.0\STM32CubeIDE\plugins\com.st.stm32cube.common.mx_6.15.0.202507011659\\db\/plugins/boardmanager/
2025-07-30 12:55:37,003 [WARN] ApiDb:259 - Overriding images path with different value:  => C:\ST\STM32CubeIDE_1.19.0\STM32CubeIDE\plugins\com.st.stm32cube.common.mx_6.15.0.202507011659\\db\/plugins/mcufinder/images/
2025-07-30 12:55:37,008 [INFO] ApiDb:250 - Set database path to: C:\Users\nicks\.stmcufinder\plugins\mcufinder//mcu/
2025-07-30 12:55:37,009 [INFO] DbMcusAds:125 - Set database path to: C:\Users\nicks\.stmcufinder\plugins\mcufinder//mcu/
2025-07-30 12:55:37,011 [INFO] CrossReferenceDbSqlite:203 - Set database path to: C:\Users\nicks\.stmcufinder\plugins\mcufinder//mcu/cs/
2025-07-30 12:55:37,086 [INFO] RulesReader:64 - Compatibility file has been processed (317 Rules)
2025-07-30 12:55:37,149 [INFO] DbMcusXml:78 - Set database path to: C:\ST\STM32CubeIDE_1.19.0\STM32CubeIDE\plugins\com.st.stm32cube.common.mx_6.15.0.202507011659\\db\/mcu/
2025-07-30 12:55:37,149 [INFO] ApiDb:274 - Set plugin database path to: C:\ST\STM32CubeIDE_1.19.0\STM32CubeIDE\plugins\com.st.stm32cube.common.mx_6.15.0.202507011659\\db\/plugins/boardmanager/
2025-07-30 12:55:37,149 [INFO] ApiDb:261 - Set plugin images path to: C:\ST\STM32CubeIDE_1.19.0\STM32CubeIDE\plugins\com.st.stm32cube.common.mx_6.15.0.202507011659\\db\/plugins/mcufinder/images/
2025-07-30 12:55:37,149 [WARN] DbFile:41 - Overriding database path with different value: C:\Users\nicks\.stmcufinder\plugins\mcufinder/ => C:\Users\nicks\.stmcufinder\plugins\mcufinder
2025-07-30 12:55:37,150 [INFO] ApiDb:250 - Set database path to: C:\Users\nicks\.stmcufinder\plugins\mcufinder//mcu/
2025-07-30 12:55:37,150 [WARN] DbFile:41 - Overriding database path with different value: C:\Users\nicks\.stmcufinder\plugins\mcufinder/ => C:\Users\nicks\.stmcufinder\plugins\mcufinder
2025-07-30 12:55:37,150 [INFO] DbMcusAds:125 - Set database path to: C:\Users\nicks\.stmcufinder\plugins\mcufinder//mcu/
2025-07-30 12:55:37,150 [WARN] DbFile:41 - Overriding database path with different value: C:\Users\nicks\.stmcufinder\plugins\mcufinder/ => C:\Users\nicks\.stmcufinder\plugins\mcufinder
2025-07-30 12:55:37,150 [WARN] DbFile:41 - Overriding database path with different value: C:\Users\nicks\.stmcufinder\plugins\mcufinder/ => C:\Users\nicks\.stmcufinder\plugins\mcufinder
2025-07-30 12:55:37,150 [INFO] CrossReferenceDbSqlite:203 - Set database path to: C:\Users\nicks\.stmcufinder\plugins\mcufinder//mcu/cs/
2025-07-30 12:55:37,207 [INFO] MainPanel:274 - HeapMemory: 268435456
2025-07-30 12:55:37,292 [INFO] DbMcusXml:78 - Set database path to: C:\ST\STM32CubeIDE_1.19.0\STM32CubeIDE\plugins\com.st.stm32cube.common.mx_6.15.0.202507011659\\db\/mcu/
2025-07-30 12:55:37,292 [INFO] ApiDb:274 - Set plugin database path to: C:\ST\STM32CubeIDE_1.19.0\STM32CubeIDE\plugins\com.st.stm32cube.common.mx_6.15.0.202507011659\\db\/plugins/boardmanager/
2025-07-30 12:55:37,292 [INFO] ApiDb:261 - Set plugin images path to: C:\ST\STM32CubeIDE_1.19.0\STM32CubeIDE\plugins\com.st.stm32cube.common.mx_6.15.0.202507011659\\db\/plugins/mcufinder/images/
2025-07-30 12:55:37,292 [WARN] DbFile:41 - Overriding database path with different value: C:\Users\nicks\.stmcufinder\plugins\mcufinder/ => C:\Users\nicks\.stmcufinder\plugins\mcufinder
2025-07-30 12:55:37,292 [INFO] ApiDb:250 - Set database path to: C:\Users\nicks\.stmcufinder\plugins\mcufinder//mcu/
2025-07-30 12:55:37,292 [WARN] DbFile:41 - Overriding database path with different value: C:\Users\nicks\.stmcufinder\plugins\mcufinder/ => C:\Users\nicks\.stmcufinder\plugins\mcufinder
2025-07-30 12:55:37,292 [INFO] DbMcusAds:125 - Set database path to: C:\Users\nicks\.stmcufinder\plugins\mcufinder//mcu/
2025-07-30 12:55:37,292 [WARN] DbFile:41 - Overriding database path with different value: C:\Users\nicks\.stmcufinder\plugins\mcufinder/ => C:\Users\nicks\.stmcufinder\plugins\mcufinder
2025-07-30 12:55:37,293 [WARN] DbFile:41 - Overriding database path with different value: C:\Users\nicks\.stmcufinder\plugins\mcufinder/ => C:\Users\nicks\.stmcufinder\plugins\mcufinder
2025-07-30 12:55:37,293 [INFO] CrossReferenceDbSqlite:203 - Set database path to: C:\Users\nicks\.stmcufinder\plugins\mcufinder//mcu/cs/
2025-07-30 12:55:37,306 [INFO] ApplicationProperties:184 - Using Application install path: C:\ST\STM32CubeIDE_1.19.0\STM32CubeIDE\plugins\com.st.stm32cube.common.mx_6.15.0.202507011659
2025-07-30 12:55:37,307 [INFO] PluginManage:196 - Search for loadable plugins [exclusion list=, ]
2025-07-30 12:55:37,308 [INFO] PluginManage:310 - Check plugin analytics
2025-07-30 12:55:37,422 [INFO] AnalyticsPlugin:253 - Accepted Software Licenses: 
2025-07-30 12:55:37,422 [INFO] AnalyticsPlugin:255 - Accepted CMSIS Pack Licenses: 
2025-07-30 12:55:37,422 [INFO] AnalyticsPlugin:257 - Accepted Firmware Licenses: FW.F4.1.28.0,FW.H7.1.12.0,FW.H7.1.11.0
2025-07-30 12:55:37,424 [INFO] PluginManage:359 - Loaded plugin analytics (category:tool,tabindex:-1)
2025-07-30 12:55:37,424 [INFO] PluginManage:310 - Check plugin cadmodel
2025-07-30 12:55:37,429 [INFO] CADModel:105 - Init CAD model plugin
2025-07-30 12:55:37,429 [INFO] PluginManage:359 - Loaded plugin cadmodel (category:power,tabindex:5)
2025-07-30 12:55:37,429 [INFO] PluginManage:310 - Check plugin clock
2025-07-30 12:55:37,436 [INFO] PluginManage:359 - Loaded plugin clock (category:base,tabindex:2)
2025-07-30 12:55:37,436 [INFO] PluginManage:310 - Check plugin ddr
2025-07-30 12:55:37,437 [INFO] PluginManage:359 - Loaded plugin ddr (category:tool,tabindex:6)
2025-07-30 12:55:37,438 [INFO] PluginManage:310 - Check plugin filemanager
2025-07-30 12:55:37,553 [INFO] PluginManage:359 - Loaded plugin filemanager (category:base,tabindex:10)
2025-07-30 12:55:37,553 [INFO] PluginManage:310 - Check plugin ipmanager
2025-07-30 12:55:37,559 [INFO] PluginManage:359 - Loaded plugin ipmanager (category:base,tabindex:5)
2025-07-30 12:55:37,559 [INFO] PluginManage:310 - Check plugin lpbam
2025-07-30 12:55:37,565 [INFO] PluginManage:359 - Loaded plugin lpbam (category:base,tabindex:0)
2025-07-30 12:55:37,565 [INFO] PluginManage:310 - Check plugin memorymap
2025-07-30 12:55:37,577 [INFO] PluginManage:359 - Loaded plugin memorymap (category:base,tabindex:4)
2025-07-30 12:55:37,577 [INFO] PluginManage:310 - Check plugin pinoutandconfiguration
2025-07-30 12:55:37,584 [INFO] PluginManage:359 - Loaded plugin pinoutandconfiguration (category:base,tabindex:1)
2025-07-30 12:55:37,584 [INFO] PluginManage:310 - Check plugin pinoutconfig
2025-07-30 12:55:37,651 [WARN] SupportedApi:132 - Cannot load RTOS API schema: s4s-elt-must-match.1: The content of 'definitions' must match (annotation?, (simpleType | complexType)?, (unique | key | keyref)*)). A problem was found starting at: attribute.
2025-07-30 12:55:37,744 [INFO] PluginManage:359 - Loaded plugin pinoutconfig (category:base,tabindex:0)
2025-07-30 12:55:37,744 [INFO] PluginManage:310 - Check plugin power
2025-07-30 12:55:37,752 [INFO] PluginManage:359 - Loaded plugin power (category:power,tabindex:4)
2025-07-30 12:55:37,752 [INFO] PluginManage:310 - Check plugin projectmanager
2025-07-30 12:55:37,763 [INFO] PluginManage:359 - Loaded plugin projectmanager (category:projectmanager,tabindex:4)
2025-07-30 12:55:37,763 [INFO] PluginManage:310 - Check plugin rif
2025-07-30 12:55:37,770 [INFO] PluginManage:359 - Loaded plugin rif (category:base,tabindex:3)
2025-07-30 12:55:37,770 [INFO] PluginManage:310 - Check plugin thirdparty
2025-07-30 12:55:37,867 [INFO] PluginManage:359 - Loaded plugin thirdparty (category:base,tabindex:-1)
2025-07-30 12:55:37,868 [INFO] PluginManage:310 - Check plugin tools
2025-07-30 12:55:37,867 [WARN] IntegrityCheckThread:84 - waiting for thirdparty lock release [integrity check]
2025-07-30 12:55:37,868 [INFO] IntegrityCheckThread:86 - entering critical section [integrity check]
2025-07-30 12:55:37,868 [INFO] ThirdPartyUpdaterWithRetryManager:70 - Updater plugin not ready yet. [1/15]
2025-07-30 12:55:37,869 [INFO] PluginManage:359 - Loaded plugin tools (category:base,tabindex:7)
2025-07-30 12:55:37,869 [INFO] PluginManage:310 - Check plugin tutovideos
2025-07-30 12:55:38,041 [INFO] PluginManage:359 - Loaded plugin tutovideos (category:base,tabindex:-1)
2025-07-30 12:55:38,041 [INFO] PluginManage:310 - Check plugin updater
2025-07-30 12:55:38,056 [INFO] PluginManage:359 - Loaded plugin updater (category:base,tabindex:12)
2025-07-30 12:55:38,056 [INFO] PluginManage:310 - Check plugin userauth
2025-07-30 12:55:38,059 [INFO] UserAuth:118 - Init User Auth plugin
2025-07-30 12:55:38,059 [INFO] PluginManage:359 - Loaded plugin userauth (category:base,tabindex:14)
2025-07-30 12:55:38,060 [INFO] PluginManage:283 - PluginManage : Loaded plugins [18]
2025-07-30 12:55:38,211 [INFO] PinOutPanel:1589 - setPackage(No Configuration,No Configuration)
2025-07-30 12:55:38,270 [INFO] CADModel:165 - CPN selected for project level
2025-07-30 12:55:38,270 [INFO] CADModel:114 - Register for checkConnection events
2025-07-30 12:55:38,283 [INFO] IPUIPlugin:80 - create IPUIPlugin
2025-07-30 12:55:38,283 [INFO] PluginManager:220 - loadIPPluginJar : add adc
2025-07-30 12:55:38,285 [INFO] IPUIPlugin:80 - create IPUIPlugin
2025-07-30 12:55:38,285 [INFO] PluginManager:220 - loadIPPluginJar : add aes
2025-07-30 12:55:38,286 [INFO] IPUIPlugin:80 - create IPUIPlugin
2025-07-30 12:55:38,287 [INFO] PluginManager:220 - loadIPPluginJar : add can
2025-07-30 12:55:38,289 [INFO] IPUIPlugin:80 - create IPUIPlugin
2025-07-30 12:55:38,289 [INFO] PluginManager:220 - loadIPPluginJar : add comp
2025-07-30 12:55:38,291 [INFO] IPUIPlugin:80 - create IPUIPlugin
2025-07-30 12:55:38,291 [INFO] PluginManager:220 - loadIPPluginJar : add cryp
2025-07-30 12:55:38,293 [INFO] IPUIPlugin:80 - create IPUIPlugin
2025-07-30 12:55:38,293 [INFO] PluginManager:220 - loadIPPluginJar : add ddr_ctrl_phy
2025-07-30 12:55:38,295 [INFO] IPUIPlugin:80 - create IPUIPlugin
2025-07-30 12:55:38,295 [INFO] PluginManager:220 - loadIPPluginJar : add dfsdm
2025-07-30 12:55:38,299 [INFO] IPUIPlugin:80 - create IPUIPlugin
2025-07-30 12:55:38,299 [INFO] PluginManager:220 - loadIPPluginJar : add dma
2025-07-30 12:55:38,300 [INFO] IPUIPlugin:80 - create IPUIPlugin
2025-07-30 12:55:38,300 [INFO] PluginManager:220 - loadIPPluginJar : add dma3
2025-07-30 12:55:38,302 [INFO] IPUIPlugin:80 - create IPUIPlugin
2025-07-30 12:55:38,302 [INFO] PluginManager:220 - loadIPPluginJar : add extmemmanager
2025-07-30 12:55:38,303 [INFO] IPUIPlugin:80 - create IPUIPlugin
2025-07-30 12:55:38,303 [INFO] PluginManager:220 - loadIPPluginJar : add fatfs
2025-07-30 12:55:38,306 [INFO] IPUIPlugin:80 - create IPUIPlugin
2025-07-30 12:55:38,306 [INFO] PluginManager:220 - loadIPPluginJar : add fmc
2025-07-30 12:55:38,311 [INFO] IPUIPlugin:80 - create IPUIPlugin
2025-07-30 12:55:38,311 [INFO] PluginManager:220 - loadIPPluginJar : add freertos
2025-07-30 12:55:38,312 [INFO] IPUIPlugin:80 - create IPUIPlugin
2025-07-30 12:55:38,312 [INFO] PluginManager:220 - loadIPPluginJar : add genericplugin
2025-07-30 12:55:38,314 [INFO] IPUIPlugin:80 - create IPUIPlugin
2025-07-30 12:55:38,314 [INFO] PluginManager:220 - loadIPPluginJar : add gfxmmu
2025-07-30 12:55:38,317 [INFO] IPUIPlugin:80 - create IPUIPlugin
2025-07-30 12:55:38,317 [INFO] PluginManager:220 - loadIPPluginJar : add gic
2025-07-30 12:55:38,319 [INFO] IPUIPlugin:80 - create IPUIPlugin
2025-07-30 12:55:38,320 [INFO] PluginManager:220 - loadIPPluginJar : add gpio
2025-07-30 12:55:38,321 [INFO] IPUIPlugin:80 - create IPUIPlugin
2025-07-30 12:55:38,321 [INFO] PluginManager:220 - loadIPPluginJar : add gtzc
2025-07-30 12:55:38,323 [INFO] IPUIPlugin:80 - create IPUIPlugin
2025-07-30 12:55:38,323 [INFO] PluginManager:220 - loadIPPluginJar : add hash
2025-07-30 12:55:38,324 [INFO] IPUIPlugin:80 - create IPUIPlugin
2025-07-30 12:55:38,324 [INFO] PluginManager:220 - loadIPPluginJar : add i2c
2025-07-30 12:55:38,326 [INFO] IPUIPlugin:80 - create IPUIPlugin
2025-07-30 12:55:38,326 [INFO] PluginManager:220 - loadIPPluginJar : add i2s
2025-07-30 12:55:38,328 [INFO] IPUIPlugin:80 - create IPUIPlugin
2025-07-30 12:55:38,328 [INFO] PluginManager:220 - loadIPPluginJar : add i3c
2025-07-30 12:55:38,330 [INFO] IPUIPlugin:80 - create IPUIPlugin
2025-07-30 12:55:38,330 [INFO] PluginManager:220 - loadIPPluginJar : add ipddr
2025-07-30 12:55:38,335 [INFO] IPUIPlugin:80 - create IPUIPlugin
2025-07-30 12:55:38,335 [INFO] PluginManager:220 - loadIPPluginJar : add linkedlist
2025-07-30 12:55:38,337 [INFO] IPUIPlugin:80 - create IPUIPlugin
2025-07-30 12:55:38,337 [INFO] PluginManager:220 - loadIPPluginJar : add lorawan
2025-07-30 12:55:38,338 [INFO] IPUIPlugin:80 - create IPUIPlugin
2025-07-30 12:55:38,338 [INFO] PluginManager:220 - loadIPPluginJar : add ltdc
2025-07-30 12:55:38,341 [INFO] IPUIPlugin:80 - create IPUIPlugin
2025-07-30 12:55:38,341 [INFO] PluginManager:220 - loadIPPluginJar : add mdma
2025-07-30 12:55:38,343 [INFO] IPUIPlugin:80 - create IPUIPlugin
2025-07-30 12:55:38,344 [INFO] PluginManager:220 - loadIPPluginJar : add nvic
2025-07-30 12:55:38,345 [INFO] IPUIPlugin:80 - create IPUIPlugin
2025-07-30 12:55:38,345 [INFO] PluginManager:220 - loadIPPluginJar : add opamp
2025-07-30 12:55:38,347 [INFO] IPUIPlugin:80 - create IPUIPlugin
2025-07-30 12:55:38,348 [INFO] PluginManager:220 - loadIPPluginJar : add openamp
2025-07-30 12:55:38,350 [INFO] IPUIPlugin:80 - create IPUIPlugin
2025-07-30 12:55:38,350 [INFO] PluginManager:220 - loadIPPluginJar : add pdm2pcm
2025-07-30 12:55:38,353 [INFO] IPUIPlugin:80 - create IPUIPlugin
2025-07-30 12:55:38,355 [INFO] PluginManager:220 - loadIPPluginJar : add plateformsettings
2025-07-30 12:55:38,356 [INFO] IPUIPlugin:80 - create IPUIPlugin
2025-07-30 12:55:38,356 [INFO] PluginManager:220 - loadIPPluginJar : add quadspi
2025-07-30 12:55:38,357 [INFO] IPUIPlugin:80 - create IPUIPlugin
2025-07-30 12:55:38,357 [INFO] PluginManager:220 - loadIPPluginJar : add radio
2025-07-30 12:55:38,361 [INFO] IPUIPlugin:80 - create IPUIPlugin
2025-07-30 12:55:38,361 [INFO] PluginManager:220 - loadIPPluginJar : add resmgrutility
2025-07-30 12:55:38,363 [INFO] IPUIPlugin:80 - create IPUIPlugin
2025-07-30 12:55:38,363 [INFO] PluginManager:220 - loadIPPluginJar : add sai
2025-07-30 12:55:38,365 [INFO] IPUIPlugin:80 - create IPUIPlugin
2025-07-30 12:55:38,365 [INFO] PluginManager:220 - loadIPPluginJar : add spi
2025-07-30 12:55:38,369 [INFO] IPUIPlugin:80 - create IPUIPlugin
2025-07-30 12:55:38,369 [INFO] PluginManager:220 - loadIPPluginJar : add stm32_wpan
2025-07-30 12:55:38,370 [INFO] IPUIPlugin:80 - create IPUIPlugin
2025-07-30 12:55:38,370 [INFO] PluginManager:220 - loadIPPluginJar : add tim
2025-07-30 12:55:38,372 [INFO] IPUIPlugin:80 - create IPUIPlugin
2025-07-30 12:55:38,372 [INFO] PluginManager:220 - loadIPPluginJar : add touchsensing
2025-07-30 12:55:38,375 [INFO] IPUIPlugin:80 - create IPUIPlugin
2025-07-30 12:55:38,375 [INFO] PluginManager:220 - loadIPPluginJar : add tracer_emb
2025-07-30 12:55:38,376 [INFO] IPUIPlugin:80 - create IPUIPlugin
2025-07-30 12:55:38,376 [INFO] PluginManager:220 - loadIPPluginJar : add ts
2025-07-30 12:55:38,377 [INFO] IPUIPlugin:80 - create IPUIPlugin
2025-07-30 12:55:38,377 [INFO] PluginManager:220 - loadIPPluginJar : add tsc
2025-07-30 12:55:38,378 [INFO] IPUIPlugin:80 - create IPUIPlugin
2025-07-30 12:55:38,378 [INFO] PluginManager:220 - loadIPPluginJar : add ucpd
2025-07-30 12:55:38,380 [INFO] IPUIPlugin:80 - create IPUIPlugin
2025-07-30 12:55:38,380 [INFO] PluginManager:220 - loadIPPluginJar : add usart
2025-07-30 12:55:38,382 [INFO] IPUIPlugin:80 - create IPUIPlugin
2025-07-30 12:55:38,382 [INFO] PluginManager:220 - loadIPPluginJar : add usbx
2025-07-30 12:55:38,496 [FATAL] Updater:351 - Updater called before beeing initialized
2025-07-30 12:55:38,515 [INFO] RulesReader:64 - Compatibility file has been processed (317 Rules)
2025-07-30 12:55:38,525 [INFO] RulesReader:64 - Compatibility file has been processed (317 Rules)
2025-07-30 12:55:38,531 [INFO] CADModel:165 - CPN selected for project level
2025-07-30 12:55:38,531 [INFO] CADModel:114 - Register for checkConnection events
2025-07-30 12:55:38,531 [FATAL] Updater:351 - Updater called before beeing initialized
2025-07-30 12:55:38,531 [ERROR] CADModel:125 - Updater not yet initialized, retry later 
2025-07-30 12:55:38,631 [FATAL] Updater:351 - Updater called before beeing initialized
2025-07-30 12:55:38,633 [INFO] CADModel:165 - CPN selected for project level
2025-07-30 12:55:38,633 [INFO] CADModel:114 - Register for checkConnection events
2025-07-30 12:55:38,633 [FATAL] Updater:351 - Updater called before beeing initialized
2025-07-30 12:55:38,633 [ERROR] CADModel:125 - Updater not yet initialized, retry later 
2025-07-30 12:55:38,635 [FATAL] Updater:351 - Updater called before beeing initialized
2025-07-30 12:55:38,715 [FATAL] Updater:351 - Updater called before beeing initialized
2025-07-30 12:55:38,717 [INFO] DbMcusAds:53 - JSON generation date=Tue Jul 08 18:14:23 AEST 2025 (1751962463524)
2025-07-30 12:55:38,717 [FATAL] Updater:351 - Updater called before beeing initialized
2025-07-30 12:55:38,747 [WARN] DetailPanel:346 - Failed to get advertising image, set to default
2025-07-30 12:55:38,809 [FATAL] Updater:351 - Updater called before beeing initialized
2025-07-30 12:55:38,810 [FATAL] Updater:351 - Updater called before beeing initialized
2025-07-30 12:55:38,810 [FATAL] Updater:351 - Updater called before beeing initialized
2025-07-30 12:55:38,811 [WARN] DetailPanel:346 - Failed to get advertising image, set to default
2025-07-30 12:55:38,811 [FATAL] Updater:351 - Updater called before beeing initialized
2025-07-30 12:55:38,845 [ERROR] Updater:1198 - MainUpdater not yet initialized. External WinMGr cannot be set.
2025-07-30 12:55:38,847 [INFO] Updater:1134 - Updater Version found : 6.15.0
2025-07-30 12:55:38,860 [INFO] ApplicationProperties:184 - Using Application install path: C:\ST\STM32CubeIDE_1.19.0\STM32CubeIDE\plugins\com.st.stm32cube.common.mx_6.15.0.202507011659
2025-07-30 12:55:39,215 [INFO] MainUpdater:2872 - connection check result : 10
2025-07-30 12:55:39,215 [INFO] MainUpdater:289 - Updater Check For Update Now.
2025-07-30 12:55:39,215 [INFO] MicroXplorer:498 - Change Database Version : DB.6.0.150
2025-07-30 12:55:39,219 [INFO] McuFinderGlobals:63 - Set McuFinder mode to 2 (CubeIDE integrated)
2025-07-30 12:55:39,220 [INFO] UserAuth:487 - Internet connection configuration mode: 1
2025-07-30 12:55:39,235 [INFO] JxBrowserEngine:152 - Initiate JxBrowser Engine with user profile folder
2025-07-30 12:55:39,370 [INFO] CheckServerUpdateThread:120 - End of CheckServer Thread
2025-07-30 12:55:40,010 [INFO] WebApp:169 - Instantiating new browser for Auth
2025-07-30 12:55:40,508 [INFO] WebApp:463 - Apply proxy settings
2025-07-30 12:55:40,508 [INFO] WebApp:548 - Chromium requires no authentication
2025-07-30 12:55:40,515 [INFO] WebApp:491 - Direct internet connection detected
2025-07-30 12:55:40,534 [INFO] WebApp:900 - Register for checkConnection events
2025-07-30 12:55:40,534 [INFO] WebApp:463 - Apply proxy settings
2025-07-30 12:55:40,534 [INFO] WebApp:548 - Chromium requires no authentication
2025-07-30 12:55:40,534 [INFO] WebApp:491 - Direct internet connection detected
2025-07-30 12:55:40,661 [INFO] WebApp:225 - Starting web application
2025-07-30 12:55:40,661 [INFO] WebApp:593 - Web application path used C:\ST\STM32CubeIDE_1.19.0\STM32CubeIDE\plugins\com.st.stm32cube.common.mx_6.15.0.202507011659\db\plugins\mcufinder\reactClient1\index.html
2025-07-30 12:55:40,769 [INFO] UserAuth:487 - Internet connection configuration mode: 1
2025-07-30 12:55:40,940 [INFO] WebApp:191 - Connection restablished
2025-07-30 12:55:41,089 [WARN] PackLoader:240 - Cannot read IP mode file for STMicroelectronics.FP-SNS-MOTENVWB1.1.4.0
2025-07-30 12:55:41,096 [WARN] PackLoader:240 - Cannot read IP mode file for STMicroelectronics.FP-ATR-ASTRA1.2.0.2
2025-07-30 12:55:41,098 [WARN] PackLoader:240 - Cannot read IP mode file for STMicroelectronics.FP-ATR-ASTRA1.2.0.1
2025-07-30 12:55:41,104 [WARN] PackLoader:240 - Cannot read IP mode file for STMicroelectronics.X-CUBE-SMBUS.2.1.0
2025-07-30 12:55:41,109 [WARN] PackLoader:240 - Cannot read IP mode file for STMicroelectronics.X-CUBE-WB05N.1.1.0
2025-07-30 12:55:41,114 [WARN] PackLoader:240 - Cannot read IP mode file for STMicroelectronics.X-CUBE-ST60.1.0.0
2025-07-30 12:55:41,136 [WARN] PackLoader:240 - Cannot read IP mode file for STMicroelectronics.X-CUBE-AZRTOS-F7.1.1.0
2025-07-30 12:55:41,143 [WARN] PackLoader:240 - Cannot read IP mode file for STMicroelectronics.FP-SNS-FLIGHT1.5.0.2
2025-07-30 12:55:41,160 [WARN] PackLoader:240 - Cannot read IP mode file for Infineon.AIROC-Wi-Fi-Bluetooth-STM32.1.7.0
2025-07-30 12:55:41,180 [WARN] PackLoader:240 - Cannot read IP mode file for STMicroelectronics.X-CUBE-AZRTOS-H7.3.4.0
2025-07-30 12:55:41,190 [WARN] PackLoader:240 - Cannot read IP mode file for STMicroelectronics.X-CUBE-DISPLAY.3.0.0
2025-07-30 12:55:41,199 [WARN] PackLoader:240 - Cannot read IP mode file for STMicroelectronics.X-CUBE-NFC10.1.0.0
2025-07-30 12:55:41,211 [WARN] PackLoader:240 - Cannot read IP mode file for STMicroelectronics.X-CUBE-BLEMGR.4.0.0
2025-07-30 12:55:41,219 [WARN] PackLoader:240 - Cannot read IP mode file for emotas.I-CUBE-CANOPEN.1.3.0
2025-07-30 12:55:41,223 [WARN] ConditionMgr:438 - getConditionDescription Invalid condition id : Cortex-A Device cause : null
2025-07-30 12:55:41,235 [WARN] ConditionMgr:1044 - genDependencies : Invalid condition id : Cortex-A Device cause : null
2025-07-30 12:55:41,235 [WARN] ConditionMgr:1044 - genDependencies : Invalid condition id : Cortex-A Device cause : null
2025-07-30 12:55:41,236 [WARN] ConditionMgr:1044 - genDependencies : Invalid condition id : Cortex-A Device cause : null
2025-07-30 12:55:41,239 [WARN] PackLoader:240 - Cannot read IP mode file for STMicroelectronics.X-CUBE-AI.10.0.0
2025-07-30 12:55:41,244 [WARN] PackLoader:240 - Cannot read IP mode file for STMicroelectronics.FP-SNS-SMARTAG2.1.2.0
2025-07-30 12:55:41,249 [WARN] PackLoader:240 - Cannot read IP mode file for STMicroelectronics.FP-SNS-FLIGHT1.5.1.0
2025-07-30 12:55:41,258 [INFO] LogOutputStream:77 - [STDOUT_REDIRECT] 1 : Invalid condition id : UX_CORESTACK_Condition cause : null
2025-07-30 12:55:41,259 [INFO] LogOutputStream:77 - [STDOUT_REDIRECT] 1 : Invalid condition id : UX_CORESTACK_Condition cause : null
2025-07-30 12:55:41,260 [INFO] LogOutputStream:77 - [STDOUT_REDIRECT] 1 : Invalid condition id : UX_CORESTACK_Condition cause : null
2025-07-30 12:55:41,261 [INFO] LogOutputStream:77 - [STDOUT_REDIRECT] 1 : Invalid condition id : UX_CORESTACK_Condition cause : null
2025-07-30 12:55:41,262 [INFO] LogOutputStream:77 - [STDOUT_REDIRECT] 1 : Invalid condition id : UX_CORESTACK_Condition cause : null
2025-07-30 12:55:41,265 [WARN] PackLoader:240 - Cannot read IP mode file for STMicroelectronics.X-CUBE-AZRTOS-WL.2.0.0
2025-07-30 12:55:41,285 [WARN] PackLoader:240 - Cannot read IP mode file for STMicroelectronics.FP-SNS-MOTENV1.5.0.0
2025-07-30 12:55:41,293 [WARN] PackLoader:240 - Cannot read IP mode file for WES.I-CUBE-Cesium.1.3.0
2025-07-30 12:55:41,298 [WARN] PackLoader:240 - Cannot read IP mode file for STMicroelectronics.X-CUBE-BLE2.3.3.0
2025-07-30 12:55:41,305 [WARN] PackLoader:240 - Cannot read IP mode file for STMicroelectronics.X-CUBE-NFC9.1.0.0
2025-07-30 12:55:41,310 [WARN] PackLoader:240 - Cannot read IP mode file for STMicroelectronics.X-CUBE-BLE1.7.1.0
2025-07-30 12:55:41,314 [WARN] PackLoader:240 - Cannot read IP mode file for wolfSSL.I-CUBE-wolfMQTT.1.19.2
2025-07-30 12:55:41,318 [WARN] PackLoader:240 - Cannot read IP mode file for STMicroelectronics.X-CUBE-EEPRMA1.5.2.0
2025-07-30 12:55:41,322 [WARN] PackLoader:240 - Cannot read IP mode file for STMicroelectronics.X-CUBE-AI.10.1.0
2025-07-30 12:55:41,362 [WARN] PackLoader:240 - Cannot read IP mode file for STMicroelectronics.X-CUBE-MEMS1.11.2.0
2025-07-30 12:55:41,468 [WARN] PackLoader:240 - Cannot read IP mode file for STMicroelectronics.X-CUBE-AZRTOS-G0.1.1.0
2025-07-30 12:55:41,476 [WARN] PackLoader:240 - Cannot read IP mode file for STMicroelectronics.X-CUBE-SAFEA1.1.2.2
2025-07-30 12:55:41,482 [WARN] PackLoader:240 - Cannot read IP mode file for STMicroelectronics.X-CUBE-NFC4.3.0.0
2025-07-30 12:55:41,489 [WARN] PackLoader:240 - Cannot read IP mode file for EmbeddedOffice.I-CUBE-FS-RTOS.1.0.1
2025-07-30 12:55:41,493 [WARN] PackLoader:240 - Cannot read IP mode file for STMicroelectronics.X-CUBE-WB05N.2.0.0
2025-07-30 12:55:41,497 [WARN] PackLoader:240 - Cannot read IP mode file for wolfSSL.I-CUBE-wolfTPM.3.8.0
2025-07-30 12:55:41,502 [WARN] PackLoader:240 - Cannot read IP mode file for STMicroelectronics.X-CUBE-TCPP.4.2.0
2025-07-30 12:55:41,506 [WARN] PackLoader:240 - Cannot read IP mode file for RealThread.X-CUBE-RT-Thread_Nano.4.1.1
2025-07-30 12:55:41,509 [WARN] PackLoader:240 - Cannot read IP mode file for STMicroelectronics.FP-ATR-SIGFOX1.3.2.0
2025-07-30 12:55:41,513 [WARN] PackLoader:240 - Cannot read IP mode file for STMicroelectronics.X-CUBE-EEPRMA1.5.1.0
2025-07-30 12:55:41,518 [WARN] PackLoader:240 - Cannot read IP mode file for wolfSSL.I-CUBE-wolfSSL.5.7.6
2025-07-30 12:55:41,524 [WARN] PackLoader:240 - Cannot read IP mode file for ITTIA_DB.I-CUBE-ITTIADB.8.9.0
2025-07-30 12:55:41,528 [WARN] PackLoader:240 - Cannot read IP mode file for STMicroelectronics.X-CUBE-ST67W61.1.0.0
2025-07-30 12:55:41,548 [WARN] PackLoader:240 - Cannot read IP mode file for SEGGER.I-CUBE-embOS.1.3.1
2025-07-30 12:55:41,567 [WARN] PackLoader:240 - Cannot read IP mode file for STMicroelectronics.X-CUBE-ALGOBUILD.1.4.0
2025-07-30 12:55:41,597 [WARN] PackLoader:240 - Cannot read IP mode file for STMicroelectronics.X-CUBE-MEMS1.11.3.0
2025-07-30 12:55:41,684 [WARN] PackLoader:240 - Cannot read IP mode file for STMicroelectronics.X-CUBE-PM33A1.1.0.0
2025-07-30 12:55:41,698 [WARN] PackLoader:240 - Cannot read IP mode file for STMicroelectronics.X-CUBE-AZRTOS-F4.1.1.0
2025-07-30 12:55:41,703 [WARN] PackLoader:240 - Cannot read IP mode file for Avnet-IotConnect.X-CUBE-IoTC-DA16k-PMOD.1.0.0
2025-07-30 12:55:41,707 [WARN] PackLoader:240 - Cannot read IP mode file for STMicroelectronics.X-CUBE-ISPU.2.1.0
2025-07-30 12:55:41,713 [WARN] PackLoader:240 - Cannot read IP mode file for STMicroelectronics.X-CUBE-NFC12.1.0.0
2025-07-30 12:55:41,726 [WARN] PackLoader:240 - Cannot read IP mode file for STMicroelectronics.X-CUBE-AZRTOS-L5.2.0.0
2025-07-30 12:55:41,733 [WARN] PackLoader:240 - Cannot read IP mode file for STMicroelectronics.X-CUBE-NFC6.3.1.0
2025-07-30 12:55:41,753 [WARN] PackLoader:240 - Cannot read IP mode file for STMicroelectronics.X-CUBE-FREERTOS.1.3.1
2025-07-30 12:55:41,758 [WARN] PackLoader:240 - Cannot read IP mode file for STMicroelectronics.X-CUBE-FREERTOS.1.3.0
2025-07-30 12:55:41,762 [WARN] PackLoader:240 - Cannot read IP mode file for STMicroelectronics.X-CUBE-NFC7.1.0.1
2025-07-30 12:55:41,767 [WARN] PackLoader:240 - Cannot read IP mode file for STMicroelectronics.FP-SNS-STAIOTCFT.1.0.0
2025-07-30 12:55:41,772 [WARN] PackLoader:240 - Cannot read IP mode file for STMicroelectronics.X-CUBE-DPower.1.3.0
2025-07-30 12:55:41,788 [WARN] ConditionMgr:438 - getConditionDescription Invalid condition id : LAN8742 Phy interface Condition cause : null
2025-07-30 12:55:41,789 [WARN] PackLoader:240 - Cannot read IP mode file for STMicroelectronics.X-CUBE-AZRTOS-L4.2.0.0
2025-07-30 12:55:41,790 [WARN] ConditionMgr:1044 - genDependencies : Invalid condition id : LAN8742 Phy interface Condition cause : null
2025-07-30 12:55:41,790 [WARN] ConditionMgr:1044 - genDependencies : Invalid condition id : LAN8742 Phy interface Condition cause : null
2025-07-30 12:55:41,791 [WARN] ConditionMgr:1044 - genDependencies : Invalid condition id : LAN8742 Phy interface Condition cause : null
2025-07-30 12:55:41,796 [WARN] PackLoader:240 - Cannot read IP mode file for STMicroelectronics.X-CUBE-SFXS2LP1.4.0.0
2025-07-30 12:55:41,812 [WARN] PackLoader:240 - Cannot read IP mode file for STMicroelectronics.X-CUBE-AZRTOS-H7.3.3.0
2025-07-30 12:55:41,823 [WARN] PackLoader:240 - Cannot read IP mode file for STMicroelectronics.X-CUBE-BLEMGR.4.1.0
2025-07-30 12:55:41,837 [WARN] ConditionMgr:438 - getConditionDescription Invalid condition id : UX DEVICE CLASS RTOS Condition cause : null
2025-07-30 12:55:41,837 [WARN] ConditionMgr:438 - getConditionDescription Invalid condition id : UX DEVICE CLASS RTOS Condition cause : null
2025-07-30 12:55:41,839 [WARN] PackLoader:240 - Cannot read IP mode file for STMicroelectronics.X-CUBE-AZRTOS-WB.2.0.0
2025-07-30 12:55:41,839 [WARN] ConditionMgr:1044 - genDependencies : Invalid condition id : UX DEVICE CLASS RTOS Condition cause : null
2025-07-30 12:55:41,839 [WARN] ConditionMgr:1044 - genDependencies : Invalid condition id : UX DEVICE CLASS RTOS Condition cause : null
2025-07-30 12:55:41,840 [WARN] ConditionMgr:1044 - genDependencies : Invalid condition id : UX DEVICE CLASS RTOS Condition cause : null
2025-07-30 12:55:41,840 [WARN] ConditionMgr:1044 - genDependencies : Invalid condition id : UX DEVICE CLASS RTOS Condition cause : null
2025-07-30 12:55:41,840 [WARN] ConditionMgr:1044 - genDependencies : Invalid condition id : UX DEVICE CLASS RTOS Condition cause : null
2025-07-30 12:55:41,843 [WARN] PackLoader:240 - Cannot read IP mode file for STMicroelectronics.X-CUBE-GNSS1.7.0.1
2025-07-30 12:55:41,849 [WARN] PackLoader:240 - Cannot read IP mode file for STMicroelectronics.X-CUBE-TOUCHGFX.4.25.0
2025-07-30 12:55:41,855 [WARN] PackLoader:240 - Cannot read IP mode file for STMicroelectronics.X-CUBE-SUBG2.5.0.0
2025-07-30 12:55:41,868 [WARN] PackLoader:240 - Cannot read IP mode file for STMicroelectronics.X-CUBE-AZRTOS-H7RS.1.1.0
2025-07-30 12:55:41,873 [WARN] PackLoader:240 - Cannot read IP mode file for Cesanta.I-CUBE-Mongoose.7.13.0
2025-07-30 12:55:41,881 [WARN] PackLoader:240 - Cannot read IP mode file for STMicroelectronics.X-CUBE-AZRTOS-G4.2.0.0
2025-07-30 12:55:41,885 [WARN] PackLoader:240 - Cannot read IP mode file for wolfSSL.I-CUBE-wolfSSH.1.4.20
2025-07-30 12:55:41,887 [WARN] PackLoader:240 - Cannot read IP mode file for STMicroelectronics.X-CUBE-NFC7.2.0.0
2025-07-30 12:55:41,892 [WARN] PackLoader:240 - Cannot read IP mode file for STMicroelectronics.X-CUBE-IPS.3.1.0
2025-07-30 12:55:41,897 [WARN] PackLoader:240 - Cannot read IP mode file for STMicroelectronics.X-CUBE-ALS.1.0.2
2025-07-30 12:55:41,901 [WARN] PackLoader:240 - Cannot read IP mode file for portGmbH.I-Cube-SoM-uGOAL.1.1.0
2025-07-30 12:55:41,907 [WARN] PackLoader:240 - Cannot read IP mode file for STMicroelectronics.X-CUBE-TOF1.3.4.3
2025-07-30 12:55:41,913 [INFO] ThirdParty:978 - Integrity check success = true
2025-07-30 12:55:41,913 [INFO] IntegrityCheckThread:100 - exiting critical section [integrity check]
2025-07-30 12:55:41,913 [INFO] IntegrityCheckThread:103 - End integrity checks thread
2025-07-30 12:55:42,638 [INFO] McuFinderGlobals:63 - Set McuFinder mode to 2 (CubeIDE integrated)
2025-07-30 12:55:42,642 [INFO] MainUpdater:2872 - connection check result : 10
2025-07-30 12:55:42,643 [INFO] MainUpdater:2872 - connection check result : 10
2025-07-30 12:55:42,669 [INFO] MicroXplorer:468 - Change Database Path : 
2025-07-30 12:55:42,669 [INFO] MicroXplorer:498 - Change Database Version : DB.6.0.150
2025-07-30 12:55:42,674 [WARN] ThirdParty:871 - waiting for thirdparty lock release [close project]
2025-07-30 12:55:42,674 [INFO] ThirdParty:873 - entering critical section [close project]
2025-07-30 12:55:42,674 [INFO] ThirdParty:883 - exiting critical section [close project]
2025-07-30 12:55:42,676 [INFO] PinOutPanel:1589 - setPackage(No Configuration,No Configuration)
2025-07-30 12:55:42,677 [INFO] UtilMem:75 - Begin LoadConfig() Used Memory: 243967240 Bytes (397410304)
2025-07-30 12:55:42,678 [INFO] MicroXplorer:468 - Change Database Path : 
2025-07-30 12:55:42,678 [INFO] MicroXplorer:498 - Change Database Version : DB.6.0.150
2025-07-30 12:55:42,679 [INFO] OpenFileManager:355 - Change cursor
2025-07-30 12:55:42,699 [INFO] Mcu:2029 - Initializing MCU STM32H755ZITx STM32H755ZITx STM32H755ZIT6
2025-07-30 12:55:45,076 [INFO] Context:786 - Trying to add GPIOservice into a context  which must be forbidden
2025-07-30 12:55:45,076 [INFO] Context:786 - Trying to add GPIOservice into a context  which must be forbidden
2025-07-30 12:55:46,315 [INFO] ApiDbMcu:532 - Load IP Config File for NUCLEO-H755ZI-Q
2025-07-30 12:55:46,454 [INFO] Context:786 - Trying to add GPIOservice into a context  which must be forbidden
2025-07-30 12:55:46,468 [INFO] Context:786 - Trying to add GPIOservice into a context  which must be forbidden
2025-07-30 12:55:46,474 [INFO] ImportTextPane:234 - (OptionalMessage_ERROR) Pin53 (VP_RIF_VS_RIF1) cannot be retrieved for this MCU
2025-07-30 12:55:46,487 [INFO] ImportTextPane:234 - (OptionalMessage_ERROR) Unable to find key (Mcu.IP16) in loaded IOC file
2025-07-30 12:55:46,487 [INFO] ImportTextPane:234 - (OptionalMessage_ERROR) Unknown IP (dummy)
2025-07-30 12:55:46,669 [INFO] RtosManager:558 - Registered RTOS mode: class=CMSIS, group=RTOS, mode=CMSIS_V1, owner=FREERTOS_M7
2025-07-30 12:55:46,669 [INFO] RtosManager:558 - Registered RTOS mode: class=CMSIS, group=RTOS2, mode=CMSIS_V2, owner=FREERTOS_M7
2025-07-30 12:55:46,669 [INFO] RtosManager:558 - Registered RTOS mode: class=RTOS, group=Core, mode=CMSIS_V1, owner=FREERTOS_M7
2025-07-30 12:55:46,669 [INFO] RtosManager:558 - Registered RTOS mode: class=RTOS, group=Core, mode=CMSIS_V2, owner=FREERTOS_M7
2025-07-30 12:55:46,669 [WARN] ModelIntegratedComponent:184 - Missing modes for component STMicroelectronics:FreeRTOS:0.0.1:STMicroelectronics:RTOS:FreeRTOS:Core:::10.2.0:
2025-07-30 12:55:46,689 [WARN] ModelIntegratedComponent:63 - No mode defined for component null
2025-07-30 12:55:46,689 [WARN] ModelIntegratedComponent:63 - No mode defined for component null
2025-07-30 12:55:46,689 [WARN] ModelIntegratedComponent:63 - No mode defined for component null
2025-07-30 12:55:46,689 [WARN] ModelIntegratedComponent:63 - No mode defined for component null
2025-07-30 12:55:46,689 [WARN] ModelIntegratedComponent:63 - No mode defined for component null
2025-07-30 12:55:46,689 [WARN] ModelIntegratedComponent:63 - No mode defined for component null
2025-07-30 12:55:46,689 [WARN] ModelIntegratedComponent:63 - No mode defined for component null
2025-07-30 12:55:46,689 [WARN] ModelIntegratedComponent:63 - No mode defined for component null
2025-07-30 12:55:46,689 [WARN] ModelIntegratedComponent:63 - No mode defined for component null
2025-07-30 12:55:46,689 [WARN] ModelIntegratedComponent:63 - No mode defined for component null
2025-07-30 12:55:46,690 [WARN] ModelIntegratedComponent:63 - No mode defined for component null
2025-07-30 12:55:46,690 [WARN] ModelIntegratedComponent:63 - No mode defined for component null
2025-07-30 12:55:46,690 [WARN] ModelIntegratedComponent:63 - No mode defined for component null
2025-07-30 12:55:46,690 [WARN] ModelIntegratedComponent:63 - No mode defined for component null
2025-07-30 12:55:46,690 [WARN] ModelIntegratedComponent:63 - No mode defined for component null
2025-07-30 12:55:46,690 [WARN] ModelIntegratedComponent:63 - No mode defined for component null
2025-07-30 12:55:46,690 [WARN] ModelIntegratedComponent:63 - No mode defined for component null
2025-07-30 12:55:46,690 [WARN] ModelIntegratedComponent:63 - No mode defined for component null
2025-07-30 12:55:46,690 [WARN] ModelIntegratedComponent:63 - No mode defined for component null
2025-07-30 12:55:46,690 [WARN] ModelIntegratedComponent:63 - No mode defined for component null
2025-07-30 12:55:46,690 [WARN] ModelIntegratedComponent:63 - No mode defined for component null
2025-07-30 12:55:46,690 [WARN] ModelIntegratedComponent:63 - No mode defined for component null
2025-07-30 12:55:46,690 [WARN] ModelIntegratedComponent:63 - No mode defined for component null
2025-07-30 12:55:46,690 [WARN] ModelIntegratedComponent:63 - No mode defined for component null
2025-07-30 12:55:46,690 [WARN] ModelIntegratedComponent:63 - No mode defined for component null
2025-07-30 12:55:46,690 [WARN] ModelIntegratedComponent:63 - No mode defined for component null
2025-07-30 12:55:46,690 [WARN] ModelIntegratedComponent:63 - No mode defined for component null
2025-07-30 12:55:46,690 [WARN] ModelIntegratedComponent:63 - No mode defined for component null
2025-07-30 12:55:46,690 [WARN] ModelIntegratedComponent:63 - No mode defined for component null
2025-07-30 12:55:46,690 [WARN] ModelIntegratedComponent:63 - No mode defined for component null
2025-07-30 12:55:46,690 [WARN] ModelIntegratedComponent:63 - No mode defined for component null
2025-07-30 12:55:46,691 [WARN] ModelIntegratedComponent:63 - No mode defined for component null
2025-07-30 12:55:46,691 [WARN] ModelIntegratedComponent:63 - No mode defined for component null
2025-07-30 12:55:46,691 [WARN] ModelIntegratedComponent:63 - No mode defined for component null
2025-07-30 12:55:46,691 [WARN] ModelIntegratedComponent:63 - No mode defined for component null
2025-07-30 12:55:46,691 [WARN] ModelPack:524 - Component already loaded: STMicroelectronics:HAL Drivers:0.0.0:STMicroelectronics:Device:STMicro_Driver:XSPI:HAL::0.0.1:HAL_XSPI
2025-07-30 12:55:46,791 [INFO] RtosManager:558 - Registered RTOS mode: class=CMSIS, group=RTOS, mode=CMSIS_V1, owner=FREERTOS_M4
2025-07-30 12:55:46,791 [INFO] RtosManager:558 - Registered RTOS mode: class=CMSIS, group=RTOS2, mode=CMSIS_V2, owner=FREERTOS_M4
2025-07-30 12:55:46,791 [INFO] RtosManager:558 - Registered RTOS mode: class=RTOS, group=Core, mode=CMSIS_V1, owner=FREERTOS_M4
2025-07-30 12:55:46,791 [INFO] RtosManager:558 - Registered RTOS mode: class=RTOS, group=Core, mode=CMSIS_V2, owner=FREERTOS_M4
2025-07-30 12:55:46,791 [WARN] ModelIntegratedComponent:184 - Missing modes for component STMicroelectronics:FreeRTOS:0.0.1:STMicroelectronics:RTOS:FreeRTOS:Core:::10.2.0:
2025-07-30 12:55:46,798 [WARN] ModelIntegratedComponent:63 - No mode defined for component null
2025-07-30 12:55:46,798 [WARN] ModelIntegratedComponent:63 - No mode defined for component null
2025-07-30 12:55:46,798 [WARN] ModelIntegratedComponent:63 - No mode defined for component null
2025-07-30 12:55:46,798 [WARN] ModelIntegratedComponent:63 - No mode defined for component null
2025-07-30 12:55:46,798 [WARN] ModelIntegratedComponent:63 - No mode defined for component null
2025-07-30 12:55:46,798 [WARN] ModelIntegratedComponent:63 - No mode defined for component null
2025-07-30 12:55:46,798 [WARN] ModelIntegratedComponent:63 - No mode defined for component null
2025-07-30 12:55:46,798 [WARN] ModelIntegratedComponent:63 - No mode defined for component null
2025-07-30 12:55:46,799 [WARN] ModelIntegratedComponent:63 - No mode defined for component null
2025-07-30 12:55:46,799 [WARN] ModelIntegratedComponent:63 - No mode defined for component null
2025-07-30 12:55:46,799 [WARN] ModelIntegratedComponent:63 - No mode defined for component null
2025-07-30 12:55:46,799 [WARN] ModelIntegratedComponent:63 - No mode defined for component null
2025-07-30 12:55:46,799 [WARN] ModelIntegratedComponent:63 - No mode defined for component null
2025-07-30 12:55:46,799 [WARN] ModelIntegratedComponent:63 - No mode defined for component null
2025-07-30 12:55:46,799 [WARN] ModelIntegratedComponent:63 - No mode defined for component null
2025-07-30 12:55:46,799 [WARN] ModelIntegratedComponent:63 - No mode defined for component null
2025-07-30 12:55:46,799 [WARN] ModelIntegratedComponent:63 - No mode defined for component null
2025-07-30 12:55:46,799 [WARN] ModelIntegratedComponent:63 - No mode defined for component null
2025-07-30 12:55:46,799 [WARN] ModelIntegratedComponent:63 - No mode defined for component null
2025-07-30 12:55:46,799 [WARN] ModelIntegratedComponent:63 - No mode defined for component null
2025-07-30 12:55:46,799 [WARN] ModelIntegratedComponent:63 - No mode defined for component null
2025-07-30 12:55:46,799 [WARN] ModelIntegratedComponent:63 - No mode defined for component null
2025-07-30 12:55:46,799 [WARN] ModelIntegratedComponent:63 - No mode defined for component null
2025-07-30 12:55:46,799 [WARN] ModelIntegratedComponent:63 - No mode defined for component null
2025-07-30 12:55:46,799 [WARN] ModelIntegratedComponent:63 - No mode defined for component null
2025-07-30 12:55:46,799 [WARN] ModelIntegratedComponent:63 - No mode defined for component null
2025-07-30 12:55:46,799 [WARN] ModelIntegratedComponent:63 - No mode defined for component null
2025-07-30 12:55:46,800 [WARN] ModelIntegratedComponent:63 - No mode defined for component null
2025-07-30 12:55:46,800 [WARN] ModelIntegratedComponent:63 - No mode defined for component null
2025-07-30 12:55:46,800 [WARN] ModelIntegratedComponent:63 - No mode defined for component null
2025-07-30 12:55:46,800 [WARN] ModelIntegratedComponent:63 - No mode defined for component null
2025-07-30 12:55:46,800 [WARN] ModelIntegratedComponent:63 - No mode defined for component null
2025-07-30 12:55:46,800 [WARN] ModelIntegratedComponent:63 - No mode defined for component null
2025-07-30 12:55:46,800 [WARN] ModelIntegratedComponent:63 - No mode defined for component null
2025-07-30 12:55:46,800 [WARN] ModelIntegratedComponent:63 - No mode defined for component null
2025-07-30 12:55:46,800 [WARN] ModelPack:524 - Component already loaded: STMicroelectronics:HAL Drivers:0.0.0:STMicroelectronics:Device:STMicro_Driver:XSPI:HAL::0.0.1:HAL_XSPI
2025-07-30 12:55:46,892 [INFO] ThirdPartyModel:298 - Start build external matchings
2025-07-30 12:55:47,387 [INFO] ThirdPartyModel:316 - End build external matchings
2025-07-30 12:55:47,411 [INFO] ThirdPartyModel:298 - Start build external matchings
2025-07-30 12:55:47,911 [INFO] ThirdPartyModel:316 - End build external matchings
2025-07-30 12:55:47,923 [INFO] RtosManager:1018 - Current active RTOS is FREERTOS_M7 [CortexM7]
2025-07-30 12:55:48,170 [INFO] ApiDb:581 - Connected to CubeFinder SQLite database (C:\Users\nicks\.stmcufinder\plugins\mcufinder\mcu\cube-finder-db.db)
2025-07-30 12:55:48,263 [INFO] ApiDb:668 - CubeFinder database Data Model version=2.1
2025-07-30 12:55:48,264 [INFO] ApiDb:669 - CubeFinder database Configuration version=3.0.39
2025-07-30 12:55:48,264 [INFO] ApiDb:670 - CubeFinder database generation date=2025-07-18 (1752785937)
2025-07-30 12:55:48,264 [INFO] ApiDb:671 - CubeFinder database FW Pack versions=[FP-ATR-ASTRA1_V2.0.0, FP-SNS-FLIGHT1_V5.1.0, FP-SNS-MOTENV1_V5.0.0, FP-SNS-MOTENVWB1_V1.4.0, FP-SNS-SMARTAG2_V1.2.0, FP-SNS-STBOX1_V2.0.0, STM32Cube_FW_C0_V1.4.0, STM32Cube_FW_F4_V1.28.2, STM32Cube_FW_F7_V1.17.3, STM32Cube_FW_G0_V1.6.2, STM32Cube_FW_G4_V1.6.1, STM32Cube_FW_H5_V1.5.0, STM32Cube_FW_H7RS_V1.2.0, STM32Cube_FW_H7_V1.12.1, STM32Cube_FW_L0_V1.12.2, STM32Cube_FW_L4_V1.18.1, STM32Cube_FW_L5_V1.5.1, STM32Cube_FW_N6_V1.2.0, STM32Cube_FW_U0_V1.3.0, STM32Cube_FW_U3_V1.2.0, STM32Cube_FW_U5_V1.8.0, STM32Cube_FW_WB0_V1.3.0, STM32Cube_FW_WBA_V1.7.0, STM32Cube_FW_WB_V1.23.0, STM32Cube_FW_WL3_V1.2.0, STM32Cube_FW_WL_V1.3.1, X-CUBE-ALGOBUILD_V1.4.0, X-CUBE-ALS_V1.0.2, X-CUBE-AZRTOS-F4_V1.1.0, X-CUBE-AZRTOS-F7_V1.1.0, X-CUBE-AZRTOS-G0_V1.1.0, X-CUBE-AZRTOS-G4_V2.0.0, X-CUBE-AZRTOS-H7RS_V1.1.0, X-CUBE-AZRTOS-H7_V3.3.0, X-CUBE-AZRTOS-L4_V2.0.0, X-CUBE-AZRTOS-L5_V2.0.0, X-CUBE-AZRTOS-WB_V2.0.0, X-CUBE-AZRTOS-WL_V2.0.0, X-CUBE-BLE1_V7.1.0, X-CUBE-BLE2_V3.3.0, X-CUBE-BLEMGR_V4.0.0, X-CUBE-EEPRMA1_V5.1.0, X-CUBE-FREERTOS_V1.3.1, X-CUBE-GNSS1_V6.0.0, X-CUBE-MEMS1_V11.3.0, X-CUBE-NFC4_V3.0.0, X-CUBE-NFC7_V2.0.0, X-CUBE-SFXS2LP1_V4.0.0, X-CUBE-SUBG2_V5.0.0, X-CUBE-TOF1_V3.4.3]
2025-07-30 12:55:48,372 [INFO] DbBoardsSqlite:226 - include board P-NUCLEO-WB55-NUCLEO as a kit item of type 'Nucleo-64'
2025-07-30 12:55:48,372 [INFO] DbBoardsSqlite:226 - include board P-NUCLEO-WB55-USBDONGLE as a kit item of type 'Nucleo USB Dongle'
2025-07-30 12:55:48,373 [INFO] DbBoardsSqlite:226 - include board STEVAL-IDP005V1 as a kit item of type 'Evaluation Board'
2025-07-30 12:55:48,374 [INFO] DbBoardsSqlite:226 - include board STEVAL-IDP005V2 as a kit item of type 'Evaluation Board'
2025-07-30 12:55:48,859 [INFO] ApiDb:240 - Found 880 in-development CPN: [B-G473E-ZEST1S, B-WB1M-WPAN1, B-WBA5M-WPAN, B-WL5M-SUBG1, NUCLEO-C031C6, NUCLEO-C051C8, NUCLEO-C071RB, NUCLEO-C092RC, NUCLEO-H503RB, NUCLEO-H533RE, NUCLEO-H563ZI, NUCLEO-H7S3L8, NUCLEO-N657X0-Q, NUCLEO-U031R8, NUCLEO-U083RC, NUCLEO-U385RG-Q, NUCLEO-U545RE-Q, NUCLEO-U5A5ZJ-Q, NUCLEO-WB05KZ, NUCLEO-WB07CC, NUCLEO-WB09KE, NUCLEO-WBA52CG, NUCLEO-WBA55CG, NUCLEO-WL33CC1, NUCLEO-WL33CC2, STEVAL-PROTEUS1, STEVAL-SMARTAG2, STEVAL-STWINBX1, STM320518-EVAL, STM32C0116-DK, STM32C011D6Y3TR, STM32C011D6Y6TR, STM32C011F4P3, STM32C011F4P6, STM32C011F4U3, STM32C011F4U6TR, STM32C011F6P3, STM32C011F6P6, STM32C011F6U3, STM32C011F6U6TR, STM32C011J4M3, STM32C011J4M6, STM32C011J6M3, STM32C011J6M6, STM32C0316-DK, STM32C031C4T3, STM32C031C4T6, STM32C031C4U3, STM32C031C4U6, STM32C031C6T3, STM32C031C6T6, STM32C031C6U3, STM32C031C6U6, STM32C031F4P3, STM32C031F4P6, STM32C031F6P3, STM32C031F6P6, STM32C031G4U3, STM32C031G4U6, STM32C031G6U3, STM32C031G6U6, STM32C031K4T3, STM32C031K4T6, STM32C031K4U3, STM32C031K4U6, STM32C031K6T3, STM32C031K6T6, STM32C031K6U3, STM32C031K6U6, STM32C051C6T6, STM32C051C6U6, STM32C051C8T6, STM32C051C8U6, STM32C051D8Y6TR, STM32C051F6P6, STM32C051F8P6, STM32C051G6U6, STM32C051G8U6, STM32C051K6T6, STM32C051K6U6, STM32C051K8T6, STM32C071C8T6, STM32C071C8T6N, STM32C071C8U6, STM32C071C8U6N, STM32C071CBT6, STM32C071CBT6N, STM32C071CBU6, STM32C071CBU6N, STM32C071F8P6, STM32C071F8P6N, STM32C071FBP6, STM32C071FBP6N, STM32C071FBY6TR, STM32C071G8U6, STM32C071G8U6N, STM32C071GBU6, STM32C071GBU6N, STM32C071K8T6, STM32C071K8T6N, STM32C071K8U6, STM32C071K8U6N, STM32C071KBT6, STM32C071KBT6N, STM32C071KBU6, STM32C071KBU6N, STM32C071R8T6, STM32C071R8T6N, STM32C071RBI6N, STM32C071RBT6, STM32C071RBT6N, STM32C091CBT6, STM32C091CBU6, STM32C091CCT6, STM32C091CCU6, STM32C091ECY6TR, STM32C091FBP6, STM32C091FCP6, STM32C091GBU6, STM32C091GCU6, STM32C091KBT6, STM32C091KBU6, STM32C091KCT6, STM32C091KCU6, STM32C091RBT6, STM32C091RCI6, STM32C091RCT6, STM32C092CBT6, STM32C092CBU6, STM32C092CCT6, STM32C092CCU6, STM32C092ECY6TR, STM32C092FBP6, STM32C092FCP6, STM32C092GBU6, STM32C092GCU6, STM32C092KBT6, STM32C092KBU6, STM32C092KCT6, STM32C092KCU6, STM32C092RBT6, STM32C092RCI6, STM32C092RCT6, STM32G071K8TXN, STM32G071K8UXN, STM32G081GBU6N, STM32G081KBT6N, STM32G081KBUXN, STM32G0B1CCT6N, STM32G0B1KCT6, STM32G0B1NEY6TR, STM32G0B1RCT6N, STM32G0C1CCT6, STM32G0C1CCT6N, STM32G0C1CCU6N, STM32G0C1CET6N, STM32G0C1CEU6N, STM32G0C1KCT6, STM32G0C1NEY6TR, STM32G0C1RCI6N, STM32G0C1RCT6N, STM32G0C1REI6N, STM32G0C1RET6N, STM32G0C1VCI6, STM32G0C1VEI6, STM32G411C6T3, STM32G411C6T6, STM32G411C6U3, STM32G411C6U6, STM32G411C8T3, STM32G411C8T6, STM32G411C8U3, STM32G411C8U6, STM32G411CBT3, STM32G411CBT6, STM32G411CBU3, STM32G411CBU6, STM32G411K6T3, STM32G411K6T6, STM32G411K6U3, STM32G411K6U6, STM32G411K8T3, STM32G411K8T6, STM32G411K8U3, STM32G411K8U6, STM32G411KBT3, STM32G411KBT6, STM32G411KBU3, STM32G411KBU6, STM32G411M6T3, STM32G411M6T6, STM32G411M8T3, STM32G411M8T6, STM32G411MBT3, STM32G411MBT6, STM32G411R6T3, STM32G411R6T6, STM32G411R8T3, STM32G411R8T6, STM32G411RBT3, STM32G411RBT6, STM32G414CBT3, STM32G414CBT6, STM32G414CBU3, STM32G414CBU6, STM32G414CCT3, STM32G414CCT6, STM32G414CCU3, STM32G414CCU6, STM32G414MBT3, STM32G414MBT6, STM32G414MCT3, STM32G414MCT6, STM32G414RBT3, STM32G414RBT6, STM32G414RCT3, STM32G414RCT6, STM32G414VBT3, STM32G414VBT6, STM32G414VCT3, STM32G414VCT6, STM32G431CBT3Z, STM32G431RBT3Z, STM32G471CCT6, STM32G471CCU6, STM32G471CET3, STM32G471CET6, STM32G471CEU3, STM32G471CEU6, STM32G471MCT6, STM32G471MET3, STM32G471MET6, STM32G471MEY6TR, STM32G471QCT6, STM32G471QET3, STM32G471RCT6, STM32G471RET3, STM32G471RET6, STM32G471VCH6, STM32G471VCI6, STM32G471VCT6, STM32G471VEH3, STM32G471VEH6, STM32G471VEI3, STM32G471VEI6, STM32G471VET3, STM32G471VET6, STM32G473QET3Z, STM32G473RET3Z, STM32G474CCT6, STM32G491RET3Z, STM32H503CBT6, STM32H503CBU6, STM32H503EBY6TR, STM32H503KBU6, STM32H503RBT6, STM32H523CCT6, STM32H523CCU6, STM32H523CET6, STM32H523CEU6, STM32H523HEY6TR, STM32H523RCT6, STM32H523RET6, STM32H523VCI6, STM32H523VCT6, STM32H523VEI6, STM32H523VET6, STM32H523ZCJ6, STM32H523ZCT6, STM32H523ZEJ6, STM32H523ZET6, STM32H533CET6, STM32H533CEU6, STM32H533HEY6TR, STM32H533RET6, STM32H533VEI6, STM32H533VET6, STM32H533ZEJ6, STM32H533ZET6, STM32H562AGI6, STM32H562AII6, STM32H562IGK6, STM32H562IGT6, STM32H562IIK6, STM32H562IIT6, STM32H562RGT6, STM32H562RGV6, STM32H562RIT6, STM32H562RIV6, STM32H562VGT6, STM32H562VIT6, STM32H562ZGT6, STM32H562ZIT6, STM32H563AGI6, STM32H563AII3Q, STM32H563AII6, STM32H563IGK6, STM32H563IGT6, STM32H563IIK3Q, STM32H563IIK6, STM32H563IIT3Q, STM32H563IIT6, STM32H563MIY3QTR, STM32H563RGT6, STM32H563RGV6, STM32H563RIT6, STM32H563RIV6, STM32H563VGT6, STM32H563VIT3Q, STM32H563VIT6, STM32H563ZGT6, STM32H563ZIT3Q, STM32H563ZIT6, STM32H573AII3Q, STM32H573AII6, STM32H573I-DK, STM32H573IIK3Q, STM32H573IIK6, STM32H573IIT3Q, STM32H573IIT6, STM32H573MIY3QTR, STM32H573RIT6, STM32H573RIV6, STM32H573VIT3Q, STM32H573VIT6, STM32H573ZIT3Q, STM32H573ZIT6, STM32H7R3A8I6, STM32H7R3I8K6, STM32H7R3I8T6, STM32H7R3L8H6, STM32H7R3L8H6H, STM32H7R3R8V6, STM32H7R3V8H6, STM32H7R3V8T6, STM32H7R3V8Y6TR, STM32H7R3Z8J6, STM32H7R3Z8T6, STM32H7R7A8I6, STM32H7R7I8K6, STM32H7R7I8T6, STM32H7R7L8H6, STM32H7R7L8H6H, STM32H7R7Z8J6, STM32H7S3A8I6, STM32H7S3I8K6, STM32H7S3I8T6, STM32H7S3L8H6, STM32H7S3L8H6H, STM32H7S3R8V6, STM32H7S3V8H6, STM32H7S3V8T6, STM32H7S3V8Y6TR, STM32H7S3Z8J6, STM32H7S3Z8T6, STM32H7S78-DK, STM32H7S7A8I6, STM32H7S7I8K6, STM32H7S7I8T6, STM32H7S7L8H6, STM32H7S7L8H6H, STM32H7S7Z8J6, STM32L4R5QGI6STR, STM32MP131AAE3, STM32MP131AAF3, STM32MP131AAG3, STM32MP131CAE3, STM32MP131CAF3, STM32MP131CAG3, STM32MP131DAE7, STM32MP131DAF7, STM32MP131DAG7, STM32MP131FAE7, STM32MP131FAF7, STM32MP131FAG7, STM32MP133AAE3, STM32MP133AAF3, STM32MP133AAG3, STM32MP133CAE3, STM32MP133CAF3, STM32MP133CAG3, STM32MP133DAE7, STM32MP133DAF7, STM32MP133DAG7, STM32MP133FAE7, STM32MP133FAF7, STM32MP133FAG7, STM32MP135AAE3, STM32MP135AAF3, STM32MP135AAG3, STM32MP135CAE3, STM32MP135CAF3, STM32MP135CAG3, STM32MP135DAE7, STM32MP135DAF7, STM32MP135DAG7, STM32MP135F-DK, STM32MP135FAE7, STM32MP135FAF7, STM32MP135FAF7T, STM32MP135FAF7U, STM32MP135FAG7, STM32MP211AAL3, STM32MP211AAM3, STM32MP211AAN3, STM32MP211AAO3, STM32MP211CAL3, STM32MP211CAM3, STM32MP211CAN3, STM32MP211CAO3, STM32MP211DAL3, STM32MP211DAM3, STM32MP211DAN3, STM32MP211DAO3, STM32MP211FAL3, STM32MP211FAM3, STM32MP211FAN3, STM32MP211FAO3, STM32MP213AAL3, STM32MP213AAM3, STM32MP213AAN3, STM32MP213AAO3, STM32MP213CAL3, STM32MP213CAM3, STM32MP213CAN3, STM32MP213CAO3, STM32MP213DAL3, STM32MP213DAM3, STM32MP213DAN3, STM32MP213DAO3, STM32MP213FAL3, STM32MP213FAM3, STM32MP213FAN3, STM32MP213FAO3, STM32MP215AAL3, STM32MP215AAM3, STM32MP215AAN3, STM32MP215AAO3, STM32MP215CAL3, STM32MP215CAM3, STM32MP215CAN3, STM32MP215CAO3, STM32MP215DAL3, STM32MP215DAM3, STM32MP215DAN3, STM32MP215DAO3, STM32MP215F-DK, STM32MP215FAL3, STM32MP215FAM3, STM32MP215FAN3, STM32MP215FAO3, STM32MP231AAJ3, STM32MP231AAK3, STM32MP231AAL3, STM32MP231CAJ3, STM32MP231CAK3, STM32MP231CAL3, STM32MP231DAJ3, STM32MP231DAK3, STM32MP231DAL3, STM32MP231FAJ3, STM32MP231FAK3, STM32MP231FAL3, STM32MP233AAJ3, STM32MP233AAK3, STM32MP233AAL3, STM32MP233CAJ3, STM32MP233CAK3, STM32MP233CAL3, STM32MP233DAJ3, STM32MP233DAK3, STM32MP233DAL3, STM32MP233FAJ3, STM32MP233FAK3, STM32MP233FAL3, STM32MP235AAJ3, STM32MP235AAK3, STM32MP235AAL3, STM32MP235CAJ3, STM32MP235CAK3, STM32MP235CAL3, STM32MP235DAJ3, STM32MP235DAK3, STM32MP235DAL3, STM32MP235FAJ3, STM32MP235FAK3, STM32MP235FAL3, STM32MP251AAI3, STM32MP251AAK3, STM32MP251AAL3, STM32MP251CAI3, STM32MP251CAK3, STM32MP251CAL3, STM32MP251DAI3, STM32MP251DAK3, STM32MP251DAL3, STM32MP251FAI3, STM32MP251FAK3, STM32MP251FAL3, STM32MP253AAI3, STM32MP253AAK3, STM32MP253AAL3, STM32MP253CAI3, STM32MP253CAK3, STM32MP253CAL3, STM32MP253DAI3, STM32MP253DAK3, STM32MP253DAL3, STM32MP253FAI3, STM32MP253FAK3, STM32MP253FAL3, STM32MP255AAI3, STM32MP255AAK3, STM32MP255AAL3, STM32MP255CAI3, STM32MP255CAK3, STM32MP255CAL3, STM32MP255DAI3, STM32MP255DAK3, STM32MP255DAL3, STM32MP255FAI3, STM32MP255FAK3, STM32MP255FAL3, STM32MP257AAI3, STM32MP257AAK3, STM32MP257AAL3, STM32MP257CAI3, STM32MP257CAK3, STM32MP257CAL3, STM32MP257DAI3, STM32MP257DAK3, STM32MP257DAL3, STM32MP257F-DK, STM32MP257F-EV1, STM32MP257FAI3, STM32MP257FAK3, STM32MP257FAL3, STM32N645A0H3Q, STM32N645B0H3Q, STM32N645I0H3Q, STM32N645L0H3Q, STM32N645X0H3Q, STM32N645Z0H3Q, STM32N647A0H3Q, STM32N647B0H3Q, STM32N647I0H3Q, STM32N647L0H3Q, STM32N647X0H3Q, STM32N647Z0H3Q, STM32N655A0H3Q, STM32N655B0H3Q, STM32N655I0H3Q, STM32N655L0H3Q, STM32N655X0H3Q, STM32N655Z0H3Q, STM32N6570-DK, STM32N657A0H3Q, STM32N657B0H3Q, STM32N657I0H3Q, STM32N657L0H3Q, STM32N657X0H3Q, STM32N657Z0H3Q, STM32U031C6T6, STM32U031C6U6, STM32U031C8T6, STM32U031C8U6, STM32U031F4P6, STM32U031F6P6, STM32U031F8P6, STM32U031G6Y6TR, STM32U031G8Y6TR, STM32U031K4U6, STM32U031K6U6, STM32U031K8U6, STM32U031R6I6, STM32U031R6T6, STM32U031R8I6, STM32U031R8T6, STM32U073C8T6, STM32U073C8U6, STM32U073CBT6, STM32U073CBU6, STM32U073CCT6, STM32U073CCU6, STM32U073H8Y6TR, STM32U073HBY6TR, STM32U073HCY6TR, STM32U073K8U6, STM32U073KBU6, STM32U073KCU6, STM32U073M8I6, STM32U073M8T6, STM32U073MBI6, STM32U073MBT6, STM32U073MCI6, STM32U073MCT6, STM32U073R8I6, STM32U073R8T6, STM32U073RBI6, STM32U073RBT6, STM32U073RCI6, STM32U073RCT6, STM32U083C-DK, STM32U083CCT6, STM32U083CCU6, STM32U083HCY6TR, STM32U083KCU6, STM32U083MCI6, STM32U083MCT6, STM32U083RCI6, STM32U083RCT6, STM32U375CET6, STM32U375CET6Q, STM32U375CEU6, STM32U375CEU6Q, STM32U375CEY6QTR, STM32U375CGT6, STM32U375CGT6Q, STM32U375CGU6, STM32U375CGU6Q, STM32U375CGY6QTR, STM32U375KEU6, STM32U375KGU6, STM32U375REI6, STM32U375REI6Q, STM32U375RET6, STM32U375RET6Q, STM32U375REY6GTR, STM32U375REY6QTR, STM32U375RGI6, STM32U375RGI6Q, STM32U375RGT6, STM32U375RGT6Q, STM32U375RGY6GTR, STM32U375RGY6QTR, STM32U375VEI6, STM32U375VEI6Q, STM32U375VET6, STM32U375VET6Q, STM32U375VGI6, STM32U375VGI6Q, STM32U375VGT6, STM32U375VGT6Q, STM32U385CGT6, STM32U385CGT6Q, STM32U385CGU6, STM32U385CGU6Q, STM32U385CGY6QTR, STM32U385KGU6, STM32U385RGI6, STM32U385RGI6Q, STM32U385RGT6, STM32U385RGT6Q, STM32U385RGY6GTR, STM32U385RGY6QTR, STM32U385VGI6, STM32U385VGI6Q, STM32U385VGT6, STM32U385VGT6Q, STM32U535CBT6, STM32U535CBT6Q, STM32U535CBU6, STM32U535CBU6Q, STM32U535CCT6, STM32U535CCT6Q, STM32U535CCU6, STM32U535CCU6Q, STM32U535CET6, STM32U535CET6Q, STM32U535CEU6, STM32U535CEU6Q, STM32U535JEY6QTR, STM32U535NCY6QTR, STM32U535NEY6QTR, STM32U535RBI6, STM32U535RBI6Q, STM32U535RBT6, STM32U535RBT6Q, STM32U535RCI6, STM32U535RCI6Q, STM32U535RCT6, STM32U535RCT6Q, STM32U535REI6, STM32U535REI6Q, STM32U535RET6, STM32U535RET6Q, STM32U535VCI6, STM32U535VCI6Q, STM32U535VCT6, STM32U535VCT6Q, STM32U535VEI6, STM32U535VEI6Q, STM32U535VET6, STM32U535VET6Q, STM32U545CET6, STM32U545CET6Q, STM32U545CEU6, STM32U545CEU6Q, STM32U545JEY6QTR, STM32U545NEY6QTR, STM32U545REI6, STM32U545REI6Q, STM32U545RET6, STM32U545RET6Q, STM32U545VEI6, STM32U545VEI6Q, STM32U545VET6, STM32U545VET6Q, STM32U595AIH6, STM32U595AIH6Q, STM32U595AJH6, STM32U595AJH6Q, STM32U595QII6, STM32U595QII6Q, STM32U595QJI6, STM32U595QJI6Q, STM32U595RIT6, STM32U595RIT6Q, STM32U595RJT6, STM32U595RJT6Q, STM32U595VIT6, STM32U595VIT6Q, STM32U595VJT6, STM32U595VJT6Q, STM32U595ZIT6, STM32U595ZIT6Q, STM32U595ZIY6QTR, STM32U595ZJT6, STM32U595ZJT6Q, STM32U595ZJY6QTR, STM32U599BJY6QTR, STM32U599NIH6Q, STM32U599NJH6Q, STM32U599VIT6Q, STM32U599VJT6, STM32U599VJT6Q, STM32U599ZIT6Q, STM32U599ZIY6QTR, STM32U599ZJT6Q, STM32U599ZJY6QTR, STM32U5A5AJH6, STM32U5A5AJH6Q, STM32U5A5QII3Q , STM32U5A5QJI6, STM32U5A5QJI6Q, STM32U5A5RJT6, STM32U5A5RJT6Q, STM32U5A5VJT6, STM32U5A5VJT6Q, STM32U5A5ZJT6, STM32U5A5ZJT6Q, STM32U5A5ZJY6QTR, STM32U5A9BJY6QTR, STM32U5A9J-DK, STM32U5A9NJH6Q, STM32U5A9VJT6Q, STM32U5A9ZJT6Q, STM32U5A9ZJY6QTR, STM32U5F7VIT6, STM32U5F7VIT6Q, STM32U5F7VJT6, STM32U5F7VJT6Q, STM32U5F9BJY6QTR, STM32U5F9NJH6Q, STM32U5F9VIT6Q, STM32U5F9VJT6Q, STM32U5F9ZIJ6QTR, STM32U5F9ZIT6Q, STM32U5F9ZJJ6QTR, STM32U5F9ZJT6Q, STM32U5G7VJT6, STM32U5G7VJT6Q, STM32U5G9BJY6QTR, STM32U5G9J-DK1, STM32U5G9J-DK2, STM32U5G9NJH6Q, STM32U5G9VJT6Q, STM32U5G9ZJJ6QTR, STM32U5G9ZJT6Q, STM32WB05KZV6TR, STM32WB05KZV7TR, STM32WB05TZF6TR, STM32WB05TZF7TR, STM32WB06CCF6TR, STM32WB06CCF7TR, STM32WB06CCV6TR, STM32WB06CCV7TR, STM32WB06KCV6TR, STM32WB06KCV7TR, STM32WB07CCF6TR, STM32WB07CCF7TR, STM32WB07CCV6TR, STM32WB07CCV7TR, STM32WB07KCV6TR, STM32WB07KCV7TR, STM32WB09KEV6TR, STM32WB09KEV7TR, STM32WB09TEF6TR, STM32WB09TEF7TR, STM32WB1MMCH6, STM32WBA50KGU6, STM32WBA50KGU6TR, STM32WBA52CEU6, STM32WBA52CEU6TR, STM32WBA52CEU7, STM32WBA52CEU7TR, STM32WBA52CGU6, STM32WBA52CGU6TR, STM32WBA52CGU6U, STM32WBA52CGU7, STM32WBA52CGU7TR, STM32WBA52KEU6, STM32WBA52KEU6TR, STM32WBA52KGU6, STM32WBA52KGU6TR, STM32WBA54CEU6, STM32WBA54CEU6TR, STM32WBA54CEU7, STM32WBA54CEU7TR, STM32WBA54CGU6, STM32WBA54CGU6TR, STM32WBA54CGU7, STM32WBA54CGU7TR, STM32WBA54KEU6, STM32WBA54KEU6TR, STM32WBA54KEU7, STM32WBA54KEU7TR, STM32WBA54KGU6, STM32WBA54KGU6TR, STM32WBA54KGU7, STM32WBA54KGU7TR, STM32WBA55CEU6, STM32WBA55CEU6TR, STM32WBA55CEU7, STM32WBA55CEU7TR, STM32WBA55CGU6, STM32WBA55CGU6TR, STM32WBA55CGU6U, STM32WBA55CGU7, STM32WBA55CGU7TR, STM32WBA55G-DK1, STM32WBA55HEF6, STM32WBA55HEF7, STM32WBA55HGF6, STM32WBA55HGF7, STM32WBA55UEI6, STM32WBA55UEI6TR, STM32WBA55UEI7, STM32WBA55UEI7TR, STM32WBA55UGI6, STM32WBA55UGI6TR, STM32WBA55UGI7, STM32WBA55UGI7TR, STM32WBA5MMGH6TR, STM32WBA62MGF6, STM32WBA62MIF6, STM32WBA65MGF7, STM32WBA65MIF6, STM32WBA65MIF7, STM32WL30K8V6, STM32WL30KBV6, STM32WL31C8V6, STM32WL31CBV6, STM32WL31K8V6, STM32WL31KBV6, STM32WL33C8V6, STM32WL33C8V6X, STM32WL33CBV6, STM32WL33CBV6X, STM32WL33CCV6, STM32WL33CCV6A, STM32WL33CCV6X, STM32WL33K8V7, STM32WL33K8V7X, STM32WL33KBV7 , STM32WL33KBV7X, STM32WL33KCV7, STM32WL33KCV7X, STM32WL5MOCH6, STM32WL5MOCH6TR]
2025-07-30 12:55:49,049 [INFO] BoardInfo:889 - No configuration file found for board P-NUCLEO-WB55
2025-07-30 12:55:49,050 [INFO] DbBoards:161 - Kit is not supported: P-NUCLEO-WB55
2025-07-30 12:55:49,056 [INFO] BoardInfo:889 - No configuration file found for board STEVAL-BFA001V1B
2025-07-30 12:55:49,057 [INFO] DbBoards:161 - Kit is not supported: STEVAL-BFA001V1B
2025-07-30 12:55:49,058 [INFO] BoardInfo:889 - No configuration file found for board STEVAL-BFA001V2B
2025-07-30 12:55:49,059 [INFO] DbBoards:161 - Kit is not supported: STEVAL-BFA001V2B
2025-07-30 12:55:49,259 [INFO] DbBoards:168 - Found 212 boards, 209 are supported
2025-07-30 12:55:49,259 [INFO] DbBoards:169 - Found 212 boards, 43 of them is supported for  Bsp
2025-07-30 12:55:49,262 [INFO] ApiDb:668 - CubeFinder database Data Model version=2.1
2025-07-30 12:55:49,262 [INFO] ApiDb:669 - CubeFinder database Configuration version=3.0.39
2025-07-30 12:55:49,262 [INFO] ApiDb:670 - CubeFinder database generation date=2025-07-18 (1752785937)
2025-07-30 12:55:49,262 [INFO] ApiDb:671 - CubeFinder database FW Pack versions=[FP-ATR-ASTRA1_V2.0.0, FP-SNS-FLIGHT1_V5.1.0, FP-SNS-MOTENV1_V5.0.0, FP-SNS-MOTENVWB1_V1.4.0, FP-SNS-SMARTAG2_V1.2.0, FP-SNS-STBOX1_V2.0.0, STM32Cube_FW_C0_V1.4.0, STM32Cube_FW_F4_V1.28.2, STM32Cube_FW_F7_V1.17.3, STM32Cube_FW_G0_V1.6.2, STM32Cube_FW_G4_V1.6.1, STM32Cube_FW_H5_V1.5.0, STM32Cube_FW_H7RS_V1.2.0, STM32Cube_FW_H7_V1.12.1, STM32Cube_FW_L0_V1.12.2, STM32Cube_FW_L4_V1.18.1, STM32Cube_FW_L5_V1.5.1, STM32Cube_FW_N6_V1.2.0, STM32Cube_FW_U0_V1.3.0, STM32Cube_FW_U3_V1.2.0, STM32Cube_FW_U5_V1.8.0, STM32Cube_FW_WB0_V1.3.0, STM32Cube_FW_WBA_V1.7.0, STM32Cube_FW_WB_V1.23.0, STM32Cube_FW_WL3_V1.2.0, STM32Cube_FW_WL_V1.3.1, X-CUBE-ALGOBUILD_V1.4.0, X-CUBE-ALS_V1.0.2, X-CUBE-AZRTOS-F4_V1.1.0, X-CUBE-AZRTOS-F7_V1.1.0, X-CUBE-AZRTOS-G0_V1.1.0, X-CUBE-AZRTOS-G4_V2.0.0, X-CUBE-AZRTOS-H7RS_V1.1.0, X-CUBE-AZRTOS-H7_V3.3.0, X-CUBE-AZRTOS-L4_V2.0.0, X-CUBE-AZRTOS-L5_V2.0.0, X-CUBE-AZRTOS-WB_V2.0.0, X-CUBE-AZRTOS-WL_V2.0.0, X-CUBE-BLE1_V7.1.0, X-CUBE-BLE2_V3.3.0, X-CUBE-BLEMGR_V4.0.0, X-CUBE-EEPRMA1_V5.1.0, X-CUBE-FREERTOS_V1.3.1, X-CUBE-GNSS1_V6.0.0, X-CUBE-MEMS1_V11.3.0, X-CUBE-NFC4_V3.0.0, X-CUBE-NFC7_V2.0.0, X-CUBE-SFXS2LP1_V4.0.0, X-CUBE-SUBG2_V5.0.0, X-CUBE-TOF1_V3.4.3]
2025-07-30 12:55:50,954 [INFO] ApiDb:240 - Found 880 in-development CPN: [B-G473E-ZEST1S, B-WB1M-WPAN1, B-WBA5M-WPAN, B-WL5M-SUBG1, NUCLEO-C031C6, NUCLEO-C051C8, NUCLEO-C071RB, NUCLEO-C092RC, NUCLEO-H503RB, NUCLEO-H533RE, NUCLEO-H563ZI, NUCLEO-H7S3L8, NUCLEO-N657X0-Q, NUCLEO-U031R8, NUCLEO-U083RC, NUCLEO-U385RG-Q, NUCLEO-U545RE-Q, NUCLEO-U5A5ZJ-Q, NUCLEO-WB05KZ, NUCLEO-WB07CC, NUCLEO-WB09KE, NUCLEO-WBA52CG, NUCLEO-WBA55CG, NUCLEO-WL33CC1, NUCLEO-WL33CC2, STEVAL-PROTEUS1, STEVAL-SMARTAG2, STEVAL-STWINBX1, STM320518-EVAL, STM32C0116-DK, STM32C011D6Y3TR, STM32C011D6Y6TR, STM32C011F4P3, STM32C011F4P6, STM32C011F4U3, STM32C011F4U6TR, STM32C011F6P3, STM32C011F6P6, STM32C011F6U3, STM32C011F6U6TR, STM32C011J4M3, STM32C011J4M6, STM32C011J6M3, STM32C011J6M6, STM32C0316-DK, STM32C031C4T3, STM32C031C4T6, STM32C031C4U3, STM32C031C4U6, STM32C031C6T3, STM32C031C6T6, STM32C031C6U3, STM32C031C6U6, STM32C031F4P3, STM32C031F4P6, STM32C031F6P3, STM32C031F6P6, STM32C031G4U3, STM32C031G4U6, STM32C031G6U3, STM32C031G6U6, STM32C031K4T3, STM32C031K4T6, STM32C031K4U3, STM32C031K4U6, STM32C031K6T3, STM32C031K6T6, STM32C031K6U3, STM32C031K6U6, STM32C051C6T6, STM32C051C6U6, STM32C051C8T6, STM32C051C8U6, STM32C051D8Y6TR, STM32C051F6P6, STM32C051F8P6, STM32C051G6U6, STM32C051G8U6, STM32C051K6T6, STM32C051K6U6, STM32C051K8T6, STM32C071C8T6, STM32C071C8T6N, STM32C071C8U6, STM32C071C8U6N, STM32C071CBT6, STM32C071CBT6N, STM32C071CBU6, STM32C071CBU6N, STM32C071F8P6, STM32C071F8P6N, STM32C071FBP6, STM32C071FBP6N, STM32C071FBY6TR, STM32C071G8U6, STM32C071G8U6N, STM32C071GBU6, STM32C071GBU6N, STM32C071K8T6, STM32C071K8T6N, STM32C071K8U6, STM32C071K8U6N, STM32C071KBT6, STM32C071KBT6N, STM32C071KBU6, STM32C071KBU6N, STM32C071R8T6, STM32C071R8T6N, STM32C071RBI6N, STM32C071RBT6, STM32C071RBT6N, STM32C091CBT6, STM32C091CBU6, STM32C091CCT6, STM32C091CCU6, STM32C091ECY6TR, STM32C091FBP6, STM32C091FCP6, STM32C091GBU6, STM32C091GCU6, STM32C091KBT6, STM32C091KBU6, STM32C091KCT6, STM32C091KCU6, STM32C091RBT6, STM32C091RCI6, STM32C091RCT6, STM32C092CBT6, STM32C092CBU6, STM32C092CCT6, STM32C092CCU6, STM32C092ECY6TR, STM32C092FBP6, STM32C092FCP6, STM32C092GBU6, STM32C092GCU6, STM32C092KBT6, STM32C092KBU6, STM32C092KCT6, STM32C092KCU6, STM32C092RBT6, STM32C092RCI6, STM32C092RCT6, STM32G071K8TXN, STM32G071K8UXN, STM32G081GBU6N, STM32G081KBT6N, STM32G081KBUXN, STM32G0B1CCT6N, STM32G0B1KCT6, STM32G0B1NEY6TR, STM32G0B1RCT6N, STM32G0C1CCT6, STM32G0C1CCT6N, STM32G0C1CCU6N, STM32G0C1CET6N, STM32G0C1CEU6N, STM32G0C1KCT6, STM32G0C1NEY6TR, STM32G0C1RCI6N, STM32G0C1RCT6N, STM32G0C1REI6N, STM32G0C1RET6N, STM32G0C1VCI6, STM32G0C1VEI6, STM32G411C6T3, STM32G411C6T6, STM32G411C6U3, STM32G411C6U6, STM32G411C8T3, STM32G411C8T6, STM32G411C8U3, STM32G411C8U6, STM32G411CBT3, STM32G411CBT6, STM32G411CBU3, STM32G411CBU6, STM32G411K6T3, STM32G411K6T6, STM32G411K6U3, STM32G411K6U6, STM32G411K8T3, STM32G411K8T6, STM32G411K8U3, STM32G411K8U6, STM32G411KBT3, STM32G411KBT6, STM32G411KBU3, STM32G411KBU6, STM32G411M6T3, STM32G411M6T6, STM32G411M8T3, STM32G411M8T6, STM32G411MBT3, STM32G411MBT6, STM32G411R6T3, STM32G411R6T6, STM32G411R8T3, STM32G411R8T6, STM32G411RBT3, STM32G411RBT6, STM32G414CBT3, STM32G414CBT6, STM32G414CBU3, STM32G414CBU6, STM32G414CCT3, STM32G414CCT6, STM32G414CCU3, STM32G414CCU6, STM32G414MBT3, STM32G414MBT6, STM32G414MCT3, STM32G414MCT6, STM32G414RBT3, STM32G414RBT6, STM32G414RCT3, STM32G414RCT6, STM32G414VBT3, STM32G414VBT6, STM32G414VCT3, STM32G414VCT6, STM32G431CBT3Z, STM32G431RBT3Z, STM32G471CCT6, STM32G471CCU6, STM32G471CET3, STM32G471CET6, STM32G471CEU3, STM32G471CEU6, STM32G471MCT6, STM32G471MET3, STM32G471MET6, STM32G471MEY6TR, STM32G471QCT6, STM32G471QET3, STM32G471RCT6, STM32G471RET3, STM32G471RET6, STM32G471VCH6, STM32G471VCI6, STM32G471VCT6, STM32G471VEH3, STM32G471VEH6, STM32G471VEI3, STM32G471VEI6, STM32G471VET3, STM32G471VET6, STM32G473QET3Z, STM32G473RET3Z, STM32G474CCT6, STM32G491RET3Z, STM32H503CBT6, STM32H503CBU6, STM32H503EBY6TR, STM32H503KBU6, STM32H503RBT6, STM32H523CCT6, STM32H523CCU6, STM32H523CET6, STM32H523CEU6, STM32H523HEY6TR, STM32H523RCT6, STM32H523RET6, STM32H523VCI6, STM32H523VCT6, STM32H523VEI6, STM32H523VET6, STM32H523ZCJ6, STM32H523ZCT6, STM32H523ZEJ6, STM32H523ZET6, STM32H533CET6, STM32H533CEU6, STM32H533HEY6TR, STM32H533RET6, STM32H533VEI6, STM32H533VET6, STM32H533ZEJ6, STM32H533ZET6, STM32H562AGI6, STM32H562AII6, STM32H562IGK6, STM32H562IGT6, STM32H562IIK6, STM32H562IIT6, STM32H562RGT6, STM32H562RGV6, STM32H562RIT6, STM32H562RIV6, STM32H562VGT6, STM32H562VIT6, STM32H562ZGT6, STM32H562ZIT6, STM32H563AGI6, STM32H563AII3Q, STM32H563AII6, STM32H563IGK6, STM32H563IGT6, STM32H563IIK3Q, STM32H563IIK6, STM32H563IIT3Q, STM32H563IIT6, STM32H563MIY3QTR, STM32H563RGT6, STM32H563RGV6, STM32H563RIT6, STM32H563RIV6, STM32H563VGT6, STM32H563VIT3Q, STM32H563VIT6, STM32H563ZGT6, STM32H563ZIT3Q, STM32H563ZIT6, STM32H573AII3Q, STM32H573AII6, STM32H573I-DK, STM32H573IIK3Q, STM32H573IIK6, STM32H573IIT3Q, STM32H573IIT6, STM32H573MIY3QTR, STM32H573RIT6, STM32H573RIV6, STM32H573VIT3Q, STM32H573VIT6, STM32H573ZIT3Q, STM32H573ZIT6, STM32H7R3A8I6, STM32H7R3I8K6, STM32H7R3I8T6, STM32H7R3L8H6, STM32H7R3L8H6H, STM32H7R3R8V6, STM32H7R3V8H6, STM32H7R3V8T6, STM32H7R3V8Y6TR, STM32H7R3Z8J6, STM32H7R3Z8T6, STM32H7R7A8I6, STM32H7R7I8K6, STM32H7R7I8T6, STM32H7R7L8H6, STM32H7R7L8H6H, STM32H7R7Z8J6, STM32H7S3A8I6, STM32H7S3I8K6, STM32H7S3I8T6, STM32H7S3L8H6, STM32H7S3L8H6H, STM32H7S3R8V6, STM32H7S3V8H6, STM32H7S3V8T6, STM32H7S3V8Y6TR, STM32H7S3Z8J6, STM32H7S3Z8T6, STM32H7S78-DK, STM32H7S7A8I6, STM32H7S7I8K6, STM32H7S7I8T6, STM32H7S7L8H6, STM32H7S7L8H6H, STM32H7S7Z8J6, STM32L4R5QGI6STR, STM32MP131AAE3, STM32MP131AAF3, STM32MP131AAG3, STM32MP131CAE3, STM32MP131CAF3, STM32MP131CAG3, STM32MP131DAE7, STM32MP131DAF7, STM32MP131DAG7, STM32MP131FAE7, STM32MP131FAF7, STM32MP131FAG7, STM32MP133AAE3, STM32MP133AAF3, STM32MP133AAG3, STM32MP133CAE3, STM32MP133CAF3, STM32MP133CAG3, STM32MP133DAE7, STM32MP133DAF7, STM32MP133DAG7, STM32MP133FAE7, STM32MP133FAF7, STM32MP133FAG7, STM32MP135AAE3, STM32MP135AAF3, STM32MP135AAG3, STM32MP135CAE3, STM32MP135CAF3, STM32MP135CAG3, STM32MP135DAE7, STM32MP135DAF7, STM32MP135DAG7, STM32MP135F-DK, STM32MP135FAE7, STM32MP135FAF7, STM32MP135FAF7T, STM32MP135FAF7U, STM32MP135FAG7, STM32MP211AAL3, STM32MP211AAM3, STM32MP211AAN3, STM32MP211AAO3, STM32MP211CAL3, STM32MP211CAM3, STM32MP211CAN3, STM32MP211CAO3, STM32MP211DAL3, STM32MP211DAM3, STM32MP211DAN3, STM32MP211DAO3, STM32MP211FAL3, STM32MP211FAM3, STM32MP211FAN3, STM32MP211FAO3, STM32MP213AAL3, STM32MP213AAM3, STM32MP213AAN3, STM32MP213AAO3, STM32MP213CAL3, STM32MP213CAM3, STM32MP213CAN3, STM32MP213CAO3, STM32MP213DAL3, STM32MP213DAM3, STM32MP213DAN3, STM32MP213DAO3, STM32MP213FAL3, STM32MP213FAM3, STM32MP213FAN3, STM32MP213FAO3, STM32MP215AAL3, STM32MP215AAM3, STM32MP215AAN3, STM32MP215AAO3, STM32MP215CAL3, STM32MP215CAM3, STM32MP215CAN3, STM32MP215CAO3, STM32MP215DAL3, STM32MP215DAM3, STM32MP215DAN3, STM32MP215DAO3, STM32MP215F-DK, STM32MP215FAL3, STM32MP215FAM3, STM32MP215FAN3, STM32MP215FAO3, STM32MP231AAJ3, STM32MP231AAK3, STM32MP231AAL3, STM32MP231CAJ3, STM32MP231CAK3, STM32MP231CAL3, STM32MP231DAJ3, STM32MP231DAK3, STM32MP231DAL3, STM32MP231FAJ3, STM32MP231FAK3, STM32MP231FAL3, STM32MP233AAJ3, STM32MP233AAK3, STM32MP233AAL3, STM32MP233CAJ3, STM32MP233CAK3, STM32MP233CAL3, STM32MP233DAJ3, STM32MP233DAK3, STM32MP233DAL3, STM32MP233FAJ3, STM32MP233FAK3, STM32MP233FAL3, STM32MP235AAJ3, STM32MP235AAK3, STM32MP235AAL3, STM32MP235CAJ3, STM32MP235CAK3, STM32MP235CAL3, STM32MP235DAJ3, STM32MP235DAK3, STM32MP235DAL3, STM32MP235FAJ3, STM32MP235FAK3, STM32MP235FAL3, STM32MP251AAI3, STM32MP251AAK3, STM32MP251AAL3, STM32MP251CAI3, STM32MP251CAK3, STM32MP251CAL3, STM32MP251DAI3, STM32MP251DAK3, STM32MP251DAL3, STM32MP251FAI3, STM32MP251FAK3, STM32MP251FAL3, STM32MP253AAI3, STM32MP253AAK3, STM32MP253AAL3, STM32MP253CAI3, STM32MP253CAK3, STM32MP253CAL3, STM32MP253DAI3, STM32MP253DAK3, STM32MP253DAL3, STM32MP253FAI3, STM32MP253FAK3, STM32MP253FAL3, STM32MP255AAI3, STM32MP255AAK3, STM32MP255AAL3, STM32MP255CAI3, STM32MP255CAK3, STM32MP255CAL3, STM32MP255DAI3, STM32MP255DAK3, STM32MP255DAL3, STM32MP255FAI3, STM32MP255FAK3, STM32MP255FAL3, STM32MP257AAI3, STM32MP257AAK3, STM32MP257AAL3, STM32MP257CAI3, STM32MP257CAK3, STM32MP257CAL3, STM32MP257DAI3, STM32MP257DAK3, STM32MP257DAL3, STM32MP257F-DK, STM32MP257F-EV1, STM32MP257FAI3, STM32MP257FAK3, STM32MP257FAL3, STM32N645A0H3Q, STM32N645B0H3Q, STM32N645I0H3Q, STM32N645L0H3Q, STM32N645X0H3Q, STM32N645Z0H3Q, STM32N647A0H3Q, STM32N647B0H3Q, STM32N647I0H3Q, STM32N647L0H3Q, STM32N647X0H3Q, STM32N647Z0H3Q, STM32N655A0H3Q, STM32N655B0H3Q, STM32N655I0H3Q, STM32N655L0H3Q, STM32N655X0H3Q, STM32N655Z0H3Q, STM32N6570-DK, STM32N657A0H3Q, STM32N657B0H3Q, STM32N657I0H3Q, STM32N657L0H3Q, STM32N657X0H3Q, STM32N657Z0H3Q, STM32U031C6T6, STM32U031C6U6, STM32U031C8T6, STM32U031C8U6, STM32U031F4P6, STM32U031F6P6, STM32U031F8P6, STM32U031G6Y6TR, STM32U031G8Y6TR, STM32U031K4U6, STM32U031K6U6, STM32U031K8U6, STM32U031R6I6, STM32U031R6T6, STM32U031R8I6, STM32U031R8T6, STM32U073C8T6, STM32U073C8U6, STM32U073CBT6, STM32U073CBU6, STM32U073CCT6, STM32U073CCU6, STM32U073H8Y6TR, STM32U073HBY6TR, STM32U073HCY6TR, STM32U073K8U6, STM32U073KBU6, STM32U073KCU6, STM32U073M8I6, STM32U073M8T6, STM32U073MBI6, STM32U073MBT6, STM32U073MCI6, STM32U073MCT6, STM32U073R8I6, STM32U073R8T6, STM32U073RBI6, STM32U073RBT6, STM32U073RCI6, STM32U073RCT6, STM32U083C-DK, STM32U083CCT6, STM32U083CCU6, STM32U083HCY6TR, STM32U083KCU6, STM32U083MCI6, STM32U083MCT6, STM32U083RCI6, STM32U083RCT6, STM32U375CET6, STM32U375CET6Q, STM32U375CEU6, STM32U375CEU6Q, STM32U375CEY6QTR, STM32U375CGT6, STM32U375CGT6Q, STM32U375CGU6, STM32U375CGU6Q, STM32U375CGY6QTR, STM32U375KEU6, STM32U375KGU6, STM32U375REI6, STM32U375REI6Q, STM32U375RET6, STM32U375RET6Q, STM32U375REY6GTR, STM32U375REY6QTR, STM32U375RGI6, STM32U375RGI6Q, STM32U375RGT6, STM32U375RGT6Q, STM32U375RGY6GTR, STM32U375RGY6QTR, STM32U375VEI6, STM32U375VEI6Q, STM32U375VET6, STM32U375VET6Q, STM32U375VGI6, STM32U375VGI6Q, STM32U375VGT6, STM32U375VGT6Q, STM32U385CGT6, STM32U385CGT6Q, STM32U385CGU6, STM32U385CGU6Q, STM32U385CGY6QTR, STM32U385KGU6, STM32U385RGI6, STM32U385RGI6Q, STM32U385RGT6, STM32U385RGT6Q, STM32U385RGY6GTR, STM32U385RGY6QTR, STM32U385VGI6, STM32U385VGI6Q, STM32U385VGT6, STM32U385VGT6Q, STM32U535CBT6, STM32U535CBT6Q, STM32U535CBU6, STM32U535CBU6Q, STM32U535CCT6, STM32U535CCT6Q, STM32U535CCU6, STM32U535CCU6Q, STM32U535CET6, STM32U535CET6Q, STM32U535CEU6, STM32U535CEU6Q, STM32U535JEY6QTR, STM32U535NCY6QTR, STM32U535NEY6QTR, STM32U535RBI6, STM32U535RBI6Q, STM32U535RBT6, STM32U535RBT6Q, STM32U535RCI6, STM32U535RCI6Q, STM32U535RCT6, STM32U535RCT6Q, STM32U535REI6, STM32U535REI6Q, STM32U535RET6, STM32U535RET6Q, STM32U535VCI6, STM32U535VCI6Q, STM32U535VCT6, STM32U535VCT6Q, STM32U535VEI6, STM32U535VEI6Q, STM32U535VET6, STM32U535VET6Q, STM32U545CET6, STM32U545CET6Q, STM32U545CEU6, STM32U545CEU6Q, STM32U545JEY6QTR, STM32U545NEY6QTR, STM32U545REI6, STM32U545REI6Q, STM32U545RET6, STM32U545RET6Q, STM32U545VEI6, STM32U545VEI6Q, STM32U545VET6, STM32U545VET6Q, STM32U595AIH6, STM32U595AIH6Q, STM32U595AJH6, STM32U595AJH6Q, STM32U595QII6, STM32U595QII6Q, STM32U595QJI6, STM32U595QJI6Q, STM32U595RIT6, STM32U595RIT6Q, STM32U595RJT6, STM32U595RJT6Q, STM32U595VIT6, STM32U595VIT6Q, STM32U595VJT6, STM32U595VJT6Q, STM32U595ZIT6, STM32U595ZIT6Q, STM32U595ZIY6QTR, STM32U595ZJT6, STM32U595ZJT6Q, STM32U595ZJY6QTR, STM32U599BJY6QTR, STM32U599NIH6Q, STM32U599NJH6Q, STM32U599VIT6Q, STM32U599VJT6, STM32U599VJT6Q, STM32U599ZIT6Q, STM32U599ZIY6QTR, STM32U599ZJT6Q, STM32U599ZJY6QTR, STM32U5A5AJH6, STM32U5A5AJH6Q, STM32U5A5QII3Q , STM32U5A5QJI6, STM32U5A5QJI6Q, STM32U5A5RJT6, STM32U5A5RJT6Q, STM32U5A5VJT6, STM32U5A5VJT6Q, STM32U5A5ZJT6, STM32U5A5ZJT6Q, STM32U5A5ZJY6QTR, STM32U5A9BJY6QTR, STM32U5A9J-DK, STM32U5A9NJH6Q, STM32U5A9VJT6Q, STM32U5A9ZJT6Q, STM32U5A9ZJY6QTR, STM32U5F7VIT6, STM32U5F7VIT6Q, STM32U5F7VJT6, STM32U5F7VJT6Q, STM32U5F9BJY6QTR, STM32U5F9NJH6Q, STM32U5F9VIT6Q, STM32U5F9VJT6Q, STM32U5F9ZIJ6QTR, STM32U5F9ZIT6Q, STM32U5F9ZJJ6QTR, STM32U5F9ZJT6Q, STM32U5G7VJT6, STM32U5G7VJT6Q, STM32U5G9BJY6QTR, STM32U5G9J-DK1, STM32U5G9J-DK2, STM32U5G9NJH6Q, STM32U5G9VJT6Q, STM32U5G9ZJJ6QTR, STM32U5G9ZJT6Q, STM32WB05KZV6TR, STM32WB05KZV7TR, STM32WB05TZF6TR, STM32WB05TZF7TR, STM32WB06CCF6TR, STM32WB06CCF7TR, STM32WB06CCV6TR, STM32WB06CCV7TR, STM32WB06KCV6TR, STM32WB06KCV7TR, STM32WB07CCF6TR, STM32WB07CCF7TR, STM32WB07CCV6TR, STM32WB07CCV7TR, STM32WB07KCV6TR, STM32WB07KCV7TR, STM32WB09KEV6TR, STM32WB09KEV7TR, STM32WB09TEF6TR, STM32WB09TEF7TR, STM32WB1MMCH6, STM32WBA50KGU6, STM32WBA50KGU6TR, STM32WBA52CEU6, STM32WBA52CEU6TR, STM32WBA52CEU7, STM32WBA52CEU7TR, STM32WBA52CGU6, STM32WBA52CGU6TR, STM32WBA52CGU6U, STM32WBA52CGU7, STM32WBA52CGU7TR, STM32WBA52KEU6, STM32WBA52KEU6TR, STM32WBA52KGU6, STM32WBA52KGU6TR, STM32WBA54CEU6, STM32WBA54CEU6TR, STM32WBA54CEU7, STM32WBA54CEU7TR, STM32WBA54CGU6, STM32WBA54CGU6TR, STM32WBA54CGU7, STM32WBA54CGU7TR, STM32WBA54KEU6, STM32WBA54KEU6TR, STM32WBA54KEU7, STM32WBA54KEU7TR, STM32WBA54KGU6, STM32WBA54KGU6TR, STM32WBA54KGU7, STM32WBA54KGU7TR, STM32WBA55CEU6, STM32WBA55CEU6TR, STM32WBA55CEU7, STM32WBA55CEU7TR, STM32WBA55CGU6, STM32WBA55CGU6TR, STM32WBA55CGU6U, STM32WBA55CGU7, STM32WBA55CGU7TR, STM32WBA55G-DK1, STM32WBA55HEF6, STM32WBA55HEF7, STM32WBA55HGF6, STM32WBA55HGF7, STM32WBA55UEI6, STM32WBA55UEI6TR, STM32WBA55UEI7, STM32WBA55UEI7TR, STM32WBA55UGI6, STM32WBA55UGI6TR, STM32WBA55UGI7, STM32WBA55UGI7TR, STM32WBA5MMGH6TR, STM32WBA62MGF6, STM32WBA62MIF6, STM32WBA65MGF7, STM32WBA65MIF6, STM32WBA65MIF7, STM32WL30K8V6, STM32WL30KBV6, STM32WL31C8V6, STM32WL31CBV6, STM32WL31K8V6, STM32WL31KBV6, STM32WL33C8V6, STM32WL33C8V6X, STM32WL33CBV6, STM32WL33CBV6X, STM32WL33CCV6, STM32WL33CCV6A, STM32WL33CCV6X, STM32WL33K8V7, STM32WL33K8V7X, STM32WL33KBV7 , STM32WL33KBV7X, STM32WL33KCV7, STM32WL33KCV7X, STM32WL5MOCH6, STM32WL5MOCH6TR]
2025-07-30 12:55:50,958 [INFO] DbMcus:218 - Found 4801 MCUs, 4801 are supported
2025-07-30 12:55:50,958 [INFO] ApiDb:423 - Load user favorites file C:\Users\nicks/.stm32cubeide/favorites.mcus.txt: 0 item(s)
2025-07-30 12:55:50,959 [INFO] ApiDb:427 - User favorites MCUs=[]
2025-07-30 12:55:50,959 [INFO] DbMcus:224 - Set 0 / 0 favorites MCUs
2025-07-30 12:55:51,299 [INFO] ApiDb:423 - Load user favorites file C:\Users\nicks/.stm32cubeide/favorites.boards.txt: 0 item(s)
2025-07-30 12:55:51,299 [INFO] ApiDb:427 - User favorites Boards=[]
2025-07-30 12:55:51,299 [INFO] DbBoards:198 - Set 0 / 0 favorites Boards
2025-07-30 12:55:51,340 [INFO] UtilMem:75 - End LoadConfig() Used Memory: 310588744 Bytes (618659840)
2025-07-30 12:55:51,454 [WARN] ThirdParty:833 - waiting for thirdparty lock release [change project]
2025-07-30 12:55:51,454 [INFO] ThirdParty:835 - entering critical section [change project]
2025-07-30 12:55:51,454 [INFO] ThirdParty:1030 - CMSIS Pack Vendor :STMicroelectronics X-CUBE-PM33A1 1.0.0
2025-07-30 12:55:51,454 [INFO] ThirdParty:1030 - CMSIS Pack Vendor :STMicroelectronics USBPD 4.1
2025-07-30 12:55:51,454 [INFO] ThirdParty:1030 - CMSIS Pack Vendor :STMicroelectronics X-CUBE-AZRTOS-H7 3.3.0
2025-07-30 12:55:51,455 [INFO] ThirdParty:1030 - CMSIS Pack Vendor :STMicroelectronics X-CUBE-NFC9 1.0.0
2025-07-30 12:55:51,455 [INFO] ThirdParty:1030 - CMSIS Pack Vendor :STMicroelectronics USB_HOST 2.0.0
2025-07-30 12:55:51,455 [INFO] ThirdParty:1030 - CMSIS Pack Vendor :STMicroelectronics FP-SNS-MOTENVWB1 1.4.0
2025-07-30 12:55:51,455 [INFO] ThirdParty:1030 - CMSIS Pack Vendor :STMicroelectronics X-CUBE-AZRTOS-F4 1.1.0
2025-07-30 12:55:51,455 [INFO] ThirdParty:1030 - CMSIS Pack Vendor :STMicroelectronics LIBJPEG 8.0.0
2025-07-30 12:55:51,455 [INFO] ThirdParty:1030 - CMSIS Pack Vendor :STMicroelectronics FP-ATR-ASTRA1 2.0.2
2025-07-30 12:55:51,455 [INFO] ThirdParty:1030 - CMSIS Pack Vendor :STMicroelectronics FP-ATR-ASTRA1 2.0.1
2025-07-30 12:55:51,455 [INFO] ThirdParty:1030 - CMSIS Pack Vendor :STMicroelectronics X-CUBE-BLE1 7.1.0
2025-07-30 12:55:51,455 [INFO] ThirdParty:1030 - CMSIS Pack Vendor :Avnet-IotConnect X-CUBE-IoTC-DA16k-PMOD 1.0.0
2025-07-30 12:55:51,455 [INFO] ThirdParty:1030 - CMSIS Pack Vendor :STMicroelectronics X-CUBE-SMBUS 2.1.0
2025-07-30 12:55:51,455 [INFO] ThirdParty:1030 - CMSIS Pack Vendor :STMicroelectronics X-CUBE-WB05N 1.1.0
2025-07-30 12:55:51,455 [INFO] ThirdParty:1030 - CMSIS Pack Vendor :wolfSSL I-CUBE-wolfMQTT 1.19.2
2025-07-30 12:55:51,455 [INFO] ThirdParty:1030 - CMSIS Pack Vendor :STMicroelectronics USB_DEVICE 3.0.0
2025-07-30 12:55:51,455 [INFO] ThirdParty:1030 - CMSIS Pack Vendor :STMicroelectronics X-CUBE-ISPU 2.1.0
2025-07-30 12:55:51,455 [INFO] ThirdParty:1030 - CMSIS Pack Vendor :STMicroelectronics X-CUBE-EEPRMA1 5.2.0
2025-07-30 12:55:51,455 [INFO] ThirdParty:1030 - CMSIS Pack Vendor :STMicroelectronics X-CUBE-BLEMGR 4.1.0
2025-07-30 12:55:51,455 [INFO] ThirdParty:1030 - CMSIS Pack Vendor :STMicroelectronics X-CUBE-AZRTOS-WB 2.0.0
2025-07-30 12:55:51,455 [INFO] ThirdParty:1030 - CMSIS Pack Vendor :STMicroelectronics X-CUBE-ST60 1.0.0
2025-07-30 12:55:51,455 [INFO] ThirdParty:1030 - CMSIS Pack Vendor :STMicroelectronics X-CUBE-GNSS1 7.0.1
2025-07-30 12:55:51,455 [INFO] ThirdParty:1030 - CMSIS Pack Vendor :STMicroelectronics X-CUBE-NFC12 1.0.0
2025-07-30 12:55:51,455 [INFO] ThirdParty:1030 - CMSIS Pack Vendor :STMicroelectronics X-CUBE-AZRTOS-F7 1.1.0
2025-07-30 12:55:51,455 [INFO] ThirdParty:1030 - CMSIS Pack Vendor :STMicroelectronics X-CUBE-AZRTOS-L5 2.0.0
2025-07-30 12:55:51,455 [INFO] ThirdParty:1030 - CMSIS Pack Vendor :STMicroelectronics X-CUBE-TOUCHGFX 4.25.0
2025-07-30 12:55:51,455 [INFO] ThirdParty:1030 - CMSIS Pack Vendor :STMicroelectronics USB_DEVICE 2.0.0
2025-07-30 12:55:51,455 [INFO] ThirdParty:1030 - CMSIS Pack Vendor :STMicroelectronics X-CUBE-NFC6 3.1.0
2025-07-30 12:55:51,455 [INFO] ThirdParty:1030 - CMSIS Pack Vendor :STMicroelectronics X-CUBE-AI 10.1.0
2025-07-30 12:55:51,455 [INFO] ThirdParty:1030 - CMSIS Pack Vendor :STMicroelectronics X-CUBE-MEMS1 11.2.0
2025-07-30 12:55:51,455 [INFO] ThirdParty:1030 - CMSIS Pack Vendor :STMicroelectronics FreeRTOS 0.0.1
2025-07-30 12:55:51,455 [INFO] ThirdParty:1030 - CMSIS Pack Vendor :STMicroelectronics X-CUBE-AZRTOS-G0 1.1.0
2025-07-30 12:55:51,455 [INFO] ThirdParty:1030 - CMSIS Pack Vendor :STMicroelectronics X-CUBE-SAFEA1 1.2.2
2025-07-30 12:55:51,455 [INFO] ThirdParty:1030 - CMSIS Pack Vendor :STMicroelectronics X-CUBE-NFC4 3.0.0
2025-07-30 12:55:51,455 [INFO] ThirdParty:1030 - CMSIS Pack Vendor :STMicroelectronics X-CUBE-SUBG2 5.0.0
2025-07-30 12:55:51,455 [INFO] ThirdParty:1030 - CMSIS Pack Vendor :STMicroelectronics X-CUBE-AZRTOS-H7RS 1.1.0
2025-07-30 12:55:51,456 [INFO] ThirdParty:1030 - CMSIS Pack Vendor :STMicroelectronics STM32_WPAN 1.0.0
2025-07-30 12:55:51,456 [INFO] ThirdParty:1030 - CMSIS Pack Vendor :EmbeddedOffice I-CUBE-FS-RTOS 1.0.1
2025-07-30 12:55:51,456 [INFO] ThirdParty:1030 - CMSIS Pack Vendor :STMicroelectronics lwIP 2.0.3
2025-07-30 12:55:51,456 [INFO] ThirdParty:1030 - CMSIS Pack Vendor :STMicroelectronics FP-SNS-FLIGHT1 5.0.2
2025-07-30 12:55:51,456 [INFO] ThirdParty:1030 - CMSIS Pack Vendor :Cesanta I-CUBE-Mongoose 7.13.0
2025-07-30 12:55:51,456 [INFO] ThirdParty:1030 - CMSIS Pack Vendor :STMicroelectronics USB_HOST 1.0.0
2025-07-30 12:55:51,456 [INFO] ThirdParty:1030 - CMSIS Pack Vendor :Infineon AIROC-Wi-Fi-Bluetooth-STM32 1.7.0
2025-07-30 12:55:51,456 [INFO] ThirdParty:1030 - CMSIS Pack Vendor :STMicroelectronics X-CUBE-AZRTOS-G4 2.0.0
2025-07-30 12:55:51,456 [INFO] ThirdParty:1030 - CMSIS Pack Vendor :STMicroelectronics X-CUBE-WB05N 2.0.0
2025-07-30 12:55:51,456 [INFO] ThirdParty:1030 - CMSIS Pack Vendor :STMicroelectronics PDM2PCM 3.1.0
2025-07-30 12:55:51,456 [INFO] ThirdParty:1030 - CMSIS Pack Vendor :STMicroelectronics PDM2PCM 3.3.0
2025-07-30 12:55:51,456 [INFO] ThirdParty:1030 - CMSIS Pack Vendor :wolfSSL I-CUBE-wolfTPM 3.8.0
2025-07-30 12:55:51,456 [INFO] ThirdParty:1030 - CMSIS Pack Vendor :STMicroelectronics X-CUBE-AZRTOS-H7 3.4.0
2025-07-30 12:55:51,456 [INFO] ThirdParty:1030 - CMSIS Pack Vendor :STMicroelectronics X-CUBE-DISPLAY 3.0.0
2025-07-30 12:55:51,456 [INFO] ThirdParty:1030 - CMSIS Pack Vendor :wolfSSL I-CUBE-wolfSSH 1.4.20
2025-07-30 12:55:51,456 [INFO] ThirdParty:1030 - CMSIS Pack Vendor :STMicroelectronics X-CUBE-NFC7 2.0.0
2025-07-30 12:55:51,456 [INFO] ThirdParty:1030 - CMSIS Pack Vendor :STMicroelectronics X-CUBE-TCPP 4.2.0
2025-07-30 12:55:51,456 [INFO] ThirdParty:1030 - CMSIS Pack Vendor :RealThread X-CUBE-RT-Thread_Nano 4.1.1
2025-07-30 12:55:51,456 [INFO] ThirdParty:1030 - CMSIS Pack Vendor :STMicroelectronics FP-ATR-SIGFOX1 3.2.0
2025-07-30 12:55:51,456 [INFO] ThirdParty:1030 - CMSIS Pack Vendor :STMicroelectronics X-CUBE-NFC10 1.0.0
2025-07-30 12:55:51,456 [INFO] ThirdParty:1030 - CMSIS Pack Vendor :STMicroelectronics X-CUBE-BLEMGR 4.0.0
2025-07-30 12:55:51,456 [INFO] ThirdParty:1030 - CMSIS Pack Vendor :STMicroelectronics X-CUBE-EEPRMA1 5.1.0
2025-07-30 12:55:51,456 [INFO] ThirdParty:1030 - CMSIS Pack Vendor :STMicroelectronics X-CUBE-FREERTOS 1.3.1
2025-07-30 12:55:51,456 [INFO] ThirdParty:1030 - CMSIS Pack Vendor :STMicroelectronics HAL Drivers 0.0.0
2025-07-30 12:55:51,456 [INFO] ThirdParty:1030 - CMSIS Pack Vendor :STMicroelectronics MBEDTLS 2.16.2
2025-07-30 12:55:51,456 [INFO] ThirdParty:1030 - CMSIS Pack Vendor :STMicroelectronics X-CUBE-IPS 3.1.0
2025-07-30 12:55:51,456 [INFO] ThirdParty:1030 - CMSIS Pack Vendor :STMicroelectronics X-CUBE-ALS 1.0.2
2025-07-30 12:55:51,456 [INFO] ThirdParty:1030 - CMSIS Pack Vendor :emotas I-CUBE-CANOPEN 1.3.0
2025-07-30 12:55:51,457 [INFO] ThirdParty:1030 - CMSIS Pack Vendor :STMicroelectronics X-CUBE-FREERTOS 1.3.0
2025-07-30 12:55:51,457 [INFO] ThirdParty:1030 - CMSIS Pack Vendor :STMicroelectronics X-CUBE-NFC7 1.0.1
2025-07-30 12:55:51,457 [INFO] ThirdParty:1030 - CMSIS Pack Vendor :STMicroelectronics MBEDTLS 2.14.1
2025-07-30 12:55:51,457 [INFO] ThirdParty:1030 - CMSIS Pack Vendor :wolfSSL I-CUBE-wolfSSL 5.7.6
2025-07-30 12:55:51,457 [INFO] ThirdParty:1030 - CMSIS Pack Vendor :ITTIA_DB I-CUBE-ITTIADB 8.9.0
2025-07-30 12:55:51,457 [INFO] ThirdParty:1030 - CMSIS Pack Vendor :portGmbH I-Cube-SoM-uGOAL 1.1.0
2025-07-30 12:55:51,457 [INFO] ThirdParty:1030 - CMSIS Pack Vendor :quantropi X-CUBE-qispace-sdk-base 2.0.0
2025-07-30 12:55:51,457 [INFO] ThirdParty:1030 - CMSIS Pack Vendor :STMicroelectronics X-CUBE-AI 10.0.0
2025-07-30 12:55:51,457 [INFO] ThirdParty:1030 - CMSIS Pack Vendor :STMicroelectronics X-CUBE-ST67W61 1.0.0
2025-07-30 12:55:51,457 [INFO] ThirdParty:1030 - CMSIS Pack Vendor :STMicroelectronics FP-SNS-STAIOTCFT 1.0.0
2025-07-30 12:55:51,457 [INFO] ThirdParty:1030 - CMSIS Pack Vendor :STMicroelectronics ThreadX 1.0.0
2025-07-30 12:55:51,457 [INFO] ThirdParty:1030 - CMSIS Pack Vendor :STMicroelectronics FP-SNS-SMARTAG2 1.2.0
2025-07-30 12:55:51,457 [INFO] ThirdParty:1030 - CMSIS Pack Vendor :STMicroelectronics FP-SNS-FLIGHT1 5.1.0
2025-07-30 12:55:51,457 [INFO] ThirdParty:1030 - CMSIS Pack Vendor :STMicroelectronics X-CUBE-AZRTOS-WL 2.0.0
2025-07-30 12:55:51,457 [INFO] ThirdParty:1030 - CMSIS Pack Vendor :SEGGER I-CUBE-embOS 1.3.1
2025-07-30 12:55:51,457 [INFO] ThirdParty:1030 - CMSIS Pack Vendor :STMicroelectronics X-CUBE-ALGOBUILD 1.4.0
2025-07-30 12:55:51,457 [INFO] ThirdParty:1030 - CMSIS Pack Vendor :STMicroelectronics X-CUBE-DPower 1.3.0
2025-07-30 12:55:51,457 [INFO] ThirdParty:1030 - CMSIS Pack Vendor :STMicroelectronics X-CUBE-MEMS1 11.3.0
2025-07-30 12:55:51,457 [INFO] ThirdParty:1030 - CMSIS Pack Vendor :STMicroelectronics FP-SNS-MOTENV1 5.0.0
2025-07-30 12:55:51,457 [INFO] ThirdParty:1030 - CMSIS Pack Vendor :STMicroelectronics USB_DEVICE 1.0.0
2025-07-30 12:55:51,457 [INFO] ThirdParty:1030 - CMSIS Pack Vendor :STMicroelectronics X-CUBE-AZRTOS-L4 2.0.0
2025-07-30 12:55:51,457 [INFO] ThirdParty:1030 - CMSIS Pack Vendor :STMicroelectronics ThreadX 0.0.2
2025-07-30 12:55:51,457 [INFO] ThirdParty:1030 - CMSIS Pack Vendor :WES I-CUBE-Cesium 1.3.0
2025-07-30 12:55:51,458 [INFO] ThirdParty:1030 - CMSIS Pack Vendor :STMicroelectronics lwIP 2.1.2
2025-07-30 12:55:51,458 [INFO] ThirdParty:1030 - CMSIS Pack Vendor :STMicroelectronics X-CUBE-SFXS2LP1 4.0.0
2025-07-30 12:55:51,458 [INFO] ThirdParty:1030 - CMSIS Pack Vendor :STMicroelectronics X-CUBE-BLE2 3.3.0
2025-07-30 12:55:51,458 [INFO] ThirdParty:1030 - CMSIS Pack Vendor :STMicroelectronics X-CUBE-TOF1 3.4.3
2025-07-30 12:55:51,458 [INFO] ThirdParty:1030 - CMSIS Pack Vendor :STMicroelectronics PDM2PCM 3.2.0
2025-07-30 12:55:51,458 [INFO] ThirdParty:841 - exiting critical section [change project]
2025-07-30 12:55:52,083 [INFO] PinOutPanel:1589 - setPackage(No Configuration,No Configuration)
2025-07-30 12:55:52,084 [INFO] PinOutPanel:1589 - setPackage(STM32H755ZITx,LQFP144)
2025-07-30 12:55:52,590 [INFO] UtilMem:75 - Before build in PCC Used Memory: 394272080 Bytes (618659840)
2025-07-30 12:55:53,186 [INFO] UtilMem:75 - After build in PCC Used Memory: 561947672 Bytes (618659840)
2025-07-30 12:55:53,197 [INFO] ApiDbMcu:532 - Load IP Config File for FREERTOS_M7
2025-07-30 12:55:53,228 [INFO] IPUIPlugin:80 - create IPUIPlugin
2025-07-30 12:55:53,228 [INFO] IPUIPlugin:80 - create IPUIPlugin
2025-07-30 12:55:53,228 [INFO] IPUIPlugin:80 - create IPUIPlugin
2025-07-30 12:55:53,228 [INFO] IPUIPlugin:80 - create IPUIPlugin
2025-07-30 12:55:53,228 [INFO] IPUIPlugin:80 - create IPUIPlugin
2025-07-30 12:55:53,228 [INFO] IPUIPlugin:80 - create IPUIPlugin
2025-07-30 12:55:53,228 [INFO] IPUIPlugin:80 - create IPUIPlugin
2025-07-30 12:55:53,228 [INFO] IPUIPlugin:80 - create IPUIPlugin
2025-07-30 12:55:53,228 [INFO] IPUIPlugin:80 - create IPUIPlugin
2025-07-30 12:55:53,228 [INFO] IPUIPlugin:80 - create IPUIPlugin
2025-07-30 12:55:53,229 [INFO] IPUIPlugin:80 - create IPUIPlugin
2025-07-30 12:55:53,229 [INFO] IPUIPlugin:80 - create IPUIPlugin
2025-07-30 12:55:53,229 [INFO] IPUIPlugin:80 - create IPUIPlugin
2025-07-30 12:55:53,229 [INFO] IPUIPlugin:80 - create IPUIPlugin
2025-07-30 12:55:53,229 [INFO] IPUIPlugin:80 - create IPUIPlugin
2025-07-30 12:55:53,229 [INFO] IPUIPlugin:80 - create IPUIPlugin
2025-07-30 12:55:53,229 [INFO] IPUIPlugin:80 - create IPUIPlugin
2025-07-30 12:55:53,229 [INFO] IPUIPlugin:80 - create IPUIPlugin
2025-07-30 12:55:53,229 [INFO] IPUIPlugin:80 - create IPUIPlugin
2025-07-30 12:55:53,229 [INFO] IPUIPlugin:80 - create IPUIPlugin
2025-07-30 12:55:53,229 [INFO] IPUIPlugin:80 - create IPUIPlugin
2025-07-30 12:55:53,229 [INFO] IPUIPlugin:80 - create IPUIPlugin
2025-07-30 12:55:53,229 [INFO] IPUIPlugin:80 - create IPUIPlugin
2025-07-30 12:55:53,230 [INFO] IPUIPlugin:80 - create IPUIPlugin
2025-07-30 12:55:53,230 [INFO] IPUIPlugin:80 - create IPUIPlugin
2025-07-30 12:55:53,230 [INFO] IPUIPlugin:80 - create IPUIPlugin
2025-07-30 12:55:53,230 [INFO] IPUIPlugin:80 - create IPUIPlugin
2025-07-30 12:55:53,230 [INFO] IPUIPlugin:80 - create IPUIPlugin
2025-07-30 12:55:53,230 [INFO] IPUIPlugin:80 - create IPUIPlugin
2025-07-30 12:55:53,230 [INFO] IPUIPlugin:80 - create IPUIPlugin
2025-07-30 12:55:53,230 [INFO] IPUIPlugin:80 - create IPUIPlugin
2025-07-30 12:55:53,230 [INFO] IPUIPlugin:80 - create IPUIPlugin
2025-07-30 12:55:53,230 [INFO] IPUIPlugin:80 - create IPUIPlugin
2025-07-30 12:55:53,230 [INFO] IPUIPlugin:80 - create IPUIPlugin
2025-07-30 12:55:53,230 [INFO] IPUIPlugin:80 - create IPUIPlugin
2025-07-30 12:55:53,231 [INFO] IPUIPlugin:80 - create IPUIPlugin
2025-07-30 12:55:53,231 [INFO] IPUIPlugin:80 - create IPUIPlugin
2025-07-30 12:55:53,231 [INFO] IPUIPlugin:80 - create IPUIPlugin
2025-07-30 12:55:53,231 [INFO] IPUIPlugin:80 - create IPUIPlugin
2025-07-30 12:55:53,231 [INFO] IPUIPlugin:80 - create IPUIPlugin
2025-07-30 12:55:53,231 [INFO] IPUIPlugin:80 - create IPUIPlugin
2025-07-30 12:55:53,231 [INFO] IPUIPlugin:80 - create IPUIPlugin
2025-07-30 12:55:53,232 [INFO] IPUIPlugin:80 - create IPUIPlugin
2025-07-30 12:55:53,239 [INFO] IPUIPlugin:80 - create IPUIPlugin
2025-07-30 12:55:53,239 [INFO] IPUIPlugin:80 - create IPUIPlugin
2025-07-30 12:55:53,239 [INFO] IPUIPlugin:80 - create IPUIPlugin
2025-07-30 12:55:53,239 [INFO] IPUIPlugin:80 - create IPUIPlugin
2025-07-30 12:55:53,239 [INFO] IPUIPlugin:80 - create IPUIPlugin
2025-07-30 12:55:53,240 [INFO] IPUIPlugin:80 - create IPUIPlugin
2025-07-30 12:55:53,240 [INFO] IPUIPlugin:80 - create IPUIPlugin
2025-07-30 12:55:53,240 [INFO] IPUIPlugin:80 - create IPUIPlugin
2025-07-30 12:55:53,240 [INFO] IPUIPlugin:80 - create IPUIPlugin
2025-07-30 12:55:53,240 [INFO] IPUIPlugin:80 - create IPUIPlugin
2025-07-30 12:55:53,240 [INFO] IPUIPlugin:80 - create IPUIPlugin
2025-07-30 12:55:53,240 [INFO] IPUIPlugin:80 - create IPUIPlugin
2025-07-30 12:55:53,241 [INFO] IPUIPlugin:80 - create IPUIPlugin
2025-07-30 12:55:53,241 [INFO] IPUIPlugin:80 - create IPUIPlugin
2025-07-30 12:55:53,241 [INFO] IPUIPlugin:80 - create IPUIPlugin
2025-07-30 12:55:53,241 [INFO] IPUIPlugin:80 - create IPUIPlugin
2025-07-30 12:55:53,242 [INFO] IPUIPlugin:80 - create IPUIPlugin
2025-07-30 12:55:53,242 [INFO] IPUIPlugin:80 - create IPUIPlugin
2025-07-30 12:55:53,242 [INFO] IPUIPlugin:80 - create IPUIPlugin
2025-07-30 12:55:53,242 [INFO] IPUIPlugin:80 - create IPUIPlugin
2025-07-30 12:55:53,243 [INFO] IPUIPlugin:80 - create IPUIPlugin
2025-07-30 12:55:53,243 [INFO] IPUIPlugin:80 - create IPUIPlugin
2025-07-30 12:55:53,243 [INFO] IPUIPlugin:80 - create IPUIPlugin
2025-07-30 12:55:53,244 [INFO] IPUIPlugin:80 - create IPUIPlugin
2025-07-30 12:55:53,244 [INFO] IPUIPlugin:80 - create IPUIPlugin
2025-07-30 12:55:53,244 [INFO] IPUIPlugin:80 - create IPUIPlugin
2025-07-30 12:55:53,244 [INFO] IPUIPlugin:80 - create IPUIPlugin
2025-07-30 12:55:53,245 [INFO] IPUIPlugin:80 - create IPUIPlugin
2025-07-30 12:55:53,245 [INFO] IPUIPlugin:80 - create IPUIPlugin
2025-07-30 12:55:53,245 [INFO] IPUIPlugin:80 - create IPUIPlugin
2025-07-30 12:55:53,246 [INFO] IPUIPlugin:80 - create IPUIPlugin
2025-07-30 12:55:53,246 [INFO] IPUIPlugin:80 - create IPUIPlugin
2025-07-30 12:55:53,246 [INFO] IPUIPlugin:80 - create IPUIPlugin
2025-07-30 12:55:53,247 [INFO] IPUIPlugin:80 - create IPUIPlugin
2025-07-30 12:55:53,247 [INFO] IPUIPlugin:80 - create IPUIPlugin
2025-07-30 12:55:53,247 [INFO] IPUIPlugin:80 - create IPUIPlugin
2025-07-30 12:55:53,248 [INFO] IPUIPlugin:80 - create IPUIPlugin
2025-07-30 12:55:53,248 [INFO] IPUIPlugin:80 - create IPUIPlugin
2025-07-30 12:55:53,248 [INFO] IPUIPlugin:80 - create IPUIPlugin
2025-07-30 12:55:53,249 [INFO] IPUIPlugin:80 - create IPUIPlugin
2025-07-30 12:55:53,249 [INFO] IPUIPlugin:80 - create IPUIPlugin
2025-07-30 12:55:53,250 [INFO] IPUIPlugin:80 - create IPUIPlugin
2025-07-30 12:55:53,250 [INFO] IPUIPlugin:80 - create IPUIPlugin
2025-07-30 12:55:53,250 [INFO] IPUIPlugin:80 - create IPUIPlugin
2025-07-30 12:55:53,250 [INFO] IPUIPlugin:80 - create IPUIPlugin
2025-07-30 12:55:53,250 [INFO] IPUIPlugin:80 - create IPUIPlugin
2025-07-30 12:55:53,251 [INFO] IPUIPlugin:80 - create IPUIPlugin
2025-07-30 12:55:53,251 [INFO] IPUIPlugin:80 - create IPUIPlugin
2025-07-30 12:55:53,251 [INFO] IPUIPlugin:80 - create IPUIPlugin
2025-07-30 12:55:53,251 [INFO] IPUIPlugin:80 - create IPUIPlugin
2025-07-30 12:55:53,252 [INFO] IPUIPlugin:80 - create IPUIPlugin
2025-07-30 12:55:53,252 [INFO] IPUIPlugin:80 - create IPUIPlugin
2025-07-30 12:55:53,252 [INFO] IPUIPlugin:80 - create IPUIPlugin
2025-07-30 12:55:53,253 [INFO] IPUIPlugin:80 - create IPUIPlugin
2025-07-30 12:55:53,253 [INFO] IPUIPlugin:80 - create IPUIPlugin
2025-07-30 12:55:53,254 [INFO] IPUIPlugin:80 - create IPUIPlugin
2025-07-30 12:55:53,254 [INFO] IPUIPlugin:80 - create IPUIPlugin
2025-07-30 12:55:53,255 [INFO] IPUIPlugin:80 - create IPUIPlugin
2025-07-30 12:55:53,255 [INFO] IPUIPlugin:80 - create IPUIPlugin
2025-07-30 12:55:53,256 [INFO] IPUIPlugin:80 - create IPUIPlugin
2025-07-30 12:55:53,256 [INFO] IPUIPlugin:80 - create IPUIPlugin
2025-07-30 12:55:53,256 [INFO] IPUIPlugin:80 - create IPUIPlugin
2025-07-30 12:55:53,257 [INFO] IPUIPlugin:80 - create IPUIPlugin
2025-07-30 12:55:53,257 [INFO] IPUIPlugin:80 - create IPUIPlugin
2025-07-30 12:55:53,258 [INFO] IPUIPlugin:80 - create IPUIPlugin
2025-07-30 12:55:53,258 [INFO] IPUIPlugin:80 - create IPUIPlugin
2025-07-30 12:55:53,258 [INFO] IPUIPlugin:80 - create IPUIPlugin
2025-07-30 12:55:53,259 [INFO] IPUIPlugin:80 - create IPUIPlugin
2025-07-30 12:55:53,259 [INFO] IPUIPlugin:80 - create IPUIPlugin
2025-07-30 12:55:53,259 [INFO] IPUIPlugin:80 - create IPUIPlugin
2025-07-30 12:55:53,260 [INFO] IPUIPlugin:80 - create IPUIPlugin
2025-07-30 12:55:53,266 [INFO] ApiDbMcu:532 - Load IP Config File for PDM2PCM_M7
2025-07-30 12:55:53,269 [INFO] ApiDbMcu:532 - Load IP Config File for PDM2PCM_M4
2025-07-30 12:55:53,304 [WARN] FreeRTOS:1023 - Null or empty value: should not occur! (nothing added to the table)
2025-07-30 12:55:53,439 [INFO] CADModel:165 - CPN selected for project levelSTM32H755ZIT6
2025-07-30 12:55:53,439 [INFO] CADModel:114 - Register for checkConnection events
2025-07-30 12:55:53,442 [INFO] RtosManager:728 - Active RTOS found at IOC load: FREERTOS_M7 [CortexM7]
2025-07-30 12:55:53,485 [INFO] OpenFileManager:386 - Restore cursor
2025-07-30 12:55:53,956 [INFO] ProjectChoiceTab:962 - Analytics plugin initialized for: CortexM7 Enable multi-threaded support
2025-07-30 12:56:55,013 [INFO] Gpio:278 - dependency for GPIO [ADC1, ADC3, I2C2, TIM1, UART4, UART5, USART2]
2025-07-30 13:00:00,432 [INFO] Gpio:278 - dependency for GPIO [ADC1, ADC3, I2C2, TIM1, UART4, UART5, USART2]
2025-07-30 13:00:02,697 [INFO] Gpio:278 - dependency for GPIO [ADC1, ADC3, I2C2, TIM1, UART4, UART5, USART2]
2025-07-30 13:00:05,694 [INFO] Gpio:278 - dependency for GPIO [ADC1, ADC3, I2C2, TIM1, UART4, UART5, USART2]
2025-07-30 13:00:11,201 [INFO] UtilMem:75 - End SaveConfig() Used Memory: 914815408 Bytes (1073741824)
2025-07-30 13:00:11,334 [INFO] UtilMem:75 - End SaveConfig() Used Memory: 960869200 Bytes (1073741824)
2025-07-30 13:00:12,319 [INFO] UtilMem:75 - End SaveConfig() Used Memory: 740965024 Bytes (1073741824)
2025-07-30 13:00:13,041 [ERROR] IocParser:95 - Exception caught: Cannot invoke "java.lang.CharSequence.length()" because "this.text" is null
2025-07-30 13:00:14,317 [INFO] BlockDiagram:2775 - set Specific Code input for plugin: FREERTOS
2025-07-30 13:00:14,318 [INFO] BlockDiagram:2775 - set Specific Code input for plugin: RCC
2025-07-30 13:00:14,318 [INFO] BlockDiagram:2775 - set Specific Code input for plugin: I2C
2025-07-30 13:00:14,318 [INFO] BlockDiagram:2775 - set Specific Code input for plugin: USART
2025-07-30 13:00:14,318 [INFO] BlockDiagram:2775 - set Specific Code input for plugin: TIM1_8H7
2025-07-30 13:00:14,318 [INFO] BlockDiagram:2775 - set Specific Code input for plugin: SYS
2025-07-30 13:00:14,318 [INFO] BlockDiagram:2775 - set Specific Code input for plugin: ADC
2025-07-30 13:00:14,318 [INFO] BlockDiagram:2775 - set Specific Code input for plugin: ADC
2025-07-30 13:00:14,318 [INFO] BlockDiagram:2775 - set Specific Code input for plugin: NVIC2
2025-07-30 13:00:14,318 [INFO] BlockDiagram:2775 - set Specific Code input for plugin: UART
2025-07-30 13:00:14,318 [INFO] BlockDiagram:2775 - set Specific Code input for plugin: UART
2025-07-30 13:00:14,318 [INFO] BlockDiagram:2775 - set Specific Code input for plugin: GPIO
2025-07-30 13:00:14,318 [INFO] BlockDiagram:2775 - set Specific Code input for plugin: SYS_M4
2025-07-30 13:00:14,318 [INFO] BlockDiagram:2775 - set Specific Code input for plugin: NUCLEO-H755ZI-Q
2025-07-30 13:00:14,318 [INFO] BlockDiagram:2775 - set Specific Code input for plugin: NVIC1
2025-07-30 13:00:14,319 [INFO] CodeGenerator:892 - code generatio: config db path: C:\ST\STM32CubeIDE_1.19.0\STM32CubeIDE\plugins\com.st.stm32cube.common.mx_6.15.0.202507011659\\db\
2025-07-30 13:00:14,379 [ERROR] CodeGenerator:10662 - The current RTOS owner has not been found in the list of IPs
2025-07-30 13:00:14,380 [INFO] CodeGenerator:1619 - *******************Project context M7 selected
2025-07-30 13:00:14,486 [INFO] CodeEngine:265 - oldGeneratedFile, C:\Users\nicks\STM32CubeIDE\workspace_1.19.0\AFR\AFR_SENSORS\MXTmpFiles\license.tmp_save
2025-07-30 13:00:14,699 [INFO] CodeEngine:289 - Generated code: C:\Users\nicks\STM32CubeIDE\workspace_1.19.0\AFR\AFR_SENSORS\MXTmpFiles\license.tmp
2025-07-30 13:00:14,841 [INFO] CodeEngine:265 - oldGeneratedFile, C:\Users\nicks\STM32CubeIDE\workspace_1.19.0\AFR\AFR_SENSORS\CM7\MXTmpFiles\gpio.tmp_save
2025-07-30 13:00:14,950 [INFO] CodeEngine:289 - Generated code: C:\Users\nicks\STM32CubeIDE\workspace_1.19.0\AFR\AFR_SENSORS\CM7\MXTmpFiles\gpio.tmp
2025-07-30 13:00:15,328 [WARN] IPConfigManager:103 - WARNING: Missing Config File for NVIC1 ip!!
2025-07-30 13:00:15,622 [ERROR] CodeGenerator:10662 - The current RTOS owner has not been found in the list of IPs
2025-07-30 13:00:15,630 [INFO] CodeEngine:265 - oldGeneratedFile, C:\Users\nicks\STM32CubeIDE\workspace_1.19.0\AFR\AFR_SENSORS\CM7\MXTmpFiles\cortex.tmp_save
2025-07-30 13:00:15,685 [INFO] CodeEngine:289 - Generated code: C:\Users\nicks\STM32CubeIDE\workspace_1.19.0\AFR\AFR_SENSORS\CM7\MXTmpFiles\cortex.tmp
2025-07-30 13:00:15,706 [INFO] Middleware:1452 - No code input for Bsp Dependency
2025-07-30 13:00:15,712 [INFO] CodeEngine:265 - oldGeneratedFile, C:\Users\nicks\STM32CubeIDE\workspace_1.19.0\AFR\AFR_SENSORS\CM7\MXTmpFiles\rtos_inc.tmp_save
2025-07-30 13:00:15,752 [INFO] CodeEngine:289 - Generated code: C:\Users\nicks\STM32CubeIDE\workspace_1.19.0\AFR\AFR_SENSORS\CM7\MXTmpFiles\rtos_inc.tmp
2025-07-30 13:00:15,757 [INFO] CodeEngine:265 - oldGeneratedFile, C:\Users\nicks\STM32CubeIDE\workspace_1.19.0\AFR\AFR_SENSORS\CM7\MXTmpFiles\rtos_kernelInit.tmp_save
2025-07-30 13:00:15,812 [INFO] CodeEngine:289 - Generated code: C:\Users\nicks\STM32CubeIDE\workspace_1.19.0\AFR\AFR_SENSORS\CM7\MXTmpFiles\rtos_kernelInit.tmp
2025-07-30 13:00:15,817 [INFO] CodeEngine:265 - oldGeneratedFile, C:\Users\nicks\STM32CubeIDE\workspace_1.19.0\AFR\AFR_SENSORS\CM7\MXTmpFiles\rtos_kernelStart.tmp_save
2025-07-30 13:00:15,858 [INFO] CodeEngine:289 - Generated code: C:\Users\nicks\STM32CubeIDE\workspace_1.19.0\AFR\AFR_SENSORS\CM7\MXTmpFiles\rtos_kernelStart.tmp
2025-07-30 13:00:15,863 [INFO] CodeEngine:265 - oldGeneratedFile, C:\Users\nicks\STM32CubeIDE\workspace_1.19.0\AFR\AFR_SENSORS\CM7\MXTmpFiles\rtos_typedefs.tmp_save
2025-07-30 13:00:15,906 [INFO] CodeEngine:289 - Generated code: C:\Users\nicks\STM32CubeIDE\workspace_1.19.0\AFR\AFR_SENSORS\CM7\MXTmpFiles\rtos_typedefs.tmp
2025-07-30 13:00:15,911 [INFO] CodeEngine:265 - oldGeneratedFile, C:\Users\nicks\STM32CubeIDE\workspace_1.19.0\AFR\AFR_SENSORS\CM7\MXTmpFiles\rtos_vars.tmp_save
2025-07-30 13:00:15,955 [INFO] CodeEngine:289 - Generated code: C:\Users\nicks\STM32CubeIDE\workspace_1.19.0\AFR\AFR_SENSORS\CM7\MXTmpFiles\rtos_vars.tmp
2025-07-30 13:00:15,960 [INFO] CodeEngine:265 - oldGeneratedFile, C:\Users\nicks\STM32CubeIDE\workspace_1.19.0\AFR\AFR_SENSORS\CM7\MXTmpFiles\rtos_pfp.tmp_save
2025-07-30 13:00:16,008 [INFO] CodeEngine:289 - Generated code: C:\Users\nicks\STM32CubeIDE\workspace_1.19.0\AFR\AFR_SENSORS\CM7\MXTmpFiles\rtos_pfp.tmp
2025-07-30 13:00:16,013 [INFO] CodeEngine:265 - oldGeneratedFile, C:\Users\nicks\STM32CubeIDE\workspace_1.19.0\AFR\AFR_SENSORS\CM7\MXTmpFiles\rtos_obj_creat.tmp_save
2025-07-30 13:00:16,055 [INFO] CodeEngine:289 - Generated code: C:\Users\nicks\STM32CubeIDE\workspace_1.19.0\AFR\AFR_SENSORS\CM7\MXTmpFiles\rtos_obj_creat.tmp
2025-07-30 13:00:16,060 [INFO] CodeEngine:265 - oldGeneratedFile, C:\Users\nicks\STM32CubeIDE\workspace_1.19.0\AFR\AFR_SENSORS\CM7\MXTmpFiles\rtos_default_thread.tmp_save
2025-07-30 13:00:16,102 [INFO] CodeEngine:289 - Generated code: C:\Users\nicks\STM32CubeIDE\workspace_1.19.0\AFR\AFR_SENSORS\CM7\MXTmpFiles\rtos_default_thread.tmp
2025-07-30 13:00:16,107 [INFO] CodeEngine:265 - oldGeneratedFile, C:\Users\nicks\STM32CubeIDE\workspace_1.19.0\AFR\AFR_SENSORS\CM7\MXTmpFiles\rtos_threads.tmp_save
2025-07-30 13:00:16,150 [INFO] CodeEngine:289 - Generated code: C:\Users\nicks\STM32CubeIDE\workspace_1.19.0\AFR\AFR_SENSORS\CM7\MXTmpFiles\rtos_threads.tmp
2025-07-30 13:00:16,155 [INFO] CodeEngine:265 - oldGeneratedFile, C:\Users\nicks\STM32CubeIDE\workspace_1.19.0\AFR\AFR_SENSORS\CM7\Core\Inc\FreeRTOSConfig.h_save
2025-07-30 13:00:16,214 [INFO] CodeEngine:289 - Generated code: C:\Users\nicks\STM32CubeIDE\workspace_1.19.0\AFR\AFR_SENSORS\CM7\Core\Inc\FreeRTOSConfig.h
2025-07-30 13:00:16,221 [INFO] CodeEngine:265 - oldGeneratedFile, C:\Users\nicks\STM32CubeIDE\workspace_1.19.0\AFR\AFR_SENSORS\CM7\Core\Src\freertos.c_save
2025-07-30 13:00:16,269 [INFO] CodeEngine:289 - Generated code: C:\Users\nicks\STM32CubeIDE\workspace_1.19.0\AFR\AFR_SENSORS\CM7\Core\Src\freertos.c
2025-07-30 13:00:16,310 [INFO] CodeEngine:265 - oldGeneratedFile, C:\Users\nicks\STM32CubeIDE\workspace_1.19.0\AFR\AFR_SENSORS\CM7\Core\Inc\stm32h7xx_nucleo_conf.h_save
2025-07-30 13:00:16,355 [INFO] CodeEngine:289 - Generated code: C:\Users\nicks\STM32CubeIDE\workspace_1.19.0\AFR\AFR_SENSORS\CM7\Core\Inc\stm32h7xx_nucleo_conf.h
2025-07-30 13:00:16,359 [INFO] CodeEngine:265 - oldGeneratedFile, C:\Users\nicks\STM32CubeIDE\workspace_1.19.0\AFR\AFR_SENSORS\CM7\MXTmpFiles\bsp_inc.tmp_save
2025-07-30 13:00:16,400 [INFO] CodeEngine:289 - Generated code: C:\Users\nicks\STM32CubeIDE\workspace_1.19.0\AFR\AFR_SENSORS\CM7\MXTmpFiles\bsp_inc.tmp
2025-07-30 13:00:16,404 [INFO] CodeEngine:265 - oldGeneratedFile, C:\Users\nicks\STM32CubeIDE\workspace_1.19.0\AFR\AFR_SENSORS\CM7\MXTmpFiles\bsp_common_vars.tmp_save
2025-07-30 13:00:16,443 [INFO] CodeEngine:289 - Generated code: C:\Users\nicks\STM32CubeIDE\workspace_1.19.0\AFR\AFR_SENSORS\CM7\MXTmpFiles\bsp_common_vars.tmp
2025-07-30 13:00:16,448 [INFO] CodeEngine:265 - oldGeneratedFile, C:\Users\nicks\STM32CubeIDE\workspace_1.19.0\AFR\AFR_SENSORS\CM7\MXTmpFiles\bsp_common_init.tmp_save
2025-07-30 13:00:16,486 [INFO] CodeEngine:289 - Generated code: C:\Users\nicks\STM32CubeIDE\workspace_1.19.0\AFR\AFR_SENSORS\CM7\MXTmpFiles\bsp_common_init.tmp
2025-07-30 13:00:16,490 [INFO] CodeEngine:265 - oldGeneratedFile, C:\Users\nicks\STM32CubeIDE\workspace_1.19.0\AFR\AFR_SENSORS\CM7\MXTmpFiles\bsp_common_demo_before_while.tmp_save
2025-07-30 13:00:16,530 [INFO] CodeEngine:289 - Generated code: C:\Users\nicks\STM32CubeIDE\workspace_1.19.0\AFR\AFR_SENSORS\CM7\MXTmpFiles\bsp_common_demo_before_while.tmp
2025-07-30 13:00:16,534 [INFO] CodeEngine:265 - oldGeneratedFile, C:\Users\nicks\STM32CubeIDE\workspace_1.19.0\AFR\AFR_SENSORS\CM7\MXTmpFiles\bsp_common_demo_inside_while.tmp_save
2025-07-30 13:00:16,572 [INFO] CodeEngine:289 - Generated code: C:\Users\nicks\STM32CubeIDE\workspace_1.19.0\AFR\AFR_SENSORS\CM7\MXTmpFiles\bsp_common_demo_inside_while.tmp
2025-07-30 13:00:16,577 [INFO] CodeEngine:265 - oldGeneratedFile, C:\Users\nicks\STM32CubeIDE\workspace_1.19.0\AFR\AFR_SENSORS\CM7\MXTmpFiles\bsp_common_demo_fct.tmp_save
2025-07-30 13:00:16,615 [INFO] CodeEngine:289 - Generated code: C:\Users\nicks\STM32CubeIDE\workspace_1.19.0\AFR\AFR_SENSORS\CM7\MXTmpFiles\bsp_common_demo_fct.tmp
2025-07-30 13:00:16,635 [INFO] CodeEngine:265 - oldGeneratedFile, C:\Users\nicks\STM32CubeIDE\workspace_1.19.0\AFR\AFR_SENSORS\CM7\Core\Src\stm32h7xx_it.c_save
2025-07-30 13:00:16,708 [INFO] CodeEngine:289 - Generated code: C:\Users\nicks\STM32CubeIDE\workspace_1.19.0\AFR\AFR_SENSORS\CM7\Core\Src\stm32h7xx_it.c
2025-07-30 13:00:16,714 [INFO] CodeEngine:265 - oldGeneratedFile, C:\Users\nicks\STM32CubeIDE\workspace_1.19.0\AFR\AFR_SENSORS\CM7\Core\Inc\stm32h7xx_it.h_save
2025-07-30 13:00:16,760 [INFO] CodeEngine:289 - Generated code: C:\Users\nicks\STM32CubeIDE\workspace_1.19.0\AFR\AFR_SENSORS\CM7\Core\Inc\stm32h7xx_it.h
2025-07-30 13:00:16,876 [INFO] CodeEngine:265 - oldGeneratedFile, C:\Users\nicks\STM32CubeIDE\workspace_1.19.0\AFR\AFR_SENSORS\CM7\Core\Src\stm32h7xx_hal_msp.c_save
2025-07-30 13:00:16,958 [INFO] CodeEngine:289 - Generated code: C:\Users\nicks\STM32CubeIDE\workspace_1.19.0\AFR\AFR_SENSORS\CM7\Core\Src\stm32h7xx_hal_msp.c
2025-07-30 13:00:16,963 [INFO] CodeEngine:265 - oldGeneratedFile, C:\Users\nicks\STM32CubeIDE\workspace_1.19.0\AFR\AFR_SENSORS\CM7\MXTmpFiles\system.tmp_save
2025-07-30 13:00:17,004 [INFO] CodeEngine:289 - Generated code: C:\Users\nicks\STM32CubeIDE\workspace_1.19.0\AFR\AFR_SENSORS\CM7\MXTmpFiles\system.tmp
2025-07-30 13:00:17,016 [INFO] CodeEngine:321 - oldGeneratedFile, C:\Users\nicks\STM32CubeIDE\workspace_1.19.0\AFR\AFR_SENSORS\CM7\Core\Inc\stm32h7xx_hal_conf.h_save
2025-07-30 13:00:17,064 [INFO] CodeEngine:345 - Generated code: C:\Users\nicks\STM32CubeIDE\workspace_1.19.0\AFR\AFR_SENSORS\CM7\Core\Inc\stm32h7xx_hal_conf.h
2025-07-30 13:00:17,099 [INFO] ApiDbMcu:532 - Load IP Config File for ADC3
2025-07-30 13:00:17,101 [INFO] ApiDbMcu:532 - Load IP Config File for I2C2
2025-07-30 13:00:17,108 [INFO] ApiDbMcu:532 - Load IP Config File for TIM1
2025-07-30 13:00:17,115 [INFO] ApiDbMcu:532 - Load IP Config File for USART2
2025-07-30 13:00:17,118 [INFO] ApiDbMcu:532 - Load IP Config File for RCC
2025-07-30 13:00:17,121 [WARN] IPConfigManager:3811 - IP not found : NVIC
2025-07-30 13:00:17,121 [WARN] IPConfigManager:3811 - IP not found : TIM
2025-07-30 13:00:17,122 [WARN] CodeGenerator:4259 - IP not found : null
2025-07-30 13:00:17,122 [WARN] CodeGenerator:4259 - IP not found : null
2025-07-30 13:00:17,130 [INFO] CodeEngine:265 - oldGeneratedFile, C:\Users\nicks\STM32CubeIDE\workspace_1.19.0\AFR\AFR_SENSORS\CM7\Core\Inc\main.h_save
2025-07-30 13:00:17,190 [INFO] CodeEngine:289 - Generated code: C:\Users\nicks\STM32CubeIDE\workspace_1.19.0\AFR\AFR_SENSORS\CM7\Core\Inc\main.h
2025-07-30 13:00:17,195 [INFO] CodeEngine:265 - oldGeneratedFile, C:\Users\nicks\STM32CubeIDE\workspace_1.19.0\AFR\AFR_SENSORS\CM7\Core\Src\main.c_save
2025-07-30 13:00:17,325 [INFO] CodeEngine:289 - Generated code: C:\Users\nicks\STM32CubeIDE\workspace_1.19.0\AFR\AFR_SENSORS\CM7\Core\Src\main.c
2025-07-30 13:00:17,380 [INFO] CodeGenerator:1619 - *******************Project context M4 selected
2025-07-30 13:00:17,428 [INFO] CodeEngine:265 - oldGeneratedFile, C:\Users\nicks\STM32CubeIDE\workspace_1.19.0\AFR\AFR_SENSORS\MXTmpFiles\license.tmp_save
2025-07-30 13:00:17,476 [INFO] CodeEngine:289 - Generated code: C:\Users\nicks\STM32CubeIDE\workspace_1.19.0\AFR\AFR_SENSORS\MXTmpFiles\license.tmp
2025-07-30 13:00:17,495 [INFO] CodeEngine:265 - oldGeneratedFile, C:\Users\nicks\STM32CubeIDE\workspace_1.19.0\AFR\AFR_SENSORS\CM4\MXTmpFiles\gpio.tmp_save
2025-07-30 13:00:17,545 [INFO] CodeEngine:289 - Generated code: C:\Users\nicks\STM32CubeIDE\workspace_1.19.0\AFR\AFR_SENSORS\CM4\MXTmpFiles\gpio.tmp
2025-07-30 13:00:17,613 [WARN] IPConfigManager:103 - WARNING: Missing Config File for NVIC2 ip!!
2025-07-30 13:00:17,680 [INFO] CodeEngine:265 - oldGeneratedFile, C:\Users\nicks\STM32CubeIDE\workspace_1.19.0\AFR\AFR_SENSORS\CM4\MXTmpFiles\cortex.tmp_save
2025-07-30 13:00:17,720 [INFO] CodeEngine:289 - Generated code: C:\Users\nicks\STM32CubeIDE\workspace_1.19.0\AFR\AFR_SENSORS\CM4\MXTmpFiles\cortex.tmp
2025-07-30 13:00:17,754 [INFO] CodeEngine:265 - oldGeneratedFile, C:\Users\nicks\STM32CubeIDE\workspace_1.19.0\AFR\AFR_SENSORS\CM4\Core\Inc\stm32h7xx_nucleo_conf.h_save
2025-07-30 13:00:17,798 [INFO] CodeEngine:289 - Generated code: C:\Users\nicks\STM32CubeIDE\workspace_1.19.0\AFR\AFR_SENSORS\CM4\Core\Inc\stm32h7xx_nucleo_conf.h
2025-07-30 13:00:17,803 [INFO] CodeEngine:265 - oldGeneratedFile, C:\Users\nicks\STM32CubeIDE\workspace_1.19.0\AFR\AFR_SENSORS\CM4\MXTmpFiles\bsp_inc.tmp_save
2025-07-30 13:00:17,843 [INFO] CodeEngine:289 - Generated code: C:\Users\nicks\STM32CubeIDE\workspace_1.19.0\AFR\AFR_SENSORS\CM4\MXTmpFiles\bsp_inc.tmp
2025-07-30 13:00:17,862 [INFO] CodeEngine:265 - oldGeneratedFile, C:\Users\nicks\STM32CubeIDE\workspace_1.19.0\AFR\AFR_SENSORS\CM4\Core\Src\stm32h7xx_it.c_save
2025-07-30 13:00:17,914 [INFO] CodeEngine:289 - Generated code: C:\Users\nicks\STM32CubeIDE\workspace_1.19.0\AFR\AFR_SENSORS\CM4\Core\Src\stm32h7xx_it.c
2025-07-30 13:00:17,920 [INFO] CodeEngine:265 - oldGeneratedFile, C:\Users\nicks\STM32CubeIDE\workspace_1.19.0\AFR\AFR_SENSORS\CM4\Core\Inc\stm32h7xx_it.h_save
2025-07-30 13:00:17,966 [INFO] CodeEngine:289 - Generated code: C:\Users\nicks\STM32CubeIDE\workspace_1.19.0\AFR\AFR_SENSORS\CM4\Core\Inc\stm32h7xx_it.h
2025-07-30 13:00:18,009 [INFO] CodeEngine:265 - oldGeneratedFile, C:\Users\nicks\STM32CubeIDE\workspace_1.19.0\AFR\AFR_SENSORS\CM4\Core\Src\stm32h7xx_hal_msp.c_save
2025-07-30 13:00:18,074 [INFO] CodeEngine:289 - Generated code: C:\Users\nicks\STM32CubeIDE\workspace_1.19.0\AFR\AFR_SENSORS\CM4\Core\Src\stm32h7xx_hal_msp.c
2025-07-30 13:00:18,078 [INFO] CodeEngine:265 - oldGeneratedFile, C:\Users\nicks\STM32CubeIDE\workspace_1.19.0\AFR\AFR_SENSORS\CM4\MXTmpFiles\system.tmp_save
2025-07-30 13:00:18,118 [INFO] CodeEngine:289 - Generated code: C:\Users\nicks\STM32CubeIDE\workspace_1.19.0\AFR\AFR_SENSORS\CM4\MXTmpFiles\system.tmp
2025-07-30 13:00:18,128 [INFO] CodeEngine:321 - oldGeneratedFile, C:\Users\nicks\STM32CubeIDE\workspace_1.19.0\AFR\AFR_SENSORS\CM4\Core\Inc\stm32h7xx_hal_conf.h_save
2025-07-30 13:00:18,175 [INFO] CodeEngine:345 - Generated code: C:\Users\nicks\STM32CubeIDE\workspace_1.19.0\AFR\AFR_SENSORS\CM4\Core\Inc\stm32h7xx_hal_conf.h
2025-07-30 13:00:18,187 [INFO] ApiDbMcu:532 - Load IP Config File for ADC1
2025-07-30 13:00:18,194 [INFO] ApiDbMcu:532 - Load IP Config File for UART4
2025-07-30 13:00:18,200 [INFO] ApiDbMcu:532 - Load IP Config File for UART5
2025-07-30 13:00:18,202 [WARN] IPConfigManager:3811 - IP not found : NVIC
2025-07-30 13:00:18,203 [WARN] CodeGenerator:4259 - IP not found : null
2025-07-30 13:00:18,210 [INFO] CodeEngine:265 - oldGeneratedFile, C:\Users\nicks\STM32CubeIDE\workspace_1.19.0\AFR\AFR_SENSORS\CM4\Core\Inc\main.h_save
2025-07-30 13:00:18,256 [INFO] CodeEngine:289 - Generated code: C:\Users\nicks\STM32CubeIDE\workspace_1.19.0\AFR\AFR_SENSORS\CM4\Core\Inc\main.h
2025-07-30 13:00:18,261 [INFO] CodeEngine:265 - oldGeneratedFile, C:\Users\nicks\STM32CubeIDE\workspace_1.19.0\AFR\AFR_SENSORS\CM4\Core\Src\main.c_save
2025-07-30 13:00:18,332 [INFO] CodeEngine:289 - Generated code: C:\Users\nicks\STM32CubeIDE\workspace_1.19.0\AFR\AFR_SENSORS\CM4\Core\Src\main.c
2025-07-30 13:00:18,773 [INFO] ProjectBuilder:3606 - Time for Copy HAL[1] : 282mS.
2025-07-30 13:00:18,790 [INFO] ProjectBuilder:5216 - Project Generator version: 4.7.0-B52
2025-07-30 13:00:18,857 [INFO] ConfigFileManager:1595 - The Die is : DIE450
2025-07-30 13:00:19,623 [INFO] LogOutputStream:77 - [STDOUT_REDIRECT] 
2025-07-30 13:00:24,630 [INFO] ProjectBuilder:5496 - Time for Generating toolchain IDE Files: 5840mS.
2025-07-30 13:00:24,631 [INFO] ProjectBuilder:3463 - Time for Copy CMSIS : 1mS.
2025-07-30 13:00:24,637 [INFO] ProjectBuilder:3463 - Time for Copy CMSIS : 0mS.
2025-07-30 13:00:57,688 [INFO] Gpio:278 - dependency for GPIO [ADC1, ADC3, I2C2, TIM1, UART4, UART5, USART2]
2025-07-30 13:01:26,681 [INFO] UtilMem:75 - End SaveConfig() Used Memory: 772369912 Bytes (1073741824)
2025-07-30 13:01:26,812 [INFO] UtilMem:75 - End SaveConfig() Used Memory: 796601520 Bytes (1073741824)
2025-07-30 13:01:27,486 [INFO] UtilMem:75 - End SaveConfig() Used Memory: 872984280 Bytes (1073741824)
2025-07-30 13:01:28,483 [ERROR] IocParser:95 - Exception caught: Cannot invoke "java.lang.CharSequence.length()" because "this.text" is null
2025-07-30 13:01:29,386 [INFO] BlockDiagram:2775 - set Specific Code input for plugin: FREERTOS
2025-07-30 13:01:29,386 [INFO] BlockDiagram:2775 - set Specific Code input for plugin: RCC
2025-07-30 13:01:29,386 [INFO] BlockDiagram:2775 - set Specific Code input for plugin: I2C
2025-07-30 13:01:29,386 [INFO] BlockDiagram:2775 - set Specific Code input for plugin: USART
2025-07-30 13:01:29,386 [INFO] BlockDiagram:2775 - set Specific Code input for plugin: TIM1_8H7
2025-07-30 13:01:29,386 [INFO] BlockDiagram:2775 - set Specific Code input for plugin: SYS
2025-07-30 13:01:29,386 [INFO] BlockDiagram:2775 - set Specific Code input for plugin: ADC
2025-07-30 13:01:29,386 [INFO] BlockDiagram:2775 - set Specific Code input for plugin: ADC
2025-07-30 13:01:29,386 [INFO] BlockDiagram:2775 - set Specific Code input for plugin: NVIC2
2025-07-30 13:01:29,386 [INFO] BlockDiagram:2775 - set Specific Code input for plugin: UART
2025-07-30 13:01:29,387 [INFO] BlockDiagram:2775 - set Specific Code input for plugin: UART
2025-07-30 13:01:29,387 [INFO] BlockDiagram:2775 - set Specific Code input for plugin: GPIO
2025-07-30 13:01:29,387 [INFO] BlockDiagram:2775 - set Specific Code input for plugin: SYS_M4
2025-07-30 13:01:29,387 [INFO] BlockDiagram:2775 - set Specific Code input for plugin: NUCLEO-H755ZI-Q
2025-07-30 13:01:29,387 [INFO] BlockDiagram:2775 - set Specific Code input for plugin: NVIC1
2025-07-30 13:01:29,388 [INFO] CodeGenerator:892 - code generatio: config db path: C:\ST\STM32CubeIDE_1.19.0\STM32CubeIDE\plugins\com.st.stm32cube.common.mx_6.15.0.202507011659\\db\
2025-07-30 13:01:29,452 [ERROR] CodeGenerator:10662 - The current RTOS owner has not been found in the list of IPs
2025-07-30 13:01:29,453 [INFO] CodeGenerator:1619 - *******************Project context M7 selected
2025-07-30 13:01:29,499 [INFO] CodeEngine:265 - oldGeneratedFile, C:\Users\nicks\STM32CubeIDE\workspace_1.19.0\AFR\AFR_SENSORS\MXTmpFiles\license.tmp_save
2025-07-30 13:01:29,622 [INFO] CodeEngine:289 - Generated code: C:\Users\nicks\STM32CubeIDE\workspace_1.19.0\AFR\AFR_SENSORS\MXTmpFiles\license.tmp
2025-07-30 13:01:29,730 [INFO] CodeEngine:265 - oldGeneratedFile, C:\Users\nicks\STM32CubeIDE\workspace_1.19.0\AFR\AFR_SENSORS\CM7\MXTmpFiles\gpio.tmp_save
2025-07-30 13:01:29,802 [INFO] CodeEngine:289 - Generated code: C:\Users\nicks\STM32CubeIDE\workspace_1.19.0\AFR\AFR_SENSORS\CM7\MXTmpFiles\gpio.tmp
2025-07-30 13:01:30,140 [WARN] IPConfigManager:103 - WARNING: Missing Config File for NVIC1 ip!!
2025-07-30 13:01:30,461 [ERROR] CodeGenerator:10662 - The current RTOS owner has not been found in the list of IPs
2025-07-30 13:01:30,468 [INFO] CodeEngine:265 - oldGeneratedFile, C:\Users\nicks\STM32CubeIDE\workspace_1.19.0\AFR\AFR_SENSORS\CM7\MXTmpFiles\cortex.tmp_save
2025-07-30 13:01:30,516 [INFO] CodeEngine:289 - Generated code: C:\Users\nicks\STM32CubeIDE\workspace_1.19.0\AFR\AFR_SENSORS\CM7\MXTmpFiles\cortex.tmp
2025-07-30 13:01:30,536 [INFO] Middleware:1452 - No code input for Bsp Dependency
2025-07-30 13:01:30,542 [INFO] CodeEngine:265 - oldGeneratedFile, C:\Users\nicks\STM32CubeIDE\workspace_1.19.0\AFR\AFR_SENSORS\CM7\MXTmpFiles\rtos_inc.tmp_save
2025-07-30 13:01:30,582 [INFO] CodeEngine:289 - Generated code: C:\Users\nicks\STM32CubeIDE\workspace_1.19.0\AFR\AFR_SENSORS\CM7\MXTmpFiles\rtos_inc.tmp
2025-07-30 13:01:30,587 [INFO] CodeEngine:265 - oldGeneratedFile, C:\Users\nicks\STM32CubeIDE\workspace_1.19.0\AFR\AFR_SENSORS\CM7\MXTmpFiles\rtos_kernelInit.tmp_save
2025-07-30 13:01:30,628 [INFO] CodeEngine:289 - Generated code: C:\Users\nicks\STM32CubeIDE\workspace_1.19.0\AFR\AFR_SENSORS\CM7\MXTmpFiles\rtos_kernelInit.tmp
2025-07-30 13:01:30,633 [INFO] CodeEngine:265 - oldGeneratedFile, C:\Users\nicks\STM32CubeIDE\workspace_1.19.0\AFR\AFR_SENSORS\CM7\MXTmpFiles\rtos_kernelStart.tmp_save
2025-07-30 13:01:30,676 [INFO] CodeEngine:289 - Generated code: C:\Users\nicks\STM32CubeIDE\workspace_1.19.0\AFR\AFR_SENSORS\CM7\MXTmpFiles\rtos_kernelStart.tmp
2025-07-30 13:01:30,681 [INFO] CodeEngine:265 - oldGeneratedFile, C:\Users\nicks\STM32CubeIDE\workspace_1.19.0\AFR\AFR_SENSORS\CM7\MXTmpFiles\rtos_typedefs.tmp_save
2025-07-30 13:01:30,725 [INFO] CodeEngine:289 - Generated code: C:\Users\nicks\STM32CubeIDE\workspace_1.19.0\AFR\AFR_SENSORS\CM7\MXTmpFiles\rtos_typedefs.tmp
2025-07-30 13:01:30,729 [INFO] CodeEngine:265 - oldGeneratedFile, C:\Users\nicks\STM32CubeIDE\workspace_1.19.0\AFR\AFR_SENSORS\CM7\MXTmpFiles\rtos_vars.tmp_save
2025-07-30 13:01:30,771 [INFO] CodeEngine:289 - Generated code: C:\Users\nicks\STM32CubeIDE\workspace_1.19.0\AFR\AFR_SENSORS\CM7\MXTmpFiles\rtos_vars.tmp
2025-07-30 13:01:30,776 [INFO] CodeEngine:265 - oldGeneratedFile, C:\Users\nicks\STM32CubeIDE\workspace_1.19.0\AFR\AFR_SENSORS\CM7\MXTmpFiles\rtos_pfp.tmp_save
2025-07-30 13:01:30,816 [INFO] CodeEngine:289 - Generated code: C:\Users\nicks\STM32CubeIDE\workspace_1.19.0\AFR\AFR_SENSORS\CM7\MXTmpFiles\rtos_pfp.tmp
2025-07-30 13:01:30,820 [INFO] CodeEngine:265 - oldGeneratedFile, C:\Users\nicks\STM32CubeIDE\workspace_1.19.0\AFR\AFR_SENSORS\CM7\MXTmpFiles\rtos_obj_creat.tmp_save
2025-07-30 13:01:30,862 [INFO] CodeEngine:289 - Generated code: C:\Users\nicks\STM32CubeIDE\workspace_1.19.0\AFR\AFR_SENSORS\CM7\MXTmpFiles\rtos_obj_creat.tmp
2025-07-30 13:01:30,867 [INFO] CodeEngine:265 - oldGeneratedFile, C:\Users\nicks\STM32CubeIDE\workspace_1.19.0\AFR\AFR_SENSORS\CM7\MXTmpFiles\rtos_default_thread.tmp_save
2025-07-30 13:01:30,912 [INFO] CodeEngine:289 - Generated code: C:\Users\nicks\STM32CubeIDE\workspace_1.19.0\AFR\AFR_SENSORS\CM7\MXTmpFiles\rtos_default_thread.tmp
2025-07-30 13:01:30,917 [INFO] CodeEngine:265 - oldGeneratedFile, C:\Users\nicks\STM32CubeIDE\workspace_1.19.0\AFR\AFR_SENSORS\CM7\MXTmpFiles\rtos_threads.tmp_save
2025-07-30 13:01:30,958 [INFO] CodeEngine:289 - Generated code: C:\Users\nicks\STM32CubeIDE\workspace_1.19.0\AFR\AFR_SENSORS\CM7\MXTmpFiles\rtos_threads.tmp
2025-07-30 13:01:30,964 [INFO] CodeEngine:265 - oldGeneratedFile, C:\Users\nicks\STM32CubeIDE\workspace_1.19.0\AFR\AFR_SENSORS\CM7\Core\Inc\FreeRTOSConfig.h_save
2025-07-30 13:01:31,017 [INFO] CodeEngine:289 - Generated code: C:\Users\nicks\STM32CubeIDE\workspace_1.19.0\AFR\AFR_SENSORS\CM7\Core\Inc\FreeRTOSConfig.h
2025-07-30 13:01:31,023 [INFO] CodeEngine:265 - oldGeneratedFile, C:\Users\nicks\STM32CubeIDE\workspace_1.19.0\AFR\AFR_SENSORS\CM7\Core\Src\freertos.c_save
2025-07-30 13:01:31,071 [INFO] CodeEngine:289 - Generated code: C:\Users\nicks\STM32CubeIDE\workspace_1.19.0\AFR\AFR_SENSORS\CM7\Core\Src\freertos.c
2025-07-30 13:01:31,107 [INFO] CodeEngine:265 - oldGeneratedFile, C:\Users\nicks\STM32CubeIDE\workspace_1.19.0\AFR\AFR_SENSORS\CM7\Core\Inc\stm32h7xx_nucleo_conf.h_save
2025-07-30 13:01:31,150 [INFO] CodeEngine:289 - Generated code: C:\Users\nicks\STM32CubeIDE\workspace_1.19.0\AFR\AFR_SENSORS\CM7\Core\Inc\stm32h7xx_nucleo_conf.h
2025-07-30 13:01:31,155 [INFO] CodeEngine:265 - oldGeneratedFile, C:\Users\nicks\STM32CubeIDE\workspace_1.19.0\AFR\AFR_SENSORS\CM7\MXTmpFiles\bsp_inc.tmp_save
2025-07-30 13:01:31,200 [INFO] CodeEngine:289 - Generated code: C:\Users\nicks\STM32CubeIDE\workspace_1.19.0\AFR\AFR_SENSORS\CM7\MXTmpFiles\bsp_inc.tmp
2025-07-30 13:01:31,204 [INFO] CodeEngine:265 - oldGeneratedFile, C:\Users\nicks\STM32CubeIDE\workspace_1.19.0\AFR\AFR_SENSORS\CM7\MXTmpFiles\bsp_common_vars.tmp_save
2025-07-30 13:01:31,244 [INFO] CodeEngine:289 - Generated code: C:\Users\nicks\STM32CubeIDE\workspace_1.19.0\AFR\AFR_SENSORS\CM7\MXTmpFiles\bsp_common_vars.tmp
2025-07-30 13:01:31,249 [INFO] CodeEngine:265 - oldGeneratedFile, C:\Users\nicks\STM32CubeIDE\workspace_1.19.0\AFR\AFR_SENSORS\CM7\MXTmpFiles\bsp_common_init.tmp_save
2025-07-30 13:01:31,288 [INFO] CodeEngine:289 - Generated code: C:\Users\nicks\STM32CubeIDE\workspace_1.19.0\AFR\AFR_SENSORS\CM7\MXTmpFiles\bsp_common_init.tmp
2025-07-30 13:01:31,292 [INFO] CodeEngine:265 - oldGeneratedFile, C:\Users\nicks\STM32CubeIDE\workspace_1.19.0\AFR\AFR_SENSORS\CM7\MXTmpFiles\bsp_common_demo_before_while.tmp_save
2025-07-30 13:01:31,330 [INFO] CodeEngine:289 - Generated code: C:\Users\nicks\STM32CubeIDE\workspace_1.19.0\AFR\AFR_SENSORS\CM7\MXTmpFiles\bsp_common_demo_before_while.tmp
2025-07-30 13:01:31,335 [INFO] CodeEngine:265 - oldGeneratedFile, C:\Users\nicks\STM32CubeIDE\workspace_1.19.0\AFR\AFR_SENSORS\CM7\MXTmpFiles\bsp_common_demo_inside_while.tmp_save
2025-07-30 13:01:31,376 [INFO] CodeEngine:289 - Generated code: C:\Users\nicks\STM32CubeIDE\workspace_1.19.0\AFR\AFR_SENSORS\CM7\MXTmpFiles\bsp_common_demo_inside_while.tmp
2025-07-30 13:01:31,382 [INFO] CodeEngine:265 - oldGeneratedFile, C:\Users\nicks\STM32CubeIDE\workspace_1.19.0\AFR\AFR_SENSORS\CM7\MXTmpFiles\bsp_common_demo_fct.tmp_save
2025-07-30 13:01:31,420 [INFO] CodeEngine:289 - Generated code: C:\Users\nicks\STM32CubeIDE\workspace_1.19.0\AFR\AFR_SENSORS\CM7\MXTmpFiles\bsp_common_demo_fct.tmp
2025-07-30 13:01:31,441 [INFO] CodeEngine:265 - oldGeneratedFile, C:\Users\nicks\STM32CubeIDE\workspace_1.19.0\AFR\AFR_SENSORS\CM7\Core\Src\stm32h7xx_it.c_save
2025-07-30 13:01:31,503 [INFO] CodeEngine:289 - Generated code: C:\Users\nicks\STM32CubeIDE\workspace_1.19.0\AFR\AFR_SENSORS\CM7\Core\Src\stm32h7xx_it.c
2025-07-30 13:01:31,510 [INFO] CodeEngine:265 - oldGeneratedFile, C:\Users\nicks\STM32CubeIDE\workspace_1.19.0\AFR\AFR_SENSORS\CM7\Core\Inc\stm32h7xx_it.h_save
2025-07-30 13:01:31,556 [INFO] CodeEngine:289 - Generated code: C:\Users\nicks\STM32CubeIDE\workspace_1.19.0\AFR\AFR_SENSORS\CM7\Core\Inc\stm32h7xx_it.h
2025-07-30 13:01:31,667 [INFO] CodeEngine:265 - oldGeneratedFile, C:\Users\nicks\STM32CubeIDE\workspace_1.19.0\AFR\AFR_SENSORS\CM7\Core\Src\stm32h7xx_hal_msp.c_save
2025-07-30 13:01:31,741 [INFO] CodeEngine:289 - Generated code: C:\Users\nicks\STM32CubeIDE\workspace_1.19.0\AFR\AFR_SENSORS\CM7\Core\Src\stm32h7xx_hal_msp.c
2025-07-30 13:01:31,746 [INFO] CodeEngine:265 - oldGeneratedFile, C:\Users\nicks\STM32CubeIDE\workspace_1.19.0\AFR\AFR_SENSORS\CM7\MXTmpFiles\system.tmp_save
2025-07-30 13:01:31,788 [INFO] CodeEngine:289 - Generated code: C:\Users\nicks\STM32CubeIDE\workspace_1.19.0\AFR\AFR_SENSORS\CM7\MXTmpFiles\system.tmp
2025-07-30 13:01:31,799 [INFO] CodeEngine:321 - oldGeneratedFile, C:\Users\nicks\STM32CubeIDE\workspace_1.19.0\AFR\AFR_SENSORS\CM7\Core\Inc\stm32h7xx_hal_conf.h_save
2025-07-30 13:01:31,845 [INFO] CodeEngine:345 - Generated code: C:\Users\nicks\STM32CubeIDE\workspace_1.19.0\AFR\AFR_SENSORS\CM7\Core\Inc\stm32h7xx_hal_conf.h
2025-07-30 13:01:31,881 [WARN] IPConfigManager:3811 - IP not found : NVIC
2025-07-30 13:01:31,881 [WARN] IPConfigManager:3811 - IP not found : TIM
2025-07-30 13:01:31,882 [WARN] CodeGenerator:4259 - IP not found : null
2025-07-30 13:01:31,882 [WARN] CodeGenerator:4259 - IP not found : null
2025-07-30 13:01:31,889 [INFO] CodeEngine:265 - oldGeneratedFile, C:\Users\nicks\STM32CubeIDE\workspace_1.19.0\AFR\AFR_SENSORS\CM7\Core\Inc\main.h_save
2025-07-30 13:01:31,942 [INFO] CodeEngine:289 - Generated code: C:\Users\nicks\STM32CubeIDE\workspace_1.19.0\AFR\AFR_SENSORS\CM7\Core\Inc\main.h
2025-07-30 13:01:31,948 [INFO] CodeEngine:265 - oldGeneratedFile, C:\Users\nicks\STM32CubeIDE\workspace_1.19.0\AFR\AFR_SENSORS\CM7\Core\Src\main.c_save
2025-07-30 13:01:32,043 [INFO] CodeEngine:289 - Generated code: C:\Users\nicks\STM32CubeIDE\workspace_1.19.0\AFR\AFR_SENSORS\CM7\Core\Src\main.c
2025-07-30 13:01:32,097 [INFO] CodeGenerator:1619 - *******************Project context M4 selected
2025-07-30 13:01:32,146 [INFO] CodeEngine:265 - oldGeneratedFile, C:\Users\nicks\STM32CubeIDE\workspace_1.19.0\AFR\AFR_SENSORS\MXTmpFiles\license.tmp_save
2025-07-30 13:01:32,190 [INFO] CodeEngine:289 - Generated code: C:\Users\nicks\STM32CubeIDE\workspace_1.19.0\AFR\AFR_SENSORS\MXTmpFiles\license.tmp
2025-07-30 13:01:32,209 [INFO] CodeEngine:265 - oldGeneratedFile, C:\Users\nicks\STM32CubeIDE\workspace_1.19.0\AFR\AFR_SENSORS\CM4\MXTmpFiles\gpio.tmp_save
2025-07-30 13:01:32,252 [INFO] CodeEngine:289 - Generated code: C:\Users\nicks\STM32CubeIDE\workspace_1.19.0\AFR\AFR_SENSORS\CM4\MXTmpFiles\gpio.tmp
2025-07-30 13:01:32,296 [WARN] IPConfigManager:103 - WARNING: Missing Config File for NVIC2 ip!!
2025-07-30 13:01:32,365 [INFO] CodeEngine:265 - oldGeneratedFile, C:\Users\nicks\STM32CubeIDE\workspace_1.19.0\AFR\AFR_SENSORS\CM4\MXTmpFiles\cortex.tmp_save
2025-07-30 13:01:32,405 [INFO] CodeEngine:289 - Generated code: C:\Users\nicks\STM32CubeIDE\workspace_1.19.0\AFR\AFR_SENSORS\CM4\MXTmpFiles\cortex.tmp
2025-07-30 13:01:32,440 [INFO] CodeEngine:265 - oldGeneratedFile, C:\Users\nicks\STM32CubeIDE\workspace_1.19.0\AFR\AFR_SENSORS\CM4\Core\Inc\stm32h7xx_nucleo_conf.h_save
2025-07-30 13:01:32,486 [INFO] CodeEngine:289 - Generated code: C:\Users\nicks\STM32CubeIDE\workspace_1.19.0\AFR\AFR_SENSORS\CM4\Core\Inc\stm32h7xx_nucleo_conf.h
2025-07-30 13:01:32,490 [INFO] CodeEngine:265 - oldGeneratedFile, C:\Users\nicks\STM32CubeIDE\workspace_1.19.0\AFR\AFR_SENSORS\CM4\MXTmpFiles\bsp_inc.tmp_save
2025-07-30 13:01:32,532 [INFO] CodeEngine:289 - Generated code: C:\Users\nicks\STM32CubeIDE\workspace_1.19.0\AFR\AFR_SENSORS\CM4\MXTmpFiles\bsp_inc.tmp
2025-07-30 13:01:32,549 [INFO] CodeEngine:265 - oldGeneratedFile, C:\Users\nicks\STM32CubeIDE\workspace_1.19.0\AFR\AFR_SENSORS\CM4\Core\Src\stm32h7xx_it.c_save
2025-07-30 13:01:32,598 [INFO] CodeEngine:289 - Generated code: C:\Users\nicks\STM32CubeIDE\workspace_1.19.0\AFR\AFR_SENSORS\CM4\Core\Src\stm32h7xx_it.c
2025-07-30 13:01:32,604 [INFO] CodeEngine:265 - oldGeneratedFile, C:\Users\nicks\STM32CubeIDE\workspace_1.19.0\AFR\AFR_SENSORS\CM4\Core\Inc\stm32h7xx_it.h_save
2025-07-30 13:01:32,649 [INFO] CodeEngine:289 - Generated code: C:\Users\nicks\STM32CubeIDE\workspace_1.19.0\AFR\AFR_SENSORS\CM4\Core\Inc\stm32h7xx_it.h
2025-07-30 13:01:32,695 [INFO] CodeEngine:265 - oldGeneratedFile, C:\Users\nicks\STM32CubeIDE\workspace_1.19.0\AFR\AFR_SENSORS\CM4\Core\Src\stm32h7xx_hal_msp.c_save
2025-07-30 13:01:32,762 [INFO] CodeEngine:289 - Generated code: C:\Users\nicks\STM32CubeIDE\workspace_1.19.0\AFR\AFR_SENSORS\CM4\Core\Src\stm32h7xx_hal_msp.c
2025-07-30 13:01:32,767 [INFO] CodeEngine:265 - oldGeneratedFile, C:\Users\nicks\STM32CubeIDE\workspace_1.19.0\AFR\AFR_SENSORS\CM4\MXTmpFiles\system.tmp_save
2025-07-30 13:01:32,808 [INFO] CodeEngine:289 - Generated code: C:\Users\nicks\STM32CubeIDE\workspace_1.19.0\AFR\AFR_SENSORS\CM4\MXTmpFiles\system.tmp
2025-07-30 13:01:32,819 [INFO] CodeEngine:321 - oldGeneratedFile, C:\Users\nicks\STM32CubeIDE\workspace_1.19.0\AFR\AFR_SENSORS\CM4\Core\Inc\stm32h7xx_hal_conf.h_save
2025-07-30 13:01:32,864 [INFO] CodeEngine:345 - Generated code: C:\Users\nicks\STM32CubeIDE\workspace_1.19.0\AFR\AFR_SENSORS\CM4\Core\Inc\stm32h7xx_hal_conf.h
2025-07-30 13:01:32,877 [WARN] IPConfigManager:3811 - IP not found : NVIC
2025-07-30 13:01:32,878 [WARN] CodeGenerator:4259 - IP not found : null
2025-07-30 13:01:32,885 [INFO] CodeEngine:265 - oldGeneratedFile, C:\Users\nicks\STM32CubeIDE\workspace_1.19.0\AFR\AFR_SENSORS\CM4\Core\Inc\main.h_save
2025-07-30 13:01:32,930 [INFO] CodeEngine:289 - Generated code: C:\Users\nicks\STM32CubeIDE\workspace_1.19.0\AFR\AFR_SENSORS\CM4\Core\Inc\main.h
2025-07-30 13:01:32,936 [INFO] CodeEngine:265 - oldGeneratedFile, C:\Users\nicks\STM32CubeIDE\workspace_1.19.0\AFR\AFR_SENSORS\CM4\Core\Src\main.c_save
2025-07-30 13:01:33,004 [INFO] CodeEngine:289 - Generated code: C:\Users\nicks\STM32CubeIDE\workspace_1.19.0\AFR\AFR_SENSORS\CM4\Core\Src\main.c
2025-07-30 13:01:33,430 [INFO] ProjectBuilder:3606 - Time for Copy HAL[1] : 252mS.
2025-07-30 13:01:33,444 [INFO] ProjectBuilder:5216 - Project Generator version: 4.7.0-B52
2025-07-30 13:01:33,502 [INFO] ConfigFileManager:1595 - The Die is : DIE450
2025-07-30 13:01:38,788 [INFO] ProjectBuilder:5496 - Time for Generating toolchain IDE Files: 5344mS.
2025-07-30 13:01:38,789 [INFO] ProjectBuilder:3463 - Time for Copy CMSIS : 0mS.
2025-07-30 13:01:38,794 [INFO] ProjectBuilder:3463 - Time for Copy CMSIS : 0mS.
2025-07-30 13:01:49,631 [INFO] Gpio:278 - dependency for GPIO [ADC1, ADC3, I2C2, TIM1, UART4, UART5, USART2]
2025-07-30 13:01:49,715 [INFO] NvicIntPanel:101 - NVIC parent = com.st.microxplorer.plugins.ip.nvic.MultiNvicIntPanel[,0,0,0x0,invalid,layout=javax.swing.BoxLayout,alignmentX=0.0,alignmentY=0.0,border=,flags=9,maximumSize=,minimumSize=,preferredSize=]
2025-07-30 13:01:50,888 [INFO] Gpio:278 - dependency for GPIO [ADC1, ADC3, I2C2, TIM1, UART4, UART5, USART2]
2025-07-30 13:01:50,935 [INFO] NvicIntPanel:101 - NVIC parent = com.st.microxplorer.plugins.ip.nvic.MultiNvicIntPanel[,0,0,0x0,invalid,layout=javax.swing.BoxLayout,alignmentX=0.0,alignmentY=0.0,border=,flags=9,maximumSize=,minimumSize=,preferredSize=]
2025-07-30 13:01:56,086 [INFO] Gpio:278 - dependency for GPIO [ADC1, ADC3, I2C2, TIM1, UART4, UART5, USART2]
2025-07-30 13:02:07,917 [INFO] UtilMem:75 - End SaveConfig() Used Memory: 848134616 Bytes (1073741824)
2025-07-30 13:02:08,043 [INFO] UtilMem:75 - End SaveConfig() Used Memory: 871714184 Bytes (1073741824)
2025-07-30 13:02:08,667 [INFO] UtilMem:75 - End SaveConfig() Used Memory: 936196912 Bytes (1073741824)
2025-07-30 13:02:09,729 [ERROR] IocParser:95 - Exception caught: Cannot invoke "java.lang.CharSequence.length()" because "this.text" is null
2025-07-30 13:02:10,611 [INFO] BlockDiagram:2775 - set Specific Code input for plugin: FREERTOS
2025-07-30 13:02:10,611 [INFO] BlockDiagram:2775 - set Specific Code input for plugin: RCC
2025-07-30 13:02:10,611 [INFO] BlockDiagram:2775 - set Specific Code input for plugin: I2C
2025-07-30 13:02:10,611 [INFO] BlockDiagram:2775 - set Specific Code input for plugin: USART
2025-07-30 13:02:10,611 [INFO] BlockDiagram:2775 - set Specific Code input for plugin: TIM1_8H7
2025-07-30 13:02:10,611 [INFO] BlockDiagram:2775 - set Specific Code input for plugin: SYS
2025-07-30 13:02:10,611 [INFO] BlockDiagram:2775 - set Specific Code input for plugin: ADC
2025-07-30 13:02:10,611 [INFO] BlockDiagram:2775 - set Specific Code input for plugin: ADC
2025-07-30 13:02:10,611 [INFO] BlockDiagram:2775 - set Specific Code input for plugin: NVIC2
2025-07-30 13:02:10,611 [INFO] BlockDiagram:2775 - set Specific Code input for plugin: UART
2025-07-30 13:02:10,611 [INFO] BlockDiagram:2775 - set Specific Code input for plugin: UART
2025-07-30 13:02:10,612 [INFO] BlockDiagram:2775 - set Specific Code input for plugin: GPIO
2025-07-30 13:02:10,612 [INFO] BlockDiagram:2775 - set Specific Code input for plugin: SYS_M4
2025-07-30 13:02:10,612 [INFO] BlockDiagram:2775 - set Specific Code input for plugin: NUCLEO-H755ZI-Q
2025-07-30 13:02:10,612 [INFO] BlockDiagram:2775 - set Specific Code input for plugin: NVIC1
2025-07-30 13:02:10,612 [INFO] CodeGenerator:892 - code generatio: config db path: C:\ST\STM32CubeIDE_1.19.0\STM32CubeIDE\plugins\com.st.stm32cube.common.mx_6.15.0.202507011659\\db\
2025-07-30 13:02:10,670 [ERROR] CodeGenerator:10662 - The current RTOS owner has not been found in the list of IPs
2025-07-30 13:02:10,670 [INFO] CodeGenerator:1619 - *******************Project context M7 selected
2025-07-30 13:02:10,714 [INFO] CodeEngine:265 - oldGeneratedFile, C:\Users\nicks\STM32CubeIDE\workspace_1.19.0\AFR\AFR_SENSORS\MXTmpFiles\license.tmp_save
2025-07-30 13:02:10,828 [INFO] CodeEngine:289 - Generated code: C:\Users\nicks\STM32CubeIDE\workspace_1.19.0\AFR\AFR_SENSORS\MXTmpFiles\license.tmp
2025-07-30 13:02:10,923 [INFO] CodeEngine:265 - oldGeneratedFile, C:\Users\nicks\STM32CubeIDE\workspace_1.19.0\AFR\AFR_SENSORS\CM7\MXTmpFiles\gpio.tmp_save
2025-07-30 13:02:11,009 [INFO] CodeEngine:289 - Generated code: C:\Users\nicks\STM32CubeIDE\workspace_1.19.0\AFR\AFR_SENSORS\CM7\MXTmpFiles\gpio.tmp
2025-07-30 13:02:11,344 [WARN] IPConfigManager:103 - WARNING: Missing Config File for NVIC1 ip!!
2025-07-30 13:02:11,601 [ERROR] CodeGenerator:10662 - The current RTOS owner has not been found in the list of IPs
2025-07-30 13:02:11,609 [INFO] CodeEngine:265 - oldGeneratedFile, C:\Users\nicks\STM32CubeIDE\workspace_1.19.0\AFR\AFR_SENSORS\CM7\MXTmpFiles\cortex.tmp_save
2025-07-30 13:02:11,660 [INFO] CodeEngine:289 - Generated code: C:\Users\nicks\STM32CubeIDE\workspace_1.19.0\AFR\AFR_SENSORS\CM7\MXTmpFiles\cortex.tmp
2025-07-30 13:02:11,679 [INFO] Middleware:1452 - No code input for Bsp Dependency
2025-07-30 13:02:11,686 [INFO] CodeEngine:265 - oldGeneratedFile, C:\Users\nicks\STM32CubeIDE\workspace_1.19.0\AFR\AFR_SENSORS\CM7\MXTmpFiles\rtos_inc.tmp_save
2025-07-30 13:02:11,737 [INFO] CodeEngine:289 - Generated code: C:\Users\nicks\STM32CubeIDE\workspace_1.19.0\AFR\AFR_SENSORS\CM7\MXTmpFiles\rtos_inc.tmp
2025-07-30 13:02:11,742 [INFO] CodeEngine:265 - oldGeneratedFile, C:\Users\nicks\STM32CubeIDE\workspace_1.19.0\AFR\AFR_SENSORS\CM7\MXTmpFiles\rtos_kernelInit.tmp_save
2025-07-30 13:02:11,790 [INFO] CodeEngine:289 - Generated code: C:\Users\nicks\STM32CubeIDE\workspace_1.19.0\AFR\AFR_SENSORS\CM7\MXTmpFiles\rtos_kernelInit.tmp
2025-07-30 13:02:11,795 [INFO] CodeEngine:265 - oldGeneratedFile, C:\Users\nicks\STM32CubeIDE\workspace_1.19.0\AFR\AFR_SENSORS\CM7\MXTmpFiles\rtos_kernelStart.tmp_save
2025-07-30 13:02:11,843 [INFO] CodeEngine:289 - Generated code: C:\Users\nicks\STM32CubeIDE\workspace_1.19.0\AFR\AFR_SENSORS\CM7\MXTmpFiles\rtos_kernelStart.tmp
2025-07-30 13:02:11,848 [INFO] CodeEngine:265 - oldGeneratedFile, C:\Users\nicks\STM32CubeIDE\workspace_1.19.0\AFR\AFR_SENSORS\CM7\MXTmpFiles\rtos_typedefs.tmp_save
2025-07-30 13:02:11,890 [INFO] CodeEngine:289 - Generated code: C:\Users\nicks\STM32CubeIDE\workspace_1.19.0\AFR\AFR_SENSORS\CM7\MXTmpFiles\rtos_typedefs.tmp
2025-07-30 13:02:11,895 [INFO] CodeEngine:265 - oldGeneratedFile, C:\Users\nicks\STM32CubeIDE\workspace_1.19.0\AFR\AFR_SENSORS\CM7\MXTmpFiles\rtos_vars.tmp_save
2025-07-30 13:02:11,939 [INFO] CodeEngine:289 - Generated code: C:\Users\nicks\STM32CubeIDE\workspace_1.19.0\AFR\AFR_SENSORS\CM7\MXTmpFiles\rtos_vars.tmp
2025-07-30 13:02:11,943 [INFO] CodeEngine:265 - oldGeneratedFile, C:\Users\nicks\STM32CubeIDE\workspace_1.19.0\AFR\AFR_SENSORS\CM7\MXTmpFiles\rtos_pfp.tmp_save
2025-07-30 13:02:11,982 [INFO] CodeEngine:289 - Generated code: C:\Users\nicks\STM32CubeIDE\workspace_1.19.0\AFR\AFR_SENSORS\CM7\MXTmpFiles\rtos_pfp.tmp
2025-07-30 13:02:11,987 [INFO] CodeEngine:265 - oldGeneratedFile, C:\Users\nicks\STM32CubeIDE\workspace_1.19.0\AFR\AFR_SENSORS\CM7\MXTmpFiles\rtos_obj_creat.tmp_save
2025-07-30 13:02:12,029 [INFO] CodeEngine:289 - Generated code: C:\Users\nicks\STM32CubeIDE\workspace_1.19.0\AFR\AFR_SENSORS\CM7\MXTmpFiles\rtos_obj_creat.tmp
2025-07-30 13:02:12,035 [INFO] CodeEngine:265 - oldGeneratedFile, C:\Users\nicks\STM32CubeIDE\workspace_1.19.0\AFR\AFR_SENSORS\CM7\MXTmpFiles\rtos_default_thread.tmp_save
2025-07-30 13:02:12,077 [INFO] CodeEngine:289 - Generated code: C:\Users\nicks\STM32CubeIDE\workspace_1.19.0\AFR\AFR_SENSORS\CM7\MXTmpFiles\rtos_default_thread.tmp
2025-07-30 13:02:12,082 [INFO] CodeEngine:265 - oldGeneratedFile, C:\Users\nicks\STM32CubeIDE\workspace_1.19.0\AFR\AFR_SENSORS\CM7\MXTmpFiles\rtos_threads.tmp_save
2025-07-30 13:02:12,122 [INFO] CodeEngine:289 - Generated code: C:\Users\nicks\STM32CubeIDE\workspace_1.19.0\AFR\AFR_SENSORS\CM7\MXTmpFiles\rtos_threads.tmp
2025-07-30 13:02:12,129 [INFO] CodeEngine:265 - oldGeneratedFile, C:\Users\nicks\STM32CubeIDE\workspace_1.19.0\AFR\AFR_SENSORS\CM7\Core\Inc\FreeRTOSConfig.h_save
2025-07-30 13:02:12,182 [INFO] CodeEngine:289 - Generated code: C:\Users\nicks\STM32CubeIDE\workspace_1.19.0\AFR\AFR_SENSORS\CM7\Core\Inc\FreeRTOSConfig.h
2025-07-30 13:02:12,188 [INFO] CodeEngine:265 - oldGeneratedFile, C:\Users\nicks\STM32CubeIDE\workspace_1.19.0\AFR\AFR_SENSORS\CM7\Core\Src\freertos.c_save
2025-07-30 13:02:12,232 [INFO] CodeEngine:289 - Generated code: C:\Users\nicks\STM32CubeIDE\workspace_1.19.0\AFR\AFR_SENSORS\CM7\Core\Src\freertos.c
2025-07-30 13:02:12,272 [INFO] CodeEngine:265 - oldGeneratedFile, C:\Users\nicks\STM32CubeIDE\workspace_1.19.0\AFR\AFR_SENSORS\CM7\Core\Inc\stm32h7xx_nucleo_conf.h_save
2025-07-30 13:02:12,313 [INFO] CodeEngine:289 - Generated code: C:\Users\nicks\STM32CubeIDE\workspace_1.19.0\AFR\AFR_SENSORS\CM7\Core\Inc\stm32h7xx_nucleo_conf.h
2025-07-30 13:02:12,318 [INFO] CodeEngine:265 - oldGeneratedFile, C:\Users\nicks\STM32CubeIDE\workspace_1.19.0\AFR\AFR_SENSORS\CM7\MXTmpFiles\bsp_inc.tmp_save
2025-07-30 13:02:12,359 [INFO] CodeEngine:289 - Generated code: C:\Users\nicks\STM32CubeIDE\workspace_1.19.0\AFR\AFR_SENSORS\CM7\MXTmpFiles\bsp_inc.tmp
2025-07-30 13:02:12,364 [INFO] CodeEngine:265 - oldGeneratedFile, C:\Users\nicks\STM32CubeIDE\workspace_1.19.0\AFR\AFR_SENSORS\CM7\MXTmpFiles\bsp_common_vars.tmp_save
2025-07-30 13:02:12,408 [INFO] CodeEngine:289 - Generated code: C:\Users\nicks\STM32CubeIDE\workspace_1.19.0\AFR\AFR_SENSORS\CM7\MXTmpFiles\bsp_common_vars.tmp
2025-07-30 13:02:12,413 [INFO] CodeEngine:265 - oldGeneratedFile, C:\Users\nicks\STM32CubeIDE\workspace_1.19.0\AFR\AFR_SENSORS\CM7\MXTmpFiles\bsp_common_init.tmp_save
2025-07-30 13:02:12,452 [INFO] CodeEngine:289 - Generated code: C:\Users\nicks\STM32CubeIDE\workspace_1.19.0\AFR\AFR_SENSORS\CM7\MXTmpFiles\bsp_common_init.tmp
2025-07-30 13:02:12,456 [INFO] CodeEngine:265 - oldGeneratedFile, C:\Users\nicks\STM32CubeIDE\workspace_1.19.0\AFR\AFR_SENSORS\CM7\MXTmpFiles\bsp_common_demo_before_while.tmp_save
2025-07-30 13:02:12,498 [INFO] CodeEngine:289 - Generated code: C:\Users\nicks\STM32CubeIDE\workspace_1.19.0\AFR\AFR_SENSORS\CM7\MXTmpFiles\bsp_common_demo_before_while.tmp
2025-07-30 13:02:12,502 [INFO] CodeEngine:265 - oldGeneratedFile, C:\Users\nicks\STM32CubeIDE\workspace_1.19.0\AFR\AFR_SENSORS\CM7\MXTmpFiles\bsp_common_demo_inside_while.tmp_save
2025-07-30 13:02:12,543 [INFO] CodeEngine:289 - Generated code: C:\Users\nicks\STM32CubeIDE\workspace_1.19.0\AFR\AFR_SENSORS\CM7\MXTmpFiles\bsp_common_demo_inside_while.tmp
2025-07-30 13:02:12,548 [INFO] CodeEngine:265 - oldGeneratedFile, C:\Users\nicks\STM32CubeIDE\workspace_1.19.0\AFR\AFR_SENSORS\CM7\MXTmpFiles\bsp_common_demo_fct.tmp_save
2025-07-30 13:02:12,589 [INFO] CodeEngine:289 - Generated code: C:\Users\nicks\STM32CubeIDE\workspace_1.19.0\AFR\AFR_SENSORS\CM7\MXTmpFiles\bsp_common_demo_fct.tmp
2025-07-30 13:02:12,610 [INFO] CodeEngine:265 - oldGeneratedFile, C:\Users\nicks\STM32CubeIDE\workspace_1.19.0\AFR\AFR_SENSORS\CM7\Core\Src\stm32h7xx_it.c_save
2025-07-30 13:02:12,670 [INFO] CodeEngine:289 - Generated code: C:\Users\nicks\STM32CubeIDE\workspace_1.19.0\AFR\AFR_SENSORS\CM7\Core\Src\stm32h7xx_it.c
2025-07-30 13:02:12,676 [INFO] CodeEngine:265 - oldGeneratedFile, C:\Users\nicks\STM32CubeIDE\workspace_1.19.0\AFR\AFR_SENSORS\CM7\Core\Inc\stm32h7xx_it.h_save
2025-07-30 13:02:12,723 [INFO] CodeEngine:289 - Generated code: C:\Users\nicks\STM32CubeIDE\workspace_1.19.0\AFR\AFR_SENSORS\CM7\Core\Inc\stm32h7xx_it.h
2025-07-30 13:02:12,841 [INFO] CodeEngine:265 - oldGeneratedFile, C:\Users\nicks\STM32CubeIDE\workspace_1.19.0\AFR\AFR_SENSORS\CM7\Core\Src\stm32h7xx_hal_msp.c_save
2025-07-30 13:02:12,915 [INFO] CodeEngine:289 - Generated code: C:\Users\nicks\STM32CubeIDE\workspace_1.19.0\AFR\AFR_SENSORS\CM7\Core\Src\stm32h7xx_hal_msp.c
2025-07-30 13:02:12,920 [INFO] CodeEngine:265 - oldGeneratedFile, C:\Users\nicks\STM32CubeIDE\workspace_1.19.0\AFR\AFR_SENSORS\CM7\MXTmpFiles\system.tmp_save
2025-07-30 13:02:12,960 [INFO] CodeEngine:289 - Generated code: C:\Users\nicks\STM32CubeIDE\workspace_1.19.0\AFR\AFR_SENSORS\CM7\MXTmpFiles\system.tmp
2025-07-30 13:02:12,972 [INFO] CodeEngine:321 - oldGeneratedFile, C:\Users\nicks\STM32CubeIDE\workspace_1.19.0\AFR\AFR_SENSORS\CM7\Core\Inc\stm32h7xx_hal_conf.h_save
2025-07-30 13:02:13,020 [INFO] CodeEngine:345 - Generated code: C:\Users\nicks\STM32CubeIDE\workspace_1.19.0\AFR\AFR_SENSORS\CM7\Core\Inc\stm32h7xx_hal_conf.h
2025-07-30 13:02:13,043 [WARN] IPConfigManager:3811 - IP not found : NVIC
2025-07-30 13:02:13,043 [WARN] IPConfigManager:3811 - IP not found : TIM
2025-07-30 13:02:13,045 [WARN] CodeGenerator:4259 - IP not found : null
2025-07-30 13:02:13,045 [WARN] CodeGenerator:4259 - IP not found : null
2025-07-30 13:02:13,052 [INFO] CodeEngine:265 - oldGeneratedFile, C:\Users\nicks\STM32CubeIDE\workspace_1.19.0\AFR\AFR_SENSORS\CM7\Core\Inc\main.h_save
2025-07-30 13:02:13,103 [INFO] CodeEngine:289 - Generated code: C:\Users\nicks\STM32CubeIDE\workspace_1.19.0\AFR\AFR_SENSORS\CM7\Core\Inc\main.h
2025-07-30 13:02:13,110 [INFO] CodeEngine:265 - oldGeneratedFile, C:\Users\nicks\STM32CubeIDE\workspace_1.19.0\AFR\AFR_SENSORS\CM7\Core\Src\main.c_save
2025-07-30 13:02:13,207 [INFO] CodeEngine:289 - Generated code: C:\Users\nicks\STM32CubeIDE\workspace_1.19.0\AFR\AFR_SENSORS\CM7\Core\Src\main.c
2025-07-30 13:02:13,252 [INFO] CodeGenerator:1619 - *******************Project context M4 selected
2025-07-30 13:02:13,298 [INFO] CodeEngine:265 - oldGeneratedFile, C:\Users\nicks\STM32CubeIDE\workspace_1.19.0\AFR\AFR_SENSORS\MXTmpFiles\license.tmp_save
2025-07-30 13:02:13,340 [INFO] CodeEngine:289 - Generated code: C:\Users\nicks\STM32CubeIDE\workspace_1.19.0\AFR\AFR_SENSORS\MXTmpFiles\license.tmp
2025-07-30 13:02:13,357 [INFO] CodeEngine:265 - oldGeneratedFile, C:\Users\nicks\STM32CubeIDE\workspace_1.19.0\AFR\AFR_SENSORS\CM4\MXTmpFiles\gpio.tmp_save
2025-07-30 13:02:13,397 [INFO] CodeEngine:289 - Generated code: C:\Users\nicks\STM32CubeIDE\workspace_1.19.0\AFR\AFR_SENSORS\CM4\MXTmpFiles\gpio.tmp
2025-07-30 13:02:13,442 [WARN] IPConfigManager:103 - WARNING: Missing Config File for NVIC2 ip!!
2025-07-30 13:02:13,498 [INFO] CodeEngine:265 - oldGeneratedFile, C:\Users\nicks\STM32CubeIDE\workspace_1.19.0\AFR\AFR_SENSORS\CM4\MXTmpFiles\cortex.tmp_save
2025-07-30 13:02:13,537 [INFO] CodeEngine:289 - Generated code: C:\Users\nicks\STM32CubeIDE\workspace_1.19.0\AFR\AFR_SENSORS\CM4\MXTmpFiles\cortex.tmp
2025-07-30 13:02:13,571 [INFO] CodeEngine:265 - oldGeneratedFile, C:\Users\nicks\STM32CubeIDE\workspace_1.19.0\AFR\AFR_SENSORS\CM4\Core\Inc\stm32h7xx_nucleo_conf.h_save
2025-07-30 13:02:13,615 [INFO] CodeEngine:289 - Generated code: C:\Users\nicks\STM32CubeIDE\workspace_1.19.0\AFR\AFR_SENSORS\CM4\Core\Inc\stm32h7xx_nucleo_conf.h
2025-07-30 13:02:13,620 [INFO] CodeEngine:265 - oldGeneratedFile, C:\Users\nicks\STM32CubeIDE\workspace_1.19.0\AFR\AFR_SENSORS\CM4\MXTmpFiles\bsp_inc.tmp_save
2025-07-30 13:02:13,660 [INFO] CodeEngine:289 - Generated code: C:\Users\nicks\STM32CubeIDE\workspace_1.19.0\AFR\AFR_SENSORS\CM4\MXTmpFiles\bsp_inc.tmp
2025-07-30 13:02:13,679 [INFO] CodeEngine:265 - oldGeneratedFile, C:\Users\nicks\STM32CubeIDE\workspace_1.19.0\AFR\AFR_SENSORS\CM4\Core\Src\stm32h7xx_it.c_save
2025-07-30 13:02:13,724 [INFO] CodeEngine:289 - Generated code: C:\Users\nicks\STM32CubeIDE\workspace_1.19.0\AFR\AFR_SENSORS\CM4\Core\Src\stm32h7xx_it.c
2025-07-30 13:02:13,730 [INFO] CodeEngine:265 - oldGeneratedFile, C:\Users\nicks\STM32CubeIDE\workspace_1.19.0\AFR\AFR_SENSORS\CM4\Core\Inc\stm32h7xx_it.h_save
2025-07-30 13:02:13,774 [INFO] CodeEngine:289 - Generated code: C:\Users\nicks\STM32CubeIDE\workspace_1.19.0\AFR\AFR_SENSORS\CM4\Core\Inc\stm32h7xx_it.h
2025-07-30 13:02:13,817 [INFO] CodeEngine:265 - oldGeneratedFile, C:\Users\nicks\STM32CubeIDE\workspace_1.19.0\AFR\AFR_SENSORS\CM4\Core\Src\stm32h7xx_hal_msp.c_save
2025-07-30 13:02:13,883 [INFO] CodeEngine:289 - Generated code: C:\Users\nicks\STM32CubeIDE\workspace_1.19.0\AFR\AFR_SENSORS\CM4\Core\Src\stm32h7xx_hal_msp.c
2025-07-30 13:02:13,888 [INFO] CodeEngine:265 - oldGeneratedFile, C:\Users\nicks\STM32CubeIDE\workspace_1.19.0\AFR\AFR_SENSORS\CM4\MXTmpFiles\system.tmp_save
2025-07-30 13:02:13,930 [INFO] CodeEngine:289 - Generated code: C:\Users\nicks\STM32CubeIDE\workspace_1.19.0\AFR\AFR_SENSORS\CM4\MXTmpFiles\system.tmp
2025-07-30 13:02:13,941 [INFO] CodeEngine:321 - oldGeneratedFile, C:\Users\nicks\STM32CubeIDE\workspace_1.19.0\AFR\AFR_SENSORS\CM4\Core\Inc\stm32h7xx_hal_conf.h_save
2025-07-30 13:02:13,984 [INFO] CodeEngine:345 - Generated code: C:\Users\nicks\STM32CubeIDE\workspace_1.19.0\AFR\AFR_SENSORS\CM4\Core\Inc\stm32h7xx_hal_conf.h
2025-07-30 13:02:13,999 [WARN] IPConfigManager:3811 - IP not found : NVIC
2025-07-30 13:02:14,001 [WARN] CodeGenerator:4259 - IP not found : null
2025-07-30 13:02:14,009 [INFO] CodeEngine:265 - oldGeneratedFile, C:\Users\nicks\STM32CubeIDE\workspace_1.19.0\AFR\AFR_SENSORS\CM4\Core\Inc\main.h_save
2025-07-30 13:02:14,067 [INFO] CodeEngine:289 - Generated code: C:\Users\nicks\STM32CubeIDE\workspace_1.19.0\AFR\AFR_SENSORS\CM4\Core\Inc\main.h
2025-07-30 13:02:14,073 [INFO] CodeEngine:265 - oldGeneratedFile, C:\Users\nicks\STM32CubeIDE\workspace_1.19.0\AFR\AFR_SENSORS\CM4\Core\Src\main.c_save
2025-07-30 13:02:14,146 [INFO] CodeEngine:289 - Generated code: C:\Users\nicks\STM32CubeIDE\workspace_1.19.0\AFR\AFR_SENSORS\CM4\Core\Src\main.c
2025-07-30 13:02:14,598 [INFO] ProjectBuilder:3606 - Time for Copy HAL[1] : 249mS.
2025-07-30 13:02:14,611 [INFO] ProjectBuilder:5216 - Project Generator version: 4.7.0-B52
2025-07-30 13:02:14,667 [INFO] ConfigFileManager:1595 - The Die is : DIE450
2025-07-30 13:02:20,029 [INFO] ProjectBuilder:5496 - Time for Generating toolchain IDE Files: 5417mS.
2025-07-30 13:02:20,029 [INFO] ProjectBuilder:3463 - Time for Copy CMSIS : 0mS.
2025-07-30 13:02:20,034 [INFO] ProjectBuilder:3463 - Time for Copy CMSIS : 0mS.
2025-07-30 13:02:38,560 [INFO] Gpio:278 - dependency for GPIO [ADC1, ADC3, I2C2, TIM1, UART4, UART5, USART2]
2025-07-30 13:02:38,649 [INFO] NvicIntPanel:101 - NVIC parent = com.st.microxplorer.plugins.ip.nvic.MultiNvicIntPanel[,0,0,0x0,invalid,layout=javax.swing.BoxLayout,alignmentX=0.0,alignmentY=0.0,border=,flags=9,maximumSize=,minimumSize=,preferredSize=]
2025-07-30 13:02:39,793 [INFO] Gpio:278 - dependency for GPIO [ADC1, ADC3, I2C2, TIM1, UART4, UART5, USART2]
2025-07-30 13:02:39,840 [INFO] NvicIntPanel:101 - NVIC parent = com.st.microxplorer.plugins.ip.nvic.MultiNvicIntPanel[,0,0,0x0,invalid,layout=javax.swing.BoxLayout,alignmentX=0.0,alignmentY=0.0,border=,flags=9,maximumSize=,minimumSize=,preferredSize=]
2025-07-30 13:02:50,509 [INFO] Gpio:278 - dependency for GPIO [ADC1, ADC3, I2C2, TIM1, UART4, UART5, USART2]
2025-07-30 13:03:10,898 [INFO] UtilMem:75 - End SaveConfig() Used Memory: 655717960 Bytes (1073741824)
2025-07-30 13:03:11,034 [INFO] UtilMem:75 - End SaveConfig() Used Memory: 678867208 Bytes (1073741824)
2025-07-30 13:03:11,720 [INFO] UtilMem:75 - End SaveConfig() Used Memory: 743784944 Bytes (1073741824)
2025-07-30 13:03:12,754 [ERROR] IocParser:95 - Exception caught: Cannot invoke "java.lang.CharSequence.length()" because "this.text" is null
2025-07-30 13:03:13,924 [INFO] BlockDiagram:2775 - set Specific Code input for plugin: FREERTOS
2025-07-30 13:03:13,925 [INFO] BlockDiagram:2775 - set Specific Code input for plugin: RCC
2025-07-30 13:03:13,925 [INFO] BlockDiagram:2775 - set Specific Code input for plugin: I2C
2025-07-30 13:03:13,925 [INFO] BlockDiagram:2775 - set Specific Code input for plugin: USART
2025-07-30 13:03:13,925 [INFO] BlockDiagram:2775 - set Specific Code input for plugin: TIM1_8H7
2025-07-30 13:03:13,925 [INFO] BlockDiagram:2775 - set Specific Code input for plugin: SYS
2025-07-30 13:03:13,925 [INFO] BlockDiagram:2775 - set Specific Code input for plugin: ADC
2025-07-30 13:03:13,925 [INFO] BlockDiagram:2775 - set Specific Code input for plugin: ADC
2025-07-30 13:03:13,925 [INFO] BlockDiagram:2775 - set Specific Code input for plugin: NVIC2
2025-07-30 13:03:13,925 [INFO] BlockDiagram:2775 - set Specific Code input for plugin: UART
2025-07-30 13:03:13,925 [INFO] BlockDiagram:2775 - set Specific Code input for plugin: UART
2025-07-30 13:03:13,925 [INFO] BlockDiagram:2775 - set Specific Code input for plugin: GPIO
2025-07-30 13:03:13,925 [INFO] BlockDiagram:2775 - set Specific Code input for plugin: SYS_M4
2025-07-30 13:03:13,925 [INFO] BlockDiagram:2775 - set Specific Code input for plugin: NUCLEO-H755ZI-Q
2025-07-30 13:03:13,925 [INFO] BlockDiagram:2775 - set Specific Code input for plugin: NVIC1
2025-07-30 13:03:13,926 [INFO] CodeGenerator:892 - code generatio: config db path: C:\ST\STM32CubeIDE_1.19.0\STM32CubeIDE\plugins\com.st.stm32cube.common.mx_6.15.0.202507011659\\db\
2025-07-30 13:03:13,988 [ERROR] CodeGenerator:10662 - The current RTOS owner has not been found in the list of IPs
2025-07-30 13:03:13,989 [INFO] CodeGenerator:1619 - *******************Project context M7 selected
2025-07-30 13:03:14,042 [INFO] CodeEngine:265 - oldGeneratedFile, C:\Users\nicks\STM32CubeIDE\workspace_1.19.0\AFR\AFR_SENSORS\MXTmpFiles\license.tmp_save
2025-07-30 13:03:14,175 [INFO] CodeEngine:289 - Generated code: C:\Users\nicks\STM32CubeIDE\workspace_1.19.0\AFR\AFR_SENSORS\MXTmpFiles\license.tmp
2025-07-30 13:03:14,283 [INFO] CodeEngine:265 - oldGeneratedFile, C:\Users\nicks\STM32CubeIDE\workspace_1.19.0\AFR\AFR_SENSORS\CM7\MXTmpFiles\gpio.tmp_save
2025-07-30 13:03:14,367 [INFO] CodeEngine:289 - Generated code: C:\Users\nicks\STM32CubeIDE\workspace_1.19.0\AFR\AFR_SENSORS\CM7\MXTmpFiles\gpio.tmp
2025-07-30 13:03:14,735 [WARN] IPConfigManager:103 - WARNING: Missing Config File for NVIC1 ip!!
2025-07-30 13:03:14,994 [ERROR] CodeGenerator:10662 - The current RTOS owner has not been found in the list of IPs
2025-07-30 13:03:15,002 [INFO] CodeEngine:265 - oldGeneratedFile, C:\Users\nicks\STM32CubeIDE\workspace_1.19.0\AFR\AFR_SENSORS\CM7\MXTmpFiles\cortex.tmp_save
2025-07-30 13:03:15,062 [INFO] CodeEngine:289 - Generated code: C:\Users\nicks\STM32CubeIDE\workspace_1.19.0\AFR\AFR_SENSORS\CM7\MXTmpFiles\cortex.tmp
2025-07-30 13:03:15,084 [INFO] Middleware:1452 - No code input for Bsp Dependency
2025-07-30 13:03:15,091 [INFO] CodeEngine:265 - oldGeneratedFile, C:\Users\nicks\STM32CubeIDE\workspace_1.19.0\AFR\AFR_SENSORS\CM7\MXTmpFiles\rtos_inc.tmp_save
2025-07-30 13:03:15,133 [INFO] CodeEngine:289 - Generated code: C:\Users\nicks\STM32CubeIDE\workspace_1.19.0\AFR\AFR_SENSORS\CM7\MXTmpFiles\rtos_inc.tmp
2025-07-30 13:03:15,138 [INFO] CodeEngine:265 - oldGeneratedFile, C:\Users\nicks\STM32CubeIDE\workspace_1.19.0\AFR\AFR_SENSORS\CM7\MXTmpFiles\rtos_kernelInit.tmp_save
2025-07-30 13:03:15,180 [INFO] CodeEngine:289 - Generated code: C:\Users\nicks\STM32CubeIDE\workspace_1.19.0\AFR\AFR_SENSORS\CM7\MXTmpFiles\rtos_kernelInit.tmp
2025-07-30 13:03:15,185 [INFO] CodeEngine:265 - oldGeneratedFile, C:\Users\nicks\STM32CubeIDE\workspace_1.19.0\AFR\AFR_SENSORS\CM7\MXTmpFiles\rtos_kernelStart.tmp_save
2025-07-30 13:03:15,225 [INFO] CodeEngine:289 - Generated code: C:\Users\nicks\STM32CubeIDE\workspace_1.19.0\AFR\AFR_SENSORS\CM7\MXTmpFiles\rtos_kernelStart.tmp
2025-07-30 13:03:15,231 [INFO] CodeEngine:265 - oldGeneratedFile, C:\Users\nicks\STM32CubeIDE\workspace_1.19.0\AFR\AFR_SENSORS\CM7\MXTmpFiles\rtos_typedefs.tmp_save
2025-07-30 13:03:15,271 [INFO] CodeEngine:289 - Generated code: C:\Users\nicks\STM32CubeIDE\workspace_1.19.0\AFR\AFR_SENSORS\CM7\MXTmpFiles\rtos_typedefs.tmp
2025-07-30 13:03:15,276 [INFO] CodeEngine:265 - oldGeneratedFile, C:\Users\nicks\STM32CubeIDE\workspace_1.19.0\AFR\AFR_SENSORS\CM7\MXTmpFiles\rtos_vars.tmp_save
2025-07-30 13:03:15,321 [INFO] CodeEngine:289 - Generated code: C:\Users\nicks\STM32CubeIDE\workspace_1.19.0\AFR\AFR_SENSORS\CM7\MXTmpFiles\rtos_vars.tmp
2025-07-30 13:03:15,326 [INFO] CodeEngine:265 - oldGeneratedFile, C:\Users\nicks\STM32CubeIDE\workspace_1.19.0\AFR\AFR_SENSORS\CM7\MXTmpFiles\rtos_pfp.tmp_save
2025-07-30 13:03:15,367 [INFO] CodeEngine:289 - Generated code: C:\Users\nicks\STM32CubeIDE\workspace_1.19.0\AFR\AFR_SENSORS\CM7\MXTmpFiles\rtos_pfp.tmp
2025-07-30 13:03:15,373 [INFO] CodeEngine:265 - oldGeneratedFile, C:\Users\nicks\STM32CubeIDE\workspace_1.19.0\AFR\AFR_SENSORS\CM7\MXTmpFiles\rtos_obj_creat.tmp_save
2025-07-30 13:03:15,417 [INFO] CodeEngine:289 - Generated code: C:\Users\nicks\STM32CubeIDE\workspace_1.19.0\AFR\AFR_SENSORS\CM7\MXTmpFiles\rtos_obj_creat.tmp
2025-07-30 13:03:15,423 [INFO] CodeEngine:265 - oldGeneratedFile, C:\Users\nicks\STM32CubeIDE\workspace_1.19.0\AFR\AFR_SENSORS\CM7\MXTmpFiles\rtos_default_thread.tmp_save
2025-07-30 13:03:15,468 [INFO] CodeEngine:289 - Generated code: C:\Users\nicks\STM32CubeIDE\workspace_1.19.0\AFR\AFR_SENSORS\CM7\MXTmpFiles\rtos_default_thread.tmp
2025-07-30 13:03:15,474 [INFO] CodeEngine:265 - oldGeneratedFile, C:\Users\nicks\STM32CubeIDE\workspace_1.19.0\AFR\AFR_SENSORS\CM7\MXTmpFiles\rtos_threads.tmp_save
2025-07-30 13:03:15,521 [INFO] CodeEngine:289 - Generated code: C:\Users\nicks\STM32CubeIDE\workspace_1.19.0\AFR\AFR_SENSORS\CM7\MXTmpFiles\rtos_threads.tmp
2025-07-30 13:03:15,528 [INFO] CodeEngine:265 - oldGeneratedFile, C:\Users\nicks\STM32CubeIDE\workspace_1.19.0\AFR\AFR_SENSORS\CM7\Core\Inc\FreeRTOSConfig.h_save
2025-07-30 13:03:15,583 [INFO] CodeEngine:289 - Generated code: C:\Users\nicks\STM32CubeIDE\workspace_1.19.0\AFR\AFR_SENSORS\CM7\Core\Inc\FreeRTOSConfig.h
2025-07-30 13:03:15,590 [INFO] CodeEngine:265 - oldGeneratedFile, C:\Users\nicks\STM32CubeIDE\workspace_1.19.0\AFR\AFR_SENSORS\CM7\Core\Src\freertos.c_save
2025-07-30 13:03:15,638 [INFO] CodeEngine:289 - Generated code: C:\Users\nicks\STM32CubeIDE\workspace_1.19.0\AFR\AFR_SENSORS\CM7\Core\Src\freertos.c
2025-07-30 13:03:15,678 [INFO] CodeEngine:265 - oldGeneratedFile, C:\Users\nicks\STM32CubeIDE\workspace_1.19.0\AFR\AFR_SENSORS\CM7\Core\Inc\stm32h7xx_nucleo_conf.h_save
2025-07-30 13:03:15,721 [INFO] CodeEngine:289 - Generated code: C:\Users\nicks\STM32CubeIDE\workspace_1.19.0\AFR\AFR_SENSORS\CM7\Core\Inc\stm32h7xx_nucleo_conf.h
2025-07-30 13:03:15,726 [INFO] CodeEngine:265 - oldGeneratedFile, C:\Users\nicks\STM32CubeIDE\workspace_1.19.0\AFR\AFR_SENSORS\CM7\MXTmpFiles\bsp_inc.tmp_save
2025-07-30 13:03:15,767 [INFO] CodeEngine:289 - Generated code: C:\Users\nicks\STM32CubeIDE\workspace_1.19.0\AFR\AFR_SENSORS\CM7\MXTmpFiles\bsp_inc.tmp
2025-07-30 13:03:15,771 [INFO] CodeEngine:265 - oldGeneratedFile, C:\Users\nicks\STM32CubeIDE\workspace_1.19.0\AFR\AFR_SENSORS\CM7\MXTmpFiles\bsp_common_vars.tmp_save
2025-07-30 13:03:15,812 [INFO] CodeEngine:289 - Generated code: C:\Users\nicks\STM32CubeIDE\workspace_1.19.0\AFR\AFR_SENSORS\CM7\MXTmpFiles\bsp_common_vars.tmp
2025-07-30 13:03:15,817 [INFO] CodeEngine:265 - oldGeneratedFile, C:\Users\nicks\STM32CubeIDE\workspace_1.19.0\AFR\AFR_SENSORS\CM7\MXTmpFiles\bsp_common_init.tmp_save
2025-07-30 13:03:15,859 [INFO] CodeEngine:289 - Generated code: C:\Users\nicks\STM32CubeIDE\workspace_1.19.0\AFR\AFR_SENSORS\CM7\MXTmpFiles\bsp_common_init.tmp
2025-07-30 13:03:15,863 [INFO] CodeEngine:265 - oldGeneratedFile, C:\Users\nicks\STM32CubeIDE\workspace_1.19.0\AFR\AFR_SENSORS\CM7\MXTmpFiles\bsp_common_demo_before_while.tmp_save
2025-07-30 13:03:15,903 [INFO] CodeEngine:289 - Generated code: C:\Users\nicks\STM32CubeIDE\workspace_1.19.0\AFR\AFR_SENSORS\CM7\MXTmpFiles\bsp_common_demo_before_while.tmp
2025-07-30 13:03:15,908 [INFO] CodeEngine:265 - oldGeneratedFile, C:\Users\nicks\STM32CubeIDE\workspace_1.19.0\AFR\AFR_SENSORS\CM7\MXTmpFiles\bsp_common_demo_inside_while.tmp_save
2025-07-30 13:03:15,949 [INFO] CodeEngine:289 - Generated code: C:\Users\nicks\STM32CubeIDE\workspace_1.19.0\AFR\AFR_SENSORS\CM7\MXTmpFiles\bsp_common_demo_inside_while.tmp
2025-07-30 13:03:15,954 [INFO] CodeEngine:265 - oldGeneratedFile, C:\Users\nicks\STM32CubeIDE\workspace_1.19.0\AFR\AFR_SENSORS\CM7\MXTmpFiles\bsp_common_demo_fct.tmp_save
2025-07-30 13:03:15,994 [INFO] CodeEngine:289 - Generated code: C:\Users\nicks\STM32CubeIDE\workspace_1.19.0\AFR\AFR_SENSORS\CM7\MXTmpFiles\bsp_common_demo_fct.tmp
2025-07-30 13:03:16,016 [INFO] CodeEngine:265 - oldGeneratedFile, C:\Users\nicks\STM32CubeIDE\workspace_1.19.0\AFR\AFR_SENSORS\CM7\Core\Src\stm32h7xx_it.c_save
2025-07-30 13:03:16,079 [INFO] CodeEngine:289 - Generated code: C:\Users\nicks\STM32CubeIDE\workspace_1.19.0\AFR\AFR_SENSORS\CM7\Core\Src\stm32h7xx_it.c
2025-07-30 13:03:16,085 [INFO] CodeEngine:265 - oldGeneratedFile, C:\Users\nicks\STM32CubeIDE\workspace_1.19.0\AFR\AFR_SENSORS\CM7\Core\Inc\stm32h7xx_it.h_save
2025-07-30 13:03:16,128 [INFO] CodeEngine:289 - Generated code: C:\Users\nicks\STM32CubeIDE\workspace_1.19.0\AFR\AFR_SENSORS\CM7\Core\Inc\stm32h7xx_it.h
2025-07-30 13:03:16,250 [INFO] CodeEngine:265 - oldGeneratedFile, C:\Users\nicks\STM32CubeIDE\workspace_1.19.0\AFR\AFR_SENSORS\CM7\Core\Src\stm32h7xx_hal_msp.c_save
2025-07-30 13:03:16,316 [INFO] CodeEngine:289 - Generated code: C:\Users\nicks\STM32CubeIDE\workspace_1.19.0\AFR\AFR_SENSORS\CM7\Core\Src\stm32h7xx_hal_msp.c
2025-07-30 13:03:16,321 [INFO] CodeEngine:265 - oldGeneratedFile, C:\Users\nicks\STM32CubeIDE\workspace_1.19.0\AFR\AFR_SENSORS\CM7\MXTmpFiles\system.tmp_save
2025-07-30 13:03:16,363 [INFO] CodeEngine:289 - Generated code: C:\Users\nicks\STM32CubeIDE\workspace_1.19.0\AFR\AFR_SENSORS\CM7\MXTmpFiles\system.tmp
2025-07-30 13:03:16,375 [INFO] CodeEngine:321 - oldGeneratedFile, C:\Users\nicks\STM32CubeIDE\workspace_1.19.0\AFR\AFR_SENSORS\CM7\Core\Inc\stm32h7xx_hal_conf.h_save
2025-07-30 13:03:16,422 [INFO] CodeEngine:345 - Generated code: C:\Users\nicks\STM32CubeIDE\workspace_1.19.0\AFR\AFR_SENSORS\CM7\Core\Inc\stm32h7xx_hal_conf.h
2025-07-30 13:03:16,446 [WARN] IPConfigManager:3811 - IP not found : NVIC
2025-07-30 13:03:16,446 [WARN] IPConfigManager:3811 - IP not found : TIM
2025-07-30 13:03:16,447 [WARN] CodeGenerator:4259 - IP not found : null
2025-07-30 13:03:16,447 [WARN] CodeGenerator:4259 - IP not found : null
2025-07-30 13:03:16,455 [INFO] CodeEngine:265 - oldGeneratedFile, C:\Users\nicks\STM32CubeIDE\workspace_1.19.0\AFR\AFR_SENSORS\CM7\Core\Inc\main.h_save
2025-07-30 13:03:16,505 [INFO] CodeEngine:289 - Generated code: C:\Users\nicks\STM32CubeIDE\workspace_1.19.0\AFR\AFR_SENSORS\CM7\Core\Inc\main.h
2025-07-30 13:03:16,511 [INFO] CodeEngine:265 - oldGeneratedFile, C:\Users\nicks\STM32CubeIDE\workspace_1.19.0\AFR\AFR_SENSORS\CM7\Core\Src\main.c_save
2025-07-30 13:03:16,608 [INFO] CodeEngine:289 - Generated code: C:\Users\nicks\STM32CubeIDE\workspace_1.19.0\AFR\AFR_SENSORS\CM7\Core\Src\main.c
2025-07-30 13:03:16,647 [INFO] CodeGenerator:1619 - *******************Project context M4 selected
2025-07-30 13:03:16,698 [INFO] CodeEngine:265 - oldGeneratedFile, C:\Users\nicks\STM32CubeIDE\workspace_1.19.0\AFR\AFR_SENSORS\MXTmpFiles\license.tmp_save
2025-07-30 13:03:16,739 [INFO] CodeEngine:289 - Generated code: C:\Users\nicks\STM32CubeIDE\workspace_1.19.0\AFR\AFR_SENSORS\MXTmpFiles\license.tmp
2025-07-30 13:03:16,756 [INFO] CodeEngine:265 - oldGeneratedFile, C:\Users\nicks\STM32CubeIDE\workspace_1.19.0\AFR\AFR_SENSORS\CM4\MXTmpFiles\gpio.tmp_save
2025-07-30 13:03:16,797 [INFO] CodeEngine:289 - Generated code: C:\Users\nicks\STM32CubeIDE\workspace_1.19.0\AFR\AFR_SENSORS\CM4\MXTmpFiles\gpio.tmp
2025-07-30 13:03:16,835 [WARN] IPConfigManager:103 - WARNING: Missing Config File for NVIC2 ip!!
2025-07-30 13:03:16,886 [INFO] CodeEngine:265 - oldGeneratedFile, C:\Users\nicks\STM32CubeIDE\workspace_1.19.0\AFR\AFR_SENSORS\CM4\MXTmpFiles\cortex.tmp_save
2025-07-30 13:03:16,925 [INFO] CodeEngine:289 - Generated code: C:\Users\nicks\STM32CubeIDE\workspace_1.19.0\AFR\AFR_SENSORS\CM4\MXTmpFiles\cortex.tmp
2025-07-30 13:03:16,959 [INFO] CodeEngine:265 - oldGeneratedFile, C:\Users\nicks\STM32CubeIDE\workspace_1.19.0\AFR\AFR_SENSORS\CM4\Core\Inc\stm32h7xx_nucleo_conf.h_save
2025-07-30 13:03:17,001 [INFO] CodeEngine:289 - Generated code: C:\Users\nicks\STM32CubeIDE\workspace_1.19.0\AFR\AFR_SENSORS\CM4\Core\Inc\stm32h7xx_nucleo_conf.h
2025-07-30 13:03:17,006 [INFO] CodeEngine:265 - oldGeneratedFile, C:\Users\nicks\STM32CubeIDE\workspace_1.19.0\AFR\AFR_SENSORS\CM4\MXTmpFiles\bsp_inc.tmp_save
2025-07-30 13:03:17,044 [INFO] CodeEngine:289 - Generated code: C:\Users\nicks\STM32CubeIDE\workspace_1.19.0\AFR\AFR_SENSORS\CM4\MXTmpFiles\bsp_inc.tmp
2025-07-30 13:03:17,064 [INFO] CodeEngine:265 - oldGeneratedFile, C:\Users\nicks\STM32CubeIDE\workspace_1.19.0\AFR\AFR_SENSORS\CM4\Core\Src\stm32h7xx_it.c_save
2025-07-30 13:03:17,116 [INFO] CodeEngine:289 - Generated code: C:\Users\nicks\STM32CubeIDE\workspace_1.19.0\AFR\AFR_SENSORS\CM4\Core\Src\stm32h7xx_it.c
2025-07-30 13:03:17,122 [INFO] CodeEngine:265 - oldGeneratedFile, C:\Users\nicks\STM32CubeIDE\workspace_1.19.0\AFR\AFR_SENSORS\CM4\Core\Inc\stm32h7xx_it.h_save
2025-07-30 13:03:17,168 [INFO] CodeEngine:289 - Generated code: C:\Users\nicks\STM32CubeIDE\workspace_1.19.0\AFR\AFR_SENSORS\CM4\Core\Inc\stm32h7xx_it.h
2025-07-30 13:03:17,212 [INFO] CodeEngine:265 - oldGeneratedFile, C:\Users\nicks\STM32CubeIDE\workspace_1.19.0\AFR\AFR_SENSORS\CM4\Core\Src\stm32h7xx_hal_msp.c_save
2025-07-30 13:03:17,275 [INFO] CodeEngine:289 - Generated code: C:\Users\nicks\STM32CubeIDE\workspace_1.19.0\AFR\AFR_SENSORS\CM4\Core\Src\stm32h7xx_hal_msp.c
2025-07-30 13:03:17,280 [INFO] CodeEngine:265 - oldGeneratedFile, C:\Users\nicks\STM32CubeIDE\workspace_1.19.0\AFR\AFR_SENSORS\CM4\MXTmpFiles\system.tmp_save
2025-07-30 13:03:17,319 [INFO] CodeEngine:289 - Generated code: C:\Users\nicks\STM32CubeIDE\workspace_1.19.0\AFR\AFR_SENSORS\CM4\MXTmpFiles\system.tmp
2025-07-30 13:03:17,328 [INFO] CodeEngine:321 - oldGeneratedFile, C:\Users\nicks\STM32CubeIDE\workspace_1.19.0\AFR\AFR_SENSORS\CM4\Core\Inc\stm32h7xx_hal_conf.h_save
2025-07-30 13:03:17,374 [INFO] CodeEngine:345 - Generated code: C:\Users\nicks\STM32CubeIDE\workspace_1.19.0\AFR\AFR_SENSORS\CM4\Core\Inc\stm32h7xx_hal_conf.h
2025-07-30 13:03:17,386 [WARN] IPConfigManager:3811 - IP not found : NVIC
2025-07-30 13:03:17,387 [WARN] CodeGenerator:4259 - IP not found : null
2025-07-30 13:03:17,394 [INFO] CodeEngine:265 - oldGeneratedFile, C:\Users\nicks\STM32CubeIDE\workspace_1.19.0\AFR\AFR_SENSORS\CM4\Core\Inc\main.h_save
2025-07-30 13:03:17,442 [INFO] CodeEngine:289 - Generated code: C:\Users\nicks\STM32CubeIDE\workspace_1.19.0\AFR\AFR_SENSORS\CM4\Core\Inc\main.h
2025-07-30 13:03:17,448 [INFO] CodeEngine:265 - oldGeneratedFile, C:\Users\nicks\STM32CubeIDE\workspace_1.19.0\AFR\AFR_SENSORS\CM4\Core\Src\main.c_save
2025-07-30 13:03:17,515 [INFO] CodeEngine:289 - Generated code: C:\Users\nicks\STM32CubeIDE\workspace_1.19.0\AFR\AFR_SENSORS\CM4\Core\Src\main.c
2025-07-30 13:03:17,923 [INFO] ProjectBuilder:3606 - Time for Copy HAL[1] : 246mS.
2025-07-30 13:03:17,936 [INFO] ProjectBuilder:5216 - Project Generator version: 4.7.0-B52
2025-07-30 13:03:17,997 [INFO] ConfigFileManager:1595 - The Die is : DIE450
2025-07-30 13:03:23,603 [INFO] ProjectBuilder:5496 - Time for Generating toolchain IDE Files: 5667mS.
2025-07-30 13:03:23,603 [INFO] ProjectBuilder:3463 - Time for Copy CMSIS : 0mS.
2025-07-30 13:03:23,607 [INFO] ProjectBuilder:3463 - Time for Copy CMSIS : 0mS.
2025-07-30 13:05:09,760 [INFO] Gpio:278 - dependency for GPIO [ADC1, ADC3, I2C2, TIM1, UART4, UART5, USART2]
2025-07-30 13:05:09,831 [INFO] NvicIntPanel:101 - NVIC parent = com.st.microxplorer.plugins.ip.nvic.MultiNvicIntPanel[,0,0,0x0,invalid,layout=javax.swing.BoxLayout,alignmentX=0.0,alignmentY=0.0,border=,flags=9,maximumSize=,minimumSize=,preferredSize=]
2025-07-30 13:05:11,328 [INFO] Gpio:278 - dependency for GPIO [ADC1, ADC3, I2C2, TIM1, UART4, UART5, USART2]
2025-07-30 13:05:11,393 [INFO] NvicIntPanel:101 - NVIC parent = com.st.microxplorer.plugins.ip.nvic.MultiNvicIntPanel[,0,0,0x0,invalid,layout=javax.swing.BoxLayout,alignmentX=0.0,alignmentY=0.0,border=,flags=9,maximumSize=,minimumSize=,preferredSize=]
2025-07-30 13:06:08,138 [INFO] UtilMem:75 - End SaveConfig() Used Memory: 614716376 Bytes (1073741824)
2025-07-30 13:06:08,299 [INFO] UtilMem:75 - End SaveConfig() Used Memory: 391339248 Bytes (1073741824)
2025-07-30 13:06:08,986 [INFO] UtilMem:75 - End SaveConfig() Used Memory: 436428016 Bytes (1073741824)
2025-07-30 13:06:10,044 [ERROR] IocParser:95 - Exception caught: Cannot invoke "java.lang.CharSequence.length()" because "this.text" is null
2025-07-30 13:06:10,174 [INFO] BlockDiagram:2775 - set Specific Code input for plugin: FREERTOS
2025-07-30 13:06:10,175 [INFO] BlockDiagram:2775 - set Specific Code input for plugin: RCC
2025-07-30 13:06:10,175 [INFO] BlockDiagram:2775 - set Specific Code input for plugin: I2C
2025-07-30 13:06:10,175 [INFO] BlockDiagram:2775 - set Specific Code input for plugin: USART
2025-07-30 13:06:10,175 [INFO] BlockDiagram:2775 - set Specific Code input for plugin: TIM1_8H7
2025-07-30 13:06:10,175 [INFO] BlockDiagram:2775 - set Specific Code input for plugin: SYS
2025-07-30 13:06:10,175 [INFO] BlockDiagram:2775 - set Specific Code input for plugin: ADC
2025-07-30 13:06:10,175 [INFO] BlockDiagram:2775 - set Specific Code input for plugin: ADC
2025-07-30 13:06:10,175 [INFO] BlockDiagram:2775 - set Specific Code input for plugin: NVIC2
2025-07-30 13:06:10,176 [INFO] BlockDiagram:2775 - set Specific Code input for plugin: UART
2025-07-30 13:06:10,176 [INFO] BlockDiagram:2775 - set Specific Code input for plugin: UART
2025-07-30 13:06:10,176 [INFO] BlockDiagram:2775 - set Specific Code input for plugin: GPIO
2025-07-30 13:06:10,176 [INFO] BlockDiagram:2775 - set Specific Code input for plugin: SYS_M4
2025-07-30 13:06:10,176 [INFO] BlockDiagram:2775 - set Specific Code input for plugin: NUCLEO-H755ZI-Q
2025-07-30 13:06:10,176 [INFO] BlockDiagram:2775 - set Specific Code input for plugin: NVIC1
2025-07-30 13:06:10,177 [INFO] CodeGenerator:892 - code generatio: config db path: C:\ST\STM32CubeIDE_1.19.0\STM32CubeIDE\plugins\com.st.stm32cube.common.mx_6.15.0.202507011659\\db\
2025-07-30 13:06:10,252 [ERROR] CodeGenerator:10662 - The current RTOS owner has not been found in the list of IPs
2025-07-30 13:06:10,253 [INFO] CodeGenerator:1619 - *******************Project context M7 selected
2025-07-30 13:06:10,304 [INFO] CodeEngine:265 - oldGeneratedFile, C:\Users\nicks\STM32CubeIDE\workspace_1.19.0\AFR\AFR_SENSORS\MXTmpFiles\license.tmp_save
2025-07-30 13:06:10,433 [INFO] CodeEngine:289 - Generated code: C:\Users\nicks\STM32CubeIDE\workspace_1.19.0\AFR\AFR_SENSORS\MXTmpFiles\license.tmp
2025-07-30 13:06:10,525 [INFO] CodeEngine:265 - oldGeneratedFile, C:\Users\nicks\STM32CubeIDE\workspace_1.19.0\AFR\AFR_SENSORS\CM7\MXTmpFiles\gpio.tmp_save
2025-07-30 13:06:10,595 [INFO] CodeEngine:289 - Generated code: C:\Users\nicks\STM32CubeIDE\workspace_1.19.0\AFR\AFR_SENSORS\CM7\MXTmpFiles\gpio.tmp
2025-07-30 13:06:10,963 [WARN] IPConfigManager:103 - WARNING: Missing Config File for NVIC1 ip!!
2025-07-30 13:06:11,202 [ERROR] CodeGenerator:10662 - The current RTOS owner has not been found in the list of IPs
2025-07-30 13:06:11,209 [INFO] CodeEngine:265 - oldGeneratedFile, C:\Users\nicks\STM32CubeIDE\workspace_1.19.0\AFR\AFR_SENSORS\CM7\MXTmpFiles\cortex.tmp_save
2025-07-30 13:06:11,259 [INFO] CodeEngine:289 - Generated code: C:\Users\nicks\STM32CubeIDE\workspace_1.19.0\AFR\AFR_SENSORS\CM7\MXTmpFiles\cortex.tmp
2025-07-30 13:06:11,279 [INFO] Middleware:1452 - No code input for Bsp Dependency
2025-07-30 13:06:11,285 [INFO] CodeEngine:265 - oldGeneratedFile, C:\Users\nicks\STM32CubeIDE\workspace_1.19.0\AFR\AFR_SENSORS\CM7\MXTmpFiles\rtos_inc.tmp_save
2025-07-30 13:06:11,328 [INFO] CodeEngine:289 - Generated code: C:\Users\nicks\STM32CubeIDE\workspace_1.19.0\AFR\AFR_SENSORS\CM7\MXTmpFiles\rtos_inc.tmp
2025-07-30 13:06:11,333 [INFO] CodeEngine:265 - oldGeneratedFile, C:\Users\nicks\STM32CubeIDE\workspace_1.19.0\AFR\AFR_SENSORS\CM7\MXTmpFiles\rtos_kernelInit.tmp_save
2025-07-30 13:06:11,381 [INFO] CodeEngine:289 - Generated code: C:\Users\nicks\STM32CubeIDE\workspace_1.19.0\AFR\AFR_SENSORS\CM7\MXTmpFiles\rtos_kernelInit.tmp
2025-07-30 13:06:11,386 [INFO] CodeEngine:265 - oldGeneratedFile, C:\Users\nicks\STM32CubeIDE\workspace_1.19.0\AFR\AFR_SENSORS\CM7\MXTmpFiles\rtos_kernelStart.tmp_save
2025-07-30 13:06:11,430 [INFO] CodeEngine:289 - Generated code: C:\Users\nicks\STM32CubeIDE\workspace_1.19.0\AFR\AFR_SENSORS\CM7\MXTmpFiles\rtos_kernelStart.tmp
2025-07-30 13:06:11,435 [INFO] CodeEngine:265 - oldGeneratedFile, C:\Users\nicks\STM32CubeIDE\workspace_1.19.0\AFR\AFR_SENSORS\CM7\MXTmpFiles\rtos_typedefs.tmp_save
2025-07-30 13:06:11,478 [INFO] CodeEngine:289 - Generated code: C:\Users\nicks\STM32CubeIDE\workspace_1.19.0\AFR\AFR_SENSORS\CM7\MXTmpFiles\rtos_typedefs.tmp
2025-07-30 13:06:11,483 [INFO] CodeEngine:265 - oldGeneratedFile, C:\Users\nicks\STM32CubeIDE\workspace_1.19.0\AFR\AFR_SENSORS\CM7\MXTmpFiles\rtos_vars.tmp_save
2025-07-30 13:06:11,529 [INFO] CodeEngine:289 - Generated code: C:\Users\nicks\STM32CubeIDE\workspace_1.19.0\AFR\AFR_SENSORS\CM7\MXTmpFiles\rtos_vars.tmp
2025-07-30 13:06:11,535 [INFO] CodeEngine:265 - oldGeneratedFile, C:\Users\nicks\STM32CubeIDE\workspace_1.19.0\AFR\AFR_SENSORS\CM7\MXTmpFiles\rtos_pfp.tmp_save
2025-07-30 13:06:11,574 [INFO] CodeEngine:289 - Generated code: C:\Users\nicks\STM32CubeIDE\workspace_1.19.0\AFR\AFR_SENSORS\CM7\MXTmpFiles\rtos_pfp.tmp
2025-07-30 13:06:11,578 [INFO] CodeEngine:265 - oldGeneratedFile, C:\Users\nicks\STM32CubeIDE\workspace_1.19.0\AFR\AFR_SENSORS\CM7\MXTmpFiles\rtos_obj_creat.tmp_save
2025-07-30 13:06:11,620 [INFO] CodeEngine:289 - Generated code: C:\Users\nicks\STM32CubeIDE\workspace_1.19.0\AFR\AFR_SENSORS\CM7\MXTmpFiles\rtos_obj_creat.tmp
2025-07-30 13:06:11,625 [INFO] CodeEngine:265 - oldGeneratedFile, C:\Users\nicks\STM32CubeIDE\workspace_1.19.0\AFR\AFR_SENSORS\CM7\MXTmpFiles\rtos_default_thread.tmp_save
2025-07-30 13:06:11,668 [INFO] CodeEngine:289 - Generated code: C:\Users\nicks\STM32CubeIDE\workspace_1.19.0\AFR\AFR_SENSORS\CM7\MXTmpFiles\rtos_default_thread.tmp
2025-07-30 13:06:11,673 [INFO] CodeEngine:265 - oldGeneratedFile, C:\Users\nicks\STM32CubeIDE\workspace_1.19.0\AFR\AFR_SENSORS\CM7\MXTmpFiles\rtos_threads.tmp_save
2025-07-30 13:06:11,712 [INFO] CodeEngine:289 - Generated code: C:\Users\nicks\STM32CubeIDE\workspace_1.19.0\AFR\AFR_SENSORS\CM7\MXTmpFiles\rtos_threads.tmp
2025-07-30 13:06:11,719 [INFO] CodeEngine:265 - oldGeneratedFile, C:\Users\nicks\STM32CubeIDE\workspace_1.19.0\AFR\AFR_SENSORS\CM7\Core\Inc\FreeRTOSConfig.h_save
2025-07-30 13:06:11,777 [INFO] CodeEngine:289 - Generated code: C:\Users\nicks\STM32CubeIDE\workspace_1.19.0\AFR\AFR_SENSORS\CM7\Core\Inc\FreeRTOSConfig.h
2025-07-30 13:06:11,783 [INFO] CodeEngine:265 - oldGeneratedFile, C:\Users\nicks\STM32CubeIDE\workspace_1.19.0\AFR\AFR_SENSORS\CM7\Core\Src\freertos.c_save
2025-07-30 13:06:11,830 [INFO] CodeEngine:289 - Generated code: C:\Users\nicks\STM32CubeIDE\workspace_1.19.0\AFR\AFR_SENSORS\CM7\Core\Src\freertos.c
2025-07-30 13:06:11,872 [INFO] CodeEngine:265 - oldGeneratedFile, C:\Users\nicks\STM32CubeIDE\workspace_1.19.0\AFR\AFR_SENSORS\CM7\Core\Inc\stm32h7xx_nucleo_conf.h_save
2025-07-30 13:06:11,917 [INFO] CodeEngine:289 - Generated code: C:\Users\nicks\STM32CubeIDE\workspace_1.19.0\AFR\AFR_SENSORS\CM7\Core\Inc\stm32h7xx_nucleo_conf.h
2025-07-30 13:06:11,922 [INFO] CodeEngine:265 - oldGeneratedFile, C:\Users\nicks\STM32CubeIDE\workspace_1.19.0\AFR\AFR_SENSORS\CM7\MXTmpFiles\bsp_inc.tmp_save
2025-07-30 13:06:11,960 [INFO] CodeEngine:289 - Generated code: C:\Users\nicks\STM32CubeIDE\workspace_1.19.0\AFR\AFR_SENSORS\CM7\MXTmpFiles\bsp_inc.tmp
2025-07-30 13:06:11,964 [INFO] CodeEngine:265 - oldGeneratedFile, C:\Users\nicks\STM32CubeIDE\workspace_1.19.0\AFR\AFR_SENSORS\CM7\MXTmpFiles\bsp_common_vars.tmp_save
2025-07-30 13:06:12,006 [INFO] CodeEngine:289 - Generated code: C:\Users\nicks\STM32CubeIDE\workspace_1.19.0\AFR\AFR_SENSORS\CM7\MXTmpFiles\bsp_common_vars.tmp
2025-07-30 13:06:12,011 [INFO] CodeEngine:265 - oldGeneratedFile, C:\Users\nicks\STM32CubeIDE\workspace_1.19.0\AFR\AFR_SENSORS\CM7\MXTmpFiles\bsp_common_init.tmp_save
2025-07-30 13:06:12,052 [INFO] CodeEngine:289 - Generated code: C:\Users\nicks\STM32CubeIDE\workspace_1.19.0\AFR\AFR_SENSORS\CM7\MXTmpFiles\bsp_common_init.tmp
2025-07-30 13:06:12,056 [INFO] CodeEngine:265 - oldGeneratedFile, C:\Users\nicks\STM32CubeIDE\workspace_1.19.0\AFR\AFR_SENSORS\CM7\MXTmpFiles\bsp_common_demo_before_while.tmp_save
2025-07-30 13:06:12,093 [INFO] CodeEngine:289 - Generated code: C:\Users\nicks\STM32CubeIDE\workspace_1.19.0\AFR\AFR_SENSORS\CM7\MXTmpFiles\bsp_common_demo_before_while.tmp
2025-07-30 13:06:12,098 [INFO] CodeEngine:265 - oldGeneratedFile, C:\Users\nicks\STM32CubeIDE\workspace_1.19.0\AFR\AFR_SENSORS\CM7\MXTmpFiles\bsp_common_demo_inside_while.tmp_save
2025-07-30 13:06:12,139 [INFO] CodeEngine:289 - Generated code: C:\Users\nicks\STM32CubeIDE\workspace_1.19.0\AFR\AFR_SENSORS\CM7\MXTmpFiles\bsp_common_demo_inside_while.tmp
2025-07-30 13:06:12,144 [INFO] CodeEngine:265 - oldGeneratedFile, C:\Users\nicks\STM32CubeIDE\workspace_1.19.0\AFR\AFR_SENSORS\CM7\MXTmpFiles\bsp_common_demo_fct.tmp_save
2025-07-30 13:06:12,184 [INFO] CodeEngine:289 - Generated code: C:\Users\nicks\STM32CubeIDE\workspace_1.19.0\AFR\AFR_SENSORS\CM7\MXTmpFiles\bsp_common_demo_fct.tmp
2025-07-30 13:06:12,204 [INFO] CodeEngine:265 - oldGeneratedFile, C:\Users\nicks\STM32CubeIDE\workspace_1.19.0\AFR\AFR_SENSORS\CM7\Core\Src\stm32h7xx_it.c_save
2025-07-30 13:06:12,271 [INFO] CodeEngine:289 - Generated code: C:\Users\nicks\STM32CubeIDE\workspace_1.19.0\AFR\AFR_SENSORS\CM7\Core\Src\stm32h7xx_it.c
2025-07-30 13:06:12,278 [INFO] CodeEngine:265 - oldGeneratedFile, C:\Users\nicks\STM32CubeIDE\workspace_1.19.0\AFR\AFR_SENSORS\CM7\Core\Inc\stm32h7xx_it.h_save
2025-07-30 13:06:12,320 [INFO] CodeEngine:289 - Generated code: C:\Users\nicks\STM32CubeIDE\workspace_1.19.0\AFR\AFR_SENSORS\CM7\Core\Inc\stm32h7xx_it.h
2025-07-30 13:06:12,435 [INFO] CodeEngine:265 - oldGeneratedFile, C:\Users\nicks\STM32CubeIDE\workspace_1.19.0\AFR\AFR_SENSORS\CM7\Core\Src\stm32h7xx_hal_msp.c_save
2025-07-30 13:06:12,514 [INFO] CodeEngine:289 - Generated code: C:\Users\nicks\STM32CubeIDE\workspace_1.19.0\AFR\AFR_SENSORS\CM7\Core\Src\stm32h7xx_hal_msp.c
2025-07-30 13:06:12,519 [INFO] CodeEngine:265 - oldGeneratedFile, C:\Users\nicks\STM32CubeIDE\workspace_1.19.0\AFR\AFR_SENSORS\CM7\MXTmpFiles\system.tmp_save
2025-07-30 13:06:12,559 [INFO] CodeEngine:289 - Generated code: C:\Users\nicks\STM32CubeIDE\workspace_1.19.0\AFR\AFR_SENSORS\CM7\MXTmpFiles\system.tmp
2025-07-30 13:06:12,570 [INFO] CodeEngine:321 - oldGeneratedFile, C:\Users\nicks\STM32CubeIDE\workspace_1.19.0\AFR\AFR_SENSORS\CM7\Core\Inc\stm32h7xx_hal_conf.h_save
2025-07-30 13:06:12,616 [INFO] CodeEngine:345 - Generated code: C:\Users\nicks\STM32CubeIDE\workspace_1.19.0\AFR\AFR_SENSORS\CM7\Core\Inc\stm32h7xx_hal_conf.h
2025-07-30 13:06:12,640 [WARN] IPConfigManager:3811 - IP not found : NVIC
2025-07-30 13:06:12,640 [WARN] IPConfigManager:3811 - IP not found : TIM
2025-07-30 13:06:12,641 [WARN] CodeGenerator:4259 - IP not found : null
2025-07-30 13:06:12,642 [WARN] CodeGenerator:4259 - IP not found : null
2025-07-30 13:06:12,649 [INFO] CodeEngine:265 - oldGeneratedFile, C:\Users\nicks\STM32CubeIDE\workspace_1.19.0\AFR\AFR_SENSORS\CM7\Core\Inc\main.h_save
2025-07-30 13:06:12,699 [INFO] CodeEngine:289 - Generated code: C:\Users\nicks\STM32CubeIDE\workspace_1.19.0\AFR\AFR_SENSORS\CM7\Core\Inc\main.h
2025-07-30 13:06:12,705 [INFO] CodeEngine:265 - oldGeneratedFile, C:\Users\nicks\STM32CubeIDE\workspace_1.19.0\AFR\AFR_SENSORS\CM7\Core\Src\main.c_save
2025-07-30 13:06:12,802 [INFO] CodeEngine:289 - Generated code: C:\Users\nicks\STM32CubeIDE\workspace_1.19.0\AFR\AFR_SENSORS\CM7\Core\Src\main.c
2025-07-30 13:06:12,851 [INFO] CodeGenerator:1619 - *******************Project context M4 selected
2025-07-30 13:06:12,903 [INFO] CodeEngine:265 - oldGeneratedFile, C:\Users\nicks\STM32CubeIDE\workspace_1.19.0\AFR\AFR_SENSORS\MXTmpFiles\license.tmp_save
2025-07-30 13:06:12,951 [INFO] CodeEngine:289 - Generated code: C:\Users\nicks\STM32CubeIDE\workspace_1.19.0\AFR\AFR_SENSORS\MXTmpFiles\license.tmp
2025-07-30 13:06:12,969 [INFO] CodeEngine:265 - oldGeneratedFile, C:\Users\nicks\STM32CubeIDE\workspace_1.19.0\AFR\AFR_SENSORS\CM4\MXTmpFiles\gpio.tmp_save
2025-07-30 13:06:13,013 [INFO] CodeEngine:289 - Generated code: C:\Users\nicks\STM32CubeIDE\workspace_1.19.0\AFR\AFR_SENSORS\CM4\MXTmpFiles\gpio.tmp
2025-07-30 13:06:13,051 [WARN] IPConfigManager:103 - WARNING: Missing Config File for NVIC2 ip!!
2025-07-30 13:06:13,104 [INFO] CodeEngine:265 - oldGeneratedFile, C:\Users\nicks\STM32CubeIDE\workspace_1.19.0\AFR\AFR_SENSORS\CM4\MXTmpFiles\cortex.tmp_save
2025-07-30 13:06:13,143 [INFO] CodeEngine:289 - Generated code: C:\Users\nicks\STM32CubeIDE\workspace_1.19.0\AFR\AFR_SENSORS\CM4\MXTmpFiles\cortex.tmp
2025-07-30 13:06:13,180 [INFO] CodeEngine:265 - oldGeneratedFile, C:\Users\nicks\STM32CubeIDE\workspace_1.19.0\AFR\AFR_SENSORS\CM4\Core\Inc\stm32h7xx_nucleo_conf.h_save
2025-07-30 13:06:13,223 [INFO] CodeEngine:289 - Generated code: C:\Users\nicks\STM32CubeIDE\workspace_1.19.0\AFR\AFR_SENSORS\CM4\Core\Inc\stm32h7xx_nucleo_conf.h
2025-07-30 13:06:13,227 [INFO] CodeEngine:265 - oldGeneratedFile, C:\Users\nicks\STM32CubeIDE\workspace_1.19.0\AFR\AFR_SENSORS\CM4\MXTmpFiles\bsp_inc.tmp_save
2025-07-30 13:06:13,266 [INFO] CodeEngine:289 - Generated code: C:\Users\nicks\STM32CubeIDE\workspace_1.19.0\AFR\AFR_SENSORS\CM4\MXTmpFiles\bsp_inc.tmp
2025-07-30 13:06:13,286 [INFO] CodeEngine:265 - oldGeneratedFile, C:\Users\nicks\STM32CubeIDE\workspace_1.19.0\AFR\AFR_SENSORS\CM4\Core\Src\stm32h7xx_it.c_save
2025-07-30 13:06:13,331 [INFO] CodeEngine:289 - Generated code: C:\Users\nicks\STM32CubeIDE\workspace_1.19.0\AFR\AFR_SENSORS\CM4\Core\Src\stm32h7xx_it.c
2025-07-30 13:06:13,337 [INFO] CodeEngine:265 - oldGeneratedFile, C:\Users\nicks\STM32CubeIDE\workspace_1.19.0\AFR\AFR_SENSORS\CM4\Core\Inc\stm32h7xx_it.h_save
2025-07-30 13:06:13,381 [INFO] CodeEngine:289 - Generated code: C:\Users\nicks\STM32CubeIDE\workspace_1.19.0\AFR\AFR_SENSORS\CM4\Core\Inc\stm32h7xx_it.h
2025-07-30 13:06:13,428 [INFO] CodeEngine:265 - oldGeneratedFile, C:\Users\nicks\STM32CubeIDE\workspace_1.19.0\AFR\AFR_SENSORS\CM4\Core\Src\stm32h7xx_hal_msp.c_save
2025-07-30 13:06:13,500 [INFO] CodeEngine:289 - Generated code: C:\Users\nicks\STM32CubeIDE\workspace_1.19.0\AFR\AFR_SENSORS\CM4\Core\Src\stm32h7xx_hal_msp.c
2025-07-30 13:06:13,505 [INFO] CodeEngine:265 - oldGeneratedFile, C:\Users\nicks\STM32CubeIDE\workspace_1.19.0\AFR\AFR_SENSORS\CM4\MXTmpFiles\system.tmp_save
2025-07-30 13:06:13,546 [INFO] CodeEngine:289 - Generated code: C:\Users\nicks\STM32CubeIDE\workspace_1.19.0\AFR\AFR_SENSORS\CM4\MXTmpFiles\system.tmp
2025-07-30 13:06:13,556 [INFO] CodeEngine:321 - oldGeneratedFile, C:\Users\nicks\STM32CubeIDE\workspace_1.19.0\AFR\AFR_SENSORS\CM4\Core\Inc\stm32h7xx_hal_conf.h_save
2025-07-30 13:06:13,603 [INFO] CodeEngine:345 - Generated code: C:\Users\nicks\STM32CubeIDE\workspace_1.19.0\AFR\AFR_SENSORS\CM4\Core\Inc\stm32h7xx_hal_conf.h
2025-07-30 13:06:13,616 [WARN] IPConfigManager:3811 - IP not found : NVIC
2025-07-30 13:06:13,618 [WARN] CodeGenerator:4259 - IP not found : null
2025-07-30 13:06:13,625 [INFO] CodeEngine:265 - oldGeneratedFile, C:\Users\nicks\STM32CubeIDE\workspace_1.19.0\AFR\AFR_SENSORS\CM4\Core\Inc\main.h_save
2025-07-30 13:06:13,674 [INFO] CodeEngine:289 - Generated code: C:\Users\nicks\STM32CubeIDE\workspace_1.19.0\AFR\AFR_SENSORS\CM4\Core\Inc\main.h
2025-07-30 13:06:13,679 [INFO] CodeEngine:265 - oldGeneratedFile, C:\Users\nicks\STM32CubeIDE\workspace_1.19.0\AFR\AFR_SENSORS\CM4\Core\Src\main.c_save
2025-07-30 13:06:13,747 [INFO] CodeEngine:289 - Generated code: C:\Users\nicks\STM32CubeIDE\workspace_1.19.0\AFR\AFR_SENSORS\CM4\Core\Src\main.c
2025-07-30 13:06:14,147 [INFO] ProjectBuilder:3606 - Time for Copy HAL[1] : 241mS.
2025-07-30 13:06:14,160 [INFO] ProjectBuilder:5216 - Project Generator version: 4.7.0-B52
2025-07-30 13:06:14,216 [INFO] ConfigFileManager:1595 - The Die is : DIE450
2025-07-30 13:06:19,685 [INFO] ProjectBuilder:5496 - Time for Generating toolchain IDE Files: 5525mS.
2025-07-30 13:06:19,686 [INFO] ProjectBuilder:3463 - Time for Copy CMSIS : 1mS.
2025-07-30 13:06:19,690 [INFO] ProjectBuilder:3463 - Time for Copy CMSIS : 0mS.
2025-07-30 13:08:01,824 [INFO] UtilMem:75 - End SaveConfig() Used Memory: 856148656 Bytes (1073741824)
2025-07-30 13:08:02,016 [INFO] UtilMem:75 - End SaveConfig() Used Memory: 395387640 Bytes (1073741824)
2025-07-30 13:08:02,097 [ERROR] IocParser:95 - Exception caught: Cannot invoke "java.lang.CharSequence.length()" because "this.text" is null
2025-07-30 13:08:02,563 [INFO] UtilMem:75 - End SaveConfig() Used Memory: 437353976 Bytes (1073741824)
2025-07-30 13:08:04,200 [INFO] BlockDiagram:2775 - set Specific Code input for plugin: FREERTOS
2025-07-30 13:08:04,200 [INFO] BlockDiagram:2775 - set Specific Code input for plugin: RCC
2025-07-30 13:08:04,200 [INFO] BlockDiagram:2775 - set Specific Code input for plugin: I2C
2025-07-30 13:08:04,200 [INFO] BlockDiagram:2775 - set Specific Code input for plugin: USART
2025-07-30 13:08:04,200 [INFO] BlockDiagram:2775 - set Specific Code input for plugin: TIM1_8H7
2025-07-30 13:08:04,200 [INFO] BlockDiagram:2775 - set Specific Code input for plugin: SYS
2025-07-30 13:08:04,200 [INFO] BlockDiagram:2775 - set Specific Code input for plugin: ADC
2025-07-30 13:08:04,200 [INFO] BlockDiagram:2775 - set Specific Code input for plugin: ADC
2025-07-30 13:08:04,200 [INFO] BlockDiagram:2775 - set Specific Code input for plugin: NVIC2
2025-07-30 13:08:04,200 [INFO] BlockDiagram:2775 - set Specific Code input for plugin: UART
2025-07-30 13:08:04,200 [INFO] BlockDiagram:2775 - set Specific Code input for plugin: UART
2025-07-30 13:08:04,201 [INFO] BlockDiagram:2775 - set Specific Code input for plugin: GPIO
2025-07-30 13:08:04,201 [INFO] BlockDiagram:2775 - set Specific Code input for plugin: SYS_M4
2025-07-30 13:08:04,201 [INFO] BlockDiagram:2775 - set Specific Code input for plugin: NUCLEO-H755ZI-Q
2025-07-30 13:08:04,201 [INFO] BlockDiagram:2775 - set Specific Code input for plugin: NVIC1
2025-07-30 13:08:04,201 [INFO] CodeGenerator:892 - code generatio: config db path: C:\ST\STM32CubeIDE_1.19.0\STM32CubeIDE\plugins\com.st.stm32cube.common.mx_6.15.0.202507011659\\db\
2025-07-30 13:08:04,280 [ERROR] CodeGenerator:10662 - The current RTOS owner has not been found in the list of IPs
2025-07-30 13:08:04,280 [INFO] CodeGenerator:1619 - *******************Project context M7 selected
2025-07-30 13:08:04,337 [INFO] CodeEngine:265 - oldGeneratedFile, C:\Users\nicks\STM32CubeIDE\workspace_1.19.0\AFR\AFR_SENSORS\MXTmpFiles\license.tmp_save
2025-07-30 13:08:04,480 [INFO] CodeEngine:289 - Generated code: C:\Users\nicks\STM32CubeIDE\workspace_1.19.0\AFR\AFR_SENSORS\MXTmpFiles\license.tmp
2025-07-30 13:08:04,593 [INFO] CodeEngine:265 - oldGeneratedFile, C:\Users\nicks\STM32CubeIDE\workspace_1.19.0\AFR\AFR_SENSORS\CM7\MXTmpFiles\gpio.tmp_save
2025-07-30 13:08:04,660 [INFO] CodeEngine:289 - Generated code: C:\Users\nicks\STM32CubeIDE\workspace_1.19.0\AFR\AFR_SENSORS\CM7\MXTmpFiles\gpio.tmp
2025-07-30 13:08:05,067 [WARN] IPConfigManager:103 - WARNING: Missing Config File for NVIC1 ip!!
2025-07-30 13:08:05,310 [ERROR] CodeGenerator:10662 - The current RTOS owner has not been found in the list of IPs
2025-07-30 13:08:05,317 [INFO] CodeEngine:265 - oldGeneratedFile, C:\Users\nicks\STM32CubeIDE\workspace_1.19.0\AFR\AFR_SENSORS\CM7\MXTmpFiles\cortex.tmp_save
2025-07-30 13:08:05,369 [INFO] CodeEngine:289 - Generated code: C:\Users\nicks\STM32CubeIDE\workspace_1.19.0\AFR\AFR_SENSORS\CM7\MXTmpFiles\cortex.tmp
2025-07-30 13:08:05,388 [INFO] Middleware:1452 - No code input for Bsp Dependency
2025-07-30 13:08:05,394 [INFO] CodeEngine:265 - oldGeneratedFile, C:\Users\nicks\STM32CubeIDE\workspace_1.19.0\AFR\AFR_SENSORS\CM7\MXTmpFiles\rtos_inc.tmp_save
2025-07-30 13:08:05,436 [INFO] CodeEngine:289 - Generated code: C:\Users\nicks\STM32CubeIDE\workspace_1.19.0\AFR\AFR_SENSORS\CM7\MXTmpFiles\rtos_inc.tmp
2025-07-30 13:08:05,441 [INFO] CodeEngine:265 - oldGeneratedFile, C:\Users\nicks\STM32CubeIDE\workspace_1.19.0\AFR\AFR_SENSORS\CM7\MXTmpFiles\rtos_kernelInit.tmp_save
2025-07-30 13:08:05,485 [INFO] CodeEngine:289 - Generated code: C:\Users\nicks\STM32CubeIDE\workspace_1.19.0\AFR\AFR_SENSORS\CM7\MXTmpFiles\rtos_kernelInit.tmp
2025-07-30 13:08:05,489 [INFO] CodeEngine:265 - oldGeneratedFile, C:\Users\nicks\STM32CubeIDE\workspace_1.19.0\AFR\AFR_SENSORS\CM7\MXTmpFiles\rtos_kernelStart.tmp_save
2025-07-30 13:08:05,532 [INFO] CodeEngine:289 - Generated code: C:\Users\nicks\STM32CubeIDE\workspace_1.19.0\AFR\AFR_SENSORS\CM7\MXTmpFiles\rtos_kernelStart.tmp
2025-07-30 13:08:05,536 [INFO] CodeEngine:265 - oldGeneratedFile, C:\Users\nicks\STM32CubeIDE\workspace_1.19.0\AFR\AFR_SENSORS\CM7\MXTmpFiles\rtos_typedefs.tmp_save
2025-07-30 13:08:05,580 [INFO] CodeEngine:289 - Generated code: C:\Users\nicks\STM32CubeIDE\workspace_1.19.0\AFR\AFR_SENSORS\CM7\MXTmpFiles\rtos_typedefs.tmp
2025-07-30 13:08:05,585 [INFO] CodeEngine:265 - oldGeneratedFile, C:\Users\nicks\STM32CubeIDE\workspace_1.19.0\AFR\AFR_SENSORS\CM7\MXTmpFiles\rtos_vars.tmp_save
2025-07-30 13:08:05,625 [INFO] CodeEngine:289 - Generated code: C:\Users\nicks\STM32CubeIDE\workspace_1.19.0\AFR\AFR_SENSORS\CM7\MXTmpFiles\rtos_vars.tmp
2025-07-30 13:08:05,630 [INFO] CodeEngine:265 - oldGeneratedFile, C:\Users\nicks\STM32CubeIDE\workspace_1.19.0\AFR\AFR_SENSORS\CM7\MXTmpFiles\rtos_pfp.tmp_save
2025-07-30 13:08:05,668 [INFO] CodeEngine:289 - Generated code: C:\Users\nicks\STM32CubeIDE\workspace_1.19.0\AFR\AFR_SENSORS\CM7\MXTmpFiles\rtos_pfp.tmp
2025-07-30 13:08:05,673 [INFO] CodeEngine:265 - oldGeneratedFile, C:\Users\nicks\STM32CubeIDE\workspace_1.19.0\AFR\AFR_SENSORS\CM7\MXTmpFiles\rtos_obj_creat.tmp_save
2025-07-30 13:08:05,716 [INFO] CodeEngine:289 - Generated code: C:\Users\nicks\STM32CubeIDE\workspace_1.19.0\AFR\AFR_SENSORS\CM7\MXTmpFiles\rtos_obj_creat.tmp
2025-07-30 13:08:05,721 [INFO] CodeEngine:265 - oldGeneratedFile, C:\Users\nicks\STM32CubeIDE\workspace_1.19.0\AFR\AFR_SENSORS\CM7\MXTmpFiles\rtos_default_thread.tmp_save
2025-07-30 13:08:05,763 [INFO] CodeEngine:289 - Generated code: C:\Users\nicks\STM32CubeIDE\workspace_1.19.0\AFR\AFR_SENSORS\CM7\MXTmpFiles\rtos_default_thread.tmp
2025-07-30 13:08:05,767 [INFO] CodeEngine:265 - oldGeneratedFile, C:\Users\nicks\STM32CubeIDE\workspace_1.19.0\AFR\AFR_SENSORS\CM7\MXTmpFiles\rtos_threads.tmp_save
2025-07-30 13:08:05,808 [INFO] CodeEngine:289 - Generated code: C:\Users\nicks\STM32CubeIDE\workspace_1.19.0\AFR\AFR_SENSORS\CM7\MXTmpFiles\rtos_threads.tmp
2025-07-30 13:08:05,814 [INFO] CodeEngine:265 - oldGeneratedFile, C:\Users\nicks\STM32CubeIDE\workspace_1.19.0\AFR\AFR_SENSORS\CM7\Core\Inc\FreeRTOSConfig.h_save
2025-07-30 13:08:05,866 [INFO] CodeEngine:289 - Generated code: C:\Users\nicks\STM32CubeIDE\workspace_1.19.0\AFR\AFR_SENSORS\CM7\Core\Inc\FreeRTOSConfig.h
2025-07-30 13:08:05,872 [INFO] CodeEngine:265 - oldGeneratedFile, C:\Users\nicks\STM32CubeIDE\workspace_1.19.0\AFR\AFR_SENSORS\CM7\Core\Src\freertos.c_save
2025-07-30 13:08:05,917 [INFO] CodeEngine:289 - Generated code: C:\Users\nicks\STM32CubeIDE\workspace_1.19.0\AFR\AFR_SENSORS\CM7\Core\Src\freertos.c
2025-07-30 13:08:05,953 [INFO] CodeEngine:265 - oldGeneratedFile, C:\Users\nicks\STM32CubeIDE\workspace_1.19.0\AFR\AFR_SENSORS\CM7\Core\Inc\stm32h7xx_nucleo_conf.h_save
2025-07-30 13:08:05,995 [INFO] CodeEngine:289 - Generated code: C:\Users\nicks\STM32CubeIDE\workspace_1.19.0\AFR\AFR_SENSORS\CM7\Core\Inc\stm32h7xx_nucleo_conf.h
2025-07-30 13:08:06,000 [INFO] CodeEngine:265 - oldGeneratedFile, C:\Users\nicks\STM32CubeIDE\workspace_1.19.0\AFR\AFR_SENSORS\CM7\MXTmpFiles\bsp_inc.tmp_save
2025-07-30 13:08:06,041 [INFO] CodeEngine:289 - Generated code: C:\Users\nicks\STM32CubeIDE\workspace_1.19.0\AFR\AFR_SENSORS\CM7\MXTmpFiles\bsp_inc.tmp
2025-07-30 13:08:06,046 [INFO] CodeEngine:265 - oldGeneratedFile, C:\Users\nicks\STM32CubeIDE\workspace_1.19.0\AFR\AFR_SENSORS\CM7\MXTmpFiles\bsp_common_vars.tmp_save
2025-07-30 13:08:06,087 [INFO] CodeEngine:289 - Generated code: C:\Users\nicks\STM32CubeIDE\workspace_1.19.0\AFR\AFR_SENSORS\CM7\MXTmpFiles\bsp_common_vars.tmp
2025-07-30 13:08:06,092 [INFO] CodeEngine:265 - oldGeneratedFile, C:\Users\nicks\STM32CubeIDE\workspace_1.19.0\AFR\AFR_SENSORS\CM7\MXTmpFiles\bsp_common_init.tmp_save
2025-07-30 13:08:06,133 [INFO] CodeEngine:289 - Generated code: C:\Users\nicks\STM32CubeIDE\workspace_1.19.0\AFR\AFR_SENSORS\CM7\MXTmpFiles\bsp_common_init.tmp
2025-07-30 13:08:06,137 [INFO] CodeEngine:265 - oldGeneratedFile, C:\Users\nicks\STM32CubeIDE\workspace_1.19.0\AFR\AFR_SENSORS\CM7\MXTmpFiles\bsp_common_demo_before_while.tmp_save
2025-07-30 13:08:06,176 [INFO] CodeEngine:289 - Generated code: C:\Users\nicks\STM32CubeIDE\workspace_1.19.0\AFR\AFR_SENSORS\CM7\MXTmpFiles\bsp_common_demo_before_while.tmp
2025-07-30 13:08:06,181 [INFO] CodeEngine:265 - oldGeneratedFile, C:\Users\nicks\STM32CubeIDE\workspace_1.19.0\AFR\AFR_SENSORS\CM7\MXTmpFiles\bsp_common_demo_inside_while.tmp_save
2025-07-30 13:08:06,220 [INFO] CodeEngine:289 - Generated code: C:\Users\nicks\STM32CubeIDE\workspace_1.19.0\AFR\AFR_SENSORS\CM7\MXTmpFiles\bsp_common_demo_inside_while.tmp
2025-07-30 13:08:06,225 [INFO] CodeEngine:265 - oldGeneratedFile, C:\Users\nicks\STM32CubeIDE\workspace_1.19.0\AFR\AFR_SENSORS\CM7\MXTmpFiles\bsp_common_demo_fct.tmp_save
2025-07-30 13:08:06,263 [INFO] CodeEngine:289 - Generated code: C:\Users\nicks\STM32CubeIDE\workspace_1.19.0\AFR\AFR_SENSORS\CM7\MXTmpFiles\bsp_common_demo_fct.tmp
2025-07-30 13:08:06,282 [INFO] CodeEngine:265 - oldGeneratedFile, C:\Users\nicks\STM32CubeIDE\workspace_1.19.0\AFR\AFR_SENSORS\CM7\Core\Src\stm32h7xx_it.c_save
2025-07-30 13:08:06,343 [INFO] CodeEngine:289 - Generated code: C:\Users\nicks\STM32CubeIDE\workspace_1.19.0\AFR\AFR_SENSORS\CM7\Core\Src\stm32h7xx_it.c
2025-07-30 13:08:06,348 [INFO] CodeEngine:265 - oldGeneratedFile, C:\Users\nicks\STM32CubeIDE\workspace_1.19.0\AFR\AFR_SENSORS\CM7\Core\Inc\stm32h7xx_it.h_save
2025-07-30 13:08:06,392 [INFO] CodeEngine:289 - Generated code: C:\Users\nicks\STM32CubeIDE\workspace_1.19.0\AFR\AFR_SENSORS\CM7\Core\Inc\stm32h7xx_it.h
2025-07-30 13:08:06,514 [INFO] CodeEngine:265 - oldGeneratedFile, C:\Users\nicks\STM32CubeIDE\workspace_1.19.0\AFR\AFR_SENSORS\CM7\Core\Src\stm32h7xx_hal_msp.c_save
2025-07-30 13:08:06,595 [INFO] CodeEngine:289 - Generated code: C:\Users\nicks\STM32CubeIDE\workspace_1.19.0\AFR\AFR_SENSORS\CM7\Core\Src\stm32h7xx_hal_msp.c
2025-07-30 13:08:06,599 [INFO] CodeEngine:265 - oldGeneratedFile, C:\Users\nicks\STM32CubeIDE\workspace_1.19.0\AFR\AFR_SENSORS\CM7\MXTmpFiles\system.tmp_save
2025-07-30 13:08:06,637 [INFO] CodeEngine:289 - Generated code: C:\Users\nicks\STM32CubeIDE\workspace_1.19.0\AFR\AFR_SENSORS\CM7\MXTmpFiles\system.tmp
2025-07-30 13:08:06,648 [INFO] CodeEngine:321 - oldGeneratedFile, C:\Users\nicks\STM32CubeIDE\workspace_1.19.0\AFR\AFR_SENSORS\CM7\Core\Inc\stm32h7xx_hal_conf.h_save
2025-07-30 13:08:06,694 [INFO] CodeEngine:345 - Generated code: C:\Users\nicks\STM32CubeIDE\workspace_1.19.0\AFR\AFR_SENSORS\CM7\Core\Inc\stm32h7xx_hal_conf.h
2025-07-30 13:08:06,719 [WARN] IPConfigManager:3811 - IP not found : NVIC
2025-07-30 13:08:06,719 [WARN] IPConfigManager:3811 - IP not found : TIM
2025-07-30 13:08:06,720 [WARN] CodeGenerator:4259 - IP not found : null
2025-07-30 13:08:06,720 [WARN] CodeGenerator:4259 - IP not found : null
2025-07-30 13:08:06,728 [INFO] CodeEngine:265 - oldGeneratedFile, C:\Users\nicks\STM32CubeIDE\workspace_1.19.0\AFR\AFR_SENSORS\CM7\Core\Inc\main.h_save
2025-07-30 13:08:06,778 [INFO] CodeEngine:289 - Generated code: C:\Users\nicks\STM32CubeIDE\workspace_1.19.0\AFR\AFR_SENSORS\CM7\Core\Inc\main.h
2025-07-30 13:08:06,784 [INFO] CodeEngine:265 - oldGeneratedFile, C:\Users\nicks\STM32CubeIDE\workspace_1.19.0\AFR\AFR_SENSORS\CM7\Core\Src\main.c_save
2025-07-30 13:08:06,877 [INFO] CodeEngine:289 - Generated code: C:\Users\nicks\STM32CubeIDE\workspace_1.19.0\AFR\AFR_SENSORS\CM7\Core\Src\main.c
2025-07-30 13:08:06,921 [INFO] CodeGenerator:1619 - *******************Project context M4 selected
2025-07-30 13:08:06,978 [INFO] CodeEngine:265 - oldGeneratedFile, C:\Users\nicks\STM32CubeIDE\workspace_1.19.0\AFR\AFR_SENSORS\MXTmpFiles\license.tmp_save
2025-07-30 13:08:07,037 [INFO] CodeEngine:289 - Generated code: C:\Users\nicks\STM32CubeIDE\workspace_1.19.0\AFR\AFR_SENSORS\MXTmpFiles\license.tmp
2025-07-30 13:08:07,056 [INFO] CodeEngine:265 - oldGeneratedFile, C:\Users\nicks\STM32CubeIDE\workspace_1.19.0\AFR\AFR_SENSORS\CM4\MXTmpFiles\gpio.tmp_save
2025-07-30 13:08:07,099 [INFO] CodeEngine:289 - Generated code: C:\Users\nicks\STM32CubeIDE\workspace_1.19.0\AFR\AFR_SENSORS\CM4\MXTmpFiles\gpio.tmp
2025-07-30 13:08:07,137 [WARN] IPConfigManager:103 - WARNING: Missing Config File for NVIC2 ip!!
2025-07-30 13:08:07,189 [INFO] CodeEngine:265 - oldGeneratedFile, C:\Users\nicks\STM32CubeIDE\workspace_1.19.0\AFR\AFR_SENSORS\CM4\MXTmpFiles\cortex.tmp_save
2025-07-30 13:08:07,226 [INFO] CodeEngine:289 - Generated code: C:\Users\nicks\STM32CubeIDE\workspace_1.19.0\AFR\AFR_SENSORS\CM4\MXTmpFiles\cortex.tmp
2025-07-30 13:08:07,261 [INFO] CodeEngine:265 - oldGeneratedFile, C:\Users\nicks\STM32CubeIDE\workspace_1.19.0\AFR\AFR_SENSORS\CM4\Core\Inc\stm32h7xx_nucleo_conf.h_save
2025-07-30 13:08:07,304 [INFO] CodeEngine:289 - Generated code: C:\Users\nicks\STM32CubeIDE\workspace_1.19.0\AFR\AFR_SENSORS\CM4\Core\Inc\stm32h7xx_nucleo_conf.h
2025-07-30 13:08:07,309 [INFO] CodeEngine:265 - oldGeneratedFile, C:\Users\nicks\STM32CubeIDE\workspace_1.19.0\AFR\AFR_SENSORS\CM4\MXTmpFiles\bsp_inc.tmp_save
2025-07-30 13:08:07,346 [INFO] CodeEngine:289 - Generated code: C:\Users\nicks\STM32CubeIDE\workspace_1.19.0\AFR\AFR_SENSORS\CM4\MXTmpFiles\bsp_inc.tmp
2025-07-30 13:08:07,366 [INFO] CodeEngine:265 - oldGeneratedFile, C:\Users\nicks\STM32CubeIDE\workspace_1.19.0\AFR\AFR_SENSORS\CM4\Core\Src\stm32h7xx_it.c_save
2025-07-30 13:08:07,410 [INFO] CodeEngine:289 - Generated code: C:\Users\nicks\STM32CubeIDE\workspace_1.19.0\AFR\AFR_SENSORS\CM4\Core\Src\stm32h7xx_it.c
2025-07-30 13:08:07,417 [INFO] CodeEngine:265 - oldGeneratedFile, C:\Users\nicks\STM32CubeIDE\workspace_1.19.0\AFR\AFR_SENSORS\CM4\Core\Inc\stm32h7xx_it.h_save
2025-07-30 13:08:07,458 [INFO] CodeEngine:289 - Generated code: C:\Users\nicks\STM32CubeIDE\workspace_1.19.0\AFR\AFR_SENSORS\CM4\Core\Inc\stm32h7xx_it.h
2025-07-30 13:08:07,502 [INFO] CodeEngine:265 - oldGeneratedFile, C:\Users\nicks\STM32CubeIDE\workspace_1.19.0\AFR\AFR_SENSORS\CM4\Core\Src\stm32h7xx_hal_msp.c_save
2025-07-30 13:08:07,563 [INFO] CodeEngine:289 - Generated code: C:\Users\nicks\STM32CubeIDE\workspace_1.19.0\AFR\AFR_SENSORS\CM4\Core\Src\stm32h7xx_hal_msp.c
2025-07-30 13:08:07,567 [INFO] CodeEngine:265 - oldGeneratedFile, C:\Users\nicks\STM32CubeIDE\workspace_1.19.0\AFR\AFR_SENSORS\CM4\MXTmpFiles\system.tmp_save
2025-07-30 13:08:07,605 [INFO] CodeEngine:289 - Generated code: C:\Users\nicks\STM32CubeIDE\workspace_1.19.0\AFR\AFR_SENSORS\CM4\MXTmpFiles\system.tmp
2025-07-30 13:08:07,615 [INFO] CodeEngine:321 - oldGeneratedFile, C:\Users\nicks\STM32CubeIDE\workspace_1.19.0\AFR\AFR_SENSORS\CM4\Core\Inc\stm32h7xx_hal_conf.h_save
2025-07-30 13:08:07,658 [INFO] CodeEngine:345 - Generated code: C:\Users\nicks\STM32CubeIDE\workspace_1.19.0\AFR\AFR_SENSORS\CM4\Core\Inc\stm32h7xx_hal_conf.h
2025-07-30 13:08:07,671 [WARN] IPConfigManager:3811 - IP not found : NVIC
2025-07-30 13:08:07,672 [WARN] CodeGenerator:4259 - IP not found : null
2025-07-30 13:08:07,678 [INFO] CodeEngine:265 - oldGeneratedFile, C:\Users\nicks\STM32CubeIDE\workspace_1.19.0\AFR\AFR_SENSORS\CM4\Core\Inc\main.h_save
2025-07-30 13:08:07,722 [INFO] CodeEngine:289 - Generated code: C:\Users\nicks\STM32CubeIDE\workspace_1.19.0\AFR\AFR_SENSORS\CM4\Core\Inc\main.h
2025-07-30 13:08:07,728 [INFO] CodeEngine:265 - oldGeneratedFile, C:\Users\nicks\STM32CubeIDE\workspace_1.19.0\AFR\AFR_SENSORS\CM4\Core\Src\main.c_save
2025-07-30 13:08:07,792 [INFO] CodeEngine:289 - Generated code: C:\Users\nicks\STM32CubeIDE\workspace_1.19.0\AFR\AFR_SENSORS\CM4\Core\Src\main.c
2025-07-30 13:08:08,175 [INFO] ProjectBuilder:3606 - Time for Copy HAL[1] : 227mS.
2025-07-30 13:08:08,188 [INFO] ProjectBuilder:5216 - Project Generator version: 4.7.0-B52
2025-07-30 13:08:08,243 [INFO] ConfigFileManager:1595 - The Die is : DIE450
2025-07-30 13:08:13,554 [INFO] ProjectBuilder:5496 - Time for Generating toolchain IDE Files: 5366mS.
2025-07-30 13:08:13,554 [INFO] ProjectBuilder:3463 - Time for Copy CMSIS : 0mS.
2025-07-30 13:08:13,560 [INFO] ProjectBuilder:3463 - Time for Copy CMSIS : 1mS.
2025-07-30 13:08:29,592 [INFO] I2cTimingTraitement:330 - 0x109090D9
2025-07-30 13:08:29,948 [INFO] Gpio:278 - dependency for GPIO [ADC1, ADC3, I2C2, TIM1, UART4, UART5, USART2]
2025-07-30 13:08:29,997 [INFO] NvicIntPanel:101 - NVIC parent = com.st.microxplorer.plugins.ip.nvic.MultiNvicIntPanel[,0,0,0x0,invalid,layout=javax.swing.BoxLayout,alignmentX=0.0,alignmentY=0.0,border=,flags=9,maximumSize=,minimumSize=,preferredSize=]
2025-07-30 13:08:30,324 [INFO] Gpio:278 - dependency for GPIO [ADC1, ADC3, I2C2, TIM1, UART4, UART5, USART2]
2025-07-30 13:08:30,368 [INFO] NvicIntPanel:101 - NVIC parent = com.st.microxplorer.plugins.ip.nvic.MultiNvicIntPanel[,0,0,0x0,invalid,layout=javax.swing.BoxLayout,alignmentX=0.0,alignmentY=0.0,border=,flags=9,maximumSize=,minimumSize=,preferredSize=]
2025-07-30 13:08:30,700 [INFO] Gpio:278 - dependency for GPIO [ADC1, ADC3, I2C2, TIM1, UART4, UART5, USART2]
2025-07-30 13:08:30,735 [INFO] NvicIntPanel:101 - NVIC parent = com.st.microxplorer.plugins.ip.nvic.MultiNvicIntPanel[,0,0,0x0,invalid,layout=javax.swing.BoxLayout,alignmentX=0.0,alignmentY=0.0,border=,flags=9,maximumSize=,minimumSize=,preferredSize=]
2025-07-30 13:18:04,435 [INFO] Activator:176 - 


2025-07-30 13:18:04,436 [INFO] Activator:177 - !SESSION log4j initialized
2025-07-30 13:18:06,945 [INFO] LogOutputStream:77 - [STDOUT_REDIRECT] 
2025-07-30 13:18:07,972 [INFO] ApplicationProperties:184 - Using Application install path: C:\ST\STM32CubeIDE_1.19.0\STM32CubeIDE\plugins\com.st.stm32cube.common.mx_6.15.0.202507011659
2025-07-30 13:18:07,984 [INFO] DbMcusXml:78 - Set database path to: C:\ST\STM32CubeIDE_1.19.0\STM32CubeIDE\plugins\com.st.stm32cube.common.mx_6.15.0.202507011659\\db\/mcu/
2025-07-30 13:18:07,984 [INFO] ApiDb:274 - Set plugin database path to: C:\ST\STM32CubeIDE_1.19.0\STM32CubeIDE\plugins\com.st.stm32cube.common.mx_6.15.0.202507011659\\db\/plugins/boardmanager/
2025-07-30 13:18:07,984 [WARN] ApiDb:259 - Overriding images path with different value:  => C:\ST\STM32CubeIDE_1.19.0\STM32CubeIDE\plugins\com.st.stm32cube.common.mx_6.15.0.202507011659\\db\/plugins/mcufinder/images/
2025-07-30 13:18:07,990 [INFO] ApiDb:250 - Set database path to: C:\Users\nicks\.stmcufinder\plugins\mcufinder//mcu/
2025-07-30 13:18:07,991 [INFO] DbMcusAds:125 - Set database path to: C:\Users\nicks\.stmcufinder\plugins\mcufinder//mcu/
2025-07-30 13:18:07,992 [INFO] CrossReferenceDbSqlite:203 - Set database path to: C:\Users\nicks\.stmcufinder\plugins\mcufinder//mcu/cs/
2025-07-30 13:18:08,056 [INFO] RulesReader:64 - Compatibility file has been processed (317 Rules)
2025-07-30 13:18:08,126 [INFO] DbMcusXml:78 - Set database path to: C:\ST\STM32CubeIDE_1.19.0\STM32CubeIDE\plugins\com.st.stm32cube.common.mx_6.15.0.202507011659\\db\/mcu/
2025-07-30 13:18:08,126 [INFO] ApiDb:274 - Set plugin database path to: C:\ST\STM32CubeIDE_1.19.0\STM32CubeIDE\plugins\com.st.stm32cube.common.mx_6.15.0.202507011659\\db\/plugins/boardmanager/
2025-07-30 13:18:08,126 [INFO] ApiDb:261 - Set plugin images path to: C:\ST\STM32CubeIDE_1.19.0\STM32CubeIDE\plugins\com.st.stm32cube.common.mx_6.15.0.202507011659\\db\/plugins/mcufinder/images/
2025-07-30 13:18:08,126 [WARN] DbFile:41 - Overriding database path with different value: C:\Users\nicks\.stmcufinder\plugins\mcufinder/ => C:\Users\nicks\.stmcufinder\plugins\mcufinder
2025-07-30 13:18:08,127 [INFO] ApiDb:250 - Set database path to: C:\Users\nicks\.stmcufinder\plugins\mcufinder//mcu/
2025-07-30 13:18:08,127 [WARN] DbFile:41 - Overriding database path with different value: C:\Users\nicks\.stmcufinder\plugins\mcufinder/ => C:\Users\nicks\.stmcufinder\plugins\mcufinder
2025-07-30 13:18:08,127 [INFO] DbMcusAds:125 - Set database path to: C:\Users\nicks\.stmcufinder\plugins\mcufinder//mcu/
2025-07-30 13:18:08,127 [WARN] DbFile:41 - Overriding database path with different value: C:\Users\nicks\.stmcufinder\plugins\mcufinder/ => C:\Users\nicks\.stmcufinder\plugins\mcufinder
2025-07-30 13:18:08,127 [WARN] DbFile:41 - Overriding database path with different value: C:\Users\nicks\.stmcufinder\plugins\mcufinder/ => C:\Users\nicks\.stmcufinder\plugins\mcufinder
2025-07-30 13:18:08,127 [INFO] CrossReferenceDbSqlite:203 - Set database path to: C:\Users\nicks\.stmcufinder\plugins\mcufinder//mcu/cs/
2025-07-30 13:18:08,188 [INFO] MainPanel:274 - HeapMemory: 268435456
2025-07-30 13:18:08,263 [INFO] DbMcusXml:78 - Set database path to: C:\ST\STM32CubeIDE_1.19.0\STM32CubeIDE\plugins\com.st.stm32cube.common.mx_6.15.0.202507011659\\db\/mcu/
2025-07-30 13:18:08,264 [INFO] ApiDb:274 - Set plugin database path to: C:\ST\STM32CubeIDE_1.19.0\STM32CubeIDE\plugins\com.st.stm32cube.common.mx_6.15.0.202507011659\\db\/plugins/boardmanager/
2025-07-30 13:18:08,264 [INFO] ApiDb:261 - Set plugin images path to: C:\ST\STM32CubeIDE_1.19.0\STM32CubeIDE\plugins\com.st.stm32cube.common.mx_6.15.0.202507011659\\db\/plugins/mcufinder/images/
2025-07-30 13:18:08,264 [WARN] DbFile:41 - Overriding database path with different value: C:\Users\nicks\.stmcufinder\plugins\mcufinder/ => C:\Users\nicks\.stmcufinder\plugins\mcufinder
2025-07-30 13:18:08,264 [INFO] ApiDb:250 - Set database path to: C:\Users\nicks\.stmcufinder\plugins\mcufinder//mcu/
2025-07-30 13:18:08,264 [WARN] DbFile:41 - Overriding database path with different value: C:\Users\nicks\.stmcufinder\plugins\mcufinder/ => C:\Users\nicks\.stmcufinder\plugins\mcufinder
2025-07-30 13:18:08,264 [INFO] DbMcusAds:125 - Set database path to: C:\Users\nicks\.stmcufinder\plugins\mcufinder//mcu/
2025-07-30 13:18:08,264 [WARN] DbFile:41 - Overriding database path with different value: C:\Users\nicks\.stmcufinder\plugins\mcufinder/ => C:\Users\nicks\.stmcufinder\plugins\mcufinder
2025-07-30 13:18:08,264 [WARN] DbFile:41 - Overriding database path with different value: C:\Users\nicks\.stmcufinder\plugins\mcufinder/ => C:\Users\nicks\.stmcufinder\plugins\mcufinder
2025-07-30 13:18:08,264 [INFO] CrossReferenceDbSqlite:203 - Set database path to: C:\Users\nicks\.stmcufinder\plugins\mcufinder//mcu/cs/
2025-07-30 13:18:08,276 [INFO] ApplicationProperties:184 - Using Application install path: C:\ST\STM32CubeIDE_1.19.0\STM32CubeIDE\plugins\com.st.stm32cube.common.mx_6.15.0.202507011659
2025-07-30 13:18:08,277 [INFO] PluginManage:196 - Search for loadable plugins [exclusion list=, ]
2025-07-30 13:18:08,278 [INFO] PluginManage:310 - Check plugin analytics
2025-07-30 13:18:08,383 [INFO] AnalyticsPlugin:253 - Accepted Software Licenses: 
2025-07-30 13:18:08,383 [INFO] AnalyticsPlugin:255 - Accepted CMSIS Pack Licenses: 
2025-07-30 13:18:08,383 [INFO] AnalyticsPlugin:257 - Accepted Firmware Licenses: FW.F4.1.28.0,FW.H7.1.12.0,FW.H7.1.11.0
2025-07-30 13:18:08,383 [INFO] PluginManage:359 - Loaded plugin analytics (category:tool,tabindex:-1)
2025-07-30 13:18:08,383 [INFO] PluginManage:310 - Check plugin cadmodel
2025-07-30 13:18:08,388 [INFO] CADModel:105 - Init CAD model plugin
2025-07-30 13:18:08,389 [INFO] PluginManage:359 - Loaded plugin cadmodel (category:power,tabindex:5)
2025-07-30 13:18:08,389 [INFO] PluginManage:310 - Check plugin clock
2025-07-30 13:18:08,395 [INFO] PluginManage:359 - Loaded plugin clock (category:base,tabindex:2)
2025-07-30 13:18:08,395 [INFO] PluginManage:310 - Check plugin ddr
2025-07-30 13:18:08,397 [INFO] PluginManage:359 - Loaded plugin ddr (category:tool,tabindex:6)
2025-07-30 13:18:08,397 [INFO] PluginManage:310 - Check plugin filemanager
2025-07-30 13:18:08,495 [INFO] PluginManage:359 - Loaded plugin filemanager (category:base,tabindex:10)
2025-07-30 13:18:08,495 [INFO] PluginManage:310 - Check plugin ipmanager
2025-07-30 13:18:08,499 [INFO] PluginManage:359 - Loaded plugin ipmanager (category:base,tabindex:5)
2025-07-30 13:18:08,499 [INFO] PluginManage:310 - Check plugin lpbam
2025-07-30 13:18:08,504 [INFO] PluginManage:359 - Loaded plugin lpbam (category:base,tabindex:0)
2025-07-30 13:18:08,504 [INFO] PluginManage:310 - Check plugin memorymap
2025-07-30 13:18:08,514 [INFO] PluginManage:359 - Loaded plugin memorymap (category:base,tabindex:4)
2025-07-30 13:18:08,514 [INFO] PluginManage:310 - Check plugin pinoutandconfiguration
2025-07-30 13:18:08,520 [INFO] PluginManage:359 - Loaded plugin pinoutandconfiguration (category:base,tabindex:1)
2025-07-30 13:18:08,520 [INFO] PluginManage:310 - Check plugin pinoutconfig
2025-07-30 13:18:08,577 [WARN] SupportedApi:132 - Cannot load RTOS API schema: s4s-elt-must-match.1: The content of 'definitions' must match (annotation?, (simpleType | complexType)?, (unique | key | keyref)*)). A problem was found starting at: attribute.
2025-07-30 13:18:08,654 [INFO] PluginManage:359 - Loaded plugin pinoutconfig (category:base,tabindex:0)
2025-07-30 13:18:08,654 [INFO] PluginManage:310 - Check plugin power
2025-07-30 13:18:08,660 [INFO] PluginManage:359 - Loaded plugin power (category:power,tabindex:4)
2025-07-30 13:18:08,660 [INFO] PluginManage:310 - Check plugin projectmanager
2025-07-30 13:18:08,669 [INFO] PluginManage:359 - Loaded plugin projectmanager (category:projectmanager,tabindex:4)
2025-07-30 13:18:08,669 [INFO] PluginManage:310 - Check plugin rif
2025-07-30 13:18:08,675 [INFO] PluginManage:359 - Loaded plugin rif (category:base,tabindex:3)
2025-07-30 13:18:08,675 [INFO] PluginManage:310 - Check plugin thirdparty
2025-07-30 13:18:08,755 [INFO] PluginManage:359 - Loaded plugin thirdparty (category:base,tabindex:-1)
2025-07-30 13:18:08,755 [INFO] PluginManage:310 - Check plugin tools
2025-07-30 13:18:08,755 [WARN] IntegrityCheckThread:84 - waiting for thirdparty lock release [integrity check]
2025-07-30 13:18:08,755 [INFO] IntegrityCheckThread:86 - entering critical section [integrity check]
2025-07-30 13:18:08,755 [INFO] ThirdPartyUpdaterWithRetryManager:70 - Updater plugin not ready yet. [1/15]
2025-07-30 13:18:08,757 [INFO] PluginManage:359 - Loaded plugin tools (category:base,tabindex:7)
2025-07-30 13:18:08,757 [INFO] PluginManage:310 - Check plugin tutovideos
2025-07-30 13:18:08,888 [INFO] PluginManage:359 - Loaded plugin tutovideos (category:base,tabindex:-1)
2025-07-30 13:18:08,888 [INFO] PluginManage:310 - Check plugin updater
2025-07-30 13:18:08,902 [INFO] PluginManage:359 - Loaded plugin updater (category:base,tabindex:12)
2025-07-30 13:18:08,902 [INFO] PluginManage:310 - Check plugin userauth
2025-07-30 13:18:08,904 [INFO] UserAuth:118 - Init User Auth plugin
2025-07-30 13:18:08,904 [INFO] PluginManage:359 - Loaded plugin userauth (category:base,tabindex:14)
2025-07-30 13:18:08,905 [INFO] PluginManage:283 - PluginManage : Loaded plugins [18]
2025-07-30 13:18:09,029 [INFO] PinOutPanel:1589 - setPackage(No Configuration,No Configuration)
2025-07-30 13:18:09,083 [INFO] CADModel:165 - CPN selected for project level
2025-07-30 13:18:09,083 [INFO] CADModel:114 - Register for checkConnection events
2025-07-30 13:18:09,094 [INFO] IPUIPlugin:80 - create IPUIPlugin
2025-07-30 13:18:09,095 [INFO] PluginManager:220 - loadIPPluginJar : add adc
2025-07-30 13:18:09,096 [INFO] IPUIPlugin:80 - create IPUIPlugin
2025-07-30 13:18:09,096 [INFO] PluginManager:220 - loadIPPluginJar : add aes
2025-07-30 13:18:09,098 [INFO] IPUIPlugin:80 - create IPUIPlugin
2025-07-30 13:18:09,098 [INFO] PluginManager:220 - loadIPPluginJar : add can
2025-07-30 13:18:09,099 [INFO] IPUIPlugin:80 - create IPUIPlugin
2025-07-30 13:18:09,099 [INFO] PluginManager:220 - loadIPPluginJar : add comp
2025-07-30 13:18:09,100 [INFO] IPUIPlugin:80 - create IPUIPlugin
2025-07-30 13:18:09,100 [INFO] PluginManager:220 - loadIPPluginJar : add cryp
2025-07-30 13:18:09,102 [INFO] IPUIPlugin:80 - create IPUIPlugin
2025-07-30 13:18:09,102 [INFO] PluginManager:220 - loadIPPluginJar : add ddr_ctrl_phy
2025-07-30 13:18:09,104 [INFO] IPUIPlugin:80 - create IPUIPlugin
2025-07-30 13:18:09,104 [INFO] PluginManager:220 - loadIPPluginJar : add dfsdm
2025-07-30 13:18:09,107 [INFO] IPUIPlugin:80 - create IPUIPlugin
2025-07-30 13:18:09,107 [INFO] PluginManager:220 - loadIPPluginJar : add dma
2025-07-30 13:18:09,108 [INFO] IPUIPlugin:80 - create IPUIPlugin
2025-07-30 13:18:09,109 [INFO] PluginManager:220 - loadIPPluginJar : add dma3
2025-07-30 13:18:09,110 [INFO] IPUIPlugin:80 - create IPUIPlugin
2025-07-30 13:18:09,110 [INFO] PluginManager:220 - loadIPPluginJar : add extmemmanager
2025-07-30 13:18:09,111 [INFO] IPUIPlugin:80 - create IPUIPlugin
2025-07-30 13:18:09,111 [INFO] PluginManager:220 - loadIPPluginJar : add fatfs
2025-07-30 13:18:09,114 [INFO] IPUIPlugin:80 - create IPUIPlugin
2025-07-30 13:18:09,114 [INFO] PluginManager:220 - loadIPPluginJar : add fmc
2025-07-30 13:18:09,118 [INFO] IPUIPlugin:80 - create IPUIPlugin
2025-07-30 13:18:09,118 [INFO] PluginManager:220 - loadIPPluginJar : add freertos
2025-07-30 13:18:09,119 [INFO] IPUIPlugin:80 - create IPUIPlugin
2025-07-30 13:18:09,119 [INFO] PluginManager:220 - loadIPPluginJar : add genericplugin
2025-07-30 13:18:09,120 [INFO] IPUIPlugin:80 - create IPUIPlugin
2025-07-30 13:18:09,120 [INFO] PluginManager:220 - loadIPPluginJar : add gfxmmu
2025-07-30 13:18:09,123 [INFO] IPUIPlugin:80 - create IPUIPlugin
2025-07-30 13:18:09,123 [INFO] PluginManager:220 - loadIPPluginJar : add gic
2025-07-30 13:18:09,126 [INFO] IPUIPlugin:80 - create IPUIPlugin
2025-07-30 13:18:09,126 [INFO] PluginManager:220 - loadIPPluginJar : add gpio
2025-07-30 13:18:09,127 [INFO] IPUIPlugin:80 - create IPUIPlugin
2025-07-30 13:18:09,127 [INFO] PluginManager:220 - loadIPPluginJar : add gtzc
2025-07-30 13:18:09,129 [INFO] IPUIPlugin:80 - create IPUIPlugin
2025-07-30 13:18:09,129 [INFO] PluginManager:220 - loadIPPluginJar : add hash
2025-07-30 13:18:09,130 [INFO] IPUIPlugin:80 - create IPUIPlugin
2025-07-30 13:18:09,130 [INFO] PluginManager:220 - loadIPPluginJar : add i2c
2025-07-30 13:18:09,132 [INFO] IPUIPlugin:80 - create IPUIPlugin
2025-07-30 13:18:09,132 [INFO] PluginManager:220 - loadIPPluginJar : add i2s
2025-07-30 13:18:09,133 [INFO] IPUIPlugin:80 - create IPUIPlugin
2025-07-30 13:18:09,134 [INFO] PluginManager:220 - loadIPPluginJar : add i3c
2025-07-30 13:18:09,135 [INFO] IPUIPlugin:80 - create IPUIPlugin
2025-07-30 13:18:09,135 [INFO] PluginManager:220 - loadIPPluginJar : add ipddr
2025-07-30 13:18:09,139 [INFO] IPUIPlugin:80 - create IPUIPlugin
2025-07-30 13:18:09,139 [INFO] PluginManager:220 - loadIPPluginJar : add linkedlist
2025-07-30 13:18:09,141 [INFO] IPUIPlugin:80 - create IPUIPlugin
2025-07-30 13:18:09,141 [INFO] PluginManager:220 - loadIPPluginJar : add lorawan
2025-07-30 13:18:09,142 [INFO] IPUIPlugin:80 - create IPUIPlugin
2025-07-30 13:18:09,142 [INFO] PluginManager:220 - loadIPPluginJar : add ltdc
2025-07-30 13:18:09,145 [INFO] IPUIPlugin:80 - create IPUIPlugin
2025-07-30 13:18:09,145 [INFO] PluginManager:220 - loadIPPluginJar : add mdma
2025-07-30 13:18:09,147 [INFO] IPUIPlugin:80 - create IPUIPlugin
2025-07-30 13:18:09,147 [INFO] PluginManager:220 - loadIPPluginJar : add nvic
2025-07-30 13:18:09,148 [INFO] IPUIPlugin:80 - create IPUIPlugin
2025-07-30 13:18:09,148 [INFO] PluginManager:220 - loadIPPluginJar : add opamp
2025-07-30 13:18:09,150 [INFO] IPUIPlugin:80 - create IPUIPlugin
2025-07-30 13:18:09,150 [INFO] PluginManager:220 - loadIPPluginJar : add openamp
2025-07-30 13:18:09,152 [INFO] IPUIPlugin:80 - create IPUIPlugin
2025-07-30 13:18:09,152 [INFO] PluginManager:220 - loadIPPluginJar : add pdm2pcm
2025-07-30 13:18:09,156 [INFO] IPUIPlugin:80 - create IPUIPlugin
2025-07-30 13:18:09,157 [INFO] PluginManager:220 - loadIPPluginJar : add plateformsettings
2025-07-30 13:18:09,158 [INFO] IPUIPlugin:80 - create IPUIPlugin
2025-07-30 13:18:09,158 [INFO] PluginManager:220 - loadIPPluginJar : add quadspi
2025-07-30 13:18:09,159 [INFO] IPUIPlugin:80 - create IPUIPlugin
2025-07-30 13:18:09,160 [INFO] PluginManager:220 - loadIPPluginJar : add radio
2025-07-30 13:18:09,162 [INFO] IPUIPlugin:80 - create IPUIPlugin
2025-07-30 13:18:09,162 [INFO] PluginManager:220 - loadIPPluginJar : add resmgrutility
2025-07-30 13:18:09,164 [INFO] IPUIPlugin:80 - create IPUIPlugin
2025-07-30 13:18:09,164 [INFO] PluginManager:220 - loadIPPluginJar : add sai
2025-07-30 13:18:09,166 [INFO] IPUIPlugin:80 - create IPUIPlugin
2025-07-30 13:18:09,166 [INFO] PluginManager:220 - loadIPPluginJar : add spi
2025-07-30 13:18:09,169 [INFO] IPUIPlugin:80 - create IPUIPlugin
2025-07-30 13:18:09,169 [INFO] PluginManager:220 - loadIPPluginJar : add stm32_wpan
2025-07-30 13:18:09,170 [INFO] IPUIPlugin:80 - create IPUIPlugin
2025-07-30 13:18:09,171 [INFO] PluginManager:220 - loadIPPluginJar : add tim
2025-07-30 13:18:09,173 [INFO] IPUIPlugin:80 - create IPUIPlugin
2025-07-30 13:18:09,173 [INFO] PluginManager:220 - loadIPPluginJar : add touchsensing
2025-07-30 13:18:09,174 [INFO] IPUIPlugin:80 - create IPUIPlugin
2025-07-30 13:18:09,174 [INFO] PluginManager:220 - loadIPPluginJar : add tracer_emb
2025-07-30 13:18:09,175 [INFO] IPUIPlugin:80 - create IPUIPlugin
2025-07-30 13:18:09,175 [INFO] PluginManager:220 - loadIPPluginJar : add ts
2025-07-30 13:18:09,176 [INFO] IPUIPlugin:80 - create IPUIPlugin
2025-07-30 13:18:09,176 [INFO] PluginManager:220 - loadIPPluginJar : add tsc
2025-07-30 13:18:09,177 [INFO] IPUIPlugin:80 - create IPUIPlugin
2025-07-30 13:18:09,177 [INFO] PluginManager:220 - loadIPPluginJar : add ucpd
2025-07-30 13:18:09,179 [INFO] IPUIPlugin:80 - create IPUIPlugin
2025-07-30 13:18:09,179 [INFO] PluginManager:220 - loadIPPluginJar : add usart
2025-07-30 13:18:09,180 [INFO] IPUIPlugin:80 - create IPUIPlugin
2025-07-30 13:18:09,180 [INFO] PluginManager:220 - loadIPPluginJar : add usbx
2025-07-30 13:18:09,285 [FATAL] Updater:351 - Updater called before beeing initialized
2025-07-30 13:18:09,302 [INFO] RulesReader:64 - Compatibility file has been processed (317 Rules)
2025-07-30 13:18:09,308 [INFO] RulesReader:64 - Compatibility file has been processed (317 Rules)
2025-07-30 13:18:09,313 [INFO] CADModel:165 - CPN selected for project level
2025-07-30 13:18:09,313 [INFO] CADModel:114 - Register for checkConnection events
2025-07-30 13:18:09,313 [FATAL] Updater:351 - Updater called before beeing initialized
2025-07-30 13:18:09,313 [ERROR] CADModel:125 - Updater not yet initialized, retry later 
2025-07-30 13:18:09,400 [FATAL] Updater:351 - Updater called before beeing initialized
2025-07-30 13:18:09,402 [INFO] CADModel:165 - CPN selected for project level
2025-07-30 13:18:09,402 [INFO] CADModel:114 - Register for checkConnection events
2025-07-30 13:18:09,402 [FATAL] Updater:351 - Updater called before beeing initialized
2025-07-30 13:18:09,402 [ERROR] CADModel:125 - Updater not yet initialized, retry later 
2025-07-30 13:18:09,404 [FATAL] Updater:351 - Updater called before beeing initialized
2025-07-30 13:18:09,470 [FATAL] Updater:351 - Updater called before beeing initialized
2025-07-30 13:18:09,474 [INFO] DbMcusAds:53 - JSON generation date=Tue Jul 08 18:14:23 AEST 2025 (1751962463524)
2025-07-30 13:18:09,474 [FATAL] Updater:351 - Updater called before beeing initialized
2025-07-30 13:18:09,501 [WARN] DetailPanel:346 - Failed to get advertising image, set to default
2025-07-30 13:18:09,557 [FATAL] Updater:351 - Updater called before beeing initialized
2025-07-30 13:18:09,559 [FATAL] Updater:351 - Updater called before beeing initialized
2025-07-30 13:18:09,559 [FATAL] Updater:351 - Updater called before beeing initialized
2025-07-30 13:18:09,559 [WARN] DetailPanel:346 - Failed to get advertising image, set to default
2025-07-30 13:18:09,559 [FATAL] Updater:351 - Updater called before beeing initialized
2025-07-30 13:18:09,587 [ERROR] Updater:1198 - MainUpdater not yet initialized. External WinMGr cannot be set.
2025-07-30 13:18:09,589 [INFO] Updater:1134 - Updater Version found : 6.15.0
2025-07-30 13:18:09,605 [INFO] ApplicationProperties:184 - Using Application install path: C:\ST\STM32CubeIDE_1.19.0\STM32CubeIDE\plugins\com.st.stm32cube.common.mx_6.15.0.202507011659
2025-07-30 13:18:09,823 [INFO] MainUpdater:2872 - connection check result : 10
2025-07-30 13:18:09,824 [INFO] MainUpdater:289 - Updater Check For Update Now.
2025-07-30 13:18:09,824 [INFO] MicroXplorer:498 - Change Database Version : DB.6.0.150
2025-07-30 13:18:09,828 [INFO] McuFinderGlobals:63 - Set McuFinder mode to 2 (CubeIDE integrated)
2025-07-30 13:18:09,828 [INFO] UserAuth:487 - Internet connection configuration mode: 1
2025-07-30 13:18:09,844 [INFO] JxBrowserEngine:152 - Initiate JxBrowser Engine with user profile folder
2025-07-30 13:18:09,969 [INFO] CheckServerUpdateThread:120 - End of CheckServer Thread
2025-07-30 13:18:10,763 [INFO] WebApp:169 - Instantiating new browser for Auth
2025-07-30 13:18:11,210 [INFO] WebApp:463 - Apply proxy settings
2025-07-30 13:18:11,211 [INFO] WebApp:548 - Chromium requires no authentication
2025-07-30 13:18:11,217 [INFO] WebApp:491 - Direct internet connection detected
2025-07-30 13:18:11,235 [INFO] WebApp:900 - Register for checkConnection events
2025-07-30 13:18:11,235 [INFO] WebApp:463 - Apply proxy settings
2025-07-30 13:18:11,235 [INFO] WebApp:548 - Chromium requires no authentication
2025-07-30 13:18:11,235 [INFO] WebApp:491 - Direct internet connection detected
2025-07-30 13:18:11,351 [INFO] WebApp:225 - Starting web application
2025-07-30 13:18:11,352 [INFO] WebApp:593 - Web application path used C:\ST\STM32CubeIDE_1.19.0\STM32CubeIDE\plugins\com.st.stm32cube.common.mx_6.15.0.202507011659\db\plugins\mcufinder\reactClient1\index.html
2025-07-30 13:18:11,444 [INFO] UserAuth:487 - Internet connection configuration mode: 1
2025-07-30 13:18:11,586 [INFO] WebApp:191 - Connection restablished
2025-07-30 13:18:11,948 [WARN] PackLoader:240 - Cannot read IP mode file for STMicroelectronics.FP-SNS-MOTENVWB1.1.4.0
2025-07-30 13:18:11,953 [WARN] PackLoader:240 - Cannot read IP mode file for STMicroelectronics.FP-ATR-ASTRA1.2.0.2
2025-07-30 13:18:11,956 [WARN] PackLoader:240 - Cannot read IP mode file for STMicroelectronics.FP-ATR-ASTRA1.2.0.1
2025-07-30 13:18:11,960 [WARN] PackLoader:240 - Cannot read IP mode file for STMicroelectronics.X-CUBE-SMBUS.2.1.0
2025-07-30 13:18:11,964 [WARN] PackLoader:240 - Cannot read IP mode file for STMicroelectronics.X-CUBE-WB05N.1.1.0
2025-07-30 13:18:11,967 [WARN] PackLoader:240 - Cannot read IP mode file for STMicroelectronics.X-CUBE-ST60.1.0.0
2025-07-30 13:18:11,983 [WARN] PackLoader:240 - Cannot read IP mode file for STMicroelectronics.X-CUBE-AZRTOS-F7.1.1.0
2025-07-30 13:18:11,987 [WARN] PackLoader:240 - Cannot read IP mode file for STMicroelectronics.FP-SNS-FLIGHT1.5.0.2
2025-07-30 13:18:12,002 [WARN] PackLoader:240 - Cannot read IP mode file for Infineon.AIROC-Wi-Fi-Bluetooth-STM32.1.7.0
2025-07-30 13:18:12,021 [WARN] PackLoader:240 - Cannot read IP mode file for STMicroelectronics.X-CUBE-AZRTOS-H7.3.4.0
2025-07-30 13:18:12,028 [WARN] PackLoader:240 - Cannot read IP mode file for STMicroelectronics.X-CUBE-DISPLAY.3.0.0
2025-07-30 13:18:12,036 [WARN] PackLoader:240 - Cannot read IP mode file for STMicroelectronics.X-CUBE-NFC10.1.0.0
2025-07-30 13:18:12,043 [WARN] PackLoader:240 - Cannot read IP mode file for STMicroelectronics.X-CUBE-BLEMGR.4.0.0
2025-07-30 13:18:12,048 [WARN] PackLoader:240 - Cannot read IP mode file for emotas.I-CUBE-CANOPEN.1.3.0
2025-07-30 13:18:12,052 [WARN] ConditionMgr:438 - getConditionDescription Invalid condition id : Cortex-A Device cause : null
2025-07-30 13:18:12,059 [WARN] ConditionMgr:1044 - genDependencies : Invalid condition id : Cortex-A Device cause : null
2025-07-30 13:18:12,059 [WARN] ConditionMgr:1044 - genDependencies : Invalid condition id : Cortex-A Device cause : null
2025-07-30 13:18:12,059 [WARN] ConditionMgr:1044 - genDependencies : Invalid condition id : Cortex-A Device cause : null
2025-07-30 13:18:12,062 [WARN] PackLoader:240 - Cannot read IP mode file for STMicroelectronics.X-CUBE-AI.10.0.0
2025-07-30 13:18:12,065 [WARN] PackLoader:240 - Cannot read IP mode file for STMicroelectronics.FP-SNS-SMARTAG2.1.2.0
2025-07-30 13:18:12,068 [WARN] PackLoader:240 - Cannot read IP mode file for STMicroelectronics.FP-SNS-FLIGHT1.5.1.0
2025-07-30 13:18:12,073 [INFO] LogOutputStream:77 - [STDOUT_REDIRECT] 1 : Invalid condition id : UX_CORESTACK_Condition cause : null
2025-07-30 13:18:12,074 [INFO] LogOutputStream:77 - [STDOUT_REDIRECT] 1 : Invalid condition id : UX_CORESTACK_Condition cause : null
2025-07-30 13:18:12,074 [INFO] LogOutputStream:77 - [STDOUT_REDIRECT] 1 : Invalid condition id : UX_CORESTACK_Condition cause : null
2025-07-30 13:18:12,075 [INFO] LogOutputStream:77 - [STDOUT_REDIRECT] 1 : Invalid condition id : UX_CORESTACK_Condition cause : null
2025-07-30 13:18:12,076 [INFO] LogOutputStream:77 - [STDOUT_REDIRECT] 1 : Invalid condition id : UX_CORESTACK_Condition cause : null
2025-07-30 13:18:12,077 [WARN] PackLoader:240 - Cannot read IP mode file for STMicroelectronics.X-CUBE-AZRTOS-WL.2.0.0
2025-07-30 13:18:12,081 [WARN] PackLoader:240 - Cannot read IP mode file for STMicroelectronics.FP-SNS-MOTENV1.5.0.0
2025-07-30 13:18:12,086 [WARN] PackLoader:240 - Cannot read IP mode file for WES.I-CUBE-Cesium.1.3.0
2025-07-30 13:18:12,090 [WARN] PackLoader:240 - Cannot read IP mode file for STMicroelectronics.X-CUBE-BLE2.3.3.0
2025-07-30 13:18:12,094 [WARN] PackLoader:240 - Cannot read IP mode file for STMicroelectronics.X-CUBE-NFC9.1.0.0
2025-07-30 13:18:12,097 [WARN] PackLoader:240 - Cannot read IP mode file for STMicroelectronics.X-CUBE-BLE1.7.1.0
2025-07-30 13:18:12,100 [WARN] PackLoader:240 - Cannot read IP mode file for wolfSSL.I-CUBE-wolfMQTT.1.19.2
2025-07-30 13:18:12,104 [WARN] PackLoader:240 - Cannot read IP mode file for STMicroelectronics.X-CUBE-EEPRMA1.5.2.0
2025-07-30 13:18:12,108 [WARN] PackLoader:240 - Cannot read IP mode file for STMicroelectronics.X-CUBE-AI.10.1.0
2025-07-30 13:18:12,137 [WARN] PackLoader:240 - Cannot read IP mode file for STMicroelectronics.X-CUBE-MEMS1.11.2.0
2025-07-30 13:18:12,238 [WARN] PackLoader:240 - Cannot read IP mode file for STMicroelectronics.X-CUBE-AZRTOS-G0.1.1.0
2025-07-30 13:18:12,243 [WARN] PackLoader:240 - Cannot read IP mode file for STMicroelectronics.X-CUBE-SAFEA1.1.2.2
2025-07-30 13:18:12,248 [WARN] PackLoader:240 - Cannot read IP mode file for STMicroelectronics.X-CUBE-NFC4.3.0.0
2025-07-30 13:18:12,253 [WARN] PackLoader:240 - Cannot read IP mode file for EmbeddedOffice.I-CUBE-FS-RTOS.1.0.1
2025-07-30 13:18:12,257 [WARN] PackLoader:240 - Cannot read IP mode file for STMicroelectronics.X-CUBE-WB05N.2.0.0
2025-07-30 13:18:12,260 [WARN] PackLoader:240 - Cannot read IP mode file for wolfSSL.I-CUBE-wolfTPM.3.8.0
2025-07-30 13:18:12,263 [WARN] PackLoader:240 - Cannot read IP mode file for STMicroelectronics.X-CUBE-TCPP.4.2.0
2025-07-30 13:18:12,267 [WARN] PackLoader:240 - Cannot read IP mode file for RealThread.X-CUBE-RT-Thread_Nano.4.1.1
2025-07-30 13:18:12,269 [WARN] PackLoader:240 - Cannot read IP mode file for STMicroelectronics.FP-ATR-SIGFOX1.3.2.0
2025-07-30 13:18:12,273 [WARN] PackLoader:240 - Cannot read IP mode file for STMicroelectronics.X-CUBE-EEPRMA1.5.1.0
2025-07-30 13:18:12,277 [WARN] PackLoader:240 - Cannot read IP mode file for wolfSSL.I-CUBE-wolfSSL.5.7.6
2025-07-30 13:18:12,280 [WARN] PackLoader:240 - Cannot read IP mode file for ITTIA_DB.I-CUBE-ITTIADB.8.9.0
2025-07-30 13:18:12,284 [WARN] PackLoader:240 - Cannot read IP mode file for STMicroelectronics.X-CUBE-ST67W61.1.0.0
2025-07-30 13:18:12,299 [WARN] PackLoader:240 - Cannot read IP mode file for SEGGER.I-CUBE-embOS.1.3.1
2025-07-30 13:18:12,317 [WARN] PackLoader:240 - Cannot read IP mode file for STMicroelectronics.X-CUBE-ALGOBUILD.1.4.0
2025-07-30 13:18:12,336 [WARN] PackLoader:240 - Cannot read IP mode file for STMicroelectronics.X-CUBE-MEMS1.11.3.0
2025-07-30 13:18:12,400 [WARN] PackLoader:240 - Cannot read IP mode file for STMicroelectronics.X-CUBE-PM33A1.1.0.0
2025-07-30 13:18:12,407 [WARN] PackLoader:240 - Cannot read IP mode file for STMicroelectronics.X-CUBE-AZRTOS-F4.1.1.0
2025-07-30 13:18:12,411 [WARN] PackLoader:240 - Cannot read IP mode file for Avnet-IotConnect.X-CUBE-IoTC-DA16k-PMOD.1.0.0
2025-07-30 13:18:12,413 [WARN] PackLoader:240 - Cannot read IP mode file for STMicroelectronics.X-CUBE-ISPU.2.1.0
2025-07-30 13:18:12,417 [WARN] PackLoader:240 - Cannot read IP mode file for STMicroelectronics.X-CUBE-NFC12.1.0.0
2025-07-30 13:18:12,425 [WARN] PackLoader:240 - Cannot read IP mode file for STMicroelectronics.X-CUBE-AZRTOS-L5.2.0.0
2025-07-30 13:18:12,430 [WARN] PackLoader:240 - Cannot read IP mode file for STMicroelectronics.X-CUBE-NFC6.3.1.0
2025-07-30 13:18:12,434 [WARN] PackLoader:240 - Cannot read IP mode file for STMicroelectronics.X-CUBE-FREERTOS.1.3.1
2025-07-30 13:18:12,436 [WARN] PackLoader:240 - Cannot read IP mode file for STMicroelectronics.X-CUBE-FREERTOS.1.3.0
2025-07-30 13:18:12,439 [WARN] PackLoader:240 - Cannot read IP mode file for STMicroelectronics.X-CUBE-NFC7.1.0.1
2025-07-30 13:18:12,442 [WARN] PackLoader:240 - Cannot read IP mode file for STMicroelectronics.FP-SNS-STAIOTCFT.1.0.0
2025-07-30 13:18:12,445 [WARN] PackLoader:240 - Cannot read IP mode file for STMicroelectronics.X-CUBE-DPower.1.3.0
2025-07-30 13:18:12,454 [WARN] ConditionMgr:438 - getConditionDescription Invalid condition id : LAN8742 Phy interface Condition cause : null
2025-07-30 13:18:12,454 [WARN] PackLoader:240 - Cannot read IP mode file for STMicroelectronics.X-CUBE-AZRTOS-L4.2.0.0
2025-07-30 13:18:12,455 [WARN] ConditionMgr:1044 - genDependencies : Invalid condition id : LAN8742 Phy interface Condition cause : null
2025-07-30 13:18:12,455 [WARN] ConditionMgr:1044 - genDependencies : Invalid condition id : LAN8742 Phy interface Condition cause : null
2025-07-30 13:18:12,455 [WARN] ConditionMgr:1044 - genDependencies : Invalid condition id : LAN8742 Phy interface Condition cause : null
2025-07-30 13:18:12,460 [WARN] PackLoader:240 - Cannot read IP mode file for STMicroelectronics.X-CUBE-SFXS2LP1.4.0.0
2025-07-30 13:18:12,468 [WARN] PackLoader:240 - Cannot read IP mode file for STMicroelectronics.X-CUBE-AZRTOS-H7.3.3.0
2025-07-30 13:18:12,473 [WARN] PackLoader:240 - Cannot read IP mode file for STMicroelectronics.X-CUBE-BLEMGR.4.1.0
2025-07-30 13:18:12,480 [WARN] ConditionMgr:438 - getConditionDescription Invalid condition id : UX DEVICE CLASS RTOS Condition cause : null
2025-07-30 13:18:12,481 [WARN] ConditionMgr:438 - getConditionDescription Invalid condition id : UX DEVICE CLASS RTOS Condition cause : null
2025-07-30 13:18:12,482 [WARN] PackLoader:240 - Cannot read IP mode file for STMicroelectronics.X-CUBE-AZRTOS-WB.2.0.0
2025-07-30 13:18:12,482 [WARN] ConditionMgr:1044 - genDependencies : Invalid condition id : UX DEVICE CLASS RTOS Condition cause : null
2025-07-30 13:18:12,483 [WARN] ConditionMgr:1044 - genDependencies : Invalid condition id : UX DEVICE CLASS RTOS Condition cause : null
2025-07-30 13:18:12,483 [WARN] ConditionMgr:1044 - genDependencies : Invalid condition id : UX DEVICE CLASS RTOS Condition cause : null
2025-07-30 13:18:12,483 [WARN] ConditionMgr:1044 - genDependencies : Invalid condition id : UX DEVICE CLASS RTOS Condition cause : null
2025-07-30 13:18:12,483 [WARN] ConditionMgr:1044 - genDependencies : Invalid condition id : UX DEVICE CLASS RTOS Condition cause : null
2025-07-30 13:18:12,490 [WARN] PackLoader:240 - Cannot read IP mode file for STMicroelectronics.X-CUBE-GNSS1.7.0.1
2025-07-30 13:18:12,496 [WARN] PackLoader:240 - Cannot read IP mode file for STMicroelectronics.X-CUBE-TOUCHGFX.4.25.0
2025-07-30 13:18:12,503 [WARN] PackLoader:240 - Cannot read IP mode file for STMicroelectronics.X-CUBE-SUBG2.5.0.0
2025-07-30 13:18:12,520 [WARN] PackLoader:240 - Cannot read IP mode file for STMicroelectronics.X-CUBE-AZRTOS-H7RS.1.1.0
2025-07-30 13:18:12,524 [WARN] PackLoader:240 - Cannot read IP mode file for Cesanta.I-CUBE-Mongoose.7.13.0
2025-07-30 13:18:12,533 [WARN] PackLoader:240 - Cannot read IP mode file for STMicroelectronics.X-CUBE-AZRTOS-G4.2.0.0
2025-07-30 13:18:12,544 [WARN] PackLoader:240 - Cannot read IP mode file for wolfSSL.I-CUBE-wolfSSH.1.4.20
2025-07-30 13:18:12,546 [WARN] PackLoader:240 - Cannot read IP mode file for STMicroelectronics.X-CUBE-NFC7.2.0.0
2025-07-30 13:18:12,553 [WARN] PackLoader:240 - Cannot read IP mode file for STMicroelectronics.X-CUBE-IPS.3.1.0
2025-07-30 13:18:12,560 [WARN] PackLoader:240 - Cannot read IP mode file for STMicroelectronics.X-CUBE-ALS.1.0.2
2025-07-30 13:18:12,564 [WARN] PackLoader:240 - Cannot read IP mode file for portGmbH.I-Cube-SoM-uGOAL.1.1.0
2025-07-30 13:18:12,568 [WARN] PackLoader:240 - Cannot read IP mode file for STMicroelectronics.X-CUBE-TOF1.3.4.3
2025-07-30 13:18:12,572 [INFO] ThirdParty:978 - Integrity check success = true
2025-07-30 13:18:12,572 [INFO] IntegrityCheckThread:100 - exiting critical section [integrity check]
2025-07-30 13:18:12,572 [INFO] IntegrityCheckThread:103 - End integrity checks thread
2025-07-30 13:22:41,940 [INFO] McuFinderGlobals:63 - Set McuFinder mode to 2 (CubeIDE integrated)
2025-07-30 13:22:41,943 [INFO] MainUpdater:2872 - connection check result : 10
2025-07-30 13:22:41,944 [INFO] MainUpdater:2872 - connection check result : 10
2025-07-30 13:22:41,968 [INFO] MicroXplorer:468 - Change Database Path : 
2025-07-30 13:22:41,968 [INFO] MicroXplorer:498 - Change Database Version : DB.6.0.150
2025-07-30 13:22:41,972 [WARN] ThirdParty:871 - waiting for thirdparty lock release [close project]
2025-07-30 13:22:41,972 [INFO] ThirdParty:873 - entering critical section [close project]
2025-07-30 13:22:41,973 [INFO] ThirdParty:883 - exiting critical section [close project]
2025-07-30 13:22:41,975 [INFO] PinOutPanel:1589 - setPackage(No Configuration,No Configuration)
2025-07-30 13:22:41,976 [INFO] UtilMem:75 - Begin LoadConfig() Used Memory: 596988648 Bytes (818937856)
2025-07-30 13:22:41,978 [INFO] MicroXplorer:468 - Change Database Path : 
2025-07-30 13:22:41,978 [INFO] MicroXplorer:498 - Change Database Version : DB.6.0.150
2025-07-30 13:22:41,978 [INFO] OpenFileManager:355 - Change cursor
2025-07-30 13:22:42,030 [INFO] Mcu:2029 - Initializing MCU STM32H755ZITx STM32H755ZITx STM32H755ZIT6
2025-07-30 13:22:44,433 [INFO] Context:786 - Trying to add GPIOservice into a context  which must be forbidden
2025-07-30 13:22:44,433 [INFO] Context:786 - Trying to add GPIOservice into a context  which must be forbidden
2025-07-30 13:22:45,717 [INFO] ApiDbMcu:532 - Load IP Config File for NUCLEO-H755ZI-Q
2025-07-30 13:22:45,831 [INFO] Context:786 - Trying to add GPIOservice into a context  which must be forbidden
2025-07-30 13:22:45,842 [INFO] Context:786 - Trying to add GPIOservice into a context  which must be forbidden
2025-07-30 13:22:45,845 [INFO] ImportTextPane:234 - (OptionalMessage_ERROR) Pin35 (VP_RIF_VS_RIF1) cannot be retrieved for this MCU
2025-07-30 13:22:45,854 [INFO] ImportTextPane:234 - (OptionalMessage_ERROR) Unable to find key (Mcu.IP11) in loaded IOC file
2025-07-30 13:22:45,854 [INFO] ImportTextPane:234 - (OptionalMessage_ERROR) Unknown IP (dummy)
2025-07-30 13:22:46,005 [INFO] RtosManager:558 - Registered RTOS mode: class=CMSIS, group=RTOS, mode=CMSIS_V1, owner=FREERTOS_M7
2025-07-30 13:22:46,005 [INFO] RtosManager:558 - Registered RTOS mode: class=CMSIS, group=RTOS2, mode=CMSIS_V2, owner=FREERTOS_M7
2025-07-30 13:22:46,005 [INFO] RtosManager:558 - Registered RTOS mode: class=RTOS, group=Core, mode=CMSIS_V1, owner=FREERTOS_M7
2025-07-30 13:22:46,005 [INFO] RtosManager:558 - Registered RTOS mode: class=RTOS, group=Core, mode=CMSIS_V2, owner=FREERTOS_M7
2025-07-30 13:22:46,005 [WARN] ModelIntegratedComponent:184 - Missing modes for component STMicroelectronics:FreeRTOS:0.0.1:STMicroelectronics:RTOS:FreeRTOS:Core:::10.2.0:
2025-07-30 13:22:46,020 [WARN] ModelIntegratedComponent:63 - No mode defined for component null
2025-07-30 13:22:46,020 [WARN] ModelIntegratedComponent:63 - No mode defined for component null
2025-07-30 13:22:46,020 [WARN] ModelIntegratedComponent:63 - No mode defined for component null
2025-07-30 13:22:46,020 [WARN] ModelIntegratedComponent:63 - No mode defined for component null
2025-07-30 13:22:46,020 [WARN] ModelIntegratedComponent:63 - No mode defined for component null
2025-07-30 13:22:46,020 [WARN] ModelIntegratedComponent:63 - No mode defined for component null
2025-07-30 13:22:46,020 [WARN] ModelIntegratedComponent:63 - No mode defined for component null
2025-07-30 13:22:46,020 [WARN] ModelIntegratedComponent:63 - No mode defined for component null
2025-07-30 13:22:46,020 [WARN] ModelIntegratedComponent:63 - No mode defined for component null
2025-07-30 13:22:46,020 [WARN] ModelIntegratedComponent:63 - No mode defined for component null
2025-07-30 13:22:46,020 [WARN] ModelIntegratedComponent:63 - No mode defined for component null
2025-07-30 13:22:46,020 [WARN] ModelIntegratedComponent:63 - No mode defined for component null
2025-07-30 13:22:46,020 [WARN] ModelIntegratedComponent:63 - No mode defined for component null
2025-07-30 13:22:46,021 [WARN] ModelIntegratedComponent:63 - No mode defined for component null
2025-07-30 13:22:46,021 [WARN] ModelIntegratedComponent:63 - No mode defined for component null
2025-07-30 13:22:46,021 [WARN] ModelIntegratedComponent:63 - No mode defined for component null
2025-07-30 13:22:46,021 [WARN] ModelIntegratedComponent:63 - No mode defined for component null
2025-07-30 13:22:46,021 [WARN] ModelIntegratedComponent:63 - No mode defined for component null
2025-07-30 13:22:46,021 [WARN] ModelIntegratedComponent:63 - No mode defined for component null
2025-07-30 13:22:46,021 [WARN] ModelIntegratedComponent:63 - No mode defined for component null
2025-07-30 13:22:46,021 [WARN] ModelIntegratedComponent:63 - No mode defined for component null
2025-07-30 13:22:46,021 [WARN] ModelIntegratedComponent:63 - No mode defined for component null
2025-07-30 13:22:46,021 [WARN] ModelIntegratedComponent:63 - No mode defined for component null
2025-07-30 13:22:46,021 [WARN] ModelIntegratedComponent:63 - No mode defined for component null
2025-07-30 13:22:46,021 [WARN] ModelIntegratedComponent:63 - No mode defined for component null
2025-07-30 13:22:46,021 [WARN] ModelIntegratedComponent:63 - No mode defined for component null
2025-07-30 13:22:46,021 [WARN] ModelIntegratedComponent:63 - No mode defined for component null
2025-07-30 13:22:46,021 [WARN] ModelIntegratedComponent:63 - No mode defined for component null
2025-07-30 13:22:46,021 [WARN] ModelIntegratedComponent:63 - No mode defined for component null
2025-07-30 13:22:46,021 [WARN] ModelIntegratedComponent:63 - No mode defined for component null
2025-07-30 13:22:46,021 [WARN] ModelIntegratedComponent:63 - No mode defined for component null
2025-07-30 13:22:46,021 [WARN] ModelIntegratedComponent:63 - No mode defined for component null
2025-07-30 13:22:46,021 [WARN] ModelIntegratedComponent:63 - No mode defined for component null
2025-07-30 13:22:46,021 [WARN] ModelIntegratedComponent:63 - No mode defined for component null
2025-07-30 13:22:46,021 [WARN] ModelIntegratedComponent:63 - No mode defined for component null
2025-07-30 13:22:46,022 [WARN] ModelPack:524 - Component already loaded: STMicroelectronics:HAL Drivers:0.0.0:STMicroelectronics:Device:STMicro_Driver:XSPI:HAL::0.0.1:HAL_XSPI
2025-07-30 13:22:46,107 [INFO] RtosManager:558 - Registered RTOS mode: class=CMSIS, group=RTOS, mode=CMSIS_V1, owner=FREERTOS_M4
2025-07-30 13:22:46,107 [INFO] RtosManager:558 - Registered RTOS mode: class=CMSIS, group=RTOS2, mode=CMSIS_V2, owner=FREERTOS_M4
2025-07-30 13:22:46,107 [INFO] RtosManager:558 - Registered RTOS mode: class=RTOS, group=Core, mode=CMSIS_V1, owner=FREERTOS_M4
2025-07-30 13:22:46,107 [INFO] RtosManager:558 - Registered RTOS mode: class=RTOS, group=Core, mode=CMSIS_V2, owner=FREERTOS_M4
2025-07-30 13:22:46,107 [WARN] ModelIntegratedComponent:184 - Missing modes for component STMicroelectronics:FreeRTOS:0.0.1:STMicroelectronics:RTOS:FreeRTOS:Core:::10.2.0:
2025-07-30 13:22:46,113 [WARN] ModelIntegratedComponent:63 - No mode defined for component null
2025-07-30 13:22:46,113 [WARN] ModelIntegratedComponent:63 - No mode defined for component null
2025-07-30 13:22:46,113 [WARN] ModelIntegratedComponent:63 - No mode defined for component null
2025-07-30 13:22:46,113 [WARN] ModelIntegratedComponent:63 - No mode defined for component null
2025-07-30 13:22:46,113 [WARN] ModelIntegratedComponent:63 - No mode defined for component null
2025-07-30 13:22:46,113 [WARN] ModelIntegratedComponent:63 - No mode defined for component null
2025-07-30 13:22:46,113 [WARN] ModelIntegratedComponent:63 - No mode defined for component null
2025-07-30 13:22:46,113 [WARN] ModelIntegratedComponent:63 - No mode defined for component null
2025-07-30 13:22:46,113 [WARN] ModelIntegratedComponent:63 - No mode defined for component null
2025-07-30 13:22:46,114 [WARN] ModelIntegratedComponent:63 - No mode defined for component null
2025-07-30 13:22:46,114 [WARN] ModelIntegratedComponent:63 - No mode defined for component null
2025-07-30 13:22:46,114 [WARN] ModelIntegratedComponent:63 - No mode defined for component null
2025-07-30 13:22:46,114 [WARN] ModelIntegratedComponent:63 - No mode defined for component null
2025-07-30 13:22:46,114 [WARN] ModelIntegratedComponent:63 - No mode defined for component null
2025-07-30 13:22:46,114 [WARN] ModelIntegratedComponent:63 - No mode defined for component null
2025-07-30 13:22:46,114 [WARN] ModelIntegratedComponent:63 - No mode defined for component null
2025-07-30 13:22:46,114 [WARN] ModelIntegratedComponent:63 - No mode defined for component null
2025-07-30 13:22:46,114 [WARN] ModelIntegratedComponent:63 - No mode defined for component null
2025-07-30 13:22:46,114 [WARN] ModelIntegratedComponent:63 - No mode defined for component null
2025-07-30 13:22:46,114 [WARN] ModelIntegratedComponent:63 - No mode defined for component null
2025-07-30 13:22:46,114 [WARN] ModelIntegratedComponent:63 - No mode defined for component null
2025-07-30 13:22:46,114 [WARN] ModelIntegratedComponent:63 - No mode defined for component null
2025-07-30 13:22:46,114 [WARN] ModelIntegratedComponent:63 - No mode defined for component null
2025-07-30 13:22:46,114 [WARN] ModelIntegratedComponent:63 - No mode defined for component null
2025-07-30 13:22:46,114 [WARN] ModelIntegratedComponent:63 - No mode defined for component null
2025-07-30 13:22:46,114 [WARN] ModelIntegratedComponent:63 - No mode defined for component null
2025-07-30 13:22:46,114 [WARN] ModelIntegratedComponent:63 - No mode defined for component null
2025-07-30 13:22:46,114 [WARN] ModelIntegratedComponent:63 - No mode defined for component null
2025-07-30 13:22:46,114 [WARN] ModelIntegratedComponent:63 - No mode defined for component null
2025-07-30 13:22:46,115 [WARN] ModelIntegratedComponent:63 - No mode defined for component null
2025-07-30 13:22:46,115 [WARN] ModelIntegratedComponent:63 - No mode defined for component null
2025-07-30 13:22:46,115 [WARN] ModelIntegratedComponent:63 - No mode defined for component null
2025-07-30 13:22:46,115 [WARN] ModelIntegratedComponent:63 - No mode defined for component null
2025-07-30 13:22:46,115 [WARN] ModelIntegratedComponent:63 - No mode defined for component null
2025-07-30 13:22:46,115 [WARN] ModelIntegratedComponent:63 - No mode defined for component null
2025-07-30 13:22:46,115 [WARN] ModelPack:524 - Component already loaded: STMicroelectronics:HAL Drivers:0.0.0:STMicroelectronics:Device:STMicro_Driver:XSPI:HAL::0.0.1:HAL_XSPI
2025-07-30 13:22:46,178 [INFO] ThirdPartyModel:298 - Start build external matchings
2025-07-30 13:22:46,636 [INFO] ThirdPartyModel:316 - End build external matchings
2025-07-30 13:22:46,648 [INFO] ThirdPartyModel:298 - Start build external matchings
2025-07-30 13:22:47,069 [INFO] ThirdPartyModel:316 - End build external matchings
2025-07-30 13:22:47,082 [INFO] RtosManager:1018 - Current active RTOS is FREERTOS_M7 [CortexM7]
2025-07-30 13:22:47,283 [INFO] ApiDb:581 - Connected to CubeFinder SQLite database (C:\Users\nicks\.stmcufinder\plugins\mcufinder\mcu\cube-finder-db.db)
2025-07-30 13:22:47,369 [INFO] ApiDb:668 - CubeFinder database Data Model version=2.1
2025-07-30 13:22:47,370 [INFO] ApiDb:669 - CubeFinder database Configuration version=3.0.39
2025-07-30 13:22:47,370 [INFO] ApiDb:670 - CubeFinder database generation date=2025-07-18 (1752785937)
2025-07-30 13:22:47,370 [INFO] ApiDb:671 - CubeFinder database FW Pack versions=[FP-ATR-ASTRA1_V2.0.0, FP-SNS-FLIGHT1_V5.1.0, FP-SNS-MOTENV1_V5.0.0, FP-SNS-MOTENVWB1_V1.4.0, FP-SNS-SMARTAG2_V1.2.0, FP-SNS-STBOX1_V2.0.0, STM32Cube_FW_C0_V1.4.0, STM32Cube_FW_F4_V1.28.2, STM32Cube_FW_F7_V1.17.3, STM32Cube_FW_G0_V1.6.2, STM32Cube_FW_G4_V1.6.1, STM32Cube_FW_H5_V1.5.0, STM32Cube_FW_H7RS_V1.2.0, STM32Cube_FW_H7_V1.12.1, STM32Cube_FW_L0_V1.12.2, STM32Cube_FW_L4_V1.18.1, STM32Cube_FW_L5_V1.5.1, STM32Cube_FW_N6_V1.2.0, STM32Cube_FW_U0_V1.3.0, STM32Cube_FW_U3_V1.2.0, STM32Cube_FW_U5_V1.8.0, STM32Cube_FW_WB0_V1.3.0, STM32Cube_FW_WBA_V1.7.0, STM32Cube_FW_WB_V1.23.0, STM32Cube_FW_WL3_V1.2.0, STM32Cube_FW_WL_V1.3.1, X-CUBE-ALGOBUILD_V1.4.0, X-CUBE-ALS_V1.0.2, X-CUBE-AZRTOS-F4_V1.1.0, X-CUBE-AZRTOS-F7_V1.1.0, X-CUBE-AZRTOS-G0_V1.1.0, X-CUBE-AZRTOS-G4_V2.0.0, X-CUBE-AZRTOS-H7RS_V1.1.0, X-CUBE-AZRTOS-H7_V3.3.0, X-CUBE-AZRTOS-L4_V2.0.0, X-CUBE-AZRTOS-L5_V2.0.0, X-CUBE-AZRTOS-WB_V2.0.0, X-CUBE-AZRTOS-WL_V2.0.0, X-CUBE-BLE1_V7.1.0, X-CUBE-BLE2_V3.3.0, X-CUBE-BLEMGR_V4.0.0, X-CUBE-EEPRMA1_V5.1.0, X-CUBE-FREERTOS_V1.3.1, X-CUBE-GNSS1_V6.0.0, X-CUBE-MEMS1_V11.3.0, X-CUBE-NFC4_V3.0.0, X-CUBE-NFC7_V2.0.0, X-CUBE-SFXS2LP1_V4.0.0, X-CUBE-SUBG2_V5.0.0, X-CUBE-TOF1_V3.4.3]
2025-07-30 13:22:47,475 [INFO] DbBoardsSqlite:226 - include board P-NUCLEO-WB55-NUCLEO as a kit item of type 'Nucleo-64'
2025-07-30 13:22:47,476 [INFO] DbBoardsSqlite:226 - include board P-NUCLEO-WB55-USBDONGLE as a kit item of type 'Nucleo USB Dongle'
2025-07-30 13:22:47,476 [INFO] DbBoardsSqlite:226 - include board STEVAL-IDP005V1 as a kit item of type 'Evaluation Board'
2025-07-30 13:22:47,477 [INFO] DbBoardsSqlite:226 - include board STEVAL-IDP005V2 as a kit item of type 'Evaluation Board'
2025-07-30 13:22:47,925 [INFO] ApiDb:240 - Found 880 in-development CPN: [B-G473E-ZEST1S, B-WB1M-WPAN1, B-WBA5M-WPAN, B-WL5M-SUBG1, NUCLEO-C031C6, NUCLEO-C051C8, NUCLEO-C071RB, NUCLEO-C092RC, NUCLEO-H503RB, NUCLEO-H533RE, NUCLEO-H563ZI, NUCLEO-H7S3L8, NUCLEO-N657X0-Q, NUCLEO-U031R8, NUCLEO-U083RC, NUCLEO-U385RG-Q, NUCLEO-U545RE-Q, NUCLEO-U5A5ZJ-Q, NUCLEO-WB05KZ, NUCLEO-WB07CC, NUCLEO-WB09KE, NUCLEO-WBA52CG, NUCLEO-WBA55CG, NUCLEO-WL33CC1, NUCLEO-WL33CC2, STEVAL-PROTEUS1, STEVAL-SMARTAG2, STEVAL-STWINBX1, STM320518-EVAL, STM32C0116-DK, STM32C011D6Y3TR, STM32C011D6Y6TR, STM32C011F4P3, STM32C011F4P6, STM32C011F4U3, STM32C011F4U6TR, STM32C011F6P3, STM32C011F6P6, STM32C011F6U3, STM32C011F6U6TR, STM32C011J4M3, STM32C011J4M6, STM32C011J6M3, STM32C011J6M6, STM32C0316-DK, STM32C031C4T3, STM32C031C4T6, STM32C031C4U3, STM32C031C4U6, STM32C031C6T3, STM32C031C6T6, STM32C031C6U3, STM32C031C6U6, STM32C031F4P3, STM32C031F4P6, STM32C031F6P3, STM32C031F6P6, STM32C031G4U3, STM32C031G4U6, STM32C031G6U3, STM32C031G6U6, STM32C031K4T3, STM32C031K4T6, STM32C031K4U3, STM32C031K4U6, STM32C031K6T3, STM32C031K6T6, STM32C031K6U3, STM32C031K6U6, STM32C051C6T6, STM32C051C6U6, STM32C051C8T6, STM32C051C8U6, STM32C051D8Y6TR, STM32C051F6P6, STM32C051F8P6, STM32C051G6U6, STM32C051G8U6, STM32C051K6T6, STM32C051K6U6, STM32C051K8T6, STM32C071C8T6, STM32C071C8T6N, STM32C071C8U6, STM32C071C8U6N, STM32C071CBT6, STM32C071CBT6N, STM32C071CBU6, STM32C071CBU6N, STM32C071F8P6, STM32C071F8P6N, STM32C071FBP6, STM32C071FBP6N, STM32C071FBY6TR, STM32C071G8U6, STM32C071G8U6N, STM32C071GBU6, STM32C071GBU6N, STM32C071K8T6, STM32C071K8T6N, STM32C071K8U6, STM32C071K8U6N, STM32C071KBT6, STM32C071KBT6N, STM32C071KBU6, STM32C071KBU6N, STM32C071R8T6, STM32C071R8T6N, STM32C071RBI6N, STM32C071RBT6, STM32C071RBT6N, STM32C091CBT6, STM32C091CBU6, STM32C091CCT6, STM32C091CCU6, STM32C091ECY6TR, STM32C091FBP6, STM32C091FCP6, STM32C091GBU6, STM32C091GCU6, STM32C091KBT6, STM32C091KBU6, STM32C091KCT6, STM32C091KCU6, STM32C091RBT6, STM32C091RCI6, STM32C091RCT6, STM32C092CBT6, STM32C092CBU6, STM32C092CCT6, STM32C092CCU6, STM32C092ECY6TR, STM32C092FBP6, STM32C092FCP6, STM32C092GBU6, STM32C092GCU6, STM32C092KBT6, STM32C092KBU6, STM32C092KCT6, STM32C092KCU6, STM32C092RBT6, STM32C092RCI6, STM32C092RCT6, STM32G071K8TXN, STM32G071K8UXN, STM32G081GBU6N, STM32G081KBT6N, STM32G081KBUXN, STM32G0B1CCT6N, STM32G0B1KCT6, STM32G0B1NEY6TR, STM32G0B1RCT6N, STM32G0C1CCT6, STM32G0C1CCT6N, STM32G0C1CCU6N, STM32G0C1CET6N, STM32G0C1CEU6N, STM32G0C1KCT6, STM32G0C1NEY6TR, STM32G0C1RCI6N, STM32G0C1RCT6N, STM32G0C1REI6N, STM32G0C1RET6N, STM32G0C1VCI6, STM32G0C1VEI6, STM32G411C6T3, STM32G411C6T6, STM32G411C6U3, STM32G411C6U6, STM32G411C8T3, STM32G411C8T6, STM32G411C8U3, STM32G411C8U6, STM32G411CBT3, STM32G411CBT6, STM32G411CBU3, STM32G411CBU6, STM32G411K6T3, STM32G411K6T6, STM32G411K6U3, STM32G411K6U6, STM32G411K8T3, STM32G411K8T6, STM32G411K8U3, STM32G411K8U6, STM32G411KBT3, STM32G411KBT6, STM32G411KBU3, STM32G411KBU6, STM32G411M6T3, STM32G411M6T6, STM32G411M8T3, STM32G411M8T6, STM32G411MBT3, STM32G411MBT6, STM32G411R6T3, STM32G411R6T6, STM32G411R8T3, STM32G411R8T6, STM32G411RBT3, STM32G411RBT6, STM32G414CBT3, STM32G414CBT6, STM32G414CBU3, STM32G414CBU6, STM32G414CCT3, STM32G414CCT6, STM32G414CCU3, STM32G414CCU6, STM32G414MBT3, STM32G414MBT6, STM32G414MCT3, STM32G414MCT6, STM32G414RBT3, STM32G414RBT6, STM32G414RCT3, STM32G414RCT6, STM32G414VBT3, STM32G414VBT6, STM32G414VCT3, STM32G414VCT6, STM32G431CBT3Z, STM32G431RBT3Z, STM32G471CCT6, STM32G471CCU6, STM32G471CET3, STM32G471CET6, STM32G471CEU3, STM32G471CEU6, STM32G471MCT6, STM32G471MET3, STM32G471MET6, STM32G471MEY6TR, STM32G471QCT6, STM32G471QET3, STM32G471RCT6, STM32G471RET3, STM32G471RET6, STM32G471VCH6, STM32G471VCI6, STM32G471VCT6, STM32G471VEH3, STM32G471VEH6, STM32G471VEI3, STM32G471VEI6, STM32G471VET3, STM32G471VET6, STM32G473QET3Z, STM32G473RET3Z, STM32G474CCT6, STM32G491RET3Z, STM32H503CBT6, STM32H503CBU6, STM32H503EBY6TR, STM32H503KBU6, STM32H503RBT6, STM32H523CCT6, STM32H523CCU6, STM32H523CET6, STM32H523CEU6, STM32H523HEY6TR, STM32H523RCT6, STM32H523RET6, STM32H523VCI6, STM32H523VCT6, STM32H523VEI6, STM32H523VET6, STM32H523ZCJ6, STM32H523ZCT6, STM32H523ZEJ6, STM32H523ZET6, STM32H533CET6, STM32H533CEU6, STM32H533HEY6TR, STM32H533RET6, STM32H533VEI6, STM32H533VET6, STM32H533ZEJ6, STM32H533ZET6, STM32H562AGI6, STM32H562AII6, STM32H562IGK6, STM32H562IGT6, STM32H562IIK6, STM32H562IIT6, STM32H562RGT6, STM32H562RGV6, STM32H562RIT6, STM32H562RIV6, STM32H562VGT6, STM32H562VIT6, STM32H562ZGT6, STM32H562ZIT6, STM32H563AGI6, STM32H563AII3Q, STM32H563AII6, STM32H563IGK6, STM32H563IGT6, STM32H563IIK3Q, STM32H563IIK6, STM32H563IIT3Q, STM32H563IIT6, STM32H563MIY3QTR, STM32H563RGT6, STM32H563RGV6, STM32H563RIT6, STM32H563RIV6, STM32H563VGT6, STM32H563VIT3Q, STM32H563VIT6, STM32H563ZGT6, STM32H563ZIT3Q, STM32H563ZIT6, STM32H573AII3Q, STM32H573AII6, STM32H573I-DK, STM32H573IIK3Q, STM32H573IIK6, STM32H573IIT3Q, STM32H573IIT6, STM32H573MIY3QTR, STM32H573RIT6, STM32H573RIV6, STM32H573VIT3Q, STM32H573VIT6, STM32H573ZIT3Q, STM32H573ZIT6, STM32H7R3A8I6, STM32H7R3I8K6, STM32H7R3I8T6, STM32H7R3L8H6, STM32H7R3L8H6H, STM32H7R3R8V6, STM32H7R3V8H6, STM32H7R3V8T6, STM32H7R3V8Y6TR, STM32H7R3Z8J6, STM32H7R3Z8T6, STM32H7R7A8I6, STM32H7R7I8K6, STM32H7R7I8T6, STM32H7R7L8H6, STM32H7R7L8H6H, STM32H7R7Z8J6, STM32H7S3A8I6, STM32H7S3I8K6, STM32H7S3I8T6, STM32H7S3L8H6, STM32H7S3L8H6H, STM32H7S3R8V6, STM32H7S3V8H6, STM32H7S3V8T6, STM32H7S3V8Y6TR, STM32H7S3Z8J6, STM32H7S3Z8T6, STM32H7S78-DK, STM32H7S7A8I6, STM32H7S7I8K6, STM32H7S7I8T6, STM32H7S7L8H6, STM32H7S7L8H6H, STM32H7S7Z8J6, STM32L4R5QGI6STR, STM32MP131AAE3, STM32MP131AAF3, STM32MP131AAG3, STM32MP131CAE3, STM32MP131CAF3, STM32MP131CAG3, STM32MP131DAE7, STM32MP131DAF7, STM32MP131DAG7, STM32MP131FAE7, STM32MP131FAF7, STM32MP131FAG7, STM32MP133AAE3, STM32MP133AAF3, STM32MP133AAG3, STM32MP133CAE3, STM32MP133CAF3, STM32MP133CAG3, STM32MP133DAE7, STM32MP133DAF7, STM32MP133DAG7, STM32MP133FAE7, STM32MP133FAF7, STM32MP133FAG7, STM32MP135AAE3, STM32MP135AAF3, STM32MP135AAG3, STM32MP135CAE3, STM32MP135CAF3, STM32MP135CAG3, STM32MP135DAE7, STM32MP135DAF7, STM32MP135DAG7, STM32MP135F-DK, STM32MP135FAE7, STM32MP135FAF7, STM32MP135FAF7T, STM32MP135FAF7U, STM32MP135FAG7, STM32MP211AAL3, STM32MP211AAM3, STM32MP211AAN3, STM32MP211AAO3, STM32MP211CAL3, STM32MP211CAM3, STM32MP211CAN3, STM32MP211CAO3, STM32MP211DAL3, STM32MP211DAM3, STM32MP211DAN3, STM32MP211DAO3, STM32MP211FAL3, STM32MP211FAM3, STM32MP211FAN3, STM32MP211FAO3, STM32MP213AAL3, STM32MP213AAM3, STM32MP213AAN3, STM32MP213AAO3, STM32MP213CAL3, STM32MP213CAM3, STM32MP213CAN3, STM32MP213CAO3, STM32MP213DAL3, STM32MP213DAM3, STM32MP213DAN3, STM32MP213DAO3, STM32MP213FAL3, STM32MP213FAM3, STM32MP213FAN3, STM32MP213FAO3, STM32MP215AAL3, STM32MP215AAM3, STM32MP215AAN3, STM32MP215AAO3, STM32MP215CAL3, STM32MP215CAM3, STM32MP215CAN3, STM32MP215CAO3, STM32MP215DAL3, STM32MP215DAM3, STM32MP215DAN3, STM32MP215DAO3, STM32MP215F-DK, STM32MP215FAL3, STM32MP215FAM3, STM32MP215FAN3, STM32MP215FAO3, STM32MP231AAJ3, STM32MP231AAK3, STM32MP231AAL3, STM32MP231CAJ3, STM32MP231CAK3, STM32MP231CAL3, STM32MP231DAJ3, STM32MP231DAK3, STM32MP231DAL3, STM32MP231FAJ3, STM32MP231FAK3, STM32MP231FAL3, STM32MP233AAJ3, STM32MP233AAK3, STM32MP233AAL3, STM32MP233CAJ3, STM32MP233CAK3, STM32MP233CAL3, STM32MP233DAJ3, STM32MP233DAK3, STM32MP233DAL3, STM32MP233FAJ3, STM32MP233FAK3, STM32MP233FAL3, STM32MP235AAJ3, STM32MP235AAK3, STM32MP235AAL3, STM32MP235CAJ3, STM32MP235CAK3, STM32MP235CAL3, STM32MP235DAJ3, STM32MP235DAK3, STM32MP235DAL3, STM32MP235FAJ3, STM32MP235FAK3, STM32MP235FAL3, STM32MP251AAI3, STM32MP251AAK3, STM32MP251AAL3, STM32MP251CAI3, STM32MP251CAK3, STM32MP251CAL3, STM32MP251DAI3, STM32MP251DAK3, STM32MP251DAL3, STM32MP251FAI3, STM32MP251FAK3, STM32MP251FAL3, STM32MP253AAI3, STM32MP253AAK3, STM32MP253AAL3, STM32MP253CAI3, STM32MP253CAK3, STM32MP253CAL3, STM32MP253DAI3, STM32MP253DAK3, STM32MP253DAL3, STM32MP253FAI3, STM32MP253FAK3, STM32MP253FAL3, STM32MP255AAI3, STM32MP255AAK3, STM32MP255AAL3, STM32MP255CAI3, STM32MP255CAK3, STM32MP255CAL3, STM32MP255DAI3, STM32MP255DAK3, STM32MP255DAL3, STM32MP255FAI3, STM32MP255FAK3, STM32MP255FAL3, STM32MP257AAI3, STM32MP257AAK3, STM32MP257AAL3, STM32MP257CAI3, STM32MP257CAK3, STM32MP257CAL3, STM32MP257DAI3, STM32MP257DAK3, STM32MP257DAL3, STM32MP257F-DK, STM32MP257F-EV1, STM32MP257FAI3, STM32MP257FAK3, STM32MP257FAL3, STM32N645A0H3Q, STM32N645B0H3Q, STM32N645I0H3Q, STM32N645L0H3Q, STM32N645X0H3Q, STM32N645Z0H3Q, STM32N647A0H3Q, STM32N647B0H3Q, STM32N647I0H3Q, STM32N647L0H3Q, STM32N647X0H3Q, STM32N647Z0H3Q, STM32N655A0H3Q, STM32N655B0H3Q, STM32N655I0H3Q, STM32N655L0H3Q, STM32N655X0H3Q, STM32N655Z0H3Q, STM32N6570-DK, STM32N657A0H3Q, STM32N657B0H3Q, STM32N657I0H3Q, STM32N657L0H3Q, STM32N657X0H3Q, STM32N657Z0H3Q, STM32U031C6T6, STM32U031C6U6, STM32U031C8T6, STM32U031C8U6, STM32U031F4P6, STM32U031F6P6, STM32U031F8P6, STM32U031G6Y6TR, STM32U031G8Y6TR, STM32U031K4U6, STM32U031K6U6, STM32U031K8U6, STM32U031R6I6, STM32U031R6T6, STM32U031R8I6, STM32U031R8T6, STM32U073C8T6, STM32U073C8U6, STM32U073CBT6, STM32U073CBU6, STM32U073CCT6, STM32U073CCU6, STM32U073H8Y6TR, STM32U073HBY6TR, STM32U073HCY6TR, STM32U073K8U6, STM32U073KBU6, STM32U073KCU6, STM32U073M8I6, STM32U073M8T6, STM32U073MBI6, STM32U073MBT6, STM32U073MCI6, STM32U073MCT6, STM32U073R8I6, STM32U073R8T6, STM32U073RBI6, STM32U073RBT6, STM32U073RCI6, STM32U073RCT6, STM32U083C-DK, STM32U083CCT6, STM32U083CCU6, STM32U083HCY6TR, STM32U083KCU6, STM32U083MCI6, STM32U083MCT6, STM32U083RCI6, STM32U083RCT6, STM32U375CET6, STM32U375CET6Q, STM32U375CEU6, STM32U375CEU6Q, STM32U375CEY6QTR, STM32U375CGT6, STM32U375CGT6Q, STM32U375CGU6, STM32U375CGU6Q, STM32U375CGY6QTR, STM32U375KEU6, STM32U375KGU6, STM32U375REI6, STM32U375REI6Q, STM32U375RET6, STM32U375RET6Q, STM32U375REY6GTR, STM32U375REY6QTR, STM32U375RGI6, STM32U375RGI6Q, STM32U375RGT6, STM32U375RGT6Q, STM32U375RGY6GTR, STM32U375RGY6QTR, STM32U375VEI6, STM32U375VEI6Q, STM32U375VET6, STM32U375VET6Q, STM32U375VGI6, STM32U375VGI6Q, STM32U375VGT6, STM32U375VGT6Q, STM32U385CGT6, STM32U385CGT6Q, STM32U385CGU6, STM32U385CGU6Q, STM32U385CGY6QTR, STM32U385KGU6, STM32U385RGI6, STM32U385RGI6Q, STM32U385RGT6, STM32U385RGT6Q, STM32U385RGY6GTR, STM32U385RGY6QTR, STM32U385VGI6, STM32U385VGI6Q, STM32U385VGT6, STM32U385VGT6Q, STM32U535CBT6, STM32U535CBT6Q, STM32U535CBU6, STM32U535CBU6Q, STM32U535CCT6, STM32U535CCT6Q, STM32U535CCU6, STM32U535CCU6Q, STM32U535CET6, STM32U535CET6Q, STM32U535CEU6, STM32U535CEU6Q, STM32U535JEY6QTR, STM32U535NCY6QTR, STM32U535NEY6QTR, STM32U535RBI6, STM32U535RBI6Q, STM32U535RBT6, STM32U535RBT6Q, STM32U535RCI6, STM32U535RCI6Q, STM32U535RCT6, STM32U535RCT6Q, STM32U535REI6, STM32U535REI6Q, STM32U535RET6, STM32U535RET6Q, STM32U535VCI6, STM32U535VCI6Q, STM32U535VCT6, STM32U535VCT6Q, STM32U535VEI6, STM32U535VEI6Q, STM32U535VET6, STM32U535VET6Q, STM32U545CET6, STM32U545CET6Q, STM32U545CEU6, STM32U545CEU6Q, STM32U545JEY6QTR, STM32U545NEY6QTR, STM32U545REI6, STM32U545REI6Q, STM32U545RET6, STM32U545RET6Q, STM32U545VEI6, STM32U545VEI6Q, STM32U545VET6, STM32U545VET6Q, STM32U595AIH6, STM32U595AIH6Q, STM32U595AJH6, STM32U595AJH6Q, STM32U595QII6, STM32U595QII6Q, STM32U595QJI6, STM32U595QJI6Q, STM32U595RIT6, STM32U595RIT6Q, STM32U595RJT6, STM32U595RJT6Q, STM32U595VIT6, STM32U595VIT6Q, STM32U595VJT6, STM32U595VJT6Q, STM32U595ZIT6, STM32U595ZIT6Q, STM32U595ZIY6QTR, STM32U595ZJT6, STM32U595ZJT6Q, STM32U595ZJY6QTR, STM32U599BJY6QTR, STM32U599NIH6Q, STM32U599NJH6Q, STM32U599VIT6Q, STM32U599VJT6, STM32U599VJT6Q, STM32U599ZIT6Q, STM32U599ZIY6QTR, STM32U599ZJT6Q, STM32U599ZJY6QTR, STM32U5A5AJH6, STM32U5A5AJH6Q, STM32U5A5QII3Q , STM32U5A5QJI6, STM32U5A5QJI6Q, STM32U5A5RJT6, STM32U5A5RJT6Q, STM32U5A5VJT6, STM32U5A5VJT6Q, STM32U5A5ZJT6, STM32U5A5ZJT6Q, STM32U5A5ZJY6QTR, STM32U5A9BJY6QTR, STM32U5A9J-DK, STM32U5A9NJH6Q, STM32U5A9VJT6Q, STM32U5A9ZJT6Q, STM32U5A9ZJY6QTR, STM32U5F7VIT6, STM32U5F7VIT6Q, STM32U5F7VJT6, STM32U5F7VJT6Q, STM32U5F9BJY6QTR, STM32U5F9NJH6Q, STM32U5F9VIT6Q, STM32U5F9VJT6Q, STM32U5F9ZIJ6QTR, STM32U5F9ZIT6Q, STM32U5F9ZJJ6QTR, STM32U5F9ZJT6Q, STM32U5G7VJT6, STM32U5G7VJT6Q, STM32U5G9BJY6QTR, STM32U5G9J-DK1, STM32U5G9J-DK2, STM32U5G9NJH6Q, STM32U5G9VJT6Q, STM32U5G9ZJJ6QTR, STM32U5G9ZJT6Q, STM32WB05KZV6TR, STM32WB05KZV7TR, STM32WB05TZF6TR, STM32WB05TZF7TR, STM32WB06CCF6TR, STM32WB06CCF7TR, STM32WB06CCV6TR, STM32WB06CCV7TR, STM32WB06KCV6TR, STM32WB06KCV7TR, STM32WB07CCF6TR, STM32WB07CCF7TR, STM32WB07CCV6TR, STM32WB07CCV7TR, STM32WB07KCV6TR, STM32WB07KCV7TR, STM32WB09KEV6TR, STM32WB09KEV7TR, STM32WB09TEF6TR, STM32WB09TEF7TR, STM32WB1MMCH6, STM32WBA50KGU6, STM32WBA50KGU6TR, STM32WBA52CEU6, STM32WBA52CEU6TR, STM32WBA52CEU7, STM32WBA52CEU7TR, STM32WBA52CGU6, STM32WBA52CGU6TR, STM32WBA52CGU6U, STM32WBA52CGU7, STM32WBA52CGU7TR, STM32WBA52KEU6, STM32WBA52KEU6TR, STM32WBA52KGU6, STM32WBA52KGU6TR, STM32WBA54CEU6, STM32WBA54CEU6TR, STM32WBA54CEU7, STM32WBA54CEU7TR, STM32WBA54CGU6, STM32WBA54CGU6TR, STM32WBA54CGU7, STM32WBA54CGU7TR, STM32WBA54KEU6, STM32WBA54KEU6TR, STM32WBA54KEU7, STM32WBA54KEU7TR, STM32WBA54KGU6, STM32WBA54KGU6TR, STM32WBA54KGU7, STM32WBA54KGU7TR, STM32WBA55CEU6, STM32WBA55CEU6TR, STM32WBA55CEU7, STM32WBA55CEU7TR, STM32WBA55CGU6, STM32WBA55CGU6TR, STM32WBA55CGU6U, STM32WBA55CGU7, STM32WBA55CGU7TR, STM32WBA55G-DK1, STM32WBA55HEF6, STM32WBA55HEF7, STM32WBA55HGF6, STM32WBA55HGF7, STM32WBA55UEI6, STM32WBA55UEI6TR, STM32WBA55UEI7, STM32WBA55UEI7TR, STM32WBA55UGI6, STM32WBA55UGI6TR, STM32WBA55UGI7, STM32WBA55UGI7TR, STM32WBA5MMGH6TR, STM32WBA62MGF6, STM32WBA62MIF6, STM32WBA65MGF7, STM32WBA65MIF6, STM32WBA65MIF7, STM32WL30K8V6, STM32WL30KBV6, STM32WL31C8V6, STM32WL31CBV6, STM32WL31K8V6, STM32WL31KBV6, STM32WL33C8V6, STM32WL33C8V6X, STM32WL33CBV6, STM32WL33CBV6X, STM32WL33CCV6, STM32WL33CCV6A, STM32WL33CCV6X, STM32WL33K8V7, STM32WL33K8V7X, STM32WL33KBV7 , STM32WL33KBV7X, STM32WL33KCV7, STM32WL33KCV7X, STM32WL5MOCH6, STM32WL5MOCH6TR]
2025-07-30 13:22:48,114 [INFO] BoardInfo:889 - No configuration file found for board P-NUCLEO-WB55
2025-07-30 13:22:48,115 [INFO] DbBoards:161 - Kit is not supported: P-NUCLEO-WB55
2025-07-30 13:22:48,121 [INFO] BoardInfo:889 - No configuration file found for board STEVAL-BFA001V1B
2025-07-30 13:22:48,122 [INFO] DbBoards:161 - Kit is not supported: STEVAL-BFA001V1B
2025-07-30 13:22:48,123 [INFO] BoardInfo:889 - No configuration file found for board STEVAL-BFA001V2B
2025-07-30 13:22:48,124 [INFO] DbBoards:161 - Kit is not supported: STEVAL-BFA001V2B
2025-07-30 13:22:48,305 [INFO] DbBoards:168 - Found 212 boards, 209 are supported
2025-07-30 13:22:48,305 [INFO] DbBoards:169 - Found 212 boards, 43 of them is supported for  Bsp
2025-07-30 13:22:48,308 [INFO] ApiDb:668 - CubeFinder database Data Model version=2.1
2025-07-30 13:22:48,308 [INFO] ApiDb:669 - CubeFinder database Configuration version=3.0.39
2025-07-30 13:22:48,308 [INFO] ApiDb:670 - CubeFinder database generation date=2025-07-18 (1752785937)
2025-07-30 13:22:48,308 [INFO] ApiDb:671 - CubeFinder database FW Pack versions=[FP-ATR-ASTRA1_V2.0.0, FP-SNS-FLIGHT1_V5.1.0, FP-SNS-MOTENV1_V5.0.0, FP-SNS-MOTENVWB1_V1.4.0, FP-SNS-SMARTAG2_V1.2.0, FP-SNS-STBOX1_V2.0.0, STM32Cube_FW_C0_V1.4.0, STM32Cube_FW_F4_V1.28.2, STM32Cube_FW_F7_V1.17.3, STM32Cube_FW_G0_V1.6.2, STM32Cube_FW_G4_V1.6.1, STM32Cube_FW_H5_V1.5.0, STM32Cube_FW_H7RS_V1.2.0, STM32Cube_FW_H7_V1.12.1, STM32Cube_FW_L0_V1.12.2, STM32Cube_FW_L4_V1.18.1, STM32Cube_FW_L5_V1.5.1, STM32Cube_FW_N6_V1.2.0, STM32Cube_FW_U0_V1.3.0, STM32Cube_FW_U3_V1.2.0, STM32Cube_FW_U5_V1.8.0, STM32Cube_FW_WB0_V1.3.0, STM32Cube_FW_WBA_V1.7.0, STM32Cube_FW_WB_V1.23.0, STM32Cube_FW_WL3_V1.2.0, STM32Cube_FW_WL_V1.3.1, X-CUBE-ALGOBUILD_V1.4.0, X-CUBE-ALS_V1.0.2, X-CUBE-AZRTOS-F4_V1.1.0, X-CUBE-AZRTOS-F7_V1.1.0, X-CUBE-AZRTOS-G0_V1.1.0, X-CUBE-AZRTOS-G4_V2.0.0, X-CUBE-AZRTOS-H7RS_V1.1.0, X-CUBE-AZRTOS-H7_V3.3.0, X-CUBE-AZRTOS-L4_V2.0.0, X-CUBE-AZRTOS-L5_V2.0.0, X-CUBE-AZRTOS-WB_V2.0.0, X-CUBE-AZRTOS-WL_V2.0.0, X-CUBE-BLE1_V7.1.0, X-CUBE-BLE2_V3.3.0, X-CUBE-BLEMGR_V4.0.0, X-CUBE-EEPRMA1_V5.1.0, X-CUBE-FREERTOS_V1.3.1, X-CUBE-GNSS1_V6.0.0, X-CUBE-MEMS1_V11.3.0, X-CUBE-NFC4_V3.0.0, X-CUBE-NFC7_V2.0.0, X-CUBE-SFXS2LP1_V4.0.0, X-CUBE-SUBG2_V5.0.0, X-CUBE-TOF1_V3.4.3]
2025-07-30 13:22:50,089 [INFO] ApiDb:240 - Found 880 in-development CPN: [B-G473E-ZEST1S, B-WB1M-WPAN1, B-WBA5M-WPAN, B-WL5M-SUBG1, NUCLEO-C031C6, NUCLEO-C051C8, NUCLEO-C071RB, NUCLEO-C092RC, NUCLEO-H503RB, NUCLEO-H533RE, NUCLEO-H563ZI, NUCLEO-H7S3L8, NUCLEO-N657X0-Q, NUCLEO-U031R8, NUCLEO-U083RC, NUCLEO-U385RG-Q, NUCLEO-U545RE-Q, NUCLEO-U5A5ZJ-Q, NUCLEO-WB05KZ, NUCLEO-WB07CC, NUCLEO-WB09KE, NUCLEO-WBA52CG, NUCLEO-WBA55CG, NUCLEO-WL33CC1, NUCLEO-WL33CC2, STEVAL-PROTEUS1, STEVAL-SMARTAG2, STEVAL-STWINBX1, STM320518-EVAL, STM32C0116-DK, STM32C011D6Y3TR, STM32C011D6Y6TR, STM32C011F4P3, STM32C011F4P6, STM32C011F4U3, STM32C011F4U6TR, STM32C011F6P3, STM32C011F6P6, STM32C011F6U3, STM32C011F6U6TR, STM32C011J4M3, STM32C011J4M6, STM32C011J6M3, STM32C011J6M6, STM32C0316-DK, STM32C031C4T3, STM32C031C4T6, STM32C031C4U3, STM32C031C4U6, STM32C031C6T3, STM32C031C6T6, STM32C031C6U3, STM32C031C6U6, STM32C031F4P3, STM32C031F4P6, STM32C031F6P3, STM32C031F6P6, STM32C031G4U3, STM32C031G4U6, STM32C031G6U3, STM32C031G6U6, STM32C031K4T3, STM32C031K4T6, STM32C031K4U3, STM32C031K4U6, STM32C031K6T3, STM32C031K6T6, STM32C031K6U3, STM32C031K6U6, STM32C051C6T6, STM32C051C6U6, STM32C051C8T6, STM32C051C8U6, STM32C051D8Y6TR, STM32C051F6P6, STM32C051F8P6, STM32C051G6U6, STM32C051G8U6, STM32C051K6T6, STM32C051K6U6, STM32C051K8T6, STM32C071C8T6, STM32C071C8T6N, STM32C071C8U6, STM32C071C8U6N, STM32C071CBT6, STM32C071CBT6N, STM32C071CBU6, STM32C071CBU6N, STM32C071F8P6, STM32C071F8P6N, STM32C071FBP6, STM32C071FBP6N, STM32C071FBY6TR, STM32C071G8U6, STM32C071G8U6N, STM32C071GBU6, STM32C071GBU6N, STM32C071K8T6, STM32C071K8T6N, STM32C071K8U6, STM32C071K8U6N, STM32C071KBT6, STM32C071KBT6N, STM32C071KBU6, STM32C071KBU6N, STM32C071R8T6, STM32C071R8T6N, STM32C071RBI6N, STM32C071RBT6, STM32C071RBT6N, STM32C091CBT6, STM32C091CBU6, STM32C091CCT6, STM32C091CCU6, STM32C091ECY6TR, STM32C091FBP6, STM32C091FCP6, STM32C091GBU6, STM32C091GCU6, STM32C091KBT6, STM32C091KBU6, STM32C091KCT6, STM32C091KCU6, STM32C091RBT6, STM32C091RCI6, STM32C091RCT6, STM32C092CBT6, STM32C092CBU6, STM32C092CCT6, STM32C092CCU6, STM32C092ECY6TR, STM32C092FBP6, STM32C092FCP6, STM32C092GBU6, STM32C092GCU6, STM32C092KBT6, STM32C092KBU6, STM32C092KCT6, STM32C092KCU6, STM32C092RBT6, STM32C092RCI6, STM32C092RCT6, STM32G071K8TXN, STM32G071K8UXN, STM32G081GBU6N, STM32G081KBT6N, STM32G081KBUXN, STM32G0B1CCT6N, STM32G0B1KCT6, STM32G0B1NEY6TR, STM32G0B1RCT6N, STM32G0C1CCT6, STM32G0C1CCT6N, STM32G0C1CCU6N, STM32G0C1CET6N, STM32G0C1CEU6N, STM32G0C1KCT6, STM32G0C1NEY6TR, STM32G0C1RCI6N, STM32G0C1RCT6N, STM32G0C1REI6N, STM32G0C1RET6N, STM32G0C1VCI6, STM32G0C1VEI6, STM32G411C6T3, STM32G411C6T6, STM32G411C6U3, STM32G411C6U6, STM32G411C8T3, STM32G411C8T6, STM32G411C8U3, STM32G411C8U6, STM32G411CBT3, STM32G411CBT6, STM32G411CBU3, STM32G411CBU6, STM32G411K6T3, STM32G411K6T6, STM32G411K6U3, STM32G411K6U6, STM32G411K8T3, STM32G411K8T6, STM32G411K8U3, STM32G411K8U6, STM32G411KBT3, STM32G411KBT6, STM32G411KBU3, STM32G411KBU6, STM32G411M6T3, STM32G411M6T6, STM32G411M8T3, STM32G411M8T6, STM32G411MBT3, STM32G411MBT6, STM32G411R6T3, STM32G411R6T6, STM32G411R8T3, STM32G411R8T6, STM32G411RBT3, STM32G411RBT6, STM32G414CBT3, STM32G414CBT6, STM32G414CBU3, STM32G414CBU6, STM32G414CCT3, STM32G414CCT6, STM32G414CCU3, STM32G414CCU6, STM32G414MBT3, STM32G414MBT6, STM32G414MCT3, STM32G414MCT6, STM32G414RBT3, STM32G414RBT6, STM32G414RCT3, STM32G414RCT6, STM32G414VBT3, STM32G414VBT6, STM32G414VCT3, STM32G414VCT6, STM32G431CBT3Z, STM32G431RBT3Z, STM32G471CCT6, STM32G471CCU6, STM32G471CET3, STM32G471CET6, STM32G471CEU3, STM32G471CEU6, STM32G471MCT6, STM32G471MET3, STM32G471MET6, STM32G471MEY6TR, STM32G471QCT6, STM32G471QET3, STM32G471RCT6, STM32G471RET3, STM32G471RET6, STM32G471VCH6, STM32G471VCI6, STM32G471VCT6, STM32G471VEH3, STM32G471VEH6, STM32G471VEI3, STM32G471VEI6, STM32G471VET3, STM32G471VET6, STM32G473QET3Z, STM32G473RET3Z, STM32G474CCT6, STM32G491RET3Z, STM32H503CBT6, STM32H503CBU6, STM32H503EBY6TR, STM32H503KBU6, STM32H503RBT6, STM32H523CCT6, STM32H523CCU6, STM32H523CET6, STM32H523CEU6, STM32H523HEY6TR, STM32H523RCT6, STM32H523RET6, STM32H523VCI6, STM32H523VCT6, STM32H523VEI6, STM32H523VET6, STM32H523ZCJ6, STM32H523ZCT6, STM32H523ZEJ6, STM32H523ZET6, STM32H533CET6, STM32H533CEU6, STM32H533HEY6TR, STM32H533RET6, STM32H533VEI6, STM32H533VET6, STM32H533ZEJ6, STM32H533ZET6, STM32H562AGI6, STM32H562AII6, STM32H562IGK6, STM32H562IGT6, STM32H562IIK6, STM32H562IIT6, STM32H562RGT6, STM32H562RGV6, STM32H562RIT6, STM32H562RIV6, STM32H562VGT6, STM32H562VIT6, STM32H562ZGT6, STM32H562ZIT6, STM32H563AGI6, STM32H563AII3Q, STM32H563AII6, STM32H563IGK6, STM32H563IGT6, STM32H563IIK3Q, STM32H563IIK6, STM32H563IIT3Q, STM32H563IIT6, STM32H563MIY3QTR, STM32H563RGT6, STM32H563RGV6, STM32H563RIT6, STM32H563RIV6, STM32H563VGT6, STM32H563VIT3Q, STM32H563VIT6, STM32H563ZGT6, STM32H563ZIT3Q, STM32H563ZIT6, STM32H573AII3Q, STM32H573AII6, STM32H573I-DK, STM32H573IIK3Q, STM32H573IIK6, STM32H573IIT3Q, STM32H573IIT6, STM32H573MIY3QTR, STM32H573RIT6, STM32H573RIV6, STM32H573VIT3Q, STM32H573VIT6, STM32H573ZIT3Q, STM32H573ZIT6, STM32H7R3A8I6, STM32H7R3I8K6, STM32H7R3I8T6, STM32H7R3L8H6, STM32H7R3L8H6H, STM32H7R3R8V6, STM32H7R3V8H6, STM32H7R3V8T6, STM32H7R3V8Y6TR, STM32H7R3Z8J6, STM32H7R3Z8T6, STM32H7R7A8I6, STM32H7R7I8K6, STM32H7R7I8T6, STM32H7R7L8H6, STM32H7R7L8H6H, STM32H7R7Z8J6, STM32H7S3A8I6, STM32H7S3I8K6, STM32H7S3I8T6, STM32H7S3L8H6, STM32H7S3L8H6H, STM32H7S3R8V6, STM32H7S3V8H6, STM32H7S3V8T6, STM32H7S3V8Y6TR, STM32H7S3Z8J6, STM32H7S3Z8T6, STM32H7S78-DK, STM32H7S7A8I6, STM32H7S7I8K6, STM32H7S7I8T6, STM32H7S7L8H6, STM32H7S7L8H6H, STM32H7S7Z8J6, STM32L4R5QGI6STR, STM32MP131AAE3, STM32MP131AAF3, STM32MP131AAG3, STM32MP131CAE3, STM32MP131CAF3, STM32MP131CAG3, STM32MP131DAE7, STM32MP131DAF7, STM32MP131DAG7, STM32MP131FAE7, STM32MP131FAF7, STM32MP131FAG7, STM32MP133AAE3, STM32MP133AAF3, STM32MP133AAG3, STM32MP133CAE3, STM32MP133CAF3, STM32MP133CAG3, STM32MP133DAE7, STM32MP133DAF7, STM32MP133DAG7, STM32MP133FAE7, STM32MP133FAF7, STM32MP133FAG7, STM32MP135AAE3, STM32MP135AAF3, STM32MP135AAG3, STM32MP135CAE3, STM32MP135CAF3, STM32MP135CAG3, STM32MP135DAE7, STM32MP135DAF7, STM32MP135DAG7, STM32MP135F-DK, STM32MP135FAE7, STM32MP135FAF7, STM32MP135FAF7T, STM32MP135FAF7U, STM32MP135FAG7, STM32MP211AAL3, STM32MP211AAM3, STM32MP211AAN3, STM32MP211AAO3, STM32MP211CAL3, STM32MP211CAM3, STM32MP211CAN3, STM32MP211CAO3, STM32MP211DAL3, STM32MP211DAM3, STM32MP211DAN3, STM32MP211DAO3, STM32MP211FAL3, STM32MP211FAM3, STM32MP211FAN3, STM32MP211FAO3, STM32MP213AAL3, STM32MP213AAM3, STM32MP213AAN3, STM32MP213AAO3, STM32MP213CAL3, STM32MP213CAM3, STM32MP213CAN3, STM32MP213CAO3, STM32MP213DAL3, STM32MP213DAM3, STM32MP213DAN3, STM32MP213DAO3, STM32MP213FAL3, STM32MP213FAM3, STM32MP213FAN3, STM32MP213FAO3, STM32MP215AAL3, STM32MP215AAM3, STM32MP215AAN3, STM32MP215AAO3, STM32MP215CAL3, STM32MP215CAM3, STM32MP215CAN3, STM32MP215CAO3, STM32MP215DAL3, STM32MP215DAM3, STM32MP215DAN3, STM32MP215DAO3, STM32MP215F-DK, STM32MP215FAL3, STM32MP215FAM3, STM32MP215FAN3, STM32MP215FAO3, STM32MP231AAJ3, STM32MP231AAK3, STM32MP231AAL3, STM32MP231CAJ3, STM32MP231CAK3, STM32MP231CAL3, STM32MP231DAJ3, STM32MP231DAK3, STM32MP231DAL3, STM32MP231FAJ3, STM32MP231FAK3, STM32MP231FAL3, STM32MP233AAJ3, STM32MP233AAK3, STM32MP233AAL3, STM32MP233CAJ3, STM32MP233CAK3, STM32MP233CAL3, STM32MP233DAJ3, STM32MP233DAK3, STM32MP233DAL3, STM32MP233FAJ3, STM32MP233FAK3, STM32MP233FAL3, STM32MP235AAJ3, STM32MP235AAK3, STM32MP235AAL3, STM32MP235CAJ3, STM32MP235CAK3, STM32MP235CAL3, STM32MP235DAJ3, STM32MP235DAK3, STM32MP235DAL3, STM32MP235FAJ3, STM32MP235FAK3, STM32MP235FAL3, STM32MP251AAI3, STM32MP251AAK3, STM32MP251AAL3, STM32MP251CAI3, STM32MP251CAK3, STM32MP251CAL3, STM32MP251DAI3, STM32MP251DAK3, STM32MP251DAL3, STM32MP251FAI3, STM32MP251FAK3, STM32MP251FAL3, STM32MP253AAI3, STM32MP253AAK3, STM32MP253AAL3, STM32MP253CAI3, STM32MP253CAK3, STM32MP253CAL3, STM32MP253DAI3, STM32MP253DAK3, STM32MP253DAL3, STM32MP253FAI3, STM32MP253FAK3, STM32MP253FAL3, STM32MP255AAI3, STM32MP255AAK3, STM32MP255AAL3, STM32MP255CAI3, STM32MP255CAK3, STM32MP255CAL3, STM32MP255DAI3, STM32MP255DAK3, STM32MP255DAL3, STM32MP255FAI3, STM32MP255FAK3, STM32MP255FAL3, STM32MP257AAI3, STM32MP257AAK3, STM32MP257AAL3, STM32MP257CAI3, STM32MP257CAK3, STM32MP257CAL3, STM32MP257DAI3, STM32MP257DAK3, STM32MP257DAL3, STM32MP257F-DK, STM32MP257F-EV1, STM32MP257FAI3, STM32MP257FAK3, STM32MP257FAL3, STM32N645A0H3Q, STM32N645B0H3Q, STM32N645I0H3Q, STM32N645L0H3Q, STM32N645X0H3Q, STM32N645Z0H3Q, STM32N647A0H3Q, STM32N647B0H3Q, STM32N647I0H3Q, STM32N647L0H3Q, STM32N647X0H3Q, STM32N647Z0H3Q, STM32N655A0H3Q, STM32N655B0H3Q, STM32N655I0H3Q, STM32N655L0H3Q, STM32N655X0H3Q, STM32N655Z0H3Q, STM32N6570-DK, STM32N657A0H3Q, STM32N657B0H3Q, STM32N657I0H3Q, STM32N657L0H3Q, STM32N657X0H3Q, STM32N657Z0H3Q, STM32U031C6T6, STM32U031C6U6, STM32U031C8T6, STM32U031C8U6, STM32U031F4P6, STM32U031F6P6, STM32U031F8P6, STM32U031G6Y6TR, STM32U031G8Y6TR, STM32U031K4U6, STM32U031K6U6, STM32U031K8U6, STM32U031R6I6, STM32U031R6T6, STM32U031R8I6, STM32U031R8T6, STM32U073C8T6, STM32U073C8U6, STM32U073CBT6, STM32U073CBU6, STM32U073CCT6, STM32U073CCU6, STM32U073H8Y6TR, STM32U073HBY6TR, STM32U073HCY6TR, STM32U073K8U6, STM32U073KBU6, STM32U073KCU6, STM32U073M8I6, STM32U073M8T6, STM32U073MBI6, STM32U073MBT6, STM32U073MCI6, STM32U073MCT6, STM32U073R8I6, STM32U073R8T6, STM32U073RBI6, STM32U073RBT6, STM32U073RCI6, STM32U073RCT6, STM32U083C-DK, STM32U083CCT6, STM32U083CCU6, STM32U083HCY6TR, STM32U083KCU6, STM32U083MCI6, STM32U083MCT6, STM32U083RCI6, STM32U083RCT6, STM32U375CET6, STM32U375CET6Q, STM32U375CEU6, STM32U375CEU6Q, STM32U375CEY6QTR, STM32U375CGT6, STM32U375CGT6Q, STM32U375CGU6, STM32U375CGU6Q, STM32U375CGY6QTR, STM32U375KEU6, STM32U375KGU6, STM32U375REI6, STM32U375REI6Q, STM32U375RET6, STM32U375RET6Q, STM32U375REY6GTR, STM32U375REY6QTR, STM32U375RGI6, STM32U375RGI6Q, STM32U375RGT6, STM32U375RGT6Q, STM32U375RGY6GTR, STM32U375RGY6QTR, STM32U375VEI6, STM32U375VEI6Q, STM32U375VET6, STM32U375VET6Q, STM32U375VGI6, STM32U375VGI6Q, STM32U375VGT6, STM32U375VGT6Q, STM32U385CGT6, STM32U385CGT6Q, STM32U385CGU6, STM32U385CGU6Q, STM32U385CGY6QTR, STM32U385KGU6, STM32U385RGI6, STM32U385RGI6Q, STM32U385RGT6, STM32U385RGT6Q, STM32U385RGY6GTR, STM32U385RGY6QTR, STM32U385VGI6, STM32U385VGI6Q, STM32U385VGT6, STM32U385VGT6Q, STM32U535CBT6, STM32U535CBT6Q, STM32U535CBU6, STM32U535CBU6Q, STM32U535CCT6, STM32U535CCT6Q, STM32U535CCU6, STM32U535CCU6Q, STM32U535CET6, STM32U535CET6Q, STM32U535CEU6, STM32U535CEU6Q, STM32U535JEY6QTR, STM32U535NCY6QTR, STM32U535NEY6QTR, STM32U535RBI6, STM32U535RBI6Q, STM32U535RBT6, STM32U535RBT6Q, STM32U535RCI6, STM32U535RCI6Q, STM32U535RCT6, STM32U535RCT6Q, STM32U535REI6, STM32U535REI6Q, STM32U535RET6, STM32U535RET6Q, STM32U535VCI6, STM32U535VCI6Q, STM32U535VCT6, STM32U535VCT6Q, STM32U535VEI6, STM32U535VEI6Q, STM32U535VET6, STM32U535VET6Q, STM32U545CET6, STM32U545CET6Q, STM32U545CEU6, STM32U545CEU6Q, STM32U545JEY6QTR, STM32U545NEY6QTR, STM32U545REI6, STM32U545REI6Q, STM32U545RET6, STM32U545RET6Q, STM32U545VEI6, STM32U545VEI6Q, STM32U545VET6, STM32U545VET6Q, STM32U595AIH6, STM32U595AIH6Q, STM32U595AJH6, STM32U595AJH6Q, STM32U595QII6, STM32U595QII6Q, STM32U595QJI6, STM32U595QJI6Q, STM32U595RIT6, STM32U595RIT6Q, STM32U595RJT6, STM32U595RJT6Q, STM32U595VIT6, STM32U595VIT6Q, STM32U595VJT6, STM32U595VJT6Q, STM32U595ZIT6, STM32U595ZIT6Q, STM32U595ZIY6QTR, STM32U595ZJT6, STM32U595ZJT6Q, STM32U595ZJY6QTR, STM32U599BJY6QTR, STM32U599NIH6Q, STM32U599NJH6Q, STM32U599VIT6Q, STM32U599VJT6, STM32U599VJT6Q, STM32U599ZIT6Q, STM32U599ZIY6QTR, STM32U599ZJT6Q, STM32U599ZJY6QTR, STM32U5A5AJH6, STM32U5A5AJH6Q, STM32U5A5QII3Q , STM32U5A5QJI6, STM32U5A5QJI6Q, STM32U5A5RJT6, STM32U5A5RJT6Q, STM32U5A5VJT6, STM32U5A5VJT6Q, STM32U5A5ZJT6, STM32U5A5ZJT6Q, STM32U5A5ZJY6QTR, STM32U5A9BJY6QTR, STM32U5A9J-DK, STM32U5A9NJH6Q, STM32U5A9VJT6Q, STM32U5A9ZJT6Q, STM32U5A9ZJY6QTR, STM32U5F7VIT6, STM32U5F7VIT6Q, STM32U5F7VJT6, STM32U5F7VJT6Q, STM32U5F9BJY6QTR, STM32U5F9NJH6Q, STM32U5F9VIT6Q, STM32U5F9VJT6Q, STM32U5F9ZIJ6QTR, STM32U5F9ZIT6Q, STM32U5F9ZJJ6QTR, STM32U5F9ZJT6Q, STM32U5G7VJT6, STM32U5G7VJT6Q, STM32U5G9BJY6QTR, STM32U5G9J-DK1, STM32U5G9J-DK2, STM32U5G9NJH6Q, STM32U5G9VJT6Q, STM32U5G9ZJJ6QTR, STM32U5G9ZJT6Q, STM32WB05KZV6TR, STM32WB05KZV7TR, STM32WB05TZF6TR, STM32WB05TZF7TR, STM32WB06CCF6TR, STM32WB06CCF7TR, STM32WB06CCV6TR, STM32WB06CCV7TR, STM32WB06KCV6TR, STM32WB06KCV7TR, STM32WB07CCF6TR, STM32WB07CCF7TR, STM32WB07CCV6TR, STM32WB07CCV7TR, STM32WB07KCV6TR, STM32WB07KCV7TR, STM32WB09KEV6TR, STM32WB09KEV7TR, STM32WB09TEF6TR, STM32WB09TEF7TR, STM32WB1MMCH6, STM32WBA50KGU6, STM32WBA50KGU6TR, STM32WBA52CEU6, STM32WBA52CEU6TR, STM32WBA52CEU7, STM32WBA52CEU7TR, STM32WBA52CGU6, STM32WBA52CGU6TR, STM32WBA52CGU6U, STM32WBA52CGU7, STM32WBA52CGU7TR, STM32WBA52KEU6, STM32WBA52KEU6TR, STM32WBA52KGU6, STM32WBA52KGU6TR, STM32WBA54CEU6, STM32WBA54CEU6TR, STM32WBA54CEU7, STM32WBA54CEU7TR, STM32WBA54CGU6, STM32WBA54CGU6TR, STM32WBA54CGU7, STM32WBA54CGU7TR, STM32WBA54KEU6, STM32WBA54KEU6TR, STM32WBA54KEU7, STM32WBA54KEU7TR, STM32WBA54KGU6, STM32WBA54KGU6TR, STM32WBA54KGU7, STM32WBA54KGU7TR, STM32WBA55CEU6, STM32WBA55CEU6TR, STM32WBA55CEU7, STM32WBA55CEU7TR, STM32WBA55CGU6, STM32WBA55CGU6TR, STM32WBA55CGU6U, STM32WBA55CGU7, STM32WBA55CGU7TR, STM32WBA55G-DK1, STM32WBA55HEF6, STM32WBA55HEF7, STM32WBA55HGF6, STM32WBA55HGF7, STM32WBA55UEI6, STM32WBA55UEI6TR, STM32WBA55UEI7, STM32WBA55UEI7TR, STM32WBA55UGI6, STM32WBA55UGI6TR, STM32WBA55UGI7, STM32WBA55UGI7TR, STM32WBA5MMGH6TR, STM32WBA62MGF6, STM32WBA62MIF6, STM32WBA65MGF7, STM32WBA65MIF6, STM32WBA65MIF7, STM32WL30K8V6, STM32WL30KBV6, STM32WL31C8V6, STM32WL31CBV6, STM32WL31K8V6, STM32WL31KBV6, STM32WL33C8V6, STM32WL33C8V6X, STM32WL33CBV6, STM32WL33CBV6X, STM32WL33CCV6, STM32WL33CCV6A, STM32WL33CCV6X, STM32WL33K8V7, STM32WL33K8V7X, STM32WL33KBV7 , STM32WL33KBV7X, STM32WL33KCV7, STM32WL33KCV7X, STM32WL5MOCH6, STM32WL5MOCH6TR]
2025-07-30 13:22:50,093 [INFO] DbMcus:218 - Found 4801 MCUs, 4801 are supported
2025-07-30 13:22:50,093 [INFO] ApiDb:423 - Load user favorites file C:\Users\nicks/.stm32cubeide/favorites.mcus.txt: 0 item(s)
2025-07-30 13:22:50,093 [INFO] ApiDb:427 - User favorites MCUs=[]
2025-07-30 13:22:50,093 [INFO] DbMcus:224 - Set 0 / 0 favorites MCUs
2025-07-30 13:22:50,420 [INFO] ApiDb:423 - Load user favorites file C:\Users\nicks/.stm32cubeide/favorites.boards.txt: 0 item(s)
2025-07-30 13:22:50,420 [INFO] ApiDb:427 - User favorites Boards=[]
2025-07-30 13:22:50,420 [INFO] DbBoards:198 - Set 0 / 0 favorites Boards
2025-07-30 13:22:50,474 [INFO] UtilMem:75 - End LoadConfig() Used Memory: 635613160 Bytes (1073741824)
2025-07-30 13:22:50,583 [WARN] ThirdParty:833 - waiting for thirdparty lock release [change project]
2025-07-30 13:22:50,583 [INFO] ThirdParty:835 - entering critical section [change project]
2025-07-30 13:22:50,584 [INFO] ThirdParty:1030 - CMSIS Pack Vendor :STMicroelectronics X-CUBE-PM33A1 1.0.0
2025-07-30 13:22:50,584 [INFO] ThirdParty:1030 - CMSIS Pack Vendor :STMicroelectronics USBPD 4.1
2025-07-30 13:22:50,584 [INFO] ThirdParty:1030 - CMSIS Pack Vendor :STMicroelectronics X-CUBE-AZRTOS-H7 3.3.0
2025-07-30 13:22:50,584 [INFO] ThirdParty:1030 - CMSIS Pack Vendor :STMicroelectronics X-CUBE-NFC9 1.0.0
2025-07-30 13:22:50,584 [INFO] ThirdParty:1030 - CMSIS Pack Vendor :STMicroelectronics USB_HOST 2.0.0
2025-07-30 13:22:50,584 [INFO] ThirdParty:1030 - CMSIS Pack Vendor :STMicroelectronics FP-SNS-MOTENVWB1 1.4.0
2025-07-30 13:22:50,584 [INFO] ThirdParty:1030 - CMSIS Pack Vendor :STMicroelectronics X-CUBE-AZRTOS-F4 1.1.0
2025-07-30 13:22:50,584 [INFO] ThirdParty:1030 - CMSIS Pack Vendor :STMicroelectronics LIBJPEG 8.0.0
2025-07-30 13:22:50,584 [INFO] ThirdParty:1030 - CMSIS Pack Vendor :STMicroelectronics FP-ATR-ASTRA1 2.0.2
2025-07-30 13:22:50,584 [INFO] ThirdParty:1030 - CMSIS Pack Vendor :STMicroelectronics FP-ATR-ASTRA1 2.0.1
2025-07-30 13:22:50,584 [INFO] ThirdParty:1030 - CMSIS Pack Vendor :STMicroelectronics X-CUBE-BLE1 7.1.0
2025-07-30 13:22:50,584 [INFO] ThirdParty:1030 - CMSIS Pack Vendor :Avnet-IotConnect X-CUBE-IoTC-DA16k-PMOD 1.0.0
2025-07-30 13:22:50,584 [INFO] ThirdParty:1030 - CMSIS Pack Vendor :STMicroelectronics X-CUBE-SMBUS 2.1.0
2025-07-30 13:22:50,584 [INFO] ThirdParty:1030 - CMSIS Pack Vendor :STMicroelectronics X-CUBE-WB05N 1.1.0
2025-07-30 13:22:50,584 [INFO] ThirdParty:1030 - CMSIS Pack Vendor :wolfSSL I-CUBE-wolfMQTT 1.19.2
2025-07-30 13:22:50,584 [INFO] ThirdParty:1030 - CMSIS Pack Vendor :STMicroelectronics USB_DEVICE 3.0.0
2025-07-30 13:22:50,584 [INFO] ThirdParty:1030 - CMSIS Pack Vendor :STMicroelectronics X-CUBE-ISPU 2.1.0
2025-07-30 13:22:50,584 [INFO] ThirdParty:1030 - CMSIS Pack Vendor :STMicroelectronics X-CUBE-EEPRMA1 5.2.0
2025-07-30 13:22:50,584 [INFO] ThirdParty:1030 - CMSIS Pack Vendor :STMicroelectronics X-CUBE-BLEMGR 4.1.0
2025-07-30 13:22:50,584 [INFO] ThirdParty:1030 - CMSIS Pack Vendor :STMicroelectronics X-CUBE-AZRTOS-WB 2.0.0
2025-07-30 13:22:50,584 [INFO] ThirdParty:1030 - CMSIS Pack Vendor :STMicroelectronics X-CUBE-ST60 1.0.0
2025-07-30 13:22:50,584 [INFO] ThirdParty:1030 - CMSIS Pack Vendor :STMicroelectronics X-CUBE-GNSS1 7.0.1
2025-07-30 13:22:50,584 [INFO] ThirdParty:1030 - CMSIS Pack Vendor :STMicroelectronics X-CUBE-NFC12 1.0.0
2025-07-30 13:22:50,584 [INFO] ThirdParty:1030 - CMSIS Pack Vendor :STMicroelectronics X-CUBE-AZRTOS-F7 1.1.0
2025-07-30 13:22:50,584 [INFO] ThirdParty:1030 - CMSIS Pack Vendor :STMicroelectronics X-CUBE-AZRTOS-L5 2.0.0
2025-07-30 13:22:50,584 [INFO] ThirdParty:1030 - CMSIS Pack Vendor :STMicroelectronics X-CUBE-TOUCHGFX 4.25.0
2025-07-30 13:22:50,584 [INFO] ThirdParty:1030 - CMSIS Pack Vendor :STMicroelectronics USB_DEVICE 2.0.0
2025-07-30 13:22:50,584 [INFO] ThirdParty:1030 - CMSIS Pack Vendor :STMicroelectronics X-CUBE-NFC6 3.1.0
2025-07-30 13:22:50,584 [INFO] ThirdParty:1030 - CMSIS Pack Vendor :STMicroelectronics X-CUBE-AI 10.1.0
2025-07-30 13:22:50,585 [INFO] ThirdParty:1030 - CMSIS Pack Vendor :STMicroelectronics X-CUBE-MEMS1 11.2.0
2025-07-30 13:22:50,585 [INFO] ThirdParty:1030 - CMSIS Pack Vendor :STMicroelectronics FreeRTOS 0.0.1
2025-07-30 13:22:50,585 [INFO] ThirdParty:1030 - CMSIS Pack Vendor :STMicroelectronics X-CUBE-AZRTOS-G0 1.1.0
2025-07-30 13:22:50,585 [INFO] ThirdParty:1030 - CMSIS Pack Vendor :STMicroelectronics X-CUBE-SAFEA1 1.2.2
2025-07-30 13:22:50,585 [INFO] ThirdParty:1030 - CMSIS Pack Vendor :STMicroelectronics X-CUBE-NFC4 3.0.0
2025-07-30 13:22:50,585 [INFO] ThirdParty:1030 - CMSIS Pack Vendor :STMicroelectronics X-CUBE-SUBG2 5.0.0
2025-07-30 13:22:50,585 [INFO] ThirdParty:1030 - CMSIS Pack Vendor :STMicroelectronics X-CUBE-AZRTOS-H7RS 1.1.0
2025-07-30 13:22:50,585 [INFO] ThirdParty:1030 - CMSIS Pack Vendor :STMicroelectronics STM32_WPAN 1.0.0
2025-07-30 13:22:50,585 [INFO] ThirdParty:1030 - CMSIS Pack Vendor :EmbeddedOffice I-CUBE-FS-RTOS 1.0.1
2025-07-30 13:22:50,585 [INFO] ThirdParty:1030 - CMSIS Pack Vendor :STMicroelectronics lwIP 2.0.3
2025-07-30 13:22:50,585 [INFO] ThirdParty:1030 - CMSIS Pack Vendor :STMicroelectronics FP-SNS-FLIGHT1 5.0.2
2025-07-30 13:22:50,585 [INFO] ThirdParty:1030 - CMSIS Pack Vendor :Cesanta I-CUBE-Mongoose 7.13.0
2025-07-30 13:22:50,585 [INFO] ThirdParty:1030 - CMSIS Pack Vendor :STMicroelectronics USB_HOST 1.0.0
2025-07-30 13:22:50,585 [INFO] ThirdParty:1030 - CMSIS Pack Vendor :Infineon AIROC-Wi-Fi-Bluetooth-STM32 1.7.0
2025-07-30 13:22:50,585 [INFO] ThirdParty:1030 - CMSIS Pack Vendor :STMicroelectronics X-CUBE-AZRTOS-G4 2.0.0
2025-07-30 13:22:50,585 [INFO] ThirdParty:1030 - CMSIS Pack Vendor :STMicroelectronics X-CUBE-WB05N 2.0.0
2025-07-30 13:22:50,585 [INFO] ThirdParty:1030 - CMSIS Pack Vendor :STMicroelectronics PDM2PCM 3.1.0
2025-07-30 13:22:50,585 [INFO] ThirdParty:1030 - CMSIS Pack Vendor :STMicroelectronics PDM2PCM 3.3.0
2025-07-30 13:22:50,585 [INFO] ThirdParty:1030 - CMSIS Pack Vendor :wolfSSL I-CUBE-wolfTPM 3.8.0
2025-07-30 13:22:50,585 [INFO] ThirdParty:1030 - CMSIS Pack Vendor :STMicroelectronics X-CUBE-AZRTOS-H7 3.4.0
2025-07-30 13:22:50,585 [INFO] ThirdParty:1030 - CMSIS Pack Vendor :STMicroelectronics X-CUBE-DISPLAY 3.0.0
2025-07-30 13:22:50,585 [INFO] ThirdParty:1030 - CMSIS Pack Vendor :wolfSSL I-CUBE-wolfSSH 1.4.20
2025-07-30 13:22:50,585 [INFO] ThirdParty:1030 - CMSIS Pack Vendor :STMicroelectronics X-CUBE-NFC7 2.0.0
2025-07-30 13:22:50,585 [INFO] ThirdParty:1030 - CMSIS Pack Vendor :STMicroelectronics X-CUBE-TCPP 4.2.0
2025-07-30 13:22:50,585 [INFO] ThirdParty:1030 - CMSIS Pack Vendor :RealThread X-CUBE-RT-Thread_Nano 4.1.1
2025-07-30 13:22:50,585 [INFO] ThirdParty:1030 - CMSIS Pack Vendor :STMicroelectronics FP-ATR-SIGFOX1 3.2.0
2025-07-30 13:22:50,585 [INFO] ThirdParty:1030 - CMSIS Pack Vendor :STMicroelectronics X-CUBE-NFC10 1.0.0
2025-07-30 13:22:50,585 [INFO] ThirdParty:1030 - CMSIS Pack Vendor :STMicroelectronics X-CUBE-BLEMGR 4.0.0
2025-07-30 13:22:50,585 [INFO] ThirdParty:1030 - CMSIS Pack Vendor :STMicroelectronics X-CUBE-EEPRMA1 5.1.0
2025-07-30 13:22:50,585 [INFO] ThirdParty:1030 - CMSIS Pack Vendor :STMicroelectronics X-CUBE-FREERTOS 1.3.1
2025-07-30 13:22:50,585 [INFO] ThirdParty:1030 - CMSIS Pack Vendor :STMicroelectronics HAL Drivers 0.0.0
2025-07-30 13:22:50,586 [INFO] ThirdParty:1030 - CMSIS Pack Vendor :STMicroelectronics MBEDTLS 2.16.2
2025-07-30 13:22:50,586 [INFO] ThirdParty:1030 - CMSIS Pack Vendor :STMicroelectronics X-CUBE-IPS 3.1.0
2025-07-30 13:22:50,586 [INFO] ThirdParty:1030 - CMSIS Pack Vendor :STMicroelectronics X-CUBE-ALS 1.0.2
2025-07-30 13:22:50,586 [INFO] ThirdParty:1030 - CMSIS Pack Vendor :emotas I-CUBE-CANOPEN 1.3.0
2025-07-30 13:22:50,586 [INFO] ThirdParty:1030 - CMSIS Pack Vendor :STMicroelectronics X-CUBE-FREERTOS 1.3.0
2025-07-30 13:22:50,586 [INFO] ThirdParty:1030 - CMSIS Pack Vendor :STMicroelectronics X-CUBE-NFC7 1.0.1
2025-07-30 13:22:50,586 [INFO] ThirdParty:1030 - CMSIS Pack Vendor :STMicroelectronics MBEDTLS 2.14.1
2025-07-30 13:22:50,586 [INFO] ThirdParty:1030 - CMSIS Pack Vendor :wolfSSL I-CUBE-wolfSSL 5.7.6
2025-07-30 13:22:50,586 [INFO] ThirdParty:1030 - CMSIS Pack Vendor :ITTIA_DB I-CUBE-ITTIADB 8.9.0
2025-07-30 13:22:50,586 [INFO] ThirdParty:1030 - CMSIS Pack Vendor :portGmbH I-Cube-SoM-uGOAL 1.1.0
2025-07-30 13:22:50,586 [INFO] ThirdParty:1030 - CMSIS Pack Vendor :quantropi X-CUBE-qispace-sdk-base 2.0.0
2025-07-30 13:22:50,586 [INFO] ThirdParty:1030 - CMSIS Pack Vendor :STMicroelectronics X-CUBE-AI 10.0.0
2025-07-30 13:22:50,586 [INFO] ThirdParty:1030 - CMSIS Pack Vendor :STMicroelectronics X-CUBE-ST67W61 1.0.0
2025-07-30 13:22:50,586 [INFO] ThirdParty:1030 - CMSIS Pack Vendor :STMicroelectronics FP-SNS-STAIOTCFT 1.0.0
2025-07-30 13:22:50,586 [INFO] ThirdParty:1030 - CMSIS Pack Vendor :STMicroelectronics ThreadX 1.0.0
2025-07-30 13:22:50,587 [INFO] ThirdParty:1030 - CMSIS Pack Vendor :STMicroelectronics FP-SNS-SMARTAG2 1.2.0
2025-07-30 13:22:50,587 [INFO] ThirdParty:1030 - CMSIS Pack Vendor :STMicroelectronics FP-SNS-FLIGHT1 5.1.0
2025-07-30 13:22:50,587 [INFO] ThirdParty:1030 - CMSIS Pack Vendor :STMicroelectronics X-CUBE-AZRTOS-WL 2.0.0
2025-07-30 13:22:50,587 [INFO] ThirdParty:1030 - CMSIS Pack Vendor :SEGGER I-CUBE-embOS 1.3.1
2025-07-30 13:22:50,587 [INFO] ThirdParty:1030 - CMSIS Pack Vendor :STMicroelectronics X-CUBE-ALGOBUILD 1.4.0
2025-07-30 13:22:50,587 [INFO] ThirdParty:1030 - CMSIS Pack Vendor :STMicroelectronics X-CUBE-DPower 1.3.0
2025-07-30 13:22:50,587 [INFO] ThirdParty:1030 - CMSIS Pack Vendor :STMicroelectronics X-CUBE-MEMS1 11.3.0
2025-07-30 13:22:50,587 [INFO] ThirdParty:1030 - CMSIS Pack Vendor :STMicroelectronics FP-SNS-MOTENV1 5.0.0
2025-07-30 13:22:50,587 [INFO] ThirdParty:1030 - CMSIS Pack Vendor :STMicroelectronics USB_DEVICE 1.0.0
2025-07-30 13:22:50,587 [INFO] ThirdParty:1030 - CMSIS Pack Vendor :STMicroelectronics X-CUBE-AZRTOS-L4 2.0.0
2025-07-30 13:22:50,587 [INFO] ThirdParty:1030 - CMSIS Pack Vendor :STMicroelectronics ThreadX 0.0.2
2025-07-30 13:22:50,587 [INFO] ThirdParty:1030 - CMSIS Pack Vendor :WES I-CUBE-Cesium 1.3.0
2025-07-30 13:22:50,587 [INFO] ThirdParty:1030 - CMSIS Pack Vendor :STMicroelectronics lwIP 2.1.2
2025-07-30 13:22:50,587 [INFO] ThirdParty:1030 - CMSIS Pack Vendor :STMicroelectronics X-CUBE-SFXS2LP1 4.0.0
2025-07-30 13:22:50,587 [INFO] ThirdParty:1030 - CMSIS Pack Vendor :STMicroelectronics X-CUBE-BLE2 3.3.0
2025-07-30 13:22:50,587 [INFO] ThirdParty:1030 - CMSIS Pack Vendor :STMicroelectronics X-CUBE-TOF1 3.4.3
2025-07-30 13:22:50,587 [INFO] ThirdParty:1030 - CMSIS Pack Vendor :STMicroelectronics PDM2PCM 3.2.0
2025-07-30 13:22:50,587 [INFO] ThirdParty:841 - exiting critical section [change project]
2025-07-30 13:22:51,165 [INFO] PinOutPanel:1589 - setPackage(No Configuration,No Configuration)
2025-07-30 13:22:51,167 [INFO] PinOutPanel:1589 - setPackage(STM32H755ZITx,LQFP144)
2025-07-30 13:22:51,651 [INFO] UtilMem:75 - Before build in PCC Used Memory: 701253704 Bytes (1073741824)
2025-07-30 13:22:52,205 [INFO] UtilMem:75 - After build in PCC Used Memory: 859214928 Bytes (1073741824)
2025-07-30 13:22:52,216 [INFO] ApiDbMcu:532 - Load IP Config File for FREERTOS_M7
2025-07-30 13:22:52,245 [INFO] IPUIPlugin:80 - create IPUIPlugin
2025-07-30 13:22:52,245 [INFO] IPUIPlugin:80 - create IPUIPlugin
2025-07-30 13:22:52,245 [INFO] IPUIPlugin:80 - create IPUIPlugin
2025-07-30 13:22:52,245 [INFO] IPUIPlugin:80 - create IPUIPlugin
2025-07-30 13:22:52,245 [INFO] IPUIPlugin:80 - create IPUIPlugin
2025-07-30 13:22:52,245 [INFO] IPUIPlugin:80 - create IPUIPlugin
2025-07-30 13:22:52,246 [INFO] IPUIPlugin:80 - create IPUIPlugin
2025-07-30 13:22:52,246 [INFO] IPUIPlugin:80 - create IPUIPlugin
2025-07-30 13:22:52,246 [INFO] IPUIPlugin:80 - create IPUIPlugin
2025-07-30 13:22:52,246 [INFO] IPUIPlugin:80 - create IPUIPlugin
2025-07-30 13:22:52,246 [INFO] IPUIPlugin:80 - create IPUIPlugin
2025-07-30 13:22:52,246 [INFO] IPUIPlugin:80 - create IPUIPlugin
2025-07-30 13:22:52,246 [INFO] IPUIPlugin:80 - create IPUIPlugin
2025-07-30 13:22:52,246 [INFO] IPUIPlugin:80 - create IPUIPlugin
2025-07-30 13:22:52,246 [INFO] IPUIPlugin:80 - create IPUIPlugin
2025-07-30 13:22:52,246 [INFO] IPUIPlugin:80 - create IPUIPlugin
2025-07-30 13:22:52,247 [INFO] IPUIPlugin:80 - create IPUIPlugin
2025-07-30 13:22:52,247 [INFO] IPUIPlugin:80 - create IPUIPlugin
2025-07-30 13:22:52,247 [INFO] IPUIPlugin:80 - create IPUIPlugin
2025-07-30 13:22:52,247 [INFO] IPUIPlugin:80 - create IPUIPlugin
2025-07-30 13:22:52,247 [INFO] IPUIPlugin:80 - create IPUIPlugin
2025-07-30 13:22:52,247 [INFO] IPUIPlugin:80 - create IPUIPlugin
2025-07-30 13:22:52,247 [INFO] IPUIPlugin:80 - create IPUIPlugin
2025-07-30 13:22:52,247 [INFO] IPUIPlugin:80 - create IPUIPlugin
2025-07-30 13:22:52,247 [INFO] IPUIPlugin:80 - create IPUIPlugin
2025-07-30 13:22:52,247 [INFO] IPUIPlugin:80 - create IPUIPlugin
2025-07-30 13:22:52,247 [INFO] IPUIPlugin:80 - create IPUIPlugin
2025-07-30 13:22:52,247 [INFO] IPUIPlugin:80 - create IPUIPlugin
2025-07-30 13:22:52,247 [INFO] IPUIPlugin:80 - create IPUIPlugin
2025-07-30 13:22:52,247 [INFO] IPUIPlugin:80 - create IPUIPlugin
2025-07-30 13:22:52,247 [INFO] IPUIPlugin:80 - create IPUIPlugin
2025-07-30 13:22:52,248 [INFO] IPUIPlugin:80 - create IPUIPlugin
2025-07-30 13:22:52,248 [INFO] IPUIPlugin:80 - create IPUIPlugin
2025-07-30 13:22:52,248 [INFO] IPUIPlugin:80 - create IPUIPlugin
2025-07-30 13:22:52,248 [INFO] IPUIPlugin:80 - create IPUIPlugin
2025-07-30 13:22:52,248 [INFO] IPUIPlugin:80 - create IPUIPlugin
2025-07-30 13:22:52,248 [INFO] IPUIPlugin:80 - create IPUIPlugin
2025-07-30 13:22:52,248 [INFO] IPUIPlugin:80 - create IPUIPlugin
2025-07-30 13:22:52,248 [INFO] IPUIPlugin:80 - create IPUIPlugin
2025-07-30 13:22:52,248 [INFO] IPUIPlugin:80 - create IPUIPlugin
2025-07-30 13:22:52,249 [INFO] IPUIPlugin:80 - create IPUIPlugin
2025-07-30 13:22:52,249 [INFO] IPUIPlugin:80 - create IPUIPlugin
2025-07-30 13:22:52,249 [INFO] IPUIPlugin:80 - create IPUIPlugin
2025-07-30 13:22:52,249 [INFO] IPUIPlugin:80 - create IPUIPlugin
2025-07-30 13:22:52,249 [INFO] IPUIPlugin:80 - create IPUIPlugin
2025-07-30 13:22:52,249 [INFO] IPUIPlugin:80 - create IPUIPlugin
2025-07-30 13:22:52,249 [INFO] IPUIPlugin:80 - create IPUIPlugin
2025-07-30 13:22:52,250 [INFO] IPUIPlugin:80 - create IPUIPlugin
2025-07-30 13:22:52,250 [INFO] IPUIPlugin:80 - create IPUIPlugin
2025-07-30 13:22:52,250 [INFO] IPUIPlugin:80 - create IPUIPlugin
2025-07-30 13:22:52,250 [INFO] IPUIPlugin:80 - create IPUIPlugin
2025-07-30 13:22:52,250 [INFO] IPUIPlugin:80 - create IPUIPlugin
2025-07-30 13:22:52,250 [INFO] IPUIPlugin:80 - create IPUIPlugin
2025-07-30 13:22:52,250 [INFO] IPUIPlugin:80 - create IPUIPlugin
2025-07-30 13:22:52,251 [INFO] IPUIPlugin:80 - create IPUIPlugin
2025-07-30 13:22:52,251 [INFO] IPUIPlugin:80 - create IPUIPlugin
2025-07-30 13:22:52,251 [INFO] IPUIPlugin:80 - create IPUIPlugin
2025-07-30 13:22:52,251 [INFO] IPUIPlugin:80 - create IPUIPlugin
2025-07-30 13:22:52,251 [INFO] IPUIPlugin:80 - create IPUIPlugin
2025-07-30 13:22:52,251 [INFO] IPUIPlugin:80 - create IPUIPlugin
2025-07-30 13:22:52,251 [INFO] IPUIPlugin:80 - create IPUIPlugin
2025-07-30 13:22:52,252 [INFO] IPUIPlugin:80 - create IPUIPlugin
2025-07-30 13:22:52,252 [INFO] IPUIPlugin:80 - create IPUIPlugin
2025-07-30 13:22:52,252 [INFO] IPUIPlugin:80 - create IPUIPlugin
2025-07-30 13:22:52,252 [INFO] IPUIPlugin:80 - create IPUIPlugin
2025-07-30 13:22:52,252 [INFO] IPUIPlugin:80 - create IPUIPlugin
2025-07-30 13:22:52,253 [INFO] IPUIPlugin:80 - create IPUIPlugin
2025-07-30 13:22:52,253 [INFO] IPUIPlugin:80 - create IPUIPlugin
2025-07-30 13:22:52,253 [INFO] IPUIPlugin:80 - create IPUIPlugin
2025-07-30 13:22:52,253 [INFO] IPUIPlugin:80 - create IPUIPlugin
2025-07-30 13:22:52,253 [INFO] IPUIPlugin:80 - create IPUIPlugin
2025-07-30 13:22:52,254 [INFO] IPUIPlugin:80 - create IPUIPlugin
2025-07-30 13:22:52,254 [INFO] IPUIPlugin:80 - create IPUIPlugin
2025-07-30 13:22:52,254 [INFO] IPUIPlugin:80 - create IPUIPlugin
2025-07-30 13:22:52,254 [INFO] IPUIPlugin:80 - create IPUIPlugin
2025-07-30 13:22:52,254 [INFO] IPUIPlugin:80 - create IPUIPlugin
2025-07-30 13:22:52,254 [INFO] IPUIPlugin:80 - create IPUIPlugin
2025-07-30 13:22:52,255 [INFO] IPUIPlugin:80 - create IPUIPlugin
2025-07-30 13:22:52,255 [INFO] IPUIPlugin:80 - create IPUIPlugin
2025-07-30 13:22:52,255 [INFO] IPUIPlugin:80 - create IPUIPlugin
2025-07-30 13:22:52,255 [INFO] IPUIPlugin:80 - create IPUIPlugin
2025-07-30 13:22:52,255 [INFO] IPUIPlugin:80 - create IPUIPlugin
2025-07-30 13:22:52,256 [INFO] IPUIPlugin:80 - create IPUIPlugin
2025-07-30 13:22:52,256 [INFO] IPUIPlugin:80 - create IPUIPlugin
2025-07-30 13:22:52,256 [INFO] IPUIPlugin:80 - create IPUIPlugin
2025-07-30 13:22:52,256 [INFO] IPUIPlugin:80 - create IPUIPlugin
2025-07-30 13:22:52,257 [INFO] IPUIPlugin:80 - create IPUIPlugin
2025-07-30 13:22:52,257 [INFO] IPUIPlugin:80 - create IPUIPlugin
2025-07-30 13:22:52,257 [INFO] IPUIPlugin:80 - create IPUIPlugin
2025-07-30 13:22:52,257 [INFO] IPUIPlugin:80 - create IPUIPlugin
2025-07-30 13:22:52,257 [INFO] IPUIPlugin:80 - create IPUIPlugin
2025-07-30 13:22:52,258 [INFO] IPUIPlugin:80 - create IPUIPlugin
2025-07-30 13:22:52,258 [INFO] IPUIPlugin:80 - create IPUIPlugin
2025-07-30 13:22:52,258 [INFO] IPUIPlugin:80 - create IPUIPlugin
2025-07-30 13:22:52,259 [INFO] IPUIPlugin:80 - create IPUIPlugin
2025-07-30 13:22:52,259 [INFO] IPUIPlugin:80 - create IPUIPlugin
2025-07-30 13:22:52,259 [INFO] IPUIPlugin:80 - create IPUIPlugin
2025-07-30 13:22:52,259 [INFO] IPUIPlugin:80 - create IPUIPlugin
2025-07-30 13:22:52,260 [INFO] IPUIPlugin:80 - create IPUIPlugin
2025-07-30 13:22:52,260 [INFO] IPUIPlugin:80 - create IPUIPlugin
2025-07-30 13:22:52,260 [INFO] IPUIPlugin:80 - create IPUIPlugin
2025-07-30 13:22:52,261 [INFO] IPUIPlugin:80 - create IPUIPlugin
2025-07-30 13:22:52,261 [INFO] IPUIPlugin:80 - create IPUIPlugin
2025-07-30 13:22:52,261 [INFO] IPUIPlugin:80 - create IPUIPlugin
2025-07-30 13:22:52,262 [INFO] IPUIPlugin:80 - create IPUIPlugin
2025-07-30 13:22:52,262 [INFO] IPUIPlugin:80 - create IPUIPlugin
2025-07-30 13:22:52,262 [INFO] IPUIPlugin:80 - create IPUIPlugin
2025-07-30 13:22:52,263 [INFO] IPUIPlugin:80 - create IPUIPlugin
2025-07-30 13:22:52,263 [INFO] IPUIPlugin:80 - create IPUIPlugin
2025-07-30 13:22:52,263 [INFO] IPUIPlugin:80 - create IPUIPlugin
2025-07-30 13:22:52,264 [INFO] IPUIPlugin:80 - create IPUIPlugin
2025-07-30 13:22:52,264 [INFO] IPUIPlugin:80 - create IPUIPlugin
2025-07-30 13:22:52,264 [INFO] IPUIPlugin:80 - create IPUIPlugin
2025-07-30 13:22:52,265 [INFO] IPUIPlugin:80 - create IPUIPlugin
2025-07-30 13:22:52,271 [INFO] ApiDbMcu:532 - Load IP Config File for PDM2PCM_M7
2025-07-30 13:22:52,274 [INFO] ApiDbMcu:532 - Load IP Config File for PDM2PCM_M4
2025-07-30 13:22:52,291 [WARN] FreeRTOS:1023 - Null or empty value: should not occur! (nothing added to the table)
2025-07-30 13:22:52,411 [INFO] CADModel:165 - CPN selected for project levelSTM32H755ZIT6
2025-07-30 13:22:52,411 [INFO] CADModel:114 - Register for checkConnection events
2025-07-30 13:22:52,413 [INFO] RtosManager:728 - Active RTOS found at IOC load: FREERTOS_M7 [CortexM7]
2025-07-30 13:22:52,463 [INFO] OpenFileManager:386 - Restore cursor
2025-07-30 13:22:52,716 [INFO] ProjectChoiceTab:962 - Analytics plugin initialized for: CortexM7 Enable multi-threaded support
2025-07-30 13:23:01,163 [INFO] I2cTimingTraitement:330 - 0x109090D9
2025-07-30 13:24:26,894 [INFO] ParamManager:905 - [Generic UI] PropertyChangeEvent: TAB_STATUS_CHANGED , "dont care", "never mind"
2025-07-30 13:24:26,923 [INFO] ParamManager:905 - [Generic UI] PropertyChangeEvent: TAB_STATUS_CHANGED , "dont care", "never mind"
2025-07-30 13:24:26,938 [INFO] ADCParametersView:116 -                Rank 1 : false
2025-07-30 13:24:27,014 [INFO] ADCParametersView:116 -                Rank 1 : false
2025-07-30 13:24:27,015 [INFO] ADCParametersView:116 -                Rank 1 : false
2025-07-30 13:24:27,015 [INFO] ADCParametersView:116 -                Rank 1 : false
2025-07-30 13:24:27,015 [INFO] ADCParametersView:116 -                Rank 1 : false
2025-07-30 13:24:27,015 [INFO] ADCParametersView:116 -                Rank 1 : false
2025-07-30 13:24:27,016 [INFO] ADCParametersView:116 -                Rank 1 : false
2025-07-30 13:24:27,016 [INFO] ADCParametersView:116 -                Rank 1 : false
2025-07-30 13:24:27,016 [INFO] ADCParametersView:116 -                Rank 1 : false
2025-07-30 13:24:27,016 [INFO] ADCParametersView:116 -                Rank 1 : false
2025-07-30 13:24:27,017 [INFO] ADCParametersView:116 -                Rank 1 : false
2025-07-30 13:24:27,017 [INFO] ADCParametersView:116 -                Rank 1 : false
2025-07-30 13:24:27,017 [INFO] ADCParametersView:116 -                Rank 1 : false
2025-07-30 13:24:27,017 [INFO] ADCParametersView:116 -                Rank 1 : false
2025-07-30 13:24:27,017 [INFO] ADCParametersView:116 -                Rank 1 : false
2025-07-30 13:24:27,017 [INFO] ADCParametersView:116 -                Rank 1 : false
2025-07-30 13:24:27,017 [INFO] ADCParametersView:116 -                Rank 1 : false
2025-07-30 13:24:27,017 [INFO] ADCParametersView:116 -                Rank 1 : false
2025-07-30 13:24:27,017 [INFO] ADCParametersView:116 -                Rank 1 : false
2025-07-30 13:24:27,017 [INFO] ADCParametersView:116 -                Rank 1 : false
2025-07-30 13:24:27,018 [INFO] ADCParametersView:116 -                Rank 1 : false
2025-07-30 13:24:27,027 [INFO] ADCParametersView:116 -                Rank 1 : false
2025-07-30 13:24:27,184 [INFO] NvicIntPanel:101 - NVIC parent = com.st.microxplorer.plugins.ip.nvic.MultiNvicIntPanel[,0,0,0x0,invalid,layout=javax.swing.BoxLayout,alignmentX=0.0,alignmentY=0.0,border=,flags=9,maximumSize=,minimumSize=,preferredSize=]
2025-07-30 13:24:27,349 [INFO] NvicIntPanel:101 - NVIC parent = com.st.microxplorer.plugins.ip.nvic.MultiNvicIntPanel[,0,0,0x0,invalid,layout=javax.swing.BoxLayout,alignmentX=0.0,alignmentY=0.0,border=,flags=9,maximumSize=,minimumSize=,preferredSize=]
2025-07-30 13:24:27,498 [INFO] NvicIntPanel:101 - NVIC parent = com.st.microxplorer.plugins.ip.nvic.MultiNvicIntPanel[,0,0,0x0,invalid,layout=javax.swing.BoxLayout,alignmentX=0.0,alignmentY=0.0,border=,flags=9,maximumSize=,minimumSize=,preferredSize=]
2025-07-30 13:24:27,644 [INFO] NvicIntPanel:101 - NVIC parent = com.st.microxplorer.plugins.ip.nvic.MultiNvicIntPanel[,0,0,0x0,invalid,layout=javax.swing.BoxLayout,alignmentX=0.0,alignmentY=0.0,border=,flags=9,maximumSize=,minimumSize=,preferredSize=]
2025-07-30 13:24:27,728 [INFO] ADCParametersView:116 -                Rank 1 : false
2025-07-30 13:24:27,728 [INFO] ADCParametersView:116 -                Rank 1 : false
2025-07-30 13:24:27,728 [INFO] ADCParametersView:116 -                Rank 1 : false
2025-07-30 13:24:27,729 [INFO] ADCParametersView:116 -                Rank 1 : false
2025-07-30 13:24:27,729 [INFO] ADCParametersView:116 -                Rank 1 : false
2025-07-30 13:24:27,729 [INFO] ADCParametersView:116 -                Rank 1 : false
2025-07-30 13:24:27,729 [INFO] ADCParametersView:116 -                Rank 1 : false
2025-07-30 13:24:27,729 [INFO] ADCParametersView:116 -                Rank 1 : false
2025-07-30 13:24:27,729 [INFO] ADCParametersView:116 -                Rank 1 : false
2025-07-30 13:24:27,730 [INFO] ADCParametersView:116 -                Rank 1 : false
2025-07-30 13:24:27,730 [INFO] ADCParametersView:116 -                Rank 1 : false
2025-07-30 13:24:27,730 [INFO] ADCParametersView:116 -                Rank 1 : false
2025-07-30 13:24:27,730 [INFO] ADCParametersView:116 -                Rank 1 : false
2025-07-30 13:24:27,730 [INFO] ADCParametersView:116 -                Rank 1 : false
2025-07-30 13:24:27,730 [INFO] ADCParametersView:116 -                Rank 1 : false
2025-07-30 13:24:27,730 [INFO] ADCParametersView:116 -                Rank 1 : false
2025-07-30 13:24:27,730 [INFO] ADCParametersView:116 -                Rank 1 : false
2025-07-30 13:24:27,730 [INFO] ADCParametersView:116 -                Rank 1 : false
2025-07-30 13:24:27,731 [INFO] ADCParametersView:116 -                Rank 1 : false
2025-07-30 13:24:27,731 [INFO] ADCParametersView:116 -                Rank 1 : false
2025-07-30 13:24:27,809 [INFO] ADCParametersView:116 -                Rank 1 : false
2025-07-30 13:24:27,902 [INFO] ADCParametersView:116 -                Rank 1 : false
2025-07-30 13:24:27,903 [INFO] ADCParametersView:116 -                Rank 1 : false
2025-07-30 13:24:27,903 [INFO] ADCParametersView:116 -                Rank 1 : false
2025-07-30 13:24:27,903 [INFO] ADCParametersView:116 -                Rank 1 : false
2025-07-30 13:24:27,903 [INFO] ADCParametersView:116 -                Rank 1 : false
2025-07-30 13:24:27,903 [INFO] ADCParametersView:116 -                Rank 1 : false
2025-07-30 13:24:27,903 [INFO] ADCParametersView:116 -                Rank 1 : false
2025-07-30 13:24:27,903 [INFO] ADCParametersView:116 -                Rank 1 : false
2025-07-30 13:24:27,904 [INFO] ADCParametersView:116 -                Rank 1 : false
2025-07-30 13:24:27,904 [INFO] ADCParametersView:116 -                Rank 1 : false
2025-07-30 13:24:27,904 [INFO] ADCParametersView:116 -                Rank 1 : false
2025-07-30 13:24:27,904 [INFO] ADCParametersView:116 -                Rank 1 : false
2025-07-30 13:24:27,904 [INFO] ADCParametersView:116 -                Rank 1 : false
2025-07-30 13:24:27,904 [INFO] ADCParametersView:116 -                Rank 1 : false
2025-07-30 13:24:27,904 [INFO] ADCParametersView:116 -                Rank 1 : false
2025-07-30 13:24:27,904 [INFO] ADCParametersView:116 -                Rank 1 : false
2025-07-30 13:24:27,905 [INFO] ADCParametersView:116 -                Rank 1 : false
2025-07-30 13:24:27,905 [INFO] ADCParametersView:116 -                Rank 1 : false
2025-07-30 13:24:27,905 [INFO] ADCParametersView:116 -                Rank 1 : false
2025-07-30 13:24:27,905 [INFO] ADCParametersView:116 -                Rank 1 : false
2025-07-30 13:24:27,983 [INFO] ADCParametersView:116 -                Rank 1 : false
2025-07-30 13:24:29,255 [INFO] ADCParametersView:116 -                Rank 1 : false
2025-07-30 13:24:29,255 [INFO] ADCParametersView:116 -                Rank 1 : false
2025-07-30 13:24:29,255 [INFO] ADCParametersView:116 -                Rank 1 : false
2025-07-30 13:24:29,255 [INFO] ADCParametersView:116 -                Rank 1 : false
2025-07-30 13:24:29,255 [INFO] ADCParametersView:116 -                Rank 1 : false
2025-07-30 13:24:29,255 [INFO] ADCParametersView:116 -                Rank 1 : false
2025-07-30 13:24:29,255 [INFO] ADCParametersView:116 -                Rank 1 : false
2025-07-30 13:24:29,255 [INFO] ADCParametersView:116 -                Rank 1 : false
2025-07-30 13:24:29,255 [INFO] ADCParametersView:116 -                Rank 1 : false
2025-07-30 13:24:29,255 [INFO] ADCParametersView:116 -                Rank 1 : false
2025-07-30 13:24:29,255 [INFO] ADCParametersView:116 -                Rank 1 : false
2025-07-30 13:24:29,256 [INFO] ADCParametersView:116 -                Rank 1 : false
2025-07-30 13:24:29,256 [INFO] ADCParametersView:116 -                Rank 1 : false
2025-07-30 13:24:29,256 [INFO] ADCParametersView:116 -                Rank 1 : false
2025-07-30 13:24:29,256 [INFO] ADCParametersView:116 -                Rank 1 : false
2025-07-30 13:24:29,256 [INFO] ADCParametersView:116 -                Rank 1 : false
2025-07-30 13:24:29,256 [INFO] ADCParametersView:116 -                Rank 1 : false
2025-07-30 13:24:29,256 [INFO] ADCParametersView:116 -                Rank 1 : false
2025-07-30 13:24:29,256 [INFO] ADCParametersView:116 -                Rank 1 : false
2025-07-30 13:24:29,256 [INFO] ADCParametersView:116 -                Rank 1 : false
2025-07-30 13:24:29,335 [INFO] ADCParametersView:116 -                Rank 1 : false
2025-07-30 13:24:29,423 [INFO] ADCParametersView:116 -                Rank 1 : false
2025-07-30 13:24:29,423 [INFO] ADCParametersView:116 -                Rank 1 : false
2025-07-30 13:24:29,423 [INFO] ADCParametersView:116 -                Rank 1 : false
2025-07-30 13:24:29,423 [INFO] ADCParametersView:116 -                Rank 1 : false
2025-07-30 13:24:29,423 [INFO] ADCParametersView:116 -                Rank 1 : false
2025-07-30 13:24:29,424 [INFO] ADCParametersView:116 -                Rank 1 : false
2025-07-30 13:24:29,424 [INFO] ADCParametersView:116 -                Rank 1 : false
2025-07-30 13:24:29,424 [INFO] ADCParametersView:116 -                Rank 1 : false
2025-07-30 13:24:29,424 [INFO] ADCParametersView:116 -                Rank 1 : false
2025-07-30 13:24:29,425 [INFO] ADCParametersView:116 -                Rank 1 : false
2025-07-30 13:24:29,425 [INFO] ADCParametersView:116 -                Rank 1 : false
2025-07-30 13:24:29,425 [INFO] ADCParametersView:116 -                Rank 1 : false
2025-07-30 13:24:29,425 [INFO] ADCParametersView:116 -                Rank 1 : false
2025-07-30 13:24:29,425 [INFO] ADCParametersView:116 -                Rank 1 : false
2025-07-30 13:24:29,425 [INFO] ADCParametersView:116 -                Rank 1 : false
2025-07-30 13:24:29,425 [INFO] ADCParametersView:116 -                Rank 1 : false
2025-07-30 13:24:29,425 [INFO] ADCParametersView:116 -                Rank 1 : false
2025-07-30 13:24:29,425 [INFO] ADCParametersView:116 -                Rank 1 : false
2025-07-30 13:24:29,425 [INFO] ADCParametersView:116 -                Rank 1 : false
2025-07-30 13:24:29,425 [INFO] ADCParametersView:116 -                Rank 1 : false
2025-07-30 13:24:29,501 [INFO] ADCParametersView:116 -                Rank 1 : false
2025-07-30 13:24:29,737 [INFO] ADCParametersView:116 -                Rank 1 : false
2025-07-30 13:24:29,737 [INFO] ADCParametersView:116 -                Rank 1 : false
2025-07-30 13:24:29,737 [INFO] ADCParametersView:116 -                Rank 1 : false
2025-07-30 13:24:29,737 [INFO] ADCParametersView:116 -                Rank 1 : false
2025-07-30 13:24:29,737 [INFO] ADCParametersView:116 -                Rank 1 : false
2025-07-30 13:24:29,737 [INFO] ADCParametersView:116 -                Rank 1 : false
2025-07-30 13:24:29,737 [INFO] ADCParametersView:116 -                Rank 1 : false
2025-07-30 13:24:29,737 [INFO] ADCParametersView:116 -                Rank 1 : false
2025-07-30 13:24:29,737 [INFO] ADCParametersView:116 -                Rank 1 : false
2025-07-30 13:24:29,737 [INFO] ADCParametersView:116 -                Rank 1 : false
2025-07-30 13:24:29,737 [INFO] ADCParametersView:116 -                Rank 1 : false
2025-07-30 13:24:29,737 [INFO] ADCParametersView:116 -                Rank 1 : false
2025-07-30 13:24:29,737 [INFO] ADCParametersView:116 -                Rank 1 : false
2025-07-30 13:24:29,738 [INFO] ADCParametersView:116 -                Rank 1 : false
2025-07-30 13:24:29,738 [INFO] ADCParametersView:116 -                Rank 1 : false
2025-07-30 13:24:29,738 [INFO] ADCParametersView:116 -                Rank 1 : false
2025-07-30 13:24:29,738 [INFO] ADCParametersView:116 -                Rank 1 : false
2025-07-30 13:24:29,738 [INFO] ADCParametersView:116 -                Rank 1 : false
2025-07-30 13:24:29,738 [INFO] ADCParametersView:116 -                Rank 1 : false
2025-07-30 13:24:29,738 [INFO] ADCParametersView:116 -                Rank 1 : false
2025-07-30 13:24:29,814 [INFO] ADCParametersView:116 -                Rank 1 : false
2025-07-30 13:24:29,902 [INFO] ADCParametersView:116 -                Rank 1 : false
2025-07-30 13:24:29,902 [INFO] ADCParametersView:116 -                Rank 1 : false
2025-07-30 13:24:29,902 [INFO] ADCParametersView:116 -                Rank 1 : false
2025-07-30 13:24:29,902 [INFO] ADCParametersView:116 -                Rank 1 : false
2025-07-30 13:24:29,902 [INFO] ADCParametersView:116 -                Rank 1 : false
2025-07-30 13:24:29,902 [INFO] ADCParametersView:116 -                Rank 1 : false
2025-07-30 13:24:29,902 [INFO] ADCParametersView:116 -                Rank 1 : false
2025-07-30 13:24:29,902 [INFO] ADCParametersView:116 -                Rank 1 : false
2025-07-30 13:24:29,902 [INFO] ADCParametersView:116 -                Rank 1 : false
2025-07-30 13:24:29,902 [INFO] ADCParametersView:116 -                Rank 1 : false
2025-07-30 13:24:29,902 [INFO] ADCParametersView:116 -                Rank 1 : false
2025-07-30 13:24:29,902 [INFO] ADCParametersView:116 -                Rank 1 : false
2025-07-30 13:24:29,902 [INFO] ADCParametersView:116 -                Rank 1 : false
2025-07-30 13:24:29,902 [INFO] ADCParametersView:116 -                Rank 1 : false
2025-07-30 13:24:29,902 [INFO] ADCParametersView:116 -                Rank 1 : false
2025-07-30 13:24:29,903 [INFO] ADCParametersView:116 -                Rank 1 : false
2025-07-30 13:24:29,903 [INFO] ADCParametersView:116 -                Rank 1 : false
2025-07-30 13:24:29,903 [INFO] ADCParametersView:116 -                Rank 1 : false
2025-07-30 13:24:29,903 [INFO] ADCParametersView:116 -                Rank 1 : false
2025-07-30 13:24:29,903 [INFO] ADCParametersView:116 -                Rank 1 : false
2025-07-30 13:24:29,984 [INFO] ADCParametersView:116 -                Rank 1 : false
2025-07-30 13:24:35,522 [INFO] ADCParametersView:116 -                Rank 1 : false
2025-07-30 13:24:35,522 [INFO] ADCParametersView:116 -                Rank 1 : false
2025-07-30 13:24:35,522 [INFO] ADCParametersView:116 -                Rank 1 : false
2025-07-30 13:24:35,522 [INFO] ADCParametersView:116 -                Rank 1 : false
2025-07-30 13:24:35,522 [INFO] ADCParametersView:116 -                Rank 1 : false
2025-07-30 13:24:35,522 [INFO] ADCParametersView:116 -                Rank 1 : false
2025-07-30 13:24:35,522 [INFO] ADCParametersView:116 -                Rank 1 : false
2025-07-30 13:24:35,522 [INFO] ADCParametersView:116 -                Rank 1 : false
2025-07-30 13:24:35,522 [INFO] ADCParametersView:116 -                Rank 1 : false
2025-07-30 13:24:35,523 [INFO] ADCParametersView:116 -                Rank 1 : false
2025-07-30 13:24:35,523 [INFO] ADCParametersView:116 -                Rank 1 : false
2025-07-30 13:24:35,523 [INFO] ADCParametersView:116 -                Rank 1 : false
2025-07-30 13:24:35,523 [INFO] ADCParametersView:116 -                Rank 1 : false
2025-07-30 13:24:35,523 [INFO] ADCParametersView:116 -                Rank 1 : false
2025-07-30 13:24:35,523 [INFO] ADCParametersView:116 -                Rank 1 : false
2025-07-30 13:24:35,523 [INFO] ADCParametersView:116 -                Rank 1 : false
2025-07-30 13:24:35,523 [INFO] ADCParametersView:116 -                Rank 1 : false
2025-07-30 13:24:35,523 [INFO] ADCParametersView:116 -                Rank 1 : false
2025-07-30 13:24:35,523 [INFO] ADCParametersView:116 -                Rank 1 : false
2025-07-30 13:24:35,523 [INFO] ADCParametersView:116 -                Rank 1 : false
2025-07-30 13:24:35,530 [INFO] ADCParametersView:116 -                Rank 1 : false
2025-07-30 13:24:35,550 [INFO] ADCParametersView:116 -                Rank 1 : false
2025-07-30 13:24:35,551 [INFO] ADCParametersView:116 -                Rank 1 : false
2025-07-30 13:24:35,551 [INFO] ADCParametersView:116 -                Rank 1 : false
2025-07-30 13:24:35,551 [INFO] ADCParametersView:116 -                Rank 1 : false
2025-07-30 13:24:35,551 [INFO] ADCParametersView:116 -                Rank 1 : false
2025-07-30 13:24:35,551 [INFO] ADCParametersView:116 -                Rank 1 : false
2025-07-30 13:24:35,551 [INFO] ADCParametersView:116 -                Rank 1 : false
2025-07-30 13:24:35,551 [INFO] ADCParametersView:116 -                Rank 1 : false
2025-07-30 13:24:35,551 [INFO] ADCParametersView:116 -                Rank 1 : false
2025-07-30 13:24:35,551 [INFO] ADCParametersView:116 -                Rank 1 : false
2025-07-30 13:24:35,551 [INFO] ADCParametersView:116 -                Rank 1 : false
2025-07-30 13:24:35,551 [INFO] ADCParametersView:116 -                Rank 1 : false
2025-07-30 13:24:35,551 [INFO] ADCParametersView:116 -                Rank 1 : false
2025-07-30 13:24:35,551 [INFO] ADCParametersView:116 -                Rank 1 : false
2025-07-30 13:24:35,551 [INFO] ADCParametersView:116 -                Rank 1 : false
2025-07-30 13:24:35,551 [INFO] ADCParametersView:116 -                Rank 1 : false
2025-07-30 13:24:35,551 [INFO] ADCParametersView:116 -                Rank 1 : false
2025-07-30 13:24:35,551 [INFO] ADCParametersView:116 -                Rank 1 : false
2025-07-30 13:24:35,551 [INFO] ADCParametersView:116 -                Rank 1 : false
2025-07-30 13:24:35,551 [INFO] ADCParametersView:116 -                Rank 1 : false
2025-07-30 13:24:35,558 [INFO] ADCParametersView:116 -                Rank 1 : false
2025-07-30 13:24:35,608 [INFO] ParamManager:905 - [Generic UI] PropertyChangeEvent: TAB_STATUS_CHANGED , "dont care", "never mind"
2025-07-30 13:24:35,629 [INFO] ADCParametersView:116 -                Rank 1 : false
2025-07-30 13:24:35,629 [INFO] ADCParametersView:116 -                Rank 1 : false
2025-07-30 13:24:35,629 [INFO] ADCParametersView:116 -                Rank 1 : false
2025-07-30 13:24:35,629 [INFO] ADCParametersView:116 -                Rank 1 : false
2025-07-30 13:24:35,629 [INFO] ADCParametersView:116 -                Rank 1 : false
2025-07-30 13:24:35,630 [INFO] ADCParametersView:116 -                Rank 1 : false
2025-07-30 13:24:35,630 [INFO] ADCParametersView:116 -                Rank 1 : false
2025-07-30 13:24:35,630 [INFO] ADCParametersView:116 -                Rank 1 : false
2025-07-30 13:24:35,630 [INFO] ADCParametersView:116 -                Rank 1 : false
2025-07-30 13:24:35,630 [INFO] ADCParametersView:116 -                Rank 1 : false
2025-07-30 13:24:35,630 [INFO] ADCParametersView:116 -                Rank 1 : false
2025-07-30 13:24:35,630 [INFO] ADCParametersView:116 -                Rank 1 : false
2025-07-30 13:24:35,630 [INFO] ADCParametersView:116 -                Rank 1 : false
2025-07-30 13:24:35,630 [INFO] ADCParametersView:116 -                Rank 1 : false
2025-07-30 13:24:35,630 [INFO] ADCParametersView:116 -                Rank 1 : false
2025-07-30 13:24:35,630 [INFO] ADCParametersView:116 -                Rank 1 : false
2025-07-30 13:24:35,630 [INFO] ADCParametersView:116 -                Rank 1 : false
2025-07-30 13:24:35,630 [INFO] ADCParametersView:116 -                Rank 1 : false
2025-07-30 13:24:35,630 [INFO] ADCParametersView:116 -                Rank 1 : false
2025-07-30 13:24:35,630 [INFO] ADCParametersView:116 -                Rank 1 : false
2025-07-30 13:24:35,705 [INFO] ParamManager:905 - [Generic UI] PropertyChangeEvent: TAB_STATUS_CHANGED , "dont care", "never mind"
2025-07-30 13:24:35,712 [INFO] ADCParametersView:116 -                Rank 1 : false
2025-07-30 13:24:35,803 [INFO] ADCParametersView:116 -                Rank 1 : false
2025-07-30 13:24:35,803 [INFO] ADCParametersView:116 -                Rank 1 : false
2025-07-30 13:24:35,803 [INFO] ADCParametersView:116 -                Rank 1 : false
2025-07-30 13:24:35,803 [INFO] ADCParametersView:116 -                Rank 1 : false
2025-07-30 13:24:35,803 [INFO] ADCParametersView:116 -                Rank 1 : false
2025-07-30 13:24:35,803 [INFO] ADCParametersView:116 -                Rank 1 : false
2025-07-30 13:24:35,803 [INFO] ADCParametersView:116 -                Rank 1 : false
2025-07-30 13:24:35,803 [INFO] ADCParametersView:116 -                Rank 1 : false
2025-07-30 13:24:35,803 [INFO] ADCParametersView:116 -                Rank 1 : false
2025-07-30 13:24:35,803 [INFO] ADCParametersView:116 -                Rank 1 : false
2025-07-30 13:24:35,803 [INFO] ADCParametersView:116 -                Rank 1 : false
2025-07-30 13:24:35,803 [INFO] ADCParametersView:116 -                Rank 1 : false
2025-07-30 13:24:35,803 [INFO] ADCParametersView:116 -                Rank 1 : false
2025-07-30 13:24:35,803 [INFO] ADCParametersView:116 -                Rank 1 : false
2025-07-30 13:24:35,803 [INFO] ADCParametersView:116 -                Rank 1 : false
2025-07-30 13:24:35,803 [INFO] ADCParametersView:116 -                Rank 1 : false
2025-07-30 13:24:35,803 [INFO] ADCParametersView:116 -                Rank 1 : false
2025-07-30 13:24:35,803 [INFO] ADCParametersView:116 -                Rank 1 : false
2025-07-30 13:24:35,803 [INFO] ADCParametersView:116 -                Rank 1 : false
2025-07-30 13:24:35,803 [INFO] ADCParametersView:116 -                Rank 1 : false
2025-07-30 13:24:35,876 [INFO] ADCParametersView:116 -                Rank 1 : false
2025-07-30 13:24:36,104 [INFO] ADCParametersView:116 -                Rank 1 : false
2025-07-30 13:24:36,104 [INFO] ADCParametersView:116 -                Rank 1 : false
2025-07-30 13:24:36,104 [INFO] ADCParametersView:116 -                Rank 1 : false
2025-07-30 13:24:36,104 [INFO] ADCParametersView:116 -                Rank 1 : false
2025-07-30 13:24:36,104 [INFO] ADCParametersView:116 -                Rank 1 : false
2025-07-30 13:24:36,104 [INFO] ADCParametersView:116 -                Rank 1 : false
2025-07-30 13:24:36,104 [INFO] ADCParametersView:116 -                Rank 1 : false
2025-07-30 13:24:36,104 [INFO] ADCParametersView:116 -                Rank 1 : false
2025-07-30 13:24:36,105 [INFO] ADCParametersView:116 -                Rank 1 : false
2025-07-30 13:24:36,105 [INFO] ADCParametersView:116 -                Rank 1 : false
2025-07-30 13:24:36,105 [INFO] ADCParametersView:116 -                Rank 1 : false
2025-07-30 13:24:36,105 [INFO] ADCParametersView:116 -                Rank 1 : false
2025-07-30 13:24:36,105 [INFO] ADCParametersView:116 -                Rank 1 : false
2025-07-30 13:24:36,105 [INFO] ADCParametersView:116 -                Rank 1 : false
2025-07-30 13:24:36,105 [INFO] ADCParametersView:116 -                Rank 1 : false
2025-07-30 13:24:36,105 [INFO] ADCParametersView:116 -                Rank 1 : false
2025-07-30 13:24:36,105 [INFO] ADCParametersView:116 -                Rank 1 : false
2025-07-30 13:24:36,105 [INFO] ADCParametersView:116 -                Rank 1 : false
2025-07-30 13:24:36,105 [INFO] ADCParametersView:116 -                Rank 1 : false
2025-07-30 13:24:36,105 [INFO] ADCParametersView:116 -                Rank 1 : false
2025-07-30 13:24:36,186 [INFO] ADCParametersView:116 -                Rank 1 : false
2025-07-30 13:24:36,283 [INFO] ADCParametersView:116 -                Rank 1 : false
2025-07-30 13:24:36,284 [INFO] ADCParametersView:116 -                Rank 1 : false
2025-07-30 13:24:36,284 [INFO] ADCParametersView:116 -                Rank 1 : false
2025-07-30 13:24:36,284 [INFO] ADCParametersView:116 -                Rank 1 : false
2025-07-30 13:24:36,284 [INFO] ADCParametersView:116 -                Rank 1 : false
2025-07-30 13:24:36,284 [INFO] ADCParametersView:116 -                Rank 1 : false
2025-07-30 13:24:36,284 [INFO] ADCParametersView:116 -                Rank 1 : false
2025-07-30 13:24:36,284 [INFO] ADCParametersView:116 -                Rank 1 : false
2025-07-30 13:24:36,284 [INFO] ADCParametersView:116 -                Rank 1 : false
2025-07-30 13:24:36,284 [INFO] ADCParametersView:116 -                Rank 1 : false
2025-07-30 13:24:36,284 [INFO] ADCParametersView:116 -                Rank 1 : false
2025-07-30 13:24:36,284 [INFO] ADCParametersView:116 -                Rank 1 : false
2025-07-30 13:24:36,284 [INFO] ADCParametersView:116 -                Rank 1 : false
2025-07-30 13:24:36,284 [INFO] ADCParametersView:116 -                Rank 1 : false
2025-07-30 13:24:36,284 [INFO] ADCParametersView:116 -                Rank 1 : false
2025-07-30 13:24:36,284 [INFO] ADCParametersView:116 -                Rank 1 : false
2025-07-30 13:24:36,284 [INFO] ADCParametersView:116 -                Rank 1 : false
2025-07-30 13:24:36,284 [INFO] ADCParametersView:116 -                Rank 1 : false
2025-07-30 13:24:36,284 [INFO] ADCParametersView:116 -                Rank 1 : false
2025-07-30 13:24:36,284 [INFO] ADCParametersView:116 -                Rank 1 : false
2025-07-30 13:24:36,361 [INFO] ADCParametersView:116 -                Rank 1 : false
2025-07-30 13:24:37,531 [INFO] ADCParametersView:116 -                Rank 1 : false
2025-07-30 13:24:37,531 [INFO] ADCParametersView:116 -                Rank 1 : false
2025-07-30 13:24:37,531 [INFO] ADCParametersView:116 -                Rank 1 : false
2025-07-30 13:24:37,531 [INFO] ADCParametersView:116 -                Rank 1 : false
2025-07-30 13:24:37,531 [INFO] ADCParametersView:116 -                Rank 1 : false
2025-07-30 13:24:37,532 [INFO] ADCParametersView:116 -                Rank 1 : false
2025-07-30 13:24:37,532 [INFO] ADCParametersView:116 -                Rank 1 : false
2025-07-30 13:24:37,532 [INFO] ADCParametersView:116 -                Rank 1 : false
2025-07-30 13:24:37,532 [INFO] ADCParametersView:116 -                Rank 1 : false
2025-07-30 13:24:37,532 [INFO] ADCParametersView:116 -                Rank 1 : false
2025-07-30 13:24:37,532 [INFO] ADCParametersView:116 -                Rank 1 : false
2025-07-30 13:24:37,532 [INFO] ADCParametersView:116 -                Rank 1 : false
2025-07-30 13:24:37,532 [INFO] ADCParametersView:116 -                Rank 1 : false
2025-07-30 13:24:37,532 [INFO] ADCParametersView:116 -                Rank 1 : false
2025-07-30 13:24:37,532 [INFO] ADCParametersView:116 -                Rank 1 : false
2025-07-30 13:24:37,532 [INFO] ADCParametersView:116 -                Rank 1 : false
2025-07-30 13:24:37,532 [INFO] ADCParametersView:116 -                Rank 1 : false
2025-07-30 13:24:37,532 [INFO] ADCParametersView:116 -                Rank 1 : false
2025-07-30 13:24:37,532 [INFO] ADCParametersView:116 -                Rank 1 : false
2025-07-30 13:24:37,532 [INFO] ADCParametersView:116 -                Rank 1 : false
2025-07-30 13:24:37,609 [INFO] ADCParametersView:116 -                Rank 1 : false
2025-07-30 13:24:37,695 [INFO] ADCParametersView:116 -                Rank 1 : false
2025-07-30 13:24:37,695 [INFO] ADCParametersView:116 -                Rank 1 : false
2025-07-30 13:24:37,695 [INFO] ADCParametersView:116 -                Rank 1 : false
2025-07-30 13:24:37,695 [INFO] ADCParametersView:116 -                Rank 1 : false
2025-07-30 13:24:37,695 [INFO] ADCParametersView:116 -                Rank 1 : false
2025-07-30 13:24:37,695 [INFO] ADCParametersView:116 -                Rank 1 : false
2025-07-30 13:24:37,695 [INFO] ADCParametersView:116 -                Rank 1 : false
2025-07-30 13:24:37,695 [INFO] ADCParametersView:116 -                Rank 1 : false
2025-07-30 13:24:37,695 [INFO] ADCParametersView:116 -                Rank 1 : false
2025-07-30 13:24:37,695 [INFO] ADCParametersView:116 -                Rank 1 : false
2025-07-30 13:24:37,695 [INFO] ADCParametersView:116 -                Rank 1 : false
2025-07-30 13:24:37,695 [INFO] ADCParametersView:116 -                Rank 1 : false
2025-07-30 13:24:37,695 [INFO] ADCParametersView:116 -                Rank 1 : false
2025-07-30 13:24:37,695 [INFO] ADCParametersView:116 -                Rank 1 : false
2025-07-30 13:24:37,695 [INFO] ADCParametersView:116 -                Rank 1 : false
2025-07-30 13:24:37,695 [INFO] ADCParametersView:116 -                Rank 1 : false
2025-07-30 13:24:37,695 [INFO] ADCParametersView:116 -                Rank 1 : false
2025-07-30 13:24:37,695 [INFO] ADCParametersView:116 -                Rank 1 : false
2025-07-30 13:24:37,695 [INFO] ADCParametersView:116 -                Rank 1 : false
2025-07-30 13:24:37,695 [INFO] ADCParametersView:116 -                Rank 1 : false
2025-07-30 13:24:37,768 [INFO] ADCParametersView:116 -                Rank 1 : false
2025-07-30 13:24:38,011 [INFO] ADCParametersView:116 -                Rank 1 : false
2025-07-30 13:24:38,012 [INFO] ADCParametersView:116 -                Rank 1 : false
2025-07-30 13:24:38,012 [INFO] ADCParametersView:116 -                Rank 1 : false
2025-07-30 13:24:38,012 [INFO] ADCParametersView:116 -                Rank 1 : false
2025-07-30 13:24:38,012 [INFO] ADCParametersView:116 -                Rank 1 : false
2025-07-30 13:24:38,012 [INFO] ADCParametersView:116 -                Rank 1 : false
2025-07-30 13:24:38,012 [INFO] ADCParametersView:116 -                Rank 1 : false
2025-07-30 13:24:38,012 [INFO] ADCParametersView:116 -                Rank 1 : false
2025-07-30 13:24:38,012 [INFO] ADCParametersView:116 -                Rank 1 : false
2025-07-30 13:24:38,012 [INFO] ADCParametersView:116 -                Rank 1 : false
2025-07-30 13:24:38,012 [INFO] ADCParametersView:116 -                Rank 1 : false
2025-07-30 13:24:38,012 [INFO] ADCParametersView:116 -                Rank 1 : false
2025-07-30 13:24:38,012 [INFO] ADCParametersView:116 -                Rank 1 : false
2025-07-30 13:24:38,012 [INFO] ADCParametersView:116 -                Rank 1 : false
2025-07-30 13:24:38,012 [INFO] ADCParametersView:116 -                Rank 1 : false
2025-07-30 13:24:38,012 [INFO] ADCParametersView:116 -                Rank 1 : false
2025-07-30 13:24:38,012 [INFO] ADCParametersView:116 -                Rank 1 : false
2025-07-30 13:24:38,012 [INFO] ADCParametersView:116 -                Rank 1 : false
2025-07-30 13:24:38,012 [INFO] ADCParametersView:116 -                Rank 1 : false
2025-07-30 13:24:38,012 [INFO] ADCParametersView:116 -                Rank 1 : false
2025-07-30 13:24:38,098 [INFO] ADCParametersView:116 -                Rank 1 : false
2025-07-30 13:24:38,186 [INFO] ADCParametersView:116 -                Rank 1 : false
2025-07-30 13:24:38,186 [INFO] ADCParametersView:116 -                Rank 1 : false
2025-07-30 13:24:38,186 [INFO] ADCParametersView:116 -                Rank 1 : false
2025-07-30 13:24:38,186 [INFO] ADCParametersView:116 -                Rank 1 : false
2025-07-30 13:24:38,186 [INFO] ADCParametersView:116 -                Rank 1 : false
2025-07-30 13:24:38,186 [INFO] ADCParametersView:116 -                Rank 1 : false
2025-07-30 13:24:38,186 [INFO] ADCParametersView:116 -                Rank 1 : false
2025-07-30 13:24:38,186 [INFO] ADCParametersView:116 -                Rank 1 : false
2025-07-30 13:24:38,186 [INFO] ADCParametersView:116 -                Rank 1 : false
2025-07-30 13:24:38,186 [INFO] ADCParametersView:116 -                Rank 1 : false
2025-07-30 13:24:38,186 [INFO] ADCParametersView:116 -                Rank 1 : false
2025-07-30 13:24:38,186 [INFO] ADCParametersView:116 -                Rank 1 : false
2025-07-30 13:24:38,186 [INFO] ADCParametersView:116 -                Rank 1 : false
2025-07-30 13:24:38,186 [INFO] ADCParametersView:116 -                Rank 1 : false
2025-07-30 13:24:38,186 [INFO] ADCParametersView:116 -                Rank 1 : false
2025-07-30 13:24:38,186 [INFO] ADCParametersView:116 -                Rank 1 : false
2025-07-30 13:24:38,186 [INFO] ADCParametersView:116 -                Rank 1 : false
2025-07-30 13:24:38,186 [INFO] ADCParametersView:116 -                Rank 1 : false
2025-07-30 13:24:38,186 [INFO] ADCParametersView:116 -                Rank 1 : false
2025-07-30 13:24:38,186 [INFO] ADCParametersView:116 -                Rank 1 : false
2025-07-30 13:24:38,263 [INFO] ADCParametersView:116 -                Rank 1 : false
2025-07-30 13:24:40,696 [INFO] ADCParametersView:116 -                Rank 1 : false
2025-07-30 13:24:40,696 [INFO] ADCParametersView:116 -                Rank 1 : false
2025-07-30 13:24:40,696 [INFO] ADCParametersView:116 -                Rank 1 : false
2025-07-30 13:24:40,696 [INFO] ADCParametersView:116 -                Rank 1 : false
2025-07-30 13:24:40,696 [INFO] ADCParametersView:116 -                Rank 1 : false
2025-07-30 13:24:40,696 [INFO] ADCParametersView:116 -                Rank 1 : false
2025-07-30 13:24:40,696 [INFO] ADCParametersView:116 -                Rank 1 : false
2025-07-30 13:24:40,696 [INFO] ADCParametersView:116 -                Rank 1 : false
2025-07-30 13:24:40,696 [INFO] ADCParametersView:116 -                Rank 1 : false
2025-07-30 13:24:40,696 [INFO] ADCParametersView:116 -                Rank 1 : false
2025-07-30 13:24:40,696 [INFO] ADCParametersView:116 -                Rank 1 : false
2025-07-30 13:24:40,696 [INFO] ADCParametersView:116 -                Rank 1 : false
2025-07-30 13:24:40,696 [INFO] ADCParametersView:116 -                Rank 1 : false
2025-07-30 13:24:40,696 [INFO] ADCParametersView:116 -                Rank 1 : false
2025-07-30 13:24:40,696 [INFO] ADCParametersView:116 -                Rank 1 : false
2025-07-30 13:24:40,696 [INFO] ADCParametersView:116 -                Rank 1 : false
2025-07-30 13:24:40,696 [INFO] ADCParametersView:116 -                Rank 1 : false
2025-07-30 13:24:40,696 [INFO] ADCParametersView:116 -                Rank 1 : false
2025-07-30 13:24:40,696 [INFO] ADCParametersView:116 -                Rank 1 : false
2025-07-30 13:24:40,697 [INFO] ADCParametersView:116 -                Rank 1 : false
2025-07-30 13:24:40,768 [INFO] ADCParametersView:116 -                Rank 1 : false
2025-07-30 13:24:40,854 [INFO] ADCParametersView:116 -                Rank 1 : false
2025-07-30 13:24:40,854 [INFO] ADCParametersView:116 -                Rank 1 : false
2025-07-30 13:24:40,854 [INFO] ADCParametersView:116 -                Rank 1 : false
2025-07-30 13:24:40,854 [INFO] ADCParametersView:116 -                Rank 1 : false
2025-07-30 13:24:40,854 [INFO] ADCParametersView:116 -                Rank 1 : false
2025-07-30 13:24:40,854 [INFO] ADCParametersView:116 -                Rank 1 : false
2025-07-30 13:24:40,854 [INFO] ADCParametersView:116 -                Rank 1 : false
2025-07-30 13:24:40,854 [INFO] ADCParametersView:116 -                Rank 1 : false
2025-07-30 13:24:40,854 [INFO] ADCParametersView:116 -                Rank 1 : false
2025-07-30 13:24:40,854 [INFO] ADCParametersView:116 -                Rank 1 : false
2025-07-30 13:24:40,854 [INFO] ADCParametersView:116 -                Rank 1 : false
2025-07-30 13:24:40,854 [INFO] ADCParametersView:116 -                Rank 1 : false
2025-07-30 13:24:40,854 [INFO] ADCParametersView:116 -                Rank 1 : false
2025-07-30 13:24:40,854 [INFO] ADCParametersView:116 -                Rank 1 : false
2025-07-30 13:24:40,854 [INFO] ADCParametersView:116 -                Rank 1 : false
2025-07-30 13:24:40,854 [INFO] ADCParametersView:116 -                Rank 1 : false
2025-07-30 13:24:40,854 [INFO] ADCParametersView:116 -                Rank 1 : false
2025-07-30 13:24:40,854 [INFO] ADCParametersView:116 -                Rank 1 : false
2025-07-30 13:24:40,854 [INFO] ADCParametersView:116 -                Rank 1 : false
2025-07-30 13:24:40,854 [INFO] ADCParametersView:116 -                Rank 1 : false
2025-07-30 13:24:40,926 [INFO] ADCParametersView:116 -                Rank 1 : false
2025-07-30 13:24:41,171 [INFO] ADCParametersView:116 -                Rank 1 : false
2025-07-30 13:24:41,171 [INFO] ADCParametersView:116 -                Rank 1 : false
2025-07-30 13:24:41,171 [INFO] ADCParametersView:116 -                Rank 1 : false
2025-07-30 13:24:41,171 [INFO] ADCParametersView:116 -                Rank 1 : false
2025-07-30 13:24:41,171 [INFO] ADCParametersView:116 -                Rank 1 : false
2025-07-30 13:24:41,171 [INFO] ADCParametersView:116 -                Rank 1 : false
2025-07-30 13:24:41,171 [INFO] ADCParametersView:116 -                Rank 1 : false
2025-07-30 13:24:41,171 [INFO] ADCParametersView:116 -                Rank 1 : false
2025-07-30 13:24:41,171 [INFO] ADCParametersView:116 -                Rank 1 : false
2025-07-30 13:24:41,171 [INFO] ADCParametersView:116 -                Rank 1 : false
2025-07-30 13:24:41,171 [INFO] ADCParametersView:116 -                Rank 1 : false
2025-07-30 13:24:41,171 [INFO] ADCParametersView:116 -                Rank 1 : false
2025-07-30 13:24:41,171 [INFO] ADCParametersView:116 -                Rank 1 : false
2025-07-30 13:24:41,171 [INFO] ADCParametersView:116 -                Rank 1 : false
2025-07-30 13:24:41,171 [INFO] ADCParametersView:116 -                Rank 1 : false
2025-07-30 13:24:41,171 [INFO] ADCParametersView:116 -                Rank 1 : false
2025-07-30 13:24:41,171 [INFO] ADCParametersView:116 -                Rank 1 : false
2025-07-30 13:24:41,171 [INFO] ADCParametersView:116 -                Rank 1 : false
2025-07-30 13:24:41,171 [INFO] ADCParametersView:116 -                Rank 1 : false
2025-07-30 13:24:41,171 [INFO] ADCParametersView:116 -                Rank 1 : false
2025-07-30 13:24:41,245 [INFO] ADCParametersView:116 -                Rank 1 : false
2025-07-30 13:24:41,340 [INFO] ADCParametersView:116 -                Rank 1 : false
2025-07-30 13:24:41,340 [INFO] ADCParametersView:116 -                Rank 1 : false
2025-07-30 13:24:41,340 [INFO] ADCParametersView:116 -                Rank 1 : false
2025-07-30 13:24:41,340 [INFO] ADCParametersView:116 -                Rank 1 : false
2025-07-30 13:24:41,340 [INFO] ADCParametersView:116 -                Rank 1 : false
2025-07-30 13:24:41,340 [INFO] ADCParametersView:116 -                Rank 1 : false
2025-07-30 13:24:41,340 [INFO] ADCParametersView:116 -                Rank 1 : false
2025-07-30 13:24:41,340 [INFO] ADCParametersView:116 -                Rank 1 : false
2025-07-30 13:24:41,340 [INFO] ADCParametersView:116 -                Rank 1 : false
2025-07-30 13:24:41,340 [INFO] ADCParametersView:116 -                Rank 1 : false
2025-07-30 13:24:41,340 [INFO] ADCParametersView:116 -                Rank 1 : false
2025-07-30 13:24:41,340 [INFO] ADCParametersView:116 -                Rank 1 : false
2025-07-30 13:24:41,340 [INFO] ADCParametersView:116 -                Rank 1 : false
2025-07-30 13:24:41,340 [INFO] ADCParametersView:116 -                Rank 1 : false
2025-07-30 13:24:41,340 [INFO] ADCParametersView:116 -                Rank 1 : false
2025-07-30 13:24:41,340 [INFO] ADCParametersView:116 -                Rank 1 : false
2025-07-30 13:24:41,340 [INFO] ADCParametersView:116 -                Rank 1 : false
2025-07-30 13:24:41,340 [INFO] ADCParametersView:116 -                Rank 1 : false
2025-07-30 13:24:41,340 [INFO] ADCParametersView:116 -                Rank 1 : false
2025-07-30 13:24:41,340 [INFO] ADCParametersView:116 -                Rank 1 : false
2025-07-30 13:24:41,413 [INFO] ADCParametersView:116 -                Rank 1 : false
2025-07-30 13:24:44,105 [INFO] ADCParametersView:116 -                Rank 1 : false
2025-07-30 13:24:44,105 [INFO] ADCParametersView:116 -                Rank 1 : false
2025-07-30 13:24:44,105 [INFO] ADCParametersView:116 -                Rank 1 : false
2025-07-30 13:24:44,105 [INFO] ADCParametersView:116 -                Rank 1 : false
2025-07-30 13:24:44,105 [INFO] ADCParametersView:116 -                Rank 1 : false
2025-07-30 13:24:44,105 [INFO] ADCParametersView:116 -                Rank 1 : false
2025-07-30 13:24:44,105 [INFO] ADCParametersView:116 -                Rank 1 : false
2025-07-30 13:24:44,105 [INFO] ADCParametersView:116 -                Rank 1 : false
2025-07-30 13:24:44,106 [INFO] ADCParametersView:116 -                Rank 1 : false
2025-07-30 13:24:44,106 [INFO] ADCParametersView:116 -                Rank 1 : false
2025-07-30 13:24:44,106 [INFO] ADCParametersView:116 -                Rank 1 : false
2025-07-30 13:24:44,106 [INFO] ADCParametersView:116 -                Rank 1 : false
2025-07-30 13:24:44,106 [INFO] ADCParametersView:116 -                Rank 1 : false
2025-07-30 13:24:44,106 [INFO] ADCParametersView:116 -                Rank 1 : false
2025-07-30 13:24:44,106 [INFO] ADCParametersView:116 -                Rank 1 : false
2025-07-30 13:24:44,106 [INFO] ADCParametersView:116 -                Rank 1 : false
2025-07-30 13:24:44,106 [INFO] ADCParametersView:116 -                Rank 1 : false
2025-07-30 13:24:44,106 [INFO] ADCParametersView:116 -                Rank 1 : false
2025-07-30 13:24:44,106 [INFO] ADCParametersView:116 -                Rank 1 : false
2025-07-30 13:24:44,106 [INFO] ADCParametersView:116 -                Rank 1 : false
2025-07-30 13:24:44,177 [INFO] ADCParametersView:116 -                Rank 1 : false
2025-07-30 13:24:44,262 [INFO] ADCParametersView:116 -                Rank 1 : false
2025-07-30 13:24:44,262 [INFO] ADCParametersView:116 -                Rank 1 : false
2025-07-30 13:24:44,262 [INFO] ADCParametersView:116 -                Rank 1 : false
2025-07-30 13:24:44,262 [INFO] ADCParametersView:116 -                Rank 1 : false
2025-07-30 13:24:44,262 [INFO] ADCParametersView:116 -                Rank 1 : false
2025-07-30 13:24:44,262 [INFO] ADCParametersView:116 -                Rank 1 : false
2025-07-30 13:24:44,262 [INFO] ADCParametersView:116 -                Rank 1 : false
2025-07-30 13:24:44,262 [INFO] ADCParametersView:116 -                Rank 1 : false
2025-07-30 13:24:44,262 [INFO] ADCParametersView:116 -                Rank 1 : false
2025-07-30 13:24:44,262 [INFO] ADCParametersView:116 -                Rank 1 : false
2025-07-30 13:24:44,263 [INFO] ADCParametersView:116 -                Rank 1 : false
2025-07-30 13:24:44,263 [INFO] ADCParametersView:116 -                Rank 1 : false
2025-07-30 13:24:44,263 [INFO] ADCParametersView:116 -                Rank 1 : false
2025-07-30 13:24:44,263 [INFO] ADCParametersView:116 -                Rank 1 : false
2025-07-30 13:24:44,263 [INFO] ADCParametersView:116 -                Rank 1 : false
2025-07-30 13:24:44,263 [INFO] ADCParametersView:116 -                Rank 1 : false
2025-07-30 13:24:44,263 [INFO] ADCParametersView:116 -                Rank 1 : false
2025-07-30 13:24:44,263 [INFO] ADCParametersView:116 -                Rank 1 : false
2025-07-30 13:24:44,263 [INFO] ADCParametersView:116 -                Rank 1 : false
2025-07-30 13:24:44,263 [INFO] ADCParametersView:116 -                Rank 1 : false
2025-07-30 13:24:44,342 [INFO] ADCParametersView:116 -                Rank 1 : false
2025-07-30 13:24:44,581 [INFO] ADCParametersView:116 -                Rank 1 : false
2025-07-30 13:24:44,581 [INFO] ADCParametersView:116 -                Rank 1 : false
2025-07-30 13:24:44,581 [INFO] ADCParametersView:116 -                Rank 1 : false
2025-07-30 13:24:44,581 [INFO] ADCParametersView:116 -                Rank 1 : false
2025-07-30 13:24:44,581 [INFO] ADCParametersView:116 -                Rank 1 : false
2025-07-30 13:24:44,581 [INFO] ADCParametersView:116 -                Rank 1 : false
2025-07-30 13:24:44,581 [INFO] ADCParametersView:116 -                Rank 1 : false
2025-07-30 13:24:44,581 [INFO] ADCParametersView:116 -                Rank 1 : false
2025-07-30 13:24:44,582 [INFO] ADCParametersView:116 -                Rank 1 : false
2025-07-30 13:24:44,582 [INFO] ADCParametersView:116 -                Rank 1 : false
2025-07-30 13:24:44,582 [INFO] ADCParametersView:116 -                Rank 1 : false
2025-07-30 13:24:44,582 [INFO] ADCParametersView:116 -                Rank 1 : false
2025-07-30 13:24:44,582 [INFO] ADCParametersView:116 -                Rank 1 : false
2025-07-30 13:24:44,582 [INFO] ADCParametersView:116 -                Rank 1 : false
2025-07-30 13:24:44,582 [INFO] ADCParametersView:116 -                Rank 1 : false
2025-07-30 13:24:44,582 [INFO] ADCParametersView:116 -                Rank 1 : false
2025-07-30 13:24:44,582 [INFO] ADCParametersView:116 -                Rank 1 : false
2025-07-30 13:24:44,582 [INFO] ADCParametersView:116 -                Rank 1 : false
2025-07-30 13:24:44,582 [INFO] ADCParametersView:116 -                Rank 1 : false
2025-07-30 13:24:44,582 [INFO] ADCParametersView:116 -                Rank 1 : false
2025-07-30 13:24:44,662 [INFO] ADCParametersView:116 -                Rank 1 : false
2025-07-30 13:24:44,746 [INFO] ADCParametersView:116 -                Rank 1 : false
2025-07-30 13:24:44,746 [INFO] ADCParametersView:116 -                Rank 1 : false
2025-07-30 13:24:44,746 [INFO] ADCParametersView:116 -                Rank 1 : false
2025-07-30 13:24:44,746 [INFO] ADCParametersView:116 -                Rank 1 : false
2025-07-30 13:24:44,746 [INFO] ADCParametersView:116 -                Rank 1 : false
2025-07-30 13:24:44,746 [INFO] ADCParametersView:116 -                Rank 1 : false
2025-07-30 13:24:44,746 [INFO] ADCParametersView:116 -                Rank 1 : false
2025-07-30 13:24:44,746 [INFO] ADCParametersView:116 -                Rank 1 : false
2025-07-30 13:24:44,746 [INFO] ADCParametersView:116 -                Rank 1 : false
2025-07-30 13:24:44,746 [INFO] ADCParametersView:116 -                Rank 1 : false
2025-07-30 13:24:44,746 [INFO] ADCParametersView:116 -                Rank 1 : false
2025-07-30 13:24:44,746 [INFO] ADCParametersView:116 -                Rank 1 : false
2025-07-30 13:24:44,746 [INFO] ADCParametersView:116 -                Rank 1 : false
2025-07-30 13:24:44,746 [INFO] ADCParametersView:116 -                Rank 1 : false
2025-07-30 13:24:44,746 [INFO] ADCParametersView:116 -                Rank 1 : false
2025-07-30 13:24:44,746 [INFO] ADCParametersView:116 -                Rank 1 : false
2025-07-30 13:24:44,746 [INFO] ADCParametersView:116 -                Rank 1 : false
2025-07-30 13:24:44,746 [INFO] ADCParametersView:116 -                Rank 1 : false
2025-07-30 13:24:44,746 [INFO] ADCParametersView:116 -                Rank 1 : false
2025-07-30 13:24:44,746 [INFO] ADCParametersView:116 -                Rank 1 : false
2025-07-30 13:24:44,818 [INFO] ADCParametersView:116 -                Rank 1 : false
2025-07-30 13:24:45,957 [INFO] ADCParametersView:116 -                Rank 1 : false
2025-07-30 13:24:45,957 [INFO] ADCParametersView:116 -                Rank 1 : false
2025-07-30 13:24:45,957 [INFO] ADCParametersView:116 -                Rank 1 : false
2025-07-30 13:24:45,957 [INFO] ADCParametersView:116 -                Rank 1 : false
2025-07-30 13:24:45,957 [INFO] ADCParametersView:116 -                Rank 1 : false
2025-07-30 13:24:45,957 [INFO] ADCParametersView:116 -                Rank 1 : false
2025-07-30 13:24:45,957 [INFO] ADCParametersView:116 -                Rank 1 : false
2025-07-30 13:24:45,957 [INFO] ADCParametersView:116 -                Rank 1 : false
2025-07-30 13:24:45,957 [INFO] ADCParametersView:116 -                Rank 1 : false
2025-07-30 13:24:45,957 [INFO] ADCParametersView:116 -                Rank 1 : false
2025-07-30 13:24:45,957 [INFO] ADCParametersView:116 -                Rank 1 : false
2025-07-30 13:24:45,957 [INFO] ADCParametersView:116 -                Rank 1 : false
2025-07-30 13:24:45,957 [INFO] ADCParametersView:116 -                Rank 1 : false
2025-07-30 13:24:45,957 [INFO] ADCParametersView:116 -                Rank 1 : false
2025-07-30 13:24:45,957 [INFO] ADCParametersView:116 -                Rank 1 : false
2025-07-30 13:24:45,957 [INFO] ADCParametersView:116 -                Rank 1 : false
2025-07-30 13:24:45,957 [INFO] ADCParametersView:116 -                Rank 1 : false
2025-07-30 13:24:45,957 [INFO] ADCParametersView:116 -                Rank 1 : false
2025-07-30 13:24:45,958 [INFO] ADCParametersView:116 -                Rank 1 : false
2025-07-30 13:24:45,958 [INFO] ADCParametersView:116 -                Rank 1 : false
2025-07-30 13:24:46,041 [INFO] ADCParametersView:116 -                Rank 1 : false
2025-07-30 13:24:46,140 [INFO] ADCParametersView:116 -                Rank 1 : false
2025-07-30 13:24:46,140 [INFO] ADCParametersView:116 -                Rank 1 : false
2025-07-30 13:24:46,140 [INFO] ADCParametersView:116 -                Rank 1 : false
2025-07-30 13:24:46,140 [INFO] ADCParametersView:116 -                Rank 1 : false
2025-07-30 13:24:46,140 [INFO] ADCParametersView:116 -                Rank 1 : false
2025-07-30 13:24:46,140 [INFO] ADCParametersView:116 -                Rank 1 : false
2025-07-30 13:24:46,140 [INFO] ADCParametersView:116 -                Rank 1 : false
2025-07-30 13:24:46,140 [INFO] ADCParametersView:116 -                Rank 1 : false
2025-07-30 13:24:46,140 [INFO] ADCParametersView:116 -                Rank 1 : false
2025-07-30 13:24:46,140 [INFO] ADCParametersView:116 -                Rank 1 : false
2025-07-30 13:24:46,140 [INFO] ADCParametersView:116 -                Rank 1 : false
2025-07-30 13:24:46,140 [INFO] ADCParametersView:116 -                Rank 1 : false
2025-07-30 13:24:46,140 [INFO] ADCParametersView:116 -                Rank 1 : false
2025-07-30 13:24:46,140 [INFO] ADCParametersView:116 -                Rank 1 : false
2025-07-30 13:24:46,140 [INFO] ADCParametersView:116 -                Rank 1 : false
2025-07-30 13:24:46,140 [INFO] ADCParametersView:116 -                Rank 1 : false
2025-07-30 13:24:46,140 [INFO] ADCParametersView:116 -                Rank 1 : false
2025-07-30 13:24:46,140 [INFO] ADCParametersView:116 -                Rank 1 : false
2025-07-30 13:24:46,140 [INFO] ADCParametersView:116 -                Rank 1 : false
2025-07-30 13:24:46,140 [INFO] ADCParametersView:116 -                Rank 1 : false
2025-07-30 13:24:46,216 [INFO] ADCParametersView:116 -                Rank 1 : false
2025-07-30 13:24:46,440 [INFO] ADCParametersView:116 -                Rank 1 : false
2025-07-30 13:24:46,440 [INFO] ADCParametersView:116 -                Rank 1 : false
2025-07-30 13:24:46,440 [INFO] ADCParametersView:116 -                Rank 1 : false
2025-07-30 13:24:46,440 [INFO] ADCParametersView:116 -                Rank 1 : false
2025-07-30 13:24:46,440 [INFO] ADCParametersView:116 -                Rank 1 : false
2025-07-30 13:24:46,441 [INFO] ADCParametersView:116 -                Rank 1 : false
2025-07-30 13:24:46,441 [INFO] ADCParametersView:116 -                Rank 1 : false
2025-07-30 13:24:46,441 [INFO] ADCParametersView:116 -                Rank 1 : false
2025-07-30 13:24:46,441 [INFO] ADCParametersView:116 -                Rank 1 : false
2025-07-30 13:24:46,441 [INFO] ADCParametersView:116 -                Rank 1 : false
2025-07-30 13:24:46,441 [INFO] ADCParametersView:116 -                Rank 1 : false
2025-07-30 13:24:46,441 [INFO] ADCParametersView:116 -                Rank 1 : false
2025-07-30 13:24:46,441 [INFO] ADCParametersView:116 -                Rank 1 : false
2025-07-30 13:24:46,441 [INFO] ADCParametersView:116 -                Rank 1 : false
2025-07-30 13:24:46,441 [INFO] ADCParametersView:116 -                Rank 1 : false
2025-07-30 13:24:46,441 [INFO] ADCParametersView:116 -                Rank 1 : false
2025-07-30 13:24:46,441 [INFO] ADCParametersView:116 -                Rank 1 : false
2025-07-30 13:24:46,441 [INFO] ADCParametersView:116 -                Rank 1 : false
2025-07-30 13:24:46,441 [INFO] ADCParametersView:116 -                Rank 1 : false
2025-07-30 13:24:46,441 [INFO] ADCParametersView:116 -                Rank 1 : false
2025-07-30 13:24:46,511 [INFO] ADCParametersView:116 -                Rank 1 : false
2025-07-30 13:24:46,612 [INFO] ADCParametersView:116 -                Rank 1 : false
2025-07-30 13:24:46,612 [INFO] ADCParametersView:116 -                Rank 1 : false
2025-07-30 13:24:46,612 [INFO] ADCParametersView:116 -                Rank 1 : false
2025-07-30 13:24:46,612 [INFO] ADCParametersView:116 -                Rank 1 : false
2025-07-30 13:24:46,612 [INFO] ADCParametersView:116 -                Rank 1 : false
2025-07-30 13:24:46,612 [INFO] ADCParametersView:116 -                Rank 1 : false
2025-07-30 13:24:46,612 [INFO] ADCParametersView:116 -                Rank 1 : false
2025-07-30 13:24:46,612 [INFO] ADCParametersView:116 -                Rank 1 : false
2025-07-30 13:24:46,612 [INFO] ADCParametersView:116 -                Rank 1 : false
2025-07-30 13:24:46,612 [INFO] ADCParametersView:116 -                Rank 1 : false
2025-07-30 13:24:46,612 [INFO] ADCParametersView:116 -                Rank 1 : false
2025-07-30 13:24:46,612 [INFO] ADCParametersView:116 -                Rank 1 : false
2025-07-30 13:24:46,612 [INFO] ADCParametersView:116 -                Rank 1 : false
2025-07-30 13:24:46,612 [INFO] ADCParametersView:116 -                Rank 1 : false
2025-07-30 13:24:46,612 [INFO] ADCParametersView:116 -                Rank 1 : false
2025-07-30 13:24:46,612 [INFO] ADCParametersView:116 -                Rank 1 : false
2025-07-30 13:24:46,612 [INFO] ADCParametersView:116 -                Rank 1 : false
2025-07-30 13:24:46,612 [INFO] ADCParametersView:116 -                Rank 1 : false
2025-07-30 13:24:46,612 [INFO] ADCParametersView:116 -                Rank 1 : false
2025-07-30 13:24:46,612 [INFO] ADCParametersView:116 -                Rank 1 : false
2025-07-30 13:24:46,682 [INFO] ADCParametersView:116 -                Rank 1 : false
2025-07-30 13:24:47,513 [INFO] ADCParametersView:116 -                Rank 1 : false
2025-07-30 13:24:47,513 [INFO] ADCParametersView:116 -                Rank 1 : false
2025-07-30 13:24:47,513 [INFO] ADCParametersView:116 -                Rank 1 : false
2025-07-30 13:24:47,513 [INFO] ADCParametersView:116 -                Rank 1 : false
2025-07-30 13:24:47,513 [INFO] ADCParametersView:116 -                Rank 1 : false
2025-07-30 13:24:47,513 [INFO] ADCParametersView:116 -                Rank 1 : false
2025-07-30 13:24:47,513 [INFO] ADCParametersView:116 -                Rank 1 : false
2025-07-30 13:24:47,513 [INFO] ADCParametersView:116 -                Rank 1 : false
2025-07-30 13:24:47,513 [INFO] ADCParametersView:116 -                Rank 1 : false
2025-07-30 13:24:47,514 [INFO] ADCParametersView:116 -                Rank 1 : false
2025-07-30 13:24:47,514 [INFO] ADCParametersView:116 -                Rank 1 : false
2025-07-30 13:24:47,514 [INFO] ADCParametersView:116 -                Rank 1 : false
2025-07-30 13:24:47,514 [INFO] ADCParametersView:116 -                Rank 1 : false
2025-07-30 13:24:47,514 [INFO] ADCParametersView:116 -                Rank 1 : false
2025-07-30 13:24:47,514 [INFO] ADCParametersView:116 -                Rank 1 : false
2025-07-30 13:24:47,514 [INFO] ADCParametersView:116 -                Rank 1 : false
2025-07-30 13:24:47,514 [INFO] ADCParametersView:116 -                Rank 1 : false
2025-07-30 13:24:47,514 [INFO] ADCParametersView:116 -                Rank 1 : false
2025-07-30 13:24:47,514 [INFO] ADCParametersView:116 -                Rank 1 : false
2025-07-30 13:24:47,514 [INFO] ADCParametersView:116 -                Rank 1 : false
2025-07-30 13:24:47,592 [INFO] ADCParametersView:116 -                Rank 1 : false
2025-07-30 13:24:47,676 [INFO] ADCParametersView:116 -                Rank 1 : false
2025-07-30 13:24:47,676 [INFO] ADCParametersView:116 -                Rank 1 : false
2025-07-30 13:24:47,676 [INFO] ADCParametersView:116 -                Rank 1 : false
2025-07-30 13:24:47,676 [INFO] ADCParametersView:116 -                Rank 1 : false
2025-07-30 13:24:47,676 [INFO] ADCParametersView:116 -                Rank 1 : false
2025-07-30 13:24:47,676 [INFO] ADCParametersView:116 -                Rank 1 : false
2025-07-30 13:24:47,676 [INFO] ADCParametersView:116 -                Rank 1 : false
2025-07-30 13:24:47,676 [INFO] ADCParametersView:116 -                Rank 1 : false
2025-07-30 13:24:47,676 [INFO] ADCParametersView:116 -                Rank 1 : false
2025-07-30 13:24:47,676 [INFO] ADCParametersView:116 -                Rank 1 : false
2025-07-30 13:24:47,676 [INFO] ADCParametersView:116 -                Rank 1 : false
2025-07-30 13:24:47,676 [INFO] ADCParametersView:116 -                Rank 1 : false
2025-07-30 13:24:47,676 [INFO] ADCParametersView:116 -                Rank 1 : false
2025-07-30 13:24:47,676 [INFO] ADCParametersView:116 -                Rank 1 : false
2025-07-30 13:24:47,676 [INFO] ADCParametersView:116 -                Rank 1 : false
2025-07-30 13:24:47,676 [INFO] ADCParametersView:116 -                Rank 1 : false
2025-07-30 13:24:47,676 [INFO] ADCParametersView:116 -                Rank 1 : false
2025-07-30 13:24:47,676 [INFO] ADCParametersView:116 -                Rank 1 : false
2025-07-30 13:24:47,676 [INFO] ADCParametersView:116 -                Rank 1 : false
2025-07-30 13:24:47,677 [INFO] ADCParametersView:116 -                Rank 1 : false
2025-07-30 13:24:47,748 [INFO] ADCParametersView:116 -                Rank 1 : false
2025-07-30 13:24:47,972 [INFO] ADCParametersView:116 -                Rank 1 : false
2025-07-30 13:24:47,972 [INFO] ADCParametersView:116 -                Rank 1 : false
2025-07-30 13:24:47,972 [INFO] ADCParametersView:116 -                Rank 1 : false
2025-07-30 13:24:47,972 [INFO] ADCParametersView:116 -                Rank 1 : false
2025-07-30 13:24:47,972 [INFO] ADCParametersView:116 -                Rank 1 : false
2025-07-30 13:24:47,972 [INFO] ADCParametersView:116 -                Rank 1 : false
2025-07-30 13:24:47,972 [INFO] ADCParametersView:116 -                Rank 1 : false
2025-07-30 13:24:47,972 [INFO] ADCParametersView:116 -                Rank 1 : false
2025-07-30 13:24:47,972 [INFO] ADCParametersView:116 -                Rank 1 : false
2025-07-30 13:24:47,972 [INFO] ADCParametersView:116 -                Rank 1 : false
2025-07-30 13:24:47,972 [INFO] ADCParametersView:116 -                Rank 1 : false
2025-07-30 13:24:47,972 [INFO] ADCParametersView:116 -                Rank 1 : false
2025-07-30 13:24:47,972 [INFO] ADCParametersView:116 -                Rank 1 : false
2025-07-30 13:24:47,972 [INFO] ADCParametersView:116 -                Rank 1 : false
2025-07-30 13:24:47,972 [INFO] ADCParametersView:116 -                Rank 1 : false
2025-07-30 13:24:47,972 [INFO] ADCParametersView:116 -                Rank 1 : false
2025-07-30 13:24:47,972 [INFO] ADCParametersView:116 -                Rank 1 : false
2025-07-30 13:24:47,972 [INFO] ADCParametersView:116 -                Rank 1 : false
2025-07-30 13:24:47,972 [INFO] ADCParametersView:116 -                Rank 1 : false
2025-07-30 13:24:47,972 [INFO] ADCParametersView:116 -                Rank 1 : false
2025-07-30 13:24:48,044 [INFO] ADCParametersView:116 -                Rank 1 : false
2025-07-30 13:24:48,125 [INFO] ADCParametersView:116 -                Rank 1 : false
2025-07-30 13:24:48,125 [INFO] ADCParametersView:116 -                Rank 1 : false
2025-07-30 13:24:48,125 [INFO] ADCParametersView:116 -                Rank 1 : false
2025-07-30 13:24:48,125 [INFO] ADCParametersView:116 -                Rank 1 : false
2025-07-30 13:24:48,126 [INFO] ADCParametersView:116 -                Rank 1 : false
2025-07-30 13:24:48,126 [INFO] ADCParametersView:116 -                Rank 1 : false
2025-07-30 13:24:48,126 [INFO] ADCParametersView:116 -                Rank 1 : false
2025-07-30 13:24:48,126 [INFO] ADCParametersView:116 -                Rank 1 : false
2025-07-30 13:24:48,126 [INFO] ADCParametersView:116 -                Rank 1 : false
2025-07-30 13:24:48,126 [INFO] ADCParametersView:116 -                Rank 1 : false
2025-07-30 13:24:48,126 [INFO] ADCParametersView:116 -                Rank 1 : false
2025-07-30 13:24:48,126 [INFO] ADCParametersView:116 -                Rank 1 : false
2025-07-30 13:24:48,126 [INFO] ADCParametersView:116 -                Rank 1 : false
2025-07-30 13:24:48,126 [INFO] ADCParametersView:116 -                Rank 1 : false
2025-07-30 13:24:48,126 [INFO] ADCParametersView:116 -                Rank 1 : false
2025-07-30 13:24:48,126 [INFO] ADCParametersView:116 -                Rank 1 : false
2025-07-30 13:24:48,126 [INFO] ADCParametersView:116 -                Rank 1 : false
2025-07-30 13:24:48,126 [INFO] ADCParametersView:116 -                Rank 1 : false
2025-07-30 13:24:48,126 [INFO] ADCParametersView:116 -                Rank 1 : false
2025-07-30 13:24:48,126 [INFO] ADCParametersView:116 -                Rank 1 : false
2025-07-30 13:24:48,209 [INFO] ADCParametersView:116 -                Rank 1 : false
2025-07-30 13:25:25,207 [INFO] ParamManager:905 - [Generic UI] PropertyChangeEvent: TAB_STATUS_CHANGED , "dont care", "never mind"
2025-07-30 13:25:25,220 [INFO] ParamManager:905 - [Generic UI] PropertyChangeEvent: TAB_STATUS_CHANGED , "dont care", "never mind"
2025-07-30 13:25:25,221 [INFO] ADCParametersView:116 -                Rank 1 : false
2025-07-30 13:25:25,243 [INFO] ADCParametersView:116 -                Rank 1 : false
2025-07-30 13:25:25,243 [INFO] ADCParametersView:116 -                Rank 1 : false
2025-07-30 13:25:25,243 [INFO] ADCParametersView:116 -                Rank 1 : false
2025-07-30 13:25:25,243 [INFO] ADCParametersView:116 -                Rank 1 : false
2025-07-30 13:25:25,243 [INFO] ADCParametersView:116 -                Rank 1 : false
2025-07-30 13:25:25,243 [INFO] ADCParametersView:116 -                Rank 1 : false
2025-07-30 13:25:25,243 [INFO] ADCParametersView:116 -                Rank 1 : false
2025-07-30 13:25:25,243 [INFO] ADCParametersView:116 -                Rank 1 : false
2025-07-30 13:25:25,243 [INFO] ADCParametersView:116 -                Rank 1 : false
2025-07-30 13:25:25,243 [INFO] ADCParametersView:116 -                Rank 1 : false
2025-07-30 13:25:25,243 [INFO] ADCParametersView:116 -                Rank 1 : false
2025-07-30 13:25:25,243 [INFO] ADCParametersView:116 -                Rank 1 : false
2025-07-30 13:25:25,243 [INFO] ADCParametersView:116 -                Rank 1 : false
2025-07-30 13:25:25,243 [INFO] ADCParametersView:116 -                Rank 1 : false
2025-07-30 13:25:25,243 [INFO] ADCParametersView:116 -                Rank 1 : false
2025-07-30 13:25:25,243 [INFO] ADCParametersView:116 -                Rank 1 : false
2025-07-30 13:25:25,243 [INFO] ADCParametersView:116 -                Rank 1 : false
2025-07-30 13:25:25,243 [INFO] ADCParametersView:116 -                Rank 1 : false
2025-07-30 13:25:25,244 [INFO] ADCParametersView:116 -                Rank 1 : false
2025-07-30 13:25:25,244 [INFO] ADCParametersView:116 -                Rank 1 : false
2025-07-30 13:25:25,244 [INFO] ADCParametersView:116 -                Rank 1 : false
2025-07-30 13:25:25,249 [INFO] ADCParametersView:116 -                Rank 1 : false
2025-07-30 13:25:25,380 [INFO] NvicIntPanel:101 - NVIC parent = com.st.microxplorer.plugins.ip.nvic.MultiNvicIntPanel[,0,0,0x0,invalid,layout=javax.swing.BoxLayout,alignmentX=0.0,alignmentY=0.0,border=,flags=9,maximumSize=,minimumSize=,preferredSize=]
2025-07-30 13:25:25,513 [INFO] NvicIntPanel:101 - NVIC parent = com.st.microxplorer.plugins.ip.nvic.MultiNvicIntPanel[,0,0,0x0,invalid,layout=javax.swing.BoxLayout,alignmentX=0.0,alignmentY=0.0,border=,flags=9,maximumSize=,minimumSize=,preferredSize=]
2025-07-30 13:25:25,645 [INFO] NvicIntPanel:101 - NVIC parent = com.st.microxplorer.plugins.ip.nvic.MultiNvicIntPanel[,0,0,0x0,invalid,layout=javax.swing.BoxLayout,alignmentX=0.0,alignmentY=0.0,border=,flags=9,maximumSize=,minimumSize=,preferredSize=]
2025-07-30 13:25:25,774 [INFO] NvicIntPanel:101 - NVIC parent = com.st.microxplorer.plugins.ip.nvic.MultiNvicIntPanel[,0,0,0x0,invalid,layout=javax.swing.BoxLayout,alignmentX=0.0,alignmentY=0.0,border=,flags=9,maximumSize=,minimumSize=,preferredSize=]
2025-07-30 13:25:25,841 [INFO] ADCParametersView:116 -                Rank 1 : false
2025-07-30 13:25:25,841 [INFO] ADCParametersView:116 -                Rank 1 : false
2025-07-30 13:25:25,841 [INFO] ADCParametersView:116 -                Rank 1 : false
2025-07-30 13:25:25,841 [INFO] ADCParametersView:116 -                Rank 1 : false
2025-07-30 13:25:25,841 [INFO] ADCParametersView:116 -                Rank 1 : false
2025-07-30 13:25:25,841 [INFO] ADCParametersView:116 -                Rank 1 : false
2025-07-30 13:25:25,841 [INFO] ADCParametersView:116 -                Rank 1 : false
2025-07-30 13:25:25,841 [INFO] ADCParametersView:116 -                Rank 1 : false
2025-07-30 13:25:25,841 [INFO] ADCParametersView:116 -                Rank 1 : false
2025-07-30 13:25:25,841 [INFO] ADCParametersView:116 -                Rank 1 : false
2025-07-30 13:25:25,841 [INFO] ADCParametersView:116 -                Rank 1 : false
2025-07-30 13:25:25,841 [INFO] ADCParametersView:116 -                Rank 1 : false
2025-07-30 13:25:25,841 [INFO] ADCParametersView:116 -                Rank 1 : false
2025-07-30 13:25:25,841 [INFO] ADCParametersView:116 -                Rank 1 : false
2025-07-30 13:25:25,841 [INFO] ADCParametersView:116 -                Rank 1 : false
2025-07-30 13:25:25,841 [INFO] ADCParametersView:116 -                Rank 1 : false
2025-07-30 13:25:25,841 [INFO] ADCParametersView:116 -                Rank 1 : false
2025-07-30 13:25:25,841 [INFO] ADCParametersView:116 -                Rank 1 : false
2025-07-30 13:25:25,841 [INFO] ADCParametersView:116 -                Rank 1 : false
2025-07-30 13:25:25,841 [INFO] ADCParametersView:116 -                Rank 1 : false
2025-07-30 13:25:25,841 [INFO] ADCParametersView:116 -                Rank 1 : false
2025-07-30 13:25:25,916 [INFO] ADCParametersView:116 -                Rank 1 : false
2025-07-30 13:25:26,004 [INFO] ADCParametersView:116 -                Rank 1 : false
2025-07-30 13:25:26,004 [INFO] ADCParametersView:116 -                Rank 1 : false
2025-07-30 13:25:26,004 [INFO] ADCParametersView:116 -                Rank 1 : false
2025-07-30 13:25:26,004 [INFO] ADCParametersView:116 -                Rank 1 : false
2025-07-30 13:25:26,004 [INFO] ADCParametersView:116 -                Rank 1 : false
2025-07-30 13:25:26,004 [INFO] ADCParametersView:116 -                Rank 1 : false
2025-07-30 13:25:26,004 [INFO] ADCParametersView:116 -                Rank 1 : false
2025-07-30 13:25:26,004 [INFO] ADCParametersView:116 -                Rank 1 : false
2025-07-30 13:25:26,004 [INFO] ADCParametersView:116 -                Rank 1 : false
2025-07-30 13:25:26,004 [INFO] ADCParametersView:116 -                Rank 1 : false
2025-07-30 13:25:26,004 [INFO] ADCParametersView:116 -                Rank 1 : false
2025-07-30 13:25:26,005 [INFO] ADCParametersView:116 -                Rank 1 : false
2025-07-30 13:25:26,005 [INFO] ADCParametersView:116 -                Rank 1 : false
2025-07-30 13:25:26,005 [INFO] ADCParametersView:116 -                Rank 1 : false
2025-07-30 13:25:26,005 [INFO] ADCParametersView:116 -                Rank 1 : false
2025-07-30 13:25:26,005 [INFO] ADCParametersView:116 -                Rank 1 : false
2025-07-30 13:25:26,005 [INFO] ADCParametersView:116 -                Rank 1 : false
2025-07-30 13:25:26,005 [INFO] ADCParametersView:116 -                Rank 1 : false
2025-07-30 13:25:26,005 [INFO] ADCParametersView:116 -                Rank 1 : false
2025-07-30 13:25:26,005 [INFO] ADCParametersView:116 -                Rank 1 : false
2025-07-30 13:25:26,005 [INFO] ADCParametersView:116 -                Rank 1 : false
2025-07-30 13:25:26,080 [INFO] ADCParametersView:116 -                Rank 1 : false
2025-07-30 13:27:31,985 [INFO] ADCParametersView:116 -                Rank 1 : false
2025-07-30 13:27:31,985 [INFO] ADCParametersView:116 -                Rank 1 : false
2025-07-30 13:27:31,985 [INFO] ADCParametersView:116 -                Rank 1 : false
2025-07-30 13:27:31,985 [INFO] ADCParametersView:116 -                Rank 1 : false
2025-07-30 13:27:31,985 [INFO] ADCParametersView:116 -                Rank 1 : false
2025-07-30 13:27:31,985 [INFO] ADCParametersView:116 -                Rank 1 : false
2025-07-30 13:27:31,985 [INFO] ADCParametersView:116 -                Rank 1 : false
2025-07-30 13:27:31,985 [INFO] ADCParametersView:116 -                Rank 1 : false
2025-07-30 13:27:31,985 [INFO] ADCParametersView:116 -                Rank 1 : false
2025-07-30 13:27:31,985 [INFO] ADCParametersView:116 -                Rank 1 : false
2025-07-30 13:27:31,985 [INFO] ADCParametersView:116 -                Rank 1 : false
2025-07-30 13:27:31,985 [INFO] ADCParametersView:116 -                Rank 1 : false
2025-07-30 13:27:31,985 [INFO] ADCParametersView:116 -                Rank 1 : false
2025-07-30 13:27:31,985 [INFO] ADCParametersView:116 -                Rank 1 : false
2025-07-30 13:27:31,985 [INFO] ADCParametersView:116 -                Rank 1 : false
2025-07-30 13:27:31,985 [INFO] ADCParametersView:116 -                Rank 1 : false
2025-07-30 13:27:31,986 [INFO] ADCParametersView:116 -                Rank 1 : false
2025-07-30 13:27:31,986 [INFO] ADCParametersView:116 -                Rank 1 : false
2025-07-30 13:27:31,986 [INFO] ADCParametersView:116 -                Rank 1 : false
2025-07-30 13:27:31,986 [INFO] ADCParametersView:116 -                Rank 1 : false
2025-07-30 13:27:31,986 [INFO] ADCParametersView:116 -                Rank 1 : false
2025-07-30 13:27:32,058 [INFO] ADCParametersView:116 -                Rank 1 : false
2025-07-30 13:27:32,145 [INFO] ADCParametersView:116 -                Rank 1 : false
2025-07-30 13:27:32,145 [INFO] ADCParametersView:116 -                Rank 1 : false
2025-07-30 13:27:32,145 [INFO] ADCParametersView:116 -                Rank 1 : false
2025-07-30 13:27:32,145 [INFO] ADCParametersView:116 -                Rank 1 : false
2025-07-30 13:27:32,145 [INFO] ADCParametersView:116 -                Rank 1 : false
2025-07-30 13:27:32,145 [INFO] ADCParametersView:116 -                Rank 1 : false
2025-07-30 13:27:32,146 [INFO] ADCParametersView:116 -                Rank 1 : false
2025-07-30 13:27:32,146 [INFO] ADCParametersView:116 -                Rank 1 : false
2025-07-30 13:27:32,146 [INFO] ADCParametersView:116 -                Rank 1 : false
2025-07-30 13:27:32,146 [INFO] ADCParametersView:116 -                Rank 1 : false
2025-07-30 13:27:32,146 [INFO] ADCParametersView:116 -                Rank 1 : false
2025-07-30 13:27:32,146 [INFO] ADCParametersView:116 -                Rank 1 : false
2025-07-30 13:27:32,146 [INFO] ADCParametersView:116 -                Rank 1 : false
2025-07-30 13:27:32,146 [INFO] ADCParametersView:116 -                Rank 1 : false
2025-07-30 13:27:32,146 [INFO] ADCParametersView:116 -                Rank 1 : false
2025-07-30 13:27:32,146 [INFO] ADCParametersView:116 -                Rank 1 : false
2025-07-30 13:27:32,146 [INFO] ADCParametersView:116 -                Rank 1 : false
2025-07-30 13:27:32,146 [INFO] ADCParametersView:116 -                Rank 1 : false
2025-07-30 13:27:32,146 [INFO] ADCParametersView:116 -                Rank 1 : false
2025-07-30 13:27:32,146 [INFO] ADCParametersView:116 -                Rank 1 : false
2025-07-30 13:27:32,146 [INFO] ADCParametersView:116 -                Rank 1 : false
2025-07-30 13:27:32,217 [INFO] ADCParametersView:116 -                Rank 1 : false
2025-07-30 13:27:33,011 [INFO] ADCParametersView:116 -                Rank 1 : false
2025-07-30 13:27:33,011 [INFO] ADCParametersView:116 -                Rank 1 : false
2025-07-30 13:27:33,011 [INFO] ADCParametersView:116 -                Rank 1 : false
2025-07-30 13:27:33,011 [INFO] ADCParametersView:116 -                Rank 1 : false
2025-07-30 13:27:33,011 [INFO] ADCParametersView:116 -                Rank 1 : false
2025-07-30 13:27:33,011 [INFO] ADCParametersView:116 -                Rank 1 : false
2025-07-30 13:27:33,011 [INFO] ADCParametersView:116 -                Rank 1 : false
2025-07-30 13:27:33,011 [INFO] ADCParametersView:116 -                Rank 1 : false
2025-07-30 13:27:33,011 [INFO] ADCParametersView:116 -                Rank 1 : false
2025-07-30 13:27:33,012 [INFO] ADCParametersView:116 -                Rank 1 : false
2025-07-30 13:27:33,012 [INFO] ADCParametersView:116 -                Rank 1 : false
2025-07-30 13:27:33,012 [INFO] ADCParametersView:116 -                Rank 1 : false
2025-07-30 13:27:33,012 [INFO] ADCParametersView:116 -                Rank 1 : false
2025-07-30 13:27:33,012 [INFO] ADCParametersView:116 -                Rank 1 : false
2025-07-30 13:27:33,012 [INFO] ADCParametersView:116 -                Rank 1 : false
2025-07-30 13:27:33,012 [INFO] ADCParametersView:116 -                Rank 1 : false
2025-07-30 13:27:33,012 [INFO] ADCParametersView:116 -                Rank 1 : false
2025-07-30 13:27:33,012 [INFO] ADCParametersView:116 -                Rank 1 : false
2025-07-30 13:27:33,012 [INFO] ADCParametersView:116 -                Rank 1 : false
2025-07-30 13:27:33,012 [INFO] ADCParametersView:116 -                Rank 1 : false
2025-07-30 13:27:33,012 [INFO] ADCParametersView:116 -                Rank 1 : false
2025-07-30 13:27:33,084 [INFO] ADCParametersView:116 -                Rank 1 : false
2025-07-30 13:27:33,168 [INFO] ADCParametersView:116 -                Rank 1 : false
2025-07-30 13:27:33,169 [INFO] ADCParametersView:116 -                Rank 1 : false
2025-07-30 13:27:33,169 [INFO] ADCParametersView:116 -                Rank 1 : false
2025-07-30 13:27:33,169 [INFO] ADCParametersView:116 -                Rank 1 : false
2025-07-30 13:27:33,169 [INFO] ADCParametersView:116 -                Rank 1 : false
2025-07-30 13:27:33,169 [INFO] ADCParametersView:116 -                Rank 1 : false
2025-07-30 13:27:33,169 [INFO] ADCParametersView:116 -                Rank 1 : false
2025-07-30 13:27:33,169 [INFO] ADCParametersView:116 -                Rank 1 : false
2025-07-30 13:27:33,169 [INFO] ADCParametersView:116 -                Rank 1 : false
2025-07-30 13:27:33,169 [INFO] ADCParametersView:116 -                Rank 1 : false
2025-07-30 13:27:33,169 [INFO] ADCParametersView:116 -                Rank 1 : false
2025-07-30 13:27:33,169 [INFO] ADCParametersView:116 -                Rank 1 : false
2025-07-30 13:27:33,169 [INFO] ADCParametersView:116 -                Rank 1 : false
2025-07-30 13:27:33,169 [INFO] ADCParametersView:116 -                Rank 1 : false
2025-07-30 13:27:33,169 [INFO] ADCParametersView:116 -                Rank 1 : false
2025-07-30 13:27:33,169 [INFO] ADCParametersView:116 -                Rank 1 : false
2025-07-30 13:27:33,169 [INFO] ADCParametersView:116 -                Rank 1 : false
2025-07-30 13:27:33,169 [INFO] ADCParametersView:116 -                Rank 1 : false
2025-07-30 13:27:33,169 [INFO] ADCParametersView:116 -                Rank 1 : false
2025-07-30 13:27:33,169 [INFO] ADCParametersView:116 -                Rank 1 : false
2025-07-30 13:27:33,169 [INFO] ADCParametersView:116 -                Rank 1 : false
2025-07-30 13:27:33,243 [INFO] ADCParametersView:116 -                Rank 1 : false
2025-07-30 13:27:42,461 [INFO] Gpio:278 - dependency for GPIO [ADC1, ADC3, I2C2, TIM1]
2025-07-30 13:27:50,071 [INFO] Gpio:278 - dependency for GPIO [ADC1, ADC3, I2C2, TIM1]
2025-07-30 13:28:04,865 [INFO] Gpio:278 - dependency for GPIO [ADC1, ADC3, I2C2, TIM1]
2025-07-30 13:28:04,891 [INFO] NvicIntPanel:101 - NVIC parent = com.st.microxplorer.plugins.ip.nvic.MultiNvicIntPanel[,0,0,0x0,invalid,layout=javax.swing.BoxLayout,alignmentX=0.0,alignmentY=0.0,border=,flags=9,maximumSize=,minimumSize=,preferredSize=]
2025-07-30 13:28:04,894 [INFO] NvicIntPanel:101 - NVIC parent = com.st.microxplorer.plugins.ip.nvic.MultiNvicIntPanel[,0,0,0x0,invalid,layout=javax.swing.BoxLayout,alignmentX=0.0,alignmentY=0.0,border=,flags=9,maximumSize=,minimumSize=,preferredSize=]
2025-07-30 13:28:05,638 [INFO] Gpio:278 - dependency for GPIO [ADC1, ADC3, I2C2, TIM1]
2025-07-30 13:28:05,667 [INFO] NvicIntPanel:101 - NVIC parent = com.st.microxplorer.plugins.ip.nvic.MultiNvicIntPanel[,0,0,0x0,invalid,layout=javax.swing.BoxLayout,alignmentX=0.0,alignmentY=0.0,border=,flags=9,maximumSize=,minimumSize=,preferredSize=]
2025-07-30 13:28:05,670 [INFO] NvicIntPanel:101 - NVIC parent = com.st.microxplorer.plugins.ip.nvic.MultiNvicIntPanel[,0,0,0x0,invalid,layout=javax.swing.BoxLayout,alignmentX=0.0,alignmentY=0.0,border=,flags=9,maximumSize=,minimumSize=,preferredSize=]
2025-07-30 13:28:15,454 [INFO] Gpio:278 - dependency for GPIO [ADC1, ADC3, I2C2, TIM1]
2025-07-30 13:28:41,392 [ERROR] LogOutputStream:75 - [STDERR_REDIRECT] Exception in thread "AWT-EventQueue-0" java.lang.ClassCastException: class sun.awt.windows.WEmbeddedFrame cannot be cast to class javax.swing.JFrame (sun.awt.windows.WEmbeddedFrame and javax.swing.JFrame are in module java.desktop of loader 'bootstrap')
2025-07-30 13:28:41,394 [ERROR] LogOutputStream:75 - [STDERR_REDIRECT] 	at com.st.microxplorer.plugins.clock.ClockConfigurationView.activatePlugin(ClockConfigurationView.java:424)
2025-07-30 13:28:41,394 [ERROR] LogOutputStream:75 - [STDERR_REDIRECT] 	at com.st.microxplorer.maingui.MainPanel$1.stateChanged(MainPanel.java:385)
2025-07-30 13:28:41,395 [ERROR] LogOutputStream:75 - [STDERR_REDIRECT] 	at java.desktop/javax.swing.JTabbedPane.fireStateChanged(JTabbedPane.java:446)
2025-07-30 13:28:41,396 [ERROR] LogOutputStream:75 - [STDERR_REDIRECT] 	at java.desktop/javax.swing.JTabbedPane$ModelListener.stateChanged(JTabbedPane.java:297)
2025-07-30 13:28:41,397 [ERROR] LogOutputStream:75 - [STDERR_REDIRECT] 	at java.desktop/javax.swing.DefaultSingleSelectionModel.fireStateChanged(DefaultSingleSelectionModel.java:148)
2025-07-30 13:28:41,397 [ERROR] LogOutputStream:75 - [STDERR_REDIRECT] 	at java.desktop/javax.swing.DefaultSingleSelectionModel.setSelectedIndex(DefaultSingleSelectionModel.java:79)
2025-07-30 13:28:41,398 [ERROR] LogOutputStream:75 - [STDERR_REDIRECT] 	at java.desktop/javax.swing.JTabbedPane.setSelectedIndexImpl(JTabbedPane.java:650)
2025-07-30 13:28:41,399 [ERROR] LogOutputStream:75 - [STDERR_REDIRECT] 	at java.desktop/javax.swing.JTabbedPane.setSelectedIndex(JTabbedPane.java:625)
2025-07-30 13:28:41,400 [ERROR] LogOutputStream:75 - [STDERR_REDIRECT] 	at java.desktop/javax.swing.plaf.basic.BasicTabbedPaneUI$Handler.mousePressed(BasicTabbedPaneUI.java:4140)
2025-07-30 13:28:41,400 [ERROR] LogOutputStream:75 - [STDERR_REDIRECT] 	at java.desktop/java.awt.Component.processMouseEvent(Component.java:6618)
2025-07-30 13:28:41,401 [ERROR] LogOutputStream:75 - [STDERR_REDIRECT] 	at java.desktop/javax.swing.JComponent.processMouseEvent(JComponent.java:3398)
2025-07-30 13:28:41,402 [ERROR] LogOutputStream:75 - [STDERR_REDIRECT] 	at java.desktop/java.awt.Component.processEvent(Component.java:6386)
2025-07-30 13:28:41,402 [ERROR] LogOutputStream:75 - [STDERR_REDIRECT] 	at java.desktop/java.awt.Container.processEvent(Container.java:2266)
2025-07-30 13:28:41,403 [ERROR] LogOutputStream:75 - [STDERR_REDIRECT] 	at java.desktop/java.awt.Component.dispatchEventImpl(Component.java:4996)
2025-07-30 13:28:41,404 [ERROR] LogOutputStream:75 - [STDERR_REDIRECT] 	at java.desktop/java.awt.Container.dispatchEventImpl(Container.java:2324)
2025-07-30 13:28:41,404 [ERROR] LogOutputStream:75 - [STDERR_REDIRECT] 	at java.desktop/java.awt.Component.dispatchEvent(Component.java:4828)
2025-07-30 13:28:41,405 [ERROR] LogOutputStream:75 - [STDERR_REDIRECT] 	at java.desktop/java.awt.LightweightDispatcher.retargetMouseEvent(Container.java:4948)
2025-07-30 13:28:41,406 [ERROR] LogOutputStream:75 - [STDERR_REDIRECT] 	at java.desktop/java.awt.LightweightDispatcher.processMouseEvent(Container.java:4572)
2025-07-30 13:28:41,408 [ERROR] LogOutputStream:75 - [STDERR_REDIRECT] 	at java.desktop/java.awt.LightweightDispatcher.dispatchEvent(Container.java:4516)
2025-07-30 13:28:41,408 [ERROR] LogOutputStream:75 - [STDERR_REDIRECT] 	at java.desktop/java.awt.Container.dispatchEventImpl(Container.java:2310)
2025-07-30 13:28:41,408 [ERROR] LogOutputStream:75 - [STDERR_REDIRECT] 	at java.desktop/java.awt.Component.dispatchEvent(Component.java:4828)
2025-07-30 13:28:41,409 [ERROR] LogOutputStream:75 - [STDERR_REDIRECT] 	at java.desktop/java.awt.EventQueue.dispatchEventImpl(EventQueue.java:775)
2025-07-30 13:28:41,409 [ERROR] LogOutputStream:75 - [STDERR_REDIRECT] 	at java.desktop/java.awt.EventQueue$4.run(EventQueue.java:720)
2025-07-30 13:28:41,410 [ERROR] LogOutputStream:75 - [STDERR_REDIRECT] 	at java.desktop/java.awt.EventQueue$4.run(EventQueue.java:714)
2025-07-30 13:28:41,410 [ERROR] LogOutputStream:75 - [STDERR_REDIRECT] 	at java.base/java.security.AccessController.doPrivileged(AccessController.java:400)
2025-07-30 13:28:41,411 [ERROR] LogOutputStream:75 - [STDERR_REDIRECT] 	at java.base/java.security.ProtectionDomain$JavaSecurityAccessImpl.doIntersectionPrivilege(ProtectionDomain.java:87)
2025-07-30 13:28:41,412 [ERROR] LogOutputStream:75 - [STDERR_REDIRECT] 	at java.base/java.security.ProtectionDomain$JavaSecurityAccessImpl.doIntersectionPrivilege(ProtectionDomain.java:98)
2025-07-30 13:28:41,412 [ERROR] LogOutputStream:75 - [STDERR_REDIRECT] 	at java.desktop/java.awt.EventQueue$5.run(EventQueue.java:747)
2025-07-30 13:28:41,413 [ERROR] LogOutputStream:75 - [STDERR_REDIRECT] 	at java.desktop/java.awt.EventQueue$5.run(EventQueue.java:745)
2025-07-30 13:28:41,413 [ERROR] LogOutputStream:75 - [STDERR_REDIRECT] 	at java.base/java.security.AccessController.doPrivileged(AccessController.java:400)
2025-07-30 13:28:41,414 [ERROR] LogOutputStream:75 - [STDERR_REDIRECT] 	at java.base/java.security.ProtectionDomain$JavaSecurityAccessImpl.doIntersectionPrivilege(ProtectionDomain.java:87)
2025-07-30 13:28:41,415 [ERROR] LogOutputStream:75 - [STDERR_REDIRECT] 	at java.desktop/java.awt.EventQueue.dispatchEvent(EventQueue.java:744)
2025-07-30 13:28:41,415 [ERROR] LogOutputStream:75 - [STDERR_REDIRECT] 	at java.desktop/java.awt.EventDispatchThread.pumpOneEventForFilters(EventDispatchThread.java:203)
2025-07-30 13:28:41,416 [ERROR] LogOutputStream:75 - [STDERR_REDIRECT] 	at java.desktop/java.awt.EventDispatchThread.pumpEventsForFilter(EventDispatchThread.java:124)
2025-07-30 13:28:41,417 [ERROR] LogOutputStream:75 - [STDERR_REDIRECT] 	at java.desktop/java.awt.EventDispatchThread.pumpEventsForHierarchy(EventDispatchThread.java:113)
2025-07-30 13:28:41,417 [ERROR] LogOutputStream:75 - [STDERR_REDIRECT] 	at java.desktop/java.awt.EventDispatchThread.pumpEvents(EventDispatchThread.java:109)
2025-07-30 13:28:41,418 [ERROR] LogOutputStream:75 - [STDERR_REDIRECT] 	at java.desktop/java.awt.EventDispatchThread.pumpEvents(EventDispatchThread.java:101)
2025-07-30 13:28:41,418 [ERROR] LogOutputStream:75 - [STDERR_REDIRECT] 	at java.desktop/java.awt.EventDispatchThread.run(EventDispatchThread.java:90)
2025-07-30 13:28:45,031 [INFO] I2cTimingTraitement:330 - 0x109090D9
2025-07-30 13:28:45,337 [INFO] Gpio:278 - dependency for GPIO [ADC1, ADC3, I2C2, TIM1]
2025-07-30 13:28:45,694 [INFO] I2cTimingTraitement:330 - 0x109090D9
2025-07-30 13:28:45,968 [INFO] Gpio:278 - dependency for GPIO [ADC1, ADC3, I2C2, TIM1]
2025-07-30 13:28:46,040 [INFO] Gpio:278 - dependency for GPIO [ADC1, ADC3, I2C2, TIM1]
2025-07-30 13:28:46,184 [INFO] Gpio:278 - dependency for GPIO [ADC1, ADC3, I2C2, TIM1]
2025-07-30 13:28:48,868 [INFO] UtilMem:75 - End SaveConfig() Used Memory: 664092464 Bytes (919601152)
2025-07-30 13:28:48,957 [INFO] UtilMem:75 - End SaveConfig() Used Memory: 684697584 Bytes (919601152)
2025-07-30 13:28:50,031 [INFO] UtilMem:75 - End SaveConfig() Used Memory: 751914792 Bytes (919601152)
2025-07-30 13:28:50,243 [ERROR] IocParser:95 - Exception caught: Cannot invoke "java.lang.CharSequence.length()" because "this.text" is null
2025-07-30 13:28:51,206 [ERROR] ProjectBuilder:794 - java.lang.Exception: Invalid format: data found outside section
2025-07-30 13:28:51,220 [INFO] BlockDiagram:2775 - set Specific Code input for plugin: FREERTOS
2025-07-30 13:28:51,220 [INFO] BlockDiagram:2775 - set Specific Code input for plugin: RCC
2025-07-30 13:28:51,220 [INFO] BlockDiagram:2775 - set Specific Code input for plugin: I2C
2025-07-30 13:28:51,220 [INFO] BlockDiagram:2775 - set Specific Code input for plugin: TIM1_8H7
2025-07-30 13:28:51,220 [INFO] BlockDiagram:2775 - set Specific Code input for plugin: SYS
2025-07-30 13:28:51,220 [INFO] BlockDiagram:2775 - set Specific Code input for plugin: ADC
2025-07-30 13:28:51,220 [INFO] BlockDiagram:2775 - set Specific Code input for plugin: ADC
2025-07-30 13:28:51,220 [INFO] BlockDiagram:2775 - set Specific Code input for plugin: NVIC2
2025-07-30 13:28:51,220 [INFO] BlockDiagram:2775 - set Specific Code input for plugin: GPIO
2025-07-30 13:28:51,220 [INFO] BlockDiagram:2775 - set Specific Code input for plugin: SYS_M4
2025-07-30 13:28:51,220 [INFO] BlockDiagram:2775 - set Specific Code input for plugin: NUCLEO-H755ZI-Q
2025-07-30 13:28:51,220 [INFO] BlockDiagram:2775 - set Specific Code input for plugin: NVIC1
2025-07-30 13:28:51,221 [INFO] CodeGenerator:892 - code generatio: config db path: C:\ST\STM32CubeIDE_1.19.0\STM32CubeIDE\plugins\com.st.stm32cube.common.mx_6.15.0.202507011659\\db\
2025-07-30 13:28:51,272 [ERROR] CodeGenerator:10662 - The current RTOS owner has not been found in the list of IPs
2025-07-30 13:28:51,273 [INFO] CodeGenerator:1619 - *******************Project context M7 selected
2025-07-30 13:28:51,379 [INFO] CodeEngine:265 - oldGeneratedFile, C:\Users\nicks\STM32CubeIDE\workspace_1.19.0\AFR\AFR_SENSORS\MXTmpFiles\license.tmp_save
2025-07-30 13:28:51,595 [INFO] CodeEngine:289 - Generated code: C:\Users\nicks\STM32CubeIDE\workspace_1.19.0\AFR\AFR_SENSORS\MXTmpFiles\license.tmp
2025-07-30 13:28:51,717 [INFO] CodeEngine:265 - oldGeneratedFile, C:\Users\nicks\STM32CubeIDE\workspace_1.19.0\AFR\AFR_SENSORS\CM7\MXTmpFiles\gpio.tmp_save
2025-07-30 13:28:51,832 [INFO] CodeEngine:289 - Generated code: C:\Users\nicks\STM32CubeIDE\workspace_1.19.0\AFR\AFR_SENSORS\CM7\MXTmpFiles\gpio.tmp
2025-07-30 13:28:52,115 [WARN] IPConfigManager:103 - WARNING: Missing Config File for NVIC1 ip!!
2025-07-30 13:28:52,294 [ERROR] CodeGenerator:10662 - The current RTOS owner has not been found in the list of IPs
2025-07-30 13:28:52,301 [INFO] CodeEngine:265 - oldGeneratedFile, C:\Users\nicks\STM32CubeIDE\workspace_1.19.0\AFR\AFR_SENSORS\CM7\MXTmpFiles\cortex.tmp_save
2025-07-30 13:28:52,354 [INFO] CodeEngine:289 - Generated code: C:\Users\nicks\STM32CubeIDE\workspace_1.19.0\AFR\AFR_SENSORS\CM7\MXTmpFiles\cortex.tmp
2025-07-30 13:28:52,371 [INFO] Middleware:1452 - No code input for Bsp Dependency
2025-07-30 13:28:52,380 [INFO] CodeEngine:265 - oldGeneratedFile, C:\Users\nicks\STM32CubeIDE\workspace_1.19.0\AFR\AFR_SENSORS\CM7\MXTmpFiles\rtos_inc.tmp_save
2025-07-30 13:28:52,421 [INFO] CodeEngine:289 - Generated code: C:\Users\nicks\STM32CubeIDE\workspace_1.19.0\AFR\AFR_SENSORS\CM7\MXTmpFiles\rtos_inc.tmp
2025-07-30 13:28:52,426 [INFO] CodeEngine:265 - oldGeneratedFile, C:\Users\nicks\STM32CubeIDE\workspace_1.19.0\AFR\AFR_SENSORS\CM7\MXTmpFiles\rtos_kernelInit.tmp_save
2025-07-30 13:28:52,473 [INFO] CodeEngine:289 - Generated code: C:\Users\nicks\STM32CubeIDE\workspace_1.19.0\AFR\AFR_SENSORS\CM7\MXTmpFiles\rtos_kernelInit.tmp
2025-07-30 13:28:52,478 [INFO] CodeEngine:265 - oldGeneratedFile, C:\Users\nicks\STM32CubeIDE\workspace_1.19.0\AFR\AFR_SENSORS\CM7\MXTmpFiles\rtos_kernelStart.tmp_save
2025-07-30 13:28:52,520 [INFO] CodeEngine:289 - Generated code: C:\Users\nicks\STM32CubeIDE\workspace_1.19.0\AFR\AFR_SENSORS\CM7\MXTmpFiles\rtos_kernelStart.tmp
2025-07-30 13:28:52,525 [INFO] CodeEngine:265 - oldGeneratedFile, C:\Users\nicks\STM32CubeIDE\workspace_1.19.0\AFR\AFR_SENSORS\CM7\MXTmpFiles\rtos_typedefs.tmp_save
2025-07-30 13:28:52,567 [INFO] CodeEngine:289 - Generated code: C:\Users\nicks\STM32CubeIDE\workspace_1.19.0\AFR\AFR_SENSORS\CM7\MXTmpFiles\rtos_typedefs.tmp
2025-07-30 13:28:52,571 [INFO] CodeEngine:265 - oldGeneratedFile, C:\Users\nicks\STM32CubeIDE\workspace_1.19.0\AFR\AFR_SENSORS\CM7\MXTmpFiles\rtos_vars.tmp_save
2025-07-30 13:28:52,616 [INFO] CodeEngine:289 - Generated code: C:\Users\nicks\STM32CubeIDE\workspace_1.19.0\AFR\AFR_SENSORS\CM7\MXTmpFiles\rtos_vars.tmp
2025-07-30 13:28:52,622 [INFO] CodeEngine:265 - oldGeneratedFile, C:\Users\nicks\STM32CubeIDE\workspace_1.19.0\AFR\AFR_SENSORS\CM7\MXTmpFiles\rtos_pfp.tmp_save
2025-07-30 13:28:52,663 [INFO] CodeEngine:289 - Generated code: C:\Users\nicks\STM32CubeIDE\workspace_1.19.0\AFR\AFR_SENSORS\CM7\MXTmpFiles\rtos_pfp.tmp
2025-07-30 13:28:52,667 [INFO] CodeEngine:265 - oldGeneratedFile, C:\Users\nicks\STM32CubeIDE\workspace_1.19.0\AFR\AFR_SENSORS\CM7\MXTmpFiles\rtos_obj_creat.tmp_save
2025-07-30 13:28:52,709 [INFO] CodeEngine:289 - Generated code: C:\Users\nicks\STM32CubeIDE\workspace_1.19.0\AFR\AFR_SENSORS\CM7\MXTmpFiles\rtos_obj_creat.tmp
2025-07-30 13:28:52,715 [INFO] CodeEngine:265 - oldGeneratedFile, C:\Users\nicks\STM32CubeIDE\workspace_1.19.0\AFR\AFR_SENSORS\CM7\MXTmpFiles\rtos_default_thread.tmp_save
2025-07-30 13:28:52,763 [INFO] CodeEngine:289 - Generated code: C:\Users\nicks\STM32CubeIDE\workspace_1.19.0\AFR\AFR_SENSORS\CM7\MXTmpFiles\rtos_default_thread.tmp
2025-07-30 13:28:52,768 [INFO] CodeEngine:265 - oldGeneratedFile, C:\Users\nicks\STM32CubeIDE\workspace_1.19.0\AFR\AFR_SENSORS\CM7\MXTmpFiles\rtos_threads.tmp_save
2025-07-30 13:28:52,809 [INFO] CodeEngine:289 - Generated code: C:\Users\nicks\STM32CubeIDE\workspace_1.19.0\AFR\AFR_SENSORS\CM7\MXTmpFiles\rtos_threads.tmp
2025-07-30 13:28:52,815 [INFO] CodeEngine:265 - oldGeneratedFile, C:\Users\nicks\STM32CubeIDE\workspace_1.19.0\AFR\AFR_SENSORS\CM7\Core\Inc\FreeRTOSConfig.h_save
2025-07-30 13:28:52,871 [INFO] CodeEngine:289 - Generated code: C:\Users\nicks\STM32CubeIDE\workspace_1.19.0\AFR\AFR_SENSORS\CM7\Core\Inc\FreeRTOSConfig.h
2025-07-30 13:28:52,877 [INFO] CodeEngine:265 - oldGeneratedFile, C:\Users\nicks\STM32CubeIDE\workspace_1.19.0\AFR\AFR_SENSORS\CM7\Core\Src\freertos.c_save
2025-07-30 13:28:52,931 [INFO] CodeEngine:289 - Generated code: C:\Users\nicks\STM32CubeIDE\workspace_1.19.0\AFR\AFR_SENSORS\CM7\Core\Src\freertos.c
2025-07-30 13:28:52,961 [INFO] CodeEngine:265 - oldGeneratedFile, C:\Users\nicks\STM32CubeIDE\workspace_1.19.0\AFR\AFR_SENSORS\CM7\Core\Inc\stm32h7xx_nucleo_conf.h_save
2025-07-30 13:28:53,005 [INFO] CodeEngine:289 - Generated code: C:\Users\nicks\STM32CubeIDE\workspace_1.19.0\AFR\AFR_SENSORS\CM7\Core\Inc\stm32h7xx_nucleo_conf.h
2025-07-30 13:28:53,010 [INFO] CodeEngine:265 - oldGeneratedFile, C:\Users\nicks\STM32CubeIDE\workspace_1.19.0\AFR\AFR_SENSORS\CM7\MXTmpFiles\bsp_inc.tmp_save
2025-07-30 13:28:53,051 [INFO] CodeEngine:289 - Generated code: C:\Users\nicks\STM32CubeIDE\workspace_1.19.0\AFR\AFR_SENSORS\CM7\MXTmpFiles\bsp_inc.tmp
2025-07-30 13:28:53,056 [INFO] CodeEngine:265 - oldGeneratedFile, C:\Users\nicks\STM32CubeIDE\workspace_1.19.0\AFR\AFR_SENSORS\CM7\MXTmpFiles\bsp_common_vars.tmp_save
2025-07-30 13:28:53,095 [INFO] CodeEngine:289 - Generated code: C:\Users\nicks\STM32CubeIDE\workspace_1.19.0\AFR\AFR_SENSORS\CM7\MXTmpFiles\bsp_common_vars.tmp
2025-07-30 13:28:53,100 [INFO] CodeEngine:265 - oldGeneratedFile, C:\Users\nicks\STM32CubeIDE\workspace_1.19.0\AFR\AFR_SENSORS\CM7\MXTmpFiles\bsp_common_init.tmp_save
2025-07-30 13:28:53,138 [INFO] CodeEngine:289 - Generated code: C:\Users\nicks\STM32CubeIDE\workspace_1.19.0\AFR\AFR_SENSORS\CM7\MXTmpFiles\bsp_common_init.tmp
2025-07-30 13:28:53,143 [INFO] CodeEngine:265 - oldGeneratedFile, C:\Users\nicks\STM32CubeIDE\workspace_1.19.0\AFR\AFR_SENSORS\CM7\MXTmpFiles\bsp_common_demo_before_while.tmp_save
2025-07-30 13:28:53,183 [INFO] CodeEngine:289 - Generated code: C:\Users\nicks\STM32CubeIDE\workspace_1.19.0\AFR\AFR_SENSORS\CM7\MXTmpFiles\bsp_common_demo_before_while.tmp
2025-07-30 13:28:53,188 [INFO] CodeEngine:265 - oldGeneratedFile, C:\Users\nicks\STM32CubeIDE\workspace_1.19.0\AFR\AFR_SENSORS\CM7\MXTmpFiles\bsp_common_demo_inside_while.tmp_save
2025-07-30 13:28:53,228 [INFO] CodeEngine:289 - Generated code: C:\Users\nicks\STM32CubeIDE\workspace_1.19.0\AFR\AFR_SENSORS\CM7\MXTmpFiles\bsp_common_demo_inside_while.tmp
2025-07-30 13:28:53,232 [INFO] CodeEngine:265 - oldGeneratedFile, C:\Users\nicks\STM32CubeIDE\workspace_1.19.0\AFR\AFR_SENSORS\CM7\MXTmpFiles\bsp_common_demo_fct.tmp_save
2025-07-30 13:28:53,277 [INFO] CodeEngine:289 - Generated code: C:\Users\nicks\STM32CubeIDE\workspace_1.19.0\AFR\AFR_SENSORS\CM7\MXTmpFiles\bsp_common_demo_fct.tmp
2025-07-30 13:28:53,295 [INFO] CodeEngine:265 - oldGeneratedFile, C:\Users\nicks\STM32CubeIDE\workspace_1.19.0\AFR\AFR_SENSORS\CM7\Core\Src\stm32h7xx_it.c_save
2025-07-30 13:28:53,365 [INFO] CodeEngine:289 - Generated code: C:\Users\nicks\STM32CubeIDE\workspace_1.19.0\AFR\AFR_SENSORS\CM7\Core\Src\stm32h7xx_it.c
2025-07-30 13:28:53,371 [INFO] CodeEngine:265 - oldGeneratedFile, C:\Users\nicks\STM32CubeIDE\workspace_1.19.0\AFR\AFR_SENSORS\CM7\Core\Inc\stm32h7xx_it.h_save
2025-07-30 13:28:53,415 [INFO] CodeEngine:289 - Generated code: C:\Users\nicks\STM32CubeIDE\workspace_1.19.0\AFR\AFR_SENSORS\CM7\Core\Inc\stm32h7xx_it.h
2025-07-30 13:28:53,509 [INFO] CodeEngine:265 - oldGeneratedFile, C:\Users\nicks\STM32CubeIDE\workspace_1.19.0\AFR\AFR_SENSORS\CM7\Core\Src\stm32h7xx_hal_msp.c_save
2025-07-30 13:28:53,601 [INFO] CodeEngine:289 - Generated code: C:\Users\nicks\STM32CubeIDE\workspace_1.19.0\AFR\AFR_SENSORS\CM7\Core\Src\stm32h7xx_hal_msp.c
2025-07-30 13:28:53,606 [INFO] CodeEngine:265 - oldGeneratedFile, C:\Users\nicks\STM32CubeIDE\workspace_1.19.0\AFR\AFR_SENSORS\CM7\MXTmpFiles\system.tmp_save
2025-07-30 13:28:53,646 [INFO] CodeEngine:289 - Generated code: C:\Users\nicks\STM32CubeIDE\workspace_1.19.0\AFR\AFR_SENSORS\CM7\MXTmpFiles\system.tmp
2025-07-30 13:28:53,659 [INFO] CodeEngine:321 - oldGeneratedFile, C:\Users\nicks\STM32CubeIDE\workspace_1.19.0\AFR\AFR_SENSORS\CM7\Core\Inc\stm32h7xx_hal_conf.h_save
2025-07-30 13:28:53,706 [INFO] CodeEngine:345 - Generated code: C:\Users\nicks\STM32CubeIDE\workspace_1.19.0\AFR\AFR_SENSORS\CM7\Core\Inc\stm32h7xx_hal_conf.h
2025-07-30 13:28:53,739 [INFO] ApiDbMcu:532 - Load IP Config File for ADC3
2025-07-30 13:28:53,741 [INFO] ApiDbMcu:532 - Load IP Config File for I2C2
2025-07-30 13:28:53,749 [INFO] ApiDbMcu:532 - Load IP Config File for TIM1
2025-07-30 13:28:53,752 [INFO] ApiDbMcu:532 - Load IP Config File for RCC
2025-07-30 13:28:53,754 [WARN] IPConfigManager:3811 - IP not found : NVIC
2025-07-30 13:28:53,755 [WARN] IPConfigManager:3811 - IP not found : TIM
2025-07-30 13:28:53,756 [WARN] CodeGenerator:4259 - IP not found : null
2025-07-30 13:28:53,756 [WARN] CodeGenerator:4259 - IP not found : null
2025-07-30 13:28:53,764 [INFO] CodeEngine:265 - oldGeneratedFile, C:\Users\nicks\STM32CubeIDE\workspace_1.19.0\AFR\AFR_SENSORS\CM7\Core\Inc\main.h_save
2025-07-30 13:28:53,825 [INFO] CodeEngine:289 - Generated code: C:\Users\nicks\STM32CubeIDE\workspace_1.19.0\AFR\AFR_SENSORS\CM7\Core\Inc\main.h
2025-07-30 13:28:53,831 [INFO] CodeEngine:265 - oldGeneratedFile, C:\Users\nicks\STM32CubeIDE\workspace_1.19.0\AFR\AFR_SENSORS\CM7\Core\Src\main.c_save
2025-07-30 13:28:53,944 [INFO] CodeEngine:289 - Generated code: C:\Users\nicks\STM32CubeIDE\workspace_1.19.0\AFR\AFR_SENSORS\CM7\Core\Src\main.c
2025-07-30 13:28:53,980 [INFO] CodeGenerator:1619 - *******************Project context M4 selected
2025-07-30 13:28:54,021 [INFO] CodeEngine:265 - oldGeneratedFile, C:\Users\nicks\STM32CubeIDE\workspace_1.19.0\AFR\AFR_SENSORS\MXTmpFiles\license.tmp_save
2025-07-30 13:28:54,066 [INFO] CodeEngine:289 - Generated code: C:\Users\nicks\STM32CubeIDE\workspace_1.19.0\AFR\AFR_SENSORS\MXTmpFiles\license.tmp
2025-07-30 13:28:54,078 [INFO] CodeEngine:265 - oldGeneratedFile, C:\Users\nicks\STM32CubeIDE\workspace_1.19.0\AFR\AFR_SENSORS\CM4\MXTmpFiles\gpio.tmp_save
2025-07-30 13:28:54,123 [INFO] CodeEngine:289 - Generated code: C:\Users\nicks\STM32CubeIDE\workspace_1.19.0\AFR\AFR_SENSORS\CM4\MXTmpFiles\gpio.tmp
2025-07-30 13:28:54,150 [WARN] IPConfigManager:103 - WARNING: Missing Config File for NVIC2 ip!!
2025-07-30 13:28:54,163 [INFO] CodeEngine:265 - oldGeneratedFile, C:\Users\nicks\STM32CubeIDE\workspace_1.19.0\AFR\AFR_SENSORS\CM4\MXTmpFiles\cortex.tmp_save
2025-07-30 13:28:54,203 [INFO] CodeEngine:289 - Generated code: C:\Users\nicks\STM32CubeIDE\workspace_1.19.0\AFR\AFR_SENSORS\CM4\MXTmpFiles\cortex.tmp
2025-07-30 13:28:54,230 [INFO] CodeEngine:265 - oldGeneratedFile, C:\Users\nicks\STM32CubeIDE\workspace_1.19.0\AFR\AFR_SENSORS\CM4\Core\Inc\stm32h7xx_nucleo_conf.h_save
2025-07-30 13:28:54,275 [INFO] CodeEngine:289 - Generated code: C:\Users\nicks\STM32CubeIDE\workspace_1.19.0\AFR\AFR_SENSORS\CM4\Core\Inc\stm32h7xx_nucleo_conf.h
2025-07-30 13:28:54,279 [INFO] CodeEngine:265 - oldGeneratedFile, C:\Users\nicks\STM32CubeIDE\workspace_1.19.0\AFR\AFR_SENSORS\CM4\MXTmpFiles\bsp_inc.tmp_save
2025-07-30 13:28:54,318 [INFO] CodeEngine:289 - Generated code: C:\Users\nicks\STM32CubeIDE\workspace_1.19.0\AFR\AFR_SENSORS\CM4\MXTmpFiles\bsp_inc.tmp
2025-07-30 13:28:54,335 [INFO] CodeEngine:265 - oldGeneratedFile, C:\Users\nicks\STM32CubeIDE\workspace_1.19.0\AFR\AFR_SENSORS\CM4\Core\Src\stm32h7xx_it.c_save
2025-07-30 13:28:54,381 [INFO] CodeEngine:289 - Generated code: C:\Users\nicks\STM32CubeIDE\workspace_1.19.0\AFR\AFR_SENSORS\CM4\Core\Src\stm32h7xx_it.c
2025-07-30 13:28:54,386 [INFO] CodeEngine:265 - oldGeneratedFile, C:\Users\nicks\STM32CubeIDE\workspace_1.19.0\AFR\AFR_SENSORS\CM4\Core\Inc\stm32h7xx_it.h_save
2025-07-30 13:28:54,430 [INFO] CodeEngine:289 - Generated code: C:\Users\nicks\STM32CubeIDE\workspace_1.19.0\AFR\AFR_SENSORS\CM4\Core\Inc\stm32h7xx_it.h
2025-07-30 13:28:54,456 [INFO] CodeEngine:265 - oldGeneratedFile, C:\Users\nicks\STM32CubeIDE\workspace_1.19.0\AFR\AFR_SENSORS\CM4\Core\Src\stm32h7xx_hal_msp.c_save
2025-07-30 13:28:54,519 [INFO] CodeEngine:289 - Generated code: C:\Users\nicks\STM32CubeIDE\workspace_1.19.0\AFR\AFR_SENSORS\CM4\Core\Src\stm32h7xx_hal_msp.c
2025-07-30 13:28:54,523 [INFO] CodeEngine:265 - oldGeneratedFile, C:\Users\nicks\STM32CubeIDE\workspace_1.19.0\AFR\AFR_SENSORS\CM4\MXTmpFiles\system.tmp_save
2025-07-30 13:28:54,563 [INFO] CodeEngine:289 - Generated code: C:\Users\nicks\STM32CubeIDE\workspace_1.19.0\AFR\AFR_SENSORS\CM4\MXTmpFiles\system.tmp
2025-07-30 13:28:54,574 [INFO] CodeEngine:321 - oldGeneratedFile, C:\Users\nicks\STM32CubeIDE\workspace_1.19.0\AFR\AFR_SENSORS\CM4\Core\Inc\stm32h7xx_hal_conf.h_save
2025-07-30 13:28:54,621 [INFO] CodeEngine:345 - Generated code: C:\Users\nicks\STM32CubeIDE\workspace_1.19.0\AFR\AFR_SENSORS\CM4\Core\Inc\stm32h7xx_hal_conf.h
2025-07-30 13:28:54,632 [INFO] ApiDbMcu:532 - Load IP Config File for ADC1
2025-07-30 13:28:54,634 [WARN] IPConfigManager:3811 - IP not found : NVIC
2025-07-30 13:28:54,635 [WARN] CodeGenerator:4259 - IP not found : null
2025-07-30 13:28:54,642 [INFO] CodeEngine:265 - oldGeneratedFile, C:\Users\nicks\STM32CubeIDE\workspace_1.19.0\AFR\AFR_SENSORS\CM4\Core\Inc\main.h_save
2025-07-30 13:28:54,689 [INFO] CodeEngine:289 - Generated code: C:\Users\nicks\STM32CubeIDE\workspace_1.19.0\AFR\AFR_SENSORS\CM4\Core\Inc\main.h
2025-07-30 13:28:54,695 [INFO] CodeEngine:265 - oldGeneratedFile, C:\Users\nicks\STM32CubeIDE\workspace_1.19.0\AFR\AFR_SENSORS\CM4\Core\Src\main.c_save
2025-07-30 13:28:54,761 [INFO] CodeEngine:289 - Generated code: C:\Users\nicks\STM32CubeIDE\workspace_1.19.0\AFR\AFR_SENSORS\CM4\Core\Src\main.c
2025-07-30 13:28:55,202 [INFO] ProjectBuilder:3606 - Time for Copy HAL[1] : 288mS.
2025-07-30 13:28:55,218 [INFO] ProjectBuilder:5216 - Project Generator version: 4.7.0-B52
2025-07-30 13:28:55,272 [INFO] ConfigFileManager:1595 - The Die is : DIE450
2025-07-30 13:28:55,941 [INFO] LogOutputStream:77 - [STDOUT_REDIRECT] 
2025-07-30 13:28:55,984 [ERROR] :77 - Fail to create / get project 'AFR_SENSORS' within workspace 'C:/Users/nicks/STM32CubeIDE/workspace_1.19.0/AFR'
2025-07-30 13:28:55,984 [INFO] ProjectBuilder:5496 - Time for Generating toolchain IDE Files: 766mS.
2025-07-30 13:28:55,985 [INFO] ProjectBuilder:3463 - Time for Copy CMSIS : 1mS.
2025-07-30 13:28:55,989 [INFO] ProjectBuilder:3463 - Time for Copy CMSIS : 0mS.
2025-07-30 13:30:11,715 [INFO] UtilMem:75 - End SaveConfig() Used Memory: 665032952 Bytes (919601152)
2025-07-30 13:30:12,567 [INFO] BlockDiagram:2775 - set Specific Code input for plugin: FREERTOS
2025-07-30 13:30:12,567 [INFO] BlockDiagram:2775 - set Specific Code input for plugin: RCC
2025-07-30 13:30:12,567 [INFO] BlockDiagram:2775 - set Specific Code input for plugin: I2C
2025-07-30 13:30:12,567 [INFO] BlockDiagram:2775 - set Specific Code input for plugin: TIM1_8H7
2025-07-30 13:30:12,567 [INFO] BlockDiagram:2775 - set Specific Code input for plugin: SYS
2025-07-30 13:30:12,567 [INFO] BlockDiagram:2775 - set Specific Code input for plugin: ADC
2025-07-30 13:30:12,567 [INFO] BlockDiagram:2775 - set Specific Code input for plugin: ADC
2025-07-30 13:30:12,567 [INFO] BlockDiagram:2775 - set Specific Code input for plugin: NVIC2
2025-07-30 13:30:12,567 [INFO] BlockDiagram:2775 - set Specific Code input for plugin: GPIO
2025-07-30 13:30:12,567 [INFO] BlockDiagram:2775 - set Specific Code input for plugin: SYS_M4
2025-07-30 13:30:12,567 [INFO] BlockDiagram:2775 - set Specific Code input for plugin: NUCLEO-H755ZI-Q
2025-07-30 13:30:12,567 [INFO] BlockDiagram:2775 - set Specific Code input for plugin: NVIC1
2025-07-30 13:30:12,568 [INFO] CodeGenerator:892 - code generatio: config db path: C:\ST\STM32CubeIDE_1.19.0\STM32CubeIDE\plugins\com.st.stm32cube.common.mx_6.15.0.202507011659\\db\
2025-07-30 13:30:12,617 [ERROR] CodeGenerator:10662 - The current RTOS owner has not been found in the list of IPs
2025-07-30 13:30:12,618 [INFO] CodeGenerator:1619 - *******************Project context M7 selected
2025-07-30 13:30:12,660 [INFO] CodeEngine:265 - oldGeneratedFile, C:\Users\nicks\STM32CubeIDE\workspace_1.19.0\AFR\AFR_SENSORS\MXTmpFiles\license.tmp_save
2025-07-30 13:30:12,700 [INFO] CodeEngine:289 - Generated code: C:\Users\nicks\STM32CubeIDE\workspace_1.19.0\AFR\AFR_SENSORS\MXTmpFiles\license.tmp
2025-07-30 13:30:12,742 [INFO] CodeEngine:265 - oldGeneratedFile, C:\Users\nicks\STM32CubeIDE\workspace_1.19.0\AFR\AFR_SENSORS\CM7\MXTmpFiles\gpio.tmp_save
2025-07-30 13:30:12,785 [INFO] CodeEngine:289 - Generated code: C:\Users\nicks\STM32CubeIDE\workspace_1.19.0\AFR\AFR_SENSORS\CM7\MXTmpFiles\gpio.tmp
2025-07-30 13:30:12,991 [ERROR] IocParser:95 - Exception caught: Cannot invoke "java.lang.CharSequence.length()" because "this.text" is null
2025-07-30 13:30:12,998 [WARN] IPConfigManager:103 - WARNING: Missing Config File for NVIC1 ip!!
2025-07-30 13:30:13,128 [ERROR] CodeGenerator:10662 - The current RTOS owner has not been found in the list of IPs
2025-07-30 13:30:13,135 [INFO] CodeEngine:265 - oldGeneratedFile, C:\Users\nicks\STM32CubeIDE\workspace_1.19.0\AFR\AFR_SENSORS\CM7\MXTmpFiles\cortex.tmp_save
2025-07-30 13:30:13,175 [INFO] CodeEngine:289 - Generated code: C:\Users\nicks\STM32CubeIDE\workspace_1.19.0\AFR\AFR_SENSORS\CM7\MXTmpFiles\cortex.tmp
2025-07-30 13:30:13,188 [INFO] Middleware:1452 - No code input for Bsp Dependency
2025-07-30 13:30:13,194 [INFO] CodeEngine:265 - oldGeneratedFile, C:\Users\nicks\STM32CubeIDE\workspace_1.19.0\AFR\AFR_SENSORS\CM7\MXTmpFiles\rtos_inc.tmp_save
2025-07-30 13:30:13,232 [INFO] CodeEngine:289 - Generated code: C:\Users\nicks\STM32CubeIDE\workspace_1.19.0\AFR\AFR_SENSORS\CM7\MXTmpFiles\rtos_inc.tmp
2025-07-30 13:30:13,237 [INFO] CodeEngine:265 - oldGeneratedFile, C:\Users\nicks\STM32CubeIDE\workspace_1.19.0\AFR\AFR_SENSORS\CM7\MXTmpFiles\rtos_kernelInit.tmp_save
2025-07-30 13:30:13,276 [INFO] CodeEngine:289 - Generated code: C:\Users\nicks\STM32CubeIDE\workspace_1.19.0\AFR\AFR_SENSORS\CM7\MXTmpFiles\rtos_kernelInit.tmp
2025-07-30 13:30:13,280 [INFO] CodeEngine:265 - oldGeneratedFile, C:\Users\nicks\STM32CubeIDE\workspace_1.19.0\AFR\AFR_SENSORS\CM7\MXTmpFiles\rtos_kernelStart.tmp_save
2025-07-30 13:30:13,321 [INFO] CodeEngine:289 - Generated code: C:\Users\nicks\STM32CubeIDE\workspace_1.19.0\AFR\AFR_SENSORS\CM7\MXTmpFiles\rtos_kernelStart.tmp
2025-07-30 13:30:13,325 [INFO] CodeEngine:265 - oldGeneratedFile, C:\Users\nicks\STM32CubeIDE\workspace_1.19.0\AFR\AFR_SENSORS\CM7\MXTmpFiles\rtos_typedefs.tmp_save
2025-07-30 13:30:13,363 [INFO] CodeEngine:289 - Generated code: C:\Users\nicks\STM32CubeIDE\workspace_1.19.0\AFR\AFR_SENSORS\CM7\MXTmpFiles\rtos_typedefs.tmp
2025-07-30 13:30:13,367 [INFO] CodeEngine:265 - oldGeneratedFile, C:\Users\nicks\STM32CubeIDE\workspace_1.19.0\AFR\AFR_SENSORS\CM7\MXTmpFiles\rtos_vars.tmp_save
2025-07-30 13:30:13,407 [INFO] CodeEngine:289 - Generated code: C:\Users\nicks\STM32CubeIDE\workspace_1.19.0\AFR\AFR_SENSORS\CM7\MXTmpFiles\rtos_vars.tmp
2025-07-30 13:30:13,412 [INFO] CodeEngine:265 - oldGeneratedFile, C:\Users\nicks\STM32CubeIDE\workspace_1.19.0\AFR\AFR_SENSORS\CM7\MXTmpFiles\rtos_pfp.tmp_save
2025-07-30 13:30:13,451 [INFO] CodeEngine:289 - Generated code: C:\Users\nicks\STM32CubeIDE\workspace_1.19.0\AFR\AFR_SENSORS\CM7\MXTmpFiles\rtos_pfp.tmp
2025-07-30 13:30:13,455 [INFO] CodeEngine:265 - oldGeneratedFile, C:\Users\nicks\STM32CubeIDE\workspace_1.19.0\AFR\AFR_SENSORS\CM7\MXTmpFiles\rtos_obj_creat.tmp_save
2025-07-30 13:30:13,496 [INFO] CodeEngine:289 - Generated code: C:\Users\nicks\STM32CubeIDE\workspace_1.19.0\AFR\AFR_SENSORS\CM7\MXTmpFiles\rtos_obj_creat.tmp
2025-07-30 13:30:13,500 [INFO] CodeEngine:265 - oldGeneratedFile, C:\Users\nicks\STM32CubeIDE\workspace_1.19.0\AFR\AFR_SENSORS\CM7\MXTmpFiles\rtos_default_thread.tmp_save
2025-07-30 13:30:13,539 [INFO] CodeEngine:289 - Generated code: C:\Users\nicks\STM32CubeIDE\workspace_1.19.0\AFR\AFR_SENSORS\CM7\MXTmpFiles\rtos_default_thread.tmp
2025-07-30 13:30:13,543 [INFO] CodeEngine:265 - oldGeneratedFile, C:\Users\nicks\STM32CubeIDE\workspace_1.19.0\AFR\AFR_SENSORS\CM7\MXTmpFiles\rtos_threads.tmp_save
2025-07-30 13:30:13,583 [INFO] CodeEngine:289 - Generated code: C:\Users\nicks\STM32CubeIDE\workspace_1.19.0\AFR\AFR_SENSORS\CM7\MXTmpFiles\rtos_threads.tmp
2025-07-30 13:30:13,588 [INFO] CodeEngine:265 - oldGeneratedFile, C:\Users\nicks\STM32CubeIDE\workspace_1.19.0\AFR\AFR_SENSORS\CM7\Core\Inc\FreeRTOSConfig.h_save
2025-07-30 13:30:13,638 [INFO] CodeEngine:289 - Generated code: C:\Users\nicks\STM32CubeIDE\workspace_1.19.0\AFR\AFR_SENSORS\CM7\Core\Inc\FreeRTOSConfig.h
2025-07-30 13:30:13,644 [INFO] CodeEngine:265 - oldGeneratedFile, C:\Users\nicks\STM32CubeIDE\workspace_1.19.0\AFR\AFR_SENSORS\CM7\Core\Src\freertos.c_save
2025-07-30 13:30:13,687 [INFO] CodeEngine:289 - Generated code: C:\Users\nicks\STM32CubeIDE\workspace_1.19.0\AFR\AFR_SENSORS\CM7\Core\Src\freertos.c
2025-07-30 13:30:13,714 [INFO] CodeEngine:265 - oldGeneratedFile, C:\Users\nicks\STM32CubeIDE\workspace_1.19.0\AFR\AFR_SENSORS\CM7\Core\Inc\stm32h7xx_nucleo_conf.h_save
2025-07-30 13:30:13,756 [INFO] CodeEngine:289 - Generated code: C:\Users\nicks\STM32CubeIDE\workspace_1.19.0\AFR\AFR_SENSORS\CM7\Core\Inc\stm32h7xx_nucleo_conf.h
2025-07-30 13:30:13,761 [INFO] CodeEngine:265 - oldGeneratedFile, C:\Users\nicks\STM32CubeIDE\workspace_1.19.0\AFR\AFR_SENSORS\CM7\MXTmpFiles\bsp_inc.tmp_save
2025-07-30 13:30:13,800 [INFO] CodeEngine:289 - Generated code: C:\Users\nicks\STM32CubeIDE\workspace_1.19.0\AFR\AFR_SENSORS\CM7\MXTmpFiles\bsp_inc.tmp
2025-07-30 13:30:13,804 [INFO] CodeEngine:265 - oldGeneratedFile, C:\Users\nicks\STM32CubeIDE\workspace_1.19.0\AFR\AFR_SENSORS\CM7\MXTmpFiles\bsp_common_vars.tmp_save
2025-07-30 13:30:13,846 [INFO] CodeEngine:289 - Generated code: C:\Users\nicks\STM32CubeIDE\workspace_1.19.0\AFR\AFR_SENSORS\CM7\MXTmpFiles\bsp_common_vars.tmp
2025-07-30 13:30:13,851 [INFO] CodeEngine:265 - oldGeneratedFile, C:\Users\nicks\STM32CubeIDE\workspace_1.19.0\AFR\AFR_SENSORS\CM7\MXTmpFiles\bsp_common_init.tmp_save
2025-07-30 13:30:13,890 [INFO] CodeEngine:289 - Generated code: C:\Users\nicks\STM32CubeIDE\workspace_1.19.0\AFR\AFR_SENSORS\CM7\MXTmpFiles\bsp_common_init.tmp
2025-07-30 13:30:13,895 [INFO] CodeEngine:265 - oldGeneratedFile, C:\Users\nicks\STM32CubeIDE\workspace_1.19.0\AFR\AFR_SENSORS\CM7\MXTmpFiles\bsp_common_demo_before_while.tmp_save
2025-07-30 13:30:13,934 [INFO] CodeEngine:289 - Generated code: C:\Users\nicks\STM32CubeIDE\workspace_1.19.0\AFR\AFR_SENSORS\CM7\MXTmpFiles\bsp_common_demo_before_while.tmp
2025-07-30 13:30:13,938 [INFO] CodeEngine:265 - oldGeneratedFile, C:\Users\nicks\STM32CubeIDE\workspace_1.19.0\AFR\AFR_SENSORS\CM7\MXTmpFiles\bsp_common_demo_inside_while.tmp_save
2025-07-30 13:30:13,976 [INFO] CodeEngine:289 - Generated code: C:\Users\nicks\STM32CubeIDE\workspace_1.19.0\AFR\AFR_SENSORS\CM7\MXTmpFiles\bsp_common_demo_inside_while.tmp
2025-07-30 13:30:13,981 [INFO] CodeEngine:265 - oldGeneratedFile, C:\Users\nicks\STM32CubeIDE\workspace_1.19.0\AFR\AFR_SENSORS\CM7\MXTmpFiles\bsp_common_demo_fct.tmp_save
2025-07-30 13:30:14,020 [INFO] CodeEngine:289 - Generated code: C:\Users\nicks\STM32CubeIDE\workspace_1.19.0\AFR\AFR_SENSORS\CM7\MXTmpFiles\bsp_common_demo_fct.tmp
2025-07-30 13:30:14,037 [INFO] CodeEngine:265 - oldGeneratedFile, C:\Users\nicks\STM32CubeIDE\workspace_1.19.0\AFR\AFR_SENSORS\CM7\Core\Src\stm32h7xx_it.c_save
2025-07-30 13:30:14,091 [INFO] CodeEngine:289 - Generated code: C:\Users\nicks\STM32CubeIDE\workspace_1.19.0\AFR\AFR_SENSORS\CM7\Core\Src\stm32h7xx_it.c
2025-07-30 13:30:14,097 [INFO] CodeEngine:265 - oldGeneratedFile, C:\Users\nicks\STM32CubeIDE\workspace_1.19.0\AFR\AFR_SENSORS\CM7\Core\Inc\stm32h7xx_it.h_save
2025-07-30 13:30:14,140 [INFO] CodeEngine:289 - Generated code: C:\Users\nicks\STM32CubeIDE\workspace_1.19.0\AFR\AFR_SENSORS\CM7\Core\Inc\stm32h7xx_it.h
2025-07-30 13:30:14,229 [INFO] CodeEngine:265 - oldGeneratedFile, C:\Users\nicks\STM32CubeIDE\workspace_1.19.0\AFR\AFR_SENSORS\CM7\Core\Src\stm32h7xx_hal_msp.c_save
2025-07-30 13:30:14,295 [INFO] CodeEngine:289 - Generated code: C:\Users\nicks\STM32CubeIDE\workspace_1.19.0\AFR\AFR_SENSORS\CM7\Core\Src\stm32h7xx_hal_msp.c
2025-07-30 13:30:14,299 [INFO] CodeEngine:265 - oldGeneratedFile, C:\Users\nicks\STM32CubeIDE\workspace_1.19.0\AFR\AFR_SENSORS\CM7\MXTmpFiles\system.tmp_save
2025-07-30 13:30:14,339 [INFO] CodeEngine:289 - Generated code: C:\Users\nicks\STM32CubeIDE\workspace_1.19.0\AFR\AFR_SENSORS\CM7\MXTmpFiles\system.tmp
2025-07-30 13:30:14,350 [INFO] CodeEngine:321 - oldGeneratedFile, C:\Users\nicks\STM32CubeIDE\workspace_1.19.0\AFR\AFR_SENSORS\CM7\Core\Inc\stm32h7xx_hal_conf.h_save
2025-07-30 13:30:14,394 [INFO] CodeEngine:345 - Generated code: C:\Users\nicks\STM32CubeIDE\workspace_1.19.0\AFR\AFR_SENSORS\CM7\Core\Inc\stm32h7xx_hal_conf.h
2025-07-30 13:30:14,412 [WARN] IPConfigManager:3811 - IP not found : NVIC
2025-07-30 13:30:14,412 [WARN] IPConfigManager:3811 - IP not found : TIM
2025-07-30 13:30:14,413 [WARN] CodeGenerator:4259 - IP not found : null
2025-07-30 13:30:14,413 [WARN] CodeGenerator:4259 - IP not found : null
2025-07-30 13:30:14,420 [INFO] CodeEngine:265 - oldGeneratedFile, C:\Users\nicks\STM32CubeIDE\workspace_1.19.0\AFR\AFR_SENSORS\CM7\Core\Inc\main.h_save
2025-07-30 13:30:14,466 [INFO] CodeEngine:289 - Generated code: C:\Users\nicks\STM32CubeIDE\workspace_1.19.0\AFR\AFR_SENSORS\CM7\Core\Inc\main.h
2025-07-30 13:30:14,472 [INFO] CodeEngine:265 - oldGeneratedFile, C:\Users\nicks\STM32CubeIDE\workspace_1.19.0\AFR\AFR_SENSORS\CM7\Core\Src\main.c_save
2025-07-30 13:30:14,557 [INFO] CodeEngine:289 - Generated code: C:\Users\nicks\STM32CubeIDE\workspace_1.19.0\AFR\AFR_SENSORS\CM7\Core\Src\main.c
2025-07-30 13:30:14,608 [INFO] CodeGenerator:1619 - *******************Project context M4 selected
2025-07-30 13:30:14,679 [INFO] CodeEngine:265 - oldGeneratedFile, C:\Users\nicks\STM32CubeIDE\workspace_1.19.0\AFR\AFR_SENSORS\MXTmpFiles\license.tmp_save
2025-07-30 13:30:14,722 [INFO] CodeEngine:289 - Generated code: C:\Users\nicks\STM32CubeIDE\workspace_1.19.0\AFR\AFR_SENSORS\MXTmpFiles\license.tmp
2025-07-30 13:30:14,733 [INFO] CodeEngine:265 - oldGeneratedFile, C:\Users\nicks\STM32CubeIDE\workspace_1.19.0\AFR\AFR_SENSORS\CM4\MXTmpFiles\gpio.tmp_save
2025-07-30 13:30:14,772 [INFO] CodeEngine:289 - Generated code: C:\Users\nicks\STM32CubeIDE\workspace_1.19.0\AFR\AFR_SENSORS\CM4\MXTmpFiles\gpio.tmp
2025-07-30 13:30:14,792 [WARN] IPConfigManager:103 - WARNING: Missing Config File for NVIC2 ip!!
2025-07-30 13:30:14,804 [INFO] CodeEngine:265 - oldGeneratedFile, C:\Users\nicks\STM32CubeIDE\workspace_1.19.0\AFR\AFR_SENSORS\CM4\MXTmpFiles\cortex.tmp_save
2025-07-30 13:30:14,841 [INFO] CodeEngine:289 - Generated code: C:\Users\nicks\STM32CubeIDE\workspace_1.19.0\AFR\AFR_SENSORS\CM4\MXTmpFiles\cortex.tmp
2025-07-30 13:30:14,869 [INFO] CodeEngine:265 - oldGeneratedFile, C:\Users\nicks\STM32CubeIDE\workspace_1.19.0\AFR\AFR_SENSORS\CM4\Core\Inc\stm32h7xx_nucleo_conf.h_save
2025-07-30 13:30:14,911 [INFO] CodeEngine:289 - Generated code: C:\Users\nicks\STM32CubeIDE\workspace_1.19.0\AFR\AFR_SENSORS\CM4\Core\Inc\stm32h7xx_nucleo_conf.h
2025-07-30 13:30:14,916 [INFO] CodeEngine:265 - oldGeneratedFile, C:\Users\nicks\STM32CubeIDE\workspace_1.19.0\AFR\AFR_SENSORS\CM4\MXTmpFiles\bsp_inc.tmp_save
2025-07-30 13:30:14,954 [INFO] CodeEngine:289 - Generated code: C:\Users\nicks\STM32CubeIDE\workspace_1.19.0\AFR\AFR_SENSORS\CM4\MXTmpFiles\bsp_inc.tmp
2025-07-30 13:30:14,971 [INFO] CodeEngine:265 - oldGeneratedFile, C:\Users\nicks\STM32CubeIDE\workspace_1.19.0\AFR\AFR_SENSORS\CM4\Core\Src\stm32h7xx_it.c_save
2025-07-30 13:30:15,016 [INFO] CodeEngine:289 - Generated code: C:\Users\nicks\STM32CubeIDE\workspace_1.19.0\AFR\AFR_SENSORS\CM4\Core\Src\stm32h7xx_it.c
2025-07-30 13:30:15,022 [INFO] CodeEngine:265 - oldGeneratedFile, C:\Users\nicks\STM32CubeIDE\workspace_1.19.0\AFR\AFR_SENSORS\CM4\Core\Inc\stm32h7xx_it.h_save
2025-07-30 13:30:15,064 [INFO] CodeEngine:289 - Generated code: C:\Users\nicks\STM32CubeIDE\workspace_1.19.0\AFR\AFR_SENSORS\CM4\Core\Inc\stm32h7xx_it.h
2025-07-30 13:30:15,089 [INFO] CodeEngine:265 - oldGeneratedFile, C:\Users\nicks\STM32CubeIDE\workspace_1.19.0\AFR\AFR_SENSORS\CM4\Core\Src\stm32h7xx_hal_msp.c_save
2025-07-30 13:30:15,151 [INFO] CodeEngine:289 - Generated code: C:\Users\nicks\STM32CubeIDE\workspace_1.19.0\AFR\AFR_SENSORS\CM4\Core\Src\stm32h7xx_hal_msp.c
2025-07-30 13:30:15,156 [INFO] CodeEngine:265 - oldGeneratedFile, C:\Users\nicks\STM32CubeIDE\workspace_1.19.0\AFR\AFR_SENSORS\CM4\MXTmpFiles\system.tmp_save
2025-07-30 13:30:15,195 [INFO] CodeEngine:289 - Generated code: C:\Users\nicks\STM32CubeIDE\workspace_1.19.0\AFR\AFR_SENSORS\CM4\MXTmpFiles\system.tmp
2025-07-30 13:30:15,206 [INFO] CodeEngine:321 - oldGeneratedFile, C:\Users\nicks\STM32CubeIDE\workspace_1.19.0\AFR\AFR_SENSORS\CM4\Core\Inc\stm32h7xx_hal_conf.h_save
2025-07-30 13:30:15,251 [INFO] CodeEngine:345 - Generated code: C:\Users\nicks\STM32CubeIDE\workspace_1.19.0\AFR\AFR_SENSORS\CM4\Core\Inc\stm32h7xx_hal_conf.h
2025-07-30 13:30:15,261 [WARN] IPConfigManager:3811 - IP not found : NVIC
2025-07-30 13:30:15,262 [WARN] CodeGenerator:4259 - IP not found : null
2025-07-30 13:30:15,269 [INFO] CodeEngine:265 - oldGeneratedFile, C:\Users\nicks\STM32CubeIDE\workspace_1.19.0\AFR\AFR_SENSORS\CM4\Core\Inc\main.h_save
2025-07-30 13:30:15,314 [INFO] CodeEngine:289 - Generated code: C:\Users\nicks\STM32CubeIDE\workspace_1.19.0\AFR\AFR_SENSORS\CM4\Core\Inc\main.h
2025-07-30 13:30:15,320 [INFO] CodeEngine:265 - oldGeneratedFile, C:\Users\nicks\STM32CubeIDE\workspace_1.19.0\AFR\AFR_SENSORS\CM4\Core\Src\main.c_save
2025-07-30 13:30:15,383 [INFO] CodeEngine:289 - Generated code: C:\Users\nicks\STM32CubeIDE\workspace_1.19.0\AFR\AFR_SENSORS\CM4\Core\Src\main.c
2025-07-30 13:30:15,772 [INFO] ProjectBuilder:3606 - Time for Copy HAL[1] : 235mS.
2025-07-30 13:30:15,785 [INFO] ProjectBuilder:5216 - Project Generator version: 4.7.0-B52
2025-07-30 13:30:15,839 [INFO] ConfigFileManager:1595 - The Die is : DIE450
2025-07-30 13:30:16,411 [ERROR] :77 - Fail to create / get project 'AFR_SENSORS' within workspace 'C:/Users/nicks/STM32CubeIDE/workspace_1.19.0/AFR'
2025-07-30 13:30:16,411 [INFO] ProjectBuilder:5496 - Time for Generating toolchain IDE Files: 626mS.
2025-07-30 13:30:16,412 [INFO] ProjectBuilder:3463 - Time for Copy CMSIS : 1mS.
2025-07-30 13:30:16,415 [INFO] ProjectBuilder:3463 - Time for Copy CMSIS : 0mS.
2025-07-30 13:31:18,307 [INFO] I2cTimingTraitement:330 - 0x109090D9
2025-07-30 13:32:03,161 [INFO] Gpio:278 - dependency for GPIO [ADC1, ADC3, I2C2, TIM1]
2025-07-30 13:32:03,239 [INFO] NvicIntPanel:101 - NVIC parent = com.st.microxplorer.plugins.ip.nvic.MultiNvicIntPanel[,0,0,0x0,invalid,layout=javax.swing.BoxLayout,alignmentX=0.0,alignmentY=0.0,border=,flags=9,maximumSize=,minimumSize=,preferredSize=]
2025-07-30 13:32:03,250 [INFO] NvicIntPanel:101 - NVIC parent = com.st.microxplorer.plugins.ip.nvic.MultiNvicIntPanel[,0,0,0x0,invalid,layout=javax.swing.BoxLayout,alignmentX=0.0,alignmentY=0.0,border=,flags=9,maximumSize=,minimumSize=,preferredSize=]
2025-07-30 13:32:04,221 [INFO] Gpio:278 - dependency for GPIO [ADC1, ADC3, I2C2, TIM1]
2025-07-30 13:32:04,284 [INFO] NvicIntPanel:101 - NVIC parent = com.st.microxplorer.plugins.ip.nvic.MultiNvicIntPanel[,0,0,0x0,invalid,layout=javax.swing.BoxLayout,alignmentX=0.0,alignmentY=0.0,border=,flags=9,maximumSize=,minimumSize=,preferredSize=]
2025-07-30 13:32:04,290 [INFO] NvicIntPanel:101 - NVIC parent = com.st.microxplorer.plugins.ip.nvic.MultiNvicIntPanel[,0,0,0x0,invalid,layout=javax.swing.BoxLayout,alignmentX=0.0,alignmentY=0.0,border=,flags=9,maximumSize=,minimumSize=,preferredSize=]
2025-07-30 13:32:06,486 [INFO] Gpio:278 - dependency for GPIO [ADC1, ADC3, I2C2, TIM1]
2025-07-30 13:32:06,537 [INFO] NvicIntPanel:101 - NVIC parent = com.st.microxplorer.plugins.ip.nvic.MultiNvicIntPanel[,0,0,0x0,invalid,layout=javax.swing.BoxLayout,alignmentX=0.0,alignmentY=0.0,border=,flags=9,maximumSize=,minimumSize=,preferredSize=]
2025-07-30 13:32:06,547 [INFO] NvicIntPanel:101 - NVIC parent = com.st.microxplorer.plugins.ip.nvic.MultiNvicIntPanel[,0,0,0x0,invalid,layout=javax.swing.BoxLayout,alignmentX=0.0,alignmentY=0.0,border=,flags=9,maximumSize=,minimumSize=,preferredSize=]
2025-07-30 13:32:07,366 [INFO] Gpio:278 - dependency for GPIO [ADC1, ADC3, I2C2, TIM1]
2025-07-30 13:32:07,401 [INFO] NvicIntPanel:101 - NVIC parent = com.st.microxplorer.plugins.ip.nvic.MultiNvicIntPanel[,0,0,0x0,invalid,layout=javax.swing.BoxLayout,alignmentX=0.0,alignmentY=0.0,border=,flags=9,maximumSize=,minimumSize=,preferredSize=]
2025-07-30 13:32:07,405 [INFO] NvicIntPanel:101 - NVIC parent = com.st.microxplorer.plugins.ip.nvic.MultiNvicIntPanel[,0,0,0x0,invalid,layout=javax.swing.BoxLayout,alignmentX=0.0,alignmentY=0.0,border=,flags=9,maximumSize=,minimumSize=,preferredSize=]
2025-07-30 13:32:16,156 [INFO] Gpio:278 - dependency for GPIO [ADC1, ADC3, I2C2, TIM1]
2025-07-30 13:32:16,204 [INFO] NvicIntPanel:101 - NVIC parent = com.st.microxplorer.plugins.ip.nvic.MultiNvicIntPanel[,0,0,0x0,invalid,layout=javax.swing.BoxLayout,alignmentX=0.0,alignmentY=0.0,border=,flags=9,maximumSize=,minimumSize=,preferredSize=]
2025-07-30 13:32:16,208 [INFO] NvicIntPanel:101 - NVIC parent = com.st.microxplorer.plugins.ip.nvic.MultiNvicIntPanel[,0,0,0x0,invalid,layout=javax.swing.BoxLayout,alignmentX=0.0,alignmentY=0.0,border=,flags=9,maximumSize=,minimumSize=,preferredSize=]
2025-07-30 13:32:16,980 [INFO] Gpio:278 - dependency for GPIO [ADC1, ADC3, I2C2, TIM1]
2025-07-30 13:32:17,012 [INFO] NvicIntPanel:101 - NVIC parent = com.st.microxplorer.plugins.ip.nvic.MultiNvicIntPanel[,0,0,0x0,invalid,layout=javax.swing.BoxLayout,alignmentX=0.0,alignmentY=0.0,border=,flags=9,maximumSize=,minimumSize=,preferredSize=]
2025-07-30 13:32:17,016 [INFO] NvicIntPanel:101 - NVIC parent = com.st.microxplorer.plugins.ip.nvic.MultiNvicIntPanel[,0,0,0x0,invalid,layout=javax.swing.BoxLayout,alignmentX=0.0,alignmentY=0.0,border=,flags=9,maximumSize=,minimumSize=,preferredSize=]
2025-07-30 13:32:20,365 [INFO] Gpio:278 - dependency for GPIO [ADC1, ADC3, I2C2, TIM1]
2025-07-30 13:32:35,781 [INFO] Gpio:278 - dependency for GPIO [ADC1, ADC3, I2C2, TIM1]
2025-07-30 13:32:35,814 [INFO] NvicIntPanel:101 - NVIC parent = com.st.microxplorer.plugins.ip.nvic.MultiNvicIntPanel[,0,0,0x0,invalid,layout=javax.swing.BoxLayout,alignmentX=0.0,alignmentY=0.0,border=,flags=9,maximumSize=,minimumSize=,preferredSize=]
2025-07-30 13:32:35,817 [INFO] NvicIntPanel:101 - NVIC parent = com.st.microxplorer.plugins.ip.nvic.MultiNvicIntPanel[,0,0,0x0,invalid,layout=javax.swing.BoxLayout,alignmentX=0.0,alignmentY=0.0,border=,flags=9,maximumSize=,minimumSize=,preferredSize=]
2025-07-30 13:32:36,555 [INFO] Gpio:278 - dependency for GPIO [ADC1, ADC3, I2C2, TIM1]
2025-07-30 13:32:36,590 [INFO] NvicIntPanel:101 - NVIC parent = com.st.microxplorer.plugins.ip.nvic.MultiNvicIntPanel[,0,0,0x0,invalid,layout=javax.swing.BoxLayout,alignmentX=0.0,alignmentY=0.0,border=,flags=9,maximumSize=,minimumSize=,preferredSize=]
2025-07-30 13:32:36,594 [INFO] NvicIntPanel:101 - NVIC parent = com.st.microxplorer.plugins.ip.nvic.MultiNvicIntPanel[,0,0,0x0,invalid,layout=javax.swing.BoxLayout,alignmentX=0.0,alignmentY=0.0,border=,flags=9,maximumSize=,minimumSize=,preferredSize=]
2025-07-30 13:32:39,439 [INFO] Gpio:278 - dependency for GPIO [ADC1, ADC3, I2C2, TIM1]
2025-07-30 13:32:53,435 [INFO] UtilMem:75 - End SaveConfig() Used Memory: 687768368 Bytes (919601152)
2025-07-30 13:32:53,575 [INFO] UtilMem:75 - End SaveConfig() Used Memory: 354983208 Bytes (919601152)
2025-07-30 13:32:54,194 [INFO] UtilMem:75 - End SaveConfig() Used Memory: 396381920 Bytes (919601152)
2025-07-30 13:32:54,725 [ERROR] IocParser:95 - Exception caught: Cannot invoke "java.lang.CharSequence.length()" because "this.text" is null
2025-07-30 13:32:55,333 [INFO] BlockDiagram:2775 - set Specific Code input for plugin: FREERTOS
2025-07-30 13:32:55,333 [INFO] BlockDiagram:2775 - set Specific Code input for plugin: RCC
2025-07-30 13:32:55,333 [INFO] BlockDiagram:2775 - set Specific Code input for plugin: I2C
2025-07-30 13:32:55,333 [INFO] BlockDiagram:2775 - set Specific Code input for plugin: TIM1_8H7
2025-07-30 13:32:55,333 [INFO] BlockDiagram:2775 - set Specific Code input for plugin: SYS
2025-07-30 13:32:55,333 [INFO] BlockDiagram:2775 - set Specific Code input for plugin: ADC
2025-07-30 13:32:55,333 [INFO] BlockDiagram:2775 - set Specific Code input for plugin: ADC
2025-07-30 13:32:55,333 [INFO] BlockDiagram:2775 - set Specific Code input for plugin: NVIC2
2025-07-30 13:32:55,333 [INFO] BlockDiagram:2775 - set Specific Code input for plugin: GPIO
2025-07-30 13:32:55,333 [INFO] BlockDiagram:2775 - set Specific Code input for plugin: SYS_M4
2025-07-30 13:32:55,333 [INFO] BlockDiagram:2775 - set Specific Code input for plugin: NUCLEO-H755ZI-Q
2025-07-30 13:32:55,333 [INFO] BlockDiagram:2775 - set Specific Code input for plugin: NVIC1
2025-07-30 13:32:55,334 [INFO] CodeGenerator:892 - code generatio: config db path: C:\ST\STM32CubeIDE_1.19.0\STM32CubeIDE\plugins\com.st.stm32cube.common.mx_6.15.0.202507011659\\db\
2025-07-30 13:32:55,384 [ERROR] CodeGenerator:10662 - The current RTOS owner has not been found in the list of IPs
2025-07-30 13:32:55,385 [INFO] CodeGenerator:1619 - *******************Project context M7 selected
2025-07-30 13:32:55,429 [INFO] CodeEngine:265 - oldGeneratedFile, C:\Users\nicks\STM32CubeIDE\workspace_1.19.0\AFR\AFR_SENSORS\MXTmpFiles\license.tmp_save
2025-07-30 13:32:55,540 [INFO] CodeEngine:289 - Generated code: C:\Users\nicks\STM32CubeIDE\workspace_1.19.0\AFR\AFR_SENSORS\MXTmpFiles\license.tmp
2025-07-30 13:32:55,609 [INFO] CodeEngine:265 - oldGeneratedFile, C:\Users\nicks\STM32CubeIDE\workspace_1.19.0\AFR\AFR_SENSORS\CM7\MXTmpFiles\gpio.tmp_save
2025-07-30 13:32:55,680 [INFO] CodeEngine:289 - Generated code: C:\Users\nicks\STM32CubeIDE\workspace_1.19.0\AFR\AFR_SENSORS\CM7\MXTmpFiles\gpio.tmp
2025-07-30 13:32:55,928 [WARN] IPConfigManager:103 - WARNING: Missing Config File for NVIC1 ip!!
2025-07-30 13:32:56,057 [ERROR] CodeGenerator:10662 - The current RTOS owner has not been found in the list of IPs
2025-07-30 13:32:56,064 [INFO] CodeEngine:265 - oldGeneratedFile, C:\Users\nicks\STM32CubeIDE\workspace_1.19.0\AFR\AFR_SENSORS\CM7\MXTmpFiles\cortex.tmp_save
2025-07-30 13:32:56,112 [INFO] CodeEngine:289 - Generated code: C:\Users\nicks\STM32CubeIDE\workspace_1.19.0\AFR\AFR_SENSORS\CM7\MXTmpFiles\cortex.tmp
2025-07-30 13:32:56,127 [INFO] Middleware:1452 - No code input for Bsp Dependency
2025-07-30 13:32:56,133 [INFO] CodeEngine:265 - oldGeneratedFile, C:\Users\nicks\STM32CubeIDE\workspace_1.19.0\AFR\AFR_SENSORS\CM7\MXTmpFiles\rtos_inc.tmp_save
2025-07-30 13:32:56,174 [INFO] CodeEngine:289 - Generated code: C:\Users\nicks\STM32CubeIDE\workspace_1.19.0\AFR\AFR_SENSORS\CM7\MXTmpFiles\rtos_inc.tmp
2025-07-30 13:32:56,179 [INFO] CodeEngine:265 - oldGeneratedFile, C:\Users\nicks\STM32CubeIDE\workspace_1.19.0\AFR\AFR_SENSORS\CM7\MXTmpFiles\rtos_kernelInit.tmp_save
2025-07-30 13:32:56,225 [INFO] CodeEngine:289 - Generated code: C:\Users\nicks\STM32CubeIDE\workspace_1.19.0\AFR\AFR_SENSORS\CM7\MXTmpFiles\rtos_kernelInit.tmp
2025-07-30 13:32:56,230 [INFO] CodeEngine:265 - oldGeneratedFile, C:\Users\nicks\STM32CubeIDE\workspace_1.19.0\AFR\AFR_SENSORS\CM7\MXTmpFiles\rtos_kernelStart.tmp_save
2025-07-30 13:32:56,273 [INFO] CodeEngine:289 - Generated code: C:\Users\nicks\STM32CubeIDE\workspace_1.19.0\AFR\AFR_SENSORS\CM7\MXTmpFiles\rtos_kernelStart.tmp
2025-07-30 13:32:56,278 [INFO] CodeEngine:265 - oldGeneratedFile, C:\Users\nicks\STM32CubeIDE\workspace_1.19.0\AFR\AFR_SENSORS\CM7\MXTmpFiles\rtos_typedefs.tmp_save
2025-07-30 13:32:56,320 [INFO] CodeEngine:289 - Generated code: C:\Users\nicks\STM32CubeIDE\workspace_1.19.0\AFR\AFR_SENSORS\CM7\MXTmpFiles\rtos_typedefs.tmp
2025-07-30 13:32:56,324 [INFO] CodeEngine:265 - oldGeneratedFile, C:\Users\nicks\STM32CubeIDE\workspace_1.19.0\AFR\AFR_SENSORS\CM7\MXTmpFiles\rtos_vars.tmp_save
2025-07-30 13:32:56,366 [INFO] CodeEngine:289 - Generated code: C:\Users\nicks\STM32CubeIDE\workspace_1.19.0\AFR\AFR_SENSORS\CM7\MXTmpFiles\rtos_vars.tmp
2025-07-30 13:32:56,370 [INFO] CodeEngine:265 - oldGeneratedFile, C:\Users\nicks\STM32CubeIDE\workspace_1.19.0\AFR\AFR_SENSORS\CM7\MXTmpFiles\rtos_pfp.tmp_save
2025-07-30 13:32:56,409 [INFO] CodeEngine:289 - Generated code: C:\Users\nicks\STM32CubeIDE\workspace_1.19.0\AFR\AFR_SENSORS\CM7\MXTmpFiles\rtos_pfp.tmp
2025-07-30 13:32:56,414 [INFO] CodeEngine:265 - oldGeneratedFile, C:\Users\nicks\STM32CubeIDE\workspace_1.19.0\AFR\AFR_SENSORS\CM7\MXTmpFiles\rtos_obj_creat.tmp_save
2025-07-30 13:32:56,458 [INFO] CodeEngine:289 - Generated code: C:\Users\nicks\STM32CubeIDE\workspace_1.19.0\AFR\AFR_SENSORS\CM7\MXTmpFiles\rtos_obj_creat.tmp
2025-07-30 13:32:56,463 [INFO] CodeEngine:265 - oldGeneratedFile, C:\Users\nicks\STM32CubeIDE\workspace_1.19.0\AFR\AFR_SENSORS\CM7\MXTmpFiles\rtos_default_thread.tmp_save
2025-07-30 13:32:56,503 [INFO] CodeEngine:289 - Generated code: C:\Users\nicks\STM32CubeIDE\workspace_1.19.0\AFR\AFR_SENSORS\CM7\MXTmpFiles\rtos_default_thread.tmp
2025-07-30 13:32:56,508 [INFO] CodeEngine:265 - oldGeneratedFile, C:\Users\nicks\STM32CubeIDE\workspace_1.19.0\AFR\AFR_SENSORS\CM7\MXTmpFiles\rtos_threads.tmp_save
2025-07-30 13:32:56,548 [INFO] CodeEngine:289 - Generated code: C:\Users\nicks\STM32CubeIDE\workspace_1.19.0\AFR\AFR_SENSORS\CM7\MXTmpFiles\rtos_threads.tmp
2025-07-30 13:32:56,554 [INFO] CodeEngine:265 - oldGeneratedFile, C:\Users\nicks\STM32CubeIDE\workspace_1.19.0\AFR\AFR_SENSORS\CM7\Core\Inc\FreeRTOSConfig.h_save
2025-07-30 13:32:56,613 [INFO] CodeEngine:289 - Generated code: C:\Users\nicks\STM32CubeIDE\workspace_1.19.0\AFR\AFR_SENSORS\CM7\Core\Inc\FreeRTOSConfig.h
2025-07-30 13:32:56,619 [INFO] CodeEngine:265 - oldGeneratedFile, C:\Users\nicks\STM32CubeIDE\workspace_1.19.0\AFR\AFR_SENSORS\CM7\Core\Src\freertos.c_save
2025-07-30 13:32:56,665 [INFO] CodeEngine:289 - Generated code: C:\Users\nicks\STM32CubeIDE\workspace_1.19.0\AFR\AFR_SENSORS\CM7\Core\Src\freertos.c
2025-07-30 13:32:56,693 [INFO] CodeEngine:265 - oldGeneratedFile, C:\Users\nicks\STM32CubeIDE\workspace_1.19.0\AFR\AFR_SENSORS\CM7\Core\Inc\stm32h7xx_nucleo_conf.h_save
2025-07-30 13:32:56,737 [INFO] CodeEngine:289 - Generated code: C:\Users\nicks\STM32CubeIDE\workspace_1.19.0\AFR\AFR_SENSORS\CM7\Core\Inc\stm32h7xx_nucleo_conf.h
2025-07-30 13:32:56,742 [INFO] CodeEngine:265 - oldGeneratedFile, C:\Users\nicks\STM32CubeIDE\workspace_1.19.0\AFR\AFR_SENSORS\CM7\MXTmpFiles\bsp_inc.tmp_save
2025-07-30 13:32:56,782 [INFO] CodeEngine:289 - Generated code: C:\Users\nicks\STM32CubeIDE\workspace_1.19.0\AFR\AFR_SENSORS\CM7\MXTmpFiles\bsp_inc.tmp
2025-07-30 13:32:56,787 [INFO] CodeEngine:265 - oldGeneratedFile, C:\Users\nicks\STM32CubeIDE\workspace_1.19.0\AFR\AFR_SENSORS\CM7\MXTmpFiles\bsp_common_vars.tmp_save
2025-07-30 13:32:56,827 [INFO] CodeEngine:289 - Generated code: C:\Users\nicks\STM32CubeIDE\workspace_1.19.0\AFR\AFR_SENSORS\CM7\MXTmpFiles\bsp_common_vars.tmp
2025-07-30 13:32:56,831 [INFO] CodeEngine:265 - oldGeneratedFile, C:\Users\nicks\STM32CubeIDE\workspace_1.19.0\AFR\AFR_SENSORS\CM7\MXTmpFiles\bsp_common_init.tmp_save
2025-07-30 13:32:56,872 [INFO] CodeEngine:289 - Generated code: C:\Users\nicks\STM32CubeIDE\workspace_1.19.0\AFR\AFR_SENSORS\CM7\MXTmpFiles\bsp_common_init.tmp
2025-07-30 13:32:56,876 [INFO] CodeEngine:265 - oldGeneratedFile, C:\Users\nicks\STM32CubeIDE\workspace_1.19.0\AFR\AFR_SENSORS\CM7\MXTmpFiles\bsp_common_demo_before_while.tmp_save
2025-07-30 13:32:56,916 [INFO] CodeEngine:289 - Generated code: C:\Users\nicks\STM32CubeIDE\workspace_1.19.0\AFR\AFR_SENSORS\CM7\MXTmpFiles\bsp_common_demo_before_while.tmp
2025-07-30 13:32:56,920 [INFO] CodeEngine:265 - oldGeneratedFile, C:\Users\nicks\STM32CubeIDE\workspace_1.19.0\AFR\AFR_SENSORS\CM7\MXTmpFiles\bsp_common_demo_inside_while.tmp_save
2025-07-30 13:32:56,959 [INFO] CodeEngine:289 - Generated code: C:\Users\nicks\STM32CubeIDE\workspace_1.19.0\AFR\AFR_SENSORS\CM7\MXTmpFiles\bsp_common_demo_inside_while.tmp
2025-07-30 13:32:56,964 [INFO] CodeEngine:265 - oldGeneratedFile, C:\Users\nicks\STM32CubeIDE\workspace_1.19.0\AFR\AFR_SENSORS\CM7\MXTmpFiles\bsp_common_demo_fct.tmp_save
2025-07-30 13:32:57,003 [INFO] CodeEngine:289 - Generated code: C:\Users\nicks\STM32CubeIDE\workspace_1.19.0\AFR\AFR_SENSORS\CM7\MXTmpFiles\bsp_common_demo_fct.tmp
2025-07-30 13:32:57,022 [INFO] CodeEngine:265 - oldGeneratedFile, C:\Users\nicks\STM32CubeIDE\workspace_1.19.0\AFR\AFR_SENSORS\CM7\Core\Src\stm32h7xx_it.c_save
2025-07-30 13:32:57,079 [INFO] CodeEngine:289 - Generated code: C:\Users\nicks\STM32CubeIDE\workspace_1.19.0\AFR\AFR_SENSORS\CM7\Core\Src\stm32h7xx_it.c
2025-07-30 13:32:57,085 [INFO] CodeEngine:265 - oldGeneratedFile, C:\Users\nicks\STM32CubeIDE\workspace_1.19.0\AFR\AFR_SENSORS\CM7\Core\Inc\stm32h7xx_it.h_save
2025-07-30 13:32:57,129 [INFO] CodeEngine:289 - Generated code: C:\Users\nicks\STM32CubeIDE\workspace_1.19.0\AFR\AFR_SENSORS\CM7\Core\Inc\stm32h7xx_it.h
2025-07-30 13:32:57,219 [INFO] CodeEngine:265 - oldGeneratedFile, C:\Users\nicks\STM32CubeIDE\workspace_1.19.0\AFR\AFR_SENSORS\CM7\Core\Src\stm32h7xx_hal_msp.c_save
2025-07-30 13:32:57,287 [INFO] CodeEngine:289 - Generated code: C:\Users\nicks\STM32CubeIDE\workspace_1.19.0\AFR\AFR_SENSORS\CM7\Core\Src\stm32h7xx_hal_msp.c
2025-07-30 13:32:57,292 [INFO] CodeEngine:265 - oldGeneratedFile, C:\Users\nicks\STM32CubeIDE\workspace_1.19.0\AFR\AFR_SENSORS\CM7\MXTmpFiles\system.tmp_save
2025-07-30 13:32:57,331 [INFO] CodeEngine:289 - Generated code: C:\Users\nicks\STM32CubeIDE\workspace_1.19.0\AFR\AFR_SENSORS\CM7\MXTmpFiles\system.tmp
2025-07-30 13:32:57,342 [INFO] CodeEngine:321 - oldGeneratedFile, C:\Users\nicks\STM32CubeIDE\workspace_1.19.0\AFR\AFR_SENSORS\CM7\Core\Inc\stm32h7xx_hal_conf.h_save
2025-07-30 13:32:57,388 [INFO] CodeEngine:345 - Generated code: C:\Users\nicks\STM32CubeIDE\workspace_1.19.0\AFR\AFR_SENSORS\CM7\Core\Inc\stm32h7xx_hal_conf.h
2025-07-30 13:32:57,410 [WARN] IPConfigManager:3811 - IP not found : NVIC
2025-07-30 13:32:57,410 [WARN] IPConfigManager:3811 - IP not found : TIM
2025-07-30 13:32:57,411 [WARN] CodeGenerator:4259 - IP not found : null
2025-07-30 13:32:57,411 [WARN] CodeGenerator:4259 - IP not found : null
2025-07-30 13:32:57,418 [INFO] CodeEngine:265 - oldGeneratedFile, C:\Users\nicks\STM32CubeIDE\workspace_1.19.0\AFR\AFR_SENSORS\CM7\Core\Inc\main.h_save
2025-07-30 13:32:57,467 [INFO] CodeEngine:289 - Generated code: C:\Users\nicks\STM32CubeIDE\workspace_1.19.0\AFR\AFR_SENSORS\CM7\Core\Inc\main.h
2025-07-30 13:32:57,473 [INFO] CodeEngine:265 - oldGeneratedFile, C:\Users\nicks\STM32CubeIDE\workspace_1.19.0\AFR\AFR_SENSORS\CM7\Core\Src\main.c_save
2025-07-30 13:32:57,565 [INFO] CodeEngine:289 - Generated code: C:\Users\nicks\STM32CubeIDE\workspace_1.19.0\AFR\AFR_SENSORS\CM7\Core\Src\main.c
2025-07-30 13:32:57,606 [INFO] CodeGenerator:1619 - *******************Project context M4 selected
2025-07-30 13:32:57,648 [INFO] CodeEngine:265 - oldGeneratedFile, C:\Users\nicks\STM32CubeIDE\workspace_1.19.0\AFR\AFR_SENSORS\MXTmpFiles\license.tmp_save
2025-07-30 13:32:57,688 [INFO] CodeEngine:289 - Generated code: C:\Users\nicks\STM32CubeIDE\workspace_1.19.0\AFR\AFR_SENSORS\MXTmpFiles\license.tmp
2025-07-30 13:32:57,698 [INFO] CodeEngine:265 - oldGeneratedFile, C:\Users\nicks\STM32CubeIDE\workspace_1.19.0\AFR\AFR_SENSORS\CM4\MXTmpFiles\gpio.tmp_save
2025-07-30 13:32:57,738 [INFO] CodeEngine:289 - Generated code: C:\Users\nicks\STM32CubeIDE\workspace_1.19.0\AFR\AFR_SENSORS\CM4\MXTmpFiles\gpio.tmp
2025-07-30 13:32:57,761 [WARN] IPConfigManager:103 - WARNING: Missing Config File for NVIC2 ip!!
2025-07-30 13:32:57,773 [INFO] CodeEngine:265 - oldGeneratedFile, C:\Users\nicks\STM32CubeIDE\workspace_1.19.0\AFR\AFR_SENSORS\CM4\MXTmpFiles\cortex.tmp_save
2025-07-30 13:32:57,814 [INFO] CodeEngine:289 - Generated code: C:\Users\nicks\STM32CubeIDE\workspace_1.19.0\AFR\AFR_SENSORS\CM4\MXTmpFiles\cortex.tmp
2025-07-30 13:32:57,840 [INFO] CodeEngine:265 - oldGeneratedFile, C:\Users\nicks\STM32CubeIDE\workspace_1.19.0\AFR\AFR_SENSORS\CM4\Core\Inc\stm32h7xx_nucleo_conf.h_save
2025-07-30 13:32:57,884 [INFO] CodeEngine:289 - Generated code: C:\Users\nicks\STM32CubeIDE\workspace_1.19.0\AFR\AFR_SENSORS\CM4\Core\Inc\stm32h7xx_nucleo_conf.h
2025-07-30 13:32:57,888 [INFO] CodeEngine:265 - oldGeneratedFile, C:\Users\nicks\STM32CubeIDE\workspace_1.19.0\AFR\AFR_SENSORS\CM4\MXTmpFiles\bsp_inc.tmp_save
2025-07-30 13:32:57,929 [INFO] CodeEngine:289 - Generated code: C:\Users\nicks\STM32CubeIDE\workspace_1.19.0\AFR\AFR_SENSORS\CM4\MXTmpFiles\bsp_inc.tmp
2025-07-30 13:32:57,946 [INFO] CodeEngine:265 - oldGeneratedFile, C:\Users\nicks\STM32CubeIDE\workspace_1.19.0\AFR\AFR_SENSORS\CM4\Core\Src\stm32h7xx_it.c_save
2025-07-30 13:32:57,993 [INFO] CodeEngine:289 - Generated code: C:\Users\nicks\STM32CubeIDE\workspace_1.19.0\AFR\AFR_SENSORS\CM4\Core\Src\stm32h7xx_it.c
2025-07-30 13:32:57,999 [INFO] CodeEngine:265 - oldGeneratedFile, C:\Users\nicks\STM32CubeIDE\workspace_1.19.0\AFR\AFR_SENSORS\CM4\Core\Inc\stm32h7xx_it.h_save
2025-07-30 13:32:58,041 [INFO] CodeEngine:289 - Generated code: C:\Users\nicks\STM32CubeIDE\workspace_1.19.0\AFR\AFR_SENSORS\CM4\Core\Inc\stm32h7xx_it.h
2025-07-30 13:32:58,067 [INFO] CodeEngine:265 - oldGeneratedFile, C:\Users\nicks\STM32CubeIDE\workspace_1.19.0\AFR\AFR_SENSORS\CM4\Core\Src\stm32h7xx_hal_msp.c_save
2025-07-30 13:32:58,131 [INFO] CodeEngine:289 - Generated code: C:\Users\nicks\STM32CubeIDE\workspace_1.19.0\AFR\AFR_SENSORS\CM4\Core\Src\stm32h7xx_hal_msp.c
2025-07-30 13:32:58,135 [INFO] CodeEngine:265 - oldGeneratedFile, C:\Users\nicks\STM32CubeIDE\workspace_1.19.0\AFR\AFR_SENSORS\CM4\MXTmpFiles\system.tmp_save
2025-07-30 13:32:58,174 [INFO] CodeEngine:289 - Generated code: C:\Users\nicks\STM32CubeIDE\workspace_1.19.0\AFR\AFR_SENSORS\CM4\MXTmpFiles\system.tmp
2025-07-30 13:32:58,184 [INFO] CodeEngine:321 - oldGeneratedFile, C:\Users\nicks\STM32CubeIDE\workspace_1.19.0\AFR\AFR_SENSORS\CM4\Core\Inc\stm32h7xx_hal_conf.h_save
2025-07-30 13:32:58,230 [INFO] CodeEngine:345 - Generated code: C:\Users\nicks\STM32CubeIDE\workspace_1.19.0\AFR\AFR_SENSORS\CM4\Core\Inc\stm32h7xx_hal_conf.h
2025-07-30 13:32:58,240 [WARN] IPConfigManager:3811 - IP not found : NVIC
2025-07-30 13:32:58,241 [WARN] CodeGenerator:4259 - IP not found : null
2025-07-30 13:32:58,248 [INFO] CodeEngine:265 - oldGeneratedFile, C:\Users\nicks\STM32CubeIDE\workspace_1.19.0\AFR\AFR_SENSORS\CM4\Core\Inc\main.h_save
2025-07-30 13:32:58,295 [INFO] CodeEngine:289 - Generated code: C:\Users\nicks\STM32CubeIDE\workspace_1.19.0\AFR\AFR_SENSORS\CM4\Core\Inc\main.h
2025-07-30 13:32:58,300 [INFO] CodeEngine:265 - oldGeneratedFile, C:\Users\nicks\STM32CubeIDE\workspace_1.19.0\AFR\AFR_SENSORS\CM4\Core\Src\main.c_save
2025-07-30 13:32:58,364 [INFO] CodeEngine:289 - Generated code: C:\Users\nicks\STM32CubeIDE\workspace_1.19.0\AFR\AFR_SENSORS\CM4\Core\Src\main.c
2025-07-30 13:32:58,780 [INFO] ProjectBuilder:3606 - Time for Copy HAL[1] : 226mS.
2025-07-30 13:32:58,793 [INFO] ProjectBuilder:5216 - Project Generator version: 4.7.0-B52
2025-07-30 13:32:58,848 [INFO] ConfigFileManager:1595 - The Die is : DIE450
2025-07-30 13:32:59,453 [ERROR] :77 - Fail to create / get project 'AFR_SENSORS' within workspace 'C:/Users/nicks/STM32CubeIDE/workspace_1.19.0/AFR'
2025-07-30 13:32:59,453 [INFO] ProjectBuilder:5496 - Time for Generating toolchain IDE Files: 660mS.
2025-07-30 13:32:59,454 [INFO] ProjectBuilder:3463 - Time for Copy CMSIS : 0mS.
2025-07-30 13:32:59,459 [INFO] ProjectBuilder:3463 - Time for Copy CMSIS : 0mS.
2025-07-30 13:34:59,658 [INFO] Gpio:278 - dependency for GPIO [ADC1, ADC3, I2C2, TIM1]
2025-07-30 13:34:59,708 [INFO] NvicIntPanel:101 - NVIC parent = com.st.microxplorer.plugins.ip.nvic.MultiNvicIntPanel[,0,0,0x0,invalid,layout=javax.swing.BoxLayout,alignmentX=0.0,alignmentY=0.0,border=,flags=9,maximumSize=,minimumSize=,preferredSize=]
2025-07-30 13:34:59,711 [INFO] NvicIntPanel:101 - NVIC parent = com.st.microxplorer.plugins.ip.nvic.MultiNvicIntPanel[,0,0,0x0,invalid,layout=javax.swing.BoxLayout,alignmentX=0.0,alignmentY=0.0,border=,flags=9,maximumSize=,minimumSize=,preferredSize=]
2025-07-30 13:35:00,526 [INFO] Gpio:278 - dependency for GPIO [ADC1, ADC3, I2C2, TIM1]
2025-07-30 13:35:00,558 [INFO] NvicIntPanel:101 - NVIC parent = com.st.microxplorer.plugins.ip.nvic.MultiNvicIntPanel[,0,0,0x0,invalid,layout=javax.swing.BoxLayout,alignmentX=0.0,alignmentY=0.0,border=,flags=9,maximumSize=,minimumSize=,preferredSize=]
2025-07-30 13:35:00,562 [INFO] NvicIntPanel:101 - NVIC parent = com.st.microxplorer.plugins.ip.nvic.MultiNvicIntPanel[,0,0,0x0,invalid,layout=javax.swing.BoxLayout,alignmentX=0.0,alignmentY=0.0,border=,flags=9,maximumSize=,minimumSize=,preferredSize=]
2025-07-30 13:35:02,988 [INFO] Gpio:278 - dependency for GPIO [ADC1, ADC3, I2C2, TIM1]
2025-07-30 13:35:17,092 [INFO] Gpio:278 - dependency for GPIO [ADC1, ADC3, I2C2, TIM1]
2025-07-30 13:35:17,121 [INFO] NvicIntPanel:101 - NVIC parent = com.st.microxplorer.plugins.ip.nvic.MultiNvicIntPanel[,0,0,0x0,invalid,layout=javax.swing.BoxLayout,alignmentX=0.0,alignmentY=0.0,border=,flags=9,maximumSize=,minimumSize=,preferredSize=]
2025-07-30 13:35:17,124 [INFO] NvicIntPanel:101 - NVIC parent = com.st.microxplorer.plugins.ip.nvic.MultiNvicIntPanel[,0,0,0x0,invalid,layout=javax.swing.BoxLayout,alignmentX=0.0,alignmentY=0.0,border=,flags=9,maximumSize=,minimumSize=,preferredSize=]
2025-07-30 13:35:17,871 [INFO] Gpio:278 - dependency for GPIO [ADC1, ADC3, I2C2, TIM1]
2025-07-30 13:35:17,899 [INFO] NvicIntPanel:101 - NVIC parent = com.st.microxplorer.plugins.ip.nvic.MultiNvicIntPanel[,0,0,0x0,invalid,layout=javax.swing.BoxLayout,alignmentX=0.0,alignmentY=0.0,border=,flags=9,maximumSize=,minimumSize=,preferredSize=]
2025-07-30 13:35:17,902 [INFO] NvicIntPanel:101 - NVIC parent = com.st.microxplorer.plugins.ip.nvic.MultiNvicIntPanel[,0,0,0x0,invalid,layout=javax.swing.BoxLayout,alignmentX=0.0,alignmentY=0.0,border=,flags=9,maximumSize=,minimumSize=,preferredSize=]
2025-07-30 13:35:19,637 [INFO] Gpio:278 - dependency for GPIO [ADC1, ADC3, I2C2, TIM1]
2025-07-30 13:35:45,853 [INFO] Gpio:278 - dependency for GPIO [ADC1, ADC3, I2C2, TIM1]
2025-07-30 13:35:45,895 [INFO] NvicIntPanel:101 - NVIC parent = com.st.microxplorer.plugins.ip.nvic.MultiNvicIntPanel[,0,0,0x0,invalid,layout=javax.swing.BoxLayout,alignmentX=0.0,alignmentY=0.0,border=,flags=9,maximumSize=,minimumSize=,preferredSize=]
2025-07-30 13:35:45,902 [INFO] NvicIntPanel:101 - NVIC parent = com.st.microxplorer.plugins.ip.nvic.MultiNvicIntPanel[,0,0,0x0,invalid,layout=javax.swing.BoxLayout,alignmentX=0.0,alignmentY=0.0,border=,flags=9,maximumSize=,minimumSize=,preferredSize=]
2025-07-30 13:35:46,688 [INFO] Gpio:278 - dependency for GPIO [ADC1, ADC3, I2C2, TIM1]
2025-07-30 13:35:46,716 [INFO] NvicIntPanel:101 - NVIC parent = com.st.microxplorer.plugins.ip.nvic.MultiNvicIntPanel[,0,0,0x0,invalid,layout=javax.swing.BoxLayout,alignmentX=0.0,alignmentY=0.0,border=,flags=9,maximumSize=,minimumSize=,preferredSize=]
2025-07-30 13:35:46,719 [INFO] NvicIntPanel:101 - NVIC parent = com.st.microxplorer.plugins.ip.nvic.MultiNvicIntPanel[,0,0,0x0,invalid,layout=javax.swing.BoxLayout,alignmentX=0.0,alignmentY=0.0,border=,flags=9,maximumSize=,minimumSize=,preferredSize=]
2025-07-30 13:35:49,252 [INFO] Gpio:278 - dependency for GPIO [ADC1, ADC3, I2C2, TIM1]
2025-07-30 13:36:04,261 [INFO] Gpio:278 - dependency for GPIO [ADC1, ADC3, I2C2, TIM1]
2025-07-30 13:36:04,289 [INFO] NvicIntPanel:101 - NVIC parent = com.st.microxplorer.plugins.ip.nvic.MultiNvicIntPanel[,0,0,0x0,invalid,layout=javax.swing.BoxLayout,alignmentX=0.0,alignmentY=0.0,border=,flags=9,maximumSize=,minimumSize=,preferredSize=]
2025-07-30 13:36:04,292 [INFO] NvicIntPanel:101 - NVIC parent = com.st.microxplorer.plugins.ip.nvic.MultiNvicIntPanel[,0,0,0x0,invalid,layout=javax.swing.BoxLayout,alignmentX=0.0,alignmentY=0.0,border=,flags=9,maximumSize=,minimumSize=,preferredSize=]
2025-07-30 13:36:05,056 [INFO] Gpio:278 - dependency for GPIO [ADC1, ADC3, I2C2, TIM1]
2025-07-30 13:36:05,091 [INFO] NvicIntPanel:101 - NVIC parent = com.st.microxplorer.plugins.ip.nvic.MultiNvicIntPanel[,0,0,0x0,invalid,layout=javax.swing.BoxLayout,alignmentX=0.0,alignmentY=0.0,border=,flags=9,maximumSize=,minimumSize=,preferredSize=]
2025-07-30 13:36:05,094 [INFO] NvicIntPanel:101 - NVIC parent = com.st.microxplorer.plugins.ip.nvic.MultiNvicIntPanel[,0,0,0x0,invalid,layout=javax.swing.BoxLayout,alignmentX=0.0,alignmentY=0.0,border=,flags=9,maximumSize=,minimumSize=,preferredSize=]
2025-07-30 13:36:07,018 [INFO] Gpio:278 - dependency for GPIO [ADC1, ADC3, I2C2, TIM1]
2025-07-30 13:36:13,827 [INFO] UtilMem:75 - End SaveConfig() Used Memory: 820967480 Bytes (972029952)
2025-07-30 13:36:13,977 [INFO] UtilMem:75 - End SaveConfig() Used Memory: 358081576 Bytes (972029952)
2025-07-30 13:36:14,661 [INFO] UtilMem:75 - End SaveConfig() Used Memory: 397911200 Bytes (972029952)
2025-07-30 13:36:15,729 [INFO] BlockDiagram:2775 - set Specific Code input for plugin: FREERTOS
2025-07-30 13:36:15,729 [INFO] BlockDiagram:2775 - set Specific Code input for plugin: RCC
2025-07-30 13:36:15,729 [INFO] BlockDiagram:2775 - set Specific Code input for plugin: I2C
2025-07-30 13:36:15,729 [INFO] BlockDiagram:2775 - set Specific Code input for plugin: TIM1_8H7
2025-07-30 13:36:15,729 [INFO] BlockDiagram:2775 - set Specific Code input for plugin: SYS
2025-07-30 13:36:15,729 [INFO] BlockDiagram:2775 - set Specific Code input for plugin: ADC
2025-07-30 13:36:15,729 [INFO] BlockDiagram:2775 - set Specific Code input for plugin: ADC
2025-07-30 13:36:15,729 [INFO] BlockDiagram:2775 - set Specific Code input for plugin: NVIC2
2025-07-30 13:36:15,729 [INFO] BlockDiagram:2775 - set Specific Code input for plugin: GPIO
2025-07-30 13:36:15,729 [INFO] BlockDiagram:2775 - set Specific Code input for plugin: SYS_M4
2025-07-30 13:36:15,729 [INFO] BlockDiagram:2775 - set Specific Code input for plugin: NUCLEO-H755ZI-Q
2025-07-30 13:36:15,729 [INFO] BlockDiagram:2775 - set Specific Code input for plugin: NVIC1
2025-07-30 13:36:15,730 [INFO] CodeGenerator:892 - code generatio: config db path: C:\ST\STM32CubeIDE_1.19.0\STM32CubeIDE\plugins\com.st.stm32cube.common.mx_6.15.0.202507011659\\db\
2025-07-30 13:36:15,779 [ERROR] CodeGenerator:10662 - The current RTOS owner has not been found in the list of IPs
2025-07-30 13:36:15,779 [INFO] CodeGenerator:1619 - *******************Project context M7 selected
2025-07-30 13:36:15,825 [INFO] CodeEngine:265 - oldGeneratedFile, C:\Users\nicks\STM32CubeIDE\workspace_1.19.0\AFR\AFR_SENSORS\MXTmpFiles\license.tmp_save
2025-07-30 13:36:15,942 [INFO] CodeEngine:289 - Generated code: C:\Users\nicks\STM32CubeIDE\workspace_1.19.0\AFR\AFR_SENSORS\MXTmpFiles\license.tmp
2025-07-30 13:36:16,015 [INFO] CodeEngine:265 - oldGeneratedFile, C:\Users\nicks\STM32CubeIDE\workspace_1.19.0\AFR\AFR_SENSORS\CM7\MXTmpFiles\gpio.tmp_save
2025-07-30 13:36:16,081 [INFO] CodeEngine:289 - Generated code: C:\Users\nicks\STM32CubeIDE\workspace_1.19.0\AFR\AFR_SENSORS\CM7\MXTmpFiles\gpio.tmp
2025-07-30 13:36:16,406 [WARN] IPConfigManager:103 - WARNING: Missing Config File for NVIC1 ip!!
2025-07-30 13:36:16,525 [ERROR] IocParser:95 - Exception caught: Cannot invoke "java.lang.CharSequence.length()" because "this.text" is null
2025-07-30 13:36:16,566 [ERROR] CodeGenerator:10662 - The current RTOS owner has not been found in the list of IPs
2025-07-30 13:36:16,574 [INFO] CodeEngine:265 - oldGeneratedFile, C:\Users\nicks\STM32CubeIDE\workspace_1.19.0\AFR\AFR_SENSORS\CM7\MXTmpFiles\cortex.tmp_save
2025-07-30 13:36:16,624 [INFO] CodeEngine:289 - Generated code: C:\Users\nicks\STM32CubeIDE\workspace_1.19.0\AFR\AFR_SENSORS\CM7\MXTmpFiles\cortex.tmp
2025-07-30 13:36:16,640 [INFO] Middleware:1452 - No code input for Bsp Dependency
2025-07-30 13:36:16,647 [INFO] CodeEngine:265 - oldGeneratedFile, C:\Users\nicks\STM32CubeIDE\workspace_1.19.0\AFR\AFR_SENSORS\CM7\MXTmpFiles\rtos_inc.tmp_save
2025-07-30 13:36:16,688 [INFO] CodeEngine:289 - Generated code: C:\Users\nicks\STM32CubeIDE\workspace_1.19.0\AFR\AFR_SENSORS\CM7\MXTmpFiles\rtos_inc.tmp
2025-07-30 13:36:16,692 [INFO] CodeEngine:265 - oldGeneratedFile, C:\Users\nicks\STM32CubeIDE\workspace_1.19.0\AFR\AFR_SENSORS\CM7\MXTmpFiles\rtos_kernelInit.tmp_save
2025-07-30 13:36:16,736 [INFO] CodeEngine:289 - Generated code: C:\Users\nicks\STM32CubeIDE\workspace_1.19.0\AFR\AFR_SENSORS\CM7\MXTmpFiles\rtos_kernelInit.tmp
2025-07-30 13:36:16,741 [INFO] CodeEngine:265 - oldGeneratedFile, C:\Users\nicks\STM32CubeIDE\workspace_1.19.0\AFR\AFR_SENSORS\CM7\MXTmpFiles\rtos_kernelStart.tmp_save
2025-07-30 13:36:16,784 [INFO] CodeEngine:289 - Generated code: C:\Users\nicks\STM32CubeIDE\workspace_1.19.0\AFR\AFR_SENSORS\CM7\MXTmpFiles\rtos_kernelStart.tmp
2025-07-30 13:36:16,788 [INFO] CodeEngine:265 - oldGeneratedFile, C:\Users\nicks\STM32CubeIDE\workspace_1.19.0\AFR\AFR_SENSORS\CM7\MXTmpFiles\rtos_typedefs.tmp_save
2025-07-30 13:36:16,828 [INFO] CodeEngine:289 - Generated code: C:\Users\nicks\STM32CubeIDE\workspace_1.19.0\AFR\AFR_SENSORS\CM7\MXTmpFiles\rtos_typedefs.tmp
2025-07-30 13:36:16,833 [INFO] CodeEngine:265 - oldGeneratedFile, C:\Users\nicks\STM32CubeIDE\workspace_1.19.0\AFR\AFR_SENSORS\CM7\MXTmpFiles\rtos_vars.tmp_save
2025-07-30 13:36:16,874 [INFO] CodeEngine:289 - Generated code: C:\Users\nicks\STM32CubeIDE\workspace_1.19.0\AFR\AFR_SENSORS\CM7\MXTmpFiles\rtos_vars.tmp
2025-07-30 13:36:16,880 [INFO] CodeEngine:265 - oldGeneratedFile, C:\Users\nicks\STM32CubeIDE\workspace_1.19.0\AFR\AFR_SENSORS\CM7\MXTmpFiles\rtos_pfp.tmp_save
2025-07-30 13:36:16,920 [INFO] CodeEngine:289 - Generated code: C:\Users\nicks\STM32CubeIDE\workspace_1.19.0\AFR\AFR_SENSORS\CM7\MXTmpFiles\rtos_pfp.tmp
2025-07-30 13:36:16,924 [INFO] CodeEngine:265 - oldGeneratedFile, C:\Users\nicks\STM32CubeIDE\workspace_1.19.0\AFR\AFR_SENSORS\CM7\MXTmpFiles\rtos_obj_creat.tmp_save
2025-07-30 13:36:16,969 [INFO] CodeEngine:289 - Generated code: C:\Users\nicks\STM32CubeIDE\workspace_1.19.0\AFR\AFR_SENSORS\CM7\MXTmpFiles\rtos_obj_creat.tmp
2025-07-30 13:36:16,974 [INFO] CodeEngine:265 - oldGeneratedFile, C:\Users\nicks\STM32CubeIDE\workspace_1.19.0\AFR\AFR_SENSORS\CM7\MXTmpFiles\rtos_default_thread.tmp_save
2025-07-30 13:36:17,016 [INFO] CodeEngine:289 - Generated code: C:\Users\nicks\STM32CubeIDE\workspace_1.19.0\AFR\AFR_SENSORS\CM7\MXTmpFiles\rtos_default_thread.tmp
2025-07-30 13:36:17,021 [INFO] CodeEngine:265 - oldGeneratedFile, C:\Users\nicks\STM32CubeIDE\workspace_1.19.0\AFR\AFR_SENSORS\CM7\MXTmpFiles\rtos_threads.tmp_save
2025-07-30 13:36:17,059 [INFO] CodeEngine:289 - Generated code: C:\Users\nicks\STM32CubeIDE\workspace_1.19.0\AFR\AFR_SENSORS\CM7\MXTmpFiles\rtos_threads.tmp
2025-07-30 13:36:17,064 [INFO] CodeEngine:265 - oldGeneratedFile, C:\Users\nicks\STM32CubeIDE\workspace_1.19.0\AFR\AFR_SENSORS\CM7\Core\Inc\FreeRTOSConfig.h_save
2025-07-30 13:36:17,126 [INFO] CodeEngine:289 - Generated code: C:\Users\nicks\STM32CubeIDE\workspace_1.19.0\AFR\AFR_SENSORS\CM7\Core\Inc\FreeRTOSConfig.h
2025-07-30 13:36:17,134 [INFO] CodeEngine:265 - oldGeneratedFile, C:\Users\nicks\STM32CubeIDE\workspace_1.19.0\AFR\AFR_SENSORS\CM7\Core\Src\freertos.c_save
2025-07-30 13:36:17,181 [INFO] CodeEngine:289 - Generated code: C:\Users\nicks\STM32CubeIDE\workspace_1.19.0\AFR\AFR_SENSORS\CM7\Core\Src\freertos.c
2025-07-30 13:36:17,214 [INFO] CodeEngine:265 - oldGeneratedFile, C:\Users\nicks\STM32CubeIDE\workspace_1.19.0\AFR\AFR_SENSORS\CM7\Core\Inc\stm32h7xx_nucleo_conf.h_save
2025-07-30 13:36:17,257 [INFO] CodeEngine:289 - Generated code: C:\Users\nicks\STM32CubeIDE\workspace_1.19.0\AFR\AFR_SENSORS\CM7\Core\Inc\stm32h7xx_nucleo_conf.h
2025-07-30 13:36:17,262 [INFO] CodeEngine:265 - oldGeneratedFile, C:\Users\nicks\STM32CubeIDE\workspace_1.19.0\AFR\AFR_SENSORS\CM7\MXTmpFiles\bsp_inc.tmp_save
2025-07-30 13:36:17,301 [INFO] CodeEngine:289 - Generated code: C:\Users\nicks\STM32CubeIDE\workspace_1.19.0\AFR\AFR_SENSORS\CM7\MXTmpFiles\bsp_inc.tmp
2025-07-30 13:36:17,306 [INFO] CodeEngine:265 - oldGeneratedFile, C:\Users\nicks\STM32CubeIDE\workspace_1.19.0\AFR\AFR_SENSORS\CM7\MXTmpFiles\bsp_common_vars.tmp_save
2025-07-30 13:36:17,344 [INFO] CodeEngine:289 - Generated code: C:\Users\nicks\STM32CubeIDE\workspace_1.19.0\AFR\AFR_SENSORS\CM7\MXTmpFiles\bsp_common_vars.tmp
2025-07-30 13:36:17,349 [INFO] CodeEngine:265 - oldGeneratedFile, C:\Users\nicks\STM32CubeIDE\workspace_1.19.0\AFR\AFR_SENSORS\CM7\MXTmpFiles\bsp_common_init.tmp_save
2025-07-30 13:36:17,386 [INFO] CodeEngine:289 - Generated code: C:\Users\nicks\STM32CubeIDE\workspace_1.19.0\AFR\AFR_SENSORS\CM7\MXTmpFiles\bsp_common_init.tmp
2025-07-30 13:36:17,390 [INFO] CodeEngine:265 - oldGeneratedFile, C:\Users\nicks\STM32CubeIDE\workspace_1.19.0\AFR\AFR_SENSORS\CM7\MXTmpFiles\bsp_common_demo_before_while.tmp_save
2025-07-30 13:36:17,430 [INFO] CodeEngine:289 - Generated code: C:\Users\nicks\STM32CubeIDE\workspace_1.19.0\AFR\AFR_SENSORS\CM7\MXTmpFiles\bsp_common_demo_before_while.tmp
2025-07-30 13:36:17,435 [INFO] CodeEngine:265 - oldGeneratedFile, C:\Users\nicks\STM32CubeIDE\workspace_1.19.0\AFR\AFR_SENSORS\CM7\MXTmpFiles\bsp_common_demo_inside_while.tmp_save
2025-07-30 13:36:17,473 [INFO] CodeEngine:289 - Generated code: C:\Users\nicks\STM32CubeIDE\workspace_1.19.0\AFR\AFR_SENSORS\CM7\MXTmpFiles\bsp_common_demo_inside_while.tmp
2025-07-30 13:36:17,477 [INFO] CodeEngine:265 - oldGeneratedFile, C:\Users\nicks\STM32CubeIDE\workspace_1.19.0\AFR\AFR_SENSORS\CM7\MXTmpFiles\bsp_common_demo_fct.tmp_save
2025-07-30 13:36:17,516 [INFO] CodeEngine:289 - Generated code: C:\Users\nicks\STM32CubeIDE\workspace_1.19.0\AFR\AFR_SENSORS\CM7\MXTmpFiles\bsp_common_demo_fct.tmp
2025-07-30 13:36:17,533 [INFO] CodeEngine:265 - oldGeneratedFile, C:\Users\nicks\STM32CubeIDE\workspace_1.19.0\AFR\AFR_SENSORS\CM7\Core\Src\stm32h7xx_it.c_save
2025-07-30 13:36:17,591 [INFO] CodeEngine:289 - Generated code: C:\Users\nicks\STM32CubeIDE\workspace_1.19.0\AFR\AFR_SENSORS\CM7\Core\Src\stm32h7xx_it.c
2025-07-30 13:36:17,597 [INFO] CodeEngine:265 - oldGeneratedFile, C:\Users\nicks\STM32CubeIDE\workspace_1.19.0\AFR\AFR_SENSORS\CM7\Core\Inc\stm32h7xx_it.h_save
2025-07-30 13:36:17,638 [INFO] CodeEngine:289 - Generated code: C:\Users\nicks\STM32CubeIDE\workspace_1.19.0\AFR\AFR_SENSORS\CM7\Core\Inc\stm32h7xx_it.h
2025-07-30 13:36:17,738 [INFO] CodeEngine:265 - oldGeneratedFile, C:\Users\nicks\STM32CubeIDE\workspace_1.19.0\AFR\AFR_SENSORS\CM7\Core\Src\stm32h7xx_hal_msp.c_save
2025-07-30 13:36:17,803 [INFO] CodeEngine:289 - Generated code: C:\Users\nicks\STM32CubeIDE\workspace_1.19.0\AFR\AFR_SENSORS\CM7\Core\Src\stm32h7xx_hal_msp.c
2025-07-30 13:36:17,808 [INFO] CodeEngine:265 - oldGeneratedFile, C:\Users\nicks\STM32CubeIDE\workspace_1.19.0\AFR\AFR_SENSORS\CM7\MXTmpFiles\system.tmp_save
2025-07-30 13:36:17,846 [INFO] CodeEngine:289 - Generated code: C:\Users\nicks\STM32CubeIDE\workspace_1.19.0\AFR\AFR_SENSORS\CM7\MXTmpFiles\system.tmp
2025-07-30 13:36:17,857 [INFO] CodeEngine:321 - oldGeneratedFile, C:\Users\nicks\STM32CubeIDE\workspace_1.19.0\AFR\AFR_SENSORS\CM7\Core\Inc\stm32h7xx_hal_conf.h_save
2025-07-30 13:36:17,903 [INFO] CodeEngine:345 - Generated code: C:\Users\nicks\STM32CubeIDE\workspace_1.19.0\AFR\AFR_SENSORS\CM7\Core\Inc\stm32h7xx_hal_conf.h
2025-07-30 13:36:17,929 [WARN] IPConfigManager:3811 - IP not found : NVIC
2025-07-30 13:36:17,929 [WARN] IPConfigManager:3811 - IP not found : TIM
2025-07-30 13:36:17,930 [WARN] CodeGenerator:4259 - IP not found : null
2025-07-30 13:36:17,930 [WARN] CodeGenerator:4259 - IP not found : null
2025-07-30 13:36:17,937 [INFO] CodeEngine:265 - oldGeneratedFile, C:\Users\nicks\STM32CubeIDE\workspace_1.19.0\AFR\AFR_SENSORS\CM7\Core\Inc\main.h_save
2025-07-30 13:36:17,989 [INFO] CodeEngine:289 - Generated code: C:\Users\nicks\STM32CubeIDE\workspace_1.19.0\AFR\AFR_SENSORS\CM7\Core\Inc\main.h
2025-07-30 13:36:17,995 [INFO] CodeEngine:265 - oldGeneratedFile, C:\Users\nicks\STM32CubeIDE\workspace_1.19.0\AFR\AFR_SENSORS\CM7\Core\Src\main.c_save
2025-07-30 13:36:18,085 [INFO] CodeEngine:289 - Generated code: C:\Users\nicks\STM32CubeIDE\workspace_1.19.0\AFR\AFR_SENSORS\CM7\Core\Src\main.c
2025-07-30 13:36:18,130 [INFO] CodeGenerator:1619 - *******************Project context M4 selected
2025-07-30 13:36:18,177 [INFO] CodeEngine:265 - oldGeneratedFile, C:\Users\nicks\STM32CubeIDE\workspace_1.19.0\AFR\AFR_SENSORS\MXTmpFiles\license.tmp_save
2025-07-30 13:36:18,235 [INFO] CodeEngine:289 - Generated code: C:\Users\nicks\STM32CubeIDE\workspace_1.19.0\AFR\AFR_SENSORS\MXTmpFiles\license.tmp
2025-07-30 13:36:18,248 [INFO] CodeEngine:265 - oldGeneratedFile, C:\Users\nicks\STM32CubeIDE\workspace_1.19.0\AFR\AFR_SENSORS\CM4\MXTmpFiles\gpio.tmp_save
2025-07-30 13:36:18,289 [INFO] CodeEngine:289 - Generated code: C:\Users\nicks\STM32CubeIDE\workspace_1.19.0\AFR\AFR_SENSORS\CM4\MXTmpFiles\gpio.tmp
2025-07-30 13:36:18,309 [WARN] IPConfigManager:103 - WARNING: Missing Config File for NVIC2 ip!!
2025-07-30 13:36:18,320 [INFO] CodeEngine:265 - oldGeneratedFile, C:\Users\nicks\STM32CubeIDE\workspace_1.19.0\AFR\AFR_SENSORS\CM4\MXTmpFiles\cortex.tmp_save
2025-07-30 13:36:18,358 [INFO] CodeEngine:289 - Generated code: C:\Users\nicks\STM32CubeIDE\workspace_1.19.0\AFR\AFR_SENSORS\CM4\MXTmpFiles\cortex.tmp
2025-07-30 13:36:18,387 [INFO] CodeEngine:265 - oldGeneratedFile, C:\Users\nicks\STM32CubeIDE\workspace_1.19.0\AFR\AFR_SENSORS\CM4\Core\Inc\stm32h7xx_nucleo_conf.h_save
2025-07-30 13:36:18,428 [INFO] CodeEngine:289 - Generated code: C:\Users\nicks\STM32CubeIDE\workspace_1.19.0\AFR\AFR_SENSORS\CM4\Core\Inc\stm32h7xx_nucleo_conf.h
2025-07-30 13:36:18,432 [INFO] CodeEngine:265 - oldGeneratedFile, C:\Users\nicks\STM32CubeIDE\workspace_1.19.0\AFR\AFR_SENSORS\CM4\MXTmpFiles\bsp_inc.tmp_save
2025-07-30 13:36:18,471 [INFO] CodeEngine:289 - Generated code: C:\Users\nicks\STM32CubeIDE\workspace_1.19.0\AFR\AFR_SENSORS\CM4\MXTmpFiles\bsp_inc.tmp
2025-07-30 13:36:18,487 [INFO] CodeEngine:265 - oldGeneratedFile, C:\Users\nicks\STM32CubeIDE\workspace_1.19.0\AFR\AFR_SENSORS\CM4\Core\Src\stm32h7xx_it.c_save
2025-07-30 13:36:18,534 [INFO] CodeEngine:289 - Generated code: C:\Users\nicks\STM32CubeIDE\workspace_1.19.0\AFR\AFR_SENSORS\CM4\Core\Src\stm32h7xx_it.c
2025-07-30 13:36:18,539 [INFO] CodeEngine:265 - oldGeneratedFile, C:\Users\nicks\STM32CubeIDE\workspace_1.19.0\AFR\AFR_SENSORS\CM4\Core\Inc\stm32h7xx_it.h_save
2025-07-30 13:36:18,581 [INFO] CodeEngine:289 - Generated code: C:\Users\nicks\STM32CubeIDE\workspace_1.19.0\AFR\AFR_SENSORS\CM4\Core\Inc\stm32h7xx_it.h
2025-07-30 13:36:18,604 [INFO] CodeEngine:265 - oldGeneratedFile, C:\Users\nicks\STM32CubeIDE\workspace_1.19.0\AFR\AFR_SENSORS\CM4\Core\Src\stm32h7xx_hal_msp.c_save
2025-07-30 13:36:18,663 [INFO] CodeEngine:289 - Generated code: C:\Users\nicks\STM32CubeIDE\workspace_1.19.0\AFR\AFR_SENSORS\CM4\Core\Src\stm32h7xx_hal_msp.c
2025-07-30 13:36:18,667 [INFO] CodeEngine:265 - oldGeneratedFile, C:\Users\nicks\STM32CubeIDE\workspace_1.19.0\AFR\AFR_SENSORS\CM4\MXTmpFiles\system.tmp_save
2025-07-30 13:36:18,705 [INFO] CodeEngine:289 - Generated code: C:\Users\nicks\STM32CubeIDE\workspace_1.19.0\AFR\AFR_SENSORS\CM4\MXTmpFiles\system.tmp
2025-07-30 13:36:18,715 [INFO] CodeEngine:321 - oldGeneratedFile, C:\Users\nicks\STM32CubeIDE\workspace_1.19.0\AFR\AFR_SENSORS\CM4\Core\Inc\stm32h7xx_hal_conf.h_save
2025-07-30 13:36:18,759 [INFO] CodeEngine:345 - Generated code: C:\Users\nicks\STM32CubeIDE\workspace_1.19.0\AFR\AFR_SENSORS\CM4\Core\Inc\stm32h7xx_hal_conf.h
2025-07-30 13:36:18,770 [WARN] IPConfigManager:3811 - IP not found : NVIC
2025-07-30 13:36:18,771 [WARN] CodeGenerator:4259 - IP not found : null
2025-07-30 13:36:18,777 [INFO] CodeEngine:265 - oldGeneratedFile, C:\Users\nicks\STM32CubeIDE\workspace_1.19.0\AFR\AFR_SENSORS\CM4\Core\Inc\main.h_save
2025-07-30 13:36:18,821 [INFO] CodeEngine:289 - Generated code: C:\Users\nicks\STM32CubeIDE\workspace_1.19.0\AFR\AFR_SENSORS\CM4\Core\Inc\main.h
2025-07-30 13:36:18,826 [INFO] CodeEngine:265 - oldGeneratedFile, C:\Users\nicks\STM32CubeIDE\workspace_1.19.0\AFR\AFR_SENSORS\CM4\Core\Src\main.c_save
2025-07-30 13:36:18,889 [INFO] CodeEngine:289 - Generated code: C:\Users\nicks\STM32CubeIDE\workspace_1.19.0\AFR\AFR_SENSORS\CM4\Core\Src\main.c
2025-07-30 13:36:19,278 [INFO] ProjectBuilder:3606 - Time for Copy HAL[1] : 230mS.
2025-07-30 13:36:19,290 [INFO] ProjectBuilder:5216 - Project Generator version: 4.7.0-B52
2025-07-30 13:36:19,343 [INFO] ConfigFileManager:1595 - The Die is : DIE450
2025-07-30 13:36:19,964 [ERROR] :77 - Fail to create / get project 'AFR_SENSORS' within workspace 'C:/Users/nicks/STM32CubeIDE/workspace_1.19.0/AFR'
2025-07-30 13:36:19,964 [INFO] ProjectBuilder:5496 - Time for Generating toolchain IDE Files: 674mS.
2025-07-30 13:36:19,965 [INFO] ProjectBuilder:3463 - Time for Copy CMSIS : 1mS.
2025-07-30 13:36:19,970 [INFO] ProjectBuilder:3463 - Time for Copy CMSIS : 0mS.
2025-07-30 13:40:40,736 [INFO] Gpio:278 - dependency for GPIO [ADC1, ADC3, I2C2, TIM1]
2025-07-30 13:40:40,843 [INFO] NvicIntPanel:101 - NVIC parent = com.st.microxplorer.plugins.ip.nvic.MultiNvicIntPanel[,0,0,0x0,invalid,layout=javax.swing.BoxLayout,alignmentX=0.0,alignmentY=0.0,border=,flags=9,maximumSize=,minimumSize=,preferredSize=]
2025-07-30 13:40:40,855 [INFO] NvicIntPanel:101 - NVIC parent = com.st.microxplorer.plugins.ip.nvic.MultiNvicIntPanel[,0,0,0x0,invalid,layout=javax.swing.BoxLayout,alignmentX=0.0,alignmentY=0.0,border=,flags=9,maximumSize=,minimumSize=,preferredSize=]
2025-07-30 13:40:41,941 [INFO] Gpio:278 - dependency for GPIO [ADC1, ADC3, I2C2, TIM1]
2025-07-30 13:40:42,008 [INFO] NvicIntPanel:101 - NVIC parent = com.st.microxplorer.plugins.ip.nvic.MultiNvicIntPanel[,0,0,0x0,invalid,layout=javax.swing.BoxLayout,alignmentX=0.0,alignmentY=0.0,border=,flags=9,maximumSize=,minimumSize=,preferredSize=]
2025-07-30 13:40:42,015 [INFO] NvicIntPanel:101 - NVIC parent = com.st.microxplorer.plugins.ip.nvic.MultiNvicIntPanel[,0,0,0x0,invalid,layout=javax.swing.BoxLayout,alignmentX=0.0,alignmentY=0.0,border=,flags=9,maximumSize=,minimumSize=,preferredSize=]
2025-07-30 13:40:45,733 [INFO] Gpio:278 - dependency for GPIO [ADC1, ADC3, I2C2, TIM1]
2025-07-30 13:41:02,055 [INFO] Gpio:278 - dependency for GPIO [ADC1, ADC3, I2C2, TIM1]
2025-07-30 13:41:02,092 [INFO] NvicIntPanel:101 - NVIC parent = com.st.microxplorer.plugins.ip.nvic.MultiNvicIntPanel[,0,0,0x0,invalid,layout=javax.swing.BoxLayout,alignmentX=0.0,alignmentY=0.0,border=,flags=9,maximumSize=,minimumSize=,preferredSize=]
2025-07-30 13:41:02,097 [INFO] NvicIntPanel:101 - NVIC parent = com.st.microxplorer.plugins.ip.nvic.MultiNvicIntPanel[,0,0,0x0,invalid,layout=javax.swing.BoxLayout,alignmentX=0.0,alignmentY=0.0,border=,flags=9,maximumSize=,minimumSize=,preferredSize=]
2025-07-30 13:41:02,926 [INFO] Gpio:278 - dependency for GPIO [ADC1, ADC3, I2C2, TIM1]
2025-07-30 13:41:02,968 [INFO] NvicIntPanel:101 - NVIC parent = com.st.microxplorer.plugins.ip.nvic.MultiNvicIntPanel[,0,0,0x0,invalid,layout=javax.swing.BoxLayout,alignmentX=0.0,alignmentY=0.0,border=,flags=9,maximumSize=,minimumSize=,preferredSize=]
2025-07-30 13:41:02,974 [INFO] NvicIntPanel:101 - NVIC parent = com.st.microxplorer.plugins.ip.nvic.MultiNvicIntPanel[,0,0,0x0,invalid,layout=javax.swing.BoxLayout,alignmentX=0.0,alignmentY=0.0,border=,flags=9,maximumSize=,minimumSize=,preferredSize=]
2025-07-30 13:41:06,157 [INFO] Gpio:278 - dependency for GPIO [ADC1, ADC3, I2C2, TIM1]
2025-07-30 13:41:12,953 [INFO] UtilMem:75 - End SaveConfig() Used Memory: 568567448 Bytes (1073741824)
2025-07-30 13:41:13,091 [INFO] UtilMem:75 - End SaveConfig() Used Memory: 611494688 Bytes (1073741824)
2025-07-30 13:41:13,727 [INFO] UtilMem:75 - End SaveConfig() Used Memory: 653948656 Bytes (1073741824)
2025-07-30 13:41:14,286 [ERROR] IocParser:95 - Exception caught: Cannot invoke "java.lang.CharSequence.length()" because "this.text" is null
2025-07-30 13:41:14,959 [INFO] BlockDiagram:2775 - set Specific Code input for plugin: FREERTOS
2025-07-30 13:41:14,959 [INFO] BlockDiagram:2775 - set Specific Code input for plugin: RCC
2025-07-30 13:41:14,959 [INFO] BlockDiagram:2775 - set Specific Code input for plugin: I2C
2025-07-30 13:41:14,959 [INFO] BlockDiagram:2775 - set Specific Code input for plugin: TIM1_8H7
2025-07-30 13:41:14,960 [INFO] BlockDiagram:2775 - set Specific Code input for plugin: SYS
2025-07-30 13:41:14,960 [INFO] BlockDiagram:2775 - set Specific Code input for plugin: ADC
2025-07-30 13:41:14,960 [INFO] BlockDiagram:2775 - set Specific Code input for plugin: ADC
2025-07-30 13:41:14,960 [INFO] BlockDiagram:2775 - set Specific Code input for plugin: NVIC2
2025-07-30 13:41:14,960 [INFO] BlockDiagram:2775 - set Specific Code input for plugin: GPIO
2025-07-30 13:41:14,960 [INFO] BlockDiagram:2775 - set Specific Code input for plugin: SYS_M4
2025-07-30 13:41:14,960 [INFO] BlockDiagram:2775 - set Specific Code input for plugin: NUCLEO-H755ZI-Q
2025-07-30 13:41:14,960 [INFO] BlockDiagram:2775 - set Specific Code input for plugin: NVIC1
2025-07-30 13:41:14,961 [INFO] CodeGenerator:892 - code generatio: config db path: C:\ST\STM32CubeIDE_1.19.0\STM32CubeIDE\plugins\com.st.stm32cube.common.mx_6.15.0.202507011659\\db\
2025-07-30 13:41:15,016 [ERROR] CodeGenerator:10662 - The current RTOS owner has not been found in the list of IPs
2025-07-30 13:41:15,016 [INFO] CodeGenerator:1619 - *******************Project context M7 selected
2025-07-30 13:41:15,067 [INFO] CodeEngine:265 - oldGeneratedFile, C:\Users\nicks\STM32CubeIDE\workspace_1.19.0\AFR\AFR_SENSORS\MXTmpFiles\license.tmp_save
2025-07-30 13:41:15,186 [INFO] CodeEngine:289 - Generated code: C:\Users\nicks\STM32CubeIDE\workspace_1.19.0\AFR\AFR_SENSORS\MXTmpFiles\license.tmp
2025-07-30 13:41:15,265 [INFO] CodeEngine:265 - oldGeneratedFile, C:\Users\nicks\STM32CubeIDE\workspace_1.19.0\AFR\AFR_SENSORS\CM7\MXTmpFiles\gpio.tmp_save
2025-07-30 13:41:15,342 [INFO] CodeEngine:289 - Generated code: C:\Users\nicks\STM32CubeIDE\workspace_1.19.0\AFR\AFR_SENSORS\CM7\MXTmpFiles\gpio.tmp
2025-07-30 13:41:15,660 [WARN] IPConfigManager:103 - WARNING: Missing Config File for NVIC1 ip!!
2025-07-30 13:41:15,818 [ERROR] CodeGenerator:10662 - The current RTOS owner has not been found in the list of IPs
2025-07-30 13:41:15,825 [INFO] CodeEngine:265 - oldGeneratedFile, C:\Users\nicks\STM32CubeIDE\workspace_1.19.0\AFR\AFR_SENSORS\CM7\MXTmpFiles\cortex.tmp_save
2025-07-30 13:41:15,874 [INFO] CodeEngine:289 - Generated code: C:\Users\nicks\STM32CubeIDE\workspace_1.19.0\AFR\AFR_SENSORS\CM7\MXTmpFiles\cortex.tmp
2025-07-30 13:41:15,890 [INFO] Middleware:1452 - No code input for Bsp Dependency
2025-07-30 13:41:15,896 [INFO] CodeEngine:265 - oldGeneratedFile, C:\Users\nicks\STM32CubeIDE\workspace_1.19.0\AFR\AFR_SENSORS\CM7\MXTmpFiles\rtos_inc.tmp_save
2025-07-30 13:41:15,940 [INFO] CodeEngine:289 - Generated code: C:\Users\nicks\STM32CubeIDE\workspace_1.19.0\AFR\AFR_SENSORS\CM7\MXTmpFiles\rtos_inc.tmp
2025-07-30 13:41:15,944 [INFO] CodeEngine:265 - oldGeneratedFile, C:\Users\nicks\STM32CubeIDE\workspace_1.19.0\AFR\AFR_SENSORS\CM7\MXTmpFiles\rtos_kernelInit.tmp_save
2025-07-30 13:41:15,990 [INFO] CodeEngine:289 - Generated code: C:\Users\nicks\STM32CubeIDE\workspace_1.19.0\AFR\AFR_SENSORS\CM7\MXTmpFiles\rtos_kernelInit.tmp
2025-07-30 13:41:15,994 [INFO] CodeEngine:265 - oldGeneratedFile, C:\Users\nicks\STM32CubeIDE\workspace_1.19.0\AFR\AFR_SENSORS\CM7\MXTmpFiles\rtos_kernelStart.tmp_save
2025-07-30 13:41:16,034 [INFO] CodeEngine:289 - Generated code: C:\Users\nicks\STM32CubeIDE\workspace_1.19.0\AFR\AFR_SENSORS\CM7\MXTmpFiles\rtos_kernelStart.tmp
2025-07-30 13:41:16,038 [INFO] CodeEngine:265 - oldGeneratedFile, C:\Users\nicks\STM32CubeIDE\workspace_1.19.0\AFR\AFR_SENSORS\CM7\MXTmpFiles\rtos_typedefs.tmp_save
2025-07-30 13:41:16,081 [INFO] CodeEngine:289 - Generated code: C:\Users\nicks\STM32CubeIDE\workspace_1.19.0\AFR\AFR_SENSORS\CM7\MXTmpFiles\rtos_typedefs.tmp
2025-07-30 13:41:16,085 [INFO] CodeEngine:265 - oldGeneratedFile, C:\Users\nicks\STM32CubeIDE\workspace_1.19.0\AFR\AFR_SENSORS\CM7\MXTmpFiles\rtos_vars.tmp_save
2025-07-30 13:41:16,128 [INFO] CodeEngine:289 - Generated code: C:\Users\nicks\STM32CubeIDE\workspace_1.19.0\AFR\AFR_SENSORS\CM7\MXTmpFiles\rtos_vars.tmp
2025-07-30 13:41:16,133 [INFO] CodeEngine:265 - oldGeneratedFile, C:\Users\nicks\STM32CubeIDE\workspace_1.19.0\AFR\AFR_SENSORS\CM7\MXTmpFiles\rtos_pfp.tmp_save
2025-07-30 13:41:16,173 [INFO] CodeEngine:289 - Generated code: C:\Users\nicks\STM32CubeIDE\workspace_1.19.0\AFR\AFR_SENSORS\CM7\MXTmpFiles\rtos_pfp.tmp
2025-07-30 13:41:16,179 [INFO] CodeEngine:265 - oldGeneratedFile, C:\Users\nicks\STM32CubeIDE\workspace_1.19.0\AFR\AFR_SENSORS\CM7\MXTmpFiles\rtos_obj_creat.tmp_save
2025-07-30 13:41:16,222 [INFO] CodeEngine:289 - Generated code: C:\Users\nicks\STM32CubeIDE\workspace_1.19.0\AFR\AFR_SENSORS\CM7\MXTmpFiles\rtos_obj_creat.tmp
2025-07-30 13:41:16,227 [INFO] CodeEngine:265 - oldGeneratedFile, C:\Users\nicks\STM32CubeIDE\workspace_1.19.0\AFR\AFR_SENSORS\CM7\MXTmpFiles\rtos_default_thread.tmp_save
2025-07-30 13:41:16,267 [INFO] CodeEngine:289 - Generated code: C:\Users\nicks\STM32CubeIDE\workspace_1.19.0\AFR\AFR_SENSORS\CM7\MXTmpFiles\rtos_default_thread.tmp
2025-07-30 13:41:16,272 [INFO] CodeEngine:265 - oldGeneratedFile, C:\Users\nicks\STM32CubeIDE\workspace_1.19.0\AFR\AFR_SENSORS\CM7\MXTmpFiles\rtos_threads.tmp_save
2025-07-30 13:41:16,311 [INFO] CodeEngine:289 - Generated code: C:\Users\nicks\STM32CubeIDE\workspace_1.19.0\AFR\AFR_SENSORS\CM7\MXTmpFiles\rtos_threads.tmp
2025-07-30 13:41:16,317 [INFO] CodeEngine:265 - oldGeneratedFile, C:\Users\nicks\STM32CubeIDE\workspace_1.19.0\AFR\AFR_SENSORS\CM7\Core\Inc\FreeRTOSConfig.h_save
2025-07-30 13:41:16,370 [INFO] CodeEngine:289 - Generated code: C:\Users\nicks\STM32CubeIDE\workspace_1.19.0\AFR\AFR_SENSORS\CM7\Core\Inc\FreeRTOSConfig.h
2025-07-30 13:41:16,376 [INFO] CodeEngine:265 - oldGeneratedFile, C:\Users\nicks\STM32CubeIDE\workspace_1.19.0\AFR\AFR_SENSORS\CM7\Core\Src\freertos.c_save
2025-07-30 13:41:16,427 [INFO] CodeEngine:289 - Generated code: C:\Users\nicks\STM32CubeIDE\workspace_1.19.0\AFR\AFR_SENSORS\CM7\Core\Src\freertos.c
2025-07-30 13:41:16,460 [INFO] CodeEngine:265 - oldGeneratedFile, C:\Users\nicks\STM32CubeIDE\workspace_1.19.0\AFR\AFR_SENSORS\CM7\Core\Inc\stm32h7xx_nucleo_conf.h_save
2025-07-30 13:41:16,503 [INFO] CodeEngine:289 - Generated code: C:\Users\nicks\STM32CubeIDE\workspace_1.19.0\AFR\AFR_SENSORS\CM7\Core\Inc\stm32h7xx_nucleo_conf.h
2025-07-30 13:41:16,508 [INFO] CodeEngine:265 - oldGeneratedFile, C:\Users\nicks\STM32CubeIDE\workspace_1.19.0\AFR\AFR_SENSORS\CM7\MXTmpFiles\bsp_inc.tmp_save
2025-07-30 13:41:16,546 [INFO] CodeEngine:289 - Generated code: C:\Users\nicks\STM32CubeIDE\workspace_1.19.0\AFR\AFR_SENSORS\CM7\MXTmpFiles\bsp_inc.tmp
2025-07-30 13:41:16,551 [INFO] CodeEngine:265 - oldGeneratedFile, C:\Users\nicks\STM32CubeIDE\workspace_1.19.0\AFR\AFR_SENSORS\CM7\MXTmpFiles\bsp_common_vars.tmp_save
2025-07-30 13:41:16,591 [INFO] CodeEngine:289 - Generated code: C:\Users\nicks\STM32CubeIDE\workspace_1.19.0\AFR\AFR_SENSORS\CM7\MXTmpFiles\bsp_common_vars.tmp
2025-07-30 13:41:16,596 [INFO] CodeEngine:265 - oldGeneratedFile, C:\Users\nicks\STM32CubeIDE\workspace_1.19.0\AFR\AFR_SENSORS\CM7\MXTmpFiles\bsp_common_init.tmp_save
2025-07-30 13:41:16,635 [INFO] CodeEngine:289 - Generated code: C:\Users\nicks\STM32CubeIDE\workspace_1.19.0\AFR\AFR_SENSORS\CM7\MXTmpFiles\bsp_common_init.tmp
2025-07-30 13:41:16,639 [INFO] CodeEngine:265 - oldGeneratedFile, C:\Users\nicks\STM32CubeIDE\workspace_1.19.0\AFR\AFR_SENSORS\CM7\MXTmpFiles\bsp_common_demo_before_while.tmp_save
2025-07-30 13:41:16,676 [INFO] CodeEngine:289 - Generated code: C:\Users\nicks\STM32CubeIDE\workspace_1.19.0\AFR\AFR_SENSORS\CM7\MXTmpFiles\bsp_common_demo_before_while.tmp
2025-07-30 13:41:16,681 [INFO] CodeEngine:265 - oldGeneratedFile, C:\Users\nicks\STM32CubeIDE\workspace_1.19.0\AFR\AFR_SENSORS\CM7\MXTmpFiles\bsp_common_demo_inside_while.tmp_save
2025-07-30 13:41:16,720 [INFO] CodeEngine:289 - Generated code: C:\Users\nicks\STM32CubeIDE\workspace_1.19.0\AFR\AFR_SENSORS\CM7\MXTmpFiles\bsp_common_demo_inside_while.tmp
2025-07-30 13:41:16,724 [INFO] CodeEngine:265 - oldGeneratedFile, C:\Users\nicks\STM32CubeIDE\workspace_1.19.0\AFR\AFR_SENSORS\CM7\MXTmpFiles\bsp_common_demo_fct.tmp_save
2025-07-30 13:41:16,761 [INFO] CodeEngine:289 - Generated code: C:\Users\nicks\STM32CubeIDE\workspace_1.19.0\AFR\AFR_SENSORS\CM7\MXTmpFiles\bsp_common_demo_fct.tmp
2025-07-30 13:41:16,779 [INFO] CodeEngine:265 - oldGeneratedFile, C:\Users\nicks\STM32CubeIDE\workspace_1.19.0\AFR\AFR_SENSORS\CM7\Core\Src\stm32h7xx_it.c_save
2025-07-30 13:41:16,849 [INFO] CodeEngine:289 - Generated code: C:\Users\nicks\STM32CubeIDE\workspace_1.19.0\AFR\AFR_SENSORS\CM7\Core\Src\stm32h7xx_it.c
2025-07-30 13:41:16,855 [INFO] CodeEngine:265 - oldGeneratedFile, C:\Users\nicks\STM32CubeIDE\workspace_1.19.0\AFR\AFR_SENSORS\CM7\Core\Inc\stm32h7xx_it.h_save
2025-07-30 13:41:16,898 [INFO] CodeEngine:289 - Generated code: C:\Users\nicks\STM32CubeIDE\workspace_1.19.0\AFR\AFR_SENSORS\CM7\Core\Inc\stm32h7xx_it.h
2025-07-30 13:41:17,003 [INFO] CodeEngine:265 - oldGeneratedFile, C:\Users\nicks\STM32CubeIDE\workspace_1.19.0\AFR\AFR_SENSORS\CM7\Core\Src\stm32h7xx_hal_msp.c_save
2025-07-30 13:41:17,072 [INFO] CodeEngine:289 - Generated code: C:\Users\nicks\STM32CubeIDE\workspace_1.19.0\AFR\AFR_SENSORS\CM7\Core\Src\stm32h7xx_hal_msp.c
2025-07-30 13:41:17,077 [INFO] CodeEngine:265 - oldGeneratedFile, C:\Users\nicks\STM32CubeIDE\workspace_1.19.0\AFR\AFR_SENSORS\CM7\MXTmpFiles\system.tmp_save
2025-07-30 13:41:17,118 [INFO] CodeEngine:289 - Generated code: C:\Users\nicks\STM32CubeIDE\workspace_1.19.0\AFR\AFR_SENSORS\CM7\MXTmpFiles\system.tmp
2025-07-30 13:41:17,132 [INFO] CodeEngine:321 - oldGeneratedFile, C:\Users\nicks\STM32CubeIDE\workspace_1.19.0\AFR\AFR_SENSORS\CM7\Core\Inc\stm32h7xx_hal_conf.h_save
2025-07-30 13:41:17,178 [INFO] CodeEngine:345 - Generated code: C:\Users\nicks\STM32CubeIDE\workspace_1.19.0\AFR\AFR_SENSORS\CM7\Core\Inc\stm32h7xx_hal_conf.h
2025-07-30 13:41:17,200 [WARN] IPConfigManager:3811 - IP not found : NVIC
2025-07-30 13:41:17,200 [WARN] IPConfigManager:3811 - IP not found : TIM
2025-07-30 13:41:17,201 [WARN] CodeGenerator:4259 - IP not found : null
2025-07-30 13:41:17,201 [WARN] CodeGenerator:4259 - IP not found : null
2025-07-30 13:41:17,208 [INFO] CodeEngine:265 - oldGeneratedFile, C:\Users\nicks\STM32CubeIDE\workspace_1.19.0\AFR\AFR_SENSORS\CM7\Core\Inc\main.h_save
2025-07-30 13:41:17,258 [INFO] CodeEngine:289 - Generated code: C:\Users\nicks\STM32CubeIDE\workspace_1.19.0\AFR\AFR_SENSORS\CM7\Core\Inc\main.h
2025-07-30 13:41:17,265 [INFO] CodeEngine:265 - oldGeneratedFile, C:\Users\nicks\STM32CubeIDE\workspace_1.19.0\AFR\AFR_SENSORS\CM7\Core\Src\main.c_save
2025-07-30 13:41:17,359 [INFO] CodeEngine:289 - Generated code: C:\Users\nicks\STM32CubeIDE\workspace_1.19.0\AFR\AFR_SENSORS\CM7\Core\Src\main.c
2025-07-30 13:41:17,412 [INFO] CodeGenerator:1619 - *******************Project context M4 selected
2025-07-30 13:41:17,466 [INFO] CodeEngine:265 - oldGeneratedFile, C:\Users\nicks\STM32CubeIDE\workspace_1.19.0\AFR\AFR_SENSORS\MXTmpFiles\license.tmp_save
2025-07-30 13:41:17,515 [INFO] CodeEngine:289 - Generated code: C:\Users\nicks\STM32CubeIDE\workspace_1.19.0\AFR\AFR_SENSORS\MXTmpFiles\license.tmp
2025-07-30 13:41:17,527 [INFO] CodeEngine:265 - oldGeneratedFile, C:\Users\nicks\STM32CubeIDE\workspace_1.19.0\AFR\AFR_SENSORS\CM4\MXTmpFiles\gpio.tmp_save
2025-07-30 13:41:17,567 [INFO] CodeEngine:289 - Generated code: C:\Users\nicks\STM32CubeIDE\workspace_1.19.0\AFR\AFR_SENSORS\CM4\MXTmpFiles\gpio.tmp
2025-07-30 13:41:17,588 [WARN] IPConfigManager:103 - WARNING: Missing Config File for NVIC2 ip!!
2025-07-30 13:41:17,601 [INFO] CodeEngine:265 - oldGeneratedFile, C:\Users\nicks\STM32CubeIDE\workspace_1.19.0\AFR\AFR_SENSORS\CM4\MXTmpFiles\cortex.tmp_save
2025-07-30 13:41:17,641 [INFO] CodeEngine:289 - Generated code: C:\Users\nicks\STM32CubeIDE\workspace_1.19.0\AFR\AFR_SENSORS\CM4\MXTmpFiles\cortex.tmp
2025-07-30 13:41:17,671 [INFO] CodeEngine:265 - oldGeneratedFile, C:\Users\nicks\STM32CubeIDE\workspace_1.19.0\AFR\AFR_SENSORS\CM4\Core\Inc\stm32h7xx_nucleo_conf.h_save
2025-07-30 13:41:17,714 [INFO] CodeEngine:289 - Generated code: C:\Users\nicks\STM32CubeIDE\workspace_1.19.0\AFR\AFR_SENSORS\CM4\Core\Inc\stm32h7xx_nucleo_conf.h
2025-07-30 13:41:17,720 [INFO] CodeEngine:265 - oldGeneratedFile, C:\Users\nicks\STM32CubeIDE\workspace_1.19.0\AFR\AFR_SENSORS\CM4\MXTmpFiles\bsp_inc.tmp_save
2025-07-30 13:41:17,757 [INFO] CodeEngine:289 - Generated code: C:\Users\nicks\STM32CubeIDE\workspace_1.19.0\AFR\AFR_SENSORS\CM4\MXTmpFiles\bsp_inc.tmp
2025-07-30 13:41:17,772 [INFO] CodeEngine:265 - oldGeneratedFile, C:\Users\nicks\STM32CubeIDE\workspace_1.19.0\AFR\AFR_SENSORS\CM4\Core\Src\stm32h7xx_it.c_save
2025-07-30 13:41:17,818 [INFO] CodeEngine:289 - Generated code: C:\Users\nicks\STM32CubeIDE\workspace_1.19.0\AFR\AFR_SENSORS\CM4\Core\Src\stm32h7xx_it.c
2025-07-30 13:41:17,824 [INFO] CodeEngine:265 - oldGeneratedFile, C:\Users\nicks\STM32CubeIDE\workspace_1.19.0\AFR\AFR_SENSORS\CM4\Core\Inc\stm32h7xx_it.h_save
2025-07-30 13:41:17,865 [INFO] CodeEngine:289 - Generated code: C:\Users\nicks\STM32CubeIDE\workspace_1.19.0\AFR\AFR_SENSORS\CM4\Core\Inc\stm32h7xx_it.h
2025-07-30 13:41:17,889 [INFO] CodeEngine:265 - oldGeneratedFile, C:\Users\nicks\STM32CubeIDE\workspace_1.19.0\AFR\AFR_SENSORS\CM4\Core\Src\stm32h7xx_hal_msp.c_save
2025-07-30 13:41:17,948 [INFO] CodeEngine:289 - Generated code: C:\Users\nicks\STM32CubeIDE\workspace_1.19.0\AFR\AFR_SENSORS\CM4\Core\Src\stm32h7xx_hal_msp.c
2025-07-30 13:41:17,952 [INFO] CodeEngine:265 - oldGeneratedFile, C:\Users\nicks\STM32CubeIDE\workspace_1.19.0\AFR\AFR_SENSORS\CM4\MXTmpFiles\system.tmp_save
2025-07-30 13:41:17,990 [INFO] CodeEngine:289 - Generated code: C:\Users\nicks\STM32CubeIDE\workspace_1.19.0\AFR\AFR_SENSORS\CM4\MXTmpFiles\system.tmp
2025-07-30 13:41:18,000 [INFO] CodeEngine:321 - oldGeneratedFile, C:\Users\nicks\STM32CubeIDE\workspace_1.19.0\AFR\AFR_SENSORS\CM4\Core\Inc\stm32h7xx_hal_conf.h_save
2025-07-30 13:41:18,043 [INFO] CodeEngine:345 - Generated code: C:\Users\nicks\STM32CubeIDE\workspace_1.19.0\AFR\AFR_SENSORS\CM4\Core\Inc\stm32h7xx_hal_conf.h
2025-07-30 13:41:18,053 [WARN] IPConfigManager:3811 - IP not found : NVIC
2025-07-30 13:41:18,054 [WARN] CodeGenerator:4259 - IP not found : null
2025-07-30 13:41:18,061 [INFO] CodeEngine:265 - oldGeneratedFile, C:\Users\nicks\STM32CubeIDE\workspace_1.19.0\AFR\AFR_SENSORS\CM4\Core\Inc\main.h_save
2025-07-30 13:41:18,106 [INFO] CodeEngine:289 - Generated code: C:\Users\nicks\STM32CubeIDE\workspace_1.19.0\AFR\AFR_SENSORS\CM4\Core\Inc\main.h
2025-07-30 13:41:18,112 [INFO] CodeEngine:265 - oldGeneratedFile, C:\Users\nicks\STM32CubeIDE\workspace_1.19.0\AFR\AFR_SENSORS\CM4\Core\Src\main.c_save
2025-07-30 13:41:18,177 [INFO] CodeEngine:289 - Generated code: C:\Users\nicks\STM32CubeIDE\workspace_1.19.0\AFR\AFR_SENSORS\CM4\Core\Src\main.c
2025-07-30 13:41:18,574 [INFO] ProjectBuilder:3606 - Time for Copy HAL[1] : 230mS.
2025-07-30 13:41:18,587 [INFO] ProjectBuilder:5216 - Project Generator version: 4.7.0-B52
2025-07-30 13:41:18,645 [INFO] ConfigFileManager:1595 - The Die is : DIE450
2025-07-30 13:41:19,272 [ERROR] :77 - Fail to create / get project 'AFR_SENSORS' within workspace 'C:/Users/nicks/STM32CubeIDE/workspace_1.19.0/AFR'
2025-07-30 13:41:19,273 [INFO] ProjectBuilder:5496 - Time for Generating toolchain IDE Files: 686mS.
2025-07-30 13:41:19,273 [INFO] ProjectBuilder:3463 - Time for Copy CMSIS : 0mS.
2025-07-30 13:41:19,277 [INFO] ProjectBuilder:3463 - Time for Copy CMSIS : 0mS.
2025-07-30 13:41:30,433 [INFO] Gpio:278 - dependency for GPIO [ADC1, ADC3, I2C2, TIM1]
2025-07-30 13:41:30,465 [INFO] NvicIntPanel:101 - NVIC parent = com.st.microxplorer.plugins.ip.nvic.MultiNvicIntPanel[,0,0,0x0,invalid,layout=javax.swing.BoxLayout,alignmentX=0.0,alignmentY=0.0,border=,flags=9,maximumSize=,minimumSize=,preferredSize=]
2025-07-30 13:41:30,469 [INFO] NvicIntPanel:101 - NVIC parent = com.st.microxplorer.plugins.ip.nvic.MultiNvicIntPanel[,0,0,0x0,invalid,layout=javax.swing.BoxLayout,alignmentX=0.0,alignmentY=0.0,border=,flags=9,maximumSize=,minimumSize=,preferredSize=]
2025-07-30 13:41:31,215 [INFO] Gpio:278 - dependency for GPIO [ADC1, ADC3, I2C2, TIM1]
2025-07-30 13:41:31,248 [INFO] NvicIntPanel:101 - NVIC parent = com.st.microxplorer.plugins.ip.nvic.MultiNvicIntPanel[,0,0,0x0,invalid,layout=javax.swing.BoxLayout,alignmentX=0.0,alignmentY=0.0,border=,flags=9,maximumSize=,minimumSize=,preferredSize=]
2025-07-30 13:41:31,250 [INFO] NvicIntPanel:101 - NVIC parent = com.st.microxplorer.plugins.ip.nvic.MultiNvicIntPanel[,0,0,0x0,invalid,layout=javax.swing.BoxLayout,alignmentX=0.0,alignmentY=0.0,border=,flags=9,maximumSize=,minimumSize=,preferredSize=]
2025-07-30 13:41:35,229 [INFO] Gpio:278 - dependency for GPIO [ADC1, ADC3, I2C2, TIM1]
2025-07-30 13:41:46,486 [INFO] Gpio:278 - dependency for GPIO [ADC1, ADC3, I2C2, TIM1]
2025-07-30 13:41:46,517 [INFO] NvicIntPanel:101 - NVIC parent = com.st.microxplorer.plugins.ip.nvic.MultiNvicIntPanel[,0,0,0x0,invalid,layout=javax.swing.BoxLayout,alignmentX=0.0,alignmentY=0.0,border=,flags=9,maximumSize=,minimumSize=,preferredSize=]
2025-07-30 13:41:46,520 [INFO] NvicIntPanel:101 - NVIC parent = com.st.microxplorer.plugins.ip.nvic.MultiNvicIntPanel[,0,0,0x0,invalid,layout=javax.swing.BoxLayout,alignmentX=0.0,alignmentY=0.0,border=,flags=9,maximumSize=,minimumSize=,preferredSize=]
2025-07-30 13:41:47,251 [INFO] Gpio:278 - dependency for GPIO [ADC1, ADC3, I2C2, TIM1]
2025-07-30 13:41:47,280 [INFO] NvicIntPanel:101 - NVIC parent = com.st.microxplorer.plugins.ip.nvic.MultiNvicIntPanel[,0,0,0x0,invalid,layout=javax.swing.BoxLayout,alignmentX=0.0,alignmentY=0.0,border=,flags=9,maximumSize=,minimumSize=,preferredSize=]
2025-07-30 13:41:47,283 [INFO] NvicIntPanel:101 - NVIC parent = com.st.microxplorer.plugins.ip.nvic.MultiNvicIntPanel[,0,0,0x0,invalid,layout=javax.swing.BoxLayout,alignmentX=0.0,alignmentY=0.0,border=,flags=9,maximumSize=,minimumSize=,preferredSize=]
2025-07-30 13:41:49,588 [INFO] Gpio:278 - dependency for GPIO [ADC1, ADC3, I2C2, TIM1]
2025-07-30 13:42:37,908 [INFO] Gpio:278 - dependency for GPIO [ADC1, ADC3, I2C2, TIM1]
2025-07-30 13:42:37,938 [INFO] NvicIntPanel:101 - NVIC parent = com.st.microxplorer.plugins.ip.nvic.MultiNvicIntPanel[,0,0,0x0,invalid,layout=javax.swing.BoxLayout,alignmentX=0.0,alignmentY=0.0,border=,flags=9,maximumSize=,minimumSize=,preferredSize=]
2025-07-30 13:42:37,941 [INFO] NvicIntPanel:101 - NVIC parent = com.st.microxplorer.plugins.ip.nvic.MultiNvicIntPanel[,0,0,0x0,invalid,layout=javax.swing.BoxLayout,alignmentX=0.0,alignmentY=0.0,border=,flags=9,maximumSize=,minimumSize=,preferredSize=]
2025-07-30 13:42:44,131 [INFO] Gpio:278 - dependency for GPIO [ADC1, ADC3, I2C2, TIM1]
2025-07-30 13:47:37,715 [INFO] I2cTimingTraitement:330 - 0x109090D9
2025-07-30 13:47:58,598 [INFO] UtilMem:75 - End SaveConfig() Used Memory: 713022488 Bytes (1073741824)
2025-07-30 13:47:58,710 [INFO] UtilMem:75 - End SaveConfig() Used Memory: 734926608 Bytes (1073741824)
2025-07-30 13:47:59,324 [INFO] UtilMem:75 - End SaveConfig() Used Memory: 779018160 Bytes (1073741824)
2025-07-30 13:48:00,423 [ERROR] IocParser:95 - Exception caught: Cannot invoke "java.lang.CharSequence.length()" because "this.text" is null
2025-07-30 13:48:00,515 [INFO] BlockDiagram:2775 - set Specific Code input for plugin: FREERTOS
2025-07-30 13:48:00,515 [INFO] BlockDiagram:2775 - set Specific Code input for plugin: RCC
2025-07-30 13:48:00,515 [INFO] BlockDiagram:2775 - set Specific Code input for plugin: I2C
2025-07-30 13:48:00,515 [INFO] BlockDiagram:2775 - set Specific Code input for plugin: USART
2025-07-30 13:48:00,515 [INFO] BlockDiagram:2775 - set Specific Code input for plugin: TIM1_8H7
2025-07-30 13:48:00,515 [INFO] BlockDiagram:2775 - set Specific Code input for plugin: SYS
2025-07-30 13:48:00,515 [INFO] BlockDiagram:2775 - set Specific Code input for plugin: ADC
2025-07-30 13:48:00,516 [INFO] BlockDiagram:2775 - set Specific Code input for plugin: ADC
2025-07-30 13:48:00,516 [INFO] BlockDiagram:2775 - set Specific Code input for plugin: NVIC2
2025-07-30 13:48:00,516 [INFO] BlockDiagram:2775 - set Specific Code input for plugin: UART
2025-07-30 13:48:00,516 [INFO] BlockDiagram:2775 - set Specific Code input for plugin: UART
2025-07-30 13:48:00,516 [INFO] BlockDiagram:2775 - set Specific Code input for plugin: GPIO
2025-07-30 13:48:00,516 [INFO] BlockDiagram:2775 - set Specific Code input for plugin: SYS_M4
2025-07-30 13:48:00,516 [INFO] BlockDiagram:2775 - set Specific Code input for plugin: NUCLEO-H755ZI-Q
2025-07-30 13:48:00,516 [INFO] BlockDiagram:2775 - set Specific Code input for plugin: NVIC1
2025-07-30 13:48:00,517 [INFO] CodeGenerator:892 - code generatio: config db path: C:\ST\STM32CubeIDE_1.19.0\STM32CubeIDE\plugins\com.st.stm32cube.common.mx_6.15.0.202507011659\\db\
2025-07-30 13:48:00,570 [ERROR] CodeGenerator:10662 - The current RTOS owner has not been found in the list of IPs
2025-07-30 13:48:00,570 [INFO] CodeGenerator:1619 - *******************Project context M7 selected
2025-07-30 13:48:00,616 [INFO] CodeEngine:265 - oldGeneratedFile, C:\Users\nicks\STM32CubeIDE\workspace_1.19.0\AFR\AFR_SENSORS\MXTmpFiles\license.tmp_save
2025-07-30 13:48:00,729 [INFO] CodeEngine:289 - Generated code: C:\Users\nicks\STM32CubeIDE\workspace_1.19.0\AFR\AFR_SENSORS\MXTmpFiles\license.tmp
2025-07-30 13:48:00,815 [INFO] CodeEngine:265 - oldGeneratedFile, C:\Users\nicks\STM32CubeIDE\workspace_1.19.0\AFR\AFR_SENSORS\CM7\MXTmpFiles\gpio.tmp_save
2025-07-30 13:48:00,883 [INFO] CodeEngine:289 - Generated code: C:\Users\nicks\STM32CubeIDE\workspace_1.19.0\AFR\AFR_SENSORS\CM7\MXTmpFiles\gpio.tmp
2025-07-30 13:48:01,211 [WARN] IPConfigManager:103 - WARNING: Missing Config File for NVIC1 ip!!
2025-07-30 13:48:01,515 [ERROR] CodeGenerator:10662 - The current RTOS owner has not been found in the list of IPs
2025-07-30 13:48:01,523 [INFO] CodeEngine:265 - oldGeneratedFile, C:\Users\nicks\STM32CubeIDE\workspace_1.19.0\AFR\AFR_SENSORS\CM7\MXTmpFiles\cortex.tmp_save
2025-07-30 13:48:01,573 [INFO] CodeEngine:289 - Generated code: C:\Users\nicks\STM32CubeIDE\workspace_1.19.0\AFR\AFR_SENSORS\CM7\MXTmpFiles\cortex.tmp
2025-07-30 13:48:01,597 [INFO] Middleware:1452 - No code input for Bsp Dependency
2025-07-30 13:48:01,603 [INFO] CodeEngine:265 - oldGeneratedFile, C:\Users\nicks\STM32CubeIDE\workspace_1.19.0\AFR\AFR_SENSORS\CM7\MXTmpFiles\rtos_inc.tmp_save
2025-07-30 13:48:01,646 [INFO] CodeEngine:289 - Generated code: C:\Users\nicks\STM32CubeIDE\workspace_1.19.0\AFR\AFR_SENSORS\CM7\MXTmpFiles\rtos_inc.tmp
2025-07-30 13:48:01,651 [INFO] CodeEngine:265 - oldGeneratedFile, C:\Users\nicks\STM32CubeIDE\workspace_1.19.0\AFR\AFR_SENSORS\CM7\MXTmpFiles\rtos_kernelInit.tmp_save
2025-07-30 13:48:01,692 [INFO] CodeEngine:289 - Generated code: C:\Users\nicks\STM32CubeIDE\workspace_1.19.0\AFR\AFR_SENSORS\CM7\MXTmpFiles\rtos_kernelInit.tmp
2025-07-30 13:48:01,697 [INFO] CodeEngine:265 - oldGeneratedFile, C:\Users\nicks\STM32CubeIDE\workspace_1.19.0\AFR\AFR_SENSORS\CM7\MXTmpFiles\rtos_kernelStart.tmp_save
2025-07-30 13:48:01,740 [INFO] CodeEngine:289 - Generated code: C:\Users\nicks\STM32CubeIDE\workspace_1.19.0\AFR\AFR_SENSORS\CM7\MXTmpFiles\rtos_kernelStart.tmp
2025-07-30 13:48:01,745 [INFO] CodeEngine:265 - oldGeneratedFile, C:\Users\nicks\STM32CubeIDE\workspace_1.19.0\AFR\AFR_SENSORS\CM7\MXTmpFiles\rtos_typedefs.tmp_save
2025-07-30 13:48:01,787 [INFO] CodeEngine:289 - Generated code: C:\Users\nicks\STM32CubeIDE\workspace_1.19.0\AFR\AFR_SENSORS\CM7\MXTmpFiles\rtos_typedefs.tmp
2025-07-30 13:48:01,792 [INFO] CodeEngine:265 - oldGeneratedFile, C:\Users\nicks\STM32CubeIDE\workspace_1.19.0\AFR\AFR_SENSORS\CM7\MXTmpFiles\rtos_vars.tmp_save
2025-07-30 13:48:01,833 [INFO] CodeEngine:289 - Generated code: C:\Users\nicks\STM32CubeIDE\workspace_1.19.0\AFR\AFR_SENSORS\CM7\MXTmpFiles\rtos_vars.tmp
2025-07-30 13:48:01,839 [INFO] CodeEngine:265 - oldGeneratedFile, C:\Users\nicks\STM32CubeIDE\workspace_1.19.0\AFR\AFR_SENSORS\CM7\MXTmpFiles\rtos_pfp.tmp_save
2025-07-30 13:48:01,879 [INFO] CodeEngine:289 - Generated code: C:\Users\nicks\STM32CubeIDE\workspace_1.19.0\AFR\AFR_SENSORS\CM7\MXTmpFiles\rtos_pfp.tmp
2025-07-30 13:48:01,884 [INFO] CodeEngine:265 - oldGeneratedFile, C:\Users\nicks\STM32CubeIDE\workspace_1.19.0\AFR\AFR_SENSORS\CM7\MXTmpFiles\rtos_obj_creat.tmp_save
2025-07-30 13:48:01,927 [INFO] CodeEngine:289 - Generated code: C:\Users\nicks\STM32CubeIDE\workspace_1.19.0\AFR\AFR_SENSORS\CM7\MXTmpFiles\rtos_obj_creat.tmp
2025-07-30 13:48:01,931 [INFO] CodeEngine:265 - oldGeneratedFile, C:\Users\nicks\STM32CubeIDE\workspace_1.19.0\AFR\AFR_SENSORS\CM7\MXTmpFiles\rtos_default_thread.tmp_save
2025-07-30 13:48:01,972 [INFO] CodeEngine:289 - Generated code: C:\Users\nicks\STM32CubeIDE\workspace_1.19.0\AFR\AFR_SENSORS\CM7\MXTmpFiles\rtos_default_thread.tmp
2025-07-30 13:48:01,977 [INFO] CodeEngine:265 - oldGeneratedFile, C:\Users\nicks\STM32CubeIDE\workspace_1.19.0\AFR\AFR_SENSORS\CM7\MXTmpFiles\rtos_threads.tmp_save
2025-07-30 13:48:02,019 [INFO] CodeEngine:289 - Generated code: C:\Users\nicks\STM32CubeIDE\workspace_1.19.0\AFR\AFR_SENSORS\CM7\MXTmpFiles\rtos_threads.tmp
2025-07-30 13:48:02,024 [INFO] CodeEngine:265 - oldGeneratedFile, C:\Users\nicks\STM32CubeIDE\workspace_1.19.0\AFR\AFR_SENSORS\CM7\Core\Inc\FreeRTOSConfig.h_save
2025-07-30 13:48:02,081 [INFO] CodeEngine:289 - Generated code: C:\Users\nicks\STM32CubeIDE\workspace_1.19.0\AFR\AFR_SENSORS\CM7\Core\Inc\FreeRTOSConfig.h
2025-07-30 13:48:02,087 [INFO] CodeEngine:265 - oldGeneratedFile, C:\Users\nicks\STM32CubeIDE\workspace_1.19.0\AFR\AFR_SENSORS\CM7\Core\Src\freertos.c_save
2025-07-30 13:48:02,134 [INFO] CodeEngine:289 - Generated code: C:\Users\nicks\STM32CubeIDE\workspace_1.19.0\AFR\AFR_SENSORS\CM7\Core\Src\freertos.c
2025-07-30 13:48:02,172 [INFO] CodeEngine:265 - oldGeneratedFile, C:\Users\nicks\STM32CubeIDE\workspace_1.19.0\AFR\AFR_SENSORS\CM7\Core\Inc\stm32h7xx_nucleo_conf.h_save
2025-07-30 13:48:02,216 [INFO] CodeEngine:289 - Generated code: C:\Users\nicks\STM32CubeIDE\workspace_1.19.0\AFR\AFR_SENSORS\CM7\Core\Inc\stm32h7xx_nucleo_conf.h
2025-07-30 13:48:02,222 [INFO] CodeEngine:265 - oldGeneratedFile, C:\Users\nicks\STM32CubeIDE\workspace_1.19.0\AFR\AFR_SENSORS\CM7\MXTmpFiles\bsp_inc.tmp_save
2025-07-30 13:48:02,260 [INFO] CodeEngine:289 - Generated code: C:\Users\nicks\STM32CubeIDE\workspace_1.19.0\AFR\AFR_SENSORS\CM7\MXTmpFiles\bsp_inc.tmp
2025-07-30 13:48:02,265 [INFO] CodeEngine:265 - oldGeneratedFile, C:\Users\nicks\STM32CubeIDE\workspace_1.19.0\AFR\AFR_SENSORS\CM7\MXTmpFiles\bsp_common_vars.tmp_save
2025-07-30 13:48:02,304 [INFO] CodeEngine:289 - Generated code: C:\Users\nicks\STM32CubeIDE\workspace_1.19.0\AFR\AFR_SENSORS\CM7\MXTmpFiles\bsp_common_vars.tmp
2025-07-30 13:48:02,308 [INFO] CodeEngine:265 - oldGeneratedFile, C:\Users\nicks\STM32CubeIDE\workspace_1.19.0\AFR\AFR_SENSORS\CM7\MXTmpFiles\bsp_common_init.tmp_save
2025-07-30 13:48:02,348 [INFO] CodeEngine:289 - Generated code: C:\Users\nicks\STM32CubeIDE\workspace_1.19.0\AFR\AFR_SENSORS\CM7\MXTmpFiles\bsp_common_init.tmp
2025-07-30 13:48:02,352 [INFO] CodeEngine:265 - oldGeneratedFile, C:\Users\nicks\STM32CubeIDE\workspace_1.19.0\AFR\AFR_SENSORS\CM7\MXTmpFiles\bsp_common_demo_before_while.tmp_save
2025-07-30 13:48:02,391 [INFO] CodeEngine:289 - Generated code: C:\Users\nicks\STM32CubeIDE\workspace_1.19.0\AFR\AFR_SENSORS\CM7\MXTmpFiles\bsp_common_demo_before_while.tmp
2025-07-30 13:48:02,396 [INFO] CodeEngine:265 - oldGeneratedFile, C:\Users\nicks\STM32CubeIDE\workspace_1.19.0\AFR\AFR_SENSORS\CM7\MXTmpFiles\bsp_common_demo_inside_while.tmp_save
2025-07-30 13:48:02,436 [INFO] CodeEngine:289 - Generated code: C:\Users\nicks\STM32CubeIDE\workspace_1.19.0\AFR\AFR_SENSORS\CM7\MXTmpFiles\bsp_common_demo_inside_while.tmp
2025-07-30 13:48:02,441 [INFO] CodeEngine:265 - oldGeneratedFile, C:\Users\nicks\STM32CubeIDE\workspace_1.19.0\AFR\AFR_SENSORS\CM7\MXTmpFiles\bsp_common_demo_fct.tmp_save
2025-07-30 13:48:02,479 [INFO] CodeEngine:289 - Generated code: C:\Users\nicks\STM32CubeIDE\workspace_1.19.0\AFR\AFR_SENSORS\CM7\MXTmpFiles\bsp_common_demo_fct.tmp
2025-07-30 13:48:02,501 [INFO] CodeEngine:265 - oldGeneratedFile, C:\Users\nicks\STM32CubeIDE\workspace_1.19.0\AFR\AFR_SENSORS\CM7\Core\Src\stm32h7xx_it.c_save
2025-07-30 13:48:02,560 [INFO] CodeEngine:289 - Generated code: C:\Users\nicks\STM32CubeIDE\workspace_1.19.0\AFR\AFR_SENSORS\CM7\Core\Src\stm32h7xx_it.c
2025-07-30 13:48:02,566 [INFO] CodeEngine:265 - oldGeneratedFile, C:\Users\nicks\STM32CubeIDE\workspace_1.19.0\AFR\AFR_SENSORS\CM7\Core\Inc\stm32h7xx_it.h_save
2025-07-30 13:48:02,609 [INFO] CodeEngine:289 - Generated code: C:\Users\nicks\STM32CubeIDE\workspace_1.19.0\AFR\AFR_SENSORS\CM7\Core\Inc\stm32h7xx_it.h
2025-07-30 13:48:02,721 [INFO] CodeEngine:265 - oldGeneratedFile, C:\Users\nicks\STM32CubeIDE\workspace_1.19.0\AFR\AFR_SENSORS\CM7\Core\Src\stm32h7xx_hal_msp.c_save
2025-07-30 13:48:02,797 [INFO] CodeEngine:289 - Generated code: C:\Users\nicks\STM32CubeIDE\workspace_1.19.0\AFR\AFR_SENSORS\CM7\Core\Src\stm32h7xx_hal_msp.c
2025-07-30 13:48:02,803 [INFO] CodeEngine:265 - oldGeneratedFile, C:\Users\nicks\STM32CubeIDE\workspace_1.19.0\AFR\AFR_SENSORS\CM7\MXTmpFiles\system.tmp_save
2025-07-30 13:48:02,842 [INFO] CodeEngine:289 - Generated code: C:\Users\nicks\STM32CubeIDE\workspace_1.19.0\AFR\AFR_SENSORS\CM7\MXTmpFiles\system.tmp
2025-07-30 13:48:02,853 [INFO] CodeEngine:321 - oldGeneratedFile, C:\Users\nicks\STM32CubeIDE\workspace_1.19.0\AFR\AFR_SENSORS\CM7\Core\Inc\stm32h7xx_hal_conf.h_save
2025-07-30 13:48:02,901 [INFO] CodeEngine:345 - Generated code: C:\Users\nicks\STM32CubeIDE\workspace_1.19.0\AFR\AFR_SENSORS\CM7\Core\Inc\stm32h7xx_hal_conf.h
2025-07-30 13:48:02,929 [INFO] ApiDbMcu:532 - Load IP Config File for USART2
2025-07-30 13:48:02,931 [WARN] IPConfigManager:3811 - IP not found : NVIC
2025-07-30 13:48:02,931 [WARN] IPConfigManager:3811 - IP not found : TIM
2025-07-30 13:48:02,932 [WARN] CodeGenerator:4259 - IP not found : null
2025-07-30 13:48:02,932 [WARN] CodeGenerator:4259 - IP not found : null
2025-07-30 13:48:02,939 [INFO] CodeEngine:265 - oldGeneratedFile, C:\Users\nicks\STM32CubeIDE\workspace_1.19.0\AFR\AFR_SENSORS\CM7\Core\Inc\main.h_save
2025-07-30 13:48:02,988 [INFO] CodeEngine:289 - Generated code: C:\Users\nicks\STM32CubeIDE\workspace_1.19.0\AFR\AFR_SENSORS\CM7\Core\Inc\main.h
2025-07-30 13:48:02,993 [INFO] CodeEngine:265 - oldGeneratedFile, C:\Users\nicks\STM32CubeIDE\workspace_1.19.0\AFR\AFR_SENSORS\CM7\Core\Src\main.c_save
2025-07-30 13:48:03,081 [INFO] CodeEngine:289 - Generated code: C:\Users\nicks\STM32CubeIDE\workspace_1.19.0\AFR\AFR_SENSORS\CM7\Core\Src\main.c
2025-07-30 13:48:03,126 [INFO] CodeGenerator:1619 - *******************Project context M4 selected
2025-07-30 13:48:03,174 [INFO] CodeEngine:265 - oldGeneratedFile, C:\Users\nicks\STM32CubeIDE\workspace_1.19.0\AFR\AFR_SENSORS\MXTmpFiles\license.tmp_save
2025-07-30 13:48:03,221 [INFO] CodeEngine:289 - Generated code: C:\Users\nicks\STM32CubeIDE\workspace_1.19.0\AFR\AFR_SENSORS\MXTmpFiles\license.tmp
2025-07-30 13:48:03,239 [INFO] CodeEngine:265 - oldGeneratedFile, C:\Users\nicks\STM32CubeIDE\workspace_1.19.0\AFR\AFR_SENSORS\CM4\MXTmpFiles\gpio.tmp_save
2025-07-30 13:48:03,280 [INFO] CodeEngine:289 - Generated code: C:\Users\nicks\STM32CubeIDE\workspace_1.19.0\AFR\AFR_SENSORS\CM4\MXTmpFiles\gpio.tmp
2025-07-30 13:48:03,321 [WARN] IPConfigManager:103 - WARNING: Missing Config File for NVIC2 ip!!
2025-07-30 13:48:03,406 [INFO] CodeEngine:265 - oldGeneratedFile, C:\Users\nicks\STM32CubeIDE\workspace_1.19.0\AFR\AFR_SENSORS\CM4\MXTmpFiles\cortex.tmp_save
2025-07-30 13:48:03,452 [INFO] CodeEngine:289 - Generated code: C:\Users\nicks\STM32CubeIDE\workspace_1.19.0\AFR\AFR_SENSORS\CM4\MXTmpFiles\cortex.tmp
2025-07-30 13:48:03,494 [INFO] CodeEngine:265 - oldGeneratedFile, C:\Users\nicks\STM32CubeIDE\workspace_1.19.0\AFR\AFR_SENSORS\CM4\Core\Inc\stm32h7xx_nucleo_conf.h_save
2025-07-30 13:48:03,538 [INFO] CodeEngine:289 - Generated code: C:\Users\nicks\STM32CubeIDE\workspace_1.19.0\AFR\AFR_SENSORS\CM4\Core\Inc\stm32h7xx_nucleo_conf.h
2025-07-30 13:48:03,544 [INFO] CodeEngine:265 - oldGeneratedFile, C:\Users\nicks\STM32CubeIDE\workspace_1.19.0\AFR\AFR_SENSORS\CM4\MXTmpFiles\bsp_inc.tmp_save
2025-07-30 13:48:03,589 [INFO] CodeEngine:289 - Generated code: C:\Users\nicks\STM32CubeIDE\workspace_1.19.0\AFR\AFR_SENSORS\CM4\MXTmpFiles\bsp_inc.tmp
2025-07-30 13:48:03,610 [INFO] CodeEngine:265 - oldGeneratedFile, C:\Users\nicks\STM32CubeIDE\workspace_1.19.0\AFR\AFR_SENSORS\CM4\Core\Src\stm32h7xx_it.c_save
2025-07-30 13:48:03,667 [INFO] CodeEngine:289 - Generated code: C:\Users\nicks\STM32CubeIDE\workspace_1.19.0\AFR\AFR_SENSORS\CM4\Core\Src\stm32h7xx_it.c
2025-07-30 13:48:03,675 [INFO] CodeEngine:265 - oldGeneratedFile, C:\Users\nicks\STM32CubeIDE\workspace_1.19.0\AFR\AFR_SENSORS\CM4\Core\Inc\stm32h7xx_it.h_save
2025-07-30 13:48:03,726 [INFO] CodeEngine:289 - Generated code: C:\Users\nicks\STM32CubeIDE\workspace_1.19.0\AFR\AFR_SENSORS\CM4\Core\Inc\stm32h7xx_it.h
2025-07-30 13:48:03,784 [INFO] CodeEngine:265 - oldGeneratedFile, C:\Users\nicks\STM32CubeIDE\workspace_1.19.0\AFR\AFR_SENSORS\CM4\Core\Src\stm32h7xx_hal_msp.c_save
2025-07-30 13:48:03,856 [INFO] CodeEngine:289 - Generated code: C:\Users\nicks\STM32CubeIDE\workspace_1.19.0\AFR\AFR_SENSORS\CM4\Core\Src\stm32h7xx_hal_msp.c
2025-07-30 13:48:03,861 [INFO] CodeEngine:265 - oldGeneratedFile, C:\Users\nicks\STM32CubeIDE\workspace_1.19.0\AFR\AFR_SENSORS\CM4\MXTmpFiles\system.tmp_save
2025-07-30 13:48:03,905 [INFO] CodeEngine:289 - Generated code: C:\Users\nicks\STM32CubeIDE\workspace_1.19.0\AFR\AFR_SENSORS\CM4\MXTmpFiles\system.tmp
2025-07-30 13:48:03,916 [INFO] CodeEngine:321 - oldGeneratedFile, C:\Users\nicks\STM32CubeIDE\workspace_1.19.0\AFR\AFR_SENSORS\CM4\Core\Inc\stm32h7xx_hal_conf.h_save
2025-07-30 13:48:03,960 [INFO] CodeEngine:345 - Generated code: C:\Users\nicks\STM32CubeIDE\workspace_1.19.0\AFR\AFR_SENSORS\CM4\Core\Inc\stm32h7xx_hal_conf.h
2025-07-30 13:48:03,975 [INFO] ApiDbMcu:532 - Load IP Config File for UART4
2025-07-30 13:48:03,982 [INFO] ApiDbMcu:532 - Load IP Config File for UART5
2025-07-30 13:48:03,984 [WARN] IPConfigManager:3811 - IP not found : NVIC
2025-07-30 13:48:03,985 [WARN] CodeGenerator:4259 - IP not found : null
2025-07-30 13:48:03,991 [INFO] CodeEngine:265 - oldGeneratedFile, C:\Users\nicks\STM32CubeIDE\workspace_1.19.0\AFR\AFR_SENSORS\CM4\Core\Inc\main.h_save
2025-07-30 13:48:04,038 [INFO] CodeEngine:289 - Generated code: C:\Users\nicks\STM32CubeIDE\workspace_1.19.0\AFR\AFR_SENSORS\CM4\Core\Inc\main.h
2025-07-30 13:48:04,043 [INFO] CodeEngine:265 - oldGeneratedFile, C:\Users\nicks\STM32CubeIDE\workspace_1.19.0\AFR\AFR_SENSORS\CM4\Core\Src\main.c_save
2025-07-30 13:48:04,109 [INFO] CodeEngine:289 - Generated code: C:\Users\nicks\STM32CubeIDE\workspace_1.19.0\AFR\AFR_SENSORS\CM4\Core\Src\main.c
2025-07-30 13:48:04,510 [INFO] ProjectBuilder:3606 - Time for Copy HAL[1] : 235mS.
2025-07-30 13:48:04,523 [INFO] ProjectBuilder:5216 - Project Generator version: 4.7.0-B52
2025-07-30 13:48:04,579 [INFO] ConfigFileManager:1595 - The Die is : DIE450
2025-07-30 13:48:05,196 [ERROR] :77 - Fail to create / get project 'AFR_SENSORS' within workspace 'C:/Users/nicks/STM32CubeIDE/workspace_1.19.0/AFR'
2025-07-30 13:48:05,196 [INFO] ProjectBuilder:5496 - Time for Generating toolchain IDE Files: 673mS.
2025-07-30 13:48:05,196 [INFO] ProjectBuilder:3463 - Time for Copy CMSIS : 0mS.
2025-07-30 13:48:05,200 [INFO] ProjectBuilder:3463 - Time for Copy CMSIS : 0mS.
2025-07-30 14:00:24,705 [INFO] Activator:176 - 


2025-07-30 14:00:24,706 [INFO] Activator:177 - !SESSION log4j initialized
2025-07-30 14:00:26,531 [INFO] LogOutputStream:77 - [STDOUT_REDIRECT] 
2025-07-30 14:00:28,397 [INFO] ApplicationProperties:184 - Using Application install path: C:\ST\STM32CubeIDE_1.19.0\STM32CubeIDE\plugins\com.st.stm32cube.common.mx_6.15.0.202507011659
2025-07-30 14:00:28,406 [INFO] DbMcusXml:78 - Set database path to: C:\ST\STM32CubeIDE_1.19.0\STM32CubeIDE\plugins\com.st.stm32cube.common.mx_6.15.0.202507011659\\db\/mcu/
2025-07-30 14:00:28,406 [INFO] ApiDb:274 - Set plugin database path to: C:\ST\STM32CubeIDE_1.19.0\STM32CubeIDE\plugins\com.st.stm32cube.common.mx_6.15.0.202507011659\\db\/plugins/boardmanager/
2025-07-30 14:00:28,406 [WARN] ApiDb:259 - Overriding images path with different value:  => C:\ST\STM32CubeIDE_1.19.0\STM32CubeIDE\plugins\com.st.stm32cube.common.mx_6.15.0.202507011659\\db\/plugins/mcufinder/images/
2025-07-30 14:00:28,409 [INFO] ApiDb:250 - Set database path to: C:\Users\nicks\.stmcufinder\plugins\mcufinder//mcu/
2025-07-30 14:00:28,410 [INFO] DbMcusAds:125 - Set database path to: C:\Users\nicks\.stmcufinder\plugins\mcufinder//mcu/
2025-07-30 14:00:28,411 [INFO] CrossReferenceDbSqlite:203 - Set database path to: C:\Users\nicks\.stmcufinder\plugins\mcufinder//mcu/cs/
2025-07-30 14:00:28,474 [INFO] RulesReader:64 - Compatibility file has been processed (317 Rules)
2025-07-30 14:00:28,521 [INFO] DbMcusXml:78 - Set database path to: C:\ST\STM32CubeIDE_1.19.0\STM32CubeIDE\plugins\com.st.stm32cube.common.mx_6.15.0.202507011659\\db\/mcu/
2025-07-30 14:00:28,521 [INFO] ApiDb:274 - Set plugin database path to: C:\ST\STM32CubeIDE_1.19.0\STM32CubeIDE\plugins\com.st.stm32cube.common.mx_6.15.0.202507011659\\db\/plugins/boardmanager/
2025-07-30 14:00:28,521 [INFO] ApiDb:261 - Set plugin images path to: C:\ST\STM32CubeIDE_1.19.0\STM32CubeIDE\plugins\com.st.stm32cube.common.mx_6.15.0.202507011659\\db\/plugins/mcufinder/images/
2025-07-30 14:00:28,521 [WARN] DbFile:41 - Overriding database path with different value: C:\Users\nicks\.stmcufinder\plugins\mcufinder/ => C:\Users\nicks\.stmcufinder\plugins\mcufinder
2025-07-30 14:00:28,521 [INFO] ApiDb:250 - Set database path to: C:\Users\nicks\.stmcufinder\plugins\mcufinder//mcu/
2025-07-30 14:00:28,521 [WARN] DbFile:41 - Overriding database path with different value: C:\Users\nicks\.stmcufinder\plugins\mcufinder/ => C:\Users\nicks\.stmcufinder\plugins\mcufinder
2025-07-30 14:00:28,521 [INFO] DbMcusAds:125 - Set database path to: C:\Users\nicks\.stmcufinder\plugins\mcufinder//mcu/
2025-07-30 14:00:28,521 [WARN] DbFile:41 - Overriding database path with different value: C:\Users\nicks\.stmcufinder\plugins\mcufinder/ => C:\Users\nicks\.stmcufinder\plugins\mcufinder
2025-07-30 14:00:28,521 [WARN] DbFile:41 - Overriding database path with different value: C:\Users\nicks\.stmcufinder\plugins\mcufinder/ => C:\Users\nicks\.stmcufinder\plugins\mcufinder
2025-07-30 14:00:28,521 [INFO] CrossReferenceDbSqlite:203 - Set database path to: C:\Users\nicks\.stmcufinder\plugins\mcufinder//mcu/cs/
2025-07-30 14:00:28,562 [INFO] MainPanel:274 - HeapMemory: 268435456
2025-07-30 14:00:28,612 [INFO] DbMcusXml:78 - Set database path to: C:\ST\STM32CubeIDE_1.19.0\STM32CubeIDE\plugins\com.st.stm32cube.common.mx_6.15.0.202507011659\\db\/mcu/
2025-07-30 14:00:28,612 [INFO] ApiDb:274 - Set plugin database path to: C:\ST\STM32CubeIDE_1.19.0\STM32CubeIDE\plugins\com.st.stm32cube.common.mx_6.15.0.202507011659\\db\/plugins/boardmanager/
2025-07-30 14:00:28,613 [INFO] ApiDb:261 - Set plugin images path to: C:\ST\STM32CubeIDE_1.19.0\STM32CubeIDE\plugins\com.st.stm32cube.common.mx_6.15.0.202507011659\\db\/plugins/mcufinder/images/
2025-07-30 14:00:28,613 [WARN] DbFile:41 - Overriding database path with different value: C:\Users\nicks\.stmcufinder\plugins\mcufinder/ => C:\Users\nicks\.stmcufinder\plugins\mcufinder
2025-07-30 14:00:28,613 [INFO] ApiDb:250 - Set database path to: C:\Users\nicks\.stmcufinder\plugins\mcufinder//mcu/
2025-07-30 14:00:28,613 [WARN] DbFile:41 - Overriding database path with different value: C:\Users\nicks\.stmcufinder\plugins\mcufinder/ => C:\Users\nicks\.stmcufinder\plugins\mcufinder
2025-07-30 14:00:28,613 [INFO] DbMcusAds:125 - Set database path to: C:\Users\nicks\.stmcufinder\plugins\mcufinder//mcu/
2025-07-30 14:00:28,613 [WARN] DbFile:41 - Overriding database path with different value: C:\Users\nicks\.stmcufinder\plugins\mcufinder/ => C:\Users\nicks\.stmcufinder\plugins\mcufinder
2025-07-30 14:00:28,613 [WARN] DbFile:41 - Overriding database path with different value: C:\Users\nicks\.stmcufinder\plugins\mcufinder/ => C:\Users\nicks\.stmcufinder\plugins\mcufinder
2025-07-30 14:00:28,613 [INFO] CrossReferenceDbSqlite:203 - Set database path to: C:\Users\nicks\.stmcufinder\plugins\mcufinder//mcu/cs/
2025-07-30 14:00:28,623 [INFO] ApplicationProperties:184 - Using Application install path: C:\ST\STM32CubeIDE_1.19.0\STM32CubeIDE\plugins\com.st.stm32cube.common.mx_6.15.0.202507011659
2025-07-30 14:00:28,624 [INFO] PluginManage:196 - Search for loadable plugins [exclusion list=, ]
2025-07-30 14:00:28,625 [INFO] PluginManage:310 - Check plugin analytics
2025-07-30 14:00:28,724 [INFO] AnalyticsPlugin:253 - Accepted Software Licenses: 
2025-07-30 14:00:28,724 [INFO] AnalyticsPlugin:255 - Accepted CMSIS Pack Licenses: 
2025-07-30 14:00:28,724 [INFO] AnalyticsPlugin:257 - Accepted Firmware Licenses: FW.F4.1.28.0,FW.H7.1.12.0,FW.H7.1.11.0
2025-07-30 14:00:28,726 [INFO] PluginManage:359 - Loaded plugin analytics (category:tool,tabindex:-1)
2025-07-30 14:00:28,726 [INFO] PluginManage:310 - Check plugin cadmodel
2025-07-30 14:00:28,728 [INFO] CADModel:105 - Init CAD model plugin
2025-07-30 14:00:28,728 [INFO] PluginManage:359 - Loaded plugin cadmodel (category:power,tabindex:5)
2025-07-30 14:00:28,728 [INFO] PluginManage:310 - Check plugin clock
2025-07-30 14:00:28,734 [INFO] PluginManage:359 - Loaded plugin clock (category:base,tabindex:2)
2025-07-30 14:00:28,734 [INFO] PluginManage:310 - Check plugin ddr
2025-07-30 14:00:28,735 [INFO] PluginManage:359 - Loaded plugin ddr (category:tool,tabindex:6)
2025-07-30 14:00:28,735 [INFO] PluginManage:310 - Check plugin filemanager
2025-07-30 14:00:28,828 [INFO] PluginManage:359 - Loaded plugin filemanager (category:base,tabindex:10)
2025-07-30 14:00:28,828 [INFO] PluginManage:310 - Check plugin ipmanager
2025-07-30 14:00:28,833 [INFO] PluginManage:359 - Loaded plugin ipmanager (category:base,tabindex:5)
2025-07-30 14:00:28,833 [INFO] PluginManage:310 - Check plugin lpbam
2025-07-30 14:00:28,838 [INFO] PluginManage:359 - Loaded plugin lpbam (category:base,tabindex:0)
2025-07-30 14:00:28,838 [INFO] PluginManage:310 - Check plugin memorymap
2025-07-30 14:00:28,845 [INFO] PluginManage:359 - Loaded plugin memorymap (category:base,tabindex:4)
2025-07-30 14:00:28,845 [INFO] PluginManage:310 - Check plugin pinoutandconfiguration
2025-07-30 14:00:28,850 [INFO] PluginManage:359 - Loaded plugin pinoutandconfiguration (category:base,tabindex:1)
2025-07-30 14:00:28,850 [INFO] PluginManage:310 - Check plugin pinoutconfig
2025-07-30 14:00:28,901 [WARN] SupportedApi:132 - Cannot load RTOS API schema: s4s-elt-must-match.1: The content of 'definitions' must match (annotation?, (simpleType | complexType)?, (unique | key | keyref)*)). A problem was found starting at: attribute.
2025-07-30 14:00:28,978 [INFO] PluginManage:359 - Loaded plugin pinoutconfig (category:base,tabindex:0)
2025-07-30 14:00:28,978 [INFO] PluginManage:310 - Check plugin power
2025-07-30 14:00:28,982 [INFO] PluginManage:359 - Loaded plugin power (category:power,tabindex:4)
2025-07-30 14:00:28,982 [INFO] PluginManage:310 - Check plugin projectmanager
2025-07-30 14:00:28,993 [INFO] PluginManage:359 - Loaded plugin projectmanager (category:projectmanager,tabindex:4)
2025-07-30 14:00:28,993 [INFO] PluginManage:310 - Check plugin rif
2025-07-30 14:00:28,999 [INFO] PluginManage:359 - Loaded plugin rif (category:base,tabindex:3)
2025-07-30 14:00:28,999 [INFO] PluginManage:310 - Check plugin thirdparty
2025-07-30 14:00:29,078 [INFO] PluginManage:359 - Loaded plugin thirdparty (category:base,tabindex:-1)
2025-07-30 14:00:29,078 [INFO] PluginManage:310 - Check plugin tools
2025-07-30 14:00:29,078 [WARN] IntegrityCheckThread:84 - waiting for thirdparty lock release [integrity check]
2025-07-30 14:00:29,078 [INFO] IntegrityCheckThread:86 - entering critical section [integrity check]
2025-07-30 14:00:29,079 [INFO] ThirdPartyUpdaterWithRetryManager:70 - Updater plugin not ready yet. [1/15]
2025-07-30 14:00:29,080 [INFO] PluginManage:359 - Loaded plugin tools (category:base,tabindex:7)
2025-07-30 14:00:29,080 [INFO] PluginManage:310 - Check plugin tutovideos
2025-07-30 14:00:29,196 [INFO] PluginManage:359 - Loaded plugin tutovideos (category:base,tabindex:-1)
2025-07-30 14:00:29,196 [INFO] PluginManage:310 - Check plugin updater
2025-07-30 14:00:29,209 [INFO] PluginManage:359 - Loaded plugin updater (category:base,tabindex:12)
2025-07-30 14:00:29,209 [INFO] PluginManage:310 - Check plugin userauth
2025-07-30 14:00:29,211 [INFO] UserAuth:118 - Init User Auth plugin
2025-07-30 14:00:29,212 [INFO] PluginManage:359 - Loaded plugin userauth (category:base,tabindex:14)
2025-07-30 14:00:29,212 [INFO] PluginManage:283 - PluginManage : Loaded plugins [18]
2025-07-30 14:00:29,335 [INFO] PinOutPanel:1589 - setPackage(No Configuration,No Configuration)
2025-07-30 14:00:29,383 [INFO] CADModel:165 - CPN selected for project level
2025-07-30 14:00:29,383 [INFO] CADModel:114 - Register for checkConnection events
2025-07-30 14:00:29,393 [INFO] IPUIPlugin:80 - create IPUIPlugin
2025-07-30 14:00:29,393 [INFO] PluginManager:220 - loadIPPluginJar : add adc
2025-07-30 14:00:29,395 [INFO] IPUIPlugin:80 - create IPUIPlugin
2025-07-30 14:00:29,395 [INFO] PluginManager:220 - loadIPPluginJar : add aes
2025-07-30 14:00:29,396 [INFO] IPUIPlugin:80 - create IPUIPlugin
2025-07-30 14:00:29,396 [INFO] PluginManager:220 - loadIPPluginJar : add can
2025-07-30 14:00:29,397 [INFO] IPUIPlugin:80 - create IPUIPlugin
2025-07-30 14:00:29,397 [INFO] PluginManager:220 - loadIPPluginJar : add comp
2025-07-30 14:00:29,399 [INFO] IPUIPlugin:80 - create IPUIPlugin
2025-07-30 14:00:29,399 [INFO] PluginManager:220 - loadIPPluginJar : add cryp
2025-07-30 14:00:29,400 [INFO] IPUIPlugin:80 - create IPUIPlugin
2025-07-30 14:00:29,400 [INFO] PluginManager:220 - loadIPPluginJar : add ddr_ctrl_phy
2025-07-30 14:00:29,401 [INFO] IPUIPlugin:80 - create IPUIPlugin
2025-07-30 14:00:29,401 [INFO] PluginManager:220 - loadIPPluginJar : add dfsdm
2025-07-30 14:00:29,404 [INFO] IPUIPlugin:80 - create IPUIPlugin
2025-07-30 14:00:29,405 [INFO] PluginManager:220 - loadIPPluginJar : add dma
2025-07-30 14:00:29,406 [INFO] IPUIPlugin:80 - create IPUIPlugin
2025-07-30 14:00:29,406 [INFO] PluginManager:220 - loadIPPluginJar : add dma3
2025-07-30 14:00:29,407 [INFO] IPUIPlugin:80 - create IPUIPlugin
2025-07-30 14:00:29,407 [INFO] PluginManager:220 - loadIPPluginJar : add extmemmanager
2025-07-30 14:00:29,408 [INFO] IPUIPlugin:80 - create IPUIPlugin
2025-07-30 14:00:29,408 [INFO] PluginManager:220 - loadIPPluginJar : add fatfs
2025-07-30 14:00:29,411 [INFO] IPUIPlugin:80 - create IPUIPlugin
2025-07-30 14:00:29,411 [INFO] PluginManager:220 - loadIPPluginJar : add fmc
2025-07-30 14:00:29,414 [INFO] IPUIPlugin:80 - create IPUIPlugin
2025-07-30 14:00:29,415 [INFO] PluginManager:220 - loadIPPluginJar : add freertos
2025-07-30 14:00:29,415 [INFO] IPUIPlugin:80 - create IPUIPlugin
2025-07-30 14:00:29,416 [INFO] PluginManager:220 - loadIPPluginJar : add genericplugin
2025-07-30 14:00:29,417 [INFO] IPUIPlugin:80 - create IPUIPlugin
2025-07-30 14:00:29,417 [INFO] PluginManager:220 - loadIPPluginJar : add gfxmmu
2025-07-30 14:00:29,419 [INFO] IPUIPlugin:80 - create IPUIPlugin
2025-07-30 14:00:29,419 [INFO] PluginManager:220 - loadIPPluginJar : add gic
2025-07-30 14:00:29,421 [INFO] IPUIPlugin:80 - create IPUIPlugin
2025-07-30 14:00:29,421 [INFO] PluginManager:220 - loadIPPluginJar : add gpio
2025-07-30 14:00:29,423 [INFO] IPUIPlugin:80 - create IPUIPlugin
2025-07-30 14:00:29,423 [INFO] PluginManager:220 - loadIPPluginJar : add gtzc
2025-07-30 14:00:29,424 [INFO] IPUIPlugin:80 - create IPUIPlugin
2025-07-30 14:00:29,424 [INFO] PluginManager:220 - loadIPPluginJar : add hash
2025-07-30 14:00:29,425 [INFO] IPUIPlugin:80 - create IPUIPlugin
2025-07-30 14:00:29,425 [INFO] PluginManager:220 - loadIPPluginJar : add i2c
2025-07-30 14:00:29,427 [INFO] IPUIPlugin:80 - create IPUIPlugin
2025-07-30 14:00:29,427 [INFO] PluginManager:220 - loadIPPluginJar : add i2s
2025-07-30 14:00:29,428 [INFO] IPUIPlugin:80 - create IPUIPlugin
2025-07-30 14:00:29,428 [INFO] PluginManager:220 - loadIPPluginJar : add i3c
2025-07-30 14:00:29,430 [INFO] IPUIPlugin:80 - create IPUIPlugin
2025-07-30 14:00:29,430 [INFO] PluginManager:220 - loadIPPluginJar : add ipddr
2025-07-30 14:00:29,434 [INFO] IPUIPlugin:80 - create IPUIPlugin
2025-07-30 14:00:29,434 [INFO] PluginManager:220 - loadIPPluginJar : add linkedlist
2025-07-30 14:00:29,436 [INFO] IPUIPlugin:80 - create IPUIPlugin
2025-07-30 14:00:29,436 [INFO] PluginManager:220 - loadIPPluginJar : add lorawan
2025-07-30 14:00:29,436 [INFO] IPUIPlugin:80 - create IPUIPlugin
2025-07-30 14:00:29,437 [INFO] PluginManager:220 - loadIPPluginJar : add ltdc
2025-07-30 14:00:29,440 [INFO] IPUIPlugin:80 - create IPUIPlugin
2025-07-30 14:00:29,440 [INFO] PluginManager:220 - loadIPPluginJar : add mdma
2025-07-30 14:00:29,441 [INFO] IPUIPlugin:80 - create IPUIPlugin
2025-07-30 14:00:29,441 [INFO] PluginManager:220 - loadIPPluginJar : add nvic
2025-07-30 14:00:29,443 [INFO] IPUIPlugin:80 - create IPUIPlugin
2025-07-30 14:00:29,443 [INFO] PluginManager:220 - loadIPPluginJar : add opamp
2025-07-30 14:00:29,445 [INFO] IPUIPlugin:80 - create IPUIPlugin
2025-07-30 14:00:29,445 [INFO] PluginManager:220 - loadIPPluginJar : add openamp
2025-07-30 14:00:29,446 [INFO] IPUIPlugin:80 - create IPUIPlugin
2025-07-30 14:00:29,446 [INFO] PluginManager:220 - loadIPPluginJar : add pdm2pcm
2025-07-30 14:00:29,449 [INFO] IPUIPlugin:80 - create IPUIPlugin
2025-07-30 14:00:29,451 [INFO] PluginManager:220 - loadIPPluginJar : add plateformsettings
2025-07-30 14:00:29,451 [INFO] IPUIPlugin:80 - create IPUIPlugin
2025-07-30 14:00:29,452 [INFO] PluginManager:220 - loadIPPluginJar : add quadspi
2025-07-30 14:00:29,452 [INFO] IPUIPlugin:80 - create IPUIPlugin
2025-07-30 14:00:29,453 [INFO] PluginManager:220 - loadIPPluginJar : add radio
2025-07-30 14:00:29,454 [INFO] IPUIPlugin:80 - create IPUIPlugin
2025-07-30 14:00:29,454 [INFO] PluginManager:220 - loadIPPluginJar : add resmgrutility
2025-07-30 14:00:29,456 [INFO] IPUIPlugin:80 - create IPUIPlugin
2025-07-30 14:00:29,456 [INFO] PluginManager:220 - loadIPPluginJar : add sai
2025-07-30 14:00:29,457 [INFO] IPUIPlugin:80 - create IPUIPlugin
2025-07-30 14:00:29,458 [INFO] PluginManager:220 - loadIPPluginJar : add spi
2025-07-30 14:00:29,461 [INFO] IPUIPlugin:80 - create IPUIPlugin
2025-07-30 14:00:29,461 [INFO] PluginManager:220 - loadIPPluginJar : add stm32_wpan
2025-07-30 14:00:29,462 [INFO] IPUIPlugin:80 - create IPUIPlugin
2025-07-30 14:00:29,462 [INFO] PluginManager:220 - loadIPPluginJar : add tim
2025-07-30 14:00:29,464 [INFO] IPUIPlugin:80 - create IPUIPlugin
2025-07-30 14:00:29,464 [INFO] PluginManager:220 - loadIPPluginJar : add touchsensing
2025-07-30 14:00:29,465 [INFO] IPUIPlugin:80 - create IPUIPlugin
2025-07-30 14:00:29,466 [INFO] PluginManager:220 - loadIPPluginJar : add tracer_emb
2025-07-30 14:00:29,467 [INFO] IPUIPlugin:80 - create IPUIPlugin
2025-07-30 14:00:29,467 [INFO] PluginManager:220 - loadIPPluginJar : add ts
2025-07-30 14:00:29,468 [INFO] IPUIPlugin:80 - create IPUIPlugin
2025-07-30 14:00:29,468 [INFO] PluginManager:220 - loadIPPluginJar : add tsc
2025-07-30 14:00:29,469 [INFO] IPUIPlugin:80 - create IPUIPlugin
2025-07-30 14:00:29,469 [INFO] PluginManager:220 - loadIPPluginJar : add ucpd
2025-07-30 14:00:29,470 [INFO] IPUIPlugin:80 - create IPUIPlugin
2025-07-30 14:00:29,470 [INFO] PluginManager:220 - loadIPPluginJar : add usart
2025-07-30 14:00:29,472 [INFO] IPUIPlugin:80 - create IPUIPlugin
2025-07-30 14:00:29,472 [INFO] PluginManager:220 - loadIPPluginJar : add usbx
2025-07-30 14:00:29,579 [FATAL] Updater:351 - Updater called before beeing initialized
2025-07-30 14:00:29,595 [INFO] RulesReader:64 - Compatibility file has been processed (317 Rules)
2025-07-30 14:00:29,602 [INFO] RulesReader:64 - Compatibility file has been processed (317 Rules)
2025-07-30 14:00:29,606 [INFO] CADModel:165 - CPN selected for project level
2025-07-30 14:00:29,606 [INFO] CADModel:114 - Register for checkConnection events
2025-07-30 14:00:29,606 [FATAL] Updater:351 - Updater called before beeing initialized
2025-07-30 14:00:29,607 [ERROR] CADModel:125 - Updater not yet initialized, retry later 
2025-07-30 14:00:29,694 [FATAL] Updater:351 - Updater called before beeing initialized
2025-07-30 14:00:29,695 [INFO] CADModel:165 - CPN selected for project level
2025-07-30 14:00:29,695 [INFO] CADModel:114 - Register for checkConnection events
2025-07-30 14:00:29,695 [FATAL] Updater:351 - Updater called before beeing initialized
2025-07-30 14:00:29,695 [ERROR] CADModel:125 - Updater not yet initialized, retry later 
2025-07-30 14:00:29,698 [FATAL] Updater:351 - Updater called before beeing initialized
2025-07-30 14:00:29,765 [FATAL] Updater:351 - Updater called before beeing initialized
2025-07-30 14:00:29,767 [INFO] DbMcusAds:53 - JSON generation date=Tue Jul 08 18:14:23 AEST 2025 (1751962463524)
2025-07-30 14:00:29,767 [FATAL] Updater:351 - Updater called before beeing initialized
2025-07-30 14:00:29,791 [WARN] DetailPanel:346 - Failed to get advertising image, set to default
2025-07-30 14:00:29,851 [FATAL] Updater:351 - Updater called before beeing initialized
2025-07-30 14:00:29,852 [FATAL] Updater:351 - Updater called before beeing initialized
2025-07-30 14:00:29,852 [FATAL] Updater:351 - Updater called before beeing initialized
2025-07-30 14:00:29,852 [WARN] DetailPanel:346 - Failed to get advertising image, set to default
2025-07-30 14:00:29,853 [FATAL] Updater:351 - Updater called before beeing initialized
2025-07-30 14:00:29,879 [ERROR] Updater:1198 - MainUpdater not yet initialized. External WinMGr cannot be set.
2025-07-30 14:00:29,880 [INFO] Updater:1134 - Updater Version found : 6.15.0
2025-07-30 14:00:29,890 [INFO] ApplicationProperties:184 - Using Application install path: C:\ST\STM32CubeIDE_1.19.0\STM32CubeIDE\plugins\com.st.stm32cube.common.mx_6.15.0.202507011659
2025-07-30 14:00:30,092 [INFO] MainUpdater:2872 - connection check result : 10
2025-07-30 14:00:30,093 [INFO] MainUpdater:289 - Updater Check For Update Now.
2025-07-30 14:00:30,093 [INFO] MicroXplorer:498 - Change Database Version : DB.6.0.150
2025-07-30 14:00:30,096 [INFO] McuFinderGlobals:63 - Set McuFinder mode to 2 (CubeIDE integrated)
2025-07-30 14:00:30,097 [INFO] UserAuth:487 - Internet connection configuration mode: 1
2025-07-30 14:00:30,108 [INFO] JxBrowserEngine:152 - Initiate JxBrowser Engine with user profile folder
2025-07-30 14:00:30,243 [INFO] CheckServerUpdateThread:120 - End of CheckServer Thread
2025-07-30 14:00:30,442 [INFO] WebApp:169 - Instantiating new browser for Auth
2025-07-30 14:00:30,806 [INFO] WebApp:463 - Apply proxy settings
2025-07-30 14:00:30,807 [INFO] WebApp:548 - Chromium requires no authentication
2025-07-30 14:00:30,811 [INFO] WebApp:491 - Direct internet connection detected
2025-07-30 14:00:30,823 [INFO] WebApp:900 - Register for checkConnection events
2025-07-30 14:00:30,823 [INFO] WebApp:463 - Apply proxy settings
2025-07-30 14:00:30,823 [INFO] WebApp:548 - Chromium requires no authentication
2025-07-30 14:00:30,823 [INFO] WebApp:491 - Direct internet connection detected
2025-07-30 14:00:30,911 [INFO] WebApp:225 - Starting web application
2025-07-30 14:00:30,911 [INFO] WebApp:593 - Web application path used C:\ST\STM32CubeIDE_1.19.0\STM32CubeIDE\plugins\com.st.stm32cube.common.mx_6.15.0.202507011659\db\plugins\mcufinder\reactClient1\index.html
2025-07-30 14:00:30,961 [INFO] UserAuth:487 - Internet connection configuration mode: 1
2025-07-30 14:00:31,174 [INFO] WebApp:191 - Connection restablished
2025-07-30 14:00:32,222 [WARN] PackLoader:240 - Cannot read IP mode file for STMicroelectronics.FP-SNS-MOTENVWB1.1.4.0
2025-07-30 14:00:32,227 [WARN] PackLoader:240 - Cannot read IP mode file for STMicroelectronics.FP-ATR-ASTRA1.2.0.2
2025-07-30 14:00:32,229 [WARN] PackLoader:240 - Cannot read IP mode file for STMicroelectronics.FP-ATR-ASTRA1.2.0.1
2025-07-30 14:00:32,233 [WARN] PackLoader:240 - Cannot read IP mode file for STMicroelectronics.X-CUBE-SMBUS.2.1.0
2025-07-30 14:00:32,237 [WARN] PackLoader:240 - Cannot read IP mode file for STMicroelectronics.X-CUBE-WB05N.1.1.0
2025-07-30 14:00:32,240 [WARN] PackLoader:240 - Cannot read IP mode file for STMicroelectronics.X-CUBE-ST60.1.0.0
2025-07-30 14:00:32,255 [WARN] PackLoader:240 - Cannot read IP mode file for STMicroelectronics.X-CUBE-AZRTOS-F7.1.1.0
2025-07-30 14:00:32,259 [WARN] PackLoader:240 - Cannot read IP mode file for STMicroelectronics.FP-SNS-FLIGHT1.5.0.2
2025-07-30 14:00:32,271 [WARN] PackLoader:240 - Cannot read IP mode file for Infineon.AIROC-Wi-Fi-Bluetooth-STM32.1.7.0
2025-07-30 14:00:32,286 [WARN] PackLoader:240 - Cannot read IP mode file for STMicroelectronics.X-CUBE-AZRTOS-H7.3.4.0
2025-07-30 14:00:32,293 [WARN] PackLoader:240 - Cannot read IP mode file for STMicroelectronics.X-CUBE-DISPLAY.3.0.0
2025-07-30 14:00:32,301 [WARN] PackLoader:240 - Cannot read IP mode file for STMicroelectronics.X-CUBE-NFC10.1.0.0
2025-07-30 14:00:32,307 [WARN] PackLoader:240 - Cannot read IP mode file for STMicroelectronics.X-CUBE-BLEMGR.4.0.0
2025-07-30 14:00:32,312 [WARN] PackLoader:240 - Cannot read IP mode file for emotas.I-CUBE-CANOPEN.1.3.0
2025-07-30 14:00:32,315 [WARN] ConditionMgr:438 - getConditionDescription Invalid condition id : Cortex-A Device cause : null
2025-07-30 14:00:32,322 [WARN] ConditionMgr:1044 - genDependencies : Invalid condition id : Cortex-A Device cause : null
2025-07-30 14:00:32,322 [WARN] ConditionMgr:1044 - genDependencies : Invalid condition id : Cortex-A Device cause : null
2025-07-30 14:00:32,322 [WARN] ConditionMgr:1044 - genDependencies : Invalid condition id : Cortex-A Device cause : null
2025-07-30 14:00:32,324 [WARN] PackLoader:240 - Cannot read IP mode file for STMicroelectronics.X-CUBE-AI.10.0.0
2025-07-30 14:00:32,327 [WARN] PackLoader:240 - Cannot read IP mode file for STMicroelectronics.FP-SNS-SMARTAG2.1.2.0
2025-07-30 14:00:32,329 [WARN] PackLoader:240 - Cannot read IP mode file for STMicroelectronics.FP-SNS-FLIGHT1.5.1.0
2025-07-30 14:00:32,336 [INFO] LogOutputStream:77 - [STDOUT_REDIRECT] 1 : Invalid condition id : UX_CORESTACK_Condition cause : null
2025-07-30 14:00:32,337 [INFO] LogOutputStream:77 - [STDOUT_REDIRECT] 1 : Invalid condition id : UX_CORESTACK_Condition cause : null
2025-07-30 14:00:32,337 [INFO] LogOutputStream:77 - [STDOUT_REDIRECT] 1 : Invalid condition id : UX_CORESTACK_Condition cause : null
2025-07-30 14:00:32,338 [INFO] LogOutputStream:77 - [STDOUT_REDIRECT] 1 : Invalid condition id : UX_CORESTACK_Condition cause : null
2025-07-30 14:00:32,339 [INFO] LogOutputStream:77 - [STDOUT_REDIRECT] 1 : Invalid condition id : UX_CORESTACK_Condition cause : null
2025-07-30 14:00:32,340 [WARN] PackLoader:240 - Cannot read IP mode file for STMicroelectronics.X-CUBE-AZRTOS-WL.2.0.0
2025-07-30 14:00:32,343 [WARN] PackLoader:240 - Cannot read IP mode file for STMicroelectronics.FP-SNS-MOTENV1.5.0.0
2025-07-30 14:00:32,349 [WARN] PackLoader:240 - Cannot read IP mode file for WES.I-CUBE-Cesium.1.3.0
2025-07-30 14:00:32,352 [WARN] PackLoader:240 - Cannot read IP mode file for STMicroelectronics.X-CUBE-BLE2.3.3.0
2025-07-30 14:00:32,363 [WARN] PackLoader:240 - Cannot read IP mode file for STMicroelectronics.X-CUBE-NFC9.1.0.0
2025-07-30 14:00:32,368 [WARN] PackLoader:240 - Cannot read IP mode file for STMicroelectronics.X-CUBE-BLE1.7.1.0
2025-07-30 14:00:32,370 [WARN] PackLoader:240 - Cannot read IP mode file for wolfSSL.I-CUBE-wolfMQTT.1.19.2
2025-07-30 14:00:32,374 [WARN] PackLoader:240 - Cannot read IP mode file for STMicroelectronics.X-CUBE-EEPRMA1.5.2.0
2025-07-30 14:00:32,378 [WARN] PackLoader:240 - Cannot read IP mode file for STMicroelectronics.X-CUBE-AI.10.1.0
2025-07-30 14:00:32,418 [WARN] PackLoader:240 - Cannot read IP mode file for STMicroelectronics.X-CUBE-MEMS1.11.2.0
2025-07-30 14:00:32,507 [WARN] PackLoader:240 - Cannot read IP mode file for STMicroelectronics.X-CUBE-AZRTOS-G0.1.1.0
2025-07-30 14:00:32,511 [WARN] PackLoader:240 - Cannot read IP mode file for STMicroelectronics.X-CUBE-SAFEA1.1.2.2
2025-07-30 14:00:32,513 [WARN] PackLoader:240 - Cannot read IP mode file for STMicroelectronics.X-CUBE-NFC4.3.0.0
2025-07-30 14:00:32,517 [WARN] PackLoader:240 - Cannot read IP mode file for EmbeddedOffice.I-CUBE-FS-RTOS.1.0.1
2025-07-30 14:00:32,520 [WARN] PackLoader:240 - Cannot read IP mode file for STMicroelectronics.X-CUBE-WB05N.2.0.0
2025-07-30 14:00:32,523 [WARN] PackLoader:240 - Cannot read IP mode file for wolfSSL.I-CUBE-wolfTPM.3.8.0
2025-07-30 14:00:32,526 [WARN] PackLoader:240 - Cannot read IP mode file for STMicroelectronics.X-CUBE-TCPP.4.2.0
2025-07-30 14:00:32,530 [WARN] PackLoader:240 - Cannot read IP mode file for RealThread.X-CUBE-RT-Thread_Nano.4.1.1
2025-07-30 14:00:32,532 [WARN] PackLoader:240 - Cannot read IP mode file for STMicroelectronics.FP-ATR-SIGFOX1.3.2.0
2025-07-30 14:00:32,535 [WARN] PackLoader:240 - Cannot read IP mode file for STMicroelectronics.X-CUBE-EEPRMA1.5.1.0
2025-07-30 14:00:32,538 [WARN] PackLoader:240 - Cannot read IP mode file for wolfSSL.I-CUBE-wolfSSL.5.7.6
2025-07-30 14:00:32,542 [WARN] PackLoader:240 - Cannot read IP mode file for ITTIA_DB.I-CUBE-ITTIADB.8.9.0
2025-07-30 14:00:32,546 [WARN] PackLoader:240 - Cannot read IP mode file for STMicroelectronics.X-CUBE-ST67W61.1.0.0
2025-07-30 14:00:32,560 [WARN] PackLoader:240 - Cannot read IP mode file for SEGGER.I-CUBE-embOS.1.3.1
2025-07-30 14:00:32,575 [WARN] PackLoader:240 - Cannot read IP mode file for STMicroelectronics.X-CUBE-ALGOBUILD.1.4.0
2025-07-30 14:00:32,595 [WARN] PackLoader:240 - Cannot read IP mode file for STMicroelectronics.X-CUBE-MEMS1.11.3.0
2025-07-30 14:00:32,660 [WARN] PackLoader:240 - Cannot read IP mode file for STMicroelectronics.X-CUBE-PM33A1.1.0.0
2025-07-30 14:00:32,668 [WARN] PackLoader:240 - Cannot read IP mode file for STMicroelectronics.X-CUBE-AZRTOS-F4.1.1.0
2025-07-30 14:00:32,672 [WARN] PackLoader:240 - Cannot read IP mode file for Avnet-IotConnect.X-CUBE-IoTC-DA16k-PMOD.1.0.0
2025-07-30 14:00:32,676 [WARN] PackLoader:240 - Cannot read IP mode file for STMicroelectronics.X-CUBE-ISPU.2.1.0
2025-07-30 14:00:32,681 [WARN] PackLoader:240 - Cannot read IP mode file for STMicroelectronics.X-CUBE-NFC12.1.0.0
2025-07-30 14:00:32,693 [WARN] PackLoader:240 - Cannot read IP mode file for STMicroelectronics.X-CUBE-AZRTOS-L5.2.0.0
2025-07-30 14:00:32,700 [WARN] PackLoader:240 - Cannot read IP mode file for STMicroelectronics.X-CUBE-NFC6.3.1.0
2025-07-30 14:00:32,706 [WARN] PackLoader:240 - Cannot read IP mode file for STMicroelectronics.X-CUBE-FREERTOS.1.3.1
2025-07-30 14:00:32,709 [WARN] PackLoader:240 - Cannot read IP mode file for STMicroelectronics.X-CUBE-FREERTOS.1.3.0
2025-07-30 14:00:32,713 [WARN] PackLoader:240 - Cannot read IP mode file for STMicroelectronics.X-CUBE-NFC7.1.0.1
2025-07-30 14:00:32,717 [WARN] PackLoader:240 - Cannot read IP mode file for STMicroelectronics.FP-SNS-STAIOTCFT.1.0.0
2025-07-30 14:00:32,723 [WARN] PackLoader:240 - Cannot read IP mode file for STMicroelectronics.X-CUBE-DPower.1.3.0
2025-07-30 14:00:32,733 [WARN] ConditionMgr:438 - getConditionDescription Invalid condition id : LAN8742 Phy interface Condition cause : null
2025-07-30 14:00:32,733 [WARN] PackLoader:240 - Cannot read IP mode file for STMicroelectronics.X-CUBE-AZRTOS-L4.2.0.0
2025-07-30 14:00:32,734 [WARN] ConditionMgr:1044 - genDependencies : Invalid condition id : LAN8742 Phy interface Condition cause : null
2025-07-30 14:00:32,734 [WARN] ConditionMgr:1044 - genDependencies : Invalid condition id : LAN8742 Phy interface Condition cause : null
2025-07-30 14:00:32,734 [WARN] ConditionMgr:1044 - genDependencies : Invalid condition id : LAN8742 Phy interface Condition cause : null
2025-07-30 14:00:32,741 [WARN] PackLoader:240 - Cannot read IP mode file for STMicroelectronics.X-CUBE-SFXS2LP1.4.0.0
2025-07-30 14:00:32,757 [WARN] PackLoader:240 - Cannot read IP mode file for STMicroelectronics.X-CUBE-AZRTOS-H7.3.3.0
2025-07-30 14:00:32,764 [WARN] PackLoader:240 - Cannot read IP mode file for STMicroelectronics.X-CUBE-BLEMGR.4.1.0
2025-07-30 14:00:32,773 [WARN] ConditionMgr:438 - getConditionDescription Invalid condition id : UX DEVICE CLASS RTOS Condition cause : null
2025-07-30 14:00:32,773 [WARN] ConditionMgr:438 - getConditionDescription Invalid condition id : UX DEVICE CLASS RTOS Condition cause : null
2025-07-30 14:00:32,775 [WARN] PackLoader:240 - Cannot read IP mode file for STMicroelectronics.X-CUBE-AZRTOS-WB.2.0.0
2025-07-30 14:00:32,775 [WARN] ConditionMgr:1044 - genDependencies : Invalid condition id : UX DEVICE CLASS RTOS Condition cause : null
2025-07-30 14:00:32,775 [WARN] ConditionMgr:1044 - genDependencies : Invalid condition id : UX DEVICE CLASS RTOS Condition cause : null
2025-07-30 14:00:32,776 [WARN] ConditionMgr:1044 - genDependencies : Invalid condition id : UX DEVICE CLASS RTOS Condition cause : null
2025-07-30 14:00:32,776 [WARN] ConditionMgr:1044 - genDependencies : Invalid condition id : UX DEVICE CLASS RTOS Condition cause : null
2025-07-30 14:00:32,776 [WARN] ConditionMgr:1044 - genDependencies : Invalid condition id : UX DEVICE CLASS RTOS Condition cause : null
2025-07-30 14:00:32,781 [WARN] PackLoader:240 - Cannot read IP mode file for STMicroelectronics.X-CUBE-GNSS1.7.0.1
2025-07-30 14:00:32,797 [WARN] PackLoader:240 - Cannot read IP mode file for STMicroelectronics.X-CUBE-TOUCHGFX.4.25.0
2025-07-30 14:00:32,805 [WARN] PackLoader:240 - Cannot read IP mode file for STMicroelectronics.X-CUBE-SUBG2.5.0.0
2025-07-30 14:00:32,819 [WARN] PackLoader:240 - Cannot read IP mode file for STMicroelectronics.X-CUBE-AZRTOS-H7RS.1.1.0
2025-07-30 14:00:32,822 [WARN] PackLoader:240 - Cannot read IP mode file for Cesanta.I-CUBE-Mongoose.7.13.0
2025-07-30 14:00:32,828 [WARN] PackLoader:240 - Cannot read IP mode file for STMicroelectronics.X-CUBE-AZRTOS-G4.2.0.0
2025-07-30 14:00:32,831 [WARN] PackLoader:240 - Cannot read IP mode file for wolfSSL.I-CUBE-wolfSSH.1.4.20
2025-07-30 14:00:32,833 [WARN] PackLoader:240 - Cannot read IP mode file for STMicroelectronics.X-CUBE-NFC7.2.0.0
2025-07-30 14:00:32,838 [WARN] PackLoader:240 - Cannot read IP mode file for STMicroelectronics.X-CUBE-IPS.3.1.0
2025-07-30 14:00:32,844 [WARN] PackLoader:240 - Cannot read IP mode file for STMicroelectronics.X-CUBE-ALS.1.0.2
2025-07-30 14:00:32,850 [WARN] PackLoader:240 - Cannot read IP mode file for portGmbH.I-Cube-SoM-uGOAL.1.1.0
2025-07-30 14:00:32,855 [WARN] PackLoader:240 - Cannot read IP mode file for STMicroelectronics.X-CUBE-TOF1.3.4.3
2025-07-30 14:00:32,858 [INFO] ThirdParty:978 - Integrity check success = true
2025-07-30 14:00:32,858 [INFO] IntegrityCheckThread:100 - exiting critical section [integrity check]
2025-07-30 14:00:32,858 [INFO] IntegrityCheckThread:103 - End integrity checks thread
2025-07-30 14:10:02,307 [ERROR] LogOutputStream:75 - [STDERR_REDIRECT] 
2025-07-30 14:10:29,920 [INFO] Activator:176 - 


2025-07-30 14:10:29,921 [INFO] Activator:177 - !SESSION log4j initialized
2025-07-30 14:10:33,316 [INFO] LogOutputStream:77 - [STDOUT_REDIRECT] 
2025-07-30 14:10:34,131 [INFO] ApplicationProperties:184 - Using Application install path: C:\ST\STM32CubeIDE_1.19.0\STM32CubeIDE\plugins\com.st.stm32cube.common.mx_6.15.0.202507011659
2025-07-30 14:10:34,141 [INFO] DbMcusXml:78 - Set database path to: C:\ST\STM32CubeIDE_1.19.0\STM32CubeIDE\plugins\com.st.stm32cube.common.mx_6.15.0.202507011659\\db\/mcu/
2025-07-30 14:10:34,141 [INFO] ApiDb:274 - Set plugin database path to: C:\ST\STM32CubeIDE_1.19.0\STM32CubeIDE\plugins\com.st.stm32cube.common.mx_6.15.0.202507011659\\db\/plugins/boardmanager/
2025-07-30 14:10:34,141 [WARN] ApiDb:259 - Overriding images path with different value:  => C:\ST\STM32CubeIDE_1.19.0\STM32CubeIDE\plugins\com.st.stm32cube.common.mx_6.15.0.202507011659\\db\/plugins/mcufinder/images/
2025-07-30 14:10:34,144 [INFO] ApiDb:250 - Set database path to: C:\Users\nicks\.stmcufinder\plugins\mcufinder//mcu/
2025-07-30 14:10:34,145 [INFO] DbMcusAds:125 - Set database path to: C:\Users\nicks\.stmcufinder\plugins\mcufinder//mcu/
2025-07-30 14:10:34,146 [INFO] CrossReferenceDbSqlite:203 - Set database path to: C:\Users\nicks\.stmcufinder\plugins\mcufinder//mcu/cs/
2025-07-30 14:10:34,208 [INFO] RulesReader:64 - Compatibility file has been processed (317 Rules)
2025-07-30 14:10:34,257 [INFO] DbMcusXml:78 - Set database path to: C:\ST\STM32CubeIDE_1.19.0\STM32CubeIDE\plugins\com.st.stm32cube.common.mx_6.15.0.202507011659\\db\/mcu/
2025-07-30 14:10:34,258 [INFO] ApiDb:274 - Set plugin database path to: C:\ST\STM32CubeIDE_1.19.0\STM32CubeIDE\plugins\com.st.stm32cube.common.mx_6.15.0.202507011659\\db\/plugins/boardmanager/
2025-07-30 14:10:34,258 [INFO] ApiDb:261 - Set plugin images path to: C:\ST\STM32CubeIDE_1.19.0\STM32CubeIDE\plugins\com.st.stm32cube.common.mx_6.15.0.202507011659\\db\/plugins/mcufinder/images/
2025-07-30 14:10:34,258 [WARN] DbFile:41 - Overriding database path with different value: C:\Users\nicks\.stmcufinder\plugins\mcufinder/ => C:\Users\nicks\.stmcufinder\plugins\mcufinder
2025-07-30 14:10:34,258 [INFO] ApiDb:250 - Set database path to: C:\Users\nicks\.stmcufinder\plugins\mcufinder//mcu/
2025-07-30 14:10:34,258 [WARN] DbFile:41 - Overriding database path with different value: C:\Users\nicks\.stmcufinder\plugins\mcufinder/ => C:\Users\nicks\.stmcufinder\plugins\mcufinder
2025-07-30 14:10:34,258 [INFO] DbMcusAds:125 - Set database path to: C:\Users\nicks\.stmcufinder\plugins\mcufinder//mcu/
2025-07-30 14:10:34,258 [WARN] DbFile:41 - Overriding database path with different value: C:\Users\nicks\.stmcufinder\plugins\mcufinder/ => C:\Users\nicks\.stmcufinder\plugins\mcufinder
2025-07-30 14:10:34,258 [WARN] DbFile:41 - Overriding database path with different value: C:\Users\nicks\.stmcufinder\plugins\mcufinder/ => C:\Users\nicks\.stmcufinder\plugins\mcufinder
2025-07-30 14:10:34,258 [INFO] CrossReferenceDbSqlite:203 - Set database path to: C:\Users\nicks\.stmcufinder\plugins\mcufinder//mcu/cs/
2025-07-30 14:10:34,300 [INFO] MainPanel:274 - HeapMemory: 268435456
2025-07-30 14:10:34,348 [INFO] DbMcusXml:78 - Set database path to: C:\ST\STM32CubeIDE_1.19.0\STM32CubeIDE\plugins\com.st.stm32cube.common.mx_6.15.0.202507011659\\db\/mcu/
2025-07-30 14:10:34,348 [INFO] ApiDb:274 - Set plugin database path to: C:\ST\STM32CubeIDE_1.19.0\STM32CubeIDE\plugins\com.st.stm32cube.common.mx_6.15.0.202507011659\\db\/plugins/boardmanager/
2025-07-30 14:10:34,348 [INFO] ApiDb:261 - Set plugin images path to: C:\ST\STM32CubeIDE_1.19.0\STM32CubeIDE\plugins\com.st.stm32cube.common.mx_6.15.0.202507011659\\db\/plugins/mcufinder/images/
2025-07-30 14:10:34,348 [WARN] DbFile:41 - Overriding database path with different value: C:\Users\nicks\.stmcufinder\plugins\mcufinder/ => C:\Users\nicks\.stmcufinder\plugins\mcufinder
2025-07-30 14:10:34,348 [INFO] ApiDb:250 - Set database path to: C:\Users\nicks\.stmcufinder\plugins\mcufinder//mcu/
2025-07-30 14:10:34,348 [WARN] DbFile:41 - Overriding database path with different value: C:\Users\nicks\.stmcufinder\plugins\mcufinder/ => C:\Users\nicks\.stmcufinder\plugins\mcufinder
2025-07-30 14:10:34,348 [INFO] DbMcusAds:125 - Set database path to: C:\Users\nicks\.stmcufinder\plugins\mcufinder//mcu/
2025-07-30 14:10:34,349 [WARN] DbFile:41 - Overriding database path with different value: C:\Users\nicks\.stmcufinder\plugins\mcufinder/ => C:\Users\nicks\.stmcufinder\plugins\mcufinder
2025-07-30 14:10:34,349 [WARN] DbFile:41 - Overriding database path with different value: C:\Users\nicks\.stmcufinder\plugins\mcufinder/ => C:\Users\nicks\.stmcufinder\plugins\mcufinder
2025-07-30 14:10:34,349 [INFO] CrossReferenceDbSqlite:203 - Set database path to: C:\Users\nicks\.stmcufinder\plugins\mcufinder//mcu/cs/
2025-07-30 14:10:34,359 [INFO] ApplicationProperties:184 - Using Application install path: C:\ST\STM32CubeIDE_1.19.0\STM32CubeIDE\plugins\com.st.stm32cube.common.mx_6.15.0.202507011659
2025-07-30 14:10:34,360 [INFO] PluginManage:196 - Search for loadable plugins [exclusion list=, ]
2025-07-30 14:10:34,360 [INFO] PluginManage:310 - Check plugin analytics
2025-07-30 14:10:34,466 [INFO] AnalyticsPlugin:253 - Accepted Software Licenses: 
2025-07-30 14:10:34,466 [INFO] AnalyticsPlugin:255 - Accepted CMSIS Pack Licenses: 
2025-07-30 14:10:34,466 [INFO] AnalyticsPlugin:257 - Accepted Firmware Licenses: FW.F4.1.28.0,FW.H7.1.12.0,FW.H7.1.11.0
2025-07-30 14:10:34,468 [INFO] PluginManage:359 - Loaded plugin analytics (category:tool,tabindex:-1)
2025-07-30 14:10:34,468 [INFO] PluginManage:310 - Check plugin cadmodel
2025-07-30 14:10:34,471 [INFO] CADModel:105 - Init CAD model plugin
2025-07-30 14:10:34,471 [INFO] PluginManage:359 - Loaded plugin cadmodel (category:power,tabindex:5)
2025-07-30 14:10:34,471 [INFO] PluginManage:310 - Check plugin clock
2025-07-30 14:10:34,476 [INFO] PluginManage:359 - Loaded plugin clock (category:base,tabindex:2)
2025-07-30 14:10:34,476 [INFO] PluginManage:310 - Check plugin ddr
2025-07-30 14:10:34,477 [INFO] PluginManage:359 - Loaded plugin ddr (category:tool,tabindex:6)
2025-07-30 14:10:34,477 [INFO] PluginManage:310 - Check plugin filemanager
2025-07-30 14:10:34,565 [INFO] PluginManage:359 - Loaded plugin filemanager (category:base,tabindex:10)
2025-07-30 14:10:34,565 [INFO] PluginManage:310 - Check plugin ipmanager
2025-07-30 14:10:34,569 [INFO] PluginManage:359 - Loaded plugin ipmanager (category:base,tabindex:5)
2025-07-30 14:10:34,569 [INFO] PluginManage:310 - Check plugin lpbam
2025-07-30 14:10:34,574 [INFO] PluginManage:359 - Loaded plugin lpbam (category:base,tabindex:0)
2025-07-30 14:10:34,575 [INFO] PluginManage:310 - Check plugin memorymap
2025-07-30 14:10:34,581 [INFO] PluginManage:359 - Loaded plugin memorymap (category:base,tabindex:4)
2025-07-30 14:10:34,581 [INFO] PluginManage:310 - Check plugin pinoutandconfiguration
2025-07-30 14:10:34,585 [INFO] PluginManage:359 - Loaded plugin pinoutandconfiguration (category:base,tabindex:1)
2025-07-30 14:10:34,585 [INFO] PluginManage:310 - Check plugin pinoutconfig
2025-07-30 14:10:34,635 [WARN] SupportedApi:132 - Cannot load RTOS API schema: s4s-elt-must-match.1: The content of 'definitions' must match (annotation?, (simpleType | complexType)?, (unique | key | keyref)*)). A problem was found starting at: attribute.
2025-07-30 14:10:34,705 [INFO] PluginManage:359 - Loaded plugin pinoutconfig (category:base,tabindex:0)
2025-07-30 14:10:34,705 [INFO] PluginManage:310 - Check plugin power
2025-07-30 14:10:34,710 [INFO] PluginManage:359 - Loaded plugin power (category:power,tabindex:4)
2025-07-30 14:10:34,710 [INFO] PluginManage:310 - Check plugin projectmanager
2025-07-30 14:10:34,719 [INFO] PluginManage:359 - Loaded plugin projectmanager (category:projectmanager,tabindex:4)
2025-07-30 14:10:34,719 [INFO] PluginManage:310 - Check plugin rif
2025-07-30 14:10:34,724 [INFO] PluginManage:359 - Loaded plugin rif (category:base,tabindex:3)
2025-07-30 14:10:34,724 [INFO] PluginManage:310 - Check plugin thirdparty
2025-07-30 14:10:34,796 [INFO] PluginManage:359 - Loaded plugin thirdparty (category:base,tabindex:-1)
2025-07-30 14:10:34,797 [INFO] PluginManage:310 - Check plugin tools
2025-07-30 14:10:34,796 [WARN] IntegrityCheckThread:84 - waiting for thirdparty lock release [integrity check]
2025-07-30 14:10:34,797 [INFO] IntegrityCheckThread:86 - entering critical section [integrity check]
2025-07-30 14:10:34,797 [INFO] ThirdPartyUpdaterWithRetryManager:70 - Updater plugin not ready yet. [1/15]
2025-07-30 14:10:34,798 [INFO] PluginManage:359 - Loaded plugin tools (category:base,tabindex:7)
2025-07-30 14:10:34,798 [INFO] PluginManage:310 - Check plugin tutovideos
2025-07-30 14:10:34,913 [INFO] PluginManage:359 - Loaded plugin tutovideos (category:base,tabindex:-1)
2025-07-30 14:10:34,913 [INFO] PluginManage:310 - Check plugin updater
2025-07-30 14:10:34,926 [INFO] PluginManage:359 - Loaded plugin updater (category:base,tabindex:12)
2025-07-30 14:10:34,926 [INFO] PluginManage:310 - Check plugin userauth
2025-07-30 14:10:34,929 [INFO] UserAuth:118 - Init User Auth plugin
2025-07-30 14:10:34,929 [INFO] PluginManage:359 - Loaded plugin userauth (category:base,tabindex:14)
2025-07-30 14:10:34,930 [INFO] PluginManage:283 - PluginManage : Loaded plugins [18]
2025-07-30 14:10:35,048 [INFO] PinOutPanel:1589 - setPackage(No Configuration,No Configuration)
2025-07-30 14:10:35,095 [INFO] CADModel:165 - CPN selected for project level
2025-07-30 14:10:35,095 [INFO] CADModel:114 - Register for checkConnection events
2025-07-30 14:10:35,105 [INFO] IPUIPlugin:80 - create IPUIPlugin
2025-07-30 14:10:35,105 [INFO] PluginManager:220 - loadIPPluginJar : add adc
2025-07-30 14:10:35,106 [INFO] IPUIPlugin:80 - create IPUIPlugin
2025-07-30 14:10:35,106 [INFO] PluginManager:220 - loadIPPluginJar : add aes
2025-07-30 14:10:35,107 [INFO] IPUIPlugin:80 - create IPUIPlugin
2025-07-30 14:10:35,108 [INFO] PluginManager:220 - loadIPPluginJar : add can
2025-07-30 14:10:35,108 [INFO] IPUIPlugin:80 - create IPUIPlugin
2025-07-30 14:10:35,108 [INFO] PluginManager:220 - loadIPPluginJar : add comp
2025-07-30 14:10:35,110 [INFO] IPUIPlugin:80 - create IPUIPlugin
2025-07-30 14:10:35,110 [INFO] PluginManager:220 - loadIPPluginJar : add cryp
2025-07-30 14:10:35,111 [INFO] IPUIPlugin:80 - create IPUIPlugin
2025-07-30 14:10:35,111 [INFO] PluginManager:220 - loadIPPluginJar : add ddr_ctrl_phy
2025-07-30 14:10:35,112 [INFO] IPUIPlugin:80 - create IPUIPlugin
2025-07-30 14:10:35,112 [INFO] PluginManager:220 - loadIPPluginJar : add dfsdm
2025-07-30 14:10:35,115 [INFO] IPUIPlugin:80 - create IPUIPlugin
2025-07-30 14:10:35,115 [INFO] PluginManager:220 - loadIPPluginJar : add dma
2025-07-30 14:10:35,116 [INFO] IPUIPlugin:80 - create IPUIPlugin
2025-07-30 14:10:35,117 [INFO] PluginManager:220 - loadIPPluginJar : add dma3
2025-07-30 14:10:35,118 [INFO] IPUIPlugin:80 - create IPUIPlugin
2025-07-30 14:10:35,118 [INFO] PluginManager:220 - loadIPPluginJar : add extmemmanager
2025-07-30 14:10:35,119 [INFO] IPUIPlugin:80 - create IPUIPlugin
2025-07-30 14:10:35,119 [INFO] PluginManager:220 - loadIPPluginJar : add fatfs
2025-07-30 14:10:35,122 [INFO] IPUIPlugin:80 - create IPUIPlugin
2025-07-30 14:10:35,122 [INFO] PluginManager:220 - loadIPPluginJar : add fmc
2025-07-30 14:10:35,125 [INFO] IPUIPlugin:80 - create IPUIPlugin
2025-07-30 14:10:35,125 [INFO] PluginManager:220 - loadIPPluginJar : add freertos
2025-07-30 14:10:35,125 [INFO] IPUIPlugin:80 - create IPUIPlugin
2025-07-30 14:10:35,126 [INFO] PluginManager:220 - loadIPPluginJar : add genericplugin
2025-07-30 14:10:35,127 [INFO] IPUIPlugin:80 - create IPUIPlugin
2025-07-30 14:10:35,127 [INFO] PluginManager:220 - loadIPPluginJar : add gfxmmu
2025-07-30 14:10:35,129 [INFO] IPUIPlugin:80 - create IPUIPlugin
2025-07-30 14:10:35,129 [INFO] PluginManager:220 - loadIPPluginJar : add gic
2025-07-30 14:10:35,131 [INFO] IPUIPlugin:80 - create IPUIPlugin
2025-07-30 14:10:35,131 [INFO] PluginManager:220 - loadIPPluginJar : add gpio
2025-07-30 14:10:35,133 [INFO] IPUIPlugin:80 - create IPUIPlugin
2025-07-30 14:10:35,133 [INFO] PluginManager:220 - loadIPPluginJar : add gtzc
2025-07-30 14:10:35,134 [INFO] IPUIPlugin:80 - create IPUIPlugin
2025-07-30 14:10:35,134 [INFO] PluginManager:220 - loadIPPluginJar : add hash
2025-07-30 14:10:35,135 [INFO] IPUIPlugin:80 - create IPUIPlugin
2025-07-30 14:10:35,135 [INFO] PluginManager:220 - loadIPPluginJar : add i2c
2025-07-30 14:10:35,137 [INFO] IPUIPlugin:80 - create IPUIPlugin
2025-07-30 14:10:35,137 [INFO] PluginManager:220 - loadIPPluginJar : add i2s
2025-07-30 14:10:35,138 [INFO] IPUIPlugin:80 - create IPUIPlugin
2025-07-30 14:10:35,138 [INFO] PluginManager:220 - loadIPPluginJar : add i3c
2025-07-30 14:10:35,140 [INFO] IPUIPlugin:80 - create IPUIPlugin
2025-07-30 14:10:35,140 [INFO] PluginManager:220 - loadIPPluginJar : add ipddr
2025-07-30 14:10:35,144 [INFO] IPUIPlugin:80 - create IPUIPlugin
2025-07-30 14:10:35,144 [INFO] PluginManager:220 - loadIPPluginJar : add linkedlist
2025-07-30 14:10:35,146 [INFO] IPUIPlugin:80 - create IPUIPlugin
2025-07-30 14:10:35,146 [INFO] PluginManager:220 - loadIPPluginJar : add lorawan
2025-07-30 14:10:35,147 [INFO] IPUIPlugin:80 - create IPUIPlugin
2025-07-30 14:10:35,147 [INFO] PluginManager:220 - loadIPPluginJar : add ltdc
2025-07-30 14:10:35,150 [INFO] IPUIPlugin:80 - create IPUIPlugin
2025-07-30 14:10:35,150 [INFO] PluginManager:220 - loadIPPluginJar : add mdma
2025-07-30 14:10:35,152 [INFO] IPUIPlugin:80 - create IPUIPlugin
2025-07-30 14:10:35,152 [INFO] PluginManager:220 - loadIPPluginJar : add nvic
2025-07-30 14:10:35,154 [INFO] IPUIPlugin:80 - create IPUIPlugin
2025-07-30 14:10:35,154 [INFO] PluginManager:220 - loadIPPluginJar : add opamp
2025-07-30 14:10:35,156 [INFO] IPUIPlugin:80 - create IPUIPlugin
2025-07-30 14:10:35,156 [INFO] PluginManager:220 - loadIPPluginJar : add openamp
2025-07-30 14:10:35,157 [INFO] IPUIPlugin:80 - create IPUIPlugin
2025-07-30 14:10:35,157 [INFO] PluginManager:220 - loadIPPluginJar : add pdm2pcm
2025-07-30 14:10:35,160 [INFO] IPUIPlugin:80 - create IPUIPlugin
2025-07-30 14:10:35,162 [INFO] PluginManager:220 - loadIPPluginJar : add plateformsettings
2025-07-30 14:10:35,163 [INFO] IPUIPlugin:80 - create IPUIPlugin
2025-07-30 14:10:35,163 [INFO] PluginManager:220 - loadIPPluginJar : add quadspi
2025-07-30 14:10:35,164 [INFO] IPUIPlugin:80 - create IPUIPlugin
2025-07-30 14:10:35,164 [INFO] PluginManager:220 - loadIPPluginJar : add radio
2025-07-30 14:10:35,166 [INFO] IPUIPlugin:80 - create IPUIPlugin
2025-07-30 14:10:35,166 [INFO] PluginManager:220 - loadIPPluginJar : add resmgrutility
2025-07-30 14:10:35,168 [INFO] IPUIPlugin:80 - create IPUIPlugin
2025-07-30 14:10:35,168 [INFO] PluginManager:220 - loadIPPluginJar : add sai
2025-07-30 14:10:35,169 [INFO] IPUIPlugin:80 - create IPUIPlugin
2025-07-30 14:10:35,169 [INFO] PluginManager:220 - loadIPPluginJar : add spi
2025-07-30 14:10:35,172 [INFO] IPUIPlugin:80 - create IPUIPlugin
2025-07-30 14:10:35,172 [INFO] PluginManager:220 - loadIPPluginJar : add stm32_wpan
2025-07-30 14:10:35,173 [INFO] IPUIPlugin:80 - create IPUIPlugin
2025-07-30 14:10:35,173 [INFO] PluginManager:220 - loadIPPluginJar : add tim
2025-07-30 14:10:35,175 [INFO] IPUIPlugin:80 - create IPUIPlugin
2025-07-30 14:10:35,175 [INFO] PluginManager:220 - loadIPPluginJar : add touchsensing
2025-07-30 14:10:35,176 [INFO] IPUIPlugin:80 - create IPUIPlugin
2025-07-30 14:10:35,176 [INFO] PluginManager:220 - loadIPPluginJar : add tracer_emb
2025-07-30 14:10:35,177 [INFO] IPUIPlugin:80 - create IPUIPlugin
2025-07-30 14:10:35,177 [INFO] PluginManager:220 - loadIPPluginJar : add ts
2025-07-30 14:10:35,178 [INFO] IPUIPlugin:80 - create IPUIPlugin
2025-07-30 14:10:35,178 [INFO] PluginManager:220 - loadIPPluginJar : add tsc
2025-07-30 14:10:35,180 [INFO] IPUIPlugin:80 - create IPUIPlugin
2025-07-30 14:10:35,180 [INFO] PluginManager:220 - loadIPPluginJar : add ucpd
2025-07-30 14:10:35,182 [INFO] IPUIPlugin:80 - create IPUIPlugin
2025-07-30 14:10:35,182 [INFO] PluginManager:220 - loadIPPluginJar : add usart
2025-07-30 14:10:35,184 [INFO] IPUIPlugin:80 - create IPUIPlugin
2025-07-30 14:10:35,184 [INFO] PluginManager:220 - loadIPPluginJar : add usbx
2025-07-30 14:10:35,289 [FATAL] Updater:351 - Updater called before beeing initialized
2025-07-30 14:10:35,304 [INFO] RulesReader:64 - Compatibility file has been processed (317 Rules)
2025-07-30 14:10:35,310 [INFO] RulesReader:64 - Compatibility file has been processed (317 Rules)
2025-07-30 14:10:35,314 [INFO] CADModel:165 - CPN selected for project level
2025-07-30 14:10:35,314 [INFO] CADModel:114 - Register for checkConnection events
2025-07-30 14:10:35,315 [FATAL] Updater:351 - Updater called before beeing initialized
2025-07-30 14:10:35,315 [ERROR] CADModel:125 - Updater not yet initialized, retry later 
2025-07-30 14:10:35,395 [FATAL] Updater:351 - Updater called before beeing initialized
2025-07-30 14:10:35,396 [INFO] CADModel:165 - CPN selected for project level
2025-07-30 14:10:35,396 [INFO] CADModel:114 - Register for checkConnection events
2025-07-30 14:10:35,396 [FATAL] Updater:351 - Updater called before beeing initialized
2025-07-30 14:10:35,396 [ERROR] CADModel:125 - Updater not yet initialized, retry later 
2025-07-30 14:10:35,398 [FATAL] Updater:351 - Updater called before beeing initialized
2025-07-30 14:10:35,467 [FATAL] Updater:351 - Updater called before beeing initialized
2025-07-30 14:10:35,470 [INFO] DbMcusAds:53 - JSON generation date=Tue Jul 08 18:14:23 AEST 2025 (1751962463524)
2025-07-30 14:10:35,470 [FATAL] Updater:351 - Updater called before beeing initialized
2025-07-30 14:10:35,492 [WARN] DetailPanel:346 - Failed to get advertising image, set to default
2025-07-30 14:10:35,549 [FATAL] Updater:351 - Updater called before beeing initialized
2025-07-30 14:10:35,550 [FATAL] Updater:351 - Updater called before beeing initialized
2025-07-30 14:10:35,550 [FATAL] Updater:351 - Updater called before beeing initialized
2025-07-30 14:10:35,551 [WARN] DetailPanel:346 - Failed to get advertising image, set to default
2025-07-30 14:10:35,551 [FATAL] Updater:351 - Updater called before beeing initialized
2025-07-30 14:10:35,579 [ERROR] Updater:1198 - MainUpdater not yet initialized. External WinMGr cannot be set.
2025-07-30 14:10:35,580 [INFO] Updater:1134 - Updater Version found : 6.15.0
2025-07-30 14:10:35,590 [INFO] ApplicationProperties:184 - Using Application install path: C:\ST\STM32CubeIDE_1.19.0\STM32CubeIDE\plugins\com.st.stm32cube.common.mx_6.15.0.202507011659
2025-07-30 14:10:35,787 [INFO] MainUpdater:2872 - connection check result : 10
2025-07-30 14:10:35,787 [INFO] MainUpdater:289 - Updater Check For Update Now.
2025-07-30 14:10:35,787 [INFO] MicroXplorer:498 - Change Database Version : DB.6.0.150
2025-07-30 14:10:35,791 [INFO] McuFinderGlobals:63 - Set McuFinder mode to 2 (CubeIDE integrated)
2025-07-30 14:10:35,791 [INFO] UserAuth:487 - Internet connection configuration mode: 1
2025-07-30 14:10:35,804 [INFO] JxBrowserEngine:152 - Initiate JxBrowser Engine with user profile folder
2025-07-30 14:10:35,933 [INFO] CheckServerUpdateThread:120 - End of CheckServer Thread
2025-07-30 14:10:36,132 [INFO] WebApp:169 - Instantiating new browser for Auth
2025-07-30 14:10:36,507 [INFO] WebApp:463 - Apply proxy settings
2025-07-30 14:10:36,507 [INFO] WebApp:548 - Chromium requires no authentication
2025-07-30 14:10:36,512 [INFO] WebApp:491 - Direct internet connection detected
2025-07-30 14:10:36,524 [INFO] WebApp:900 - Register for checkConnection events
2025-07-30 14:10:36,524 [INFO] WebApp:463 - Apply proxy settings
2025-07-30 14:10:36,524 [INFO] WebApp:548 - Chromium requires no authentication
2025-07-30 14:10:36,524 [INFO] WebApp:491 - Direct internet connection detected
2025-07-30 14:10:36,616 [INFO] WebApp:225 - Starting web application
2025-07-30 14:10:36,616 [INFO] WebApp:593 - Web application path used C:\ST\STM32CubeIDE_1.19.0\STM32CubeIDE\plugins\com.st.stm32cube.common.mx_6.15.0.202507011659\db\plugins\mcufinder\reactClient1\index.html
2025-07-30 14:10:36,671 [INFO] UserAuth:487 - Internet connection configuration mode: 1
2025-07-30 14:10:36,886 [INFO] WebApp:191 - Connection restablished
2025-07-30 14:10:37,945 [WARN] PackLoader:240 - Cannot read IP mode file for STMicroelectronics.FP-SNS-MOTENVWB1.1.4.0
2025-07-30 14:10:37,949 [WARN] PackLoader:240 - Cannot read IP mode file for STMicroelectronics.FP-ATR-ASTRA1.2.0.2
2025-07-30 14:10:37,951 [WARN] PackLoader:240 - Cannot read IP mode file for STMicroelectronics.FP-ATR-ASTRA1.2.0.1
2025-07-30 14:10:37,956 [WARN] PackLoader:240 - Cannot read IP mode file for STMicroelectronics.X-CUBE-SMBUS.2.1.0
2025-07-30 14:10:37,960 [WARN] PackLoader:240 - Cannot read IP mode file for STMicroelectronics.X-CUBE-WB05N.1.1.0
2025-07-30 14:10:37,963 [WARN] PackLoader:240 - Cannot read IP mode file for STMicroelectronics.X-CUBE-ST60.1.0.0
2025-07-30 14:10:37,986 [WARN] PackLoader:240 - Cannot read IP mode file for STMicroelectronics.X-CUBE-AZRTOS-F7.1.1.0
2025-07-30 14:10:37,992 [WARN] PackLoader:240 - Cannot read IP mode file for STMicroelectronics.FP-SNS-FLIGHT1.5.0.2
2025-07-30 14:10:38,010 [WARN] PackLoader:240 - Cannot read IP mode file for Infineon.AIROC-Wi-Fi-Bluetooth-STM32.1.7.0
2025-07-30 14:10:38,041 [WARN] PackLoader:240 - Cannot read IP mode file for STMicroelectronics.X-CUBE-AZRTOS-H7.3.4.0
2025-07-30 14:10:38,050 [WARN] PackLoader:240 - Cannot read IP mode file for STMicroelectronics.X-CUBE-DISPLAY.3.0.0
2025-07-30 14:10:38,056 [WARN] PackLoader:240 - Cannot read IP mode file for STMicroelectronics.X-CUBE-NFC10.1.0.0
2025-07-30 14:10:38,063 [WARN] PackLoader:240 - Cannot read IP mode file for STMicroelectronics.X-CUBE-BLEMGR.4.0.0
2025-07-30 14:10:38,068 [WARN] PackLoader:240 - Cannot read IP mode file for emotas.I-CUBE-CANOPEN.1.3.0
2025-07-30 14:10:38,071 [WARN] ConditionMgr:438 - getConditionDescription Invalid condition id : Cortex-A Device cause : null
2025-07-30 14:10:38,079 [WARN] ConditionMgr:1044 - genDependencies : Invalid condition id : Cortex-A Device cause : null
2025-07-30 14:10:38,079 [WARN] ConditionMgr:1044 - genDependencies : Invalid condition id : Cortex-A Device cause : null
2025-07-30 14:10:38,079 [WARN] ConditionMgr:1044 - genDependencies : Invalid condition id : Cortex-A Device cause : null
2025-07-30 14:10:38,081 [WARN] PackLoader:240 - Cannot read IP mode file for STMicroelectronics.X-CUBE-AI.10.0.0
2025-07-30 14:10:38,083 [WARN] PackLoader:240 - Cannot read IP mode file for STMicroelectronics.FP-SNS-SMARTAG2.1.2.0
2025-07-30 14:10:38,085 [WARN] PackLoader:240 - Cannot read IP mode file for STMicroelectronics.FP-SNS-FLIGHT1.5.1.0
2025-07-30 14:10:38,089 [INFO] LogOutputStream:77 - [STDOUT_REDIRECT] 1 : Invalid condition id : UX_CORESTACK_Condition cause : null
2025-07-30 14:10:38,089 [INFO] LogOutputStream:77 - [STDOUT_REDIRECT] 1 : Invalid condition id : UX_CORESTACK_Condition cause : null
2025-07-30 14:10:38,090 [INFO] LogOutputStream:77 - [STDOUT_REDIRECT] 1 : Invalid condition id : UX_CORESTACK_Condition cause : null
2025-07-30 14:10:38,090 [INFO] LogOutputStream:77 - [STDOUT_REDIRECT] 1 : Invalid condition id : UX_CORESTACK_Condition cause : null
2025-07-30 14:10:38,091 [INFO] LogOutputStream:77 - [STDOUT_REDIRECT] 1 : Invalid condition id : UX_CORESTACK_Condition cause : null
2025-07-30 14:10:38,093 [WARN] PackLoader:240 - Cannot read IP mode file for STMicroelectronics.X-CUBE-AZRTOS-WL.2.0.0
2025-07-30 14:10:38,096 [WARN] PackLoader:240 - Cannot read IP mode file for STMicroelectronics.FP-SNS-MOTENV1.5.0.0
2025-07-30 14:10:38,101 [WARN] PackLoader:240 - Cannot read IP mode file for WES.I-CUBE-Cesium.1.3.0
2025-07-30 14:10:38,104 [WARN] PackLoader:240 - Cannot read IP mode file for STMicroelectronics.X-CUBE-BLE2.3.3.0
2025-07-30 14:10:38,108 [WARN] PackLoader:240 - Cannot read IP mode file for STMicroelectronics.X-CUBE-NFC9.1.0.0
2025-07-30 14:10:38,111 [WARN] PackLoader:240 - Cannot read IP mode file for STMicroelectronics.X-CUBE-BLE1.7.1.0
2025-07-30 14:10:38,113 [WARN] PackLoader:240 - Cannot read IP mode file for wolfSSL.I-CUBE-wolfMQTT.1.19.2
2025-07-30 14:10:38,117 [WARN] PackLoader:240 - Cannot read IP mode file for STMicroelectronics.X-CUBE-EEPRMA1.5.2.0
2025-07-30 14:10:38,119 [WARN] PackLoader:240 - Cannot read IP mode file for STMicroelectronics.X-CUBE-AI.10.1.0
2025-07-30 14:10:38,143 [WARN] PackLoader:240 - Cannot read IP mode file for STMicroelectronics.X-CUBE-MEMS1.11.2.0
2025-07-30 14:10:38,218 [WARN] PackLoader:240 - Cannot read IP mode file for STMicroelectronics.X-CUBE-AZRTOS-G0.1.1.0
2025-07-30 14:10:38,223 [WARN] PackLoader:240 - Cannot read IP mode file for STMicroelectronics.X-CUBE-SAFEA1.1.2.2
2025-07-30 14:10:38,226 [WARN] PackLoader:240 - Cannot read IP mode file for STMicroelectronics.X-CUBE-NFC4.3.0.0
2025-07-30 14:10:38,231 [WARN] PackLoader:240 - Cannot read IP mode file for EmbeddedOffice.I-CUBE-FS-RTOS.1.0.1
2025-07-30 14:10:38,234 [WARN] PackLoader:240 - Cannot read IP mode file for STMicroelectronics.X-CUBE-WB05N.2.0.0
2025-07-30 14:10:38,237 [WARN] PackLoader:240 - Cannot read IP mode file for wolfSSL.I-CUBE-wolfTPM.3.8.0
2025-07-30 14:10:38,240 [WARN] PackLoader:240 - Cannot read IP mode file for STMicroelectronics.X-CUBE-TCPP.4.2.0
2025-07-30 14:10:38,243 [WARN] PackLoader:240 - Cannot read IP mode file for RealThread.X-CUBE-RT-Thread_Nano.4.1.1
2025-07-30 14:10:38,246 [WARN] PackLoader:240 - Cannot read IP mode file for STMicroelectronics.FP-ATR-SIGFOX1.3.2.0
2025-07-30 14:10:38,250 [WARN] PackLoader:240 - Cannot read IP mode file for STMicroelectronics.X-CUBE-EEPRMA1.5.1.0
2025-07-30 14:10:38,253 [WARN] PackLoader:240 - Cannot read IP mode file for wolfSSL.I-CUBE-wolfSSL.5.7.6
2025-07-30 14:10:38,256 [WARN] PackLoader:240 - Cannot read IP mode file for ITTIA_DB.I-CUBE-ITTIADB.8.9.0
2025-07-30 14:10:38,259 [WARN] PackLoader:240 - Cannot read IP mode file for STMicroelectronics.X-CUBE-ST67W61.1.0.0
2025-07-30 14:10:38,275 [WARN] PackLoader:240 - Cannot read IP mode file for SEGGER.I-CUBE-embOS.1.3.1
2025-07-30 14:10:38,290 [WARN] PackLoader:240 - Cannot read IP mode file for STMicroelectronics.X-CUBE-ALGOBUILD.1.4.0
2025-07-30 14:10:38,308 [WARN] PackLoader:240 - Cannot read IP mode file for STMicroelectronics.X-CUBE-MEMS1.11.3.0
2025-07-30 14:10:38,373 [WARN] PackLoader:240 - Cannot read IP mode file for STMicroelectronics.X-CUBE-PM33A1.1.0.0
2025-07-30 14:10:38,387 [WARN] PackLoader:240 - Cannot read IP mode file for STMicroelectronics.X-CUBE-AZRTOS-F4.1.1.0
2025-07-30 14:10:38,393 [WARN] PackLoader:240 - Cannot read IP mode file for Avnet-IotConnect.X-CUBE-IoTC-DA16k-PMOD.1.0.0
2025-07-30 14:10:38,396 [WARN] PackLoader:240 - Cannot read IP mode file for STMicroelectronics.X-CUBE-ISPU.2.1.0
2025-07-30 14:10:38,401 [WARN] PackLoader:240 - Cannot read IP mode file for STMicroelectronics.X-CUBE-NFC12.1.0.0
2025-07-30 14:10:38,412 [WARN] PackLoader:240 - Cannot read IP mode file for STMicroelectronics.X-CUBE-AZRTOS-L5.2.0.0
2025-07-30 14:10:38,419 [WARN] PackLoader:240 - Cannot read IP mode file for STMicroelectronics.X-CUBE-NFC6.3.1.0
2025-07-30 14:10:38,426 [WARN] PackLoader:240 - Cannot read IP mode file for STMicroelectronics.X-CUBE-FREERTOS.1.3.1
2025-07-30 14:10:38,429 [WARN] PackLoader:240 - Cannot read IP mode file for STMicroelectronics.X-CUBE-FREERTOS.1.3.0
2025-07-30 14:10:38,432 [WARN] PackLoader:240 - Cannot read IP mode file for STMicroelectronics.X-CUBE-NFC7.1.0.1
2025-07-30 14:10:38,450 [WARN] PackLoader:240 - Cannot read IP mode file for STMicroelectronics.FP-SNS-STAIOTCFT.1.0.0
2025-07-30 14:10:38,455 [WARN] PackLoader:240 - Cannot read IP mode file for STMicroelectronics.X-CUBE-DPower.1.3.0
2025-07-30 14:10:38,466 [WARN] ConditionMgr:438 - getConditionDescription Invalid condition id : LAN8742 Phy interface Condition cause : null
2025-07-30 14:10:38,467 [WARN] PackLoader:240 - Cannot read IP mode file for STMicroelectronics.X-CUBE-AZRTOS-L4.2.0.0
2025-07-30 14:10:38,468 [WARN] ConditionMgr:1044 - genDependencies : Invalid condition id : LAN8742 Phy interface Condition cause : null
2025-07-30 14:10:38,469 [WARN] ConditionMgr:1044 - genDependencies : Invalid condition id : LAN8742 Phy interface Condition cause : null
2025-07-30 14:10:38,469 [WARN] ConditionMgr:1044 - genDependencies : Invalid condition id : LAN8742 Phy interface Condition cause : null
2025-07-30 14:10:38,477 [WARN] PackLoader:240 - Cannot read IP mode file for STMicroelectronics.X-CUBE-SFXS2LP1.4.0.0
2025-07-30 14:10:38,486 [WARN] PackLoader:240 - Cannot read IP mode file for STMicroelectronics.X-CUBE-AZRTOS-H7.3.3.0
2025-07-30 14:10:38,492 [WARN] PackLoader:240 - Cannot read IP mode file for STMicroelectronics.X-CUBE-BLEMGR.4.1.0
2025-07-30 14:10:38,499 [WARN] ConditionMgr:438 - getConditionDescription Invalid condition id : UX DEVICE CLASS RTOS Condition cause : null
2025-07-30 14:10:38,499 [WARN] ConditionMgr:438 - getConditionDescription Invalid condition id : UX DEVICE CLASS RTOS Condition cause : null
2025-07-30 14:10:38,501 [WARN] PackLoader:240 - Cannot read IP mode file for STMicroelectronics.X-CUBE-AZRTOS-WB.2.0.0
2025-07-30 14:10:38,501 [WARN] ConditionMgr:1044 - genDependencies : Invalid condition id : UX DEVICE CLASS RTOS Condition cause : null
2025-07-30 14:10:38,501 [WARN] ConditionMgr:1044 - genDependencies : Invalid condition id : UX DEVICE CLASS RTOS Condition cause : null
2025-07-30 14:10:38,502 [WARN] ConditionMgr:1044 - genDependencies : Invalid condition id : UX DEVICE CLASS RTOS Condition cause : null
2025-07-30 14:10:38,502 [WARN] ConditionMgr:1044 - genDependencies : Invalid condition id : UX DEVICE CLASS RTOS Condition cause : null
2025-07-30 14:10:38,502 [WARN] ConditionMgr:1044 - genDependencies : Invalid condition id : UX DEVICE CLASS RTOS Condition cause : null
2025-07-30 14:10:38,506 [WARN] PackLoader:240 - Cannot read IP mode file for STMicroelectronics.X-CUBE-GNSS1.7.0.1
2025-07-30 14:10:38,510 [WARN] PackLoader:240 - Cannot read IP mode file for STMicroelectronics.X-CUBE-TOUCHGFX.4.25.0
2025-07-30 14:10:38,516 [WARN] PackLoader:240 - Cannot read IP mode file for STMicroelectronics.X-CUBE-SUBG2.5.0.0
2025-07-30 14:10:38,526 [WARN] PackLoader:240 - Cannot read IP mode file for STMicroelectronics.X-CUBE-AZRTOS-H7RS.1.1.0
2025-07-30 14:10:38,531 [WARN] PackLoader:240 - Cannot read IP mode file for Cesanta.I-CUBE-Mongoose.7.13.0
2025-07-30 14:10:38,538 [WARN] PackLoader:240 - Cannot read IP mode file for STMicroelectronics.X-CUBE-AZRTOS-G4.2.0.0
2025-07-30 14:10:38,541 [WARN] PackLoader:240 - Cannot read IP mode file for wolfSSL.I-CUBE-wolfSSH.1.4.20
2025-07-30 14:10:38,543 [WARN] PackLoader:240 - Cannot read IP mode file for STMicroelectronics.X-CUBE-NFC7.2.0.0
2025-07-30 14:10:38,549 [WARN] PackLoader:240 - Cannot read IP mode file for STMicroelectronics.X-CUBE-IPS.3.1.0
2025-07-30 14:10:38,554 [WARN] PackLoader:240 - Cannot read IP mode file for STMicroelectronics.X-CUBE-ALS.1.0.2
2025-07-30 14:10:38,559 [WARN] PackLoader:240 - Cannot read IP mode file for portGmbH.I-Cube-SoM-uGOAL.1.1.0
2025-07-30 14:10:38,564 [WARN] PackLoader:240 - Cannot read IP mode file for STMicroelectronics.X-CUBE-TOF1.3.4.3
2025-07-30 14:10:38,570 [INFO] ThirdParty:978 - Integrity check success = true
2025-07-30 14:10:38,571 [INFO] IntegrityCheckThread:100 - exiting critical section [integrity check]
2025-07-30 14:10:38,571 [INFO] IntegrityCheckThread:103 - End integrity checks thread
2025-07-30 14:11:24,979 [ERROR] LogOutputStream:75 - [STDERR_REDIRECT] 
2025-07-30 14:11:28,245 [INFO] Activator:176 - 


2025-07-30 14:11:28,247 [INFO] Activator:177 - !SESSION log4j initialized
2025-07-30 14:11:30,031 [INFO] LogOutputStream:77 - [STDOUT_REDIRECT] 
2025-07-30 14:11:31,324 [INFO] ApplicationProperties:184 - Using Application install path: C:\ST\STM32CubeIDE_1.19.0\STM32CubeIDE\plugins\com.st.stm32cube.common.mx_6.15.0.202507011659
2025-07-30 14:11:31,333 [INFO] DbMcusXml:78 - Set database path to: C:\ST\STM32CubeIDE_1.19.0\STM32CubeIDE\plugins\com.st.stm32cube.common.mx_6.15.0.202507011659\\db\/mcu/
2025-07-30 14:11:31,333 [INFO] ApiDb:274 - Set plugin database path to: C:\ST\STM32CubeIDE_1.19.0\STM32CubeIDE\plugins\com.st.stm32cube.common.mx_6.15.0.202507011659\\db\/plugins/boardmanager/
2025-07-30 14:11:31,333 [WARN] ApiDb:259 - Overriding images path with different value:  => C:\ST\STM32CubeIDE_1.19.0\STM32CubeIDE\plugins\com.st.stm32cube.common.mx_6.15.0.202507011659\\db\/plugins/mcufinder/images/
2025-07-30 14:11:31,337 [INFO] ApiDb:250 - Set database path to: C:\Users\nicks\.stmcufinder\plugins\mcufinder//mcu/
2025-07-30 14:11:31,338 [INFO] DbMcusAds:125 - Set database path to: C:\Users\nicks\.stmcufinder\plugins\mcufinder//mcu/
2025-07-30 14:11:31,340 [INFO] CrossReferenceDbSqlite:203 - Set database path to: C:\Users\nicks\.stmcufinder\plugins\mcufinder//mcu/cs/
2025-07-30 14:11:31,413 [INFO] RulesReader:64 - Compatibility file has been processed (317 Rules)
2025-07-30 14:11:31,484 [INFO] DbMcusXml:78 - Set database path to: C:\ST\STM32CubeIDE_1.19.0\STM32CubeIDE\plugins\com.st.stm32cube.common.mx_6.15.0.202507011659\\db\/mcu/
2025-07-30 14:11:31,484 [INFO] ApiDb:274 - Set plugin database path to: C:\ST\STM32CubeIDE_1.19.0\STM32CubeIDE\plugins\com.st.stm32cube.common.mx_6.15.0.202507011659\\db\/plugins/boardmanager/
2025-07-30 14:11:31,484 [INFO] ApiDb:261 - Set plugin images path to: C:\ST\STM32CubeIDE_1.19.0\STM32CubeIDE\plugins\com.st.stm32cube.common.mx_6.15.0.202507011659\\db\/plugins/mcufinder/images/
2025-07-30 14:11:31,484 [WARN] DbFile:41 - Overriding database path with different value: C:\Users\nicks\.stmcufinder\plugins\mcufinder/ => C:\Users\nicks\.stmcufinder\plugins\mcufinder
2025-07-30 14:11:31,485 [INFO] ApiDb:250 - Set database path to: C:\Users\nicks\.stmcufinder\plugins\mcufinder//mcu/
2025-07-30 14:11:31,485 [WARN] DbFile:41 - Overriding database path with different value: C:\Users\nicks\.stmcufinder\plugins\mcufinder/ => C:\Users\nicks\.stmcufinder\plugins\mcufinder
2025-07-30 14:11:31,485 [INFO] DbMcusAds:125 - Set database path to: C:\Users\nicks\.stmcufinder\plugins\mcufinder//mcu/
2025-07-30 14:11:31,485 [WARN] DbFile:41 - Overriding database path with different value: C:\Users\nicks\.stmcufinder\plugins\mcufinder/ => C:\Users\nicks\.stmcufinder\plugins\mcufinder
2025-07-30 14:11:31,485 [WARN] DbFile:41 - Overriding database path with different value: C:\Users\nicks\.stmcufinder\plugins\mcufinder/ => C:\Users\nicks\.stmcufinder\plugins\mcufinder
2025-07-30 14:11:31,485 [INFO] CrossReferenceDbSqlite:203 - Set database path to: C:\Users\nicks\.stmcufinder\plugins\mcufinder//mcu/cs/
2025-07-30 14:11:31,551 [INFO] MainPanel:274 - HeapMemory: 269484032
2025-07-30 14:11:31,640 [INFO] DbMcusXml:78 - Set database path to: C:\ST\STM32CubeIDE_1.19.0\STM32CubeIDE\plugins\com.st.stm32cube.common.mx_6.15.0.202507011659\\db\/mcu/
2025-07-30 14:11:31,640 [INFO] ApiDb:274 - Set plugin database path to: C:\ST\STM32CubeIDE_1.19.0\STM32CubeIDE\plugins\com.st.stm32cube.common.mx_6.15.0.202507011659\\db\/plugins/boardmanager/
2025-07-30 14:11:31,640 [INFO] ApiDb:261 - Set plugin images path to: C:\ST\STM32CubeIDE_1.19.0\STM32CubeIDE\plugins\com.st.stm32cube.common.mx_6.15.0.202507011659\\db\/plugins/mcufinder/images/
2025-07-30 14:11:31,641 [WARN] DbFile:41 - Overriding database path with different value: C:\Users\nicks\.stmcufinder\plugins\mcufinder/ => C:\Users\nicks\.stmcufinder\plugins\mcufinder
2025-07-30 14:11:31,641 [INFO] ApiDb:250 - Set database path to: C:\Users\nicks\.stmcufinder\plugins\mcufinder//mcu/
2025-07-30 14:11:31,641 [WARN] DbFile:41 - Overriding database path with different value: C:\Users\nicks\.stmcufinder\plugins\mcufinder/ => C:\Users\nicks\.stmcufinder\plugins\mcufinder
2025-07-30 14:11:31,641 [INFO] DbMcusAds:125 - Set database path to: C:\Users\nicks\.stmcufinder\plugins\mcufinder//mcu/
2025-07-30 14:11:31,641 [WARN] DbFile:41 - Overriding database path with different value: C:\Users\nicks\.stmcufinder\plugins\mcufinder/ => C:\Users\nicks\.stmcufinder\plugins\mcufinder
2025-07-30 14:11:31,641 [WARN] DbFile:41 - Overriding database path with different value: C:\Users\nicks\.stmcufinder\plugins\mcufinder/ => C:\Users\nicks\.stmcufinder\plugins\mcufinder
2025-07-30 14:11:31,641 [INFO] CrossReferenceDbSqlite:203 - Set database path to: C:\Users\nicks\.stmcufinder\plugins\mcufinder//mcu/cs/
2025-07-30 14:11:31,655 [INFO] ApplicationProperties:184 - Using Application install path: C:\ST\STM32CubeIDE_1.19.0\STM32CubeIDE\plugins\com.st.stm32cube.common.mx_6.15.0.202507011659
2025-07-30 14:11:31,656 [INFO] PluginManage:196 - Search for loadable plugins [exclusion list=, ]
2025-07-30 14:11:31,657 [INFO] PluginManage:310 - Check plugin analytics
2025-07-30 14:11:31,830 [INFO] AnalyticsPlugin:253 - Accepted Software Licenses: 
2025-07-30 14:11:31,830 [INFO] AnalyticsPlugin:255 - Accepted CMSIS Pack Licenses: 
2025-07-30 14:11:31,830 [INFO] AnalyticsPlugin:257 - Accepted Firmware Licenses: FW.F4.1.28.0,FW.H7.1.12.0,FW.H7.1.11.0
2025-07-30 14:11:31,832 [INFO] PluginManage:359 - Loaded plugin analytics (category:tool,tabindex:-1)
2025-07-30 14:11:31,832 [INFO] PluginManage:310 - Check plugin cadmodel
2025-07-30 14:11:31,835 [INFO] CADModel:105 - Init CAD model plugin
2025-07-30 14:11:31,835 [INFO] PluginManage:359 - Loaded plugin cadmodel (category:power,tabindex:5)
2025-07-30 14:11:31,836 [INFO] PluginManage:310 - Check plugin clock
2025-07-30 14:11:31,844 [INFO] PluginManage:359 - Loaded plugin clock (category:base,tabindex:2)
2025-07-30 14:11:31,844 [INFO] PluginManage:310 - Check plugin ddr
2025-07-30 14:11:31,846 [INFO] PluginManage:359 - Loaded plugin ddr (category:tool,tabindex:6)
2025-07-30 14:11:31,847 [INFO] PluginManage:310 - Check plugin filemanager
2025-07-30 14:11:32,020 [INFO] PluginManage:359 - Loaded plugin filemanager (category:base,tabindex:10)
2025-07-30 14:11:32,020 [INFO] PluginManage:310 - Check plugin ipmanager
2025-07-30 14:11:32,030 [INFO] PluginManage:359 - Loaded plugin ipmanager (category:base,tabindex:5)
2025-07-30 14:11:32,030 [INFO] PluginManage:310 - Check plugin lpbam
2025-07-30 14:11:32,041 [INFO] PluginManage:359 - Loaded plugin lpbam (category:base,tabindex:0)
2025-07-30 14:11:32,041 [INFO] PluginManage:310 - Check plugin memorymap
2025-07-30 14:11:32,053 [INFO] PluginManage:359 - Loaded plugin memorymap (category:base,tabindex:4)
2025-07-30 14:11:32,054 [INFO] PluginManage:310 - Check plugin pinoutandconfiguration
2025-07-30 14:11:32,063 [INFO] PluginManage:359 - Loaded plugin pinoutandconfiguration (category:base,tabindex:1)
2025-07-30 14:11:32,063 [INFO] PluginManage:310 - Check plugin pinoutconfig
2025-07-30 14:11:32,158 [WARN] SupportedApi:132 - Cannot load RTOS API schema: s4s-elt-must-match.1: The content of 'definitions' must match (annotation?, (simpleType | complexType)?, (unique | key | keyref)*)). A problem was found starting at: attribute.
2025-07-30 14:11:32,266 [INFO] PluginManage:359 - Loaded plugin pinoutconfig (category:base,tabindex:0)
2025-07-30 14:11:32,266 [INFO] PluginManage:310 - Check plugin power
2025-07-30 14:11:32,274 [INFO] PluginManage:359 - Loaded plugin power (category:power,tabindex:4)
2025-07-30 14:11:32,275 [INFO] PluginManage:310 - Check plugin projectmanager
2025-07-30 14:11:32,293 [INFO] PluginManage:359 - Loaded plugin projectmanager (category:projectmanager,tabindex:4)
2025-07-30 14:11:32,294 [INFO] PluginManage:310 - Check plugin rif
2025-07-30 14:11:32,300 [INFO] PluginManage:359 - Loaded plugin rif (category:base,tabindex:3)
2025-07-30 14:11:32,300 [INFO] PluginManage:310 - Check plugin thirdparty
2025-07-30 14:11:32,407 [INFO] PluginManage:359 - Loaded plugin thirdparty (category:base,tabindex:-1)
2025-07-30 14:11:32,407 [INFO] PluginManage:310 - Check plugin tools
2025-07-30 14:11:32,407 [WARN] IntegrityCheckThread:84 - waiting for thirdparty lock release [integrity check]
2025-07-30 14:11:32,407 [INFO] IntegrityCheckThread:86 - entering critical section [integrity check]
2025-07-30 14:11:32,408 [INFO] ThirdPartyUpdaterWithRetryManager:70 - Updater plugin not ready yet. [1/15]
2025-07-30 14:11:32,410 [INFO] PluginManage:359 - Loaded plugin tools (category:base,tabindex:7)
2025-07-30 14:11:32,410 [INFO] PluginManage:310 - Check plugin tutovideos
2025-07-30 14:11:32,574 [INFO] PluginManage:359 - Loaded plugin tutovideos (category:base,tabindex:-1)
2025-07-30 14:11:32,574 [INFO] PluginManage:310 - Check plugin updater
2025-07-30 14:11:32,590 [INFO] PluginManage:359 - Loaded plugin updater (category:base,tabindex:12)
2025-07-30 14:11:32,591 [INFO] PluginManage:310 - Check plugin userauth
2025-07-30 14:11:32,593 [INFO] UserAuth:118 - Init User Auth plugin
2025-07-30 14:11:32,594 [INFO] PluginManage:359 - Loaded plugin userauth (category:base,tabindex:14)
2025-07-30 14:11:32,594 [INFO] PluginManage:283 - PluginManage : Loaded plugins [18]
2025-07-30 14:11:32,651 [WARN] RulesReader:66 - Compatibility file://mcu/compatibility.xml not found
2025-07-30 14:11:32,785 [INFO] PinOutPanel:1589 - setPackage(No Configuration,No Configuration)
2025-07-30 14:11:32,848 [INFO] CADModel:165 - CPN selected for project level
2025-07-30 14:11:32,848 [INFO] CADModel:114 - Register for checkConnection events
2025-07-30 14:11:32,857 [INFO] IPUIPlugin:80 - create IPUIPlugin
2025-07-30 14:11:32,858 [INFO] PluginManager:220 - loadIPPluginJar : add adc
2025-07-30 14:11:32,860 [INFO] IPUIPlugin:80 - create IPUIPlugin
2025-07-30 14:11:32,861 [INFO] PluginManager:220 - loadIPPluginJar : add aes
2025-07-30 14:11:32,863 [INFO] IPUIPlugin:80 - create IPUIPlugin
2025-07-30 14:11:32,863 [INFO] PluginManager:220 - loadIPPluginJar : add can
2025-07-30 14:11:32,864 [INFO] IPUIPlugin:80 - create IPUIPlugin
2025-07-30 14:11:32,864 [INFO] PluginManager:220 - loadIPPluginJar : add comp
2025-07-30 14:11:32,866 [INFO] IPUIPlugin:80 - create IPUIPlugin
2025-07-30 14:11:32,866 [INFO] PluginManager:220 - loadIPPluginJar : add cryp
2025-07-30 14:11:32,867 [INFO] IPUIPlugin:80 - create IPUIPlugin
2025-07-30 14:11:32,868 [INFO] PluginManager:220 - loadIPPluginJar : add ddr_ctrl_phy
2025-07-30 14:11:32,869 [INFO] IPUIPlugin:80 - create IPUIPlugin
2025-07-30 14:11:32,869 [INFO] PluginManager:220 - loadIPPluginJar : add dfsdm
2025-07-30 14:11:32,873 [INFO] IPUIPlugin:80 - create IPUIPlugin
2025-07-30 14:11:32,873 [INFO] PluginManager:220 - loadIPPluginJar : add dma
2025-07-30 14:11:32,875 [INFO] IPUIPlugin:80 - create IPUIPlugin
2025-07-30 14:11:32,875 [INFO] PluginManager:220 - loadIPPluginJar : add dma3
2025-07-30 14:11:32,877 [INFO] IPUIPlugin:80 - create IPUIPlugin
2025-07-30 14:11:32,877 [INFO] PluginManager:220 - loadIPPluginJar : add extmemmanager
2025-07-30 14:11:32,878 [INFO] IPUIPlugin:80 - create IPUIPlugin
2025-07-30 14:11:32,878 [INFO] PluginManager:220 - loadIPPluginJar : add fatfs
2025-07-30 14:11:32,880 [INFO] IPUIPlugin:80 - create IPUIPlugin
2025-07-30 14:11:32,880 [INFO] PluginManager:220 - loadIPPluginJar : add fmc
2025-07-30 14:11:32,886 [INFO] IPUIPlugin:80 - create IPUIPlugin
2025-07-30 14:11:32,886 [INFO] PluginManager:220 - loadIPPluginJar : add freertos
2025-07-30 14:11:32,887 [INFO] IPUIPlugin:80 - create IPUIPlugin
2025-07-30 14:11:32,887 [INFO] PluginManager:220 - loadIPPluginJar : add genericplugin
2025-07-30 14:11:32,889 [INFO] IPUIPlugin:80 - create IPUIPlugin
2025-07-30 14:11:32,889 [INFO] PluginManager:220 - loadIPPluginJar : add gfxmmu
2025-07-30 14:11:32,892 [INFO] IPUIPlugin:80 - create IPUIPlugin
2025-07-30 14:11:32,892 [INFO] PluginManager:220 - loadIPPluginJar : add gic
2025-07-30 14:11:32,895 [INFO] IPUIPlugin:80 - create IPUIPlugin
2025-07-30 14:11:32,895 [INFO] PluginManager:220 - loadIPPluginJar : add gpio
2025-07-30 14:11:32,896 [INFO] IPUIPlugin:80 - create IPUIPlugin
2025-07-30 14:11:32,896 [INFO] PluginManager:220 - loadIPPluginJar : add gtzc
2025-07-30 14:11:32,898 [INFO] IPUIPlugin:80 - create IPUIPlugin
2025-07-30 14:11:32,898 [INFO] PluginManager:220 - loadIPPluginJar : add hash
2025-07-30 14:11:32,900 [INFO] IPUIPlugin:80 - create IPUIPlugin
2025-07-30 14:11:32,900 [INFO] PluginManager:220 - loadIPPluginJar : add i2c
2025-07-30 14:11:32,901 [INFO] IPUIPlugin:80 - create IPUIPlugin
2025-07-30 14:11:32,901 [INFO] PluginManager:220 - loadIPPluginJar : add i2s
2025-07-30 14:11:32,903 [INFO] IPUIPlugin:80 - create IPUIPlugin
2025-07-30 14:11:32,903 [INFO] PluginManager:220 - loadIPPluginJar : add i3c
2025-07-30 14:11:32,905 [INFO] IPUIPlugin:80 - create IPUIPlugin
2025-07-30 14:11:32,905 [INFO] PluginManager:220 - loadIPPluginJar : add ipddr
2025-07-30 14:11:32,909 [INFO] IPUIPlugin:80 - create IPUIPlugin
2025-07-30 14:11:32,910 [INFO] PluginManager:220 - loadIPPluginJar : add linkedlist
2025-07-30 14:11:32,912 [INFO] IPUIPlugin:80 - create IPUIPlugin
2025-07-30 14:11:32,912 [INFO] PluginManager:220 - loadIPPluginJar : add lorawan
2025-07-30 14:11:32,914 [INFO] IPUIPlugin:80 - create IPUIPlugin
2025-07-30 14:11:32,914 [INFO] PluginManager:220 - loadIPPluginJar : add ltdc
2025-07-30 14:11:32,919 [INFO] IPUIPlugin:80 - create IPUIPlugin
2025-07-30 14:11:32,920 [INFO] PluginManager:220 - loadIPPluginJar : add mdma
2025-07-30 14:11:32,922 [INFO] IPUIPlugin:80 - create IPUIPlugin
2025-07-30 14:11:32,922 [INFO] PluginManager:220 - loadIPPluginJar : add nvic
2025-07-30 14:11:32,924 [INFO] IPUIPlugin:80 - create IPUIPlugin
2025-07-30 14:11:32,924 [INFO] PluginManager:220 - loadIPPluginJar : add opamp
2025-07-30 14:11:32,927 [INFO] IPUIPlugin:80 - create IPUIPlugin
2025-07-30 14:11:32,927 [INFO] PluginManager:220 - loadIPPluginJar : add openamp
2025-07-30 14:11:32,929 [INFO] IPUIPlugin:80 - create IPUIPlugin
2025-07-30 14:11:32,929 [INFO] PluginManager:220 - loadIPPluginJar : add pdm2pcm
2025-07-30 14:11:32,934 [INFO] IPUIPlugin:80 - create IPUIPlugin
2025-07-30 14:11:32,936 [INFO] PluginManager:220 - loadIPPluginJar : add plateformsettings
2025-07-30 14:11:32,937 [INFO] IPUIPlugin:80 - create IPUIPlugin
2025-07-30 14:11:32,937 [INFO] PluginManager:220 - loadIPPluginJar : add quadspi
2025-07-30 14:11:32,939 [INFO] IPUIPlugin:80 - create IPUIPlugin
2025-07-30 14:11:32,939 [INFO] PluginManager:220 - loadIPPluginJar : add radio
2025-07-30 14:11:32,946 [INFO] IPUIPlugin:80 - create IPUIPlugin
2025-07-30 14:11:32,946 [INFO] PluginManager:220 - loadIPPluginJar : add resmgrutility
2025-07-30 14:11:32,949 [INFO] IPUIPlugin:80 - create IPUIPlugin
2025-07-30 14:11:32,949 [INFO] PluginManager:220 - loadIPPluginJar : add sai
2025-07-30 14:11:32,951 [INFO] IPUIPlugin:80 - create IPUIPlugin
2025-07-30 14:11:32,951 [INFO] PluginManager:220 - loadIPPluginJar : add spi
2025-07-30 14:11:32,956 [INFO] IPUIPlugin:80 - create IPUIPlugin
2025-07-30 14:11:32,956 [INFO] PluginManager:220 - loadIPPluginJar : add stm32_wpan
2025-07-30 14:11:32,957 [INFO] IPUIPlugin:80 - create IPUIPlugin
2025-07-30 14:11:32,957 [INFO] PluginManager:220 - loadIPPluginJar : add tim
2025-07-30 14:11:32,960 [INFO] IPUIPlugin:80 - create IPUIPlugin
2025-07-30 14:11:32,960 [INFO] PluginManager:220 - loadIPPluginJar : add touchsensing
2025-07-30 14:11:32,962 [INFO] IPUIPlugin:80 - create IPUIPlugin
2025-07-30 14:11:32,962 [INFO] PluginManager:220 - loadIPPluginJar : add tracer_emb
2025-07-30 14:11:32,963 [INFO] IPUIPlugin:80 - create IPUIPlugin
2025-07-30 14:11:32,963 [INFO] PluginManager:220 - loadIPPluginJar : add ts
2025-07-30 14:11:32,964 [INFO] IPUIPlugin:80 - create IPUIPlugin
2025-07-30 14:11:32,964 [INFO] PluginManager:220 - loadIPPluginJar : add tsc
2025-07-30 14:11:32,965 [INFO] IPUIPlugin:80 - create IPUIPlugin
2025-07-30 14:11:32,966 [INFO] PluginManager:220 - loadIPPluginJar : add ucpd
2025-07-30 14:11:32,967 [INFO] IPUIPlugin:80 - create IPUIPlugin
2025-07-30 14:11:32,968 [INFO] PluginManager:220 - loadIPPluginJar : add usart
2025-07-30 14:11:32,970 [INFO] IPUIPlugin:80 - create IPUIPlugin
2025-07-30 14:11:32,970 [INFO] PluginManager:220 - loadIPPluginJar : add usbx
2025-07-30 14:11:33,095 [FATAL] Updater:351 - Updater called before beeing initialized
2025-07-30 14:11:33,118 [INFO] RulesReader:64 - Compatibility file has been processed (317 Rules)
2025-07-30 14:11:33,129 [INFO] RulesReader:64 - Compatibility file has been processed (317 Rules)
2025-07-30 14:11:33,134 [INFO] CADModel:165 - CPN selected for project level
2025-07-30 14:11:33,134 [INFO] CADModel:114 - Register for checkConnection events
2025-07-30 14:11:33,135 [FATAL] Updater:351 - Updater called before beeing initialized
2025-07-30 14:11:33,135 [ERROR] CADModel:125 - Updater not yet initialized, retry later 
2025-07-30 14:11:33,237 [FATAL] Updater:351 - Updater called before beeing initialized
2025-07-30 14:11:33,238 [INFO] CADModel:165 - CPN selected for project level
2025-07-30 14:11:33,238 [INFO] CADModel:114 - Register for checkConnection events
2025-07-30 14:11:33,238 [FATAL] Updater:351 - Updater called before beeing initialized
2025-07-30 14:11:33,238 [ERROR] CADModel:125 - Updater not yet initialized, retry later 
2025-07-30 14:11:33,240 [FATAL] Updater:351 - Updater called before beeing initialized
2025-07-30 14:11:33,317 [FATAL] Updater:351 - Updater called before beeing initialized
2025-07-30 14:11:33,320 [INFO] DbMcusAds:53 - JSON generation date=Tue Jul 08 18:14:23 AEST 2025 (1751962463524)
2025-07-30 14:11:33,320 [FATAL] Updater:351 - Updater called before beeing initialized
2025-07-30 14:11:33,343 [WARN] DetailPanel:346 - Failed to get advertising image, set to default
2025-07-30 14:11:33,436 [FATAL] Updater:351 - Updater called before beeing initialized
2025-07-30 14:11:33,438 [FATAL] Updater:351 - Updater called before beeing initialized
2025-07-30 14:11:33,438 [FATAL] Updater:351 - Updater called before beeing initialized
2025-07-30 14:11:33,438 [WARN] DetailPanel:346 - Failed to get advertising image, set to default
2025-07-30 14:11:33,439 [FATAL] Updater:351 - Updater called before beeing initialized
2025-07-30 14:11:33,471 [ERROR] Updater:1198 - MainUpdater not yet initialized. External WinMGr cannot be set.
2025-07-30 14:11:33,472 [INFO] Updater:1134 - Updater Version found : 6.15.0
2025-07-30 14:11:33,483 [INFO] ApplicationProperties:184 - Using Application install path: C:\ST\STM32CubeIDE_1.19.0\STM32CubeIDE\plugins\com.st.stm32cube.common.mx_6.15.0.202507011659
2025-07-30 14:11:33,715 [INFO] MainUpdater:2872 - connection check result : 10
2025-07-30 14:11:33,715 [INFO] MainUpdater:289 - Updater Check For Update Now.
2025-07-30 14:11:33,715 [INFO] MicroXplorer:498 - Change Database Version : DB.6.0.150
2025-07-30 14:11:33,719 [INFO] McuFinderGlobals:63 - Set McuFinder mode to 2 (CubeIDE integrated)
2025-07-30 14:11:33,720 [INFO] UserAuth:487 - Internet connection configuration mode: 1
2025-07-30 14:11:33,733 [INFO] JxBrowserEngine:152 - Initiate JxBrowser Engine with user profile folder
2025-07-30 14:11:33,874 [INFO] CheckServerUpdateThread:120 - End of CheckServer Thread
2025-07-30 14:11:34,198 [INFO] WebApp:169 - Instantiating new browser for Auth
2025-07-30 14:11:34,670 [INFO] WebApp:463 - Apply proxy settings
2025-07-30 14:11:34,671 [INFO] WebApp:548 - Chromium requires no authentication
2025-07-30 14:11:34,679 [INFO] WebApp:491 - Direct internet connection detected
2025-07-30 14:11:34,692 [INFO] WebApp:900 - Register for checkConnection events
2025-07-30 14:11:34,692 [INFO] WebApp:463 - Apply proxy settings
2025-07-30 14:11:34,692 [INFO] WebApp:548 - Chromium requires no authentication
2025-07-30 14:11:34,692 [INFO] WebApp:491 - Direct internet connection detected
2025-07-30 14:11:34,804 [INFO] WebApp:225 - Starting web application
2025-07-30 14:11:34,804 [INFO] WebApp:593 - Web application path used C:\ST\STM32CubeIDE_1.19.0\STM32CubeIDE\plugins\com.st.stm32cube.common.mx_6.15.0.202507011659\db\plugins\mcufinder\reactClient1\index.html
2025-07-30 14:11:34,859 [INFO] UserAuth:487 - Internet connection configuration mode: 1
2025-07-30 14:11:35,074 [INFO] WebApp:191 - Connection restablished
2025-07-30 14:11:35,594 [WARN] PackLoader:240 - Cannot read IP mode file for STMicroelectronics.FP-SNS-MOTENVWB1.1.4.0
2025-07-30 14:11:35,600 [WARN] PackLoader:240 - Cannot read IP mode file for STMicroelectronics.FP-ATR-ASTRA1.2.0.2
2025-07-30 14:11:35,602 [WARN] PackLoader:240 - Cannot read IP mode file for STMicroelectronics.FP-ATR-ASTRA1.2.0.1
2025-07-30 14:11:35,608 [WARN] PackLoader:240 - Cannot read IP mode file for STMicroelectronics.X-CUBE-SMBUS.2.1.0
2025-07-30 14:11:35,613 [WARN] PackLoader:240 - Cannot read IP mode file for STMicroelectronics.X-CUBE-WB05N.1.1.0
2025-07-30 14:11:35,621 [WARN] PackLoader:240 - Cannot read IP mode file for STMicroelectronics.X-CUBE-ST60.1.0.0
2025-07-30 14:11:35,641 [WARN] PackLoader:240 - Cannot read IP mode file for STMicroelectronics.X-CUBE-AZRTOS-F7.1.1.0
2025-07-30 14:11:35,648 [WARN] PackLoader:240 - Cannot read IP mode file for STMicroelectronics.FP-SNS-FLIGHT1.5.0.2
2025-07-30 14:11:35,665 [WARN] PackLoader:240 - Cannot read IP mode file for Infineon.AIROC-Wi-Fi-Bluetooth-STM32.1.7.0
2025-07-30 14:11:35,685 [WARN] PackLoader:240 - Cannot read IP mode file for STMicroelectronics.X-CUBE-AZRTOS-H7.3.4.0
2025-07-30 14:11:35,692 [WARN] PackLoader:240 - Cannot read IP mode file for STMicroelectronics.X-CUBE-DISPLAY.3.0.0
2025-07-30 14:11:35,699 [WARN] PackLoader:240 - Cannot read IP mode file for STMicroelectronics.X-CUBE-NFC10.1.0.0
2025-07-30 14:11:35,706 [WARN] PackLoader:240 - Cannot read IP mode file for STMicroelectronics.X-CUBE-BLEMGR.4.0.0
2025-07-30 14:11:35,711 [WARN] PackLoader:240 - Cannot read IP mode file for emotas.I-CUBE-CANOPEN.1.3.0
2025-07-30 14:11:35,713 [WARN] ConditionMgr:438 - getConditionDescription Invalid condition id : Cortex-A Device cause : null
2025-07-30 14:11:35,722 [WARN] ConditionMgr:1044 - genDependencies : Invalid condition id : Cortex-A Device cause : null
2025-07-30 14:11:35,722 [WARN] ConditionMgr:1044 - genDependencies : Invalid condition id : Cortex-A Device cause : null
2025-07-30 14:11:35,722 [WARN] ConditionMgr:1044 - genDependencies : Invalid condition id : Cortex-A Device cause : null
2025-07-30 14:11:35,725 [WARN] PackLoader:240 - Cannot read IP mode file for STMicroelectronics.X-CUBE-AI.10.0.0
2025-07-30 14:11:35,728 [WARN] PackLoader:240 - Cannot read IP mode file for STMicroelectronics.FP-SNS-SMARTAG2.1.2.0
2025-07-30 14:11:35,731 [WARN] PackLoader:240 - Cannot read IP mode file for STMicroelectronics.FP-SNS-FLIGHT1.5.1.0
2025-07-30 14:11:35,736 [INFO] LogOutputStream:77 - [STDOUT_REDIRECT] 1 : Invalid condition id : UX_CORESTACK_Condition cause : null
2025-07-30 14:11:35,736 [INFO] LogOutputStream:77 - [STDOUT_REDIRECT] 1 : Invalid condition id : UX_CORESTACK_Condition cause : null
2025-07-30 14:11:35,737 [INFO] LogOutputStream:77 - [STDOUT_REDIRECT] 1 : Invalid condition id : UX_CORESTACK_Condition cause : null
2025-07-30 14:11:35,738 [INFO] LogOutputStream:77 - [STDOUT_REDIRECT] 1 : Invalid condition id : UX_CORESTACK_Condition cause : null
2025-07-30 14:11:35,739 [INFO] LogOutputStream:77 - [STDOUT_REDIRECT] 1 : Invalid condition id : UX_CORESTACK_Condition cause : null
2025-07-30 14:11:35,741 [WARN] PackLoader:240 - Cannot read IP mode file for STMicroelectronics.X-CUBE-AZRTOS-WL.2.0.0
2025-07-30 14:11:35,745 [WARN] PackLoader:240 - Cannot read IP mode file for STMicroelectronics.FP-SNS-MOTENV1.5.0.0
2025-07-30 14:11:35,752 [WARN] PackLoader:240 - Cannot read IP mode file for WES.I-CUBE-Cesium.1.3.0
2025-07-30 14:11:35,756 [WARN] PackLoader:240 - Cannot read IP mode file for STMicroelectronics.X-CUBE-BLE2.3.3.0
2025-07-30 14:11:35,760 [WARN] PackLoader:240 - Cannot read IP mode file for STMicroelectronics.X-CUBE-NFC9.1.0.0
2025-07-30 14:11:35,764 [WARN] PackLoader:240 - Cannot read IP mode file for STMicroelectronics.X-CUBE-BLE1.7.1.0
2025-07-30 14:11:35,767 [WARN] PackLoader:240 - Cannot read IP mode file for wolfSSL.I-CUBE-wolfMQTT.1.19.2
2025-07-30 14:11:35,771 [WARN] PackLoader:240 - Cannot read IP mode file for STMicroelectronics.X-CUBE-EEPRMA1.5.2.0
2025-07-30 14:11:35,781 [WARN] PackLoader:240 - Cannot read IP mode file for STMicroelectronics.X-CUBE-AI.10.1.0
2025-07-30 14:11:35,807 [WARN] PackLoader:240 - Cannot read IP mode file for STMicroelectronics.X-CUBE-MEMS1.11.2.0
2025-07-30 14:11:35,872 [WARN] PackLoader:240 - Cannot read IP mode file for STMicroelectronics.X-CUBE-AZRTOS-G0.1.1.0
2025-07-30 14:11:35,876 [WARN] PackLoader:240 - Cannot read IP mode file for STMicroelectronics.X-CUBE-SAFEA1.1.2.2
2025-07-30 14:11:35,879 [WARN] PackLoader:240 - Cannot read IP mode file for STMicroelectronics.X-CUBE-NFC4.3.0.0
2025-07-30 14:11:35,885 [WARN] PackLoader:240 - Cannot read IP mode file for EmbeddedOffice.I-CUBE-FS-RTOS.1.0.1
2025-07-30 14:11:35,892 [WARN] PackLoader:240 - Cannot read IP mode file for STMicroelectronics.X-CUBE-WB05N.2.0.0
2025-07-30 14:11:35,895 [WARN] PackLoader:240 - Cannot read IP mode file for wolfSSL.I-CUBE-wolfTPM.3.8.0
2025-07-30 14:11:35,900 [WARN] PackLoader:240 - Cannot read IP mode file for STMicroelectronics.X-CUBE-TCPP.4.2.0
2025-07-30 14:11:35,905 [WARN] PackLoader:240 - Cannot read IP mode file for RealThread.X-CUBE-RT-Thread_Nano.4.1.1
2025-07-30 14:11:35,967 [WARN] PackLoader:240 - Cannot read IP mode file for STMicroelectronics.FP-ATR-SIGFOX1.3.2.0
2025-07-30 14:11:35,971 [WARN] PackLoader:240 - Cannot read IP mode file for STMicroelectronics.X-CUBE-EEPRMA1.5.1.0
2025-07-30 14:11:35,974 [WARN] PackLoader:240 - Cannot read IP mode file for wolfSSL.I-CUBE-wolfSSL.5.7.6
2025-07-30 14:11:35,977 [WARN] PackLoader:240 - Cannot read IP mode file for ITTIA_DB.I-CUBE-ITTIADB.8.9.0
2025-07-30 14:11:35,982 [WARN] PackLoader:240 - Cannot read IP mode file for STMicroelectronics.X-CUBE-ST67W61.1.0.0
2025-07-30 14:11:35,995 [WARN] PackLoader:240 - Cannot read IP mode file for SEGGER.I-CUBE-embOS.1.3.1
2025-07-30 14:11:36,011 [WARN] PackLoader:240 - Cannot read IP mode file for STMicroelectronics.X-CUBE-ALGOBUILD.1.4.0
2025-07-30 14:11:36,035 [WARN] PackLoader:240 - Cannot read IP mode file for STMicroelectronics.X-CUBE-MEMS1.11.3.0
2025-07-30 14:11:36,137 [WARN] PackLoader:240 - Cannot read IP mode file for STMicroelectronics.X-CUBE-PM33A1.1.0.0
2025-07-30 14:11:36,145 [WARN] PackLoader:240 - Cannot read IP mode file for STMicroelectronics.X-CUBE-AZRTOS-F4.1.1.0
2025-07-30 14:11:36,149 [WARN] PackLoader:240 - Cannot read IP mode file for Avnet-IotConnect.X-CUBE-IoTC-DA16k-PMOD.1.0.0
2025-07-30 14:11:36,151 [WARN] PackLoader:240 - Cannot read IP mode file for STMicroelectronics.X-CUBE-ISPU.2.1.0
2025-07-30 14:11:36,154 [WARN] PackLoader:240 - Cannot read IP mode file for STMicroelectronics.X-CUBE-NFC12.1.0.0
2025-07-30 14:11:36,164 [WARN] PackLoader:240 - Cannot read IP mode file for STMicroelectronics.X-CUBE-AZRTOS-L5.2.0.0
2025-07-30 14:11:36,171 [WARN] PackLoader:240 - Cannot read IP mode file for STMicroelectronics.X-CUBE-NFC6.3.1.0
2025-07-30 14:11:36,176 [WARN] PackLoader:240 - Cannot read IP mode file for STMicroelectronics.X-CUBE-FREERTOS.1.3.1
2025-07-30 14:11:36,178 [WARN] PackLoader:240 - Cannot read IP mode file for STMicroelectronics.X-CUBE-FREERTOS.1.3.0
2025-07-30 14:11:36,181 [WARN] PackLoader:240 - Cannot read IP mode file for STMicroelectronics.X-CUBE-NFC7.1.0.1
2025-07-30 14:11:36,185 [WARN] PackLoader:240 - Cannot read IP mode file for STMicroelectronics.FP-SNS-STAIOTCFT.1.0.0
2025-07-30 14:11:36,188 [WARN] PackLoader:240 - Cannot read IP mode file for STMicroelectronics.X-CUBE-DPower.1.3.0
2025-07-30 14:11:36,196 [WARN] ConditionMgr:438 - getConditionDescription Invalid condition id : LAN8742 Phy interface Condition cause : null
2025-07-30 14:11:36,196 [WARN] PackLoader:240 - Cannot read IP mode file for STMicroelectronics.X-CUBE-AZRTOS-L4.2.0.0
2025-07-30 14:11:36,197 [WARN] ConditionMgr:1044 - genDependencies : Invalid condition id : LAN8742 Phy interface Condition cause : null
2025-07-30 14:11:36,197 [WARN] ConditionMgr:1044 - genDependencies : Invalid condition id : LAN8742 Phy interface Condition cause : null
2025-07-30 14:11:36,197 [WARN] ConditionMgr:1044 - genDependencies : Invalid condition id : LAN8742 Phy interface Condition cause : null
2025-07-30 14:11:36,200 [WARN] PackLoader:240 - Cannot read IP mode file for STMicroelectronics.X-CUBE-SFXS2LP1.4.0.0
2025-07-30 14:11:36,208 [WARN] PackLoader:240 - Cannot read IP mode file for STMicroelectronics.X-CUBE-AZRTOS-H7.3.3.0
2025-07-30 14:11:36,216 [WARN] PackLoader:240 - Cannot read IP mode file for STMicroelectronics.X-CUBE-BLEMGR.4.1.0
2025-07-30 14:11:36,223 [WARN] ConditionMgr:438 - getConditionDescription Invalid condition id : UX DEVICE CLASS RTOS Condition cause : null
2025-07-30 14:11:36,223 [WARN] ConditionMgr:438 - getConditionDescription Invalid condition id : UX DEVICE CLASS RTOS Condition cause : null
2025-07-30 14:11:36,224 [WARN] PackLoader:240 - Cannot read IP mode file for STMicroelectronics.X-CUBE-AZRTOS-WB.2.0.0
2025-07-30 14:11:36,224 [WARN] ConditionMgr:1044 - genDependencies : Invalid condition id : UX DEVICE CLASS RTOS Condition cause : null
2025-07-30 14:11:36,224 [WARN] ConditionMgr:1044 - genDependencies : Invalid condition id : UX DEVICE CLASS RTOS Condition cause : null
2025-07-30 14:11:36,225 [WARN] ConditionMgr:1044 - genDependencies : Invalid condition id : UX DEVICE CLASS RTOS Condition cause : null
2025-07-30 14:11:36,225 [WARN] ConditionMgr:1044 - genDependencies : Invalid condition id : UX DEVICE CLASS RTOS Condition cause : null
2025-07-30 14:11:36,225 [WARN] ConditionMgr:1044 - genDependencies : Invalid condition id : UX DEVICE CLASS RTOS Condition cause : null
2025-07-30 14:11:36,227 [WARN] PackLoader:240 - Cannot read IP mode file for STMicroelectronics.X-CUBE-GNSS1.7.0.1
2025-07-30 14:11:36,231 [WARN] PackLoader:240 - Cannot read IP mode file for STMicroelectronics.X-CUBE-TOUCHGFX.4.25.0
2025-07-30 14:11:36,235 [WARN] PackLoader:240 - Cannot read IP mode file for STMicroelectronics.X-CUBE-SUBG2.5.0.0
2025-07-30 14:11:36,244 [WARN] PackLoader:240 - Cannot read IP mode file for STMicroelectronics.X-CUBE-AZRTOS-H7RS.1.1.0
2025-07-30 14:11:36,248 [WARN] PackLoader:240 - Cannot read IP mode file for Cesanta.I-CUBE-Mongoose.7.13.0
2025-07-30 14:11:36,253 [WARN] PackLoader:240 - Cannot read IP mode file for STMicroelectronics.X-CUBE-AZRTOS-G4.2.0.0
2025-07-30 14:11:36,256 [WARN] PackLoader:240 - Cannot read IP mode file for wolfSSL.I-CUBE-wolfSSH.1.4.20
2025-07-30 14:11:36,258 [WARN] PackLoader:240 - Cannot read IP mode file for STMicroelectronics.X-CUBE-NFC7.2.0.0
2025-07-30 14:11:36,262 [WARN] PackLoader:240 - Cannot read IP mode file for STMicroelectronics.X-CUBE-IPS.3.1.0
2025-07-30 14:11:36,266 [WARN] PackLoader:240 - Cannot read IP mode file for STMicroelectronics.X-CUBE-ALS.1.0.2
2025-07-30 14:11:36,269 [WARN] PackLoader:240 - Cannot read IP mode file for portGmbH.I-Cube-SoM-uGOAL.1.1.0
2025-07-30 14:11:36,275 [WARN] PackLoader:240 - Cannot read IP mode file for STMicroelectronics.X-CUBE-TOF1.3.4.3
2025-07-30 14:11:36,280 [INFO] ThirdParty:978 - Integrity check success = true
2025-07-30 14:11:36,280 [INFO] IntegrityCheckThread:100 - exiting critical section [integrity check]
2025-07-30 14:11:36,280 [INFO] IntegrityCheckThread:103 - End integrity checks thread
2025-07-30 14:11:53,682 [ERROR] LogOutputStream:75 - [STDERR_REDIRECT] 
2025-07-30 14:12:29,949 [INFO] Activator:176 - 


2025-07-30 14:12:29,951 [INFO] Activator:177 - !SESSION log4j initialized
2025-07-30 14:12:32,849 [INFO] LogOutputStream:77 - [STDOUT_REDIRECT] 
2025-07-30 14:12:33,758 [INFO] ApplicationProperties:184 - Using Application install path: C:\ST\STM32CubeIDE_1.19.0\STM32CubeIDE\plugins\com.st.stm32cube.common.mx_6.15.0.202507011659
2025-07-30 14:12:33,767 [INFO] DbMcusXml:78 - Set database path to: C:\ST\STM32CubeIDE_1.19.0\STM32CubeIDE\plugins\com.st.stm32cube.common.mx_6.15.0.202507011659\\db\/mcu/
2025-07-30 14:12:33,767 [INFO] ApiDb:274 - Set plugin database path to: C:\ST\STM32CubeIDE_1.19.0\STM32CubeIDE\plugins\com.st.stm32cube.common.mx_6.15.0.202507011659\\db\/plugins/boardmanager/
2025-07-30 14:12:33,767 [WARN] ApiDb:259 - Overriding images path with different value:  => C:\ST\STM32CubeIDE_1.19.0\STM32CubeIDE\plugins\com.st.stm32cube.common.mx_6.15.0.202507011659\\db\/plugins/mcufinder/images/
2025-07-30 14:12:33,770 [INFO] ApiDb:250 - Set database path to: C:\Users\nicks\.stmcufinder\plugins\mcufinder//mcu/
2025-07-30 14:12:33,771 [INFO] DbMcusAds:125 - Set database path to: C:\Users\nicks\.stmcufinder\plugins\mcufinder//mcu/
2025-07-30 14:12:33,772 [INFO] CrossReferenceDbSqlite:203 - Set database path to: C:\Users\nicks\.stmcufinder\plugins\mcufinder//mcu/cs/
2025-07-30 14:12:33,838 [INFO] RulesReader:64 - Compatibility file has been processed (317 Rules)
2025-07-30 14:12:33,894 [INFO] DbMcusXml:78 - Set database path to: C:\ST\STM32CubeIDE_1.19.0\STM32CubeIDE\plugins\com.st.stm32cube.common.mx_6.15.0.202507011659\\db\/mcu/
2025-07-30 14:12:33,894 [INFO] ApiDb:274 - Set plugin database path to: C:\ST\STM32CubeIDE_1.19.0\STM32CubeIDE\plugins\com.st.stm32cube.common.mx_6.15.0.202507011659\\db\/plugins/boardmanager/
2025-07-30 14:12:33,894 [INFO] ApiDb:261 - Set plugin images path to: C:\ST\STM32CubeIDE_1.19.0\STM32CubeIDE\plugins\com.st.stm32cube.common.mx_6.15.0.202507011659\\db\/plugins/mcufinder/images/
2025-07-30 14:12:33,894 [WARN] DbFile:41 - Overriding database path with different value: C:\Users\nicks\.stmcufinder\plugins\mcufinder/ => C:\Users\nicks\.stmcufinder\plugins\mcufinder
2025-07-30 14:12:33,894 [INFO] ApiDb:250 - Set database path to: C:\Users\nicks\.stmcufinder\plugins\mcufinder//mcu/
2025-07-30 14:12:33,894 [WARN] DbFile:41 - Overriding database path with different value: C:\Users\nicks\.stmcufinder\plugins\mcufinder/ => C:\Users\nicks\.stmcufinder\plugins\mcufinder
2025-07-30 14:12:33,894 [INFO] DbMcusAds:125 - Set database path to: C:\Users\nicks\.stmcufinder\plugins\mcufinder//mcu/
2025-07-30 14:12:33,895 [WARN] DbFile:41 - Overriding database path with different value: C:\Users\nicks\.stmcufinder\plugins\mcufinder/ => C:\Users\nicks\.stmcufinder\plugins\mcufinder
2025-07-30 14:12:33,895 [WARN] DbFile:41 - Overriding database path with different value: C:\Users\nicks\.stmcufinder\plugins\mcufinder/ => C:\Users\nicks\.stmcufinder\plugins\mcufinder
2025-07-30 14:12:33,895 [INFO] CrossReferenceDbSqlite:203 - Set database path to: C:\Users\nicks\.stmcufinder\plugins\mcufinder//mcu/cs/
2025-07-30 14:12:33,934 [INFO] MainPanel:274 - HeapMemory: 268435456
2025-07-30 14:12:33,981 [INFO] DbMcusXml:78 - Set database path to: C:\ST\STM32CubeIDE_1.19.0\STM32CubeIDE\plugins\com.st.stm32cube.common.mx_6.15.0.202507011659\\db\/mcu/
2025-07-30 14:12:33,981 [INFO] ApiDb:274 - Set plugin database path to: C:\ST\STM32CubeIDE_1.19.0\STM32CubeIDE\plugins\com.st.stm32cube.common.mx_6.15.0.202507011659\\db\/plugins/boardmanager/
2025-07-30 14:12:33,981 [INFO] ApiDb:261 - Set plugin images path to: C:\ST\STM32CubeIDE_1.19.0\STM32CubeIDE\plugins\com.st.stm32cube.common.mx_6.15.0.202507011659\\db\/plugins/mcufinder/images/
2025-07-30 14:12:33,982 [WARN] DbFile:41 - Overriding database path with different value: C:\Users\nicks\.stmcufinder\plugins\mcufinder/ => C:\Users\nicks\.stmcufinder\plugins\mcufinder
2025-07-30 14:12:33,982 [INFO] ApiDb:250 - Set database path to: C:\Users\nicks\.stmcufinder\plugins\mcufinder//mcu/
2025-07-30 14:12:33,982 [WARN] DbFile:41 - Overriding database path with different value: C:\Users\nicks\.stmcufinder\plugins\mcufinder/ => C:\Users\nicks\.stmcufinder\plugins\mcufinder
2025-07-30 14:12:33,982 [INFO] DbMcusAds:125 - Set database path to: C:\Users\nicks\.stmcufinder\plugins\mcufinder//mcu/
2025-07-30 14:12:33,982 [WARN] DbFile:41 - Overriding database path with different value: C:\Users\nicks\.stmcufinder\plugins\mcufinder/ => C:\Users\nicks\.stmcufinder\plugins\mcufinder
2025-07-30 14:12:33,982 [WARN] DbFile:41 - Overriding database path with different value: C:\Users\nicks\.stmcufinder\plugins\mcufinder/ => C:\Users\nicks\.stmcufinder\plugins\mcufinder
2025-07-30 14:12:33,982 [INFO] CrossReferenceDbSqlite:203 - Set database path to: C:\Users\nicks\.stmcufinder\plugins\mcufinder//mcu/cs/
2025-07-30 14:12:33,992 [INFO] ApplicationProperties:184 - Using Application install path: C:\ST\STM32CubeIDE_1.19.0\STM32CubeIDE\plugins\com.st.stm32cube.common.mx_6.15.0.202507011659
2025-07-30 14:12:33,993 [INFO] PluginManage:196 - Search for loadable plugins [exclusion list=, ]
2025-07-30 14:12:33,994 [INFO] PluginManage:310 - Check plugin analytics
2025-07-30 14:12:34,096 [INFO] AnalyticsPlugin:253 - Accepted Software Licenses: 
2025-07-30 14:12:34,096 [INFO] AnalyticsPlugin:255 - Accepted CMSIS Pack Licenses: 
2025-07-30 14:12:34,096 [INFO] AnalyticsPlugin:257 - Accepted Firmware Licenses: FW.F4.1.28.0,FW.H7.1.12.0,FW.H7.1.11.0
2025-07-30 14:12:34,098 [INFO] PluginManage:359 - Loaded plugin analytics (category:tool,tabindex:-1)
2025-07-30 14:12:34,098 [INFO] PluginManage:310 - Check plugin cadmodel
2025-07-30 14:12:34,101 [INFO] CADModel:105 - Init CAD model plugin
2025-07-30 14:12:34,101 [INFO] PluginManage:359 - Loaded plugin cadmodel (category:power,tabindex:5)
2025-07-30 14:12:34,101 [INFO] PluginManage:310 - Check plugin clock
2025-07-30 14:12:34,106 [INFO] PluginManage:359 - Loaded plugin clock (category:base,tabindex:2)
2025-07-30 14:12:34,106 [INFO] PluginManage:310 - Check plugin ddr
2025-07-30 14:12:34,107 [INFO] PluginManage:359 - Loaded plugin ddr (category:tool,tabindex:6)
2025-07-30 14:12:34,107 [INFO] PluginManage:310 - Check plugin filemanager
2025-07-30 14:12:34,195 [INFO] PluginManage:359 - Loaded plugin filemanager (category:base,tabindex:10)
2025-07-30 14:12:34,195 [INFO] PluginManage:310 - Check plugin ipmanager
2025-07-30 14:12:34,199 [INFO] PluginManage:359 - Loaded plugin ipmanager (category:base,tabindex:5)
2025-07-30 14:12:34,199 [INFO] PluginManage:310 - Check plugin lpbam
2025-07-30 14:12:34,204 [INFO] PluginManage:359 - Loaded plugin lpbam (category:base,tabindex:0)
2025-07-30 14:12:34,204 [INFO] PluginManage:310 - Check plugin memorymap
2025-07-30 14:12:34,210 [INFO] PluginManage:359 - Loaded plugin memorymap (category:base,tabindex:4)
2025-07-30 14:12:34,210 [INFO] PluginManage:310 - Check plugin pinoutandconfiguration
2025-07-30 14:12:34,214 [INFO] PluginManage:359 - Loaded plugin pinoutandconfiguration (category:base,tabindex:1)
2025-07-30 14:12:34,214 [INFO] PluginManage:310 - Check plugin pinoutconfig
2025-07-30 14:12:34,264 [WARN] SupportedApi:132 - Cannot load RTOS API schema: s4s-elt-must-match.1: The content of 'definitions' must match (annotation?, (simpleType | complexType)?, (unique | key | keyref)*)). A problem was found starting at: attribute.
2025-07-30 14:12:34,335 [INFO] PluginManage:359 - Loaded plugin pinoutconfig (category:base,tabindex:0)
2025-07-30 14:12:34,335 [INFO] PluginManage:310 - Check plugin power
2025-07-30 14:12:34,339 [INFO] PluginManage:359 - Loaded plugin power (category:power,tabindex:4)
2025-07-30 14:12:34,339 [INFO] PluginManage:310 - Check plugin projectmanager
2025-07-30 14:12:34,349 [INFO] PluginManage:359 - Loaded plugin projectmanager (category:projectmanager,tabindex:4)
2025-07-30 14:12:34,349 [INFO] PluginManage:310 - Check plugin rif
2025-07-30 14:12:34,354 [INFO] PluginManage:359 - Loaded plugin rif (category:base,tabindex:3)
2025-07-30 14:12:34,354 [INFO] PluginManage:310 - Check plugin thirdparty
2025-07-30 14:12:34,426 [INFO] PluginManage:359 - Loaded plugin thirdparty (category:base,tabindex:-1)
2025-07-30 14:12:34,426 [INFO] PluginManage:310 - Check plugin tools
2025-07-30 14:12:34,426 [WARN] IntegrityCheckThread:84 - waiting for thirdparty lock release [integrity check]
2025-07-30 14:12:34,426 [INFO] IntegrityCheckThread:86 - entering critical section [integrity check]
2025-07-30 14:12:34,426 [INFO] ThirdPartyUpdaterWithRetryManager:70 - Updater plugin not ready yet. [1/15]
2025-07-30 14:12:34,427 [INFO] PluginManage:359 - Loaded plugin tools (category:base,tabindex:7)
2025-07-30 14:12:34,427 [INFO] PluginManage:310 - Check plugin tutovideos
2025-07-30 14:12:34,538 [INFO] PluginManage:359 - Loaded plugin tutovideos (category:base,tabindex:-1)
2025-07-30 14:12:34,538 [INFO] PluginManage:310 - Check plugin updater
2025-07-30 14:12:34,551 [INFO] PluginManage:359 - Loaded plugin updater (category:base,tabindex:12)
2025-07-30 14:12:34,551 [INFO] PluginManage:310 - Check plugin userauth
2025-07-30 14:12:34,553 [INFO] UserAuth:118 - Init User Auth plugin
2025-07-30 14:12:34,554 [INFO] PluginManage:359 - Loaded plugin userauth (category:base,tabindex:14)
2025-07-30 14:12:34,554 [INFO] PluginManage:283 - PluginManage : Loaded plugins [18]
2025-07-30 14:12:34,675 [INFO] PinOutPanel:1589 - setPackage(No Configuration,No Configuration)
2025-07-30 14:12:34,722 [INFO] CADModel:165 - CPN selected for project level
2025-07-30 14:12:34,723 [INFO] CADModel:114 - Register for checkConnection events
2025-07-30 14:12:34,731 [INFO] IPUIPlugin:80 - create IPUIPlugin
2025-07-30 14:12:34,731 [INFO] PluginManager:220 - loadIPPluginJar : add adc
2025-07-30 14:12:34,733 [INFO] IPUIPlugin:80 - create IPUIPlugin
2025-07-30 14:12:34,733 [INFO] PluginManager:220 - loadIPPluginJar : add aes
2025-07-30 14:12:34,734 [INFO] IPUIPlugin:80 - create IPUIPlugin
2025-07-30 14:12:34,734 [INFO] PluginManager:220 - loadIPPluginJar : add can
2025-07-30 14:12:34,735 [INFO] IPUIPlugin:80 - create IPUIPlugin
2025-07-30 14:12:34,735 [INFO] PluginManager:220 - loadIPPluginJar : add comp
2025-07-30 14:12:34,736 [INFO] IPUIPlugin:80 - create IPUIPlugin
2025-07-30 14:12:34,736 [INFO] PluginManager:220 - loadIPPluginJar : add cryp
2025-07-30 14:12:34,737 [INFO] IPUIPlugin:80 - create IPUIPlugin
2025-07-30 14:12:34,737 [INFO] PluginManager:220 - loadIPPluginJar : add ddr_ctrl_phy
2025-07-30 14:12:34,739 [INFO] IPUIPlugin:80 - create IPUIPlugin
2025-07-30 14:12:34,739 [INFO] PluginManager:220 - loadIPPluginJar : add dfsdm
2025-07-30 14:12:34,741 [INFO] IPUIPlugin:80 - create IPUIPlugin
2025-07-30 14:12:34,742 [INFO] PluginManager:220 - loadIPPluginJar : add dma
2025-07-30 14:12:34,743 [INFO] IPUIPlugin:80 - create IPUIPlugin
2025-07-30 14:12:34,743 [INFO] PluginManager:220 - loadIPPluginJar : add dma3
2025-07-30 14:12:34,744 [INFO] IPUIPlugin:80 - create IPUIPlugin
2025-07-30 14:12:34,744 [INFO] PluginManager:220 - loadIPPluginJar : add extmemmanager
2025-07-30 14:12:34,745 [INFO] IPUIPlugin:80 - create IPUIPlugin
2025-07-30 14:12:34,745 [INFO] PluginManager:220 - loadIPPluginJar : add fatfs
2025-07-30 14:12:34,747 [INFO] IPUIPlugin:80 - create IPUIPlugin
2025-07-30 14:12:34,748 [INFO] PluginManager:220 - loadIPPluginJar : add fmc
2025-07-30 14:12:34,750 [INFO] IPUIPlugin:80 - create IPUIPlugin
2025-07-30 14:12:34,751 [INFO] PluginManager:220 - loadIPPluginJar : add freertos
2025-07-30 14:12:34,751 [INFO] IPUIPlugin:80 - create IPUIPlugin
2025-07-30 14:12:34,751 [INFO] PluginManager:220 - loadIPPluginJar : add genericplugin
2025-07-30 14:12:34,752 [INFO] IPUIPlugin:80 - create IPUIPlugin
2025-07-30 14:12:34,752 [INFO] PluginManager:220 - loadIPPluginJar : add gfxmmu
2025-07-30 14:12:34,755 [INFO] IPUIPlugin:80 - create IPUIPlugin
2025-07-30 14:12:34,755 [INFO] PluginManager:220 - loadIPPluginJar : add gic
2025-07-30 14:12:34,756 [INFO] IPUIPlugin:80 - create IPUIPlugin
2025-07-30 14:12:34,757 [INFO] PluginManager:220 - loadIPPluginJar : add gpio
2025-07-30 14:12:34,758 [INFO] IPUIPlugin:80 - create IPUIPlugin
2025-07-30 14:12:34,758 [INFO] PluginManager:220 - loadIPPluginJar : add gtzc
2025-07-30 14:12:34,759 [INFO] IPUIPlugin:80 - create IPUIPlugin
2025-07-30 14:12:34,759 [INFO] PluginManager:220 - loadIPPluginJar : add hash
2025-07-30 14:12:34,760 [INFO] IPUIPlugin:80 - create IPUIPlugin
2025-07-30 14:12:34,760 [INFO] PluginManager:220 - loadIPPluginJar : add i2c
2025-07-30 14:12:34,762 [INFO] IPUIPlugin:80 - create IPUIPlugin
2025-07-30 14:12:34,762 [INFO] PluginManager:220 - loadIPPluginJar : add i2s
2025-07-30 14:12:34,763 [INFO] IPUIPlugin:80 - create IPUIPlugin
2025-07-30 14:12:34,763 [INFO] PluginManager:220 - loadIPPluginJar : add i3c
2025-07-30 14:12:34,765 [INFO] IPUIPlugin:80 - create IPUIPlugin
2025-07-30 14:12:34,765 [INFO] PluginManager:220 - loadIPPluginJar : add ipddr
2025-07-30 14:12:34,769 [INFO] IPUIPlugin:80 - create IPUIPlugin
2025-07-30 14:12:34,769 [INFO] PluginManager:220 - loadIPPluginJar : add linkedlist
2025-07-30 14:12:34,770 [INFO] IPUIPlugin:80 - create IPUIPlugin
2025-07-30 14:12:34,770 [INFO] PluginManager:220 - loadIPPluginJar : add lorawan
2025-07-30 14:12:34,771 [INFO] IPUIPlugin:80 - create IPUIPlugin
2025-07-30 14:12:34,771 [INFO] PluginManager:220 - loadIPPluginJar : add ltdc
2025-07-30 14:12:34,774 [INFO] IPUIPlugin:80 - create IPUIPlugin
2025-07-30 14:12:34,774 [INFO] PluginManager:220 - loadIPPluginJar : add mdma
2025-07-30 14:12:34,775 [INFO] IPUIPlugin:80 - create IPUIPlugin
2025-07-30 14:12:34,776 [INFO] PluginManager:220 - loadIPPluginJar : add nvic
2025-07-30 14:12:34,777 [INFO] IPUIPlugin:80 - create IPUIPlugin
2025-07-30 14:12:34,777 [INFO] PluginManager:220 - loadIPPluginJar : add opamp
2025-07-30 14:12:34,779 [INFO] IPUIPlugin:80 - create IPUIPlugin
2025-07-30 14:12:34,779 [INFO] PluginManager:220 - loadIPPluginJar : add openamp
2025-07-30 14:12:34,780 [INFO] IPUIPlugin:80 - create IPUIPlugin
2025-07-30 14:12:34,781 [INFO] PluginManager:220 - loadIPPluginJar : add pdm2pcm
2025-07-30 14:12:34,783 [INFO] IPUIPlugin:80 - create IPUIPlugin
2025-07-30 14:12:34,785 [INFO] PluginManager:220 - loadIPPluginJar : add plateformsettings
2025-07-30 14:12:34,786 [INFO] IPUIPlugin:80 - create IPUIPlugin
2025-07-30 14:12:34,786 [INFO] PluginManager:220 - loadIPPluginJar : add quadspi
2025-07-30 14:12:34,786 [INFO] IPUIPlugin:80 - create IPUIPlugin
2025-07-30 14:12:34,787 [INFO] PluginManager:220 - loadIPPluginJar : add radio
2025-07-30 14:12:34,788 [INFO] IPUIPlugin:80 - create IPUIPlugin
2025-07-30 14:12:34,788 [INFO] PluginManager:220 - loadIPPluginJar : add resmgrutility
2025-07-30 14:12:34,790 [INFO] IPUIPlugin:80 - create IPUIPlugin
2025-07-30 14:12:34,790 [INFO] PluginManager:220 - loadIPPluginJar : add sai
2025-07-30 14:12:34,791 [INFO] IPUIPlugin:80 - create IPUIPlugin
2025-07-30 14:12:34,792 [INFO] PluginManager:220 - loadIPPluginJar : add spi
2025-07-30 14:12:34,795 [INFO] IPUIPlugin:80 - create IPUIPlugin
2025-07-30 14:12:34,795 [INFO] PluginManager:220 - loadIPPluginJar : add stm32_wpan
2025-07-30 14:12:34,796 [INFO] IPUIPlugin:80 - create IPUIPlugin
2025-07-30 14:12:34,796 [INFO] PluginManager:220 - loadIPPluginJar : add tim
2025-07-30 14:12:34,798 [INFO] IPUIPlugin:80 - create IPUIPlugin
2025-07-30 14:12:34,798 [INFO] PluginManager:220 - loadIPPluginJar : add touchsensing
2025-07-30 14:12:34,799 [INFO] IPUIPlugin:80 - create IPUIPlugin
2025-07-30 14:12:34,799 [INFO] PluginManager:220 - loadIPPluginJar : add tracer_emb
2025-07-30 14:12:34,799 [INFO] IPUIPlugin:80 - create IPUIPlugin
2025-07-30 14:12:34,800 [INFO] PluginManager:220 - loadIPPluginJar : add ts
2025-07-30 14:12:34,800 [INFO] IPUIPlugin:80 - create IPUIPlugin
2025-07-30 14:12:34,800 [INFO] PluginManager:220 - loadIPPluginJar : add tsc
2025-07-30 14:12:34,801 [INFO] IPUIPlugin:80 - create IPUIPlugin
2025-07-30 14:12:34,801 [INFO] PluginManager:220 - loadIPPluginJar : add ucpd
2025-07-30 14:12:34,802 [INFO] IPUIPlugin:80 - create IPUIPlugin
2025-07-30 14:12:34,803 [INFO] PluginManager:220 - loadIPPluginJar : add usart
2025-07-30 14:12:34,804 [INFO] IPUIPlugin:80 - create IPUIPlugin
2025-07-30 14:12:34,804 [INFO] PluginManager:220 - loadIPPluginJar : add usbx
2025-07-30 14:12:34,909 [FATAL] Updater:351 - Updater called before beeing initialized
2025-07-30 14:12:34,924 [INFO] RulesReader:64 - Compatibility file has been processed (317 Rules)
2025-07-30 14:12:34,930 [INFO] RulesReader:64 - Compatibility file has been processed (317 Rules)
2025-07-30 14:12:34,935 [INFO] CADModel:165 - CPN selected for project level
2025-07-30 14:12:34,935 [INFO] CADModel:114 - Register for checkConnection events
2025-07-30 14:12:34,935 [FATAL] Updater:351 - Updater called before beeing initialized
2025-07-30 14:12:34,935 [ERROR] CADModel:125 - Updater not yet initialized, retry later 
2025-07-30 14:12:35,016 [FATAL] Updater:351 - Updater called before beeing initialized
2025-07-30 14:12:35,017 [INFO] CADModel:165 - CPN selected for project level
2025-07-30 14:12:35,017 [INFO] CADModel:114 - Register for checkConnection events
2025-07-30 14:12:35,017 [FATAL] Updater:351 - Updater called before beeing initialized
2025-07-30 14:12:35,017 [ERROR] CADModel:125 - Updater not yet initialized, retry later 
2025-07-30 14:12:35,019 [FATAL] Updater:351 - Updater called before beeing initialized
2025-07-30 14:12:35,085 [FATAL] Updater:351 - Updater called before beeing initialized
2025-07-30 14:12:35,087 [INFO] DbMcusAds:53 - JSON generation date=Tue Jul 08 18:14:23 AEST 2025 (1751962463524)
2025-07-30 14:12:35,087 [FATAL] Updater:351 - Updater called before beeing initialized
2025-07-30 14:12:35,108 [WARN] DetailPanel:346 - Failed to get advertising image, set to default
2025-07-30 14:12:35,169 [FATAL] Updater:351 - Updater called before beeing initialized
2025-07-30 14:12:35,171 [FATAL] Updater:351 - Updater called before beeing initialized
2025-07-30 14:12:35,171 [FATAL] Updater:351 - Updater called before beeing initialized
2025-07-30 14:12:35,171 [WARN] DetailPanel:346 - Failed to get advertising image, set to default
2025-07-30 14:12:35,171 [FATAL] Updater:351 - Updater called before beeing initialized
2025-07-30 14:12:35,198 [ERROR] Updater:1198 - MainUpdater not yet initialized. External WinMGr cannot be set.
2025-07-30 14:12:35,199 [INFO] Updater:1134 - Updater Version found : 6.15.0
2025-07-30 14:12:35,209 [INFO] ApplicationProperties:184 - Using Application install path: C:\ST\STM32CubeIDE_1.19.0\STM32CubeIDE\plugins\com.st.stm32cube.common.mx_6.15.0.202507011659
2025-07-30 14:12:35,391 [INFO] MainUpdater:2872 - connection check result : 10
2025-07-30 14:12:35,392 [INFO] MainUpdater:289 - Updater Check For Update Now.
2025-07-30 14:12:35,392 [INFO] MicroXplorer:498 - Change Database Version : DB.6.0.150
2025-07-30 14:12:35,396 [INFO] McuFinderGlobals:63 - Set McuFinder mode to 2 (CubeIDE integrated)
2025-07-30 14:12:35,396 [INFO] UserAuth:487 - Internet connection configuration mode: 1
2025-07-30 14:12:35,408 [INFO] JxBrowserEngine:152 - Initiate JxBrowser Engine with user profile folder
2025-07-30 14:12:35,540 [INFO] CheckServerUpdateThread:120 - End of CheckServer Thread
2025-07-30 14:12:35,723 [INFO] WebApp:169 - Instantiating new browser for Auth
2025-07-30 14:12:36,078 [INFO] WebApp:463 - Apply proxy settings
2025-07-30 14:12:36,078 [INFO] WebApp:548 - Chromium requires no authentication
2025-07-30 14:12:36,083 [INFO] WebApp:491 - Direct internet connection detected
2025-07-30 14:12:36,094 [INFO] WebApp:900 - Register for checkConnection events
2025-07-30 14:12:36,094 [INFO] WebApp:463 - Apply proxy settings
2025-07-30 14:12:36,094 [INFO] WebApp:548 - Chromium requires no authentication
2025-07-30 14:12:36,095 [INFO] WebApp:491 - Direct internet connection detected
2025-07-30 14:12:36,181 [INFO] WebApp:225 - Starting web application
2025-07-30 14:12:36,181 [INFO] WebApp:593 - Web application path used C:\ST\STM32CubeIDE_1.19.0\STM32CubeIDE\plugins\com.st.stm32cube.common.mx_6.15.0.202507011659\db\plugins\mcufinder\reactClient1\index.html
2025-07-30 14:12:36,231 [INFO] UserAuth:487 - Internet connection configuration mode: 1
2025-07-30 14:12:36,463 [INFO] WebApp:191 - Connection restablished
2025-07-30 14:12:37,583 [WARN] PackLoader:240 - Cannot read IP mode file for STMicroelectronics.FP-SNS-MOTENVWB1.1.4.0
2025-07-30 14:12:37,587 [WARN] PackLoader:240 - Cannot read IP mode file for STMicroelectronics.FP-ATR-ASTRA1.2.0.2
2025-07-30 14:12:37,589 [WARN] PackLoader:240 - Cannot read IP mode file for STMicroelectronics.FP-ATR-ASTRA1.2.0.1
2025-07-30 14:12:37,594 [WARN] PackLoader:240 - Cannot read IP mode file for STMicroelectronics.X-CUBE-SMBUS.2.1.0
2025-07-30 14:12:37,598 [WARN] PackLoader:240 - Cannot read IP mode file for STMicroelectronics.X-CUBE-WB05N.1.1.0
2025-07-30 14:12:37,601 [WARN] PackLoader:240 - Cannot read IP mode file for STMicroelectronics.X-CUBE-ST60.1.0.0
2025-07-30 14:12:37,615 [WARN] PackLoader:240 - Cannot read IP mode file for STMicroelectronics.X-CUBE-AZRTOS-F7.1.1.0
2025-07-30 14:12:37,620 [WARN] PackLoader:240 - Cannot read IP mode file for STMicroelectronics.FP-SNS-FLIGHT1.5.0.2
2025-07-30 14:12:37,634 [WARN] PackLoader:240 - Cannot read IP mode file for Infineon.AIROC-Wi-Fi-Bluetooth-STM32.1.7.0
2025-07-30 14:12:37,650 [WARN] PackLoader:240 - Cannot read IP mode file for STMicroelectronics.X-CUBE-AZRTOS-H7.3.4.0
2025-07-30 14:12:37,656 [WARN] PackLoader:240 - Cannot read IP mode file for STMicroelectronics.X-CUBE-DISPLAY.3.0.0
2025-07-30 14:12:37,663 [WARN] PackLoader:240 - Cannot read IP mode file for STMicroelectronics.X-CUBE-NFC10.1.0.0
2025-07-30 14:12:37,669 [WARN] PackLoader:240 - Cannot read IP mode file for STMicroelectronics.X-CUBE-BLEMGR.4.0.0
2025-07-30 14:12:37,673 [WARN] PackLoader:240 - Cannot read IP mode file for emotas.I-CUBE-CANOPEN.1.3.0
2025-07-30 14:12:37,676 [WARN] ConditionMgr:438 - getConditionDescription Invalid condition id : Cortex-A Device cause : null
2025-07-30 14:12:37,683 [WARN] ConditionMgr:1044 - genDependencies : Invalid condition id : Cortex-A Device cause : null
2025-07-30 14:12:37,683 [WARN] ConditionMgr:1044 - genDependencies : Invalid condition id : Cortex-A Device cause : null
2025-07-30 14:12:37,683 [WARN] ConditionMgr:1044 - genDependencies : Invalid condition id : Cortex-A Device cause : null
2025-07-30 14:12:37,685 [WARN] PackLoader:240 - Cannot read IP mode file for STMicroelectronics.X-CUBE-AI.10.0.0
2025-07-30 14:12:37,687 [WARN] PackLoader:240 - Cannot read IP mode file for STMicroelectronics.FP-SNS-SMARTAG2.1.2.0
2025-07-30 14:12:37,689 [WARN] PackLoader:240 - Cannot read IP mode file for STMicroelectronics.FP-SNS-FLIGHT1.5.1.0
2025-07-30 14:12:37,693 [INFO] LogOutputStream:77 - [STDOUT_REDIRECT] 1 : Invalid condition id : UX_CORESTACK_Condition cause : null
2025-07-30 14:12:37,694 [INFO] LogOutputStream:77 - [STDOUT_REDIRECT] 1 : Invalid condition id : UX_CORESTACK_Condition cause : null
2025-07-30 14:12:37,694 [INFO] LogOutputStream:77 - [STDOUT_REDIRECT] 1 : Invalid condition id : UX_CORESTACK_Condition cause : null
2025-07-30 14:12:37,695 [INFO] LogOutputStream:77 - [STDOUT_REDIRECT] 1 : Invalid condition id : UX_CORESTACK_Condition cause : null
2025-07-30 14:12:37,696 [INFO] LogOutputStream:77 - [STDOUT_REDIRECT] 1 : Invalid condition id : UX_CORESTACK_Condition cause : null
2025-07-30 14:12:37,697 [WARN] PackLoader:240 - Cannot read IP mode file for STMicroelectronics.X-CUBE-AZRTOS-WL.2.0.0
2025-07-30 14:12:37,700 [WARN] PackLoader:240 - Cannot read IP mode file for STMicroelectronics.FP-SNS-MOTENV1.5.0.0
2025-07-30 14:12:37,705 [WARN] PackLoader:240 - Cannot read IP mode file for WES.I-CUBE-Cesium.1.3.0
2025-07-30 14:12:37,708 [WARN] PackLoader:240 - Cannot read IP mode file for STMicroelectronics.X-CUBE-BLE2.3.3.0
2025-07-30 14:12:37,711 [WARN] PackLoader:240 - Cannot read IP mode file for STMicroelectronics.X-CUBE-NFC9.1.0.0
2025-07-30 14:12:37,715 [WARN] PackLoader:240 - Cannot read IP mode file for STMicroelectronics.X-CUBE-BLE1.7.1.0
2025-07-30 14:12:37,717 [WARN] PackLoader:240 - Cannot read IP mode file for wolfSSL.I-CUBE-wolfMQTT.1.19.2
2025-07-30 14:12:37,720 [WARN] PackLoader:240 - Cannot read IP mode file for STMicroelectronics.X-CUBE-EEPRMA1.5.2.0
2025-07-30 14:12:37,723 [WARN] PackLoader:240 - Cannot read IP mode file for STMicroelectronics.X-CUBE-AI.10.1.0
2025-07-30 14:12:37,748 [WARN] PackLoader:240 - Cannot read IP mode file for STMicroelectronics.X-CUBE-MEMS1.11.2.0
2025-07-30 14:12:37,864 [WARN] PackLoader:240 - Cannot read IP mode file for STMicroelectronics.X-CUBE-AZRTOS-G0.1.1.0
2025-07-30 14:12:37,868 [WARN] PackLoader:240 - Cannot read IP mode file for STMicroelectronics.X-CUBE-SAFEA1.1.2.2
2025-07-30 14:12:37,871 [WARN] PackLoader:240 - Cannot read IP mode file for STMicroelectronics.X-CUBE-NFC4.3.0.0
2025-07-30 14:12:37,876 [WARN] PackLoader:240 - Cannot read IP mode file for EmbeddedOffice.I-CUBE-FS-RTOS.1.0.1
2025-07-30 14:12:37,879 [WARN] PackLoader:240 - Cannot read IP mode file for STMicroelectronics.X-CUBE-WB05N.2.0.0
2025-07-30 14:12:37,882 [WARN] PackLoader:240 - Cannot read IP mode file for wolfSSL.I-CUBE-wolfTPM.3.8.0
2025-07-30 14:12:37,885 [WARN] PackLoader:240 - Cannot read IP mode file for STMicroelectronics.X-CUBE-TCPP.4.2.0
2025-07-30 14:12:37,888 [WARN] PackLoader:240 - Cannot read IP mode file for RealThread.X-CUBE-RT-Thread_Nano.4.1.1
2025-07-30 14:12:37,891 [WARN] PackLoader:240 - Cannot read IP mode file for STMicroelectronics.FP-ATR-SIGFOX1.3.2.0
2025-07-30 14:12:37,893 [WARN] PackLoader:240 - Cannot read IP mode file for STMicroelectronics.X-CUBE-EEPRMA1.5.1.0
2025-07-30 14:12:37,896 [WARN] PackLoader:240 - Cannot read IP mode file for wolfSSL.I-CUBE-wolfSSL.5.7.6
2025-07-30 14:12:37,899 [WARN] PackLoader:240 - Cannot read IP mode file for ITTIA_DB.I-CUBE-ITTIADB.8.9.0
2025-07-30 14:12:37,902 [WARN] PackLoader:240 - Cannot read IP mode file for STMicroelectronics.X-CUBE-ST67W61.1.0.0
2025-07-30 14:12:37,916 [WARN] PackLoader:240 - Cannot read IP mode file for SEGGER.I-CUBE-embOS.1.3.1
2025-07-30 14:12:37,939 [WARN] PackLoader:240 - Cannot read IP mode file for STMicroelectronics.X-CUBE-ALGOBUILD.1.4.0
2025-07-30 14:12:37,968 [WARN] PackLoader:240 - Cannot read IP mode file for STMicroelectronics.X-CUBE-MEMS1.11.3.0
2025-07-30 14:12:38,050 [WARN] PackLoader:240 - Cannot read IP mode file for STMicroelectronics.X-CUBE-PM33A1.1.0.0
2025-07-30 14:12:38,057 [WARN] PackLoader:240 - Cannot read IP mode file for STMicroelectronics.X-CUBE-AZRTOS-F4.1.1.0
2025-07-30 14:12:38,061 [WARN] PackLoader:240 - Cannot read IP mode file for Avnet-IotConnect.X-CUBE-IoTC-DA16k-PMOD.1.0.0
2025-07-30 14:12:38,064 [WARN] PackLoader:240 - Cannot read IP mode file for STMicroelectronics.X-CUBE-ISPU.2.1.0
2025-07-30 14:12:38,067 [WARN] PackLoader:240 - Cannot read IP mode file for STMicroelectronics.X-CUBE-NFC12.1.0.0
2025-07-30 14:12:38,075 [WARN] PackLoader:240 - Cannot read IP mode file for STMicroelectronics.X-CUBE-AZRTOS-L5.2.0.0
2025-07-30 14:12:38,081 [WARN] PackLoader:240 - Cannot read IP mode file for STMicroelectronics.X-CUBE-NFC6.3.1.0
2025-07-30 14:12:38,086 [WARN] PackLoader:240 - Cannot read IP mode file for STMicroelectronics.X-CUBE-FREERTOS.1.3.1
2025-07-30 14:12:38,089 [WARN] PackLoader:240 - Cannot read IP mode file for STMicroelectronics.X-CUBE-FREERTOS.1.3.0
2025-07-30 14:12:38,093 [WARN] PackLoader:240 - Cannot read IP mode file for STMicroelectronics.X-CUBE-NFC7.1.0.1
2025-07-30 14:12:38,096 [WARN] PackLoader:240 - Cannot read IP mode file for STMicroelectronics.FP-SNS-STAIOTCFT.1.0.0
2025-07-30 14:12:38,099 [WARN] PackLoader:240 - Cannot read IP mode file for STMicroelectronics.X-CUBE-DPower.1.3.0
2025-07-30 14:12:38,108 [WARN] ConditionMgr:438 - getConditionDescription Invalid condition id : LAN8742 Phy interface Condition cause : null
2025-07-30 14:12:38,108 [WARN] PackLoader:240 - Cannot read IP mode file for STMicroelectronics.X-CUBE-AZRTOS-L4.2.0.0
2025-07-30 14:12:38,109 [WARN] ConditionMgr:1044 - genDependencies : Invalid condition id : LAN8742 Phy interface Condition cause : null
2025-07-30 14:12:38,109 [WARN] ConditionMgr:1044 - genDependencies : Invalid condition id : LAN8742 Phy interface Condition cause : null
2025-07-30 14:12:38,109 [WARN] ConditionMgr:1044 - genDependencies : Invalid condition id : LAN8742 Phy interface Condition cause : null
2025-07-30 14:12:38,114 [WARN] PackLoader:240 - Cannot read IP mode file for STMicroelectronics.X-CUBE-SFXS2LP1.4.0.0
2025-07-30 14:12:38,123 [WARN] PackLoader:240 - Cannot read IP mode file for STMicroelectronics.X-CUBE-AZRTOS-H7.3.3.0
2025-07-30 14:12:38,129 [WARN] PackLoader:240 - Cannot read IP mode file for STMicroelectronics.X-CUBE-BLEMGR.4.1.0
2025-07-30 14:12:38,140 [WARN] ConditionMgr:438 - getConditionDescription Invalid condition id : UX DEVICE CLASS RTOS Condition cause : null
2025-07-30 14:12:38,140 [WARN] ConditionMgr:438 - getConditionDescription Invalid condition id : UX DEVICE CLASS RTOS Condition cause : null
2025-07-30 14:12:38,142 [WARN] PackLoader:240 - Cannot read IP mode file for STMicroelectronics.X-CUBE-AZRTOS-WB.2.0.0
2025-07-30 14:12:38,142 [WARN] ConditionMgr:1044 - genDependencies : Invalid condition id : UX DEVICE CLASS RTOS Condition cause : null
2025-07-30 14:12:38,142 [WARN] ConditionMgr:1044 - genDependencies : Invalid condition id : UX DEVICE CLASS RTOS Condition cause : null
2025-07-30 14:12:38,142 [WARN] ConditionMgr:1044 - genDependencies : Invalid condition id : UX DEVICE CLASS RTOS Condition cause : null
2025-07-30 14:12:38,143 [WARN] ConditionMgr:1044 - genDependencies : Invalid condition id : UX DEVICE CLASS RTOS Condition cause : null
2025-07-30 14:12:38,143 [WARN] ConditionMgr:1044 - genDependencies : Invalid condition id : UX DEVICE CLASS RTOS Condition cause : null
2025-07-30 14:12:38,149 [WARN] PackLoader:240 - Cannot read IP mode file for STMicroelectronics.X-CUBE-GNSS1.7.0.1
2025-07-30 14:12:38,152 [WARN] PackLoader:240 - Cannot read IP mode file for STMicroelectronics.X-CUBE-TOUCHGFX.4.25.0
2025-07-30 14:12:38,158 [WARN] PackLoader:240 - Cannot read IP mode file for STMicroelectronics.X-CUBE-SUBG2.5.0.0
2025-07-30 14:12:38,176 [WARN] PackLoader:240 - Cannot read IP mode file for STMicroelectronics.X-CUBE-AZRTOS-H7RS.1.1.0
2025-07-30 14:12:38,181 [WARN] PackLoader:240 - Cannot read IP mode file for Cesanta.I-CUBE-Mongoose.7.13.0
2025-07-30 14:12:38,193 [WARN] PackLoader:240 - Cannot read IP mode file for STMicroelectronics.X-CUBE-AZRTOS-G4.2.0.0
2025-07-30 14:12:38,198 [WARN] PackLoader:240 - Cannot read IP mode file for wolfSSL.I-CUBE-wolfSSH.1.4.20
2025-07-30 14:12:38,199 [WARN] PackLoader:240 - Cannot read IP mode file for STMicroelectronics.X-CUBE-NFC7.2.0.0
2025-07-30 14:12:38,207 [WARN] PackLoader:240 - Cannot read IP mode file for STMicroelectronics.X-CUBE-IPS.3.1.0
2025-07-30 14:12:38,213 [WARN] PackLoader:240 - Cannot read IP mode file for STMicroelectronics.X-CUBE-ALS.1.0.2
2025-07-30 14:12:38,216 [WARN] PackLoader:240 - Cannot read IP mode file for portGmbH.I-Cube-SoM-uGOAL.1.1.0
2025-07-30 14:12:38,221 [WARN] PackLoader:240 - Cannot read IP mode file for STMicroelectronics.X-CUBE-TOF1.3.4.3
2025-07-30 14:12:38,226 [INFO] ThirdParty:978 - Integrity check success = true
2025-07-30 14:12:38,226 [INFO] IntegrityCheckThread:100 - exiting critical section [integrity check]
2025-07-30 14:12:38,226 [INFO] IntegrityCheckThread:103 - End integrity checks thread
2025-07-30 14:12:51,602 [ERROR] LogOutputStream:75 - [STDERR_REDIRECT] 
2025-07-30 14:12:55,119 [INFO] Activator:176 - 


2025-07-30 14:12:55,121 [INFO] Activator:177 - !SESSION log4j initialized
2025-07-30 14:12:58,972 [INFO] LogOutputStream:77 - [STDOUT_REDIRECT] 
2025-07-30 14:12:59,695 [INFO] ApplicationProperties:184 - Using Application install path: C:\ST\STM32CubeIDE_1.19.0\STM32CubeIDE\plugins\com.st.stm32cube.common.mx_6.15.0.202507011659
2025-07-30 14:12:59,701 [INFO] DbMcusXml:78 - Set database path to: C:\ST\STM32CubeIDE_1.19.0\STM32CubeIDE\plugins\com.st.stm32cube.common.mx_6.15.0.202507011659\\db\/mcu/
2025-07-30 14:12:59,702 [INFO] ApiDb:274 - Set plugin database path to: C:\ST\STM32CubeIDE_1.19.0\STM32CubeIDE\plugins\com.st.stm32cube.common.mx_6.15.0.202507011659\\db\/plugins/boardmanager/
2025-07-30 14:12:59,702 [WARN] ApiDb:259 - Overriding images path with different value:  => C:\ST\STM32CubeIDE_1.19.0\STM32CubeIDE\plugins\com.st.stm32cube.common.mx_6.15.0.202507011659\\db\/plugins/mcufinder/images/
2025-07-30 14:12:59,705 [INFO] ApiDb:250 - Set database path to: C:\Users\nicks\.stmcufinder\plugins\mcufinder//mcu/
2025-07-30 14:12:59,706 [INFO] DbMcusAds:125 - Set database path to: C:\Users\nicks\.stmcufinder\plugins\mcufinder//mcu/
2025-07-30 14:12:59,707 [INFO] CrossReferenceDbSqlite:203 - Set database path to: C:\Users\nicks\.stmcufinder\plugins\mcufinder//mcu/cs/
2025-07-30 14:12:59,754 [INFO] RulesReader:64 - Compatibility file has been processed (317 Rules)
2025-07-30 14:12:59,804 [INFO] DbMcusXml:78 - Set database path to: C:\ST\STM32CubeIDE_1.19.0\STM32CubeIDE\plugins\com.st.stm32cube.common.mx_6.15.0.202507011659\\db\/mcu/
2025-07-30 14:12:59,804 [INFO] ApiDb:274 - Set plugin database path to: C:\ST\STM32CubeIDE_1.19.0\STM32CubeIDE\plugins\com.st.stm32cube.common.mx_6.15.0.202507011659\\db\/plugins/boardmanager/
2025-07-30 14:12:59,804 [INFO] ApiDb:261 - Set plugin images path to: C:\ST\STM32CubeIDE_1.19.0\STM32CubeIDE\plugins\com.st.stm32cube.common.mx_6.15.0.202507011659\\db\/plugins/mcufinder/images/
2025-07-30 14:12:59,804 [WARN] DbFile:41 - Overriding database path with different value: C:\Users\nicks\.stmcufinder\plugins\mcufinder/ => C:\Users\nicks\.stmcufinder\plugins\mcufinder
2025-07-30 14:12:59,805 [INFO] ApiDb:250 - Set database path to: C:\Users\nicks\.stmcufinder\plugins\mcufinder//mcu/
2025-07-30 14:12:59,805 [WARN] DbFile:41 - Overriding database path with different value: C:\Users\nicks\.stmcufinder\plugins\mcufinder/ => C:\Users\nicks\.stmcufinder\plugins\mcufinder
2025-07-30 14:12:59,805 [INFO] DbMcusAds:125 - Set database path to: C:\Users\nicks\.stmcufinder\plugins\mcufinder//mcu/
2025-07-30 14:12:59,805 [WARN] DbFile:41 - Overriding database path with different value: C:\Users\nicks\.stmcufinder\plugins\mcufinder/ => C:\Users\nicks\.stmcufinder\plugins\mcufinder
2025-07-30 14:12:59,805 [WARN] DbFile:41 - Overriding database path with different value: C:\Users\nicks\.stmcufinder\plugins\mcufinder/ => C:\Users\nicks\.stmcufinder\plugins\mcufinder
2025-07-30 14:12:59,805 [INFO] CrossReferenceDbSqlite:203 - Set database path to: C:\Users\nicks\.stmcufinder\plugins\mcufinder//mcu/cs/
2025-07-30 14:12:59,846 [INFO] MainPanel:274 - HeapMemory: 268435456
2025-07-30 14:12:59,896 [INFO] DbMcusXml:78 - Set database path to: C:\ST\STM32CubeIDE_1.19.0\STM32CubeIDE\plugins\com.st.stm32cube.common.mx_6.15.0.202507011659\\db\/mcu/
2025-07-30 14:12:59,896 [INFO] ApiDb:274 - Set plugin database path to: C:\ST\STM32CubeIDE_1.19.0\STM32CubeIDE\plugins\com.st.stm32cube.common.mx_6.15.0.202507011659\\db\/plugins/boardmanager/
2025-07-30 14:12:59,896 [INFO] ApiDb:261 - Set plugin images path to: C:\ST\STM32CubeIDE_1.19.0\STM32CubeIDE\plugins\com.st.stm32cube.common.mx_6.15.0.202507011659\\db\/plugins/mcufinder/images/
2025-07-30 14:12:59,896 [WARN] DbFile:41 - Overriding database path with different value: C:\Users\nicks\.stmcufinder\plugins\mcufinder/ => C:\Users\nicks\.stmcufinder\plugins\mcufinder
2025-07-30 14:12:59,896 [INFO] ApiDb:250 - Set database path to: C:\Users\nicks\.stmcufinder\plugins\mcufinder//mcu/
2025-07-30 14:12:59,896 [WARN] DbFile:41 - Overriding database path with different value: C:\Users\nicks\.stmcufinder\plugins\mcufinder/ => C:\Users\nicks\.stmcufinder\plugins\mcufinder
2025-07-30 14:12:59,896 [INFO] DbMcusAds:125 - Set database path to: C:\Users\nicks\.stmcufinder\plugins\mcufinder//mcu/
2025-07-30 14:12:59,896 [WARN] DbFile:41 - Overriding database path with different value: C:\Users\nicks\.stmcufinder\plugins\mcufinder/ => C:\Users\nicks\.stmcufinder\plugins\mcufinder
2025-07-30 14:12:59,896 [WARN] DbFile:41 - Overriding database path with different value: C:\Users\nicks\.stmcufinder\plugins\mcufinder/ => C:\Users\nicks\.stmcufinder\plugins\mcufinder
2025-07-30 14:12:59,896 [INFO] CrossReferenceDbSqlite:203 - Set database path to: C:\Users\nicks\.stmcufinder\plugins\mcufinder//mcu/cs/
2025-07-30 14:12:59,906 [INFO] ApplicationProperties:184 - Using Application install path: C:\ST\STM32CubeIDE_1.19.0\STM32CubeIDE\plugins\com.st.stm32cube.common.mx_6.15.0.202507011659
2025-07-30 14:12:59,907 [INFO] PluginManage:196 - Search for loadable plugins [exclusion list=, ]
2025-07-30 14:12:59,908 [INFO] PluginManage:310 - Check plugin analytics
2025-07-30 14:13:00,008 [INFO] AnalyticsPlugin:253 - Accepted Software Licenses: 
2025-07-30 14:13:00,008 [INFO] AnalyticsPlugin:255 - Accepted CMSIS Pack Licenses: 
2025-07-30 14:13:00,008 [INFO] AnalyticsPlugin:257 - Accepted Firmware Licenses: FW.F4.1.28.0,FW.H7.1.12.0,FW.H7.1.11.0
2025-07-30 14:13:00,009 [INFO] PluginManage:359 - Loaded plugin analytics (category:tool,tabindex:-1)
2025-07-30 14:13:00,010 [INFO] PluginManage:310 - Check plugin cadmodel
2025-07-30 14:13:00,012 [INFO] CADModel:105 - Init CAD model plugin
2025-07-30 14:13:00,013 [INFO] PluginManage:359 - Loaded plugin cadmodel (category:power,tabindex:5)
2025-07-30 14:13:00,013 [INFO] PluginManage:310 - Check plugin clock
2025-07-30 14:13:00,018 [INFO] PluginManage:359 - Loaded plugin clock (category:base,tabindex:2)
2025-07-30 14:13:00,018 [INFO] PluginManage:310 - Check plugin ddr
2025-07-30 14:13:00,019 [INFO] PluginManage:359 - Loaded plugin ddr (category:tool,tabindex:6)
2025-07-30 14:13:00,019 [INFO] PluginManage:310 - Check plugin filemanager
2025-07-30 14:13:00,117 [INFO] PluginManage:359 - Loaded plugin filemanager (category:base,tabindex:10)
2025-07-30 14:13:00,117 [INFO] PluginManage:310 - Check plugin ipmanager
2025-07-30 14:13:00,122 [INFO] PluginManage:359 - Loaded plugin ipmanager (category:base,tabindex:5)
2025-07-30 14:13:00,122 [INFO] PluginManage:310 - Check plugin lpbam
2025-07-30 14:13:00,127 [INFO] PluginManage:359 - Loaded plugin lpbam (category:base,tabindex:0)
2025-07-30 14:13:00,127 [INFO] PluginManage:310 - Check plugin memorymap
2025-07-30 14:13:00,133 [INFO] PluginManage:359 - Loaded plugin memorymap (category:base,tabindex:4)
2025-07-30 14:13:00,133 [INFO] PluginManage:310 - Check plugin pinoutandconfiguration
2025-07-30 14:13:00,137 [INFO] PluginManage:359 - Loaded plugin pinoutandconfiguration (category:base,tabindex:1)
2025-07-30 14:13:00,137 [INFO] PluginManage:310 - Check plugin pinoutconfig
2025-07-30 14:13:00,188 [WARN] SupportedApi:132 - Cannot load RTOS API schema: s4s-elt-must-match.1: The content of 'definitions' must match (annotation?, (simpleType | complexType)?, (unique | key | keyref)*)). A problem was found starting at: attribute.
2025-07-30 14:13:00,266 [INFO] PluginManage:359 - Loaded plugin pinoutconfig (category:base,tabindex:0)
2025-07-30 14:13:00,266 [INFO] PluginManage:310 - Check plugin power
2025-07-30 14:13:00,270 [INFO] PluginManage:359 - Loaded plugin power (category:power,tabindex:4)
2025-07-30 14:13:00,271 [INFO] PluginManage:310 - Check plugin projectmanager
2025-07-30 14:13:00,281 [INFO] PluginManage:359 - Loaded plugin projectmanager (category:projectmanager,tabindex:4)
2025-07-30 14:13:00,281 [INFO] PluginManage:310 - Check plugin rif
2025-07-30 14:13:00,286 [INFO] PluginManage:359 - Loaded plugin rif (category:base,tabindex:3)
2025-07-30 14:13:00,287 [INFO] PluginManage:310 - Check plugin thirdparty
2025-07-30 14:13:00,355 [INFO] PluginManage:359 - Loaded plugin thirdparty (category:base,tabindex:-1)
2025-07-30 14:13:00,355 [WARN] IntegrityCheckThread:84 - waiting for thirdparty lock release [integrity check]
2025-07-30 14:13:00,355 [INFO] PluginManage:310 - Check plugin tools
2025-07-30 14:13:00,355 [INFO] IntegrityCheckThread:86 - entering critical section [integrity check]
2025-07-30 14:13:00,355 [INFO] ThirdPartyUpdaterWithRetryManager:70 - Updater plugin not ready yet. [1/15]
2025-07-30 14:13:00,357 [INFO] PluginManage:359 - Loaded plugin tools (category:base,tabindex:7)
2025-07-30 14:13:00,357 [INFO] PluginManage:310 - Check plugin tutovideos
2025-07-30 14:13:00,471 [INFO] PluginManage:359 - Loaded plugin tutovideos (category:base,tabindex:-1)
2025-07-30 14:13:00,471 [INFO] PluginManage:310 - Check plugin updater
2025-07-30 14:13:00,485 [INFO] PluginManage:359 - Loaded plugin updater (category:base,tabindex:12)
2025-07-30 14:13:00,485 [INFO] PluginManage:310 - Check plugin userauth
2025-07-30 14:13:00,487 [INFO] UserAuth:118 - Init User Auth plugin
2025-07-30 14:13:00,488 [INFO] PluginManage:359 - Loaded plugin userauth (category:base,tabindex:14)
2025-07-30 14:13:00,488 [INFO] PluginManage:283 - PluginManage : Loaded plugins [18]
2025-07-30 14:13:00,613 [INFO] PinOutPanel:1589 - setPackage(No Configuration,No Configuration)
2025-07-30 14:13:00,665 [INFO] CADModel:165 - CPN selected for project level
2025-07-30 14:13:00,665 [INFO] CADModel:114 - Register for checkConnection events
2025-07-30 14:13:00,675 [INFO] IPUIPlugin:80 - create IPUIPlugin
2025-07-30 14:13:00,676 [INFO] PluginManager:220 - loadIPPluginJar : add adc
2025-07-30 14:13:00,677 [INFO] IPUIPlugin:80 - create IPUIPlugin
2025-07-30 14:13:00,677 [INFO] PluginManager:220 - loadIPPluginJar : add aes
2025-07-30 14:13:00,678 [INFO] IPUIPlugin:80 - create IPUIPlugin
2025-07-30 14:13:00,679 [INFO] PluginManager:220 - loadIPPluginJar : add can
2025-07-30 14:13:00,680 [INFO] IPUIPlugin:80 - create IPUIPlugin
2025-07-30 14:13:00,680 [INFO] PluginManager:220 - loadIPPluginJar : add comp
2025-07-30 14:13:00,681 [INFO] IPUIPlugin:80 - create IPUIPlugin
2025-07-30 14:13:00,681 [INFO] PluginManager:220 - loadIPPluginJar : add cryp
2025-07-30 14:13:00,682 [INFO] IPUIPlugin:80 - create IPUIPlugin
2025-07-30 14:13:00,683 [INFO] PluginManager:220 - loadIPPluginJar : add ddr_ctrl_phy
2025-07-30 14:13:00,684 [INFO] IPUIPlugin:80 - create IPUIPlugin
2025-07-30 14:13:00,684 [INFO] PluginManager:220 - loadIPPluginJar : add dfsdm
2025-07-30 14:13:00,687 [INFO] IPUIPlugin:80 - create IPUIPlugin
2025-07-30 14:13:00,688 [INFO] PluginManager:220 - loadIPPluginJar : add dma
2025-07-30 14:13:00,689 [INFO] IPUIPlugin:80 - create IPUIPlugin
2025-07-30 14:13:00,689 [INFO] PluginManager:220 - loadIPPluginJar : add dma3
2025-07-30 14:13:00,691 [INFO] IPUIPlugin:80 - create IPUIPlugin
2025-07-30 14:13:00,691 [INFO] PluginManager:220 - loadIPPluginJar : add extmemmanager
2025-07-30 14:13:00,692 [INFO] IPUIPlugin:80 - create IPUIPlugin
2025-07-30 14:13:00,692 [INFO] PluginManager:220 - loadIPPluginJar : add fatfs
2025-07-30 14:13:00,695 [INFO] IPUIPlugin:80 - create IPUIPlugin
2025-07-30 14:13:00,695 [INFO] PluginManager:220 - loadIPPluginJar : add fmc
2025-07-30 14:13:00,698 [INFO] IPUIPlugin:80 - create IPUIPlugin
2025-07-30 14:13:00,698 [INFO] PluginManager:220 - loadIPPluginJar : add freertos
2025-07-30 14:13:00,699 [INFO] IPUIPlugin:80 - create IPUIPlugin
2025-07-30 14:13:00,699 [INFO] PluginManager:220 - loadIPPluginJar : add genericplugin
2025-07-30 14:13:00,700 [INFO] IPUIPlugin:80 - create IPUIPlugin
2025-07-30 14:13:00,700 [INFO] PluginManager:220 - loadIPPluginJar : add gfxmmu
2025-07-30 14:13:00,703 [INFO] IPUIPlugin:80 - create IPUIPlugin
2025-07-30 14:13:00,703 [INFO] PluginManager:220 - loadIPPluginJar : add gic
2025-07-30 14:13:00,705 [INFO] IPUIPlugin:80 - create IPUIPlugin
2025-07-30 14:13:00,705 [INFO] PluginManager:220 - loadIPPluginJar : add gpio
2025-07-30 14:13:00,707 [INFO] IPUIPlugin:80 - create IPUIPlugin
2025-07-30 14:13:00,707 [INFO] PluginManager:220 - loadIPPluginJar : add gtzc
2025-07-30 14:13:00,708 [INFO] IPUIPlugin:80 - create IPUIPlugin
2025-07-30 14:13:00,708 [INFO] PluginManager:220 - loadIPPluginJar : add hash
2025-07-30 14:13:00,709 [INFO] IPUIPlugin:80 - create IPUIPlugin
2025-07-30 14:13:00,710 [INFO] PluginManager:220 - loadIPPluginJar : add i2c
2025-07-30 14:13:00,711 [INFO] IPUIPlugin:80 - create IPUIPlugin
2025-07-30 14:13:00,711 [INFO] PluginManager:220 - loadIPPluginJar : add i2s
2025-07-30 14:13:00,712 [INFO] IPUIPlugin:80 - create IPUIPlugin
2025-07-30 14:13:00,712 [INFO] PluginManager:220 - loadIPPluginJar : add i3c
2025-07-30 14:13:00,714 [INFO] IPUIPlugin:80 - create IPUIPlugin
2025-07-30 14:13:00,714 [INFO] PluginManager:220 - loadIPPluginJar : add ipddr
2025-07-30 14:13:00,718 [INFO] IPUIPlugin:80 - create IPUIPlugin
2025-07-30 14:13:00,718 [INFO] PluginManager:220 - loadIPPluginJar : add linkedlist
2025-07-30 14:13:00,720 [INFO] IPUIPlugin:80 - create IPUIPlugin
2025-07-30 14:13:00,720 [INFO] PluginManager:220 - loadIPPluginJar : add lorawan
2025-07-30 14:13:00,721 [INFO] IPUIPlugin:80 - create IPUIPlugin
2025-07-30 14:13:00,721 [INFO] PluginManager:220 - loadIPPluginJar : add ltdc
2025-07-30 14:13:00,724 [INFO] IPUIPlugin:80 - create IPUIPlugin
2025-07-30 14:13:00,724 [INFO] PluginManager:220 - loadIPPluginJar : add mdma
2025-07-30 14:13:00,726 [INFO] IPUIPlugin:80 - create IPUIPlugin
2025-07-30 14:13:00,726 [INFO] PluginManager:220 - loadIPPluginJar : add nvic
2025-07-30 14:13:00,728 [INFO] IPUIPlugin:80 - create IPUIPlugin
2025-07-30 14:13:00,728 [INFO] PluginManager:220 - loadIPPluginJar : add opamp
2025-07-30 14:13:00,730 [INFO] IPUIPlugin:80 - create IPUIPlugin
2025-07-30 14:13:00,730 [INFO] PluginManager:220 - loadIPPluginJar : add openamp
2025-07-30 14:13:00,732 [INFO] IPUIPlugin:80 - create IPUIPlugin
2025-07-30 14:13:00,732 [INFO] PluginManager:220 - loadIPPluginJar : add pdm2pcm
2025-07-30 14:13:00,735 [INFO] IPUIPlugin:80 - create IPUIPlugin
2025-07-30 14:13:00,736 [INFO] PluginManager:220 - loadIPPluginJar : add plateformsettings
2025-07-30 14:13:00,738 [INFO] IPUIPlugin:80 - create IPUIPlugin
2025-07-30 14:13:00,738 [INFO] PluginManager:220 - loadIPPluginJar : add quadspi
2025-07-30 14:13:00,738 [INFO] IPUIPlugin:80 - create IPUIPlugin
2025-07-30 14:13:00,739 [INFO] PluginManager:220 - loadIPPluginJar : add radio
2025-07-30 14:13:00,741 [INFO] IPUIPlugin:80 - create IPUIPlugin
2025-07-30 14:13:00,741 [INFO] PluginManager:220 - loadIPPluginJar : add resmgrutility
2025-07-30 14:13:00,742 [INFO] IPUIPlugin:80 - create IPUIPlugin
2025-07-30 14:13:00,742 [INFO] PluginManager:220 - loadIPPluginJar : add sai
2025-07-30 14:13:00,744 [INFO] IPUIPlugin:80 - create IPUIPlugin
2025-07-30 14:13:00,744 [INFO] PluginManager:220 - loadIPPluginJar : add spi
2025-07-30 14:13:00,747 [INFO] IPUIPlugin:80 - create IPUIPlugin
2025-07-30 14:13:00,747 [INFO] PluginManager:220 - loadIPPluginJar : add stm32_wpan
2025-07-30 14:13:00,748 [INFO] IPUIPlugin:80 - create IPUIPlugin
2025-07-30 14:13:00,748 [INFO] PluginManager:220 - loadIPPluginJar : add tim
2025-07-30 14:13:00,750 [INFO] IPUIPlugin:80 - create IPUIPlugin
2025-07-30 14:13:00,750 [INFO] PluginManager:220 - loadIPPluginJar : add touchsensing
2025-07-30 14:13:00,751 [INFO] IPUIPlugin:80 - create IPUIPlugin
2025-07-30 14:13:00,751 [INFO] PluginManager:220 - loadIPPluginJar : add tracer_emb
2025-07-30 14:13:00,752 [INFO] IPUIPlugin:80 - create IPUIPlugin
2025-07-30 14:13:00,753 [INFO] PluginManager:220 - loadIPPluginJar : add ts
2025-07-30 14:13:00,753 [INFO] IPUIPlugin:80 - create IPUIPlugin
2025-07-30 14:13:00,753 [INFO] PluginManager:220 - loadIPPluginJar : add tsc
2025-07-30 14:13:00,754 [INFO] IPUIPlugin:80 - create IPUIPlugin
2025-07-30 14:13:00,754 [INFO] PluginManager:220 - loadIPPluginJar : add ucpd
2025-07-30 14:13:00,756 [INFO] IPUIPlugin:80 - create IPUIPlugin
2025-07-30 14:13:00,756 [INFO] PluginManager:220 - loadIPPluginJar : add usart
2025-07-30 14:13:00,758 [INFO] IPUIPlugin:80 - create IPUIPlugin
2025-07-30 14:13:00,758 [INFO] PluginManager:220 - loadIPPluginJar : add usbx
2025-07-30 14:13:00,863 [FATAL] Updater:351 - Updater called before beeing initialized
2025-07-30 14:13:00,878 [INFO] RulesReader:64 - Compatibility file has been processed (317 Rules)
2025-07-30 14:13:00,885 [INFO] RulesReader:64 - Compatibility file has been processed (317 Rules)
2025-07-30 14:13:00,890 [INFO] CADModel:165 - CPN selected for project level
2025-07-30 14:13:00,890 [INFO] CADModel:114 - Register for checkConnection events
2025-07-30 14:13:00,890 [FATAL] Updater:351 - Updater called before beeing initialized
2025-07-30 14:13:00,890 [ERROR] CADModel:125 - Updater not yet initialized, retry later 
2025-07-30 14:13:00,972 [FATAL] Updater:351 - Updater called before beeing initialized
2025-07-30 14:13:00,973 [INFO] CADModel:165 - CPN selected for project level
2025-07-30 14:13:00,973 [INFO] CADModel:114 - Register for checkConnection events
2025-07-30 14:13:00,973 [FATAL] Updater:351 - Updater called before beeing initialized
2025-07-30 14:13:00,973 [ERROR] CADModel:125 - Updater not yet initialized, retry later 
2025-07-30 14:13:00,975 [FATAL] Updater:351 - Updater called before beeing initialized
2025-07-30 14:13:01,042 [FATAL] Updater:351 - Updater called before beeing initialized
2025-07-30 14:13:01,045 [INFO] DbMcusAds:53 - JSON generation date=Tue Jul 08 18:14:23 AEST 2025 (1751962463524)
2025-07-30 14:13:01,045 [FATAL] Updater:351 - Updater called before beeing initialized
2025-07-30 14:13:01,066 [WARN] DetailPanel:346 - Failed to get advertising image, set to default
2025-07-30 14:13:01,124 [FATAL] Updater:351 - Updater called before beeing initialized
2025-07-30 14:13:01,125 [FATAL] Updater:351 - Updater called before beeing initialized
2025-07-30 14:13:01,125 [FATAL] Updater:351 - Updater called before beeing initialized
2025-07-30 14:13:01,125 [WARN] DetailPanel:346 - Failed to get advertising image, set to default
2025-07-30 14:13:01,126 [FATAL] Updater:351 - Updater called before beeing initialized
2025-07-30 14:13:01,154 [ERROR] Updater:1198 - MainUpdater not yet initialized. External WinMGr cannot be set.
2025-07-30 14:13:01,155 [INFO] Updater:1134 - Updater Version found : 6.15.0
2025-07-30 14:13:01,166 [INFO] ApplicationProperties:184 - Using Application install path: C:\ST\STM32CubeIDE_1.19.0\STM32CubeIDE\plugins\com.st.stm32cube.common.mx_6.15.0.202507011659
2025-07-30 14:13:01,358 [INFO] MainUpdater:2872 - connection check result : 10
2025-07-30 14:13:01,358 [INFO] MainUpdater:289 - Updater Check For Update Now.
2025-07-30 14:13:01,358 [INFO] MicroXplorer:498 - Change Database Version : DB.6.0.150
2025-07-30 14:13:01,362 [INFO] McuFinderGlobals:63 - Set McuFinder mode to 2 (CubeIDE integrated)
2025-07-30 14:13:01,362 [INFO] UserAuth:487 - Internet connection configuration mode: 1
2025-07-30 14:13:01,383 [INFO] JxBrowserEngine:152 - Initiate JxBrowser Engine with user profile folder
2025-07-30 14:13:01,516 [INFO] CheckServerUpdateThread:120 - End of CheckServer Thread
2025-07-30 14:13:01,707 [INFO] WebApp:169 - Instantiating new browser for Auth
2025-07-30 14:13:01,752 [WARN] RulesReader:66 - Compatibility file://mcu/compatibility.xml not found
2025-07-30 14:13:02,138 [INFO] WebApp:463 - Apply proxy settings
2025-07-30 14:13:02,138 [INFO] WebApp:548 - Chromium requires no authentication
2025-07-30 14:13:02,143 [INFO] WebApp:491 - Direct internet connection detected
2025-07-30 14:13:02,155 [INFO] WebApp:900 - Register for checkConnection events
2025-07-30 14:13:02,155 [INFO] WebApp:463 - Apply proxy settings
2025-07-30 14:13:02,155 [INFO] WebApp:548 - Chromium requires no authentication
2025-07-30 14:13:02,155 [INFO] WebApp:491 - Direct internet connection detected
2025-07-30 14:13:02,249 [INFO] WebApp:225 - Starting web application
2025-07-30 14:13:02,249 [INFO] WebApp:593 - Web application path used C:\ST\STM32CubeIDE_1.19.0\STM32CubeIDE\plugins\com.st.stm32cube.common.mx_6.15.0.202507011659\db\plugins\mcufinder\reactClient1\index.html
2025-07-30 14:13:02,302 [INFO] UserAuth:487 - Internet connection configuration mode: 1
2025-07-30 14:13:02,501 [INFO] WebApp:191 - Connection restablished
2025-07-30 14:13:03,495 [WARN] PackLoader:240 - Cannot read IP mode file for STMicroelectronics.FP-SNS-MOTENVWB1.1.4.0
2025-07-30 14:13:03,500 [WARN] PackLoader:240 - Cannot read IP mode file for STMicroelectronics.FP-ATR-ASTRA1.2.0.2
2025-07-30 14:13:03,503 [WARN] PackLoader:240 - Cannot read IP mode file for STMicroelectronics.FP-ATR-ASTRA1.2.0.1
2025-07-30 14:13:03,507 [WARN] PackLoader:240 - Cannot read IP mode file for STMicroelectronics.X-CUBE-SMBUS.2.1.0
2025-07-30 14:13:03,512 [WARN] PackLoader:240 - Cannot read IP mode file for STMicroelectronics.X-CUBE-WB05N.1.1.0
2025-07-30 14:13:03,515 [WARN] PackLoader:240 - Cannot read IP mode file for STMicroelectronics.X-CUBE-ST60.1.0.0
2025-07-30 14:13:03,535 [WARN] PackLoader:240 - Cannot read IP mode file for STMicroelectronics.X-CUBE-AZRTOS-F7.1.1.0
2025-07-30 14:13:03,549 [WARN] PackLoader:240 - Cannot read IP mode file for STMicroelectronics.FP-SNS-FLIGHT1.5.0.2
2025-07-30 14:13:03,567 [WARN] PackLoader:240 - Cannot read IP mode file for Infineon.AIROC-Wi-Fi-Bluetooth-STM32.1.7.0
2025-07-30 14:13:03,596 [WARN] PackLoader:240 - Cannot read IP mode file for STMicroelectronics.X-CUBE-AZRTOS-H7.3.4.0
2025-07-30 14:13:03,604 [WARN] PackLoader:240 - Cannot read IP mode file for STMicroelectronics.X-CUBE-DISPLAY.3.0.0
2025-07-30 14:13:03,610 [WARN] PackLoader:240 - Cannot read IP mode file for STMicroelectronics.X-CUBE-NFC10.1.0.0
2025-07-30 14:13:03,616 [WARN] PackLoader:240 - Cannot read IP mode file for STMicroelectronics.X-CUBE-BLEMGR.4.0.0
2025-07-30 14:13:03,621 [WARN] PackLoader:240 - Cannot read IP mode file for emotas.I-CUBE-CANOPEN.1.3.0
2025-07-30 14:13:03,623 [WARN] ConditionMgr:438 - getConditionDescription Invalid condition id : Cortex-A Device cause : null
2025-07-30 14:13:03,630 [WARN] ConditionMgr:1044 - genDependencies : Invalid condition id : Cortex-A Device cause : null
2025-07-30 14:13:03,630 [WARN] ConditionMgr:1044 - genDependencies : Invalid condition id : Cortex-A Device cause : null
2025-07-30 14:13:03,630 [WARN] ConditionMgr:1044 - genDependencies : Invalid condition id : Cortex-A Device cause : null
2025-07-30 14:13:03,633 [WARN] PackLoader:240 - Cannot read IP mode file for STMicroelectronics.X-CUBE-AI.10.0.0
2025-07-30 14:13:03,635 [WARN] PackLoader:240 - Cannot read IP mode file for STMicroelectronics.FP-SNS-SMARTAG2.1.2.0
2025-07-30 14:13:03,637 [WARN] PackLoader:240 - Cannot read IP mode file for STMicroelectronics.FP-SNS-FLIGHT1.5.1.0
2025-07-30 14:13:03,641 [INFO] LogOutputStream:77 - [STDOUT_REDIRECT] 1 : Invalid condition id : UX_CORESTACK_Condition cause : null
2025-07-30 14:13:03,642 [INFO] LogOutputStream:77 - [STDOUT_REDIRECT] 1 : Invalid condition id : UX_CORESTACK_Condition cause : null
2025-07-30 14:13:03,642 [INFO] LogOutputStream:77 - [STDOUT_REDIRECT] 1 : Invalid condition id : UX_CORESTACK_Condition cause : null
2025-07-30 14:13:03,643 [INFO] LogOutputStream:77 - [STDOUT_REDIRECT] 1 : Invalid condition id : UX_CORESTACK_Condition cause : null
2025-07-30 14:13:03,643 [INFO] LogOutputStream:77 - [STDOUT_REDIRECT] 1 : Invalid condition id : UX_CORESTACK_Condition cause : null
2025-07-30 14:13:03,644 [WARN] PackLoader:240 - Cannot read IP mode file for STMicroelectronics.X-CUBE-AZRTOS-WL.2.0.0
2025-07-30 14:13:03,647 [WARN] PackLoader:240 - Cannot read IP mode file for STMicroelectronics.FP-SNS-MOTENV1.5.0.0
2025-07-30 14:13:03,652 [WARN] PackLoader:240 - Cannot read IP mode file for WES.I-CUBE-Cesium.1.3.0
2025-07-30 14:13:03,655 [WARN] PackLoader:240 - Cannot read IP mode file for STMicroelectronics.X-CUBE-BLE2.3.3.0
2025-07-30 14:13:03,658 [WARN] PackLoader:240 - Cannot read IP mode file for STMicroelectronics.X-CUBE-NFC9.1.0.0
2025-07-30 14:13:03,661 [WARN] PackLoader:240 - Cannot read IP mode file for STMicroelectronics.X-CUBE-BLE1.7.1.0
2025-07-30 14:13:03,663 [WARN] PackLoader:240 - Cannot read IP mode file for wolfSSL.I-CUBE-wolfMQTT.1.19.2
2025-07-30 14:13:03,666 [WARN] PackLoader:240 - Cannot read IP mode file for STMicroelectronics.X-CUBE-EEPRMA1.5.2.0
2025-07-30 14:13:03,669 [WARN] PackLoader:240 - Cannot read IP mode file for STMicroelectronics.X-CUBE-AI.10.1.0
2025-07-30 14:13:03,689 [WARN] PackLoader:240 - Cannot read IP mode file for STMicroelectronics.X-CUBE-MEMS1.11.2.0
2025-07-30 14:13:03,774 [WARN] PackLoader:240 - Cannot read IP mode file for STMicroelectronics.X-CUBE-AZRTOS-G0.1.1.0
2025-07-30 14:13:03,779 [WARN] PackLoader:240 - Cannot read IP mode file for STMicroelectronics.X-CUBE-SAFEA1.1.2.2
2025-07-30 14:13:03,782 [WARN] PackLoader:240 - Cannot read IP mode file for STMicroelectronics.X-CUBE-NFC4.3.0.0
2025-07-30 14:13:03,786 [WARN] PackLoader:240 - Cannot read IP mode file for EmbeddedOffice.I-CUBE-FS-RTOS.1.0.1
2025-07-30 14:13:03,789 [WARN] PackLoader:240 - Cannot read IP mode file for STMicroelectronics.X-CUBE-WB05N.2.0.0
2025-07-30 14:13:03,792 [WARN] PackLoader:240 - Cannot read IP mode file for wolfSSL.I-CUBE-wolfTPM.3.8.0
2025-07-30 14:13:03,795 [WARN] PackLoader:240 - Cannot read IP mode file for STMicroelectronics.X-CUBE-TCPP.4.2.0
2025-07-30 14:13:03,800 [WARN] PackLoader:240 - Cannot read IP mode file for RealThread.X-CUBE-RT-Thread_Nano.4.1.1
2025-07-30 14:13:03,802 [WARN] PackLoader:240 - Cannot read IP mode file for STMicroelectronics.FP-ATR-SIGFOX1.3.2.0
2025-07-30 14:13:03,805 [WARN] PackLoader:240 - Cannot read IP mode file for STMicroelectronics.X-CUBE-EEPRMA1.5.1.0
2025-07-30 14:13:03,808 [WARN] PackLoader:240 - Cannot read IP mode file for wolfSSL.I-CUBE-wolfSSL.5.7.6
2025-07-30 14:13:03,811 [WARN] PackLoader:240 - Cannot read IP mode file for ITTIA_DB.I-CUBE-ITTIADB.8.9.0
2025-07-30 14:13:03,814 [WARN] PackLoader:240 - Cannot read IP mode file for STMicroelectronics.X-CUBE-ST67W61.1.0.0
2025-07-30 14:13:03,830 [WARN] PackLoader:240 - Cannot read IP mode file for SEGGER.I-CUBE-embOS.1.3.1
2025-07-30 14:13:03,846 [WARN] PackLoader:240 - Cannot read IP mode file for STMicroelectronics.X-CUBE-ALGOBUILD.1.4.0
2025-07-30 14:13:03,865 [WARN] PackLoader:240 - Cannot read IP mode file for STMicroelectronics.X-CUBE-MEMS1.11.3.0
2025-07-30 14:13:03,929 [WARN] PackLoader:240 - Cannot read IP mode file for STMicroelectronics.X-CUBE-PM33A1.1.0.0
2025-07-30 14:13:03,940 [WARN] PackLoader:240 - Cannot read IP mode file for STMicroelectronics.X-CUBE-AZRTOS-F4.1.1.0
2025-07-30 14:13:03,945 [WARN] PackLoader:240 - Cannot read IP mode file for Avnet-IotConnect.X-CUBE-IoTC-DA16k-PMOD.1.0.0
2025-07-30 14:13:03,947 [WARN] PackLoader:240 - Cannot read IP mode file for STMicroelectronics.X-CUBE-ISPU.2.1.0
2025-07-30 14:13:03,951 [WARN] PackLoader:240 - Cannot read IP mode file for STMicroelectronics.X-CUBE-NFC12.1.0.0
2025-07-30 14:13:03,961 [WARN] PackLoader:240 - Cannot read IP mode file for STMicroelectronics.X-CUBE-AZRTOS-L5.2.0.0
2025-07-30 14:13:03,968 [WARN] PackLoader:240 - Cannot read IP mode file for STMicroelectronics.X-CUBE-NFC6.3.1.0
2025-07-30 14:13:03,976 [WARN] PackLoader:240 - Cannot read IP mode file for STMicroelectronics.X-CUBE-FREERTOS.1.3.1
2025-07-30 14:13:03,979 [WARN] PackLoader:240 - Cannot read IP mode file for STMicroelectronics.X-CUBE-FREERTOS.1.3.0
2025-07-30 14:13:04,003 [WARN] PackLoader:240 - Cannot read IP mode file for STMicroelectronics.X-CUBE-NFC7.1.0.1
2025-07-30 14:13:04,008 [WARN] PackLoader:240 - Cannot read IP mode file for STMicroelectronics.FP-SNS-STAIOTCFT.1.0.0
2025-07-30 14:13:04,013 [WARN] PackLoader:240 - Cannot read IP mode file for STMicroelectronics.X-CUBE-DPower.1.3.0
2025-07-30 14:13:04,026 [WARN] ConditionMgr:438 - getConditionDescription Invalid condition id : LAN8742 Phy interface Condition cause : null
2025-07-30 14:13:04,027 [WARN] PackLoader:240 - Cannot read IP mode file for STMicroelectronics.X-CUBE-AZRTOS-L4.2.0.0
2025-07-30 14:13:04,028 [WARN] ConditionMgr:1044 - genDependencies : Invalid condition id : LAN8742 Phy interface Condition cause : null
2025-07-30 14:13:04,028 [WARN] ConditionMgr:1044 - genDependencies : Invalid condition id : LAN8742 Phy interface Condition cause : null
2025-07-30 14:13:04,028 [WARN] ConditionMgr:1044 - genDependencies : Invalid condition id : LAN8742 Phy interface Condition cause : null
2025-07-30 14:13:04,034 [WARN] PackLoader:240 - Cannot read IP mode file for STMicroelectronics.X-CUBE-SFXS2LP1.4.0.0
2025-07-30 14:13:04,043 [WARN] PackLoader:240 - Cannot read IP mode file for STMicroelectronics.X-CUBE-AZRTOS-H7.3.3.0
2025-07-30 14:13:04,051 [WARN] PackLoader:240 - Cannot read IP mode file for STMicroelectronics.X-CUBE-BLEMGR.4.1.0
2025-07-30 14:13:04,063 [WARN] ConditionMgr:438 - getConditionDescription Invalid condition id : UX DEVICE CLASS RTOS Condition cause : null
2025-07-30 14:13:04,063 [WARN] ConditionMgr:438 - getConditionDescription Invalid condition id : UX DEVICE CLASS RTOS Condition cause : null
2025-07-30 14:13:04,065 [WARN] PackLoader:240 - Cannot read IP mode file for STMicroelectronics.X-CUBE-AZRTOS-WB.2.0.0
2025-07-30 14:13:04,065 [WARN] ConditionMgr:1044 - genDependencies : Invalid condition id : UX DEVICE CLASS RTOS Condition cause : null
2025-07-30 14:13:04,065 [WARN] ConditionMgr:1044 - genDependencies : Invalid condition id : UX DEVICE CLASS RTOS Condition cause : null
2025-07-30 14:13:04,065 [WARN] ConditionMgr:1044 - genDependencies : Invalid condition id : UX DEVICE CLASS RTOS Condition cause : null
2025-07-30 14:13:04,065 [WARN] ConditionMgr:1044 - genDependencies : Invalid condition id : UX DEVICE CLASS RTOS Condition cause : null
2025-07-30 14:13:04,066 [WARN] ConditionMgr:1044 - genDependencies : Invalid condition id : UX DEVICE CLASS RTOS Condition cause : null
2025-07-30 14:13:04,070 [WARN] PackLoader:240 - Cannot read IP mode file for STMicroelectronics.X-CUBE-GNSS1.7.0.1
2025-07-30 14:13:04,073 [WARN] PackLoader:240 - Cannot read IP mode file for STMicroelectronics.X-CUBE-TOUCHGFX.4.25.0
2025-07-30 14:13:04,078 [WARN] PackLoader:240 - Cannot read IP mode file for STMicroelectronics.X-CUBE-SUBG2.5.0.0
2025-07-30 14:13:04,088 [WARN] PackLoader:240 - Cannot read IP mode file for STMicroelectronics.X-CUBE-AZRTOS-H7RS.1.1.0
2025-07-30 14:13:04,092 [WARN] PackLoader:240 - Cannot read IP mode file for Cesanta.I-CUBE-Mongoose.7.13.0
2025-07-30 14:13:04,099 [WARN] PackLoader:240 - Cannot read IP mode file for STMicroelectronics.X-CUBE-AZRTOS-G4.2.0.0
2025-07-30 14:13:04,102 [WARN] PackLoader:240 - Cannot read IP mode file for wolfSSL.I-CUBE-wolfSSH.1.4.20
2025-07-30 14:13:04,104 [WARN] PackLoader:240 - Cannot read IP mode file for STMicroelectronics.X-CUBE-NFC7.2.0.0
2025-07-30 14:13:04,109 [WARN] PackLoader:240 - Cannot read IP mode file for STMicroelectronics.X-CUBE-IPS.3.1.0
2025-07-30 14:13:04,113 [WARN] PackLoader:240 - Cannot read IP mode file for STMicroelectronics.X-CUBE-ALS.1.0.2
2025-07-30 14:13:04,117 [WARN] PackLoader:240 - Cannot read IP mode file for portGmbH.I-Cube-SoM-uGOAL.1.1.0
2025-07-30 14:13:04,124 [WARN] PackLoader:240 - Cannot read IP mode file for STMicroelectronics.X-CUBE-TOF1.3.4.3
2025-07-30 14:13:04,129 [INFO] ThirdParty:978 - Integrity check success = true
2025-07-30 14:13:04,129 [INFO] IntegrityCheckThread:100 - exiting critical section [integrity check]
2025-07-30 14:13:04,129 [INFO] IntegrityCheckThread:103 - End integrity checks thread
2025-07-30 14:14:31,448 [INFO] McuFinderGlobals:63 - Set McuFinder mode to 2 (CubeIDE integrated)
2025-07-30 14:14:31,450 [INFO] MainUpdater:2872 - connection check result : 10
2025-07-30 14:14:31,452 [INFO] McuFinderGlobals:76 - Set McuFinderConnectedMode to true
2025-07-30 14:14:31,747 [INFO] ServerAccessManage:452 - Complete download http(s) 200
2025-07-30 14:14:31,748 [INFO] ServerAccessManage:509 - Download File mcusAds.json._tmp_
2025-07-30 14:14:31,855 [INFO] LoadUrlFilesThread:156 - End of LoadUrlFiles Thread
2025-07-30 14:14:32,054 [INFO] ServerAccessManage:452 - Complete download http(s) 200
2025-07-30 14:14:32,054 [INFO] ServerAccessManage:509 - Download File cube-finder-db.zip
2025-07-30 14:14:35,156 [INFO] FileExtend:248 - Unzip File : cube-finder-db.zip
2025-07-30 14:14:35,156 [INFO] FileExtend:263 - Standard Zip Deflate
2025-07-30 14:14:35,647 [INFO] LoadUrlFilesThread:156 - End of LoadUrlFiles Thread
2025-07-30 14:14:37,020 [INFO] ServerAccessManage:452 - Complete download http(s) 200
2025-07-30 14:14:37,020 [INFO] ServerAccessManage:509 - Download File crdb.zip
2025-07-30 14:14:38,612 [INFO] FileExtend:248 - Unzip File : crdb.zip
2025-07-30 14:14:38,612 [INFO] FileExtend:263 - Standard Zip Deflate
2025-07-30 14:14:38,728 [INFO] LoadUrlFilesThread:156 - End of LoadUrlFiles Thread
2025-07-30 14:14:38,860 [INFO] ServerAccessManage:452 - Complete download http(s) 200
2025-07-30 14:14:38,861 [INFO] ServerAccessManage:509 - Download File tutoVideoDB.zip
2025-07-30 14:14:38,872 [INFO] FileExtend:248 - Unzip File : tutoVideoDB.zip
2025-07-30 14:14:38,873 [INFO] FileExtend:263 - Standard Zip Deflate
2025-07-30 14:14:38,981 [INFO] LoadUrlFilesThread:156 - End of LoadUrlFiles Thread
2025-07-30 14:14:38,982 [WARN] DbFile:41 - Overriding database path with different value: C:\Users\nicks\.stmcufinder\plugins\mcufinder/ => C:\Users\nicks\.stmcufinder\plugins\mcufinder
2025-07-30 14:14:39,110 [INFO] ServerAccessManage:452 - Complete download http(s) 200
2025-07-30 14:14:39,111 [INFO] ServerAccessManage:509 - Download File api_config.json
2025-07-30 14:14:39,217 [INFO] LoadUrlFilesThread:156 - End of LoadUrlFiles Thread
2025-07-30 14:14:39,217 [INFO] DbMcusAds:53 - JSON generation date=Tue Jul 08 18:14:23 AEST 2025 (1751962463562)
2025-07-30 14:14:39,236 [INFO] LoadUrlFilesThread:185 - End of LoadServerUrlFiles without Thread
2025-07-30 14:14:39,236 [INFO] TargetSelectorAdapter:259 - Refresh data is successful
2025-07-30 14:14:39,297 [INFO] ApiDb:581 - Connected to CubeFinder SQLite database (C:\Users\nicks\.stmcufinder\plugins\mcufinder\mcu\cube-finder-db.db)
2025-07-30 14:14:39,354 [INFO] ApiDb:668 - CubeFinder database Data Model version=2.1
2025-07-30 14:14:39,354 [INFO] ApiDb:669 - CubeFinder database Configuration version=3.0.39
2025-07-30 14:14:39,354 [INFO] ApiDb:670 - CubeFinder database generation date=2025-07-22 (1753107327)
2025-07-30 14:14:39,354 [INFO] ApiDb:671 - CubeFinder database FW Pack versions=[FP-ATR-ASTRA1_V2.0.0, FP-SNS-FLIGHT1_V5.1.0, FP-SNS-MOTENV1_V5.0.0, FP-SNS-MOTENVWB1_V1.4.0, FP-SNS-SMARTAG2_V1.2.0, FP-SNS-STBOX1_V2.0.0, STM32Cube_FW_C0_V1.4.0, STM32Cube_FW_F4_V1.28.2, STM32Cube_FW_F7_V1.17.3, STM32Cube_FW_G0_V1.6.2, STM32Cube_FW_G4_V1.6.1, STM32Cube_FW_H5_V1.5.0, STM32Cube_FW_H7RS_V1.2.0, STM32Cube_FW_H7_V1.12.1, STM32Cube_FW_L0_V1.12.2, STM32Cube_FW_L4_V1.18.1, STM32Cube_FW_L5_V1.5.1, STM32Cube_FW_N6_V1.2.0, STM32Cube_FW_U0_V1.3.0, STM32Cube_FW_U3_V1.2.0, STM32Cube_FW_U5_V1.8.0, STM32Cube_FW_WB0_V1.3.0, STM32Cube_FW_WBA_V1.7.0, STM32Cube_FW_WB_V1.23.0, STM32Cube_FW_WL3_V1.2.0, STM32Cube_FW_WL_V1.3.1, X-CUBE-ALGOBUILD_V1.4.0, X-CUBE-ALS_V1.0.2, X-CUBE-AZRTOS-F4_V1.1.0, X-CUBE-AZRTOS-F7_V1.1.0, X-CUBE-AZRTOS-G0_V1.1.0, X-CUBE-AZRTOS-G4_V2.0.0, X-CUBE-AZRTOS-H7RS_V1.1.0, X-CUBE-AZRTOS-H7_V3.3.0, X-CUBE-AZRTOS-L4_V2.0.0, X-CUBE-AZRTOS-L5_V2.0.0, X-CUBE-AZRTOS-WB_V2.0.0, X-CUBE-AZRTOS-WL_V2.0.0, X-CUBE-BLE1_V7.1.0, X-CUBE-BLE2_V3.3.0, X-CUBE-BLEMGR_V4.0.0, X-CUBE-EEPRMA1_V5.1.0, X-CUBE-FREERTOS_V1.3.1, X-CUBE-GNSS1_V6.0.0, X-CUBE-MEMS1_V11.3.0, X-CUBE-NFC4_V3.0.0, X-CUBE-NFC7_V2.0.0, X-CUBE-SFXS2LP1_V4.0.0, X-CUBE-SUBG2_V5.0.0, X-CUBE-TOF1_V3.4.3]
2025-07-30 14:14:41,107 [INFO] ApiDb:240 - Found 880 in-development CPN: [B-G473E-ZEST1S, B-WB1M-WPAN1, B-WBA5M-WPAN, B-WL5M-SUBG1, NUCLEO-C031C6, NUCLEO-C051C8, NUCLEO-C071RB, NUCLEO-C092RC, NUCLEO-H503RB, NUCLEO-H533RE, NUCLEO-H563ZI, NUCLEO-H7S3L8, NUCLEO-N657X0-Q, NUCLEO-U031R8, NUCLEO-U083RC, NUCLEO-U385RG-Q, NUCLEO-U545RE-Q, NUCLEO-U5A5ZJ-Q, NUCLEO-WB05KZ, NUCLEO-WB07CC, NUCLEO-WB09KE, NUCLEO-WBA52CG, NUCLEO-WBA55CG, NUCLEO-WL33CC1, NUCLEO-WL33CC2, STEVAL-PROTEUS1, STEVAL-SMARTAG2, STEVAL-STWINBX1, STM320518-EVAL, STM32C0116-DK, STM32C011D6Y3TR, STM32C011D6Y6TR, STM32C011F4P3, STM32C011F4P6, STM32C011F4U3, STM32C011F4U6TR, STM32C011F6P3, STM32C011F6P6, STM32C011F6U3, STM32C011F6U6TR, STM32C011J4M3, STM32C011J4M6, STM32C011J6M3, STM32C011J6M6, STM32C0316-DK, STM32C031C4T3, STM32C031C4T6, STM32C031C4U3, STM32C031C4U6, STM32C031C6T3, STM32C031C6T6, STM32C031C6U3, STM32C031C6U6, STM32C031F4P3, STM32C031F4P6, STM32C031F6P3, STM32C031F6P6, STM32C031G4U3, STM32C031G4U6, STM32C031G6U3, STM32C031G6U6, STM32C031K4T3, STM32C031K4T6, STM32C031K4U3, STM32C031K4U6, STM32C031K6T3, STM32C031K6T6, STM32C031K6U3, STM32C031K6U6, STM32C051C6T6, STM32C051C6U6, STM32C051C8T6, STM32C051C8U6, STM32C051D8Y6TR, STM32C051F6P6, STM32C051F8P6, STM32C051G6U6, STM32C051G8U6, STM32C051K6T6, STM32C051K6U6, STM32C051K8T6, STM32C071C8T6, STM32C071C8T6N, STM32C071C8U6, STM32C071C8U6N, STM32C071CBT6, STM32C071CBT6N, STM32C071CBU6, STM32C071CBU6N, STM32C071F8P6, STM32C071F8P6N, STM32C071FBP6, STM32C071FBP6N, STM32C071FBY6TR, STM32C071G8U6, STM32C071G8U6N, STM32C071GBU6, STM32C071GBU6N, STM32C071K8T6, STM32C071K8T6N, STM32C071K8U6, STM32C071K8U6N, STM32C071KBT6, STM32C071KBT6N, STM32C071KBU6, STM32C071KBU6N, STM32C071R8T6, STM32C071R8T6N, STM32C071RBI6N, STM32C071RBT6, STM32C071RBT6N, STM32C091CBT6, STM32C091CBU6, STM32C091CCT6, STM32C091CCU6, STM32C091ECY6TR, STM32C091FBP6, STM32C091FCP6, STM32C091GBU6, STM32C091GCU6, STM32C091KBT6, STM32C091KBU6, STM32C091KCT6, STM32C091KCU6, STM32C091RBT6, STM32C091RCI6, STM32C091RCT6, STM32C092CBT6, STM32C092CBU6, STM32C092CCT6, STM32C092CCU6, STM32C092ECY6TR, STM32C092FBP6, STM32C092FCP6, STM32C092GBU6, STM32C092GCU6, STM32C092KBT6, STM32C092KBU6, STM32C092KCT6, STM32C092KCU6, STM32C092RBT6, STM32C092RCI6, STM32C092RCT6, STM32G071K8TXN, STM32G071K8UXN, STM32G081GBU6N, STM32G081KBT6N, STM32G081KBUXN, STM32G0B1CCT6N, STM32G0B1KCT6, STM32G0B1NEY6TR, STM32G0B1RCT6N, STM32G0C1CCT6, STM32G0C1CCT6N, STM32G0C1CCU6N, STM32G0C1CET6N, STM32G0C1CEU6N, STM32G0C1KCT6, STM32G0C1NEY6TR, STM32G0C1RCI6N, STM32G0C1RCT6N, STM32G0C1REI6N, STM32G0C1RET6N, STM32G0C1VCI6, STM32G0C1VEI6, STM32G411C6T3, STM32G411C6T6, STM32G411C6U3, STM32G411C6U6, STM32G411C8T3, STM32G411C8T6, STM32G411C8U3, STM32G411C8U6, STM32G411CBT3, STM32G411CBT6, STM32G411CBU3, STM32G411CBU6, STM32G411K6T3, STM32G411K6T6, STM32G411K6U3, STM32G411K6U6, STM32G411K8T3, STM32G411K8T6, STM32G411K8U3, STM32G411K8U6, STM32G411KBT3, STM32G411KBT6, STM32G411KBU3, STM32G411KBU6, STM32G411M6T3, STM32G411M6T6, STM32G411M8T3, STM32G411M8T6, STM32G411MBT3, STM32G411MBT6, STM32G411R6T3, STM32G411R6T6, STM32G411R8T3, STM32G411R8T6, STM32G411RBT3, STM32G411RBT6, STM32G414CBT3, STM32G414CBT6, STM32G414CBU3, STM32G414CBU6, STM32G414CCT3, STM32G414CCT6, STM32G414CCU3, STM32G414CCU6, STM32G414MBT3, STM32G414MBT6, STM32G414MCT3, STM32G414MCT6, STM32G414RBT3, STM32G414RBT6, STM32G414RCT3, STM32G414RCT6, STM32G414VBT3, STM32G414VBT6, STM32G414VCT3, STM32G414VCT6, STM32G431CBT3Z, STM32G431RBT3Z, STM32G471CCT6, STM32G471CCU6, STM32G471CET3, STM32G471CET6, STM32G471CEU3, STM32G471CEU6, STM32G471MCT6, STM32G471MET3, STM32G471MET6, STM32G471MEY6TR, STM32G471QCT6, STM32G471QET3, STM32G471RCT6, STM32G471RET3, STM32G471RET6, STM32G471VCH6, STM32G471VCI6, STM32G471VCT6, STM32G471VEH3, STM32G471VEH6, STM32G471VEI3, STM32G471VEI6, STM32G471VET3, STM32G471VET6, STM32G473QET3Z, STM32G473RET3Z, STM32G474CCT6, STM32G491RET3Z, STM32H503CBT6, STM32H503CBU6, STM32H503EBY6TR, STM32H503KBU6, STM32H503RBT6, STM32H523CCT6, STM32H523CCU6, STM32H523CET6, STM32H523CEU6, STM32H523HEY6TR, STM32H523RCT6, STM32H523RET6, STM32H523VCI6, STM32H523VCT6, STM32H523VEI6, STM32H523VET6, STM32H523ZCJ6, STM32H523ZCT6, STM32H523ZEJ6, STM32H523ZET6, STM32H533CET6, STM32H533CEU6, STM32H533HEY6TR, STM32H533RET6, STM32H533VEI6, STM32H533VET6, STM32H533ZEJ6, STM32H533ZET6, STM32H562AGI6, STM32H562AII6, STM32H562IGK6, STM32H562IGT6, STM32H562IIK6, STM32H562IIT6, STM32H562RGT6, STM32H562RGV6, STM32H562RIT6, STM32H562RIV6, STM32H562VGT6, STM32H562VIT6, STM32H562ZGT6, STM32H562ZIT6, STM32H563AGI6, STM32H563AII3Q, STM32H563AII6, STM32H563IGK6, STM32H563IGT6, STM32H563IIK3Q, STM32H563IIK6, STM32H563IIT3Q, STM32H563IIT6, STM32H563MIY3QTR, STM32H563RGT6, STM32H563RGV6, STM32H563RIT6, STM32H563RIV6, STM32H563VGT6, STM32H563VIT3Q, STM32H563VIT6, STM32H563ZGT6, STM32H563ZIT3Q, STM32H563ZIT6, STM32H573AII3Q, STM32H573AII6, STM32H573I-DK, STM32H573IIK3Q, STM32H573IIK6, STM32H573IIT3Q, STM32H573IIT6, STM32H573MIY3QTR, STM32H573RIT6, STM32H573RIV6, STM32H573VIT3Q, STM32H573VIT6, STM32H573ZIT3Q, STM32H573ZIT6, STM32H7R3A8I6, STM32H7R3I8K6, STM32H7R3I8T6, STM32H7R3L8H6, STM32H7R3L8H6H, STM32H7R3R8V6, STM32H7R3V8H6, STM32H7R3V8T6, STM32H7R3V8Y6TR, STM32H7R3Z8J6, STM32H7R3Z8T6, STM32H7R7A8I6, STM32H7R7I8K6, STM32H7R7I8T6, STM32H7R7L8H6, STM32H7R7L8H6H, STM32H7R7Z8J6, STM32H7S3A8I6, STM32H7S3I8K6, STM32H7S3I8T6, STM32H7S3L8H6, STM32H7S3L8H6H, STM32H7S3R8V6, STM32H7S3V8H6, STM32H7S3V8T6, STM32H7S3V8Y6TR, STM32H7S3Z8J6, STM32H7S3Z8T6, STM32H7S78-DK, STM32H7S7A8I6, STM32H7S7I8K6, STM32H7S7I8T6, STM32H7S7L8H6, STM32H7S7L8H6H, STM32H7S7Z8J6, STM32L4R5QGI6STR, STM32MP131AAE3, STM32MP131AAF3, STM32MP131AAG3, STM32MP131CAE3, STM32MP131CAF3, STM32MP131CAG3, STM32MP131DAE7, STM32MP131DAF7, STM32MP131DAG7, STM32MP131FAE7, STM32MP131FAF7, STM32MP131FAG7, STM32MP133AAE3, STM32MP133AAF3, STM32MP133AAG3, STM32MP133CAE3, STM32MP133CAF3, STM32MP133CAG3, STM32MP133DAE7, STM32MP133DAF7, STM32MP133DAG7, STM32MP133FAE7, STM32MP133FAF7, STM32MP133FAG7, STM32MP135AAE3, STM32MP135AAF3, STM32MP135AAG3, STM32MP135CAE3, STM32MP135CAF3, STM32MP135CAG3, STM32MP135DAE7, STM32MP135DAF7, STM32MP135DAG7, STM32MP135F-DK, STM32MP135FAE7, STM32MP135FAF7, STM32MP135FAF7T, STM32MP135FAF7U, STM32MP135FAG7, STM32MP211AAL3, STM32MP211AAM3, STM32MP211AAN3, STM32MP211AAO3, STM32MP211CAL3, STM32MP211CAM3, STM32MP211CAN3, STM32MP211CAO3, STM32MP211DAL3, STM32MP211DAM3, STM32MP211DAN3, STM32MP211DAO3, STM32MP211FAL3, STM32MP211FAM3, STM32MP211FAN3, STM32MP211FAO3, STM32MP213AAL3, STM32MP213AAM3, STM32MP213AAN3, STM32MP213AAO3, STM32MP213CAL3, STM32MP213CAM3, STM32MP213CAN3, STM32MP213CAO3, STM32MP213DAL3, STM32MP213DAM3, STM32MP213DAN3, STM32MP213DAO3, STM32MP213FAL3, STM32MP213FAM3, STM32MP213FAN3, STM32MP213FAO3, STM32MP215AAL3, STM32MP215AAM3, STM32MP215AAN3, STM32MP215AAO3, STM32MP215CAL3, STM32MP215CAM3, STM32MP215CAN3, STM32MP215CAO3, STM32MP215DAL3, STM32MP215DAM3, STM32MP215DAN3, STM32MP215DAO3, STM32MP215F-DK, STM32MP215FAL3, STM32MP215FAM3, STM32MP215FAN3, STM32MP215FAO3, STM32MP231AAJ3, STM32MP231AAK3, STM32MP231AAL3, STM32MP231CAJ3, STM32MP231CAK3, STM32MP231CAL3, STM32MP231DAJ3, STM32MP231DAK3, STM32MP231DAL3, STM32MP231FAJ3, STM32MP231FAK3, STM32MP231FAL3, STM32MP233AAJ3, STM32MP233AAK3, STM32MP233AAL3, STM32MP233CAJ3, STM32MP233CAK3, STM32MP233CAL3, STM32MP233DAJ3, STM32MP233DAK3, STM32MP233DAL3, STM32MP233FAJ3, STM32MP233FAK3, STM32MP233FAL3, STM32MP235AAJ3, STM32MP235AAK3, STM32MP235AAL3, STM32MP235CAJ3, STM32MP235CAK3, STM32MP235CAL3, STM32MP235DAJ3, STM32MP235DAK3, STM32MP235DAL3, STM32MP235FAJ3, STM32MP235FAK3, STM32MP235FAL3, STM32MP251AAI3, STM32MP251AAK3, STM32MP251AAL3, STM32MP251CAI3, STM32MP251CAK3, STM32MP251CAL3, STM32MP251DAI3, STM32MP251DAK3, STM32MP251DAL3, STM32MP251FAI3, STM32MP251FAK3, STM32MP251FAL3, STM32MP253AAI3, STM32MP253AAK3, STM32MP253AAL3, STM32MP253CAI3, STM32MP253CAK3, STM32MP253CAL3, STM32MP253DAI3, STM32MP253DAK3, STM32MP253DAL3, STM32MP253FAI3, STM32MP253FAK3, STM32MP253FAL3, STM32MP255AAI3, STM32MP255AAK3, STM32MP255AAL3, STM32MP255CAI3, STM32MP255CAK3, STM32MP255CAL3, STM32MP255DAI3, STM32MP255DAK3, STM32MP255DAL3, STM32MP255FAI3, STM32MP255FAK3, STM32MP255FAL3, STM32MP257AAI3, STM32MP257AAK3, STM32MP257AAL3, STM32MP257CAI3, STM32MP257CAK3, STM32MP257CAL3, STM32MP257DAI3, STM32MP257DAK3, STM32MP257DAL3, STM32MP257F-DK, STM32MP257F-EV1, STM32MP257FAI3, STM32MP257FAK3, STM32MP257FAL3, STM32N645A0H3Q, STM32N645B0H3Q, STM32N645I0H3Q, STM32N645L0H3Q, STM32N645X0H3Q, STM32N645Z0H3Q, STM32N647A0H3Q, STM32N647B0H3Q, STM32N647I0H3Q, STM32N647L0H3Q, STM32N647X0H3Q, STM32N647Z0H3Q, STM32N655A0H3Q, STM32N655B0H3Q, STM32N655I0H3Q, STM32N655L0H3Q, STM32N655X0H3Q, STM32N655Z0H3Q, STM32N6570-DK, STM32N657A0H3Q, STM32N657B0H3Q, STM32N657I0H3Q, STM32N657L0H3Q, STM32N657X0H3Q, STM32N657Z0H3Q, STM32U031C6T6, STM32U031C6U6, STM32U031C8T6, STM32U031C8U6, STM32U031F4P6, STM32U031F6P6, STM32U031F8P6, STM32U031G6Y6TR, STM32U031G8Y6TR, STM32U031K4U6, STM32U031K6U6, STM32U031K8U6, STM32U031R6I6, STM32U031R6T6, STM32U031R8I6, STM32U031R8T6, STM32U073C8T6, STM32U073C8U6, STM32U073CBT6, STM32U073CBU6, STM32U073CCT6, STM32U073CCU6, STM32U073H8Y6TR, STM32U073HBY6TR, STM32U073HCY6TR, STM32U073K8U6, STM32U073KBU6, STM32U073KCU6, STM32U073M8I6, STM32U073M8T6, STM32U073MBI6, STM32U073MBT6, STM32U073MCI6, STM32U073MCT6, STM32U073R8I6, STM32U073R8T6, STM32U073RBI6, STM32U073RBT6, STM32U073RCI6, STM32U073RCT6, STM32U083C-DK, STM32U083CCT6, STM32U083CCU6, STM32U083HCY6TR, STM32U083KCU6, STM32U083MCI6, STM32U083MCT6, STM32U083RCI6, STM32U083RCT6, STM32U375CET6, STM32U375CET6Q, STM32U375CEU6, STM32U375CEU6Q, STM32U375CEY6QTR, STM32U375CGT6, STM32U375CGT6Q, STM32U375CGU6, STM32U375CGU6Q, STM32U375CGY6QTR, STM32U375KEU6, STM32U375KGU6, STM32U375REI6, STM32U375REI6Q, STM32U375RET6, STM32U375RET6Q, STM32U375REY6GTR, STM32U375REY6QTR, STM32U375RGI6, STM32U375RGI6Q, STM32U375RGT6, STM32U375RGT6Q, STM32U375RGY6GTR, STM32U375RGY6QTR, STM32U375VEI6, STM32U375VEI6Q, STM32U375VET6, STM32U375VET6Q, STM32U375VGI6, STM32U375VGI6Q, STM32U375VGT6, STM32U375VGT6Q, STM32U385CGT6, STM32U385CGT6Q, STM32U385CGU6, STM32U385CGU6Q, STM32U385CGY6QTR, STM32U385KGU6, STM32U385RGI6, STM32U385RGI6Q, STM32U385RGT6, STM32U385RGT6Q, STM32U385RGY6GTR, STM32U385RGY6QTR, STM32U385VGI6, STM32U385VGI6Q, STM32U385VGT6, STM32U385VGT6Q, STM32U535CBT6, STM32U535CBT6Q, STM32U535CBU6, STM32U535CBU6Q, STM32U535CCT6, STM32U535CCT6Q, STM32U535CCU6, STM32U535CCU6Q, STM32U535CET6, STM32U535CET6Q, STM32U535CEU6, STM32U535CEU6Q, STM32U535JEY6QTR, STM32U535NCY6QTR, STM32U535NEY6QTR, STM32U535RBI6, STM32U535RBI6Q, STM32U535RBT6, STM32U535RBT6Q, STM32U535RCI6, STM32U535RCI6Q, STM32U535RCT6, STM32U535RCT6Q, STM32U535REI6, STM32U535REI6Q, STM32U535RET6, STM32U535RET6Q, STM32U535VCI6, STM32U535VCI6Q, STM32U535VCT6, STM32U535VCT6Q, STM32U535VEI6, STM32U535VEI6Q, STM32U535VET6, STM32U535VET6Q, STM32U545CET6, STM32U545CET6Q, STM32U545CEU6, STM32U545CEU6Q, STM32U545JEY6QTR, STM32U545NEY6QTR, STM32U545REI6, STM32U545REI6Q, STM32U545RET6, STM32U545RET6Q, STM32U545VEI6, STM32U545VEI6Q, STM32U545VET6, STM32U545VET6Q, STM32U595AIH6, STM32U595AIH6Q, STM32U595AJH6, STM32U595AJH6Q, STM32U595QII6, STM32U595QII6Q, STM32U595QJI6, STM32U595QJI6Q, STM32U595RIT6, STM32U595RIT6Q, STM32U595RJT6, STM32U595RJT6Q, STM32U595VIT6, STM32U595VIT6Q, STM32U595VJT6, STM32U595VJT6Q, STM32U595ZIT6, STM32U595ZIT6Q, STM32U595ZIY6QTR, STM32U595ZJT6, STM32U595ZJT6Q, STM32U595ZJY6QTR, STM32U599BJY6QTR, STM32U599NIH6Q, STM32U599NJH6Q, STM32U599VIT6Q, STM32U599VJT6, STM32U599VJT6Q, STM32U599ZIT6Q, STM32U599ZIY6QTR, STM32U599ZJT6Q, STM32U599ZJY6QTR, STM32U5A5AJH6, STM32U5A5AJH6Q, STM32U5A5QII3Q , STM32U5A5QJI6, STM32U5A5QJI6Q, STM32U5A5RJT6, STM32U5A5RJT6Q, STM32U5A5VJT6, STM32U5A5VJT6Q, STM32U5A5ZJT6, STM32U5A5ZJT6Q, STM32U5A5ZJY6QTR, STM32U5A9BJY6QTR, STM32U5A9J-DK, STM32U5A9NJH6Q, STM32U5A9VJT6Q, STM32U5A9ZJT6Q, STM32U5A9ZJY6QTR, STM32U5F7VIT6, STM32U5F7VIT6Q, STM32U5F7VJT6, STM32U5F7VJT6Q, STM32U5F9BJY6QTR, STM32U5F9NJH6Q, STM32U5F9VIT6Q, STM32U5F9VJT6Q, STM32U5F9ZIJ6QTR, STM32U5F9ZIT6Q, STM32U5F9ZJJ6QTR, STM32U5F9ZJT6Q, STM32U5G7VJT6, STM32U5G7VJT6Q, STM32U5G9BJY6QTR, STM32U5G9J-DK1, STM32U5G9J-DK2, STM32U5G9NJH6Q, STM32U5G9VJT6Q, STM32U5G9ZJJ6QTR, STM32U5G9ZJT6Q, STM32WB05KZV6TR, STM32WB05KZV7TR, STM32WB05TZF6TR, STM32WB05TZF7TR, STM32WB06CCF6TR, STM32WB06CCF7TR, STM32WB06CCV6TR, STM32WB06CCV7TR, STM32WB06KCV6TR, STM32WB06KCV7TR, STM32WB07CCF6TR, STM32WB07CCF7TR, STM32WB07CCV6TR, STM32WB07CCV7TR, STM32WB07KCV6TR, STM32WB07KCV7TR, STM32WB09KEV6TR, STM32WB09KEV7TR, STM32WB09TEF6TR, STM32WB09TEF7TR, STM32WB1MMCH6, STM32WBA50KGU6, STM32WBA50KGU6TR, STM32WBA52CEU6, STM32WBA52CEU6TR, STM32WBA52CEU7, STM32WBA52CEU7TR, STM32WBA52CGU6, STM32WBA52CGU6TR, STM32WBA52CGU6U, STM32WBA52CGU7, STM32WBA52CGU7TR, STM32WBA52KEU6, STM32WBA52KEU6TR, STM32WBA52KGU6, STM32WBA52KGU6TR, STM32WBA54CEU6, STM32WBA54CEU6TR, STM32WBA54CEU7, STM32WBA54CEU7TR, STM32WBA54CGU6, STM32WBA54CGU6TR, STM32WBA54CGU7, STM32WBA54CGU7TR, STM32WBA54KEU6, STM32WBA54KEU6TR, STM32WBA54KEU7, STM32WBA54KEU7TR, STM32WBA54KGU6, STM32WBA54KGU6TR, STM32WBA54KGU7, STM32WBA54KGU7TR, STM32WBA55CEU6, STM32WBA55CEU6TR, STM32WBA55CEU7, STM32WBA55CEU7TR, STM32WBA55CGU6, STM32WBA55CGU6TR, STM32WBA55CGU6U, STM32WBA55CGU7, STM32WBA55CGU7TR, STM32WBA55G-DK1, STM32WBA55HEF6, STM32WBA55HEF7, STM32WBA55HGF6, STM32WBA55HGF7, STM32WBA55UEI6, STM32WBA55UEI6TR, STM32WBA55UEI7, STM32WBA55UEI7TR, STM32WBA55UGI6, STM32WBA55UGI6TR, STM32WBA55UGI7, STM32WBA55UGI7TR, STM32WBA5MMGH6TR, STM32WBA62MGF6, STM32WBA62MIF6, STM32WBA65MGF7, STM32WBA65MIF6, STM32WBA65MIF7, STM32WL30K8V6, STM32WL30KBV6, STM32WL31C8V6, STM32WL31CBV6, STM32WL31K8V6, STM32WL31KBV6, STM32WL33C8V6, STM32WL33C8V6X, STM32WL33CBV6, STM32WL33CBV6X, STM32WL33CCV6, STM32WL33CCV6A, STM32WL33CCV6X, STM32WL33K8V7, STM32WL33K8V7X, STM32WL33KBV7 , STM32WL33KBV7X, STM32WL33KCV7, STM32WL33KCV7X, STM32WL5MOCH6, STM32WL5MOCH6TR]
2025-07-30 14:14:41,111 [INFO] DbMcus:218 - Found 4801 MCUs, 4801 are supported
2025-07-30 14:14:41,111 [INFO] ApiDb:423 - Load user favorites file C:\Users\nicks/.stm32cubeide/favorites.mcus.txt: 0 item(s)
2025-07-30 14:14:41,111 [INFO] ApiDb:427 - User favorites MCUs=[]
2025-07-30 14:14:41,111 [INFO] DbMcus:224 - Set 0 / 0 favorites MCUs
2025-07-30 14:14:41,355 [INFO] ApiDb:668 - CubeFinder database Data Model version=2.1
2025-07-30 14:14:41,355 [INFO] ApiDb:669 - CubeFinder database Configuration version=3.0.39
2025-07-30 14:14:41,355 [INFO] ApiDb:670 - CubeFinder database generation date=2025-07-22 (1753107327)
2025-07-30 14:14:41,355 [INFO] ApiDb:671 - CubeFinder database FW Pack versions=[FP-ATR-ASTRA1_V2.0.0, FP-SNS-FLIGHT1_V5.1.0, FP-SNS-MOTENV1_V5.0.0, FP-SNS-MOTENVWB1_V1.4.0, FP-SNS-SMARTAG2_V1.2.0, FP-SNS-STBOX1_V2.0.0, STM32Cube_FW_C0_V1.4.0, STM32Cube_FW_F4_V1.28.2, STM32Cube_FW_F7_V1.17.3, STM32Cube_FW_G0_V1.6.2, STM32Cube_FW_G4_V1.6.1, STM32Cube_FW_H5_V1.5.0, STM32Cube_FW_H7RS_V1.2.0, STM32Cube_FW_H7_V1.12.1, STM32Cube_FW_L0_V1.12.2, STM32Cube_FW_L4_V1.18.1, STM32Cube_FW_L5_V1.5.1, STM32Cube_FW_N6_V1.2.0, STM32Cube_FW_U0_V1.3.0, STM32Cube_FW_U3_V1.2.0, STM32Cube_FW_U5_V1.8.0, STM32Cube_FW_WB0_V1.3.0, STM32Cube_FW_WBA_V1.7.0, STM32Cube_FW_WB_V1.23.0, STM32Cube_FW_WL3_V1.2.0, STM32Cube_FW_WL_V1.3.1, X-CUBE-ALGOBUILD_V1.4.0, X-CUBE-ALS_V1.0.2, X-CUBE-AZRTOS-F4_V1.1.0, X-CUBE-AZRTOS-F7_V1.1.0, X-CUBE-AZRTOS-G0_V1.1.0, X-CUBE-AZRTOS-G4_V2.0.0, X-CUBE-AZRTOS-H7RS_V1.1.0, X-CUBE-AZRTOS-H7_V3.3.0, X-CUBE-AZRTOS-L4_V2.0.0, X-CUBE-AZRTOS-L5_V2.0.0, X-CUBE-AZRTOS-WB_V2.0.0, X-CUBE-AZRTOS-WL_V2.0.0, X-CUBE-BLE1_V7.1.0, X-CUBE-BLE2_V3.3.0, X-CUBE-BLEMGR_V4.0.0, X-CUBE-EEPRMA1_V5.1.0, X-CUBE-FREERTOS_V1.3.1, X-CUBE-GNSS1_V6.0.0, X-CUBE-MEMS1_V11.3.0, X-CUBE-NFC4_V3.0.0, X-CUBE-NFC7_V2.0.0, X-CUBE-SFXS2LP1_V4.0.0, X-CUBE-SUBG2_V5.0.0, X-CUBE-TOF1_V3.4.3]
2025-07-30 14:14:41,389 [INFO] DbBoardsSqlite:226 - include board P-NUCLEO-WB55-NUCLEO as a kit item of type 'Nucleo-64'
2025-07-30 14:14:41,389 [INFO] DbBoardsSqlite:226 - include board P-NUCLEO-WB55-USBDONGLE as a kit item of type 'Nucleo USB Dongle'
2025-07-30 14:14:41,389 [INFO] DbBoardsSqlite:226 - include board STEVAL-IDP005V1 as a kit item of type 'Evaluation Board'
2025-07-30 14:14:41,389 [INFO] DbBoardsSqlite:226 - include board STEVAL-IDP005V2 as a kit item of type 'Evaluation Board'
2025-07-30 14:14:41,438 [INFO] ApiDb:240 - Found 880 in-development CPN: [B-G473E-ZEST1S, B-WB1M-WPAN1, B-WBA5M-WPAN, B-WL5M-SUBG1, NUCLEO-C031C6, NUCLEO-C051C8, NUCLEO-C071RB, NUCLEO-C092RC, NUCLEO-H503RB, NUCLEO-H533RE, NUCLEO-H563ZI, NUCLEO-H7S3L8, NUCLEO-N657X0-Q, NUCLEO-U031R8, NUCLEO-U083RC, NUCLEO-U385RG-Q, NUCLEO-U545RE-Q, NUCLEO-U5A5ZJ-Q, NUCLEO-WB05KZ, NUCLEO-WB07CC, NUCLEO-WB09KE, NUCLEO-WBA52CG, NUCLEO-WBA55CG, NUCLEO-WL33CC1, NUCLEO-WL33CC2, STEVAL-PROTEUS1, STEVAL-SMARTAG2, STEVAL-STWINBX1, STM320518-EVAL, STM32C0116-DK, STM32C011D6Y3TR, STM32C011D6Y6TR, STM32C011F4P3, STM32C011F4P6, STM32C011F4U3, STM32C011F4U6TR, STM32C011F6P3, STM32C011F6P6, STM32C011F6U3, STM32C011F6U6TR, STM32C011J4M3, STM32C011J4M6, STM32C011J6M3, STM32C011J6M6, STM32C0316-DK, STM32C031C4T3, STM32C031C4T6, STM32C031C4U3, STM32C031C4U6, STM32C031C6T3, STM32C031C6T6, STM32C031C6U3, STM32C031C6U6, STM32C031F4P3, STM32C031F4P6, STM32C031F6P3, STM32C031F6P6, STM32C031G4U3, STM32C031G4U6, STM32C031G6U3, STM32C031G6U6, STM32C031K4T3, STM32C031K4T6, STM32C031K4U3, STM32C031K4U6, STM32C031K6T3, STM32C031K6T6, STM32C031K6U3, STM32C031K6U6, STM32C051C6T6, STM32C051C6U6, STM32C051C8T6, STM32C051C8U6, STM32C051D8Y6TR, STM32C051F6P6, STM32C051F8P6, STM32C051G6U6, STM32C051G8U6, STM32C051K6T6, STM32C051K6U6, STM32C051K8T6, STM32C071C8T6, STM32C071C8T6N, STM32C071C8U6, STM32C071C8U6N, STM32C071CBT6, STM32C071CBT6N, STM32C071CBU6, STM32C071CBU6N, STM32C071F8P6, STM32C071F8P6N, STM32C071FBP6, STM32C071FBP6N, STM32C071FBY6TR, STM32C071G8U6, STM32C071G8U6N, STM32C071GBU6, STM32C071GBU6N, STM32C071K8T6, STM32C071K8T6N, STM32C071K8U6, STM32C071K8U6N, STM32C071KBT6, STM32C071KBT6N, STM32C071KBU6, STM32C071KBU6N, STM32C071R8T6, STM32C071R8T6N, STM32C071RBI6N, STM32C071RBT6, STM32C071RBT6N, STM32C091CBT6, STM32C091CBU6, STM32C091CCT6, STM32C091CCU6, STM32C091ECY6TR, STM32C091FBP6, STM32C091FCP6, STM32C091GBU6, STM32C091GCU6, STM32C091KBT6, STM32C091KBU6, STM32C091KCT6, STM32C091KCU6, STM32C091RBT6, STM32C091RCI6, STM32C091RCT6, STM32C092CBT6, STM32C092CBU6, STM32C092CCT6, STM32C092CCU6, STM32C092ECY6TR, STM32C092FBP6, STM32C092FCP6, STM32C092GBU6, STM32C092GCU6, STM32C092KBT6, STM32C092KBU6, STM32C092KCT6, STM32C092KCU6, STM32C092RBT6, STM32C092RCI6, STM32C092RCT6, STM32G071K8TXN, STM32G071K8UXN, STM32G081GBU6N, STM32G081KBT6N, STM32G081KBUXN, STM32G0B1CCT6N, STM32G0B1KCT6, STM32G0B1NEY6TR, STM32G0B1RCT6N, STM32G0C1CCT6, STM32G0C1CCT6N, STM32G0C1CCU6N, STM32G0C1CET6N, STM32G0C1CEU6N, STM32G0C1KCT6, STM32G0C1NEY6TR, STM32G0C1RCI6N, STM32G0C1RCT6N, STM32G0C1REI6N, STM32G0C1RET6N, STM32G0C1VCI6, STM32G0C1VEI6, STM32G411C6T3, STM32G411C6T6, STM32G411C6U3, STM32G411C6U6, STM32G411C8T3, STM32G411C8T6, STM32G411C8U3, STM32G411C8U6, STM32G411CBT3, STM32G411CBT6, STM32G411CBU3, STM32G411CBU6, STM32G411K6T3, STM32G411K6T6, STM32G411K6U3, STM32G411K6U6, STM32G411K8T3, STM32G411K8T6, STM32G411K8U3, STM32G411K8U6, STM32G411KBT3, STM32G411KBT6, STM32G411KBU3, STM32G411KBU6, STM32G411M6T3, STM32G411M6T6, STM32G411M8T3, STM32G411M8T6, STM32G411MBT3, STM32G411MBT6, STM32G411R6T3, STM32G411R6T6, STM32G411R8T3, STM32G411R8T6, STM32G411RBT3, STM32G411RBT6, STM32G414CBT3, STM32G414CBT6, STM32G414CBU3, STM32G414CBU6, STM32G414CCT3, STM32G414CCT6, STM32G414CCU3, STM32G414CCU6, STM32G414MBT3, STM32G414MBT6, STM32G414MCT3, STM32G414MCT6, STM32G414RBT3, STM32G414RBT6, STM32G414RCT3, STM32G414RCT6, STM32G414VBT3, STM32G414VBT6, STM32G414VCT3, STM32G414VCT6, STM32G431CBT3Z, STM32G431RBT3Z, STM32G471CCT6, STM32G471CCU6, STM32G471CET3, STM32G471CET6, STM32G471CEU3, STM32G471CEU6, STM32G471MCT6, STM32G471MET3, STM32G471MET6, STM32G471MEY6TR, STM32G471QCT6, STM32G471QET3, STM32G471RCT6, STM32G471RET3, STM32G471RET6, STM32G471VCH6, STM32G471VCI6, STM32G471VCT6, STM32G471VEH3, STM32G471VEH6, STM32G471VEI3, STM32G471VEI6, STM32G471VET3, STM32G471VET6, STM32G473QET3Z, STM32G473RET3Z, STM32G474CCT6, STM32G491RET3Z, STM32H503CBT6, STM32H503CBU6, STM32H503EBY6TR, STM32H503KBU6, STM32H503RBT6, STM32H523CCT6, STM32H523CCU6, STM32H523CET6, STM32H523CEU6, STM32H523HEY6TR, STM32H523RCT6, STM32H523RET6, STM32H523VCI6, STM32H523VCT6, STM32H523VEI6, STM32H523VET6, STM32H523ZCJ6, STM32H523ZCT6, STM32H523ZEJ6, STM32H523ZET6, STM32H533CET6, STM32H533CEU6, STM32H533HEY6TR, STM32H533RET6, STM32H533VEI6, STM32H533VET6, STM32H533ZEJ6, STM32H533ZET6, STM32H562AGI6, STM32H562AII6, STM32H562IGK6, STM32H562IGT6, STM32H562IIK6, STM32H562IIT6, STM32H562RGT6, STM32H562RGV6, STM32H562RIT6, STM32H562RIV6, STM32H562VGT6, STM32H562VIT6, STM32H562ZGT6, STM32H562ZIT6, STM32H563AGI6, STM32H563AII3Q, STM32H563AII6, STM32H563IGK6, STM32H563IGT6, STM32H563IIK3Q, STM32H563IIK6, STM32H563IIT3Q, STM32H563IIT6, STM32H563MIY3QTR, STM32H563RGT6, STM32H563RGV6, STM32H563RIT6, STM32H563RIV6, STM32H563VGT6, STM32H563VIT3Q, STM32H563VIT6, STM32H563ZGT6, STM32H563ZIT3Q, STM32H563ZIT6, STM32H573AII3Q, STM32H573AII6, STM32H573I-DK, STM32H573IIK3Q, STM32H573IIK6, STM32H573IIT3Q, STM32H573IIT6, STM32H573MIY3QTR, STM32H573RIT6, STM32H573RIV6, STM32H573VIT3Q, STM32H573VIT6, STM32H573ZIT3Q, STM32H573ZIT6, STM32H7R3A8I6, STM32H7R3I8K6, STM32H7R3I8T6, STM32H7R3L8H6, STM32H7R3L8H6H, STM32H7R3R8V6, STM32H7R3V8H6, STM32H7R3V8T6, STM32H7R3V8Y6TR, STM32H7R3Z8J6, STM32H7R3Z8T6, STM32H7R7A8I6, STM32H7R7I8K6, STM32H7R7I8T6, STM32H7R7L8H6, STM32H7R7L8H6H, STM32H7R7Z8J6, STM32H7S3A8I6, STM32H7S3I8K6, STM32H7S3I8T6, STM32H7S3L8H6, STM32H7S3L8H6H, STM32H7S3R8V6, STM32H7S3V8H6, STM32H7S3V8T6, STM32H7S3V8Y6TR, STM32H7S3Z8J6, STM32H7S3Z8T6, STM32H7S78-DK, STM32H7S7A8I6, STM32H7S7I8K6, STM32H7S7I8T6, STM32H7S7L8H6, STM32H7S7L8H6H, STM32H7S7Z8J6, STM32L4R5QGI6STR, STM32MP131AAE3, STM32MP131AAF3, STM32MP131AAG3, STM32MP131CAE3, STM32MP131CAF3, STM32MP131CAG3, STM32MP131DAE7, STM32MP131DAF7, STM32MP131DAG7, STM32MP131FAE7, STM32MP131FAF7, STM32MP131FAG7, STM32MP133AAE3, STM32MP133AAF3, STM32MP133AAG3, STM32MP133CAE3, STM32MP133CAF3, STM32MP133CAG3, STM32MP133DAE7, STM32MP133DAF7, STM32MP133DAG7, STM32MP133FAE7, STM32MP133FAF7, STM32MP133FAG7, STM32MP135AAE3, STM32MP135AAF3, STM32MP135AAG3, STM32MP135CAE3, STM32MP135CAF3, STM32MP135CAG3, STM32MP135DAE7, STM32MP135DAF7, STM32MP135DAG7, STM32MP135F-DK, STM32MP135FAE7, STM32MP135FAF7, STM32MP135FAF7T, STM32MP135FAF7U, STM32MP135FAG7, STM32MP211AAL3, STM32MP211AAM3, STM32MP211AAN3, STM32MP211AAO3, STM32MP211CAL3, STM32MP211CAM3, STM32MP211CAN3, STM32MP211CAO3, STM32MP211DAL3, STM32MP211DAM3, STM32MP211DAN3, STM32MP211DAO3, STM32MP211FAL3, STM32MP211FAM3, STM32MP211FAN3, STM32MP211FAO3, STM32MP213AAL3, STM32MP213AAM3, STM32MP213AAN3, STM32MP213AAO3, STM32MP213CAL3, STM32MP213CAM3, STM32MP213CAN3, STM32MP213CAO3, STM32MP213DAL3, STM32MP213DAM3, STM32MP213DAN3, STM32MP213DAO3, STM32MP213FAL3, STM32MP213FAM3, STM32MP213FAN3, STM32MP213FAO3, STM32MP215AAL3, STM32MP215AAM3, STM32MP215AAN3, STM32MP215AAO3, STM32MP215CAL3, STM32MP215CAM3, STM32MP215CAN3, STM32MP215CAO3, STM32MP215DAL3, STM32MP215DAM3, STM32MP215DAN3, STM32MP215DAO3, STM32MP215F-DK, STM32MP215FAL3, STM32MP215FAM3, STM32MP215FAN3, STM32MP215FAO3, STM32MP231AAJ3, STM32MP231AAK3, STM32MP231AAL3, STM32MP231CAJ3, STM32MP231CAK3, STM32MP231CAL3, STM32MP231DAJ3, STM32MP231DAK3, STM32MP231DAL3, STM32MP231FAJ3, STM32MP231FAK3, STM32MP231FAL3, STM32MP233AAJ3, STM32MP233AAK3, STM32MP233AAL3, STM32MP233CAJ3, STM32MP233CAK3, STM32MP233CAL3, STM32MP233DAJ3, STM32MP233DAK3, STM32MP233DAL3, STM32MP233FAJ3, STM32MP233FAK3, STM32MP233FAL3, STM32MP235AAJ3, STM32MP235AAK3, STM32MP235AAL3, STM32MP235CAJ3, STM32MP235CAK3, STM32MP235CAL3, STM32MP235DAJ3, STM32MP235DAK3, STM32MP235DAL3, STM32MP235FAJ3, STM32MP235FAK3, STM32MP235FAL3, STM32MP251AAI3, STM32MP251AAK3, STM32MP251AAL3, STM32MP251CAI3, STM32MP251CAK3, STM32MP251CAL3, STM32MP251DAI3, STM32MP251DAK3, STM32MP251DAL3, STM32MP251FAI3, STM32MP251FAK3, STM32MP251FAL3, STM32MP253AAI3, STM32MP253AAK3, STM32MP253AAL3, STM32MP253CAI3, STM32MP253CAK3, STM32MP253CAL3, STM32MP253DAI3, STM32MP253DAK3, STM32MP253DAL3, STM32MP253FAI3, STM32MP253FAK3, STM32MP253FAL3, STM32MP255AAI3, STM32MP255AAK3, STM32MP255AAL3, STM32MP255CAI3, STM32MP255CAK3, STM32MP255CAL3, STM32MP255DAI3, STM32MP255DAK3, STM32MP255DAL3, STM32MP255FAI3, STM32MP255FAK3, STM32MP255FAL3, STM32MP257AAI3, STM32MP257AAK3, STM32MP257AAL3, STM32MP257CAI3, STM32MP257CAK3, STM32MP257CAL3, STM32MP257DAI3, STM32MP257DAK3, STM32MP257DAL3, STM32MP257F-DK, STM32MP257F-EV1, STM32MP257FAI3, STM32MP257FAK3, STM32MP257FAL3, STM32N645A0H3Q, STM32N645B0H3Q, STM32N645I0H3Q, STM32N645L0H3Q, STM32N645X0H3Q, STM32N645Z0H3Q, STM32N647A0H3Q, STM32N647B0H3Q, STM32N647I0H3Q, STM32N647L0H3Q, STM32N647X0H3Q, STM32N647Z0H3Q, STM32N655A0H3Q, STM32N655B0H3Q, STM32N655I0H3Q, STM32N655L0H3Q, STM32N655X0H3Q, STM32N655Z0H3Q, STM32N6570-DK, STM32N657A0H3Q, STM32N657B0H3Q, STM32N657I0H3Q, STM32N657L0H3Q, STM32N657X0H3Q, STM32N657Z0H3Q, STM32U031C6T6, STM32U031C6U6, STM32U031C8T6, STM32U031C8U6, STM32U031F4P6, STM32U031F6P6, STM32U031F8P6, STM32U031G6Y6TR, STM32U031G8Y6TR, STM32U031K4U6, STM32U031K6U6, STM32U031K8U6, STM32U031R6I6, STM32U031R6T6, STM32U031R8I6, STM32U031R8T6, STM32U073C8T6, STM32U073C8U6, STM32U073CBT6, STM32U073CBU6, STM32U073CCT6, STM32U073CCU6, STM32U073H8Y6TR, STM32U073HBY6TR, STM32U073HCY6TR, STM32U073K8U6, STM32U073KBU6, STM32U073KCU6, STM32U073M8I6, STM32U073M8T6, STM32U073MBI6, STM32U073MBT6, STM32U073MCI6, STM32U073MCT6, STM32U073R8I6, STM32U073R8T6, STM32U073RBI6, STM32U073RBT6, STM32U073RCI6, STM32U073RCT6, STM32U083C-DK, STM32U083CCT6, STM32U083CCU6, STM32U083HCY6TR, STM32U083KCU6, STM32U083MCI6, STM32U083MCT6, STM32U083RCI6, STM32U083RCT6, STM32U375CET6, STM32U375CET6Q, STM32U375CEU6, STM32U375CEU6Q, STM32U375CEY6QTR, STM32U375CGT6, STM32U375CGT6Q, STM32U375CGU6, STM32U375CGU6Q, STM32U375CGY6QTR, STM32U375KEU6, STM32U375KGU6, STM32U375REI6, STM32U375REI6Q, STM32U375RET6, STM32U375RET6Q, STM32U375REY6GTR, STM32U375REY6QTR, STM32U375RGI6, STM32U375RGI6Q, STM32U375RGT6, STM32U375RGT6Q, STM32U375RGY6GTR, STM32U375RGY6QTR, STM32U375VEI6, STM32U375VEI6Q, STM32U375VET6, STM32U375VET6Q, STM32U375VGI6, STM32U375VGI6Q, STM32U375VGT6, STM32U375VGT6Q, STM32U385CGT6, STM32U385CGT6Q, STM32U385CGU6, STM32U385CGU6Q, STM32U385CGY6QTR, STM32U385KGU6, STM32U385RGI6, STM32U385RGI6Q, STM32U385RGT6, STM32U385RGT6Q, STM32U385RGY6GTR, STM32U385RGY6QTR, STM32U385VGI6, STM32U385VGI6Q, STM32U385VGT6, STM32U385VGT6Q, STM32U535CBT6, STM32U535CBT6Q, STM32U535CBU6, STM32U535CBU6Q, STM32U535CCT6, STM32U535CCT6Q, STM32U535CCU6, STM32U535CCU6Q, STM32U535CET6, STM32U535CET6Q, STM32U535CEU6, STM32U535CEU6Q, STM32U535JEY6QTR, STM32U535NCY6QTR, STM32U535NEY6QTR, STM32U535RBI6, STM32U535RBI6Q, STM32U535RBT6, STM32U535RBT6Q, STM32U535RCI6, STM32U535RCI6Q, STM32U535RCT6, STM32U535RCT6Q, STM32U535REI6, STM32U535REI6Q, STM32U535RET6, STM32U535RET6Q, STM32U535VCI6, STM32U535VCI6Q, STM32U535VCT6, STM32U535VCT6Q, STM32U535VEI6, STM32U535VEI6Q, STM32U535VET6, STM32U535VET6Q, STM32U545CET6, STM32U545CET6Q, STM32U545CEU6, STM32U545CEU6Q, STM32U545JEY6QTR, STM32U545NEY6QTR, STM32U545REI6, STM32U545REI6Q, STM32U545RET6, STM32U545RET6Q, STM32U545VEI6, STM32U545VEI6Q, STM32U545VET6, STM32U545VET6Q, STM32U595AIH6, STM32U595AIH6Q, STM32U595AJH6, STM32U595AJH6Q, STM32U595QII6, STM32U595QII6Q, STM32U595QJI6, STM32U595QJI6Q, STM32U595RIT6, STM32U595RIT6Q, STM32U595RJT6, STM32U595RJT6Q, STM32U595VIT6, STM32U595VIT6Q, STM32U595VJT6, STM32U595VJT6Q, STM32U595ZIT6, STM32U595ZIT6Q, STM32U595ZIY6QTR, STM32U595ZJT6, STM32U595ZJT6Q, STM32U595ZJY6QTR, STM32U599BJY6QTR, STM32U599NIH6Q, STM32U599NJH6Q, STM32U599VIT6Q, STM32U599VJT6, STM32U599VJT6Q, STM32U599ZIT6Q, STM32U599ZIY6QTR, STM32U599ZJT6Q, STM32U599ZJY6QTR, STM32U5A5AJH6, STM32U5A5AJH6Q, STM32U5A5QII3Q , STM32U5A5QJI6, STM32U5A5QJI6Q, STM32U5A5RJT6, STM32U5A5RJT6Q, STM32U5A5VJT6, STM32U5A5VJT6Q, STM32U5A5ZJT6, STM32U5A5ZJT6Q, STM32U5A5ZJY6QTR, STM32U5A9BJY6QTR, STM32U5A9J-DK, STM32U5A9NJH6Q, STM32U5A9VJT6Q, STM32U5A9ZJT6Q, STM32U5A9ZJY6QTR, STM32U5F7VIT6, STM32U5F7VIT6Q, STM32U5F7VJT6, STM32U5F7VJT6Q, STM32U5F9BJY6QTR, STM32U5F9NJH6Q, STM32U5F9VIT6Q, STM32U5F9VJT6Q, STM32U5F9ZIJ6QTR, STM32U5F9ZIT6Q, STM32U5F9ZJJ6QTR, STM32U5F9ZJT6Q, STM32U5G7VJT6, STM32U5G7VJT6Q, STM32U5G9BJY6QTR, STM32U5G9J-DK1, STM32U5G9J-DK2, STM32U5G9NJH6Q, STM32U5G9VJT6Q, STM32U5G9ZJJ6QTR, STM32U5G9ZJT6Q, STM32WB05KZV6TR, STM32WB05KZV7TR, STM32WB05TZF6TR, STM32WB05TZF7TR, STM32WB06CCF6TR, STM32WB06CCF7TR, STM32WB06CCV6TR, STM32WB06CCV7TR, STM32WB06KCV6TR, STM32WB06KCV7TR, STM32WB07CCF6TR, STM32WB07CCF7TR, STM32WB07CCV6TR, STM32WB07CCV7TR, STM32WB07KCV6TR, STM32WB07KCV7TR, STM32WB09KEV6TR, STM32WB09KEV7TR, STM32WB09TEF6TR, STM32WB09TEF7TR, STM32WB1MMCH6, STM32WBA50KGU6, STM32WBA50KGU6TR, STM32WBA52CEU6, STM32WBA52CEU6TR, STM32WBA52CEU7, STM32WBA52CEU7TR, STM32WBA52CGU6, STM32WBA52CGU6TR, STM32WBA52CGU6U, STM32WBA52CGU7, STM32WBA52CGU7TR, STM32WBA52KEU6, STM32WBA52KEU6TR, STM32WBA52KGU6, STM32WBA52KGU6TR, STM32WBA54CEU6, STM32WBA54CEU6TR, STM32WBA54CEU7, STM32WBA54CEU7TR, STM32WBA54CGU6, STM32WBA54CGU6TR, STM32WBA54CGU7, STM32WBA54CGU7TR, STM32WBA54KEU6, STM32WBA54KEU6TR, STM32WBA54KEU7, STM32WBA54KEU7TR, STM32WBA54KGU6, STM32WBA54KGU6TR, STM32WBA54KGU7, STM32WBA54KGU7TR, STM32WBA55CEU6, STM32WBA55CEU6TR, STM32WBA55CEU7, STM32WBA55CEU7TR, STM32WBA55CGU6, STM32WBA55CGU6TR, STM32WBA55CGU6U, STM32WBA55CGU7, STM32WBA55CGU7TR, STM32WBA55G-DK1, STM32WBA55HEF6, STM32WBA55HEF7, STM32WBA55HGF6, STM32WBA55HGF7, STM32WBA55UEI6, STM32WBA55UEI6TR, STM32WBA55UEI7, STM32WBA55UEI7TR, STM32WBA55UGI6, STM32WBA55UGI6TR, STM32WBA55UGI7, STM32WBA55UGI7TR, STM32WBA5MMGH6TR, STM32WBA62MGF6, STM32WBA62MIF6, STM32WBA65MGF7, STM32WBA65MIF6, STM32WBA65MIF7, STM32WL30K8V6, STM32WL30KBV6, STM32WL31C8V6, STM32WL31CBV6, STM32WL31K8V6, STM32WL31KBV6, STM32WL33C8V6, STM32WL33C8V6X, STM32WL33CBV6, STM32WL33CBV6X, STM32WL33CCV6, STM32WL33CCV6A, STM32WL33CCV6X, STM32WL33K8V7, STM32WL33K8V7X, STM32WL33KBV7 , STM32WL33KBV7X, STM32WL33KCV7, STM32WL33KCV7X, STM32WL5MOCH6, STM32WL5MOCH6TR]
2025-07-30 14:14:41,600 [INFO] BoardInfo:889 - No configuration file found for board P-NUCLEO-WB55
2025-07-30 14:14:41,601 [INFO] DbBoards:161 - Kit is not supported: P-NUCLEO-WB55
2025-07-30 14:14:41,606 [INFO] BoardInfo:889 - No configuration file found for board STEVAL-BFA001V1B
2025-07-30 14:14:41,607 [INFO] DbBoards:161 - Kit is not supported: STEVAL-BFA001V1B
2025-07-30 14:14:41,608 [INFO] BoardInfo:889 - No configuration file found for board STEVAL-BFA001V2B
2025-07-30 14:14:41,609 [INFO] DbBoards:161 - Kit is not supported: STEVAL-BFA001V2B
2025-07-30 14:14:41,795 [INFO] DbBoards:168 - Found 212 boards, 209 are supported
2025-07-30 14:14:41,795 [INFO] DbBoards:169 - Found 212 boards, 43 of them is supported for  Bsp
2025-07-30 14:14:41,797 [INFO] ApiDb:423 - Load user favorites file C:\Users\nicks/.stm32cubeide/favorites.boards.txt: 0 item(s)
2025-07-30 14:14:41,797 [INFO] ApiDb:427 - User favorites Boards=[]
2025-07-30 14:14:41,797 [INFO] DbBoards:198 - Set 0 / 0 favorites Boards
2025-07-30 14:14:41,799 [INFO] ApiDb:668 - CubeFinder database Data Model version=2.1
2025-07-30 14:14:41,799 [INFO] ApiDb:669 - CubeFinder database Configuration version=3.0.39
2025-07-30 14:14:41,800 [INFO] ApiDb:670 - CubeFinder database generation date=2025-07-22 (1753107327)
2025-07-30 14:14:41,800 [INFO] ApiDb:671 - CubeFinder database FW Pack versions=[FP-ATR-ASTRA1_V2.0.0, FP-SNS-FLIGHT1_V5.1.0, FP-SNS-MOTENV1_V5.0.0, FP-SNS-MOTENVWB1_V1.4.0, FP-SNS-SMARTAG2_V1.2.0, FP-SNS-STBOX1_V2.0.0, STM32Cube_FW_C0_V1.4.0, STM32Cube_FW_F4_V1.28.2, STM32Cube_FW_F7_V1.17.3, STM32Cube_FW_G0_V1.6.2, STM32Cube_FW_G4_V1.6.1, STM32Cube_FW_H5_V1.5.0, STM32Cube_FW_H7RS_V1.2.0, STM32Cube_FW_H7_V1.12.1, STM32Cube_FW_L0_V1.12.2, STM32Cube_FW_L4_V1.18.1, STM32Cube_FW_L5_V1.5.1, STM32Cube_FW_N6_V1.2.0, STM32Cube_FW_U0_V1.3.0, STM32Cube_FW_U3_V1.2.0, STM32Cube_FW_U5_V1.8.0, STM32Cube_FW_WB0_V1.3.0, STM32Cube_FW_WBA_V1.7.0, STM32Cube_FW_WB_V1.23.0, STM32Cube_FW_WL3_V1.2.0, STM32Cube_FW_WL_V1.3.1, X-CUBE-ALGOBUILD_V1.4.0, X-CUBE-ALS_V1.0.2, X-CUBE-AZRTOS-F4_V1.1.0, X-CUBE-AZRTOS-F7_V1.1.0, X-CUBE-AZRTOS-G0_V1.1.0, X-CUBE-AZRTOS-G4_V2.0.0, X-CUBE-AZRTOS-H7RS_V1.1.0, X-CUBE-AZRTOS-H7_V3.3.0, X-CUBE-AZRTOS-L4_V2.0.0, X-CUBE-AZRTOS-L5_V2.0.0, X-CUBE-AZRTOS-WB_V2.0.0, X-CUBE-AZRTOS-WL_V2.0.0, X-CUBE-BLE1_V7.1.0, X-CUBE-BLE2_V3.3.0, X-CUBE-BLEMGR_V4.0.0, X-CUBE-EEPRMA1_V5.1.0, X-CUBE-FREERTOS_V1.3.1, X-CUBE-GNSS1_V6.0.0, X-CUBE-MEMS1_V11.3.0, X-CUBE-NFC4_V3.0.0, X-CUBE-NFC7_V2.0.0, X-CUBE-SFXS2LP1_V4.0.0, X-CUBE-SUBG2_V5.0.0, X-CUBE-TOF1_V3.4.3]
2025-07-30 14:14:42,264 [ERROR] DbExamplesSqlite:437 - Missing JSON key: board_cpn
2025-07-30 14:14:42,264 [ERROR] DbExamplesSqlite:437 - Missing JSON key: board_cpn
2025-07-30 14:14:42,264 [ERROR] DbExamplesSqlite:437 - Missing JSON key: board_cpn
2025-07-30 14:14:42,265 [ERROR] DbExamplesSqlite:437 - Missing JSON key: board_cpn
2025-07-30 14:14:42,344 [ERROR] DbExamplesSqlite:437 - Missing JSON key: board_cpn
2025-07-30 14:14:42,344 [ERROR] DbExamplesSqlite:437 - Missing JSON key: board_cpn
2025-07-30 14:14:42,344 [ERROR] DbExamplesSqlite:437 - Missing JSON key: board_cpn
2025-07-30 14:14:42,344 [ERROR] DbExamplesSqlite:437 - Missing JSON key: board_cpn
2025-07-30 14:14:42,345 [ERROR] DbExamplesSqlite:437 - Missing JSON key: board_cpn
2025-07-30 14:14:42,345 [ERROR] DbExamplesSqlite:437 - Missing JSON key: board_cpn
2025-07-30 14:14:42,345 [ERROR] DbExamplesSqlite:437 - Missing JSON key: board_cpn
2025-07-30 14:14:42,345 [ERROR] DbExamplesSqlite:437 - Missing JSON key: board_cpn
2025-07-30 14:14:42,346 [ERROR] DbExamplesSqlite:437 - Missing JSON key: board_cpn
2025-07-30 14:14:42,447 [ERROR] DbExamplesSqlite:437 - Missing JSON key: board_cpn
2025-07-30 14:14:42,466 [INFO] DbExamplesSqlite:395 - Ignored 33 examples not supported by CubeIDE
2025-07-30 14:14:42,466 [INFO] DbExamplesSqlite:396 - Found 10854 examples active
2025-07-30 14:14:42,467 [INFO] DbExamplesSqlite:397 - Found 0 examples obsolete
2025-07-30 14:14:42,467 [INFO] DbExamplesSqlite:398 - Found 0 examples under development
2025-07-30 14:14:42,467 [INFO] DbExamplesSqlite:399 - Found 65 examples not building
2025-07-30 14:14:42,469 [INFO] DbExamples:125 - Found 10886 examples
2025-07-30 14:14:42,480 [INFO] DbExamples:222 - Found 133 boards with related examples
2025-07-30 14:14:42,481 [INFO] DbExamples:235 - Found 110 MCUs with related examples
2025-07-30 14:14:42,505 [INFO] ApiDb:423 - Load user favorites file C:\Users\nicks/.stm32cubeide/favorites.examples.txt: 0 item(s)
2025-07-30 14:14:42,505 [INFO] ApiDb:427 - User favorites Examples=[]
2025-07-30 14:14:42,505 [INFO] DbExamples:250 - Set 0 / 0 favorites Examples
2025-07-30 14:14:42,578 [INFO] McuFinderGlobals:76 - Set McuFinderConnectedMode to true
2025-07-30 14:14:42,584 [INFO] MultiScanPanel:200 - Auto-refresh data requested => check proxy status ongoing
2025-07-30 14:14:42,586 [INFO] FinderPluginLoader:96 - Searching for filters in installed packs
2025-07-30 14:14:43,461 [INFO] LoadUrlFilesThread:185 - End of LoadServerUrlFiles without Thread
2025-07-30 14:14:43,516 [INFO] DetailPanel:341 - Set advertising image to C:/Users/nicks/STM32Cube/Repository/\en.2400x1350px.jpeg
2025-07-30 14:14:47,992 [INFO] MultiScanPanel:200 - Auto-refresh data requested => check proxy status ongoing
2025-07-30 14:14:48,058 [INFO] LoadUrlFilesThread:185 - End of LoadServerUrlFiles without Thread
2025-07-30 14:14:48,059 [INFO] DetailPanel:341 - Set advertising image to C:/Users/nicks/STM32Cube/Repository/\en.2400x1350px.jpeg
2025-07-30 14:14:48,065 [INFO] DbBoards:642 - Loading board mini-images...
2025-07-30 14:14:49,449 [ERROR] DbBoards:659 - Image file not found for board STM32MP215F-DK: C:\Users\nicks\.stmcufinder\plugins\mcufinder//mcu//boards_images/STM32MP215F-DK.jpg
2025-07-30 14:14:49,529 [INFO] DbBoards:665 - Loaded 211 board mini-images
2025-07-30 14:15:04,387 [INFO] MainUpdater:2872 - connection check result : 10
2025-07-30 14:15:04,387 [INFO] MainUpdater:2872 - connection check result : 10
2025-07-30 14:15:04,398 [INFO] UtilMem:75 - Begin LoadConfig() Used Memory: 467139512 Bytes (853540864)
2025-07-30 14:15:04,401 [INFO] OpenFileManager:355 - Change cursor
2025-07-30 14:15:09,302 [INFO] OpenFileManager:386 - Restore cursor
2025-07-30 14:15:14,515 [INFO] MainUpdater:2872 - connection check result : 10
2025-07-30 14:15:14,515 [INFO] MainUpdater:2872 - connection check result : 10
2025-07-30 14:15:14,521 [INFO] UtilMem:75 - Begin LoadConfig() Used Memory: 634264288 Bytes (853540864)
2025-07-30 14:15:14,522 [INFO] OpenFileManager:355 - Change cursor
2025-07-30 14:15:49,145 [INFO] OpenFileManager:386 - Restore cursor
2025-07-30 14:15:50,902 [INFO] McuFinderGlobals:76 - Set McuFinderConnectedMode to true
2025-07-30 14:15:51,025 [INFO] ApiDb:448 - Save user favorites file C:\Users\nicks/.stm32cubeide/favorites.mcus.txt: 0 item(s)
2025-07-30 14:15:51,025 [INFO] ApiDb:452 - User favorites MCUs=[]
2025-07-30 14:15:51,026 [INFO] ApiDb:448 - Save user favorites file C:\Users\nicks/.stm32cubeide/favorites.boards.txt: 0 item(s)
2025-07-30 14:15:51,026 [INFO] ApiDb:452 - User favorites Boards=[]
2025-07-30 14:17:01,851 [INFO] MainUpdater:2872 - connection check result : 10
2025-07-30 14:17:02,428 [INFO] CheckServerUpdateThread:120 - End of CheckServer Thread
2025-07-30 14:17:29,071 [INFO] Activator:176 - 


2025-07-30 14:17:29,072 [INFO] Activator:177 - !SESSION log4j initialized
2025-07-30 14:17:31,983 [INFO] LogOutputStream:77 - [STDOUT_REDIRECT] 
2025-07-30 14:17:32,771 [INFO] ApplicationProperties:184 - Using Application install path: C:\ST\STM32CubeIDE_1.19.0\STM32CubeIDE\plugins\com.st.stm32cube.common.mx_6.15.0.202507011659
2025-07-30 14:17:32,780 [INFO] DbMcusXml:78 - Set database path to: C:\ST\STM32CubeIDE_1.19.0\STM32CubeIDE\plugins\com.st.stm32cube.common.mx_6.15.0.202507011659\\db\/mcu/
2025-07-30 14:17:32,780 [INFO] ApiDb:274 - Set plugin database path to: C:\ST\STM32CubeIDE_1.19.0\STM32CubeIDE\plugins\com.st.stm32cube.common.mx_6.15.0.202507011659\\db\/plugins/boardmanager/
2025-07-30 14:17:32,781 [WARN] ApiDb:259 - Overriding images path with different value:  => C:\ST\STM32CubeIDE_1.19.0\STM32CubeIDE\plugins\com.st.stm32cube.common.mx_6.15.0.202507011659\\db\/plugins/mcufinder/images/
2025-07-30 14:17:32,784 [INFO] ApiDb:250 - Set database path to: C:\Users\nicks\.stmcufinder\plugins\mcufinder//mcu/
2025-07-30 14:17:32,785 [INFO] DbMcusAds:125 - Set database path to: C:\Users\nicks\.stmcufinder\plugins\mcufinder//mcu/
2025-07-30 14:17:32,786 [INFO] CrossReferenceDbSqlite:203 - Set database path to: C:\Users\nicks\.stmcufinder\plugins\mcufinder//mcu/cs/
2025-07-30 14:17:32,849 [INFO] RulesReader:64 - Compatibility file has been processed (317 Rules)
2025-07-30 14:17:32,905 [INFO] DbMcusXml:78 - Set database path to: C:\ST\STM32CubeIDE_1.19.0\STM32CubeIDE\plugins\com.st.stm32cube.common.mx_6.15.0.202507011659\\db\/mcu/
2025-07-30 14:17:32,905 [INFO] ApiDb:274 - Set plugin database path to: C:\ST\STM32CubeIDE_1.19.0\STM32CubeIDE\plugins\com.st.stm32cube.common.mx_6.15.0.202507011659\\db\/plugins/boardmanager/
2025-07-30 14:17:32,905 [INFO] ApiDb:261 - Set plugin images path to: C:\ST\STM32CubeIDE_1.19.0\STM32CubeIDE\plugins\com.st.stm32cube.common.mx_6.15.0.202507011659\\db\/plugins/mcufinder/images/
2025-07-30 14:17:32,905 [WARN] DbFile:41 - Overriding database path with different value: C:\Users\nicks\.stmcufinder\plugins\mcufinder/ => C:\Users\nicks\.stmcufinder\plugins\mcufinder
2025-07-30 14:17:32,905 [INFO] ApiDb:250 - Set database path to: C:\Users\nicks\.stmcufinder\plugins\mcufinder//mcu/
2025-07-30 14:17:32,906 [WARN] DbFile:41 - Overriding database path with different value: C:\Users\nicks\.stmcufinder\plugins\mcufinder/ => C:\Users\nicks\.stmcufinder\plugins\mcufinder
2025-07-30 14:17:32,906 [INFO] DbMcusAds:125 - Set database path to: C:\Users\nicks\.stmcufinder\plugins\mcufinder//mcu/
2025-07-30 14:17:32,906 [WARN] DbFile:41 - Overriding database path with different value: C:\Users\nicks\.stmcufinder\plugins\mcufinder/ => C:\Users\nicks\.stmcufinder\plugins\mcufinder
2025-07-30 14:17:32,906 [WARN] DbFile:41 - Overriding database path with different value: C:\Users\nicks\.stmcufinder\plugins\mcufinder/ => C:\Users\nicks\.stmcufinder\plugins\mcufinder
2025-07-30 14:17:32,906 [INFO] CrossReferenceDbSqlite:203 - Set database path to: C:\Users\nicks\.stmcufinder\plugins\mcufinder//mcu/cs/
2025-07-30 14:17:32,948 [INFO] MainPanel:274 - HeapMemory: 268435456
2025-07-30 14:17:32,997 [INFO] DbMcusXml:78 - Set database path to: C:\ST\STM32CubeIDE_1.19.0\STM32CubeIDE\plugins\com.st.stm32cube.common.mx_6.15.0.202507011659\\db\/mcu/
2025-07-30 14:17:32,998 [INFO] ApiDb:274 - Set plugin database path to: C:\ST\STM32CubeIDE_1.19.0\STM32CubeIDE\plugins\com.st.stm32cube.common.mx_6.15.0.202507011659\\db\/plugins/boardmanager/
2025-07-30 14:17:32,998 [INFO] ApiDb:261 - Set plugin images path to: C:\ST\STM32CubeIDE_1.19.0\STM32CubeIDE\plugins\com.st.stm32cube.common.mx_6.15.0.202507011659\\db\/plugins/mcufinder/images/
2025-07-30 14:17:32,998 [WARN] DbFile:41 - Overriding database path with different value: C:\Users\nicks\.stmcufinder\plugins\mcufinder/ => C:\Users\nicks\.stmcufinder\plugins\mcufinder
2025-07-30 14:17:32,998 [INFO] ApiDb:250 - Set database path to: C:\Users\nicks\.stmcufinder\plugins\mcufinder//mcu/
2025-07-30 14:17:32,998 [WARN] DbFile:41 - Overriding database path with different value: C:\Users\nicks\.stmcufinder\plugins\mcufinder/ => C:\Users\nicks\.stmcufinder\plugins\mcufinder
2025-07-30 14:17:32,998 [INFO] DbMcusAds:125 - Set database path to: C:\Users\nicks\.stmcufinder\plugins\mcufinder//mcu/
2025-07-30 14:17:32,998 [WARN] DbFile:41 - Overriding database path with different value: C:\Users\nicks\.stmcufinder\plugins\mcufinder/ => C:\Users\nicks\.stmcufinder\plugins\mcufinder
2025-07-30 14:17:32,998 [WARN] DbFile:41 - Overriding database path with different value: C:\Users\nicks\.stmcufinder\plugins\mcufinder/ => C:\Users\nicks\.stmcufinder\plugins\mcufinder
2025-07-30 14:17:32,998 [INFO] CrossReferenceDbSqlite:203 - Set database path to: C:\Users\nicks\.stmcufinder\plugins\mcufinder//mcu/cs/
2025-07-30 14:17:33,010 [INFO] ApplicationProperties:184 - Using Application install path: C:\ST\STM32CubeIDE_1.19.0\STM32CubeIDE\plugins\com.st.stm32cube.common.mx_6.15.0.202507011659
2025-07-30 14:17:33,010 [INFO] PluginManage:196 - Search for loadable plugins [exclusion list=, ]
2025-07-30 14:17:33,011 [INFO] PluginManage:310 - Check plugin analytics
2025-07-30 14:17:33,111 [INFO] AnalyticsPlugin:253 - Accepted Software Licenses: 
2025-07-30 14:17:33,111 [INFO] AnalyticsPlugin:255 - Accepted CMSIS Pack Licenses: 
2025-07-30 14:17:33,111 [INFO] AnalyticsPlugin:257 - Accepted Firmware Licenses: FW.F4.1.28.0,FW.H7.1.12.0,FW.H7.1.11.0
2025-07-30 14:17:33,113 [INFO] PluginManage:359 - Loaded plugin analytics (category:tool,tabindex:-1)
2025-07-30 14:17:33,113 [INFO] PluginManage:310 - Check plugin cadmodel
2025-07-30 14:17:33,116 [INFO] CADModel:105 - Init CAD model plugin
2025-07-30 14:17:33,116 [INFO] PluginManage:359 - Loaded plugin cadmodel (category:power,tabindex:5)
2025-07-30 14:17:33,116 [INFO] PluginManage:310 - Check plugin clock
2025-07-30 14:17:33,121 [INFO] PluginManage:359 - Loaded plugin clock (category:base,tabindex:2)
2025-07-30 14:17:33,122 [INFO] PluginManage:310 - Check plugin ddr
2025-07-30 14:17:33,123 [INFO] PluginManage:359 - Loaded plugin ddr (category:tool,tabindex:6)
2025-07-30 14:17:33,123 [INFO] PluginManage:310 - Check plugin filemanager
2025-07-30 14:17:33,211 [INFO] PluginManage:359 - Loaded plugin filemanager (category:base,tabindex:10)
2025-07-30 14:17:33,211 [INFO] PluginManage:310 - Check plugin ipmanager
2025-07-30 14:17:33,215 [INFO] PluginManage:359 - Loaded plugin ipmanager (category:base,tabindex:5)
2025-07-30 14:17:33,215 [INFO] PluginManage:310 - Check plugin lpbam
2025-07-30 14:17:33,220 [INFO] PluginManage:359 - Loaded plugin lpbam (category:base,tabindex:0)
2025-07-30 14:17:33,220 [INFO] PluginManage:310 - Check plugin memorymap
2025-07-30 14:17:33,226 [INFO] PluginManage:359 - Loaded plugin memorymap (category:base,tabindex:4)
2025-07-30 14:17:33,227 [INFO] PluginManage:310 - Check plugin pinoutandconfiguration
2025-07-30 14:17:33,231 [INFO] PluginManage:359 - Loaded plugin pinoutandconfiguration (category:base,tabindex:1)
2025-07-30 14:17:33,231 [INFO] PluginManage:310 - Check plugin pinoutconfig
2025-07-30 14:17:33,282 [WARN] SupportedApi:132 - Cannot load RTOS API schema: s4s-elt-must-match.1: The content of 'definitions' must match (annotation?, (simpleType | complexType)?, (unique | key | keyref)*)). A problem was found starting at: attribute.
2025-07-30 14:17:33,353 [INFO] PluginManage:359 - Loaded plugin pinoutconfig (category:base,tabindex:0)
2025-07-30 14:17:33,353 [INFO] PluginManage:310 - Check plugin power
2025-07-30 14:17:33,357 [INFO] PluginManage:359 - Loaded plugin power (category:power,tabindex:4)
2025-07-30 14:17:33,357 [INFO] PluginManage:310 - Check plugin projectmanager
2025-07-30 14:17:33,367 [INFO] PluginManage:359 - Loaded plugin projectmanager (category:projectmanager,tabindex:4)
2025-07-30 14:17:33,367 [INFO] PluginManage:310 - Check plugin rif
2025-07-30 14:17:33,373 [INFO] PluginManage:359 - Loaded plugin rif (category:base,tabindex:3)
2025-07-30 14:17:33,373 [INFO] PluginManage:310 - Check plugin thirdparty
2025-07-30 14:17:33,441 [INFO] PluginManage:359 - Loaded plugin thirdparty (category:base,tabindex:-1)
2025-07-30 14:17:33,442 [INFO] PluginManage:310 - Check plugin tools
2025-07-30 14:17:33,441 [WARN] IntegrityCheckThread:84 - waiting for thirdparty lock release [integrity check]
2025-07-30 14:17:33,442 [INFO] IntegrityCheckThread:86 - entering critical section [integrity check]
2025-07-30 14:17:33,442 [INFO] ThirdPartyUpdaterWithRetryManager:70 - Updater plugin not ready yet. [1/15]
2025-07-30 14:17:33,443 [INFO] PluginManage:359 - Loaded plugin tools (category:base,tabindex:7)
2025-07-30 14:17:33,443 [INFO] PluginManage:310 - Check plugin tutovideos
2025-07-30 14:17:33,552 [INFO] PluginManage:359 - Loaded plugin tutovideos (category:base,tabindex:-1)
2025-07-30 14:17:33,552 [INFO] PluginManage:310 - Check plugin updater
2025-07-30 14:17:33,566 [INFO] PluginManage:359 - Loaded plugin updater (category:base,tabindex:12)
2025-07-30 14:17:33,566 [INFO] PluginManage:310 - Check plugin userauth
2025-07-30 14:17:33,568 [INFO] UserAuth:118 - Init User Auth plugin
2025-07-30 14:17:33,568 [INFO] PluginManage:359 - Loaded plugin userauth (category:base,tabindex:14)
2025-07-30 14:17:33,569 [INFO] PluginManage:283 - PluginManage : Loaded plugins [18]
2025-07-30 14:17:33,688 [INFO] PinOutPanel:1589 - setPackage(No Configuration,No Configuration)
2025-07-30 14:17:33,738 [INFO] CADModel:165 - CPN selected for project level
2025-07-30 14:17:33,739 [INFO] CADModel:114 - Register for checkConnection events
2025-07-30 14:17:33,748 [INFO] IPUIPlugin:80 - create IPUIPlugin
2025-07-30 14:17:33,748 [INFO] PluginManager:220 - loadIPPluginJar : add adc
2025-07-30 14:17:33,749 [INFO] IPUIPlugin:80 - create IPUIPlugin
2025-07-30 14:17:33,749 [INFO] PluginManager:220 - loadIPPluginJar : add aes
2025-07-30 14:17:33,750 [INFO] IPUIPlugin:80 - create IPUIPlugin
2025-07-30 14:17:33,751 [INFO] PluginManager:220 - loadIPPluginJar : add can
2025-07-30 14:17:33,751 [INFO] IPUIPlugin:80 - create IPUIPlugin
2025-07-30 14:17:33,751 [INFO] PluginManager:220 - loadIPPluginJar : add comp
2025-07-30 14:17:33,753 [INFO] IPUIPlugin:80 - create IPUIPlugin
2025-07-30 14:17:33,753 [INFO] PluginManager:220 - loadIPPluginJar : add cryp
2025-07-30 14:17:33,754 [INFO] IPUIPlugin:80 - create IPUIPlugin
2025-07-30 14:17:33,754 [INFO] PluginManager:220 - loadIPPluginJar : add ddr_ctrl_phy
2025-07-30 14:17:33,755 [INFO] IPUIPlugin:80 - create IPUIPlugin
2025-07-30 14:17:33,755 [INFO] PluginManager:220 - loadIPPluginJar : add dfsdm
2025-07-30 14:17:33,758 [INFO] IPUIPlugin:80 - create IPUIPlugin
2025-07-30 14:17:33,758 [INFO] PluginManager:220 - loadIPPluginJar : add dma
2025-07-30 14:17:33,760 [INFO] IPUIPlugin:80 - create IPUIPlugin
2025-07-30 14:17:33,760 [INFO] PluginManager:220 - loadIPPluginJar : add dma3
2025-07-30 14:17:33,761 [INFO] IPUIPlugin:80 - create IPUIPlugin
2025-07-30 14:17:33,761 [INFO] PluginManager:220 - loadIPPluginJar : add extmemmanager
2025-07-30 14:17:33,762 [INFO] IPUIPlugin:80 - create IPUIPlugin
2025-07-30 14:17:33,762 [INFO] PluginManager:220 - loadIPPluginJar : add fatfs
2025-07-30 14:17:33,765 [INFO] IPUIPlugin:80 - create IPUIPlugin
2025-07-30 14:17:33,765 [INFO] PluginManager:220 - loadIPPluginJar : add fmc
2025-07-30 14:17:33,767 [INFO] IPUIPlugin:80 - create IPUIPlugin
2025-07-30 14:17:33,767 [INFO] PluginManager:220 - loadIPPluginJar : add freertos
2025-07-30 14:17:33,768 [INFO] IPUIPlugin:80 - create IPUIPlugin
2025-07-30 14:17:33,768 [INFO] PluginManager:220 - loadIPPluginJar : add genericplugin
2025-07-30 14:17:33,769 [INFO] IPUIPlugin:80 - create IPUIPlugin
2025-07-30 14:17:33,769 [INFO] PluginManager:220 - loadIPPluginJar : add gfxmmu
2025-07-30 14:17:33,772 [INFO] IPUIPlugin:80 - create IPUIPlugin
2025-07-30 14:17:33,772 [INFO] PluginManager:220 - loadIPPluginJar : add gic
2025-07-30 14:17:33,774 [INFO] IPUIPlugin:80 - create IPUIPlugin
2025-07-30 14:17:33,774 [INFO] PluginManager:220 - loadIPPluginJar : add gpio
2025-07-30 14:17:33,775 [INFO] IPUIPlugin:80 - create IPUIPlugin
2025-07-30 14:17:33,775 [INFO] PluginManager:220 - loadIPPluginJar : add gtzc
2025-07-30 14:17:33,776 [INFO] IPUIPlugin:80 - create IPUIPlugin
2025-07-30 14:17:33,776 [INFO] PluginManager:220 - loadIPPluginJar : add hash
2025-07-30 14:17:33,778 [INFO] IPUIPlugin:80 - create IPUIPlugin
2025-07-30 14:17:33,778 [INFO] PluginManager:220 - loadIPPluginJar : add i2c
2025-07-30 14:17:33,779 [INFO] IPUIPlugin:80 - create IPUIPlugin
2025-07-30 14:17:33,779 [INFO] PluginManager:220 - loadIPPluginJar : add i2s
2025-07-30 14:17:33,780 [INFO] IPUIPlugin:80 - create IPUIPlugin
2025-07-30 14:17:33,781 [INFO] PluginManager:220 - loadIPPluginJar : add i3c
2025-07-30 14:17:33,782 [INFO] IPUIPlugin:80 - create IPUIPlugin
2025-07-30 14:17:33,782 [INFO] PluginManager:220 - loadIPPluginJar : add ipddr
2025-07-30 14:17:33,786 [INFO] IPUIPlugin:80 - create IPUIPlugin
2025-07-30 14:17:33,786 [INFO] PluginManager:220 - loadIPPluginJar : add linkedlist
2025-07-30 14:17:33,788 [INFO] IPUIPlugin:80 - create IPUIPlugin
2025-07-30 14:17:33,788 [INFO] PluginManager:220 - loadIPPluginJar : add lorawan
2025-07-30 14:17:33,789 [INFO] IPUIPlugin:80 - create IPUIPlugin
2025-07-30 14:17:33,789 [INFO] PluginManager:220 - loadIPPluginJar : add ltdc
2025-07-30 14:17:33,791 [INFO] IPUIPlugin:80 - create IPUIPlugin
2025-07-30 14:17:33,791 [INFO] PluginManager:220 - loadIPPluginJar : add mdma
2025-07-30 14:17:33,793 [INFO] IPUIPlugin:80 - create IPUIPlugin
2025-07-30 14:17:33,793 [INFO] PluginManager:220 - loadIPPluginJar : add nvic
2025-07-30 14:17:33,794 [INFO] IPUIPlugin:80 - create IPUIPlugin
2025-07-30 14:17:33,794 [INFO] PluginManager:220 - loadIPPluginJar : add opamp
2025-07-30 14:17:33,796 [INFO] IPUIPlugin:80 - create IPUIPlugin
2025-07-30 14:17:33,796 [INFO] PluginManager:220 - loadIPPluginJar : add openamp
2025-07-30 14:17:33,798 [INFO] IPUIPlugin:80 - create IPUIPlugin
2025-07-30 14:17:33,798 [INFO] PluginManager:220 - loadIPPluginJar : add pdm2pcm
2025-07-30 14:17:33,801 [INFO] IPUIPlugin:80 - create IPUIPlugin
2025-07-30 14:17:33,802 [INFO] PluginManager:220 - loadIPPluginJar : add plateformsettings
2025-07-30 14:17:33,803 [INFO] IPUIPlugin:80 - create IPUIPlugin
2025-07-30 14:17:33,803 [INFO] PluginManager:220 - loadIPPluginJar : add quadspi
2025-07-30 14:17:33,804 [INFO] IPUIPlugin:80 - create IPUIPlugin
2025-07-30 14:17:33,804 [INFO] PluginManager:220 - loadIPPluginJar : add radio
2025-07-30 14:17:33,806 [INFO] IPUIPlugin:80 - create IPUIPlugin
2025-07-30 14:17:33,806 [INFO] PluginManager:220 - loadIPPluginJar : add resmgrutility
2025-07-30 14:17:33,807 [INFO] IPUIPlugin:80 - create IPUIPlugin
2025-07-30 14:17:33,807 [INFO] PluginManager:220 - loadIPPluginJar : add sai
2025-07-30 14:17:33,809 [INFO] IPUIPlugin:80 - create IPUIPlugin
2025-07-30 14:17:33,809 [INFO] PluginManager:220 - loadIPPluginJar : add spi
2025-07-30 14:17:33,812 [INFO] IPUIPlugin:80 - create IPUIPlugin
2025-07-30 14:17:33,812 [INFO] PluginManager:220 - loadIPPluginJar : add stm32_wpan
2025-07-30 14:17:33,813 [INFO] IPUIPlugin:80 - create IPUIPlugin
2025-07-30 14:17:33,813 [INFO] PluginManager:220 - loadIPPluginJar : add tim
2025-07-30 14:17:33,814 [INFO] IPUIPlugin:80 - create IPUIPlugin
2025-07-30 14:17:33,815 [INFO] PluginManager:220 - loadIPPluginJar : add touchsensing
2025-07-30 14:17:33,815 [INFO] IPUIPlugin:80 - create IPUIPlugin
2025-07-30 14:17:33,815 [INFO] PluginManager:220 - loadIPPluginJar : add tracer_emb
2025-07-30 14:17:33,816 [INFO] IPUIPlugin:80 - create IPUIPlugin
2025-07-30 14:17:33,816 [INFO] PluginManager:220 - loadIPPluginJar : add ts
2025-07-30 14:17:33,817 [INFO] IPUIPlugin:80 - create IPUIPlugin
2025-07-30 14:17:33,817 [INFO] PluginManager:220 - loadIPPluginJar : add tsc
2025-07-30 14:17:33,818 [INFO] IPUIPlugin:80 - create IPUIPlugin
2025-07-30 14:17:33,818 [INFO] PluginManager:220 - loadIPPluginJar : add ucpd
2025-07-30 14:17:33,819 [INFO] IPUIPlugin:80 - create IPUIPlugin
2025-07-30 14:17:33,819 [INFO] PluginManager:220 - loadIPPluginJar : add usart
2025-07-30 14:17:33,821 [INFO] IPUIPlugin:80 - create IPUIPlugin
2025-07-30 14:17:33,821 [INFO] PluginManager:220 - loadIPPluginJar : add usbx
2025-07-30 14:17:33,924 [FATAL] Updater:351 - Updater called before beeing initialized
2025-07-30 14:17:33,938 [INFO] RulesReader:64 - Compatibility file has been processed (317 Rules)
2025-07-30 14:17:33,945 [INFO] RulesReader:64 - Compatibility file has been processed (317 Rules)
2025-07-30 14:17:33,949 [INFO] CADModel:165 - CPN selected for project level
2025-07-30 14:17:33,949 [INFO] CADModel:114 - Register for checkConnection events
2025-07-30 14:17:33,949 [FATAL] Updater:351 - Updater called before beeing initialized
2025-07-30 14:17:33,949 [ERROR] CADModel:125 - Updater not yet initialized, retry later 
2025-07-30 14:17:34,032 [FATAL] Updater:351 - Updater called before beeing initialized
2025-07-30 14:17:34,032 [INFO] CADModel:165 - CPN selected for project level
2025-07-30 14:17:34,033 [INFO] CADModel:114 - Register for checkConnection events
2025-07-30 14:17:34,033 [FATAL] Updater:351 - Updater called before beeing initialized
2025-07-30 14:17:34,033 [ERROR] CADModel:125 - Updater not yet initialized, retry later 
2025-07-30 14:17:34,035 [FATAL] Updater:351 - Updater called before beeing initialized
2025-07-30 14:17:34,099 [FATAL] Updater:351 - Updater called before beeing initialized
2025-07-30 14:17:34,102 [INFO] DbMcusAds:53 - JSON generation date=Tue Jul 08 18:14:23 AEST 2025 (1751962463562)
2025-07-30 14:17:34,102 [FATAL] Updater:351 - Updater called before beeing initialized
2025-07-30 14:17:34,124 [WARN] DetailPanel:346 - Failed to get advertising image, set to default
2025-07-30 14:17:34,187 [FATAL] Updater:351 - Updater called before beeing initialized
2025-07-30 14:17:34,188 [FATAL] Updater:351 - Updater called before beeing initialized
2025-07-30 14:17:34,188 [FATAL] Updater:351 - Updater called before beeing initialized
2025-07-30 14:17:34,188 [WARN] DetailPanel:346 - Failed to get advertising image, set to default
2025-07-30 14:17:34,189 [FATAL] Updater:351 - Updater called before beeing initialized
2025-07-30 14:17:34,216 [ERROR] Updater:1198 - MainUpdater not yet initialized. External WinMGr cannot be set.
2025-07-30 14:17:34,217 [INFO] Updater:1134 - Updater Version found : 6.15.0
2025-07-30 14:17:34,227 [INFO] ApplicationProperties:184 - Using Application install path: C:\ST\STM32CubeIDE_1.19.0\STM32CubeIDE\plugins\com.st.stm32cube.common.mx_6.15.0.202507011659
2025-07-30 14:17:34,409 [INFO] MainUpdater:2872 - connection check result : 10
2025-07-30 14:17:34,409 [INFO] MainUpdater:289 - Updater Check For Update Now.
2025-07-30 14:17:34,409 [INFO] MicroXplorer:498 - Change Database Version : DB.6.0.150
2025-07-30 14:17:34,413 [INFO] McuFinderGlobals:63 - Set McuFinder mode to 2 (CubeIDE integrated)
2025-07-30 14:17:34,413 [INFO] UserAuth:487 - Internet connection configuration mode: 1
2025-07-30 14:17:34,426 [INFO] JxBrowserEngine:152 - Initiate JxBrowser Engine with user profile folder
2025-07-30 14:17:34,556 [INFO] CheckServerUpdateThread:120 - End of CheckServer Thread
2025-07-30 14:17:34,779 [INFO] WebApp:169 - Instantiating new browser for Auth
2025-07-30 14:17:35,145 [INFO] WebApp:463 - Apply proxy settings
2025-07-30 14:17:35,145 [INFO] WebApp:548 - Chromium requires no authentication
2025-07-30 14:17:35,149 [INFO] WebApp:491 - Direct internet connection detected
2025-07-30 14:17:35,160 [INFO] WebApp:900 - Register for checkConnection events
2025-07-30 14:17:35,160 [INFO] WebApp:463 - Apply proxy settings
2025-07-30 14:17:35,160 [INFO] WebApp:548 - Chromium requires no authentication
2025-07-30 14:17:35,160 [INFO] WebApp:491 - Direct internet connection detected
2025-07-30 14:17:35,247 [INFO] WebApp:225 - Starting web application
2025-07-30 14:17:35,248 [INFO] WebApp:593 - Web application path used C:\ST\STM32CubeIDE_1.19.0\STM32CubeIDE\plugins\com.st.stm32cube.common.mx_6.15.0.202507011659\db\plugins\mcufinder\reactClient1\index.html
2025-07-30 14:17:35,297 [INFO] UserAuth:487 - Internet connection configuration mode: 1
2025-07-30 14:17:35,520 [INFO] WebApp:191 - Connection restablished
2025-07-30 14:17:36,595 [WARN] PackLoader:240 - Cannot read IP mode file for STMicroelectronics.FP-SNS-MOTENVWB1.1.4.0
2025-07-30 14:17:36,599 [WARN] PackLoader:240 - Cannot read IP mode file for STMicroelectronics.FP-ATR-ASTRA1.2.0.2
2025-07-30 14:17:36,600 [WARN] PackLoader:240 - Cannot read IP mode file for STMicroelectronics.FP-ATR-ASTRA1.2.0.1
2025-07-30 14:17:36,605 [WARN] PackLoader:240 - Cannot read IP mode file for STMicroelectronics.X-CUBE-SMBUS.2.1.0
2025-07-30 14:17:36,609 [WARN] PackLoader:240 - Cannot read IP mode file for STMicroelectronics.X-CUBE-WB05N.1.1.0
2025-07-30 14:17:36,612 [WARN] PackLoader:240 - Cannot read IP mode file for STMicroelectronics.X-CUBE-ST60.1.0.0
2025-07-30 14:17:36,636 [WARN] PackLoader:240 - Cannot read IP mode file for STMicroelectronics.X-CUBE-AZRTOS-F7.1.1.0
2025-07-30 14:17:36,640 [WARN] PackLoader:240 - Cannot read IP mode file for STMicroelectronics.FP-SNS-FLIGHT1.5.0.2
2025-07-30 14:17:36,653 [WARN] PackLoader:240 - Cannot read IP mode file for Infineon.AIROC-Wi-Fi-Bluetooth-STM32.1.7.0
2025-07-30 14:17:36,669 [WARN] PackLoader:240 - Cannot read IP mode file for STMicroelectronics.X-CUBE-AZRTOS-H7.3.4.0
2025-07-30 14:17:36,675 [WARN] PackLoader:240 - Cannot read IP mode file for STMicroelectronics.X-CUBE-DISPLAY.3.0.0
2025-07-30 14:17:36,682 [WARN] PackLoader:240 - Cannot read IP mode file for STMicroelectronics.X-CUBE-NFC10.1.0.0
2025-07-30 14:17:36,688 [WARN] PackLoader:240 - Cannot read IP mode file for STMicroelectronics.X-CUBE-BLEMGR.4.0.0
2025-07-30 14:17:36,693 [WARN] PackLoader:240 - Cannot read IP mode file for emotas.I-CUBE-CANOPEN.1.3.0
2025-07-30 14:17:36,695 [WARN] ConditionMgr:438 - getConditionDescription Invalid condition id : Cortex-A Device cause : null
2025-07-30 14:17:36,703 [WARN] ConditionMgr:1044 - genDependencies : Invalid condition id : Cortex-A Device cause : null
2025-07-30 14:17:36,703 [WARN] ConditionMgr:1044 - genDependencies : Invalid condition id : Cortex-A Device cause : null
2025-07-30 14:17:36,703 [WARN] ConditionMgr:1044 - genDependencies : Invalid condition id : Cortex-A Device cause : null
2025-07-30 14:17:36,705 [WARN] PackLoader:240 - Cannot read IP mode file for STMicroelectronics.X-CUBE-AI.10.0.0
2025-07-30 14:17:36,708 [WARN] PackLoader:240 - Cannot read IP mode file for STMicroelectronics.FP-SNS-SMARTAG2.1.2.0
2025-07-30 14:17:36,710 [WARN] PackLoader:240 - Cannot read IP mode file for STMicroelectronics.FP-SNS-FLIGHT1.5.1.0
2025-07-30 14:17:36,714 [INFO] LogOutputStream:77 - [STDOUT_REDIRECT] 1 : Invalid condition id : UX_CORESTACK_Condition cause : null
2025-07-30 14:17:36,714 [INFO] LogOutputStream:77 - [STDOUT_REDIRECT] 1 : Invalid condition id : UX_CORESTACK_Condition cause : null
2025-07-30 14:17:36,715 [INFO] LogOutputStream:77 - [STDOUT_REDIRECT] 1 : Invalid condition id : UX_CORESTACK_Condition cause : null
2025-07-30 14:17:36,716 [INFO] LogOutputStream:77 - [STDOUT_REDIRECT] 1 : Invalid condition id : UX_CORESTACK_Condition cause : null
2025-07-30 14:17:36,716 [INFO] LogOutputStream:77 - [STDOUT_REDIRECT] 1 : Invalid condition id : UX_CORESTACK_Condition cause : null
2025-07-30 14:17:36,718 [WARN] PackLoader:240 - Cannot read IP mode file for STMicroelectronics.X-CUBE-AZRTOS-WL.2.0.0
2025-07-30 14:17:36,721 [WARN] PackLoader:240 - Cannot read IP mode file for STMicroelectronics.FP-SNS-MOTENV1.5.0.0
2025-07-30 14:17:36,726 [WARN] PackLoader:240 - Cannot read IP mode file for WES.I-CUBE-Cesium.1.3.0
2025-07-30 14:17:36,729 [WARN] PackLoader:240 - Cannot read IP mode file for STMicroelectronics.X-CUBE-BLE2.3.3.0
2025-07-30 14:17:36,733 [WARN] PackLoader:240 - Cannot read IP mode file for STMicroelectronics.X-CUBE-NFC9.1.0.0
2025-07-30 14:17:36,736 [WARN] PackLoader:240 - Cannot read IP mode file for STMicroelectronics.X-CUBE-BLE1.7.1.0
2025-07-30 14:17:36,738 [WARN] PackLoader:240 - Cannot read IP mode file for wolfSSL.I-CUBE-wolfMQTT.1.19.2
2025-07-30 14:17:36,741 [WARN] PackLoader:240 - Cannot read IP mode file for STMicroelectronics.X-CUBE-EEPRMA1.5.2.0
2025-07-30 14:17:36,743 [WARN] PackLoader:240 - Cannot read IP mode file for STMicroelectronics.X-CUBE-AI.10.1.0
2025-07-30 14:17:36,763 [WARN] PackLoader:240 - Cannot read IP mode file for STMicroelectronics.X-CUBE-MEMS1.11.2.0
2025-07-30 14:17:36,878 [WARN] PackLoader:240 - Cannot read IP mode file for STMicroelectronics.X-CUBE-AZRTOS-G0.1.1.0
2025-07-30 14:17:36,882 [WARN] PackLoader:240 - Cannot read IP mode file for STMicroelectronics.X-CUBE-SAFEA1.1.2.2
2025-07-30 14:17:36,885 [WARN] PackLoader:240 - Cannot read IP mode file for STMicroelectronics.X-CUBE-NFC4.3.0.0
2025-07-30 14:17:36,890 [WARN] PackLoader:240 - Cannot read IP mode file for EmbeddedOffice.I-CUBE-FS-RTOS.1.0.1
2025-07-30 14:17:36,893 [WARN] PackLoader:240 - Cannot read IP mode file for STMicroelectronics.X-CUBE-WB05N.2.0.0
2025-07-30 14:17:36,895 [WARN] PackLoader:240 - Cannot read IP mode file for wolfSSL.I-CUBE-wolfTPM.3.8.0
2025-07-30 14:17:36,898 [WARN] PackLoader:240 - Cannot read IP mode file for STMicroelectronics.X-CUBE-TCPP.4.2.0
2025-07-30 14:17:36,901 [WARN] PackLoader:240 - Cannot read IP mode file for RealThread.X-CUBE-RT-Thread_Nano.4.1.1
2025-07-30 14:17:36,903 [WARN] PackLoader:240 - Cannot read IP mode file for STMicroelectronics.FP-ATR-SIGFOX1.3.2.0
2025-07-30 14:17:36,907 [WARN] PackLoader:240 - Cannot read IP mode file for STMicroelectronics.X-CUBE-EEPRMA1.5.1.0
2025-07-30 14:17:36,910 [WARN] PackLoader:240 - Cannot read IP mode file for wolfSSL.I-CUBE-wolfSSL.5.7.6
2025-07-30 14:17:36,914 [WARN] PackLoader:240 - Cannot read IP mode file for ITTIA_DB.I-CUBE-ITTIADB.8.9.0
2025-07-30 14:17:36,917 [WARN] PackLoader:240 - Cannot read IP mode file for STMicroelectronics.X-CUBE-ST67W61.1.0.0
2025-07-30 14:17:36,932 [WARN] PackLoader:240 - Cannot read IP mode file for SEGGER.I-CUBE-embOS.1.3.1
2025-07-30 14:17:36,949 [WARN] PackLoader:240 - Cannot read IP mode file for STMicroelectronics.X-CUBE-ALGOBUILD.1.4.0
2025-07-30 14:17:36,969 [WARN] PackLoader:240 - Cannot read IP mode file for STMicroelectronics.X-CUBE-MEMS1.11.3.0
2025-07-30 14:17:37,056 [WARN] PackLoader:240 - Cannot read IP mode file for STMicroelectronics.X-CUBE-PM33A1.1.0.0
2025-07-30 14:17:37,064 [WARN] PackLoader:240 - Cannot read IP mode file for STMicroelectronics.X-CUBE-AZRTOS-F4.1.1.0
2025-07-30 14:17:37,068 [WARN] PackLoader:240 - Cannot read IP mode file for Avnet-IotConnect.X-CUBE-IoTC-DA16k-PMOD.1.0.0
2025-07-30 14:17:37,071 [WARN] PackLoader:240 - Cannot read IP mode file for STMicroelectronics.X-CUBE-ISPU.2.1.0
2025-07-30 14:17:37,075 [WARN] PackLoader:240 - Cannot read IP mode file for STMicroelectronics.X-CUBE-NFC12.1.0.0
2025-07-30 14:17:37,087 [WARN] PackLoader:240 - Cannot read IP mode file for STMicroelectronics.X-CUBE-AZRTOS-L5.2.0.0
2025-07-30 14:17:37,092 [WARN] PackLoader:240 - Cannot read IP mode file for STMicroelectronics.X-CUBE-NFC6.3.1.0
2025-07-30 14:17:37,097 [WARN] PackLoader:240 - Cannot read IP mode file for STMicroelectronics.X-CUBE-FREERTOS.1.3.1
2025-07-30 14:17:37,100 [WARN] PackLoader:240 - Cannot read IP mode file for STMicroelectronics.X-CUBE-FREERTOS.1.3.0
2025-07-30 14:17:37,103 [WARN] PackLoader:240 - Cannot read IP mode file for STMicroelectronics.X-CUBE-NFC7.1.0.1
2025-07-30 14:17:37,107 [WARN] PackLoader:240 - Cannot read IP mode file for STMicroelectronics.FP-SNS-STAIOTCFT.1.0.0
2025-07-30 14:17:37,110 [WARN] PackLoader:240 - Cannot read IP mode file for STMicroelectronics.X-CUBE-DPower.1.3.0
2025-07-30 14:17:37,121 [WARN] ConditionMgr:438 - getConditionDescription Invalid condition id : LAN8742 Phy interface Condition cause : null
2025-07-30 14:17:37,122 [WARN] PackLoader:240 - Cannot read IP mode file for STMicroelectronics.X-CUBE-AZRTOS-L4.2.0.0
2025-07-30 14:17:37,123 [WARN] ConditionMgr:1044 - genDependencies : Invalid condition id : LAN8742 Phy interface Condition cause : null
2025-07-30 14:17:37,123 [WARN] ConditionMgr:1044 - genDependencies : Invalid condition id : LAN8742 Phy interface Condition cause : null
2025-07-30 14:17:37,123 [WARN] ConditionMgr:1044 - genDependencies : Invalid condition id : LAN8742 Phy interface Condition cause : null
2025-07-30 14:17:37,127 [WARN] PackLoader:240 - Cannot read IP mode file for STMicroelectronics.X-CUBE-SFXS2LP1.4.0.0
2025-07-30 14:17:37,136 [WARN] PackLoader:240 - Cannot read IP mode file for STMicroelectronics.X-CUBE-AZRTOS-H7.3.3.0
2025-07-30 14:17:37,144 [WARN] PackLoader:240 - Cannot read IP mode file for STMicroelectronics.X-CUBE-BLEMGR.4.1.0
2025-07-30 14:17:37,153 [WARN] ConditionMgr:438 - getConditionDescription Invalid condition id : UX DEVICE CLASS RTOS Condition cause : null
2025-07-30 14:17:37,153 [WARN] ConditionMgr:438 - getConditionDescription Invalid condition id : UX DEVICE CLASS RTOS Condition cause : null
2025-07-30 14:17:37,155 [WARN] PackLoader:240 - Cannot read IP mode file for STMicroelectronics.X-CUBE-AZRTOS-WB.2.0.0
2025-07-30 14:17:37,156 [WARN] ConditionMgr:1044 - genDependencies : Invalid condition id : UX DEVICE CLASS RTOS Condition cause : null
2025-07-30 14:17:37,156 [WARN] ConditionMgr:1044 - genDependencies : Invalid condition id : UX DEVICE CLASS RTOS Condition cause : null
2025-07-30 14:17:37,156 [WARN] ConditionMgr:1044 - genDependencies : Invalid condition id : UX DEVICE CLASS RTOS Condition cause : null
2025-07-30 14:17:37,156 [WARN] ConditionMgr:1044 - genDependencies : Invalid condition id : UX DEVICE CLASS RTOS Condition cause : null
2025-07-30 14:17:37,156 [WARN] ConditionMgr:1044 - genDependencies : Invalid condition id : UX DEVICE CLASS RTOS Condition cause : null
2025-07-30 14:17:37,163 [WARN] PackLoader:240 - Cannot read IP mode file for STMicroelectronics.X-CUBE-GNSS1.7.0.1
2025-07-30 14:17:37,173 [WARN] PackLoader:240 - Cannot read IP mode file for STMicroelectronics.X-CUBE-TOUCHGFX.4.25.0
2025-07-30 14:17:37,180 [WARN] PackLoader:240 - Cannot read IP mode file for STMicroelectronics.X-CUBE-SUBG2.5.0.0
2025-07-30 14:17:37,200 [WARN] PackLoader:240 - Cannot read IP mode file for STMicroelectronics.X-CUBE-AZRTOS-H7RS.1.1.0
2025-07-30 14:17:37,209 [WARN] PackLoader:240 - Cannot read IP mode file for Cesanta.I-CUBE-Mongoose.7.13.0
2025-07-30 14:17:37,224 [WARN] PackLoader:240 - Cannot read IP mode file for STMicroelectronics.X-CUBE-AZRTOS-G4.2.0.0
2025-07-30 14:17:37,229 [WARN] PackLoader:240 - Cannot read IP mode file for wolfSSL.I-CUBE-wolfSSH.1.4.20
2025-07-30 14:17:37,232 [WARN] PackLoader:240 - Cannot read IP mode file for STMicroelectronics.X-CUBE-NFC7.2.0.0
2025-07-30 14:17:37,240 [WARN] PackLoader:240 - Cannot read IP mode file for STMicroelectronics.X-CUBE-IPS.3.1.0
2025-07-30 14:17:37,247 [WARN] PackLoader:240 - Cannot read IP mode file for STMicroelectronics.X-CUBE-ALS.1.0.2
2025-07-30 14:17:37,251 [WARN] PackLoader:240 - Cannot read IP mode file for portGmbH.I-Cube-SoM-uGOAL.1.1.0
2025-07-30 14:17:37,258 [WARN] PackLoader:240 - Cannot read IP mode file for STMicroelectronics.X-CUBE-TOF1.3.4.3
2025-07-30 14:17:37,266 [INFO] ThirdParty:978 - Integrity check success = true
2025-07-30 14:17:37,266 [INFO] IntegrityCheckThread:100 - exiting critical section [integrity check]
2025-07-30 14:17:37,266 [INFO] IntegrityCheckThread:103 - End integrity checks thread
2025-07-30 14:17:44,679 [INFO] McuFinderGlobals:63 - Set McuFinder mode to 2 (CubeIDE integrated)
2025-07-30 14:17:44,680 [INFO] MainUpdater:2872 - connection check result : 10
2025-07-30 14:17:44,847 [INFO] ApiDb:581 - Connected to CubeFinder SQLite database (C:\Users\nicks\.stmcufinder\plugins\mcufinder\mcu\cube-finder-db.db)
2025-07-30 14:17:44,897 [INFO] ApiDb:668 - CubeFinder database Data Model version=2.1
2025-07-30 14:17:44,897 [INFO] ApiDb:669 - CubeFinder database Configuration version=3.0.39
2025-07-30 14:17:44,898 [INFO] ApiDb:670 - CubeFinder database generation date=2025-07-22 (1753107327)
2025-07-30 14:17:44,898 [INFO] ApiDb:671 - CubeFinder database FW Pack versions=[FP-ATR-ASTRA1_V2.0.0, FP-SNS-FLIGHT1_V5.1.0, FP-SNS-MOTENV1_V5.0.0, FP-SNS-MOTENVWB1_V1.4.0, FP-SNS-SMARTAG2_V1.2.0, FP-SNS-STBOX1_V2.0.0, STM32Cube_FW_C0_V1.4.0, STM32Cube_FW_F4_V1.28.2, STM32Cube_FW_F7_V1.17.3, STM32Cube_FW_G0_V1.6.2, STM32Cube_FW_G4_V1.6.1, STM32Cube_FW_H5_V1.5.0, STM32Cube_FW_H7RS_V1.2.0, STM32Cube_FW_H7_V1.12.1, STM32Cube_FW_L0_V1.12.2, STM32Cube_FW_L4_V1.18.1, STM32Cube_FW_L5_V1.5.1, STM32Cube_FW_N6_V1.2.0, STM32Cube_FW_U0_V1.3.0, STM32Cube_FW_U3_V1.2.0, STM32Cube_FW_U5_V1.8.0, STM32Cube_FW_WB0_V1.3.0, STM32Cube_FW_WBA_V1.7.0, STM32Cube_FW_WB_V1.23.0, STM32Cube_FW_WL3_V1.2.0, STM32Cube_FW_WL_V1.3.1, X-CUBE-ALGOBUILD_V1.4.0, X-CUBE-ALS_V1.0.2, X-CUBE-AZRTOS-F4_V1.1.0, X-CUBE-AZRTOS-F7_V1.1.0, X-CUBE-AZRTOS-G0_V1.1.0, X-CUBE-AZRTOS-G4_V2.0.0, X-CUBE-AZRTOS-H7RS_V1.1.0, X-CUBE-AZRTOS-H7_V3.3.0, X-CUBE-AZRTOS-L4_V2.0.0, X-CUBE-AZRTOS-L5_V2.0.0, X-CUBE-AZRTOS-WB_V2.0.0, X-CUBE-AZRTOS-WL_V2.0.0, X-CUBE-BLE1_V7.1.0, X-CUBE-BLE2_V3.3.0, X-CUBE-BLEMGR_V4.0.0, X-CUBE-EEPRMA1_V5.1.0, X-CUBE-FREERTOS_V1.3.1, X-CUBE-GNSS1_V6.0.0, X-CUBE-MEMS1_V11.3.0, X-CUBE-NFC4_V3.0.0, X-CUBE-NFC7_V2.0.0, X-CUBE-SFXS2LP1_V4.0.0, X-CUBE-SUBG2_V5.0.0, X-CUBE-TOF1_V3.4.3]
2025-07-30 14:17:46,597 [INFO] ApiDb:240 - Found 880 in-development CPN: [B-G473E-ZEST1S, B-WB1M-WPAN1, B-WBA5M-WPAN, B-WL5M-SUBG1, NUCLEO-C031C6, NUCLEO-C051C8, NUCLEO-C071RB, NUCLEO-C092RC, NUCLEO-H503RB, NUCLEO-H533RE, NUCLEO-H563ZI, NUCLEO-H7S3L8, NUCLEO-N657X0-Q, NUCLEO-U031R8, NUCLEO-U083RC, NUCLEO-U385RG-Q, NUCLEO-U545RE-Q, NUCLEO-U5A5ZJ-Q, NUCLEO-WB05KZ, NUCLEO-WB07CC, NUCLEO-WB09KE, NUCLEO-WBA52CG, NUCLEO-WBA55CG, NUCLEO-WL33CC1, NUCLEO-WL33CC2, STEVAL-PROTEUS1, STEVAL-SMARTAG2, STEVAL-STWINBX1, STM320518-EVAL, STM32C0116-DK, STM32C011D6Y3TR, STM32C011D6Y6TR, STM32C011F4P3, STM32C011F4P6, STM32C011F4U3, STM32C011F4U6TR, STM32C011F6P3, STM32C011F6P6, STM32C011F6U3, STM32C011F6U6TR, STM32C011J4M3, STM32C011J4M6, STM32C011J6M3, STM32C011J6M6, STM32C0316-DK, STM32C031C4T3, STM32C031C4T6, STM32C031C4U3, STM32C031C4U6, STM32C031C6T3, STM32C031C6T6, STM32C031C6U3, STM32C031C6U6, STM32C031F4P3, STM32C031F4P6, STM32C031F6P3, STM32C031F6P6, STM32C031G4U3, STM32C031G4U6, STM32C031G6U3, STM32C031G6U6, STM32C031K4T3, STM32C031K4T6, STM32C031K4U3, STM32C031K4U6, STM32C031K6T3, STM32C031K6T6, STM32C031K6U3, STM32C031K6U6, STM32C051C6T6, STM32C051C6U6, STM32C051C8T6, STM32C051C8U6, STM32C051D8Y6TR, STM32C051F6P6, STM32C051F8P6, STM32C051G6U6, STM32C051G8U6, STM32C051K6T6, STM32C051K6U6, STM32C051K8T6, STM32C071C8T6, STM32C071C8T6N, STM32C071C8U6, STM32C071C8U6N, STM32C071CBT6, STM32C071CBT6N, STM32C071CBU6, STM32C071CBU6N, STM32C071F8P6, STM32C071F8P6N, STM32C071FBP6, STM32C071FBP6N, STM32C071FBY6TR, STM32C071G8U6, STM32C071G8U6N, STM32C071GBU6, STM32C071GBU6N, STM32C071K8T6, STM32C071K8T6N, STM32C071K8U6, STM32C071K8U6N, STM32C071KBT6, STM32C071KBT6N, STM32C071KBU6, STM32C071KBU6N, STM32C071R8T6, STM32C071R8T6N, STM32C071RBI6N, STM32C071RBT6, STM32C071RBT6N, STM32C091CBT6, STM32C091CBU6, STM32C091CCT6, STM32C091CCU6, STM32C091ECY6TR, STM32C091FBP6, STM32C091FCP6, STM32C091GBU6, STM32C091GCU6, STM32C091KBT6, STM32C091KBU6, STM32C091KCT6, STM32C091KCU6, STM32C091RBT6, STM32C091RCI6, STM32C091RCT6, STM32C092CBT6, STM32C092CBU6, STM32C092CCT6, STM32C092CCU6, STM32C092ECY6TR, STM32C092FBP6, STM32C092FCP6, STM32C092GBU6, STM32C092GCU6, STM32C092KBT6, STM32C092KBU6, STM32C092KCT6, STM32C092KCU6, STM32C092RBT6, STM32C092RCI6, STM32C092RCT6, STM32G071K8TXN, STM32G071K8UXN, STM32G081GBU6N, STM32G081KBT6N, STM32G081KBUXN, STM32G0B1CCT6N, STM32G0B1KCT6, STM32G0B1NEY6TR, STM32G0B1RCT6N, STM32G0C1CCT6, STM32G0C1CCT6N, STM32G0C1CCU6N, STM32G0C1CET6N, STM32G0C1CEU6N, STM32G0C1KCT6, STM32G0C1NEY6TR, STM32G0C1RCI6N, STM32G0C1RCT6N, STM32G0C1REI6N, STM32G0C1RET6N, STM32G0C1VCI6, STM32G0C1VEI6, STM32G411C6T3, STM32G411C6T6, STM32G411C6U3, STM32G411C6U6, STM32G411C8T3, STM32G411C8T6, STM32G411C8U3, STM32G411C8U6, STM32G411CBT3, STM32G411CBT6, STM32G411CBU3, STM32G411CBU6, STM32G411K6T3, STM32G411K6T6, STM32G411K6U3, STM32G411K6U6, STM32G411K8T3, STM32G411K8T6, STM32G411K8U3, STM32G411K8U6, STM32G411KBT3, STM32G411KBT6, STM32G411KBU3, STM32G411KBU6, STM32G411M6T3, STM32G411M6T6, STM32G411M8T3, STM32G411M8T6, STM32G411MBT3, STM32G411MBT6, STM32G411R6T3, STM32G411R6T6, STM32G411R8T3, STM32G411R8T6, STM32G411RBT3, STM32G411RBT6, STM32G414CBT3, STM32G414CBT6, STM32G414CBU3, STM32G414CBU6, STM32G414CCT3, STM32G414CCT6, STM32G414CCU3, STM32G414CCU6, STM32G414MBT3, STM32G414MBT6, STM32G414MCT3, STM32G414MCT6, STM32G414RBT3, STM32G414RBT6, STM32G414RCT3, STM32G414RCT6, STM32G414VBT3, STM32G414VBT6, STM32G414VCT3, STM32G414VCT6, STM32G431CBT3Z, STM32G431RBT3Z, STM32G471CCT6, STM32G471CCU6, STM32G471CET3, STM32G471CET6, STM32G471CEU3, STM32G471CEU6, STM32G471MCT6, STM32G471MET3, STM32G471MET6, STM32G471MEY6TR, STM32G471QCT6, STM32G471QET3, STM32G471RCT6, STM32G471RET3, STM32G471RET6, STM32G471VCH6, STM32G471VCI6, STM32G471VCT6, STM32G471VEH3, STM32G471VEH6, STM32G471VEI3, STM32G471VEI6, STM32G471VET3, STM32G471VET6, STM32G473QET3Z, STM32G473RET3Z, STM32G474CCT6, STM32G491RET3Z, STM32H503CBT6, STM32H503CBU6, STM32H503EBY6TR, STM32H503KBU6, STM32H503RBT6, STM32H523CCT6, STM32H523CCU6, STM32H523CET6, STM32H523CEU6, STM32H523HEY6TR, STM32H523RCT6, STM32H523RET6, STM32H523VCI6, STM32H523VCT6, STM32H523VEI6, STM32H523VET6, STM32H523ZCJ6, STM32H523ZCT6, STM32H523ZEJ6, STM32H523ZET6, STM32H533CET6, STM32H533CEU6, STM32H533HEY6TR, STM32H533RET6, STM32H533VEI6, STM32H533VET6, STM32H533ZEJ6, STM32H533ZET6, STM32H562AGI6, STM32H562AII6, STM32H562IGK6, STM32H562IGT6, STM32H562IIK6, STM32H562IIT6, STM32H562RGT6, STM32H562RGV6, STM32H562RIT6, STM32H562RIV6, STM32H562VGT6, STM32H562VIT6, STM32H562ZGT6, STM32H562ZIT6, STM32H563AGI6, STM32H563AII3Q, STM32H563AII6, STM32H563IGK6, STM32H563IGT6, STM32H563IIK3Q, STM32H563IIK6, STM32H563IIT3Q, STM32H563IIT6, STM32H563MIY3QTR, STM32H563RGT6, STM32H563RGV6, STM32H563RIT6, STM32H563RIV6, STM32H563VGT6, STM32H563VIT3Q, STM32H563VIT6, STM32H563ZGT6, STM32H563ZIT3Q, STM32H563ZIT6, STM32H573AII3Q, STM32H573AII6, STM32H573I-DK, STM32H573IIK3Q, STM32H573IIK6, STM32H573IIT3Q, STM32H573IIT6, STM32H573MIY3QTR, STM32H573RIT6, STM32H573RIV6, STM32H573VIT3Q, STM32H573VIT6, STM32H573ZIT3Q, STM32H573ZIT6, STM32H7R3A8I6, STM32H7R3I8K6, STM32H7R3I8T6, STM32H7R3L8H6, STM32H7R3L8H6H, STM32H7R3R8V6, STM32H7R3V8H6, STM32H7R3V8T6, STM32H7R3V8Y6TR, STM32H7R3Z8J6, STM32H7R3Z8T6, STM32H7R7A8I6, STM32H7R7I8K6, STM32H7R7I8T6, STM32H7R7L8H6, STM32H7R7L8H6H, STM32H7R7Z8J6, STM32H7S3A8I6, STM32H7S3I8K6, STM32H7S3I8T6, STM32H7S3L8H6, STM32H7S3L8H6H, STM32H7S3R8V6, STM32H7S3V8H6, STM32H7S3V8T6, STM32H7S3V8Y6TR, STM32H7S3Z8J6, STM32H7S3Z8T6, STM32H7S78-DK, STM32H7S7A8I6, STM32H7S7I8K6, STM32H7S7I8T6, STM32H7S7L8H6, STM32H7S7L8H6H, STM32H7S7Z8J6, STM32L4R5QGI6STR, STM32MP131AAE3, STM32MP131AAF3, STM32MP131AAG3, STM32MP131CAE3, STM32MP131CAF3, STM32MP131CAG3, STM32MP131DAE7, STM32MP131DAF7, STM32MP131DAG7, STM32MP131FAE7, STM32MP131FAF7, STM32MP131FAG7, STM32MP133AAE3, STM32MP133AAF3, STM32MP133AAG3, STM32MP133CAE3, STM32MP133CAF3, STM32MP133CAG3, STM32MP133DAE7, STM32MP133DAF7, STM32MP133DAG7, STM32MP133FAE7, STM32MP133FAF7, STM32MP133FAG7, STM32MP135AAE3, STM32MP135AAF3, STM32MP135AAG3, STM32MP135CAE3, STM32MP135CAF3, STM32MP135CAG3, STM32MP135DAE7, STM32MP135DAF7, STM32MP135DAG7, STM32MP135F-DK, STM32MP135FAE7, STM32MP135FAF7, STM32MP135FAF7T, STM32MP135FAF7U, STM32MP135FAG7, STM32MP211AAL3, STM32MP211AAM3, STM32MP211AAN3, STM32MP211AAO3, STM32MP211CAL3, STM32MP211CAM3, STM32MP211CAN3, STM32MP211CAO3, STM32MP211DAL3, STM32MP211DAM3, STM32MP211DAN3, STM32MP211DAO3, STM32MP211FAL3, STM32MP211FAM3, STM32MP211FAN3, STM32MP211FAO3, STM32MP213AAL3, STM32MP213AAM3, STM32MP213AAN3, STM32MP213AAO3, STM32MP213CAL3, STM32MP213CAM3, STM32MP213CAN3, STM32MP213CAO3, STM32MP213DAL3, STM32MP213DAM3, STM32MP213DAN3, STM32MP213DAO3, STM32MP213FAL3, STM32MP213FAM3, STM32MP213FAN3, STM32MP213FAO3, STM32MP215AAL3, STM32MP215AAM3, STM32MP215AAN3, STM32MP215AAO3, STM32MP215CAL3, STM32MP215CAM3, STM32MP215CAN3, STM32MP215CAO3, STM32MP215DAL3, STM32MP215DAM3, STM32MP215DAN3, STM32MP215DAO3, STM32MP215F-DK, STM32MP215FAL3, STM32MP215FAM3, STM32MP215FAN3, STM32MP215FAO3, STM32MP231AAJ3, STM32MP231AAK3, STM32MP231AAL3, STM32MP231CAJ3, STM32MP231CAK3, STM32MP231CAL3, STM32MP231DAJ3, STM32MP231DAK3, STM32MP231DAL3, STM32MP231FAJ3, STM32MP231FAK3, STM32MP231FAL3, STM32MP233AAJ3, STM32MP233AAK3, STM32MP233AAL3, STM32MP233CAJ3, STM32MP233CAK3, STM32MP233CAL3, STM32MP233DAJ3, STM32MP233DAK3, STM32MP233DAL3, STM32MP233FAJ3, STM32MP233FAK3, STM32MP233FAL3, STM32MP235AAJ3, STM32MP235AAK3, STM32MP235AAL3, STM32MP235CAJ3, STM32MP235CAK3, STM32MP235CAL3, STM32MP235DAJ3, STM32MP235DAK3, STM32MP235DAL3, STM32MP235FAJ3, STM32MP235FAK3, STM32MP235FAL3, STM32MP251AAI3, STM32MP251AAK3, STM32MP251AAL3, STM32MP251CAI3, STM32MP251CAK3, STM32MP251CAL3, STM32MP251DAI3, STM32MP251DAK3, STM32MP251DAL3, STM32MP251FAI3, STM32MP251FAK3, STM32MP251FAL3, STM32MP253AAI3, STM32MP253AAK3, STM32MP253AAL3, STM32MP253CAI3, STM32MP253CAK3, STM32MP253CAL3, STM32MP253DAI3, STM32MP253DAK3, STM32MP253DAL3, STM32MP253FAI3, STM32MP253FAK3, STM32MP253FAL3, STM32MP255AAI3, STM32MP255AAK3, STM32MP255AAL3, STM32MP255CAI3, STM32MP255CAK3, STM32MP255CAL3, STM32MP255DAI3, STM32MP255DAK3, STM32MP255DAL3, STM32MP255FAI3, STM32MP255FAK3, STM32MP255FAL3, STM32MP257AAI3, STM32MP257AAK3, STM32MP257AAL3, STM32MP257CAI3, STM32MP257CAK3, STM32MP257CAL3, STM32MP257DAI3, STM32MP257DAK3, STM32MP257DAL3, STM32MP257F-DK, STM32MP257F-EV1, STM32MP257FAI3, STM32MP257FAK3, STM32MP257FAL3, STM32N645A0H3Q, STM32N645B0H3Q, STM32N645I0H3Q, STM32N645L0H3Q, STM32N645X0H3Q, STM32N645Z0H3Q, STM32N647A0H3Q, STM32N647B0H3Q, STM32N647I0H3Q, STM32N647L0H3Q, STM32N647X0H3Q, STM32N647Z0H3Q, STM32N655A0H3Q, STM32N655B0H3Q, STM32N655I0H3Q, STM32N655L0H3Q, STM32N655X0H3Q, STM32N655Z0H3Q, STM32N6570-DK, STM32N657A0H3Q, STM32N657B0H3Q, STM32N657I0H3Q, STM32N657L0H3Q, STM32N657X0H3Q, STM32N657Z0H3Q, STM32U031C6T6, STM32U031C6U6, STM32U031C8T6, STM32U031C8U6, STM32U031F4P6, STM32U031F6P6, STM32U031F8P6, STM32U031G6Y6TR, STM32U031G8Y6TR, STM32U031K4U6, STM32U031K6U6, STM32U031K8U6, STM32U031R6I6, STM32U031R6T6, STM32U031R8I6, STM32U031R8T6, STM32U073C8T6, STM32U073C8U6, STM32U073CBT6, STM32U073CBU6, STM32U073CCT6, STM32U073CCU6, STM32U073H8Y6TR, STM32U073HBY6TR, STM32U073HCY6TR, STM32U073K8U6, STM32U073KBU6, STM32U073KCU6, STM32U073M8I6, STM32U073M8T6, STM32U073MBI6, STM32U073MBT6, STM32U073MCI6, STM32U073MCT6, STM32U073R8I6, STM32U073R8T6, STM32U073RBI6, STM32U073RBT6, STM32U073RCI6, STM32U073RCT6, STM32U083C-DK, STM32U083CCT6, STM32U083CCU6, STM32U083HCY6TR, STM32U083KCU6, STM32U083MCI6, STM32U083MCT6, STM32U083RCI6, STM32U083RCT6, STM32U375CET6, STM32U375CET6Q, STM32U375CEU6, STM32U375CEU6Q, STM32U375CEY6QTR, STM32U375CGT6, STM32U375CGT6Q, STM32U375CGU6, STM32U375CGU6Q, STM32U375CGY6QTR, STM32U375KEU6, STM32U375KGU6, STM32U375REI6, STM32U375REI6Q, STM32U375RET6, STM32U375RET6Q, STM32U375REY6GTR, STM32U375REY6QTR, STM32U375RGI6, STM32U375RGI6Q, STM32U375RGT6, STM32U375RGT6Q, STM32U375RGY6GTR, STM32U375RGY6QTR, STM32U375VEI6, STM32U375VEI6Q, STM32U375VET6, STM32U375VET6Q, STM32U375VGI6, STM32U375VGI6Q, STM32U375VGT6, STM32U375VGT6Q, STM32U385CGT6, STM32U385CGT6Q, STM32U385CGU6, STM32U385CGU6Q, STM32U385CGY6QTR, STM32U385KGU6, STM32U385RGI6, STM32U385RGI6Q, STM32U385RGT6, STM32U385RGT6Q, STM32U385RGY6GTR, STM32U385RGY6QTR, STM32U385VGI6, STM32U385VGI6Q, STM32U385VGT6, STM32U385VGT6Q, STM32U535CBT6, STM32U535CBT6Q, STM32U535CBU6, STM32U535CBU6Q, STM32U535CCT6, STM32U535CCT6Q, STM32U535CCU6, STM32U535CCU6Q, STM32U535CET6, STM32U535CET6Q, STM32U535CEU6, STM32U535CEU6Q, STM32U535JEY6QTR, STM32U535NCY6QTR, STM32U535NEY6QTR, STM32U535RBI6, STM32U535RBI6Q, STM32U535RBT6, STM32U535RBT6Q, STM32U535RCI6, STM32U535RCI6Q, STM32U535RCT6, STM32U535RCT6Q, STM32U535REI6, STM32U535REI6Q, STM32U535RET6, STM32U535RET6Q, STM32U535VCI6, STM32U535VCI6Q, STM32U535VCT6, STM32U535VCT6Q, STM32U535VEI6, STM32U535VEI6Q, STM32U535VET6, STM32U535VET6Q, STM32U545CET6, STM32U545CET6Q, STM32U545CEU6, STM32U545CEU6Q, STM32U545JEY6QTR, STM32U545NEY6QTR, STM32U545REI6, STM32U545REI6Q, STM32U545RET6, STM32U545RET6Q, STM32U545VEI6, STM32U545VEI6Q, STM32U545VET6, STM32U545VET6Q, STM32U595AIH6, STM32U595AIH6Q, STM32U595AJH6, STM32U595AJH6Q, STM32U595QII6, STM32U595QII6Q, STM32U595QJI6, STM32U595QJI6Q, STM32U595RIT6, STM32U595RIT6Q, STM32U595RJT6, STM32U595RJT6Q, STM32U595VIT6, STM32U595VIT6Q, STM32U595VJT6, STM32U595VJT6Q, STM32U595ZIT6, STM32U595ZIT6Q, STM32U595ZIY6QTR, STM32U595ZJT6, STM32U595ZJT6Q, STM32U595ZJY6QTR, STM32U599BJY6QTR, STM32U599NIH6Q, STM32U599NJH6Q, STM32U599VIT6Q, STM32U599VJT6, STM32U599VJT6Q, STM32U599ZIT6Q, STM32U599ZIY6QTR, STM32U599ZJT6Q, STM32U599ZJY6QTR, STM32U5A5AJH6, STM32U5A5AJH6Q, STM32U5A5QII3Q , STM32U5A5QJI6, STM32U5A5QJI6Q, STM32U5A5RJT6, STM32U5A5RJT6Q, STM32U5A5VJT6, STM32U5A5VJT6Q, STM32U5A5ZJT6, STM32U5A5ZJT6Q, STM32U5A5ZJY6QTR, STM32U5A9BJY6QTR, STM32U5A9J-DK, STM32U5A9NJH6Q, STM32U5A9VJT6Q, STM32U5A9ZJT6Q, STM32U5A9ZJY6QTR, STM32U5F7VIT6, STM32U5F7VIT6Q, STM32U5F7VJT6, STM32U5F7VJT6Q, STM32U5F9BJY6QTR, STM32U5F9NJH6Q, STM32U5F9VIT6Q, STM32U5F9VJT6Q, STM32U5F9ZIJ6QTR, STM32U5F9ZIT6Q, STM32U5F9ZJJ6QTR, STM32U5F9ZJT6Q, STM32U5G7VJT6, STM32U5G7VJT6Q, STM32U5G9BJY6QTR, STM32U5G9J-DK1, STM32U5G9J-DK2, STM32U5G9NJH6Q, STM32U5G9VJT6Q, STM32U5G9ZJJ6QTR, STM32U5G9ZJT6Q, STM32WB05KZV6TR, STM32WB05KZV7TR, STM32WB05TZF6TR, STM32WB05TZF7TR, STM32WB06CCF6TR, STM32WB06CCF7TR, STM32WB06CCV6TR, STM32WB06CCV7TR, STM32WB06KCV6TR, STM32WB06KCV7TR, STM32WB07CCF6TR, STM32WB07CCF7TR, STM32WB07CCV6TR, STM32WB07CCV7TR, STM32WB07KCV6TR, STM32WB07KCV7TR, STM32WB09KEV6TR, STM32WB09KEV7TR, STM32WB09TEF6TR, STM32WB09TEF7TR, STM32WB1MMCH6, STM32WBA50KGU6, STM32WBA50KGU6TR, STM32WBA52CEU6, STM32WBA52CEU6TR, STM32WBA52CEU7, STM32WBA52CEU7TR, STM32WBA52CGU6, STM32WBA52CGU6TR, STM32WBA52CGU6U, STM32WBA52CGU7, STM32WBA52CGU7TR, STM32WBA52KEU6, STM32WBA52KEU6TR, STM32WBA52KGU6, STM32WBA52KGU6TR, STM32WBA54CEU6, STM32WBA54CEU6TR, STM32WBA54CEU7, STM32WBA54CEU7TR, STM32WBA54CGU6, STM32WBA54CGU6TR, STM32WBA54CGU7, STM32WBA54CGU7TR, STM32WBA54KEU6, STM32WBA54KEU6TR, STM32WBA54KEU7, STM32WBA54KEU7TR, STM32WBA54KGU6, STM32WBA54KGU6TR, STM32WBA54KGU7, STM32WBA54KGU7TR, STM32WBA55CEU6, STM32WBA55CEU6TR, STM32WBA55CEU7, STM32WBA55CEU7TR, STM32WBA55CGU6, STM32WBA55CGU6TR, STM32WBA55CGU6U, STM32WBA55CGU7, STM32WBA55CGU7TR, STM32WBA55G-DK1, STM32WBA55HEF6, STM32WBA55HEF7, STM32WBA55HGF6, STM32WBA55HGF7, STM32WBA55UEI6, STM32WBA55UEI6TR, STM32WBA55UEI7, STM32WBA55UEI7TR, STM32WBA55UGI6, STM32WBA55UGI6TR, STM32WBA55UGI7, STM32WBA55UGI7TR, STM32WBA5MMGH6TR, STM32WBA62MGF6, STM32WBA62MIF6, STM32WBA65MGF7, STM32WBA65MIF6, STM32WBA65MIF7, STM32WL30K8V6, STM32WL30KBV6, STM32WL31C8V6, STM32WL31CBV6, STM32WL31K8V6, STM32WL31KBV6, STM32WL33C8V6, STM32WL33C8V6X, STM32WL33CBV6, STM32WL33CBV6X, STM32WL33CCV6, STM32WL33CCV6A, STM32WL33CCV6X, STM32WL33K8V7, STM32WL33K8V7X, STM32WL33KBV7 , STM32WL33KBV7X, STM32WL33KCV7, STM32WL33KCV7X, STM32WL5MOCH6, STM32WL5MOCH6TR]
2025-07-30 14:17:46,601 [INFO] DbMcus:218 - Found 4801 MCUs, 4801 are supported
2025-07-30 14:17:46,602 [INFO] ApiDb:423 - Load user favorites file C:\Users\nicks/.stm32cubeide/favorites.mcus.txt: 0 item(s)
2025-07-30 14:17:46,602 [INFO] ApiDb:427 - User favorites MCUs=[]
2025-07-30 14:17:46,602 [INFO] DbMcus:224 - Set 0 / 0 favorites MCUs
2025-07-30 14:17:46,903 [INFO] ApiDb:668 - CubeFinder database Data Model version=2.1
2025-07-30 14:17:46,903 [INFO] ApiDb:669 - CubeFinder database Configuration version=3.0.39
2025-07-30 14:17:46,903 [INFO] ApiDb:670 - CubeFinder database generation date=2025-07-22 (1753107327)
2025-07-30 14:17:46,903 [INFO] ApiDb:671 - CubeFinder database FW Pack versions=[FP-ATR-ASTRA1_V2.0.0, FP-SNS-FLIGHT1_V5.1.0, FP-SNS-MOTENV1_V5.0.0, FP-SNS-MOTENVWB1_V1.4.0, FP-SNS-SMARTAG2_V1.2.0, FP-SNS-STBOX1_V2.0.0, STM32Cube_FW_C0_V1.4.0, STM32Cube_FW_F4_V1.28.2, STM32Cube_FW_F7_V1.17.3, STM32Cube_FW_G0_V1.6.2, STM32Cube_FW_G4_V1.6.1, STM32Cube_FW_H5_V1.5.0, STM32Cube_FW_H7RS_V1.2.0, STM32Cube_FW_H7_V1.12.1, STM32Cube_FW_L0_V1.12.2, STM32Cube_FW_L4_V1.18.1, STM32Cube_FW_L5_V1.5.1, STM32Cube_FW_N6_V1.2.0, STM32Cube_FW_U0_V1.3.0, STM32Cube_FW_U3_V1.2.0, STM32Cube_FW_U5_V1.8.0, STM32Cube_FW_WB0_V1.3.0, STM32Cube_FW_WBA_V1.7.0, STM32Cube_FW_WB_V1.23.0, STM32Cube_FW_WL3_V1.2.0, STM32Cube_FW_WL_V1.3.1, X-CUBE-ALGOBUILD_V1.4.0, X-CUBE-ALS_V1.0.2, X-CUBE-AZRTOS-F4_V1.1.0, X-CUBE-AZRTOS-F7_V1.1.0, X-CUBE-AZRTOS-G0_V1.1.0, X-CUBE-AZRTOS-G4_V2.0.0, X-CUBE-AZRTOS-H7RS_V1.1.0, X-CUBE-AZRTOS-H7_V3.3.0, X-CUBE-AZRTOS-L4_V2.0.0, X-CUBE-AZRTOS-L5_V2.0.0, X-CUBE-AZRTOS-WB_V2.0.0, X-CUBE-AZRTOS-WL_V2.0.0, X-CUBE-BLE1_V7.1.0, X-CUBE-BLE2_V3.3.0, X-CUBE-BLEMGR_V4.0.0, X-CUBE-EEPRMA1_V5.1.0, X-CUBE-FREERTOS_V1.3.1, X-CUBE-GNSS1_V6.0.0, X-CUBE-MEMS1_V11.3.0, X-CUBE-NFC4_V3.0.0, X-CUBE-NFC7_V2.0.0, X-CUBE-SFXS2LP1_V4.0.0, X-CUBE-SUBG2_V5.0.0, X-CUBE-TOF1_V3.4.3]
2025-07-30 14:17:46,939 [INFO] DbBoardsSqlite:226 - include board P-NUCLEO-WB55-NUCLEO as a kit item of type 'Nucleo-64'
2025-07-30 14:17:46,940 [INFO] DbBoardsSqlite:226 - include board P-NUCLEO-WB55-USBDONGLE as a kit item of type 'Nucleo USB Dongle'
2025-07-30 14:17:46,940 [INFO] DbBoardsSqlite:226 - include board STEVAL-IDP005V1 as a kit item of type 'Evaluation Board'
2025-07-30 14:17:46,940 [INFO] DbBoardsSqlite:226 - include board STEVAL-IDP005V2 as a kit item of type 'Evaluation Board'
2025-07-30 14:17:46,988 [INFO] ApiDb:240 - Found 880 in-development CPN: [B-G473E-ZEST1S, B-WB1M-WPAN1, B-WBA5M-WPAN, B-WL5M-SUBG1, NUCLEO-C031C6, NUCLEO-C051C8, NUCLEO-C071RB, NUCLEO-C092RC, NUCLEO-H503RB, NUCLEO-H533RE, NUCLEO-H563ZI, NUCLEO-H7S3L8, NUCLEO-N657X0-Q, NUCLEO-U031R8, NUCLEO-U083RC, NUCLEO-U385RG-Q, NUCLEO-U545RE-Q, NUCLEO-U5A5ZJ-Q, NUCLEO-WB05KZ, NUCLEO-WB07CC, NUCLEO-WB09KE, NUCLEO-WBA52CG, NUCLEO-WBA55CG, NUCLEO-WL33CC1, NUCLEO-WL33CC2, STEVAL-PROTEUS1, STEVAL-SMARTAG2, STEVAL-STWINBX1, STM320518-EVAL, STM32C0116-DK, STM32C011D6Y3TR, STM32C011D6Y6TR, STM32C011F4P3, STM32C011F4P6, STM32C011F4U3, STM32C011F4U6TR, STM32C011F6P3, STM32C011F6P6, STM32C011F6U3, STM32C011F6U6TR, STM32C011J4M3, STM32C011J4M6, STM32C011J6M3, STM32C011J6M6, STM32C0316-DK, STM32C031C4T3, STM32C031C4T6, STM32C031C4U3, STM32C031C4U6, STM32C031C6T3, STM32C031C6T6, STM32C031C6U3, STM32C031C6U6, STM32C031F4P3, STM32C031F4P6, STM32C031F6P3, STM32C031F6P6, STM32C031G4U3, STM32C031G4U6, STM32C031G6U3, STM32C031G6U6, STM32C031K4T3, STM32C031K4T6, STM32C031K4U3, STM32C031K4U6, STM32C031K6T3, STM32C031K6T6, STM32C031K6U3, STM32C031K6U6, STM32C051C6T6, STM32C051C6U6, STM32C051C8T6, STM32C051C8U6, STM32C051D8Y6TR, STM32C051F6P6, STM32C051F8P6, STM32C051G6U6, STM32C051G8U6, STM32C051K6T6, STM32C051K6U6, STM32C051K8T6, STM32C071C8T6, STM32C071C8T6N, STM32C071C8U6, STM32C071C8U6N, STM32C071CBT6, STM32C071CBT6N, STM32C071CBU6, STM32C071CBU6N, STM32C071F8P6, STM32C071F8P6N, STM32C071FBP6, STM32C071FBP6N, STM32C071FBY6TR, STM32C071G8U6, STM32C071G8U6N, STM32C071GBU6, STM32C071GBU6N, STM32C071K8T6, STM32C071K8T6N, STM32C071K8U6, STM32C071K8U6N, STM32C071KBT6, STM32C071KBT6N, STM32C071KBU6, STM32C071KBU6N, STM32C071R8T6, STM32C071R8T6N, STM32C071RBI6N, STM32C071RBT6, STM32C071RBT6N, STM32C091CBT6, STM32C091CBU6, STM32C091CCT6, STM32C091CCU6, STM32C091ECY6TR, STM32C091FBP6, STM32C091FCP6, STM32C091GBU6, STM32C091GCU6, STM32C091KBT6, STM32C091KBU6, STM32C091KCT6, STM32C091KCU6, STM32C091RBT6, STM32C091RCI6, STM32C091RCT6, STM32C092CBT6, STM32C092CBU6, STM32C092CCT6, STM32C092CCU6, STM32C092ECY6TR, STM32C092FBP6, STM32C092FCP6, STM32C092GBU6, STM32C092GCU6, STM32C092KBT6, STM32C092KBU6, STM32C092KCT6, STM32C092KCU6, STM32C092RBT6, STM32C092RCI6, STM32C092RCT6, STM32G071K8TXN, STM32G071K8UXN, STM32G081GBU6N, STM32G081KBT6N, STM32G081KBUXN, STM32G0B1CCT6N, STM32G0B1KCT6, STM32G0B1NEY6TR, STM32G0B1RCT6N, STM32G0C1CCT6, STM32G0C1CCT6N, STM32G0C1CCU6N, STM32G0C1CET6N, STM32G0C1CEU6N, STM32G0C1KCT6, STM32G0C1NEY6TR, STM32G0C1RCI6N, STM32G0C1RCT6N, STM32G0C1REI6N, STM32G0C1RET6N, STM32G0C1VCI6, STM32G0C1VEI6, STM32G411C6T3, STM32G411C6T6, STM32G411C6U3, STM32G411C6U6, STM32G411C8T3, STM32G411C8T6, STM32G411C8U3, STM32G411C8U6, STM32G411CBT3, STM32G411CBT6, STM32G411CBU3, STM32G411CBU6, STM32G411K6T3, STM32G411K6T6, STM32G411K6U3, STM32G411K6U6, STM32G411K8T3, STM32G411K8T6, STM32G411K8U3, STM32G411K8U6, STM32G411KBT3, STM32G411KBT6, STM32G411KBU3, STM32G411KBU6, STM32G411M6T3, STM32G411M6T6, STM32G411M8T3, STM32G411M8T6, STM32G411MBT3, STM32G411MBT6, STM32G411R6T3, STM32G411R6T6, STM32G411R8T3, STM32G411R8T6, STM32G411RBT3, STM32G411RBT6, STM32G414CBT3, STM32G414CBT6, STM32G414CBU3, STM32G414CBU6, STM32G414CCT3, STM32G414CCT6, STM32G414CCU3, STM32G414CCU6, STM32G414MBT3, STM32G414MBT6, STM32G414MCT3, STM32G414MCT6, STM32G414RBT3, STM32G414RBT6, STM32G414RCT3, STM32G414RCT6, STM32G414VBT3, STM32G414VBT6, STM32G414VCT3, STM32G414VCT6, STM32G431CBT3Z, STM32G431RBT3Z, STM32G471CCT6, STM32G471CCU6, STM32G471CET3, STM32G471CET6, STM32G471CEU3, STM32G471CEU6, STM32G471MCT6, STM32G471MET3, STM32G471MET6, STM32G471MEY6TR, STM32G471QCT6, STM32G471QET3, STM32G471RCT6, STM32G471RET3, STM32G471RET6, STM32G471VCH6, STM32G471VCI6, STM32G471VCT6, STM32G471VEH3, STM32G471VEH6, STM32G471VEI3, STM32G471VEI6, STM32G471VET3, STM32G471VET6, STM32G473QET3Z, STM32G473RET3Z, STM32G474CCT6, STM32G491RET3Z, STM32H503CBT6, STM32H503CBU6, STM32H503EBY6TR, STM32H503KBU6, STM32H503RBT6, STM32H523CCT6, STM32H523CCU6, STM32H523CET6, STM32H523CEU6, STM32H523HEY6TR, STM32H523RCT6, STM32H523RET6, STM32H523VCI6, STM32H523VCT6, STM32H523VEI6, STM32H523VET6, STM32H523ZCJ6, STM32H523ZCT6, STM32H523ZEJ6, STM32H523ZET6, STM32H533CET6, STM32H533CEU6, STM32H533HEY6TR, STM32H533RET6, STM32H533VEI6, STM32H533VET6, STM32H533ZEJ6, STM32H533ZET6, STM32H562AGI6, STM32H562AII6, STM32H562IGK6, STM32H562IGT6, STM32H562IIK6, STM32H562IIT6, STM32H562RGT6, STM32H562RGV6, STM32H562RIT6, STM32H562RIV6, STM32H562VGT6, STM32H562VIT6, STM32H562ZGT6, STM32H562ZIT6, STM32H563AGI6, STM32H563AII3Q, STM32H563AII6, STM32H563IGK6, STM32H563IGT6, STM32H563IIK3Q, STM32H563IIK6, STM32H563IIT3Q, STM32H563IIT6, STM32H563MIY3QTR, STM32H563RGT6, STM32H563RGV6, STM32H563RIT6, STM32H563RIV6, STM32H563VGT6, STM32H563VIT3Q, STM32H563VIT6, STM32H563ZGT6, STM32H563ZIT3Q, STM32H563ZIT6, STM32H573AII3Q, STM32H573AII6, STM32H573I-DK, STM32H573IIK3Q, STM32H573IIK6, STM32H573IIT3Q, STM32H573IIT6, STM32H573MIY3QTR, STM32H573RIT6, STM32H573RIV6, STM32H573VIT3Q, STM32H573VIT6, STM32H573ZIT3Q, STM32H573ZIT6, STM32H7R3A8I6, STM32H7R3I8K6, STM32H7R3I8T6, STM32H7R3L8H6, STM32H7R3L8H6H, STM32H7R3R8V6, STM32H7R3V8H6, STM32H7R3V8T6, STM32H7R3V8Y6TR, STM32H7R3Z8J6, STM32H7R3Z8T6, STM32H7R7A8I6, STM32H7R7I8K6, STM32H7R7I8T6, STM32H7R7L8H6, STM32H7R7L8H6H, STM32H7R7Z8J6, STM32H7S3A8I6, STM32H7S3I8K6, STM32H7S3I8T6, STM32H7S3L8H6, STM32H7S3L8H6H, STM32H7S3R8V6, STM32H7S3V8H6, STM32H7S3V8T6, STM32H7S3V8Y6TR, STM32H7S3Z8J6, STM32H7S3Z8T6, STM32H7S78-DK, STM32H7S7A8I6, STM32H7S7I8K6, STM32H7S7I8T6, STM32H7S7L8H6, STM32H7S7L8H6H, STM32H7S7Z8J6, STM32L4R5QGI6STR, STM32MP131AAE3, STM32MP131AAF3, STM32MP131AAG3, STM32MP131CAE3, STM32MP131CAF3, STM32MP131CAG3, STM32MP131DAE7, STM32MP131DAF7, STM32MP131DAG7, STM32MP131FAE7, STM32MP131FAF7, STM32MP131FAG7, STM32MP133AAE3, STM32MP133AAF3, STM32MP133AAG3, STM32MP133CAE3, STM32MP133CAF3, STM32MP133CAG3, STM32MP133DAE7, STM32MP133DAF7, STM32MP133DAG7, STM32MP133FAE7, STM32MP133FAF7, STM32MP133FAG7, STM32MP135AAE3, STM32MP135AAF3, STM32MP135AAG3, STM32MP135CAE3, STM32MP135CAF3, STM32MP135CAG3, STM32MP135DAE7, STM32MP135DAF7, STM32MP135DAG7, STM32MP135F-DK, STM32MP135FAE7, STM32MP135FAF7, STM32MP135FAF7T, STM32MP135FAF7U, STM32MP135FAG7, STM32MP211AAL3, STM32MP211AAM3, STM32MP211AAN3, STM32MP211AAO3, STM32MP211CAL3, STM32MP211CAM3, STM32MP211CAN3, STM32MP211CAO3, STM32MP211DAL3, STM32MP211DAM3, STM32MP211DAN3, STM32MP211DAO3, STM32MP211FAL3, STM32MP211FAM3, STM32MP211FAN3, STM32MP211FAO3, STM32MP213AAL3, STM32MP213AAM3, STM32MP213AAN3, STM32MP213AAO3, STM32MP213CAL3, STM32MP213CAM3, STM32MP213CAN3, STM32MP213CAO3, STM32MP213DAL3, STM32MP213DAM3, STM32MP213DAN3, STM32MP213DAO3, STM32MP213FAL3, STM32MP213FAM3, STM32MP213FAN3, STM32MP213FAO3, STM32MP215AAL3, STM32MP215AAM3, STM32MP215AAN3, STM32MP215AAO3, STM32MP215CAL3, STM32MP215CAM3, STM32MP215CAN3, STM32MP215CAO3, STM32MP215DAL3, STM32MP215DAM3, STM32MP215DAN3, STM32MP215DAO3, STM32MP215F-DK, STM32MP215FAL3, STM32MP215FAM3, STM32MP215FAN3, STM32MP215FAO3, STM32MP231AAJ3, STM32MP231AAK3, STM32MP231AAL3, STM32MP231CAJ3, STM32MP231CAK3, STM32MP231CAL3, STM32MP231DAJ3, STM32MP231DAK3, STM32MP231DAL3, STM32MP231FAJ3, STM32MP231FAK3, STM32MP231FAL3, STM32MP233AAJ3, STM32MP233AAK3, STM32MP233AAL3, STM32MP233CAJ3, STM32MP233CAK3, STM32MP233CAL3, STM32MP233DAJ3, STM32MP233DAK3, STM32MP233DAL3, STM32MP233FAJ3, STM32MP233FAK3, STM32MP233FAL3, STM32MP235AAJ3, STM32MP235AAK3, STM32MP235AAL3, STM32MP235CAJ3, STM32MP235CAK3, STM32MP235CAL3, STM32MP235DAJ3, STM32MP235DAK3, STM32MP235DAL3, STM32MP235FAJ3, STM32MP235FAK3, STM32MP235FAL3, STM32MP251AAI3, STM32MP251AAK3, STM32MP251AAL3, STM32MP251CAI3, STM32MP251CAK3, STM32MP251CAL3, STM32MP251DAI3, STM32MP251DAK3, STM32MP251DAL3, STM32MP251FAI3, STM32MP251FAK3, STM32MP251FAL3, STM32MP253AAI3, STM32MP253AAK3, STM32MP253AAL3, STM32MP253CAI3, STM32MP253CAK3, STM32MP253CAL3, STM32MP253DAI3, STM32MP253DAK3, STM32MP253DAL3, STM32MP253FAI3, STM32MP253FAK3, STM32MP253FAL3, STM32MP255AAI3, STM32MP255AAK3, STM32MP255AAL3, STM32MP255CAI3, STM32MP255CAK3, STM32MP255CAL3, STM32MP255DAI3, STM32MP255DAK3, STM32MP255DAL3, STM32MP255FAI3, STM32MP255FAK3, STM32MP255FAL3, STM32MP257AAI3, STM32MP257AAK3, STM32MP257AAL3, STM32MP257CAI3, STM32MP257CAK3, STM32MP257CAL3, STM32MP257DAI3, STM32MP257DAK3, STM32MP257DAL3, STM32MP257F-DK, STM32MP257F-EV1, STM32MP257FAI3, STM32MP257FAK3, STM32MP257FAL3, STM32N645A0H3Q, STM32N645B0H3Q, STM32N645I0H3Q, STM32N645L0H3Q, STM32N645X0H3Q, STM32N645Z0H3Q, STM32N647A0H3Q, STM32N647B0H3Q, STM32N647I0H3Q, STM32N647L0H3Q, STM32N647X0H3Q, STM32N647Z0H3Q, STM32N655A0H3Q, STM32N655B0H3Q, STM32N655I0H3Q, STM32N655L0H3Q, STM32N655X0H3Q, STM32N655Z0H3Q, STM32N6570-DK, STM32N657A0H3Q, STM32N657B0H3Q, STM32N657I0H3Q, STM32N657L0H3Q, STM32N657X0H3Q, STM32N657Z0H3Q, STM32U031C6T6, STM32U031C6U6, STM32U031C8T6, STM32U031C8U6, STM32U031F4P6, STM32U031F6P6, STM32U031F8P6, STM32U031G6Y6TR, STM32U031G8Y6TR, STM32U031K4U6, STM32U031K6U6, STM32U031K8U6, STM32U031R6I6, STM32U031R6T6, STM32U031R8I6, STM32U031R8T6, STM32U073C8T6, STM32U073C8U6, STM32U073CBT6, STM32U073CBU6, STM32U073CCT6, STM32U073CCU6, STM32U073H8Y6TR, STM32U073HBY6TR, STM32U073HCY6TR, STM32U073K8U6, STM32U073KBU6, STM32U073KCU6, STM32U073M8I6, STM32U073M8T6, STM32U073MBI6, STM32U073MBT6, STM32U073MCI6, STM32U073MCT6, STM32U073R8I6, STM32U073R8T6, STM32U073RBI6, STM32U073RBT6, STM32U073RCI6, STM32U073RCT6, STM32U083C-DK, STM32U083CCT6, STM32U083CCU6, STM32U083HCY6TR, STM32U083KCU6, STM32U083MCI6, STM32U083MCT6, STM32U083RCI6, STM32U083RCT6, STM32U375CET6, STM32U375CET6Q, STM32U375CEU6, STM32U375CEU6Q, STM32U375CEY6QTR, STM32U375CGT6, STM32U375CGT6Q, STM32U375CGU6, STM32U375CGU6Q, STM32U375CGY6QTR, STM32U375KEU6, STM32U375KGU6, STM32U375REI6, STM32U375REI6Q, STM32U375RET6, STM32U375RET6Q, STM32U375REY6GTR, STM32U375REY6QTR, STM32U375RGI6, STM32U375RGI6Q, STM32U375RGT6, STM32U375RGT6Q, STM32U375RGY6GTR, STM32U375RGY6QTR, STM32U375VEI6, STM32U375VEI6Q, STM32U375VET6, STM32U375VET6Q, STM32U375VGI6, STM32U375VGI6Q, STM32U375VGT6, STM32U375VGT6Q, STM32U385CGT6, STM32U385CGT6Q, STM32U385CGU6, STM32U385CGU6Q, STM32U385CGY6QTR, STM32U385KGU6, STM32U385RGI6, STM32U385RGI6Q, STM32U385RGT6, STM32U385RGT6Q, STM32U385RGY6GTR, STM32U385RGY6QTR, STM32U385VGI6, STM32U385VGI6Q, STM32U385VGT6, STM32U385VGT6Q, STM32U535CBT6, STM32U535CBT6Q, STM32U535CBU6, STM32U535CBU6Q, STM32U535CCT6, STM32U535CCT6Q, STM32U535CCU6, STM32U535CCU6Q, STM32U535CET6, STM32U535CET6Q, STM32U535CEU6, STM32U535CEU6Q, STM32U535JEY6QTR, STM32U535NCY6QTR, STM32U535NEY6QTR, STM32U535RBI6, STM32U535RBI6Q, STM32U535RBT6, STM32U535RBT6Q, STM32U535RCI6, STM32U535RCI6Q, STM32U535RCT6, STM32U535RCT6Q, STM32U535REI6, STM32U535REI6Q, STM32U535RET6, STM32U535RET6Q, STM32U535VCI6, STM32U535VCI6Q, STM32U535VCT6, STM32U535VCT6Q, STM32U535VEI6, STM32U535VEI6Q, STM32U535VET6, STM32U535VET6Q, STM32U545CET6, STM32U545CET6Q, STM32U545CEU6, STM32U545CEU6Q, STM32U545JEY6QTR, STM32U545NEY6QTR, STM32U545REI6, STM32U545REI6Q, STM32U545RET6, STM32U545RET6Q, STM32U545VEI6, STM32U545VEI6Q, STM32U545VET6, STM32U545VET6Q, STM32U595AIH6, STM32U595AIH6Q, STM32U595AJH6, STM32U595AJH6Q, STM32U595QII6, STM32U595QII6Q, STM32U595QJI6, STM32U595QJI6Q, STM32U595RIT6, STM32U595RIT6Q, STM32U595RJT6, STM32U595RJT6Q, STM32U595VIT6, STM32U595VIT6Q, STM32U595VJT6, STM32U595VJT6Q, STM32U595ZIT6, STM32U595ZIT6Q, STM32U595ZIY6QTR, STM32U595ZJT6, STM32U595ZJT6Q, STM32U595ZJY6QTR, STM32U599BJY6QTR, STM32U599NIH6Q, STM32U599NJH6Q, STM32U599VIT6Q, STM32U599VJT6, STM32U599VJT6Q, STM32U599ZIT6Q, STM32U599ZIY6QTR, STM32U599ZJT6Q, STM32U599ZJY6QTR, STM32U5A5AJH6, STM32U5A5AJH6Q, STM32U5A5QII3Q , STM32U5A5QJI6, STM32U5A5QJI6Q, STM32U5A5RJT6, STM32U5A5RJT6Q, STM32U5A5VJT6, STM32U5A5VJT6Q, STM32U5A5ZJT6, STM32U5A5ZJT6Q, STM32U5A5ZJY6QTR, STM32U5A9BJY6QTR, STM32U5A9J-DK, STM32U5A9NJH6Q, STM32U5A9VJT6Q, STM32U5A9ZJT6Q, STM32U5A9ZJY6QTR, STM32U5F7VIT6, STM32U5F7VIT6Q, STM32U5F7VJT6, STM32U5F7VJT6Q, STM32U5F9BJY6QTR, STM32U5F9NJH6Q, STM32U5F9VIT6Q, STM32U5F9VJT6Q, STM32U5F9ZIJ6QTR, STM32U5F9ZIT6Q, STM32U5F9ZJJ6QTR, STM32U5F9ZJT6Q, STM32U5G7VJT6, STM32U5G7VJT6Q, STM32U5G9BJY6QTR, STM32U5G9J-DK1, STM32U5G9J-DK2, STM32U5G9NJH6Q, STM32U5G9VJT6Q, STM32U5G9ZJJ6QTR, STM32U5G9ZJT6Q, STM32WB05KZV6TR, STM32WB05KZV7TR, STM32WB05TZF6TR, STM32WB05TZF7TR, STM32WB06CCF6TR, STM32WB06CCF7TR, STM32WB06CCV6TR, STM32WB06CCV7TR, STM32WB06KCV6TR, STM32WB06KCV7TR, STM32WB07CCF6TR, STM32WB07CCF7TR, STM32WB07CCV6TR, STM32WB07CCV7TR, STM32WB07KCV6TR, STM32WB07KCV7TR, STM32WB09KEV6TR, STM32WB09KEV7TR, STM32WB09TEF6TR, STM32WB09TEF7TR, STM32WB1MMCH6, STM32WBA50KGU6, STM32WBA50KGU6TR, STM32WBA52CEU6, STM32WBA52CEU6TR, STM32WBA52CEU7, STM32WBA52CEU7TR, STM32WBA52CGU6, STM32WBA52CGU6TR, STM32WBA52CGU6U, STM32WBA52CGU7, STM32WBA52CGU7TR, STM32WBA52KEU6, STM32WBA52KEU6TR, STM32WBA52KGU6, STM32WBA52KGU6TR, STM32WBA54CEU6, STM32WBA54CEU6TR, STM32WBA54CEU7, STM32WBA54CEU7TR, STM32WBA54CGU6, STM32WBA54CGU6TR, STM32WBA54CGU7, STM32WBA54CGU7TR, STM32WBA54KEU6, STM32WBA54KEU6TR, STM32WBA54KEU7, STM32WBA54KEU7TR, STM32WBA54KGU6, STM32WBA54KGU6TR, STM32WBA54KGU7, STM32WBA54KGU7TR, STM32WBA55CEU6, STM32WBA55CEU6TR, STM32WBA55CEU7, STM32WBA55CEU7TR, STM32WBA55CGU6, STM32WBA55CGU6TR, STM32WBA55CGU6U, STM32WBA55CGU7, STM32WBA55CGU7TR, STM32WBA55G-DK1, STM32WBA55HEF6, STM32WBA55HEF7, STM32WBA55HGF6, STM32WBA55HGF7, STM32WBA55UEI6, STM32WBA55UEI6TR, STM32WBA55UEI7, STM32WBA55UEI7TR, STM32WBA55UGI6, STM32WBA55UGI6TR, STM32WBA55UGI7, STM32WBA55UGI7TR, STM32WBA5MMGH6TR, STM32WBA62MGF6, STM32WBA62MIF6, STM32WBA65MGF7, STM32WBA65MIF6, STM32WBA65MIF7, STM32WL30K8V6, STM32WL30KBV6, STM32WL31C8V6, STM32WL31CBV6, STM32WL31K8V6, STM32WL31KBV6, STM32WL33C8V6, STM32WL33C8V6X, STM32WL33CBV6, STM32WL33CBV6X, STM32WL33CCV6, STM32WL33CCV6A, STM32WL33CCV6X, STM32WL33K8V7, STM32WL33K8V7X, STM32WL33KBV7 , STM32WL33KBV7X, STM32WL33KCV7, STM32WL33KCV7X, STM32WL5MOCH6, STM32WL5MOCH6TR]
2025-07-30 14:17:47,167 [INFO] BoardInfo:889 - No configuration file found for board P-NUCLEO-WB55
2025-07-30 14:17:47,168 [INFO] DbBoards:161 - Kit is not supported: P-NUCLEO-WB55
2025-07-30 14:17:47,174 [INFO] BoardInfo:889 - No configuration file found for board STEVAL-BFA001V1B
2025-07-30 14:17:47,178 [INFO] DbBoards:161 - Kit is not supported: STEVAL-BFA001V1B
2025-07-30 14:17:47,180 [INFO] BoardInfo:889 - No configuration file found for board STEVAL-BFA001V2B
2025-07-30 14:17:47,180 [INFO] DbBoards:161 - Kit is not supported: STEVAL-BFA001V2B
2025-07-30 14:17:47,373 [INFO] DbBoards:168 - Found 212 boards, 209 are supported
2025-07-30 14:17:47,373 [INFO] DbBoards:169 - Found 212 boards, 43 of them is supported for  Bsp
2025-07-30 14:17:47,375 [INFO] ApiDb:423 - Load user favorites file C:\Users\nicks/.stm32cubeide/favorites.boards.txt: 0 item(s)
2025-07-30 14:17:47,375 [INFO] ApiDb:427 - User favorites Boards=[]
2025-07-30 14:17:47,375 [INFO] DbBoards:198 - Set 0 / 0 favorites Boards
2025-07-30 14:17:47,375 [INFO] McuFinderGlobals:76 - Set McuFinderConnectedMode to true
2025-07-30 14:17:47,379 [INFO] MultiScanPanel:200 - Auto-refresh data requested => check proxy status ongoing
2025-07-30 14:17:47,380 [INFO] FinderPluginLoader:96 - Searching for filters in installed packs
2025-07-30 14:17:48,152 [INFO] LoadUrlFilesThread:185 - End of LoadServerUrlFiles without Thread
2025-07-30 14:17:48,217 [INFO] DetailPanel:341 - Set advertising image to C:/Users/nicks/STM32Cube/Repository/\en.2400x1350px.jpeg
2025-07-30 14:17:52,236 [INFO] MultiScanPanel:200 - Auto-refresh data requested => check proxy status ongoing
2025-07-30 14:17:52,308 [INFO] LoadUrlFilesThread:185 - End of LoadServerUrlFiles without Thread
2025-07-30 14:17:52,308 [INFO] DetailPanel:341 - Set advertising image to C:/Users/nicks/STM32Cube/Repository/\en.2400x1350px.jpeg
2025-07-30 14:17:52,316 [INFO] DbBoards:642 - Loading board mini-images...
2025-07-30 14:17:53,601 [ERROR] DbBoards:659 - Image file not found for board STM32MP215F-DK: C:\Users\nicks\.stmcufinder\plugins\mcufinder//mcu//boards_images/STM32MP215F-DK.jpg
2025-07-30 14:17:53,682 [INFO] DbBoards:665 - Loaded 211 board mini-images
2025-07-30 14:18:08,334 [INFO] MainUpdater:2872 - connection check result : 10
2025-07-30 14:18:08,335 [INFO] MainUpdater:2872 - connection check result : 10
2025-07-30 14:18:08,346 [INFO] MicroXplorer:468 - Change Database Path : 
2025-07-30 14:18:08,346 [INFO] MicroXplorer:498 - Change Database Version : DB.6.0.150
2025-07-30 14:18:08,349 [WARN] ThirdParty:871 - waiting for thirdparty lock release [close project]
2025-07-30 14:18:08,349 [INFO] ThirdParty:873 - entering critical section [close project]
2025-07-30 14:18:08,350 [INFO] ThirdParty:883 - exiting critical section [close project]
2025-07-30 14:18:08,353 [INFO] PinOutPanel:1589 - setPackage(No Configuration,No Configuration)
2025-07-30 14:18:08,353 [INFO] UtilMem:75 - Begin LoadConfig() Used Memory: 570731680 Bytes (964689920)
2025-07-30 14:18:08,356 [INFO] OpenFileManager:355 - Change cursor
2025-07-30 14:18:08,400 [INFO] Mcu:2029 - Initializing MCU STM32H755ZITx STM32H755ZITx STM32H755ZIT6
2025-07-30 14:18:10,647 [INFO] Context:786 - Trying to add GPIOservice into a context  which must be forbidden
2025-07-30 14:18:10,647 [INFO] Context:786 - Trying to add GPIOservice into a context  which must be forbidden
2025-07-30 14:18:11,658 [INFO] Rule:233 - rule Adapt Old IOC before rework replace old CORTEX_M33/CORTEX_M55 attributes by the new one. is applicable
2025-07-30 14:18:11,658 [INFO] Rule:233 - rule Rename parametre of RCC RCC_APBDBG_DIV2 to RCC_TIMPRES_DIV2 is applicable
2025-07-30 14:18:11,658 [INFO] Rule:233 - rule Rename DIE493 pin PA10 [PA12] -> PA10 is applicable
2025-07-30 14:18:11,658 [INFO] Rule:233 - rule Rename DIE493 pin PA9 [PA11] -> PA9 is applicable
2025-07-30 14:18:11,658 [INFO] Rule:233 - rule Rename DIE492 PartNumber CPN STM32WBA5MJGHx -> STM32WBA5MMGHx is applicable
2025-07-30 14:18:11,658 [INFO] Rule:233 - rule Rename DIE492 PartNumber  Name STM32WBA5MJGHx -> STM32WBA5MMGHx is applicable
2025-07-30 14:18:11,658 [INFO] Rule:233 - rule Rename DIE492 PartNumber UserName STM32WBA5MJGHx -> STM32WBA5MMGHx is applicable
2025-07-30 14:18:11,658 [INFO] Rule:233 - rule Rename DIE492 PartNumber DeviceId STM32WBA5MJGHx -> STM32WBA5MMGHx is applicable
2025-07-30 14:18:11,658 [INFO] Rule:233 - rule Adapt Old IOC CSI. is applicable
2025-07-30 14:18:11,659 [INFO] Rule:233 - rule Adapt Old IOC DCMIPP. is applicable
2025-07-30 14:18:11,659 [INFO] Rule:233 - rule Adapt Old IOC DCMIPP Mode Parallel. is applicable
2025-07-30 14:18:11,659 [INFO] Rule:233 - rule Adapt Old IOC LTDC. is applicable
2025-07-30 14:18:11,659 [INFO] Rule:233 - rule Rename STM32MP2 RIF Peripheral LTDC RIF.RISUP.LTDC_L0L1.Privilege -> RIF.RISUP.LTDC_L1L2.Privilege is applicable
2025-07-30 14:18:11,659 [INFO] Rule:233 - rule Rename STM32MP2 RIF Peripheral LTDC RIF.RISUP.LTDC_L0L1.Privilege -> RIF.RISUP.LTDC_L1L2.Privilege is applicable
2025-07-30 14:18:11,659 [INFO] Rule:233 - rule Rename STM32MP2 RIF Peripheral LTDC RIF.RISUP.LTDC_L0L1.Lock -> RIF.RISUP.LTDC_L1L2.Lock is applicable
2025-07-30 14:18:11,659 [INFO] Rule:233 - rule Rename STM32MP2 RIF Peripheral LTDC RIF.RISUP.LTDC_L2.Lock -> RIF.RISUP.LTDC_L3.Lock is applicable
2025-07-30 14:18:11,659 [INFO] Rule:233 - rule Adapt the old IOC example for updating the SYS when it is misconfigured. is applicable
2025-07-30 14:18:11,659 [INFO] Rule:233 - rule Rename STM32C09 Mcu.Package LQFP64 -> LQFP48 is applicable
2025-07-30 14:18:11,659 [INFO] Rule:233 - rule Adapt the old IOC example for updating the SYS when it is misconfigured. is applicable
2025-07-30 14:18:11,659 [INFO] Rule:233 - rule Adapt the old IOC example for updating the SYS when it is misconfigured. is applicable
2025-07-30 14:18:11,660 [INFO] DbConfProperties:307 - Apply Compatibility (4/20 Rules)
2025-07-30 14:18:11,701 [INFO] ApiDbMcu:532 - Load IP Config File for NUCLEO-H755ZI-Q
2025-07-30 14:18:11,845 [INFO] Context:786 - Trying to add GPIOservice into a context  which must be forbidden
2025-07-30 14:18:11,856 [INFO] Context:786 - Trying to add GPIOservice into a context  which must be forbidden
2025-07-30 14:18:11,858 [INFO] ImportTextPane:234 - (OptionalMessage_ERROR) Pin27 (VP_RIF_VS_RIF1) cannot be retrieved for this MCU
2025-07-30 14:18:12,022 [INFO] RtosManager:558 - Registered RTOS mode: class=CMSIS, group=RTOS, mode=CMSIS_V1, owner=FREERTOS_M7
2025-07-30 14:18:12,023 [INFO] RtosManager:558 - Registered RTOS mode: class=CMSIS, group=RTOS2, mode=CMSIS_V2, owner=FREERTOS_M7
2025-07-30 14:18:12,023 [INFO] RtosManager:558 - Registered RTOS mode: class=RTOS, group=Core, mode=CMSIS_V1, owner=FREERTOS_M7
2025-07-30 14:18:12,023 [INFO] RtosManager:558 - Registered RTOS mode: class=RTOS, group=Core, mode=CMSIS_V2, owner=FREERTOS_M7
2025-07-30 14:18:12,023 [WARN] ModelIntegratedComponent:184 - Missing modes for component STMicroelectronics:FreeRTOS:0.0.1:STMicroelectronics:RTOS:FreeRTOS:Core:::10.2.0:
2025-07-30 14:18:12,039 [WARN] ModelIntegratedComponent:63 - No mode defined for component null
2025-07-30 14:18:12,039 [WARN] ModelIntegratedComponent:63 - No mode defined for component null
2025-07-30 14:18:12,039 [WARN] ModelIntegratedComponent:63 - No mode defined for component null
2025-07-30 14:18:12,039 [WARN] ModelIntegratedComponent:63 - No mode defined for component null
2025-07-30 14:18:12,039 [WARN] ModelIntegratedComponent:63 - No mode defined for component null
2025-07-30 14:18:12,039 [WARN] ModelIntegratedComponent:63 - No mode defined for component null
2025-07-30 14:18:12,039 [WARN] ModelIntegratedComponent:63 - No mode defined for component null
2025-07-30 14:18:12,039 [WARN] ModelIntegratedComponent:63 - No mode defined for component null
2025-07-30 14:18:12,039 [WARN] ModelIntegratedComponent:63 - No mode defined for component null
2025-07-30 14:18:12,039 [WARN] ModelIntegratedComponent:63 - No mode defined for component null
2025-07-30 14:18:12,039 [WARN] ModelIntegratedComponent:63 - No mode defined for component null
2025-07-30 14:18:12,039 [WARN] ModelIntegratedComponent:63 - No mode defined for component null
2025-07-30 14:18:12,039 [WARN] ModelIntegratedComponent:63 - No mode defined for component null
2025-07-30 14:18:12,039 [WARN] ModelIntegratedComponent:63 - No mode defined for component null
2025-07-30 14:18:12,039 [WARN] ModelIntegratedComponent:63 - No mode defined for component null
2025-07-30 14:18:12,039 [WARN] ModelIntegratedComponent:63 - No mode defined for component null
2025-07-30 14:18:12,039 [WARN] ModelIntegratedComponent:63 - No mode defined for component null
2025-07-30 14:18:12,039 [WARN] ModelIntegratedComponent:63 - No mode defined for component null
2025-07-30 14:18:12,039 [WARN] ModelIntegratedComponent:63 - No mode defined for component null
2025-07-30 14:18:12,039 [WARN] ModelIntegratedComponent:63 - No mode defined for component null
2025-07-30 14:18:12,039 [WARN] ModelIntegratedComponent:63 - No mode defined for component null
2025-07-30 14:18:12,039 [WARN] ModelIntegratedComponent:63 - No mode defined for component null
2025-07-30 14:18:12,039 [WARN] ModelIntegratedComponent:63 - No mode defined for component null
2025-07-30 14:18:12,040 [WARN] ModelIntegratedComponent:63 - No mode defined for component null
2025-07-30 14:18:12,040 [WARN] ModelIntegratedComponent:63 - No mode defined for component null
2025-07-30 14:18:12,040 [WARN] ModelIntegratedComponent:63 - No mode defined for component null
2025-07-30 14:18:12,040 [WARN] ModelIntegratedComponent:63 - No mode defined for component null
2025-07-30 14:18:12,040 [WARN] ModelIntegratedComponent:63 - No mode defined for component null
2025-07-30 14:18:12,040 [WARN] ModelIntegratedComponent:63 - No mode defined for component null
2025-07-30 14:18:12,040 [WARN] ModelIntegratedComponent:63 - No mode defined for component null
2025-07-30 14:18:12,040 [WARN] ModelIntegratedComponent:63 - No mode defined for component null
2025-07-30 14:18:12,040 [WARN] ModelIntegratedComponent:63 - No mode defined for component null
2025-07-30 14:18:12,040 [WARN] ModelIntegratedComponent:63 - No mode defined for component null
2025-07-30 14:18:12,040 [WARN] ModelIntegratedComponent:63 - No mode defined for component null
2025-07-30 14:18:12,040 [WARN] ModelIntegratedComponent:63 - No mode defined for component null
2025-07-30 14:18:12,040 [WARN] ModelPack:524 - Component already loaded: STMicroelectronics:HAL Drivers:0.0.0:STMicroelectronics:Device:STMicro_Driver:XSPI:HAL::0.0.1:HAL_XSPI
2025-07-30 14:18:12,142 [INFO] RtosManager:558 - Registered RTOS mode: class=CMSIS, group=RTOS, mode=CMSIS_V1, owner=FREERTOS_M4
2025-07-30 14:18:12,142 [INFO] RtosManager:558 - Registered RTOS mode: class=CMSIS, group=RTOS2, mode=CMSIS_V2, owner=FREERTOS_M4
2025-07-30 14:18:12,142 [INFO] RtosManager:558 - Registered RTOS mode: class=RTOS, group=Core, mode=CMSIS_V1, owner=FREERTOS_M4
2025-07-30 14:18:12,142 [INFO] RtosManager:558 - Registered RTOS mode: class=RTOS, group=Core, mode=CMSIS_V2, owner=FREERTOS_M4
2025-07-30 14:18:12,143 [WARN] ModelIntegratedComponent:184 - Missing modes for component STMicroelectronics:FreeRTOS:0.0.1:STMicroelectronics:RTOS:FreeRTOS:Core:::10.2.0:
2025-07-30 14:18:12,149 [WARN] ModelIntegratedComponent:63 - No mode defined for component null
2025-07-30 14:18:12,149 [WARN] ModelIntegratedComponent:63 - No mode defined for component null
2025-07-30 14:18:12,149 [WARN] ModelIntegratedComponent:63 - No mode defined for component null
2025-07-30 14:18:12,149 [WARN] ModelIntegratedComponent:63 - No mode defined for component null
2025-07-30 14:18:12,149 [WARN] ModelIntegratedComponent:63 - No mode defined for component null
2025-07-30 14:18:12,149 [WARN] ModelIntegratedComponent:63 - No mode defined for component null
2025-07-30 14:18:12,149 [WARN] ModelIntegratedComponent:63 - No mode defined for component null
2025-07-30 14:18:12,149 [WARN] ModelIntegratedComponent:63 - No mode defined for component null
2025-07-30 14:18:12,149 [WARN] ModelIntegratedComponent:63 - No mode defined for component null
2025-07-30 14:18:12,150 [WARN] ModelIntegratedComponent:63 - No mode defined for component null
2025-07-30 14:18:12,150 [WARN] ModelIntegratedComponent:63 - No mode defined for component null
2025-07-30 14:18:12,150 [WARN] ModelIntegratedComponent:63 - No mode defined for component null
2025-07-30 14:18:12,150 [WARN] ModelIntegratedComponent:63 - No mode defined for component null
2025-07-30 14:18:12,150 [WARN] ModelIntegratedComponent:63 - No mode defined for component null
2025-07-30 14:18:12,150 [WARN] ModelIntegratedComponent:63 - No mode defined for component null
2025-07-30 14:18:12,150 [WARN] ModelIntegratedComponent:63 - No mode defined for component null
2025-07-30 14:18:12,150 [WARN] ModelIntegratedComponent:63 - No mode defined for component null
2025-07-30 14:18:12,150 [WARN] ModelIntegratedComponent:63 - No mode defined for component null
2025-07-30 14:18:12,150 [WARN] ModelIntegratedComponent:63 - No mode defined for component null
2025-07-30 14:18:12,150 [WARN] ModelIntegratedComponent:63 - No mode defined for component null
2025-07-30 14:18:12,150 [WARN] ModelIntegratedComponent:63 - No mode defined for component null
2025-07-30 14:18:12,150 [WARN] ModelIntegratedComponent:63 - No mode defined for component null
2025-07-30 14:18:12,150 [WARN] ModelIntegratedComponent:63 - No mode defined for component null
2025-07-30 14:18:12,150 [WARN] ModelIntegratedComponent:63 - No mode defined for component null
2025-07-30 14:18:12,150 [WARN] ModelIntegratedComponent:63 - No mode defined for component null
2025-07-30 14:18:12,150 [WARN] ModelIntegratedComponent:63 - No mode defined for component null
2025-07-30 14:18:12,150 [WARN] ModelIntegratedComponent:63 - No mode defined for component null
2025-07-30 14:18:12,150 [WARN] ModelIntegratedComponent:63 - No mode defined for component null
2025-07-30 14:18:12,150 [WARN] ModelIntegratedComponent:63 - No mode defined for component null
2025-07-30 14:18:12,150 [WARN] ModelIntegratedComponent:63 - No mode defined for component null
2025-07-30 14:18:12,150 [WARN] ModelIntegratedComponent:63 - No mode defined for component null
2025-07-30 14:18:12,150 [WARN] ModelIntegratedComponent:63 - No mode defined for component null
2025-07-30 14:18:12,150 [WARN] ModelIntegratedComponent:63 - No mode defined for component null
2025-07-30 14:18:12,150 [WARN] ModelIntegratedComponent:63 - No mode defined for component null
2025-07-30 14:18:12,150 [WARN] ModelIntegratedComponent:63 - No mode defined for component null
2025-07-30 14:18:12,150 [WARN] ModelPack:524 - Component already loaded: STMicroelectronics:HAL Drivers:0.0.0:STMicroelectronics:Device:STMicro_Driver:XSPI:HAL::0.0.1:HAL_XSPI
2025-07-30 14:18:12,224 [INFO] ThirdPartyModel:298 - Start build external matchings
2025-07-30 14:18:12,908 [INFO] ThirdPartyModel:316 - End build external matchings
2025-07-30 14:18:12,921 [INFO] ThirdPartyModel:298 - Start build external matchings
2025-07-30 14:18:13,600 [INFO] ThirdPartyModel:316 - End build external matchings
2025-07-30 14:18:13,734 [INFO] UtilMem:75 - End LoadConfig() Used Memory: 684849224 Bytes (1073741824)
2025-07-30 14:18:17,115 [INFO] BspBoardWizard:580 - Analytics plugin initialized with success
2025-07-30 14:18:17,221 [INFO] BspBoardWizard:580 - Analytics plugin initialized with success
2025-07-30 14:18:17,246 [INFO] BspBoardWizard:580 - Analytics plugin initialized with success
2025-07-30 14:18:17,351 [WARN] ThirdParty:833 - waiting for thirdparty lock release [change project]
2025-07-30 14:18:17,351 [INFO] ThirdParty:835 - entering critical section [change project]
2025-07-30 14:18:17,351 [INFO] ThirdParty:1030 - CMSIS Pack Vendor :STMicroelectronics X-CUBE-PM33A1 1.0.0
2025-07-30 14:18:17,351 [INFO] ThirdParty:1030 - CMSIS Pack Vendor :STMicroelectronics USBPD 4.1
2025-07-30 14:18:17,351 [INFO] ThirdParty:1030 - CMSIS Pack Vendor :STMicroelectronics X-CUBE-AZRTOS-H7 3.3.0
2025-07-30 14:18:17,351 [INFO] ThirdParty:1030 - CMSIS Pack Vendor :STMicroelectronics X-CUBE-NFC9 1.0.0
2025-07-30 14:18:17,351 [INFO] ThirdParty:1030 - CMSIS Pack Vendor :STMicroelectronics USB_HOST 2.0.0
2025-07-30 14:18:17,351 [INFO] ThirdParty:1030 - CMSIS Pack Vendor :STMicroelectronics FP-SNS-MOTENVWB1 1.4.0
2025-07-30 14:18:17,351 [INFO] ThirdParty:1030 - CMSIS Pack Vendor :STMicroelectronics X-CUBE-AZRTOS-F4 1.1.0
2025-07-30 14:18:17,351 [INFO] ThirdParty:1030 - CMSIS Pack Vendor :STMicroelectronics LIBJPEG 8.0.0
2025-07-30 14:18:17,351 [INFO] ThirdParty:1030 - CMSIS Pack Vendor :STMicroelectronics FP-ATR-ASTRA1 2.0.2
2025-07-30 14:18:17,351 [INFO] ThirdParty:1030 - CMSIS Pack Vendor :STMicroelectronics FP-ATR-ASTRA1 2.0.1
2025-07-30 14:18:17,351 [INFO] ThirdParty:1030 - CMSIS Pack Vendor :STMicroelectronics X-CUBE-BLE1 7.1.0
2025-07-30 14:18:17,351 [INFO] ThirdParty:1030 - CMSIS Pack Vendor :Avnet-IotConnect X-CUBE-IoTC-DA16k-PMOD 1.0.0
2025-07-30 14:18:17,351 [INFO] ThirdParty:1030 - CMSIS Pack Vendor :STMicroelectronics X-CUBE-SMBUS 2.1.0
2025-07-30 14:18:17,351 [INFO] ThirdParty:1030 - CMSIS Pack Vendor :STMicroelectronics X-CUBE-WB05N 1.1.0
2025-07-30 14:18:17,352 [INFO] ThirdParty:1030 - CMSIS Pack Vendor :wolfSSL I-CUBE-wolfMQTT 1.19.2
2025-07-30 14:18:17,352 [INFO] ThirdParty:1030 - CMSIS Pack Vendor :STMicroelectronics USB_DEVICE 3.0.0
2025-07-30 14:18:17,352 [INFO] ThirdParty:1030 - CMSIS Pack Vendor :STMicroelectronics X-CUBE-ISPU 2.1.0
2025-07-30 14:18:17,352 [INFO] ThirdParty:1030 - CMSIS Pack Vendor :STMicroelectronics X-CUBE-EEPRMA1 5.2.0
2025-07-30 14:18:17,352 [INFO] ThirdParty:1030 - CMSIS Pack Vendor :STMicroelectronics X-CUBE-BLEMGR 4.1.0
2025-07-30 14:18:17,352 [INFO] ThirdParty:1030 - CMSIS Pack Vendor :STMicroelectronics X-CUBE-AZRTOS-WB 2.0.0
2025-07-30 14:18:17,352 [INFO] ThirdParty:1030 - CMSIS Pack Vendor :STMicroelectronics X-CUBE-ST60 1.0.0
2025-07-30 14:18:17,352 [INFO] ThirdParty:1030 - CMSIS Pack Vendor :STMicroelectronics X-CUBE-GNSS1 7.0.1
2025-07-30 14:18:17,352 [INFO] ThirdParty:1030 - CMSIS Pack Vendor :STMicroelectronics X-CUBE-NFC12 1.0.0
2025-07-30 14:18:17,352 [INFO] ThirdParty:1030 - CMSIS Pack Vendor :STMicroelectronics X-CUBE-AZRTOS-F7 1.1.0
2025-07-30 14:18:17,352 [INFO] ThirdParty:1030 - CMSIS Pack Vendor :STMicroelectronics X-CUBE-AZRTOS-L5 2.0.0
2025-07-30 14:18:17,352 [INFO] ThirdParty:1030 - CMSIS Pack Vendor :STMicroelectronics X-CUBE-TOUCHGFX 4.25.0
2025-07-30 14:18:17,352 [INFO] ThirdParty:1030 - CMSIS Pack Vendor :STMicroelectronics USB_DEVICE 2.0.0
2025-07-30 14:18:17,352 [INFO] ThirdParty:1030 - CMSIS Pack Vendor :STMicroelectronics X-CUBE-NFC6 3.1.0
2025-07-30 14:18:17,352 [INFO] ThirdParty:1030 - CMSIS Pack Vendor :STMicroelectronics X-CUBE-AI 10.1.0
2025-07-30 14:18:17,352 [INFO] ThirdParty:1030 - CMSIS Pack Vendor :STMicroelectronics X-CUBE-MEMS1 11.2.0
2025-07-30 14:18:17,352 [INFO] ThirdParty:1030 - CMSIS Pack Vendor :STMicroelectronics FreeRTOS 0.0.1
2025-07-30 14:18:17,352 [INFO] ThirdParty:1030 - CMSIS Pack Vendor :STMicroelectronics X-CUBE-AZRTOS-G0 1.1.0
2025-07-30 14:18:17,352 [INFO] ThirdParty:1030 - CMSIS Pack Vendor :STMicroelectronics X-CUBE-SAFEA1 1.2.2
2025-07-30 14:18:17,352 [INFO] ThirdParty:1030 - CMSIS Pack Vendor :STMicroelectronics X-CUBE-NFC4 3.0.0
2025-07-30 14:18:17,352 [INFO] ThirdParty:1030 - CMSIS Pack Vendor :STMicroelectronics X-CUBE-SUBG2 5.0.0
2025-07-30 14:18:17,352 [INFO] ThirdParty:1030 - CMSIS Pack Vendor :STMicroelectronics X-CUBE-AZRTOS-H7RS 1.1.0
2025-07-30 14:18:17,352 [INFO] ThirdParty:1030 - CMSIS Pack Vendor :STMicroelectronics STM32_WPAN 1.0.0
2025-07-30 14:18:17,352 [INFO] ThirdParty:1030 - CMSIS Pack Vendor :EmbeddedOffice I-CUBE-FS-RTOS 1.0.1
2025-07-30 14:18:17,352 [INFO] ThirdParty:1030 - CMSIS Pack Vendor :STMicroelectronics lwIP 2.0.3
2025-07-30 14:18:17,352 [INFO] ThirdParty:1030 - CMSIS Pack Vendor :STMicroelectronics FP-SNS-FLIGHT1 5.0.2
2025-07-30 14:18:17,352 [INFO] ThirdParty:1030 - CMSIS Pack Vendor :Cesanta I-CUBE-Mongoose 7.13.0
2025-07-30 14:18:17,352 [INFO] ThirdParty:1030 - CMSIS Pack Vendor :STMicroelectronics USB_HOST 1.0.0
2025-07-30 14:18:17,352 [INFO] ThirdParty:1030 - CMSIS Pack Vendor :Infineon AIROC-Wi-Fi-Bluetooth-STM32 1.7.0
2025-07-30 14:18:17,352 [INFO] ThirdParty:1030 - CMSIS Pack Vendor :STMicroelectronics X-CUBE-AZRTOS-G4 2.0.0
2025-07-30 14:18:17,352 [INFO] ThirdParty:1030 - CMSIS Pack Vendor :STMicroelectronics X-CUBE-WB05N 2.0.0
2025-07-30 14:18:17,353 [INFO] ThirdParty:1030 - CMSIS Pack Vendor :STMicroelectronics PDM2PCM 3.1.0
2025-07-30 14:18:17,353 [INFO] ThirdParty:1030 - CMSIS Pack Vendor :STMicroelectronics PDM2PCM 3.3.0
2025-07-30 14:18:17,353 [INFO] ThirdParty:1030 - CMSIS Pack Vendor :wolfSSL I-CUBE-wolfTPM 3.8.0
2025-07-30 14:18:17,353 [INFO] ThirdParty:1030 - CMSIS Pack Vendor :STMicroelectronics X-CUBE-AZRTOS-H7 3.4.0
2025-07-30 14:18:17,353 [INFO] ThirdParty:1030 - CMSIS Pack Vendor :STMicroelectronics X-CUBE-DISPLAY 3.0.0
2025-07-30 14:18:17,353 [INFO] ThirdParty:1030 - CMSIS Pack Vendor :wolfSSL I-CUBE-wolfSSH 1.4.20
2025-07-30 14:18:17,353 [INFO] ThirdParty:1030 - CMSIS Pack Vendor :STMicroelectronics X-CUBE-NFC7 2.0.0
2025-07-30 14:18:17,353 [INFO] ThirdParty:1030 - CMSIS Pack Vendor :STMicroelectronics X-CUBE-TCPP 4.2.0
2025-07-30 14:18:17,353 [INFO] ThirdParty:1030 - CMSIS Pack Vendor :RealThread X-CUBE-RT-Thread_Nano 4.1.1
2025-07-30 14:18:17,353 [INFO] ThirdParty:1030 - CMSIS Pack Vendor :STMicroelectronics FP-ATR-SIGFOX1 3.2.0
2025-07-30 14:18:17,353 [INFO] ThirdParty:1030 - CMSIS Pack Vendor :STMicroelectronics X-CUBE-NFC10 1.0.0
2025-07-30 14:18:17,353 [INFO] ThirdParty:1030 - CMSIS Pack Vendor :STMicroelectronics X-CUBE-BLEMGR 4.0.0
2025-07-30 14:18:17,353 [INFO] ThirdParty:1030 - CMSIS Pack Vendor :STMicroelectronics X-CUBE-EEPRMA1 5.1.0
2025-07-30 14:18:17,353 [INFO] ThirdParty:1030 - CMSIS Pack Vendor :STMicroelectronics X-CUBE-FREERTOS 1.3.1
2025-07-30 14:18:17,353 [INFO] ThirdParty:1030 - CMSIS Pack Vendor :STMicroelectronics HAL Drivers 0.0.0
2025-07-30 14:18:17,353 [INFO] ThirdParty:1030 - CMSIS Pack Vendor :STMicroelectronics MBEDTLS 2.16.2
2025-07-30 14:18:17,353 [INFO] ThirdParty:1030 - CMSIS Pack Vendor :STMicroelectronics X-CUBE-IPS 3.1.0
2025-07-30 14:18:17,353 [INFO] ThirdParty:1030 - CMSIS Pack Vendor :STMicroelectronics X-CUBE-ALS 1.0.2
2025-07-30 14:18:17,353 [INFO] ThirdParty:1030 - CMSIS Pack Vendor :emotas I-CUBE-CANOPEN 1.3.0
2025-07-30 14:18:17,353 [INFO] ThirdParty:1030 - CMSIS Pack Vendor :STMicroelectronics X-CUBE-FREERTOS 1.3.0
2025-07-30 14:18:17,353 [INFO] ThirdParty:1030 - CMSIS Pack Vendor :STMicroelectronics X-CUBE-NFC7 1.0.1
2025-07-30 14:18:17,353 [INFO] ThirdParty:1030 - CMSIS Pack Vendor :STMicroelectronics MBEDTLS 2.14.1
2025-07-30 14:18:17,353 [INFO] ThirdParty:1030 - CMSIS Pack Vendor :wolfSSL I-CUBE-wolfSSL 5.7.6
2025-07-30 14:18:17,353 [INFO] ThirdParty:1030 - CMSIS Pack Vendor :ITTIA_DB I-CUBE-ITTIADB 8.9.0
2025-07-30 14:18:17,353 [INFO] ThirdParty:1030 - CMSIS Pack Vendor :portGmbH I-Cube-SoM-uGOAL 1.1.0
2025-07-30 14:18:17,353 [INFO] ThirdParty:1030 - CMSIS Pack Vendor :quantropi X-CUBE-qispace-sdk-base 2.0.0
2025-07-30 14:18:17,353 [INFO] ThirdParty:1030 - CMSIS Pack Vendor :STMicroelectronics X-CUBE-AI 10.0.0
2025-07-30 14:18:17,353 [INFO] ThirdParty:1030 - CMSIS Pack Vendor :STMicroelectronics X-CUBE-ST67W61 1.0.0
2025-07-30 14:18:17,353 [INFO] ThirdParty:1030 - CMSIS Pack Vendor :STMicroelectronics FP-SNS-STAIOTCFT 1.0.0
2025-07-30 14:18:17,353 [INFO] ThirdParty:1030 - CMSIS Pack Vendor :STMicroelectronics ThreadX 1.0.0
2025-07-30 14:18:17,353 [INFO] ThirdParty:1030 - CMSIS Pack Vendor :STMicroelectronics FP-SNS-SMARTAG2 1.2.0
2025-07-30 14:18:17,353 [INFO] ThirdParty:1030 - CMSIS Pack Vendor :STMicroelectronics FP-SNS-FLIGHT1 5.1.0
2025-07-30 14:18:17,353 [INFO] ThirdParty:1030 - CMSIS Pack Vendor :STMicroelectronics X-CUBE-AZRTOS-WL 2.0.0
2025-07-30 14:18:17,353 [INFO] ThirdParty:1030 - CMSIS Pack Vendor :SEGGER I-CUBE-embOS 1.3.1
2025-07-30 14:18:17,353 [INFO] ThirdParty:1030 - CMSIS Pack Vendor :STMicroelectronics X-CUBE-ALGOBUILD 1.4.0
2025-07-30 14:18:17,353 [INFO] ThirdParty:1030 - CMSIS Pack Vendor :STMicroelectronics X-CUBE-DPower 1.3.0
2025-07-30 14:18:17,353 [INFO] ThirdParty:1030 - CMSIS Pack Vendor :STMicroelectronics X-CUBE-MEMS1 11.3.0
2025-07-30 14:18:17,353 [INFO] ThirdParty:1030 - CMSIS Pack Vendor :STMicroelectronics FP-SNS-MOTENV1 5.0.0
2025-07-30 14:18:17,353 [INFO] ThirdParty:1030 - CMSIS Pack Vendor :STMicroelectronics USB_DEVICE 1.0.0
2025-07-30 14:18:17,353 [INFO] ThirdParty:1030 - CMSIS Pack Vendor :STMicroelectronics X-CUBE-AZRTOS-L4 2.0.0
2025-07-30 14:18:17,353 [INFO] ThirdParty:1030 - CMSIS Pack Vendor :STMicroelectronics ThreadX 0.0.2
2025-07-30 14:18:17,353 [INFO] ThirdParty:1030 - CMSIS Pack Vendor :WES I-CUBE-Cesium 1.3.0
2025-07-30 14:18:17,353 [INFO] ThirdParty:1030 - CMSIS Pack Vendor :STMicroelectronics lwIP 2.1.2
2025-07-30 14:18:17,353 [INFO] ThirdParty:1030 - CMSIS Pack Vendor :STMicroelectronics X-CUBE-SFXS2LP1 4.0.0
2025-07-30 14:18:17,353 [INFO] ThirdParty:1030 - CMSIS Pack Vendor :STMicroelectronics X-CUBE-BLE2 3.3.0
2025-07-30 14:18:17,353 [INFO] ThirdParty:1030 - CMSIS Pack Vendor :STMicroelectronics X-CUBE-TOF1 3.4.3
2025-07-30 14:18:17,353 [INFO] ThirdParty:1030 - CMSIS Pack Vendor :STMicroelectronics PDM2PCM 3.2.0
2025-07-30 14:18:17,354 [INFO] ThirdParty:841 - exiting critical section [change project]
2025-07-30 14:18:17,817 [INFO] PinOutPanel:1589 - setPackage(No Configuration,No Configuration)
2025-07-30 14:18:17,818 [INFO] PinOutPanel:1589 - setPackage(STM32H755ZITx,LQFP144)
2025-07-30 14:18:18,289 [INFO] UtilMem:75 - Before build in PCC Used Memory: 738524096 Bytes (1073741824)
2025-07-30 14:18:18,812 [INFO] UtilMem:75 - After build in PCC Used Memory: 897907648 Bytes (1073741824)
2025-07-30 14:18:18,839 [INFO] IPUIPlugin:80 - create IPUIPlugin
2025-07-30 14:18:18,839 [INFO] IPUIPlugin:80 - create IPUIPlugin
2025-07-30 14:18:18,839 [INFO] IPUIPlugin:80 - create IPUIPlugin
2025-07-30 14:18:18,839 [INFO] IPUIPlugin:80 - create IPUIPlugin
2025-07-30 14:18:18,839 [INFO] IPUIPlugin:80 - create IPUIPlugin
2025-07-30 14:18:18,839 [INFO] IPUIPlugin:80 - create IPUIPlugin
2025-07-30 14:18:18,839 [INFO] IPUIPlugin:80 - create IPUIPlugin
2025-07-30 14:18:18,839 [INFO] IPUIPlugin:80 - create IPUIPlugin
2025-07-30 14:18:18,839 [INFO] IPUIPlugin:80 - create IPUIPlugin
2025-07-30 14:18:18,839 [INFO] IPUIPlugin:80 - create IPUIPlugin
2025-07-30 14:18:18,839 [INFO] IPUIPlugin:80 - create IPUIPlugin
2025-07-30 14:18:18,839 [INFO] IPUIPlugin:80 - create IPUIPlugin
2025-07-30 14:18:18,839 [INFO] IPUIPlugin:80 - create IPUIPlugin
2025-07-30 14:18:18,839 [INFO] IPUIPlugin:80 - create IPUIPlugin
2025-07-30 14:18:18,840 [INFO] IPUIPlugin:80 - create IPUIPlugin
2025-07-30 14:18:18,840 [INFO] IPUIPlugin:80 - create IPUIPlugin
2025-07-30 14:18:18,840 [INFO] IPUIPlugin:80 - create IPUIPlugin
2025-07-30 14:18:18,840 [INFO] IPUIPlugin:80 - create IPUIPlugin
2025-07-30 14:18:18,840 [INFO] IPUIPlugin:80 - create IPUIPlugin
2025-07-30 14:18:18,840 [INFO] IPUIPlugin:80 - create IPUIPlugin
2025-07-30 14:18:18,840 [INFO] IPUIPlugin:80 - create IPUIPlugin
2025-07-30 14:18:18,840 [INFO] IPUIPlugin:80 - create IPUIPlugin
2025-07-30 14:18:18,840 [INFO] IPUIPlugin:80 - create IPUIPlugin
2025-07-30 14:18:18,840 [INFO] IPUIPlugin:80 - create IPUIPlugin
2025-07-30 14:18:18,840 [INFO] IPUIPlugin:80 - create IPUIPlugin
2025-07-30 14:18:18,840 [INFO] IPUIPlugin:80 - create IPUIPlugin
2025-07-30 14:18:18,840 [INFO] IPUIPlugin:80 - create IPUIPlugin
2025-07-30 14:18:18,840 [INFO] IPUIPlugin:80 - create IPUIPlugin
2025-07-30 14:18:18,841 [INFO] IPUIPlugin:80 - create IPUIPlugin
2025-07-30 14:18:18,841 [INFO] IPUIPlugin:80 - create IPUIPlugin
2025-07-30 14:18:18,841 [INFO] IPUIPlugin:80 - create IPUIPlugin
2025-07-30 14:18:18,841 [INFO] IPUIPlugin:80 - create IPUIPlugin
2025-07-30 14:18:18,841 [INFO] IPUIPlugin:80 - create IPUIPlugin
2025-07-30 14:18:18,841 [INFO] IPUIPlugin:80 - create IPUIPlugin
2025-07-30 14:18:18,841 [INFO] IPUIPlugin:80 - create IPUIPlugin
2025-07-30 14:18:18,841 [INFO] IPUIPlugin:80 - create IPUIPlugin
2025-07-30 14:18:18,841 [INFO] IPUIPlugin:80 - create IPUIPlugin
2025-07-30 14:18:18,841 [INFO] IPUIPlugin:80 - create IPUIPlugin
2025-07-30 14:18:18,842 [INFO] IPUIPlugin:80 - create IPUIPlugin
2025-07-30 14:18:18,842 [INFO] IPUIPlugin:80 - create IPUIPlugin
2025-07-30 14:18:18,842 [INFO] IPUIPlugin:80 - create IPUIPlugin
2025-07-30 14:18:18,842 [INFO] IPUIPlugin:80 - create IPUIPlugin
2025-07-30 14:18:18,842 [INFO] IPUIPlugin:80 - create IPUIPlugin
2025-07-30 14:18:18,843 [INFO] IPUIPlugin:80 - create IPUIPlugin
2025-07-30 14:18:18,843 [INFO] IPUIPlugin:80 - create IPUIPlugin
2025-07-30 14:18:18,843 [INFO] IPUIPlugin:80 - create IPUIPlugin
2025-07-30 14:18:18,843 [INFO] IPUIPlugin:80 - create IPUIPlugin
2025-07-30 14:18:18,843 [INFO] IPUIPlugin:80 - create IPUIPlugin
2025-07-30 14:18:18,844 [INFO] IPUIPlugin:80 - create IPUIPlugin
2025-07-30 14:18:18,844 [INFO] IPUIPlugin:80 - create IPUIPlugin
2025-07-30 14:18:18,844 [INFO] IPUIPlugin:80 - create IPUIPlugin
2025-07-30 14:18:18,844 [INFO] IPUIPlugin:80 - create IPUIPlugin
2025-07-30 14:18:18,844 [INFO] IPUIPlugin:80 - create IPUIPlugin
2025-07-30 14:18:18,844 [INFO] IPUIPlugin:80 - create IPUIPlugin
2025-07-30 14:18:18,844 [INFO] IPUIPlugin:80 - create IPUIPlugin
2025-07-30 14:18:18,845 [INFO] IPUIPlugin:80 - create IPUIPlugin
2025-07-30 14:18:18,845 [INFO] IPUIPlugin:80 - create IPUIPlugin
2025-07-30 14:18:18,845 [INFO] IPUIPlugin:80 - create IPUIPlugin
2025-07-30 14:18:18,845 [INFO] IPUIPlugin:80 - create IPUIPlugin
2025-07-30 14:18:18,845 [INFO] IPUIPlugin:80 - create IPUIPlugin
2025-07-30 14:18:18,846 [INFO] IPUIPlugin:80 - create IPUIPlugin
2025-07-30 14:18:18,846 [INFO] IPUIPlugin:80 - create IPUIPlugin
2025-07-30 14:18:18,846 [INFO] IPUIPlugin:80 - create IPUIPlugin
2025-07-30 14:18:18,846 [INFO] IPUIPlugin:80 - create IPUIPlugin
2025-07-30 14:18:18,847 [INFO] IPUIPlugin:80 - create IPUIPlugin
2025-07-30 14:18:18,847 [INFO] IPUIPlugin:80 - create IPUIPlugin
2025-07-30 14:18:18,847 [INFO] IPUIPlugin:80 - create IPUIPlugin
2025-07-30 14:18:18,847 [INFO] IPUIPlugin:80 - create IPUIPlugin
2025-07-30 14:18:18,847 [INFO] IPUIPlugin:80 - create IPUIPlugin
2025-07-30 14:18:18,848 [INFO] IPUIPlugin:80 - create IPUIPlugin
2025-07-30 14:18:18,848 [INFO] IPUIPlugin:80 - create IPUIPlugin
2025-07-30 14:18:18,848 [INFO] IPUIPlugin:80 - create IPUIPlugin
2025-07-30 14:18:18,848 [INFO] IPUIPlugin:80 - create IPUIPlugin
2025-07-30 14:18:18,848 [INFO] IPUIPlugin:80 - create IPUIPlugin
2025-07-30 14:18:18,849 [INFO] IPUIPlugin:80 - create IPUIPlugin
2025-07-30 14:18:18,849 [INFO] IPUIPlugin:80 - create IPUIPlugin
2025-07-30 14:18:18,849 [INFO] IPUIPlugin:80 - create IPUIPlugin
2025-07-30 14:18:18,849 [INFO] IPUIPlugin:80 - create IPUIPlugin
2025-07-30 14:18:18,849 [INFO] IPUIPlugin:80 - create IPUIPlugin
2025-07-30 14:18:18,850 [INFO] IPUIPlugin:80 - create IPUIPlugin
2025-07-30 14:18:18,850 [INFO] IPUIPlugin:80 - create IPUIPlugin
2025-07-30 14:18:18,850 [INFO] IPUIPlugin:80 - create IPUIPlugin
2025-07-30 14:18:18,850 [INFO] IPUIPlugin:80 - create IPUIPlugin
2025-07-30 14:18:18,851 [INFO] IPUIPlugin:80 - create IPUIPlugin
2025-07-30 14:18:18,851 [INFO] IPUIPlugin:80 - create IPUIPlugin
2025-07-30 14:18:18,851 [INFO] IPUIPlugin:80 - create IPUIPlugin
2025-07-30 14:18:18,851 [INFO] IPUIPlugin:80 - create IPUIPlugin
2025-07-30 14:18:18,851 [INFO] IPUIPlugin:80 - create IPUIPlugin
2025-07-30 14:18:18,852 [INFO] IPUIPlugin:80 - create IPUIPlugin
2025-07-30 14:18:18,852 [INFO] IPUIPlugin:80 - create IPUIPlugin
2025-07-30 14:18:18,852 [INFO] IPUIPlugin:80 - create IPUIPlugin
2025-07-30 14:18:18,852 [INFO] IPUIPlugin:80 - create IPUIPlugin
2025-07-30 14:18:18,853 [INFO] IPUIPlugin:80 - create IPUIPlugin
2025-07-30 14:18:18,853 [INFO] IPUIPlugin:80 - create IPUIPlugin
2025-07-30 14:18:18,853 [INFO] IPUIPlugin:80 - create IPUIPlugin
2025-07-30 14:18:18,853 [INFO] IPUIPlugin:80 - create IPUIPlugin
2025-07-30 14:18:18,853 [INFO] IPUIPlugin:80 - create IPUIPlugin
2025-07-30 14:18:18,854 [INFO] IPUIPlugin:80 - create IPUIPlugin
2025-07-30 14:18:18,854 [INFO] IPUIPlugin:80 - create IPUIPlugin
2025-07-30 14:18:18,854 [INFO] IPUIPlugin:80 - create IPUIPlugin
2025-07-30 14:18:18,854 [INFO] IPUIPlugin:80 - create IPUIPlugin
2025-07-30 14:18:18,855 [INFO] IPUIPlugin:80 - create IPUIPlugin
2025-07-30 14:18:18,855 [INFO] IPUIPlugin:80 - create IPUIPlugin
2025-07-30 14:18:18,855 [INFO] IPUIPlugin:80 - create IPUIPlugin
2025-07-30 14:18:18,856 [INFO] IPUIPlugin:80 - create IPUIPlugin
2025-07-30 14:18:18,856 [INFO] IPUIPlugin:80 - create IPUIPlugin
2025-07-30 14:18:18,856 [INFO] IPUIPlugin:80 - create IPUIPlugin
2025-07-30 14:18:18,857 [INFO] IPUIPlugin:80 - create IPUIPlugin
2025-07-30 14:18:18,857 [INFO] IPUIPlugin:80 - create IPUIPlugin
2025-07-30 14:18:18,857 [INFO] IPUIPlugin:80 - create IPUIPlugin
2025-07-30 14:18:18,858 [INFO] IPUIPlugin:80 - create IPUIPlugin
2025-07-30 14:18:18,858 [INFO] IPUIPlugin:80 - create IPUIPlugin
2025-07-30 14:18:18,858 [INFO] IPUIPlugin:80 - create IPUIPlugin
2025-07-30 14:18:18,859 [INFO] IPUIPlugin:80 - create IPUIPlugin
2025-07-30 14:18:18,869 [INFO] ApiDbMcu:532 - Load IP Config File for PDM2PCM_M7
2025-07-30 14:18:18,872 [INFO] ApiDbMcu:532 - Load IP Config File for PDM2PCM_M4
2025-07-30 14:18:18,969 [INFO] CADModel:165 - CPN selected for project levelSTM32H755ZIT6
2025-07-30 14:18:18,969 [INFO] CADModel:114 - Register for checkConnection events
2025-07-30 14:18:19,012 [INFO] OpenFileManager:386 - Restore cursor
2025-07-30 14:18:19,542 [INFO] UtilMem:75 - End SaveConfig() Used Memory: 890505928 Bytes (1073741824)
2025-07-30 14:18:19,621 [INFO] UtilMem:75 - End SaveConfig() Used Memory: 915666848 Bytes (1073741824)
2025-07-30 14:18:19,920 [INFO] BlockDiagram:2775 - set Specific Code input for plugin: RCC
2025-07-30 14:18:19,920 [INFO] BlockDiagram:2775 - set Specific Code input for plugin: SYS
2025-07-30 14:18:19,921 [INFO] BlockDiagram:2775 - set Specific Code input for plugin: NVIC2
2025-07-30 14:18:19,921 [INFO] BlockDiagram:2775 - set Specific Code input for plugin: SYS_M4
2025-07-30 14:18:19,921 [INFO] BlockDiagram:2775 - set Specific Code input for plugin: NUCLEO-H755ZI-Q
2025-07-30 14:18:19,921 [INFO] BlockDiagram:2775 - set Specific Code input for plugin: NVIC1
2025-07-30 14:18:19,922 [INFO] CodeGenerator:892 - code generatio: config db path: C:\ST\STM32CubeIDE_1.19.0\STM32CubeIDE\plugins\com.st.stm32cube.common.mx_6.15.0.202507011659\\db\
2025-07-30 14:18:19,965 [INFO] CodeGenerator:1619 - *******************Project context M7 selected
2025-07-30 14:18:20,027 [INFO] CodeEngine:265 - oldGeneratedFile, C:\Users\nicks\STM32CubeIDE\workspace_1.19.0\AFR\AFR_SENSHORRS\MXTmpFiles\license.tmp_save
2025-07-30 14:18:20,239 [INFO] CodeEngine:289 - Generated code: C:\Users\nicks\STM32CubeIDE\workspace_1.19.0\AFR\AFR_SENSHORRS\MXTmpFiles\license.tmp
2025-07-30 14:18:20,313 [WARN] IPConfigManager:103 - WARNING: Missing Config File for NVIC1 ip!!
2025-07-30 14:18:20,327 [INFO] CodeEngine:265 - oldGeneratedFile, C:\Users\nicks\STM32CubeIDE\workspace_1.19.0\AFR\AFR_SENSHORRS\CM7\MXTmpFiles\cortex.tmp_save
2025-07-30 14:18:20,407 [INFO] CodeEngine:289 - Generated code: C:\Users\nicks\STM32CubeIDE\workspace_1.19.0\AFR\AFR_SENSHORRS\CM7\MXTmpFiles\cortex.tmp
2025-07-30 14:18:20,420 [INFO] CodeEngine:265 - oldGeneratedFile, C:\Users\nicks\STM32CubeIDE\workspace_1.19.0\AFR\AFR_SENSHORRS\CM7\Core\Inc\stm32h7xx_nucleo_conf.h_save
2025-07-30 14:18:20,490 [INFO] CodeEngine:289 - Generated code: C:\Users\nicks\STM32CubeIDE\workspace_1.19.0\AFR\AFR_SENSHORRS\CM7\Core\Inc\stm32h7xx_nucleo_conf.h
2025-07-30 14:18:20,494 [INFO] CodeEngine:265 - oldGeneratedFile, C:\Users\nicks\STM32CubeIDE\workspace_1.19.0\AFR\AFR_SENSHORRS\CM7\MXTmpFiles\bsp_inc.tmp_save
2025-07-30 14:18:20,540 [INFO] CodeEngine:289 - Generated code: C:\Users\nicks\STM32CubeIDE\workspace_1.19.0\AFR\AFR_SENSHORRS\CM7\MXTmpFiles\bsp_inc.tmp
2025-07-30 14:18:20,544 [INFO] CodeEngine:265 - oldGeneratedFile, C:\Users\nicks\STM32CubeIDE\workspace_1.19.0\AFR\AFR_SENSHORRS\CM7\MXTmpFiles\bsp_common_vars.tmp_save
2025-07-30 14:18:20,569 [ERROR] IocParser:95 - Exception caught: Cannot invoke "java.lang.CharSequence.length()" because "this.text" is null
2025-07-30 14:18:20,593 [INFO] CodeEngine:289 - Generated code: C:\Users\nicks\STM32CubeIDE\workspace_1.19.0\AFR\AFR_SENSHORRS\CM7\MXTmpFiles\bsp_common_vars.tmp
2025-07-30 14:18:20,599 [INFO] CodeEngine:265 - oldGeneratedFile, C:\Users\nicks\STM32CubeIDE\workspace_1.19.0\AFR\AFR_SENSHORRS\CM7\MXTmpFiles\bsp_common_init.tmp_save
2025-07-30 14:18:20,648 [INFO] CodeEngine:289 - Generated code: C:\Users\nicks\STM32CubeIDE\workspace_1.19.0\AFR\AFR_SENSHORRS\CM7\MXTmpFiles\bsp_common_init.tmp
2025-07-30 14:18:20,652 [INFO] CodeEngine:265 - oldGeneratedFile, C:\Users\nicks\STM32CubeIDE\workspace_1.19.0\AFR\AFR_SENSHORRS\CM7\MXTmpFiles\bsp_common_demo_before_while.tmp_save
2025-07-30 14:18:20,697 [INFO] CodeEngine:289 - Generated code: C:\Users\nicks\STM32CubeIDE\workspace_1.19.0\AFR\AFR_SENSHORRS\CM7\MXTmpFiles\bsp_common_demo_before_while.tmp
2025-07-30 14:18:20,703 [INFO] CodeEngine:265 - oldGeneratedFile, C:\Users\nicks\STM32CubeIDE\workspace_1.19.0\AFR\AFR_SENSHORRS\CM7\MXTmpFiles\bsp_common_demo_inside_while.tmp_save
2025-07-30 14:18:20,759 [INFO] CodeEngine:289 - Generated code: C:\Users\nicks\STM32CubeIDE\workspace_1.19.0\AFR\AFR_SENSHORRS\CM7\MXTmpFiles\bsp_common_demo_inside_while.tmp
2025-07-30 14:18:20,764 [INFO] CodeEngine:265 - oldGeneratedFile, C:\Users\nicks\STM32CubeIDE\workspace_1.19.0\AFR\AFR_SENSHORRS\CM7\MXTmpFiles\bsp_common_demo_fct.tmp_save
2025-07-30 14:18:20,808 [INFO] CodeEngine:289 - Generated code: C:\Users\nicks\STM32CubeIDE\workspace_1.19.0\AFR\AFR_SENSHORRS\CM7\MXTmpFiles\bsp_common_demo_fct.tmp
2025-07-30 14:18:20,825 [INFO] CodeEngine:265 - oldGeneratedFile, C:\Users\nicks\STM32CubeIDE\workspace_1.19.0\AFR\AFR_SENSHORRS\CM7\Core\Src\stm32h7xx_it.c_save
2025-07-30 14:18:20,899 [INFO] CodeEngine:289 - Generated code: C:\Users\nicks\STM32CubeIDE\workspace_1.19.0\AFR\AFR_SENSHORRS\CM7\Core\Src\stm32h7xx_it.c
2025-07-30 14:18:20,903 [INFO] CodeEngine:265 - oldGeneratedFile, C:\Users\nicks\STM32CubeIDE\workspace_1.19.0\AFR\AFR_SENSHORRS\CM7\Core\Inc\stm32h7xx_it.h_save
2025-07-30 14:18:20,948 [INFO] CodeEngine:289 - Generated code: C:\Users\nicks\STM32CubeIDE\workspace_1.19.0\AFR\AFR_SENSHORRS\CM7\Core\Inc\stm32h7xx_it.h
2025-07-30 14:18:20,977 [INFO] CodeEngine:265 - oldGeneratedFile, C:\Users\nicks\STM32CubeIDE\workspace_1.19.0\AFR\AFR_SENSHORRS\CM7\Core\Src\stm32h7xx_hal_msp.c_save
2025-07-30 14:18:21,055 [INFO] CodeEngine:289 - Generated code: C:\Users\nicks\STM32CubeIDE\workspace_1.19.0\AFR\AFR_SENSHORRS\CM7\Core\Src\stm32h7xx_hal_msp.c
2025-07-30 14:18:21,059 [INFO] CodeEngine:265 - oldGeneratedFile, C:\Users\nicks\STM32CubeIDE\workspace_1.19.0\AFR\AFR_SENSHORRS\CM7\MXTmpFiles\system.tmp_save
2025-07-30 14:18:21,101 [INFO] CodeEngine:289 - Generated code: C:\Users\nicks\STM32CubeIDE\workspace_1.19.0\AFR\AFR_SENSHORRS\CM7\MXTmpFiles\system.tmp
2025-07-30 14:18:21,111 [INFO] CodeEngine:321 - oldGeneratedFile, C:\Users\nicks\STM32CubeIDE\workspace_1.19.0\AFR\AFR_SENSHORRS\CM7\Core\Inc\stm32h7xx_hal_conf.h_save
2025-07-30 14:18:21,159 [INFO] CodeEngine:345 - Generated code: C:\Users\nicks\STM32CubeIDE\workspace_1.19.0\AFR\AFR_SENSHORRS\CM7\Core\Inc\stm32h7xx_hal_conf.h
2025-07-30 14:18:21,202 [INFO] ApiDbMcu:532 - Load IP Config File for RCC
2025-07-30 14:18:21,204 [WARN] IPConfigManager:3811 - IP not found : NVIC
2025-07-30 14:18:21,205 [WARN] CodeGenerator:4259 - IP not found : null
2025-07-30 14:18:21,211 [INFO] CodeEngine:265 - oldGeneratedFile, C:\Users\nicks\STM32CubeIDE\workspace_1.19.0\AFR\AFR_SENSHORRS\CM7\Core\Inc\main.h_save
2025-07-30 14:18:21,273 [INFO] CodeEngine:289 - Generated code: C:\Users\nicks\STM32CubeIDE\workspace_1.19.0\AFR\AFR_SENSHORRS\CM7\Core\Inc\main.h
2025-07-30 14:18:21,278 [INFO] CodeEngine:265 - oldGeneratedFile, C:\Users\nicks\STM32CubeIDE\workspace_1.19.0\AFR\AFR_SENSHORRS\CM7\Core\Src\main.c_save
2025-07-30 14:18:21,369 [INFO] CodeEngine:289 - Generated code: C:\Users\nicks\STM32CubeIDE\workspace_1.19.0\AFR\AFR_SENSHORRS\CM7\Core\Src\main.c
2025-07-30 14:18:21,418 [INFO] CodeGenerator:1619 - *******************Project context M4 selected
2025-07-30 14:18:21,466 [INFO] CodeEngine:265 - oldGeneratedFile, C:\Users\nicks\STM32CubeIDE\workspace_1.19.0\AFR\AFR_SENSHORRS\MXTmpFiles\license.tmp_save
2025-07-30 14:18:21,517 [INFO] CodeEngine:289 - Generated code: C:\Users\nicks\STM32CubeIDE\workspace_1.19.0\AFR\AFR_SENSHORRS\MXTmpFiles\license.tmp
2025-07-30 14:18:21,528 [WARN] IPConfigManager:103 - WARNING: Missing Config File for NVIC2 ip!!
2025-07-30 14:18:21,538 [INFO] CodeEngine:265 - oldGeneratedFile, C:\Users\nicks\STM32CubeIDE\workspace_1.19.0\AFR\AFR_SENSHORRS\CM4\MXTmpFiles\cortex.tmp_save
2025-07-30 14:18:21,592 [INFO] CodeEngine:289 - Generated code: C:\Users\nicks\STM32CubeIDE\workspace_1.19.0\AFR\AFR_SENSHORRS\CM4\MXTmpFiles\cortex.tmp
2025-07-30 14:18:21,602 [INFO] CodeEngine:265 - oldGeneratedFile, C:\Users\nicks\STM32CubeIDE\workspace_1.19.0\AFR\AFR_SENSHORRS\CM4\Core\Inc\stm32h7xx_nucleo_conf.h_save
2025-07-30 14:18:21,653 [INFO] CodeEngine:289 - Generated code: C:\Users\nicks\STM32CubeIDE\workspace_1.19.0\AFR\AFR_SENSHORRS\CM4\Core\Inc\stm32h7xx_nucleo_conf.h
2025-07-30 14:18:21,658 [INFO] CodeEngine:265 - oldGeneratedFile, C:\Users\nicks\STM32CubeIDE\workspace_1.19.0\AFR\AFR_SENSHORRS\CM4\MXTmpFiles\bsp_inc.tmp_save
2025-07-30 14:18:21,709 [INFO] CodeEngine:289 - Generated code: C:\Users\nicks\STM32CubeIDE\workspace_1.19.0\AFR\AFR_SENSHORRS\CM4\MXTmpFiles\bsp_inc.tmp
2025-07-30 14:18:21,724 [INFO] CodeEngine:265 - oldGeneratedFile, C:\Users\nicks\STM32CubeIDE\workspace_1.19.0\AFR\AFR_SENSHORRS\CM4\Core\Src\stm32h7xx_it.c_save
2025-07-30 14:18:21,770 [INFO] CodeEngine:289 - Generated code: C:\Users\nicks\STM32CubeIDE\workspace_1.19.0\AFR\AFR_SENSHORRS\CM4\Core\Src\stm32h7xx_it.c
2025-07-30 14:18:21,775 [INFO] CodeEngine:265 - oldGeneratedFile, C:\Users\nicks\STM32CubeIDE\workspace_1.19.0\AFR\AFR_SENSHORRS\CM4\Core\Inc\stm32h7xx_it.h_save
2025-07-30 14:18:21,817 [INFO] CodeEngine:289 - Generated code: C:\Users\nicks\STM32CubeIDE\workspace_1.19.0\AFR\AFR_SENSHORRS\CM4\Core\Inc\stm32h7xx_it.h
2025-07-30 14:18:21,836 [INFO] CodeEngine:265 - oldGeneratedFile, C:\Users\nicks\STM32CubeIDE\workspace_1.19.0\AFR\AFR_SENSHORRS\CM4\Core\Src\stm32h7xx_hal_msp.c_save
2025-07-30 14:18:21,895 [INFO] CodeEngine:289 - Generated code: C:\Users\nicks\STM32CubeIDE\workspace_1.19.0\AFR\AFR_SENSHORRS\CM4\Core\Src\stm32h7xx_hal_msp.c
2025-07-30 14:18:21,899 [INFO] CodeEngine:265 - oldGeneratedFile, C:\Users\nicks\STM32CubeIDE\workspace_1.19.0\AFR\AFR_SENSHORRS\CM4\MXTmpFiles\system.tmp_save
2025-07-30 14:18:21,937 [INFO] CodeEngine:289 - Generated code: C:\Users\nicks\STM32CubeIDE\workspace_1.19.0\AFR\AFR_SENSHORRS\CM4\MXTmpFiles\system.tmp
2025-07-30 14:18:21,946 [INFO] CodeEngine:321 - oldGeneratedFile, C:\Users\nicks\STM32CubeIDE\workspace_1.19.0\AFR\AFR_SENSHORRS\CM4\Core\Inc\stm32h7xx_hal_conf.h_save
2025-07-30 14:18:21,992 [INFO] CodeEngine:345 - Generated code: C:\Users\nicks\STM32CubeIDE\workspace_1.19.0\AFR\AFR_SENSHORRS\CM4\Core\Inc\stm32h7xx_hal_conf.h
2025-07-30 14:18:22,003 [WARN] IPConfigManager:3811 - IP not found : NVIC
2025-07-30 14:18:22,004 [WARN] CodeGenerator:4259 - IP not found : null
2025-07-30 14:18:22,009 [INFO] CodeEngine:265 - oldGeneratedFile, C:\Users\nicks\STM32CubeIDE\workspace_1.19.0\AFR\AFR_SENSHORRS\CM4\Core\Inc\main.h_save
2025-07-30 14:18:22,054 [INFO] CodeEngine:289 - Generated code: C:\Users\nicks\STM32CubeIDE\workspace_1.19.0\AFR\AFR_SENSHORRS\CM4\Core\Inc\main.h
2025-07-30 14:18:22,058 [INFO] CodeEngine:265 - oldGeneratedFile, C:\Users\nicks\STM32CubeIDE\workspace_1.19.0\AFR\AFR_SENSHORRS\CM4\Core\Src\main.c_save
2025-07-30 14:18:22,115 [INFO] CodeEngine:289 - Generated code: C:\Users\nicks\STM32CubeIDE\workspace_1.19.0\AFR\AFR_SENSHORRS\CM4\Core\Src\main.c
2025-07-30 14:18:22,454 [INFO] ProjectBuilder:3606 - Time for Copy HAL[1] : 159mS.
2025-07-30 14:18:22,468 [INFO] ProjectBuilder:5216 - Project Generator version: 4.7.0-B52
2025-07-30 14:18:22,526 [INFO] ConfigFileManager:1595 - The Die is : DIE450
2025-07-30 14:18:23,187 [INFO] LogOutputStream:77 - [STDOUT_REDIRECT] 
2025-07-30 14:18:25,870 [INFO] ProjectBuilder:5496 - Time for Generating toolchain IDE Files: 3402mS.
2025-07-30 14:18:25,871 [INFO] ProjectBuilder:3463 - Time for Copy CMSIS : 0mS.
2025-07-30 14:18:25,872 [INFO] ProjectBuilder:3463 - Time for Copy CMSIS : 0mS.
2025-07-30 14:18:26,569 [INFO] McuFinderGlobals:76 - Set McuFinderConnectedMode to true
2025-07-30 14:18:26,571 [INFO] ApiDb:448 - Save user favorites file C:\Users\nicks/.stm32cubeide/favorites.mcus.txt: 0 item(s)
2025-07-30 14:18:26,571 [INFO] ApiDb:452 - User favorites MCUs=[]
2025-07-30 14:18:26,572 [INFO] ApiDb:448 - Save user favorites file C:\Users\nicks/.stm32cubeide/favorites.boards.txt: 0 item(s)
2025-07-30 14:18:26,572 [INFO] ApiDb:452 - User favorites Boards=[]
2025-07-30 14:19:26,911 [INFO] MainUpdater:2872 - connection check result : 10
2025-07-30 14:19:26,912 [INFO] MainUpdater:2872 - connection check result : 10
2025-07-30 14:19:26,921 [ERROR] IocParser:95 - Exception caught: Cannot invoke "java.lang.CharSequence.length()" because "this.text" is null
2025-07-30 14:19:27,023 [INFO] MicroXplorer:468 - Change Database Path : 
2025-07-30 14:19:27,023 [INFO] MicroXplorer:498 - Change Database Version : DB.6.0.150
2025-07-30 14:19:27,047 [ERROR] ProjectManagerView:395 - 
java.lang.NullPointerException: Cannot invoke "javax.swing.JTextField.getText()" because the return value of "java.util.List.get(int)" is null
	at com.st.microxplorer.plugins.projectmanager.gui.ProjectChoiceTab$9.caretUpdate(ProjectChoiceTab.java:2706) ~[filemanager.jar:?]
	at javax.swing.text.JTextComponent.fireCaretUpdate(JTextComponent.java:408) ~[?:?]
	at javax.swing.text.JTextComponent$MutableCaretEvent.fire(JTextComponent.java:4484) ~[?:?]
	at javax.swing.text.JTextComponent$MutableCaretEvent.stateChanged(JTextComponent.java:4506) ~[?:?]
	at javax.swing.text.DefaultCaret.fireStateChanged(DefaultCaret.java:857) ~[?:?]
	at javax.swing.text.DefaultCaret.changeCaretPosition(DefaultCaret.java:1343) ~[?:?]
	at javax.swing.text.DefaultCaret.handleSetDot(DefaultCaret.java:1242) ~[?:?]
	at javax.swing.text.DefaultCaret.setDot(DefaultCaret.java:1223) ~[?:?]
	at javax.swing.text.DefaultCaret$Handler.insertUpdate(DefaultCaret.java:1819) ~[?:?]
	at javax.swing.text.AbstractDocument.fireInsertUpdate(AbstractDocument.java:227) ~[?:?]
	at javax.swing.text.AbstractDocument.handleInsertString(AbstractDocument.java:781) ~[?:?]
	at javax.swing.text.AbstractDocument.insertString(AbstractDocument.java:740) ~[?:?]
	at javax.swing.text.PlainDocument.insertString(PlainDocument.java:131) ~[?:?]
	at javax.swing.text.AbstractDocument.replace(AbstractDocument.java:699) ~[?:?]
	at javax.swing.text.JTextComponent.setText(JTextComponent.java:1725) ~[?:?]
	at com.st.microxplorer.plugins.projectmanager.gui.ProjectChoiceTab.createHeapStackFields(ProjectChoiceTab.java:993) ~[filemanager.jar:?]
	at com.st.microxplorer.plugins.projectmanager.gui.ProjectChoiceTab.buildLinkSettingsPanel(ProjectChoiceTab.java:3813) ~[filemanager.jar:?]
	at com.st.microxplorer.plugins.projectmanager.gui.ProjectChoiceTab.defineWindowsFields(ProjectChoiceTab.java:1987) ~[filemanager.jar:?]
	at com.st.microxplorer.plugins.projectmanager.gui.ProjectChoiceTab.updateSettings(ProjectChoiceTab.java:558) ~[filemanager.jar:?]
	at com.st.microxplorer.plugins.projectmanager.gui.ProjectSettingsPanel.UpdateDialog(ProjectSettingsPanel.java:247) ~[filemanager.jar:?]
	at com.st.microxplorer.plugins.projectmanager.ProjectManagerView.propertyChange(ProjectManagerView.java:392) ~[filemanager.jar:?]
	at java.beans.PropertyChangeSupport.fire(PropertyChangeSupport.java:343) ~[?:?]
	at java.beans.PropertyChangeSupport.firePropertyChange(PropertyChangeSupport.java:335) ~[?:?]
	at java.beans.PropertyChangeSupport.firePropertyChange(PropertyChangeSupport.java:268) ~[?:?]
	at com.st.microxplorer.util.MXPropertyChangeSupport.firePropertyChange(MXPropertyChangeSupport.java:54) ~[STM32CubeMX.jar:?]
	at com.st.microxplorer.mxsystem.MxSystem.closeConfig(MxSystem.java:899) ~[STM32CubeMX.jar:?]
	at com.st.microxplorer.maingui.MainPanel.closeConfig(MainPanel.java:792) ~[STM32CubeMX.jar:?]
	at com.st.microxplorer.plugins.filemanager.engine.OpenFileManager.loadConfigurationFile(OpenFileManager.java:288) ~[filemanager.jar:?]
	at com.st.microxplorer.plugins.filemanager.engine.MainFileManager.userLoadConfig(MainFileManager.java:364) ~[filemanager.jar:?]
	at com.st.microxplorer.plugins.filemanager.engine.MainFileManager.userLoadConfig(MainFileManager.java:342) ~[filemanager.jar:?]
	at com.st.microxplorer.plugins.filemanager.FileManagerView.getSpecificTask(FileManagerView.java:264) ~[filemanager.jar:?]
	at com.st.stm32cube.common.mx.editor.CubeMxEditor.getMxTabbedPaneInstance(CubeMxEditor.java:1198) ~[com.st.stm32cube.common.mx_6.15.0.202507011659/:?]
	at com.st.stm32cube.common.mx.editor.CubeMxEditor$12$1.createSwingComponent(CubeMxEditor.java:1068) ~[com.st.stm32cube.common.mx_6.15.0.202507011659/:?]
	at com.st.stm32cube.common.mx.oss.core.awtswtbridge.EmbeddedSwingComposite.doComponentCreation(EmbeddedSwingComposite.java:492) ~[com.st.stm32cube.common.mx.oss_6.15.0.202507011659/:?]
	at com.st.stm32cube.common.mx.oss.core.awtswtbridge.EmbeddedSwingComposite$4.run(EmbeddedSwingComposite.java:291) ~[com.st.stm32cube.common.mx.oss_6.15.0.202507011659/:?]
	at com.st.stm32cube.common.mx.oss.core.awtswtbridge.AwtEnvironment$2.run(AwtEnvironment.java:166) ~[com.st.stm32cube.common.mx.oss_6.15.0.202507011659/:?]
	at java.awt.event.InvocationEvent.dispatch(InvocationEvent.java:318) ~[?:?]
	at java.awt.EventQueue.dispatchEventImpl(EventQueue.java:773) ~[?:?]
	at java.awt.EventQueue$4.run(EventQueue.java:720) ~[?:?]
	at java.awt.EventQueue$4.run(EventQueue.java:714) ~[?:?]
	at java.security.AccessController.doPrivileged(AccessController.java:400) ~[?:?]
	at java.security.ProtectionDomain$JavaSecurityAccessImpl.doIntersectionPrivilege(ProtectionDomain.java:87) ~[?:?]
	at java.awt.EventQueue.dispatchEvent(EventQueue.java:742) ~[?:?]
	at java.awt.EventDispatchThread.pumpOneEventForFilters(EventDispatchThread.java:203) ~[?:?]
	at java.awt.EventDispatchThread.pumpEventsForFilter(EventDispatchThread.java:124) ~[?:?]
	at java.awt.EventDispatchThread.pumpEventsForHierarchy(EventDispatchThread.java:113) ~[?:?]
	at java.awt.EventDispatchThread.pumpEvents(EventDispatchThread.java:109) ~[?:?]
	at java.awt.EventDispatchThread.pumpEvents(EventDispatchThread.java:101) ~[?:?]
	at java.awt.EventDispatchThread.run(EventDispatchThread.java:90) ~[?:?]
2025-07-30 14:19:27,053 [WARN] ThirdParty:871 - waiting for thirdparty lock release [close project]
2025-07-30 14:19:27,053 [INFO] ThirdParty:873 - entering critical section [close project]
2025-07-30 14:19:27,053 [INFO] ThirdParty:883 - exiting critical section [close project]
2025-07-30 14:19:27,055 [INFO] PinOutPanel:1589 - setPackage(No Configuration,No Configuration)
2025-07-30 14:19:27,070 [WARN] IpParametersView:155 - Warning: This peripheral hasn't parameters
2025-07-30 14:19:27,093 [WARN] MainPanel:289 - <html><b><center>Warning: This peripheral has no parameters to be configured<br></b></html>
2025-07-30 14:19:27,099 [WARN] IpParametersView:155 - Warning: This peripheral hasn't parameters
2025-07-30 14:19:27,110 [WARN] MainPanel:289 - <html><b><center>Warning: This peripheral has no parameters to be configured<br></b></html>
2025-07-30 14:19:27,120 [INFO] UtilMem:75 - Begin LoadConfig() Used Memory: 950946312 Bytes (1073741824)
2025-07-30 14:19:27,121 [INFO] MicroXplorer:468 - Change Database Path : 
2025-07-30 14:19:27,122 [INFO] MicroXplorer:498 - Change Database Version : DB.6.0.150
2025-07-30 14:19:27,122 [INFO] OpenFileManager:355 - Change cursor
2025-07-30 14:19:27,148 [INFO] RulesReader:64 - Compatibility file has been processed (317 Rules)
2025-07-30 14:19:27,161 [INFO] Mcu:2029 - Initializing MCU STM32H755ZITx STM32H755ZITx STM32H755ZIT6
2025-07-30 14:19:29,038 [INFO] Context:786 - Trying to add GPIOservice into a context  which must be forbidden
2025-07-30 14:19:29,038 [INFO] Context:786 - Trying to add GPIOservice into a context  which must be forbidden
2025-07-30 14:19:29,973 [INFO] ApiDbMcu:532 - Load IP Config File for NUCLEO-H755ZI-Q
2025-07-30 14:19:30,102 [INFO] Context:786 - Trying to add GPIOservice into a context  which must be forbidden
2025-07-30 14:19:30,116 [INFO] Context:786 - Trying to add GPIOservice into a context  which must be forbidden
2025-07-30 14:19:30,121 [INFO] ImportTextPane:234 - (OptionalMessage_ERROR) Pin56 (VP_RIF_VS_RIF1) cannot be retrieved for this MCU
2025-07-30 14:19:30,127 [INFO] ImportTextPane:234 - (OptionalMessage_ERROR) Unable to find key (Mcu.IP16) in loaded IOC file
2025-07-30 14:19:30,128 [INFO] ImportTextPane:234 - (OptionalMessage_ERROR) Unknown IP (dummy)
2025-07-30 14:19:30,242 [INFO] RtosManager:558 - Registered RTOS mode: class=CMSIS, group=RTOS, mode=CMSIS_V1, owner=FREERTOS_M7
2025-07-30 14:19:30,242 [INFO] RtosManager:558 - Registered RTOS mode: class=CMSIS, group=RTOS2, mode=CMSIS_V2, owner=FREERTOS_M7
2025-07-30 14:19:30,242 [INFO] RtosManager:558 - Registered RTOS mode: class=RTOS, group=Core, mode=CMSIS_V1, owner=FREERTOS_M7
2025-07-30 14:19:30,242 [INFO] RtosManager:558 - Registered RTOS mode: class=RTOS, group=Core, mode=CMSIS_V2, owner=FREERTOS_M7
2025-07-30 14:19:30,242 [WARN] ModelIntegratedComponent:184 - Missing modes for component STMicroelectronics:FreeRTOS:0.0.1:STMicroelectronics:RTOS:FreeRTOS:Core:::10.2.0:
2025-07-30 14:19:30,260 [WARN] ModelIntegratedComponent:63 - No mode defined for component null
2025-07-30 14:19:30,260 [WARN] ModelIntegratedComponent:63 - No mode defined for component null
2025-07-30 14:19:30,260 [WARN] ModelIntegratedComponent:63 - No mode defined for component null
2025-07-30 14:19:30,260 [WARN] ModelIntegratedComponent:63 - No mode defined for component null
2025-07-30 14:19:30,260 [WARN] ModelIntegratedComponent:63 - No mode defined for component null
2025-07-30 14:19:30,260 [WARN] ModelIntegratedComponent:63 - No mode defined for component null
2025-07-30 14:19:30,260 [WARN] ModelIntegratedComponent:63 - No mode defined for component null
2025-07-30 14:19:30,260 [WARN] ModelIntegratedComponent:63 - No mode defined for component null
2025-07-30 14:19:30,260 [WARN] ModelIntegratedComponent:63 - No mode defined for component null
2025-07-30 14:19:30,260 [WARN] ModelIntegratedComponent:63 - No mode defined for component null
2025-07-30 14:19:30,260 [WARN] ModelIntegratedComponent:63 - No mode defined for component null
2025-07-30 14:19:30,260 [WARN] ModelIntegratedComponent:63 - No mode defined for component null
2025-07-30 14:19:30,261 [WARN] ModelIntegratedComponent:63 - No mode defined for component null
2025-07-30 14:19:30,261 [WARN] ModelIntegratedComponent:63 - No mode defined for component null
2025-07-30 14:19:30,261 [WARN] ModelIntegratedComponent:63 - No mode defined for component null
2025-07-30 14:19:30,261 [WARN] ModelIntegratedComponent:63 - No mode defined for component null
2025-07-30 14:19:30,261 [WARN] ModelIntegratedComponent:63 - No mode defined for component null
2025-07-30 14:19:30,261 [WARN] ModelIntegratedComponent:63 - No mode defined for component null
2025-07-30 14:19:30,261 [WARN] ModelIntegratedComponent:63 - No mode defined for component null
2025-07-30 14:19:30,261 [WARN] ModelIntegratedComponent:63 - No mode defined for component null
2025-07-30 14:19:30,261 [WARN] ModelIntegratedComponent:63 - No mode defined for component null
2025-07-30 14:19:30,261 [WARN] ModelIntegratedComponent:63 - No mode defined for component null
2025-07-30 14:19:30,261 [WARN] ModelIntegratedComponent:63 - No mode defined for component null
2025-07-30 14:19:30,261 [WARN] ModelIntegratedComponent:63 - No mode defined for component null
2025-07-30 14:19:30,261 [WARN] ModelIntegratedComponent:63 - No mode defined for component null
2025-07-30 14:19:30,261 [WARN] ModelIntegratedComponent:63 - No mode defined for component null
2025-07-30 14:19:30,261 [WARN] ModelIntegratedComponent:63 - No mode defined for component null
2025-07-30 14:19:30,261 [WARN] ModelIntegratedComponent:63 - No mode defined for component null
2025-07-30 14:19:30,261 [WARN] ModelIntegratedComponent:63 - No mode defined for component null
2025-07-30 14:19:30,262 [WARN] ModelIntegratedComponent:63 - No mode defined for component null
2025-07-30 14:19:30,262 [WARN] ModelIntegratedComponent:63 - No mode defined for component null
2025-07-30 14:19:30,262 [WARN] ModelIntegratedComponent:63 - No mode defined for component null
2025-07-30 14:19:30,262 [WARN] ModelIntegratedComponent:63 - No mode defined for component null
2025-07-30 14:19:30,262 [WARN] ModelIntegratedComponent:63 - No mode defined for component null
2025-07-30 14:19:30,262 [WARN] ModelIntegratedComponent:63 - No mode defined for component null
2025-07-30 14:19:30,262 [WARN] ModelPack:524 - Component already loaded: STMicroelectronics:HAL Drivers:0.0.0:STMicroelectronics:Device:STMicro_Driver:XSPI:HAL::0.0.1:HAL_XSPI
2025-07-30 14:19:30,379 [INFO] RtosManager:558 - Registered RTOS mode: class=CMSIS, group=RTOS, mode=CMSIS_V1, owner=FREERTOS_M4
2025-07-30 14:19:30,379 [INFO] RtosManager:558 - Registered RTOS mode: class=CMSIS, group=RTOS2, mode=CMSIS_V2, owner=FREERTOS_M4
2025-07-30 14:19:30,379 [INFO] RtosManager:558 - Registered RTOS mode: class=RTOS, group=Core, mode=CMSIS_V1, owner=FREERTOS_M4
2025-07-30 14:19:30,380 [INFO] RtosManager:558 - Registered RTOS mode: class=RTOS, group=Core, mode=CMSIS_V2, owner=FREERTOS_M4
2025-07-30 14:19:30,380 [WARN] ModelIntegratedComponent:184 - Missing modes for component STMicroelectronics:FreeRTOS:0.0.1:STMicroelectronics:RTOS:FreeRTOS:Core:::10.2.0:
2025-07-30 14:19:30,387 [WARN] ModelIntegratedComponent:63 - No mode defined for component null
2025-07-30 14:19:30,387 [WARN] ModelIntegratedComponent:63 - No mode defined for component null
2025-07-30 14:19:30,387 [WARN] ModelIntegratedComponent:63 - No mode defined for component null
2025-07-30 14:19:30,387 [WARN] ModelIntegratedComponent:63 - No mode defined for component null
2025-07-30 14:19:30,387 [WARN] ModelIntegratedComponent:63 - No mode defined for component null
2025-07-30 14:19:30,387 [WARN] ModelIntegratedComponent:63 - No mode defined for component null
2025-07-30 14:19:30,387 [WARN] ModelIntegratedComponent:63 - No mode defined for component null
2025-07-30 14:19:30,387 [WARN] ModelIntegratedComponent:63 - No mode defined for component null
2025-07-30 14:19:30,387 [WARN] ModelIntegratedComponent:63 - No mode defined for component null
2025-07-30 14:19:30,387 [WARN] ModelIntegratedComponent:63 - No mode defined for component null
2025-07-30 14:19:30,388 [WARN] ModelIntegratedComponent:63 - No mode defined for component null
2025-07-30 14:19:30,388 [WARN] ModelIntegratedComponent:63 - No mode defined for component null
2025-07-30 14:19:30,388 [WARN] ModelIntegratedComponent:63 - No mode defined for component null
2025-07-30 14:19:30,388 [WARN] ModelIntegratedComponent:63 - No mode defined for component null
2025-07-30 14:19:30,388 [WARN] ModelIntegratedComponent:63 - No mode defined for component null
2025-07-30 14:19:30,388 [WARN] ModelIntegratedComponent:63 - No mode defined for component null
2025-07-30 14:19:30,388 [WARN] ModelIntegratedComponent:63 - No mode defined for component null
2025-07-30 14:19:30,388 [WARN] ModelIntegratedComponent:63 - No mode defined for component null
2025-07-30 14:19:30,388 [WARN] ModelIntegratedComponent:63 - No mode defined for component null
2025-07-30 14:19:30,388 [WARN] ModelIntegratedComponent:63 - No mode defined for component null
2025-07-30 14:19:30,388 [WARN] ModelIntegratedComponent:63 - No mode defined for component null
2025-07-30 14:19:30,388 [WARN] ModelIntegratedComponent:63 - No mode defined for component null
2025-07-30 14:19:30,388 [WARN] ModelIntegratedComponent:63 - No mode defined for component null
2025-07-30 14:19:30,388 [WARN] ModelIntegratedComponent:63 - No mode defined for component null
2025-07-30 14:19:30,388 [WARN] ModelIntegratedComponent:63 - No mode defined for component null
2025-07-30 14:19:30,389 [WARN] ModelIntegratedComponent:63 - No mode defined for component null
2025-07-30 14:19:30,389 [WARN] ModelIntegratedComponent:63 - No mode defined for component null
2025-07-30 14:19:30,389 [WARN] ModelIntegratedComponent:63 - No mode defined for component null
2025-07-30 14:19:30,389 [WARN] ModelIntegratedComponent:63 - No mode defined for component null
2025-07-30 14:19:30,389 [WARN] ModelIntegratedComponent:63 - No mode defined for component null
2025-07-30 14:19:30,389 [WARN] ModelIntegratedComponent:63 - No mode defined for component null
2025-07-30 14:19:30,389 [WARN] ModelIntegratedComponent:63 - No mode defined for component null
2025-07-30 14:19:30,389 [WARN] ModelIntegratedComponent:63 - No mode defined for component null
2025-07-30 14:19:30,389 [WARN] ModelIntegratedComponent:63 - No mode defined for component null
2025-07-30 14:19:30,389 [WARN] ModelIntegratedComponent:63 - No mode defined for component null
2025-07-30 14:19:30,389 [WARN] ModelPack:524 - Component already loaded: STMicroelectronics:HAL Drivers:0.0.0:STMicroelectronics:Device:STMicro_Driver:XSPI:HAL::0.0.1:HAL_XSPI
2025-07-30 14:19:30,468 [INFO] ThirdPartyModel:298 - Start build external matchings
2025-07-30 14:19:31,084 [INFO] ThirdPartyModel:316 - End build external matchings
2025-07-30 14:19:31,099 [INFO] ThirdPartyModel:298 - Start build external matchings
2025-07-30 14:19:31,689 [INFO] ThirdPartyModel:316 - End build external matchings
2025-07-30 14:19:31,699 [INFO] RtosManager:1018 - Current active RTOS is FREERTOS_M7 [CortexM7]
2025-07-30 14:19:31,876 [INFO] UtilMem:75 - End LoadConfig() Used Memory: 754988784 Bytes (1073741824)
2025-07-30 14:19:31,896 [WARN] ThirdParty:833 - waiting for thirdparty lock release [change project]
2025-07-30 14:19:31,897 [INFO] ThirdParty:835 - entering critical section [change project]
2025-07-30 14:19:31,897 [INFO] ThirdParty:1030 - CMSIS Pack Vendor :STMicroelectronics X-CUBE-PM33A1 1.0.0
2025-07-30 14:19:31,897 [INFO] ThirdParty:1030 - CMSIS Pack Vendor :STMicroelectronics USBPD 4.1
2025-07-30 14:19:31,897 [INFO] ThirdParty:1030 - CMSIS Pack Vendor :STMicroelectronics X-CUBE-AZRTOS-H7 3.3.0
2025-07-30 14:19:31,897 [INFO] ThirdParty:1030 - CMSIS Pack Vendor :STMicroelectronics X-CUBE-NFC9 1.0.0
2025-07-30 14:19:31,897 [INFO] ThirdParty:1030 - CMSIS Pack Vendor :STMicroelectronics USB_HOST 2.0.0
2025-07-30 14:19:31,897 [INFO] ThirdParty:1030 - CMSIS Pack Vendor :STMicroelectronics FP-SNS-MOTENVWB1 1.4.0
2025-07-30 14:19:31,897 [INFO] ThirdParty:1030 - CMSIS Pack Vendor :STMicroelectronics X-CUBE-AZRTOS-F4 1.1.0
2025-07-30 14:19:31,897 [INFO] ThirdParty:1030 - CMSIS Pack Vendor :STMicroelectronics LIBJPEG 8.0.0
2025-07-30 14:19:31,898 [INFO] ThirdParty:1030 - CMSIS Pack Vendor :STMicroelectronics FP-ATR-ASTRA1 2.0.2
2025-07-30 14:19:31,898 [INFO] ThirdParty:1030 - CMSIS Pack Vendor :STMicroelectronics FP-ATR-ASTRA1 2.0.1
2025-07-30 14:19:31,898 [INFO] ThirdParty:1030 - CMSIS Pack Vendor :STMicroelectronics X-CUBE-BLE1 7.1.0
2025-07-30 14:19:31,898 [INFO] ThirdParty:1030 - CMSIS Pack Vendor :Avnet-IotConnect X-CUBE-IoTC-DA16k-PMOD 1.0.0
2025-07-30 14:19:31,898 [INFO] ThirdParty:1030 - CMSIS Pack Vendor :STMicroelectronics X-CUBE-SMBUS 2.1.0
2025-07-30 14:19:31,898 [INFO] ThirdParty:1030 - CMSIS Pack Vendor :STMicroelectronics X-CUBE-WB05N 1.1.0
2025-07-30 14:19:31,898 [INFO] ThirdParty:1030 - CMSIS Pack Vendor :wolfSSL I-CUBE-wolfMQTT 1.19.2
2025-07-30 14:19:31,898 [INFO] ThirdParty:1030 - CMSIS Pack Vendor :STMicroelectronics USB_DEVICE 3.0.0
2025-07-30 14:19:31,898 [INFO] ThirdParty:1030 - CMSIS Pack Vendor :STMicroelectronics X-CUBE-ISPU 2.1.0
2025-07-30 14:19:31,898 [INFO] ThirdParty:1030 - CMSIS Pack Vendor :STMicroelectronics X-CUBE-EEPRMA1 5.2.0
2025-07-30 14:19:31,898 [INFO] ThirdParty:1030 - CMSIS Pack Vendor :STMicroelectronics X-CUBE-BLEMGR 4.1.0
2025-07-30 14:19:31,898 [INFO] ThirdParty:1030 - CMSIS Pack Vendor :STMicroelectronics X-CUBE-AZRTOS-WB 2.0.0
2025-07-30 14:19:31,898 [INFO] ThirdParty:1030 - CMSIS Pack Vendor :STMicroelectronics X-CUBE-ST60 1.0.0
2025-07-30 14:19:31,899 [INFO] ThirdParty:1030 - CMSIS Pack Vendor :STMicroelectronics X-CUBE-GNSS1 7.0.1
2025-07-30 14:19:31,899 [INFO] ThirdParty:1030 - CMSIS Pack Vendor :STMicroelectronics X-CUBE-NFC12 1.0.0
2025-07-30 14:19:31,899 [INFO] ThirdParty:1030 - CMSIS Pack Vendor :STMicroelectronics X-CUBE-AZRTOS-F7 1.1.0
2025-07-30 14:19:31,899 [INFO] ThirdParty:1030 - CMSIS Pack Vendor :STMicroelectronics X-CUBE-AZRTOS-L5 2.0.0
2025-07-30 14:19:31,899 [INFO] ThirdParty:1030 - CMSIS Pack Vendor :STMicroelectronics X-CUBE-TOUCHGFX 4.25.0
2025-07-30 14:19:31,899 [INFO] ThirdParty:1030 - CMSIS Pack Vendor :STMicroelectronics USB_DEVICE 2.0.0
2025-07-30 14:19:31,899 [INFO] ThirdParty:1030 - CMSIS Pack Vendor :STMicroelectronics X-CUBE-NFC6 3.1.0
2025-07-30 14:19:31,899 [INFO] ThirdParty:1030 - CMSIS Pack Vendor :STMicroelectronics X-CUBE-AI 10.1.0
2025-07-30 14:19:31,899 [INFO] ThirdParty:1030 - CMSIS Pack Vendor :STMicroelectronics X-CUBE-MEMS1 11.2.0
2025-07-30 14:19:31,899 [INFO] ThirdParty:1030 - CMSIS Pack Vendor :STMicroelectronics FreeRTOS 0.0.1
2025-07-30 14:19:31,899 [INFO] ThirdParty:1030 - CMSIS Pack Vendor :STMicroelectronics X-CUBE-AZRTOS-G0 1.1.0
2025-07-30 14:19:31,899 [INFO] ThirdParty:1030 - CMSIS Pack Vendor :STMicroelectronics X-CUBE-SAFEA1 1.2.2
2025-07-30 14:19:31,899 [INFO] ThirdParty:1030 - CMSIS Pack Vendor :STMicroelectronics X-CUBE-NFC4 3.0.0
2025-07-30 14:19:31,899 [INFO] ThirdParty:1030 - CMSIS Pack Vendor :STMicroelectronics X-CUBE-SUBG2 5.0.0
2025-07-30 14:19:31,899 [INFO] ThirdParty:1030 - CMSIS Pack Vendor :STMicroelectronics X-CUBE-AZRTOS-H7RS 1.1.0
2025-07-30 14:19:31,899 [INFO] ThirdParty:1030 - CMSIS Pack Vendor :STMicroelectronics STM32_WPAN 1.0.0
2025-07-30 14:19:31,899 [INFO] ThirdParty:1030 - CMSIS Pack Vendor :EmbeddedOffice I-CUBE-FS-RTOS 1.0.1
2025-07-30 14:19:31,899 [INFO] ThirdParty:1030 - CMSIS Pack Vendor :STMicroelectronics lwIP 2.0.3
2025-07-30 14:19:31,899 [INFO] ThirdParty:1030 - CMSIS Pack Vendor :STMicroelectronics FP-SNS-FLIGHT1 5.0.2
2025-07-30 14:19:31,899 [INFO] ThirdParty:1030 - CMSIS Pack Vendor :Cesanta I-CUBE-Mongoose 7.13.0
2025-07-30 14:19:31,899 [INFO] ThirdParty:1030 - CMSIS Pack Vendor :STMicroelectronics USB_HOST 1.0.0
2025-07-30 14:19:31,899 [INFO] ThirdParty:1030 - CMSIS Pack Vendor :Infineon AIROC-Wi-Fi-Bluetooth-STM32 1.7.0
2025-07-30 14:19:31,899 [INFO] ThirdParty:1030 - CMSIS Pack Vendor :STMicroelectronics X-CUBE-AZRTOS-G4 2.0.0
2025-07-30 14:19:31,899 [INFO] ThirdParty:1030 - CMSIS Pack Vendor :STMicroelectronics X-CUBE-WB05N 2.0.0
2025-07-30 14:19:31,899 [INFO] ThirdParty:1030 - CMSIS Pack Vendor :STMicroelectronics PDM2PCM 3.1.0
2025-07-30 14:19:31,899 [INFO] ThirdParty:1030 - CMSIS Pack Vendor :STMicroelectronics PDM2PCM 3.3.0
2025-07-30 14:19:31,899 [INFO] ThirdParty:1030 - CMSIS Pack Vendor :wolfSSL I-CUBE-wolfTPM 3.8.0
2025-07-30 14:19:31,899 [INFO] ThirdParty:1030 - CMSIS Pack Vendor :STMicroelectronics X-CUBE-AZRTOS-H7 3.4.0
2025-07-30 14:19:31,899 [INFO] ThirdParty:1030 - CMSIS Pack Vendor :STMicroelectronics X-CUBE-DISPLAY 3.0.0
2025-07-30 14:19:31,899 [INFO] ThirdParty:1030 - CMSIS Pack Vendor :wolfSSL I-CUBE-wolfSSH 1.4.20
2025-07-30 14:19:31,899 [INFO] ThirdParty:1030 - CMSIS Pack Vendor :STMicroelectronics X-CUBE-NFC7 2.0.0
2025-07-30 14:19:31,899 [INFO] ThirdParty:1030 - CMSIS Pack Vendor :STMicroelectronics X-CUBE-TCPP 4.2.0
2025-07-30 14:19:31,899 [INFO] ThirdParty:1030 - CMSIS Pack Vendor :RealThread X-CUBE-RT-Thread_Nano 4.1.1
2025-07-30 14:19:31,899 [INFO] ThirdParty:1030 - CMSIS Pack Vendor :STMicroelectronics FP-ATR-SIGFOX1 3.2.0
2025-07-30 14:19:31,900 [INFO] ThirdParty:1030 - CMSIS Pack Vendor :STMicroelectronics X-CUBE-NFC10 1.0.0
2025-07-30 14:19:31,900 [INFO] ThirdParty:1030 - CMSIS Pack Vendor :STMicroelectronics X-CUBE-BLEMGR 4.0.0
2025-07-30 14:19:31,900 [INFO] ThirdParty:1030 - CMSIS Pack Vendor :STMicroelectronics X-CUBE-EEPRMA1 5.1.0
2025-07-30 14:19:31,900 [INFO] ThirdParty:1030 - CMSIS Pack Vendor :STMicroelectronics X-CUBE-FREERTOS 1.3.1
2025-07-30 14:19:31,900 [INFO] ThirdParty:1030 - CMSIS Pack Vendor :STMicroelectronics HAL Drivers 0.0.0
2025-07-30 14:19:31,900 [INFO] ThirdParty:1030 - CMSIS Pack Vendor :STMicroelectronics MBEDTLS 2.16.2
2025-07-30 14:19:31,900 [INFO] ThirdParty:1030 - CMSIS Pack Vendor :STMicroelectronics X-CUBE-IPS 3.1.0
2025-07-30 14:19:31,900 [INFO] ThirdParty:1030 - CMSIS Pack Vendor :STMicroelectronics X-CUBE-ALS 1.0.2
2025-07-30 14:19:31,900 [INFO] ThirdParty:1030 - CMSIS Pack Vendor :emotas I-CUBE-CANOPEN 1.3.0
2025-07-30 14:19:31,900 [INFO] ThirdParty:1030 - CMSIS Pack Vendor :STMicroelectronics X-CUBE-FREERTOS 1.3.0
2025-07-30 14:19:31,900 [INFO] ThirdParty:1030 - CMSIS Pack Vendor :STMicroelectronics X-CUBE-NFC7 1.0.1
2025-07-30 14:19:31,900 [INFO] ThirdParty:1030 - CMSIS Pack Vendor :STMicroelectronics MBEDTLS 2.14.1
2025-07-30 14:19:31,900 [INFO] ThirdParty:1030 - CMSIS Pack Vendor :wolfSSL I-CUBE-wolfSSL 5.7.6
2025-07-30 14:19:31,900 [INFO] ThirdParty:1030 - CMSIS Pack Vendor :ITTIA_DB I-CUBE-ITTIADB 8.9.0
2025-07-30 14:19:31,900 [INFO] ThirdParty:1030 - CMSIS Pack Vendor :portGmbH I-Cube-SoM-uGOAL 1.1.0
2025-07-30 14:19:31,900 [INFO] ThirdParty:1030 - CMSIS Pack Vendor :quantropi X-CUBE-qispace-sdk-base 2.0.0
2025-07-30 14:19:31,900 [INFO] ThirdParty:1030 - CMSIS Pack Vendor :STMicroelectronics X-CUBE-AI 10.0.0
2025-07-30 14:19:31,900 [INFO] ThirdParty:1030 - CMSIS Pack Vendor :STMicroelectronics X-CUBE-ST67W61 1.0.0
2025-07-30 14:19:31,900 [INFO] ThirdParty:1030 - CMSIS Pack Vendor :STMicroelectronics FP-SNS-STAIOTCFT 1.0.0
2025-07-30 14:19:31,900 [INFO] ThirdParty:1030 - CMSIS Pack Vendor :STMicroelectronics ThreadX 1.0.0
2025-07-30 14:19:31,900 [INFO] ThirdParty:1030 - CMSIS Pack Vendor :STMicroelectronics FP-SNS-SMARTAG2 1.2.0
2025-07-30 14:19:31,900 [INFO] ThirdParty:1030 - CMSIS Pack Vendor :STMicroelectronics FP-SNS-FLIGHT1 5.1.0
2025-07-30 14:19:31,900 [INFO] ThirdParty:1030 - CMSIS Pack Vendor :STMicroelectronics X-CUBE-AZRTOS-WL 2.0.0
2025-07-30 14:19:31,900 [INFO] ThirdParty:1030 - CMSIS Pack Vendor :SEGGER I-CUBE-embOS 1.3.1
2025-07-30 14:19:31,900 [INFO] ThirdParty:1030 - CMSIS Pack Vendor :STMicroelectronics X-CUBE-ALGOBUILD 1.4.0
2025-07-30 14:19:31,900 [INFO] ThirdParty:1030 - CMSIS Pack Vendor :STMicroelectronics X-CUBE-DPower 1.3.0
2025-07-30 14:19:31,900 [INFO] ThirdParty:1030 - CMSIS Pack Vendor :STMicroelectronics X-CUBE-MEMS1 11.3.0
2025-07-30 14:19:31,900 [INFO] ThirdParty:1030 - CMSIS Pack Vendor :STMicroelectronics FP-SNS-MOTENV1 5.0.0
2025-07-30 14:19:31,900 [INFO] ThirdParty:1030 - CMSIS Pack Vendor :STMicroelectronics USB_DEVICE 1.0.0
2025-07-30 14:19:31,900 [INFO] ThirdParty:1030 - CMSIS Pack Vendor :STMicroelectronics X-CUBE-AZRTOS-L4 2.0.0
2025-07-30 14:19:31,900 [INFO] ThirdParty:1030 - CMSIS Pack Vendor :STMicroelectronics ThreadX 0.0.2
2025-07-30 14:19:31,900 [INFO] ThirdParty:1030 - CMSIS Pack Vendor :WES I-CUBE-Cesium 1.3.0
2025-07-30 14:19:31,900 [INFO] ThirdParty:1030 - CMSIS Pack Vendor :STMicroelectronics lwIP 2.1.2
2025-07-30 14:19:31,900 [INFO] ThirdParty:1030 - CMSIS Pack Vendor :STMicroelectronics X-CUBE-SFXS2LP1 4.0.0
2025-07-30 14:19:31,900 [INFO] ThirdParty:1030 - CMSIS Pack Vendor :STMicroelectronics X-CUBE-BLE2 3.3.0
2025-07-30 14:19:31,900 [INFO] ThirdParty:1030 - CMSIS Pack Vendor :STMicroelectronics X-CUBE-TOF1 3.4.3
2025-07-30 14:19:31,900 [INFO] ThirdParty:1030 - CMSIS Pack Vendor :STMicroelectronics PDM2PCM 3.2.0
2025-07-30 14:19:31,900 [INFO] ThirdParty:841 - exiting critical section [change project]
2025-07-30 14:19:32,230 [INFO] PinOutPanel:1589 - setPackage(No Configuration,No Configuration)
2025-07-30 14:19:32,230 [INFO] PinOutPanel:1589 - setPackage(STM32H755ZITx,LQFP144)
2025-07-30 14:19:32,616 [INFO] UtilMem:75 - Before build in PCC Used Memory: 950822304 Bytes (1073741824)
2025-07-30 14:19:32,873 [INFO] UtilMem:75 - After build in PCC Used Memory: 860464232 Bytes (1073741824)
2025-07-30 14:19:32,878 [INFO] ApiDbMcu:532 - Load IP Config File for FREERTOS_M7
2025-07-30 14:19:32,897 [INFO] IPUIPlugin:80 - create IPUIPlugin
2025-07-30 14:19:32,897 [INFO] IPUIPlugin:80 - create IPUIPlugin
2025-07-30 14:19:32,897 [INFO] IPUIPlugin:80 - create IPUIPlugin
2025-07-30 14:19:32,897 [INFO] IPUIPlugin:80 - create IPUIPlugin
2025-07-30 14:19:32,897 [INFO] IPUIPlugin:80 - create IPUIPlugin
2025-07-30 14:19:32,897 [INFO] IPUIPlugin:80 - create IPUIPlugin
2025-07-30 14:19:32,897 [INFO] IPUIPlugin:80 - create IPUIPlugin
2025-07-30 14:19:32,898 [INFO] IPUIPlugin:80 - create IPUIPlugin
2025-07-30 14:19:32,898 [INFO] IPUIPlugin:80 - create IPUIPlugin
2025-07-30 14:19:32,898 [INFO] IPUIPlugin:80 - create IPUIPlugin
2025-07-30 14:19:32,898 [INFO] IPUIPlugin:80 - create IPUIPlugin
2025-07-30 14:19:32,898 [INFO] IPUIPlugin:80 - create IPUIPlugin
2025-07-30 14:19:32,898 [INFO] IPUIPlugin:80 - create IPUIPlugin
2025-07-30 14:19:32,898 [INFO] IPUIPlugin:80 - create IPUIPlugin
2025-07-30 14:19:32,898 [INFO] IPUIPlugin:80 - create IPUIPlugin
2025-07-30 14:19:32,898 [INFO] IPUIPlugin:80 - create IPUIPlugin
2025-07-30 14:19:32,898 [INFO] IPUIPlugin:80 - create IPUIPlugin
2025-07-30 14:19:32,898 [INFO] IPUIPlugin:80 - create IPUIPlugin
2025-07-30 14:19:32,898 [INFO] IPUIPlugin:80 - create IPUIPlugin
2025-07-30 14:19:32,898 [INFO] IPUIPlugin:80 - create IPUIPlugin
2025-07-30 14:19:32,898 [INFO] IPUIPlugin:80 - create IPUIPlugin
2025-07-30 14:19:32,898 [INFO] IPUIPlugin:80 - create IPUIPlugin
2025-07-30 14:19:32,899 [INFO] IPUIPlugin:80 - create IPUIPlugin
2025-07-30 14:19:32,899 [INFO] IPUIPlugin:80 - create IPUIPlugin
2025-07-30 14:19:32,899 [INFO] IPUIPlugin:80 - create IPUIPlugin
2025-07-30 14:19:32,899 [INFO] IPUIPlugin:80 - create IPUIPlugin
2025-07-30 14:19:32,899 [INFO] IPUIPlugin:80 - create IPUIPlugin
2025-07-30 14:19:32,899 [INFO] IPUIPlugin:80 - create IPUIPlugin
2025-07-30 14:19:32,899 [INFO] IPUIPlugin:80 - create IPUIPlugin
2025-07-30 14:19:32,899 [INFO] IPUIPlugin:80 - create IPUIPlugin
2025-07-30 14:19:32,899 [INFO] IPUIPlugin:80 - create IPUIPlugin
2025-07-30 14:19:32,899 [INFO] IPUIPlugin:80 - create IPUIPlugin
2025-07-30 14:19:32,899 [INFO] IPUIPlugin:80 - create IPUIPlugin
2025-07-30 14:19:32,900 [INFO] IPUIPlugin:80 - create IPUIPlugin
2025-07-30 14:19:32,900 [INFO] IPUIPlugin:80 - create IPUIPlugin
2025-07-30 14:19:32,900 [INFO] IPUIPlugin:80 - create IPUIPlugin
2025-07-30 14:19:32,900 [INFO] IPUIPlugin:80 - create IPUIPlugin
2025-07-30 14:19:32,900 [INFO] IPUIPlugin:80 - create IPUIPlugin
2025-07-30 14:19:32,900 [INFO] IPUIPlugin:80 - create IPUIPlugin
2025-07-30 14:19:32,900 [INFO] IPUIPlugin:80 - create IPUIPlugin
2025-07-30 14:19:32,900 [INFO] IPUIPlugin:80 - create IPUIPlugin
2025-07-30 14:19:32,901 [INFO] IPUIPlugin:80 - create IPUIPlugin
2025-07-30 14:19:32,901 [INFO] IPUIPlugin:80 - create IPUIPlugin
2025-07-30 14:19:32,901 [INFO] IPUIPlugin:80 - create IPUIPlugin
2025-07-30 14:19:32,901 [INFO] IPUIPlugin:80 - create IPUIPlugin
2025-07-30 14:19:32,901 [INFO] IPUIPlugin:80 - create IPUIPlugin
2025-07-30 14:19:32,901 [INFO] IPUIPlugin:80 - create IPUIPlugin
2025-07-30 14:19:32,901 [INFO] IPUIPlugin:80 - create IPUIPlugin
2025-07-30 14:19:32,902 [INFO] IPUIPlugin:80 - create IPUIPlugin
2025-07-30 14:19:32,902 [INFO] IPUIPlugin:80 - create IPUIPlugin
2025-07-30 14:19:32,902 [INFO] IPUIPlugin:80 - create IPUIPlugin
2025-07-30 14:19:32,902 [INFO] IPUIPlugin:80 - create IPUIPlugin
2025-07-30 14:19:32,902 [INFO] IPUIPlugin:80 - create IPUIPlugin
2025-07-30 14:19:32,902 [INFO] IPUIPlugin:80 - create IPUIPlugin
2025-07-30 14:19:32,902 [INFO] IPUIPlugin:80 - create IPUIPlugin
2025-07-30 14:19:32,903 [INFO] IPUIPlugin:80 - create IPUIPlugin
2025-07-30 14:19:32,903 [INFO] IPUIPlugin:80 - create IPUIPlugin
2025-07-30 14:19:32,903 [INFO] IPUIPlugin:80 - create IPUIPlugin
2025-07-30 14:19:32,903 [INFO] IPUIPlugin:80 - create IPUIPlugin
2025-07-30 14:19:32,903 [INFO] IPUIPlugin:80 - create IPUIPlugin
2025-07-30 14:19:32,903 [INFO] IPUIPlugin:80 - create IPUIPlugin
2025-07-30 14:19:32,903 [INFO] IPUIPlugin:80 - create IPUIPlugin
2025-07-30 14:19:32,904 [INFO] IPUIPlugin:80 - create IPUIPlugin
2025-07-30 14:19:32,904 [INFO] IPUIPlugin:80 - create IPUIPlugin
2025-07-30 14:19:32,904 [INFO] IPUIPlugin:80 - create IPUIPlugin
2025-07-30 14:19:32,904 [INFO] IPUIPlugin:80 - create IPUIPlugin
2025-07-30 14:19:32,904 [INFO] IPUIPlugin:80 - create IPUIPlugin
2025-07-30 14:19:32,905 [INFO] IPUIPlugin:80 - create IPUIPlugin
2025-07-30 14:19:32,905 [INFO] IPUIPlugin:80 - create IPUIPlugin
2025-07-30 14:19:32,905 [INFO] IPUIPlugin:80 - create IPUIPlugin
2025-07-30 14:19:32,905 [INFO] IPUIPlugin:80 - create IPUIPlugin
2025-07-30 14:19:32,906 [INFO] IPUIPlugin:80 - create IPUIPlugin
2025-07-30 14:19:32,906 [INFO] IPUIPlugin:80 - create IPUIPlugin
2025-07-30 14:19:32,906 [INFO] IPUIPlugin:80 - create IPUIPlugin
2025-07-30 14:19:32,906 [INFO] IPUIPlugin:80 - create IPUIPlugin
2025-07-30 14:19:32,907 [INFO] IPUIPlugin:80 - create IPUIPlugin
2025-07-30 14:19:32,907 [INFO] IPUIPlugin:80 - create IPUIPlugin
2025-07-30 14:19:32,907 [INFO] IPUIPlugin:80 - create IPUIPlugin
2025-07-30 14:19:32,907 [INFO] IPUIPlugin:80 - create IPUIPlugin
2025-07-30 14:19:32,907 [INFO] IPUIPlugin:80 - create IPUIPlugin
2025-07-30 14:19:32,908 [INFO] IPUIPlugin:80 - create IPUIPlugin
2025-07-30 14:19:32,908 [INFO] IPUIPlugin:80 - create IPUIPlugin
2025-07-30 14:19:32,908 [INFO] IPUIPlugin:80 - create IPUIPlugin
2025-07-30 14:19:32,908 [INFO] IPUIPlugin:80 - create IPUIPlugin
2025-07-30 14:19:32,909 [INFO] IPUIPlugin:80 - create IPUIPlugin
2025-07-30 14:19:32,909 [INFO] IPUIPlugin:80 - create IPUIPlugin
2025-07-30 14:19:32,909 [INFO] IPUIPlugin:80 - create IPUIPlugin
2025-07-30 14:19:32,909 [INFO] IPUIPlugin:80 - create IPUIPlugin
2025-07-30 14:19:32,909 [INFO] IPUIPlugin:80 - create IPUIPlugin
2025-07-30 14:19:32,910 [INFO] IPUIPlugin:80 - create IPUIPlugin
2025-07-30 14:19:32,910 [INFO] IPUIPlugin:80 - create IPUIPlugin
2025-07-30 14:19:32,910 [INFO] IPUIPlugin:80 - create IPUIPlugin
2025-07-30 14:19:32,910 [INFO] IPUIPlugin:80 - create IPUIPlugin
2025-07-30 14:19:32,911 [INFO] IPUIPlugin:80 - create IPUIPlugin
2025-07-30 14:19:32,911 [INFO] IPUIPlugin:80 - create IPUIPlugin
2025-07-30 14:19:32,911 [INFO] IPUIPlugin:80 - create IPUIPlugin
2025-07-30 14:19:32,912 [INFO] IPUIPlugin:80 - create IPUIPlugin
2025-07-30 14:19:32,912 [INFO] IPUIPlugin:80 - create IPUIPlugin
2025-07-30 14:19:32,912 [INFO] IPUIPlugin:80 - create IPUIPlugin
2025-07-30 14:19:32,912 [INFO] IPUIPlugin:80 - create IPUIPlugin
2025-07-30 14:19:32,913 [INFO] IPUIPlugin:80 - create IPUIPlugin
2025-07-30 14:19:32,913 [INFO] IPUIPlugin:80 - create IPUIPlugin
2025-07-30 14:19:32,913 [INFO] IPUIPlugin:80 - create IPUIPlugin
2025-07-30 14:19:32,914 [INFO] IPUIPlugin:80 - create IPUIPlugin
2025-07-30 14:19:32,914 [INFO] IPUIPlugin:80 - create IPUIPlugin
2025-07-30 14:19:32,914 [INFO] IPUIPlugin:80 - create IPUIPlugin
2025-07-30 14:19:32,915 [INFO] IPUIPlugin:80 - create IPUIPlugin
2025-07-30 14:19:32,915 [INFO] IPUIPlugin:80 - create IPUIPlugin
2025-07-30 14:19:32,915 [INFO] IPUIPlugin:80 - create IPUIPlugin
2025-07-30 14:19:32,916 [INFO] IPUIPlugin:80 - create IPUIPlugin
2025-07-30 14:19:32,916 [INFO] IPUIPlugin:80 - create IPUIPlugin
2025-07-30 14:19:32,916 [INFO] IPUIPlugin:80 - create IPUIPlugin
2025-07-30 14:19:32,917 [INFO] IPUIPlugin:80 - create IPUIPlugin
2025-07-30 14:19:32,917 [INFO] IPUIPlugin:80 - create IPUIPlugin
2025-07-30 14:19:32,919 [INFO] ApiDbMcu:532 - Load IP Config File for PDM2PCM_M7
2025-07-30 14:19:32,920 [INFO] ApiDbMcu:532 - Load IP Config File for PDM2PCM_M4
2025-07-30 14:19:32,945 [WARN] FreeRTOS:1023 - Null or empty value: should not occur! (nothing added to the table)
2025-07-30 14:19:32,992 [INFO] CADModel:165 - CPN selected for project levelSTM32H755ZIT6
2025-07-30 14:19:32,992 [INFO] CADModel:114 - Register for checkConnection events
2025-07-30 14:19:32,994 [INFO] RtosManager:728 - Active RTOS found at IOC load: FREERTOS_M7 [CortexM7]
2025-07-30 14:19:33,043 [INFO] OpenFileManager:386 - Restore cursor
2025-07-30 14:19:33,233 [INFO] ProjectChoiceTab:962 - Analytics plugin initialized for: CortexM7 Enable multi-threaded support
2025-07-30 14:19:36,717 [INFO] I2cTimingTraitement:330 - 0x109090D9
2025-07-30 14:19:39,408 [INFO] UtilMem:75 - End SaveConfig() Used Memory: 902848944 Bytes (1073741824)
2025-07-30 14:19:40,615 [INFO] BlockDiagram:2775 - set Specific Code input for plugin: FREERTOS
2025-07-30 14:19:40,615 [INFO] BlockDiagram:2775 - set Specific Code input for plugin: RCC
2025-07-30 14:19:40,615 [INFO] BlockDiagram:2775 - set Specific Code input for plugin: I2C
2025-07-30 14:19:40,615 [INFO] BlockDiagram:2775 - set Specific Code input for plugin: USART
2025-07-30 14:19:40,615 [INFO] BlockDiagram:2775 - set Specific Code input for plugin: TIM1_8H7
2025-07-30 14:19:40,615 [INFO] BlockDiagram:2775 - set Specific Code input for plugin: SYS
2025-07-30 14:19:40,615 [INFO] BlockDiagram:2775 - set Specific Code input for plugin: ADC
2025-07-30 14:19:40,615 [INFO] BlockDiagram:2775 - set Specific Code input for plugin: ADC
2025-07-30 14:19:40,615 [INFO] BlockDiagram:2775 - set Specific Code input for plugin: NVIC2
2025-07-30 14:19:40,615 [INFO] BlockDiagram:2775 - set Specific Code input for plugin: UART
2025-07-30 14:19:40,615 [INFO] BlockDiagram:2775 - set Specific Code input for plugin: UART
2025-07-30 14:19:40,616 [INFO] BlockDiagram:2775 - set Specific Code input for plugin: GPIO
2025-07-30 14:19:40,616 [INFO] BlockDiagram:2775 - set Specific Code input for plugin: SYS_M4
2025-07-30 14:19:40,616 [INFO] BlockDiagram:2775 - set Specific Code input for plugin: NUCLEO-H755ZI-Q
2025-07-30 14:19:40,616 [INFO] BlockDiagram:2775 - set Specific Code input for plugin: NVIC1
2025-07-30 14:19:40,616 [INFO] CodeGenerator:892 - code generatio: config db path: C:\ST\STM32CubeIDE_1.19.0\STM32CubeIDE\plugins\com.st.stm32cube.common.mx_6.15.0.202507011659\\db\
2025-07-30 14:19:40,676 [ERROR] CodeGenerator:10662 - The current RTOS owner has not been found in the list of IPs
2025-07-30 14:19:40,677 [INFO] CodeGenerator:1619 - *******************Project context M7 selected
2025-07-30 14:19:40,746 [INFO] CodeEngine:265 - oldGeneratedFile, C:\Users\nicks\STM32CubeIDE\workspace_1.19.0\AFR\AFR_SENSHORRS\MXTmpFiles\license.tmp_save
2025-07-30 14:19:40,897 [INFO] CodeEngine:289 - Generated code: C:\Users\nicks\STM32CubeIDE\workspace_1.19.0\AFR\AFR_SENSHORRS\MXTmpFiles\license.tmp
2025-07-30 14:19:41,002 [INFO] CodeEngine:265 - oldGeneratedFile, C:\Users\nicks\STM32CubeIDE\workspace_1.19.0\AFR\AFR_SENSHORRS\CM7\MXTmpFiles\gpio.tmp_save
2025-07-30 14:19:41,091 [INFO] CodeEngine:289 - Generated code: C:\Users\nicks\STM32CubeIDE\workspace_1.19.0\AFR\AFR_SENSHORRS\CM7\MXTmpFiles\gpio.tmp
2025-07-30 14:19:41,310 [ERROR] IocParser:95 - Exception caught: Cannot invoke "java.lang.CharSequence.length()" because "this.text" is null
2025-07-30 14:19:41,517 [WARN] IPConfigManager:103 - WARNING: Missing Config File for NVIC1 ip!!
2025-07-30 14:19:41,814 [ERROR] CodeGenerator:10662 - The current RTOS owner has not been found in the list of IPs
2025-07-30 14:19:41,822 [INFO] CodeEngine:265 - oldGeneratedFile, C:\Users\nicks\STM32CubeIDE\workspace_1.19.0\AFR\AFR_SENSHORRS\CM7\MXTmpFiles\cortex.tmp_save
2025-07-30 14:19:41,882 [INFO] CodeEngine:289 - Generated code: C:\Users\nicks\STM32CubeIDE\workspace_1.19.0\AFR\AFR_SENSHORRS\CM7\MXTmpFiles\cortex.tmp
2025-07-30 14:19:41,901 [INFO] Middleware:1452 - No code input for Bsp Dependency
2025-07-30 14:19:41,908 [INFO] CodeEngine:265 - oldGeneratedFile, C:\Users\nicks\STM32CubeIDE\workspace_1.19.0\AFR\AFR_SENSHORRS\CM7\MXTmpFiles\rtos_inc.tmp_save
2025-07-30 14:19:41,952 [INFO] CodeEngine:289 - Generated code: C:\Users\nicks\STM32CubeIDE\workspace_1.19.0\AFR\AFR_SENSHORRS\CM7\MXTmpFiles\rtos_inc.tmp
2025-07-30 14:19:41,957 [INFO] CodeEngine:265 - oldGeneratedFile, C:\Users\nicks\STM32CubeIDE\workspace_1.19.0\AFR\AFR_SENSHORRS\CM7\MXTmpFiles\rtos_kernelInit.tmp_save
2025-07-30 14:19:42,005 [INFO] CodeEngine:289 - Generated code: C:\Users\nicks\STM32CubeIDE\workspace_1.19.0\AFR\AFR_SENSHORRS\CM7\MXTmpFiles\rtos_kernelInit.tmp
2025-07-30 14:19:42,010 [INFO] CodeEngine:265 - oldGeneratedFile, C:\Users\nicks\STM32CubeIDE\workspace_1.19.0\AFR\AFR_SENSHORRS\CM7\MXTmpFiles\rtos_kernelStart.tmp_save
2025-07-30 14:19:42,050 [INFO] CodeEngine:289 - Generated code: C:\Users\nicks\STM32CubeIDE\workspace_1.19.0\AFR\AFR_SENSHORRS\CM7\MXTmpFiles\rtos_kernelStart.tmp
2025-07-30 14:19:42,054 [INFO] CodeEngine:265 - oldGeneratedFile, C:\Users\nicks\STM32CubeIDE\workspace_1.19.0\AFR\AFR_SENSHORRS\CM7\MXTmpFiles\rtos_typedefs.tmp_save
2025-07-30 14:19:42,095 [INFO] CodeEngine:289 - Generated code: C:\Users\nicks\STM32CubeIDE\workspace_1.19.0\AFR\AFR_SENSHORRS\CM7\MXTmpFiles\rtos_typedefs.tmp
2025-07-30 14:19:42,100 [INFO] CodeEngine:265 - oldGeneratedFile, C:\Users\nicks\STM32CubeIDE\workspace_1.19.0\AFR\AFR_SENSHORRS\CM7\MXTmpFiles\rtos_vars.tmp_save
2025-07-30 14:19:42,146 [INFO] CodeEngine:289 - Generated code: C:\Users\nicks\STM32CubeIDE\workspace_1.19.0\AFR\AFR_SENSHORRS\CM7\MXTmpFiles\rtos_vars.tmp
2025-07-30 14:19:42,151 [INFO] CodeEngine:265 - oldGeneratedFile, C:\Users\nicks\STM32CubeIDE\workspace_1.19.0\AFR\AFR_SENSHORRS\CM7\MXTmpFiles\rtos_pfp.tmp_save
2025-07-30 14:19:42,190 [INFO] CodeEngine:289 - Generated code: C:\Users\nicks\STM32CubeIDE\workspace_1.19.0\AFR\AFR_SENSHORRS\CM7\MXTmpFiles\rtos_pfp.tmp
2025-07-30 14:19:42,196 [INFO] CodeEngine:265 - oldGeneratedFile, C:\Users\nicks\STM32CubeIDE\workspace_1.19.0\AFR\AFR_SENSHORRS\CM7\MXTmpFiles\rtos_obj_creat.tmp_save
2025-07-30 14:19:42,238 [INFO] CodeEngine:289 - Generated code: C:\Users\nicks\STM32CubeIDE\workspace_1.19.0\AFR\AFR_SENSHORRS\CM7\MXTmpFiles\rtos_obj_creat.tmp
2025-07-30 14:19:42,242 [INFO] CodeEngine:265 - oldGeneratedFile, C:\Users\nicks\STM32CubeIDE\workspace_1.19.0\AFR\AFR_SENSHORRS\CM7\MXTmpFiles\rtos_default_thread.tmp_save
2025-07-30 14:19:42,282 [INFO] CodeEngine:289 - Generated code: C:\Users\nicks\STM32CubeIDE\workspace_1.19.0\AFR\AFR_SENSHORRS\CM7\MXTmpFiles\rtos_default_thread.tmp
2025-07-30 14:19:42,286 [INFO] CodeEngine:265 - oldGeneratedFile, C:\Users\nicks\STM32CubeIDE\workspace_1.19.0\AFR\AFR_SENSHORRS\CM7\MXTmpFiles\rtos_threads.tmp_save
2025-07-30 14:19:42,331 [INFO] CodeEngine:289 - Generated code: C:\Users\nicks\STM32CubeIDE\workspace_1.19.0\AFR\AFR_SENSHORRS\CM7\MXTmpFiles\rtos_threads.tmp
2025-07-30 14:19:42,335 [INFO] CodeEngine:265 - oldGeneratedFile, C:\Users\nicks\STM32CubeIDE\workspace_1.19.0\AFR\AFR_SENSHORRS\CM7\Core\Inc\FreeRTOSConfig.h_save
2025-07-30 14:19:42,388 [INFO] CodeEngine:289 - Generated code: C:\Users\nicks\STM32CubeIDE\workspace_1.19.0\AFR\AFR_SENSHORRS\CM7\Core\Inc\FreeRTOSConfig.h
2025-07-30 14:19:42,392 [INFO] CodeEngine:265 - oldGeneratedFile, C:\Users\nicks\STM32CubeIDE\workspace_1.19.0\AFR\AFR_SENSHORRS\CM7\Core\Src\freertos.c_save
2025-07-30 14:19:42,436 [INFO] CodeEngine:289 - Generated code: C:\Users\nicks\STM32CubeIDE\workspace_1.19.0\AFR\AFR_SENSHORRS\CM7\Core\Src\freertos.c
2025-07-30 14:19:42,476 [INFO] CodeEngine:265 - oldGeneratedFile, C:\Users\nicks\STM32CubeIDE\workspace_1.19.0\AFR\AFR_SENSHORRS\CM7\Core\Inc\stm32h7xx_nucleo_conf.h_save
2025-07-30 14:19:42,517 [INFO] CodeEngine:289 - Generated code: C:\Users\nicks\STM32CubeIDE\workspace_1.19.0\AFR\AFR_SENSHORRS\CM7\Core\Inc\stm32h7xx_nucleo_conf.h
2025-07-30 14:19:42,522 [INFO] CodeEngine:265 - oldGeneratedFile, C:\Users\nicks\STM32CubeIDE\workspace_1.19.0\AFR\AFR_SENSHORRS\CM7\MXTmpFiles\bsp_inc.tmp_save
2025-07-30 14:19:42,560 [INFO] CodeEngine:289 - Generated code: C:\Users\nicks\STM32CubeIDE\workspace_1.19.0\AFR\AFR_SENSHORRS\CM7\MXTmpFiles\bsp_inc.tmp
2025-07-30 14:19:42,564 [INFO] CodeEngine:265 - oldGeneratedFile, C:\Users\nicks\STM32CubeIDE\workspace_1.19.0\AFR\AFR_SENSHORRS\CM7\MXTmpFiles\bsp_common_vars.tmp_save
2025-07-30 14:19:42,601 [INFO] CodeEngine:289 - Generated code: C:\Users\nicks\STM32CubeIDE\workspace_1.19.0\AFR\AFR_SENSHORRS\CM7\MXTmpFiles\bsp_common_vars.tmp
2025-07-30 14:19:42,606 [INFO] CodeEngine:265 - oldGeneratedFile, C:\Users\nicks\STM32CubeIDE\workspace_1.19.0\AFR\AFR_SENSHORRS\CM7\MXTmpFiles\bsp_common_init.tmp_save
2025-07-30 14:19:42,644 [INFO] CodeEngine:289 - Generated code: C:\Users\nicks\STM32CubeIDE\workspace_1.19.0\AFR\AFR_SENSHORRS\CM7\MXTmpFiles\bsp_common_init.tmp
2025-07-30 14:19:42,649 [INFO] CodeEngine:265 - oldGeneratedFile, C:\Users\nicks\STM32CubeIDE\workspace_1.19.0\AFR\AFR_SENSHORRS\CM7\MXTmpFiles\bsp_common_demo_before_while.tmp_save
2025-07-30 14:19:42,690 [INFO] CodeEngine:289 - Generated code: C:\Users\nicks\STM32CubeIDE\workspace_1.19.0\AFR\AFR_SENSHORRS\CM7\MXTmpFiles\bsp_common_demo_before_while.tmp
2025-07-30 14:19:42,695 [INFO] CodeEngine:265 - oldGeneratedFile, C:\Users\nicks\STM32CubeIDE\workspace_1.19.0\AFR\AFR_SENSHORRS\CM7\MXTmpFiles\bsp_common_demo_inside_while.tmp_save
2025-07-30 14:19:42,735 [INFO] CodeEngine:289 - Generated code: C:\Users\nicks\STM32CubeIDE\workspace_1.19.0\AFR\AFR_SENSHORRS\CM7\MXTmpFiles\bsp_common_demo_inside_while.tmp
2025-07-30 14:19:42,740 [INFO] CodeEngine:265 - oldGeneratedFile, C:\Users\nicks\STM32CubeIDE\workspace_1.19.0\AFR\AFR_SENSHORRS\CM7\MXTmpFiles\bsp_common_demo_fct.tmp_save
2025-07-30 14:19:42,778 [INFO] CodeEngine:289 - Generated code: C:\Users\nicks\STM32CubeIDE\workspace_1.19.0\AFR\AFR_SENSHORRS\CM7\MXTmpFiles\bsp_common_demo_fct.tmp
2025-07-30 14:19:42,798 [INFO] CodeEngine:265 - oldGeneratedFile, C:\Users\nicks\STM32CubeIDE\workspace_1.19.0\AFR\AFR_SENSHORRS\CM7\Core\Src\stm32h7xx_it.c_save
2025-07-30 14:19:42,914 [INFO] CodeEngine:289 - Generated code: C:\Users\nicks\STM32CubeIDE\workspace_1.19.0\AFR\AFR_SENSHORRS\CM7\Core\Src\stm32h7xx_it.c
2025-07-30 14:19:42,920 [INFO] CodeEngine:265 - oldGeneratedFile, C:\Users\nicks\STM32CubeIDE\workspace_1.19.0\AFR\AFR_SENSHORRS\CM7\Core\Inc\stm32h7xx_it.h_save
2025-07-30 14:19:42,962 [INFO] CodeEngine:289 - Generated code: C:\Users\nicks\STM32CubeIDE\workspace_1.19.0\AFR\AFR_SENSHORRS\CM7\Core\Inc\stm32h7xx_it.h
2025-07-30 14:19:43,092 [INFO] CodeEngine:265 - oldGeneratedFile, C:\Users\nicks\STM32CubeIDE\workspace_1.19.0\AFR\AFR_SENSHORRS\CM7\Core\Src\stm32h7xx_hal_msp.c_save
2025-07-30 14:19:43,180 [INFO] CodeEngine:289 - Generated code: C:\Users\nicks\STM32CubeIDE\workspace_1.19.0\AFR\AFR_SENSHORRS\CM7\Core\Src\stm32h7xx_hal_msp.c
2025-07-30 14:19:43,186 [INFO] CodeEngine:265 - oldGeneratedFile, C:\Users\nicks\STM32CubeIDE\workspace_1.19.0\AFR\AFR_SENSHORRS\CM7\MXTmpFiles\system.tmp_save
2025-07-30 14:19:43,228 [INFO] CodeEngine:289 - Generated code: C:\Users\nicks\STM32CubeIDE\workspace_1.19.0\AFR\AFR_SENSHORRS\CM7\MXTmpFiles\system.tmp
2025-07-30 14:19:43,240 [INFO] CodeEngine:321 - oldGeneratedFile, C:\Users\nicks\STM32CubeIDE\workspace_1.19.0\AFR\AFR_SENSHORRS\CM7\Core\Inc\stm32h7xx_hal_conf.h_save
2025-07-30 14:19:43,290 [INFO] CodeEngine:345 - Generated code: C:\Users\nicks\STM32CubeIDE\workspace_1.19.0\AFR\AFR_SENSHORRS\CM7\Core\Inc\stm32h7xx_hal_conf.h
2025-07-30 14:19:43,326 [INFO] ApiDbMcu:532 - Load IP Config File for ADC3
2025-07-30 14:19:43,328 [INFO] ApiDbMcu:532 - Load IP Config File for I2C2
2025-07-30 14:19:43,335 [INFO] ApiDbMcu:532 - Load IP Config File for TIM1
2025-07-30 14:19:43,341 [INFO] ApiDbMcu:532 - Load IP Config File for USART2
2025-07-30 14:19:43,344 [INFO] ApiDbMcu:532 - Load IP Config File for RCC
2025-07-30 14:19:43,346 [WARN] IPConfigManager:3811 - IP not found : NVIC
2025-07-30 14:19:43,346 [WARN] IPConfigManager:3811 - IP not found : TIM
2025-07-30 14:19:43,348 [WARN] CodeGenerator:4259 - IP not found : null
2025-07-30 14:19:43,348 [WARN] CodeGenerator:4259 - IP not found : null
2025-07-30 14:19:43,355 [INFO] CodeEngine:265 - oldGeneratedFile, C:\Users\nicks\STM32CubeIDE\workspace_1.19.0\AFR\AFR_SENSHORRS\CM7\Core\Inc\main.h_save
2025-07-30 14:19:43,423 [INFO] CodeEngine:289 - Generated code: C:\Users\nicks\STM32CubeIDE\workspace_1.19.0\AFR\AFR_SENSHORRS\CM7\Core\Inc\main.h
2025-07-30 14:19:43,429 [INFO] CodeEngine:265 - oldGeneratedFile, C:\Users\nicks\STM32CubeIDE\workspace_1.19.0\AFR\AFR_SENSHORRS\CM7\Core\Src\main.c_save
2025-07-30 14:19:43,519 [INFO] CodeEngine:289 - Generated code: C:\Users\nicks\STM32CubeIDE\workspace_1.19.0\AFR\AFR_SENSHORRS\CM7\Core\Src\main.c
2025-07-30 14:19:43,557 [INFO] CodeGenerator:1619 - *******************Project context M4 selected
2025-07-30 14:19:43,606 [INFO] CodeEngine:265 - oldGeneratedFile, C:\Users\nicks\STM32CubeIDE\workspace_1.19.0\AFR\AFR_SENSHORRS\MXTmpFiles\license.tmp_save
2025-07-30 14:19:43,649 [INFO] CodeEngine:289 - Generated code: C:\Users\nicks\STM32CubeIDE\workspace_1.19.0\AFR\AFR_SENSHORRS\MXTmpFiles\license.tmp
2025-07-30 14:19:43,666 [INFO] CodeEngine:265 - oldGeneratedFile, C:\Users\nicks\STM32CubeIDE\workspace_1.19.0\AFR\AFR_SENSHORRS\CM4\MXTmpFiles\gpio.tmp_save
2025-07-30 14:19:43,707 [INFO] CodeEngine:289 - Generated code: C:\Users\nicks\STM32CubeIDE\workspace_1.19.0\AFR\AFR_SENSHORRS\CM4\MXTmpFiles\gpio.tmp
2025-07-30 14:19:43,751 [WARN] IPConfigManager:103 - WARNING: Missing Config File for NVIC2 ip!!
2025-07-30 14:19:43,813 [INFO] CodeEngine:265 - oldGeneratedFile, C:\Users\nicks\STM32CubeIDE\workspace_1.19.0\AFR\AFR_SENSHORRS\CM4\MXTmpFiles\cortex.tmp_save
2025-07-30 14:19:43,852 [INFO] CodeEngine:289 - Generated code: C:\Users\nicks\STM32CubeIDE\workspace_1.19.0\AFR\AFR_SENSHORRS\CM4\MXTmpFiles\cortex.tmp
2025-07-30 14:19:43,889 [INFO] CodeEngine:265 - oldGeneratedFile, C:\Users\nicks\STM32CubeIDE\workspace_1.19.0\AFR\AFR_SENSHORRS\CM4\Core\Inc\stm32h7xx_nucleo_conf.h_save
2025-07-30 14:19:43,931 [INFO] CodeEngine:289 - Generated code: C:\Users\nicks\STM32CubeIDE\workspace_1.19.0\AFR\AFR_SENSHORRS\CM4\Core\Inc\stm32h7xx_nucleo_conf.h
2025-07-30 14:19:43,936 [INFO] CodeEngine:265 - oldGeneratedFile, C:\Users\nicks\STM32CubeIDE\workspace_1.19.0\AFR\AFR_SENSHORRS\CM4\MXTmpFiles\bsp_inc.tmp_save
2025-07-30 14:19:43,982 [INFO] CodeEngine:289 - Generated code: C:\Users\nicks\STM32CubeIDE\workspace_1.19.0\AFR\AFR_SENSHORRS\CM4\MXTmpFiles\bsp_inc.tmp
2025-07-30 14:19:44,001 [INFO] CodeEngine:265 - oldGeneratedFile, C:\Users\nicks\STM32CubeIDE\workspace_1.19.0\AFR\AFR_SENSHORRS\CM4\Core\Src\stm32h7xx_it.c_save
2025-07-30 14:19:44,046 [INFO] CodeEngine:289 - Generated code: C:\Users\nicks\STM32CubeIDE\workspace_1.19.0\AFR\AFR_SENSHORRS\CM4\Core\Src\stm32h7xx_it.c
2025-07-30 14:19:44,051 [INFO] CodeEngine:265 - oldGeneratedFile, C:\Users\nicks\STM32CubeIDE\workspace_1.19.0\AFR\AFR_SENSHORRS\CM4\Core\Inc\stm32h7xx_it.h_save
2025-07-30 14:19:44,092 [INFO] CodeEngine:289 - Generated code: C:\Users\nicks\STM32CubeIDE\workspace_1.19.0\AFR\AFR_SENSHORRS\CM4\Core\Inc\stm32h7xx_it.h
2025-07-30 14:19:44,136 [INFO] CodeEngine:265 - oldGeneratedFile, C:\Users\nicks\STM32CubeIDE\workspace_1.19.0\AFR\AFR_SENSHORRS\CM4\Core\Src\stm32h7xx_hal_msp.c_save
2025-07-30 14:19:44,200 [INFO] CodeEngine:289 - Generated code: C:\Users\nicks\STM32CubeIDE\workspace_1.19.0\AFR\AFR_SENSHORRS\CM4\Core\Src\stm32h7xx_hal_msp.c
2025-07-30 14:19:44,205 [INFO] CodeEngine:265 - oldGeneratedFile, C:\Users\nicks\STM32CubeIDE\workspace_1.19.0\AFR\AFR_SENSHORRS\CM4\MXTmpFiles\system.tmp_save
2025-07-30 14:19:44,244 [INFO] CodeEngine:289 - Generated code: C:\Users\nicks\STM32CubeIDE\workspace_1.19.0\AFR\AFR_SENSHORRS\CM4\MXTmpFiles\system.tmp
2025-07-30 14:19:44,254 [INFO] CodeEngine:321 - oldGeneratedFile, C:\Users\nicks\STM32CubeIDE\workspace_1.19.0\AFR\AFR_SENSHORRS\CM4\Core\Inc\stm32h7xx_hal_conf.h_save
2025-07-30 14:19:44,300 [INFO] CodeEngine:345 - Generated code: C:\Users\nicks\STM32CubeIDE\workspace_1.19.0\AFR\AFR_SENSHORRS\CM4\Core\Inc\stm32h7xx_hal_conf.h
2025-07-30 14:19:44,311 [INFO] ApiDbMcu:532 - Load IP Config File for ADC1
2025-07-30 14:19:44,316 [INFO] ApiDbMcu:532 - Load IP Config File for UART4
2025-07-30 14:19:44,322 [INFO] ApiDbMcu:532 - Load IP Config File for UART5
2025-07-30 14:19:44,323 [WARN] IPConfigManager:3811 - IP not found : NVIC
2025-07-30 14:19:44,324 [WARN] CodeGenerator:4259 - IP not found : null
2025-07-30 14:19:44,331 [INFO] CodeEngine:265 - oldGeneratedFile, C:\Users\nicks\STM32CubeIDE\workspace_1.19.0\AFR\AFR_SENSHORRS\CM4\Core\Inc\main.h_save
2025-07-30 14:19:44,376 [INFO] CodeEngine:289 - Generated code: C:\Users\nicks\STM32CubeIDE\workspace_1.19.0\AFR\AFR_SENSHORRS\CM4\Core\Inc\main.h
2025-07-30 14:19:44,382 [INFO] CodeEngine:265 - oldGeneratedFile, C:\Users\nicks\STM32CubeIDE\workspace_1.19.0\AFR\AFR_SENSHORRS\CM4\Core\Src\main.c_save
2025-07-30 14:19:44,446 [INFO] CodeEngine:289 - Generated code: C:\Users\nicks\STM32CubeIDE\workspace_1.19.0\AFR\AFR_SENSHORRS\CM4\Core\Src\main.c
2025-07-30 14:19:44,871 [INFO] ProjectBuilder:3606 - Time for Copy HAL[1] : 238mS.
2025-07-30 14:19:44,884 [INFO] ProjectBuilder:5216 - Project Generator version: 4.7.0-B52
2025-07-30 14:19:44,946 [INFO] ConfigFileManager:1595 - The Die is : DIE450
2025-07-30 14:19:49,515 [INFO] ProjectBuilder:5496 - Time for Generating toolchain IDE Files: 4631mS.
2025-07-30 14:19:49,515 [INFO] ProjectBuilder:3463 - Time for Copy CMSIS : 0mS.
2025-07-30 14:19:49,520 [INFO] ProjectBuilder:3463 - Time for Copy CMSIS : 0mS.
2025-07-30 14:48:51,369 [ERROR] LogOutputStream:75 - [STDERR_REDIRECT] 
2025-07-30 14:50:05,841 [INFO] Activator:176 - 


2025-07-30 14:50:05,843 [INFO] Activator:177 - !SESSION log4j initialized
2025-07-30 14:50:09,303 [INFO] LogOutputStream:77 - [STDOUT_REDIRECT] 
2025-07-30 14:50:10,177 [INFO] ApplicationProperties:184 - Using Application install path: C:\ST\STM32CubeIDE_1.19.0\STM32CubeIDE\plugins\com.st.stm32cube.common.mx_6.15.0.202507011659
2025-07-30 14:50:10,186 [INFO] DbMcusXml:78 - Set database path to: C:\ST\STM32CubeIDE_1.19.0\STM32CubeIDE\plugins\com.st.stm32cube.common.mx_6.15.0.202507011659\\db\/mcu/
2025-07-30 14:50:10,187 [INFO] ApiDb:274 - Set plugin database path to: C:\ST\STM32CubeIDE_1.19.0\STM32CubeIDE\plugins\com.st.stm32cube.common.mx_6.15.0.202507011659\\db\/plugins/boardmanager/
2025-07-30 14:50:10,187 [WARN] ApiDb:259 - Overriding images path with different value:  => C:\ST\STM32CubeIDE_1.19.0\STM32CubeIDE\plugins\com.st.stm32cube.common.mx_6.15.0.202507011659\\db\/plugins/mcufinder/images/
2025-07-30 14:50:10,190 [INFO] ApiDb:250 - Set database path to: C:\Users\nicks\.stmcufinder\plugins\mcufinder//mcu/
2025-07-30 14:50:10,191 [INFO] DbMcusAds:125 - Set database path to: C:\Users\nicks\.stmcufinder\plugins\mcufinder//mcu/
2025-07-30 14:50:10,192 [INFO] CrossReferenceDbSqlite:203 - Set database path to: C:\Users\nicks\.stmcufinder\plugins\mcufinder//mcu/cs/
2025-07-30 14:50:10,253 [INFO] RulesReader:64 - Compatibility file has been processed (317 Rules)
2025-07-30 14:50:10,299 [INFO] DbMcusXml:78 - Set database path to: C:\ST\STM32CubeIDE_1.19.0\STM32CubeIDE\plugins\com.st.stm32cube.common.mx_6.15.0.202507011659\\db\/mcu/
2025-07-30 14:50:10,299 [INFO] ApiDb:274 - Set plugin database path to: C:\ST\STM32CubeIDE_1.19.0\STM32CubeIDE\plugins\com.st.stm32cube.common.mx_6.15.0.202507011659\\db\/plugins/boardmanager/
2025-07-30 14:50:10,300 [INFO] ApiDb:261 - Set plugin images path to: C:\ST\STM32CubeIDE_1.19.0\STM32CubeIDE\plugins\com.st.stm32cube.common.mx_6.15.0.202507011659\\db\/plugins/mcufinder/images/
2025-07-30 14:50:10,300 [WARN] DbFile:41 - Overriding database path with different value: C:\Users\nicks\.stmcufinder\plugins\mcufinder/ => C:\Users\nicks\.stmcufinder\plugins\mcufinder
2025-07-30 14:50:10,300 [INFO] ApiDb:250 - Set database path to: C:\Users\nicks\.stmcufinder\plugins\mcufinder//mcu/
2025-07-30 14:50:10,300 [WARN] DbFile:41 - Overriding database path with different value: C:\Users\nicks\.stmcufinder\plugins\mcufinder/ => C:\Users\nicks\.stmcufinder\plugins\mcufinder
2025-07-30 14:50:10,300 [INFO] DbMcusAds:125 - Set database path to: C:\Users\nicks\.stmcufinder\plugins\mcufinder//mcu/
2025-07-30 14:50:10,300 [WARN] DbFile:41 - Overriding database path with different value: C:\Users\nicks\.stmcufinder\plugins\mcufinder/ => C:\Users\nicks\.stmcufinder\plugins\mcufinder
2025-07-30 14:50:10,300 [WARN] DbFile:41 - Overriding database path with different value: C:\Users\nicks\.stmcufinder\plugins\mcufinder/ => C:\Users\nicks\.stmcufinder\plugins\mcufinder
2025-07-30 14:50:10,300 [INFO] CrossReferenceDbSqlite:203 - Set database path to: C:\Users\nicks\.stmcufinder\plugins\mcufinder//mcu/cs/
2025-07-30 14:50:10,341 [INFO] MainPanel:274 - HeapMemory: 268435456
2025-07-30 14:50:10,389 [INFO] DbMcusXml:78 - Set database path to: C:\ST\STM32CubeIDE_1.19.0\STM32CubeIDE\plugins\com.st.stm32cube.common.mx_6.15.0.202507011659\\db\/mcu/
2025-07-30 14:50:10,389 [INFO] ApiDb:274 - Set plugin database path to: C:\ST\STM32CubeIDE_1.19.0\STM32CubeIDE\plugins\com.st.stm32cube.common.mx_6.15.0.202507011659\\db\/plugins/boardmanager/
2025-07-30 14:50:10,389 [INFO] ApiDb:261 - Set plugin images path to: C:\ST\STM32CubeIDE_1.19.0\STM32CubeIDE\plugins\com.st.stm32cube.common.mx_6.15.0.202507011659\\db\/plugins/mcufinder/images/
2025-07-30 14:50:10,389 [WARN] DbFile:41 - Overriding database path with different value: C:\Users\nicks\.stmcufinder\plugins\mcufinder/ => C:\Users\nicks\.stmcufinder\plugins\mcufinder
2025-07-30 14:50:10,389 [INFO] ApiDb:250 - Set database path to: C:\Users\nicks\.stmcufinder\plugins\mcufinder//mcu/
2025-07-30 14:50:10,389 [WARN] DbFile:41 - Overriding database path with different value: C:\Users\nicks\.stmcufinder\plugins\mcufinder/ => C:\Users\nicks\.stmcufinder\plugins\mcufinder
2025-07-30 14:50:10,389 [INFO] DbMcusAds:125 - Set database path to: C:\Users\nicks\.stmcufinder\plugins\mcufinder//mcu/
2025-07-30 14:50:10,389 [WARN] DbFile:41 - Overriding database path with different value: C:\Users\nicks\.stmcufinder\plugins\mcufinder/ => C:\Users\nicks\.stmcufinder\plugins\mcufinder
2025-07-30 14:50:10,389 [WARN] DbFile:41 - Overriding database path with different value: C:\Users\nicks\.stmcufinder\plugins\mcufinder/ => C:\Users\nicks\.stmcufinder\plugins\mcufinder
2025-07-30 14:50:10,390 [INFO] CrossReferenceDbSqlite:203 - Set database path to: C:\Users\nicks\.stmcufinder\plugins\mcufinder//mcu/cs/
2025-07-30 14:50:10,400 [INFO] ApplicationProperties:184 - Using Application install path: C:\ST\STM32CubeIDE_1.19.0\STM32CubeIDE\plugins\com.st.stm32cube.common.mx_6.15.0.202507011659
2025-07-30 14:50:10,400 [INFO] PluginManage:196 - Search for loadable plugins [exclusion list=, ]
2025-07-30 14:50:10,401 [INFO] PluginManage:310 - Check plugin analytics
2025-07-30 14:50:10,503 [INFO] AnalyticsPlugin:253 - Accepted Software Licenses: 
2025-07-30 14:50:10,503 [INFO] AnalyticsPlugin:255 - Accepted CMSIS Pack Licenses: 
2025-07-30 14:50:10,503 [INFO] AnalyticsPlugin:257 - Accepted Firmware Licenses: FW.F4.1.28.0,FW.H7.1.12.0,FW.H7.1.11.0
2025-07-30 14:50:10,505 [INFO] PluginManage:359 - Loaded plugin analytics (category:tool,tabindex:-1)
2025-07-30 14:50:10,505 [INFO] PluginManage:310 - Check plugin cadmodel
2025-07-30 14:50:10,507 [INFO] CADModel:105 - Init CAD model plugin
2025-07-30 14:50:10,507 [INFO] PluginManage:359 - Loaded plugin cadmodel (category:power,tabindex:5)
2025-07-30 14:50:10,508 [INFO] PluginManage:310 - Check plugin clock
2025-07-30 14:50:10,513 [INFO] PluginManage:359 - Loaded plugin clock (category:base,tabindex:2)
2025-07-30 14:50:10,513 [INFO] PluginManage:310 - Check plugin ddr
2025-07-30 14:50:10,514 [INFO] PluginManage:359 - Loaded plugin ddr (category:tool,tabindex:6)
2025-07-30 14:50:10,514 [INFO] PluginManage:310 - Check plugin filemanager
2025-07-30 14:50:10,604 [INFO] PluginManage:359 - Loaded plugin filemanager (category:base,tabindex:10)
2025-07-30 14:50:10,604 [INFO] PluginManage:310 - Check plugin ipmanager
2025-07-30 14:50:10,609 [INFO] PluginManage:359 - Loaded plugin ipmanager (category:base,tabindex:5)
2025-07-30 14:50:10,609 [INFO] PluginManage:310 - Check plugin lpbam
2025-07-30 14:50:10,615 [INFO] PluginManage:359 - Loaded plugin lpbam (category:base,tabindex:0)
2025-07-30 14:50:10,615 [INFO] PluginManage:310 - Check plugin memorymap
2025-07-30 14:50:10,622 [INFO] PluginManage:359 - Loaded plugin memorymap (category:base,tabindex:4)
2025-07-30 14:50:10,622 [INFO] PluginManage:310 - Check plugin pinoutandconfiguration
2025-07-30 14:50:10,626 [INFO] PluginManage:359 - Loaded plugin pinoutandconfiguration (category:base,tabindex:1)
2025-07-30 14:50:10,626 [INFO] PluginManage:310 - Check plugin pinoutconfig
2025-07-30 14:50:10,678 [WARN] SupportedApi:132 - Cannot load RTOS API schema: s4s-elt-must-match.1: The content of 'definitions' must match (annotation?, (simpleType | complexType)?, (unique | key | keyref)*)). A problem was found starting at: attribute.
2025-07-30 14:50:10,748 [INFO] PluginManage:359 - Loaded plugin pinoutconfig (category:base,tabindex:0)
2025-07-30 14:50:10,748 [INFO] PluginManage:310 - Check plugin power
2025-07-30 14:50:10,752 [INFO] PluginManage:359 - Loaded plugin power (category:power,tabindex:4)
2025-07-30 14:50:10,753 [INFO] PluginManage:310 - Check plugin projectmanager
2025-07-30 14:50:10,762 [INFO] PluginManage:359 - Loaded plugin projectmanager (category:projectmanager,tabindex:4)
2025-07-30 14:50:10,762 [INFO] PluginManage:310 - Check plugin rif
2025-07-30 14:50:10,767 [INFO] PluginManage:359 - Loaded plugin rif (category:base,tabindex:3)
2025-07-30 14:50:10,767 [INFO] PluginManage:310 - Check plugin thirdparty
2025-07-30 14:50:10,839 [INFO] PluginManage:359 - Loaded plugin thirdparty (category:base,tabindex:-1)
2025-07-30 14:50:10,839 [INFO] PluginManage:310 - Check plugin tools
2025-07-30 14:50:10,839 [WARN] IntegrityCheckThread:84 - waiting for thirdparty lock release [integrity check]
2025-07-30 14:50:10,839 [INFO] IntegrityCheckThread:86 - entering critical section [integrity check]
2025-07-30 14:50:10,839 [INFO] ThirdPartyUpdaterWithRetryManager:70 - Updater plugin not ready yet. [1/15]
2025-07-30 14:50:10,840 [INFO] PluginManage:359 - Loaded plugin tools (category:base,tabindex:7)
2025-07-30 14:50:10,840 [INFO] PluginManage:310 - Check plugin tutovideos
2025-07-30 14:50:10,965 [INFO] PluginManage:359 - Loaded plugin tutovideos (category:base,tabindex:-1)
2025-07-30 14:50:10,965 [INFO] PluginManage:310 - Check plugin updater
2025-07-30 14:50:10,987 [INFO] PluginManage:359 - Loaded plugin updater (category:base,tabindex:12)
2025-07-30 14:50:10,987 [INFO] PluginManage:310 - Check plugin userauth
2025-07-30 14:50:10,990 [INFO] UserAuth:118 - Init User Auth plugin
2025-07-30 14:50:10,990 [INFO] PluginManage:359 - Loaded plugin userauth (category:base,tabindex:14)
2025-07-30 14:50:10,990 [INFO] PluginManage:283 - PluginManage : Loaded plugins [18]
2025-07-30 14:50:11,111 [INFO] PinOutPanel:1589 - setPackage(No Configuration,No Configuration)
2025-07-30 14:50:11,158 [INFO] CADModel:165 - CPN selected for project level
2025-07-30 14:50:11,159 [INFO] CADModel:114 - Register for checkConnection events
2025-07-30 14:50:11,168 [INFO] IPUIPlugin:80 - create IPUIPlugin
2025-07-30 14:50:11,168 [INFO] PluginManager:220 - loadIPPluginJar : add adc
2025-07-30 14:50:11,169 [INFO] IPUIPlugin:80 - create IPUIPlugin
2025-07-30 14:50:11,169 [INFO] PluginManager:220 - loadIPPluginJar : add aes
2025-07-30 14:50:11,170 [INFO] IPUIPlugin:80 - create IPUIPlugin
2025-07-30 14:50:11,171 [INFO] PluginManager:220 - loadIPPluginJar : add can
2025-07-30 14:50:11,171 [INFO] IPUIPlugin:80 - create IPUIPlugin
2025-07-30 14:50:11,171 [INFO] PluginManager:220 - loadIPPluginJar : add comp
2025-07-30 14:50:11,172 [INFO] IPUIPlugin:80 - create IPUIPlugin
2025-07-30 14:50:11,173 [INFO] PluginManager:220 - loadIPPluginJar : add cryp
2025-07-30 14:50:11,174 [INFO] IPUIPlugin:80 - create IPUIPlugin
2025-07-30 14:50:11,174 [INFO] PluginManager:220 - loadIPPluginJar : add ddr_ctrl_phy
2025-07-30 14:50:11,175 [INFO] IPUIPlugin:80 - create IPUIPlugin
2025-07-30 14:50:11,175 [INFO] PluginManager:220 - loadIPPluginJar : add dfsdm
2025-07-30 14:50:11,178 [INFO] IPUIPlugin:80 - create IPUIPlugin
2025-07-30 14:50:11,178 [INFO] PluginManager:220 - loadIPPluginJar : add dma
2025-07-30 14:50:11,179 [INFO] IPUIPlugin:80 - create IPUIPlugin
2025-07-30 14:50:11,179 [INFO] PluginManager:220 - loadIPPluginJar : add dma3
2025-07-30 14:50:11,181 [INFO] IPUIPlugin:80 - create IPUIPlugin
2025-07-30 14:50:11,181 [INFO] PluginManager:220 - loadIPPluginJar : add extmemmanager
2025-07-30 14:50:11,182 [INFO] IPUIPlugin:80 - create IPUIPlugin
2025-07-30 14:50:11,182 [INFO] PluginManager:220 - loadIPPluginJar : add fatfs
2025-07-30 14:50:11,184 [INFO] IPUIPlugin:80 - create IPUIPlugin
2025-07-30 14:50:11,184 [INFO] PluginManager:220 - loadIPPluginJar : add fmc
2025-07-30 14:50:11,187 [INFO] IPUIPlugin:80 - create IPUIPlugin
2025-07-30 14:50:11,187 [INFO] PluginManager:220 - loadIPPluginJar : add freertos
2025-07-30 14:50:11,188 [INFO] IPUIPlugin:80 - create IPUIPlugin
2025-07-30 14:50:11,188 [INFO] PluginManager:220 - loadIPPluginJar : add genericplugin
2025-07-30 14:50:11,189 [INFO] IPUIPlugin:80 - create IPUIPlugin
2025-07-30 14:50:11,189 [INFO] PluginManager:220 - loadIPPluginJar : add gfxmmu
2025-07-30 14:50:11,191 [INFO] IPUIPlugin:80 - create IPUIPlugin
2025-07-30 14:50:11,191 [INFO] PluginManager:220 - loadIPPluginJar : add gic
2025-07-30 14:50:11,193 [INFO] IPUIPlugin:80 - create IPUIPlugin
2025-07-30 14:50:11,193 [INFO] PluginManager:220 - loadIPPluginJar : add gpio
2025-07-30 14:50:11,194 [INFO] IPUIPlugin:80 - create IPUIPlugin
2025-07-30 14:50:11,194 [INFO] PluginManager:220 - loadIPPluginJar : add gtzc
2025-07-30 14:50:11,196 [INFO] IPUIPlugin:80 - create IPUIPlugin
2025-07-30 14:50:11,196 [INFO] PluginManager:220 - loadIPPluginJar : add hash
2025-07-30 14:50:11,197 [INFO] IPUIPlugin:80 - create IPUIPlugin
2025-07-30 14:50:11,197 [INFO] PluginManager:220 - loadIPPluginJar : add i2c
2025-07-30 14:50:11,198 [INFO] IPUIPlugin:80 - create IPUIPlugin
2025-07-30 14:50:11,198 [INFO] PluginManager:220 - loadIPPluginJar : add i2s
2025-07-30 14:50:11,200 [INFO] IPUIPlugin:80 - create IPUIPlugin
2025-07-30 14:50:11,200 [INFO] PluginManager:220 - loadIPPluginJar : add i3c
2025-07-30 14:50:11,201 [INFO] IPUIPlugin:80 - create IPUIPlugin
2025-07-30 14:50:11,202 [INFO] PluginManager:220 - loadIPPluginJar : add ipddr
2025-07-30 14:50:11,205 [INFO] IPUIPlugin:80 - create IPUIPlugin
2025-07-30 14:50:11,205 [INFO] PluginManager:220 - loadIPPluginJar : add linkedlist
2025-07-30 14:50:11,207 [INFO] IPUIPlugin:80 - create IPUIPlugin
2025-07-30 14:50:11,207 [INFO] PluginManager:220 - loadIPPluginJar : add lorawan
2025-07-30 14:50:11,208 [INFO] IPUIPlugin:80 - create IPUIPlugin
2025-07-30 14:50:11,208 [INFO] PluginManager:220 - loadIPPluginJar : add ltdc
2025-07-30 14:50:11,211 [INFO] IPUIPlugin:80 - create IPUIPlugin
2025-07-30 14:50:11,211 [INFO] PluginManager:220 - loadIPPluginJar : add mdma
2025-07-30 14:50:11,213 [INFO] IPUIPlugin:80 - create IPUIPlugin
2025-07-30 14:50:11,213 [INFO] PluginManager:220 - loadIPPluginJar : add nvic
2025-07-30 14:50:11,215 [INFO] IPUIPlugin:80 - create IPUIPlugin
2025-07-30 14:50:11,215 [INFO] PluginManager:220 - loadIPPluginJar : add opamp
2025-07-30 14:50:11,217 [INFO] IPUIPlugin:80 - create IPUIPlugin
2025-07-30 14:50:11,217 [INFO] PluginManager:220 - loadIPPluginJar : add openamp
2025-07-30 14:50:11,218 [INFO] IPUIPlugin:80 - create IPUIPlugin
2025-07-30 14:50:11,218 [INFO] PluginManager:220 - loadIPPluginJar : add pdm2pcm
2025-07-30 14:50:11,221 [INFO] IPUIPlugin:80 - create IPUIPlugin
2025-07-30 14:50:11,223 [INFO] PluginManager:220 - loadIPPluginJar : add plateformsettings
2025-07-30 14:50:11,223 [INFO] IPUIPlugin:80 - create IPUIPlugin
2025-07-30 14:50:11,224 [INFO] PluginManager:220 - loadIPPluginJar : add quadspi
2025-07-30 14:50:11,224 [INFO] IPUIPlugin:80 - create IPUIPlugin
2025-07-30 14:50:11,225 [INFO] PluginManager:220 - loadIPPluginJar : add radio
2025-07-30 14:50:11,226 [INFO] IPUIPlugin:80 - create IPUIPlugin
2025-07-30 14:50:11,226 [INFO] PluginManager:220 - loadIPPluginJar : add resmgrutility
2025-07-30 14:50:11,228 [INFO] IPUIPlugin:80 - create IPUIPlugin
2025-07-30 14:50:11,228 [INFO] PluginManager:220 - loadIPPluginJar : add sai
2025-07-30 14:50:11,230 [INFO] IPUIPlugin:80 - create IPUIPlugin
2025-07-30 14:50:11,230 [INFO] PluginManager:220 - loadIPPluginJar : add spi
2025-07-30 14:50:11,233 [INFO] IPUIPlugin:80 - create IPUIPlugin
2025-07-30 14:50:11,234 [INFO] PluginManager:220 - loadIPPluginJar : add stm32_wpan
2025-07-30 14:50:11,234 [INFO] IPUIPlugin:80 - create IPUIPlugin
2025-07-30 14:50:11,235 [INFO] PluginManager:220 - loadIPPluginJar : add tim
2025-07-30 14:50:11,236 [INFO] IPUIPlugin:80 - create IPUIPlugin
2025-07-30 14:50:11,236 [INFO] PluginManager:220 - loadIPPluginJar : add touchsensing
2025-07-30 14:50:11,237 [INFO] IPUIPlugin:80 - create IPUIPlugin
2025-07-30 14:50:11,237 [INFO] PluginManager:220 - loadIPPluginJar : add tracer_emb
2025-07-30 14:50:11,238 [INFO] IPUIPlugin:80 - create IPUIPlugin
2025-07-30 14:50:11,238 [INFO] PluginManager:220 - loadIPPluginJar : add ts
2025-07-30 14:50:11,239 [INFO] IPUIPlugin:80 - create IPUIPlugin
2025-07-30 14:50:11,239 [INFO] PluginManager:220 - loadIPPluginJar : add tsc
2025-07-30 14:50:11,240 [INFO] IPUIPlugin:80 - create IPUIPlugin
2025-07-30 14:50:11,240 [INFO] PluginManager:220 - loadIPPluginJar : add ucpd
2025-07-30 14:50:11,241 [INFO] IPUIPlugin:80 - create IPUIPlugin
2025-07-30 14:50:11,242 [INFO] PluginManager:220 - loadIPPluginJar : add usart
2025-07-30 14:50:11,243 [INFO] IPUIPlugin:80 - create IPUIPlugin
2025-07-30 14:50:11,243 [INFO] PluginManager:220 - loadIPPluginJar : add usbx
2025-07-30 14:50:11,347 [FATAL] Updater:351 - Updater called before beeing initialized
2025-07-30 14:50:11,362 [INFO] RulesReader:64 - Compatibility file has been processed (317 Rules)
2025-07-30 14:50:11,369 [INFO] RulesReader:64 - Compatibility file has been processed (317 Rules)
2025-07-30 14:50:11,373 [INFO] CADModel:165 - CPN selected for project level
2025-07-30 14:50:11,373 [INFO] CADModel:114 - Register for checkConnection events
2025-07-30 14:50:11,373 [FATAL] Updater:351 - Updater called before beeing initialized
2025-07-30 14:50:11,373 [ERROR] CADModel:125 - Updater not yet initialized, retry later 
2025-07-30 14:50:11,454 [FATAL] Updater:351 - Updater called before beeing initialized
2025-07-30 14:50:11,455 [INFO] CADModel:165 - CPN selected for project level
2025-07-30 14:50:11,455 [INFO] CADModel:114 - Register for checkConnection events
2025-07-30 14:50:11,455 [FATAL] Updater:351 - Updater called before beeing initialized
2025-07-30 14:50:11,455 [ERROR] CADModel:125 - Updater not yet initialized, retry later 
2025-07-30 14:50:11,457 [FATAL] Updater:351 - Updater called before beeing initialized
2025-07-30 14:50:11,523 [FATAL] Updater:351 - Updater called before beeing initialized
2025-07-30 14:50:11,526 [INFO] DbMcusAds:53 - JSON generation date=Tue Jul 08 18:14:23 AEST 2025 (1751962463562)
2025-07-30 14:50:11,526 [FATAL] Updater:351 - Updater called before beeing initialized
2025-07-30 14:50:11,548 [WARN] DetailPanel:346 - Failed to get advertising image, set to default
2025-07-30 14:50:11,605 [FATAL] Updater:351 - Updater called before beeing initialized
2025-07-30 14:50:11,606 [FATAL] Updater:351 - Updater called before beeing initialized
2025-07-30 14:50:11,606 [FATAL] Updater:351 - Updater called before beeing initialized
2025-07-30 14:50:11,606 [WARN] DetailPanel:346 - Failed to get advertising image, set to default
2025-07-30 14:50:11,607 [FATAL] Updater:351 - Updater called before beeing initialized
2025-07-30 14:50:11,633 [ERROR] Updater:1198 - MainUpdater not yet initialized. External WinMGr cannot be set.
2025-07-30 14:50:11,635 [INFO] Updater:1134 - Updater Version found : 6.15.0
2025-07-30 14:50:11,645 [INFO] ApplicationProperties:184 - Using Application install path: C:\ST\STM32CubeIDE_1.19.0\STM32CubeIDE\plugins\com.st.stm32cube.common.mx_6.15.0.202507011659
2025-07-30 14:50:11,834 [INFO] MainUpdater:2872 - connection check result : 10
2025-07-30 14:50:11,835 [INFO] MainUpdater:289 - Updater Check For Update Now.
2025-07-30 14:50:11,835 [INFO] MicroXplorer:498 - Change Database Version : DB.6.0.150
2025-07-30 14:50:11,839 [INFO] McuFinderGlobals:63 - Set McuFinder mode to 2 (CubeIDE integrated)
2025-07-30 14:50:11,839 [INFO] UserAuth:487 - Internet connection configuration mode: 1
2025-07-30 14:50:11,853 [INFO] JxBrowserEngine:152 - Initiate JxBrowser Engine with user profile folder
2025-07-30 14:50:11,993 [INFO] CheckServerUpdateThread:120 - End of CheckServer Thread
2025-07-30 14:50:12,203 [INFO] WebApp:169 - Instantiating new browser for Auth
2025-07-30 14:50:12,568 [INFO] WebApp:463 - Apply proxy settings
2025-07-30 14:50:12,568 [INFO] WebApp:548 - Chromium requires no authentication
2025-07-30 14:50:12,573 [INFO] WebApp:491 - Direct internet connection detected
2025-07-30 14:50:12,584 [INFO] WebApp:900 - Register for checkConnection events
2025-07-30 14:50:12,585 [INFO] WebApp:463 - Apply proxy settings
2025-07-30 14:50:12,585 [INFO] WebApp:548 - Chromium requires no authentication
2025-07-30 14:50:12,585 [INFO] WebApp:491 - Direct internet connection detected
2025-07-30 14:50:12,675 [INFO] WebApp:225 - Starting web application
2025-07-30 14:50:12,675 [INFO] WebApp:593 - Web application path used C:\ST\STM32CubeIDE_1.19.0\STM32CubeIDE\plugins\com.st.stm32cube.common.mx_6.15.0.202507011659\db\plugins\mcufinder\reactClient1\index.html
2025-07-30 14:50:12,726 [INFO] UserAuth:487 - Internet connection configuration mode: 1
2025-07-30 14:50:12,990 [INFO] WebApp:191 - Connection restablished
2025-07-30 14:50:14,001 [WARN] PackLoader:240 - Cannot read IP mode file for STMicroelectronics.FP-SNS-MOTENVWB1.1.4.0
2025-07-30 14:50:14,005 [WARN] PackLoader:240 - Cannot read IP mode file for STMicroelectronics.FP-ATR-ASTRA1.2.0.2
2025-07-30 14:50:14,007 [WARN] PackLoader:240 - Cannot read IP mode file for STMicroelectronics.FP-ATR-ASTRA1.2.0.1
2025-07-30 14:50:14,011 [WARN] PackLoader:240 - Cannot read IP mode file for STMicroelectronics.X-CUBE-SMBUS.2.1.0
2025-07-30 14:50:14,015 [WARN] PackLoader:240 - Cannot read IP mode file for STMicroelectronics.X-CUBE-WB05N.1.1.0
2025-07-30 14:50:14,018 [WARN] PackLoader:240 - Cannot read IP mode file for STMicroelectronics.X-CUBE-ST60.1.0.0
2025-07-30 14:50:14,034 [WARN] PackLoader:240 - Cannot read IP mode file for STMicroelectronics.X-CUBE-AZRTOS-F7.1.1.0
2025-07-30 14:50:14,039 [WARN] PackLoader:240 - Cannot read IP mode file for STMicroelectronics.FP-SNS-FLIGHT1.5.0.2
2025-07-30 14:50:14,051 [WARN] PackLoader:240 - Cannot read IP mode file for Infineon.AIROC-Wi-Fi-Bluetooth-STM32.1.7.0
2025-07-30 14:50:14,070 [WARN] PackLoader:240 - Cannot read IP mode file for STMicroelectronics.X-CUBE-AZRTOS-H7.3.4.0
2025-07-30 14:50:14,076 [WARN] PackLoader:240 - Cannot read IP mode file for STMicroelectronics.X-CUBE-DISPLAY.3.0.0
2025-07-30 14:50:14,082 [WARN] PackLoader:240 - Cannot read IP mode file for STMicroelectronics.X-CUBE-NFC10.1.0.0
2025-07-30 14:50:14,088 [WARN] PackLoader:240 - Cannot read IP mode file for STMicroelectronics.X-CUBE-BLEMGR.4.0.0
2025-07-30 14:50:14,092 [WARN] PackLoader:240 - Cannot read IP mode file for emotas.I-CUBE-CANOPEN.1.3.0
2025-07-30 14:50:14,095 [WARN] ConditionMgr:438 - getConditionDescription Invalid condition id : Cortex-A Device cause : null
2025-07-30 14:50:14,102 [WARN] ConditionMgr:1044 - genDependencies : Invalid condition id : Cortex-A Device cause : null
2025-07-30 14:50:14,102 [WARN] ConditionMgr:1044 - genDependencies : Invalid condition id : Cortex-A Device cause : null
2025-07-30 14:50:14,102 [WARN] ConditionMgr:1044 - genDependencies : Invalid condition id : Cortex-A Device cause : null
2025-07-30 14:50:14,104 [WARN] PackLoader:240 - Cannot read IP mode file for STMicroelectronics.X-CUBE-AI.10.0.0
2025-07-30 14:50:14,106 [WARN] PackLoader:240 - Cannot read IP mode file for STMicroelectronics.FP-SNS-SMARTAG2.1.2.0
2025-07-30 14:50:14,113 [WARN] PackLoader:240 - Cannot read IP mode file for STMicroelectronics.FP-SNS-FLIGHT1.5.1.0
2025-07-30 14:50:14,121 [INFO] LogOutputStream:77 - [STDOUT_REDIRECT] 1 : Invalid condition id : UX_CORESTACK_Condition cause : null
2025-07-30 14:50:14,121 [INFO] LogOutputStream:77 - [STDOUT_REDIRECT] 1 : Invalid condition id : UX_CORESTACK_Condition cause : null
2025-07-30 14:50:14,122 [INFO] LogOutputStream:77 - [STDOUT_REDIRECT] 1 : Invalid condition id : UX_CORESTACK_Condition cause : null
2025-07-30 14:50:14,123 [INFO] LogOutputStream:77 - [STDOUT_REDIRECT] 1 : Invalid condition id : UX_CORESTACK_Condition cause : null
2025-07-30 14:50:14,124 [INFO] LogOutputStream:77 - [STDOUT_REDIRECT] 1 : Invalid condition id : UX_CORESTACK_Condition cause : null
2025-07-30 14:50:14,125 [WARN] PackLoader:240 - Cannot read IP mode file for STMicroelectronics.X-CUBE-AZRTOS-WL.2.0.0
2025-07-30 14:50:14,129 [WARN] PackLoader:240 - Cannot read IP mode file for STMicroelectronics.FP-SNS-MOTENV1.5.0.0
2025-07-30 14:50:14,136 [WARN] PackLoader:240 - Cannot read IP mode file for WES.I-CUBE-Cesium.1.3.0
2025-07-30 14:50:14,140 [WARN] PackLoader:240 - Cannot read IP mode file for STMicroelectronics.X-CUBE-BLE2.3.3.0
2025-07-30 14:50:14,143 [WARN] PackLoader:240 - Cannot read IP mode file for STMicroelectronics.X-CUBE-NFC9.1.0.0
2025-07-30 14:50:14,147 [WARN] PackLoader:240 - Cannot read IP mode file for STMicroelectronics.X-CUBE-BLE1.7.1.0
2025-07-30 14:50:14,151 [WARN] PackLoader:240 - Cannot read IP mode file for wolfSSL.I-CUBE-wolfMQTT.1.19.2
2025-07-30 14:50:14,156 [WARN] PackLoader:240 - Cannot read IP mode file for STMicroelectronics.X-CUBE-EEPRMA1.5.2.0
2025-07-30 14:50:14,160 [WARN] PackLoader:240 - Cannot read IP mode file for STMicroelectronics.X-CUBE-AI.10.1.0
2025-07-30 14:50:14,204 [WARN] PackLoader:240 - Cannot read IP mode file for STMicroelectronics.X-CUBE-MEMS1.11.2.0
2025-07-30 14:50:14,290 [WARN] PackLoader:240 - Cannot read IP mode file for STMicroelectronics.X-CUBE-AZRTOS-G0.1.1.0
2025-07-30 14:50:14,294 [WARN] PackLoader:240 - Cannot read IP mode file for STMicroelectronics.X-CUBE-SAFEA1.1.2.2
2025-07-30 14:50:14,297 [WARN] PackLoader:240 - Cannot read IP mode file for STMicroelectronics.X-CUBE-NFC4.3.0.0
2025-07-30 14:50:14,301 [WARN] PackLoader:240 - Cannot read IP mode file for EmbeddedOffice.I-CUBE-FS-RTOS.1.0.1
2025-07-30 14:50:14,303 [WARN] PackLoader:240 - Cannot read IP mode file for STMicroelectronics.X-CUBE-WB05N.2.0.0
2025-07-30 14:50:14,305 [WARN] PackLoader:240 - Cannot read IP mode file for wolfSSL.I-CUBE-wolfTPM.3.8.0
2025-07-30 14:50:14,308 [WARN] PackLoader:240 - Cannot read IP mode file for STMicroelectronics.X-CUBE-TCPP.4.2.0
2025-07-30 14:50:14,310 [WARN] PackLoader:240 - Cannot read IP mode file for RealThread.X-CUBE-RT-Thread_Nano.4.1.1
2025-07-30 14:50:14,313 [WARN] PackLoader:240 - Cannot read IP mode file for STMicroelectronics.FP-ATR-SIGFOX1.3.2.0
2025-07-30 14:50:14,315 [WARN] PackLoader:240 - Cannot read IP mode file for STMicroelectronics.X-CUBE-EEPRMA1.5.1.0
2025-07-30 14:50:14,317 [WARN] PackLoader:240 - Cannot read IP mode file for wolfSSL.I-CUBE-wolfSSL.5.7.6
2025-07-30 14:50:14,320 [WARN] PackLoader:240 - Cannot read IP mode file for ITTIA_DB.I-CUBE-ITTIADB.8.9.0
2025-07-30 14:50:14,323 [WARN] PackLoader:240 - Cannot read IP mode file for STMicroelectronics.X-CUBE-ST67W61.1.0.0
2025-07-30 14:50:14,334 [WARN] PackLoader:240 - Cannot read IP mode file for SEGGER.I-CUBE-embOS.1.3.1
2025-07-30 14:50:14,355 [WARN] PackLoader:240 - Cannot read IP mode file for STMicroelectronics.X-CUBE-ALGOBUILD.1.4.0
2025-07-30 14:50:14,374 [WARN] PackLoader:240 - Cannot read IP mode file for STMicroelectronics.X-CUBE-MEMS1.11.3.0
2025-07-30 14:50:14,463 [WARN] PackLoader:240 - Cannot read IP mode file for STMicroelectronics.X-CUBE-PM33A1.1.0.0
2025-07-30 14:50:14,476 [WARN] PackLoader:240 - Cannot read IP mode file for STMicroelectronics.X-CUBE-AZRTOS-F4.1.1.0
2025-07-30 14:50:14,482 [WARN] PackLoader:240 - Cannot read IP mode file for Avnet-IotConnect.X-CUBE-IoTC-DA16k-PMOD.1.0.0
2025-07-30 14:50:14,486 [WARN] PackLoader:240 - Cannot read IP mode file for STMicroelectronics.X-CUBE-ISPU.2.1.0
2025-07-30 14:50:14,491 [WARN] PackLoader:240 - Cannot read IP mode file for STMicroelectronics.X-CUBE-NFC12.1.0.0
2025-07-30 14:50:14,504 [WARN] PackLoader:240 - Cannot read IP mode file for STMicroelectronics.X-CUBE-AZRTOS-L5.2.0.0
2025-07-30 14:50:14,509 [WARN] PackLoader:240 - Cannot read IP mode file for STMicroelectronics.X-CUBE-NFC6.3.1.0
2025-07-30 14:50:14,521 [WARN] PackLoader:240 - Cannot read IP mode file for STMicroelectronics.X-CUBE-FREERTOS.1.3.1
2025-07-30 14:50:14,525 [WARN] PackLoader:240 - Cannot read IP mode file for STMicroelectronics.X-CUBE-FREERTOS.1.3.0
2025-07-30 14:50:14,530 [WARN] PackLoader:240 - Cannot read IP mode file for STMicroelectronics.X-CUBE-NFC7.1.0.1
2025-07-30 14:50:14,536 [WARN] PackLoader:240 - Cannot read IP mode file for STMicroelectronics.FP-SNS-STAIOTCFT.1.0.0
2025-07-30 14:50:14,541 [WARN] PackLoader:240 - Cannot read IP mode file for STMicroelectronics.X-CUBE-DPower.1.3.0
2025-07-30 14:50:14,553 [WARN] ConditionMgr:438 - getConditionDescription Invalid condition id : LAN8742 Phy interface Condition cause : null
2025-07-30 14:50:14,554 [WARN] PackLoader:240 - Cannot read IP mode file for STMicroelectronics.X-CUBE-AZRTOS-L4.2.0.0
2025-07-30 14:50:14,555 [WARN] ConditionMgr:1044 - genDependencies : Invalid condition id : LAN8742 Phy interface Condition cause : null
2025-07-30 14:50:14,555 [WARN] ConditionMgr:1044 - genDependencies : Invalid condition id : LAN8742 Phy interface Condition cause : null
2025-07-30 14:50:14,556 [WARN] ConditionMgr:1044 - genDependencies : Invalid condition id : LAN8742 Phy interface Condition cause : null
2025-07-30 14:50:14,561 [WARN] PackLoader:240 - Cannot read IP mode file for STMicroelectronics.X-CUBE-SFXS2LP1.4.0.0
2025-07-30 14:50:14,572 [WARN] PackLoader:240 - Cannot read IP mode file for STMicroelectronics.X-CUBE-AZRTOS-H7.3.3.0
2025-07-30 14:50:14,579 [WARN] PackLoader:240 - Cannot read IP mode file for STMicroelectronics.X-CUBE-BLEMGR.4.1.0
2025-07-30 14:50:14,587 [WARN] ConditionMgr:438 - getConditionDescription Invalid condition id : UX DEVICE CLASS RTOS Condition cause : null
2025-07-30 14:50:14,588 [WARN] ConditionMgr:438 - getConditionDescription Invalid condition id : UX DEVICE CLASS RTOS Condition cause : null
2025-07-30 14:50:14,589 [WARN] PackLoader:240 - Cannot read IP mode file for STMicroelectronics.X-CUBE-AZRTOS-WB.2.0.0
2025-07-30 14:50:14,589 [WARN] ConditionMgr:1044 - genDependencies : Invalid condition id : UX DEVICE CLASS RTOS Condition cause : null
2025-07-30 14:50:14,589 [WARN] ConditionMgr:1044 - genDependencies : Invalid condition id : UX DEVICE CLASS RTOS Condition cause : null
2025-07-30 14:50:14,589 [WARN] ConditionMgr:1044 - genDependencies : Invalid condition id : UX DEVICE CLASS RTOS Condition cause : null
2025-07-30 14:50:14,590 [WARN] ConditionMgr:1044 - genDependencies : Invalid condition id : UX DEVICE CLASS RTOS Condition cause : null
2025-07-30 14:50:14,590 [WARN] ConditionMgr:1044 - genDependencies : Invalid condition id : UX DEVICE CLASS RTOS Condition cause : null
2025-07-30 14:50:14,595 [WARN] PackLoader:240 - Cannot read IP mode file for STMicroelectronics.X-CUBE-GNSS1.7.0.1
2025-07-30 14:50:14,599 [WARN] PackLoader:240 - Cannot read IP mode file for STMicroelectronics.X-CUBE-TOUCHGFX.4.25.0
2025-07-30 14:50:14,606 [WARN] PackLoader:240 - Cannot read IP mode file for STMicroelectronics.X-CUBE-SUBG2.5.0.0
2025-07-30 14:50:14,617 [WARN] PackLoader:240 - Cannot read IP mode file for STMicroelectronics.X-CUBE-AZRTOS-H7RS.1.1.0
2025-07-30 14:50:14,621 [WARN] PackLoader:240 - Cannot read IP mode file for Cesanta.I-CUBE-Mongoose.7.13.0
2025-07-30 14:50:14,629 [WARN] PackLoader:240 - Cannot read IP mode file for STMicroelectronics.X-CUBE-AZRTOS-G4.2.0.0
2025-07-30 14:50:14,633 [WARN] PackLoader:240 - Cannot read IP mode file for wolfSSL.I-CUBE-wolfSSH.1.4.20
2025-07-30 14:50:14,635 [WARN] PackLoader:240 - Cannot read IP mode file for STMicroelectronics.X-CUBE-NFC7.2.0.0
2025-07-30 14:50:14,641 [WARN] PackLoader:240 - Cannot read IP mode file for STMicroelectronics.X-CUBE-IPS.3.1.0
2025-07-30 14:50:14,648 [WARN] PackLoader:240 - Cannot read IP mode file for STMicroelectronics.X-CUBE-ALS.1.0.2
2025-07-30 14:50:14,651 [WARN] PackLoader:240 - Cannot read IP mode file for portGmbH.I-Cube-SoM-uGOAL.1.1.0
2025-07-30 14:50:14,657 [WARN] PackLoader:240 - Cannot read IP mode file for STMicroelectronics.X-CUBE-TOF1.3.4.3
2025-07-30 14:50:14,662 [INFO] ThirdParty:978 - Integrity check success = true
2025-07-30 14:50:14,663 [INFO] IntegrityCheckThread:100 - exiting critical section [integrity check]
2025-07-30 14:50:14,663 [INFO] IntegrityCheckThread:103 - End integrity checks thread
2025-07-30 14:50:39,677 [INFO] McuFinderGlobals:63 - Set McuFinder mode to 2 (CubeIDE integrated)
2025-07-30 14:50:39,680 [INFO] MainUpdater:2872 - connection check result : 10
2025-07-30 14:50:39,681 [INFO] MainUpdater:2872 - connection check result : 10
2025-07-30 14:50:39,703 [INFO] MicroXplorer:468 - Change Database Path : 
2025-07-30 14:50:39,703 [INFO] MicroXplorer:498 - Change Database Version : DB.6.0.150
2025-07-30 14:50:39,707 [WARN] ThirdParty:871 - waiting for thirdparty lock release [close project]
2025-07-30 14:50:39,707 [INFO] ThirdParty:873 - entering critical section [close project]
2025-07-30 14:50:39,708 [INFO] ThirdParty:883 - exiting critical section [close project]
2025-07-30 14:50:39,710 [INFO] PinOutPanel:1589 - setPackage(No Configuration,No Configuration)
2025-07-30 14:50:39,711 [INFO] UtilMem:75 - Begin LoadConfig() Used Memory: 295291368 Bytes (460324864)
2025-07-30 14:50:39,712 [INFO] MicroXplorer:468 - Change Database Path : 
2025-07-30 14:50:39,712 [INFO] MicroXplorer:498 - Change Database Version : DB.6.0.150
2025-07-30 14:50:39,712 [INFO] OpenFileManager:355 - Change cursor
2025-07-30 14:50:39,743 [INFO] Mcu:2029 - Initializing MCU STM32H755ZITx STM32H755ZITx STM32H755ZIT6
2025-07-30 14:50:42,116 [INFO] Context:786 - Trying to add GPIOservice into a context  which must be forbidden
2025-07-30 14:50:42,116 [INFO] Context:786 - Trying to add GPIOservice into a context  which must be forbidden
2025-07-30 14:50:43,321 [INFO] ApiDbMcu:532 - Load IP Config File for NUCLEO-H755ZI-Q
2025-07-30 14:50:43,463 [INFO] Context:786 - Trying to add GPIOservice into a context  which must be forbidden
2025-07-30 14:50:43,475 [INFO] Context:786 - Trying to add GPIOservice into a context  which must be forbidden
2025-07-30 14:50:43,481 [INFO] ImportTextPane:234 - (OptionalMessage_ERROR) Pin56 (VP_RIF_VS_RIF1) cannot be retrieved for this MCU
2025-07-30 14:50:43,493 [INFO] ImportTextPane:234 - (OptionalMessage_ERROR) Unable to find key (Mcu.IP16) in loaded IOC file
2025-07-30 14:50:43,493 [INFO] ImportTextPane:234 - (OptionalMessage_ERROR) Unknown IP (dummy)
2025-07-30 14:50:43,641 [INFO] RtosManager:558 - Registered RTOS mode: class=CMSIS, group=RTOS, mode=CMSIS_V1, owner=FREERTOS_M7
2025-07-30 14:50:43,641 [INFO] RtosManager:558 - Registered RTOS mode: class=CMSIS, group=RTOS2, mode=CMSIS_V2, owner=FREERTOS_M7
2025-07-30 14:50:43,641 [INFO] RtosManager:558 - Registered RTOS mode: class=RTOS, group=Core, mode=CMSIS_V1, owner=FREERTOS_M7
2025-07-30 14:50:43,641 [INFO] RtosManager:558 - Registered RTOS mode: class=RTOS, group=Core, mode=CMSIS_V2, owner=FREERTOS_M7
2025-07-30 14:50:43,641 [WARN] ModelIntegratedComponent:184 - Missing modes for component STMicroelectronics:FreeRTOS:0.0.1:STMicroelectronics:RTOS:FreeRTOS:Core:::10.2.0:
2025-07-30 14:50:43,660 [WARN] ModelIntegratedComponent:63 - No mode defined for component null
2025-07-30 14:50:43,661 [WARN] ModelIntegratedComponent:63 - No mode defined for component null
2025-07-30 14:50:43,661 [WARN] ModelIntegratedComponent:63 - No mode defined for component null
2025-07-30 14:50:43,661 [WARN] ModelIntegratedComponent:63 - No mode defined for component null
2025-07-30 14:50:43,661 [WARN] ModelIntegratedComponent:63 - No mode defined for component null
2025-07-30 14:50:43,661 [WARN] ModelIntegratedComponent:63 - No mode defined for component null
2025-07-30 14:50:43,661 [WARN] ModelIntegratedComponent:63 - No mode defined for component null
2025-07-30 14:50:43,661 [WARN] ModelIntegratedComponent:63 - No mode defined for component null
2025-07-30 14:50:43,661 [WARN] ModelIntegratedComponent:63 - No mode defined for component null
2025-07-30 14:50:43,661 [WARN] ModelIntegratedComponent:63 - No mode defined for component null
2025-07-30 14:50:43,661 [WARN] ModelIntegratedComponent:63 - No mode defined for component null
2025-07-30 14:50:43,661 [WARN] ModelIntegratedComponent:63 - No mode defined for component null
2025-07-30 14:50:43,661 [WARN] ModelIntegratedComponent:63 - No mode defined for component null
2025-07-30 14:50:43,661 [WARN] ModelIntegratedComponent:63 - No mode defined for component null
2025-07-30 14:50:43,661 [WARN] ModelIntegratedComponent:63 - No mode defined for component null
2025-07-30 14:50:43,662 [WARN] ModelIntegratedComponent:63 - No mode defined for component null
2025-07-30 14:50:43,662 [WARN] ModelIntegratedComponent:63 - No mode defined for component null
2025-07-30 14:50:43,662 [WARN] ModelIntegratedComponent:63 - No mode defined for component null
2025-07-30 14:50:43,662 [WARN] ModelIntegratedComponent:63 - No mode defined for component null
2025-07-30 14:50:43,662 [WARN] ModelIntegratedComponent:63 - No mode defined for component null
2025-07-30 14:50:43,662 [WARN] ModelIntegratedComponent:63 - No mode defined for component null
2025-07-30 14:50:43,662 [WARN] ModelIntegratedComponent:63 - No mode defined for component null
2025-07-30 14:50:43,662 [WARN] ModelIntegratedComponent:63 - No mode defined for component null
2025-07-30 14:50:43,662 [WARN] ModelIntegratedComponent:63 - No mode defined for component null
2025-07-30 14:50:43,662 [WARN] ModelIntegratedComponent:63 - No mode defined for component null
2025-07-30 14:50:43,662 [WARN] ModelIntegratedComponent:63 - No mode defined for component null
2025-07-30 14:50:43,662 [WARN] ModelIntegratedComponent:63 - No mode defined for component null
2025-07-30 14:50:43,662 [WARN] ModelIntegratedComponent:63 - No mode defined for component null
2025-07-30 14:50:43,662 [WARN] ModelIntegratedComponent:63 - No mode defined for component null
2025-07-30 14:50:43,662 [WARN] ModelIntegratedComponent:63 - No mode defined for component null
2025-07-30 14:50:43,662 [WARN] ModelIntegratedComponent:63 - No mode defined for component null
2025-07-30 14:50:43,662 [WARN] ModelIntegratedComponent:63 - No mode defined for component null
2025-07-30 14:50:43,662 [WARN] ModelIntegratedComponent:63 - No mode defined for component null
2025-07-30 14:50:43,662 [WARN] ModelIntegratedComponent:63 - No mode defined for component null
2025-07-30 14:50:43,662 [WARN] ModelIntegratedComponent:63 - No mode defined for component null
2025-07-30 14:50:43,662 [WARN] ModelPack:524 - Component already loaded: STMicroelectronics:HAL Drivers:0.0.0:STMicroelectronics:Device:STMicro_Driver:XSPI:HAL::0.0.1:HAL_XSPI
2025-07-30 14:50:43,750 [INFO] RtosManager:558 - Registered RTOS mode: class=CMSIS, group=RTOS, mode=CMSIS_V1, owner=FREERTOS_M4
2025-07-30 14:50:43,750 [INFO] RtosManager:558 - Registered RTOS mode: class=CMSIS, group=RTOS2, mode=CMSIS_V2, owner=FREERTOS_M4
2025-07-30 14:50:43,750 [INFO] RtosManager:558 - Registered RTOS mode: class=RTOS, group=Core, mode=CMSIS_V1, owner=FREERTOS_M4
2025-07-30 14:50:43,750 [INFO] RtosManager:558 - Registered RTOS mode: class=RTOS, group=Core, mode=CMSIS_V2, owner=FREERTOS_M4
2025-07-30 14:50:43,750 [WARN] ModelIntegratedComponent:184 - Missing modes for component STMicroelectronics:FreeRTOS:0.0.1:STMicroelectronics:RTOS:FreeRTOS:Core:::10.2.0:
2025-07-30 14:50:43,757 [WARN] ModelIntegratedComponent:63 - No mode defined for component null
2025-07-30 14:50:43,757 [WARN] ModelIntegratedComponent:63 - No mode defined for component null
2025-07-30 14:50:43,757 [WARN] ModelIntegratedComponent:63 - No mode defined for component null
2025-07-30 14:50:43,757 [WARN] ModelIntegratedComponent:63 - No mode defined for component null
2025-07-30 14:50:43,757 [WARN] ModelIntegratedComponent:63 - No mode defined for component null
2025-07-30 14:50:43,757 [WARN] ModelIntegratedComponent:63 - No mode defined for component null
2025-07-30 14:50:43,757 [WARN] ModelIntegratedComponent:63 - No mode defined for component null
2025-07-30 14:50:43,757 [WARN] ModelIntegratedComponent:63 - No mode defined for component null
2025-07-30 14:50:43,757 [WARN] ModelIntegratedComponent:63 - No mode defined for component null
2025-07-30 14:50:43,757 [WARN] ModelIntegratedComponent:63 - No mode defined for component null
2025-07-30 14:50:43,757 [WARN] ModelIntegratedComponent:63 - No mode defined for component null
2025-07-30 14:50:43,757 [WARN] ModelIntegratedComponent:63 - No mode defined for component null
2025-07-30 14:50:43,757 [WARN] ModelIntegratedComponent:63 - No mode defined for component null
2025-07-30 14:50:43,757 [WARN] ModelIntegratedComponent:63 - No mode defined for component null
2025-07-30 14:50:43,757 [WARN] ModelIntegratedComponent:63 - No mode defined for component null
2025-07-30 14:50:43,757 [WARN] ModelIntegratedComponent:63 - No mode defined for component null
2025-07-30 14:50:43,757 [WARN] ModelIntegratedComponent:63 - No mode defined for component null
2025-07-30 14:50:43,757 [WARN] ModelIntegratedComponent:63 - No mode defined for component null
2025-07-30 14:50:43,757 [WARN] ModelIntegratedComponent:63 - No mode defined for component null
2025-07-30 14:50:43,757 [WARN] ModelIntegratedComponent:63 - No mode defined for component null
2025-07-30 14:50:43,757 [WARN] ModelIntegratedComponent:63 - No mode defined for component null
2025-07-30 14:50:43,757 [WARN] ModelIntegratedComponent:63 - No mode defined for component null
2025-07-30 14:50:43,757 [WARN] ModelIntegratedComponent:63 - No mode defined for component null
2025-07-30 14:50:43,757 [WARN] ModelIntegratedComponent:63 - No mode defined for component null
2025-07-30 14:50:43,757 [WARN] ModelIntegratedComponent:63 - No mode defined for component null
2025-07-30 14:50:43,758 [WARN] ModelIntegratedComponent:63 - No mode defined for component null
2025-07-30 14:50:43,758 [WARN] ModelIntegratedComponent:63 - No mode defined for component null
2025-07-30 14:50:43,758 [WARN] ModelIntegratedComponent:63 - No mode defined for component null
2025-07-30 14:50:43,758 [WARN] ModelIntegratedComponent:63 - No mode defined for component null
2025-07-30 14:50:43,758 [WARN] ModelIntegratedComponent:63 - No mode defined for component null
2025-07-30 14:50:43,758 [WARN] ModelIntegratedComponent:63 - No mode defined for component null
2025-07-30 14:50:43,758 [WARN] ModelIntegratedComponent:63 - No mode defined for component null
2025-07-30 14:50:43,758 [WARN] ModelIntegratedComponent:63 - No mode defined for component null
2025-07-30 14:50:43,758 [WARN] ModelIntegratedComponent:63 - No mode defined for component null
2025-07-30 14:50:43,758 [WARN] ModelIntegratedComponent:63 - No mode defined for component null
2025-07-30 14:50:43,758 [WARN] ModelPack:524 - Component already loaded: STMicroelectronics:HAL Drivers:0.0.0:STMicroelectronics:Device:STMicro_Driver:XSPI:HAL::0.0.1:HAL_XSPI
2025-07-30 14:50:43,821 [INFO] ThirdPartyModel:298 - Start build external matchings
2025-07-30 14:50:44,254 [INFO] ThirdPartyModel:316 - End build external matchings
2025-07-30 14:50:44,269 [INFO] ThirdPartyModel:298 - Start build external matchings
2025-07-30 14:50:44,709 [INFO] ThirdPartyModel:316 - End build external matchings
2025-07-30 14:50:44,720 [INFO] RtosManager:1018 - Current active RTOS is FREERTOS_M7 [CortexM7]
2025-07-30 14:50:44,927 [INFO] ApiDb:581 - Connected to CubeFinder SQLite database (C:\Users\nicks\.stmcufinder\plugins\mcufinder\mcu\cube-finder-db.db)
2025-07-30 14:50:44,983 [INFO] ApiDb:668 - CubeFinder database Data Model version=2.1
2025-07-30 14:50:44,983 [INFO] ApiDb:669 - CubeFinder database Configuration version=3.0.39
2025-07-30 14:50:44,983 [INFO] ApiDb:670 - CubeFinder database generation date=2025-07-22 (1753107327)
2025-07-30 14:50:44,983 [INFO] ApiDb:671 - CubeFinder database FW Pack versions=[FP-ATR-ASTRA1_V2.0.0, FP-SNS-FLIGHT1_V5.1.0, FP-SNS-MOTENV1_V5.0.0, FP-SNS-MOTENVWB1_V1.4.0, FP-SNS-SMARTAG2_V1.2.0, FP-SNS-STBOX1_V2.0.0, STM32Cube_FW_C0_V1.4.0, STM32Cube_FW_F4_V1.28.2, STM32Cube_FW_F7_V1.17.3, STM32Cube_FW_G0_V1.6.2, STM32Cube_FW_G4_V1.6.1, STM32Cube_FW_H5_V1.5.0, STM32Cube_FW_H7RS_V1.2.0, STM32Cube_FW_H7_V1.12.1, STM32Cube_FW_L0_V1.12.2, STM32Cube_FW_L4_V1.18.1, STM32Cube_FW_L5_V1.5.1, STM32Cube_FW_N6_V1.2.0, STM32Cube_FW_U0_V1.3.0, STM32Cube_FW_U3_V1.2.0, STM32Cube_FW_U5_V1.8.0, STM32Cube_FW_WB0_V1.3.0, STM32Cube_FW_WBA_V1.7.0, STM32Cube_FW_WB_V1.23.0, STM32Cube_FW_WL3_V1.2.0, STM32Cube_FW_WL_V1.3.1, X-CUBE-ALGOBUILD_V1.4.0, X-CUBE-ALS_V1.0.2, X-CUBE-AZRTOS-F4_V1.1.0, X-CUBE-AZRTOS-F7_V1.1.0, X-CUBE-AZRTOS-G0_V1.1.0, X-CUBE-AZRTOS-G4_V2.0.0, X-CUBE-AZRTOS-H7RS_V1.1.0, X-CUBE-AZRTOS-H7_V3.3.0, X-CUBE-AZRTOS-L4_V2.0.0, X-CUBE-AZRTOS-L5_V2.0.0, X-CUBE-AZRTOS-WB_V2.0.0, X-CUBE-AZRTOS-WL_V2.0.0, X-CUBE-BLE1_V7.1.0, X-CUBE-BLE2_V3.3.0, X-CUBE-BLEMGR_V4.0.0, X-CUBE-EEPRMA1_V5.1.0, X-CUBE-FREERTOS_V1.3.1, X-CUBE-GNSS1_V6.0.0, X-CUBE-MEMS1_V11.3.0, X-CUBE-NFC4_V3.0.0, X-CUBE-NFC7_V2.0.0, X-CUBE-SFXS2LP1_V4.0.0, X-CUBE-SUBG2_V5.0.0, X-CUBE-TOF1_V3.4.3]
2025-07-30 14:50:45,025 [INFO] DbBoardsSqlite:226 - include board P-NUCLEO-WB55-NUCLEO as a kit item of type 'Nucleo-64'
2025-07-30 14:50:45,025 [INFO] DbBoardsSqlite:226 - include board P-NUCLEO-WB55-USBDONGLE as a kit item of type 'Nucleo USB Dongle'
2025-07-30 14:50:45,025 [INFO] DbBoardsSqlite:226 - include board STEVAL-IDP005V1 as a kit item of type 'Evaluation Board'
2025-07-30 14:50:45,026 [INFO] DbBoardsSqlite:226 - include board STEVAL-IDP005V2 as a kit item of type 'Evaluation Board'
2025-07-30 14:50:45,075 [INFO] ApiDb:240 - Found 880 in-development CPN: [B-G473E-ZEST1S, B-WB1M-WPAN1, B-WBA5M-WPAN, B-WL5M-SUBG1, NUCLEO-C031C6, NUCLEO-C051C8, NUCLEO-C071RB, NUCLEO-C092RC, NUCLEO-H503RB, NUCLEO-H533RE, NUCLEO-H563ZI, NUCLEO-H7S3L8, NUCLEO-N657X0-Q, NUCLEO-U031R8, NUCLEO-U083RC, NUCLEO-U385RG-Q, NUCLEO-U545RE-Q, NUCLEO-U5A5ZJ-Q, NUCLEO-WB05KZ, NUCLEO-WB07CC, NUCLEO-WB09KE, NUCLEO-WBA52CG, NUCLEO-WBA55CG, NUCLEO-WL33CC1, NUCLEO-WL33CC2, STEVAL-PROTEUS1, STEVAL-SMARTAG2, STEVAL-STWINBX1, STM320518-EVAL, STM32C0116-DK, STM32C011D6Y3TR, STM32C011D6Y6TR, STM32C011F4P3, STM32C011F4P6, STM32C011F4U3, STM32C011F4U6TR, STM32C011F6P3, STM32C011F6P6, STM32C011F6U3, STM32C011F6U6TR, STM32C011J4M3, STM32C011J4M6, STM32C011J6M3, STM32C011J6M6, STM32C0316-DK, STM32C031C4T3, STM32C031C4T6, STM32C031C4U3, STM32C031C4U6, STM32C031C6T3, STM32C031C6T6, STM32C031C6U3, STM32C031C6U6, STM32C031F4P3, STM32C031F4P6, STM32C031F6P3, STM32C031F6P6, STM32C031G4U3, STM32C031G4U6, STM32C031G6U3, STM32C031G6U6, STM32C031K4T3, STM32C031K4T6, STM32C031K4U3, STM32C031K4U6, STM32C031K6T3, STM32C031K6T6, STM32C031K6U3, STM32C031K6U6, STM32C051C6T6, STM32C051C6U6, STM32C051C8T6, STM32C051C8U6, STM32C051D8Y6TR, STM32C051F6P6, STM32C051F8P6, STM32C051G6U6, STM32C051G8U6, STM32C051K6T6, STM32C051K6U6, STM32C051K8T6, STM32C071C8T6, STM32C071C8T6N, STM32C071C8U6, STM32C071C8U6N, STM32C071CBT6, STM32C071CBT6N, STM32C071CBU6, STM32C071CBU6N, STM32C071F8P6, STM32C071F8P6N, STM32C071FBP6, STM32C071FBP6N, STM32C071FBY6TR, STM32C071G8U6, STM32C071G8U6N, STM32C071GBU6, STM32C071GBU6N, STM32C071K8T6, STM32C071K8T6N, STM32C071K8U6, STM32C071K8U6N, STM32C071KBT6, STM32C071KBT6N, STM32C071KBU6, STM32C071KBU6N, STM32C071R8T6, STM32C071R8T6N, STM32C071RBI6N, STM32C071RBT6, STM32C071RBT6N, STM32C091CBT6, STM32C091CBU6, STM32C091CCT6, STM32C091CCU6, STM32C091ECY6TR, STM32C091FBP6, STM32C091FCP6, STM32C091GBU6, STM32C091GCU6, STM32C091KBT6, STM32C091KBU6, STM32C091KCT6, STM32C091KCU6, STM32C091RBT6, STM32C091RCI6, STM32C091RCT6, STM32C092CBT6, STM32C092CBU6, STM32C092CCT6, STM32C092CCU6, STM32C092ECY6TR, STM32C092FBP6, STM32C092FCP6, STM32C092GBU6, STM32C092GCU6, STM32C092KBT6, STM32C092KBU6, STM32C092KCT6, STM32C092KCU6, STM32C092RBT6, STM32C092RCI6, STM32C092RCT6, STM32G071K8TXN, STM32G071K8UXN, STM32G081GBU6N, STM32G081KBT6N, STM32G081KBUXN, STM32G0B1CCT6N, STM32G0B1KCT6, STM32G0B1NEY6TR, STM32G0B1RCT6N, STM32G0C1CCT6, STM32G0C1CCT6N, STM32G0C1CCU6N, STM32G0C1CET6N, STM32G0C1CEU6N, STM32G0C1KCT6, STM32G0C1NEY6TR, STM32G0C1RCI6N, STM32G0C1RCT6N, STM32G0C1REI6N, STM32G0C1RET6N, STM32G0C1VCI6, STM32G0C1VEI6, STM32G411C6T3, STM32G411C6T6, STM32G411C6U3, STM32G411C6U6, STM32G411C8T3, STM32G411C8T6, STM32G411C8U3, STM32G411C8U6, STM32G411CBT3, STM32G411CBT6, STM32G411CBU3, STM32G411CBU6, STM32G411K6T3, STM32G411K6T6, STM32G411K6U3, STM32G411K6U6, STM32G411K8T3, STM32G411K8T6, STM32G411K8U3, STM32G411K8U6, STM32G411KBT3, STM32G411KBT6, STM32G411KBU3, STM32G411KBU6, STM32G411M6T3, STM32G411M6T6, STM32G411M8T3, STM32G411M8T6, STM32G411MBT3, STM32G411MBT6, STM32G411R6T3, STM32G411R6T6, STM32G411R8T3, STM32G411R8T6, STM32G411RBT3, STM32G411RBT6, STM32G414CBT3, STM32G414CBT6, STM32G414CBU3, STM32G414CBU6, STM32G414CCT3, STM32G414CCT6, STM32G414CCU3, STM32G414CCU6, STM32G414MBT3, STM32G414MBT6, STM32G414MCT3, STM32G414MCT6, STM32G414RBT3, STM32G414RBT6, STM32G414RCT3, STM32G414RCT6, STM32G414VBT3, STM32G414VBT6, STM32G414VCT3, STM32G414VCT6, STM32G431CBT3Z, STM32G431RBT3Z, STM32G471CCT6, STM32G471CCU6, STM32G471CET3, STM32G471CET6, STM32G471CEU3, STM32G471CEU6, STM32G471MCT6, STM32G471MET3, STM32G471MET6, STM32G471MEY6TR, STM32G471QCT6, STM32G471QET3, STM32G471RCT6, STM32G471RET3, STM32G471RET6, STM32G471VCH6, STM32G471VCI6, STM32G471VCT6, STM32G471VEH3, STM32G471VEH6, STM32G471VEI3, STM32G471VEI6, STM32G471VET3, STM32G471VET6, STM32G473QET3Z, STM32G473RET3Z, STM32G474CCT6, STM32G491RET3Z, STM32H503CBT6, STM32H503CBU6, STM32H503EBY6TR, STM32H503KBU6, STM32H503RBT6, STM32H523CCT6, STM32H523CCU6, STM32H523CET6, STM32H523CEU6, STM32H523HEY6TR, STM32H523RCT6, STM32H523RET6, STM32H523VCI6, STM32H523VCT6, STM32H523VEI6, STM32H523VET6, STM32H523ZCJ6, STM32H523ZCT6, STM32H523ZEJ6, STM32H523ZET6, STM32H533CET6, STM32H533CEU6, STM32H533HEY6TR, STM32H533RET6, STM32H533VEI6, STM32H533VET6, STM32H533ZEJ6, STM32H533ZET6, STM32H562AGI6, STM32H562AII6, STM32H562IGK6, STM32H562IGT6, STM32H562IIK6, STM32H562IIT6, STM32H562RGT6, STM32H562RGV6, STM32H562RIT6, STM32H562RIV6, STM32H562VGT6, STM32H562VIT6, STM32H562ZGT6, STM32H562ZIT6, STM32H563AGI6, STM32H563AII3Q, STM32H563AII6, STM32H563IGK6, STM32H563IGT6, STM32H563IIK3Q, STM32H563IIK6, STM32H563IIT3Q, STM32H563IIT6, STM32H563MIY3QTR, STM32H563RGT6, STM32H563RGV6, STM32H563RIT6, STM32H563RIV6, STM32H563VGT6, STM32H563VIT3Q, STM32H563VIT6, STM32H563ZGT6, STM32H563ZIT3Q, STM32H563ZIT6, STM32H573AII3Q, STM32H573AII6, STM32H573I-DK, STM32H573IIK3Q, STM32H573IIK6, STM32H573IIT3Q, STM32H573IIT6, STM32H573MIY3QTR, STM32H573RIT6, STM32H573RIV6, STM32H573VIT3Q, STM32H573VIT6, STM32H573ZIT3Q, STM32H573ZIT6, STM32H7R3A8I6, STM32H7R3I8K6, STM32H7R3I8T6, STM32H7R3L8H6, STM32H7R3L8H6H, STM32H7R3R8V6, STM32H7R3V8H6, STM32H7R3V8T6, STM32H7R3V8Y6TR, STM32H7R3Z8J6, STM32H7R3Z8T6, STM32H7R7A8I6, STM32H7R7I8K6, STM32H7R7I8T6, STM32H7R7L8H6, STM32H7R7L8H6H, STM32H7R7Z8J6, STM32H7S3A8I6, STM32H7S3I8K6, STM32H7S3I8T6, STM32H7S3L8H6, STM32H7S3L8H6H, STM32H7S3R8V6, STM32H7S3V8H6, STM32H7S3V8T6, STM32H7S3V8Y6TR, STM32H7S3Z8J6, STM32H7S3Z8T6, STM32H7S78-DK, STM32H7S7A8I6, STM32H7S7I8K6, STM32H7S7I8T6, STM32H7S7L8H6, STM32H7S7L8H6H, STM32H7S7Z8J6, STM32L4R5QGI6STR, STM32MP131AAE3, STM32MP131AAF3, STM32MP131AAG3, STM32MP131CAE3, STM32MP131CAF3, STM32MP131CAG3, STM32MP131DAE7, STM32MP131DAF7, STM32MP131DAG7, STM32MP131FAE7, STM32MP131FAF7, STM32MP131FAG7, STM32MP133AAE3, STM32MP133AAF3, STM32MP133AAG3, STM32MP133CAE3, STM32MP133CAF3, STM32MP133CAG3, STM32MP133DAE7, STM32MP133DAF7, STM32MP133DAG7, STM32MP133FAE7, STM32MP133FAF7, STM32MP133FAG7, STM32MP135AAE3, STM32MP135AAF3, STM32MP135AAG3, STM32MP135CAE3, STM32MP135CAF3, STM32MP135CAG3, STM32MP135DAE7, STM32MP135DAF7, STM32MP135DAG7, STM32MP135F-DK, STM32MP135FAE7, STM32MP135FAF7, STM32MP135FAF7T, STM32MP135FAF7U, STM32MP135FAG7, STM32MP211AAL3, STM32MP211AAM3, STM32MP211AAN3, STM32MP211AAO3, STM32MP211CAL3, STM32MP211CAM3, STM32MP211CAN3, STM32MP211CAO3, STM32MP211DAL3, STM32MP211DAM3, STM32MP211DAN3, STM32MP211DAO3, STM32MP211FAL3, STM32MP211FAM3, STM32MP211FAN3, STM32MP211FAO3, STM32MP213AAL3, STM32MP213AAM3, STM32MP213AAN3, STM32MP213AAO3, STM32MP213CAL3, STM32MP213CAM3, STM32MP213CAN3, STM32MP213CAO3, STM32MP213DAL3, STM32MP213DAM3, STM32MP213DAN3, STM32MP213DAO3, STM32MP213FAL3, STM32MP213FAM3, STM32MP213FAN3, STM32MP213FAO3, STM32MP215AAL3, STM32MP215AAM3, STM32MP215AAN3, STM32MP215AAO3, STM32MP215CAL3, STM32MP215CAM3, STM32MP215CAN3, STM32MP215CAO3, STM32MP215DAL3, STM32MP215DAM3, STM32MP215DAN3, STM32MP215DAO3, STM32MP215F-DK, STM32MP215FAL3, STM32MP215FAM3, STM32MP215FAN3, STM32MP215FAO3, STM32MP231AAJ3, STM32MP231AAK3, STM32MP231AAL3, STM32MP231CAJ3, STM32MP231CAK3, STM32MP231CAL3, STM32MP231DAJ3, STM32MP231DAK3, STM32MP231DAL3, STM32MP231FAJ3, STM32MP231FAK3, STM32MP231FAL3, STM32MP233AAJ3, STM32MP233AAK3, STM32MP233AAL3, STM32MP233CAJ3, STM32MP233CAK3, STM32MP233CAL3, STM32MP233DAJ3, STM32MP233DAK3, STM32MP233DAL3, STM32MP233FAJ3, STM32MP233FAK3, STM32MP233FAL3, STM32MP235AAJ3, STM32MP235AAK3, STM32MP235AAL3, STM32MP235CAJ3, STM32MP235CAK3, STM32MP235CAL3, STM32MP235DAJ3, STM32MP235DAK3, STM32MP235DAL3, STM32MP235FAJ3, STM32MP235FAK3, STM32MP235FAL3, STM32MP251AAI3, STM32MP251AAK3, STM32MP251AAL3, STM32MP251CAI3, STM32MP251CAK3, STM32MP251CAL3, STM32MP251DAI3, STM32MP251DAK3, STM32MP251DAL3, STM32MP251FAI3, STM32MP251FAK3, STM32MP251FAL3, STM32MP253AAI3, STM32MP253AAK3, STM32MP253AAL3, STM32MP253CAI3, STM32MP253CAK3, STM32MP253CAL3, STM32MP253DAI3, STM32MP253DAK3, STM32MP253DAL3, STM32MP253FAI3, STM32MP253FAK3, STM32MP253FAL3, STM32MP255AAI3, STM32MP255AAK3, STM32MP255AAL3, STM32MP255CAI3, STM32MP255CAK3, STM32MP255CAL3, STM32MP255DAI3, STM32MP255DAK3, STM32MP255DAL3, STM32MP255FAI3, STM32MP255FAK3, STM32MP255FAL3, STM32MP257AAI3, STM32MP257AAK3, STM32MP257AAL3, STM32MP257CAI3, STM32MP257CAK3, STM32MP257CAL3, STM32MP257DAI3, STM32MP257DAK3, STM32MP257DAL3, STM32MP257F-DK, STM32MP257F-EV1, STM32MP257FAI3, STM32MP257FAK3, STM32MP257FAL3, STM32N645A0H3Q, STM32N645B0H3Q, STM32N645I0H3Q, STM32N645L0H3Q, STM32N645X0H3Q, STM32N645Z0H3Q, STM32N647A0H3Q, STM32N647B0H3Q, STM32N647I0H3Q, STM32N647L0H3Q, STM32N647X0H3Q, STM32N647Z0H3Q, STM32N655A0H3Q, STM32N655B0H3Q, STM32N655I0H3Q, STM32N655L0H3Q, STM32N655X0H3Q, STM32N655Z0H3Q, STM32N6570-DK, STM32N657A0H3Q, STM32N657B0H3Q, STM32N657I0H3Q, STM32N657L0H3Q, STM32N657X0H3Q, STM32N657Z0H3Q, STM32U031C6T6, STM32U031C6U6, STM32U031C8T6, STM32U031C8U6, STM32U031F4P6, STM32U031F6P6, STM32U031F8P6, STM32U031G6Y6TR, STM32U031G8Y6TR, STM32U031K4U6, STM32U031K6U6, STM32U031K8U6, STM32U031R6I6, STM32U031R6T6, STM32U031R8I6, STM32U031R8T6, STM32U073C8T6, STM32U073C8U6, STM32U073CBT6, STM32U073CBU6, STM32U073CCT6, STM32U073CCU6, STM32U073H8Y6TR, STM32U073HBY6TR, STM32U073HCY6TR, STM32U073K8U6, STM32U073KBU6, STM32U073KCU6, STM32U073M8I6, STM32U073M8T6, STM32U073MBI6, STM32U073MBT6, STM32U073MCI6, STM32U073MCT6, STM32U073R8I6, STM32U073R8T6, STM32U073RBI6, STM32U073RBT6, STM32U073RCI6, STM32U073RCT6, STM32U083C-DK, STM32U083CCT6, STM32U083CCU6, STM32U083HCY6TR, STM32U083KCU6, STM32U083MCI6, STM32U083MCT6, STM32U083RCI6, STM32U083RCT6, STM32U375CET6, STM32U375CET6Q, STM32U375CEU6, STM32U375CEU6Q, STM32U375CEY6QTR, STM32U375CGT6, STM32U375CGT6Q, STM32U375CGU6, STM32U375CGU6Q, STM32U375CGY6QTR, STM32U375KEU6, STM32U375KGU6, STM32U375REI6, STM32U375REI6Q, STM32U375RET6, STM32U375RET6Q, STM32U375REY6GTR, STM32U375REY6QTR, STM32U375RGI6, STM32U375RGI6Q, STM32U375RGT6, STM32U375RGT6Q, STM32U375RGY6GTR, STM32U375RGY6QTR, STM32U375VEI6, STM32U375VEI6Q, STM32U375VET6, STM32U375VET6Q, STM32U375VGI6, STM32U375VGI6Q, STM32U375VGT6, STM32U375VGT6Q, STM32U385CGT6, STM32U385CGT6Q, STM32U385CGU6, STM32U385CGU6Q, STM32U385CGY6QTR, STM32U385KGU6, STM32U385RGI6, STM32U385RGI6Q, STM32U385RGT6, STM32U385RGT6Q, STM32U385RGY6GTR, STM32U385RGY6QTR, STM32U385VGI6, STM32U385VGI6Q, STM32U385VGT6, STM32U385VGT6Q, STM32U535CBT6, STM32U535CBT6Q, STM32U535CBU6, STM32U535CBU6Q, STM32U535CCT6, STM32U535CCT6Q, STM32U535CCU6, STM32U535CCU6Q, STM32U535CET6, STM32U535CET6Q, STM32U535CEU6, STM32U535CEU6Q, STM32U535JEY6QTR, STM32U535NCY6QTR, STM32U535NEY6QTR, STM32U535RBI6, STM32U535RBI6Q, STM32U535RBT6, STM32U535RBT6Q, STM32U535RCI6, STM32U535RCI6Q, STM32U535RCT6, STM32U535RCT6Q, STM32U535REI6, STM32U535REI6Q, STM32U535RET6, STM32U535RET6Q, STM32U535VCI6, STM32U535VCI6Q, STM32U535VCT6, STM32U535VCT6Q, STM32U535VEI6, STM32U535VEI6Q, STM32U535VET6, STM32U535VET6Q, STM32U545CET6, STM32U545CET6Q, STM32U545CEU6, STM32U545CEU6Q, STM32U545JEY6QTR, STM32U545NEY6QTR, STM32U545REI6, STM32U545REI6Q, STM32U545RET6, STM32U545RET6Q, STM32U545VEI6, STM32U545VEI6Q, STM32U545VET6, STM32U545VET6Q, STM32U595AIH6, STM32U595AIH6Q, STM32U595AJH6, STM32U595AJH6Q, STM32U595QII6, STM32U595QII6Q, STM32U595QJI6, STM32U595QJI6Q, STM32U595RIT6, STM32U595RIT6Q, STM32U595RJT6, STM32U595RJT6Q, STM32U595VIT6, STM32U595VIT6Q, STM32U595VJT6, STM32U595VJT6Q, STM32U595ZIT6, STM32U595ZIT6Q, STM32U595ZIY6QTR, STM32U595ZJT6, STM32U595ZJT6Q, STM32U595ZJY6QTR, STM32U599BJY6QTR, STM32U599NIH6Q, STM32U599NJH6Q, STM32U599VIT6Q, STM32U599VJT6, STM32U599VJT6Q, STM32U599ZIT6Q, STM32U599ZIY6QTR, STM32U599ZJT6Q, STM32U599ZJY6QTR, STM32U5A5AJH6, STM32U5A5AJH6Q, STM32U5A5QII3Q , STM32U5A5QJI6, STM32U5A5QJI6Q, STM32U5A5RJT6, STM32U5A5RJT6Q, STM32U5A5VJT6, STM32U5A5VJT6Q, STM32U5A5ZJT6, STM32U5A5ZJT6Q, STM32U5A5ZJY6QTR, STM32U5A9BJY6QTR, STM32U5A9J-DK, STM32U5A9NJH6Q, STM32U5A9VJT6Q, STM32U5A9ZJT6Q, STM32U5A9ZJY6QTR, STM32U5F7VIT6, STM32U5F7VIT6Q, STM32U5F7VJT6, STM32U5F7VJT6Q, STM32U5F9BJY6QTR, STM32U5F9NJH6Q, STM32U5F9VIT6Q, STM32U5F9VJT6Q, STM32U5F9ZIJ6QTR, STM32U5F9ZIT6Q, STM32U5F9ZJJ6QTR, STM32U5F9ZJT6Q, STM32U5G7VJT6, STM32U5G7VJT6Q, STM32U5G9BJY6QTR, STM32U5G9J-DK1, STM32U5G9J-DK2, STM32U5G9NJH6Q, STM32U5G9VJT6Q, STM32U5G9ZJJ6QTR, STM32U5G9ZJT6Q, STM32WB05KZV6TR, STM32WB05KZV7TR, STM32WB05TZF6TR, STM32WB05TZF7TR, STM32WB06CCF6TR, STM32WB06CCF7TR, STM32WB06CCV6TR, STM32WB06CCV7TR, STM32WB06KCV6TR, STM32WB06KCV7TR, STM32WB07CCF6TR, STM32WB07CCF7TR, STM32WB07CCV6TR, STM32WB07CCV7TR, STM32WB07KCV6TR, STM32WB07KCV7TR, STM32WB09KEV6TR, STM32WB09KEV7TR, STM32WB09TEF6TR, STM32WB09TEF7TR, STM32WB1MMCH6, STM32WBA50KGU6, STM32WBA50KGU6TR, STM32WBA52CEU6, STM32WBA52CEU6TR, STM32WBA52CEU7, STM32WBA52CEU7TR, STM32WBA52CGU6, STM32WBA52CGU6TR, STM32WBA52CGU6U, STM32WBA52CGU7, STM32WBA52CGU7TR, STM32WBA52KEU6, STM32WBA52KEU6TR, STM32WBA52KGU6, STM32WBA52KGU6TR, STM32WBA54CEU6, STM32WBA54CEU6TR, STM32WBA54CEU7, STM32WBA54CEU7TR, STM32WBA54CGU6, STM32WBA54CGU6TR, STM32WBA54CGU7, STM32WBA54CGU7TR, STM32WBA54KEU6, STM32WBA54KEU6TR, STM32WBA54KEU7, STM32WBA54KEU7TR, STM32WBA54KGU6, STM32WBA54KGU6TR, STM32WBA54KGU7, STM32WBA54KGU7TR, STM32WBA55CEU6, STM32WBA55CEU6TR, STM32WBA55CEU7, STM32WBA55CEU7TR, STM32WBA55CGU6, STM32WBA55CGU6TR, STM32WBA55CGU6U, STM32WBA55CGU7, STM32WBA55CGU7TR, STM32WBA55G-DK1, STM32WBA55HEF6, STM32WBA55HEF7, STM32WBA55HGF6, STM32WBA55HGF7, STM32WBA55UEI6, STM32WBA55UEI6TR, STM32WBA55UEI7, STM32WBA55UEI7TR, STM32WBA55UGI6, STM32WBA55UGI6TR, STM32WBA55UGI7, STM32WBA55UGI7TR, STM32WBA5MMGH6TR, STM32WBA62MGF6, STM32WBA62MIF6, STM32WBA65MGF7, STM32WBA65MIF6, STM32WBA65MIF7, STM32WL30K8V6, STM32WL30KBV6, STM32WL31C8V6, STM32WL31CBV6, STM32WL31K8V6, STM32WL31KBV6, STM32WL33C8V6, STM32WL33C8V6X, STM32WL33CBV6, STM32WL33CBV6X, STM32WL33CCV6, STM32WL33CCV6A, STM32WL33CCV6X, STM32WL33K8V7, STM32WL33K8V7X, STM32WL33KBV7 , STM32WL33KBV7X, STM32WL33KCV7, STM32WL33KCV7X, STM32WL5MOCH6, STM32WL5MOCH6TR]
2025-07-30 14:50:45,246 [INFO] BoardInfo:889 - No configuration file found for board P-NUCLEO-WB55
2025-07-30 14:50:45,247 [INFO] DbBoards:161 - Kit is not supported: P-NUCLEO-WB55
2025-07-30 14:50:45,253 [INFO] BoardInfo:889 - No configuration file found for board STEVAL-BFA001V1B
2025-07-30 14:50:45,254 [INFO] DbBoards:161 - Kit is not supported: STEVAL-BFA001V1B
2025-07-30 14:50:45,255 [INFO] BoardInfo:889 - No configuration file found for board STEVAL-BFA001V2B
2025-07-30 14:50:45,256 [INFO] DbBoards:161 - Kit is not supported: STEVAL-BFA001V2B
2025-07-30 14:50:45,424 [INFO] DbBoards:168 - Found 212 boards, 209 are supported
2025-07-30 14:50:45,424 [INFO] DbBoards:169 - Found 212 boards, 43 of them is supported for  Bsp
2025-07-30 14:50:45,427 [INFO] ApiDb:668 - CubeFinder database Data Model version=2.1
2025-07-30 14:50:45,427 [INFO] ApiDb:669 - CubeFinder database Configuration version=3.0.39
2025-07-30 14:50:45,427 [INFO] ApiDb:670 - CubeFinder database generation date=2025-07-22 (1753107327)
2025-07-30 14:50:45,427 [INFO] ApiDb:671 - CubeFinder database FW Pack versions=[FP-ATR-ASTRA1_V2.0.0, FP-SNS-FLIGHT1_V5.1.0, FP-SNS-MOTENV1_V5.0.0, FP-SNS-MOTENVWB1_V1.4.0, FP-SNS-SMARTAG2_V1.2.0, FP-SNS-STBOX1_V2.0.0, STM32Cube_FW_C0_V1.4.0, STM32Cube_FW_F4_V1.28.2, STM32Cube_FW_F7_V1.17.3, STM32Cube_FW_G0_V1.6.2, STM32Cube_FW_G4_V1.6.1, STM32Cube_FW_H5_V1.5.0, STM32Cube_FW_H7RS_V1.2.0, STM32Cube_FW_H7_V1.12.1, STM32Cube_FW_L0_V1.12.2, STM32Cube_FW_L4_V1.18.1, STM32Cube_FW_L5_V1.5.1, STM32Cube_FW_N6_V1.2.0, STM32Cube_FW_U0_V1.3.0, STM32Cube_FW_U3_V1.2.0, STM32Cube_FW_U5_V1.8.0, STM32Cube_FW_WB0_V1.3.0, STM32Cube_FW_WBA_V1.7.0, STM32Cube_FW_WB_V1.23.0, STM32Cube_FW_WL3_V1.2.0, STM32Cube_FW_WL_V1.3.1, X-CUBE-ALGOBUILD_V1.4.0, X-CUBE-ALS_V1.0.2, X-CUBE-AZRTOS-F4_V1.1.0, X-CUBE-AZRTOS-F7_V1.1.0, X-CUBE-AZRTOS-G0_V1.1.0, X-CUBE-AZRTOS-G4_V2.0.0, X-CUBE-AZRTOS-H7RS_V1.1.0, X-CUBE-AZRTOS-H7_V3.3.0, X-CUBE-AZRTOS-L4_V2.0.0, X-CUBE-AZRTOS-L5_V2.0.0, X-CUBE-AZRTOS-WB_V2.0.0, X-CUBE-AZRTOS-WL_V2.0.0, X-CUBE-BLE1_V7.1.0, X-CUBE-BLE2_V3.3.0, X-CUBE-BLEMGR_V4.0.0, X-CUBE-EEPRMA1_V5.1.0, X-CUBE-FREERTOS_V1.3.1, X-CUBE-GNSS1_V6.0.0, X-CUBE-MEMS1_V11.3.0, X-CUBE-NFC4_V3.0.0, X-CUBE-NFC7_V2.0.0, X-CUBE-SFXS2LP1_V4.0.0, X-CUBE-SUBG2_V5.0.0, X-CUBE-TOF1_V3.4.3]
2025-07-30 14:50:47,012 [INFO] ApiDb:240 - Found 880 in-development CPN: [B-G473E-ZEST1S, B-WB1M-WPAN1, B-WBA5M-WPAN, B-WL5M-SUBG1, NUCLEO-C031C6, NUCLEO-C051C8, NUCLEO-C071RB, NUCLEO-C092RC, NUCLEO-H503RB, NUCLEO-H533RE, NUCLEO-H563ZI, NUCLEO-H7S3L8, NUCLEO-N657X0-Q, NUCLEO-U031R8, NUCLEO-U083RC, NUCLEO-U385RG-Q, NUCLEO-U545RE-Q, NUCLEO-U5A5ZJ-Q, NUCLEO-WB05KZ, NUCLEO-WB07CC, NUCLEO-WB09KE, NUCLEO-WBA52CG, NUCLEO-WBA55CG, NUCLEO-WL33CC1, NUCLEO-WL33CC2, STEVAL-PROTEUS1, STEVAL-SMARTAG2, STEVAL-STWINBX1, STM320518-EVAL, STM32C0116-DK, STM32C011D6Y3TR, STM32C011D6Y6TR, STM32C011F4P3, STM32C011F4P6, STM32C011F4U3, STM32C011F4U6TR, STM32C011F6P3, STM32C011F6P6, STM32C011F6U3, STM32C011F6U6TR, STM32C011J4M3, STM32C011J4M6, STM32C011J6M3, STM32C011J6M6, STM32C0316-DK, STM32C031C4T3, STM32C031C4T6, STM32C031C4U3, STM32C031C4U6, STM32C031C6T3, STM32C031C6T6, STM32C031C6U3, STM32C031C6U6, STM32C031F4P3, STM32C031F4P6, STM32C031F6P3, STM32C031F6P6, STM32C031G4U3, STM32C031G4U6, STM32C031G6U3, STM32C031G6U6, STM32C031K4T3, STM32C031K4T6, STM32C031K4U3, STM32C031K4U6, STM32C031K6T3, STM32C031K6T6, STM32C031K6U3, STM32C031K6U6, STM32C051C6T6, STM32C051C6U6, STM32C051C8T6, STM32C051C8U6, STM32C051D8Y6TR, STM32C051F6P6, STM32C051F8P6, STM32C051G6U6, STM32C051G8U6, STM32C051K6T6, STM32C051K6U6, STM32C051K8T6, STM32C071C8T6, STM32C071C8T6N, STM32C071C8U6, STM32C071C8U6N, STM32C071CBT6, STM32C071CBT6N, STM32C071CBU6, STM32C071CBU6N, STM32C071F8P6, STM32C071F8P6N, STM32C071FBP6, STM32C071FBP6N, STM32C071FBY6TR, STM32C071G8U6, STM32C071G8U6N, STM32C071GBU6, STM32C071GBU6N, STM32C071K8T6, STM32C071K8T6N, STM32C071K8U6, STM32C071K8U6N, STM32C071KBT6, STM32C071KBT6N, STM32C071KBU6, STM32C071KBU6N, STM32C071R8T6, STM32C071R8T6N, STM32C071RBI6N, STM32C071RBT6, STM32C071RBT6N, STM32C091CBT6, STM32C091CBU6, STM32C091CCT6, STM32C091CCU6, STM32C091ECY6TR, STM32C091FBP6, STM32C091FCP6, STM32C091GBU6, STM32C091GCU6, STM32C091KBT6, STM32C091KBU6, STM32C091KCT6, STM32C091KCU6, STM32C091RBT6, STM32C091RCI6, STM32C091RCT6, STM32C092CBT6, STM32C092CBU6, STM32C092CCT6, STM32C092CCU6, STM32C092ECY6TR, STM32C092FBP6, STM32C092FCP6, STM32C092GBU6, STM32C092GCU6, STM32C092KBT6, STM32C092KBU6, STM32C092KCT6, STM32C092KCU6, STM32C092RBT6, STM32C092RCI6, STM32C092RCT6, STM32G071K8TXN, STM32G071K8UXN, STM32G081GBU6N, STM32G081KBT6N, STM32G081KBUXN, STM32G0B1CCT6N, STM32G0B1KCT6, STM32G0B1NEY6TR, STM32G0B1RCT6N, STM32G0C1CCT6, STM32G0C1CCT6N, STM32G0C1CCU6N, STM32G0C1CET6N, STM32G0C1CEU6N, STM32G0C1KCT6, STM32G0C1NEY6TR, STM32G0C1RCI6N, STM32G0C1RCT6N, STM32G0C1REI6N, STM32G0C1RET6N, STM32G0C1VCI6, STM32G0C1VEI6, STM32G411C6T3, STM32G411C6T6, STM32G411C6U3, STM32G411C6U6, STM32G411C8T3, STM32G411C8T6, STM32G411C8U3, STM32G411C8U6, STM32G411CBT3, STM32G411CBT6, STM32G411CBU3, STM32G411CBU6, STM32G411K6T3, STM32G411K6T6, STM32G411K6U3, STM32G411K6U6, STM32G411K8T3, STM32G411K8T6, STM32G411K8U3, STM32G411K8U6, STM32G411KBT3, STM32G411KBT6, STM32G411KBU3, STM32G411KBU6, STM32G411M6T3, STM32G411M6T6, STM32G411M8T3, STM32G411M8T6, STM32G411MBT3, STM32G411MBT6, STM32G411R6T3, STM32G411R6T6, STM32G411R8T3, STM32G411R8T6, STM32G411RBT3, STM32G411RBT6, STM32G414CBT3, STM32G414CBT6, STM32G414CBU3, STM32G414CBU6, STM32G414CCT3, STM32G414CCT6, STM32G414CCU3, STM32G414CCU6, STM32G414MBT3, STM32G414MBT6, STM32G414MCT3, STM32G414MCT6, STM32G414RBT3, STM32G414RBT6, STM32G414RCT3, STM32G414RCT6, STM32G414VBT3, STM32G414VBT6, STM32G414VCT3, STM32G414VCT6, STM32G431CBT3Z, STM32G431RBT3Z, STM32G471CCT6, STM32G471CCU6, STM32G471CET3, STM32G471CET6, STM32G471CEU3, STM32G471CEU6, STM32G471MCT6, STM32G471MET3, STM32G471MET6, STM32G471MEY6TR, STM32G471QCT6, STM32G471QET3, STM32G471RCT6, STM32G471RET3, STM32G471RET6, STM32G471VCH6, STM32G471VCI6, STM32G471VCT6, STM32G471VEH3, STM32G471VEH6, STM32G471VEI3, STM32G471VEI6, STM32G471VET3, STM32G471VET6, STM32G473QET3Z, STM32G473RET3Z, STM32G474CCT6, STM32G491RET3Z, STM32H503CBT6, STM32H503CBU6, STM32H503EBY6TR, STM32H503KBU6, STM32H503RBT6, STM32H523CCT6, STM32H523CCU6, STM32H523CET6, STM32H523CEU6, STM32H523HEY6TR, STM32H523RCT6, STM32H523RET6, STM32H523VCI6, STM32H523VCT6, STM32H523VEI6, STM32H523VET6, STM32H523ZCJ6, STM32H523ZCT6, STM32H523ZEJ6, STM32H523ZET6, STM32H533CET6, STM32H533CEU6, STM32H533HEY6TR, STM32H533RET6, STM32H533VEI6, STM32H533VET6, STM32H533ZEJ6, STM32H533ZET6, STM32H562AGI6, STM32H562AII6, STM32H562IGK6, STM32H562IGT6, STM32H562IIK6, STM32H562IIT6, STM32H562RGT6, STM32H562RGV6, STM32H562RIT6, STM32H562RIV6, STM32H562VGT6, STM32H562VIT6, STM32H562ZGT6, STM32H562ZIT6, STM32H563AGI6, STM32H563AII3Q, STM32H563AII6, STM32H563IGK6, STM32H563IGT6, STM32H563IIK3Q, STM32H563IIK6, STM32H563IIT3Q, STM32H563IIT6, STM32H563MIY3QTR, STM32H563RGT6, STM32H563RGV6, STM32H563RIT6, STM32H563RIV6, STM32H563VGT6, STM32H563VIT3Q, STM32H563VIT6, STM32H563ZGT6, STM32H563ZIT3Q, STM32H563ZIT6, STM32H573AII3Q, STM32H573AII6, STM32H573I-DK, STM32H573IIK3Q, STM32H573IIK6, STM32H573IIT3Q, STM32H573IIT6, STM32H573MIY3QTR, STM32H573RIT6, STM32H573RIV6, STM32H573VIT3Q, STM32H573VIT6, STM32H573ZIT3Q, STM32H573ZIT6, STM32H7R3A8I6, STM32H7R3I8K6, STM32H7R3I8T6, STM32H7R3L8H6, STM32H7R3L8H6H, STM32H7R3R8V6, STM32H7R3V8H6, STM32H7R3V8T6, STM32H7R3V8Y6TR, STM32H7R3Z8J6, STM32H7R3Z8T6, STM32H7R7A8I6, STM32H7R7I8K6, STM32H7R7I8T6, STM32H7R7L8H6, STM32H7R7L8H6H, STM32H7R7Z8J6, STM32H7S3A8I6, STM32H7S3I8K6, STM32H7S3I8T6, STM32H7S3L8H6, STM32H7S3L8H6H, STM32H7S3R8V6, STM32H7S3V8H6, STM32H7S3V8T6, STM32H7S3V8Y6TR, STM32H7S3Z8J6, STM32H7S3Z8T6, STM32H7S78-DK, STM32H7S7A8I6, STM32H7S7I8K6, STM32H7S7I8T6, STM32H7S7L8H6, STM32H7S7L8H6H, STM32H7S7Z8J6, STM32L4R5QGI6STR, STM32MP131AAE3, STM32MP131AAF3, STM32MP131AAG3, STM32MP131CAE3, STM32MP131CAF3, STM32MP131CAG3, STM32MP131DAE7, STM32MP131DAF7, STM32MP131DAG7, STM32MP131FAE7, STM32MP131FAF7, STM32MP131FAG7, STM32MP133AAE3, STM32MP133AAF3, STM32MP133AAG3, STM32MP133CAE3, STM32MP133CAF3, STM32MP133CAG3, STM32MP133DAE7, STM32MP133DAF7, STM32MP133DAG7, STM32MP133FAE7, STM32MP133FAF7, STM32MP133FAG7, STM32MP135AAE3, STM32MP135AAF3, STM32MP135AAG3, STM32MP135CAE3, STM32MP135CAF3, STM32MP135CAG3, STM32MP135DAE7, STM32MP135DAF7, STM32MP135DAG7, STM32MP135F-DK, STM32MP135FAE7, STM32MP135FAF7, STM32MP135FAF7T, STM32MP135FAF7U, STM32MP135FAG7, STM32MP211AAL3, STM32MP211AAM3, STM32MP211AAN3, STM32MP211AAO3, STM32MP211CAL3, STM32MP211CAM3, STM32MP211CAN3, STM32MP211CAO3, STM32MP211DAL3, STM32MP211DAM3, STM32MP211DAN3, STM32MP211DAO3, STM32MP211FAL3, STM32MP211FAM3, STM32MP211FAN3, STM32MP211FAO3, STM32MP213AAL3, STM32MP213AAM3, STM32MP213AAN3, STM32MP213AAO3, STM32MP213CAL3, STM32MP213CAM3, STM32MP213CAN3, STM32MP213CAO3, STM32MP213DAL3, STM32MP213DAM3, STM32MP213DAN3, STM32MP213DAO3, STM32MP213FAL3, STM32MP213FAM3, STM32MP213FAN3, STM32MP213FAO3, STM32MP215AAL3, STM32MP215AAM3, STM32MP215AAN3, STM32MP215AAO3, STM32MP215CAL3, STM32MP215CAM3, STM32MP215CAN3, STM32MP215CAO3, STM32MP215DAL3, STM32MP215DAM3, STM32MP215DAN3, STM32MP215DAO3, STM32MP215F-DK, STM32MP215FAL3, STM32MP215FAM3, STM32MP215FAN3, STM32MP215FAO3, STM32MP231AAJ3, STM32MP231AAK3, STM32MP231AAL3, STM32MP231CAJ3, STM32MP231CAK3, STM32MP231CAL3, STM32MP231DAJ3, STM32MP231DAK3, STM32MP231DAL3, STM32MP231FAJ3, STM32MP231FAK3, STM32MP231FAL3, STM32MP233AAJ3, STM32MP233AAK3, STM32MP233AAL3, STM32MP233CAJ3, STM32MP233CAK3, STM32MP233CAL3, STM32MP233DAJ3, STM32MP233DAK3, STM32MP233DAL3, STM32MP233FAJ3, STM32MP233FAK3, STM32MP233FAL3, STM32MP235AAJ3, STM32MP235AAK3, STM32MP235AAL3, STM32MP235CAJ3, STM32MP235CAK3, STM32MP235CAL3, STM32MP235DAJ3, STM32MP235DAK3, STM32MP235DAL3, STM32MP235FAJ3, STM32MP235FAK3, STM32MP235FAL3, STM32MP251AAI3, STM32MP251AAK3, STM32MP251AAL3, STM32MP251CAI3, STM32MP251CAK3, STM32MP251CAL3, STM32MP251DAI3, STM32MP251DAK3, STM32MP251DAL3, STM32MP251FAI3, STM32MP251FAK3, STM32MP251FAL3, STM32MP253AAI3, STM32MP253AAK3, STM32MP253AAL3, STM32MP253CAI3, STM32MP253CAK3, STM32MP253CAL3, STM32MP253DAI3, STM32MP253DAK3, STM32MP253DAL3, STM32MP253FAI3, STM32MP253FAK3, STM32MP253FAL3, STM32MP255AAI3, STM32MP255AAK3, STM32MP255AAL3, STM32MP255CAI3, STM32MP255CAK3, STM32MP255CAL3, STM32MP255DAI3, STM32MP255DAK3, STM32MP255DAL3, STM32MP255FAI3, STM32MP255FAK3, STM32MP255FAL3, STM32MP257AAI3, STM32MP257AAK3, STM32MP257AAL3, STM32MP257CAI3, STM32MP257CAK3, STM32MP257CAL3, STM32MP257DAI3, STM32MP257DAK3, STM32MP257DAL3, STM32MP257F-DK, STM32MP257F-EV1, STM32MP257FAI3, STM32MP257FAK3, STM32MP257FAL3, STM32N645A0H3Q, STM32N645B0H3Q, STM32N645I0H3Q, STM32N645L0H3Q, STM32N645X0H3Q, STM32N645Z0H3Q, STM32N647A0H3Q, STM32N647B0H3Q, STM32N647I0H3Q, STM32N647L0H3Q, STM32N647X0H3Q, STM32N647Z0H3Q, STM32N655A0H3Q, STM32N655B0H3Q, STM32N655I0H3Q, STM32N655L0H3Q, STM32N655X0H3Q, STM32N655Z0H3Q, STM32N6570-DK, STM32N657A0H3Q, STM32N657B0H3Q, STM32N657I0H3Q, STM32N657L0H3Q, STM32N657X0H3Q, STM32N657Z0H3Q, STM32U031C6T6, STM32U031C6U6, STM32U031C8T6, STM32U031C8U6, STM32U031F4P6, STM32U031F6P6, STM32U031F8P6, STM32U031G6Y6TR, STM32U031G8Y6TR, STM32U031K4U6, STM32U031K6U6, STM32U031K8U6, STM32U031R6I6, STM32U031R6T6, STM32U031R8I6, STM32U031R8T6, STM32U073C8T6, STM32U073C8U6, STM32U073CBT6, STM32U073CBU6, STM32U073CCT6, STM32U073CCU6, STM32U073H8Y6TR, STM32U073HBY6TR, STM32U073HCY6TR, STM32U073K8U6, STM32U073KBU6, STM32U073KCU6, STM32U073M8I6, STM32U073M8T6, STM32U073MBI6, STM32U073MBT6, STM32U073MCI6, STM32U073MCT6, STM32U073R8I6, STM32U073R8T6, STM32U073RBI6, STM32U073RBT6, STM32U073RCI6, STM32U073RCT6, STM32U083C-DK, STM32U083CCT6, STM32U083CCU6, STM32U083HCY6TR, STM32U083KCU6, STM32U083MCI6, STM32U083MCT6, STM32U083RCI6, STM32U083RCT6, STM32U375CET6, STM32U375CET6Q, STM32U375CEU6, STM32U375CEU6Q, STM32U375CEY6QTR, STM32U375CGT6, STM32U375CGT6Q, STM32U375CGU6, STM32U375CGU6Q, STM32U375CGY6QTR, STM32U375KEU6, STM32U375KGU6, STM32U375REI6, STM32U375REI6Q, STM32U375RET6, STM32U375RET6Q, STM32U375REY6GTR, STM32U375REY6QTR, STM32U375RGI6, STM32U375RGI6Q, STM32U375RGT6, STM32U375RGT6Q, STM32U375RGY6GTR, STM32U375RGY6QTR, STM32U375VEI6, STM32U375VEI6Q, STM32U375VET6, STM32U375VET6Q, STM32U375VGI6, STM32U375VGI6Q, STM32U375VGT6, STM32U375VGT6Q, STM32U385CGT6, STM32U385CGT6Q, STM32U385CGU6, STM32U385CGU6Q, STM32U385CGY6QTR, STM32U385KGU6, STM32U385RGI6, STM32U385RGI6Q, STM32U385RGT6, STM32U385RGT6Q, STM32U385RGY6GTR, STM32U385RGY6QTR, STM32U385VGI6, STM32U385VGI6Q, STM32U385VGT6, STM32U385VGT6Q, STM32U535CBT6, STM32U535CBT6Q, STM32U535CBU6, STM32U535CBU6Q, STM32U535CCT6, STM32U535CCT6Q, STM32U535CCU6, STM32U535CCU6Q, STM32U535CET6, STM32U535CET6Q, STM32U535CEU6, STM32U535CEU6Q, STM32U535JEY6QTR, STM32U535NCY6QTR, STM32U535NEY6QTR, STM32U535RBI6, STM32U535RBI6Q, STM32U535RBT6, STM32U535RBT6Q, STM32U535RCI6, STM32U535RCI6Q, STM32U535RCT6, STM32U535RCT6Q, STM32U535REI6, STM32U535REI6Q, STM32U535RET6, STM32U535RET6Q, STM32U535VCI6, STM32U535VCI6Q, STM32U535VCT6, STM32U535VCT6Q, STM32U535VEI6, STM32U535VEI6Q, STM32U535VET6, STM32U535VET6Q, STM32U545CET6, STM32U545CET6Q, STM32U545CEU6, STM32U545CEU6Q, STM32U545JEY6QTR, STM32U545NEY6QTR, STM32U545REI6, STM32U545REI6Q, STM32U545RET6, STM32U545RET6Q, STM32U545VEI6, STM32U545VEI6Q, STM32U545VET6, STM32U545VET6Q, STM32U595AIH6, STM32U595AIH6Q, STM32U595AJH6, STM32U595AJH6Q, STM32U595QII6, STM32U595QII6Q, STM32U595QJI6, STM32U595QJI6Q, STM32U595RIT6, STM32U595RIT6Q, STM32U595RJT6, STM32U595RJT6Q, STM32U595VIT6, STM32U595VIT6Q, STM32U595VJT6, STM32U595VJT6Q, STM32U595ZIT6, STM32U595ZIT6Q, STM32U595ZIY6QTR, STM32U595ZJT6, STM32U595ZJT6Q, STM32U595ZJY6QTR, STM32U599BJY6QTR, STM32U599NIH6Q, STM32U599NJH6Q, STM32U599VIT6Q, STM32U599VJT6, STM32U599VJT6Q, STM32U599ZIT6Q, STM32U599ZIY6QTR, STM32U599ZJT6Q, STM32U599ZJY6QTR, STM32U5A5AJH6, STM32U5A5AJH6Q, STM32U5A5QII3Q , STM32U5A5QJI6, STM32U5A5QJI6Q, STM32U5A5RJT6, STM32U5A5RJT6Q, STM32U5A5VJT6, STM32U5A5VJT6Q, STM32U5A5ZJT6, STM32U5A5ZJT6Q, STM32U5A5ZJY6QTR, STM32U5A9BJY6QTR, STM32U5A9J-DK, STM32U5A9NJH6Q, STM32U5A9VJT6Q, STM32U5A9ZJT6Q, STM32U5A9ZJY6QTR, STM32U5F7VIT6, STM32U5F7VIT6Q, STM32U5F7VJT6, STM32U5F7VJT6Q, STM32U5F9BJY6QTR, STM32U5F9NJH6Q, STM32U5F9VIT6Q, STM32U5F9VJT6Q, STM32U5F9ZIJ6QTR, STM32U5F9ZIT6Q, STM32U5F9ZJJ6QTR, STM32U5F9ZJT6Q, STM32U5G7VJT6, STM32U5G7VJT6Q, STM32U5G9BJY6QTR, STM32U5G9J-DK1, STM32U5G9J-DK2, STM32U5G9NJH6Q, STM32U5G9VJT6Q, STM32U5G9ZJJ6QTR, STM32U5G9ZJT6Q, STM32WB05KZV6TR, STM32WB05KZV7TR, STM32WB05TZF6TR, STM32WB05TZF7TR, STM32WB06CCF6TR, STM32WB06CCF7TR, STM32WB06CCV6TR, STM32WB06CCV7TR, STM32WB06KCV6TR, STM32WB06KCV7TR, STM32WB07CCF6TR, STM32WB07CCF7TR, STM32WB07CCV6TR, STM32WB07CCV7TR, STM32WB07KCV6TR, STM32WB07KCV7TR, STM32WB09KEV6TR, STM32WB09KEV7TR, STM32WB09TEF6TR, STM32WB09TEF7TR, STM32WB1MMCH6, STM32WBA50KGU6, STM32WBA50KGU6TR, STM32WBA52CEU6, STM32WBA52CEU6TR, STM32WBA52CEU7, STM32WBA52CEU7TR, STM32WBA52CGU6, STM32WBA52CGU6TR, STM32WBA52CGU6U, STM32WBA52CGU7, STM32WBA52CGU7TR, STM32WBA52KEU6, STM32WBA52KEU6TR, STM32WBA52KGU6, STM32WBA52KGU6TR, STM32WBA54CEU6, STM32WBA54CEU6TR, STM32WBA54CEU7, STM32WBA54CEU7TR, STM32WBA54CGU6, STM32WBA54CGU6TR, STM32WBA54CGU7, STM32WBA54CGU7TR, STM32WBA54KEU6, STM32WBA54KEU6TR, STM32WBA54KEU7, STM32WBA54KEU7TR, STM32WBA54KGU6, STM32WBA54KGU6TR, STM32WBA54KGU7, STM32WBA54KGU7TR, STM32WBA55CEU6, STM32WBA55CEU6TR, STM32WBA55CEU7, STM32WBA55CEU7TR, STM32WBA55CGU6, STM32WBA55CGU6TR, STM32WBA55CGU6U, STM32WBA55CGU7, STM32WBA55CGU7TR, STM32WBA55G-DK1, STM32WBA55HEF6, STM32WBA55HEF7, STM32WBA55HGF6, STM32WBA55HGF7, STM32WBA55UEI6, STM32WBA55UEI6TR, STM32WBA55UEI7, STM32WBA55UEI7TR, STM32WBA55UGI6, STM32WBA55UGI6TR, STM32WBA55UGI7, STM32WBA55UGI7TR, STM32WBA5MMGH6TR, STM32WBA62MGF6, STM32WBA62MIF6, STM32WBA65MGF7, STM32WBA65MIF6, STM32WBA65MIF7, STM32WL30K8V6, STM32WL30KBV6, STM32WL31C8V6, STM32WL31CBV6, STM32WL31K8V6, STM32WL31KBV6, STM32WL33C8V6, STM32WL33C8V6X, STM32WL33CBV6, STM32WL33CBV6X, STM32WL33CCV6, STM32WL33CCV6A, STM32WL33CCV6X, STM32WL33K8V7, STM32WL33K8V7X, STM32WL33KBV7 , STM32WL33KBV7X, STM32WL33KCV7, STM32WL33KCV7X, STM32WL5MOCH6, STM32WL5MOCH6TR]
2025-07-30 14:50:47,015 [INFO] DbMcus:218 - Found 4801 MCUs, 4801 are supported
2025-07-30 14:50:47,016 [INFO] ApiDb:423 - Load user favorites file C:\Users\nicks/.stm32cubeide/favorites.mcus.txt: 0 item(s)
2025-07-30 14:50:47,016 [INFO] ApiDb:427 - User favorites MCUs=[]
2025-07-30 14:50:47,016 [INFO] DbMcus:224 - Set 0 / 0 favorites MCUs
2025-07-30 14:50:47,258 [INFO] ApiDb:423 - Load user favorites file C:\Users\nicks/.stm32cubeide/favorites.boards.txt: 0 item(s)
2025-07-30 14:50:47,258 [INFO] ApiDb:427 - User favorites Boards=[]
2025-07-30 14:50:47,258 [INFO] DbBoards:198 - Set 0 / 0 favorites Boards
2025-07-30 14:50:47,298 [INFO] UtilMem:75 - End LoadConfig() Used Memory: 628675640 Bytes (861929472)
2025-07-30 14:50:47,384 [WARN] ThirdParty:833 - waiting for thirdparty lock release [change project]
2025-07-30 14:50:47,384 [INFO] ThirdParty:835 - entering critical section [change project]
2025-07-30 14:50:47,384 [INFO] ThirdParty:1030 - CMSIS Pack Vendor :STMicroelectronics X-CUBE-PM33A1 1.0.0
2025-07-30 14:50:47,384 [INFO] ThirdParty:1030 - CMSIS Pack Vendor :STMicroelectronics USBPD 4.1
2025-07-30 14:50:47,384 [INFO] ThirdParty:1030 - CMSIS Pack Vendor :STMicroelectronics X-CUBE-AZRTOS-H7 3.3.0
2025-07-30 14:50:47,385 [INFO] ThirdParty:1030 - CMSIS Pack Vendor :STMicroelectronics X-CUBE-NFC9 1.0.0
2025-07-30 14:50:47,385 [INFO] ThirdParty:1030 - CMSIS Pack Vendor :STMicroelectronics USB_HOST 2.0.0
2025-07-30 14:50:47,385 [INFO] ThirdParty:1030 - CMSIS Pack Vendor :STMicroelectronics FP-SNS-MOTENVWB1 1.4.0
2025-07-30 14:50:47,385 [INFO] ThirdParty:1030 - CMSIS Pack Vendor :STMicroelectronics X-CUBE-AZRTOS-F4 1.1.0
2025-07-30 14:50:47,385 [INFO] ThirdParty:1030 - CMSIS Pack Vendor :STMicroelectronics LIBJPEG 8.0.0
2025-07-30 14:50:47,385 [INFO] ThirdParty:1030 - CMSIS Pack Vendor :STMicroelectronics FP-ATR-ASTRA1 2.0.2
2025-07-30 14:50:47,385 [INFO] ThirdParty:1030 - CMSIS Pack Vendor :STMicroelectronics FP-ATR-ASTRA1 2.0.1
2025-07-30 14:50:47,385 [INFO] ThirdParty:1030 - CMSIS Pack Vendor :STMicroelectronics X-CUBE-BLE1 7.1.0
2025-07-30 14:50:47,385 [INFO] ThirdParty:1030 - CMSIS Pack Vendor :Avnet-IotConnect X-CUBE-IoTC-DA16k-PMOD 1.0.0
2025-07-30 14:50:47,385 [INFO] ThirdParty:1030 - CMSIS Pack Vendor :STMicroelectronics X-CUBE-SMBUS 2.1.0
2025-07-30 14:50:47,385 [INFO] ThirdParty:1030 - CMSIS Pack Vendor :STMicroelectronics X-CUBE-WB05N 1.1.0
2025-07-30 14:50:47,385 [INFO] ThirdParty:1030 - CMSIS Pack Vendor :wolfSSL I-CUBE-wolfMQTT 1.19.2
2025-07-30 14:50:47,385 [INFO] ThirdParty:1030 - CMSIS Pack Vendor :STMicroelectronics USB_DEVICE 3.0.0
2025-07-30 14:50:47,385 [INFO] ThirdParty:1030 - CMSIS Pack Vendor :STMicroelectronics X-CUBE-ISPU 2.1.0
2025-07-30 14:50:47,385 [INFO] ThirdParty:1030 - CMSIS Pack Vendor :STMicroelectronics X-CUBE-EEPRMA1 5.2.0
2025-07-30 14:50:47,385 [INFO] ThirdParty:1030 - CMSIS Pack Vendor :STMicroelectronics X-CUBE-BLEMGR 4.1.0
2025-07-30 14:50:47,385 [INFO] ThirdParty:1030 - CMSIS Pack Vendor :STMicroelectronics X-CUBE-AZRTOS-WB 2.0.0
2025-07-30 14:50:47,385 [INFO] ThirdParty:1030 - CMSIS Pack Vendor :STMicroelectronics X-CUBE-ST60 1.0.0
2025-07-30 14:50:47,385 [INFO] ThirdParty:1030 - CMSIS Pack Vendor :STMicroelectronics X-CUBE-GNSS1 7.0.1
2025-07-30 14:50:47,385 [INFO] ThirdParty:1030 - CMSIS Pack Vendor :STMicroelectronics X-CUBE-NFC12 1.0.0
2025-07-30 14:50:47,385 [INFO] ThirdParty:1030 - CMSIS Pack Vendor :STMicroelectronics X-CUBE-AZRTOS-F7 1.1.0
2025-07-30 14:50:47,385 [INFO] ThirdParty:1030 - CMSIS Pack Vendor :STMicroelectronics X-CUBE-AZRTOS-L5 2.0.0
2025-07-30 14:50:47,385 [INFO] ThirdParty:1030 - CMSIS Pack Vendor :STMicroelectronics X-CUBE-TOUCHGFX 4.25.0
2025-07-30 14:50:47,385 [INFO] ThirdParty:1030 - CMSIS Pack Vendor :STMicroelectronics USB_DEVICE 2.0.0
2025-07-30 14:50:47,385 [INFO] ThirdParty:1030 - CMSIS Pack Vendor :STMicroelectronics X-CUBE-NFC6 3.1.0
2025-07-30 14:50:47,385 [INFO] ThirdParty:1030 - CMSIS Pack Vendor :STMicroelectronics X-CUBE-AI 10.1.0
2025-07-30 14:50:47,385 [INFO] ThirdParty:1030 - CMSIS Pack Vendor :STMicroelectronics X-CUBE-MEMS1 11.2.0
2025-07-30 14:50:47,385 [INFO] ThirdParty:1030 - CMSIS Pack Vendor :STMicroelectronics FreeRTOS 0.0.1
2025-07-30 14:50:47,385 [INFO] ThirdParty:1030 - CMSIS Pack Vendor :STMicroelectronics X-CUBE-AZRTOS-G0 1.1.0
2025-07-30 14:50:47,385 [INFO] ThirdParty:1030 - CMSIS Pack Vendor :STMicroelectronics X-CUBE-SAFEA1 1.2.2
2025-07-30 14:50:47,385 [INFO] ThirdParty:1030 - CMSIS Pack Vendor :STMicroelectronics X-CUBE-NFC4 3.0.0
2025-07-30 14:50:47,385 [INFO] ThirdParty:1030 - CMSIS Pack Vendor :STMicroelectronics X-CUBE-SUBG2 5.0.0
2025-07-30 14:50:47,385 [INFO] ThirdParty:1030 - CMSIS Pack Vendor :STMicroelectronics X-CUBE-AZRTOS-H7RS 1.1.0
2025-07-30 14:50:47,385 [INFO] ThirdParty:1030 - CMSIS Pack Vendor :STMicroelectronics STM32_WPAN 1.0.0
2025-07-30 14:50:47,385 [INFO] ThirdParty:1030 - CMSIS Pack Vendor :EmbeddedOffice I-CUBE-FS-RTOS 1.0.1
2025-07-30 14:50:47,385 [INFO] ThirdParty:1030 - CMSIS Pack Vendor :STMicroelectronics lwIP 2.0.3
2025-07-30 14:50:47,385 [INFO] ThirdParty:1030 - CMSIS Pack Vendor :STMicroelectronics FP-SNS-FLIGHT1 5.0.2
2025-07-30 14:50:47,385 [INFO] ThirdParty:1030 - CMSIS Pack Vendor :Cesanta I-CUBE-Mongoose 7.13.0
2025-07-30 14:50:47,386 [INFO] ThirdParty:1030 - CMSIS Pack Vendor :STMicroelectronics USB_HOST 1.0.0
2025-07-30 14:50:47,386 [INFO] ThirdParty:1030 - CMSIS Pack Vendor :Infineon AIROC-Wi-Fi-Bluetooth-STM32 1.7.0
2025-07-30 14:50:47,386 [INFO] ThirdParty:1030 - CMSIS Pack Vendor :STMicroelectronics X-CUBE-AZRTOS-G4 2.0.0
2025-07-30 14:50:47,386 [INFO] ThirdParty:1030 - CMSIS Pack Vendor :STMicroelectronics X-CUBE-WB05N 2.0.0
2025-07-30 14:50:47,386 [INFO] ThirdParty:1030 - CMSIS Pack Vendor :STMicroelectronics PDM2PCM 3.1.0
2025-07-30 14:50:47,386 [INFO] ThirdParty:1030 - CMSIS Pack Vendor :STMicroelectronics PDM2PCM 3.3.0
2025-07-30 14:50:47,386 [INFO] ThirdParty:1030 - CMSIS Pack Vendor :wolfSSL I-CUBE-wolfTPM 3.8.0
2025-07-30 14:50:47,386 [INFO] ThirdParty:1030 - CMSIS Pack Vendor :STMicroelectronics X-CUBE-AZRTOS-H7 3.4.0
2025-07-30 14:50:47,386 [INFO] ThirdParty:1030 - CMSIS Pack Vendor :STMicroelectronics X-CUBE-DISPLAY 3.0.0
2025-07-30 14:50:47,386 [INFO] ThirdParty:1030 - CMSIS Pack Vendor :wolfSSL I-CUBE-wolfSSH 1.4.20
2025-07-30 14:50:47,386 [INFO] ThirdParty:1030 - CMSIS Pack Vendor :STMicroelectronics X-CUBE-NFC7 2.0.0
2025-07-30 14:50:47,386 [INFO] ThirdParty:1030 - CMSIS Pack Vendor :STMicroelectronics X-CUBE-TCPP 4.2.0
2025-07-30 14:50:47,386 [INFO] ThirdParty:1030 - CMSIS Pack Vendor :RealThread X-CUBE-RT-Thread_Nano 4.1.1
2025-07-30 14:50:47,386 [INFO] ThirdParty:1030 - CMSIS Pack Vendor :STMicroelectronics FP-ATR-SIGFOX1 3.2.0
2025-07-30 14:50:47,386 [INFO] ThirdParty:1030 - CMSIS Pack Vendor :STMicroelectronics X-CUBE-NFC10 1.0.0
2025-07-30 14:50:47,386 [INFO] ThirdParty:1030 - CMSIS Pack Vendor :STMicroelectronics X-CUBE-BLEMGR 4.0.0
2025-07-30 14:50:47,386 [INFO] ThirdParty:1030 - CMSIS Pack Vendor :STMicroelectronics X-CUBE-EEPRMA1 5.1.0
2025-07-30 14:50:47,386 [INFO] ThirdParty:1030 - CMSIS Pack Vendor :STMicroelectronics X-CUBE-FREERTOS 1.3.1
2025-07-30 14:50:47,386 [INFO] ThirdParty:1030 - CMSIS Pack Vendor :STMicroelectronics HAL Drivers 0.0.0
2025-07-30 14:50:47,386 [INFO] ThirdParty:1030 - CMSIS Pack Vendor :STMicroelectronics MBEDTLS 2.16.2
2025-07-30 14:50:47,386 [INFO] ThirdParty:1030 - CMSIS Pack Vendor :STMicroelectronics X-CUBE-IPS 3.1.0
2025-07-30 14:50:47,386 [INFO] ThirdParty:1030 - CMSIS Pack Vendor :STMicroelectronics X-CUBE-ALS 1.0.2
2025-07-30 14:50:47,386 [INFO] ThirdParty:1030 - CMSIS Pack Vendor :emotas I-CUBE-CANOPEN 1.3.0
2025-07-30 14:50:47,386 [INFO] ThirdParty:1030 - CMSIS Pack Vendor :STMicroelectronics X-CUBE-FREERTOS 1.3.0
2025-07-30 14:50:47,386 [INFO] ThirdParty:1030 - CMSIS Pack Vendor :STMicroelectronics X-CUBE-NFC7 1.0.1
2025-07-30 14:50:47,386 [INFO] ThirdParty:1030 - CMSIS Pack Vendor :STMicroelectronics MBEDTLS 2.14.1
2025-07-30 14:50:47,386 [INFO] ThirdParty:1030 - CMSIS Pack Vendor :wolfSSL I-CUBE-wolfSSL 5.7.6
2025-07-30 14:50:47,387 [INFO] ThirdParty:1030 - CMSIS Pack Vendor :ITTIA_DB I-CUBE-ITTIADB 8.9.0
2025-07-30 14:50:47,387 [INFO] ThirdParty:1030 - CMSIS Pack Vendor :portGmbH I-Cube-SoM-uGOAL 1.1.0
2025-07-30 14:50:47,387 [INFO] ThirdParty:1030 - CMSIS Pack Vendor :quantropi X-CUBE-qispace-sdk-base 2.0.0
2025-07-30 14:50:47,387 [INFO] ThirdParty:1030 - CMSIS Pack Vendor :STMicroelectronics X-CUBE-AI 10.0.0
2025-07-30 14:50:47,387 [INFO] ThirdParty:1030 - CMSIS Pack Vendor :STMicroelectronics X-CUBE-ST67W61 1.0.0
2025-07-30 14:50:47,387 [INFO] ThirdParty:1030 - CMSIS Pack Vendor :STMicroelectronics FP-SNS-STAIOTCFT 1.0.0
2025-07-30 14:50:47,387 [INFO] ThirdParty:1030 - CMSIS Pack Vendor :STMicroelectronics ThreadX 1.0.0
2025-07-30 14:50:47,387 [INFO] ThirdParty:1030 - CMSIS Pack Vendor :STMicroelectronics FP-SNS-SMARTAG2 1.2.0
2025-07-30 14:50:47,387 [INFO] ThirdParty:1030 - CMSIS Pack Vendor :STMicroelectronics FP-SNS-FLIGHT1 5.1.0
2025-07-30 14:50:47,387 [INFO] ThirdParty:1030 - CMSIS Pack Vendor :STMicroelectronics X-CUBE-AZRTOS-WL 2.0.0
2025-07-30 14:50:47,387 [INFO] ThirdParty:1030 - CMSIS Pack Vendor :SEGGER I-CUBE-embOS 1.3.1
2025-07-30 14:50:47,387 [INFO] ThirdParty:1030 - CMSIS Pack Vendor :STMicroelectronics X-CUBE-ALGOBUILD 1.4.0
2025-07-30 14:50:47,387 [INFO] ThirdParty:1030 - CMSIS Pack Vendor :STMicroelectronics X-CUBE-DPower 1.3.0
2025-07-30 14:50:47,387 [INFO] ThirdParty:1030 - CMSIS Pack Vendor :STMicroelectronics X-CUBE-MEMS1 11.3.0
2025-07-30 14:50:47,387 [INFO] ThirdParty:1030 - CMSIS Pack Vendor :STMicroelectronics FP-SNS-MOTENV1 5.0.0
2025-07-30 14:50:47,387 [INFO] ThirdParty:1030 - CMSIS Pack Vendor :STMicroelectronics USB_DEVICE 1.0.0
2025-07-30 14:50:47,387 [INFO] ThirdParty:1030 - CMSIS Pack Vendor :STMicroelectronics X-CUBE-AZRTOS-L4 2.0.0
2025-07-30 14:50:47,387 [INFO] ThirdParty:1030 - CMSIS Pack Vendor :STMicroelectronics ThreadX 0.0.2
2025-07-30 14:50:47,387 [INFO] ThirdParty:1030 - CMSIS Pack Vendor :WES I-CUBE-Cesium 1.3.0
2025-07-30 14:50:47,387 [INFO] ThirdParty:1030 - CMSIS Pack Vendor :STMicroelectronics lwIP 2.1.2
2025-07-30 14:50:47,387 [INFO] ThirdParty:1030 - CMSIS Pack Vendor :STMicroelectronics X-CUBE-SFXS2LP1 4.0.0
2025-07-30 14:50:47,387 [INFO] ThirdParty:1030 - CMSIS Pack Vendor :STMicroelectronics X-CUBE-BLE2 3.3.0
2025-07-30 14:50:47,387 [INFO] ThirdParty:1030 - CMSIS Pack Vendor :STMicroelectronics X-CUBE-TOF1 3.4.3
2025-07-30 14:50:47,387 [INFO] ThirdParty:1030 - CMSIS Pack Vendor :STMicroelectronics PDM2PCM 3.2.0
2025-07-30 14:50:47,387 [INFO] ThirdParty:841 - exiting critical section [change project]
2025-07-30 14:50:48,008 [INFO] PinOutPanel:1589 - setPackage(No Configuration,No Configuration)
2025-07-30 14:50:48,010 [INFO] PinOutPanel:1589 - setPackage(STM32H755ZITx,LQFP144)
2025-07-30 14:50:48,515 [INFO] UtilMem:75 - Before build in PCC Used Memory: 439877632 Bytes (861929472)
2025-07-30 14:50:49,061 [INFO] UtilMem:75 - After build in PCC Used Memory: 596352784 Bytes (861929472)
2025-07-30 14:50:49,077 [INFO] ApiDbMcu:532 - Load IP Config File for FREERTOS_M7
2025-07-30 14:50:49,109 [INFO] IPUIPlugin:80 - create IPUIPlugin
2025-07-30 14:50:49,109 [INFO] IPUIPlugin:80 - create IPUIPlugin
2025-07-30 14:50:49,109 [INFO] IPUIPlugin:80 - create IPUIPlugin
2025-07-30 14:50:49,109 [INFO] IPUIPlugin:80 - create IPUIPlugin
2025-07-30 14:50:49,109 [INFO] IPUIPlugin:80 - create IPUIPlugin
2025-07-30 14:50:49,109 [INFO] IPUIPlugin:80 - create IPUIPlugin
2025-07-30 14:50:49,109 [INFO] IPUIPlugin:80 - create IPUIPlugin
2025-07-30 14:50:49,109 [INFO] IPUIPlugin:80 - create IPUIPlugin
2025-07-30 14:50:49,109 [INFO] IPUIPlugin:80 - create IPUIPlugin
2025-07-30 14:50:49,110 [INFO] IPUIPlugin:80 - create IPUIPlugin
2025-07-30 14:50:49,110 [INFO] IPUIPlugin:80 - create IPUIPlugin
2025-07-30 14:50:49,110 [INFO] IPUIPlugin:80 - create IPUIPlugin
2025-07-30 14:50:49,110 [INFO] IPUIPlugin:80 - create IPUIPlugin
2025-07-30 14:50:49,110 [INFO] IPUIPlugin:80 - create IPUIPlugin
2025-07-30 14:50:49,110 [INFO] IPUIPlugin:80 - create IPUIPlugin
2025-07-30 14:50:49,110 [INFO] IPUIPlugin:80 - create IPUIPlugin
2025-07-30 14:50:49,110 [INFO] IPUIPlugin:80 - create IPUIPlugin
2025-07-30 14:50:49,110 [INFO] IPUIPlugin:80 - create IPUIPlugin
2025-07-30 14:50:49,110 [INFO] IPUIPlugin:80 - create IPUIPlugin
2025-07-30 14:50:49,110 [INFO] IPUIPlugin:80 - create IPUIPlugin
2025-07-30 14:50:49,110 [INFO] IPUIPlugin:80 - create IPUIPlugin
2025-07-30 14:50:49,111 [INFO] IPUIPlugin:80 - create IPUIPlugin
2025-07-30 14:50:49,111 [INFO] IPUIPlugin:80 - create IPUIPlugin
2025-07-30 14:50:49,111 [INFO] IPUIPlugin:80 - create IPUIPlugin
2025-07-30 14:50:49,111 [INFO] IPUIPlugin:80 - create IPUIPlugin
2025-07-30 14:50:49,111 [INFO] IPUIPlugin:80 - create IPUIPlugin
2025-07-30 14:50:49,111 [INFO] IPUIPlugin:80 - create IPUIPlugin
2025-07-30 14:50:49,111 [INFO] IPUIPlugin:80 - create IPUIPlugin
2025-07-30 14:50:49,111 [INFO] IPUIPlugin:80 - create IPUIPlugin
2025-07-30 14:50:49,111 [INFO] IPUIPlugin:80 - create IPUIPlugin
2025-07-30 14:50:49,111 [INFO] IPUIPlugin:80 - create IPUIPlugin
2025-07-30 14:50:49,111 [INFO] IPUIPlugin:80 - create IPUIPlugin
2025-07-30 14:50:49,111 [INFO] IPUIPlugin:80 - create IPUIPlugin
2025-07-30 14:50:49,111 [INFO] IPUIPlugin:80 - create IPUIPlugin
2025-07-30 14:50:49,112 [INFO] IPUIPlugin:80 - create IPUIPlugin
2025-07-30 14:50:49,112 [INFO] IPUIPlugin:80 - create IPUIPlugin
2025-07-30 14:50:49,112 [INFO] IPUIPlugin:80 - create IPUIPlugin
2025-07-30 14:50:49,112 [INFO] IPUIPlugin:80 - create IPUIPlugin
2025-07-30 14:50:49,112 [INFO] IPUIPlugin:80 - create IPUIPlugin
2025-07-30 14:50:49,112 [INFO] IPUIPlugin:80 - create IPUIPlugin
2025-07-30 14:50:49,112 [INFO] IPUIPlugin:80 - create IPUIPlugin
2025-07-30 14:50:49,113 [INFO] IPUIPlugin:80 - create IPUIPlugin
2025-07-30 14:50:49,113 [INFO] IPUIPlugin:80 - create IPUIPlugin
2025-07-30 14:50:49,113 [INFO] IPUIPlugin:80 - create IPUIPlugin
2025-07-30 14:50:49,113 [INFO] IPUIPlugin:80 - create IPUIPlugin
2025-07-30 14:50:49,113 [INFO] IPUIPlugin:80 - create IPUIPlugin
2025-07-30 14:50:49,113 [INFO] IPUIPlugin:80 - create IPUIPlugin
2025-07-30 14:50:49,113 [INFO] IPUIPlugin:80 - create IPUIPlugin
2025-07-30 14:50:49,114 [INFO] IPUIPlugin:80 - create IPUIPlugin
2025-07-30 14:50:49,114 [INFO] IPUIPlugin:80 - create IPUIPlugin
2025-07-30 14:50:49,114 [INFO] IPUIPlugin:80 - create IPUIPlugin
2025-07-30 14:50:49,114 [INFO] IPUIPlugin:80 - create IPUIPlugin
2025-07-30 14:50:49,114 [INFO] IPUIPlugin:80 - create IPUIPlugin
2025-07-30 14:50:49,115 [INFO] IPUIPlugin:80 - create IPUIPlugin
2025-07-30 14:50:49,115 [INFO] IPUIPlugin:80 - create IPUIPlugin
2025-07-30 14:50:49,115 [INFO] IPUIPlugin:80 - create IPUIPlugin
2025-07-30 14:50:49,115 [INFO] IPUIPlugin:80 - create IPUIPlugin
2025-07-30 14:50:49,115 [INFO] IPUIPlugin:80 - create IPUIPlugin
2025-07-30 14:50:49,115 [INFO] IPUIPlugin:80 - create IPUIPlugin
2025-07-30 14:50:49,115 [INFO] IPUIPlugin:80 - create IPUIPlugin
2025-07-30 14:50:49,116 [INFO] IPUIPlugin:80 - create IPUIPlugin
2025-07-30 14:50:49,116 [INFO] IPUIPlugin:80 - create IPUIPlugin
2025-07-30 14:50:49,116 [INFO] IPUIPlugin:80 - create IPUIPlugin
2025-07-30 14:50:49,116 [INFO] IPUIPlugin:80 - create IPUIPlugin
2025-07-30 14:50:49,116 [INFO] IPUIPlugin:80 - create IPUIPlugin
2025-07-30 14:50:49,116 [INFO] IPUIPlugin:80 - create IPUIPlugin
2025-07-30 14:50:49,117 [INFO] IPUIPlugin:80 - create IPUIPlugin
2025-07-30 14:50:49,117 [INFO] IPUIPlugin:80 - create IPUIPlugin
2025-07-30 14:50:49,117 [INFO] IPUIPlugin:80 - create IPUIPlugin
2025-07-30 14:50:49,117 [INFO] IPUIPlugin:80 - create IPUIPlugin
2025-07-30 14:50:49,117 [INFO] IPUIPlugin:80 - create IPUIPlugin
2025-07-30 14:50:49,118 [INFO] IPUIPlugin:80 - create IPUIPlugin
2025-07-30 14:50:49,118 [INFO] IPUIPlugin:80 - create IPUIPlugin
2025-07-30 14:50:49,118 [INFO] IPUIPlugin:80 - create IPUIPlugin
2025-07-30 14:50:49,118 [INFO] IPUIPlugin:80 - create IPUIPlugin
2025-07-30 14:50:49,118 [INFO] IPUIPlugin:80 - create IPUIPlugin
2025-07-30 14:50:49,119 [INFO] IPUIPlugin:80 - create IPUIPlugin
2025-07-30 14:50:49,119 [INFO] IPUIPlugin:80 - create IPUIPlugin
2025-07-30 14:50:49,119 [INFO] IPUIPlugin:80 - create IPUIPlugin
2025-07-30 14:50:49,119 [INFO] IPUIPlugin:80 - create IPUIPlugin
2025-07-30 14:50:49,119 [INFO] IPUIPlugin:80 - create IPUIPlugin
2025-07-30 14:50:49,120 [INFO] IPUIPlugin:80 - create IPUIPlugin
2025-07-30 14:50:49,120 [INFO] IPUIPlugin:80 - create IPUIPlugin
2025-07-30 14:50:49,120 [INFO] IPUIPlugin:80 - create IPUIPlugin
2025-07-30 14:50:49,120 [INFO] IPUIPlugin:80 - create IPUIPlugin
2025-07-30 14:50:49,121 [INFO] IPUIPlugin:80 - create IPUIPlugin
2025-07-30 14:50:49,121 [INFO] IPUIPlugin:80 - create IPUIPlugin
2025-07-30 14:50:49,121 [INFO] IPUIPlugin:80 - create IPUIPlugin
2025-07-30 14:50:49,121 [INFO] IPUIPlugin:80 - create IPUIPlugin
2025-07-30 14:50:49,122 [INFO] IPUIPlugin:80 - create IPUIPlugin
2025-07-30 14:50:49,122 [INFO] IPUIPlugin:80 - create IPUIPlugin
2025-07-30 14:50:49,122 [INFO] IPUIPlugin:80 - create IPUIPlugin
2025-07-30 14:50:49,122 [INFO] IPUIPlugin:80 - create IPUIPlugin
2025-07-30 14:50:49,123 [INFO] IPUIPlugin:80 - create IPUIPlugin
2025-07-30 14:50:49,123 [INFO] IPUIPlugin:80 - create IPUIPlugin
2025-07-30 14:50:49,123 [INFO] IPUIPlugin:80 - create IPUIPlugin
2025-07-30 14:50:49,124 [INFO] IPUIPlugin:80 - create IPUIPlugin
2025-07-30 14:50:49,124 [INFO] IPUIPlugin:80 - create IPUIPlugin
2025-07-30 14:50:49,124 [INFO] IPUIPlugin:80 - create IPUIPlugin
2025-07-30 14:50:49,124 [INFO] IPUIPlugin:80 - create IPUIPlugin
2025-07-30 14:50:49,125 [INFO] IPUIPlugin:80 - create IPUIPlugin
2025-07-30 14:50:49,125 [INFO] IPUIPlugin:80 - create IPUIPlugin
2025-07-30 14:50:49,125 [INFO] IPUIPlugin:80 - create IPUIPlugin
2025-07-30 14:50:49,126 [INFO] IPUIPlugin:80 - create IPUIPlugin
2025-07-30 14:50:49,126 [INFO] IPUIPlugin:80 - create IPUIPlugin
2025-07-30 14:50:49,126 [INFO] IPUIPlugin:80 - create IPUIPlugin
2025-07-30 14:50:49,127 [INFO] IPUIPlugin:80 - create IPUIPlugin
2025-07-30 14:50:49,127 [INFO] IPUIPlugin:80 - create IPUIPlugin
2025-07-30 14:50:49,127 [INFO] IPUIPlugin:80 - create IPUIPlugin
2025-07-30 14:50:49,128 [INFO] IPUIPlugin:80 - create IPUIPlugin
2025-07-30 14:50:49,128 [INFO] IPUIPlugin:80 - create IPUIPlugin
2025-07-30 14:50:49,128 [INFO] IPUIPlugin:80 - create IPUIPlugin
2025-07-30 14:50:49,129 [INFO] IPUIPlugin:80 - create IPUIPlugin
2025-07-30 14:50:49,129 [INFO] IPUIPlugin:80 - create IPUIPlugin
2025-07-30 14:50:49,135 [INFO] ApiDbMcu:532 - Load IP Config File for PDM2PCM_M7
2025-07-30 14:50:49,138 [INFO] ApiDbMcu:532 - Load IP Config File for PDM2PCM_M4
2025-07-30 14:50:49,168 [WARN] FreeRTOS:1023 - Null or empty value: should not occur! (nothing added to the table)
2025-07-30 14:50:49,291 [INFO] CADModel:165 - CPN selected for project levelSTM32H755ZIT6
2025-07-30 14:50:49,291 [INFO] CADModel:114 - Register for checkConnection events
2025-07-30 14:50:49,294 [INFO] RtosManager:728 - Active RTOS found at IOC load: FREERTOS_M7 [CortexM7]
2025-07-30 14:50:49,346 [INFO] OpenFileManager:386 - Restore cursor
2025-07-30 14:50:49,610 [INFO] ProjectChoiceTab:962 - Analytics plugin initialized for: CortexM7 Enable multi-threaded support
2025-07-30 14:59:03,913 [ERROR] LogOutputStream:75 - [STDERR_REDIRECT] 
