2025-08-27 17:46:36,267 [INFO] Activator:176 - 


2025-08-27 17:46:36,273 [INFO] Activator:177 - !SESSION log4j initialized
2025-08-27 17:46:40,597 [INFO] LogOutputStream:77 - [STDOUT_REDIRECT] 
2025-08-27 17:46:42,250 [INFO] ApplicationProperties:184 - Using Application install path: C:\ST\STM32CubeIDE_1.19.0\STM32CubeIDE\plugins\com.st.stm32cube.common.mx_6.15.0.202507011659
2025-08-27 17:46:42,263 [INFO] DbMcusXml:78 - Set database path to: C:\ST\STM32CubeIDE_1.19.0\STM32CubeIDE\plugins\com.st.stm32cube.common.mx_6.15.0.202507011659\\db\/mcu/
2025-08-27 17:46:42,263 [INFO] ApiDb:274 - Set plugin database path to: C:\ST\STM32CubeIDE_1.19.0\STM32CubeIDE\plugins\com.st.stm32cube.common.mx_6.15.0.202507011659\\db\/plugins/boardmanager/
2025-08-27 17:46:42,264 [WARN] ApiDb:259 - Overriding images path with different value:  => C:\ST\STM32CubeIDE_1.19.0\STM32CubeIDE\plugins\com.st.stm32cube.common.mx_6.15.0.202507011659\\db\/plugins/mcufinder/images/
2025-08-27 17:46:42,269 [INFO] ApiDb:250 - Set database path to: C:\Users\nicks\.stmcufinder\plugins\mcufinder//mcu/
2025-08-27 17:46:42,270 [INFO] DbMcusAds:125 - Set database path to: C:\Users\nicks\.stmcufinder\plugins\mcufinder//mcu/
2025-08-27 17:46:42,271 [INFO] CrossReferenceDbSqlite:203 - Set database path to: C:\Users\nicks\.stmcufinder\plugins\mcufinder//mcu/cs/
2025-08-27 17:46:42,342 [INFO] RulesReader:64 - Compatibility file has been processed (317 Rules)
2025-08-27 17:46:42,402 [INFO] DbMcusXml:78 - Set database path to: C:\ST\STM32CubeIDE_1.19.0\STM32CubeIDE\plugins\com.st.stm32cube.common.mx_6.15.0.202507011659\\db\/mcu/
2025-08-27 17:46:42,402 [INFO] ApiDb:274 - Set plugin database path to: C:\ST\STM32CubeIDE_1.19.0\STM32CubeIDE\plugins\com.st.stm32cube.common.mx_6.15.0.202507011659\\db\/plugins/boardmanager/
2025-08-27 17:46:42,402 [INFO] ApiDb:261 - Set plugin images path to: C:\ST\STM32CubeIDE_1.19.0\STM32CubeIDE\plugins\com.st.stm32cube.common.mx_6.15.0.202507011659\\db\/plugins/mcufinder/images/
2025-08-27 17:46:42,402 [WARN] DbFile:41 - Overriding database path with different value: C:\Users\nicks\.stmcufinder\plugins\mcufinder/ => C:\Users\nicks\.stmcufinder\plugins\mcufinder
2025-08-27 17:46:42,402 [INFO] ApiDb:250 - Set database path to: C:\Users\nicks\.stmcufinder\plugins\mcufinder//mcu/
2025-08-27 17:46:42,402 [WARN] DbFile:41 - Overriding database path with different value: C:\Users\nicks\.stmcufinder\plugins\mcufinder/ => C:\Users\nicks\.stmcufinder\plugins\mcufinder
2025-08-27 17:46:42,402 [INFO] DbMcusAds:125 - Set database path to: C:\Users\nicks\.stmcufinder\plugins\mcufinder//mcu/
2025-08-27 17:46:42,402 [WARN] DbFile:41 - Overriding database path with different value: C:\Users\nicks\.stmcufinder\plugins\mcufinder/ => C:\Users\nicks\.stmcufinder\plugins\mcufinder
2025-08-27 17:46:42,402 [WARN] DbFile:41 - Overriding database path with different value: C:\Users\nicks\.stmcufinder\plugins\mcufinder/ => C:\Users\nicks\.stmcufinder\plugins\mcufinder
2025-08-27 17:46:42,402 [INFO] CrossReferenceDbSqlite:203 - Set database path to: C:\Users\nicks\.stmcufinder\plugins\mcufinder//mcu/cs/
2025-08-27 17:46:42,456 [INFO] MainPanel:274 - HeapMemory: 271581184
2025-08-27 17:46:42,536 [INFO] DbMcusXml:78 - Set database path to: C:\ST\STM32CubeIDE_1.19.0\STM32CubeIDE\plugins\com.st.stm32cube.common.mx_6.15.0.202507011659\\db\/mcu/
2025-08-27 17:46:42,536 [INFO] ApiDb:274 - Set plugin database path to: C:\ST\STM32CubeIDE_1.19.0\STM32CubeIDE\plugins\com.st.stm32cube.common.mx_6.15.0.202507011659\\db\/plugins/boardmanager/
2025-08-27 17:46:42,536 [INFO] ApiDb:261 - Set plugin images path to: C:\ST\STM32CubeIDE_1.19.0\STM32CubeIDE\plugins\com.st.stm32cube.common.mx_6.15.0.202507011659\\db\/plugins/mcufinder/images/
2025-08-27 17:46:42,536 [WARN] DbFile:41 - Overriding database path with different value: C:\Users\nicks\.stmcufinder\plugins\mcufinder/ => C:\Users\nicks\.stmcufinder\plugins\mcufinder
2025-08-27 17:46:42,536 [INFO] ApiDb:250 - Set database path to: C:\Users\nicks\.stmcufinder\plugins\mcufinder//mcu/
2025-08-27 17:46:42,536 [WARN] DbFile:41 - Overriding database path with different value: C:\Users\nicks\.stmcufinder\plugins\mcufinder/ => C:\Users\nicks\.stmcufinder\plugins\mcufinder
2025-08-27 17:46:42,536 [INFO] DbMcusAds:125 - Set database path to: C:\Users\nicks\.stmcufinder\plugins\mcufinder//mcu/
2025-08-27 17:46:42,536 [WARN] DbFile:41 - Overriding database path with different value: C:\Users\nicks\.stmcufinder\plugins\mcufinder/ => C:\Users\nicks\.stmcufinder\plugins\mcufinder
2025-08-27 17:46:42,536 [WARN] DbFile:41 - Overriding database path with different value: C:\Users\nicks\.stmcufinder\plugins\mcufinder/ => C:\Users\nicks\.stmcufinder\plugins\mcufinder
2025-08-27 17:46:42,537 [INFO] CrossReferenceDbSqlite:203 - Set database path to: C:\Users\nicks\.stmcufinder\plugins\mcufinder//mcu/cs/
2025-08-27 17:46:42,549 [INFO] ApplicationProperties:184 - Using Application install path: C:\ST\STM32CubeIDE_1.19.0\STM32CubeIDE\plugins\com.st.stm32cube.common.mx_6.15.0.202507011659
2025-08-27 17:46:42,550 [INFO] PluginManage:196 - Search for loadable plugins [exclusion list=, ]
2025-08-27 17:46:42,551 [INFO] PluginManage:310 - Check plugin analytics
2025-08-27 17:46:42,664 [INFO] AnalyticsPlugin:253 - Accepted Software Licenses: 
2025-08-27 17:46:42,664 [INFO] AnalyticsPlugin:255 - Accepted CMSIS Pack Licenses: 
2025-08-27 17:46:42,665 [INFO] AnalyticsPlugin:257 - Accepted Firmware Licenses: FW.F4.1.28.0,FW.H7.1.12.0,FW.H7.1.11.0
2025-08-27 17:46:42,666 [INFO] PluginManage:359 - Loaded plugin analytics (category:tool,tabindex:-1)
2025-08-27 17:46:42,666 [INFO] PluginManage:310 - Check plugin cadmodel
2025-08-27 17:46:42,674 [INFO] CADModel:105 - Init CAD model plugin
2025-08-27 17:46:42,674 [INFO] PluginManage:359 - Loaded plugin cadmodel (category:power,tabindex:5)
2025-08-27 17:46:42,674 [INFO] PluginManage:310 - Check plugin clock
2025-08-27 17:46:42,681 [INFO] PluginManage:359 - Loaded plugin clock (category:base,tabindex:2)
2025-08-27 17:46:42,682 [INFO] PluginManage:310 - Check plugin ddr
2025-08-27 17:46:42,683 [INFO] PluginManage:359 - Loaded plugin ddr (category:tool,tabindex:6)
2025-08-27 17:46:42,683 [INFO] PluginManage:310 - Check plugin filemanager
2025-08-27 17:46:42,782 [INFO] PluginManage:359 - Loaded plugin filemanager (category:base,tabindex:10)
2025-08-27 17:46:42,782 [INFO] PluginManage:310 - Check plugin ipmanager
2025-08-27 17:46:42,786 [INFO] PluginManage:359 - Loaded plugin ipmanager (category:base,tabindex:5)
2025-08-27 17:46:42,786 [INFO] PluginManage:310 - Check plugin lpbam
2025-08-27 17:46:42,792 [INFO] PluginManage:359 - Loaded plugin lpbam (category:base,tabindex:0)
2025-08-27 17:46:42,792 [INFO] PluginManage:310 - Check plugin memorymap
2025-08-27 17:46:42,801 [INFO] PluginManage:359 - Loaded plugin memorymap (category:base,tabindex:4)
2025-08-27 17:46:42,801 [INFO] PluginManage:310 - Check plugin pinoutandconfiguration
2025-08-27 17:46:42,808 [INFO] PluginManage:359 - Loaded plugin pinoutandconfiguration (category:base,tabindex:1)
2025-08-27 17:46:42,808 [INFO] PluginManage:310 - Check plugin pinoutconfig
2025-08-27 17:46:42,868 [WARN] SupportedApi:132 - Cannot load RTOS API schema: s4s-elt-must-match.1: The content of 'definitions' must match (annotation?, (simpleType | complexType)?, (unique | key | keyref)*)). A problem was found starting at: attribute.
2025-08-27 17:46:42,955 [INFO] PluginManage:359 - Loaded plugin pinoutconfig (category:base,tabindex:0)
2025-08-27 17:46:42,956 [INFO] PluginManage:310 - Check plugin power
2025-08-27 17:46:42,963 [INFO] PluginManage:359 - Loaded plugin power (category:power,tabindex:4)
2025-08-27 17:46:42,963 [INFO] PluginManage:310 - Check plugin projectmanager
2025-08-27 17:46:42,973 [INFO] PluginManage:359 - Loaded plugin projectmanager (category:projectmanager,tabindex:4)
2025-08-27 17:46:42,973 [INFO] PluginManage:310 - Check plugin rif
2025-08-27 17:46:42,980 [INFO] PluginManage:359 - Loaded plugin rif (category:base,tabindex:3)
2025-08-27 17:46:42,980 [INFO] PluginManage:310 - Check plugin thirdparty
2025-08-27 17:46:43,073 [INFO] PluginManage:359 - Loaded plugin thirdparty (category:base,tabindex:-1)
2025-08-27 17:46:43,073 [WARN] IntegrityCheckThread:84 - waiting for thirdparty lock release [integrity check]
2025-08-27 17:46:43,073 [INFO] PluginManage:310 - Check plugin tools
2025-08-27 17:46:43,073 [INFO] IntegrityCheckThread:86 - entering critical section [integrity check]
2025-08-27 17:46:43,073 [INFO] ThirdPartyUpdaterWithRetryManager:70 - Updater plugin not ready yet. [1/15]
2025-08-27 17:46:43,075 [INFO] PluginManage:359 - Loaded plugin tools (category:base,tabindex:7)
2025-08-27 17:46:43,075 [INFO] PluginManage:310 - Check plugin tutovideos
2025-08-27 17:46:43,225 [INFO] PluginManage:359 - Loaded plugin tutovideos (category:base,tabindex:-1)
2025-08-27 17:46:43,225 [INFO] PluginManage:310 - Check plugin updater
2025-08-27 17:46:43,240 [INFO] PluginManage:359 - Loaded plugin updater (category:base,tabindex:12)
2025-08-27 17:46:43,240 [INFO] PluginManage:310 - Check plugin userauth
2025-08-27 17:46:43,243 [INFO] UserAuth:118 - Init User Auth plugin
2025-08-27 17:46:43,243 [INFO] PluginManage:359 - Loaded plugin userauth (category:base,tabindex:14)
2025-08-27 17:46:43,244 [INFO] PluginManage:283 - PluginManage : Loaded plugins [18]
2025-08-27 17:46:43,384 [INFO] PinOutPanel:1589 - setPackage(No Configuration,No Configuration)
2025-08-27 17:46:43,444 [INFO] CADModel:165 - CPN selected for project level
2025-08-27 17:46:43,444 [INFO] CADModel:114 - Register for checkConnection events
2025-08-27 17:46:43,457 [INFO] IPUIPlugin:80 - create IPUIPlugin
2025-08-27 17:46:43,457 [INFO] PluginManager:220 - loadIPPluginJar : add adc
2025-08-27 17:46:43,459 [INFO] IPUIPlugin:80 - create IPUIPlugin
2025-08-27 17:46:43,459 [INFO] PluginManager:220 - loadIPPluginJar : add aes
2025-08-27 17:46:43,461 [INFO] IPUIPlugin:80 - create IPUIPlugin
2025-08-27 17:46:43,461 [INFO] PluginManager:220 - loadIPPluginJar : add can
2025-08-27 17:46:43,462 [INFO] IPUIPlugin:80 - create IPUIPlugin
2025-08-27 17:46:43,462 [INFO] PluginManager:220 - loadIPPluginJar : add comp
2025-08-27 17:46:43,464 [INFO] IPUIPlugin:80 - create IPUIPlugin
2025-08-27 17:46:43,464 [INFO] PluginManager:220 - loadIPPluginJar : add cryp
2025-08-27 17:46:43,466 [INFO] IPUIPlugin:80 - create IPUIPlugin
2025-08-27 17:46:43,466 [INFO] PluginManager:220 - loadIPPluginJar : add ddr_ctrl_phy
2025-08-27 17:46:43,468 [INFO] IPUIPlugin:80 - create IPUIPlugin
2025-08-27 17:46:43,468 [INFO] PluginManager:220 - loadIPPluginJar : add dfsdm
2025-08-27 17:46:43,472 [INFO] IPUIPlugin:80 - create IPUIPlugin
2025-08-27 17:46:43,472 [INFO] PluginManager:220 - loadIPPluginJar : add dma
2025-08-27 17:46:43,474 [INFO] IPUIPlugin:80 - create IPUIPlugin
2025-08-27 17:46:43,474 [INFO] PluginManager:220 - loadIPPluginJar : add dma3
2025-08-27 17:46:43,476 [INFO] IPUIPlugin:80 - create IPUIPlugin
2025-08-27 17:46:43,476 [INFO] PluginManager:220 - loadIPPluginJar : add extmemmanager
2025-08-27 17:46:43,477 [INFO] IPUIPlugin:80 - create IPUIPlugin
2025-08-27 17:46:43,477 [INFO] PluginManager:220 - loadIPPluginJar : add fatfs
2025-08-27 17:46:43,480 [INFO] IPUIPlugin:80 - create IPUIPlugin
2025-08-27 17:46:43,480 [INFO] PluginManager:220 - loadIPPluginJar : add fmc
2025-08-27 17:46:43,484 [INFO] IPUIPlugin:80 - create IPUIPlugin
2025-08-27 17:46:43,484 [INFO] PluginManager:220 - loadIPPluginJar : add freertos
2025-08-27 17:46:43,485 [INFO] IPUIPlugin:80 - create IPUIPlugin
2025-08-27 17:46:43,485 [INFO] PluginManager:220 - loadIPPluginJar : add genericplugin
2025-08-27 17:46:43,487 [INFO] IPUIPlugin:80 - create IPUIPlugin
2025-08-27 17:46:43,487 [INFO] PluginManager:220 - loadIPPluginJar : add gfxmmu
2025-08-27 17:46:43,490 [INFO] IPUIPlugin:80 - create IPUIPlugin
2025-08-27 17:46:43,490 [INFO] PluginManager:220 - loadIPPluginJar : add gic
2025-08-27 17:46:43,492 [INFO] IPUIPlugin:80 - create IPUIPlugin
2025-08-27 17:46:43,492 [INFO] PluginManager:220 - loadIPPluginJar : add gpio
2025-08-27 17:46:43,494 [INFO] IPUIPlugin:80 - create IPUIPlugin
2025-08-27 17:46:43,494 [INFO] PluginManager:220 - loadIPPluginJar : add gtzc
2025-08-27 17:46:43,495 [INFO] IPUIPlugin:80 - create IPUIPlugin
2025-08-27 17:46:43,496 [INFO] PluginManager:220 - loadIPPluginJar : add hash
2025-08-27 17:46:43,497 [INFO] IPUIPlugin:80 - create IPUIPlugin
2025-08-27 17:46:43,498 [INFO] PluginManager:220 - loadIPPluginJar : add i2c
2025-08-27 17:46:43,499 [INFO] IPUIPlugin:80 - create IPUIPlugin
2025-08-27 17:46:43,499 [INFO] PluginManager:220 - loadIPPluginJar : add i2s
2025-08-27 17:46:43,501 [INFO] IPUIPlugin:80 - create IPUIPlugin
2025-08-27 17:46:43,501 [INFO] PluginManager:220 - loadIPPluginJar : add i3c
2025-08-27 17:46:43,503 [INFO] IPUIPlugin:80 - create IPUIPlugin
2025-08-27 17:46:43,503 [INFO] PluginManager:220 - loadIPPluginJar : add ipddr
2025-08-27 17:46:43,508 [INFO] IPUIPlugin:80 - create IPUIPlugin
2025-08-27 17:46:43,508 [INFO] PluginManager:220 - loadIPPluginJar : add linkedlist
2025-08-27 17:46:43,510 [INFO] IPUIPlugin:80 - create IPUIPlugin
2025-08-27 17:46:43,510 [INFO] PluginManager:220 - loadIPPluginJar : add lorawan
2025-08-27 17:46:43,511 [INFO] IPUIPlugin:80 - create IPUIPlugin
2025-08-27 17:46:43,511 [INFO] PluginManager:220 - loadIPPluginJar : add ltdc
2025-08-27 17:46:43,515 [INFO] IPUIPlugin:80 - create IPUIPlugin
2025-08-27 17:46:43,515 [INFO] PluginManager:220 - loadIPPluginJar : add mdma
2025-08-27 17:46:43,518 [INFO] IPUIPlugin:80 - create IPUIPlugin
2025-08-27 17:46:43,518 [INFO] PluginManager:220 - loadIPPluginJar : add nvic
2025-08-27 17:46:43,519 [INFO] IPUIPlugin:80 - create IPUIPlugin
2025-08-27 17:46:43,520 [INFO] PluginManager:220 - loadIPPluginJar : add opamp
2025-08-27 17:46:43,521 [INFO] IPUIPlugin:80 - create IPUIPlugin
2025-08-27 17:46:43,522 [INFO] PluginManager:220 - loadIPPluginJar : add openamp
2025-08-27 17:46:43,524 [INFO] IPUIPlugin:80 - create IPUIPlugin
2025-08-27 17:46:43,524 [INFO] PluginManager:220 - loadIPPluginJar : add pdm2pcm
2025-08-27 17:46:43,527 [INFO] IPUIPlugin:80 - create IPUIPlugin
2025-08-27 17:46:43,529 [INFO] PluginManager:220 - loadIPPluginJar : add plateformsettings
2025-08-27 17:46:43,530 [INFO] IPUIPlugin:80 - create IPUIPlugin
2025-08-27 17:46:43,530 [INFO] PluginManager:220 - loadIPPluginJar : add quadspi
2025-08-27 17:46:43,531 [INFO] IPUIPlugin:80 - create IPUIPlugin
2025-08-27 17:46:43,532 [INFO] PluginManager:220 - loadIPPluginJar : add radio
2025-08-27 17:46:43,535 [INFO] IPUIPlugin:80 - create IPUIPlugin
2025-08-27 17:46:43,535 [INFO] PluginManager:220 - loadIPPluginJar : add resmgrutility
2025-08-27 17:46:43,538 [INFO] IPUIPlugin:80 - create IPUIPlugin
2025-08-27 17:46:43,538 [INFO] PluginManager:220 - loadIPPluginJar : add sai
2025-08-27 17:46:43,539 [INFO] IPUIPlugin:80 - create IPUIPlugin
2025-08-27 17:46:43,539 [INFO] PluginManager:220 - loadIPPluginJar : add spi
2025-08-27 17:46:43,543 [INFO] IPUIPlugin:80 - create IPUIPlugin
2025-08-27 17:46:43,543 [INFO] PluginManager:220 - loadIPPluginJar : add stm32_wpan
2025-08-27 17:46:43,544 [INFO] IPUIPlugin:80 - create IPUIPlugin
2025-08-27 17:46:43,544 [INFO] PluginManager:220 - loadIPPluginJar : add tim
2025-08-27 17:46:43,546 [INFO] IPUIPlugin:80 - create IPUIPlugin
2025-08-27 17:46:43,547 [INFO] PluginManager:220 - loadIPPluginJar : add touchsensing
2025-08-27 17:46:43,548 [INFO] IPUIPlugin:80 - create IPUIPlugin
2025-08-27 17:46:43,548 [INFO] PluginManager:220 - loadIPPluginJar : add tracer_emb
2025-08-27 17:46:43,550 [INFO] IPUIPlugin:80 - create IPUIPlugin
2025-08-27 17:46:43,550 [INFO] PluginManager:220 - loadIPPluginJar : add ts
2025-08-27 17:46:43,551 [INFO] IPUIPlugin:80 - create IPUIPlugin
2025-08-27 17:46:43,551 [INFO] PluginManager:220 - loadIPPluginJar : add tsc
2025-08-27 17:46:43,552 [INFO] IPUIPlugin:80 - create IPUIPlugin
2025-08-27 17:46:43,552 [INFO] PluginManager:220 - loadIPPluginJar : add ucpd
2025-08-27 17:46:43,554 [INFO] IPUIPlugin:80 - create IPUIPlugin
2025-08-27 17:46:43,554 [INFO] PluginManager:220 - loadIPPluginJar : add usart
2025-08-27 17:46:43,556 [INFO] IPUIPlugin:80 - create IPUIPlugin
2025-08-27 17:46:43,556 [INFO] PluginManager:220 - loadIPPluginJar : add usbx
2025-08-27 17:46:43,664 [FATAL] Updater:351 - Updater called before beeing initialized
2025-08-27 17:46:43,686 [INFO] RulesReader:64 - Compatibility file has been processed (317 Rules)
2025-08-27 17:46:43,693 [INFO] RulesReader:64 - Compatibility file has been processed (317 Rules)
2025-08-27 17:46:43,698 [INFO] CADModel:165 - CPN selected for project level
2025-08-27 17:46:43,698 [INFO] CADModel:114 - Register for checkConnection events
2025-08-27 17:46:43,698 [FATAL] Updater:351 - Updater called before beeing initialized
2025-08-27 17:46:43,698 [ERROR] CADModel:125 - Updater not yet initialized, retry later 
2025-08-27 17:46:44,545 [FATAL] Updater:351 - Updater called before beeing initialized
2025-08-27 17:46:44,548 [INFO] CADModel:165 - CPN selected for project level
2025-08-27 17:46:44,548 [INFO] CADModel:114 - Register for checkConnection events
2025-08-27 17:46:44,548 [FATAL] Updater:351 - Updater called before beeing initialized
2025-08-27 17:46:44,548 [ERROR] CADModel:125 - Updater not yet initialized, retry later 
2025-08-27 17:46:44,550 [FATAL] Updater:351 - Updater called before beeing initialized
2025-08-27 17:46:44,618 [FATAL] Updater:351 - Updater called before beeing initialized
2025-08-27 17:46:44,620 [INFO] DbMcusAds:53 - JSON generation date=Tue Jul 08 18:14:23 AEST 2025 (1751962463562)
2025-08-27 17:46:44,620 [FATAL] Updater:351 - Updater called before beeing initialized
2025-08-27 17:46:44,649 [WARN] DetailPanel:346 - Failed to get advertising image, set to default
2025-08-27 17:46:44,710 [FATAL] Updater:351 - Updater called before beeing initialized
2025-08-27 17:46:44,711 [FATAL] Updater:351 - Updater called before beeing initialized
2025-08-27 17:46:44,711 [FATAL] Updater:351 - Updater called before beeing initialized
2025-08-27 17:46:44,711 [WARN] DetailPanel:346 - Failed to get advertising image, set to default
2025-08-27 17:46:44,712 [FATAL] Updater:351 - Updater called before beeing initialized
2025-08-27 17:46:44,742 [ERROR] Updater:1198 - MainUpdater not yet initialized. External WinMGr cannot be set.
2025-08-27 17:46:44,744 [INFO] Updater:1134 - Updater Version found : 6.15.0
2025-08-27 17:46:44,756 [INFO] ApplicationProperties:184 - Using Application install path: C:\ST\STM32CubeIDE_1.19.0\STM32CubeIDE\plugins\com.st.stm32cube.common.mx_6.15.0.202507011659
2025-08-27 17:46:44,983 [INFO] MainUpdater:2872 - connection check result : 10
2025-08-27 17:46:44,984 [INFO] MainUpdater:3604 - Updater definition file requires update
2025-08-27 17:46:44,984 [INFO] MainUpdater:289 - Updater Check For Update Now.
2025-08-27 17:46:44,984 [INFO] MicroXplorer:498 - Change Database Version : DB.6.0.150
2025-08-27 17:46:44,988 [INFO] McuFinderGlobals:63 - Set McuFinder mode to 2 (CubeIDE integrated)
2025-08-27 17:46:44,989 [INFO] UserAuth:487 - Internet connection configuration mode: 1
2025-08-27 17:46:45,004 [INFO] JxBrowserEngine:152 - Initiate JxBrowser Engine with user profile folder
2025-08-27 17:46:45,034 [INFO] ServerAccessManage:452 - Complete download http(s) 200
2025-08-27 17:46:45,035 [INFO] ServerAccessManage:509 - Download File updaters.zip
2025-08-27 17:46:45,087 [INFO] FileExtend:248 - Unzip File : updaters.zip
2025-08-27 17:46:45,087 [INFO] FileExtend:263 - Standard Zip Deflate
2025-08-27 17:46:45,352 [INFO] ServerAccessManage:452 - Complete download http(s) 200
2025-08-27 17:46:45,352 [INFO] ServerAccessManage:509 - Download File PacksControlFlags.xml
2025-08-27 17:46:45,416 [INFO] ServerAccessManage:452 - Complete download http(s) 200
2025-08-27 17:46:45,416 [INFO] ServerAccessManage:509 - Download File cubemx.pidx
2025-08-27 17:46:45,473 [INFO] LoadServerUpdatesThread:375 - End of LoadServerUpdate Thread
2025-08-27 17:46:45,614 [INFO] CheckServerUpdateThread:120 - End of CheckServer Thread
2025-08-27 17:46:46,042 [INFO] WebApp:169 - Instantiating new browser for Auth
2025-08-27 17:46:46,268 [WARN] PackLoader:240 - Cannot read IP mode file for STMicroelectronics.FP-SNS-MOTENVWB1.1.4.0
2025-08-27 17:46:46,273 [WARN] PackLoader:240 - Cannot read IP mode file for STMicroelectronics.FP-ATR-ASTRA1.2.0.2
2025-08-27 17:46:46,276 [WARN] PackLoader:240 - Cannot read IP mode file for STMicroelectronics.FP-ATR-ASTRA1.2.0.1
2025-08-27 17:46:46,281 [WARN] PackLoader:240 - Cannot read IP mode file for STMicroelectronics.X-CUBE-SMBUS.2.1.0
2025-08-27 17:46:46,285 [WARN] PackLoader:240 - Cannot read IP mode file for STMicroelectronics.X-CUBE-WB05N.1.1.0
2025-08-27 17:46:46,289 [WARN] PackLoader:240 - Cannot read IP mode file for STMicroelectronics.X-CUBE-ST60.1.0.0
2025-08-27 17:46:46,308 [WARN] PackLoader:240 - Cannot read IP mode file for STMicroelectronics.X-CUBE-AZRTOS-F7.1.1.0
2025-08-27 17:46:46,314 [WARN] PackLoader:240 - Cannot read IP mode file for STMicroelectronics.FP-SNS-FLIGHT1.5.0.2
2025-08-27 17:46:46,331 [WARN] PackLoader:240 - Cannot read IP mode file for Infineon.AIROC-Wi-Fi-Bluetooth-STM32.1.7.0
2025-08-27 17:46:46,355 [WARN] PackLoader:240 - Cannot read IP mode file for STMicroelectronics.X-CUBE-AZRTOS-H7.3.4.0
2025-08-27 17:46:46,363 [WARN] PackLoader:240 - Cannot read IP mode file for STMicroelectronics.X-CUBE-DISPLAY.3.0.0
2025-08-27 17:46:46,372 [WARN] PackLoader:240 - Cannot read IP mode file for STMicroelectronics.X-CUBE-NFC10.1.0.0
2025-08-27 17:46:46,378 [WARN] PackLoader:240 - Cannot read IP mode file for STMicroelectronics.X-CUBE-BLEMGR.4.0.0
2025-08-27 17:46:46,383 [WARN] PackLoader:240 - Cannot read IP mode file for emotas.I-CUBE-CANOPEN.1.3.0
2025-08-27 17:46:46,387 [WARN] ConditionMgr:438 - getConditionDescription Invalid condition id : Cortex-A Device cause : null
2025-08-27 17:46:46,393 [WARN] ConditionMgr:1044 - genDependencies : Invalid condition id : Cortex-A Device cause : null
2025-08-27 17:46:46,393 [WARN] ConditionMgr:1044 - genDependencies : Invalid condition id : Cortex-A Device cause : null
2025-08-27 17:46:46,394 [WARN] ConditionMgr:1044 - genDependencies : Invalid condition id : Cortex-A Device cause : null
2025-08-27 17:46:46,397 [WARN] PackLoader:240 - Cannot read IP mode file for STMicroelectronics.X-CUBE-AI.10.0.0
2025-08-27 17:46:46,401 [WARN] PackLoader:240 - Cannot read IP mode file for STMicroelectronics.FP-SNS-STBOX1.2.1.0
2025-08-27 17:46:46,405 [WARN] PackLoader:240 - Cannot read IP mode file for STMicroelectronics.FP-SNS-SMARTAG2.1.2.0
2025-08-27 17:46:46,408 [WARN] PackLoader:240 - Cannot read IP mode file for STMicroelectronics.FP-SNS-FLIGHT1.5.1.0
2025-08-27 17:46:46,413 [INFO] LogOutputStream:77 - [STDOUT_REDIRECT] 1 : Invalid condition id : UX_CORESTACK_Condition cause : null
2025-08-27 17:46:46,413 [INFO] LogOutputStream:77 - [STDOUT_REDIRECT] 1 : Invalid condition id : UX_CORESTACK_Condition cause : null
2025-08-27 17:46:46,414 [INFO] LogOutputStream:77 - [STDOUT_REDIRECT] 1 : Invalid condition id : UX_CORESTACK_Condition cause : null
2025-08-27 17:46:46,415 [INFO] LogOutputStream:77 - [STDOUT_REDIRECT] 1 : Invalid condition id : UX_CORESTACK_Condition cause : null
2025-08-27 17:46:46,415 [INFO] LogOutputStream:77 - [STDOUT_REDIRECT] 1 : Invalid condition id : UX_CORESTACK_Condition cause : null
2025-08-27 17:46:46,417 [WARN] PackLoader:240 - Cannot read IP mode file for STMicroelectronics.X-CUBE-AZRTOS-WL.2.0.0
2025-08-27 17:46:46,420 [WARN] PackLoader:240 - Cannot read IP mode file for STMicroelectronics.FP-SNS-MOTENV1.5.0.0
2025-08-27 17:46:46,425 [WARN] PackLoader:240 - Cannot read IP mode file for WES.I-CUBE-Cesium.1.3.0
2025-08-27 17:46:46,428 [WARN] PackLoader:240 - Cannot read IP mode file for STMicroelectronics.X-CUBE-BLE2.3.3.0
2025-08-27 17:46:46,432 [WARN] PackLoader:240 - Cannot read IP mode file for STMicroelectronics.X-CUBE-NFC9.1.0.0
2025-08-27 17:46:46,436 [WARN] PackLoader:240 - Cannot read IP mode file for STMicroelectronics.X-CUBE-BLE1.7.1.0
2025-08-27 17:46:46,438 [WARN] PackLoader:240 - Cannot read IP mode file for wolfSSL.I-CUBE-wolfMQTT.1.19.2
2025-08-27 17:46:46,442 [WARN] PackLoader:240 - Cannot read IP mode file for STMicroelectronics.X-CUBE-EEPRMA1.5.2.0
2025-08-27 17:46:46,445 [WARN] PackLoader:240 - Cannot read IP mode file for STMicroelectronics.X-CUBE-AI.10.1.0
2025-08-27 17:46:46,482 [WARN] PackLoader:240 - Cannot read IP mode file for STMicroelectronics.X-CUBE-MEMS1.11.2.0
2025-08-27 17:46:46,587 [WARN] PackLoader:240 - Cannot read IP mode file for STMicroelectronics.X-CUBE-AZRTOS-G0.1.1.0
2025-08-27 17:46:46,590 [INFO] WebApp:463 - Apply proxy settings
2025-08-27 17:46:46,590 [INFO] WebApp:548 - Chromium requires no authentication
2025-08-27 17:46:46,592 [WARN] PackLoader:240 - Cannot read IP mode file for STMicroelectronics.X-CUBE-SAFEA1.1.2.2
2025-08-27 17:46:46,596 [WARN] PackLoader:240 - Cannot read IP mode file for STMicroelectronics.X-CUBE-NFC4.3.0.0
2025-08-27 17:46:46,598 [INFO] WebApp:491 - Direct internet connection detected
2025-08-27 17:46:46,602 [WARN] PackLoader:240 - Cannot read IP mode file for EmbeddedOffice.I-CUBE-FS-RTOS.1.0.1
2025-08-27 17:46:46,607 [WARN] PackLoader:240 - Cannot read IP mode file for STMicroelectronics.X-CUBE-WB05N.2.0.0
2025-08-27 17:46:46,611 [WARN] PackLoader:240 - Cannot read IP mode file for wolfSSL.I-CUBE-wolfTPM.3.8.0
2025-08-27 17:46:46,611 [WARN] PackLoader:240 - Cannot read IP mode file for STMicroelectronics.X-CUBE-TCPP.4.2.0
2025-08-27 17:46:46,620 [WARN] PackLoader:240 - Cannot read IP mode file for RealThread.X-CUBE-RT-Thread_Nano.4.1.1
2025-08-27 17:46:46,622 [INFO] WebApp:900 - Register for checkConnection events
2025-08-27 17:46:46,622 [INFO] WebApp:463 - Apply proxy settings
2025-08-27 17:46:46,622 [INFO] WebApp:548 - Chromium requires no authentication
2025-08-27 17:46:46,622 [INFO] WebApp:491 - Direct internet connection detected
2025-08-27 17:46:46,624 [WARN] PackLoader:240 - Cannot read IP mode file for STMicroelectronics.FP-ATR-SIGFOX1.3.2.0
2025-08-27 17:46:46,627 [WARN] PackLoader:240 - Cannot read IP mode file for STMicroelectronics.X-CUBE-EEPRMA1.5.1.0
2025-08-27 17:46:46,631 [WARN] PackLoader:240 - Cannot read IP mode file for wolfSSL.I-CUBE-wolfSSL.5.7.6
2025-08-27 17:46:46,635 [WARN] PackLoader:240 - Cannot read IP mode file for ITTIA_DB.I-CUBE-ITTIADB.8.9.0
2025-08-27 17:46:46,639 [WARN] PackLoader:240 - Cannot read IP mode file for STMicroelectronics.X-CUBE-ST67W61.1.0.0
2025-08-27 17:46:46,642 [WARN] PackLoader:240 - Cannot read IP mode file for STMicroelectronics.X-CUBE-AI.10.2.0
2025-08-27 17:46:46,655 [WARN] PackLoader:240 - Cannot read IP mode file for SEGGER.I-CUBE-embOS.1.3.1
2025-08-27 17:46:46,674 [WARN] PackLoader:240 - Cannot read IP mode file for STMicroelectronics.X-CUBE-ALGOBUILD.1.4.0
2025-08-27 17:46:46,696 [WARN] PackLoader:240 - Cannot read IP mode file for STMicroelectronics.X-CUBE-MEMS1.11.3.0
2025-08-27 17:46:46,753 [WARN] PackLoader:240 - Cannot read IP mode file for STMicroelectronics.X-CUBE-PM33A1.1.0.0
2025-08-27 17:46:46,760 [WARN] PackLoader:240 - Cannot read IP mode file for STMicroelectronics.X-CUBE-AZRTOS-F4.1.1.0
2025-08-27 17:46:46,764 [WARN] PackLoader:240 - Cannot read IP mode file for Avnet-IotConnect.X-CUBE-IoTC-DA16k-PMOD.1.0.0
2025-08-27 17:46:46,767 [WARN] PackLoader:240 - Cannot read IP mode file for STMicroelectronics.X-CUBE-ISPU.2.1.0
2025-08-27 17:46:46,770 [WARN] PackLoader:240 - Cannot read IP mode file for STMicroelectronics.X-CUBE-NFC12.1.0.0
2025-08-27 17:46:46,778 [WARN] PackLoader:240 - Cannot read IP mode file for STMicroelectronics.X-CUBE-AZRTOS-L5.2.0.0
2025-08-27 17:46:46,786 [WARN] PackLoader:240 - Cannot read IP mode file for STMicroelectronics.X-CUBE-NFC6.3.1.0
2025-08-27 17:46:46,791 [WARN] PackLoader:240 - Cannot read IP mode file for STMicroelectronics.X-CUBE-FREERTOS.1.3.1
2025-08-27 17:46:46,795 [WARN] PackLoader:240 - Cannot read IP mode file for STMicroelectronics.X-CUBE-FREERTOS.1.3.0
2025-08-27 17:46:46,799 [WARN] PackLoader:240 - Cannot read IP mode file for STMicroelectronics.X-CUBE-NFC7.1.0.1
2025-08-27 17:46:46,802 [INFO] WebApp:225 - Starting web application
2025-08-27 17:46:46,802 [WARN] PackLoader:240 - Cannot read IP mode file for STMicroelectronics.FP-SNS-STAIOTCFT.1.0.0
2025-08-27 17:46:46,802 [INFO] WebApp:593 - Web application path used C:\ST\STM32CubeIDE_1.19.0\STM32CubeIDE\plugins\com.st.stm32cube.common.mx_6.15.0.202507011659\db\plugins\mcufinder\reactClient1\index.html
2025-08-27 17:46:46,806 [WARN] PackLoader:240 - Cannot read IP mode file for STMicroelectronics.X-CUBE-DPower.1.3.0
2025-08-27 17:46:46,818 [WARN] ConditionMgr:438 - getConditionDescription Invalid condition id : LAN8742 Phy interface Condition cause : null
2025-08-27 17:46:46,819 [WARN] PackLoader:240 - Cannot read IP mode file for STMicroelectronics.X-CUBE-AZRTOS-L4.2.0.0
2025-08-27 17:46:46,819 [WARN] ConditionMgr:1044 - genDependencies : Invalid condition id : LAN8742 Phy interface Condition cause : null
2025-08-27 17:46:46,820 [WARN] ConditionMgr:1044 - genDependencies : Invalid condition id : LAN8742 Phy interface Condition cause : null
2025-08-27 17:46:46,820 [WARN] ConditionMgr:1044 - genDependencies : Invalid condition id : LAN8742 Phy interface Condition cause : null
2025-08-27 17:46:46,824 [WARN] PackLoader:240 - Cannot read IP mode file for STMicroelectronics.X-CUBE-SFXS2LP1.4.0.0
2025-08-27 17:46:46,835 [WARN] PackLoader:240 - Cannot read IP mode file for STMicroelectronics.X-CUBE-AZRTOS-H7.3.3.0
2025-08-27 17:46:46,842 [WARN] PackLoader:240 - Cannot read IP mode file for STMicroelectronics.X-CUBE-BLEMGR.4.1.0
2025-08-27 17:46:46,853 [WARN] ConditionMgr:438 - getConditionDescription Invalid condition id : UX DEVICE CLASS RTOS Condition cause : null
2025-08-27 17:46:46,853 [WARN] ConditionMgr:438 - getConditionDescription Invalid condition id : UX DEVICE CLASS RTOS Condition cause : null
2025-08-27 17:46:46,854 [WARN] PackLoader:240 - Cannot read IP mode file for STMicroelectronics.X-CUBE-AZRTOS-WB.2.0.0
2025-08-27 17:46:46,855 [WARN] ConditionMgr:1044 - genDependencies : Invalid condition id : UX DEVICE CLASS RTOS Condition cause : null
2025-08-27 17:46:46,855 [WARN] ConditionMgr:1044 - genDependencies : Invalid condition id : UX DEVICE CLASS RTOS Condition cause : null
2025-08-27 17:46:46,855 [WARN] ConditionMgr:1044 - genDependencies : Invalid condition id : UX DEVICE CLASS RTOS Condition cause : null
2025-08-27 17:46:46,855 [WARN] ConditionMgr:1044 - genDependencies : Invalid condition id : UX DEVICE CLASS RTOS Condition cause : null
2025-08-27 17:46:46,855 [WARN] ConditionMgr:1044 - genDependencies : Invalid condition id : UX DEVICE CLASS RTOS Condition cause : null
2025-08-27 17:46:46,860 [WARN] PackLoader:240 - Cannot read IP mode file for STMicroelectronics.X-CUBE-GNSS1.7.0.1
2025-08-27 17:46:46,864 [WARN] PackLoader:240 - Cannot read IP mode file for STMicroelectronics.X-CUBE-TOUCHGFX.4.25.0
2025-08-27 17:46:46,867 [WARN] PackLoader:240 - Cannot read IP mode file for STMicroelectronics.FP-SNS-STBOX1.2.0.0
2025-08-27 17:46:46,874 [WARN] PackLoader:240 - Cannot read IP mode file for STMicroelectronics.X-CUBE-SUBG2.5.0.0
2025-08-27 17:46:46,887 [WARN] PackLoader:240 - Cannot read IP mode file for STMicroelectronics.X-CUBE-AZRTOS-H7RS.1.1.0
2025-08-27 17:46:46,892 [WARN] PackLoader:240 - Cannot read IP mode file for Cesanta.I-CUBE-Mongoose.7.13.0
2025-08-27 17:46:46,899 [WARN] PackLoader:240 - Cannot read IP mode file for STMicroelectronics.X-CUBE-AZRTOS-G4.2.0.0
2025-08-27 17:46:46,902 [WARN] PackLoader:240 - Cannot read IP mode file for wolfSSL.I-CUBE-wolfSSH.1.4.20
2025-08-27 17:46:46,905 [WARN] PackLoader:240 - Cannot read IP mode file for STMicroelectronics.X-CUBE-NFC7.2.0.0
2025-08-27 17:46:46,912 [WARN] PackLoader:240 - Cannot read IP mode file for STMicroelectronics.X-CUBE-IPS.3.1.0
2025-08-27 17:46:46,917 [WARN] PackLoader:240 - Cannot read IP mode file for STMicroelectronics.X-CUBE-ALS.1.0.2
2025-08-27 17:46:46,921 [WARN] PackLoader:240 - Cannot read IP mode file for portGmbH.I-Cube-SoM-uGOAL.1.1.0
2025-08-27 17:46:46,924 [INFO] UserAuth:487 - Internet connection configuration mode: 1
2025-08-27 17:46:46,927 [WARN] PackLoader:240 - Cannot read IP mode file for STMicroelectronics.X-CUBE-TOF1.3.4.3
2025-08-27 17:46:46,931 [INFO] ThirdParty:978 - Integrity check success = true
2025-08-27 17:46:46,931 [INFO] IntegrityCheckThread:100 - exiting critical section [integrity check]
2025-08-27 17:46:46,931 [INFO] IntegrityCheckThread:103 - End integrity checks thread
2025-08-27 17:46:47,036 [INFO] WebApp:191 - Connection restablished
2025-08-27 18:01:26,371 [INFO] McuFinderGlobals:63 - Set McuFinder mode to 2 (CubeIDE integrated)
2025-08-27 18:01:26,375 [INFO] MainUpdater:2872 - connection check result : 10
2025-08-27 18:01:26,376 [INFO] MainUpdater:2872 - connection check result : 10
2025-08-27 18:01:26,401 [INFO] MicroXplorer:468 - Change Database Path : 
2025-08-27 18:01:26,401 [INFO] MicroXplorer:498 - Change Database Version : DB.6.0.150
2025-08-27 18:01:26,405 [WARN] ThirdParty:871 - waiting for thirdparty lock release [close project]
2025-08-27 18:01:26,405 [INFO] ThirdParty:873 - entering critical section [close project]
2025-08-27 18:01:26,407 [INFO] ThirdParty:883 - exiting critical section [close project]
2025-08-27 18:01:26,409 [INFO] PinOutPanel:1589 - setPackage(No Configuration,No Configuration)
2025-08-27 18:01:26,410 [INFO] UtilMem:75 - Begin LoadConfig() Used Memory: 647126312 Bytes (1073741824)
2025-08-27 18:01:26,411 [INFO] MicroXplorer:468 - Change Database Path : 
2025-08-27 18:01:26,411 [INFO] MicroXplorer:498 - Change Database Version : DB.6.0.150
2025-08-27 18:01:26,411 [INFO] OpenFileManager:355 - Change cursor
2025-08-27 18:01:26,448 [INFO] Mcu:2029 - Initializing MCU STM32H755ZITx STM32H755ZITx STM32H755ZIT6
2025-08-27 18:01:28,655 [INFO] Context:786 - Trying to add GPIOservice into a context  which must be forbidden
2025-08-27 18:01:28,655 [INFO] Context:786 - Trying to add GPIOservice into a context  which must be forbidden
2025-08-27 18:01:29,721 [INFO] ApiDbMcu:532 - Load IP Config File for NUCLEO-H755ZI-Q
2025-08-27 18:01:29,839 [INFO] Context:786 - Trying to add GPIOservice into a context  which must be forbidden
2025-08-27 18:01:29,851 [INFO] Context:786 - Trying to add GPIOservice into a context  which must be forbidden
2025-08-27 18:01:29,858 [INFO] ImportTextPane:234 - (OptionalMessage_ERROR) Pin56 (VP_RIF_VS_RIF1) cannot be retrieved for this MCU
2025-08-27 18:01:29,868 [INFO] ImportTextPane:234 - (OptionalMessage_ERROR) Unable to find key (Mcu.IP16) in loaded IOC file
2025-08-27 18:01:29,869 [INFO] ImportTextPane:234 - (OptionalMessage_ERROR) Unknown IP (dummy)
2025-08-27 18:01:30,001 [INFO] RtosManager:558 - Registered RTOS mode: class=CMSIS, group=RTOS, mode=CMSIS_V1, owner=FREERTOS_M7
2025-08-27 18:01:30,002 [INFO] RtosManager:558 - Registered RTOS mode: class=CMSIS, group=RTOS2, mode=CMSIS_V2, owner=FREERTOS_M7
2025-08-27 18:01:30,002 [INFO] RtosManager:558 - Registered RTOS mode: class=RTOS, group=Core, mode=CMSIS_V1, owner=FREERTOS_M7
2025-08-27 18:01:30,002 [INFO] RtosManager:558 - Registered RTOS mode: class=RTOS, group=Core, mode=CMSIS_V2, owner=FREERTOS_M7
2025-08-27 18:01:30,002 [WARN] ModelIntegratedComponent:184 - Missing modes for component STMicroelectronics:FreeRTOS:0.0.1:STMicroelectronics:RTOS:FreeRTOS:Core:::10.2.0:
2025-08-27 18:01:30,021 [WARN] ModelIntegratedComponent:63 - No mode defined for component null
2025-08-27 18:01:30,021 [WARN] ModelIntegratedComponent:63 - No mode defined for component null
2025-08-27 18:01:30,021 [WARN] ModelIntegratedComponent:63 - No mode defined for component null
2025-08-27 18:01:30,021 [WARN] ModelIntegratedComponent:63 - No mode defined for component null
2025-08-27 18:01:30,021 [WARN] ModelIntegratedComponent:63 - No mode defined for component null
2025-08-27 18:01:30,021 [WARN] ModelIntegratedComponent:63 - No mode defined for component null
2025-08-27 18:01:30,022 [WARN] ModelIntegratedComponent:63 - No mode defined for component null
2025-08-27 18:01:30,022 [WARN] ModelIntegratedComponent:63 - No mode defined for component null
2025-08-27 18:01:30,022 [WARN] ModelIntegratedComponent:63 - No mode defined for component null
2025-08-27 18:01:30,022 [WARN] ModelIntegratedComponent:63 - No mode defined for component null
2025-08-27 18:01:30,022 [WARN] ModelIntegratedComponent:63 - No mode defined for component null
2025-08-27 18:01:30,022 [WARN] ModelIntegratedComponent:63 - No mode defined for component null
2025-08-27 18:01:30,022 [WARN] ModelIntegratedComponent:63 - No mode defined for component null
2025-08-27 18:01:30,022 [WARN] ModelIntegratedComponent:63 - No mode defined for component null
2025-08-27 18:01:30,022 [WARN] ModelIntegratedComponent:63 - No mode defined for component null
2025-08-27 18:01:30,022 [WARN] ModelIntegratedComponent:63 - No mode defined for component null
2025-08-27 18:01:30,022 [WARN] ModelIntegratedComponent:63 - No mode defined for component null
2025-08-27 18:01:30,022 [WARN] ModelIntegratedComponent:63 - No mode defined for component null
2025-08-27 18:01:30,022 [WARN] ModelIntegratedComponent:63 - No mode defined for component null
2025-08-27 18:01:30,022 [WARN] ModelIntegratedComponent:63 - No mode defined for component null
2025-08-27 18:01:30,022 [WARN] ModelIntegratedComponent:63 - No mode defined for component null
2025-08-27 18:01:30,022 [WARN] ModelIntegratedComponent:63 - No mode defined for component null
2025-08-27 18:01:30,022 [WARN] ModelIntegratedComponent:63 - No mode defined for component null
2025-08-27 18:01:30,022 [WARN] ModelIntegratedComponent:63 - No mode defined for component null
2025-08-27 18:01:30,022 [WARN] ModelIntegratedComponent:63 - No mode defined for component null
2025-08-27 18:01:30,022 [WARN] ModelIntegratedComponent:63 - No mode defined for component null
2025-08-27 18:01:30,022 [WARN] ModelIntegratedComponent:63 - No mode defined for component null
2025-08-27 18:01:30,022 [WARN] ModelIntegratedComponent:63 - No mode defined for component null
2025-08-27 18:01:30,023 [WARN] ModelIntegratedComponent:63 - No mode defined for component null
2025-08-27 18:01:30,023 [WARN] ModelIntegratedComponent:63 - No mode defined for component null
2025-08-27 18:01:30,023 [WARN] ModelIntegratedComponent:63 - No mode defined for component null
2025-08-27 18:01:30,023 [WARN] ModelIntegratedComponent:63 - No mode defined for component null
2025-08-27 18:01:30,023 [WARN] ModelIntegratedComponent:63 - No mode defined for component null
2025-08-27 18:01:30,023 [WARN] ModelIntegratedComponent:63 - No mode defined for component null
2025-08-27 18:01:30,023 [WARN] ModelIntegratedComponent:63 - No mode defined for component null
2025-08-27 18:01:30,023 [WARN] ModelPack:524 - Component already loaded: STMicroelectronics:HAL Drivers:0.0.0:STMicroelectronics:Device:STMicro_Driver:XSPI:HAL::0.0.1:HAL_XSPI
2025-08-27 18:01:30,119 [INFO] RtosManager:558 - Registered RTOS mode: class=CMSIS, group=RTOS, mode=CMSIS_V1, owner=FREERTOS_M4
2025-08-27 18:01:30,119 [INFO] RtosManager:558 - Registered RTOS mode: class=CMSIS, group=RTOS2, mode=CMSIS_V2, owner=FREERTOS_M4
2025-08-27 18:01:30,119 [INFO] RtosManager:558 - Registered RTOS mode: class=RTOS, group=Core, mode=CMSIS_V1, owner=FREERTOS_M4
2025-08-27 18:01:30,119 [INFO] RtosManager:558 - Registered RTOS mode: class=RTOS, group=Core, mode=CMSIS_V2, owner=FREERTOS_M4
2025-08-27 18:01:30,120 [WARN] ModelIntegratedComponent:184 - Missing modes for component STMicroelectronics:FreeRTOS:0.0.1:STMicroelectronics:RTOS:FreeRTOS:Core:::10.2.0:
2025-08-27 18:01:30,126 [WARN] ModelIntegratedComponent:63 - No mode defined for component null
2025-08-27 18:01:30,127 [WARN] ModelIntegratedComponent:63 - No mode defined for component null
2025-08-27 18:01:30,127 [WARN] ModelIntegratedComponent:63 - No mode defined for component null
2025-08-27 18:01:30,127 [WARN] ModelIntegratedComponent:63 - No mode defined for component null
2025-08-27 18:01:30,127 [WARN] ModelIntegratedComponent:63 - No mode defined for component null
2025-08-27 18:01:30,127 [WARN] ModelIntegratedComponent:63 - No mode defined for component null
2025-08-27 18:01:30,127 [WARN] ModelIntegratedComponent:63 - No mode defined for component null
2025-08-27 18:01:30,127 [WARN] ModelIntegratedComponent:63 - No mode defined for component null
2025-08-27 18:01:30,127 [WARN] ModelIntegratedComponent:63 - No mode defined for component null
2025-08-27 18:01:30,127 [WARN] ModelIntegratedComponent:63 - No mode defined for component null
2025-08-27 18:01:30,127 [WARN] ModelIntegratedComponent:63 - No mode defined for component null
2025-08-27 18:01:30,127 [WARN] ModelIntegratedComponent:63 - No mode defined for component null
2025-08-27 18:01:30,127 [WARN] ModelIntegratedComponent:63 - No mode defined for component null
2025-08-27 18:01:30,127 [WARN] ModelIntegratedComponent:63 - No mode defined for component null
2025-08-27 18:01:30,127 [WARN] ModelIntegratedComponent:63 - No mode defined for component null
2025-08-27 18:01:30,127 [WARN] ModelIntegratedComponent:63 - No mode defined for component null
2025-08-27 18:01:30,127 [WARN] ModelIntegratedComponent:63 - No mode defined for component null
2025-08-27 18:01:30,127 [WARN] ModelIntegratedComponent:63 - No mode defined for component null
2025-08-27 18:01:30,127 [WARN] ModelIntegratedComponent:63 - No mode defined for component null
2025-08-27 18:01:30,127 [WARN] ModelIntegratedComponent:63 - No mode defined for component null
2025-08-27 18:01:30,127 [WARN] ModelIntegratedComponent:63 - No mode defined for component null
2025-08-27 18:01:30,128 [WARN] ModelIntegratedComponent:63 - No mode defined for component null
2025-08-27 18:01:30,128 [WARN] ModelIntegratedComponent:63 - No mode defined for component null
2025-08-27 18:01:30,128 [WARN] ModelIntegratedComponent:63 - No mode defined for component null
2025-08-27 18:01:30,128 [WARN] ModelIntegratedComponent:63 - No mode defined for component null
2025-08-27 18:01:30,128 [WARN] ModelIntegratedComponent:63 - No mode defined for component null
2025-08-27 18:01:30,128 [WARN] ModelIntegratedComponent:63 - No mode defined for component null
2025-08-27 18:01:30,128 [WARN] ModelIntegratedComponent:63 - No mode defined for component null
2025-08-27 18:01:30,128 [WARN] ModelIntegratedComponent:63 - No mode defined for component null
2025-08-27 18:01:30,128 [WARN] ModelIntegratedComponent:63 - No mode defined for component null
2025-08-27 18:01:30,128 [WARN] ModelIntegratedComponent:63 - No mode defined for component null
2025-08-27 18:01:30,128 [WARN] ModelIntegratedComponent:63 - No mode defined for component null
2025-08-27 18:01:30,128 [WARN] ModelIntegratedComponent:63 - No mode defined for component null
2025-08-27 18:01:30,128 [WARN] ModelIntegratedComponent:63 - No mode defined for component null
2025-08-27 18:01:30,128 [WARN] ModelIntegratedComponent:63 - No mode defined for component null
2025-08-27 18:01:30,128 [WARN] ModelPack:524 - Component already loaded: STMicroelectronics:HAL Drivers:0.0.0:STMicroelectronics:Device:STMicro_Driver:XSPI:HAL::0.0.1:HAL_XSPI
2025-08-27 18:01:30,202 [INFO] ThirdPartyModel:298 - Start build external matchings
2025-08-27 18:01:30,704 [INFO] ThirdPartyModel:316 - End build external matchings
2025-08-27 18:01:30,719 [INFO] ThirdPartyModel:298 - Start build external matchings
2025-08-27 18:01:31,199 [INFO] ThirdPartyModel:316 - End build external matchings
2025-08-27 18:01:31,207 [INFO] RtosManager:1018 - Current active RTOS is FREERTOS_M7 [CortexM7]
2025-08-27 18:01:31,395 [INFO] ApiDb:581 - Connected to CubeFinder SQLite database (C:\Users\nicks\.stmcufinder\plugins\mcufinder\mcu\cube-finder-db.db)
2025-08-27 18:01:31,486 [INFO] ApiDb:668 - CubeFinder database Data Model version=2.1
2025-08-27 18:01:31,486 [INFO] ApiDb:669 - CubeFinder database Configuration version=3.0.39
2025-08-27 18:01:31,487 [INFO] ApiDb:670 - CubeFinder database generation date=2025-07-22 (1753107327)
2025-08-27 18:01:31,487 [INFO] ApiDb:671 - CubeFinder database FW Pack versions=[FP-ATR-ASTRA1_V2.0.0, FP-SNS-FLIGHT1_V5.1.0, FP-SNS-MOTENV1_V5.0.0, FP-SNS-MOTENVWB1_V1.4.0, FP-SNS-SMARTAG2_V1.2.0, FP-SNS-STBOX1_V2.0.0, STM32Cube_FW_C0_V1.4.0, STM32Cube_FW_F4_V1.28.2, STM32Cube_FW_F7_V1.17.3, STM32Cube_FW_G0_V1.6.2, STM32Cube_FW_G4_V1.6.1, STM32Cube_FW_H5_V1.5.0, STM32Cube_FW_H7RS_V1.2.0, STM32Cube_FW_H7_V1.12.1, STM32Cube_FW_L0_V1.12.2, STM32Cube_FW_L4_V1.18.1, STM32Cube_FW_L5_V1.5.1, STM32Cube_FW_N6_V1.2.0, STM32Cube_FW_U0_V1.3.0, STM32Cube_FW_U3_V1.2.0, STM32Cube_FW_U5_V1.8.0, STM32Cube_FW_WB0_V1.3.0, STM32Cube_FW_WBA_V1.7.0, STM32Cube_FW_WB_V1.23.0, STM32Cube_FW_WL3_V1.2.0, STM32Cube_FW_WL_V1.3.1, X-CUBE-ALGOBUILD_V1.4.0, X-CUBE-ALS_V1.0.2, X-CUBE-AZRTOS-F4_V1.1.0, X-CUBE-AZRTOS-F7_V1.1.0, X-CUBE-AZRTOS-G0_V1.1.0, X-CUBE-AZRTOS-G4_V2.0.0, X-CUBE-AZRTOS-H7RS_V1.1.0, X-CUBE-AZRTOS-H7_V3.3.0, X-CUBE-AZRTOS-L4_V2.0.0, X-CUBE-AZRTOS-L5_V2.0.0, X-CUBE-AZRTOS-WB_V2.0.0, X-CUBE-AZRTOS-WL_V2.0.0, X-CUBE-BLE1_V7.1.0, X-CUBE-BLE2_V3.3.0, X-CUBE-BLEMGR_V4.0.0, X-CUBE-EEPRMA1_V5.1.0, X-CUBE-FREERTOS_V1.3.1, X-CUBE-GNSS1_V6.0.0, X-CUBE-MEMS1_V11.3.0, X-CUBE-NFC4_V3.0.0, X-CUBE-NFC7_V2.0.0, X-CUBE-SFXS2LP1_V4.0.0, X-CUBE-SUBG2_V5.0.0, X-CUBE-TOF1_V3.4.3]
2025-08-27 18:01:31,576 [INFO] DbBoardsSqlite:226 - include board P-NUCLEO-WB55-NUCLEO as a kit item of type 'Nucleo-64'
2025-08-27 18:01:31,577 [INFO] DbBoardsSqlite:226 - include board P-NUCLEO-WB55-USBDONGLE as a kit item of type 'Nucleo USB Dongle'
2025-08-27 18:01:31,578 [INFO] DbBoardsSqlite:226 - include board STEVAL-IDP005V1 as a kit item of type 'Evaluation Board'
2025-08-27 18:01:31,578 [INFO] DbBoardsSqlite:226 - include board STEVAL-IDP005V2 as a kit item of type 'Evaluation Board'
2025-08-27 18:01:31,997 [INFO] ApiDb:240 - Found 880 in-development CPN: [B-G473E-ZEST1S, B-WB1M-WPAN1, B-WBA5M-WPAN, B-WL5M-SUBG1, NUCLEO-C031C6, NUCLEO-C051C8, NUCLEO-C071RB, NUCLEO-C092RC, NUCLEO-H503RB, NUCLEO-H533RE, NUCLEO-H563ZI, NUCLEO-H7S3L8, NUCLEO-N657X0-Q, NUCLEO-U031R8, NUCLEO-U083RC, NUCLEO-U385RG-Q, NUCLEO-U545RE-Q, NUCLEO-U5A5ZJ-Q, NUCLEO-WB05KZ, NUCLEO-WB07CC, NUCLEO-WB09KE, NUCLEO-WBA52CG, NUCLEO-WBA55CG, NUCLEO-WL33CC1, NUCLEO-WL33CC2, STEVAL-PROTEUS1, STEVAL-SMARTAG2, STEVAL-STWINBX1, STM320518-EVAL, STM32C0116-DK, STM32C011D6Y3TR, STM32C011D6Y6TR, STM32C011F4P3, STM32C011F4P6, STM32C011F4U3, STM32C011F4U6TR, STM32C011F6P3, STM32C011F6P6, STM32C011F6U3, STM32C011F6U6TR, STM32C011J4M3, STM32C011J4M6, STM32C011J6M3, STM32C011J6M6, STM32C0316-DK, STM32C031C4T3, STM32C031C4T6, STM32C031C4U3, STM32C031C4U6, STM32C031C6T3, STM32C031C6T6, STM32C031C6U3, STM32C031C6U6, STM32C031F4P3, STM32C031F4P6, STM32C031F6P3, STM32C031F6P6, STM32C031G4U3, STM32C031G4U6, STM32C031G6U3, STM32C031G6U6, STM32C031K4T3, STM32C031K4T6, STM32C031K4U3, STM32C031K4U6, STM32C031K6T3, STM32C031K6T6, STM32C031K6U3, STM32C031K6U6, STM32C051C6T6, STM32C051C6U6, STM32C051C8T6, STM32C051C8U6, STM32C051D8Y6TR, STM32C051F6P6, STM32C051F8P6, STM32C051G6U6, STM32C051G8U6, STM32C051K6T6, STM32C051K6U6, STM32C051K8T6, STM32C071C8T6, STM32C071C8T6N, STM32C071C8U6, STM32C071C8U6N, STM32C071CBT6, STM32C071CBT6N, STM32C071CBU6, STM32C071CBU6N, STM32C071F8P6, STM32C071F8P6N, STM32C071FBP6, STM32C071FBP6N, STM32C071FBY6TR, STM32C071G8U6, STM32C071G8U6N, STM32C071GBU6, STM32C071GBU6N, STM32C071K8T6, STM32C071K8T6N, STM32C071K8U6, STM32C071K8U6N, STM32C071KBT6, STM32C071KBT6N, STM32C071KBU6, STM32C071KBU6N, STM32C071R8T6, STM32C071R8T6N, STM32C071RBI6N, STM32C071RBT6, STM32C071RBT6N, STM32C091CBT6, STM32C091CBU6, STM32C091CCT6, STM32C091CCU6, STM32C091ECY6TR, STM32C091FBP6, STM32C091FCP6, STM32C091GBU6, STM32C091GCU6, STM32C091KBT6, STM32C091KBU6, STM32C091KCT6, STM32C091KCU6, STM32C091RBT6, STM32C091RCI6, STM32C091RCT6, STM32C092CBT6, STM32C092CBU6, STM32C092CCT6, STM32C092CCU6, STM32C092ECY6TR, STM32C092FBP6, STM32C092FCP6, STM32C092GBU6, STM32C092GCU6, STM32C092KBT6, STM32C092KBU6, STM32C092KCT6, STM32C092KCU6, STM32C092RBT6, STM32C092RCI6, STM32C092RCT6, STM32G071K8TXN, STM32G071K8UXN, STM32G081GBU6N, STM32G081KBT6N, STM32G081KBUXN, STM32G0B1CCT6N, STM32G0B1KCT6, STM32G0B1NEY6TR, STM32G0B1RCT6N, STM32G0C1CCT6, STM32G0C1CCT6N, STM32G0C1CCU6N, STM32G0C1CET6N, STM32G0C1CEU6N, STM32G0C1KCT6, STM32G0C1NEY6TR, STM32G0C1RCI6N, STM32G0C1RCT6N, STM32G0C1REI6N, STM32G0C1RET6N, STM32G0C1VCI6, STM32G0C1VEI6, STM32G411C6T3, STM32G411C6T6, STM32G411C6U3, STM32G411C6U6, STM32G411C8T3, STM32G411C8T6, STM32G411C8U3, STM32G411C8U6, STM32G411CBT3, STM32G411CBT6, STM32G411CBU3, STM32G411CBU6, STM32G411K6T3, STM32G411K6T6, STM32G411K6U3, STM32G411K6U6, STM32G411K8T3, STM32G411K8T6, STM32G411K8U3, STM32G411K8U6, STM32G411KBT3, STM32G411KBT6, STM32G411KBU3, STM32G411KBU6, STM32G411M6T3, STM32G411M6T6, STM32G411M8T3, STM32G411M8T6, STM32G411MBT3, STM32G411MBT6, STM32G411R6T3, STM32G411R6T6, STM32G411R8T3, STM32G411R8T6, STM32G411RBT3, STM32G411RBT6, STM32G414CBT3, STM32G414CBT6, STM32G414CBU3, STM32G414CBU6, STM32G414CCT3, STM32G414CCT6, STM32G414CCU3, STM32G414CCU6, STM32G414MBT3, STM32G414MBT6, STM32G414MCT3, STM32G414MCT6, STM32G414RBT3, STM32G414RBT6, STM32G414RCT3, STM32G414RCT6, STM32G414VBT3, STM32G414VBT6, STM32G414VCT3, STM32G414VCT6, STM32G431CBT3Z, STM32G431RBT3Z, STM32G471CCT6, STM32G471CCU6, STM32G471CET3, STM32G471CET6, STM32G471CEU3, STM32G471CEU6, STM32G471MCT6, STM32G471MET3, STM32G471MET6, STM32G471MEY6TR, STM32G471QCT6, STM32G471QET3, STM32G471RCT6, STM32G471RET3, STM32G471RET6, STM32G471VCH6, STM32G471VCI6, STM32G471VCT6, STM32G471VEH3, STM32G471VEH6, STM32G471VEI3, STM32G471VEI6, STM32G471VET3, STM32G471VET6, STM32G473QET3Z, STM32G473RET3Z, STM32G474CCT6, STM32G491RET3Z, STM32H503CBT6, STM32H503CBU6, STM32H503EBY6TR, STM32H503KBU6, STM32H503RBT6, STM32H523CCT6, STM32H523CCU6, STM32H523CET6, STM32H523CEU6, STM32H523HEY6TR, STM32H523RCT6, STM32H523RET6, STM32H523VCI6, STM32H523VCT6, STM32H523VEI6, STM32H523VET6, STM32H523ZCJ6, STM32H523ZCT6, STM32H523ZEJ6, STM32H523ZET6, STM32H533CET6, STM32H533CEU6, STM32H533HEY6TR, STM32H533RET6, STM32H533VEI6, STM32H533VET6, STM32H533ZEJ6, STM32H533ZET6, STM32H562AGI6, STM32H562AII6, STM32H562IGK6, STM32H562IGT6, STM32H562IIK6, STM32H562IIT6, STM32H562RGT6, STM32H562RGV6, STM32H562RIT6, STM32H562RIV6, STM32H562VGT6, STM32H562VIT6, STM32H562ZGT6, STM32H562ZIT6, STM32H563AGI6, STM32H563AII3Q, STM32H563AII6, STM32H563IGK6, STM32H563IGT6, STM32H563IIK3Q, STM32H563IIK6, STM32H563IIT3Q, STM32H563IIT6, STM32H563MIY3QTR, STM32H563RGT6, STM32H563RGV6, STM32H563RIT6, STM32H563RIV6, STM32H563VGT6, STM32H563VIT3Q, STM32H563VIT6, STM32H563ZGT6, STM32H563ZIT3Q, STM32H563ZIT6, STM32H573AII3Q, STM32H573AII6, STM32H573I-DK, STM32H573IIK3Q, STM32H573IIK6, STM32H573IIT3Q, STM32H573IIT6, STM32H573MIY3QTR, STM32H573RIT6, STM32H573RIV6, STM32H573VIT3Q, STM32H573VIT6, STM32H573ZIT3Q, STM32H573ZIT6, STM32H7R3A8I6, STM32H7R3I8K6, STM32H7R3I8T6, STM32H7R3L8H6, STM32H7R3L8H6H, STM32H7R3R8V6, STM32H7R3V8H6, STM32H7R3V8T6, STM32H7R3V8Y6TR, STM32H7R3Z8J6, STM32H7R3Z8T6, STM32H7R7A8I6, STM32H7R7I8K6, STM32H7R7I8T6, STM32H7R7L8H6, STM32H7R7L8H6H, STM32H7R7Z8J6, STM32H7S3A8I6, STM32H7S3I8K6, STM32H7S3I8T6, STM32H7S3L8H6, STM32H7S3L8H6H, STM32H7S3R8V6, STM32H7S3V8H6, STM32H7S3V8T6, STM32H7S3V8Y6TR, STM32H7S3Z8J6, STM32H7S3Z8T6, STM32H7S78-DK, STM32H7S7A8I6, STM32H7S7I8K6, STM32H7S7I8T6, STM32H7S7L8H6, STM32H7S7L8H6H, STM32H7S7Z8J6, STM32L4R5QGI6STR, STM32MP131AAE3, STM32MP131AAF3, STM32MP131AAG3, STM32MP131CAE3, STM32MP131CAF3, STM32MP131CAG3, STM32MP131DAE7, STM32MP131DAF7, STM32MP131DAG7, STM32MP131FAE7, STM32MP131FAF7, STM32MP131FAG7, STM32MP133AAE3, STM32MP133AAF3, STM32MP133AAG3, STM32MP133CAE3, STM32MP133CAF3, STM32MP133CAG3, STM32MP133DAE7, STM32MP133DAF7, STM32MP133DAG7, STM32MP133FAE7, STM32MP133FAF7, STM32MP133FAG7, STM32MP135AAE3, STM32MP135AAF3, STM32MP135AAG3, STM32MP135CAE3, STM32MP135CAF3, STM32MP135CAG3, STM32MP135DAE7, STM32MP135DAF7, STM32MP135DAG7, STM32MP135F-DK, STM32MP135FAE7, STM32MP135FAF7, STM32MP135FAF7T, STM32MP135FAF7U, STM32MP135FAG7, STM32MP211AAL3, STM32MP211AAM3, STM32MP211AAN3, STM32MP211AAO3, STM32MP211CAL3, STM32MP211CAM3, STM32MP211CAN3, STM32MP211CAO3, STM32MP211DAL3, STM32MP211DAM3, STM32MP211DAN3, STM32MP211DAO3, STM32MP211FAL3, STM32MP211FAM3, STM32MP211FAN3, STM32MP211FAO3, STM32MP213AAL3, STM32MP213AAM3, STM32MP213AAN3, STM32MP213AAO3, STM32MP213CAL3, STM32MP213CAM3, STM32MP213CAN3, STM32MP213CAO3, STM32MP213DAL3, STM32MP213DAM3, STM32MP213DAN3, STM32MP213DAO3, STM32MP213FAL3, STM32MP213FAM3, STM32MP213FAN3, STM32MP213FAO3, STM32MP215AAL3, STM32MP215AAM3, STM32MP215AAN3, STM32MP215AAO3, STM32MP215CAL3, STM32MP215CAM3, STM32MP215CAN3, STM32MP215CAO3, STM32MP215DAL3, STM32MP215DAM3, STM32MP215DAN3, STM32MP215DAO3, STM32MP215F-DK, STM32MP215FAL3, STM32MP215FAM3, STM32MP215FAN3, STM32MP215FAO3, STM32MP231AAJ3, STM32MP231AAK3, STM32MP231AAL3, STM32MP231CAJ3, STM32MP231CAK3, STM32MP231CAL3, STM32MP231DAJ3, STM32MP231DAK3, STM32MP231DAL3, STM32MP231FAJ3, STM32MP231FAK3, STM32MP231FAL3, STM32MP233AAJ3, STM32MP233AAK3, STM32MP233AAL3, STM32MP233CAJ3, STM32MP233CAK3, STM32MP233CAL3, STM32MP233DAJ3, STM32MP233DAK3, STM32MP233DAL3, STM32MP233FAJ3, STM32MP233FAK3, STM32MP233FAL3, STM32MP235AAJ3, STM32MP235AAK3, STM32MP235AAL3, STM32MP235CAJ3, STM32MP235CAK3, STM32MP235CAL3, STM32MP235DAJ3, STM32MP235DAK3, STM32MP235DAL3, STM32MP235FAJ3, STM32MP235FAK3, STM32MP235FAL3, STM32MP251AAI3, STM32MP251AAK3, STM32MP251AAL3, STM32MP251CAI3, STM32MP251CAK3, STM32MP251CAL3, STM32MP251DAI3, STM32MP251DAK3, STM32MP251DAL3, STM32MP251FAI3, STM32MP251FAK3, STM32MP251FAL3, STM32MP253AAI3, STM32MP253AAK3, STM32MP253AAL3, STM32MP253CAI3, STM32MP253CAK3, STM32MP253CAL3, STM32MP253DAI3, STM32MP253DAK3, STM32MP253DAL3, STM32MP253FAI3, STM32MP253FAK3, STM32MP253FAL3, STM32MP255AAI3, STM32MP255AAK3, STM32MP255AAL3, STM32MP255CAI3, STM32MP255CAK3, STM32MP255CAL3, STM32MP255DAI3, STM32MP255DAK3, STM32MP255DAL3, STM32MP255FAI3, STM32MP255FAK3, STM32MP255FAL3, STM32MP257AAI3, STM32MP257AAK3, STM32MP257AAL3, STM32MP257CAI3, STM32MP257CAK3, STM32MP257CAL3, STM32MP257DAI3, STM32MP257DAK3, STM32MP257DAL3, STM32MP257F-DK, STM32MP257F-EV1, STM32MP257FAI3, STM32MP257FAK3, STM32MP257FAL3, STM32N645A0H3Q, STM32N645B0H3Q, STM32N645I0H3Q, STM32N645L0H3Q, STM32N645X0H3Q, STM32N645Z0H3Q, STM32N647A0H3Q, STM32N647B0H3Q, STM32N647I0H3Q, STM32N647L0H3Q, STM32N647X0H3Q, STM32N647Z0H3Q, STM32N655A0H3Q, STM32N655B0H3Q, STM32N655I0H3Q, STM32N655L0H3Q, STM32N655X0H3Q, STM32N655Z0H3Q, STM32N6570-DK, STM32N657A0H3Q, STM32N657B0H3Q, STM32N657I0H3Q, STM32N657L0H3Q, STM32N657X0H3Q, STM32N657Z0H3Q, STM32U031C6T6, STM32U031C6U6, STM32U031C8T6, STM32U031C8U6, STM32U031F4P6, STM32U031F6P6, STM32U031F8P6, STM32U031G6Y6TR, STM32U031G8Y6TR, STM32U031K4U6, STM32U031K6U6, STM32U031K8U6, STM32U031R6I6, STM32U031R6T6, STM32U031R8I6, STM32U031R8T6, STM32U073C8T6, STM32U073C8U6, STM32U073CBT6, STM32U073CBU6, STM32U073CCT6, STM32U073CCU6, STM32U073H8Y6TR, STM32U073HBY6TR, STM32U073HCY6TR, STM32U073K8U6, STM32U073KBU6, STM32U073KCU6, STM32U073M8I6, STM32U073M8T6, STM32U073MBI6, STM32U073MBT6, STM32U073MCI6, STM32U073MCT6, STM32U073R8I6, STM32U073R8T6, STM32U073RBI6, STM32U073RBT6, STM32U073RCI6, STM32U073RCT6, STM32U083C-DK, STM32U083CCT6, STM32U083CCU6, STM32U083HCY6TR, STM32U083KCU6, STM32U083MCI6, STM32U083MCT6, STM32U083RCI6, STM32U083RCT6, STM32U375CET6, STM32U375CET6Q, STM32U375CEU6, STM32U375CEU6Q, STM32U375CEY6QTR, STM32U375CGT6, STM32U375CGT6Q, STM32U375CGU6, STM32U375CGU6Q, STM32U375CGY6QTR, STM32U375KEU6, STM32U375KGU6, STM32U375REI6, STM32U375REI6Q, STM32U375RET6, STM32U375RET6Q, STM32U375REY6GTR, STM32U375REY6QTR, STM32U375RGI6, STM32U375RGI6Q, STM32U375RGT6, STM32U375RGT6Q, STM32U375RGY6GTR, STM32U375RGY6QTR, STM32U375VEI6, STM32U375VEI6Q, STM32U375VET6, STM32U375VET6Q, STM32U375VGI6, STM32U375VGI6Q, STM32U375VGT6, STM32U375VGT6Q, STM32U385CGT6, STM32U385CGT6Q, STM32U385CGU6, STM32U385CGU6Q, STM32U385CGY6QTR, STM32U385KGU6, STM32U385RGI6, STM32U385RGI6Q, STM32U385RGT6, STM32U385RGT6Q, STM32U385RGY6GTR, STM32U385RGY6QTR, STM32U385VGI6, STM32U385VGI6Q, STM32U385VGT6, STM32U385VGT6Q, STM32U535CBT6, STM32U535CBT6Q, STM32U535CBU6, STM32U535CBU6Q, STM32U535CCT6, STM32U535CCT6Q, STM32U535CCU6, STM32U535CCU6Q, STM32U535CET6, STM32U535CET6Q, STM32U535CEU6, STM32U535CEU6Q, STM32U535JEY6QTR, STM32U535NCY6QTR, STM32U535NEY6QTR, STM32U535RBI6, STM32U535RBI6Q, STM32U535RBT6, STM32U535RBT6Q, STM32U535RCI6, STM32U535RCI6Q, STM32U535RCT6, STM32U535RCT6Q, STM32U535REI6, STM32U535REI6Q, STM32U535RET6, STM32U535RET6Q, STM32U535VCI6, STM32U535VCI6Q, STM32U535VCT6, STM32U535VCT6Q, STM32U535VEI6, STM32U535VEI6Q, STM32U535VET6, STM32U535VET6Q, STM32U545CET6, STM32U545CET6Q, STM32U545CEU6, STM32U545CEU6Q, STM32U545JEY6QTR, STM32U545NEY6QTR, STM32U545REI6, STM32U545REI6Q, STM32U545RET6, STM32U545RET6Q, STM32U545VEI6, STM32U545VEI6Q, STM32U545VET6, STM32U545VET6Q, STM32U595AIH6, STM32U595AIH6Q, STM32U595AJH6, STM32U595AJH6Q, STM32U595QII6, STM32U595QII6Q, STM32U595QJI6, STM32U595QJI6Q, STM32U595RIT6, STM32U595RIT6Q, STM32U595RJT6, STM32U595RJT6Q, STM32U595VIT6, STM32U595VIT6Q, STM32U595VJT6, STM32U595VJT6Q, STM32U595ZIT6, STM32U595ZIT6Q, STM32U595ZIY6QTR, STM32U595ZJT6, STM32U595ZJT6Q, STM32U595ZJY6QTR, STM32U599BJY6QTR, STM32U599NIH6Q, STM32U599NJH6Q, STM32U599VIT6Q, STM32U599VJT6, STM32U599VJT6Q, STM32U599ZIT6Q, STM32U599ZIY6QTR, STM32U599ZJT6Q, STM32U599ZJY6QTR, STM32U5A5AJH6, STM32U5A5AJH6Q, STM32U5A5QII3Q , STM32U5A5QJI6, STM32U5A5QJI6Q, STM32U5A5RJT6, STM32U5A5RJT6Q, STM32U5A5VJT6, STM32U5A5VJT6Q, STM32U5A5ZJT6, STM32U5A5ZJT6Q, STM32U5A5ZJY6QTR, STM32U5A9BJY6QTR, STM32U5A9J-DK, STM32U5A9NJH6Q, STM32U5A9VJT6Q, STM32U5A9ZJT6Q, STM32U5A9ZJY6QTR, STM32U5F7VIT6, STM32U5F7VIT6Q, STM32U5F7VJT6, STM32U5F7VJT6Q, STM32U5F9BJY6QTR, STM32U5F9NJH6Q, STM32U5F9VIT6Q, STM32U5F9VJT6Q, STM32U5F9ZIJ6QTR, STM32U5F9ZIT6Q, STM32U5F9ZJJ6QTR, STM32U5F9ZJT6Q, STM32U5G7VJT6, STM32U5G7VJT6Q, STM32U5G9BJY6QTR, STM32U5G9J-DK1, STM32U5G9J-DK2, STM32U5G9NJH6Q, STM32U5G9VJT6Q, STM32U5G9ZJJ6QTR, STM32U5G9ZJT6Q, STM32WB05KZV6TR, STM32WB05KZV7TR, STM32WB05TZF6TR, STM32WB05TZF7TR, STM32WB06CCF6TR, STM32WB06CCF7TR, STM32WB06CCV6TR, STM32WB06CCV7TR, STM32WB06KCV6TR, STM32WB06KCV7TR, STM32WB07CCF6TR, STM32WB07CCF7TR, STM32WB07CCV6TR, STM32WB07CCV7TR, STM32WB07KCV6TR, STM32WB07KCV7TR, STM32WB09KEV6TR, STM32WB09KEV7TR, STM32WB09TEF6TR, STM32WB09TEF7TR, STM32WB1MMCH6, STM32WBA50KGU6, STM32WBA50KGU6TR, STM32WBA52CEU6, STM32WBA52CEU6TR, STM32WBA52CEU7, STM32WBA52CEU7TR, STM32WBA52CGU6, STM32WBA52CGU6TR, STM32WBA52CGU6U, STM32WBA52CGU7, STM32WBA52CGU7TR, STM32WBA52KEU6, STM32WBA52KEU6TR, STM32WBA52KGU6, STM32WBA52KGU6TR, STM32WBA54CEU6, STM32WBA54CEU6TR, STM32WBA54CEU7, STM32WBA54CEU7TR, STM32WBA54CGU6, STM32WBA54CGU6TR, STM32WBA54CGU7, STM32WBA54CGU7TR, STM32WBA54KEU6, STM32WBA54KEU6TR, STM32WBA54KEU7, STM32WBA54KEU7TR, STM32WBA54KGU6, STM32WBA54KGU6TR, STM32WBA54KGU7, STM32WBA54KGU7TR, STM32WBA55CEU6, STM32WBA55CEU6TR, STM32WBA55CEU7, STM32WBA55CEU7TR, STM32WBA55CGU6, STM32WBA55CGU6TR, STM32WBA55CGU6U, STM32WBA55CGU7, STM32WBA55CGU7TR, STM32WBA55G-DK1, STM32WBA55HEF6, STM32WBA55HEF7, STM32WBA55HGF6, STM32WBA55HGF7, STM32WBA55UEI6, STM32WBA55UEI6TR, STM32WBA55UEI7, STM32WBA55UEI7TR, STM32WBA55UGI6, STM32WBA55UGI6TR, STM32WBA55UGI7, STM32WBA55UGI7TR, STM32WBA5MMGH6TR, STM32WBA62MGF6, STM32WBA62MIF6, STM32WBA65MGF7, STM32WBA65MIF6, STM32WBA65MIF7, STM32WL30K8V6, STM32WL30KBV6, STM32WL31C8V6, STM32WL31CBV6, STM32WL31K8V6, STM32WL31KBV6, STM32WL33C8V6, STM32WL33C8V6X, STM32WL33CBV6, STM32WL33CBV6X, STM32WL33CCV6, STM32WL33CCV6A, STM32WL33CCV6X, STM32WL33K8V7, STM32WL33K8V7X, STM32WL33KBV7 , STM32WL33KBV7X, STM32WL33KCV7, STM32WL33KCV7X, STM32WL5MOCH6, STM32WL5MOCH6TR]
2025-08-27 18:01:32,165 [INFO] BoardInfo:889 - No configuration file found for board P-NUCLEO-WB55
2025-08-27 18:01:32,166 [INFO] DbBoards:161 - Kit is not supported: P-NUCLEO-WB55
2025-08-27 18:01:32,172 [INFO] BoardInfo:889 - No configuration file found for board STEVAL-BFA001V1B
2025-08-27 18:01:32,173 [INFO] DbBoards:161 - Kit is not supported: STEVAL-BFA001V1B
2025-08-27 18:01:32,174 [INFO] BoardInfo:889 - No configuration file found for board STEVAL-BFA001V2B
2025-08-27 18:01:32,175 [INFO] DbBoards:161 - Kit is not supported: STEVAL-BFA001V2B
2025-08-27 18:01:32,344 [INFO] DbBoards:168 - Found 212 boards, 209 are supported
2025-08-27 18:01:32,344 [INFO] DbBoards:169 - Found 212 boards, 43 of them is supported for  Bsp
2025-08-27 18:01:32,347 [INFO] ApiDb:668 - CubeFinder database Data Model version=2.1
2025-08-27 18:01:32,347 [INFO] ApiDb:669 - CubeFinder database Configuration version=3.0.39
2025-08-27 18:01:32,347 [INFO] ApiDb:670 - CubeFinder database generation date=2025-07-22 (1753107327)
2025-08-27 18:01:32,347 [INFO] ApiDb:671 - CubeFinder database FW Pack versions=[FP-ATR-ASTRA1_V2.0.0, FP-SNS-FLIGHT1_V5.1.0, FP-SNS-MOTENV1_V5.0.0, FP-SNS-MOTENVWB1_V1.4.0, FP-SNS-SMARTAG2_V1.2.0, FP-SNS-STBOX1_V2.0.0, STM32Cube_FW_C0_V1.4.0, STM32Cube_FW_F4_V1.28.2, STM32Cube_FW_F7_V1.17.3, STM32Cube_FW_G0_V1.6.2, STM32Cube_FW_G4_V1.6.1, STM32Cube_FW_H5_V1.5.0, STM32Cube_FW_H7RS_V1.2.0, STM32Cube_FW_H7_V1.12.1, STM32Cube_FW_L0_V1.12.2, STM32Cube_FW_L4_V1.18.1, STM32Cube_FW_L5_V1.5.1, STM32Cube_FW_N6_V1.2.0, STM32Cube_FW_U0_V1.3.0, STM32Cube_FW_U3_V1.2.0, STM32Cube_FW_U5_V1.8.0, STM32Cube_FW_WB0_V1.3.0, STM32Cube_FW_WBA_V1.7.0, STM32Cube_FW_WB_V1.23.0, STM32Cube_FW_WL3_V1.2.0, STM32Cube_FW_WL_V1.3.1, X-CUBE-ALGOBUILD_V1.4.0, X-CUBE-ALS_V1.0.2, X-CUBE-AZRTOS-F4_V1.1.0, X-CUBE-AZRTOS-F7_V1.1.0, X-CUBE-AZRTOS-G0_V1.1.0, X-CUBE-AZRTOS-G4_V2.0.0, X-CUBE-AZRTOS-H7RS_V1.1.0, X-CUBE-AZRTOS-H7_V3.3.0, X-CUBE-AZRTOS-L4_V2.0.0, X-CUBE-AZRTOS-L5_V2.0.0, X-CUBE-AZRTOS-WB_V2.0.0, X-CUBE-AZRTOS-WL_V2.0.0, X-CUBE-BLE1_V7.1.0, X-CUBE-BLE2_V3.3.0, X-CUBE-BLEMGR_V4.0.0, X-CUBE-EEPRMA1_V5.1.0, X-CUBE-FREERTOS_V1.3.1, X-CUBE-GNSS1_V6.0.0, X-CUBE-MEMS1_V11.3.0, X-CUBE-NFC4_V3.0.0, X-CUBE-NFC7_V2.0.0, X-CUBE-SFXS2LP1_V4.0.0, X-CUBE-SUBG2_V5.0.0, X-CUBE-TOF1_V3.4.3]
2025-08-27 18:01:33,946 [INFO] ApiDb:240 - Found 880 in-development CPN: [B-G473E-ZEST1S, B-WB1M-WPAN1, B-WBA5M-WPAN, B-WL5M-SUBG1, NUCLEO-C031C6, NUCLEO-C051C8, NUCLEO-C071RB, NUCLEO-C092RC, NUCLEO-H503RB, NUCLEO-H533RE, NUCLEO-H563ZI, NUCLEO-H7S3L8, NUCLEO-N657X0-Q, NUCLEO-U031R8, NUCLEO-U083RC, NUCLEO-U385RG-Q, NUCLEO-U545RE-Q, NUCLEO-U5A5ZJ-Q, NUCLEO-WB05KZ, NUCLEO-WB07CC, NUCLEO-WB09KE, NUCLEO-WBA52CG, NUCLEO-WBA55CG, NUCLEO-WL33CC1, NUCLEO-WL33CC2, STEVAL-PROTEUS1, STEVAL-SMARTAG2, STEVAL-STWINBX1, STM320518-EVAL, STM32C0116-DK, STM32C011D6Y3TR, STM32C011D6Y6TR, STM32C011F4P3, STM32C011F4P6, STM32C011F4U3, STM32C011F4U6TR, STM32C011F6P3, STM32C011F6P6, STM32C011F6U3, STM32C011F6U6TR, STM32C011J4M3, STM32C011J4M6, STM32C011J6M3, STM32C011J6M6, STM32C0316-DK, STM32C031C4T3, STM32C031C4T6, STM32C031C4U3, STM32C031C4U6, STM32C031C6T3, STM32C031C6T6, STM32C031C6U3, STM32C031C6U6, STM32C031F4P3, STM32C031F4P6, STM32C031F6P3, STM32C031F6P6, STM32C031G4U3, STM32C031G4U6, STM32C031G6U3, STM32C031G6U6, STM32C031K4T3, STM32C031K4T6, STM32C031K4U3, STM32C031K4U6, STM32C031K6T3, STM32C031K6T6, STM32C031K6U3, STM32C031K6U6, STM32C051C6T6, STM32C051C6U6, STM32C051C8T6, STM32C051C8U6, STM32C051D8Y6TR, STM32C051F6P6, STM32C051F8P6, STM32C051G6U6, STM32C051G8U6, STM32C051K6T6, STM32C051K6U6, STM32C051K8T6, STM32C071C8T6, STM32C071C8T6N, STM32C071C8U6, STM32C071C8U6N, STM32C071CBT6, STM32C071CBT6N, STM32C071CBU6, STM32C071CBU6N, STM32C071F8P6, STM32C071F8P6N, STM32C071FBP6, STM32C071FBP6N, STM32C071FBY6TR, STM32C071G8U6, STM32C071G8U6N, STM32C071GBU6, STM32C071GBU6N, STM32C071K8T6, STM32C071K8T6N, STM32C071K8U6, STM32C071K8U6N, STM32C071KBT6, STM32C071KBT6N, STM32C071KBU6, STM32C071KBU6N, STM32C071R8T6, STM32C071R8T6N, STM32C071RBI6N, STM32C071RBT6, STM32C071RBT6N, STM32C091CBT6, STM32C091CBU6, STM32C091CCT6, STM32C091CCU6, STM32C091ECY6TR, STM32C091FBP6, STM32C091FCP6, STM32C091GBU6, STM32C091GCU6, STM32C091KBT6, STM32C091KBU6, STM32C091KCT6, STM32C091KCU6, STM32C091RBT6, STM32C091RCI6, STM32C091RCT6, STM32C092CBT6, STM32C092CBU6, STM32C092CCT6, STM32C092CCU6, STM32C092ECY6TR, STM32C092FBP6, STM32C092FCP6, STM32C092GBU6, STM32C092GCU6, STM32C092KBT6, STM32C092KBU6, STM32C092KCT6, STM32C092KCU6, STM32C092RBT6, STM32C092RCI6, STM32C092RCT6, STM32G071K8TXN, STM32G071K8UXN, STM32G081GBU6N, STM32G081KBT6N, STM32G081KBUXN, STM32G0B1CCT6N, STM32G0B1KCT6, STM32G0B1NEY6TR, STM32G0B1RCT6N, STM32G0C1CCT6, STM32G0C1CCT6N, STM32G0C1CCU6N, STM32G0C1CET6N, STM32G0C1CEU6N, STM32G0C1KCT6, STM32G0C1NEY6TR, STM32G0C1RCI6N, STM32G0C1RCT6N, STM32G0C1REI6N, STM32G0C1RET6N, STM32G0C1VCI6, STM32G0C1VEI6, STM32G411C6T3, STM32G411C6T6, STM32G411C6U3, STM32G411C6U6, STM32G411C8T3, STM32G411C8T6, STM32G411C8U3, STM32G411C8U6, STM32G411CBT3, STM32G411CBT6, STM32G411CBU3, STM32G411CBU6, STM32G411K6T3, STM32G411K6T6, STM32G411K6U3, STM32G411K6U6, STM32G411K8T3, STM32G411K8T6, STM32G411K8U3, STM32G411K8U6, STM32G411KBT3, STM32G411KBT6, STM32G411KBU3, STM32G411KBU6, STM32G411M6T3, STM32G411M6T6, STM32G411M8T3, STM32G411M8T6, STM32G411MBT3, STM32G411MBT6, STM32G411R6T3, STM32G411R6T6, STM32G411R8T3, STM32G411R8T6, STM32G411RBT3, STM32G411RBT6, STM32G414CBT3, STM32G414CBT6, STM32G414CBU3, STM32G414CBU6, STM32G414CCT3, STM32G414CCT6, STM32G414CCU3, STM32G414CCU6, STM32G414MBT3, STM32G414MBT6, STM32G414MCT3, STM32G414MCT6, STM32G414RBT3, STM32G414RBT6, STM32G414RCT3, STM32G414RCT6, STM32G414VBT3, STM32G414VBT6, STM32G414VCT3, STM32G414VCT6, STM32G431CBT3Z, STM32G431RBT3Z, STM32G471CCT6, STM32G471CCU6, STM32G471CET3, STM32G471CET6, STM32G471CEU3, STM32G471CEU6, STM32G471MCT6, STM32G471MET3, STM32G471MET6, STM32G471MEY6TR, STM32G471QCT6, STM32G471QET3, STM32G471RCT6, STM32G471RET3, STM32G471RET6, STM32G471VCH6, STM32G471VCI6, STM32G471VCT6, STM32G471VEH3, STM32G471VEH6, STM32G471VEI3, STM32G471VEI6, STM32G471VET3, STM32G471VET6, STM32G473QET3Z, STM32G473RET3Z, STM32G474CCT6, STM32G491RET3Z, STM32H503CBT6, STM32H503CBU6, STM32H503EBY6TR, STM32H503KBU6, STM32H503RBT6, STM32H523CCT6, STM32H523CCU6, STM32H523CET6, STM32H523CEU6, STM32H523HEY6TR, STM32H523RCT6, STM32H523RET6, STM32H523VCI6, STM32H523VCT6, STM32H523VEI6, STM32H523VET6, STM32H523ZCJ6, STM32H523ZCT6, STM32H523ZEJ6, STM32H523ZET6, STM32H533CET6, STM32H533CEU6, STM32H533HEY6TR, STM32H533RET6, STM32H533VEI6, STM32H533VET6, STM32H533ZEJ6, STM32H533ZET6, STM32H562AGI6, STM32H562AII6, STM32H562IGK6, STM32H562IGT6, STM32H562IIK6, STM32H562IIT6, STM32H562RGT6, STM32H562RGV6, STM32H562RIT6, STM32H562RIV6, STM32H562VGT6, STM32H562VIT6, STM32H562ZGT6, STM32H562ZIT6, STM32H563AGI6, STM32H563AII3Q, STM32H563AII6, STM32H563IGK6, STM32H563IGT6, STM32H563IIK3Q, STM32H563IIK6, STM32H563IIT3Q, STM32H563IIT6, STM32H563MIY3QTR, STM32H563RGT6, STM32H563RGV6, STM32H563RIT6, STM32H563RIV6, STM32H563VGT6, STM32H563VIT3Q, STM32H563VIT6, STM32H563ZGT6, STM32H563ZIT3Q, STM32H563ZIT6, STM32H573AII3Q, STM32H573AII6, STM32H573I-DK, STM32H573IIK3Q, STM32H573IIK6, STM32H573IIT3Q, STM32H573IIT6, STM32H573MIY3QTR, STM32H573RIT6, STM32H573RIV6, STM32H573VIT3Q, STM32H573VIT6, STM32H573ZIT3Q, STM32H573ZIT6, STM32H7R3A8I6, STM32H7R3I8K6, STM32H7R3I8T6, STM32H7R3L8H6, STM32H7R3L8H6H, STM32H7R3R8V6, STM32H7R3V8H6, STM32H7R3V8T6, STM32H7R3V8Y6TR, STM32H7R3Z8J6, STM32H7R3Z8T6, STM32H7R7A8I6, STM32H7R7I8K6, STM32H7R7I8T6, STM32H7R7L8H6, STM32H7R7L8H6H, STM32H7R7Z8J6, STM32H7S3A8I6, STM32H7S3I8K6, STM32H7S3I8T6, STM32H7S3L8H6, STM32H7S3L8H6H, STM32H7S3R8V6, STM32H7S3V8H6, STM32H7S3V8T6, STM32H7S3V8Y6TR, STM32H7S3Z8J6, STM32H7S3Z8T6, STM32H7S78-DK, STM32H7S7A8I6, STM32H7S7I8K6, STM32H7S7I8T6, STM32H7S7L8H6, STM32H7S7L8H6H, STM32H7S7Z8J6, STM32L4R5QGI6STR, STM32MP131AAE3, STM32MP131AAF3, STM32MP131AAG3, STM32MP131CAE3, STM32MP131CAF3, STM32MP131CAG3, STM32MP131DAE7, STM32MP131DAF7, STM32MP131DAG7, STM32MP131FAE7, STM32MP131FAF7, STM32MP131FAG7, STM32MP133AAE3, STM32MP133AAF3, STM32MP133AAG3, STM32MP133CAE3, STM32MP133CAF3, STM32MP133CAG3, STM32MP133DAE7, STM32MP133DAF7, STM32MP133DAG7, STM32MP133FAE7, STM32MP133FAF7, STM32MP133FAG7, STM32MP135AAE3, STM32MP135AAF3, STM32MP135AAG3, STM32MP135CAE3, STM32MP135CAF3, STM32MP135CAG3, STM32MP135DAE7, STM32MP135DAF7, STM32MP135DAG7, STM32MP135F-DK, STM32MP135FAE7, STM32MP135FAF7, STM32MP135FAF7T, STM32MP135FAF7U, STM32MP135FAG7, STM32MP211AAL3, STM32MP211AAM3, STM32MP211AAN3, STM32MP211AAO3, STM32MP211CAL3, STM32MP211CAM3, STM32MP211CAN3, STM32MP211CAO3, STM32MP211DAL3, STM32MP211DAM3, STM32MP211DAN3, STM32MP211DAO3, STM32MP211FAL3, STM32MP211FAM3, STM32MP211FAN3, STM32MP211FAO3, STM32MP213AAL3, STM32MP213AAM3, STM32MP213AAN3, STM32MP213AAO3, STM32MP213CAL3, STM32MP213CAM3, STM32MP213CAN3, STM32MP213CAO3, STM32MP213DAL3, STM32MP213DAM3, STM32MP213DAN3, STM32MP213DAO3, STM32MP213FAL3, STM32MP213FAM3, STM32MP213FAN3, STM32MP213FAO3, STM32MP215AAL3, STM32MP215AAM3, STM32MP215AAN3, STM32MP215AAO3, STM32MP215CAL3, STM32MP215CAM3, STM32MP215CAN3, STM32MP215CAO3, STM32MP215DAL3, STM32MP215DAM3, STM32MP215DAN3, STM32MP215DAO3, STM32MP215F-DK, STM32MP215FAL3, STM32MP215FAM3, STM32MP215FAN3, STM32MP215FAO3, STM32MP231AAJ3, STM32MP231AAK3, STM32MP231AAL3, STM32MP231CAJ3, STM32MP231CAK3, STM32MP231CAL3, STM32MP231DAJ3, STM32MP231DAK3, STM32MP231DAL3, STM32MP231FAJ3, STM32MP231FAK3, STM32MP231FAL3, STM32MP233AAJ3, STM32MP233AAK3, STM32MP233AAL3, STM32MP233CAJ3, STM32MP233CAK3, STM32MP233CAL3, STM32MP233DAJ3, STM32MP233DAK3, STM32MP233DAL3, STM32MP233FAJ3, STM32MP233FAK3, STM32MP233FAL3, STM32MP235AAJ3, STM32MP235AAK3, STM32MP235AAL3, STM32MP235CAJ3, STM32MP235CAK3, STM32MP235CAL3, STM32MP235DAJ3, STM32MP235DAK3, STM32MP235DAL3, STM32MP235FAJ3, STM32MP235FAK3, STM32MP235FAL3, STM32MP251AAI3, STM32MP251AAK3, STM32MP251AAL3, STM32MP251CAI3, STM32MP251CAK3, STM32MP251CAL3, STM32MP251DAI3, STM32MP251DAK3, STM32MP251DAL3, STM32MP251FAI3, STM32MP251FAK3, STM32MP251FAL3, STM32MP253AAI3, STM32MP253AAK3, STM32MP253AAL3, STM32MP253CAI3, STM32MP253CAK3, STM32MP253CAL3, STM32MP253DAI3, STM32MP253DAK3, STM32MP253DAL3, STM32MP253FAI3, STM32MP253FAK3, STM32MP253FAL3, STM32MP255AAI3, STM32MP255AAK3, STM32MP255AAL3, STM32MP255CAI3, STM32MP255CAK3, STM32MP255CAL3, STM32MP255DAI3, STM32MP255DAK3, STM32MP255DAL3, STM32MP255FAI3, STM32MP255FAK3, STM32MP255FAL3, STM32MP257AAI3, STM32MP257AAK3, STM32MP257AAL3, STM32MP257CAI3, STM32MP257CAK3, STM32MP257CAL3, STM32MP257DAI3, STM32MP257DAK3, STM32MP257DAL3, STM32MP257F-DK, STM32MP257F-EV1, STM32MP257FAI3, STM32MP257FAK3, STM32MP257FAL3, STM32N645A0H3Q, STM32N645B0H3Q, STM32N645I0H3Q, STM32N645L0H3Q, STM32N645X0H3Q, STM32N645Z0H3Q, STM32N647A0H3Q, STM32N647B0H3Q, STM32N647I0H3Q, STM32N647L0H3Q, STM32N647X0H3Q, STM32N647Z0H3Q, STM32N655A0H3Q, STM32N655B0H3Q, STM32N655I0H3Q, STM32N655L0H3Q, STM32N655X0H3Q, STM32N655Z0H3Q, STM32N6570-DK, STM32N657A0H3Q, STM32N657B0H3Q, STM32N657I0H3Q, STM32N657L0H3Q, STM32N657X0H3Q, STM32N657Z0H3Q, STM32U031C6T6, STM32U031C6U6, STM32U031C8T6, STM32U031C8U6, STM32U031F4P6, STM32U031F6P6, STM32U031F8P6, STM32U031G6Y6TR, STM32U031G8Y6TR, STM32U031K4U6, STM32U031K6U6, STM32U031K8U6, STM32U031R6I6, STM32U031R6T6, STM32U031R8I6, STM32U031R8T6, STM32U073C8T6, STM32U073C8U6, STM32U073CBT6, STM32U073CBU6, STM32U073CCT6, STM32U073CCU6, STM32U073H8Y6TR, STM32U073HBY6TR, STM32U073HCY6TR, STM32U073K8U6, STM32U073KBU6, STM32U073KCU6, STM32U073M8I6, STM32U073M8T6, STM32U073MBI6, STM32U073MBT6, STM32U073MCI6, STM32U073MCT6, STM32U073R8I6, STM32U073R8T6, STM32U073RBI6, STM32U073RBT6, STM32U073RCI6, STM32U073RCT6, STM32U083C-DK, STM32U083CCT6, STM32U083CCU6, STM32U083HCY6TR, STM32U083KCU6, STM32U083MCI6, STM32U083MCT6, STM32U083RCI6, STM32U083RCT6, STM32U375CET6, STM32U375CET6Q, STM32U375CEU6, STM32U375CEU6Q, STM32U375CEY6QTR, STM32U375CGT6, STM32U375CGT6Q, STM32U375CGU6, STM32U375CGU6Q, STM32U375CGY6QTR, STM32U375KEU6, STM32U375KGU6, STM32U375REI6, STM32U375REI6Q, STM32U375RET6, STM32U375RET6Q, STM32U375REY6GTR, STM32U375REY6QTR, STM32U375RGI6, STM32U375RGI6Q, STM32U375RGT6, STM32U375RGT6Q, STM32U375RGY6GTR, STM32U375RGY6QTR, STM32U375VEI6, STM32U375VEI6Q, STM32U375VET6, STM32U375VET6Q, STM32U375VGI6, STM32U375VGI6Q, STM32U375VGT6, STM32U375VGT6Q, STM32U385CGT6, STM32U385CGT6Q, STM32U385CGU6, STM32U385CGU6Q, STM32U385CGY6QTR, STM32U385KGU6, STM32U385RGI6, STM32U385RGI6Q, STM32U385RGT6, STM32U385RGT6Q, STM32U385RGY6GTR, STM32U385RGY6QTR, STM32U385VGI6, STM32U385VGI6Q, STM32U385VGT6, STM32U385VGT6Q, STM32U535CBT6, STM32U535CBT6Q, STM32U535CBU6, STM32U535CBU6Q, STM32U535CCT6, STM32U535CCT6Q, STM32U535CCU6, STM32U535CCU6Q, STM32U535CET6, STM32U535CET6Q, STM32U535CEU6, STM32U535CEU6Q, STM32U535JEY6QTR, STM32U535NCY6QTR, STM32U535NEY6QTR, STM32U535RBI6, STM32U535RBI6Q, STM32U535RBT6, STM32U535RBT6Q, STM32U535RCI6, STM32U535RCI6Q, STM32U535RCT6, STM32U535RCT6Q, STM32U535REI6, STM32U535REI6Q, STM32U535RET6, STM32U535RET6Q, STM32U535VCI6, STM32U535VCI6Q, STM32U535VCT6, STM32U535VCT6Q, STM32U535VEI6, STM32U535VEI6Q, STM32U535VET6, STM32U535VET6Q, STM32U545CET6, STM32U545CET6Q, STM32U545CEU6, STM32U545CEU6Q, STM32U545JEY6QTR, STM32U545NEY6QTR, STM32U545REI6, STM32U545REI6Q, STM32U545RET6, STM32U545RET6Q, STM32U545VEI6, STM32U545VEI6Q, STM32U545VET6, STM32U545VET6Q, STM32U595AIH6, STM32U595AIH6Q, STM32U595AJH6, STM32U595AJH6Q, STM32U595QII6, STM32U595QII6Q, STM32U595QJI6, STM32U595QJI6Q, STM32U595RIT6, STM32U595RIT6Q, STM32U595RJT6, STM32U595RJT6Q, STM32U595VIT6, STM32U595VIT6Q, STM32U595VJT6, STM32U595VJT6Q, STM32U595ZIT6, STM32U595ZIT6Q, STM32U595ZIY6QTR, STM32U595ZJT6, STM32U595ZJT6Q, STM32U595ZJY6QTR, STM32U599BJY6QTR, STM32U599NIH6Q, STM32U599NJH6Q, STM32U599VIT6Q, STM32U599VJT6, STM32U599VJT6Q, STM32U599ZIT6Q, STM32U599ZIY6QTR, STM32U599ZJT6Q, STM32U599ZJY6QTR, STM32U5A5AJH6, STM32U5A5AJH6Q, STM32U5A5QII3Q , STM32U5A5QJI6, STM32U5A5QJI6Q, STM32U5A5RJT6, STM32U5A5RJT6Q, STM32U5A5VJT6, STM32U5A5VJT6Q, STM32U5A5ZJT6, STM32U5A5ZJT6Q, STM32U5A5ZJY6QTR, STM32U5A9BJY6QTR, STM32U5A9J-DK, STM32U5A9NJH6Q, STM32U5A9VJT6Q, STM32U5A9ZJT6Q, STM32U5A9ZJY6QTR, STM32U5F7VIT6, STM32U5F7VIT6Q, STM32U5F7VJT6, STM32U5F7VJT6Q, STM32U5F9BJY6QTR, STM32U5F9NJH6Q, STM32U5F9VIT6Q, STM32U5F9VJT6Q, STM32U5F9ZIJ6QTR, STM32U5F9ZIT6Q, STM32U5F9ZJJ6QTR, STM32U5F9ZJT6Q, STM32U5G7VJT6, STM32U5G7VJT6Q, STM32U5G9BJY6QTR, STM32U5G9J-DK1, STM32U5G9J-DK2, STM32U5G9NJH6Q, STM32U5G9VJT6Q, STM32U5G9ZJJ6QTR, STM32U5G9ZJT6Q, STM32WB05KZV6TR, STM32WB05KZV7TR, STM32WB05TZF6TR, STM32WB05TZF7TR, STM32WB06CCF6TR, STM32WB06CCF7TR, STM32WB06CCV6TR, STM32WB06CCV7TR, STM32WB06KCV6TR, STM32WB06KCV7TR, STM32WB07CCF6TR, STM32WB07CCF7TR, STM32WB07CCV6TR, STM32WB07CCV7TR, STM32WB07KCV6TR, STM32WB07KCV7TR, STM32WB09KEV6TR, STM32WB09KEV7TR, STM32WB09TEF6TR, STM32WB09TEF7TR, STM32WB1MMCH6, STM32WBA50KGU6, STM32WBA50KGU6TR, STM32WBA52CEU6, STM32WBA52CEU6TR, STM32WBA52CEU7, STM32WBA52CEU7TR, STM32WBA52CGU6, STM32WBA52CGU6TR, STM32WBA52CGU6U, STM32WBA52CGU7, STM32WBA52CGU7TR, STM32WBA52KEU6, STM32WBA52KEU6TR, STM32WBA52KGU6, STM32WBA52KGU6TR, STM32WBA54CEU6, STM32WBA54CEU6TR, STM32WBA54CEU7, STM32WBA54CEU7TR, STM32WBA54CGU6, STM32WBA54CGU6TR, STM32WBA54CGU7, STM32WBA54CGU7TR, STM32WBA54KEU6, STM32WBA54KEU6TR, STM32WBA54KEU7, STM32WBA54KEU7TR, STM32WBA54KGU6, STM32WBA54KGU6TR, STM32WBA54KGU7, STM32WBA54KGU7TR, STM32WBA55CEU6, STM32WBA55CEU6TR, STM32WBA55CEU7, STM32WBA55CEU7TR, STM32WBA55CGU6, STM32WBA55CGU6TR, STM32WBA55CGU6U, STM32WBA55CGU7, STM32WBA55CGU7TR, STM32WBA55G-DK1, STM32WBA55HEF6, STM32WBA55HEF7, STM32WBA55HGF6, STM32WBA55HGF7, STM32WBA55UEI6, STM32WBA55UEI6TR, STM32WBA55UEI7, STM32WBA55UEI7TR, STM32WBA55UGI6, STM32WBA55UGI6TR, STM32WBA55UGI7, STM32WBA55UGI7TR, STM32WBA5MMGH6TR, STM32WBA62MGF6, STM32WBA62MIF6, STM32WBA65MGF7, STM32WBA65MIF6, STM32WBA65MIF7, STM32WL30K8V6, STM32WL30KBV6, STM32WL31C8V6, STM32WL31CBV6, STM32WL31K8V6, STM32WL31KBV6, STM32WL33C8V6, STM32WL33C8V6X, STM32WL33CBV6, STM32WL33CBV6X, STM32WL33CCV6, STM32WL33CCV6A, STM32WL33CCV6X, STM32WL33K8V7, STM32WL33K8V7X, STM32WL33KBV7 , STM32WL33KBV7X, STM32WL33KCV7, STM32WL33KCV7X, STM32WL5MOCH6, STM32WL5MOCH6TR]
2025-08-27 18:01:33,949 [INFO] DbMcus:218 - Found 4801 MCUs, 4801 are supported
2025-08-27 18:01:33,949 [INFO] ApiDb:423 - Load user favorites file C:\Users\nicks/.stm32cubeide/favorites.mcus.txt: 0 item(s)
2025-08-27 18:01:33,950 [INFO] ApiDb:427 - User favorites MCUs=[]
2025-08-27 18:01:33,950 [INFO] DbMcus:224 - Set 0 / 0 favorites MCUs
2025-08-27 18:01:34,246 [INFO] ApiDb:423 - Load user favorites file C:\Users\nicks/.stm32cubeide/favorites.boards.txt: 0 item(s)
2025-08-27 18:01:34,246 [INFO] ApiDb:427 - User favorites Boards=[]
2025-08-27 18:01:34,246 [INFO] DbBoards:198 - Set 0 / 0 favorites Boards
2025-08-27 18:01:34,296 [INFO] UtilMem:75 - End LoadConfig() Used Memory: 457564024 Bytes (1073741824)
2025-08-27 18:01:34,405 [WARN] ThirdParty:833 - waiting for thirdparty lock release [change project]
2025-08-27 18:01:34,405 [INFO] ThirdParty:835 - entering critical section [change project]
2025-08-27 18:01:34,405 [INFO] ThirdParty:1030 - CMSIS Pack Vendor :STMicroelectronics X-CUBE-PM33A1 1.0.0
2025-08-27 18:01:34,405 [INFO] ThirdParty:1030 - CMSIS Pack Vendor :STMicroelectronics USBPD 4.1
2025-08-27 18:01:34,405 [INFO] ThirdParty:1030 - CMSIS Pack Vendor :STMicroelectronics X-CUBE-AZRTOS-H7 3.3.0
2025-08-27 18:01:34,405 [INFO] ThirdParty:1030 - CMSIS Pack Vendor :STMicroelectronics X-CUBE-NFC9 1.0.0
2025-08-27 18:01:34,405 [INFO] ThirdParty:1030 - CMSIS Pack Vendor :STMicroelectronics USB_HOST 2.0.0
2025-08-27 18:01:34,405 [INFO] ThirdParty:1030 - CMSIS Pack Vendor :STMicroelectronics FP-SNS-MOTENVWB1 1.4.0
2025-08-27 18:01:34,405 [INFO] ThirdParty:1030 - CMSIS Pack Vendor :STMicroelectronics X-CUBE-AZRTOS-F4 1.1.0
2025-08-27 18:01:34,405 [INFO] ThirdParty:1030 - CMSIS Pack Vendor :STMicroelectronics LIBJPEG 8.0.0
2025-08-27 18:01:34,405 [INFO] ThirdParty:1030 - CMSIS Pack Vendor :STMicroelectronics FP-ATR-ASTRA1 2.0.2
2025-08-27 18:01:34,405 [INFO] ThirdParty:1030 - CMSIS Pack Vendor :STMicroelectronics FP-ATR-ASTRA1 2.0.1
2025-08-27 18:01:34,405 [INFO] ThirdParty:1030 - CMSIS Pack Vendor :STMicroelectronics X-CUBE-BLE1 7.1.0
2025-08-27 18:01:34,405 [INFO] ThirdParty:1030 - CMSIS Pack Vendor :Avnet-IotConnect X-CUBE-IoTC-DA16k-PMOD 1.0.0
2025-08-27 18:01:34,405 [INFO] ThirdParty:1030 - CMSIS Pack Vendor :STMicroelectronics X-CUBE-SMBUS 2.1.0
2025-08-27 18:01:34,405 [INFO] ThirdParty:1030 - CMSIS Pack Vendor :STMicroelectronics X-CUBE-WB05N 1.1.0
2025-08-27 18:01:34,405 [INFO] ThirdParty:1030 - CMSIS Pack Vendor :wolfSSL I-CUBE-wolfMQTT 1.19.2
2025-08-27 18:01:34,405 [INFO] ThirdParty:1030 - CMSIS Pack Vendor :STMicroelectronics USB_DEVICE 3.0.0
2025-08-27 18:01:34,405 [INFO] ThirdParty:1030 - CMSIS Pack Vendor :STMicroelectronics X-CUBE-ISPU 2.1.0
2025-08-27 18:01:34,405 [INFO] ThirdParty:1030 - CMSIS Pack Vendor :STMicroelectronics X-CUBE-EEPRMA1 5.2.0
2025-08-27 18:01:34,405 [INFO] ThirdParty:1030 - CMSIS Pack Vendor :STMicroelectronics X-CUBE-BLEMGR 4.1.0
2025-08-27 18:01:34,405 [INFO] ThirdParty:1030 - CMSIS Pack Vendor :STMicroelectronics X-CUBE-AZRTOS-WB 2.0.0
2025-08-27 18:01:34,405 [INFO] ThirdParty:1030 - CMSIS Pack Vendor :STMicroelectronics X-CUBE-ST60 1.0.0
2025-08-27 18:01:34,405 [INFO] ThirdParty:1030 - CMSIS Pack Vendor :STMicroelectronics X-CUBE-GNSS1 7.0.1
2025-08-27 18:01:34,405 [INFO] ThirdParty:1030 - CMSIS Pack Vendor :STMicroelectronics X-CUBE-NFC12 1.0.0
2025-08-27 18:01:34,405 [INFO] ThirdParty:1030 - CMSIS Pack Vendor :STMicroelectronics X-CUBE-AZRTOS-F7 1.1.0
2025-08-27 18:01:34,405 [INFO] ThirdParty:1030 - CMSIS Pack Vendor :STMicroelectronics X-CUBE-AZRTOS-L5 2.0.0
2025-08-27 18:01:34,405 [INFO] ThirdParty:1030 - CMSIS Pack Vendor :STMicroelectronics X-CUBE-TOUCHGFX 4.25.0
2025-08-27 18:01:34,405 [INFO] ThirdParty:1030 - CMSIS Pack Vendor :STMicroelectronics USB_DEVICE 2.0.0
2025-08-27 18:01:34,405 [INFO] ThirdParty:1030 - CMSIS Pack Vendor :STMicroelectronics X-CUBE-NFC6 3.1.0
2025-08-27 18:01:34,405 [INFO] ThirdParty:1030 - CMSIS Pack Vendor :STMicroelectronics X-CUBE-AI 10.1.0
2025-08-27 18:01:34,405 [INFO] ThirdParty:1030 - CMSIS Pack Vendor :STMicroelectronics FP-SNS-STBOX1 2.0.0
2025-08-27 18:01:34,405 [INFO] ThirdParty:1030 - CMSIS Pack Vendor :STMicroelectronics X-CUBE-MEMS1 11.2.0
2025-08-27 18:01:34,406 [INFO] ThirdParty:1030 - CMSIS Pack Vendor :STMicroelectronics FreeRTOS 0.0.1
2025-08-27 18:01:34,406 [INFO] ThirdParty:1030 - CMSIS Pack Vendor :STMicroelectronics X-CUBE-AZRTOS-G0 1.1.0
2025-08-27 18:01:34,406 [INFO] ThirdParty:1030 - CMSIS Pack Vendor :STMicroelectronics X-CUBE-SAFEA1 1.2.2
2025-08-27 18:01:34,406 [INFO] ThirdParty:1030 - CMSIS Pack Vendor :STMicroelectronics X-CUBE-NFC4 3.0.0
2025-08-27 18:01:34,406 [INFO] ThirdParty:1030 - CMSIS Pack Vendor :STMicroelectronics X-CUBE-SUBG2 5.0.0
2025-08-27 18:01:34,406 [INFO] ThirdParty:1030 - CMSIS Pack Vendor :STMicroelectronics X-CUBE-AZRTOS-H7RS 1.1.0
2025-08-27 18:01:34,406 [INFO] ThirdParty:1030 - CMSIS Pack Vendor :STMicroelectronics STM32_WPAN 1.0.0
2025-08-27 18:01:34,406 [INFO] ThirdParty:1030 - CMSIS Pack Vendor :EmbeddedOffice I-CUBE-FS-RTOS 1.0.1
2025-08-27 18:01:34,406 [INFO] ThirdParty:1030 - CMSIS Pack Vendor :STMicroelectronics lwIP 2.0.3
2025-08-27 18:01:34,406 [INFO] ThirdParty:1030 - CMSIS Pack Vendor :STMicroelectronics FP-SNS-FLIGHT1 5.0.2
2025-08-27 18:01:34,406 [INFO] ThirdParty:1030 - CMSIS Pack Vendor :Cesanta I-CUBE-Mongoose 7.13.0
2025-08-27 18:01:34,406 [INFO] ThirdParty:1030 - CMSIS Pack Vendor :STMicroelectronics USB_HOST 1.0.0
2025-08-27 18:01:34,406 [INFO] ThirdParty:1030 - CMSIS Pack Vendor :Infineon AIROC-Wi-Fi-Bluetooth-STM32 1.7.0
2025-08-27 18:01:34,406 [INFO] ThirdParty:1030 - CMSIS Pack Vendor :STMicroelectronics X-CUBE-AZRTOS-G4 2.0.0
2025-08-27 18:01:34,406 [INFO] ThirdParty:1030 - CMSIS Pack Vendor :STMicroelectronics X-CUBE-WB05N 2.0.0
2025-08-27 18:01:34,406 [INFO] ThirdParty:1030 - CMSIS Pack Vendor :STMicroelectronics PDM2PCM 3.1.0
2025-08-27 18:01:34,406 [INFO] ThirdParty:1030 - CMSIS Pack Vendor :STMicroelectronics PDM2PCM 3.3.0
2025-08-27 18:01:34,406 [INFO] ThirdParty:1030 - CMSIS Pack Vendor :wolfSSL I-CUBE-wolfTPM 3.8.0
2025-08-27 18:01:34,406 [INFO] ThirdParty:1030 - CMSIS Pack Vendor :STMicroelectronics X-CUBE-AZRTOS-H7 3.4.0
2025-08-27 18:01:34,406 [INFO] ThirdParty:1030 - CMSIS Pack Vendor :STMicroelectronics X-CUBE-DISPLAY 3.0.0
2025-08-27 18:01:34,406 [INFO] ThirdParty:1030 - CMSIS Pack Vendor :wolfSSL I-CUBE-wolfSSH 1.4.20
2025-08-27 18:01:34,406 [INFO] ThirdParty:1030 - CMSIS Pack Vendor :STMicroelectronics X-CUBE-NFC7 2.0.0
2025-08-27 18:01:34,406 [INFO] ThirdParty:1030 - CMSIS Pack Vendor :STMicroelectronics X-CUBE-TCPP 4.2.0
2025-08-27 18:01:34,406 [INFO] ThirdParty:1030 - CMSIS Pack Vendor :RealThread X-CUBE-RT-Thread_Nano 4.1.1
2025-08-27 18:01:34,406 [INFO] ThirdParty:1030 - CMSIS Pack Vendor :STMicroelectronics FP-ATR-SIGFOX1 3.2.0
2025-08-27 18:01:34,406 [INFO] ThirdParty:1030 - CMSIS Pack Vendor :STMicroelectronics X-CUBE-NFC10 1.0.0
2025-08-27 18:01:34,406 [INFO] ThirdParty:1030 - CMSIS Pack Vendor :STMicroelectronics X-CUBE-BLEMGR 4.0.0
2025-08-27 18:01:34,406 [INFO] ThirdParty:1030 - CMSIS Pack Vendor :STMicroelectronics X-CUBE-EEPRMA1 5.1.0
2025-08-27 18:01:34,407 [INFO] ThirdParty:1030 - CMSIS Pack Vendor :STMicroelectronics X-CUBE-FREERTOS 1.3.1
2025-08-27 18:01:34,407 [INFO] ThirdParty:1030 - CMSIS Pack Vendor :STMicroelectronics HAL Drivers 0.0.0
2025-08-27 18:01:34,407 [INFO] ThirdParty:1030 - CMSIS Pack Vendor :STMicroelectronics MBEDTLS 2.16.2
2025-08-27 18:01:34,407 [INFO] ThirdParty:1030 - CMSIS Pack Vendor :STMicroelectronics X-CUBE-IPS 3.1.0
2025-08-27 18:01:34,407 [INFO] ThirdParty:1030 - CMSIS Pack Vendor :STMicroelectronics X-CUBE-ALS 1.0.2
2025-08-27 18:01:34,407 [INFO] ThirdParty:1030 - CMSIS Pack Vendor :emotas I-CUBE-CANOPEN 1.3.0
2025-08-27 18:01:34,407 [INFO] ThirdParty:1030 - CMSIS Pack Vendor :STMicroelectronics X-CUBE-FREERTOS 1.3.0
2025-08-27 18:01:34,407 [INFO] ThirdParty:1030 - CMSIS Pack Vendor :STMicroelectronics X-CUBE-NFC7 1.0.1
2025-08-27 18:01:34,407 [INFO] ThirdParty:1030 - CMSIS Pack Vendor :STMicroelectronics MBEDTLS 2.14.1
2025-08-27 18:01:34,407 [INFO] ThirdParty:1030 - CMSIS Pack Vendor :wolfSSL I-CUBE-wolfSSL 5.7.6
2025-08-27 18:01:34,407 [INFO] ThirdParty:1030 - CMSIS Pack Vendor :ITTIA_DB I-CUBE-ITTIADB 8.9.0
2025-08-27 18:01:34,407 [INFO] ThirdParty:1030 - CMSIS Pack Vendor :portGmbH I-Cube-SoM-uGOAL 1.1.0
2025-08-27 18:01:34,407 [INFO] ThirdParty:1030 - CMSIS Pack Vendor :quantropi X-CUBE-qispace-sdk-base 2.0.0
2025-08-27 18:01:34,407 [INFO] ThirdParty:1030 - CMSIS Pack Vendor :STMicroelectronics X-CUBE-AI 10.0.0
2025-08-27 18:01:34,407 [INFO] ThirdParty:1030 - CMSIS Pack Vendor :STMicroelectronics X-CUBE-ST67W61 1.0.0
2025-08-27 18:01:34,407 [INFO] ThirdParty:1030 - CMSIS Pack Vendor :STMicroelectronics FP-SNS-STBOX1 2.1.0
2025-08-27 18:01:34,407 [INFO] ThirdParty:1030 - CMSIS Pack Vendor :STMicroelectronics X-CUBE-AI 10.2.0
2025-08-27 18:01:34,407 [INFO] ThirdParty:1030 - CMSIS Pack Vendor :STMicroelectronics FP-SNS-STAIOTCFT 1.0.0
2025-08-27 18:01:34,407 [INFO] ThirdParty:1030 - CMSIS Pack Vendor :STMicroelectronics ThreadX 1.0.0
2025-08-27 18:01:34,407 [INFO] ThirdParty:1030 - CMSIS Pack Vendor :STMicroelectronics FP-SNS-SMARTAG2 1.2.0
2025-08-27 18:01:34,407 [INFO] ThirdParty:1030 - CMSIS Pack Vendor :STMicroelectronics FP-SNS-FLIGHT1 5.1.0
2025-08-27 18:01:34,407 [INFO] ThirdParty:1030 - CMSIS Pack Vendor :STMicroelectronics X-CUBE-AZRTOS-WL 2.0.0
2025-08-27 18:01:34,407 [INFO] ThirdParty:1030 - CMSIS Pack Vendor :SEGGER I-CUBE-embOS 1.3.1
2025-08-27 18:01:34,407 [INFO] ThirdParty:1030 - CMSIS Pack Vendor :STMicroelectronics X-CUBE-ALGOBUILD 1.4.0
2025-08-27 18:01:34,407 [INFO] ThirdParty:1030 - CMSIS Pack Vendor :STMicroelectronics X-CUBE-DPower 1.3.0
2025-08-27 18:01:34,407 [INFO] ThirdParty:1030 - CMSIS Pack Vendor :STMicroelectronics X-CUBE-MEMS1 11.3.0
2025-08-27 18:01:34,407 [INFO] ThirdParty:1030 - CMSIS Pack Vendor :STMicroelectronics FP-SNS-MOTENV1 5.0.0
2025-08-27 18:01:34,407 [INFO] ThirdParty:1030 - CMSIS Pack Vendor :STMicroelectronics USB_DEVICE 1.0.0
2025-08-27 18:01:34,407 [INFO] ThirdParty:1030 - CMSIS Pack Vendor :STMicroelectronics X-CUBE-AZRTOS-L4 2.0.0
2025-08-27 18:01:34,407 [INFO] ThirdParty:1030 - CMSIS Pack Vendor :STMicroelectronics ThreadX 0.0.2
2025-08-27 18:01:34,407 [INFO] ThirdParty:1030 - CMSIS Pack Vendor :WES I-CUBE-Cesium 1.3.0
2025-08-27 18:01:34,407 [INFO] ThirdParty:1030 - CMSIS Pack Vendor :STMicroelectronics lwIP 2.1.2
2025-08-27 18:01:34,407 [INFO] ThirdParty:1030 - CMSIS Pack Vendor :STMicroelectronics X-CUBE-SFXS2LP1 4.0.0
2025-08-27 18:01:34,407 [INFO] ThirdParty:1030 - CMSIS Pack Vendor :STMicroelectronics X-CUBE-BLE2 3.3.0
2025-08-27 18:01:34,408 [INFO] ThirdParty:1030 - CMSIS Pack Vendor :STMicroelectronics X-CUBE-TOF1 3.4.3
2025-08-27 18:01:34,408 [INFO] ThirdParty:1030 - CMSIS Pack Vendor :STMicroelectronics PDM2PCM 3.2.0
2025-08-27 18:01:34,408 [INFO] ThirdParty:841 - exiting critical section [change project]
2025-08-27 18:01:34,951 [INFO] PinOutPanel:1589 - setPackage(No Configuration,No Configuration)
2025-08-27 18:01:34,953 [INFO] PinOutPanel:1589 - setPackage(STM32H755ZITx,LQFP144)
2025-08-27 18:01:35,503 [INFO] UtilMem:75 - Before build in PCC Used Memory: 494629648 Bytes (1073741824)
2025-08-27 18:01:36,066 [INFO] UtilMem:75 - After build in PCC Used Memory: 652298384 Bytes (1073741824)
2025-08-27 18:01:36,077 [INFO] ApiDbMcu:532 - Load IP Config File for FREERTOS_M7
2025-08-27 18:01:36,106 [INFO] IPUIPlugin:80 - create IPUIPlugin
2025-08-27 18:01:36,106 [INFO] IPUIPlugin:80 - create IPUIPlugin
2025-08-27 18:01:36,106 [INFO] IPUIPlugin:80 - create IPUIPlugin
2025-08-27 18:01:36,106 [INFO] IPUIPlugin:80 - create IPUIPlugin
2025-08-27 18:01:36,106 [INFO] IPUIPlugin:80 - create IPUIPlugin
2025-08-27 18:01:36,106 [INFO] IPUIPlugin:80 - create IPUIPlugin
2025-08-27 18:01:36,107 [INFO] IPUIPlugin:80 - create IPUIPlugin
2025-08-27 18:01:36,107 [INFO] IPUIPlugin:80 - create IPUIPlugin
2025-08-27 18:01:36,107 [INFO] IPUIPlugin:80 - create IPUIPlugin
2025-08-27 18:01:36,107 [INFO] IPUIPlugin:80 - create IPUIPlugin
2025-08-27 18:01:36,107 [INFO] IPUIPlugin:80 - create IPUIPlugin
2025-08-27 18:01:36,107 [INFO] IPUIPlugin:80 - create IPUIPlugin
2025-08-27 18:01:36,107 [INFO] IPUIPlugin:80 - create IPUIPlugin
2025-08-27 18:01:36,107 [INFO] IPUIPlugin:80 - create IPUIPlugin
2025-08-27 18:01:36,107 [INFO] IPUIPlugin:80 - create IPUIPlugin
2025-08-27 18:01:36,108 [INFO] IPUIPlugin:80 - create IPUIPlugin
2025-08-27 18:01:36,108 [INFO] IPUIPlugin:80 - create IPUIPlugin
2025-08-27 18:01:36,108 [INFO] IPUIPlugin:80 - create IPUIPlugin
2025-08-27 18:01:36,108 [INFO] IPUIPlugin:80 - create IPUIPlugin
2025-08-27 18:01:36,108 [INFO] IPUIPlugin:80 - create IPUIPlugin
2025-08-27 18:01:36,108 [INFO] IPUIPlugin:80 - create IPUIPlugin
2025-08-27 18:01:36,108 [INFO] IPUIPlugin:80 - create IPUIPlugin
2025-08-27 18:01:36,108 [INFO] IPUIPlugin:80 - create IPUIPlugin
2025-08-27 18:01:36,108 [INFO] IPUIPlugin:80 - create IPUIPlugin
2025-08-27 18:01:36,108 [INFO] IPUIPlugin:80 - create IPUIPlugin
2025-08-27 18:01:36,108 [INFO] IPUIPlugin:80 - create IPUIPlugin
2025-08-27 18:01:36,109 [INFO] IPUIPlugin:80 - create IPUIPlugin
2025-08-27 18:01:36,109 [INFO] IPUIPlugin:80 - create IPUIPlugin
2025-08-27 18:01:36,109 [INFO] IPUIPlugin:80 - create IPUIPlugin
2025-08-27 18:01:36,109 [INFO] IPUIPlugin:80 - create IPUIPlugin
2025-08-27 18:01:36,109 [INFO] IPUIPlugin:80 - create IPUIPlugin
2025-08-27 18:01:36,109 [INFO] IPUIPlugin:80 - create IPUIPlugin
2025-08-27 18:01:36,109 [INFO] IPUIPlugin:80 - create IPUIPlugin
2025-08-27 18:01:36,109 [INFO] IPUIPlugin:80 - create IPUIPlugin
2025-08-27 18:01:36,109 [INFO] IPUIPlugin:80 - create IPUIPlugin
2025-08-27 18:01:36,109 [INFO] IPUIPlugin:80 - create IPUIPlugin
2025-08-27 18:01:36,109 [INFO] IPUIPlugin:80 - create IPUIPlugin
2025-08-27 18:01:36,110 [INFO] IPUIPlugin:80 - create IPUIPlugin
2025-08-27 18:01:36,110 [INFO] IPUIPlugin:80 - create IPUIPlugin
2025-08-27 18:01:36,110 [INFO] IPUIPlugin:80 - create IPUIPlugin
2025-08-27 18:01:36,110 [INFO] IPUIPlugin:80 - create IPUIPlugin
2025-08-27 18:01:36,110 [INFO] IPUIPlugin:80 - create IPUIPlugin
2025-08-27 18:01:36,110 [INFO] IPUIPlugin:80 - create IPUIPlugin
2025-08-27 18:01:36,110 [INFO] IPUIPlugin:80 - create IPUIPlugin
2025-08-27 18:01:36,111 [INFO] IPUIPlugin:80 - create IPUIPlugin
2025-08-27 18:01:36,111 [INFO] IPUIPlugin:80 - create IPUIPlugin
2025-08-27 18:01:36,111 [INFO] IPUIPlugin:80 - create IPUIPlugin
2025-08-27 18:01:36,111 [INFO] IPUIPlugin:80 - create IPUIPlugin
2025-08-27 18:01:36,111 [INFO] IPUIPlugin:80 - create IPUIPlugin
2025-08-27 18:01:36,111 [INFO] IPUIPlugin:80 - create IPUIPlugin
2025-08-27 18:01:36,111 [INFO] IPUIPlugin:80 - create IPUIPlugin
2025-08-27 18:01:36,112 [INFO] IPUIPlugin:80 - create IPUIPlugin
2025-08-27 18:01:36,112 [INFO] IPUIPlugin:80 - create IPUIPlugin
2025-08-27 18:01:36,112 [INFO] IPUIPlugin:80 - create IPUIPlugin
2025-08-27 18:01:36,112 [INFO] IPUIPlugin:80 - create IPUIPlugin
2025-08-27 18:01:36,112 [INFO] IPUIPlugin:80 - create IPUIPlugin
2025-08-27 18:01:36,112 [INFO] IPUIPlugin:80 - create IPUIPlugin
2025-08-27 18:01:36,113 [INFO] IPUIPlugin:80 - create IPUIPlugin
2025-08-27 18:01:36,113 [INFO] IPUIPlugin:80 - create IPUIPlugin
2025-08-27 18:01:36,113 [INFO] IPUIPlugin:80 - create IPUIPlugin
2025-08-27 18:01:36,113 [INFO] IPUIPlugin:80 - create IPUIPlugin
2025-08-27 18:01:36,113 [INFO] IPUIPlugin:80 - create IPUIPlugin
2025-08-27 18:01:36,113 [INFO] IPUIPlugin:80 - create IPUIPlugin
2025-08-27 18:01:36,114 [INFO] IPUIPlugin:80 - create IPUIPlugin
2025-08-27 18:01:36,114 [INFO] IPUIPlugin:80 - create IPUIPlugin
2025-08-27 18:01:36,114 [INFO] IPUIPlugin:80 - create IPUIPlugin
2025-08-27 18:01:36,114 [INFO] IPUIPlugin:80 - create IPUIPlugin
2025-08-27 18:01:36,115 [INFO] IPUIPlugin:80 - create IPUIPlugin
2025-08-27 18:01:36,115 [INFO] IPUIPlugin:80 - create IPUIPlugin
2025-08-27 18:01:36,115 [INFO] IPUIPlugin:80 - create IPUIPlugin
2025-08-27 18:01:36,115 [INFO] IPUIPlugin:80 - create IPUIPlugin
2025-08-27 18:01:36,115 [INFO] IPUIPlugin:80 - create IPUIPlugin
2025-08-27 18:01:36,116 [INFO] IPUIPlugin:80 - create IPUIPlugin
2025-08-27 18:01:36,116 [INFO] IPUIPlugin:80 - create IPUIPlugin
2025-08-27 18:01:36,116 [INFO] IPUIPlugin:80 - create IPUIPlugin
2025-08-27 18:01:36,116 [INFO] IPUIPlugin:80 - create IPUIPlugin
2025-08-27 18:01:36,117 [INFO] IPUIPlugin:80 - create IPUIPlugin
2025-08-27 18:01:36,117 [INFO] IPUIPlugin:80 - create IPUIPlugin
2025-08-27 18:01:36,117 [INFO] IPUIPlugin:80 - create IPUIPlugin
2025-08-27 18:01:36,118 [INFO] IPUIPlugin:80 - create IPUIPlugin
2025-08-27 18:01:36,118 [INFO] IPUIPlugin:80 - create IPUIPlugin
2025-08-27 18:01:36,119 [INFO] IPUIPlugin:80 - create IPUIPlugin
2025-08-27 18:01:36,119 [INFO] IPUIPlugin:80 - create IPUIPlugin
2025-08-27 18:01:36,119 [INFO] IPUIPlugin:80 - create IPUIPlugin
2025-08-27 18:01:36,119 [INFO] IPUIPlugin:80 - create IPUIPlugin
2025-08-27 18:01:36,120 [INFO] IPUIPlugin:80 - create IPUIPlugin
2025-08-27 18:01:36,120 [INFO] IPUIPlugin:80 - create IPUIPlugin
2025-08-27 18:01:36,120 [INFO] IPUIPlugin:80 - create IPUIPlugin
2025-08-27 18:01:36,120 [INFO] IPUIPlugin:80 - create IPUIPlugin
2025-08-27 18:01:36,120 [INFO] IPUIPlugin:80 - create IPUIPlugin
2025-08-27 18:01:36,121 [INFO] IPUIPlugin:80 - create IPUIPlugin
2025-08-27 18:01:36,121 [INFO] IPUIPlugin:80 - create IPUIPlugin
2025-08-27 18:01:36,121 [INFO] IPUIPlugin:80 - create IPUIPlugin
2025-08-27 18:01:36,122 [INFO] IPUIPlugin:80 - create IPUIPlugin
2025-08-27 18:01:36,122 [INFO] IPUIPlugin:80 - create IPUIPlugin
2025-08-27 18:01:36,122 [INFO] IPUIPlugin:80 - create IPUIPlugin
2025-08-27 18:01:36,122 [INFO] IPUIPlugin:80 - create IPUIPlugin
2025-08-27 18:01:36,123 [INFO] IPUIPlugin:80 - create IPUIPlugin
2025-08-27 18:01:36,123 [INFO] IPUIPlugin:80 - create IPUIPlugin
2025-08-27 18:01:36,123 [INFO] IPUIPlugin:80 - create IPUIPlugin
2025-08-27 18:01:36,124 [INFO] IPUIPlugin:80 - create IPUIPlugin
2025-08-27 18:01:36,124 [INFO] IPUIPlugin:80 - create IPUIPlugin
2025-08-27 18:01:36,124 [INFO] IPUIPlugin:80 - create IPUIPlugin
2025-08-27 18:01:36,124 [INFO] IPUIPlugin:80 - create IPUIPlugin
2025-08-27 18:01:36,125 [INFO] IPUIPlugin:80 - create IPUIPlugin
2025-08-27 18:01:36,125 [INFO] IPUIPlugin:80 - create IPUIPlugin
2025-08-27 18:01:36,125 [INFO] IPUIPlugin:80 - create IPUIPlugin
2025-08-27 18:01:36,126 [INFO] IPUIPlugin:80 - create IPUIPlugin
2025-08-27 18:01:36,126 [INFO] IPUIPlugin:80 - create IPUIPlugin
2025-08-27 18:01:36,127 [INFO] IPUIPlugin:80 - create IPUIPlugin
2025-08-27 18:01:36,127 [INFO] IPUIPlugin:80 - create IPUIPlugin
2025-08-27 18:01:36,128 [INFO] IPUIPlugin:80 - create IPUIPlugin
2025-08-27 18:01:36,128 [INFO] IPUIPlugin:80 - create IPUIPlugin
2025-08-27 18:01:36,128 [INFO] IPUIPlugin:80 - create IPUIPlugin
2025-08-27 18:01:36,134 [INFO] ApiDbMcu:532 - Load IP Config File for PDM2PCM_M7
2025-08-27 18:01:36,137 [INFO] ApiDbMcu:532 - Load IP Config File for PDM2PCM_M4
2025-08-27 18:01:36,168 [WARN] FreeRTOS:1023 - Null or empty value: should not occur! (nothing added to the table)
2025-08-27 18:01:36,295 [INFO] CADModel:165 - CPN selected for project levelSTM32H755ZIT6
2025-08-27 18:01:36,295 [INFO] CADModel:114 - Register for checkConnection events
2025-08-27 18:01:36,298 [INFO] RtosManager:728 - Active RTOS found at IOC load: FREERTOS_M7 [CortexM7]
2025-08-27 18:01:36,348 [INFO] OpenFileManager:386 - Restore cursor
2025-08-27 18:01:36,596 [INFO] ProjectChoiceTab:962 - Analytics plugin initialized for: CortexM7 Enable multi-threaded support
2025-08-27 18:02:10,060 [INFO] ADCParametersView:116 -                Rank 1 : false
2025-08-27 18:02:10,254 [INFO] ADCParametersView:116 -                Rank 1 : false
2025-08-27 18:02:10,255 [INFO] ADCParametersView:116 -                Rank 1 : false
2025-08-27 18:02:10,255 [INFO] ADCParametersView:116 -                Rank 1 : false
2025-08-27 18:02:10,255 [INFO] ADCParametersView:116 -                Rank 1 : false
2025-08-27 18:02:10,255 [INFO] ADCParametersView:116 -                Rank 1 : false
2025-08-27 18:02:10,256 [INFO] ADCParametersView:116 -                Rank 1 : false
2025-08-27 18:02:10,256 [INFO] ADCParametersView:116 -                Rank 1 : false
2025-08-27 18:02:10,256 [INFO] ADCParametersView:116 -                Rank 1 : false
2025-08-27 18:02:10,256 [INFO] ADCParametersView:116 -                Rank 1 : false
2025-08-27 18:02:10,257 [INFO] ADCParametersView:116 -                Rank 1 : false
2025-08-27 18:02:10,257 [INFO] ADCParametersView:116 -                Rank 1 : false
2025-08-27 18:02:10,257 [INFO] ADCParametersView:116 -                Rank 1 : false
2025-08-27 18:02:10,257 [INFO] ADCParametersView:116 -                Rank 1 : false
2025-08-27 18:02:10,257 [INFO] ADCParametersView:116 -                Rank 1 : false
2025-08-27 18:02:10,258 [INFO] ADCParametersView:116 -                Rank 1 : false
2025-08-27 18:02:10,258 [INFO] ADCParametersView:116 -                Rank 1 : false
2025-08-27 18:02:10,258 [INFO] ADCParametersView:116 -                Rank 1 : false
2025-08-27 18:02:10,258 [INFO] ADCParametersView:116 -                Rank 1 : false
2025-08-27 18:02:10,258 [INFO] ADCParametersView:116 -                Rank 1 : false
2025-08-27 18:02:10,258 [INFO] ADCParametersView:116 -                Rank 1 : false
2025-08-27 18:02:10,259 [INFO] ADCParametersView:116 -                Rank 1 : false
2025-08-27 18:02:10,346 [INFO] ADCParametersView:116 -                Rank 1 : false
2025-08-27 18:02:17,784 [INFO] ADCParametersView:116 -                Rank 1 : false
2025-08-27 18:02:17,894 [INFO] ADCParametersView:116 -                Rank 1 : false
2025-08-27 18:02:17,894 [INFO] ADCParametersView:116 -                Rank 1 : false
2025-08-27 18:02:17,894 [INFO] ADCParametersView:116 -                Rank 1 : false
2025-08-27 18:02:17,895 [INFO] ADCParametersView:116 -                Rank 1 : false
2025-08-27 18:02:17,895 [INFO] ADCParametersView:116 -                Rank 1 : false
2025-08-27 18:02:17,895 [INFO] ADCParametersView:116 -                Rank 1 : false
2025-08-27 18:02:17,895 [INFO] ADCParametersView:116 -                Rank 1 : false
2025-08-27 18:02:17,895 [INFO] ADCParametersView:116 -                Rank 1 : false
2025-08-27 18:02:17,895 [INFO] ADCParametersView:116 -                Rank 1 : false
2025-08-27 18:02:17,895 [INFO] ADCParametersView:116 -                Rank 1 : false
2025-08-27 18:02:17,896 [INFO] ADCParametersView:116 -                Rank 1 : false
2025-08-27 18:02:17,896 [INFO] ADCParametersView:116 -                Rank 1 : false
2025-08-27 18:02:17,896 [INFO] ADCParametersView:116 -                Rank 1 : false
2025-08-27 18:02:17,896 [INFO] ADCParametersView:116 -                Rank 1 : false
2025-08-27 18:02:17,896 [INFO] ADCParametersView:116 -                Rank 1 : false
2025-08-27 18:02:17,896 [INFO] ADCParametersView:116 -                Rank 1 : false
2025-08-27 18:02:17,897 [INFO] ADCParametersView:116 -                Rank 1 : false
2025-08-27 18:02:17,897 [INFO] ADCParametersView:116 -                Rank 1 : false
2025-08-27 18:02:17,897 [INFO] ADCParametersView:116 -                Rank 1 : false
2025-08-27 18:02:17,897 [INFO] ADCParametersView:116 -                Rank 1 : false
2025-08-27 18:02:17,976 [INFO] ADCParametersView:116 -                Rank 1 : false
2025-08-27 18:04:19,717 [INFO] ADCParametersView:116 -                Rank 1 : false
2025-08-27 18:04:19,717 [INFO] ADCParametersView:116 -                Rank 1 : false
2025-08-27 18:04:19,718 [INFO] ADCParametersView:116 -                Rank 1 : false
2025-08-27 18:04:19,718 [INFO] ADCParametersView:116 -                Rank 1 : false
2025-08-27 18:04:19,718 [INFO] ADCParametersView:116 -                Rank 1 : false
2025-08-27 18:04:19,718 [INFO] ADCParametersView:116 -                Rank 1 : false
2025-08-27 18:04:19,718 [INFO] ADCParametersView:116 -                Rank 1 : false
2025-08-27 18:04:19,718 [INFO] ADCParametersView:116 -                Rank 1 : false
2025-08-27 18:04:19,718 [INFO] ADCParametersView:116 -                Rank 1 : false
2025-08-27 18:04:19,718 [INFO] ADCParametersView:116 -                Rank 1 : false
2025-08-27 18:04:19,719 [INFO] ADCParametersView:116 -                Rank 1 : false
2025-08-27 18:04:19,719 [INFO] ADCParametersView:116 -                Rank 1 : false
2025-08-27 18:04:19,719 [INFO] ADCParametersView:116 -                Rank 1 : false
2025-08-27 18:04:19,719 [INFO] ADCParametersView:116 -                Rank 1 : false
2025-08-27 18:04:19,719 [INFO] ADCParametersView:116 -                Rank 1 : false
2025-08-27 18:04:19,719 [INFO] ADCParametersView:116 -                Rank 1 : false
2025-08-27 18:04:19,719 [INFO] ADCParametersView:116 -                Rank 1 : false
2025-08-27 18:04:19,719 [INFO] ADCParametersView:116 -                Rank 1 : false
2025-08-27 18:04:19,719 [INFO] ADCParametersView:116 -                Rank 1 : false
2025-08-27 18:04:19,719 [INFO] ADCParametersView:116 -                Rank 1 : false
2025-08-27 18:04:19,811 [INFO] ADCParametersView:116 -                Rank 1 : false
2025-08-27 18:04:19,916 [INFO] ADCParametersView:116 -                Rank 1 : false
2025-08-27 18:04:19,916 [INFO] ADCParametersView:116 -                Rank 1 : false
2025-08-27 18:04:19,916 [INFO] ADCParametersView:116 -                Rank 1 : false
2025-08-27 18:04:19,916 [INFO] ADCParametersView:116 -                Rank 1 : false
2025-08-27 18:04:19,916 [INFO] ADCParametersView:116 -                Rank 1 : false
2025-08-27 18:04:19,917 [INFO] ADCParametersView:116 -                Rank 1 : false
2025-08-27 18:04:19,917 [INFO] ADCParametersView:116 -                Rank 1 : false
2025-08-27 18:04:19,917 [INFO] ADCParametersView:116 -                Rank 1 : false
2025-08-27 18:04:19,917 [INFO] ADCParametersView:116 -                Rank 1 : false
2025-08-27 18:04:19,917 [INFO] ADCParametersView:116 -                Rank 1 : false
2025-08-27 18:04:19,917 [INFO] ADCParametersView:116 -                Rank 1 : false
2025-08-27 18:04:19,917 [INFO] ADCParametersView:116 -                Rank 1 : false
2025-08-27 18:04:19,917 [INFO] ADCParametersView:116 -                Rank 1 : false
2025-08-27 18:04:19,917 [INFO] ADCParametersView:116 -                Rank 1 : false
2025-08-27 18:04:19,917 [INFO] ADCParametersView:116 -                Rank 1 : false
2025-08-27 18:04:19,917 [INFO] ADCParametersView:116 -                Rank 1 : false
2025-08-27 18:04:19,917 [INFO] ADCParametersView:116 -                Rank 1 : false
2025-08-27 18:04:19,918 [INFO] ADCParametersView:116 -                Rank 1 : false
2025-08-27 18:04:19,918 [INFO] ADCParametersView:116 -                Rank 1 : false
2025-08-27 18:04:19,918 [INFO] ADCParametersView:116 -                Rank 1 : false
2025-08-27 18:04:20,001 [INFO] ADCParametersView:116 -                Rank 1 : false
2025-08-27 18:04:20,558 [INFO] ADCParametersView:116 -                Rank 1 : false
2025-08-27 18:04:20,558 [INFO] ADCParametersView:116 -                Rank 1 : false
2025-08-27 18:04:20,558 [INFO] ADCParametersView:116 -                Rank 1 : false
2025-08-27 18:04:20,558 [INFO] ADCParametersView:116 -                Rank 1 : false
2025-08-27 18:04:20,559 [INFO] ADCParametersView:116 -                Rank 1 : false
2025-08-27 18:04:20,559 [INFO] ADCParametersView:116 -                Rank 1 : false
2025-08-27 18:04:20,559 [INFO] ADCParametersView:116 -                Rank 1 : false
2025-08-27 18:04:20,559 [INFO] ADCParametersView:116 -                Rank 1 : false
2025-08-27 18:04:20,559 [INFO] ADCParametersView:116 -                Rank 1 : false
2025-08-27 18:04:20,559 [INFO] ADCParametersView:116 -                Rank 1 : false
2025-08-27 18:04:20,559 [INFO] ADCParametersView:116 -                Rank 1 : false
2025-08-27 18:04:20,559 [INFO] ADCParametersView:116 -                Rank 1 : false
2025-08-27 18:04:20,559 [INFO] ADCParametersView:116 -                Rank 1 : false
2025-08-27 18:04:20,559 [INFO] ADCParametersView:116 -                Rank 1 : false
2025-08-27 18:04:20,559 [INFO] ADCParametersView:116 -                Rank 1 : false
2025-08-27 18:04:20,559 [INFO] ADCParametersView:116 -                Rank 1 : false
2025-08-27 18:04:20,559 [INFO] ADCParametersView:116 -                Rank 1 : false
2025-08-27 18:04:20,559 [INFO] ADCParametersView:116 -                Rank 1 : false
2025-08-27 18:04:20,559 [INFO] ADCParametersView:116 -                Rank 1 : false
2025-08-27 18:04:20,559 [INFO] ADCParametersView:116 -                Rank 1 : false
2025-08-27 18:04:20,637 [INFO] ADCParametersView:116 -                Rank 1 : false
2025-08-27 18:04:20,731 [INFO] ADCParametersView:116 -                Rank 1 : false
2025-08-27 18:04:20,731 [INFO] ADCParametersView:116 -                Rank 1 : false
2025-08-27 18:04:20,732 [INFO] ADCParametersView:116 -                Rank 1 : false
2025-08-27 18:04:20,732 [INFO] ADCParametersView:116 -                Rank 1 : false
2025-08-27 18:04:20,732 [INFO] ADCParametersView:116 -                Rank 1 : false
2025-08-27 18:04:20,732 [INFO] ADCParametersView:116 -                Rank 1 : false
2025-08-27 18:04:20,732 [INFO] ADCParametersView:116 -                Rank 1 : false
2025-08-27 18:04:20,732 [INFO] ADCParametersView:116 -                Rank 1 : false
2025-08-27 18:04:20,732 [INFO] ADCParametersView:116 -                Rank 1 : false
2025-08-27 18:04:20,732 [INFO] ADCParametersView:116 -                Rank 1 : false
2025-08-27 18:04:20,732 [INFO] ADCParametersView:116 -                Rank 1 : false
2025-08-27 18:04:20,732 [INFO] ADCParametersView:116 -                Rank 1 : false
2025-08-27 18:04:20,732 [INFO] ADCParametersView:116 -                Rank 1 : false
2025-08-27 18:04:20,732 [INFO] ADCParametersView:116 -                Rank 1 : false
2025-08-27 18:04:20,732 [INFO] ADCParametersView:116 -                Rank 1 : false
2025-08-27 18:04:20,732 [INFO] ADCParametersView:116 -                Rank 1 : false
2025-08-27 18:04:20,732 [INFO] ADCParametersView:116 -                Rank 1 : false
2025-08-27 18:04:20,732 [INFO] ADCParametersView:116 -                Rank 1 : false
2025-08-27 18:04:20,733 [INFO] ADCParametersView:116 -                Rank 1 : false
2025-08-27 18:04:20,733 [INFO] ADCParametersView:116 -                Rank 1 : false
2025-08-27 18:04:20,811 [INFO] ADCParametersView:116 -                Rank 1 : false
2025-08-27 18:04:21,707 [WARN] ContextAllowed:149 - Switch context cannot be done in case of multiple context selected
2025-08-27 18:04:22,053 [INFO] ADCParametersView:116 -                Rank 1 : false
2025-08-27 18:04:22,053 [INFO] ADCParametersView:116 -                Rank 1 : false
2025-08-27 18:04:22,053 [INFO] ADCParametersView:116 -                Rank 1 : false
2025-08-27 18:04:22,053 [INFO] ADCParametersView:116 -                Rank 1 : false
2025-08-27 18:04:22,053 [INFO] ADCParametersView:116 -                Rank 1 : false
2025-08-27 18:04:22,053 [INFO] ADCParametersView:116 -                Rank 1 : false
2025-08-27 18:04:22,053 [INFO] ADCParametersView:116 -                Rank 1 : false
2025-08-27 18:04:22,053 [INFO] ADCParametersView:116 -                Rank 1 : false
2025-08-27 18:04:22,053 [INFO] ADCParametersView:116 -                Rank 1 : false
2025-08-27 18:04:22,053 [INFO] ADCParametersView:116 -                Rank 1 : false
2025-08-27 18:04:22,053 [INFO] ADCParametersView:116 -                Rank 1 : false
2025-08-27 18:04:22,054 [INFO] ADCParametersView:116 -                Rank 1 : false
2025-08-27 18:04:22,054 [INFO] ADCParametersView:116 -                Rank 1 : false
2025-08-27 18:04:22,054 [INFO] ADCParametersView:116 -                Rank 1 : false
2025-08-27 18:04:22,054 [INFO] ADCParametersView:116 -                Rank 1 : false
2025-08-27 18:04:22,054 [INFO] ADCParametersView:116 -                Rank 1 : false
2025-08-27 18:04:22,054 [INFO] ADCParametersView:116 -                Rank 1 : false
2025-08-27 18:04:22,054 [INFO] ADCParametersView:116 -                Rank 1 : false
2025-08-27 18:04:22,054 [INFO] ADCParametersView:116 -                Rank 1 : false
2025-08-27 18:04:22,054 [INFO] ADCParametersView:116 -                Rank 1 : false
2025-08-27 18:04:22,132 [INFO] ADCParametersView:116 -                Rank 1 : false
2025-08-27 18:04:22,226 [INFO] ADCParametersView:116 -                Rank 1 : false
2025-08-27 18:04:22,226 [INFO] ADCParametersView:116 -                Rank 1 : false
2025-08-27 18:04:22,226 [INFO] ADCParametersView:116 -                Rank 1 : false
2025-08-27 18:04:22,226 [INFO] ADCParametersView:116 -                Rank 1 : false
2025-08-27 18:04:22,226 [INFO] ADCParametersView:116 -                Rank 1 : false
2025-08-27 18:04:22,226 [INFO] ADCParametersView:116 -                Rank 1 : false
2025-08-27 18:04:22,226 [INFO] ADCParametersView:116 -                Rank 1 : false
2025-08-27 18:04:22,226 [INFO] ADCParametersView:116 -                Rank 1 : false
2025-08-27 18:04:22,226 [INFO] ADCParametersView:116 -                Rank 1 : false
2025-08-27 18:04:22,226 [INFO] ADCParametersView:116 -                Rank 1 : false
2025-08-27 18:04:22,227 [INFO] ADCParametersView:116 -                Rank 1 : false
2025-08-27 18:04:22,227 [INFO] ADCParametersView:116 -                Rank 1 : false
2025-08-27 18:04:22,227 [INFO] ADCParametersView:116 -                Rank 1 : false
2025-08-27 18:04:22,227 [INFO] ADCParametersView:116 -                Rank 1 : false
2025-08-27 18:04:22,227 [INFO] ADCParametersView:116 -                Rank 1 : false
2025-08-27 18:04:22,227 [INFO] ADCParametersView:116 -                Rank 1 : false
2025-08-27 18:04:22,227 [INFO] ADCParametersView:116 -                Rank 1 : false
2025-08-27 18:04:22,227 [INFO] ADCParametersView:116 -                Rank 1 : false
2025-08-27 18:04:22,227 [INFO] ADCParametersView:116 -                Rank 1 : false
2025-08-27 18:04:22,227 [INFO] ADCParametersView:116 -                Rank 1 : false
2025-08-27 18:04:22,300 [INFO] ADCParametersView:116 -                Rank 1 : false
2025-08-27 18:04:22,808 [INFO] ADCParametersView:116 -                Rank 1 : false
2025-08-27 18:04:22,808 [INFO] ADCParametersView:116 -                Rank 1 : false
2025-08-27 18:04:22,808 [INFO] ADCParametersView:116 -                Rank 1 : false
2025-08-27 18:04:22,808 [INFO] ADCParametersView:116 -                Rank 1 : false
2025-08-27 18:04:22,808 [INFO] ADCParametersView:116 -                Rank 1 : false
2025-08-27 18:04:22,808 [INFO] ADCParametersView:116 -                Rank 1 : false
2025-08-27 18:04:22,808 [INFO] ADCParametersView:116 -                Rank 1 : false
2025-08-27 18:04:22,808 [INFO] ADCParametersView:116 -                Rank 1 : false
2025-08-27 18:04:22,808 [INFO] ADCParametersView:116 -                Rank 1 : false
2025-08-27 18:04:22,808 [INFO] ADCParametersView:116 -                Rank 1 : false
2025-08-27 18:04:22,808 [INFO] ADCParametersView:116 -                Rank 1 : false
2025-08-27 18:04:22,809 [INFO] ADCParametersView:116 -                Rank 1 : false
2025-08-27 18:04:22,809 [INFO] ADCParametersView:116 -                Rank 1 : false
2025-08-27 18:04:22,809 [INFO] ADCParametersView:116 -                Rank 1 : false
2025-08-27 18:04:22,809 [INFO] ADCParametersView:116 -                Rank 1 : false
2025-08-27 18:04:22,809 [INFO] ADCParametersView:116 -                Rank 1 : false
2025-08-27 18:04:22,809 [INFO] ADCParametersView:116 -                Rank 1 : false
2025-08-27 18:04:22,809 [INFO] ADCParametersView:116 -                Rank 1 : false
2025-08-27 18:04:22,809 [INFO] ADCParametersView:116 -                Rank 1 : false
2025-08-27 18:04:22,809 [INFO] ADCParametersView:116 -                Rank 1 : false
2025-08-27 18:04:22,888 [INFO] ADCParametersView:116 -                Rank 1 : false
2025-08-27 18:04:22,981 [INFO] ADCParametersView:116 -                Rank 1 : false
2025-08-27 18:04:22,981 [INFO] ADCParametersView:116 -                Rank 1 : false
2025-08-27 18:04:22,981 [INFO] ADCParametersView:116 -                Rank 1 : false
2025-08-27 18:04:22,981 [INFO] ADCParametersView:116 -                Rank 1 : false
2025-08-27 18:04:22,981 [INFO] ADCParametersView:116 -                Rank 1 : false
2025-08-27 18:04:22,981 [INFO] ADCParametersView:116 -                Rank 1 : false
2025-08-27 18:04:22,981 [INFO] ADCParametersView:116 -                Rank 1 : false
2025-08-27 18:04:22,982 [INFO] ADCParametersView:116 -                Rank 1 : false
2025-08-27 18:04:22,982 [INFO] ADCParametersView:116 -                Rank 1 : false
2025-08-27 18:04:22,982 [INFO] ADCParametersView:116 -                Rank 1 : false
2025-08-27 18:04:22,982 [INFO] ADCParametersView:116 -                Rank 1 : false
2025-08-27 18:04:22,982 [INFO] ADCParametersView:116 -                Rank 1 : false
2025-08-27 18:04:22,982 [INFO] ADCParametersView:116 -                Rank 1 : false
2025-08-27 18:04:22,982 [INFO] ADCParametersView:116 -                Rank 1 : false
2025-08-27 18:04:22,982 [INFO] ADCParametersView:116 -                Rank 1 : false
2025-08-27 18:04:22,982 [INFO] ADCParametersView:116 -                Rank 1 : false
2025-08-27 18:04:22,982 [INFO] ADCParametersView:116 -                Rank 1 : false
2025-08-27 18:04:22,982 [INFO] ADCParametersView:116 -                Rank 1 : false
2025-08-27 18:04:22,982 [INFO] ADCParametersView:116 -                Rank 1 : false
2025-08-27 18:04:22,982 [INFO] ADCParametersView:116 -                Rank 1 : false
2025-08-27 18:04:23,059 [INFO] ADCParametersView:116 -                Rank 1 : false
2025-08-27 18:17:31,589 [INFO] NvicIntPanel:101 - NVIC parent = com.st.microxplorer.plugins.ip.nvic.MultiNvicIntPanel[,0,0,450x159,layout=javax.swing.BoxLayout,alignmentX=0.0,alignmentY=0.0,border=,flags=9,maximumSize=,minimumSize=,preferredSize=]
2025-08-27 18:17:32,477 [INFO] ADCParametersView:116 -                Rank 1 : false
2025-08-27 18:17:32,477 [INFO] ADCParametersView:116 -                Rank 1 : false
2025-08-27 18:17:32,478 [INFO] ADCParametersView:116 -                Rank 1 : false
2025-08-27 18:17:32,478 [INFO] ADCParametersView:116 -                Rank 1 : false
2025-08-27 18:17:32,478 [INFO] ADCParametersView:116 -                Rank 1 : false
2025-08-27 18:17:32,478 [INFO] ADCParametersView:116 -                Rank 1 : false
2025-08-27 18:17:32,478 [INFO] ADCParametersView:116 -                Rank 1 : false
2025-08-27 18:17:32,478 [INFO] ADCParametersView:116 -                Rank 1 : false
2025-08-27 18:17:32,478 [INFO] ADCParametersView:116 -                Rank 1 : false
2025-08-27 18:17:32,478 [INFO] ADCParametersView:116 -                Rank 1 : false
2025-08-27 18:17:32,478 [INFO] ADCParametersView:116 -                Rank 1 : false
2025-08-27 18:17:32,478 [INFO] ADCParametersView:116 -                Rank 1 : false
2025-08-27 18:17:32,478 [INFO] ADCParametersView:116 -                Rank 1 : false
2025-08-27 18:17:32,478 [INFO] ADCParametersView:116 -                Rank 1 : false
2025-08-27 18:17:32,478 [INFO] ADCParametersView:116 -                Rank 1 : false
2025-08-27 18:17:32,478 [INFO] ADCParametersView:116 -                Rank 1 : false
2025-08-27 18:17:32,478 [INFO] ADCParametersView:116 -                Rank 1 : false
2025-08-27 18:17:32,478 [INFO] ADCParametersView:116 -                Rank 1 : false
2025-08-27 18:17:32,478 [INFO] ADCParametersView:116 -                Rank 1 : false
2025-08-27 18:17:32,478 [INFO] ADCParametersView:116 -                Rank 1 : false
2025-08-27 18:17:32,563 [INFO] ADCParametersView:116 -                Rank 1 : false
2025-08-27 18:19:51,187 [INFO] SpinnerEditorADC:65 - is string kkkk
2025-08-27 18:19:56,410 [INFO] ParamManager:905 - [Generic UI] PropertyChangeEvent: TAB_STATUS_CHANGED , "dont care", "never mind"
2025-08-27 18:19:56,454 [INFO] NvicIntPanel:101 - NVIC parent = com.st.microxplorer.plugins.ip.nvic.MultiNvicIntPanel[,0,0,0x0,invalid,layout=javax.swing.BoxLayout,alignmentX=0.0,alignmentY=0.0,border=,flags=9,maximumSize=,minimumSize=,preferredSize=]
2025-08-27 18:19:56,615 [INFO] ParamManager:905 - [Generic UI] PropertyChangeEvent: TAB_STATUS_CHANGED , "dont care", "never mind"
2025-08-27 18:19:56,655 [INFO] NvicIntPanel:101 - NVIC parent = com.st.microxplorer.plugins.ip.nvic.MultiNvicIntPanel[,0,0,0x0,invalid,layout=javax.swing.BoxLayout,alignmentX=0.0,alignmentY=0.0,border=,flags=9,maximumSize=,minimumSize=,preferredSize=]
2025-08-27 18:19:56,840 [INFO] NvicIntPanel:101 - NVIC parent = com.st.microxplorer.plugins.ip.nvic.MultiNvicIntPanel[,0,0,0x0,invalid,layout=javax.swing.BoxLayout,alignmentX=0.0,alignmentY=0.0,border=,flags=9,maximumSize=,minimumSize=,preferredSize=]
2025-08-27 18:19:57,070 [INFO] NvicIntPanel:101 - NVIC parent = com.st.microxplorer.plugins.ip.nvic.MultiNvicIntPanel[,0,0,0x0,invalid,layout=javax.swing.BoxLayout,alignmentX=0.0,alignmentY=0.0,border=,flags=9,maximumSize=,minimumSize=,preferredSize=]
2025-08-27 18:19:57,226 [INFO] ParamManager:905 - [Generic UI] PropertyChangeEvent: TAB_STATUS_CHANGED , "dont care", "never mind"
2025-08-27 18:19:57,264 [INFO] NvicIntPanel:101 - NVIC parent = com.st.microxplorer.plugins.ip.nvic.MultiNvicIntPanel[,0,0,0x0,invalid,layout=javax.swing.BoxLayout,alignmentX=0.0,alignmentY=0.0,border=,flags=9,maximumSize=,minimumSize=,preferredSize=]
2025-08-27 18:19:57,416 [INFO] ParamManager:905 - [Generic UI] PropertyChangeEvent: TAB_STATUS_CHANGED , "dont care", "never mind"
2025-08-27 18:19:57,454 [INFO] NvicIntPanel:101 - NVIC parent = com.st.microxplorer.plugins.ip.nvic.MultiNvicIntPanel[,0,0,0x0,invalid,layout=javax.swing.BoxLayout,alignmentX=0.0,alignmentY=0.0,border=,flags=9,maximumSize=,minimumSize=,preferredSize=]
2025-08-27 18:19:57,656 [INFO] NvicIntPanel:101 - NVIC parent = com.st.microxplorer.plugins.ip.nvic.MultiNvicIntPanel[,0,0,0x0,invalid,layout=javax.swing.BoxLayout,alignmentX=0.0,alignmentY=0.0,border=,flags=9,maximumSize=,minimumSize=,preferredSize=]
2025-08-27 18:19:57,838 [INFO] NvicIntPanel:101 - NVIC parent = com.st.microxplorer.plugins.ip.nvic.MultiNvicIntPanel[,0,0,0x0,invalid,layout=javax.swing.BoxLayout,alignmentX=0.0,alignmentY=0.0,border=,flags=9,maximumSize=,minimumSize=,preferredSize=]
2025-08-27 18:19:57,994 [INFO] ParamManager:905 - [Generic UI] PropertyChangeEvent: TAB_STATUS_CHANGED , "dont care", "never mind"
2025-08-27 18:19:58,036 [INFO] NvicIntPanel:101 - NVIC parent = com.st.microxplorer.plugins.ip.nvic.MultiNvicIntPanel[,0,0,0x0,invalid,layout=javax.swing.BoxLayout,alignmentX=0.0,alignmentY=0.0,border=,flags=9,maximumSize=,minimumSize=,preferredSize=]
2025-08-27 18:19:58,185 [INFO] ParamManager:905 - [Generic UI] PropertyChangeEvent: TAB_STATUS_CHANGED , "dont care", "never mind"
2025-08-27 18:19:58,222 [INFO] NvicIntPanel:101 - NVIC parent = com.st.microxplorer.plugins.ip.nvic.MultiNvicIntPanel[,0,0,0x0,invalid,layout=javax.swing.BoxLayout,alignmentX=0.0,alignmentY=0.0,border=,flags=9,maximumSize=,minimumSize=,preferredSize=]
2025-08-27 18:19:58,414 [INFO] NvicIntPanel:101 - NVIC parent = com.st.microxplorer.plugins.ip.nvic.MultiNvicIntPanel[,0,0,0x0,invalid,layout=javax.swing.BoxLayout,alignmentX=0.0,alignmentY=0.0,border=,flags=9,maximumSize=,minimumSize=,preferredSize=]
2025-08-27 18:19:58,612 [INFO] NvicIntPanel:101 - NVIC parent = com.st.microxplorer.plugins.ip.nvic.MultiNvicIntPanel[,0,0,0x0,invalid,layout=javax.swing.BoxLayout,alignmentX=0.0,alignmentY=0.0,border=,flags=9,maximumSize=,minimumSize=,preferredSize=]
2025-08-27 18:19:58,817 [INFO] NvicIntPanel:101 - NVIC parent = com.st.microxplorer.plugins.ip.nvic.MultiNvicIntPanel[,0,0,0x0,invalid,layout=javax.swing.BoxLayout,alignmentX=0.0,alignmentY=0.0,border=,flags=9,maximumSize=,minimumSize=,preferredSize=]
2025-08-27 18:19:58,869 [INFO] ADCParametersView:116 -                Rank 1 : false
2025-08-27 18:19:58,871 [INFO] ADCParametersView:116 -                Rank 1 : false
2025-08-27 18:19:58,871 [INFO] ADCParametersView:116 -                Rank 1 : false
2025-08-27 18:19:58,871 [INFO] ADCParametersView:116 -                Rank 1 : false
2025-08-27 18:19:58,871 [INFO] ADCParametersView:116 -                Rank 1 : false
2025-08-27 18:19:58,871 [INFO] ADCParametersView:116 -                Rank 1 : false
2025-08-27 18:19:58,872 [INFO] ADCParametersView:116 -                Rank 1 : false
2025-08-27 18:19:58,872 [INFO] ADCParametersView:116 -                Rank 1 : false
2025-08-27 18:19:58,872 [INFO] ADCParametersView:116 -                Rank 1 : false
2025-08-27 18:19:58,872 [INFO] ADCParametersView:116 -                Rank 1 : false
2025-08-27 18:19:58,872 [INFO] ADCParametersView:116 -                Rank 1 : false
2025-08-27 18:19:58,872 [INFO] ADCParametersView:116 -                Rank 1 : false
2025-08-27 18:19:58,872 [INFO] ADCParametersView:116 -                Rank 1 : false
2025-08-27 18:19:58,872 [INFO] ADCParametersView:116 -                Rank 1 : false
2025-08-27 18:19:58,872 [INFO] ADCParametersView:116 -                Rank 1 : false
2025-08-27 18:19:58,872 [INFO] ADCParametersView:116 -                Rank 1 : false
2025-08-27 18:19:58,872 [INFO] ADCParametersView:116 -                Rank 1 : false
2025-08-27 18:19:58,872 [INFO] ADCParametersView:116 -                Rank 1 : false
2025-08-27 18:19:58,872 [INFO] ADCParametersView:116 -                Rank 1 : false
2025-08-27 18:19:58,872 [INFO] ADCParametersView:116 -                Rank 1 : false
2025-08-27 18:19:58,957 [INFO] ADCParametersView:116 -                Rank 1 : false
2025-08-27 18:19:58,958 [INFO] ADCParametersView:116 -                Rank 1 : false
2025-08-27 18:19:58,958 [INFO] ADCParametersView:116 -        *      Rank 2 : false
2025-08-27 18:19:58,958 [INFO] ADCParametersView:116 -                Rank 1 : false
2025-08-27 18:19:58,958 [INFO] ADCParametersView:116 -        *      Rank 2 : false
2025-08-27 18:19:58,958 [INFO] ADCParametersView:116 -        *      Rank 3 : false
2025-08-27 18:19:58,958 [INFO] ADCParametersView:116 -                Rank 1 : false
2025-08-27 18:19:58,958 [INFO] ADCParametersView:116 -        *      Rank 2 : false
2025-08-27 18:19:58,958 [INFO] ADCParametersView:116 -        *      Rank 3 : false
2025-08-27 18:19:58,958 [INFO] ADCParametersView:116 -        *      Rank 4 : false
2025-08-27 18:20:03,975 [INFO] ADCParametersView:116 -                Rank 1 : true
2025-08-27 18:20:03,975 [INFO] ADCParametersView:116 -        *      Rank 2 : false
2025-08-27 18:20:03,975 [INFO] ADCParametersView:116 -        *      Rank 3 : false
2025-08-27 18:20:03,975 [INFO] ADCParametersView:116 -        *      Rank 4 : false
2025-08-27 18:20:05,086 [INFO] ADCParametersView:116 -                Rank 1 : false
2025-08-27 18:20:05,086 [INFO] ADCParametersView:116 -        *      Rank 2 : false
2025-08-27 18:20:05,086 [INFO] ADCParametersView:116 -        *      Rank 3 : false
2025-08-27 18:20:05,086 [INFO] ADCParametersView:116 -        *      Rank 4 : false
2025-08-27 18:20:05,586 [INFO] ADCParametersView:116 -                Rank 1 : false
2025-08-27 18:20:05,586 [INFO] ADCParametersView:116 -        *      Rank 2 : true
2025-08-27 18:20:05,586 [INFO] ADCParametersView:116 -        *      Rank 3 : false
2025-08-27 18:20:05,586 [INFO] ADCParametersView:116 -        *      Rank 4 : false
2025-08-27 18:20:05,967 [INFO] ADCParametersView:116 -                Rank 1 : false
2025-08-27 18:20:05,967 [INFO] ADCParametersView:116 -        *      Rank 2 : false
2025-08-27 18:20:05,967 [INFO] ADCParametersView:116 -        *      Rank 3 : false
2025-08-27 18:20:05,967 [INFO] ADCParametersView:116 -        *      Rank 4 : false
2025-08-27 18:20:06,301 [INFO] ADCParametersView:116 -                Rank 1 : false
2025-08-27 18:20:06,302 [INFO] ADCParametersView:116 -        *      Rank 2 : false
2025-08-27 18:20:06,302 [INFO] ADCParametersView:116 -        *      Rank 3 : true
2025-08-27 18:20:06,302 [INFO] ADCParametersView:116 -        *      Rank 4 : false
2025-08-27 18:20:06,657 [INFO] ADCParametersView:116 -                Rank 1 : false
2025-08-27 18:20:06,657 [INFO] ADCParametersView:116 -        *      Rank 2 : false
2025-08-27 18:20:06,657 [INFO] ADCParametersView:116 -        *      Rank 3 : false
2025-08-27 18:20:06,657 [INFO] ADCParametersView:116 -        *      Rank 4 : false
2025-08-27 18:20:07,109 [INFO] ADCParametersView:116 -                Rank 1 : false
2025-08-27 18:20:07,109 [INFO] ADCParametersView:116 -        *      Rank 2 : false
2025-08-27 18:20:07,109 [INFO] ADCParametersView:116 -        *      Rank 3 : false
2025-08-27 18:20:07,109 [INFO] ADCParametersView:116 -        *      Rank 4 : true
2025-08-27 18:20:07,411 [INFO] ADCParametersView:116 -                Rank 1 : false
2025-08-27 18:20:07,411 [INFO] ADCParametersView:116 -        *      Rank 2 : false
2025-08-27 18:20:07,411 [INFO] ADCParametersView:116 -        *      Rank 3 : false
2025-08-27 18:20:07,411 [INFO] ADCParametersView:116 -        *      Rank 4 : false
2025-08-27 18:20:07,765 [INFO] ADCParametersView:116 -                Rank 1 : true
2025-08-27 18:20:07,765 [INFO] ADCParametersView:116 -        *      Rank 2 : false
2025-08-27 18:20:07,765 [INFO] ADCParametersView:116 -        *      Rank 3 : false
2025-08-27 18:20:07,765 [INFO] ADCParametersView:116 -        *      Rank 4 : false
2025-08-27 18:20:12,155 [INFO] ADCParametersView:116 -                Rank 1 : true
2025-08-27 18:20:12,155 [INFO] ADCParametersView:116 -        *      Rank 2 : true
2025-08-27 18:20:12,155 [INFO] ADCParametersView:116 -        *      Rank 3 : false
2025-08-27 18:20:12,155 [INFO] ADCParametersView:116 -        *      Rank 4 : false
2025-08-27 18:20:14,059 [INFO] NvicIntPanel:101 - NVIC parent = com.st.microxplorer.plugins.ip.nvic.MultiNvicIntPanel[,0,0,0x0,invalid,layout=javax.swing.BoxLayout,alignmentX=0.0,alignmentY=0.0,border=,flags=9,maximumSize=,minimumSize=,preferredSize=]
2025-08-27 18:20:14,116 [INFO] ADCParametersView:116 -                Rank 1 : true
2025-08-27 18:20:14,116 [INFO] ADCParametersView:116 -        *      Rank 2 : true
2025-08-27 18:20:14,116 [INFO] ADCParametersView:116 -        *      Rank 3 : false
2025-08-27 18:20:14,116 [INFO] ADCParametersView:116 -        *      Rank 4 : false
2025-08-27 18:20:14,117 [INFO] ADCParametersView:116 -                Rank 1 : true
2025-08-27 18:20:14,117 [INFO] ADCParametersView:116 -        *      Rank 2 : true
2025-08-27 18:20:14,117 [INFO] ADCParametersView:116 -        *      Rank 3 : false
2025-08-27 18:20:14,117 [INFO] ADCParametersView:116 -        *      Rank 4 : false
2025-08-27 18:20:14,117 [INFO] ADCParametersView:116 -                Rank 1 : true
2025-08-27 18:20:14,117 [INFO] ADCParametersView:116 -        *      Rank 2 : true
2025-08-27 18:20:14,117 [INFO] ADCParametersView:116 -        *      Rank 3 : false
2025-08-27 18:20:14,117 [INFO] ADCParametersView:116 -        *      Rank 4 : false
2025-08-27 18:20:14,117 [INFO] ADCParametersView:116 -                Rank 1 : true
2025-08-27 18:20:14,117 [INFO] ADCParametersView:116 -        *      Rank 2 : true
2025-08-27 18:20:14,117 [INFO] ADCParametersView:116 -        *      Rank 3 : false
2025-08-27 18:20:14,117 [INFO] ADCParametersView:116 -        *      Rank 4 : false
2025-08-27 18:20:14,117 [INFO] ADCParametersView:116 -                Rank 1 : true
2025-08-27 18:20:14,117 [INFO] ADCParametersView:116 -        *      Rank 2 : true
2025-08-27 18:20:14,117 [INFO] ADCParametersView:116 -        *      Rank 3 : false
2025-08-27 18:20:14,117 [INFO] ADCParametersView:116 -        *      Rank 4 : false
2025-08-27 18:20:14,118 [INFO] ADCParametersView:116 -                Rank 1 : true
2025-08-27 18:20:14,118 [INFO] ADCParametersView:116 -        *      Rank 2 : true
2025-08-27 18:20:14,118 [INFO] ADCParametersView:116 -        *      Rank 3 : false
2025-08-27 18:20:14,118 [INFO] ADCParametersView:116 -        *      Rank 4 : false
2025-08-27 18:20:14,118 [INFO] ADCParametersView:116 -                Rank 1 : true
2025-08-27 18:20:14,118 [INFO] ADCParametersView:116 -        *      Rank 2 : true
2025-08-27 18:20:14,118 [INFO] ADCParametersView:116 -        *      Rank 3 : false
2025-08-27 18:20:14,118 [INFO] ADCParametersView:116 -        *      Rank 4 : false
2025-08-27 18:20:14,118 [INFO] ADCParametersView:116 -                Rank 1 : true
2025-08-27 18:20:14,118 [INFO] ADCParametersView:116 -        *      Rank 2 : true
2025-08-27 18:20:14,118 [INFO] ADCParametersView:116 -        *      Rank 3 : false
2025-08-27 18:20:14,118 [INFO] ADCParametersView:116 -        *      Rank 4 : false
2025-08-27 18:20:14,118 [INFO] ADCParametersView:116 -                Rank 1 : true
2025-08-27 18:20:14,118 [INFO] ADCParametersView:116 -        *      Rank 2 : true
2025-08-27 18:20:14,118 [INFO] ADCParametersView:116 -        *      Rank 3 : false
2025-08-27 18:20:14,118 [INFO] ADCParametersView:116 -        *      Rank 4 : false
2025-08-27 18:20:14,118 [INFO] ADCParametersView:116 -                Rank 1 : true
2025-08-27 18:20:14,118 [INFO] ADCParametersView:116 -        *      Rank 2 : true
2025-08-27 18:20:14,118 [INFO] ADCParametersView:116 -        *      Rank 3 : false
2025-08-27 18:20:14,118 [INFO] ADCParametersView:116 -        *      Rank 4 : false
2025-08-27 18:20:14,118 [INFO] ADCParametersView:116 -                Rank 1 : true
2025-08-27 18:20:14,118 [INFO] ADCParametersView:116 -        *      Rank 2 : true
2025-08-27 18:20:14,118 [INFO] ADCParametersView:116 -        *      Rank 3 : false
2025-08-27 18:20:14,118 [INFO] ADCParametersView:116 -        *      Rank 4 : false
2025-08-27 18:20:14,118 [INFO] ADCParametersView:116 -                Rank 1 : true
2025-08-27 18:20:14,118 [INFO] ADCParametersView:116 -        *      Rank 2 : true
2025-08-27 18:20:14,118 [INFO] ADCParametersView:116 -        *      Rank 3 : false
2025-08-27 18:20:14,118 [INFO] ADCParametersView:116 -        *      Rank 4 : false
2025-08-27 18:20:14,118 [INFO] ADCParametersView:116 -                Rank 1 : true
2025-08-27 18:20:14,118 [INFO] ADCParametersView:116 -        *      Rank 2 : true
2025-08-27 18:20:14,118 [INFO] ADCParametersView:116 -        *      Rank 3 : false
2025-08-27 18:20:14,118 [INFO] ADCParametersView:116 -        *      Rank 4 : false
2025-08-27 18:20:14,119 [INFO] ADCParametersView:116 -                Rank 1 : true
2025-08-27 18:20:14,119 [INFO] ADCParametersView:116 -        *      Rank 2 : true
2025-08-27 18:20:14,119 [INFO] ADCParametersView:116 -        *      Rank 3 : false
2025-08-27 18:20:14,119 [INFO] ADCParametersView:116 -        *      Rank 4 : false
2025-08-27 18:20:14,119 [INFO] ADCParametersView:116 -                Rank 1 : true
2025-08-27 18:20:14,119 [INFO] ADCParametersView:116 -        *      Rank 2 : true
2025-08-27 18:20:14,119 [INFO] ADCParametersView:116 -        *      Rank 3 : false
2025-08-27 18:20:14,119 [INFO] ADCParametersView:116 -        *      Rank 4 : false
2025-08-27 18:20:14,119 [INFO] ADCParametersView:116 -                Rank 1 : true
2025-08-27 18:20:14,119 [INFO] ADCParametersView:116 -        *      Rank 2 : true
2025-08-27 18:20:14,119 [INFO] ADCParametersView:116 -        *      Rank 3 : false
2025-08-27 18:20:14,119 [INFO] ADCParametersView:116 -        *      Rank 4 : false
2025-08-27 18:20:14,119 [INFO] ADCParametersView:116 -                Rank 1 : true
2025-08-27 18:20:14,119 [INFO] ADCParametersView:116 -        *      Rank 2 : true
2025-08-27 18:20:14,119 [INFO] ADCParametersView:116 -        *      Rank 3 : false
2025-08-27 18:20:14,119 [INFO] ADCParametersView:116 -        *      Rank 4 : false
2025-08-27 18:20:14,119 [INFO] ADCParametersView:116 -                Rank 1 : true
2025-08-27 18:20:14,119 [INFO] ADCParametersView:116 -        *      Rank 2 : true
2025-08-27 18:20:14,119 [INFO] ADCParametersView:116 -        *      Rank 3 : false
2025-08-27 18:20:14,119 [INFO] ADCParametersView:116 -        *      Rank 4 : false
2025-08-27 18:20:14,119 [INFO] ADCParametersView:116 -                Rank 1 : true
2025-08-27 18:20:14,119 [INFO] ADCParametersView:116 -        *      Rank 2 : true
2025-08-27 18:20:14,119 [INFO] ADCParametersView:116 -        *      Rank 3 : false
2025-08-27 18:20:14,119 [INFO] ADCParametersView:116 -        *      Rank 4 : false
2025-08-27 18:20:14,119 [INFO] ADCParametersView:116 -                Rank 1 : true
2025-08-27 18:20:14,119 [INFO] ADCParametersView:116 -        *      Rank 2 : true
2025-08-27 18:20:14,119 [INFO] ADCParametersView:116 -        *      Rank 3 : false
2025-08-27 18:20:14,119 [INFO] ADCParametersView:116 -        *      Rank 4 : false
2025-08-27 18:20:14,119 [INFO] ADCParametersView:116 -        *      Rank 2 : true
2025-08-27 18:20:14,119 [INFO] ADCParametersView:116 -        *      Rank 3 : false
2025-08-27 18:20:14,119 [INFO] ADCParametersView:116 -        *      Rank 4 : false
2025-08-27 18:20:14,119 [INFO] ADCParametersView:116 -        *      Rank 3 : false
2025-08-27 18:20:14,119 [INFO] ADCParametersView:116 -        *      Rank 4 : false
2025-08-27 18:20:14,119 [INFO] ADCParametersView:116 -        *      Rank 4 : false
2025-08-27 18:20:14,203 [INFO] ADCParametersView:116 -                Rank 1 : true
2025-08-27 18:20:14,204 [INFO] ADCParametersView:116 -                Rank 1 : true
2025-08-27 18:20:14,204 [INFO] ADCParametersView:116 -                Rank 2 : true
2025-08-27 18:20:14,204 [INFO] ADCParametersView:116 -                Rank 1 : true
2025-08-27 18:20:14,204 [INFO] ADCParametersView:116 -                Rank 2 : true
2025-08-27 18:20:14,204 [INFO] ADCParametersView:116 -                Rank 3 : false
2025-08-27 18:20:14,204 [INFO] ADCParametersView:116 -                Rank 1 : true
2025-08-27 18:20:14,204 [INFO] ADCParametersView:116 -                Rank 2 : true
2025-08-27 18:20:14,204 [INFO] ADCParametersView:116 -                Rank 3 : false
2025-08-27 18:20:14,204 [INFO] ADCParametersView:116 -                Rank 4 : false
2025-08-27 18:20:15,351 [INFO] ADCParametersView:116 -                Rank 1 : true
2025-08-27 18:20:15,351 [INFO] ADCParametersView:116 -                Rank 2 : true
2025-08-27 18:20:15,351 [INFO] ADCParametersView:116 -                Rank 3 : true
2025-08-27 18:20:15,351 [INFO] ADCParametersView:116 -                Rank 4 : false
2025-08-27 18:20:16,735 [INFO] NvicIntPanel:101 - NVIC parent = com.st.microxplorer.plugins.ip.nvic.MultiNvicIntPanel[,0,0,0x0,invalid,layout=javax.swing.BoxLayout,alignmentX=0.0,alignmentY=0.0,border=,flags=9,maximumSize=,minimumSize=,preferredSize=]
2025-08-27 18:20:16,790 [INFO] ADCParametersView:116 -                Rank 1 : true
2025-08-27 18:20:16,790 [INFO] ADCParametersView:116 -                Rank 2 : true
2025-08-27 18:20:16,790 [INFO] ADCParametersView:116 -                Rank 3 : true
2025-08-27 18:20:16,790 [INFO] ADCParametersView:116 -                Rank 4 : false
2025-08-27 18:20:16,791 [INFO] ADCParametersView:116 -                Rank 1 : true
2025-08-27 18:20:16,791 [INFO] ADCParametersView:116 -                Rank 2 : true
2025-08-27 18:20:16,791 [INFO] ADCParametersView:116 -                Rank 3 : true
2025-08-27 18:20:16,791 [INFO] ADCParametersView:116 -                Rank 4 : false
2025-08-27 18:20:16,791 [INFO] ADCParametersView:116 -                Rank 1 : true
2025-08-27 18:20:16,791 [INFO] ADCParametersView:116 -                Rank 2 : true
2025-08-27 18:20:16,791 [INFO] ADCParametersView:116 -                Rank 3 : true
2025-08-27 18:20:16,791 [INFO] ADCParametersView:116 -                Rank 4 : false
2025-08-27 18:20:16,791 [INFO] ADCParametersView:116 -                Rank 1 : true
2025-08-27 18:20:16,791 [INFO] ADCParametersView:116 -                Rank 2 : true
2025-08-27 18:20:16,791 [INFO] ADCParametersView:116 -                Rank 3 : true
2025-08-27 18:20:16,791 [INFO] ADCParametersView:116 -                Rank 4 : false
2025-08-27 18:20:16,791 [INFO] ADCParametersView:116 -                Rank 1 : true
2025-08-27 18:20:16,791 [INFO] ADCParametersView:116 -                Rank 2 : true
2025-08-27 18:20:16,791 [INFO] ADCParametersView:116 -                Rank 3 : true
2025-08-27 18:20:16,791 [INFO] ADCParametersView:116 -                Rank 4 : false
2025-08-27 18:20:16,791 [INFO] ADCParametersView:116 -                Rank 1 : true
2025-08-27 18:20:16,791 [INFO] ADCParametersView:116 -                Rank 2 : true
2025-08-27 18:20:16,791 [INFO] ADCParametersView:116 -                Rank 3 : true
2025-08-27 18:20:16,791 [INFO] ADCParametersView:116 -                Rank 4 : false
2025-08-27 18:20:16,791 [INFO] ADCParametersView:116 -                Rank 1 : true
2025-08-27 18:20:16,791 [INFO] ADCParametersView:116 -                Rank 2 : true
2025-08-27 18:20:16,793 [INFO] ADCParametersView:116 -                Rank 3 : true
2025-08-27 18:20:16,793 [INFO] ADCParametersView:116 -                Rank 4 : false
2025-08-27 18:20:16,793 [INFO] ADCParametersView:116 -                Rank 1 : true
2025-08-27 18:20:16,793 [INFO] ADCParametersView:116 -                Rank 2 : true
2025-08-27 18:20:16,793 [INFO] ADCParametersView:116 -                Rank 3 : true
2025-08-27 18:20:16,793 [INFO] ADCParametersView:116 -                Rank 4 : false
2025-08-27 18:20:16,793 [INFO] ADCParametersView:116 -                Rank 1 : true
2025-08-27 18:20:16,793 [INFO] ADCParametersView:116 -                Rank 2 : true
2025-08-27 18:20:16,793 [INFO] ADCParametersView:116 -                Rank 3 : true
2025-08-27 18:20:16,793 [INFO] ADCParametersView:116 -                Rank 4 : false
2025-08-27 18:20:16,793 [INFO] ADCParametersView:116 -                Rank 1 : true
2025-08-27 18:20:16,793 [INFO] ADCParametersView:116 -                Rank 2 : true
2025-08-27 18:20:16,793 [INFO] ADCParametersView:116 -                Rank 3 : true
2025-08-27 18:20:16,793 [INFO] ADCParametersView:116 -                Rank 4 : false
2025-08-27 18:20:16,793 [INFO] ADCParametersView:116 -                Rank 1 : true
2025-08-27 18:20:16,793 [INFO] ADCParametersView:116 -                Rank 2 : true
2025-08-27 18:20:16,793 [INFO] ADCParametersView:116 -                Rank 3 : true
2025-08-27 18:20:16,793 [INFO] ADCParametersView:116 -                Rank 4 : false
2025-08-27 18:20:16,793 [INFO] ADCParametersView:116 -                Rank 1 : true
2025-08-27 18:20:16,793 [INFO] ADCParametersView:116 -                Rank 2 : true
2025-08-27 18:20:16,793 [INFO] ADCParametersView:116 -                Rank 3 : true
2025-08-27 18:20:16,793 [INFO] ADCParametersView:116 -                Rank 4 : false
2025-08-27 18:20:16,793 [INFO] ADCParametersView:116 -                Rank 1 : true
2025-08-27 18:20:16,793 [INFO] ADCParametersView:116 -                Rank 2 : true
2025-08-27 18:20:16,793 [INFO] ADCParametersView:116 -                Rank 3 : true
2025-08-27 18:20:16,793 [INFO] ADCParametersView:116 -                Rank 4 : false
2025-08-27 18:20:16,793 [INFO] ADCParametersView:116 -                Rank 1 : true
2025-08-27 18:20:16,793 [INFO] ADCParametersView:116 -                Rank 2 : true
2025-08-27 18:20:16,793 [INFO] ADCParametersView:116 -                Rank 3 : true
2025-08-27 18:20:16,793 [INFO] ADCParametersView:116 -                Rank 4 : false
2025-08-27 18:20:16,793 [INFO] ADCParametersView:116 -                Rank 1 : true
2025-08-27 18:20:16,793 [INFO] ADCParametersView:116 -                Rank 2 : true
2025-08-27 18:20:16,793 [INFO] ADCParametersView:116 -                Rank 3 : true
2025-08-27 18:20:16,793 [INFO] ADCParametersView:116 -                Rank 4 : false
2025-08-27 18:20:16,793 [INFO] ADCParametersView:116 -                Rank 1 : true
2025-08-27 18:20:16,793 [INFO] ADCParametersView:116 -                Rank 2 : true
2025-08-27 18:20:16,793 [INFO] ADCParametersView:116 -                Rank 3 : true
2025-08-27 18:20:16,793 [INFO] ADCParametersView:116 -                Rank 4 : false
2025-08-27 18:20:16,793 [INFO] ADCParametersView:116 -                Rank 1 : true
2025-08-27 18:20:16,793 [INFO] ADCParametersView:116 -                Rank 2 : true
2025-08-27 18:20:16,793 [INFO] ADCParametersView:116 -                Rank 3 : true
2025-08-27 18:20:16,793 [INFO] ADCParametersView:116 -                Rank 4 : false
2025-08-27 18:20:16,793 [INFO] ADCParametersView:116 -                Rank 1 : true
2025-08-27 18:20:16,793 [INFO] ADCParametersView:116 -                Rank 2 : true
2025-08-27 18:20:16,793 [INFO] ADCParametersView:116 -                Rank 3 : true
2025-08-27 18:20:16,793 [INFO] ADCParametersView:116 -                Rank 4 : false
2025-08-27 18:20:16,794 [INFO] ADCParametersView:116 -                Rank 1 : true
2025-08-27 18:20:16,794 [INFO] ADCParametersView:116 -                Rank 2 : true
2025-08-27 18:20:16,794 [INFO] ADCParametersView:116 -                Rank 3 : true
2025-08-27 18:20:16,794 [INFO] ADCParametersView:116 -                Rank 4 : false
2025-08-27 18:20:16,794 [INFO] ADCParametersView:116 -                Rank 1 : true
2025-08-27 18:20:16,794 [INFO] ADCParametersView:116 -                Rank 2 : true
2025-08-27 18:20:16,794 [INFO] ADCParametersView:116 -                Rank 3 : true
2025-08-27 18:20:16,794 [INFO] ADCParametersView:116 -                Rank 4 : false
2025-08-27 18:20:16,794 [INFO] ADCParametersView:116 -                Rank 2 : true
2025-08-27 18:20:16,794 [INFO] ADCParametersView:116 -                Rank 3 : true
2025-08-27 18:20:16,794 [INFO] ADCParametersView:116 -                Rank 4 : false
2025-08-27 18:20:16,794 [INFO] ADCParametersView:116 -                Rank 3 : true
2025-08-27 18:20:16,794 [INFO] ADCParametersView:116 -                Rank 4 : false
2025-08-27 18:20:16,794 [INFO] ADCParametersView:116 -                Rank 4 : false
2025-08-27 18:20:16,875 [INFO] ADCParametersView:116 -                Rank 1 : true
2025-08-27 18:20:16,875 [INFO] ADCParametersView:116 -                Rank 1 : true
2025-08-27 18:20:16,875 [INFO] ADCParametersView:116 -                Rank 2 : true
2025-08-27 18:20:16,875 [INFO] ADCParametersView:116 -                Rank 1 : true
2025-08-27 18:20:16,875 [INFO] ADCParametersView:116 -                Rank 2 : true
2025-08-27 18:20:16,875 [INFO] ADCParametersView:116 -                Rank 3 : true
2025-08-27 18:20:16,875 [INFO] ADCParametersView:116 -                Rank 1 : true
2025-08-27 18:20:16,875 [INFO] ADCParametersView:116 -                Rank 2 : true
2025-08-27 18:20:16,875 [INFO] ADCParametersView:116 -                Rank 3 : true
2025-08-27 18:20:16,875 [INFO] ADCParametersView:116 -                Rank 4 : false
2025-08-27 18:20:17,912 [INFO] ADCParametersView:116 -                Rank 1 : true
2025-08-27 18:20:17,912 [INFO] ADCParametersView:116 -                Rank 2 : true
2025-08-27 18:20:17,912 [INFO] ADCParametersView:116 -                Rank 3 : true
2025-08-27 18:20:17,912 [INFO] ADCParametersView:116 -                Rank 4 : true
2025-08-27 18:20:19,562 [INFO] NvicIntPanel:101 - NVIC parent = com.st.microxplorer.plugins.ip.nvic.MultiNvicIntPanel[,0,0,0x0,invalid,layout=javax.swing.BoxLayout,alignmentX=0.0,alignmentY=0.0,border=,flags=9,maximumSize=,minimumSize=,preferredSize=]
2025-08-27 18:20:19,618 [INFO] ADCParametersView:116 -                Rank 1 : true
2025-08-27 18:20:19,618 [INFO] ADCParametersView:116 -                Rank 2 : true
2025-08-27 18:20:19,618 [INFO] ADCParametersView:116 -                Rank 3 : true
2025-08-27 18:20:19,618 [INFO] ADCParametersView:116 -                Rank 4 : true
2025-08-27 18:20:19,619 [INFO] ADCParametersView:116 -                Rank 1 : true
2025-08-27 18:20:19,619 [INFO] ADCParametersView:116 -                Rank 2 : true
2025-08-27 18:20:19,619 [INFO] ADCParametersView:116 -                Rank 3 : true
2025-08-27 18:20:19,619 [INFO] ADCParametersView:116 -                Rank 4 : true
2025-08-27 18:20:19,620 [INFO] ADCParametersView:116 -                Rank 1 : true
2025-08-27 18:20:19,620 [INFO] ADCParametersView:116 -                Rank 2 : true
2025-08-27 18:20:19,620 [INFO] ADCParametersView:116 -                Rank 3 : true
2025-08-27 18:20:19,620 [INFO] ADCParametersView:116 -                Rank 4 : true
2025-08-27 18:20:19,620 [INFO] ADCParametersView:116 -                Rank 1 : true
2025-08-27 18:20:19,620 [INFO] ADCParametersView:116 -                Rank 2 : true
2025-08-27 18:20:19,620 [INFO] ADCParametersView:116 -                Rank 3 : true
2025-08-27 18:20:19,620 [INFO] ADCParametersView:116 -                Rank 4 : true
2025-08-27 18:20:19,620 [INFO] ADCParametersView:116 -                Rank 1 : true
2025-08-27 18:20:19,620 [INFO] ADCParametersView:116 -                Rank 2 : true
2025-08-27 18:20:19,620 [INFO] ADCParametersView:116 -                Rank 3 : true
2025-08-27 18:20:19,620 [INFO] ADCParametersView:116 -                Rank 4 : true
2025-08-27 18:20:19,620 [INFO] ADCParametersView:116 -                Rank 1 : true
2025-08-27 18:20:19,620 [INFO] ADCParametersView:116 -                Rank 2 : true
2025-08-27 18:20:19,620 [INFO] ADCParametersView:116 -                Rank 3 : true
2025-08-27 18:20:19,620 [INFO] ADCParametersView:116 -                Rank 4 : true
2025-08-27 18:20:19,620 [INFO] ADCParametersView:116 -                Rank 1 : true
2025-08-27 18:20:19,620 [INFO] ADCParametersView:116 -                Rank 2 : true
2025-08-27 18:20:19,620 [INFO] ADCParametersView:116 -                Rank 3 : true
2025-08-27 18:20:19,620 [INFO] ADCParametersView:116 -                Rank 4 : true
2025-08-27 18:20:19,620 [INFO] ADCParametersView:116 -                Rank 1 : true
2025-08-27 18:20:19,620 [INFO] ADCParametersView:116 -                Rank 2 : true
2025-08-27 18:20:19,620 [INFO] ADCParametersView:116 -                Rank 3 : true
2025-08-27 18:20:19,620 [INFO] ADCParametersView:116 -                Rank 4 : true
2025-08-27 18:20:19,620 [INFO] ADCParametersView:116 -                Rank 1 : true
2025-08-27 18:20:19,620 [INFO] ADCParametersView:116 -                Rank 2 : true
2025-08-27 18:20:19,620 [INFO] ADCParametersView:116 -                Rank 3 : true
2025-08-27 18:20:19,620 [INFO] ADCParametersView:116 -                Rank 4 : true
2025-08-27 18:20:19,620 [INFO] ADCParametersView:116 -                Rank 1 : true
2025-08-27 18:20:19,620 [INFO] ADCParametersView:116 -                Rank 2 : true
2025-08-27 18:20:19,620 [INFO] ADCParametersView:116 -                Rank 3 : true
2025-08-27 18:20:19,620 [INFO] ADCParametersView:116 -                Rank 4 : true
2025-08-27 18:20:19,620 [INFO] ADCParametersView:116 -                Rank 1 : true
2025-08-27 18:20:19,620 [INFO] ADCParametersView:116 -                Rank 2 : true
2025-08-27 18:20:19,620 [INFO] ADCParametersView:116 -                Rank 3 : true
2025-08-27 18:20:19,620 [INFO] ADCParametersView:116 -                Rank 4 : true
2025-08-27 18:20:19,620 [INFO] ADCParametersView:116 -                Rank 1 : true
2025-08-27 18:20:19,620 [INFO] ADCParametersView:116 -                Rank 2 : true
2025-08-27 18:20:19,620 [INFO] ADCParametersView:116 -                Rank 3 : true
2025-08-27 18:20:19,620 [INFO] ADCParametersView:116 -                Rank 4 : true
2025-08-27 18:20:19,621 [INFO] ADCParametersView:116 -                Rank 1 : true
2025-08-27 18:20:19,621 [INFO] ADCParametersView:116 -                Rank 2 : true
2025-08-27 18:20:19,621 [INFO] ADCParametersView:116 -                Rank 3 : true
2025-08-27 18:20:19,621 [INFO] ADCParametersView:116 -                Rank 4 : true
2025-08-27 18:20:19,621 [INFO] ADCParametersView:116 -                Rank 1 : true
2025-08-27 18:20:19,621 [INFO] ADCParametersView:116 -                Rank 2 : true
2025-08-27 18:20:19,621 [INFO] ADCParametersView:116 -                Rank 3 : true
2025-08-27 18:20:19,621 [INFO] ADCParametersView:116 -                Rank 4 : true
2025-08-27 18:20:19,621 [INFO] ADCParametersView:116 -                Rank 1 : true
2025-08-27 18:20:19,621 [INFO] ADCParametersView:116 -                Rank 2 : true
2025-08-27 18:20:19,621 [INFO] ADCParametersView:116 -                Rank 3 : true
2025-08-27 18:20:19,621 [INFO] ADCParametersView:116 -                Rank 4 : true
2025-08-27 18:20:19,621 [INFO] ADCParametersView:116 -                Rank 1 : true
2025-08-27 18:20:19,621 [INFO] ADCParametersView:116 -                Rank 2 : true
2025-08-27 18:20:19,621 [INFO] ADCParametersView:116 -                Rank 3 : true
2025-08-27 18:20:19,621 [INFO] ADCParametersView:116 -                Rank 4 : true
2025-08-27 18:20:19,621 [INFO] ADCParametersView:116 -                Rank 1 : true
2025-08-27 18:20:19,621 [INFO] ADCParametersView:116 -                Rank 2 : true
2025-08-27 18:20:19,621 [INFO] ADCParametersView:116 -                Rank 3 : true
2025-08-27 18:20:19,621 [INFO] ADCParametersView:116 -                Rank 4 : true
2025-08-27 18:20:19,621 [INFO] ADCParametersView:116 -                Rank 1 : true
2025-08-27 18:20:19,621 [INFO] ADCParametersView:116 -                Rank 2 : true
2025-08-27 18:20:19,621 [INFO] ADCParametersView:116 -                Rank 3 : true
2025-08-27 18:20:19,621 [INFO] ADCParametersView:116 -                Rank 4 : true
2025-08-27 18:20:19,621 [INFO] ADCParametersView:116 -                Rank 1 : true
2025-08-27 18:20:19,621 [INFO] ADCParametersView:116 -                Rank 2 : true
2025-08-27 18:20:19,621 [INFO] ADCParametersView:116 -                Rank 3 : true
2025-08-27 18:20:19,621 [INFO] ADCParametersView:116 -                Rank 4 : true
2025-08-27 18:20:19,621 [INFO] ADCParametersView:116 -                Rank 1 : true
2025-08-27 18:20:19,621 [INFO] ADCParametersView:116 -                Rank 2 : true
2025-08-27 18:20:19,621 [INFO] ADCParametersView:116 -                Rank 3 : true
2025-08-27 18:20:19,621 [INFO] ADCParametersView:116 -                Rank 4 : true
2025-08-27 18:20:19,621 [INFO] ADCParametersView:116 -                Rank 2 : true
2025-08-27 18:20:19,621 [INFO] ADCParametersView:116 -                Rank 3 : true
2025-08-27 18:20:19,621 [INFO] ADCParametersView:116 -                Rank 4 : true
2025-08-27 18:20:19,621 [INFO] ADCParametersView:116 -                Rank 3 : true
2025-08-27 18:20:19,621 [INFO] ADCParametersView:116 -                Rank 4 : true
2025-08-27 18:20:19,621 [INFO] ADCParametersView:116 -                Rank 4 : true
2025-08-27 18:20:19,704 [INFO] ADCParametersView:116 -                Rank 1 : true
2025-08-27 18:20:19,704 [INFO] ADCParametersView:116 -                Rank 1 : true
2025-08-27 18:20:19,704 [INFO] ADCParametersView:116 -                Rank 2 : true
2025-08-27 18:20:19,704 [INFO] ADCParametersView:116 -                Rank 1 : true
2025-08-27 18:20:19,704 [INFO] ADCParametersView:116 -                Rank 2 : true
2025-08-27 18:20:19,704 [INFO] ADCParametersView:116 -                Rank 3 : true
2025-08-27 18:20:19,704 [INFO] ADCParametersView:116 -                Rank 1 : true
2025-08-27 18:20:19,704 [INFO] ADCParametersView:116 -                Rank 2 : true
2025-08-27 18:20:19,704 [INFO] ADCParametersView:116 -                Rank 3 : true
2025-08-27 18:20:19,704 [INFO] ADCParametersView:116 -                Rank 4 : true
2025-08-27 18:22:14,535 [INFO] NvicIntPanel:101 - NVIC parent = com.st.microxplorer.plugins.ip.nvic.MultiNvicIntPanel[,0,0,0x0,invalid,layout=javax.swing.BoxLayout,alignmentX=0.0,alignmentY=0.0,border=,flags=9,maximumSize=,minimumSize=,preferredSize=]
2025-08-27 18:22:14,589 [INFO] ADCParametersView:116 -                Rank 1 : true
2025-08-27 18:22:14,589 [INFO] ADCParametersView:116 -                Rank 2 : true
2025-08-27 18:22:14,589 [INFO] ADCParametersView:116 -                Rank 3 : true
2025-08-27 18:22:14,589 [INFO] ADCParametersView:116 -                Rank 4 : true
2025-08-27 18:22:14,590 [INFO] ADCParametersView:116 -                Rank 1 : true
2025-08-27 18:22:14,590 [INFO] ADCParametersView:116 -                Rank 2 : true
2025-08-27 18:22:14,590 [INFO] ADCParametersView:116 -                Rank 3 : true
2025-08-27 18:22:14,590 [INFO] ADCParametersView:116 -                Rank 4 : true
2025-08-27 18:22:14,590 [INFO] ADCParametersView:116 -                Rank 1 : true
2025-08-27 18:22:14,590 [INFO] ADCParametersView:116 -                Rank 2 : true
2025-08-27 18:22:14,591 [INFO] ADCParametersView:116 -                Rank 3 : true
2025-08-27 18:22:14,591 [INFO] ADCParametersView:116 -                Rank 4 : true
2025-08-27 18:22:14,591 [INFO] ADCParametersView:116 -                Rank 1 : true
2025-08-27 18:22:14,591 [INFO] ADCParametersView:116 -                Rank 2 : true
2025-08-27 18:22:14,591 [INFO] ADCParametersView:116 -                Rank 3 : true
2025-08-27 18:22:14,591 [INFO] ADCParametersView:116 -                Rank 4 : true
2025-08-27 18:22:14,591 [INFO] ADCParametersView:116 -                Rank 1 : true
2025-08-27 18:22:14,591 [INFO] ADCParametersView:116 -                Rank 2 : true
2025-08-27 18:22:14,591 [INFO] ADCParametersView:116 -                Rank 3 : true
2025-08-27 18:22:14,591 [INFO] ADCParametersView:116 -                Rank 4 : true
2025-08-27 18:22:14,591 [INFO] ADCParametersView:116 -                Rank 1 : true
2025-08-27 18:22:14,591 [INFO] ADCParametersView:116 -                Rank 2 : true
2025-08-27 18:22:14,591 [INFO] ADCParametersView:116 -                Rank 3 : true
2025-08-27 18:22:14,591 [INFO] ADCParametersView:116 -                Rank 4 : true
2025-08-27 18:22:14,591 [INFO] ADCParametersView:116 -                Rank 1 : true
2025-08-27 18:22:14,591 [INFO] ADCParametersView:116 -                Rank 2 : true
2025-08-27 18:22:14,591 [INFO] ADCParametersView:116 -                Rank 3 : true
2025-08-27 18:22:14,591 [INFO] ADCParametersView:116 -                Rank 4 : true
2025-08-27 18:22:14,591 [INFO] ADCParametersView:116 -                Rank 1 : true
2025-08-27 18:22:14,591 [INFO] ADCParametersView:116 -                Rank 2 : true
2025-08-27 18:22:14,591 [INFO] ADCParametersView:116 -                Rank 3 : true
2025-08-27 18:22:14,591 [INFO] ADCParametersView:116 -                Rank 4 : true
2025-08-27 18:22:14,591 [INFO] ADCParametersView:116 -                Rank 1 : true
2025-08-27 18:22:14,591 [INFO] ADCParametersView:116 -                Rank 2 : true
2025-08-27 18:22:14,591 [INFO] ADCParametersView:116 -                Rank 3 : true
2025-08-27 18:22:14,591 [INFO] ADCParametersView:116 -                Rank 4 : true
2025-08-27 18:22:14,591 [INFO] ADCParametersView:116 -                Rank 1 : true
2025-08-27 18:22:14,591 [INFO] ADCParametersView:116 -                Rank 2 : true
2025-08-27 18:22:14,591 [INFO] ADCParametersView:116 -                Rank 3 : true
2025-08-27 18:22:14,591 [INFO] ADCParametersView:116 -                Rank 4 : true
2025-08-27 18:22:14,591 [INFO] ADCParametersView:116 -                Rank 1 : true
2025-08-27 18:22:14,591 [INFO] ADCParametersView:116 -                Rank 2 : true
2025-08-27 18:22:14,592 [INFO] ADCParametersView:116 -                Rank 3 : true
2025-08-27 18:22:14,592 [INFO] ADCParametersView:116 -                Rank 4 : true
2025-08-27 18:22:14,592 [INFO] ADCParametersView:116 -                Rank 1 : true
2025-08-27 18:22:14,592 [INFO] ADCParametersView:116 -                Rank 2 : true
2025-08-27 18:22:14,592 [INFO] ADCParametersView:116 -                Rank 3 : true
2025-08-27 18:22:14,592 [INFO] ADCParametersView:116 -                Rank 4 : true
2025-08-27 18:22:14,592 [INFO] ADCParametersView:116 -                Rank 1 : true
2025-08-27 18:22:14,592 [INFO] ADCParametersView:116 -                Rank 2 : true
2025-08-27 18:22:14,592 [INFO] ADCParametersView:116 -                Rank 3 : true
2025-08-27 18:22:14,592 [INFO] ADCParametersView:116 -                Rank 4 : true
2025-08-27 18:22:14,592 [INFO] ADCParametersView:116 -                Rank 1 : true
2025-08-27 18:22:14,592 [INFO] ADCParametersView:116 -                Rank 2 : true
2025-08-27 18:22:14,592 [INFO] ADCParametersView:116 -                Rank 3 : true
2025-08-27 18:22:14,592 [INFO] ADCParametersView:116 -                Rank 4 : true
2025-08-27 18:22:14,592 [INFO] ADCParametersView:116 -                Rank 1 : true
2025-08-27 18:22:14,592 [INFO] ADCParametersView:116 -                Rank 2 : true
2025-08-27 18:22:14,592 [INFO] ADCParametersView:116 -                Rank 3 : true
2025-08-27 18:22:14,592 [INFO] ADCParametersView:116 -                Rank 4 : true
2025-08-27 18:22:14,592 [INFO] ADCParametersView:116 -                Rank 1 : true
2025-08-27 18:22:14,592 [INFO] ADCParametersView:116 -                Rank 2 : true
2025-08-27 18:22:14,592 [INFO] ADCParametersView:116 -                Rank 3 : true
2025-08-27 18:22:14,592 [INFO] ADCParametersView:116 -                Rank 4 : true
2025-08-27 18:22:14,592 [INFO] ADCParametersView:116 -                Rank 1 : true
2025-08-27 18:22:14,592 [INFO] ADCParametersView:116 -                Rank 2 : true
2025-08-27 18:22:14,592 [INFO] ADCParametersView:116 -                Rank 3 : true
2025-08-27 18:22:14,592 [INFO] ADCParametersView:116 -                Rank 4 : true
2025-08-27 18:22:14,592 [INFO] ADCParametersView:116 -                Rank 1 : true
2025-08-27 18:22:14,592 [INFO] ADCParametersView:116 -                Rank 2 : true
2025-08-27 18:22:14,592 [INFO] ADCParametersView:116 -                Rank 3 : true
2025-08-27 18:22:14,592 [INFO] ADCParametersView:116 -                Rank 4 : true
2025-08-27 18:22:14,592 [INFO] ADCParametersView:116 -                Rank 1 : true
2025-08-27 18:22:14,592 [INFO] ADCParametersView:116 -                Rank 2 : true
2025-08-27 18:22:14,592 [INFO] ADCParametersView:116 -                Rank 3 : true
2025-08-27 18:22:14,592 [INFO] ADCParametersView:116 -                Rank 4 : true
2025-08-27 18:22:14,592 [INFO] ADCParametersView:116 -                Rank 1 : true
2025-08-27 18:22:14,592 [INFO] ADCParametersView:116 -                Rank 2 : true
2025-08-27 18:22:14,592 [INFO] ADCParametersView:116 -                Rank 3 : true
2025-08-27 18:22:14,592 [INFO] ADCParametersView:116 -                Rank 4 : true
2025-08-27 18:22:14,592 [INFO] ADCParametersView:116 -                Rank 2 : true
2025-08-27 18:22:14,593 [INFO] ADCParametersView:116 -                Rank 3 : true
2025-08-27 18:22:14,593 [INFO] ADCParametersView:116 -                Rank 4 : true
2025-08-27 18:22:14,593 [INFO] ADCParametersView:116 -                Rank 3 : true
2025-08-27 18:22:14,593 [INFO] ADCParametersView:116 -                Rank 4 : true
2025-08-27 18:22:14,593 [INFO] ADCParametersView:116 -                Rank 4 : true
2025-08-27 18:22:14,678 [INFO] ADCParametersView:116 -                Rank 1 : true
2025-08-27 18:22:14,678 [INFO] ADCParametersView:116 -                Rank 1 : true
2025-08-27 18:22:14,678 [INFO] ADCParametersView:116 -                Rank 2 : true
2025-08-27 18:22:14,678 [INFO] ADCParametersView:116 -                Rank 1 : true
2025-08-27 18:22:14,678 [INFO] ADCParametersView:116 -                Rank 2 : true
2025-08-27 18:22:14,678 [INFO] ADCParametersView:116 -                Rank 3 : true
2025-08-27 18:22:14,678 [INFO] ADCParametersView:116 -                Rank 1 : true
2025-08-27 18:22:14,678 [INFO] ADCParametersView:116 -                Rank 2 : true
2025-08-27 18:22:14,678 [INFO] ADCParametersView:116 -                Rank 3 : true
2025-08-27 18:22:14,678 [INFO] ADCParametersView:116 -                Rank 4 : true
2025-08-27 18:22:22,368 [INFO] NvicIntPanel:101 - NVIC parent = com.st.microxplorer.plugins.ip.nvic.MultiNvicIntPanel[,0,0,0x0,invalid,layout=javax.swing.BoxLayout,alignmentX=0.0,alignmentY=0.0,border=,flags=9,maximumSize=,minimumSize=,preferredSize=]
2025-08-27 18:22:22,422 [INFO] ADCParametersView:116 -                Rank 1 : true
2025-08-27 18:22:22,422 [INFO] ADCParametersView:116 -                Rank 2 : true
2025-08-27 18:22:22,422 [INFO] ADCParametersView:116 -                Rank 3 : true
2025-08-27 18:22:22,422 [INFO] ADCParametersView:116 -                Rank 4 : true
2025-08-27 18:22:22,424 [INFO] ADCParametersView:116 -                Rank 1 : true
2025-08-27 18:22:22,424 [INFO] ADCParametersView:116 -                Rank 2 : true
2025-08-27 18:22:22,424 [INFO] ADCParametersView:116 -                Rank 3 : true
2025-08-27 18:22:22,424 [INFO] ADCParametersView:116 -                Rank 4 : true
2025-08-27 18:22:22,424 [INFO] ADCParametersView:116 -                Rank 1 : true
2025-08-27 18:22:22,424 [INFO] ADCParametersView:116 -                Rank 2 : true
2025-08-27 18:22:22,424 [INFO] ADCParametersView:116 -                Rank 3 : true
2025-08-27 18:22:22,424 [INFO] ADCParametersView:116 -                Rank 4 : true
2025-08-27 18:22:22,424 [INFO] ADCParametersView:116 -                Rank 1 : true
2025-08-27 18:22:22,424 [INFO] ADCParametersView:116 -                Rank 2 : true
2025-08-27 18:22:22,424 [INFO] ADCParametersView:116 -                Rank 3 : true
2025-08-27 18:22:22,424 [INFO] ADCParametersView:116 -                Rank 4 : true
2025-08-27 18:22:22,424 [INFO] ADCParametersView:116 -                Rank 1 : true
2025-08-27 18:22:22,424 [INFO] ADCParametersView:116 -                Rank 2 : true
2025-08-27 18:22:22,424 [INFO] ADCParametersView:116 -                Rank 3 : true
2025-08-27 18:22:22,424 [INFO] ADCParametersView:116 -                Rank 4 : true
2025-08-27 18:22:22,424 [INFO] ADCParametersView:116 -                Rank 1 : true
2025-08-27 18:22:22,424 [INFO] ADCParametersView:116 -                Rank 2 : true
2025-08-27 18:22:22,424 [INFO] ADCParametersView:116 -                Rank 3 : true
2025-08-27 18:22:22,424 [INFO] ADCParametersView:116 -                Rank 4 : true
2025-08-27 18:22:22,424 [INFO] ADCParametersView:116 -                Rank 1 : true
2025-08-27 18:22:22,424 [INFO] ADCParametersView:116 -                Rank 2 : true
2025-08-27 18:22:22,424 [INFO] ADCParametersView:116 -                Rank 3 : true
2025-08-27 18:22:22,424 [INFO] ADCParametersView:116 -                Rank 4 : true
2025-08-27 18:22:22,424 [INFO] ADCParametersView:116 -                Rank 1 : true
2025-08-27 18:22:22,424 [INFO] ADCParametersView:116 -                Rank 2 : true
2025-08-27 18:22:22,424 [INFO] ADCParametersView:116 -                Rank 3 : true
2025-08-27 18:22:22,424 [INFO] ADCParametersView:116 -                Rank 4 : true
2025-08-27 18:22:22,424 [INFO] ADCParametersView:116 -                Rank 1 : true
2025-08-27 18:22:22,424 [INFO] ADCParametersView:116 -                Rank 2 : true
2025-08-27 18:22:22,424 [INFO] ADCParametersView:116 -                Rank 3 : true
2025-08-27 18:22:22,425 [INFO] ADCParametersView:116 -                Rank 4 : true
2025-08-27 18:22:22,425 [INFO] ADCParametersView:116 -                Rank 1 : true
2025-08-27 18:22:22,425 [INFO] ADCParametersView:116 -                Rank 2 : true
2025-08-27 18:22:22,425 [INFO] ADCParametersView:116 -                Rank 3 : true
2025-08-27 18:22:22,425 [INFO] ADCParametersView:116 -                Rank 4 : true
2025-08-27 18:22:22,425 [INFO] ADCParametersView:116 -                Rank 1 : true
2025-08-27 18:22:22,425 [INFO] ADCParametersView:116 -                Rank 2 : true
2025-08-27 18:22:22,425 [INFO] ADCParametersView:116 -                Rank 3 : true
2025-08-27 18:22:22,425 [INFO] ADCParametersView:116 -                Rank 4 : true
2025-08-27 18:22:22,425 [INFO] ADCParametersView:116 -                Rank 1 : true
2025-08-27 18:22:22,425 [INFO] ADCParametersView:116 -                Rank 2 : true
2025-08-27 18:22:22,425 [INFO] ADCParametersView:116 -                Rank 3 : true
2025-08-27 18:22:22,425 [INFO] ADCParametersView:116 -                Rank 4 : true
2025-08-27 18:22:22,425 [INFO] ADCParametersView:116 -                Rank 1 : true
2025-08-27 18:22:22,425 [INFO] ADCParametersView:116 -                Rank 2 : true
2025-08-27 18:22:22,425 [INFO] ADCParametersView:116 -                Rank 3 : true
2025-08-27 18:22:22,425 [INFO] ADCParametersView:116 -                Rank 4 : true
2025-08-27 18:22:22,425 [INFO] ADCParametersView:116 -                Rank 1 : true
2025-08-27 18:22:22,425 [INFO] ADCParametersView:116 -                Rank 2 : true
2025-08-27 18:22:22,425 [INFO] ADCParametersView:116 -                Rank 3 : true
2025-08-27 18:22:22,425 [INFO] ADCParametersView:116 -                Rank 4 : true
2025-08-27 18:22:22,425 [INFO] ADCParametersView:116 -                Rank 1 : true
2025-08-27 18:22:22,425 [INFO] ADCParametersView:116 -                Rank 2 : true
2025-08-27 18:22:22,425 [INFO] ADCParametersView:116 -                Rank 3 : true
2025-08-27 18:22:22,425 [INFO] ADCParametersView:116 -                Rank 4 : true
2025-08-27 18:22:22,425 [INFO] ADCParametersView:116 -                Rank 1 : true
2025-08-27 18:22:22,425 [INFO] ADCParametersView:116 -                Rank 2 : true
2025-08-27 18:22:22,425 [INFO] ADCParametersView:116 -                Rank 3 : true
2025-08-27 18:22:22,425 [INFO] ADCParametersView:116 -                Rank 4 : true
2025-08-27 18:22:22,425 [INFO] ADCParametersView:116 -                Rank 1 : true
2025-08-27 18:22:22,425 [INFO] ADCParametersView:116 -                Rank 2 : true
2025-08-27 18:22:22,425 [INFO] ADCParametersView:116 -                Rank 3 : true
2025-08-27 18:22:22,425 [INFO] ADCParametersView:116 -                Rank 4 : true
2025-08-27 18:22:22,425 [INFO] ADCParametersView:116 -                Rank 1 : true
2025-08-27 18:22:22,425 [INFO] ADCParametersView:116 -                Rank 2 : true
2025-08-27 18:22:22,425 [INFO] ADCParametersView:116 -                Rank 3 : true
2025-08-27 18:22:22,425 [INFO] ADCParametersView:116 -                Rank 4 : true
2025-08-27 18:22:22,425 [INFO] ADCParametersView:116 -                Rank 1 : true
2025-08-27 18:22:22,425 [INFO] ADCParametersView:116 -                Rank 2 : true
2025-08-27 18:22:22,425 [INFO] ADCParametersView:116 -                Rank 3 : true
2025-08-27 18:22:22,425 [INFO] ADCParametersView:116 -                Rank 4 : true
2025-08-27 18:22:22,426 [INFO] ADCParametersView:116 -                Rank 1 : true
2025-08-27 18:22:22,426 [INFO] ADCParametersView:116 -                Rank 2 : true
2025-08-27 18:22:22,426 [INFO] ADCParametersView:116 -                Rank 3 : true
2025-08-27 18:22:22,426 [INFO] ADCParametersView:116 -                Rank 4 : true
2025-08-27 18:22:22,426 [INFO] ADCParametersView:116 -                Rank 2 : true
2025-08-27 18:22:22,426 [INFO] ADCParametersView:116 -                Rank 3 : true
2025-08-27 18:22:22,426 [INFO] ADCParametersView:116 -                Rank 4 : true
2025-08-27 18:22:22,426 [INFO] ADCParametersView:116 -                Rank 3 : true
2025-08-27 18:22:22,426 [INFO] ADCParametersView:116 -                Rank 4 : true
2025-08-27 18:22:22,426 [INFO] ADCParametersView:116 -                Rank 4 : true
2025-08-27 18:22:22,510 [INFO] ADCParametersView:116 -                Rank 1 : true
2025-08-27 18:22:22,510 [INFO] ADCParametersView:116 -                Rank 1 : true
2025-08-27 18:22:22,510 [INFO] ADCParametersView:116 -                Rank 2 : true
2025-08-27 18:22:22,510 [INFO] ADCParametersView:116 -                Rank 1 : true
2025-08-27 18:22:22,510 [INFO] ADCParametersView:116 -                Rank 2 : true
2025-08-27 18:22:22,510 [INFO] ADCParametersView:116 -                Rank 3 : true
2025-08-27 18:22:22,510 [INFO] ADCParametersView:116 -                Rank 1 : true
2025-08-27 18:22:22,510 [INFO] ADCParametersView:116 -                Rank 2 : true
2025-08-27 18:22:22,510 [INFO] ADCParametersView:116 -                Rank 3 : true
2025-08-27 18:22:22,510 [INFO] ADCParametersView:116 -                Rank 4 : true
2025-08-27 18:22:25,025 [INFO] NvicIntPanel:101 - NVIC parent = com.st.microxplorer.plugins.ip.nvic.MultiNvicIntPanel[,0,0,0x0,invalid,layout=javax.swing.BoxLayout,alignmentX=0.0,alignmentY=0.0,border=,flags=9,maximumSize=,minimumSize=,preferredSize=]
2025-08-27 18:22:25,081 [INFO] ADCParametersView:116 -                Rank 1 : true
2025-08-27 18:22:25,081 [INFO] ADCParametersView:116 -                Rank 2 : true
2025-08-27 18:22:25,081 [INFO] ADCParametersView:116 -                Rank 3 : true
2025-08-27 18:22:25,081 [INFO] ADCParametersView:116 -                Rank 4 : true
2025-08-27 18:22:25,082 [INFO] ADCParametersView:116 -                Rank 1 : true
2025-08-27 18:22:25,082 [INFO] ADCParametersView:116 -                Rank 2 : true
2025-08-27 18:22:25,082 [INFO] ADCParametersView:116 -                Rank 3 : true
2025-08-27 18:22:25,082 [INFO] ADCParametersView:116 -                Rank 4 : true
2025-08-27 18:22:25,082 [INFO] ADCParametersView:116 -                Rank 1 : true
2025-08-27 18:22:25,082 [INFO] ADCParametersView:116 -                Rank 2 : true
2025-08-27 18:22:25,082 [INFO] ADCParametersView:116 -                Rank 3 : true
2025-08-27 18:22:25,082 [INFO] ADCParametersView:116 -                Rank 4 : true
2025-08-27 18:22:25,082 [INFO] ADCParametersView:116 -                Rank 1 : true
2025-08-27 18:22:25,082 [INFO] ADCParametersView:116 -                Rank 2 : true
2025-08-27 18:22:25,082 [INFO] ADCParametersView:116 -                Rank 3 : true
2025-08-27 18:22:25,082 [INFO] ADCParametersView:116 -                Rank 4 : true
2025-08-27 18:22:25,082 [INFO] ADCParametersView:116 -                Rank 1 : true
2025-08-27 18:22:25,082 [INFO] ADCParametersView:116 -                Rank 2 : true
2025-08-27 18:22:25,082 [INFO] ADCParametersView:116 -                Rank 3 : true
2025-08-27 18:22:25,082 [INFO] ADCParametersView:116 -                Rank 4 : true
2025-08-27 18:22:25,082 [INFO] ADCParametersView:116 -                Rank 1 : true
2025-08-27 18:22:25,082 [INFO] ADCParametersView:116 -                Rank 2 : true
2025-08-27 18:22:25,082 [INFO] ADCParametersView:116 -                Rank 3 : true
2025-08-27 18:22:25,082 [INFO] ADCParametersView:116 -                Rank 4 : true
2025-08-27 18:22:25,082 [INFO] ADCParametersView:116 -                Rank 1 : true
2025-08-27 18:22:25,082 [INFO] ADCParametersView:116 -                Rank 2 : true
2025-08-27 18:22:25,082 [INFO] ADCParametersView:116 -                Rank 3 : true
2025-08-27 18:22:25,082 [INFO] ADCParametersView:116 -                Rank 4 : true
2025-08-27 18:22:25,082 [INFO] ADCParametersView:116 -                Rank 1 : true
2025-08-27 18:22:25,082 [INFO] ADCParametersView:116 -                Rank 2 : true
2025-08-27 18:22:25,082 [INFO] ADCParametersView:116 -                Rank 3 : true
2025-08-27 18:22:25,082 [INFO] ADCParametersView:116 -                Rank 4 : true
2025-08-27 18:22:25,082 [INFO] ADCParametersView:116 -                Rank 1 : true
2025-08-27 18:22:25,082 [INFO] ADCParametersView:116 -                Rank 2 : true
2025-08-27 18:22:25,083 [INFO] ADCParametersView:116 -                Rank 3 : true
2025-08-27 18:22:25,083 [INFO] ADCParametersView:116 -                Rank 4 : true
2025-08-27 18:22:25,083 [INFO] ADCParametersView:116 -                Rank 1 : true
2025-08-27 18:22:25,083 [INFO] ADCParametersView:116 -                Rank 2 : true
2025-08-27 18:22:25,083 [INFO] ADCParametersView:116 -                Rank 3 : true
2025-08-27 18:22:25,083 [INFO] ADCParametersView:116 -                Rank 4 : true
2025-08-27 18:22:25,083 [INFO] ADCParametersView:116 -                Rank 1 : true
2025-08-27 18:22:25,083 [INFO] ADCParametersView:116 -                Rank 2 : true
2025-08-27 18:22:25,083 [INFO] ADCParametersView:116 -                Rank 3 : true
2025-08-27 18:22:25,083 [INFO] ADCParametersView:116 -                Rank 4 : true
2025-08-27 18:22:25,083 [INFO] ADCParametersView:116 -                Rank 1 : true
2025-08-27 18:22:25,083 [INFO] ADCParametersView:116 -                Rank 2 : true
2025-08-27 18:22:25,083 [INFO] ADCParametersView:116 -                Rank 3 : true
2025-08-27 18:22:25,083 [INFO] ADCParametersView:116 -                Rank 4 : true
2025-08-27 18:22:25,083 [INFO] ADCParametersView:116 -                Rank 1 : true
2025-08-27 18:22:25,083 [INFO] ADCParametersView:116 -                Rank 2 : true
2025-08-27 18:22:25,083 [INFO] ADCParametersView:116 -                Rank 3 : true
2025-08-27 18:22:25,083 [INFO] ADCParametersView:116 -                Rank 4 : true
2025-08-27 18:22:25,083 [INFO] ADCParametersView:116 -                Rank 1 : true
2025-08-27 18:22:25,083 [INFO] ADCParametersView:116 -                Rank 2 : true
2025-08-27 18:22:25,083 [INFO] ADCParametersView:116 -                Rank 3 : true
2025-08-27 18:22:25,083 [INFO] ADCParametersView:116 -                Rank 4 : true
2025-08-27 18:22:25,083 [INFO] ADCParametersView:116 -                Rank 1 : true
2025-08-27 18:22:25,083 [INFO] ADCParametersView:116 -                Rank 2 : true
2025-08-27 18:22:25,083 [INFO] ADCParametersView:116 -                Rank 3 : true
2025-08-27 18:22:25,083 [INFO] ADCParametersView:116 -                Rank 4 : true
2025-08-27 18:22:25,083 [INFO] ADCParametersView:116 -                Rank 1 : true
2025-08-27 18:22:25,083 [INFO] ADCParametersView:116 -                Rank 2 : true
2025-08-27 18:22:25,083 [INFO] ADCParametersView:116 -                Rank 3 : true
2025-08-27 18:22:25,083 [INFO] ADCParametersView:116 -                Rank 4 : true
2025-08-27 18:22:25,083 [INFO] ADCParametersView:116 -                Rank 1 : true
2025-08-27 18:22:25,083 [INFO] ADCParametersView:116 -                Rank 2 : true
2025-08-27 18:22:25,083 [INFO] ADCParametersView:116 -                Rank 3 : true
2025-08-27 18:22:25,083 [INFO] ADCParametersView:116 -                Rank 4 : true
2025-08-27 18:22:25,083 [INFO] ADCParametersView:116 -                Rank 1 : true
2025-08-27 18:22:25,083 [INFO] ADCParametersView:116 -                Rank 2 : true
2025-08-27 18:22:25,083 [INFO] ADCParametersView:116 -                Rank 3 : true
2025-08-27 18:22:25,083 [INFO] ADCParametersView:116 -                Rank 4 : true
2025-08-27 18:22:25,083 [INFO] ADCParametersView:116 -                Rank 1 : true
2025-08-27 18:22:25,083 [INFO] ADCParametersView:116 -                Rank 2 : true
2025-08-27 18:22:25,083 [INFO] ADCParametersView:116 -                Rank 3 : true
2025-08-27 18:22:25,083 [INFO] ADCParametersView:116 -                Rank 4 : true
2025-08-27 18:22:25,083 [INFO] ADCParametersView:116 -                Rank 1 : true
2025-08-27 18:22:25,083 [INFO] ADCParametersView:116 -                Rank 2 : true
2025-08-27 18:22:25,083 [INFO] ADCParametersView:116 -                Rank 3 : true
2025-08-27 18:22:25,083 [INFO] ADCParametersView:116 -                Rank 4 : true
2025-08-27 18:22:25,083 [INFO] ADCParametersView:116 -                Rank 2 : true
2025-08-27 18:22:25,083 [INFO] ADCParametersView:116 -                Rank 3 : true
2025-08-27 18:22:25,083 [INFO] ADCParametersView:116 -                Rank 4 : true
2025-08-27 18:22:25,083 [INFO] ADCParametersView:116 -                Rank 3 : true
2025-08-27 18:22:25,083 [INFO] ADCParametersView:116 -                Rank 4 : true
2025-08-27 18:22:25,084 [INFO] ADCParametersView:116 -                Rank 4 : true
2025-08-27 18:22:25,173 [INFO] ADCParametersView:116 -                Rank 1 : true
2025-08-27 18:22:25,173 [INFO] ADCParametersView:116 -                Rank 1 : true
2025-08-27 18:22:25,173 [INFO] ADCParametersView:116 -                Rank 2 : true
2025-08-27 18:22:25,173 [INFO] ADCParametersView:116 -                Rank 1 : true
2025-08-27 18:22:25,173 [INFO] ADCParametersView:116 -                Rank 2 : true
2025-08-27 18:22:25,173 [INFO] ADCParametersView:116 -                Rank 3 : true
2025-08-27 18:22:25,173 [INFO] ADCParametersView:116 -                Rank 1 : true
2025-08-27 18:22:25,173 [INFO] ADCParametersView:116 -                Rank 2 : true
2025-08-27 18:22:25,173 [INFO] ADCParametersView:116 -                Rank 3 : true
2025-08-27 18:22:25,174 [INFO] ADCParametersView:116 -                Rank 4 : true
2025-08-27 18:22:27,845 [INFO] NvicIntPanel:101 - NVIC parent = com.st.microxplorer.plugins.ip.nvic.MultiNvicIntPanel[,0,0,0x0,invalid,layout=javax.swing.BoxLayout,alignmentX=0.0,alignmentY=0.0,border=,flags=9,maximumSize=,minimumSize=,preferredSize=]
2025-08-27 18:22:27,902 [INFO] ADCParametersView:116 -                Rank 1 : true
2025-08-27 18:22:27,902 [INFO] ADCParametersView:116 -                Rank 2 : true
2025-08-27 18:22:27,903 [INFO] ADCParametersView:116 -                Rank 3 : true
2025-08-27 18:22:27,903 [INFO] ADCParametersView:116 -                Rank 4 : true
2025-08-27 18:22:27,904 [INFO] ADCParametersView:116 -                Rank 1 : true
2025-08-27 18:22:27,904 [INFO] ADCParametersView:116 -                Rank 2 : true
2025-08-27 18:22:27,904 [INFO] ADCParametersView:116 -                Rank 3 : true
2025-08-27 18:22:27,904 [INFO] ADCParametersView:116 -                Rank 4 : true
2025-08-27 18:22:27,904 [INFO] ADCParametersView:116 -                Rank 1 : true
2025-08-27 18:22:27,904 [INFO] ADCParametersView:116 -                Rank 2 : true
2025-08-27 18:22:27,904 [INFO] ADCParametersView:116 -                Rank 3 : true
2025-08-27 18:22:27,904 [INFO] ADCParametersView:116 -                Rank 4 : true
2025-08-27 18:22:27,904 [INFO] ADCParametersView:116 -                Rank 1 : true
2025-08-27 18:22:27,904 [INFO] ADCParametersView:116 -                Rank 2 : true
2025-08-27 18:22:27,904 [INFO] ADCParametersView:116 -                Rank 3 : true
2025-08-27 18:22:27,904 [INFO] ADCParametersView:116 -                Rank 4 : true
2025-08-27 18:22:27,904 [INFO] ADCParametersView:116 -                Rank 1 : true
2025-08-27 18:22:27,904 [INFO] ADCParametersView:116 -                Rank 2 : true
2025-08-27 18:22:27,904 [INFO] ADCParametersView:116 -                Rank 3 : true
2025-08-27 18:22:27,904 [INFO] ADCParametersView:116 -                Rank 4 : true
2025-08-27 18:22:27,904 [INFO] ADCParametersView:116 -                Rank 1 : true
2025-08-27 18:22:27,904 [INFO] ADCParametersView:116 -                Rank 2 : true
2025-08-27 18:22:27,904 [INFO] ADCParametersView:116 -                Rank 3 : true
2025-08-27 18:22:27,904 [INFO] ADCParametersView:116 -                Rank 4 : true
2025-08-27 18:22:27,904 [INFO] ADCParametersView:116 -                Rank 1 : true
2025-08-27 18:22:27,904 [INFO] ADCParametersView:116 -                Rank 2 : true
2025-08-27 18:22:27,904 [INFO] ADCParametersView:116 -                Rank 3 : true
2025-08-27 18:22:27,904 [INFO] ADCParametersView:116 -                Rank 4 : true
2025-08-27 18:22:27,904 [INFO] ADCParametersView:116 -                Rank 1 : true
2025-08-27 18:22:27,904 [INFO] ADCParametersView:116 -                Rank 2 : true
2025-08-27 18:22:27,904 [INFO] ADCParametersView:116 -                Rank 3 : true
2025-08-27 18:22:27,904 [INFO] ADCParametersView:116 -                Rank 4 : true
2025-08-27 18:22:27,904 [INFO] ADCParametersView:116 -                Rank 1 : true
2025-08-27 18:22:27,904 [INFO] ADCParametersView:116 -                Rank 2 : true
2025-08-27 18:22:27,904 [INFO] ADCParametersView:116 -                Rank 3 : true
2025-08-27 18:22:27,904 [INFO] ADCParametersView:116 -                Rank 4 : true
2025-08-27 18:22:27,904 [INFO] ADCParametersView:116 -                Rank 1 : true
2025-08-27 18:22:27,904 [INFO] ADCParametersView:116 -                Rank 2 : true
2025-08-27 18:22:27,904 [INFO] ADCParametersView:116 -                Rank 3 : true
2025-08-27 18:22:27,904 [INFO] ADCParametersView:116 -                Rank 4 : true
2025-08-27 18:22:27,904 [INFO] ADCParametersView:116 -                Rank 1 : true
2025-08-27 18:22:27,904 [INFO] ADCParametersView:116 -                Rank 2 : true
2025-08-27 18:22:27,904 [INFO] ADCParametersView:116 -                Rank 3 : true
2025-08-27 18:22:27,904 [INFO] ADCParametersView:116 -                Rank 4 : true
2025-08-27 18:22:27,905 [INFO] ADCParametersView:116 -                Rank 1 : true
2025-08-27 18:22:27,905 [INFO] ADCParametersView:116 -                Rank 2 : true
2025-08-27 18:22:27,905 [INFO] ADCParametersView:116 -                Rank 3 : true
2025-08-27 18:22:27,905 [INFO] ADCParametersView:116 -                Rank 4 : true
2025-08-27 18:22:27,905 [INFO] ADCParametersView:116 -                Rank 1 : true
2025-08-27 18:22:27,905 [INFO] ADCParametersView:116 -                Rank 2 : true
2025-08-27 18:22:27,905 [INFO] ADCParametersView:116 -                Rank 3 : true
2025-08-27 18:22:27,905 [INFO] ADCParametersView:116 -                Rank 4 : true
2025-08-27 18:22:27,905 [INFO] ADCParametersView:116 -                Rank 1 : true
2025-08-27 18:22:27,905 [INFO] ADCParametersView:116 -                Rank 2 : true
2025-08-27 18:22:27,905 [INFO] ADCParametersView:116 -                Rank 3 : true
2025-08-27 18:22:27,905 [INFO] ADCParametersView:116 -                Rank 4 : true
2025-08-27 18:22:27,905 [INFO] ADCParametersView:116 -                Rank 1 : true
2025-08-27 18:22:27,905 [INFO] ADCParametersView:116 -                Rank 2 : true
2025-08-27 18:22:27,905 [INFO] ADCParametersView:116 -                Rank 3 : true
2025-08-27 18:22:27,905 [INFO] ADCParametersView:116 -                Rank 4 : true
2025-08-27 18:22:27,905 [INFO] ADCParametersView:116 -                Rank 1 : true
2025-08-27 18:22:27,905 [INFO] ADCParametersView:116 -                Rank 2 : true
2025-08-27 18:22:27,905 [INFO] ADCParametersView:116 -                Rank 3 : true
2025-08-27 18:22:27,905 [INFO] ADCParametersView:116 -                Rank 4 : true
2025-08-27 18:22:27,905 [INFO] ADCParametersView:116 -                Rank 1 : true
2025-08-27 18:22:27,905 [INFO] ADCParametersView:116 -                Rank 2 : true
2025-08-27 18:22:27,905 [INFO] ADCParametersView:116 -                Rank 3 : true
2025-08-27 18:22:27,905 [INFO] ADCParametersView:116 -                Rank 4 : true
2025-08-27 18:22:27,905 [INFO] ADCParametersView:116 -                Rank 1 : true
2025-08-27 18:22:27,905 [INFO] ADCParametersView:116 -                Rank 2 : true
2025-08-27 18:22:27,905 [INFO] ADCParametersView:116 -                Rank 3 : true
2025-08-27 18:22:27,905 [INFO] ADCParametersView:116 -                Rank 4 : true
2025-08-27 18:22:27,905 [INFO] ADCParametersView:116 -                Rank 1 : true
2025-08-27 18:22:27,905 [INFO] ADCParametersView:116 -                Rank 2 : true
2025-08-27 18:22:27,905 [INFO] ADCParametersView:116 -                Rank 3 : true
2025-08-27 18:22:27,905 [INFO] ADCParametersView:116 -                Rank 4 : true
2025-08-27 18:22:27,905 [INFO] ADCParametersView:116 -                Rank 1 : true
2025-08-27 18:22:27,905 [INFO] ADCParametersView:116 -                Rank 2 : true
2025-08-27 18:22:27,905 [INFO] ADCParametersView:116 -                Rank 3 : true
2025-08-27 18:22:27,905 [INFO] ADCParametersView:116 -                Rank 4 : true
2025-08-27 18:22:27,905 [INFO] ADCParametersView:116 -                Rank 2 : true
2025-08-27 18:22:27,905 [INFO] ADCParametersView:116 -                Rank 3 : true
2025-08-27 18:22:27,905 [INFO] ADCParametersView:116 -                Rank 4 : true
2025-08-27 18:22:27,905 [INFO] ADCParametersView:116 -                Rank 3 : true
2025-08-27 18:22:27,905 [INFO] ADCParametersView:116 -                Rank 4 : true
2025-08-27 18:22:27,905 [INFO] ADCParametersView:116 -                Rank 4 : true
2025-08-27 18:22:27,991 [INFO] ADCParametersView:116 -                Rank 1 : true
2025-08-27 18:22:27,991 [INFO] ADCParametersView:116 -                Rank 1 : true
2025-08-27 18:22:27,991 [INFO] ADCParametersView:116 -                Rank 2 : true
2025-08-27 18:22:27,991 [INFO] ADCParametersView:116 -                Rank 1 : true
2025-08-27 18:22:27,991 [INFO] ADCParametersView:116 -                Rank 2 : true
2025-08-27 18:22:27,991 [INFO] ADCParametersView:116 -                Rank 3 : true
2025-08-27 18:22:27,991 [INFO] ADCParametersView:116 -                Rank 1 : true
2025-08-27 18:22:27,991 [INFO] ADCParametersView:116 -                Rank 2 : true
2025-08-27 18:22:27,991 [INFO] ADCParametersView:116 -                Rank 3 : true
2025-08-27 18:22:27,991 [INFO] ADCParametersView:116 -                Rank 4 : true
2025-08-27 18:24:34,079 [INFO] I2cTimingTraitement:330 - 0x109090D9
2025-08-27 18:24:34,453 [INFO] ADCParametersView:116 -                Rank 1 : true
2025-08-27 18:24:34,453 [INFO] ADCParametersView:116 -                Rank 2 : true
2025-08-27 18:24:34,453 [INFO] ADCParametersView:116 -                Rank 3 : true
2025-08-27 18:24:34,453 [INFO] ADCParametersView:116 -                Rank 4 : true
2025-08-27 18:24:34,455 [INFO] ADCParametersView:116 -                Rank 1 : true
2025-08-27 18:24:34,455 [INFO] ADCParametersView:116 -                Rank 2 : true
2025-08-27 18:24:34,455 [INFO] ADCParametersView:116 -                Rank 3 : true
2025-08-27 18:24:34,455 [INFO] ADCParametersView:116 -                Rank 4 : true
2025-08-27 18:24:34,455 [INFO] ADCParametersView:116 -                Rank 1 : true
2025-08-27 18:24:34,455 [INFO] ADCParametersView:116 -                Rank 2 : true
2025-08-27 18:24:34,455 [INFO] ADCParametersView:116 -                Rank 3 : true
2025-08-27 18:24:34,455 [INFO] ADCParametersView:116 -                Rank 4 : true
2025-08-27 18:24:34,455 [INFO] ADCParametersView:116 -                Rank 1 : true
2025-08-27 18:24:34,455 [INFO] ADCParametersView:116 -                Rank 2 : true
2025-08-27 18:24:34,455 [INFO] ADCParametersView:116 -                Rank 3 : true
2025-08-27 18:24:34,455 [INFO] ADCParametersView:116 -                Rank 4 : true
2025-08-27 18:24:34,455 [INFO] ADCParametersView:116 -                Rank 1 : true
2025-08-27 18:24:34,455 [INFO] ADCParametersView:116 -                Rank 2 : true
2025-08-27 18:24:34,455 [INFO] ADCParametersView:116 -                Rank 3 : true
2025-08-27 18:24:34,455 [INFO] ADCParametersView:116 -                Rank 4 : true
2025-08-27 18:24:34,455 [INFO] ADCParametersView:116 -                Rank 1 : true
2025-08-27 18:24:34,455 [INFO] ADCParametersView:116 -                Rank 2 : true
2025-08-27 18:24:34,455 [INFO] ADCParametersView:116 -                Rank 3 : true
2025-08-27 18:24:34,455 [INFO] ADCParametersView:116 -                Rank 4 : true
2025-08-27 18:24:34,455 [INFO] ADCParametersView:116 -                Rank 1 : true
2025-08-27 18:24:34,455 [INFO] ADCParametersView:116 -                Rank 2 : true
2025-08-27 18:24:34,455 [INFO] ADCParametersView:116 -                Rank 3 : true
2025-08-27 18:24:34,455 [INFO] ADCParametersView:116 -                Rank 4 : true
2025-08-27 18:24:34,455 [INFO] ADCParametersView:116 -                Rank 1 : true
2025-08-27 18:24:34,455 [INFO] ADCParametersView:116 -                Rank 2 : true
2025-08-27 18:24:34,455 [INFO] ADCParametersView:116 -                Rank 3 : true
2025-08-27 18:24:34,455 [INFO] ADCParametersView:116 -                Rank 4 : true
2025-08-27 18:24:34,455 [INFO] ADCParametersView:116 -                Rank 1 : true
2025-08-27 18:24:34,456 [INFO] ADCParametersView:116 -                Rank 2 : true
2025-08-27 18:24:34,456 [INFO] ADCParametersView:116 -                Rank 3 : true
2025-08-27 18:24:34,456 [INFO] ADCParametersView:116 -                Rank 4 : true
2025-08-27 18:24:34,456 [INFO] ADCParametersView:116 -                Rank 1 : true
2025-08-27 18:24:34,456 [INFO] ADCParametersView:116 -                Rank 2 : true
2025-08-27 18:24:34,456 [INFO] ADCParametersView:116 -                Rank 3 : true
2025-08-27 18:24:34,456 [INFO] ADCParametersView:116 -                Rank 4 : true
2025-08-27 18:24:34,456 [INFO] ADCParametersView:116 -                Rank 1 : true
2025-08-27 18:24:34,456 [INFO] ADCParametersView:116 -                Rank 2 : true
2025-08-27 18:24:34,456 [INFO] ADCParametersView:116 -                Rank 3 : true
2025-08-27 18:24:34,456 [INFO] ADCParametersView:116 -                Rank 4 : true
2025-08-27 18:24:34,456 [INFO] ADCParametersView:116 -                Rank 1 : true
2025-08-27 18:24:34,456 [INFO] ADCParametersView:116 -                Rank 2 : true
2025-08-27 18:24:34,456 [INFO] ADCParametersView:116 -                Rank 3 : true
2025-08-27 18:24:34,456 [INFO] ADCParametersView:116 -                Rank 4 : true
2025-08-27 18:24:34,456 [INFO] ADCParametersView:116 -                Rank 1 : true
2025-08-27 18:24:34,456 [INFO] ADCParametersView:116 -                Rank 2 : true
2025-08-27 18:24:34,456 [INFO] ADCParametersView:116 -                Rank 3 : true
2025-08-27 18:24:34,456 [INFO] ADCParametersView:116 -                Rank 4 : true
2025-08-27 18:24:34,456 [INFO] ADCParametersView:116 -                Rank 1 : true
2025-08-27 18:24:34,456 [INFO] ADCParametersView:116 -                Rank 2 : true
2025-08-27 18:24:34,456 [INFO] ADCParametersView:116 -                Rank 3 : true
2025-08-27 18:24:34,456 [INFO] ADCParametersView:116 -                Rank 4 : true
2025-08-27 18:24:34,456 [INFO] ADCParametersView:116 -                Rank 1 : true
2025-08-27 18:24:34,456 [INFO] ADCParametersView:116 -                Rank 2 : true
2025-08-27 18:24:34,456 [INFO] ADCParametersView:116 -                Rank 3 : true
2025-08-27 18:24:34,456 [INFO] ADCParametersView:116 -                Rank 4 : true
2025-08-27 18:24:34,456 [INFO] ADCParametersView:116 -                Rank 1 : true
2025-08-27 18:24:34,456 [INFO] ADCParametersView:116 -                Rank 2 : true
2025-08-27 18:24:34,456 [INFO] ADCParametersView:116 -                Rank 3 : true
2025-08-27 18:24:34,456 [INFO] ADCParametersView:116 -                Rank 4 : true
2025-08-27 18:24:34,456 [INFO] ADCParametersView:116 -                Rank 1 : true
2025-08-27 18:24:34,456 [INFO] ADCParametersView:116 -                Rank 2 : true
2025-08-27 18:24:34,456 [INFO] ADCParametersView:116 -                Rank 3 : true
2025-08-27 18:24:34,456 [INFO] ADCParametersView:116 -                Rank 4 : true
2025-08-27 18:24:34,456 [INFO] ADCParametersView:116 -                Rank 1 : true
2025-08-27 18:24:34,456 [INFO] ADCParametersView:116 -                Rank 2 : true
2025-08-27 18:24:34,456 [INFO] ADCParametersView:116 -                Rank 3 : true
2025-08-27 18:24:34,456 [INFO] ADCParametersView:116 -                Rank 4 : true
2025-08-27 18:24:34,456 [INFO] ADCParametersView:116 -                Rank 1 : true
2025-08-27 18:24:34,456 [INFO] ADCParametersView:116 -                Rank 2 : true
2025-08-27 18:24:34,456 [INFO] ADCParametersView:116 -                Rank 3 : true
2025-08-27 18:24:34,456 [INFO] ADCParametersView:116 -                Rank 4 : true
2025-08-27 18:24:34,456 [INFO] ADCParametersView:116 -                Rank 1 : true
2025-08-27 18:24:34,456 [INFO] ADCParametersView:116 -                Rank 2 : true
2025-08-27 18:24:34,456 [INFO] ADCParametersView:116 -                Rank 3 : true
2025-08-27 18:24:34,456 [INFO] ADCParametersView:116 -                Rank 4 : true
2025-08-27 18:24:34,456 [INFO] ADCParametersView:116 -                Rank 2 : true
2025-08-27 18:24:34,456 [INFO] ADCParametersView:116 -                Rank 3 : true
2025-08-27 18:24:34,456 [INFO] ADCParametersView:116 -                Rank 4 : true
2025-08-27 18:24:34,457 [INFO] ADCParametersView:116 -                Rank 3 : true
2025-08-27 18:24:34,457 [INFO] ADCParametersView:116 -                Rank 4 : true
2025-08-27 18:24:34,457 [INFO] ADCParametersView:116 -                Rank 4 : true
2025-08-27 18:24:34,556 [INFO] ADCParametersView:116 -                Rank 1 : true
2025-08-27 18:24:34,557 [INFO] ADCParametersView:116 -                Rank 1 : true
2025-08-27 18:24:34,557 [INFO] ADCParametersView:116 -                Rank 2 : true
2025-08-27 18:24:34,557 [INFO] ADCParametersView:116 -                Rank 1 : true
2025-08-27 18:24:34,557 [INFO] ADCParametersView:116 -                Rank 2 : true
2025-08-27 18:24:34,557 [INFO] ADCParametersView:116 -                Rank 3 : true
2025-08-27 18:24:34,557 [INFO] ADCParametersView:116 -                Rank 1 : true
2025-08-27 18:24:34,557 [INFO] ADCParametersView:116 -                Rank 2 : true
2025-08-27 18:24:34,557 [INFO] ADCParametersView:116 -                Rank 3 : true
2025-08-27 18:24:34,557 [INFO] ADCParametersView:116 -                Rank 4 : true
2025-08-27 18:24:34,665 [INFO] ADCParametersView:116 -                Rank 1 : true
2025-08-27 18:24:34,665 [INFO] ADCParametersView:116 -                Rank 2 : true
2025-08-27 18:24:34,665 [INFO] ADCParametersView:116 -                Rank 3 : true
2025-08-27 18:24:34,665 [INFO] ADCParametersView:116 -                Rank 4 : true
2025-08-27 18:24:34,665 [INFO] ADCParametersView:116 -                Rank 1 : true
2025-08-27 18:24:34,665 [INFO] ADCParametersView:116 -                Rank 2 : true
2025-08-27 18:24:34,665 [INFO] ADCParametersView:116 -                Rank 3 : true
2025-08-27 18:24:34,665 [INFO] ADCParametersView:116 -                Rank 4 : true
2025-08-27 18:24:34,665 [INFO] ADCParametersView:116 -                Rank 1 : true
2025-08-27 18:24:34,665 [INFO] ADCParametersView:116 -                Rank 2 : true
2025-08-27 18:24:34,666 [INFO] ADCParametersView:116 -                Rank 3 : true
2025-08-27 18:24:34,666 [INFO] ADCParametersView:116 -                Rank 4 : true
2025-08-27 18:24:34,666 [INFO] ADCParametersView:116 -                Rank 1 : true
2025-08-27 18:24:34,666 [INFO] ADCParametersView:116 -                Rank 2 : true
2025-08-27 18:24:34,666 [INFO] ADCParametersView:116 -                Rank 3 : true
2025-08-27 18:24:34,666 [INFO] ADCParametersView:116 -                Rank 4 : true
2025-08-27 18:24:34,666 [INFO] ADCParametersView:116 -                Rank 1 : true
2025-08-27 18:24:34,666 [INFO] ADCParametersView:116 -                Rank 2 : true
2025-08-27 18:24:34,666 [INFO] ADCParametersView:116 -                Rank 3 : true
2025-08-27 18:24:34,666 [INFO] ADCParametersView:116 -                Rank 4 : true
2025-08-27 18:24:34,666 [INFO] ADCParametersView:116 -                Rank 1 : true
2025-08-27 18:24:34,666 [INFO] ADCParametersView:116 -                Rank 2 : true
2025-08-27 18:24:34,666 [INFO] ADCParametersView:116 -                Rank 3 : true
2025-08-27 18:24:34,666 [INFO] ADCParametersView:116 -                Rank 4 : true
2025-08-27 18:24:34,666 [INFO] ADCParametersView:116 -                Rank 1 : true
2025-08-27 18:24:34,666 [INFO] ADCParametersView:116 -                Rank 2 : true
2025-08-27 18:24:34,666 [INFO] ADCParametersView:116 -                Rank 3 : true
2025-08-27 18:24:34,666 [INFO] ADCParametersView:116 -                Rank 4 : true
2025-08-27 18:24:34,666 [INFO] ADCParametersView:116 -                Rank 1 : true
2025-08-27 18:24:34,666 [INFO] ADCParametersView:116 -                Rank 2 : true
2025-08-27 18:24:34,666 [INFO] ADCParametersView:116 -                Rank 3 : true
2025-08-27 18:24:34,666 [INFO] ADCParametersView:116 -                Rank 4 : true
2025-08-27 18:24:34,666 [INFO] ADCParametersView:116 -                Rank 1 : true
2025-08-27 18:24:34,666 [INFO] ADCParametersView:116 -                Rank 2 : true
2025-08-27 18:24:34,666 [INFO] ADCParametersView:116 -                Rank 3 : true
2025-08-27 18:24:34,666 [INFO] ADCParametersView:116 -                Rank 4 : true
2025-08-27 18:24:34,666 [INFO] ADCParametersView:116 -                Rank 1 : true
2025-08-27 18:24:34,666 [INFO] ADCParametersView:116 -                Rank 2 : true
2025-08-27 18:24:34,666 [INFO] ADCParametersView:116 -                Rank 3 : true
2025-08-27 18:24:34,666 [INFO] ADCParametersView:116 -                Rank 4 : true
2025-08-27 18:24:34,666 [INFO] ADCParametersView:116 -                Rank 1 : true
2025-08-27 18:24:34,666 [INFO] ADCParametersView:116 -                Rank 2 : true
2025-08-27 18:24:34,666 [INFO] ADCParametersView:116 -                Rank 3 : true
2025-08-27 18:24:34,666 [INFO] ADCParametersView:116 -                Rank 4 : true
2025-08-27 18:24:34,666 [INFO] ADCParametersView:116 -                Rank 1 : true
2025-08-27 18:24:34,666 [INFO] ADCParametersView:116 -                Rank 2 : true
2025-08-27 18:24:34,666 [INFO] ADCParametersView:116 -                Rank 3 : true
2025-08-27 18:24:34,666 [INFO] ADCParametersView:116 -                Rank 4 : true
2025-08-27 18:24:34,666 [INFO] ADCParametersView:116 -                Rank 1 : true
2025-08-27 18:24:34,666 [INFO] ADCParametersView:116 -                Rank 2 : true
2025-08-27 18:24:34,666 [INFO] ADCParametersView:116 -                Rank 3 : true
2025-08-27 18:24:34,666 [INFO] ADCParametersView:116 -                Rank 4 : true
2025-08-27 18:24:34,666 [INFO] ADCParametersView:116 -                Rank 1 : true
2025-08-27 18:24:34,666 [INFO] ADCParametersView:116 -                Rank 2 : true
2025-08-27 18:24:34,666 [INFO] ADCParametersView:116 -                Rank 3 : true
2025-08-27 18:24:34,666 [INFO] ADCParametersView:116 -                Rank 4 : true
2025-08-27 18:24:34,666 [INFO] ADCParametersView:116 -                Rank 1 : true
2025-08-27 18:24:34,666 [INFO] ADCParametersView:116 -                Rank 2 : true
2025-08-27 18:24:34,667 [INFO] ADCParametersView:116 -                Rank 3 : true
2025-08-27 18:24:34,667 [INFO] ADCParametersView:116 -                Rank 4 : true
2025-08-27 18:24:34,667 [INFO] ADCParametersView:116 -                Rank 1 : true
2025-08-27 18:24:34,667 [INFO] ADCParametersView:116 -                Rank 2 : true
2025-08-27 18:24:34,667 [INFO] ADCParametersView:116 -                Rank 3 : true
2025-08-27 18:24:34,667 [INFO] ADCParametersView:116 -                Rank 4 : true
2025-08-27 18:24:34,667 [INFO] ADCParametersView:116 -                Rank 1 : true
2025-08-27 18:24:34,667 [INFO] ADCParametersView:116 -                Rank 2 : true
2025-08-27 18:24:34,667 [INFO] ADCParametersView:116 -                Rank 3 : true
2025-08-27 18:24:34,667 [INFO] ADCParametersView:116 -                Rank 4 : true
2025-08-27 18:24:34,667 [INFO] ADCParametersView:116 -                Rank 1 : true
2025-08-27 18:24:34,667 [INFO] ADCParametersView:116 -                Rank 2 : true
2025-08-27 18:24:34,667 [INFO] ADCParametersView:116 -                Rank 3 : true
2025-08-27 18:24:34,667 [INFO] ADCParametersView:116 -                Rank 4 : true
2025-08-27 18:24:34,667 [INFO] ADCParametersView:116 -                Rank 1 : true
2025-08-27 18:24:34,667 [INFO] ADCParametersView:116 -                Rank 2 : true
2025-08-27 18:24:34,667 [INFO] ADCParametersView:116 -                Rank 3 : true
2025-08-27 18:24:34,667 [INFO] ADCParametersView:116 -                Rank 4 : true
2025-08-27 18:24:34,667 [INFO] ADCParametersView:116 -                Rank 1 : true
2025-08-27 18:24:34,667 [INFO] ADCParametersView:116 -                Rank 2 : true
2025-08-27 18:24:34,667 [INFO] ADCParametersView:116 -                Rank 3 : true
2025-08-27 18:24:34,667 [INFO] ADCParametersView:116 -                Rank 4 : true
2025-08-27 18:24:34,667 [INFO] ADCParametersView:116 -                Rank 2 : true
2025-08-27 18:24:34,667 [INFO] ADCParametersView:116 -                Rank 3 : true
2025-08-27 18:24:34,667 [INFO] ADCParametersView:116 -                Rank 4 : true
2025-08-27 18:24:34,667 [INFO] ADCParametersView:116 -                Rank 3 : true
2025-08-27 18:24:34,667 [INFO] ADCParametersView:116 -                Rank 4 : true
2025-08-27 18:24:34,667 [INFO] ADCParametersView:116 -                Rank 4 : true
2025-08-27 18:24:34,750 [INFO] ADCParametersView:116 -                Rank 1 : true
2025-08-27 18:24:34,750 [INFO] ADCParametersView:116 -                Rank 1 : true
2025-08-27 18:24:34,750 [INFO] ADCParametersView:116 -                Rank 2 : true
2025-08-27 18:24:34,750 [INFO] ADCParametersView:116 -                Rank 1 : true
2025-08-27 18:24:34,750 [INFO] ADCParametersView:116 -                Rank 2 : true
2025-08-27 18:24:34,750 [INFO] ADCParametersView:116 -                Rank 3 : true
2025-08-27 18:24:34,750 [INFO] ADCParametersView:116 -                Rank 1 : true
2025-08-27 18:24:34,750 [INFO] ADCParametersView:116 -                Rank 2 : true
2025-08-27 18:24:34,750 [INFO] ADCParametersView:116 -                Rank 3 : true
2025-08-27 18:24:34,750 [INFO] ADCParametersView:116 -                Rank 4 : true
2025-08-27 18:24:35,075 [INFO] ADCParametersView:116 -                Rank 1 : true
2025-08-27 18:24:35,075 [INFO] ADCParametersView:116 -                Rank 2 : true
2025-08-27 18:24:35,075 [INFO] ADCParametersView:116 -                Rank 3 : true
2025-08-27 18:24:35,075 [INFO] ADCParametersView:116 -                Rank 4 : true
2025-08-27 18:24:35,076 [INFO] ADCParametersView:116 -                Rank 1 : true
2025-08-27 18:24:35,076 [INFO] ADCParametersView:116 -                Rank 2 : true
2025-08-27 18:24:35,076 [INFO] ADCParametersView:116 -                Rank 3 : true
2025-08-27 18:24:35,076 [INFO] ADCParametersView:116 -                Rank 4 : true
2025-08-27 18:24:35,076 [INFO] ADCParametersView:116 -                Rank 1 : true
2025-08-27 18:24:35,076 [INFO] ADCParametersView:116 -                Rank 2 : true
2025-08-27 18:24:35,076 [INFO] ADCParametersView:116 -                Rank 3 : true
2025-08-27 18:24:35,076 [INFO] ADCParametersView:116 -                Rank 4 : true
2025-08-27 18:24:35,076 [INFO] ADCParametersView:116 -                Rank 1 : true
2025-08-27 18:24:35,076 [INFO] ADCParametersView:116 -                Rank 2 : true
2025-08-27 18:24:35,076 [INFO] ADCParametersView:116 -                Rank 3 : true
2025-08-27 18:24:35,076 [INFO] ADCParametersView:116 -                Rank 4 : true
2025-08-27 18:24:35,076 [INFO] ADCParametersView:116 -                Rank 1 : true
2025-08-27 18:24:35,076 [INFO] ADCParametersView:116 -                Rank 2 : true
2025-08-27 18:24:35,076 [INFO] ADCParametersView:116 -                Rank 3 : true
2025-08-27 18:24:35,076 [INFO] ADCParametersView:116 -                Rank 4 : true
2025-08-27 18:24:35,076 [INFO] ADCParametersView:116 -                Rank 1 : true
2025-08-27 18:24:35,076 [INFO] ADCParametersView:116 -                Rank 2 : true
2025-08-27 18:24:35,076 [INFO] ADCParametersView:116 -                Rank 3 : true
2025-08-27 18:24:35,076 [INFO] ADCParametersView:116 -                Rank 4 : true
2025-08-27 18:24:35,076 [INFO] ADCParametersView:116 -                Rank 1 : true
2025-08-27 18:24:35,076 [INFO] ADCParametersView:116 -                Rank 2 : true
2025-08-27 18:24:35,076 [INFO] ADCParametersView:116 -                Rank 3 : true
2025-08-27 18:24:35,076 [INFO] ADCParametersView:116 -                Rank 4 : true
2025-08-27 18:24:35,076 [INFO] ADCParametersView:116 -                Rank 1 : true
2025-08-27 18:24:35,076 [INFO] ADCParametersView:116 -                Rank 2 : true
2025-08-27 18:24:35,076 [INFO] ADCParametersView:116 -                Rank 3 : true
2025-08-27 18:24:35,076 [INFO] ADCParametersView:116 -                Rank 4 : true
2025-08-27 18:24:35,076 [INFO] ADCParametersView:116 -                Rank 1 : true
2025-08-27 18:24:35,076 [INFO] ADCParametersView:116 -                Rank 2 : true
2025-08-27 18:24:35,076 [INFO] ADCParametersView:116 -                Rank 3 : true
2025-08-27 18:24:35,076 [INFO] ADCParametersView:116 -                Rank 4 : true
2025-08-27 18:24:35,076 [INFO] ADCParametersView:116 -                Rank 1 : true
2025-08-27 18:24:35,076 [INFO] ADCParametersView:116 -                Rank 2 : true
2025-08-27 18:24:35,077 [INFO] ADCParametersView:116 -                Rank 3 : true
2025-08-27 18:24:35,077 [INFO] ADCParametersView:116 -                Rank 4 : true
2025-08-27 18:24:35,077 [INFO] ADCParametersView:116 -                Rank 1 : true
2025-08-27 18:24:35,077 [INFO] ADCParametersView:116 -                Rank 2 : true
2025-08-27 18:24:35,077 [INFO] ADCParametersView:116 -                Rank 3 : true
2025-08-27 18:24:35,077 [INFO] ADCParametersView:116 -                Rank 4 : true
2025-08-27 18:24:35,077 [INFO] ADCParametersView:116 -                Rank 1 : true
2025-08-27 18:24:35,077 [INFO] ADCParametersView:116 -                Rank 2 : true
2025-08-27 18:24:35,077 [INFO] ADCParametersView:116 -                Rank 3 : true
2025-08-27 18:24:35,077 [INFO] ADCParametersView:116 -                Rank 4 : true
2025-08-27 18:24:35,077 [INFO] ADCParametersView:116 -                Rank 1 : true
2025-08-27 18:24:35,077 [INFO] ADCParametersView:116 -                Rank 2 : true
2025-08-27 18:24:35,077 [INFO] ADCParametersView:116 -                Rank 3 : true
2025-08-27 18:24:35,077 [INFO] ADCParametersView:116 -                Rank 4 : true
2025-08-27 18:24:35,077 [INFO] ADCParametersView:116 -                Rank 1 : true
2025-08-27 18:24:35,077 [INFO] ADCParametersView:116 -                Rank 2 : true
2025-08-27 18:24:35,077 [INFO] ADCParametersView:116 -                Rank 3 : true
2025-08-27 18:24:35,077 [INFO] ADCParametersView:116 -                Rank 4 : true
2025-08-27 18:24:35,077 [INFO] ADCParametersView:116 -                Rank 1 : true
2025-08-27 18:24:35,077 [INFO] ADCParametersView:116 -                Rank 2 : true
2025-08-27 18:24:35,077 [INFO] ADCParametersView:116 -                Rank 3 : true
2025-08-27 18:24:35,077 [INFO] ADCParametersView:116 -                Rank 4 : true
2025-08-27 18:24:35,077 [INFO] ADCParametersView:116 -                Rank 1 : true
2025-08-27 18:24:35,077 [INFO] ADCParametersView:116 -                Rank 2 : true
2025-08-27 18:24:35,077 [INFO] ADCParametersView:116 -                Rank 3 : true
2025-08-27 18:24:35,077 [INFO] ADCParametersView:116 -                Rank 4 : true
2025-08-27 18:24:35,077 [INFO] ADCParametersView:116 -                Rank 1 : true
2025-08-27 18:24:35,077 [INFO] ADCParametersView:116 -                Rank 2 : true
2025-08-27 18:24:35,077 [INFO] ADCParametersView:116 -                Rank 3 : true
2025-08-27 18:24:35,077 [INFO] ADCParametersView:116 -                Rank 4 : true
2025-08-27 18:24:35,077 [INFO] ADCParametersView:116 -                Rank 1 : true
2025-08-27 18:24:35,077 [INFO] ADCParametersView:116 -                Rank 2 : true
2025-08-27 18:24:35,077 [INFO] ADCParametersView:116 -                Rank 3 : true
2025-08-27 18:24:35,077 [INFO] ADCParametersView:116 -                Rank 4 : true
2025-08-27 18:24:35,077 [INFO] ADCParametersView:116 -                Rank 1 : true
2025-08-27 18:24:35,077 [INFO] ADCParametersView:116 -                Rank 2 : true
2025-08-27 18:24:35,077 [INFO] ADCParametersView:116 -                Rank 3 : true
2025-08-27 18:24:35,077 [INFO] ADCParametersView:116 -                Rank 4 : true
2025-08-27 18:24:35,077 [INFO] ADCParametersView:116 -                Rank 1 : true
2025-08-27 18:24:35,077 [INFO] ADCParametersView:116 -                Rank 2 : true
2025-08-27 18:24:35,077 [INFO] ADCParametersView:116 -                Rank 3 : true
2025-08-27 18:24:35,077 [INFO] ADCParametersView:116 -                Rank 4 : true
2025-08-27 18:24:35,077 [INFO] ADCParametersView:116 -                Rank 2 : true
2025-08-27 18:24:35,077 [INFO] ADCParametersView:116 -                Rank 3 : true
2025-08-27 18:24:35,077 [INFO] ADCParametersView:116 -                Rank 4 : true
2025-08-27 18:24:35,077 [INFO] ADCParametersView:116 -                Rank 3 : true
2025-08-27 18:24:35,077 [INFO] ADCParametersView:116 -                Rank 4 : true
2025-08-27 18:24:35,078 [INFO] ADCParametersView:116 -                Rank 4 : true
2025-08-27 18:24:35,164 [INFO] ADCParametersView:116 -                Rank 1 : true
2025-08-27 18:24:35,164 [INFO] ADCParametersView:116 -                Rank 1 : true
2025-08-27 18:24:35,164 [INFO] ADCParametersView:116 -                Rank 2 : true
2025-08-27 18:24:35,164 [INFO] ADCParametersView:116 -                Rank 1 : true
2025-08-27 18:24:35,164 [INFO] ADCParametersView:116 -                Rank 2 : true
2025-08-27 18:24:35,164 [INFO] ADCParametersView:116 -                Rank 3 : true
2025-08-27 18:24:35,164 [INFO] ADCParametersView:116 -                Rank 1 : true
2025-08-27 18:24:35,164 [INFO] ADCParametersView:116 -                Rank 2 : true
2025-08-27 18:24:35,164 [INFO] ADCParametersView:116 -                Rank 3 : true
2025-08-27 18:24:35,164 [INFO] ADCParametersView:116 -                Rank 4 : true
2025-08-27 18:24:35,262 [INFO] ADCParametersView:116 -                Rank 1 : true
2025-08-27 18:24:35,262 [INFO] ADCParametersView:116 -                Rank 2 : true
2025-08-27 18:24:35,262 [INFO] ADCParametersView:116 -                Rank 3 : true
2025-08-27 18:24:35,262 [INFO] ADCParametersView:116 -                Rank 4 : true
2025-08-27 18:24:35,263 [INFO] ADCParametersView:116 -                Rank 1 : true
2025-08-27 18:24:35,263 [INFO] ADCParametersView:116 -                Rank 2 : true
2025-08-27 18:24:35,263 [INFO] ADCParametersView:116 -                Rank 3 : true
2025-08-27 18:24:35,263 [INFO] ADCParametersView:116 -                Rank 4 : true
2025-08-27 18:24:35,263 [INFO] ADCParametersView:116 -                Rank 1 : true
2025-08-27 18:24:35,263 [INFO] ADCParametersView:116 -                Rank 2 : true
2025-08-27 18:24:35,263 [INFO] ADCParametersView:116 -                Rank 3 : true
2025-08-27 18:24:35,263 [INFO] ADCParametersView:116 -                Rank 4 : true
2025-08-27 18:24:35,263 [INFO] ADCParametersView:116 -                Rank 1 : true
2025-08-27 18:24:35,263 [INFO] ADCParametersView:116 -                Rank 2 : true
2025-08-27 18:24:35,263 [INFO] ADCParametersView:116 -                Rank 3 : true
2025-08-27 18:24:35,263 [INFO] ADCParametersView:116 -                Rank 4 : true
2025-08-27 18:24:35,263 [INFO] ADCParametersView:116 -                Rank 1 : true
2025-08-27 18:24:35,263 [INFO] ADCParametersView:116 -                Rank 2 : true
2025-08-27 18:24:35,263 [INFO] ADCParametersView:116 -                Rank 3 : true
2025-08-27 18:24:35,263 [INFO] ADCParametersView:116 -                Rank 4 : true
2025-08-27 18:24:35,263 [INFO] ADCParametersView:116 -                Rank 1 : true
2025-08-27 18:24:35,263 [INFO] ADCParametersView:116 -                Rank 2 : true
2025-08-27 18:24:35,263 [INFO] ADCParametersView:116 -                Rank 3 : true
2025-08-27 18:24:35,263 [INFO] ADCParametersView:116 -                Rank 4 : true
2025-08-27 18:24:35,263 [INFO] ADCParametersView:116 -                Rank 1 : true
2025-08-27 18:24:35,263 [INFO] ADCParametersView:116 -                Rank 2 : true
2025-08-27 18:24:35,263 [INFO] ADCParametersView:116 -                Rank 3 : true
2025-08-27 18:24:35,263 [INFO] ADCParametersView:116 -                Rank 4 : true
2025-08-27 18:24:35,263 [INFO] ADCParametersView:116 -                Rank 1 : true
2025-08-27 18:24:35,263 [INFO] ADCParametersView:116 -                Rank 2 : true
2025-08-27 18:24:35,263 [INFO] ADCParametersView:116 -                Rank 3 : true
2025-08-27 18:24:35,263 [INFO] ADCParametersView:116 -                Rank 4 : true
2025-08-27 18:24:35,263 [INFO] ADCParametersView:116 -                Rank 1 : true
2025-08-27 18:24:35,263 [INFO] ADCParametersView:116 -                Rank 2 : true
2025-08-27 18:24:35,263 [INFO] ADCParametersView:116 -                Rank 3 : true
2025-08-27 18:24:35,263 [INFO] ADCParametersView:116 -                Rank 4 : true
2025-08-27 18:24:35,263 [INFO] ADCParametersView:116 -                Rank 1 : true
2025-08-27 18:24:35,263 [INFO] ADCParametersView:116 -                Rank 2 : true
2025-08-27 18:24:35,263 [INFO] ADCParametersView:116 -                Rank 3 : true
2025-08-27 18:24:35,263 [INFO] ADCParametersView:116 -                Rank 4 : true
2025-08-27 18:24:35,263 [INFO] ADCParametersView:116 -                Rank 1 : true
2025-08-27 18:24:35,264 [INFO] ADCParametersView:116 -                Rank 2 : true
2025-08-27 18:24:35,264 [INFO] ADCParametersView:116 -                Rank 3 : true
2025-08-27 18:24:35,264 [INFO] ADCParametersView:116 -                Rank 4 : true
2025-08-27 18:24:35,264 [INFO] ADCParametersView:116 -                Rank 1 : true
2025-08-27 18:24:35,264 [INFO] ADCParametersView:116 -                Rank 2 : true
2025-08-27 18:24:35,264 [INFO] ADCParametersView:116 -                Rank 3 : true
2025-08-27 18:24:35,264 [INFO] ADCParametersView:116 -                Rank 4 : true
2025-08-27 18:24:35,264 [INFO] ADCParametersView:116 -                Rank 1 : true
2025-08-27 18:24:35,264 [INFO] ADCParametersView:116 -                Rank 2 : true
2025-08-27 18:24:35,264 [INFO] ADCParametersView:116 -                Rank 3 : true
2025-08-27 18:24:35,264 [INFO] ADCParametersView:116 -                Rank 4 : true
2025-08-27 18:24:35,264 [INFO] ADCParametersView:116 -                Rank 1 : true
2025-08-27 18:24:35,264 [INFO] ADCParametersView:116 -                Rank 2 : true
2025-08-27 18:24:35,264 [INFO] ADCParametersView:116 -                Rank 3 : true
2025-08-27 18:24:35,264 [INFO] ADCParametersView:116 -                Rank 4 : true
2025-08-27 18:24:35,264 [INFO] ADCParametersView:116 -                Rank 1 : true
2025-08-27 18:24:35,264 [INFO] ADCParametersView:116 -                Rank 2 : true
2025-08-27 18:24:35,264 [INFO] ADCParametersView:116 -                Rank 3 : true
2025-08-27 18:24:35,264 [INFO] ADCParametersView:116 -                Rank 4 : true
2025-08-27 18:24:35,264 [INFO] ADCParametersView:116 -                Rank 1 : true
2025-08-27 18:24:35,264 [INFO] ADCParametersView:116 -                Rank 2 : true
2025-08-27 18:24:35,264 [INFO] ADCParametersView:116 -                Rank 3 : true
2025-08-27 18:24:35,264 [INFO] ADCParametersView:116 -                Rank 4 : true
2025-08-27 18:24:35,264 [INFO] ADCParametersView:116 -                Rank 1 : true
2025-08-27 18:24:35,264 [INFO] ADCParametersView:116 -                Rank 2 : true
2025-08-27 18:24:35,264 [INFO] ADCParametersView:116 -                Rank 3 : true
2025-08-27 18:24:35,264 [INFO] ADCParametersView:116 -                Rank 4 : true
2025-08-27 18:24:35,264 [INFO] ADCParametersView:116 -                Rank 1 : true
2025-08-27 18:24:35,264 [INFO] ADCParametersView:116 -                Rank 2 : true
2025-08-27 18:24:35,264 [INFO] ADCParametersView:116 -                Rank 3 : true
2025-08-27 18:24:35,264 [INFO] ADCParametersView:116 -                Rank 4 : true
2025-08-27 18:24:35,264 [INFO] ADCParametersView:116 -                Rank 1 : true
2025-08-27 18:24:35,264 [INFO] ADCParametersView:116 -                Rank 2 : true
2025-08-27 18:24:35,264 [INFO] ADCParametersView:116 -                Rank 3 : true
2025-08-27 18:24:35,264 [INFO] ADCParametersView:116 -                Rank 4 : true
2025-08-27 18:24:35,264 [INFO] ADCParametersView:116 -                Rank 1 : true
2025-08-27 18:24:35,264 [INFO] ADCParametersView:116 -                Rank 2 : true
2025-08-27 18:24:35,264 [INFO] ADCParametersView:116 -                Rank 3 : true
2025-08-27 18:24:35,264 [INFO] ADCParametersView:116 -                Rank 4 : true
2025-08-27 18:24:35,264 [INFO] ADCParametersView:116 -                Rank 2 : true
2025-08-27 18:24:35,264 [INFO] ADCParametersView:116 -                Rank 3 : true
2025-08-27 18:24:35,264 [INFO] ADCParametersView:116 -                Rank 4 : true
2025-08-27 18:24:35,264 [INFO] ADCParametersView:116 -                Rank 3 : true
2025-08-27 18:24:35,264 [INFO] ADCParametersView:116 -                Rank 4 : true
2025-08-27 18:24:35,264 [INFO] ADCParametersView:116 -                Rank 4 : true
2025-08-27 18:24:35,344 [INFO] ADCParametersView:116 -                Rank 1 : true
2025-08-27 18:24:35,344 [INFO] ADCParametersView:116 -                Rank 1 : true
2025-08-27 18:24:35,344 [INFO] ADCParametersView:116 -                Rank 2 : true
2025-08-27 18:24:35,344 [INFO] ADCParametersView:116 -                Rank 1 : true
2025-08-27 18:24:35,344 [INFO] ADCParametersView:116 -                Rank 2 : true
2025-08-27 18:24:35,344 [INFO] ADCParametersView:116 -                Rank 3 : true
2025-08-27 18:24:35,345 [INFO] ADCParametersView:116 -                Rank 1 : true
2025-08-27 18:24:35,345 [INFO] ADCParametersView:116 -                Rank 2 : true
2025-08-27 18:24:35,345 [INFO] ADCParametersView:116 -                Rank 3 : true
2025-08-27 18:24:35,345 [INFO] ADCParametersView:116 -                Rank 4 : true
2025-08-27 18:24:35,695 [INFO] ADCParametersView:116 -                Rank 1 : true
2025-08-27 18:24:35,695 [INFO] ADCParametersView:116 -                Rank 2 : true
2025-08-27 18:24:35,695 [INFO] ADCParametersView:116 -                Rank 3 : true
2025-08-27 18:24:35,695 [INFO] ADCParametersView:116 -                Rank 4 : true
2025-08-27 18:24:35,696 [INFO] ADCParametersView:116 -                Rank 1 : true
2025-08-27 18:24:35,697 [INFO] ADCParametersView:116 -                Rank 2 : true
2025-08-27 18:24:35,697 [INFO] ADCParametersView:116 -                Rank 3 : true
2025-08-27 18:24:35,697 [INFO] ADCParametersView:116 -                Rank 4 : true
2025-08-27 18:24:35,697 [INFO] ADCParametersView:116 -                Rank 1 : true
2025-08-27 18:24:35,697 [INFO] ADCParametersView:116 -                Rank 2 : true
2025-08-27 18:24:35,697 [INFO] ADCParametersView:116 -                Rank 3 : true
2025-08-27 18:24:35,697 [INFO] ADCParametersView:116 -                Rank 4 : true
2025-08-27 18:24:35,697 [INFO] ADCParametersView:116 -                Rank 1 : true
2025-08-27 18:24:35,697 [INFO] ADCParametersView:116 -                Rank 2 : true
2025-08-27 18:24:35,697 [INFO] ADCParametersView:116 -                Rank 3 : true
2025-08-27 18:24:35,697 [INFO] ADCParametersView:116 -                Rank 4 : true
2025-08-27 18:24:35,697 [INFO] ADCParametersView:116 -                Rank 1 : true
2025-08-27 18:24:35,697 [INFO] ADCParametersView:116 -                Rank 2 : true
2025-08-27 18:24:35,697 [INFO] ADCParametersView:116 -                Rank 3 : true
2025-08-27 18:24:35,697 [INFO] ADCParametersView:116 -                Rank 4 : true
2025-08-27 18:24:35,697 [INFO] ADCParametersView:116 -                Rank 1 : true
2025-08-27 18:24:35,697 [INFO] ADCParametersView:116 -                Rank 2 : true
2025-08-27 18:24:35,697 [INFO] ADCParametersView:116 -                Rank 3 : true
2025-08-27 18:24:35,697 [INFO] ADCParametersView:116 -                Rank 4 : true
2025-08-27 18:24:35,697 [INFO] ADCParametersView:116 -                Rank 1 : true
2025-08-27 18:24:35,697 [INFO] ADCParametersView:116 -                Rank 2 : true
2025-08-27 18:24:35,697 [INFO] ADCParametersView:116 -                Rank 3 : true
2025-08-27 18:24:35,697 [INFO] ADCParametersView:116 -                Rank 4 : true
2025-08-27 18:24:35,697 [INFO] ADCParametersView:116 -                Rank 1 : true
2025-08-27 18:24:35,697 [INFO] ADCParametersView:116 -                Rank 2 : true
2025-08-27 18:24:35,697 [INFO] ADCParametersView:116 -                Rank 3 : true
2025-08-27 18:24:35,697 [INFO] ADCParametersView:116 -                Rank 4 : true
2025-08-27 18:24:35,697 [INFO] ADCParametersView:116 -                Rank 1 : true
2025-08-27 18:24:35,697 [INFO] ADCParametersView:116 -                Rank 2 : true
2025-08-27 18:24:35,697 [INFO] ADCParametersView:116 -                Rank 3 : true
2025-08-27 18:24:35,697 [INFO] ADCParametersView:116 -                Rank 4 : true
2025-08-27 18:24:35,697 [INFO] ADCParametersView:116 -                Rank 1 : true
2025-08-27 18:24:35,697 [INFO] ADCParametersView:116 -                Rank 2 : true
2025-08-27 18:24:35,697 [INFO] ADCParametersView:116 -                Rank 3 : true
2025-08-27 18:24:35,697 [INFO] ADCParametersView:116 -                Rank 4 : true
2025-08-27 18:24:35,697 [INFO] ADCParametersView:116 -                Rank 1 : true
2025-08-27 18:24:35,698 [INFO] ADCParametersView:116 -                Rank 2 : true
2025-08-27 18:24:35,698 [INFO] ADCParametersView:116 -                Rank 3 : true
2025-08-27 18:24:35,698 [INFO] ADCParametersView:116 -                Rank 4 : true
2025-08-27 18:24:35,698 [INFO] ADCParametersView:116 -                Rank 1 : true
2025-08-27 18:24:35,698 [INFO] ADCParametersView:116 -                Rank 2 : true
2025-08-27 18:24:35,698 [INFO] ADCParametersView:116 -                Rank 3 : true
2025-08-27 18:24:35,698 [INFO] ADCParametersView:116 -                Rank 4 : true
2025-08-27 18:24:35,698 [INFO] ADCParametersView:116 -                Rank 1 : true
2025-08-27 18:24:35,698 [INFO] ADCParametersView:116 -                Rank 2 : true
2025-08-27 18:24:35,698 [INFO] ADCParametersView:116 -                Rank 3 : true
2025-08-27 18:24:35,698 [INFO] ADCParametersView:116 -                Rank 4 : true
2025-08-27 18:24:35,698 [INFO] ADCParametersView:116 -                Rank 1 : true
2025-08-27 18:24:35,698 [INFO] ADCParametersView:116 -                Rank 2 : true
2025-08-27 18:24:35,698 [INFO] ADCParametersView:116 -                Rank 3 : true
2025-08-27 18:24:35,698 [INFO] ADCParametersView:116 -                Rank 4 : true
2025-08-27 18:24:35,698 [INFO] ADCParametersView:116 -                Rank 1 : true
2025-08-27 18:24:35,698 [INFO] ADCParametersView:116 -                Rank 2 : true
2025-08-27 18:24:35,698 [INFO] ADCParametersView:116 -                Rank 3 : true
2025-08-27 18:24:35,698 [INFO] ADCParametersView:116 -                Rank 4 : true
2025-08-27 18:24:35,698 [INFO] ADCParametersView:116 -                Rank 1 : true
2025-08-27 18:24:35,698 [INFO] ADCParametersView:116 -                Rank 2 : true
2025-08-27 18:24:35,698 [INFO] ADCParametersView:116 -                Rank 3 : true
2025-08-27 18:24:35,698 [INFO] ADCParametersView:116 -                Rank 4 : true
2025-08-27 18:24:35,698 [INFO] ADCParametersView:116 -                Rank 1 : true
2025-08-27 18:24:35,698 [INFO] ADCParametersView:116 -                Rank 2 : true
2025-08-27 18:24:35,698 [INFO] ADCParametersView:116 -                Rank 3 : true
2025-08-27 18:24:35,698 [INFO] ADCParametersView:116 -                Rank 4 : true
2025-08-27 18:24:35,698 [INFO] ADCParametersView:116 -                Rank 1 : true
2025-08-27 18:24:35,698 [INFO] ADCParametersView:116 -                Rank 2 : true
2025-08-27 18:24:35,698 [INFO] ADCParametersView:116 -                Rank 3 : true
2025-08-27 18:24:35,698 [INFO] ADCParametersView:116 -                Rank 4 : true
2025-08-27 18:24:35,698 [INFO] ADCParametersView:116 -                Rank 1 : true
2025-08-27 18:24:35,698 [INFO] ADCParametersView:116 -                Rank 2 : true
2025-08-27 18:24:35,698 [INFO] ADCParametersView:116 -                Rank 3 : true
2025-08-27 18:24:35,698 [INFO] ADCParametersView:116 -                Rank 4 : true
2025-08-27 18:24:35,698 [INFO] ADCParametersView:116 -                Rank 1 : true
2025-08-27 18:24:35,698 [INFO] ADCParametersView:116 -                Rank 2 : true
2025-08-27 18:24:35,698 [INFO] ADCParametersView:116 -                Rank 3 : true
2025-08-27 18:24:35,698 [INFO] ADCParametersView:116 -                Rank 4 : true
2025-08-27 18:24:35,698 [INFO] ADCParametersView:116 -                Rank 2 : true
2025-08-27 18:24:35,698 [INFO] ADCParametersView:116 -                Rank 3 : true
2025-08-27 18:24:35,698 [INFO] ADCParametersView:116 -                Rank 4 : true
2025-08-27 18:24:35,698 [INFO] ADCParametersView:116 -                Rank 3 : true
2025-08-27 18:24:35,698 [INFO] ADCParametersView:116 -                Rank 4 : true
2025-08-27 18:24:35,698 [INFO] ADCParametersView:116 -                Rank 4 : true
2025-08-27 18:24:35,779 [INFO] ADCParametersView:116 -                Rank 1 : true
2025-08-27 18:24:35,780 [INFO] ADCParametersView:116 -                Rank 1 : true
2025-08-27 18:24:35,780 [INFO] ADCParametersView:116 -                Rank 2 : true
2025-08-27 18:24:35,780 [INFO] ADCParametersView:116 -                Rank 1 : true
2025-08-27 18:24:35,780 [INFO] ADCParametersView:116 -                Rank 2 : true
2025-08-27 18:24:35,780 [INFO] ADCParametersView:116 -                Rank 3 : true
2025-08-27 18:24:35,780 [INFO] ADCParametersView:116 -                Rank 1 : true
2025-08-27 18:24:35,780 [INFO] ADCParametersView:116 -                Rank 2 : true
2025-08-27 18:24:35,780 [INFO] ADCParametersView:116 -                Rank 3 : true
2025-08-27 18:24:35,780 [INFO] ADCParametersView:116 -                Rank 4 : true
2025-08-27 18:24:35,879 [INFO] ADCParametersView:116 -                Rank 1 : true
2025-08-27 18:24:35,879 [INFO] ADCParametersView:116 -                Rank 2 : true
2025-08-27 18:24:35,879 [INFO] ADCParametersView:116 -                Rank 3 : true
2025-08-27 18:24:35,879 [INFO] ADCParametersView:116 -                Rank 4 : true
2025-08-27 18:24:35,880 [INFO] ADCParametersView:116 -                Rank 1 : true
2025-08-27 18:24:35,880 [INFO] ADCParametersView:116 -                Rank 2 : true
2025-08-27 18:24:35,880 [INFO] ADCParametersView:116 -                Rank 3 : true
2025-08-27 18:24:35,880 [INFO] ADCParametersView:116 -                Rank 4 : true
2025-08-27 18:24:35,880 [INFO] ADCParametersView:116 -                Rank 1 : true
2025-08-27 18:24:35,880 [INFO] ADCParametersView:116 -                Rank 2 : true
2025-08-27 18:24:35,880 [INFO] ADCParametersView:116 -                Rank 3 : true
2025-08-27 18:24:35,880 [INFO] ADCParametersView:116 -                Rank 4 : true
2025-08-27 18:24:35,880 [INFO] ADCParametersView:116 -                Rank 1 : true
2025-08-27 18:24:35,880 [INFO] ADCParametersView:116 -                Rank 2 : true
2025-08-27 18:24:35,880 [INFO] ADCParametersView:116 -                Rank 3 : true
2025-08-27 18:24:35,880 [INFO] ADCParametersView:116 -                Rank 4 : true
2025-08-27 18:24:35,880 [INFO] ADCParametersView:116 -                Rank 1 : true
2025-08-27 18:24:35,880 [INFO] ADCParametersView:116 -                Rank 2 : true
2025-08-27 18:24:35,880 [INFO] ADCParametersView:116 -                Rank 3 : true
2025-08-27 18:24:35,880 [INFO] ADCParametersView:116 -                Rank 4 : true
2025-08-27 18:24:35,880 [INFO] ADCParametersView:116 -                Rank 1 : true
2025-08-27 18:24:35,880 [INFO] ADCParametersView:116 -                Rank 2 : true
2025-08-27 18:24:35,880 [INFO] ADCParametersView:116 -                Rank 3 : true
2025-08-27 18:24:35,880 [INFO] ADCParametersView:116 -                Rank 4 : true
2025-08-27 18:24:35,880 [INFO] ADCParametersView:116 -                Rank 1 : true
2025-08-27 18:24:35,880 [INFO] ADCParametersView:116 -                Rank 2 : true
2025-08-27 18:24:35,880 [INFO] ADCParametersView:116 -                Rank 3 : true
2025-08-27 18:24:35,880 [INFO] ADCParametersView:116 -                Rank 4 : true
2025-08-27 18:24:35,880 [INFO] ADCParametersView:116 -                Rank 1 : true
2025-08-27 18:24:35,880 [INFO] ADCParametersView:116 -                Rank 2 : true
2025-08-27 18:24:35,880 [INFO] ADCParametersView:116 -                Rank 3 : true
2025-08-27 18:24:35,880 [INFO] ADCParametersView:116 -                Rank 4 : true
2025-08-27 18:24:35,880 [INFO] ADCParametersView:116 -                Rank 1 : true
2025-08-27 18:24:35,880 [INFO] ADCParametersView:116 -                Rank 2 : true
2025-08-27 18:24:35,880 [INFO] ADCParametersView:116 -                Rank 3 : true
2025-08-27 18:24:35,880 [INFO] ADCParametersView:116 -                Rank 4 : true
2025-08-27 18:24:35,880 [INFO] ADCParametersView:116 -                Rank 1 : true
2025-08-27 18:24:35,880 [INFO] ADCParametersView:116 -                Rank 2 : true
2025-08-27 18:24:35,880 [INFO] ADCParametersView:116 -                Rank 3 : true
2025-08-27 18:24:35,880 [INFO] ADCParametersView:116 -                Rank 4 : true
2025-08-27 18:24:35,880 [INFO] ADCParametersView:116 -                Rank 1 : true
2025-08-27 18:24:35,881 [INFO] ADCParametersView:116 -                Rank 2 : true
2025-08-27 18:24:35,881 [INFO] ADCParametersView:116 -                Rank 3 : true
2025-08-27 18:24:35,881 [INFO] ADCParametersView:116 -                Rank 4 : true
2025-08-27 18:24:35,881 [INFO] ADCParametersView:116 -                Rank 1 : true
2025-08-27 18:24:35,881 [INFO] ADCParametersView:116 -                Rank 2 : true
2025-08-27 18:24:35,881 [INFO] ADCParametersView:116 -                Rank 3 : true
2025-08-27 18:24:35,881 [INFO] ADCParametersView:116 -                Rank 4 : true
2025-08-27 18:24:35,881 [INFO] ADCParametersView:116 -                Rank 1 : true
2025-08-27 18:24:35,881 [INFO] ADCParametersView:116 -                Rank 2 : true
2025-08-27 18:24:35,881 [INFO] ADCParametersView:116 -                Rank 3 : true
2025-08-27 18:24:35,881 [INFO] ADCParametersView:116 -                Rank 4 : true
2025-08-27 18:24:35,881 [INFO] ADCParametersView:116 -                Rank 1 : true
2025-08-27 18:24:35,881 [INFO] ADCParametersView:116 -                Rank 2 : true
2025-08-27 18:24:35,881 [INFO] ADCParametersView:116 -                Rank 3 : true
2025-08-27 18:24:35,881 [INFO] ADCParametersView:116 -                Rank 4 : true
2025-08-27 18:24:35,881 [INFO] ADCParametersView:116 -                Rank 1 : true
2025-08-27 18:24:35,881 [INFO] ADCParametersView:116 -                Rank 2 : true
2025-08-27 18:24:35,881 [INFO] ADCParametersView:116 -                Rank 3 : true
2025-08-27 18:24:35,881 [INFO] ADCParametersView:116 -                Rank 4 : true
2025-08-27 18:24:35,881 [INFO] ADCParametersView:116 -                Rank 1 : true
2025-08-27 18:24:35,881 [INFO] ADCParametersView:116 -                Rank 2 : true
2025-08-27 18:24:35,881 [INFO] ADCParametersView:116 -                Rank 3 : true
2025-08-27 18:24:35,881 [INFO] ADCParametersView:116 -                Rank 4 : true
2025-08-27 18:24:35,881 [INFO] ADCParametersView:116 -                Rank 1 : true
2025-08-27 18:24:35,881 [INFO] ADCParametersView:116 -                Rank 2 : true
2025-08-27 18:24:35,881 [INFO] ADCParametersView:116 -                Rank 3 : true
2025-08-27 18:24:35,881 [INFO] ADCParametersView:116 -                Rank 4 : true
2025-08-27 18:24:35,881 [INFO] ADCParametersView:116 -                Rank 1 : true
2025-08-27 18:24:35,881 [INFO] ADCParametersView:116 -                Rank 2 : true
2025-08-27 18:24:35,881 [INFO] ADCParametersView:116 -                Rank 3 : true
2025-08-27 18:24:35,881 [INFO] ADCParametersView:116 -                Rank 4 : true
2025-08-27 18:24:35,881 [INFO] ADCParametersView:116 -                Rank 1 : true
2025-08-27 18:24:35,881 [INFO] ADCParametersView:116 -                Rank 2 : true
2025-08-27 18:24:35,881 [INFO] ADCParametersView:116 -                Rank 3 : true
2025-08-27 18:24:35,881 [INFO] ADCParametersView:116 -                Rank 4 : true
2025-08-27 18:24:35,881 [INFO] ADCParametersView:116 -                Rank 1 : true
2025-08-27 18:24:35,881 [INFO] ADCParametersView:116 -                Rank 2 : true
2025-08-27 18:24:35,881 [INFO] ADCParametersView:116 -                Rank 3 : true
2025-08-27 18:24:35,881 [INFO] ADCParametersView:116 -                Rank 4 : true
2025-08-27 18:24:35,881 [INFO] ADCParametersView:116 -                Rank 2 : true
2025-08-27 18:24:35,881 [INFO] ADCParametersView:116 -                Rank 3 : true
2025-08-27 18:24:35,881 [INFO] ADCParametersView:116 -                Rank 4 : true
2025-08-27 18:24:35,881 [INFO] ADCParametersView:116 -                Rank 3 : true
2025-08-27 18:24:35,881 [INFO] ADCParametersView:116 -                Rank 4 : true
2025-08-27 18:24:35,881 [INFO] ADCParametersView:116 -                Rank 4 : true
2025-08-27 18:24:35,961 [INFO] ADCParametersView:116 -                Rank 1 : true
2025-08-27 18:24:35,961 [INFO] ADCParametersView:116 -                Rank 1 : true
2025-08-27 18:24:35,961 [INFO] ADCParametersView:116 -                Rank 2 : true
2025-08-27 18:24:35,962 [INFO] ADCParametersView:116 -                Rank 1 : true
2025-08-27 18:24:35,962 [INFO] ADCParametersView:116 -                Rank 2 : true
2025-08-27 18:24:35,962 [INFO] ADCParametersView:116 -                Rank 3 : true
2025-08-27 18:24:35,962 [INFO] ADCParametersView:116 -                Rank 1 : true
2025-08-27 18:24:35,962 [INFO] ADCParametersView:116 -                Rank 2 : true
2025-08-27 18:24:35,962 [INFO] ADCParametersView:116 -                Rank 3 : true
2025-08-27 18:24:35,962 [INFO] ADCParametersView:116 -                Rank 4 : true
2025-08-27 18:25:23,266 [INFO] NvicIntPanel:101 - NVIC parent = com.st.microxplorer.plugins.ip.nvic.MultiNvicIntPanel[,0,0,0x0,invalid,layout=javax.swing.BoxLayout,alignmentX=0.0,alignmentY=0.0,border=,flags=9,maximumSize=,minimumSize=,preferredSize=]
2025-08-27 18:25:23,323 [INFO] ADCParametersView:116 -                Rank 1 : true
2025-08-27 18:25:23,323 [INFO] ADCParametersView:116 -                Rank 2 : true
2025-08-27 18:25:23,323 [INFO] ADCParametersView:116 -                Rank 3 : true
2025-08-27 18:25:23,323 [INFO] ADCParametersView:116 -                Rank 4 : true
2025-08-27 18:25:23,324 [INFO] ADCParametersView:116 -                Rank 1 : true
2025-08-27 18:25:23,324 [INFO] ADCParametersView:116 -                Rank 2 : true
2025-08-27 18:25:23,324 [INFO] ADCParametersView:116 -                Rank 3 : true
2025-08-27 18:25:23,324 [INFO] ADCParametersView:116 -                Rank 4 : true
2025-08-27 18:25:23,324 [INFO] ADCParametersView:116 -                Rank 1 : true
2025-08-27 18:25:23,324 [INFO] ADCParametersView:116 -                Rank 2 : true
2025-08-27 18:25:23,324 [INFO] ADCParametersView:116 -                Rank 3 : true
2025-08-27 18:25:23,324 [INFO] ADCParametersView:116 -                Rank 4 : true
2025-08-27 18:25:23,324 [INFO] ADCParametersView:116 -                Rank 1 : true
2025-08-27 18:25:23,324 [INFO] ADCParametersView:116 -                Rank 2 : true
2025-08-27 18:25:23,324 [INFO] ADCParametersView:116 -                Rank 3 : true
2025-08-27 18:25:23,324 [INFO] ADCParametersView:116 -                Rank 4 : true
2025-08-27 18:25:23,324 [INFO] ADCParametersView:116 -                Rank 1 : true
2025-08-27 18:25:23,324 [INFO] ADCParametersView:116 -                Rank 2 : true
2025-08-27 18:25:23,324 [INFO] ADCParametersView:116 -                Rank 3 : true
2025-08-27 18:25:23,324 [INFO] ADCParametersView:116 -                Rank 4 : true
2025-08-27 18:25:23,324 [INFO] ADCParametersView:116 -                Rank 1 : true
2025-08-27 18:25:23,325 [INFO] ADCParametersView:116 -                Rank 2 : true
2025-08-27 18:25:23,325 [INFO] ADCParametersView:116 -                Rank 3 : true
2025-08-27 18:25:23,325 [INFO] ADCParametersView:116 -                Rank 4 : true
2025-08-27 18:25:23,325 [INFO] ADCParametersView:116 -                Rank 1 : true
2025-08-27 18:25:23,325 [INFO] ADCParametersView:116 -                Rank 2 : true
2025-08-27 18:25:23,325 [INFO] ADCParametersView:116 -                Rank 3 : true
2025-08-27 18:25:23,325 [INFO] ADCParametersView:116 -                Rank 4 : true
2025-08-27 18:25:23,325 [INFO] ADCParametersView:116 -                Rank 1 : true
2025-08-27 18:25:23,325 [INFO] ADCParametersView:116 -                Rank 2 : true
2025-08-27 18:25:23,325 [INFO] ADCParametersView:116 -                Rank 3 : true
2025-08-27 18:25:23,325 [INFO] ADCParametersView:116 -                Rank 4 : true
2025-08-27 18:25:23,325 [INFO] ADCParametersView:116 -                Rank 1 : true
2025-08-27 18:25:23,325 [INFO] ADCParametersView:116 -                Rank 2 : true
2025-08-27 18:25:23,325 [INFO] ADCParametersView:116 -                Rank 3 : true
2025-08-27 18:25:23,325 [INFO] ADCParametersView:116 -                Rank 4 : true
2025-08-27 18:25:23,325 [INFO] ADCParametersView:116 -                Rank 1 : true
2025-08-27 18:25:23,325 [INFO] ADCParametersView:116 -                Rank 2 : true
2025-08-27 18:25:23,325 [INFO] ADCParametersView:116 -                Rank 3 : true
2025-08-27 18:25:23,325 [INFO] ADCParametersView:116 -                Rank 4 : true
2025-08-27 18:25:23,325 [INFO] ADCParametersView:116 -                Rank 1 : true
2025-08-27 18:25:23,325 [INFO] ADCParametersView:116 -                Rank 2 : true
2025-08-27 18:25:23,325 [INFO] ADCParametersView:116 -                Rank 3 : true
2025-08-27 18:25:23,325 [INFO] ADCParametersView:116 -                Rank 4 : true
2025-08-27 18:25:23,325 [INFO] ADCParametersView:116 -                Rank 1 : true
2025-08-27 18:25:23,325 [INFO] ADCParametersView:116 -                Rank 2 : true
2025-08-27 18:25:23,325 [INFO] ADCParametersView:116 -                Rank 3 : true
2025-08-27 18:25:23,325 [INFO] ADCParametersView:116 -                Rank 4 : true
2025-08-27 18:25:23,325 [INFO] ADCParametersView:116 -                Rank 1 : true
2025-08-27 18:25:23,325 [INFO] ADCParametersView:116 -                Rank 2 : true
2025-08-27 18:25:23,325 [INFO] ADCParametersView:116 -                Rank 3 : true
2025-08-27 18:25:23,325 [INFO] ADCParametersView:116 -                Rank 4 : true
2025-08-27 18:25:23,325 [INFO] ADCParametersView:116 -                Rank 1 : true
2025-08-27 18:25:23,325 [INFO] ADCParametersView:116 -                Rank 2 : true
2025-08-27 18:25:23,325 [INFO] ADCParametersView:116 -                Rank 3 : true
2025-08-27 18:25:23,325 [INFO] ADCParametersView:116 -                Rank 4 : true
2025-08-27 18:25:23,325 [INFO] ADCParametersView:116 -                Rank 1 : true
2025-08-27 18:25:23,325 [INFO] ADCParametersView:116 -                Rank 2 : true
2025-08-27 18:25:23,325 [INFO] ADCParametersView:116 -                Rank 3 : true
2025-08-27 18:25:23,325 [INFO] ADCParametersView:116 -                Rank 4 : true
2025-08-27 18:25:23,325 [INFO] ADCParametersView:116 -                Rank 1 : true
2025-08-27 18:25:23,325 [INFO] ADCParametersView:116 -                Rank 2 : true
2025-08-27 18:25:23,326 [INFO] ADCParametersView:116 -                Rank 3 : true
2025-08-27 18:25:23,326 [INFO] ADCParametersView:116 -                Rank 4 : true
2025-08-27 18:25:23,326 [INFO] ADCParametersView:116 -                Rank 1 : true
2025-08-27 18:25:23,326 [INFO] ADCParametersView:116 -                Rank 2 : true
2025-08-27 18:25:23,326 [INFO] ADCParametersView:116 -                Rank 3 : true
2025-08-27 18:25:23,326 [INFO] ADCParametersView:116 -                Rank 4 : true
2025-08-27 18:25:23,326 [INFO] ADCParametersView:116 -                Rank 1 : true
2025-08-27 18:25:23,326 [INFO] ADCParametersView:116 -                Rank 2 : true
2025-08-27 18:25:23,326 [INFO] ADCParametersView:116 -                Rank 3 : true
2025-08-27 18:25:23,326 [INFO] ADCParametersView:116 -                Rank 4 : true
2025-08-27 18:25:23,326 [INFO] ADCParametersView:116 -                Rank 1 : true
2025-08-27 18:25:23,326 [INFO] ADCParametersView:116 -                Rank 2 : true
2025-08-27 18:25:23,326 [INFO] ADCParametersView:116 -                Rank 3 : true
2025-08-27 18:25:23,326 [INFO] ADCParametersView:116 -                Rank 4 : true
2025-08-27 18:25:23,326 [INFO] ADCParametersView:116 -                Rank 1 : true
2025-08-27 18:25:23,326 [INFO] ADCParametersView:116 -                Rank 2 : true
2025-08-27 18:25:23,326 [INFO] ADCParametersView:116 -                Rank 3 : true
2025-08-27 18:25:23,326 [INFO] ADCParametersView:116 -                Rank 4 : true
2025-08-27 18:25:23,326 [INFO] ADCParametersView:116 -                Rank 2 : true
2025-08-27 18:25:23,326 [INFO] ADCParametersView:116 -                Rank 3 : true
2025-08-27 18:25:23,326 [INFO] ADCParametersView:116 -                Rank 4 : true
2025-08-27 18:25:23,326 [INFO] ADCParametersView:116 -                Rank 3 : true
2025-08-27 18:25:23,326 [INFO] ADCParametersView:116 -                Rank 4 : true
2025-08-27 18:25:23,326 [INFO] ADCParametersView:116 -                Rank 4 : true
2025-08-27 18:25:23,406 [INFO] ADCParametersView:116 -                Rank 1 : true
2025-08-27 18:25:23,406 [INFO] ADCParametersView:116 -                Rank 1 : true
2025-08-27 18:25:23,406 [INFO] ADCParametersView:116 -                Rank 2 : true
2025-08-27 18:25:23,406 [INFO] ADCParametersView:116 -                Rank 1 : true
2025-08-27 18:25:23,406 [INFO] ADCParametersView:116 -                Rank 2 : true
2025-08-27 18:25:23,406 [INFO] ADCParametersView:116 -                Rank 3 : true
2025-08-27 18:25:23,406 [INFO] ADCParametersView:116 -                Rank 1 : true
2025-08-27 18:25:23,406 [INFO] ADCParametersView:116 -                Rank 2 : true
2025-08-27 18:25:23,406 [INFO] ADCParametersView:116 -                Rank 3 : true
2025-08-27 18:25:23,406 [INFO] ADCParametersView:116 -                Rank 4 : true
2025-08-27 18:25:36,003 [INFO] NvicIntPanel:101 - NVIC parent = com.st.microxplorer.plugins.ip.nvic.MultiNvicIntPanel[,0,0,0x0,invalid,layout=javax.swing.BoxLayout,alignmentX=0.0,alignmentY=0.0,border=,flags=9,maximumSize=,minimumSize=,preferredSize=]
2025-08-27 18:25:36,061 [INFO] ADCParametersView:116 -                Rank 1 : true
2025-08-27 18:25:36,061 [INFO] ADCParametersView:116 -                Rank 2 : true
2025-08-27 18:25:36,061 [INFO] ADCParametersView:116 -                Rank 3 : true
2025-08-27 18:25:36,061 [INFO] ADCParametersView:116 -                Rank 4 : true
2025-08-27 18:25:36,062 [INFO] ADCParametersView:116 -                Rank 1 : true
2025-08-27 18:25:36,062 [INFO] ADCParametersView:116 -                Rank 2 : true
2025-08-27 18:25:36,062 [INFO] ADCParametersView:116 -                Rank 3 : true
2025-08-27 18:25:36,062 [INFO] ADCParametersView:116 -                Rank 4 : true
2025-08-27 18:25:36,062 [INFO] ADCParametersView:116 -                Rank 1 : true
2025-08-27 18:25:36,062 [INFO] ADCParametersView:116 -                Rank 2 : true
2025-08-27 18:25:36,062 [INFO] ADCParametersView:116 -                Rank 3 : true
2025-08-27 18:25:36,062 [INFO] ADCParametersView:116 -                Rank 4 : true
2025-08-27 18:25:36,062 [INFO] ADCParametersView:116 -                Rank 1 : true
2025-08-27 18:25:36,062 [INFO] ADCParametersView:116 -                Rank 2 : true
2025-08-27 18:25:36,062 [INFO] ADCParametersView:116 -                Rank 3 : true
2025-08-27 18:25:36,062 [INFO] ADCParametersView:116 -                Rank 4 : true
2025-08-27 18:25:36,062 [INFO] ADCParametersView:116 -                Rank 1 : true
2025-08-27 18:25:36,062 [INFO] ADCParametersView:116 -                Rank 2 : true
2025-08-27 18:25:36,062 [INFO] ADCParametersView:116 -                Rank 3 : true
2025-08-27 18:25:36,062 [INFO] ADCParametersView:116 -                Rank 4 : true
2025-08-27 18:25:36,063 [INFO] ADCParametersView:116 -                Rank 1 : true
2025-08-27 18:25:36,063 [INFO] ADCParametersView:116 -                Rank 2 : true
2025-08-27 18:25:36,063 [INFO] ADCParametersView:116 -                Rank 3 : true
2025-08-27 18:25:36,063 [INFO] ADCParametersView:116 -                Rank 4 : true
2025-08-27 18:25:36,063 [INFO] ADCParametersView:116 -                Rank 1 : true
2025-08-27 18:25:36,063 [INFO] ADCParametersView:116 -                Rank 2 : true
2025-08-27 18:25:36,063 [INFO] ADCParametersView:116 -                Rank 3 : true
2025-08-27 18:25:36,063 [INFO] ADCParametersView:116 -                Rank 4 : true
2025-08-27 18:25:36,063 [INFO] ADCParametersView:116 -                Rank 1 : true
2025-08-27 18:25:36,063 [INFO] ADCParametersView:116 -                Rank 2 : true
2025-08-27 18:25:36,063 [INFO] ADCParametersView:116 -                Rank 3 : true
2025-08-27 18:25:36,063 [INFO] ADCParametersView:116 -                Rank 4 : true
2025-08-27 18:25:36,063 [INFO] ADCParametersView:116 -                Rank 1 : true
2025-08-27 18:25:36,063 [INFO] ADCParametersView:116 -                Rank 2 : true
2025-08-27 18:25:36,063 [INFO] ADCParametersView:116 -                Rank 3 : true
2025-08-27 18:25:36,063 [INFO] ADCParametersView:116 -                Rank 4 : true
2025-08-27 18:25:36,063 [INFO] ADCParametersView:116 -                Rank 1 : true
2025-08-27 18:25:36,063 [INFO] ADCParametersView:116 -                Rank 2 : true
2025-08-27 18:25:36,063 [INFO] ADCParametersView:116 -                Rank 3 : true
2025-08-27 18:25:36,063 [INFO] ADCParametersView:116 -                Rank 4 : true
2025-08-27 18:25:36,063 [INFO] ADCParametersView:116 -                Rank 1 : true
2025-08-27 18:25:36,063 [INFO] ADCParametersView:116 -                Rank 2 : true
2025-08-27 18:25:36,063 [INFO] ADCParametersView:116 -                Rank 3 : true
2025-08-27 18:25:36,063 [INFO] ADCParametersView:116 -                Rank 4 : true
2025-08-27 18:25:36,063 [INFO] ADCParametersView:116 -                Rank 1 : true
2025-08-27 18:25:36,063 [INFO] ADCParametersView:116 -                Rank 2 : true
2025-08-27 18:25:36,063 [INFO] ADCParametersView:116 -                Rank 3 : true
2025-08-27 18:25:36,063 [INFO] ADCParametersView:116 -                Rank 4 : true
2025-08-27 18:25:36,063 [INFO] ADCParametersView:116 -                Rank 1 : true
2025-08-27 18:25:36,063 [INFO] ADCParametersView:116 -                Rank 2 : true
2025-08-27 18:25:36,063 [INFO] ADCParametersView:116 -                Rank 3 : true
2025-08-27 18:25:36,063 [INFO] ADCParametersView:116 -                Rank 4 : true
2025-08-27 18:25:36,063 [INFO] ADCParametersView:116 -                Rank 1 : true
2025-08-27 18:25:36,063 [INFO] ADCParametersView:116 -                Rank 2 : true
2025-08-27 18:25:36,063 [INFO] ADCParametersView:116 -                Rank 3 : true
2025-08-27 18:25:36,063 [INFO] ADCParametersView:116 -                Rank 4 : true
2025-08-27 18:25:36,064 [INFO] ADCParametersView:116 -                Rank 1 : true
2025-08-27 18:25:36,064 [INFO] ADCParametersView:116 -                Rank 2 : true
2025-08-27 18:25:36,064 [INFO] ADCParametersView:116 -                Rank 3 : true
2025-08-27 18:25:36,064 [INFO] ADCParametersView:116 -                Rank 4 : true
2025-08-27 18:25:36,064 [INFO] ADCParametersView:116 -                Rank 1 : true
2025-08-27 18:25:36,064 [INFO] ADCParametersView:116 -                Rank 2 : true
2025-08-27 18:25:36,064 [INFO] ADCParametersView:116 -                Rank 3 : true
2025-08-27 18:25:36,064 [INFO] ADCParametersView:116 -                Rank 4 : true
2025-08-27 18:25:36,064 [INFO] ADCParametersView:116 -                Rank 1 : true
2025-08-27 18:25:36,064 [INFO] ADCParametersView:116 -                Rank 2 : true
2025-08-27 18:25:36,064 [INFO] ADCParametersView:116 -                Rank 3 : true
2025-08-27 18:25:36,064 [INFO] ADCParametersView:116 -                Rank 4 : true
2025-08-27 18:25:36,064 [INFO] ADCParametersView:116 -                Rank 1 : true
2025-08-27 18:25:36,064 [INFO] ADCParametersView:116 -                Rank 2 : true
2025-08-27 18:25:36,064 [INFO] ADCParametersView:116 -                Rank 3 : true
2025-08-27 18:25:36,064 [INFO] ADCParametersView:116 -                Rank 4 : true
2025-08-27 18:25:36,064 [INFO] ADCParametersView:116 -                Rank 1 : true
2025-08-27 18:25:36,064 [INFO] ADCParametersView:116 -                Rank 2 : true
2025-08-27 18:25:36,064 [INFO] ADCParametersView:116 -                Rank 3 : true
2025-08-27 18:25:36,064 [INFO] ADCParametersView:116 -                Rank 4 : true
2025-08-27 18:25:36,064 [INFO] ADCParametersView:116 -                Rank 1 : true
2025-08-27 18:25:36,064 [INFO] ADCParametersView:116 -                Rank 2 : true
2025-08-27 18:25:36,064 [INFO] ADCParametersView:116 -                Rank 3 : true
2025-08-27 18:25:36,064 [INFO] ADCParametersView:116 -                Rank 4 : true
2025-08-27 18:25:36,064 [INFO] ADCParametersView:116 -                Rank 2 : true
2025-08-27 18:25:36,064 [INFO] ADCParametersView:116 -                Rank 3 : true
2025-08-27 18:25:36,064 [INFO] ADCParametersView:116 -                Rank 4 : true
2025-08-27 18:25:36,064 [INFO] ADCParametersView:116 -                Rank 3 : true
2025-08-27 18:25:36,064 [INFO] ADCParametersView:116 -                Rank 4 : true
2025-08-27 18:25:36,064 [INFO] ADCParametersView:116 -                Rank 4 : true
2025-08-27 18:25:36,149 [INFO] ADCParametersView:116 -                Rank 1 : true
2025-08-27 18:25:36,149 [INFO] ADCParametersView:116 -                Rank 1 : true
2025-08-27 18:25:36,149 [INFO] ADCParametersView:116 -                Rank 2 : true
2025-08-27 18:25:36,149 [INFO] ADCParametersView:116 -                Rank 1 : true
2025-08-27 18:25:36,149 [INFO] ADCParametersView:116 -                Rank 2 : true
2025-08-27 18:25:36,149 [INFO] ADCParametersView:116 -                Rank 3 : true
2025-08-27 18:25:36,149 [INFO] ADCParametersView:116 -                Rank 1 : true
2025-08-27 18:25:36,149 [INFO] ADCParametersView:116 -                Rank 2 : true
2025-08-27 18:25:36,149 [INFO] ADCParametersView:116 -                Rank 3 : true
2025-08-27 18:25:36,149 [INFO] ADCParametersView:116 -                Rank 4 : true
2025-08-27 18:25:43,859 [INFO] ADCParametersView:116 -                Rank 1 : true
2025-08-27 18:25:43,859 [INFO] ADCParametersView:116 -                Rank 2 : true
2025-08-27 18:25:43,859 [INFO] ADCParametersView:116 -                Rank 3 : true
2025-08-27 18:25:43,859 [INFO] ADCParametersView:116 -                Rank 4 : true
2025-08-27 18:25:43,860 [INFO] ADCParametersView:116 -                Rank 1 : true
2025-08-27 18:25:43,860 [INFO] ADCParametersView:116 -                Rank 2 : true
2025-08-27 18:25:43,860 [INFO] ADCParametersView:116 -                Rank 3 : true
2025-08-27 18:25:43,860 [INFO] ADCParametersView:116 -                Rank 4 : true
2025-08-27 18:25:43,860 [INFO] ADCParametersView:116 -                Rank 1 : true
2025-08-27 18:25:43,860 [INFO] ADCParametersView:116 -                Rank 2 : true
2025-08-27 18:25:43,860 [INFO] ADCParametersView:116 -                Rank 3 : true
2025-08-27 18:25:43,860 [INFO] ADCParametersView:116 -                Rank 4 : true
2025-08-27 18:25:43,860 [INFO] ADCParametersView:116 -                Rank 1 : true
2025-08-27 18:25:43,860 [INFO] ADCParametersView:116 -                Rank 2 : true
2025-08-27 18:25:43,860 [INFO] ADCParametersView:116 -                Rank 3 : true
2025-08-27 18:25:43,860 [INFO] ADCParametersView:116 -                Rank 4 : true
2025-08-27 18:25:43,860 [INFO] ADCParametersView:116 -                Rank 1 : true
2025-08-27 18:25:43,860 [INFO] ADCParametersView:116 -                Rank 2 : true
2025-08-27 18:25:43,860 [INFO] ADCParametersView:116 -                Rank 3 : true
2025-08-27 18:25:43,860 [INFO] ADCParametersView:116 -                Rank 4 : true
2025-08-27 18:25:43,860 [INFO] ADCParametersView:116 -                Rank 1 : true
2025-08-27 18:25:43,860 [INFO] ADCParametersView:116 -                Rank 2 : true
2025-08-27 18:25:43,860 [INFO] ADCParametersView:116 -                Rank 3 : true
2025-08-27 18:25:43,860 [INFO] ADCParametersView:116 -                Rank 4 : true
2025-08-27 18:25:43,860 [INFO] ADCParametersView:116 -                Rank 1 : true
2025-08-27 18:25:43,860 [INFO] ADCParametersView:116 -                Rank 2 : true
2025-08-27 18:25:43,860 [INFO] ADCParametersView:116 -                Rank 3 : true
2025-08-27 18:25:43,860 [INFO] ADCParametersView:116 -                Rank 4 : true
2025-08-27 18:25:43,860 [INFO] ADCParametersView:116 -                Rank 1 : true
2025-08-27 18:25:43,860 [INFO] ADCParametersView:116 -                Rank 2 : true
2025-08-27 18:25:43,860 [INFO] ADCParametersView:116 -                Rank 3 : true
2025-08-27 18:25:43,860 [INFO] ADCParametersView:116 -                Rank 4 : true
2025-08-27 18:25:43,860 [INFO] ADCParametersView:116 -                Rank 1 : true
2025-08-27 18:25:43,860 [INFO] ADCParametersView:116 -                Rank 2 : true
2025-08-27 18:25:43,860 [INFO] ADCParametersView:116 -                Rank 3 : true
2025-08-27 18:25:43,860 [INFO] ADCParametersView:116 -                Rank 4 : true
2025-08-27 18:25:43,860 [INFO] ADCParametersView:116 -                Rank 1 : true
2025-08-27 18:25:43,861 [INFO] ADCParametersView:116 -                Rank 2 : true
2025-08-27 18:25:43,861 [INFO] ADCParametersView:116 -                Rank 3 : true
2025-08-27 18:25:43,861 [INFO] ADCParametersView:116 -                Rank 4 : true
2025-08-27 18:25:43,861 [INFO] ADCParametersView:116 -                Rank 1 : true
2025-08-27 18:25:43,861 [INFO] ADCParametersView:116 -                Rank 2 : true
2025-08-27 18:25:43,861 [INFO] ADCParametersView:116 -                Rank 3 : true
2025-08-27 18:25:43,861 [INFO] ADCParametersView:116 -                Rank 4 : true
2025-08-27 18:25:43,861 [INFO] ADCParametersView:116 -                Rank 1 : true
2025-08-27 18:25:43,861 [INFO] ADCParametersView:116 -                Rank 2 : true
2025-08-27 18:25:43,861 [INFO] ADCParametersView:116 -                Rank 3 : true
2025-08-27 18:25:43,861 [INFO] ADCParametersView:116 -                Rank 4 : true
2025-08-27 18:25:43,861 [INFO] ADCParametersView:116 -                Rank 1 : true
2025-08-27 18:25:43,861 [INFO] ADCParametersView:116 -                Rank 2 : true
2025-08-27 18:25:43,861 [INFO] ADCParametersView:116 -                Rank 3 : true
2025-08-27 18:25:43,861 [INFO] ADCParametersView:116 -                Rank 4 : true
2025-08-27 18:25:43,861 [INFO] ADCParametersView:116 -                Rank 1 : true
2025-08-27 18:25:43,861 [INFO] ADCParametersView:116 -                Rank 2 : true
2025-08-27 18:25:43,861 [INFO] ADCParametersView:116 -                Rank 3 : true
2025-08-27 18:25:43,861 [INFO] ADCParametersView:116 -                Rank 4 : true
2025-08-27 18:25:43,861 [INFO] ADCParametersView:116 -                Rank 1 : true
2025-08-27 18:25:43,861 [INFO] ADCParametersView:116 -                Rank 2 : true
2025-08-27 18:25:43,861 [INFO] ADCParametersView:116 -                Rank 3 : true
2025-08-27 18:25:43,861 [INFO] ADCParametersView:116 -                Rank 4 : true
2025-08-27 18:25:43,861 [INFO] ADCParametersView:116 -                Rank 1 : true
2025-08-27 18:25:43,861 [INFO] ADCParametersView:116 -                Rank 2 : true
2025-08-27 18:25:43,861 [INFO] ADCParametersView:116 -                Rank 3 : true
2025-08-27 18:25:43,861 [INFO] ADCParametersView:116 -                Rank 4 : true
2025-08-27 18:25:43,861 [INFO] ADCParametersView:116 -                Rank 1 : true
2025-08-27 18:25:43,861 [INFO] ADCParametersView:116 -                Rank 2 : true
2025-08-27 18:25:43,861 [INFO] ADCParametersView:116 -                Rank 3 : true
2025-08-27 18:25:43,861 [INFO] ADCParametersView:116 -                Rank 4 : true
2025-08-27 18:25:43,861 [INFO] ADCParametersView:116 -                Rank 1 : true
2025-08-27 18:25:43,861 [INFO] ADCParametersView:116 -                Rank 2 : true
2025-08-27 18:25:43,861 [INFO] ADCParametersView:116 -                Rank 3 : true
2025-08-27 18:25:43,861 [INFO] ADCParametersView:116 -                Rank 4 : true
2025-08-27 18:25:43,861 [INFO] ADCParametersView:116 -                Rank 1 : true
2025-08-27 18:25:43,861 [INFO] ADCParametersView:116 -                Rank 2 : true
2025-08-27 18:25:43,861 [INFO] ADCParametersView:116 -                Rank 3 : true
2025-08-27 18:25:43,861 [INFO] ADCParametersView:116 -                Rank 4 : true
2025-08-27 18:25:43,861 [INFO] ADCParametersView:116 -                Rank 1 : true
2025-08-27 18:25:43,861 [INFO] ADCParametersView:116 -                Rank 2 : true
2025-08-27 18:25:43,861 [INFO] ADCParametersView:116 -                Rank 3 : true
2025-08-27 18:25:43,861 [INFO] ADCParametersView:116 -                Rank 4 : true
2025-08-27 18:25:43,861 [INFO] ADCParametersView:116 -                Rank 2 : true
2025-08-27 18:25:43,861 [INFO] ADCParametersView:116 -                Rank 3 : true
2025-08-27 18:25:43,861 [INFO] ADCParametersView:116 -                Rank 4 : true
2025-08-27 18:25:43,861 [INFO] ADCParametersView:116 -                Rank 3 : true
2025-08-27 18:25:43,861 [INFO] ADCParametersView:116 -                Rank 4 : true
2025-08-27 18:25:43,861 [INFO] ADCParametersView:116 -                Rank 4 : true
2025-08-27 18:25:43,946 [INFO] ADCParametersView:116 -                Rank 1 : true
2025-08-27 18:25:43,946 [INFO] ADCParametersView:116 -                Rank 1 : true
2025-08-27 18:25:43,946 [INFO] ADCParametersView:116 -                Rank 2 : true
2025-08-27 18:25:43,946 [INFO] ADCParametersView:116 -                Rank 1 : true
2025-08-27 18:25:43,947 [INFO] ADCParametersView:116 -                Rank 2 : true
2025-08-27 18:25:43,947 [INFO] ADCParametersView:116 -                Rank 3 : true
2025-08-27 18:25:43,947 [INFO] ADCParametersView:116 -                Rank 1 : true
2025-08-27 18:25:43,947 [INFO] ADCParametersView:116 -                Rank 2 : true
2025-08-27 18:25:43,947 [INFO] ADCParametersView:116 -                Rank 3 : true
2025-08-27 18:25:43,947 [INFO] ADCParametersView:116 -                Rank 4 : true
2025-08-27 18:25:43,947 [INFO] ADCParametersView:116 -                Rank 1 : true
2025-08-27 18:25:43,947 [INFO] ADCParametersView:116 -                Rank 2 : true
2025-08-27 18:25:43,947 [INFO] ADCParametersView:116 -                Rank 3 : true
2025-08-27 18:25:43,947 [INFO] ADCParametersView:116 -                Rank 4 : true
2025-08-27 18:25:43,948 [INFO] ADCParametersView:116 -                Rank 1 : true
2025-08-27 18:25:43,948 [INFO] ADCParametersView:116 -                Rank 2 : true
2025-08-27 18:25:43,948 [INFO] ADCParametersView:116 -                Rank 3 : true
2025-08-27 18:25:43,948 [INFO] ADCParametersView:116 -                Rank 4 : true
2025-08-27 18:25:43,948 [INFO] ADCParametersView:116 -                Rank 1 : true
2025-08-27 18:25:43,948 [INFO] ADCParametersView:116 -                Rank 2 : true
2025-08-27 18:25:43,948 [INFO] ADCParametersView:116 -                Rank 3 : true
2025-08-27 18:25:43,948 [INFO] ADCParametersView:116 -                Rank 4 : true
2025-08-27 18:25:43,948 [INFO] ADCParametersView:116 -                Rank 1 : true
2025-08-27 18:25:43,948 [INFO] ADCParametersView:116 -                Rank 2 : true
2025-08-27 18:25:43,948 [INFO] ADCParametersView:116 -                Rank 3 : true
2025-08-27 18:25:43,948 [INFO] ADCParametersView:116 -                Rank 4 : true
2025-08-27 18:25:43,948 [INFO] ADCParametersView:116 -                Rank 1 : true
2025-08-27 18:25:43,948 [INFO] ADCParametersView:116 -                Rank 2 : true
2025-08-27 18:25:43,948 [INFO] ADCParametersView:116 -                Rank 3 : true
2025-08-27 18:25:43,948 [INFO] ADCParametersView:116 -                Rank 4 : true
2025-08-27 18:25:43,948 [INFO] ADCParametersView:116 -                Rank 1 : true
2025-08-27 18:25:43,948 [INFO] ADCParametersView:116 -                Rank 2 : true
2025-08-27 18:25:43,948 [INFO] ADCParametersView:116 -                Rank 3 : true
2025-08-27 18:25:43,949 [INFO] ADCParametersView:116 -                Rank 4 : true
2025-08-27 18:25:43,949 [INFO] ADCParametersView:116 -                Rank 1 : true
2025-08-27 18:25:43,949 [INFO] ADCParametersView:116 -                Rank 2 : true
2025-08-27 18:25:43,949 [INFO] ADCParametersView:116 -                Rank 3 : true
2025-08-27 18:25:43,949 [INFO] ADCParametersView:116 -                Rank 4 : true
2025-08-27 18:25:43,949 [INFO] ADCParametersView:116 -                Rank 1 : true
2025-08-27 18:25:43,949 [INFO] ADCParametersView:116 -                Rank 2 : true
2025-08-27 18:25:43,949 [INFO] ADCParametersView:116 -                Rank 3 : true
2025-08-27 18:25:43,949 [INFO] ADCParametersView:116 -                Rank 4 : true
2025-08-27 18:25:43,949 [INFO] ADCParametersView:116 -                Rank 1 : true
2025-08-27 18:25:43,949 [INFO] ADCParametersView:116 -                Rank 2 : true
2025-08-27 18:25:43,949 [INFO] ADCParametersView:116 -                Rank 3 : true
2025-08-27 18:25:43,949 [INFO] ADCParametersView:116 -                Rank 4 : true
2025-08-27 18:25:43,949 [INFO] ADCParametersView:116 -                Rank 1 : true
2025-08-27 18:25:43,949 [INFO] ADCParametersView:116 -                Rank 2 : true
2025-08-27 18:25:43,949 [INFO] ADCParametersView:116 -                Rank 3 : true
2025-08-27 18:25:43,949 [INFO] ADCParametersView:116 -                Rank 4 : true
2025-08-27 18:25:43,949 [INFO] ADCParametersView:116 -                Rank 1 : true
2025-08-27 18:25:43,949 [INFO] ADCParametersView:116 -                Rank 2 : true
2025-08-27 18:25:43,949 [INFO] ADCParametersView:116 -                Rank 3 : true
2025-08-27 18:25:43,949 [INFO] ADCParametersView:116 -                Rank 4 : true
2025-08-27 18:25:43,949 [INFO] ADCParametersView:116 -                Rank 1 : true
2025-08-27 18:25:43,949 [INFO] ADCParametersView:116 -                Rank 2 : true
2025-08-27 18:25:43,949 [INFO] ADCParametersView:116 -                Rank 3 : true
2025-08-27 18:25:43,949 [INFO] ADCParametersView:116 -                Rank 4 : true
2025-08-27 18:25:43,949 [INFO] ADCParametersView:116 -                Rank 1 : true
2025-08-27 18:25:43,949 [INFO] ADCParametersView:116 -                Rank 2 : true
2025-08-27 18:25:43,949 [INFO] ADCParametersView:116 -                Rank 3 : true
2025-08-27 18:25:43,949 [INFO] ADCParametersView:116 -                Rank 4 : true
2025-08-27 18:25:43,949 [INFO] ADCParametersView:116 -                Rank 1 : true
2025-08-27 18:25:43,949 [INFO] ADCParametersView:116 -                Rank 2 : true
2025-08-27 18:25:43,949 [INFO] ADCParametersView:116 -                Rank 3 : true
2025-08-27 18:25:43,950 [INFO] ADCParametersView:116 -                Rank 4 : true
2025-08-27 18:25:43,950 [INFO] ADCParametersView:116 -                Rank 1 : true
2025-08-27 18:25:43,950 [INFO] ADCParametersView:116 -                Rank 2 : true
2025-08-27 18:25:43,950 [INFO] ADCParametersView:116 -                Rank 3 : true
2025-08-27 18:25:43,950 [INFO] ADCParametersView:116 -                Rank 4 : true
2025-08-27 18:25:43,950 [INFO] ADCParametersView:116 -                Rank 1 : true
2025-08-27 18:25:43,950 [INFO] ADCParametersView:116 -                Rank 2 : true
2025-08-27 18:25:43,950 [INFO] ADCParametersView:116 -                Rank 3 : true
2025-08-27 18:25:43,950 [INFO] ADCParametersView:116 -                Rank 4 : true
2025-08-27 18:25:43,950 [INFO] ADCParametersView:116 -                Rank 1 : true
2025-08-27 18:25:43,950 [INFO] ADCParametersView:116 -                Rank 2 : true
2025-08-27 18:25:43,950 [INFO] ADCParametersView:116 -                Rank 3 : true
2025-08-27 18:25:43,950 [INFO] ADCParametersView:116 -                Rank 4 : true
2025-08-27 18:25:43,950 [INFO] ADCParametersView:116 -                Rank 1 : true
2025-08-27 18:25:43,950 [INFO] ADCParametersView:116 -                Rank 2 : true
2025-08-27 18:25:43,950 [INFO] ADCParametersView:116 -                Rank 3 : true
2025-08-27 18:25:43,950 [INFO] ADCParametersView:116 -                Rank 4 : true
2025-08-27 18:25:43,950 [INFO] ADCParametersView:116 -                Rank 1 : true
2025-08-27 18:25:43,950 [INFO] ADCParametersView:116 -                Rank 2 : true
2025-08-27 18:25:43,950 [INFO] ADCParametersView:116 -                Rank 3 : true
2025-08-27 18:25:43,950 [INFO] ADCParametersView:116 -                Rank 4 : true
2025-08-27 18:25:43,950 [INFO] ADCParametersView:116 -                Rank 1 : true
2025-08-27 18:25:43,950 [INFO] ADCParametersView:116 -                Rank 2 : true
2025-08-27 18:25:43,950 [INFO] ADCParametersView:116 -                Rank 3 : true
2025-08-27 18:25:43,950 [INFO] ADCParametersView:116 -                Rank 4 : true
2025-08-27 18:25:43,950 [INFO] ADCParametersView:116 -                Rank 2 : true
2025-08-27 18:25:43,950 [INFO] ADCParametersView:116 -                Rank 3 : true
2025-08-27 18:25:43,950 [INFO] ADCParametersView:116 -                Rank 4 : true
2025-08-27 18:25:43,950 [INFO] ADCParametersView:116 -                Rank 3 : true
2025-08-27 18:25:43,950 [INFO] ADCParametersView:116 -                Rank 4 : true
2025-08-27 18:25:43,950 [INFO] ADCParametersView:116 -                Rank 4 : true
2025-08-27 18:25:44,031 [INFO] ADCParametersView:116 -                Rank 1 : true
2025-08-27 18:25:44,031 [INFO] ADCParametersView:116 -                Rank 1 : true
2025-08-27 18:25:44,031 [INFO] ADCParametersView:116 -                Rank 2 : true
2025-08-27 18:25:44,031 [INFO] ADCParametersView:116 -                Rank 1 : true
2025-08-27 18:25:44,031 [INFO] ADCParametersView:116 -                Rank 2 : true
2025-08-27 18:25:44,031 [INFO] ADCParametersView:116 -                Rank 3 : true
2025-08-27 18:25:44,031 [INFO] ADCParametersView:116 -                Rank 1 : true
2025-08-27 18:25:44,031 [INFO] ADCParametersView:116 -                Rank 2 : true
2025-08-27 18:25:44,031 [INFO] ADCParametersView:116 -                Rank 3 : true
2025-08-27 18:25:44,031 [INFO] ADCParametersView:116 -                Rank 4 : true
2025-08-27 18:25:44,032 [INFO] ADCParametersView:116 -                Rank 1 : true
2025-08-27 18:25:44,032 [INFO] ADCParametersView:116 -                Rank 2 : true
2025-08-27 18:25:44,032 [INFO] ADCParametersView:116 -                Rank 3 : true
2025-08-27 18:25:44,032 [INFO] ADCParametersView:116 -                Rank 4 : true
2025-08-27 18:25:44,032 [INFO] ADCParametersView:116 -                Rank 1 : true
2025-08-27 18:25:44,032 [INFO] ADCParametersView:116 -                Rank 2 : true
2025-08-27 18:25:44,032 [INFO] ADCParametersView:116 -                Rank 3 : true
2025-08-27 18:25:44,032 [INFO] ADCParametersView:116 -                Rank 4 : true
2025-08-27 18:25:44,032 [INFO] ADCParametersView:116 -                Rank 1 : true
2025-08-27 18:25:44,032 [INFO] ADCParametersView:116 -                Rank 2 : true
2025-08-27 18:25:44,033 [INFO] ADCParametersView:116 -                Rank 3 : true
2025-08-27 18:25:44,033 [INFO] ADCParametersView:116 -                Rank 4 : true
2025-08-27 18:25:44,033 [INFO] ADCParametersView:116 -                Rank 1 : true
2025-08-27 18:25:44,033 [INFO] ADCParametersView:116 -                Rank 2 : true
2025-08-27 18:25:44,033 [INFO] ADCParametersView:116 -                Rank 3 : true
2025-08-27 18:25:44,033 [INFO] ADCParametersView:116 -                Rank 4 : true
2025-08-27 18:25:44,033 [INFO] ADCParametersView:116 -                Rank 1 : true
2025-08-27 18:25:44,033 [INFO] ADCParametersView:116 -                Rank 2 : true
2025-08-27 18:25:44,033 [INFO] ADCParametersView:116 -                Rank 3 : true
2025-08-27 18:25:44,033 [INFO] ADCParametersView:116 -                Rank 4 : true
2025-08-27 18:25:44,033 [INFO] ADCParametersView:116 -                Rank 1 : true
2025-08-27 18:25:44,033 [INFO] ADCParametersView:116 -                Rank 2 : true
2025-08-27 18:25:44,033 [INFO] ADCParametersView:116 -                Rank 3 : true
2025-08-27 18:25:44,033 [INFO] ADCParametersView:116 -                Rank 4 : true
2025-08-27 18:25:44,033 [INFO] ADCParametersView:116 -                Rank 1 : true
2025-08-27 18:25:44,033 [INFO] ADCParametersView:116 -                Rank 2 : true
2025-08-27 18:25:44,033 [INFO] ADCParametersView:116 -                Rank 3 : true
2025-08-27 18:25:44,033 [INFO] ADCParametersView:116 -                Rank 4 : true
2025-08-27 18:25:44,033 [INFO] ADCParametersView:116 -                Rank 1 : true
2025-08-27 18:25:44,033 [INFO] ADCParametersView:116 -                Rank 2 : true
2025-08-27 18:25:44,033 [INFO] ADCParametersView:116 -                Rank 3 : true
2025-08-27 18:25:44,033 [INFO] ADCParametersView:116 -                Rank 4 : true
2025-08-27 18:25:44,033 [INFO] ADCParametersView:116 -                Rank 1 : true
2025-08-27 18:25:44,033 [INFO] ADCParametersView:116 -                Rank 2 : true
2025-08-27 18:25:44,033 [INFO] ADCParametersView:116 -                Rank 3 : true
2025-08-27 18:25:44,033 [INFO] ADCParametersView:116 -                Rank 4 : true
2025-08-27 18:25:44,033 [INFO] ADCParametersView:116 -                Rank 1 : true
2025-08-27 18:25:44,033 [INFO] ADCParametersView:116 -                Rank 2 : true
2025-08-27 18:25:44,033 [INFO] ADCParametersView:116 -                Rank 3 : true
2025-08-27 18:25:44,033 [INFO] ADCParametersView:116 -                Rank 4 : true
2025-08-27 18:25:44,033 [INFO] ADCParametersView:116 -                Rank 1 : true
2025-08-27 18:25:44,033 [INFO] ADCParametersView:116 -                Rank 2 : true
2025-08-27 18:25:44,033 [INFO] ADCParametersView:116 -                Rank 3 : true
2025-08-27 18:25:44,033 [INFO] ADCParametersView:116 -                Rank 4 : true
2025-08-27 18:25:44,033 [INFO] ADCParametersView:116 -                Rank 1 : true
2025-08-27 18:25:44,033 [INFO] ADCParametersView:116 -                Rank 2 : true
2025-08-27 18:25:44,033 [INFO] ADCParametersView:116 -                Rank 3 : true
2025-08-27 18:25:44,033 [INFO] ADCParametersView:116 -                Rank 4 : true
2025-08-27 18:25:44,033 [INFO] ADCParametersView:116 -                Rank 1 : true
2025-08-27 18:25:44,033 [INFO] ADCParametersView:116 -                Rank 2 : true
2025-08-27 18:25:44,033 [INFO] ADCParametersView:116 -                Rank 3 : true
2025-08-27 18:25:44,033 [INFO] ADCParametersView:116 -                Rank 4 : true
2025-08-27 18:25:44,033 [INFO] ADCParametersView:116 -                Rank 1 : true
2025-08-27 18:25:44,034 [INFO] ADCParametersView:116 -                Rank 2 : true
2025-08-27 18:25:44,034 [INFO] ADCParametersView:116 -                Rank 3 : true
2025-08-27 18:25:44,034 [INFO] ADCParametersView:116 -                Rank 4 : true
2025-08-27 18:25:44,034 [INFO] ADCParametersView:116 -                Rank 1 : true
2025-08-27 18:25:44,034 [INFO] ADCParametersView:116 -                Rank 2 : true
2025-08-27 18:25:44,034 [INFO] ADCParametersView:116 -                Rank 3 : true
2025-08-27 18:25:44,034 [INFO] ADCParametersView:116 -                Rank 4 : true
2025-08-27 18:25:44,034 [INFO] ADCParametersView:116 -                Rank 1 : true
2025-08-27 18:25:44,034 [INFO] ADCParametersView:116 -                Rank 2 : true
2025-08-27 18:25:44,034 [INFO] ADCParametersView:116 -                Rank 3 : true
2025-08-27 18:25:44,034 [INFO] ADCParametersView:116 -                Rank 4 : true
2025-08-27 18:25:44,034 [INFO] ADCParametersView:116 -                Rank 1 : true
2025-08-27 18:25:44,034 [INFO] ADCParametersView:116 -                Rank 2 : true
2025-08-27 18:25:44,034 [INFO] ADCParametersView:116 -                Rank 3 : true
2025-08-27 18:25:44,034 [INFO] ADCParametersView:116 -                Rank 4 : true
2025-08-27 18:25:44,034 [INFO] ADCParametersView:116 -                Rank 1 : true
2025-08-27 18:25:44,034 [INFO] ADCParametersView:116 -                Rank 2 : true
2025-08-27 18:25:44,034 [INFO] ADCParametersView:116 -                Rank 3 : true
2025-08-27 18:25:44,034 [INFO] ADCParametersView:116 -                Rank 4 : true
2025-08-27 18:25:44,034 [INFO] ADCParametersView:116 -                Rank 1 : true
2025-08-27 18:25:44,034 [INFO] ADCParametersView:116 -                Rank 2 : true
2025-08-27 18:25:44,034 [INFO] ADCParametersView:116 -                Rank 3 : true
2025-08-27 18:25:44,034 [INFO] ADCParametersView:116 -                Rank 4 : true
2025-08-27 18:25:44,034 [INFO] ADCParametersView:116 -                Rank 1 : true
2025-08-27 18:25:44,034 [INFO] ADCParametersView:116 -                Rank 2 : true
2025-08-27 18:25:44,034 [INFO] ADCParametersView:116 -                Rank 3 : true
2025-08-27 18:25:44,034 [INFO] ADCParametersView:116 -                Rank 4 : true
2025-08-27 18:25:44,034 [INFO] ADCParametersView:116 -                Rank 2 : true
2025-08-27 18:25:44,034 [INFO] ADCParametersView:116 -                Rank 3 : true
2025-08-27 18:25:44,034 [INFO] ADCParametersView:116 -                Rank 4 : true
2025-08-27 18:25:44,034 [INFO] ADCParametersView:116 -                Rank 3 : true
2025-08-27 18:25:44,034 [INFO] ADCParametersView:116 -                Rank 4 : true
2025-08-27 18:25:44,034 [INFO] ADCParametersView:116 -                Rank 4 : true
2025-08-27 18:25:44,119 [INFO] ADCParametersView:116 -                Rank 1 : true
2025-08-27 18:25:44,119 [INFO] ADCParametersView:116 -                Rank 1 : true
2025-08-27 18:25:44,119 [INFO] ADCParametersView:116 -                Rank 2 : true
2025-08-27 18:25:44,119 [INFO] ADCParametersView:116 -                Rank 1 : true
2025-08-27 18:25:44,119 [INFO] ADCParametersView:116 -                Rank 2 : true
2025-08-27 18:25:44,119 [INFO] ADCParametersView:116 -                Rank 3 : true
2025-08-27 18:25:44,119 [INFO] ADCParametersView:116 -                Rank 1 : true
2025-08-27 18:25:44,119 [INFO] ADCParametersView:116 -                Rank 2 : true
2025-08-27 18:25:44,119 [INFO] ADCParametersView:116 -                Rank 3 : true
2025-08-27 18:25:44,119 [INFO] ADCParametersView:116 -                Rank 4 : true
2025-08-27 18:25:56,090 [INFO] NvicIntPanel:101 - NVIC parent = com.st.microxplorer.plugins.ip.nvic.MultiNvicIntPanel[,0,0,0x0,invalid,layout=javax.swing.BoxLayout,alignmentX=0.0,alignmentY=0.0,border=,flags=9,maximumSize=,minimumSize=,preferredSize=]
2025-08-27 18:25:59,402 [INFO] NvicIntPanel:101 - NVIC parent = com.st.microxplorer.plugins.ip.nvic.MultiNvicIntPanel[,0,0,0x0,invalid,layout=javax.swing.BoxLayout,alignmentX=0.0,alignmentY=0.0,border=,flags=9,maximumSize=,minimumSize=,preferredSize=]
2025-08-27 18:25:59,733 [INFO] ADCParametersView:116 -                Rank 1 : true
2025-08-27 18:25:59,733 [INFO] ADCParametersView:116 -                Rank 2 : true
2025-08-27 18:25:59,733 [INFO] ADCParametersView:116 -                Rank 3 : true
2025-08-27 18:25:59,733 [INFO] ADCParametersView:116 -                Rank 4 : true
2025-08-27 18:25:59,734 [INFO] ADCParametersView:116 -                Rank 1 : true
2025-08-27 18:25:59,734 [INFO] ADCParametersView:116 -                Rank 2 : true
2025-08-27 18:25:59,734 [INFO] ADCParametersView:116 -                Rank 3 : true
2025-08-27 18:25:59,734 [INFO] ADCParametersView:116 -                Rank 4 : true
2025-08-27 18:25:59,734 [INFO] ADCParametersView:116 -                Rank 1 : true
2025-08-27 18:25:59,734 [INFO] ADCParametersView:116 -                Rank 2 : true
2025-08-27 18:25:59,734 [INFO] ADCParametersView:116 -                Rank 3 : true
2025-08-27 18:25:59,734 [INFO] ADCParametersView:116 -                Rank 4 : true
2025-08-27 18:25:59,734 [INFO] ADCParametersView:116 -                Rank 1 : true
2025-08-27 18:25:59,734 [INFO] ADCParametersView:116 -                Rank 2 : true
2025-08-27 18:25:59,734 [INFO] ADCParametersView:116 -                Rank 3 : true
2025-08-27 18:25:59,734 [INFO] ADCParametersView:116 -                Rank 4 : true
2025-08-27 18:25:59,734 [INFO] ADCParametersView:116 -                Rank 1 : true
2025-08-27 18:25:59,734 [INFO] ADCParametersView:116 -                Rank 2 : true
2025-08-27 18:25:59,734 [INFO] ADCParametersView:116 -                Rank 3 : true
2025-08-27 18:25:59,735 [INFO] ADCParametersView:116 -                Rank 4 : true
2025-08-27 18:25:59,735 [INFO] ADCParametersView:116 -                Rank 1 : true
2025-08-27 18:25:59,735 [INFO] ADCParametersView:116 -                Rank 2 : true
2025-08-27 18:25:59,735 [INFO] ADCParametersView:116 -                Rank 3 : true
2025-08-27 18:25:59,735 [INFO] ADCParametersView:116 -                Rank 4 : true
2025-08-27 18:25:59,735 [INFO] ADCParametersView:116 -                Rank 1 : true
2025-08-27 18:25:59,735 [INFO] ADCParametersView:116 -                Rank 2 : true
2025-08-27 18:25:59,735 [INFO] ADCParametersView:116 -                Rank 3 : true
2025-08-27 18:25:59,735 [INFO] ADCParametersView:116 -                Rank 4 : true
2025-08-27 18:25:59,735 [INFO] ADCParametersView:116 -                Rank 1 : true
2025-08-27 18:25:59,735 [INFO] ADCParametersView:116 -                Rank 2 : true
2025-08-27 18:25:59,735 [INFO] ADCParametersView:116 -                Rank 3 : true
2025-08-27 18:25:59,735 [INFO] ADCParametersView:116 -                Rank 4 : true
2025-08-27 18:25:59,735 [INFO] ADCParametersView:116 -                Rank 1 : true
2025-08-27 18:25:59,735 [INFO] ADCParametersView:116 -                Rank 2 : true
2025-08-27 18:25:59,735 [INFO] ADCParametersView:116 -                Rank 3 : true
2025-08-27 18:25:59,735 [INFO] ADCParametersView:116 -                Rank 4 : true
2025-08-27 18:25:59,735 [INFO] ADCParametersView:116 -                Rank 1 : true
2025-08-27 18:25:59,735 [INFO] ADCParametersView:116 -                Rank 2 : true
2025-08-27 18:25:59,735 [INFO] ADCParametersView:116 -                Rank 3 : true
2025-08-27 18:25:59,735 [INFO] ADCParametersView:116 -                Rank 4 : true
2025-08-27 18:25:59,735 [INFO] ADCParametersView:116 -                Rank 1 : true
2025-08-27 18:25:59,735 [INFO] ADCParametersView:116 -                Rank 2 : true
2025-08-27 18:25:59,735 [INFO] ADCParametersView:116 -                Rank 3 : true
2025-08-27 18:25:59,735 [INFO] ADCParametersView:116 -                Rank 4 : true
2025-08-27 18:25:59,735 [INFO] ADCParametersView:116 -                Rank 1 : true
2025-08-27 18:25:59,735 [INFO] ADCParametersView:116 -                Rank 2 : true
2025-08-27 18:25:59,735 [INFO] ADCParametersView:116 -                Rank 3 : true
2025-08-27 18:25:59,735 [INFO] ADCParametersView:116 -                Rank 4 : true
2025-08-27 18:25:59,735 [INFO] ADCParametersView:116 -                Rank 1 : true
2025-08-27 18:25:59,735 [INFO] ADCParametersView:116 -                Rank 2 : true
2025-08-27 18:25:59,735 [INFO] ADCParametersView:116 -                Rank 3 : true
2025-08-27 18:25:59,735 [INFO] ADCParametersView:116 -                Rank 4 : true
2025-08-27 18:25:59,735 [INFO] ADCParametersView:116 -                Rank 1 : true
2025-08-27 18:25:59,735 [INFO] ADCParametersView:116 -                Rank 2 : true
2025-08-27 18:25:59,735 [INFO] ADCParametersView:116 -                Rank 3 : true
2025-08-27 18:25:59,735 [INFO] ADCParametersView:116 -                Rank 4 : true
2025-08-27 18:25:59,735 [INFO] ADCParametersView:116 -                Rank 1 : true
2025-08-27 18:25:59,736 [INFO] ADCParametersView:116 -                Rank 2 : true
2025-08-27 18:25:59,736 [INFO] ADCParametersView:116 -                Rank 3 : true
2025-08-27 18:25:59,736 [INFO] ADCParametersView:116 -                Rank 4 : true
2025-08-27 18:25:59,736 [INFO] ADCParametersView:116 -                Rank 1 : true
2025-08-27 18:25:59,736 [INFO] ADCParametersView:116 -                Rank 2 : true
2025-08-27 18:25:59,736 [INFO] ADCParametersView:116 -                Rank 3 : true
2025-08-27 18:25:59,736 [INFO] ADCParametersView:116 -                Rank 4 : true
2025-08-27 18:25:59,736 [INFO] ADCParametersView:116 -                Rank 1 : true
2025-08-27 18:25:59,736 [INFO] ADCParametersView:116 -                Rank 2 : true
2025-08-27 18:25:59,736 [INFO] ADCParametersView:116 -                Rank 3 : true
2025-08-27 18:25:59,736 [INFO] ADCParametersView:116 -                Rank 4 : true
2025-08-27 18:25:59,736 [INFO] ADCParametersView:116 -                Rank 1 : true
2025-08-27 18:25:59,736 [INFO] ADCParametersView:116 -                Rank 2 : true
2025-08-27 18:25:59,736 [INFO] ADCParametersView:116 -                Rank 3 : true
2025-08-27 18:25:59,736 [INFO] ADCParametersView:116 -                Rank 4 : true
2025-08-27 18:25:59,736 [INFO] ADCParametersView:116 -                Rank 1 : true
2025-08-27 18:25:59,736 [INFO] ADCParametersView:116 -                Rank 2 : true
2025-08-27 18:25:59,736 [INFO] ADCParametersView:116 -                Rank 3 : true
2025-08-27 18:25:59,736 [INFO] ADCParametersView:116 -                Rank 4 : true
2025-08-27 18:25:59,736 [INFO] ADCParametersView:116 -                Rank 1 : true
2025-08-27 18:25:59,736 [INFO] ADCParametersView:116 -                Rank 2 : true
2025-08-27 18:25:59,736 [INFO] ADCParametersView:116 -                Rank 3 : true
2025-08-27 18:25:59,736 [INFO] ADCParametersView:116 -                Rank 4 : true
2025-08-27 18:25:59,736 [INFO] ADCParametersView:116 -                Rank 2 : true
2025-08-27 18:25:59,736 [INFO] ADCParametersView:116 -                Rank 3 : true
2025-08-27 18:25:59,736 [INFO] ADCParametersView:116 -                Rank 4 : true
2025-08-27 18:25:59,736 [INFO] ADCParametersView:116 -                Rank 3 : true
2025-08-27 18:25:59,736 [INFO] ADCParametersView:116 -                Rank 4 : true
2025-08-27 18:25:59,736 [INFO] ADCParametersView:116 -                Rank 4 : true
2025-08-27 18:25:59,816 [INFO] ADCParametersView:116 -                Rank 1 : true
2025-08-27 18:25:59,816 [INFO] ADCParametersView:116 -                Rank 1 : true
2025-08-27 18:25:59,816 [INFO] ADCParametersView:116 -                Rank 2 : true
2025-08-27 18:25:59,817 [INFO] ADCParametersView:116 -                Rank 1 : true
2025-08-27 18:25:59,817 [INFO] ADCParametersView:116 -                Rank 2 : true
2025-08-27 18:25:59,817 [INFO] ADCParametersView:116 -                Rank 3 : true
2025-08-27 18:25:59,817 [INFO] ADCParametersView:116 -                Rank 1 : true
2025-08-27 18:25:59,817 [INFO] ADCParametersView:116 -                Rank 2 : true
2025-08-27 18:25:59,817 [INFO] ADCParametersView:116 -                Rank 3 : true
2025-08-27 18:25:59,817 [INFO] ADCParametersView:116 -                Rank 4 : true
2025-08-27 18:25:59,817 [INFO] ADCParametersView:116 -                Rank 1 : true
2025-08-27 18:25:59,817 [INFO] ADCParametersView:116 -                Rank 2 : true
2025-08-27 18:25:59,817 [INFO] ADCParametersView:116 -                Rank 3 : true
2025-08-27 18:25:59,817 [INFO] ADCParametersView:116 -                Rank 4 : true
2025-08-27 18:25:59,818 [INFO] ADCParametersView:116 -                Rank 1 : true
2025-08-27 18:25:59,818 [INFO] ADCParametersView:116 -                Rank 2 : true
2025-08-27 18:25:59,818 [INFO] ADCParametersView:116 -                Rank 3 : true
2025-08-27 18:25:59,818 [INFO] ADCParametersView:116 -                Rank 4 : true
2025-08-27 18:25:59,818 [INFO] ADCParametersView:116 -                Rank 1 : true
2025-08-27 18:25:59,818 [INFO] ADCParametersView:116 -                Rank 2 : true
2025-08-27 18:25:59,818 [INFO] ADCParametersView:116 -                Rank 3 : true
2025-08-27 18:25:59,818 [INFO] ADCParametersView:116 -                Rank 4 : true
2025-08-27 18:25:59,818 [INFO] ADCParametersView:116 -                Rank 1 : true
2025-08-27 18:25:59,818 [INFO] ADCParametersView:116 -                Rank 2 : true
2025-08-27 18:25:59,818 [INFO] ADCParametersView:116 -                Rank 3 : true
2025-08-27 18:25:59,818 [INFO] ADCParametersView:116 -                Rank 4 : true
2025-08-27 18:25:59,818 [INFO] ADCParametersView:116 -                Rank 1 : true
2025-08-27 18:25:59,818 [INFO] ADCParametersView:116 -                Rank 2 : true
2025-08-27 18:25:59,818 [INFO] ADCParametersView:116 -                Rank 3 : true
2025-08-27 18:25:59,818 [INFO] ADCParametersView:116 -                Rank 4 : true
2025-08-27 18:25:59,818 [INFO] ADCParametersView:116 -                Rank 1 : true
2025-08-27 18:25:59,818 [INFO] ADCParametersView:116 -                Rank 2 : true
2025-08-27 18:25:59,818 [INFO] ADCParametersView:116 -                Rank 3 : true
2025-08-27 18:25:59,818 [INFO] ADCParametersView:116 -                Rank 4 : true
2025-08-27 18:25:59,818 [INFO] ADCParametersView:116 -                Rank 1 : true
2025-08-27 18:25:59,818 [INFO] ADCParametersView:116 -                Rank 2 : true
2025-08-27 18:25:59,818 [INFO] ADCParametersView:116 -                Rank 3 : true
2025-08-27 18:25:59,818 [INFO] ADCParametersView:116 -                Rank 4 : true
2025-08-27 18:25:59,818 [INFO] ADCParametersView:116 -                Rank 1 : true
2025-08-27 18:25:59,818 [INFO] ADCParametersView:116 -                Rank 2 : true
2025-08-27 18:25:59,818 [INFO] ADCParametersView:116 -                Rank 3 : true
2025-08-27 18:25:59,818 [INFO] ADCParametersView:116 -                Rank 4 : true
2025-08-27 18:25:59,818 [INFO] ADCParametersView:116 -                Rank 1 : true
2025-08-27 18:25:59,818 [INFO] ADCParametersView:116 -                Rank 2 : true
2025-08-27 18:25:59,818 [INFO] ADCParametersView:116 -                Rank 3 : true
2025-08-27 18:25:59,818 [INFO] ADCParametersView:116 -                Rank 4 : true
2025-08-27 18:25:59,818 [INFO] ADCParametersView:116 -                Rank 1 : true
2025-08-27 18:25:59,818 [INFO] ADCParametersView:116 -                Rank 2 : true
2025-08-27 18:25:59,819 [INFO] ADCParametersView:116 -                Rank 3 : true
2025-08-27 18:25:59,819 [INFO] ADCParametersView:116 -                Rank 4 : true
2025-08-27 18:25:59,819 [INFO] ADCParametersView:116 -                Rank 1 : true
2025-08-27 18:25:59,819 [INFO] ADCParametersView:116 -                Rank 2 : true
2025-08-27 18:25:59,819 [INFO] ADCParametersView:116 -                Rank 3 : true
2025-08-27 18:25:59,819 [INFO] ADCParametersView:116 -                Rank 4 : true
2025-08-27 18:25:59,819 [INFO] ADCParametersView:116 -                Rank 1 : true
2025-08-27 18:25:59,819 [INFO] ADCParametersView:116 -                Rank 2 : true
2025-08-27 18:25:59,819 [INFO] ADCParametersView:116 -                Rank 3 : true
2025-08-27 18:25:59,819 [INFO] ADCParametersView:116 -                Rank 4 : true
2025-08-27 18:25:59,819 [INFO] ADCParametersView:116 -                Rank 1 : true
2025-08-27 18:25:59,819 [INFO] ADCParametersView:116 -                Rank 2 : true
2025-08-27 18:25:59,819 [INFO] ADCParametersView:116 -                Rank 3 : true
2025-08-27 18:25:59,819 [INFO] ADCParametersView:116 -                Rank 4 : true
2025-08-27 18:25:59,819 [INFO] ADCParametersView:116 -                Rank 1 : true
2025-08-27 18:25:59,819 [INFO] ADCParametersView:116 -                Rank 2 : true
2025-08-27 18:25:59,819 [INFO] ADCParametersView:116 -                Rank 3 : true
2025-08-27 18:25:59,819 [INFO] ADCParametersView:116 -                Rank 4 : true
2025-08-27 18:25:59,819 [INFO] ADCParametersView:116 -                Rank 1 : true
2025-08-27 18:25:59,819 [INFO] ADCParametersView:116 -                Rank 2 : true
2025-08-27 18:25:59,819 [INFO] ADCParametersView:116 -                Rank 3 : true
2025-08-27 18:25:59,819 [INFO] ADCParametersView:116 -                Rank 4 : true
2025-08-27 18:25:59,819 [INFO] ADCParametersView:116 -                Rank 1 : true
2025-08-27 18:25:59,819 [INFO] ADCParametersView:116 -                Rank 2 : true
2025-08-27 18:25:59,819 [INFO] ADCParametersView:116 -                Rank 3 : true
2025-08-27 18:25:59,819 [INFO] ADCParametersView:116 -                Rank 4 : true
2025-08-27 18:25:59,819 [INFO] ADCParametersView:116 -                Rank 1 : true
2025-08-27 18:25:59,819 [INFO] ADCParametersView:116 -                Rank 2 : true
2025-08-27 18:25:59,819 [INFO] ADCParametersView:116 -                Rank 3 : true
2025-08-27 18:25:59,819 [INFO] ADCParametersView:116 -                Rank 4 : true
2025-08-27 18:25:59,819 [INFO] ADCParametersView:116 -                Rank 1 : true
2025-08-27 18:25:59,819 [INFO] ADCParametersView:116 -                Rank 2 : true
2025-08-27 18:25:59,819 [INFO] ADCParametersView:116 -                Rank 3 : true
2025-08-27 18:25:59,819 [INFO] ADCParametersView:116 -                Rank 4 : true
2025-08-27 18:25:59,819 [INFO] ADCParametersView:116 -                Rank 1 : true
2025-08-27 18:25:59,819 [INFO] ADCParametersView:116 -                Rank 2 : true
2025-08-27 18:25:59,819 [INFO] ADCParametersView:116 -                Rank 3 : true
2025-08-27 18:25:59,819 [INFO] ADCParametersView:116 -                Rank 4 : true
2025-08-27 18:25:59,819 [INFO] ADCParametersView:116 -                Rank 1 : true
2025-08-27 18:25:59,819 [INFO] ADCParametersView:116 -                Rank 2 : true
2025-08-27 18:25:59,819 [INFO] ADCParametersView:116 -                Rank 3 : true
2025-08-27 18:25:59,819 [INFO] ADCParametersView:116 -                Rank 4 : true
2025-08-27 18:25:59,819 [INFO] ADCParametersView:116 -                Rank 2 : true
2025-08-27 18:25:59,819 [INFO] ADCParametersView:116 -                Rank 3 : true
2025-08-27 18:25:59,819 [INFO] ADCParametersView:116 -                Rank 4 : true
2025-08-27 18:25:59,820 [INFO] ADCParametersView:116 -                Rank 3 : true
2025-08-27 18:25:59,820 [INFO] ADCParametersView:116 -                Rank 4 : true
2025-08-27 18:25:59,820 [INFO] ADCParametersView:116 -                Rank 4 : true
2025-08-27 18:25:59,896 [INFO] ADCParametersView:116 -                Rank 1 : true
2025-08-27 18:25:59,896 [INFO] ADCParametersView:116 -                Rank 1 : true
2025-08-27 18:25:59,896 [INFO] ADCParametersView:116 -                Rank 2 : true
2025-08-27 18:25:59,896 [INFO] ADCParametersView:116 -                Rank 1 : true
2025-08-27 18:25:59,896 [INFO] ADCParametersView:116 -                Rank 2 : true
2025-08-27 18:25:59,896 [INFO] ADCParametersView:116 -                Rank 3 : true
2025-08-27 18:25:59,896 [INFO] ADCParametersView:116 -                Rank 1 : true
2025-08-27 18:25:59,896 [INFO] ADCParametersView:116 -                Rank 2 : true
2025-08-27 18:25:59,896 [INFO] ADCParametersView:116 -                Rank 3 : true
2025-08-27 18:25:59,896 [INFO] ADCParametersView:116 -                Rank 4 : true
2025-08-27 18:25:59,897 [INFO] ADCParametersView:116 -                Rank 1 : true
2025-08-27 18:25:59,897 [INFO] ADCParametersView:116 -                Rank 2 : true
2025-08-27 18:25:59,897 [INFO] ADCParametersView:116 -                Rank 3 : true
2025-08-27 18:25:59,897 [INFO] ADCParametersView:116 -                Rank 4 : true
2025-08-27 18:25:59,897 [INFO] ADCParametersView:116 -                Rank 1 : true
2025-08-27 18:25:59,897 [INFO] ADCParametersView:116 -                Rank 2 : true
2025-08-27 18:25:59,897 [INFO] ADCParametersView:116 -                Rank 3 : true
2025-08-27 18:25:59,897 [INFO] ADCParametersView:116 -                Rank 4 : true
2025-08-27 18:25:59,897 [INFO] ADCParametersView:116 -                Rank 1 : true
2025-08-27 18:25:59,897 [INFO] ADCParametersView:116 -                Rank 2 : true
2025-08-27 18:25:59,897 [INFO] ADCParametersView:116 -                Rank 3 : true
2025-08-27 18:25:59,897 [INFO] ADCParametersView:116 -                Rank 4 : true
2025-08-27 18:25:59,898 [INFO] ADCParametersView:116 -                Rank 1 : true
2025-08-27 18:25:59,898 [INFO] ADCParametersView:116 -                Rank 2 : true
2025-08-27 18:25:59,898 [INFO] ADCParametersView:116 -                Rank 3 : true
2025-08-27 18:25:59,898 [INFO] ADCParametersView:116 -                Rank 4 : true
2025-08-27 18:25:59,898 [INFO] ADCParametersView:116 -                Rank 1 : true
2025-08-27 18:25:59,898 [INFO] ADCParametersView:116 -                Rank 2 : true
2025-08-27 18:25:59,898 [INFO] ADCParametersView:116 -                Rank 3 : true
2025-08-27 18:25:59,898 [INFO] ADCParametersView:116 -                Rank 4 : true
2025-08-27 18:25:59,898 [INFO] ADCParametersView:116 -                Rank 1 : true
2025-08-27 18:25:59,898 [INFO] ADCParametersView:116 -                Rank 2 : true
2025-08-27 18:25:59,898 [INFO] ADCParametersView:116 -                Rank 3 : true
2025-08-27 18:25:59,898 [INFO] ADCParametersView:116 -                Rank 4 : true
2025-08-27 18:25:59,898 [INFO] ADCParametersView:116 -                Rank 1 : true
2025-08-27 18:25:59,898 [INFO] ADCParametersView:116 -                Rank 2 : true
2025-08-27 18:25:59,898 [INFO] ADCParametersView:116 -                Rank 3 : true
2025-08-27 18:25:59,898 [INFO] ADCParametersView:116 -                Rank 4 : true
2025-08-27 18:25:59,898 [INFO] ADCParametersView:116 -                Rank 1 : true
2025-08-27 18:25:59,898 [INFO] ADCParametersView:116 -                Rank 2 : true
2025-08-27 18:25:59,898 [INFO] ADCParametersView:116 -                Rank 3 : true
2025-08-27 18:25:59,898 [INFO] ADCParametersView:116 -                Rank 4 : true
2025-08-27 18:25:59,898 [INFO] ADCParametersView:116 -                Rank 1 : true
2025-08-27 18:25:59,898 [INFO] ADCParametersView:116 -                Rank 2 : true
2025-08-27 18:25:59,898 [INFO] ADCParametersView:116 -                Rank 3 : true
2025-08-27 18:25:59,898 [INFO] ADCParametersView:116 -                Rank 4 : true
2025-08-27 18:25:59,898 [INFO] ADCParametersView:116 -                Rank 1 : true
2025-08-27 18:25:59,898 [INFO] ADCParametersView:116 -                Rank 2 : true
2025-08-27 18:25:59,898 [INFO] ADCParametersView:116 -                Rank 3 : true
2025-08-27 18:25:59,898 [INFO] ADCParametersView:116 -                Rank 4 : true
2025-08-27 18:25:59,898 [INFO] ADCParametersView:116 -                Rank 1 : true
2025-08-27 18:25:59,898 [INFO] ADCParametersView:116 -                Rank 2 : true
2025-08-27 18:25:59,898 [INFO] ADCParametersView:116 -                Rank 3 : true
2025-08-27 18:25:59,898 [INFO] ADCParametersView:116 -                Rank 4 : true
2025-08-27 18:25:59,898 [INFO] ADCParametersView:116 -                Rank 1 : true
2025-08-27 18:25:59,898 [INFO] ADCParametersView:116 -                Rank 2 : true
2025-08-27 18:25:59,898 [INFO] ADCParametersView:116 -                Rank 3 : true
2025-08-27 18:25:59,898 [INFO] ADCParametersView:116 -                Rank 4 : true
2025-08-27 18:25:59,898 [INFO] ADCParametersView:116 -                Rank 1 : true
2025-08-27 18:25:59,898 [INFO] ADCParametersView:116 -                Rank 2 : true
2025-08-27 18:25:59,898 [INFO] ADCParametersView:116 -                Rank 3 : true
2025-08-27 18:25:59,898 [INFO] ADCParametersView:116 -                Rank 4 : true
2025-08-27 18:25:59,898 [INFO] ADCParametersView:116 -                Rank 1 : true
2025-08-27 18:25:59,898 [INFO] ADCParametersView:116 -                Rank 2 : true
2025-08-27 18:25:59,898 [INFO] ADCParametersView:116 -                Rank 3 : true
2025-08-27 18:25:59,898 [INFO] ADCParametersView:116 -                Rank 4 : true
2025-08-27 18:25:59,898 [INFO] ADCParametersView:116 -                Rank 1 : true
2025-08-27 18:25:59,898 [INFO] ADCParametersView:116 -                Rank 2 : true
2025-08-27 18:25:59,898 [INFO] ADCParametersView:116 -                Rank 3 : true
2025-08-27 18:25:59,898 [INFO] ADCParametersView:116 -                Rank 4 : true
2025-08-27 18:25:59,898 [INFO] ADCParametersView:116 -                Rank 1 : true
2025-08-27 18:25:59,898 [INFO] ADCParametersView:116 -                Rank 2 : true
2025-08-27 18:25:59,898 [INFO] ADCParametersView:116 -                Rank 3 : true
2025-08-27 18:25:59,898 [INFO] ADCParametersView:116 -                Rank 4 : true
2025-08-27 18:25:59,898 [INFO] ADCParametersView:116 -                Rank 1 : true
2025-08-27 18:25:59,899 [INFO] ADCParametersView:116 -                Rank 2 : true
2025-08-27 18:25:59,899 [INFO] ADCParametersView:116 -                Rank 3 : true
2025-08-27 18:25:59,899 [INFO] ADCParametersView:116 -                Rank 4 : true
2025-08-27 18:25:59,899 [INFO] ADCParametersView:116 -                Rank 1 : true
2025-08-27 18:25:59,899 [INFO] ADCParametersView:116 -                Rank 2 : true
2025-08-27 18:25:59,899 [INFO] ADCParametersView:116 -                Rank 3 : true
2025-08-27 18:25:59,899 [INFO] ADCParametersView:116 -                Rank 4 : true
2025-08-27 18:25:59,899 [INFO] ADCParametersView:116 -                Rank 1 : true
2025-08-27 18:25:59,899 [INFO] ADCParametersView:116 -                Rank 2 : true
2025-08-27 18:25:59,899 [INFO] ADCParametersView:116 -                Rank 3 : true
2025-08-27 18:25:59,899 [INFO] ADCParametersView:116 -                Rank 4 : true
2025-08-27 18:25:59,899 [INFO] ADCParametersView:116 -                Rank 1 : true
2025-08-27 18:25:59,899 [INFO] ADCParametersView:116 -                Rank 2 : true
2025-08-27 18:25:59,899 [INFO] ADCParametersView:116 -                Rank 3 : true
2025-08-27 18:25:59,899 [INFO] ADCParametersView:116 -                Rank 4 : true
2025-08-27 18:25:59,899 [INFO] ADCParametersView:116 -                Rank 2 : true
2025-08-27 18:25:59,899 [INFO] ADCParametersView:116 -                Rank 3 : true
2025-08-27 18:25:59,899 [INFO] ADCParametersView:116 -                Rank 4 : true
2025-08-27 18:25:59,899 [INFO] ADCParametersView:116 -                Rank 3 : true
2025-08-27 18:25:59,899 [INFO] ADCParametersView:116 -                Rank 4 : true
2025-08-27 18:25:59,899 [INFO] ADCParametersView:116 -                Rank 4 : true
2025-08-27 18:25:59,980 [INFO] ADCParametersView:116 -                Rank 1 : true
2025-08-27 18:25:59,980 [INFO] ADCParametersView:116 -                Rank 1 : true
2025-08-27 18:25:59,980 [INFO] ADCParametersView:116 -                Rank 2 : true
2025-08-27 18:25:59,980 [INFO] ADCParametersView:116 -                Rank 1 : true
2025-08-27 18:25:59,980 [INFO] ADCParametersView:116 -                Rank 2 : true
2025-08-27 18:25:59,980 [INFO] ADCParametersView:116 -                Rank 3 : true
2025-08-27 18:25:59,980 [INFO] ADCParametersView:116 -                Rank 1 : true
2025-08-27 18:25:59,980 [INFO] ADCParametersView:116 -                Rank 2 : true
2025-08-27 18:25:59,980 [INFO] ADCParametersView:116 -                Rank 3 : true
2025-08-27 18:25:59,980 [INFO] ADCParametersView:116 -                Rank 4 : true
2025-08-27 18:25:59,980 [INFO] ADCParametersView:116 -                Rank 1 : true
2025-08-27 18:25:59,980 [INFO] ADCParametersView:116 -                Rank 2 : true
2025-08-27 18:25:59,980 [INFO] ADCParametersView:116 -                Rank 3 : true
2025-08-27 18:25:59,980 [INFO] ADCParametersView:116 -                Rank 4 : true
2025-08-27 18:25:59,981 [INFO] ADCParametersView:116 -                Rank 1 : true
2025-08-27 18:25:59,981 [INFO] ADCParametersView:116 -                Rank 2 : true
2025-08-27 18:25:59,981 [INFO] ADCParametersView:116 -                Rank 3 : true
2025-08-27 18:25:59,981 [INFO] ADCParametersView:116 -                Rank 4 : true
2025-08-27 18:25:59,981 [INFO] ADCParametersView:116 -                Rank 1 : true
2025-08-27 18:25:59,981 [INFO] ADCParametersView:116 -                Rank 2 : true
2025-08-27 18:25:59,981 [INFO] ADCParametersView:116 -                Rank 3 : true
2025-08-27 18:25:59,981 [INFO] ADCParametersView:116 -                Rank 4 : true
2025-08-27 18:25:59,981 [INFO] ADCParametersView:116 -                Rank 1 : true
2025-08-27 18:25:59,981 [INFO] ADCParametersView:116 -                Rank 2 : true
2025-08-27 18:25:59,981 [INFO] ADCParametersView:116 -                Rank 3 : true
2025-08-27 18:25:59,981 [INFO] ADCParametersView:116 -                Rank 4 : true
2025-08-27 18:25:59,981 [INFO] ADCParametersView:116 -                Rank 1 : true
2025-08-27 18:25:59,981 [INFO] ADCParametersView:116 -                Rank 2 : true
2025-08-27 18:25:59,981 [INFO] ADCParametersView:116 -                Rank 3 : true
2025-08-27 18:25:59,981 [INFO] ADCParametersView:116 -                Rank 4 : true
2025-08-27 18:25:59,981 [INFO] ADCParametersView:116 -                Rank 1 : true
2025-08-27 18:25:59,981 [INFO] ADCParametersView:116 -                Rank 2 : true
2025-08-27 18:25:59,981 [INFO] ADCParametersView:116 -                Rank 3 : true
2025-08-27 18:25:59,981 [INFO] ADCParametersView:116 -                Rank 4 : true
2025-08-27 18:25:59,981 [INFO] ADCParametersView:116 -                Rank 1 : true
2025-08-27 18:25:59,981 [INFO] ADCParametersView:116 -                Rank 2 : true
2025-08-27 18:25:59,981 [INFO] ADCParametersView:116 -                Rank 3 : true
2025-08-27 18:25:59,981 [INFO] ADCParametersView:116 -                Rank 4 : true
2025-08-27 18:25:59,981 [INFO] ADCParametersView:116 -                Rank 1 : true
2025-08-27 18:25:59,981 [INFO] ADCParametersView:116 -                Rank 2 : true
2025-08-27 18:25:59,981 [INFO] ADCParametersView:116 -                Rank 3 : true
2025-08-27 18:25:59,981 [INFO] ADCParametersView:116 -                Rank 4 : true
2025-08-27 18:25:59,981 [INFO] ADCParametersView:116 -                Rank 1 : true
2025-08-27 18:25:59,981 [INFO] ADCParametersView:116 -                Rank 2 : true
2025-08-27 18:25:59,981 [INFO] ADCParametersView:116 -                Rank 3 : true
2025-08-27 18:25:59,981 [INFO] ADCParametersView:116 -                Rank 4 : true
2025-08-27 18:25:59,981 [INFO] ADCParametersView:116 -                Rank 1 : true
2025-08-27 18:25:59,981 [INFO] ADCParametersView:116 -                Rank 2 : true
2025-08-27 18:25:59,981 [INFO] ADCParametersView:116 -                Rank 3 : true
2025-08-27 18:25:59,982 [INFO] ADCParametersView:116 -                Rank 4 : true
2025-08-27 18:25:59,982 [INFO] ADCParametersView:116 -                Rank 1 : true
2025-08-27 18:25:59,982 [INFO] ADCParametersView:116 -                Rank 2 : true
2025-08-27 18:25:59,982 [INFO] ADCParametersView:116 -                Rank 3 : true
2025-08-27 18:25:59,982 [INFO] ADCParametersView:116 -                Rank 4 : true
2025-08-27 18:25:59,982 [INFO] ADCParametersView:116 -                Rank 1 : true
2025-08-27 18:25:59,982 [INFO] ADCParametersView:116 -                Rank 2 : true
2025-08-27 18:25:59,982 [INFO] ADCParametersView:116 -                Rank 3 : true
2025-08-27 18:25:59,982 [INFO] ADCParametersView:116 -                Rank 4 : true
2025-08-27 18:25:59,982 [INFO] ADCParametersView:116 -                Rank 1 : true
2025-08-27 18:25:59,982 [INFO] ADCParametersView:116 -                Rank 2 : true
2025-08-27 18:25:59,982 [INFO] ADCParametersView:116 -                Rank 3 : true
2025-08-27 18:25:59,982 [INFO] ADCParametersView:116 -                Rank 4 : true
2025-08-27 18:25:59,982 [INFO] ADCParametersView:116 -                Rank 1 : true
2025-08-27 18:25:59,982 [INFO] ADCParametersView:116 -                Rank 2 : true
2025-08-27 18:25:59,982 [INFO] ADCParametersView:116 -                Rank 3 : true
2025-08-27 18:25:59,982 [INFO] ADCParametersView:116 -                Rank 4 : true
2025-08-27 18:25:59,982 [INFO] ADCParametersView:116 -                Rank 1 : true
2025-08-27 18:25:59,982 [INFO] ADCParametersView:116 -                Rank 2 : true
2025-08-27 18:25:59,982 [INFO] ADCParametersView:116 -                Rank 3 : true
2025-08-27 18:25:59,982 [INFO] ADCParametersView:116 -                Rank 4 : true
2025-08-27 18:25:59,982 [INFO] ADCParametersView:116 -                Rank 1 : true
2025-08-27 18:25:59,982 [INFO] ADCParametersView:116 -                Rank 2 : true
2025-08-27 18:25:59,982 [INFO] ADCParametersView:116 -                Rank 3 : true
2025-08-27 18:25:59,982 [INFO] ADCParametersView:116 -                Rank 4 : true
2025-08-27 18:25:59,982 [INFO] ADCParametersView:116 -                Rank 1 : true
2025-08-27 18:25:59,982 [INFO] ADCParametersView:116 -                Rank 2 : true
2025-08-27 18:25:59,982 [INFO] ADCParametersView:116 -                Rank 3 : true
2025-08-27 18:25:59,982 [INFO] ADCParametersView:116 -                Rank 4 : true
2025-08-27 18:25:59,982 [INFO] ADCParametersView:116 -                Rank 1 : true
2025-08-27 18:25:59,982 [INFO] ADCParametersView:116 -                Rank 2 : true
2025-08-27 18:25:59,982 [INFO] ADCParametersView:116 -                Rank 3 : true
2025-08-27 18:25:59,982 [INFO] ADCParametersView:116 -                Rank 4 : true
2025-08-27 18:25:59,982 [INFO] ADCParametersView:116 -                Rank 1 : true
2025-08-27 18:25:59,982 [INFO] ADCParametersView:116 -                Rank 2 : true
2025-08-27 18:25:59,982 [INFO] ADCParametersView:116 -                Rank 3 : true
2025-08-27 18:25:59,982 [INFO] ADCParametersView:116 -                Rank 4 : true
2025-08-27 18:25:59,982 [INFO] ADCParametersView:116 -                Rank 1 : true
2025-08-27 18:25:59,982 [INFO] ADCParametersView:116 -                Rank 2 : true
2025-08-27 18:25:59,982 [INFO] ADCParametersView:116 -                Rank 3 : true
2025-08-27 18:25:59,982 [INFO] ADCParametersView:116 -                Rank 4 : true
2025-08-27 18:25:59,982 [INFO] ADCParametersView:116 -                Rank 2 : true
2025-08-27 18:25:59,982 [INFO] ADCParametersView:116 -                Rank 3 : true
2025-08-27 18:25:59,982 [INFO] ADCParametersView:116 -                Rank 4 : true
2025-08-27 18:25:59,982 [INFO] ADCParametersView:116 -                Rank 3 : true
2025-08-27 18:25:59,982 [INFO] ADCParametersView:116 -                Rank 4 : true
2025-08-27 18:25:59,982 [INFO] ADCParametersView:116 -                Rank 4 : true
2025-08-27 18:26:00,058 [INFO] ADCParametersView:116 -                Rank 1 : true
2025-08-27 18:26:00,058 [INFO] ADCParametersView:116 -                Rank 1 : true
2025-08-27 18:26:00,058 [INFO] ADCParametersView:116 -                Rank 2 : true
2025-08-27 18:26:00,058 [INFO] ADCParametersView:116 -                Rank 1 : true
2025-08-27 18:26:00,058 [INFO] ADCParametersView:116 -                Rank 2 : true
2025-08-27 18:26:00,059 [INFO] ADCParametersView:116 -                Rank 3 : true
2025-08-27 18:26:00,059 [INFO] ADCParametersView:116 -                Rank 1 : true
2025-08-27 18:26:00,059 [INFO] ADCParametersView:116 -                Rank 2 : true
2025-08-27 18:26:00,059 [INFO] ADCParametersView:116 -                Rank 3 : true
2025-08-27 18:26:00,059 [INFO] ADCParametersView:116 -                Rank 4 : true
2025-08-27 18:26:00,059 [INFO] ADCParametersView:116 -                Rank 1 : true
2025-08-27 18:26:00,059 [INFO] ADCParametersView:116 -                Rank 2 : true
2025-08-27 18:26:00,059 [INFO] ADCParametersView:116 -                Rank 3 : true
2025-08-27 18:26:00,059 [INFO] ADCParametersView:116 -                Rank 4 : true
2025-08-27 18:26:00,060 [INFO] ADCParametersView:116 -                Rank 1 : true
2025-08-27 18:26:00,060 [INFO] ADCParametersView:116 -                Rank 2 : true
2025-08-27 18:26:00,060 [INFO] ADCParametersView:116 -                Rank 3 : true
2025-08-27 18:26:00,060 [INFO] ADCParametersView:116 -                Rank 4 : true
2025-08-27 18:26:00,060 [INFO] ADCParametersView:116 -                Rank 1 : true
2025-08-27 18:26:00,060 [INFO] ADCParametersView:116 -                Rank 2 : true
2025-08-27 18:26:00,060 [INFO] ADCParametersView:116 -                Rank 3 : true
2025-08-27 18:26:00,060 [INFO] ADCParametersView:116 -                Rank 4 : true
2025-08-27 18:26:00,060 [INFO] ADCParametersView:116 -                Rank 1 : true
2025-08-27 18:26:00,060 [INFO] ADCParametersView:116 -                Rank 2 : true
2025-08-27 18:26:00,060 [INFO] ADCParametersView:116 -                Rank 3 : true
2025-08-27 18:26:00,060 [INFO] ADCParametersView:116 -                Rank 4 : true
2025-08-27 18:26:00,060 [INFO] ADCParametersView:116 -                Rank 1 : true
2025-08-27 18:26:00,060 [INFO] ADCParametersView:116 -                Rank 2 : true
2025-08-27 18:26:00,060 [INFO] ADCParametersView:116 -                Rank 3 : true
2025-08-27 18:26:00,060 [INFO] ADCParametersView:116 -                Rank 4 : true
2025-08-27 18:26:00,060 [INFO] ADCParametersView:116 -                Rank 1 : true
2025-08-27 18:26:00,060 [INFO] ADCParametersView:116 -                Rank 2 : true
2025-08-27 18:26:00,060 [INFO] ADCParametersView:116 -                Rank 3 : true
2025-08-27 18:26:00,060 [INFO] ADCParametersView:116 -                Rank 4 : true
2025-08-27 18:26:00,060 [INFO] ADCParametersView:116 -                Rank 1 : true
2025-08-27 18:26:00,060 [INFO] ADCParametersView:116 -                Rank 2 : true
2025-08-27 18:26:00,060 [INFO] ADCParametersView:116 -                Rank 3 : true
2025-08-27 18:26:00,060 [INFO] ADCParametersView:116 -                Rank 4 : true
2025-08-27 18:26:00,060 [INFO] ADCParametersView:116 -                Rank 1 : true
2025-08-27 18:26:00,060 [INFO] ADCParametersView:116 -                Rank 2 : true
2025-08-27 18:26:00,060 [INFO] ADCParametersView:116 -                Rank 3 : true
2025-08-27 18:26:00,060 [INFO] ADCParametersView:116 -                Rank 4 : true
2025-08-27 18:26:00,060 [INFO] ADCParametersView:116 -                Rank 1 : true
2025-08-27 18:26:00,060 [INFO] ADCParametersView:116 -                Rank 2 : true
2025-08-27 18:26:00,060 [INFO] ADCParametersView:116 -                Rank 3 : true
2025-08-27 18:26:00,060 [INFO] ADCParametersView:116 -                Rank 4 : true
2025-08-27 18:26:00,060 [INFO] ADCParametersView:116 -                Rank 1 : true
2025-08-27 18:26:00,060 [INFO] ADCParametersView:116 -                Rank 2 : true
2025-08-27 18:26:00,060 [INFO] ADCParametersView:116 -                Rank 3 : true
2025-08-27 18:26:00,060 [INFO] ADCParametersView:116 -                Rank 4 : true
2025-08-27 18:26:00,060 [INFO] ADCParametersView:116 -                Rank 1 : true
2025-08-27 18:26:00,060 [INFO] ADCParametersView:116 -                Rank 2 : true
2025-08-27 18:26:00,060 [INFO] ADCParametersView:116 -                Rank 3 : true
2025-08-27 18:26:00,060 [INFO] ADCParametersView:116 -                Rank 4 : true
2025-08-27 18:26:00,060 [INFO] ADCParametersView:116 -                Rank 1 : true
2025-08-27 18:26:00,060 [INFO] ADCParametersView:116 -                Rank 2 : true
2025-08-27 18:26:00,060 [INFO] ADCParametersView:116 -                Rank 3 : true
2025-08-27 18:26:00,060 [INFO] ADCParametersView:116 -                Rank 4 : true
2025-08-27 18:26:00,061 [INFO] ADCParametersView:116 -                Rank 1 : true
2025-08-27 18:26:00,061 [INFO] ADCParametersView:116 -                Rank 2 : true
2025-08-27 18:26:00,061 [INFO] ADCParametersView:116 -                Rank 3 : true
2025-08-27 18:26:00,061 [INFO] ADCParametersView:116 -                Rank 4 : true
2025-08-27 18:26:00,061 [INFO] ADCParametersView:116 -                Rank 1 : true
2025-08-27 18:26:00,061 [INFO] ADCParametersView:116 -                Rank 2 : true
2025-08-27 18:26:00,061 [INFO] ADCParametersView:116 -                Rank 3 : true
2025-08-27 18:26:00,061 [INFO] ADCParametersView:116 -                Rank 4 : true
2025-08-27 18:26:00,061 [INFO] ADCParametersView:116 -                Rank 1 : true
2025-08-27 18:26:00,061 [INFO] ADCParametersView:116 -                Rank 2 : true
2025-08-27 18:26:00,061 [INFO] ADCParametersView:116 -                Rank 3 : true
2025-08-27 18:26:00,061 [INFO] ADCParametersView:116 -                Rank 4 : true
2025-08-27 18:26:00,061 [INFO] ADCParametersView:116 -                Rank 1 : true
2025-08-27 18:26:00,061 [INFO] ADCParametersView:116 -                Rank 2 : true
2025-08-27 18:26:00,061 [INFO] ADCParametersView:116 -                Rank 3 : true
2025-08-27 18:26:00,061 [INFO] ADCParametersView:116 -                Rank 4 : true
2025-08-27 18:26:00,061 [INFO] ADCParametersView:116 -                Rank 1 : true
2025-08-27 18:26:00,061 [INFO] ADCParametersView:116 -                Rank 2 : true
2025-08-27 18:26:00,061 [INFO] ADCParametersView:116 -                Rank 3 : true
2025-08-27 18:26:00,061 [INFO] ADCParametersView:116 -                Rank 4 : true
2025-08-27 18:26:00,061 [INFO] ADCParametersView:116 -                Rank 1 : true
2025-08-27 18:26:00,061 [INFO] ADCParametersView:116 -                Rank 2 : true
2025-08-27 18:26:00,061 [INFO] ADCParametersView:116 -                Rank 3 : true
2025-08-27 18:26:00,061 [INFO] ADCParametersView:116 -                Rank 4 : true
2025-08-27 18:26:00,061 [INFO] ADCParametersView:116 -                Rank 1 : true
2025-08-27 18:26:00,061 [INFO] ADCParametersView:116 -                Rank 2 : true
2025-08-27 18:26:00,061 [INFO] ADCParametersView:116 -                Rank 3 : true
2025-08-27 18:26:00,061 [INFO] ADCParametersView:116 -                Rank 4 : true
2025-08-27 18:26:00,061 [INFO] ADCParametersView:116 -                Rank 1 : true
2025-08-27 18:26:00,061 [INFO] ADCParametersView:116 -                Rank 2 : true
2025-08-27 18:26:00,061 [INFO] ADCParametersView:116 -                Rank 3 : true
2025-08-27 18:26:00,061 [INFO] ADCParametersView:116 -                Rank 4 : true
2025-08-27 18:26:00,061 [INFO] ADCParametersView:116 -                Rank 2 : true
2025-08-27 18:26:00,061 [INFO] ADCParametersView:116 -                Rank 3 : true
2025-08-27 18:26:00,061 [INFO] ADCParametersView:116 -                Rank 4 : true
2025-08-27 18:26:00,061 [INFO] ADCParametersView:116 -                Rank 3 : true
2025-08-27 18:26:00,061 [INFO] ADCParametersView:116 -                Rank 4 : true
2025-08-27 18:26:00,061 [INFO] ADCParametersView:116 -                Rank 4 : true
2025-08-27 18:26:00,138 [INFO] ADCParametersView:116 -                Rank 1 : true
2025-08-27 18:26:00,138 [INFO] ADCParametersView:116 -                Rank 1 : true
2025-08-27 18:26:00,138 [INFO] ADCParametersView:116 -                Rank 2 : true
2025-08-27 18:26:00,138 [INFO] ADCParametersView:116 -                Rank 1 : true
2025-08-27 18:26:00,138 [INFO] ADCParametersView:116 -                Rank 2 : true
2025-08-27 18:26:00,139 [INFO] ADCParametersView:116 -                Rank 3 : true
2025-08-27 18:26:00,139 [INFO] ADCParametersView:116 -                Rank 1 : true
2025-08-27 18:26:00,139 [INFO] ADCParametersView:116 -                Rank 2 : true
2025-08-27 18:26:00,139 [INFO] ADCParametersView:116 -                Rank 3 : true
2025-08-27 18:26:00,139 [INFO] ADCParametersView:116 -                Rank 4 : true
2025-08-27 18:26:06,005 [INFO] NvicIntPanel:101 - NVIC parent = com.st.microxplorer.plugins.ip.nvic.MultiNvicIntPanel[,0,0,0x0,invalid,layout=javax.swing.BoxLayout,alignmentX=0.0,alignmentY=0.0,border=,flags=9,maximumSize=,minimumSize=,preferredSize=]
2025-08-27 18:26:06,064 [INFO] ADCParametersView:116 -                Rank 1 : true
2025-08-27 18:26:06,064 [INFO] ADCParametersView:116 -                Rank 2 : true
2025-08-27 18:26:06,064 [INFO] ADCParametersView:116 -                Rank 3 : true
2025-08-27 18:26:06,064 [INFO] ADCParametersView:116 -                Rank 4 : true
2025-08-27 18:26:06,065 [INFO] ADCParametersView:116 -                Rank 1 : true
2025-08-27 18:26:06,065 [INFO] ADCParametersView:116 -                Rank 2 : true
2025-08-27 18:26:06,065 [INFO] ADCParametersView:116 -                Rank 3 : true
2025-08-27 18:26:06,065 [INFO] ADCParametersView:116 -                Rank 4 : true
2025-08-27 18:26:06,065 [INFO] ADCParametersView:116 -                Rank 1 : true
2025-08-27 18:26:06,065 [INFO] ADCParametersView:116 -                Rank 2 : true
2025-08-27 18:26:06,065 [INFO] ADCParametersView:116 -                Rank 3 : true
2025-08-27 18:26:06,065 [INFO] ADCParametersView:116 -                Rank 4 : true
2025-08-27 18:26:06,066 [INFO] ADCParametersView:116 -                Rank 1 : true
2025-08-27 18:26:06,066 [INFO] ADCParametersView:116 -                Rank 2 : true
2025-08-27 18:26:06,066 [INFO] ADCParametersView:116 -                Rank 3 : true
2025-08-27 18:26:06,066 [INFO] ADCParametersView:116 -                Rank 4 : true
2025-08-27 18:26:06,066 [INFO] ADCParametersView:116 -                Rank 1 : true
2025-08-27 18:26:06,066 [INFO] ADCParametersView:116 -                Rank 2 : true
2025-08-27 18:26:06,066 [INFO] ADCParametersView:116 -                Rank 3 : true
2025-08-27 18:26:06,066 [INFO] ADCParametersView:116 -                Rank 4 : true
2025-08-27 18:26:06,066 [INFO] ADCParametersView:116 -                Rank 1 : true
2025-08-27 18:26:06,066 [INFO] ADCParametersView:116 -                Rank 2 : true
2025-08-27 18:26:06,066 [INFO] ADCParametersView:116 -                Rank 3 : true
2025-08-27 18:26:06,066 [INFO] ADCParametersView:116 -                Rank 4 : true
2025-08-27 18:26:06,066 [INFO] ADCParametersView:116 -                Rank 1 : true
2025-08-27 18:26:06,066 [INFO] ADCParametersView:116 -                Rank 2 : true
2025-08-27 18:26:06,066 [INFO] ADCParametersView:116 -                Rank 3 : true
2025-08-27 18:26:06,066 [INFO] ADCParametersView:116 -                Rank 4 : true
2025-08-27 18:26:06,066 [INFO] ADCParametersView:116 -                Rank 1 : true
2025-08-27 18:26:06,066 [INFO] ADCParametersView:116 -                Rank 2 : true
2025-08-27 18:26:06,066 [INFO] ADCParametersView:116 -                Rank 3 : true
2025-08-27 18:26:06,066 [INFO] ADCParametersView:116 -                Rank 4 : true
2025-08-27 18:26:06,066 [INFO] ADCParametersView:116 -                Rank 1 : true
2025-08-27 18:26:06,066 [INFO] ADCParametersView:116 -                Rank 2 : true
2025-08-27 18:26:06,066 [INFO] ADCParametersView:116 -                Rank 3 : true
2025-08-27 18:26:06,066 [INFO] ADCParametersView:116 -                Rank 4 : true
2025-08-27 18:26:06,066 [INFO] ADCParametersView:116 -                Rank 1 : true
2025-08-27 18:26:06,066 [INFO] ADCParametersView:116 -                Rank 2 : true
2025-08-27 18:26:06,066 [INFO] ADCParametersView:116 -                Rank 3 : true
2025-08-27 18:26:06,066 [INFO] ADCParametersView:116 -                Rank 4 : true
2025-08-27 18:26:06,066 [INFO] ADCParametersView:116 -                Rank 1 : true
2025-08-27 18:26:06,066 [INFO] ADCParametersView:116 -                Rank 2 : true
2025-08-27 18:26:06,066 [INFO] ADCParametersView:116 -                Rank 3 : true
2025-08-27 18:26:06,066 [INFO] ADCParametersView:116 -                Rank 4 : true
2025-08-27 18:26:06,066 [INFO] ADCParametersView:116 -                Rank 1 : true
2025-08-27 18:26:06,066 [INFO] ADCParametersView:116 -                Rank 2 : true
2025-08-27 18:26:06,066 [INFO] ADCParametersView:116 -                Rank 3 : true
2025-08-27 18:26:06,066 [INFO] ADCParametersView:116 -                Rank 4 : true
2025-08-27 18:26:06,066 [INFO] ADCParametersView:116 -                Rank 1 : true
2025-08-27 18:26:06,066 [INFO] ADCParametersView:116 -                Rank 2 : true
2025-08-27 18:26:06,066 [INFO] ADCParametersView:116 -                Rank 3 : true
2025-08-27 18:26:06,066 [INFO] ADCParametersView:116 -                Rank 4 : true
2025-08-27 18:26:06,066 [INFO] ADCParametersView:116 -                Rank 1 : true
2025-08-27 18:26:06,066 [INFO] ADCParametersView:116 -                Rank 2 : true
2025-08-27 18:26:06,066 [INFO] ADCParametersView:116 -                Rank 3 : true
2025-08-27 18:26:06,066 [INFO] ADCParametersView:116 -                Rank 4 : true
2025-08-27 18:26:06,066 [INFO] ADCParametersView:116 -                Rank 1 : true
2025-08-27 18:26:06,066 [INFO] ADCParametersView:116 -                Rank 2 : true
2025-08-27 18:26:06,066 [INFO] ADCParametersView:116 -                Rank 3 : true
2025-08-27 18:26:06,066 [INFO] ADCParametersView:116 -                Rank 4 : true
2025-08-27 18:26:06,066 [INFO] ADCParametersView:116 -                Rank 1 : true
2025-08-27 18:26:06,066 [INFO] ADCParametersView:116 -                Rank 2 : true
2025-08-27 18:26:06,066 [INFO] ADCParametersView:116 -                Rank 3 : true
2025-08-27 18:26:06,067 [INFO] ADCParametersView:116 -                Rank 4 : true
2025-08-27 18:26:06,067 [INFO] ADCParametersView:116 -                Rank 1 : true
2025-08-27 18:26:06,067 [INFO] ADCParametersView:116 -                Rank 2 : true
2025-08-27 18:26:06,067 [INFO] ADCParametersView:116 -                Rank 3 : true
2025-08-27 18:26:06,067 [INFO] ADCParametersView:116 -                Rank 4 : true
2025-08-27 18:26:06,067 [INFO] ADCParametersView:116 -                Rank 1 : true
2025-08-27 18:26:06,067 [INFO] ADCParametersView:116 -                Rank 2 : true
2025-08-27 18:26:06,067 [INFO] ADCParametersView:116 -                Rank 3 : true
2025-08-27 18:26:06,067 [INFO] ADCParametersView:116 -                Rank 4 : true
2025-08-27 18:26:06,067 [INFO] ADCParametersView:116 -                Rank 1 : true
2025-08-27 18:26:06,067 [INFO] ADCParametersView:116 -                Rank 2 : true
2025-08-27 18:26:06,067 [INFO] ADCParametersView:116 -                Rank 3 : true
2025-08-27 18:26:06,067 [INFO] ADCParametersView:116 -                Rank 4 : true
2025-08-27 18:26:06,067 [INFO] ADCParametersView:116 -                Rank 1 : true
2025-08-27 18:26:06,067 [INFO] ADCParametersView:116 -                Rank 2 : true
2025-08-27 18:26:06,067 [INFO] ADCParametersView:116 -                Rank 3 : true
2025-08-27 18:26:06,067 [INFO] ADCParametersView:116 -                Rank 4 : true
2025-08-27 18:26:06,067 [INFO] ADCParametersView:116 -                Rank 2 : true
2025-08-27 18:26:06,067 [INFO] ADCParametersView:116 -                Rank 3 : true
2025-08-27 18:26:06,067 [INFO] ADCParametersView:116 -                Rank 4 : true
2025-08-27 18:26:06,067 [INFO] ADCParametersView:116 -                Rank 3 : true
2025-08-27 18:26:06,067 [INFO] ADCParametersView:116 -                Rank 4 : true
2025-08-27 18:26:06,067 [INFO] ADCParametersView:116 -                Rank 4 : true
2025-08-27 18:26:06,143 [INFO] ADCParametersView:116 -                Rank 1 : true
2025-08-27 18:26:06,143 [INFO] ADCParametersView:116 -                Rank 1 : true
2025-08-27 18:26:06,144 [INFO] ADCParametersView:116 -                Rank 2 : true
2025-08-27 18:26:06,144 [INFO] ADCParametersView:116 -                Rank 1 : true
2025-08-27 18:26:06,144 [INFO] ADCParametersView:116 -                Rank 2 : true
2025-08-27 18:26:06,144 [INFO] ADCParametersView:116 -                Rank 3 : true
2025-08-27 18:26:06,144 [INFO] ADCParametersView:116 -                Rank 1 : true
2025-08-27 18:26:06,144 [INFO] ADCParametersView:116 -                Rank 2 : true
2025-08-27 18:26:06,144 [INFO] ADCParametersView:116 -                Rank 3 : true
2025-08-27 18:26:06,144 [INFO] ADCParametersView:116 -                Rank 4 : true
2025-08-27 18:26:30,578 [INFO] I2cTimingTraitement:330 - 0x109090D9
2025-08-27 18:26:30,904 [INFO] ADCParametersView:116 -                Rank 1 : true
2025-08-27 18:26:30,904 [INFO] ADCParametersView:116 -                Rank 2 : true
2025-08-27 18:26:30,904 [INFO] ADCParametersView:116 -                Rank 3 : true
2025-08-27 18:26:30,904 [INFO] ADCParametersView:116 -                Rank 4 : true
2025-08-27 18:26:30,905 [INFO] ADCParametersView:116 -                Rank 1 : true
2025-08-27 18:26:30,905 [INFO] ADCParametersView:116 -                Rank 2 : true
2025-08-27 18:26:30,905 [INFO] ADCParametersView:116 -                Rank 3 : true
2025-08-27 18:26:30,905 [INFO] ADCParametersView:116 -                Rank 4 : true
2025-08-27 18:26:30,905 [INFO] ADCParametersView:116 -                Rank 1 : true
2025-08-27 18:26:30,906 [INFO] ADCParametersView:116 -                Rank 2 : true
2025-08-27 18:26:30,906 [INFO] ADCParametersView:116 -                Rank 3 : true
2025-08-27 18:26:30,906 [INFO] ADCParametersView:116 -                Rank 4 : true
2025-08-27 18:26:30,906 [INFO] ADCParametersView:116 -                Rank 1 : true
2025-08-27 18:26:30,906 [INFO] ADCParametersView:116 -                Rank 2 : true
2025-08-27 18:26:30,906 [INFO] ADCParametersView:116 -                Rank 3 : true
2025-08-27 18:26:30,906 [INFO] ADCParametersView:116 -                Rank 4 : true
2025-08-27 18:26:30,906 [INFO] ADCParametersView:116 -                Rank 1 : true
2025-08-27 18:26:30,906 [INFO] ADCParametersView:116 -                Rank 2 : true
2025-08-27 18:26:30,906 [INFO] ADCParametersView:116 -                Rank 3 : true
2025-08-27 18:26:30,906 [INFO] ADCParametersView:116 -                Rank 4 : true
2025-08-27 18:26:30,906 [INFO] ADCParametersView:116 -                Rank 1 : true
2025-08-27 18:26:30,906 [INFO] ADCParametersView:116 -                Rank 2 : true
2025-08-27 18:26:30,906 [INFO] ADCParametersView:116 -                Rank 3 : true
2025-08-27 18:26:30,906 [INFO] ADCParametersView:116 -                Rank 4 : true
2025-08-27 18:26:30,906 [INFO] ADCParametersView:116 -                Rank 1 : true
2025-08-27 18:26:30,906 [INFO] ADCParametersView:116 -                Rank 2 : true
2025-08-27 18:26:30,906 [INFO] ADCParametersView:116 -                Rank 3 : true
2025-08-27 18:26:30,906 [INFO] ADCParametersView:116 -                Rank 4 : true
2025-08-27 18:26:30,906 [INFO] ADCParametersView:116 -                Rank 1 : true
2025-08-27 18:26:30,906 [INFO] ADCParametersView:116 -                Rank 2 : true
2025-08-27 18:26:30,906 [INFO] ADCParametersView:116 -                Rank 3 : true
2025-08-27 18:26:30,906 [INFO] ADCParametersView:116 -                Rank 4 : true
2025-08-27 18:26:30,906 [INFO] ADCParametersView:116 -                Rank 1 : true
2025-08-27 18:26:30,906 [INFO] ADCParametersView:116 -                Rank 2 : true
2025-08-27 18:26:30,906 [INFO] ADCParametersView:116 -                Rank 3 : true
2025-08-27 18:26:30,906 [INFO] ADCParametersView:116 -                Rank 4 : true
2025-08-27 18:26:30,906 [INFO] ADCParametersView:116 -                Rank 1 : true
2025-08-27 18:26:30,906 [INFO] ADCParametersView:116 -                Rank 2 : true
2025-08-27 18:26:30,906 [INFO] ADCParametersView:116 -                Rank 3 : true
2025-08-27 18:26:30,906 [INFO] ADCParametersView:116 -                Rank 4 : true
2025-08-27 18:26:30,906 [INFO] ADCParametersView:116 -                Rank 1 : true
2025-08-27 18:26:30,906 [INFO] ADCParametersView:116 -                Rank 2 : true
2025-08-27 18:26:30,906 [INFO] ADCParametersView:116 -                Rank 3 : true
2025-08-27 18:26:30,906 [INFO] ADCParametersView:116 -                Rank 4 : true
2025-08-27 18:26:30,906 [INFO] ADCParametersView:116 -                Rank 1 : true
2025-08-27 18:26:30,906 [INFO] ADCParametersView:116 -                Rank 2 : true
2025-08-27 18:26:30,906 [INFO] ADCParametersView:116 -                Rank 3 : true
2025-08-27 18:26:30,906 [INFO] ADCParametersView:116 -                Rank 4 : true
2025-08-27 18:26:30,907 [INFO] ADCParametersView:116 -                Rank 1 : true
2025-08-27 18:26:30,907 [INFO] ADCParametersView:116 -                Rank 2 : true
2025-08-27 18:26:30,907 [INFO] ADCParametersView:116 -                Rank 3 : true
2025-08-27 18:26:30,907 [INFO] ADCParametersView:116 -                Rank 4 : true
2025-08-27 18:26:30,907 [INFO] ADCParametersView:116 -                Rank 1 : true
2025-08-27 18:26:30,907 [INFO] ADCParametersView:116 -                Rank 2 : true
2025-08-27 18:26:30,907 [INFO] ADCParametersView:116 -                Rank 3 : true
2025-08-27 18:26:30,907 [INFO] ADCParametersView:116 -                Rank 4 : true
2025-08-27 18:26:30,907 [INFO] ADCParametersView:116 -                Rank 1 : true
2025-08-27 18:26:30,907 [INFO] ADCParametersView:116 -                Rank 2 : true
2025-08-27 18:26:30,907 [INFO] ADCParametersView:116 -                Rank 3 : true
2025-08-27 18:26:30,907 [INFO] ADCParametersView:116 -                Rank 4 : true
2025-08-27 18:26:30,907 [INFO] ADCParametersView:116 -                Rank 1 : true
2025-08-27 18:26:30,907 [INFO] ADCParametersView:116 -                Rank 2 : true
2025-08-27 18:26:30,907 [INFO] ADCParametersView:116 -                Rank 3 : true
2025-08-27 18:26:30,907 [INFO] ADCParametersView:116 -                Rank 4 : true
2025-08-27 18:26:30,907 [INFO] ADCParametersView:116 -                Rank 1 : true
2025-08-27 18:26:30,907 [INFO] ADCParametersView:116 -                Rank 2 : true
2025-08-27 18:26:30,907 [INFO] ADCParametersView:116 -                Rank 3 : true
2025-08-27 18:26:30,907 [INFO] ADCParametersView:116 -                Rank 4 : true
2025-08-27 18:26:30,907 [INFO] ADCParametersView:116 -                Rank 1 : true
2025-08-27 18:26:30,907 [INFO] ADCParametersView:116 -                Rank 2 : true
2025-08-27 18:26:30,907 [INFO] ADCParametersView:116 -                Rank 3 : true
2025-08-27 18:26:30,907 [INFO] ADCParametersView:116 -                Rank 4 : true
2025-08-27 18:26:30,907 [INFO] ADCParametersView:116 -                Rank 1 : true
2025-08-27 18:26:30,907 [INFO] ADCParametersView:116 -                Rank 2 : true
2025-08-27 18:26:30,907 [INFO] ADCParametersView:116 -                Rank 3 : true
2025-08-27 18:26:30,907 [INFO] ADCParametersView:116 -                Rank 4 : true
2025-08-27 18:26:30,907 [INFO] ADCParametersView:116 -                Rank 1 : true
2025-08-27 18:26:30,907 [INFO] ADCParametersView:116 -                Rank 2 : true
2025-08-27 18:26:30,907 [INFO] ADCParametersView:116 -                Rank 3 : true
2025-08-27 18:26:30,907 [INFO] ADCParametersView:116 -                Rank 4 : true
2025-08-27 18:26:30,907 [INFO] ADCParametersView:116 -                Rank 2 : true
2025-08-27 18:26:30,907 [INFO] ADCParametersView:116 -                Rank 3 : true
2025-08-27 18:26:30,907 [INFO] ADCParametersView:116 -                Rank 4 : true
2025-08-27 18:26:30,907 [INFO] ADCParametersView:116 -                Rank 3 : true
2025-08-27 18:26:30,907 [INFO] ADCParametersView:116 -                Rank 4 : true
2025-08-27 18:26:30,907 [INFO] ADCParametersView:116 -                Rank 4 : true
2025-08-27 18:26:31,001 [INFO] ADCParametersView:116 -                Rank 1 : true
2025-08-27 18:26:31,001 [INFO] ADCParametersView:116 -                Rank 1 : true
2025-08-27 18:26:31,001 [INFO] ADCParametersView:116 -                Rank 2 : true
2025-08-27 18:26:31,001 [INFO] ADCParametersView:116 -                Rank 1 : true
2025-08-27 18:26:31,001 [INFO] ADCParametersView:116 -                Rank 2 : true
2025-08-27 18:26:31,001 [INFO] ADCParametersView:116 -                Rank 3 : true
2025-08-27 18:26:31,001 [INFO] ADCParametersView:116 -                Rank 1 : true
2025-08-27 18:26:31,001 [INFO] ADCParametersView:116 -                Rank 2 : true
2025-08-27 18:26:31,001 [INFO] ADCParametersView:116 -                Rank 3 : true
2025-08-27 18:26:31,001 [INFO] ADCParametersView:116 -                Rank 4 : true
2025-08-27 18:26:31,104 [INFO] ADCParametersView:116 -                Rank 1 : true
2025-08-27 18:26:31,104 [INFO] ADCParametersView:116 -                Rank 2 : true
2025-08-27 18:26:31,104 [INFO] ADCParametersView:116 -                Rank 3 : true
2025-08-27 18:26:31,104 [INFO] ADCParametersView:116 -                Rank 4 : true
2025-08-27 18:26:31,105 [INFO] ADCParametersView:116 -                Rank 1 : true
2025-08-27 18:26:31,105 [INFO] ADCParametersView:116 -                Rank 2 : true
2025-08-27 18:26:31,105 [INFO] ADCParametersView:116 -                Rank 3 : true
2025-08-27 18:26:31,105 [INFO] ADCParametersView:116 -                Rank 4 : true
2025-08-27 18:26:31,105 [INFO] ADCParametersView:116 -                Rank 1 : true
2025-08-27 18:26:31,105 [INFO] ADCParametersView:116 -                Rank 2 : true
2025-08-27 18:26:31,105 [INFO] ADCParametersView:116 -                Rank 3 : true
2025-08-27 18:26:31,105 [INFO] ADCParametersView:116 -                Rank 4 : true
2025-08-27 18:26:31,105 [INFO] ADCParametersView:116 -                Rank 1 : true
2025-08-27 18:26:31,105 [INFO] ADCParametersView:116 -                Rank 2 : true
2025-08-27 18:26:31,105 [INFO] ADCParametersView:116 -                Rank 3 : true
2025-08-27 18:26:31,105 [INFO] ADCParametersView:116 -                Rank 4 : true
2025-08-27 18:26:31,105 [INFO] ADCParametersView:116 -                Rank 1 : true
2025-08-27 18:26:31,105 [INFO] ADCParametersView:116 -                Rank 2 : true
2025-08-27 18:26:31,105 [INFO] ADCParametersView:116 -                Rank 3 : true
2025-08-27 18:26:31,105 [INFO] ADCParametersView:116 -                Rank 4 : true
2025-08-27 18:26:31,105 [INFO] ADCParametersView:116 -                Rank 1 : true
2025-08-27 18:26:31,105 [INFO] ADCParametersView:116 -                Rank 2 : true
2025-08-27 18:26:31,105 [INFO] ADCParametersView:116 -                Rank 3 : true
2025-08-27 18:26:31,105 [INFO] ADCParametersView:116 -                Rank 4 : true
2025-08-27 18:26:31,106 [INFO] ADCParametersView:116 -                Rank 1 : true
2025-08-27 18:26:31,106 [INFO] ADCParametersView:116 -                Rank 2 : true
2025-08-27 18:26:31,106 [INFO] ADCParametersView:116 -                Rank 3 : true
2025-08-27 18:26:31,106 [INFO] ADCParametersView:116 -                Rank 4 : true
2025-08-27 18:26:31,106 [INFO] ADCParametersView:116 -                Rank 1 : true
2025-08-27 18:26:31,106 [INFO] ADCParametersView:116 -                Rank 2 : true
2025-08-27 18:26:31,106 [INFO] ADCParametersView:116 -                Rank 3 : true
2025-08-27 18:26:31,106 [INFO] ADCParametersView:116 -                Rank 4 : true
2025-08-27 18:26:31,106 [INFO] ADCParametersView:116 -                Rank 1 : true
2025-08-27 18:26:31,106 [INFO] ADCParametersView:116 -                Rank 2 : true
2025-08-27 18:26:31,106 [INFO] ADCParametersView:116 -                Rank 3 : true
2025-08-27 18:26:31,106 [INFO] ADCParametersView:116 -                Rank 4 : true
2025-08-27 18:26:31,106 [INFO] ADCParametersView:116 -                Rank 1 : true
2025-08-27 18:26:31,106 [INFO] ADCParametersView:116 -                Rank 2 : true
2025-08-27 18:26:31,106 [INFO] ADCParametersView:116 -                Rank 3 : true
2025-08-27 18:26:31,106 [INFO] ADCParametersView:116 -                Rank 4 : true
2025-08-27 18:26:31,106 [INFO] ADCParametersView:116 -                Rank 1 : true
2025-08-27 18:26:31,106 [INFO] ADCParametersView:116 -                Rank 2 : true
2025-08-27 18:26:31,106 [INFO] ADCParametersView:116 -                Rank 3 : true
2025-08-27 18:26:31,106 [INFO] ADCParametersView:116 -                Rank 4 : true
2025-08-27 18:26:31,106 [INFO] ADCParametersView:116 -                Rank 1 : true
2025-08-27 18:26:31,106 [INFO] ADCParametersView:116 -                Rank 2 : true
2025-08-27 18:26:31,106 [INFO] ADCParametersView:116 -                Rank 3 : true
2025-08-27 18:26:31,106 [INFO] ADCParametersView:116 -                Rank 4 : true
2025-08-27 18:26:31,106 [INFO] ADCParametersView:116 -                Rank 1 : true
2025-08-27 18:26:31,106 [INFO] ADCParametersView:116 -                Rank 2 : true
2025-08-27 18:26:31,106 [INFO] ADCParametersView:116 -                Rank 3 : true
2025-08-27 18:26:31,106 [INFO] ADCParametersView:116 -                Rank 4 : true
2025-08-27 18:26:31,106 [INFO] ADCParametersView:116 -                Rank 1 : true
2025-08-27 18:26:31,106 [INFO] ADCParametersView:116 -                Rank 2 : true
2025-08-27 18:26:31,106 [INFO] ADCParametersView:116 -                Rank 3 : true
2025-08-27 18:26:31,106 [INFO] ADCParametersView:116 -                Rank 4 : true
2025-08-27 18:26:31,106 [INFO] ADCParametersView:116 -                Rank 1 : true
2025-08-27 18:26:31,106 [INFO] ADCParametersView:116 -                Rank 2 : true
2025-08-27 18:26:31,106 [INFO] ADCParametersView:116 -                Rank 3 : true
2025-08-27 18:26:31,106 [INFO] ADCParametersView:116 -                Rank 4 : true
2025-08-27 18:26:31,106 [INFO] ADCParametersView:116 -                Rank 1 : true
2025-08-27 18:26:31,106 [INFO] ADCParametersView:116 -                Rank 2 : true
2025-08-27 18:26:31,106 [INFO] ADCParametersView:116 -                Rank 3 : true
2025-08-27 18:26:31,106 [INFO] ADCParametersView:116 -                Rank 4 : true
2025-08-27 18:26:31,106 [INFO] ADCParametersView:116 -                Rank 1 : true
2025-08-27 18:26:31,106 [INFO] ADCParametersView:116 -                Rank 2 : true
2025-08-27 18:26:31,106 [INFO] ADCParametersView:116 -                Rank 3 : true
2025-08-27 18:26:31,106 [INFO] ADCParametersView:116 -                Rank 4 : true
2025-08-27 18:26:31,106 [INFO] ADCParametersView:116 -                Rank 1 : true
2025-08-27 18:26:31,106 [INFO] ADCParametersView:116 -                Rank 2 : true
2025-08-27 18:26:31,106 [INFO] ADCParametersView:116 -                Rank 3 : true
2025-08-27 18:26:31,106 [INFO] ADCParametersView:116 -                Rank 4 : true
2025-08-27 18:26:31,106 [INFO] ADCParametersView:116 -                Rank 1 : true
2025-08-27 18:26:31,106 [INFO] ADCParametersView:116 -                Rank 2 : true
2025-08-27 18:26:31,106 [INFO] ADCParametersView:116 -                Rank 3 : true
2025-08-27 18:26:31,107 [INFO] ADCParametersView:116 -                Rank 4 : true
2025-08-27 18:26:31,107 [INFO] ADCParametersView:116 -                Rank 1 : true
2025-08-27 18:26:31,107 [INFO] ADCParametersView:116 -                Rank 2 : true
2025-08-27 18:26:31,107 [INFO] ADCParametersView:116 -                Rank 3 : true
2025-08-27 18:26:31,107 [INFO] ADCParametersView:116 -                Rank 4 : true
2025-08-27 18:26:31,107 [INFO] ADCParametersView:116 -                Rank 2 : true
2025-08-27 18:26:31,107 [INFO] ADCParametersView:116 -                Rank 3 : true
2025-08-27 18:26:31,107 [INFO] ADCParametersView:116 -                Rank 4 : true
2025-08-27 18:26:31,107 [INFO] ADCParametersView:116 -                Rank 3 : true
2025-08-27 18:26:31,107 [INFO] ADCParametersView:116 -                Rank 4 : true
2025-08-27 18:26:31,107 [INFO] ADCParametersView:116 -                Rank 4 : true
2025-08-27 18:26:31,189 [INFO] ADCParametersView:116 -                Rank 1 : true
2025-08-27 18:26:31,189 [INFO] ADCParametersView:116 -                Rank 1 : true
2025-08-27 18:26:31,189 [INFO] ADCParametersView:116 -                Rank 2 : true
2025-08-27 18:26:31,189 [INFO] ADCParametersView:116 -                Rank 1 : true
2025-08-27 18:26:31,189 [INFO] ADCParametersView:116 -                Rank 2 : true
2025-08-27 18:26:31,189 [INFO] ADCParametersView:116 -                Rank 3 : true
2025-08-27 18:26:31,189 [INFO] ADCParametersView:116 -                Rank 1 : true
2025-08-27 18:26:31,189 [INFO] ADCParametersView:116 -                Rank 2 : true
2025-08-27 18:26:31,189 [INFO] ADCParametersView:116 -                Rank 3 : true
2025-08-27 18:26:31,189 [INFO] ADCParametersView:116 -                Rank 4 : true
2025-08-27 18:26:31,504 [INFO] ADCParametersView:116 -                Rank 1 : true
2025-08-27 18:26:31,504 [INFO] ADCParametersView:116 -                Rank 2 : true
2025-08-27 18:26:31,504 [INFO] ADCParametersView:116 -                Rank 3 : true
2025-08-27 18:26:31,504 [INFO] ADCParametersView:116 -                Rank 4 : true
2025-08-27 18:26:31,505 [INFO] ADCParametersView:116 -                Rank 1 : true
2025-08-27 18:26:31,505 [INFO] ADCParametersView:116 -                Rank 2 : true
2025-08-27 18:26:31,505 [INFO] ADCParametersView:116 -                Rank 3 : true
2025-08-27 18:26:31,505 [INFO] ADCParametersView:116 -                Rank 4 : true
2025-08-27 18:26:31,505 [INFO] ADCParametersView:116 -                Rank 1 : true
2025-08-27 18:26:31,505 [INFO] ADCParametersView:116 -                Rank 2 : true
2025-08-27 18:26:31,505 [INFO] ADCParametersView:116 -                Rank 3 : true
2025-08-27 18:26:31,505 [INFO] ADCParametersView:116 -                Rank 4 : true
2025-08-27 18:26:31,505 [INFO] ADCParametersView:116 -                Rank 1 : true
2025-08-27 18:26:31,505 [INFO] ADCParametersView:116 -                Rank 2 : true
2025-08-27 18:26:31,505 [INFO] ADCParametersView:116 -                Rank 3 : true
2025-08-27 18:26:31,505 [INFO] ADCParametersView:116 -                Rank 4 : true
2025-08-27 18:26:31,505 [INFO] ADCParametersView:116 -                Rank 1 : true
2025-08-27 18:26:31,505 [INFO] ADCParametersView:116 -                Rank 2 : true
2025-08-27 18:26:31,505 [INFO] ADCParametersView:116 -                Rank 3 : true
2025-08-27 18:26:31,505 [INFO] ADCParametersView:116 -                Rank 4 : true
2025-08-27 18:26:31,505 [INFO] ADCParametersView:116 -                Rank 1 : true
2025-08-27 18:26:31,505 [INFO] ADCParametersView:116 -                Rank 2 : true
2025-08-27 18:26:31,505 [INFO] ADCParametersView:116 -                Rank 3 : true
2025-08-27 18:26:31,505 [INFO] ADCParametersView:116 -                Rank 4 : true
2025-08-27 18:26:31,505 [INFO] ADCParametersView:116 -                Rank 1 : true
2025-08-27 18:26:31,505 [INFO] ADCParametersView:116 -                Rank 2 : true
2025-08-27 18:26:31,505 [INFO] ADCParametersView:116 -                Rank 3 : true
2025-08-27 18:26:31,505 [INFO] ADCParametersView:116 -                Rank 4 : true
2025-08-27 18:26:31,505 [INFO] ADCParametersView:116 -                Rank 1 : true
2025-08-27 18:26:31,505 [INFO] ADCParametersView:116 -                Rank 2 : true
2025-08-27 18:26:31,505 [INFO] ADCParametersView:116 -                Rank 3 : true
2025-08-27 18:26:31,505 [INFO] ADCParametersView:116 -                Rank 4 : true
2025-08-27 18:26:31,505 [INFO] ADCParametersView:116 -                Rank 1 : true
2025-08-27 18:26:31,505 [INFO] ADCParametersView:116 -                Rank 2 : true
2025-08-27 18:26:31,505 [INFO] ADCParametersView:116 -                Rank 3 : true
2025-08-27 18:26:31,505 [INFO] ADCParametersView:116 -                Rank 4 : true
2025-08-27 18:26:31,506 [INFO] ADCParametersView:116 -                Rank 1 : true
2025-08-27 18:26:31,506 [INFO] ADCParametersView:116 -                Rank 2 : true
2025-08-27 18:26:31,506 [INFO] ADCParametersView:116 -                Rank 3 : true
2025-08-27 18:26:31,506 [INFO] ADCParametersView:116 -                Rank 4 : true
2025-08-27 18:26:31,506 [INFO] ADCParametersView:116 -                Rank 1 : true
2025-08-27 18:26:31,506 [INFO] ADCParametersView:116 -                Rank 2 : true
2025-08-27 18:26:31,506 [INFO] ADCParametersView:116 -                Rank 3 : true
2025-08-27 18:26:31,506 [INFO] ADCParametersView:116 -                Rank 4 : true
2025-08-27 18:26:31,506 [INFO] ADCParametersView:116 -                Rank 1 : true
2025-08-27 18:26:31,506 [INFO] ADCParametersView:116 -                Rank 2 : true
2025-08-27 18:26:31,506 [INFO] ADCParametersView:116 -                Rank 3 : true
2025-08-27 18:26:31,506 [INFO] ADCParametersView:116 -                Rank 4 : true
2025-08-27 18:26:31,506 [INFO] ADCParametersView:116 -                Rank 1 : true
2025-08-27 18:26:31,506 [INFO] ADCParametersView:116 -                Rank 2 : true
2025-08-27 18:26:31,506 [INFO] ADCParametersView:116 -                Rank 3 : true
2025-08-27 18:26:31,506 [INFO] ADCParametersView:116 -                Rank 4 : true
2025-08-27 18:26:31,506 [INFO] ADCParametersView:116 -                Rank 1 : true
2025-08-27 18:26:31,506 [INFO] ADCParametersView:116 -                Rank 2 : true
2025-08-27 18:26:31,506 [INFO] ADCParametersView:116 -                Rank 3 : true
2025-08-27 18:26:31,506 [INFO] ADCParametersView:116 -                Rank 4 : true
2025-08-27 18:26:31,506 [INFO] ADCParametersView:116 -                Rank 1 : true
2025-08-27 18:26:31,506 [INFO] ADCParametersView:116 -                Rank 2 : true
2025-08-27 18:26:31,506 [INFO] ADCParametersView:116 -                Rank 3 : true
2025-08-27 18:26:31,506 [INFO] ADCParametersView:116 -                Rank 4 : true
2025-08-27 18:26:31,506 [INFO] ADCParametersView:116 -                Rank 1 : true
2025-08-27 18:26:31,506 [INFO] ADCParametersView:116 -                Rank 2 : true
2025-08-27 18:26:31,506 [INFO] ADCParametersView:116 -                Rank 3 : true
2025-08-27 18:26:31,506 [INFO] ADCParametersView:116 -                Rank 4 : true
2025-08-27 18:26:31,506 [INFO] ADCParametersView:116 -                Rank 1 : true
2025-08-27 18:26:31,506 [INFO] ADCParametersView:116 -                Rank 2 : true
2025-08-27 18:26:31,506 [INFO] ADCParametersView:116 -                Rank 3 : true
2025-08-27 18:26:31,506 [INFO] ADCParametersView:116 -                Rank 4 : true
2025-08-27 18:26:31,506 [INFO] ADCParametersView:116 -                Rank 1 : true
2025-08-27 18:26:31,506 [INFO] ADCParametersView:116 -                Rank 2 : true
2025-08-27 18:26:31,506 [INFO] ADCParametersView:116 -                Rank 3 : true
2025-08-27 18:26:31,506 [INFO] ADCParametersView:116 -                Rank 4 : true
2025-08-27 18:26:31,506 [INFO] ADCParametersView:116 -                Rank 1 : true
2025-08-27 18:26:31,506 [INFO] ADCParametersView:116 -                Rank 2 : true
2025-08-27 18:26:31,506 [INFO] ADCParametersView:116 -                Rank 3 : true
2025-08-27 18:26:31,506 [INFO] ADCParametersView:116 -                Rank 4 : true
2025-08-27 18:26:31,506 [INFO] ADCParametersView:116 -                Rank 1 : true
2025-08-27 18:26:31,506 [INFO] ADCParametersView:116 -                Rank 2 : true
2025-08-27 18:26:31,506 [INFO] ADCParametersView:116 -                Rank 3 : true
2025-08-27 18:26:31,506 [INFO] ADCParametersView:116 -                Rank 4 : true
2025-08-27 18:26:31,506 [INFO] ADCParametersView:116 -                Rank 2 : true
2025-08-27 18:26:31,506 [INFO] ADCParametersView:116 -                Rank 3 : true
2025-08-27 18:26:31,506 [INFO] ADCParametersView:116 -                Rank 4 : true
2025-08-27 18:26:31,506 [INFO] ADCParametersView:116 -                Rank 3 : true
2025-08-27 18:26:31,507 [INFO] ADCParametersView:116 -                Rank 4 : true
2025-08-27 18:26:31,507 [INFO] ADCParametersView:116 -                Rank 4 : true
2025-08-27 18:26:31,592 [INFO] ADCParametersView:116 -                Rank 1 : true
2025-08-27 18:26:31,592 [INFO] ADCParametersView:116 -                Rank 1 : true
2025-08-27 18:26:31,592 [INFO] ADCParametersView:116 -                Rank 2 : true
2025-08-27 18:26:31,592 [INFO] ADCParametersView:116 -                Rank 1 : true
2025-08-27 18:26:31,592 [INFO] ADCParametersView:116 -                Rank 2 : true
2025-08-27 18:26:31,592 [INFO] ADCParametersView:116 -                Rank 3 : true
2025-08-27 18:26:31,592 [INFO] ADCParametersView:116 -                Rank 1 : true
2025-08-27 18:26:31,592 [INFO] ADCParametersView:116 -                Rank 2 : true
2025-08-27 18:26:31,592 [INFO] ADCParametersView:116 -                Rank 3 : true
2025-08-27 18:26:31,592 [INFO] ADCParametersView:116 -                Rank 4 : true
2025-08-27 18:26:31,685 [INFO] ADCParametersView:116 -                Rank 1 : true
2025-08-27 18:26:31,685 [INFO] ADCParametersView:116 -                Rank 2 : true
2025-08-27 18:26:31,685 [INFO] ADCParametersView:116 -                Rank 3 : true
2025-08-27 18:26:31,685 [INFO] ADCParametersView:116 -                Rank 4 : true
2025-08-27 18:26:31,685 [INFO] ADCParametersView:116 -                Rank 1 : true
2025-08-27 18:26:31,685 [INFO] ADCParametersView:116 -                Rank 2 : true
2025-08-27 18:26:31,685 [INFO] ADCParametersView:116 -                Rank 3 : true
2025-08-27 18:26:31,685 [INFO] ADCParametersView:116 -                Rank 4 : true
2025-08-27 18:26:31,685 [INFO] ADCParametersView:116 -                Rank 1 : true
2025-08-27 18:26:31,685 [INFO] ADCParametersView:116 -                Rank 2 : true
2025-08-27 18:26:31,685 [INFO] ADCParametersView:116 -                Rank 3 : true
2025-08-27 18:26:31,685 [INFO] ADCParametersView:116 -                Rank 4 : true
2025-08-27 18:26:31,685 [INFO] ADCParametersView:116 -                Rank 1 : true
2025-08-27 18:26:31,685 [INFO] ADCParametersView:116 -                Rank 2 : true
2025-08-27 18:26:31,685 [INFO] ADCParametersView:116 -                Rank 3 : true
2025-08-27 18:26:31,685 [INFO] ADCParametersView:116 -                Rank 4 : true
2025-08-27 18:26:31,685 [INFO] ADCParametersView:116 -                Rank 1 : true
2025-08-27 18:26:31,685 [INFO] ADCParametersView:116 -                Rank 2 : true
2025-08-27 18:26:31,685 [INFO] ADCParametersView:116 -                Rank 3 : true
2025-08-27 18:26:31,685 [INFO] ADCParametersView:116 -                Rank 4 : true
2025-08-27 18:26:31,686 [INFO] ADCParametersView:116 -                Rank 1 : true
2025-08-27 18:26:31,686 [INFO] ADCParametersView:116 -                Rank 2 : true
2025-08-27 18:26:31,686 [INFO] ADCParametersView:116 -                Rank 3 : true
2025-08-27 18:26:31,686 [INFO] ADCParametersView:116 -                Rank 4 : true
2025-08-27 18:26:31,686 [INFO] ADCParametersView:116 -                Rank 1 : true
2025-08-27 18:26:31,686 [INFO] ADCParametersView:116 -                Rank 2 : true
2025-08-27 18:26:31,686 [INFO] ADCParametersView:116 -                Rank 3 : true
2025-08-27 18:26:31,686 [INFO] ADCParametersView:116 -                Rank 4 : true
2025-08-27 18:26:31,686 [INFO] ADCParametersView:116 -                Rank 1 : true
2025-08-27 18:26:31,686 [INFO] ADCParametersView:116 -                Rank 2 : true
2025-08-27 18:26:31,686 [INFO] ADCParametersView:116 -                Rank 3 : true
2025-08-27 18:26:31,686 [INFO] ADCParametersView:116 -                Rank 4 : true
2025-08-27 18:26:31,686 [INFO] ADCParametersView:116 -                Rank 1 : true
2025-08-27 18:26:31,686 [INFO] ADCParametersView:116 -                Rank 2 : true
2025-08-27 18:26:31,686 [INFO] ADCParametersView:116 -                Rank 3 : true
2025-08-27 18:26:31,686 [INFO] ADCParametersView:116 -                Rank 4 : true
2025-08-27 18:26:31,686 [INFO] ADCParametersView:116 -                Rank 1 : true
2025-08-27 18:26:31,686 [INFO] ADCParametersView:116 -                Rank 2 : true
2025-08-27 18:26:31,686 [INFO] ADCParametersView:116 -                Rank 3 : true
2025-08-27 18:26:31,686 [INFO] ADCParametersView:116 -                Rank 4 : true
2025-08-27 18:26:31,686 [INFO] ADCParametersView:116 -                Rank 1 : true
2025-08-27 18:26:31,686 [INFO] ADCParametersView:116 -                Rank 2 : true
2025-08-27 18:26:31,686 [INFO] ADCParametersView:116 -                Rank 3 : true
2025-08-27 18:26:31,686 [INFO] ADCParametersView:116 -                Rank 4 : true
2025-08-27 18:26:31,686 [INFO] ADCParametersView:116 -                Rank 1 : true
2025-08-27 18:26:31,686 [INFO] ADCParametersView:116 -                Rank 2 : true
2025-08-27 18:26:31,686 [INFO] ADCParametersView:116 -                Rank 3 : true
2025-08-27 18:26:31,686 [INFO] ADCParametersView:116 -                Rank 4 : true
2025-08-27 18:26:31,686 [INFO] ADCParametersView:116 -                Rank 1 : true
2025-08-27 18:26:31,686 [INFO] ADCParametersView:116 -                Rank 2 : true
2025-08-27 18:26:31,686 [INFO] ADCParametersView:116 -                Rank 3 : true
2025-08-27 18:26:31,686 [INFO] ADCParametersView:116 -                Rank 4 : true
2025-08-27 18:26:31,686 [INFO] ADCParametersView:116 -                Rank 1 : true
2025-08-27 18:26:31,686 [INFO] ADCParametersView:116 -                Rank 2 : true
2025-08-27 18:26:31,686 [INFO] ADCParametersView:116 -                Rank 3 : true
2025-08-27 18:26:31,686 [INFO] ADCParametersView:116 -                Rank 4 : true
2025-08-27 18:26:31,686 [INFO] ADCParametersView:116 -                Rank 1 : true
2025-08-27 18:26:31,686 [INFO] ADCParametersView:116 -                Rank 2 : true
2025-08-27 18:26:31,686 [INFO] ADCParametersView:116 -                Rank 3 : true
2025-08-27 18:26:31,686 [INFO] ADCParametersView:116 -                Rank 4 : true
2025-08-27 18:26:31,686 [INFO] ADCParametersView:116 -                Rank 1 : true
2025-08-27 18:26:31,686 [INFO] ADCParametersView:116 -                Rank 2 : true
2025-08-27 18:26:31,686 [INFO] ADCParametersView:116 -                Rank 3 : true
2025-08-27 18:26:31,686 [INFO] ADCParametersView:116 -                Rank 4 : true
2025-08-27 18:26:31,686 [INFO] ADCParametersView:116 -                Rank 1 : true
2025-08-27 18:26:31,686 [INFO] ADCParametersView:116 -                Rank 2 : true
2025-08-27 18:26:31,686 [INFO] ADCParametersView:116 -                Rank 3 : true
2025-08-27 18:26:31,686 [INFO] ADCParametersView:116 -                Rank 4 : true
2025-08-27 18:26:31,686 [INFO] ADCParametersView:116 -                Rank 1 : true
2025-08-27 18:26:31,686 [INFO] ADCParametersView:116 -                Rank 2 : true
2025-08-27 18:26:31,686 [INFO] ADCParametersView:116 -                Rank 3 : true
2025-08-27 18:26:31,686 [INFO] ADCParametersView:116 -                Rank 4 : true
2025-08-27 18:26:31,686 [INFO] ADCParametersView:116 -                Rank 1 : true
2025-08-27 18:26:31,686 [INFO] ADCParametersView:116 -                Rank 2 : true
2025-08-27 18:26:31,686 [INFO] ADCParametersView:116 -                Rank 3 : true
2025-08-27 18:26:31,687 [INFO] ADCParametersView:116 -                Rank 4 : true
2025-08-27 18:26:31,687 [INFO] ADCParametersView:116 -                Rank 1 : true
2025-08-27 18:26:31,687 [INFO] ADCParametersView:116 -                Rank 2 : true
2025-08-27 18:26:31,687 [INFO] ADCParametersView:116 -                Rank 3 : true
2025-08-27 18:26:31,687 [INFO] ADCParametersView:116 -                Rank 4 : true
2025-08-27 18:26:31,687 [INFO] ADCParametersView:116 -                Rank 2 : true
2025-08-27 18:26:31,687 [INFO] ADCParametersView:116 -                Rank 3 : true
2025-08-27 18:26:31,687 [INFO] ADCParametersView:116 -                Rank 4 : true
2025-08-27 18:26:31,687 [INFO] ADCParametersView:116 -                Rank 3 : true
2025-08-27 18:26:31,687 [INFO] ADCParametersView:116 -                Rank 4 : true
2025-08-27 18:26:31,687 [INFO] ADCParametersView:116 -                Rank 4 : true
2025-08-27 18:26:31,761 [INFO] ADCParametersView:116 -                Rank 1 : true
2025-08-27 18:26:31,762 [INFO] ADCParametersView:116 -                Rank 1 : true
2025-08-27 18:26:31,762 [INFO] ADCParametersView:116 -                Rank 2 : true
2025-08-27 18:26:31,762 [INFO] ADCParametersView:116 -                Rank 1 : true
2025-08-27 18:26:31,762 [INFO] ADCParametersView:116 -                Rank 2 : true
2025-08-27 18:26:31,762 [INFO] ADCParametersView:116 -                Rank 3 : true
2025-08-27 18:26:31,762 [INFO] ADCParametersView:116 -                Rank 1 : true
2025-08-27 18:26:31,762 [INFO] ADCParametersView:116 -                Rank 2 : true
2025-08-27 18:26:31,762 [INFO] ADCParametersView:116 -                Rank 3 : true
2025-08-27 18:26:31,762 [INFO] ADCParametersView:116 -                Rank 4 : true
2025-08-27 18:26:32,079 [INFO] ADCParametersView:116 -                Rank 1 : true
2025-08-27 18:26:32,079 [INFO] ADCParametersView:116 -                Rank 2 : true
2025-08-27 18:26:32,079 [INFO] ADCParametersView:116 -                Rank 3 : true
2025-08-27 18:26:32,079 [INFO] ADCParametersView:116 -                Rank 4 : true
2025-08-27 18:26:32,080 [INFO] ADCParametersView:116 -                Rank 1 : true
2025-08-27 18:26:32,080 [INFO] ADCParametersView:116 -                Rank 2 : true
2025-08-27 18:26:32,080 [INFO] ADCParametersView:116 -                Rank 3 : true
2025-08-27 18:26:32,080 [INFO] ADCParametersView:116 -                Rank 4 : true
2025-08-27 18:26:32,080 [INFO] ADCParametersView:116 -                Rank 1 : true
2025-08-27 18:26:32,080 [INFO] ADCParametersView:116 -                Rank 2 : true
2025-08-27 18:26:32,080 [INFO] ADCParametersView:116 -                Rank 3 : true
2025-08-27 18:26:32,080 [INFO] ADCParametersView:116 -                Rank 4 : true
2025-08-27 18:26:32,080 [INFO] ADCParametersView:116 -                Rank 1 : true
2025-08-27 18:26:32,080 [INFO] ADCParametersView:116 -                Rank 2 : true
2025-08-27 18:26:32,080 [INFO] ADCParametersView:116 -                Rank 3 : true
2025-08-27 18:26:32,080 [INFO] ADCParametersView:116 -                Rank 4 : true
2025-08-27 18:26:32,080 [INFO] ADCParametersView:116 -                Rank 1 : true
2025-08-27 18:26:32,080 [INFO] ADCParametersView:116 -                Rank 2 : true
2025-08-27 18:26:32,081 [INFO] ADCParametersView:116 -                Rank 3 : true
2025-08-27 18:26:32,081 [INFO] ADCParametersView:116 -                Rank 4 : true
2025-08-27 18:26:32,081 [INFO] ADCParametersView:116 -                Rank 1 : true
2025-08-27 18:26:32,081 [INFO] ADCParametersView:116 -                Rank 2 : true
2025-08-27 18:26:32,081 [INFO] ADCParametersView:116 -                Rank 3 : true
2025-08-27 18:26:32,081 [INFO] ADCParametersView:116 -                Rank 4 : true
2025-08-27 18:26:32,081 [INFO] ADCParametersView:116 -                Rank 1 : true
2025-08-27 18:26:32,081 [INFO] ADCParametersView:116 -                Rank 2 : true
2025-08-27 18:26:32,081 [INFO] ADCParametersView:116 -                Rank 3 : true
2025-08-27 18:26:32,081 [INFO] ADCParametersView:116 -                Rank 4 : true
2025-08-27 18:26:32,081 [INFO] ADCParametersView:116 -                Rank 1 : true
2025-08-27 18:26:32,081 [INFO] ADCParametersView:116 -                Rank 2 : true
2025-08-27 18:26:32,081 [INFO] ADCParametersView:116 -                Rank 3 : true
2025-08-27 18:26:32,081 [INFO] ADCParametersView:116 -                Rank 4 : true
2025-08-27 18:26:32,081 [INFO] ADCParametersView:116 -                Rank 1 : true
2025-08-27 18:26:32,081 [INFO] ADCParametersView:116 -                Rank 2 : true
2025-08-27 18:26:32,081 [INFO] ADCParametersView:116 -                Rank 3 : true
2025-08-27 18:26:32,081 [INFO] ADCParametersView:116 -                Rank 4 : true
2025-08-27 18:26:32,081 [INFO] ADCParametersView:116 -                Rank 1 : true
2025-08-27 18:26:32,081 [INFO] ADCParametersView:116 -                Rank 2 : true
2025-08-27 18:26:32,081 [INFO] ADCParametersView:116 -                Rank 3 : true
2025-08-27 18:26:32,081 [INFO] ADCParametersView:116 -                Rank 4 : true
2025-08-27 18:26:32,081 [INFO] ADCParametersView:116 -                Rank 1 : true
2025-08-27 18:26:32,081 [INFO] ADCParametersView:116 -                Rank 2 : true
2025-08-27 18:26:32,081 [INFO] ADCParametersView:116 -                Rank 3 : true
2025-08-27 18:26:32,081 [INFO] ADCParametersView:116 -                Rank 4 : true
2025-08-27 18:26:32,081 [INFO] ADCParametersView:116 -                Rank 1 : true
2025-08-27 18:26:32,081 [INFO] ADCParametersView:116 -                Rank 2 : true
2025-08-27 18:26:32,081 [INFO] ADCParametersView:116 -                Rank 3 : true
2025-08-27 18:26:32,081 [INFO] ADCParametersView:116 -                Rank 4 : true
2025-08-27 18:26:32,081 [INFO] ADCParametersView:116 -                Rank 1 : true
2025-08-27 18:26:32,081 [INFO] ADCParametersView:116 -                Rank 2 : true
2025-08-27 18:26:32,081 [INFO] ADCParametersView:116 -                Rank 3 : true
2025-08-27 18:26:32,081 [INFO] ADCParametersView:116 -                Rank 4 : true
2025-08-27 18:26:32,081 [INFO] ADCParametersView:116 -                Rank 1 : true
2025-08-27 18:26:32,081 [INFO] ADCParametersView:116 -                Rank 2 : true
2025-08-27 18:26:32,081 [INFO] ADCParametersView:116 -                Rank 3 : true
2025-08-27 18:26:32,081 [INFO] ADCParametersView:116 -                Rank 4 : true
2025-08-27 18:26:32,081 [INFO] ADCParametersView:116 -                Rank 1 : true
2025-08-27 18:26:32,081 [INFO] ADCParametersView:116 -                Rank 2 : true
2025-08-27 18:26:32,081 [INFO] ADCParametersView:116 -                Rank 3 : true
2025-08-27 18:26:32,081 [INFO] ADCParametersView:116 -                Rank 4 : true
2025-08-27 18:26:32,081 [INFO] ADCParametersView:116 -                Rank 1 : true
2025-08-27 18:26:32,081 [INFO] ADCParametersView:116 -                Rank 2 : true
2025-08-27 18:26:32,081 [INFO] ADCParametersView:116 -                Rank 3 : true
2025-08-27 18:26:32,081 [INFO] ADCParametersView:116 -                Rank 4 : true
2025-08-27 18:26:32,081 [INFO] ADCParametersView:116 -                Rank 1 : true
2025-08-27 18:26:32,082 [INFO] ADCParametersView:116 -                Rank 2 : true
2025-08-27 18:26:32,082 [INFO] ADCParametersView:116 -                Rank 3 : true
2025-08-27 18:26:32,082 [INFO] ADCParametersView:116 -                Rank 4 : true
2025-08-27 18:26:32,082 [INFO] ADCParametersView:116 -                Rank 1 : true
2025-08-27 18:26:32,082 [INFO] ADCParametersView:116 -                Rank 2 : true
2025-08-27 18:26:32,082 [INFO] ADCParametersView:116 -                Rank 3 : true
2025-08-27 18:26:32,082 [INFO] ADCParametersView:116 -                Rank 4 : true
2025-08-27 18:26:32,082 [INFO] ADCParametersView:116 -                Rank 1 : true
2025-08-27 18:26:32,082 [INFO] ADCParametersView:116 -                Rank 2 : true
2025-08-27 18:26:32,082 [INFO] ADCParametersView:116 -                Rank 3 : true
2025-08-27 18:26:32,082 [INFO] ADCParametersView:116 -                Rank 4 : true
2025-08-27 18:26:32,082 [INFO] ADCParametersView:116 -                Rank 1 : true
2025-08-27 18:26:32,082 [INFO] ADCParametersView:116 -                Rank 2 : true
2025-08-27 18:26:32,082 [INFO] ADCParametersView:116 -                Rank 3 : true
2025-08-27 18:26:32,082 [INFO] ADCParametersView:116 -                Rank 4 : true
2025-08-27 18:26:32,082 [INFO] ADCParametersView:116 -                Rank 2 : true
2025-08-27 18:26:32,082 [INFO] ADCParametersView:116 -                Rank 3 : true
2025-08-27 18:26:32,082 [INFO] ADCParametersView:116 -                Rank 4 : true
2025-08-27 18:26:32,082 [INFO] ADCParametersView:116 -                Rank 3 : true
2025-08-27 18:26:32,082 [INFO] ADCParametersView:116 -                Rank 4 : true
2025-08-27 18:26:32,082 [INFO] ADCParametersView:116 -                Rank 4 : true
2025-08-27 18:26:32,177 [INFO] ADCParametersView:116 -                Rank 1 : true
2025-08-27 18:26:32,177 [INFO] ADCParametersView:116 -                Rank 1 : true
2025-08-27 18:26:32,177 [INFO] ADCParametersView:116 -                Rank 2 : true
2025-08-27 18:26:32,177 [INFO] ADCParametersView:116 -                Rank 1 : true
2025-08-27 18:26:32,177 [INFO] ADCParametersView:116 -                Rank 2 : true
2025-08-27 18:26:32,177 [INFO] ADCParametersView:116 -                Rank 3 : true
2025-08-27 18:26:32,177 [INFO] ADCParametersView:116 -                Rank 1 : true
2025-08-27 18:26:32,177 [INFO] ADCParametersView:116 -                Rank 2 : true
2025-08-27 18:26:32,177 [INFO] ADCParametersView:116 -                Rank 3 : true
2025-08-27 18:26:32,177 [INFO] ADCParametersView:116 -                Rank 4 : true
2025-08-27 18:26:32,276 [INFO] ADCParametersView:116 -                Rank 1 : true
2025-08-27 18:26:32,276 [INFO] ADCParametersView:116 -                Rank 2 : true
2025-08-27 18:26:32,276 [INFO] ADCParametersView:116 -                Rank 3 : true
2025-08-27 18:26:32,276 [INFO] ADCParametersView:116 -                Rank 4 : true
2025-08-27 18:26:32,276 [INFO] ADCParametersView:116 -                Rank 1 : true
2025-08-27 18:26:32,276 [INFO] ADCParametersView:116 -                Rank 2 : true
2025-08-27 18:26:32,276 [INFO] ADCParametersView:116 -                Rank 3 : true
2025-08-27 18:26:32,276 [INFO] ADCParametersView:116 -                Rank 4 : true
2025-08-27 18:26:32,276 [INFO] ADCParametersView:116 -                Rank 1 : true
2025-08-27 18:26:32,276 [INFO] ADCParametersView:116 -                Rank 2 : true
2025-08-27 18:26:32,276 [INFO] ADCParametersView:116 -                Rank 3 : true
2025-08-27 18:26:32,276 [INFO] ADCParametersView:116 -                Rank 4 : true
2025-08-27 18:26:32,276 [INFO] ADCParametersView:116 -                Rank 1 : true
2025-08-27 18:26:32,277 [INFO] ADCParametersView:116 -                Rank 2 : true
2025-08-27 18:26:32,277 [INFO] ADCParametersView:116 -                Rank 3 : true
2025-08-27 18:26:32,277 [INFO] ADCParametersView:116 -                Rank 4 : true
2025-08-27 18:26:32,277 [INFO] ADCParametersView:116 -                Rank 1 : true
2025-08-27 18:26:32,277 [INFO] ADCParametersView:116 -                Rank 2 : true
2025-08-27 18:26:32,277 [INFO] ADCParametersView:116 -                Rank 3 : true
2025-08-27 18:26:32,277 [INFO] ADCParametersView:116 -                Rank 4 : true
2025-08-27 18:26:32,277 [INFO] ADCParametersView:116 -                Rank 1 : true
2025-08-27 18:26:32,277 [INFO] ADCParametersView:116 -                Rank 2 : true
2025-08-27 18:26:32,277 [INFO] ADCParametersView:116 -                Rank 3 : true
2025-08-27 18:26:32,277 [INFO] ADCParametersView:116 -                Rank 4 : true
2025-08-27 18:26:32,277 [INFO] ADCParametersView:116 -                Rank 1 : true
2025-08-27 18:26:32,277 [INFO] ADCParametersView:116 -                Rank 2 : true
2025-08-27 18:26:32,277 [INFO] ADCParametersView:116 -                Rank 3 : true
2025-08-27 18:26:32,277 [INFO] ADCParametersView:116 -                Rank 4 : true
2025-08-27 18:26:32,277 [INFO] ADCParametersView:116 -                Rank 1 : true
2025-08-27 18:26:32,277 [INFO] ADCParametersView:116 -                Rank 2 : true
2025-08-27 18:26:32,277 [INFO] ADCParametersView:116 -                Rank 3 : true
2025-08-27 18:26:32,277 [INFO] ADCParametersView:116 -                Rank 4 : true
2025-08-27 18:26:32,277 [INFO] ADCParametersView:116 -                Rank 1 : true
2025-08-27 18:26:32,277 [INFO] ADCParametersView:116 -                Rank 2 : true
2025-08-27 18:26:32,277 [INFO] ADCParametersView:116 -                Rank 3 : true
2025-08-27 18:26:32,277 [INFO] ADCParametersView:116 -                Rank 4 : true
2025-08-27 18:26:32,277 [INFO] ADCParametersView:116 -                Rank 1 : true
2025-08-27 18:26:32,277 [INFO] ADCParametersView:116 -                Rank 2 : true
2025-08-27 18:26:32,277 [INFO] ADCParametersView:116 -                Rank 3 : true
2025-08-27 18:26:32,277 [INFO] ADCParametersView:116 -                Rank 4 : true
2025-08-27 18:26:32,277 [INFO] ADCParametersView:116 -                Rank 1 : true
2025-08-27 18:26:32,277 [INFO] ADCParametersView:116 -                Rank 2 : true
2025-08-27 18:26:32,277 [INFO] ADCParametersView:116 -                Rank 3 : true
2025-08-27 18:26:32,277 [INFO] ADCParametersView:116 -                Rank 4 : true
2025-08-27 18:26:32,277 [INFO] ADCParametersView:116 -                Rank 1 : true
2025-08-27 18:26:32,277 [INFO] ADCParametersView:116 -                Rank 2 : true
2025-08-27 18:26:32,277 [INFO] ADCParametersView:116 -                Rank 3 : true
2025-08-27 18:26:32,277 [INFO] ADCParametersView:116 -                Rank 4 : true
2025-08-27 18:26:32,277 [INFO] ADCParametersView:116 -                Rank 1 : true
2025-08-27 18:26:32,277 [INFO] ADCParametersView:116 -                Rank 2 : true
2025-08-27 18:26:32,277 [INFO] ADCParametersView:116 -                Rank 3 : true
2025-08-27 18:26:32,277 [INFO] ADCParametersView:116 -                Rank 4 : true
2025-08-27 18:26:32,277 [INFO] ADCParametersView:116 -                Rank 1 : true
2025-08-27 18:26:32,277 [INFO] ADCParametersView:116 -                Rank 2 : true
2025-08-27 18:26:32,277 [INFO] ADCParametersView:116 -                Rank 3 : true
2025-08-27 18:26:32,277 [INFO] ADCParametersView:116 -                Rank 4 : true
2025-08-27 18:26:32,277 [INFO] ADCParametersView:116 -                Rank 1 : true
2025-08-27 18:26:32,277 [INFO] ADCParametersView:116 -                Rank 2 : true
2025-08-27 18:26:32,277 [INFO] ADCParametersView:116 -                Rank 3 : true
2025-08-27 18:26:32,277 [INFO] ADCParametersView:116 -                Rank 4 : true
2025-08-27 18:26:32,277 [INFO] ADCParametersView:116 -                Rank 1 : true
2025-08-27 18:26:32,277 [INFO] ADCParametersView:116 -                Rank 2 : true
2025-08-27 18:26:32,277 [INFO] ADCParametersView:116 -                Rank 3 : true
2025-08-27 18:26:32,277 [INFO] ADCParametersView:116 -                Rank 4 : true
2025-08-27 18:26:32,277 [INFO] ADCParametersView:116 -                Rank 1 : true
2025-08-27 18:26:32,277 [INFO] ADCParametersView:116 -                Rank 2 : true
2025-08-27 18:26:32,277 [INFO] ADCParametersView:116 -                Rank 3 : true
2025-08-27 18:26:32,278 [INFO] ADCParametersView:116 -                Rank 4 : true
2025-08-27 18:26:32,278 [INFO] ADCParametersView:116 -                Rank 1 : true
2025-08-27 18:26:32,278 [INFO] ADCParametersView:116 -                Rank 2 : true
2025-08-27 18:26:32,278 [INFO] ADCParametersView:116 -                Rank 3 : true
2025-08-27 18:26:32,278 [INFO] ADCParametersView:116 -                Rank 4 : true
2025-08-27 18:26:32,278 [INFO] ADCParametersView:116 -                Rank 1 : true
2025-08-27 18:26:32,278 [INFO] ADCParametersView:116 -                Rank 2 : true
2025-08-27 18:26:32,278 [INFO] ADCParametersView:116 -                Rank 3 : true
2025-08-27 18:26:32,278 [INFO] ADCParametersView:116 -                Rank 4 : true
2025-08-27 18:26:32,278 [INFO] ADCParametersView:116 -                Rank 1 : true
2025-08-27 18:26:32,278 [INFO] ADCParametersView:116 -                Rank 2 : true
2025-08-27 18:26:32,278 [INFO] ADCParametersView:116 -                Rank 3 : true
2025-08-27 18:26:32,278 [INFO] ADCParametersView:116 -                Rank 4 : true
2025-08-27 18:26:32,278 [INFO] ADCParametersView:116 -                Rank 2 : true
2025-08-27 18:26:32,278 [INFO] ADCParametersView:116 -                Rank 3 : true
2025-08-27 18:26:32,278 [INFO] ADCParametersView:116 -                Rank 4 : true
2025-08-27 18:26:32,278 [INFO] ADCParametersView:116 -                Rank 3 : true
2025-08-27 18:26:32,278 [INFO] ADCParametersView:116 -                Rank 4 : true
2025-08-27 18:26:32,278 [INFO] ADCParametersView:116 -                Rank 4 : true
2025-08-27 18:26:32,352 [INFO] ADCParametersView:116 -                Rank 1 : true
2025-08-27 18:26:32,352 [INFO] ADCParametersView:116 -                Rank 1 : true
2025-08-27 18:26:32,352 [INFO] ADCParametersView:116 -                Rank 2 : true
2025-08-27 18:26:32,352 [INFO] ADCParametersView:116 -                Rank 1 : true
2025-08-27 18:26:32,352 [INFO] ADCParametersView:116 -                Rank 2 : true
2025-08-27 18:26:32,353 [INFO] ADCParametersView:116 -                Rank 3 : true
2025-08-27 18:26:32,353 [INFO] ADCParametersView:116 -                Rank 1 : true
2025-08-27 18:26:32,353 [INFO] ADCParametersView:116 -                Rank 2 : true
2025-08-27 18:26:32,353 [INFO] ADCParametersView:116 -                Rank 3 : true
2025-08-27 18:26:32,353 [INFO] ADCParametersView:116 -                Rank 4 : true
2025-08-27 18:27:36,966 [INFO] ADCParametersView:116 -                Rank 1 : true
2025-08-27 18:27:36,966 [INFO] ADCParametersView:116 -                Rank 2 : true
2025-08-27 18:27:36,966 [INFO] ADCParametersView:116 -                Rank 3 : true
2025-08-27 18:27:36,966 [INFO] ADCParametersView:116 -                Rank 4 : true
2025-08-27 18:27:36,967 [INFO] ADCParametersView:116 -                Rank 1 : true
2025-08-27 18:27:36,967 [INFO] ADCParametersView:116 -                Rank 2 : true
2025-08-27 18:27:36,967 [INFO] ADCParametersView:116 -                Rank 3 : true
2025-08-27 18:27:36,967 [INFO] ADCParametersView:116 -                Rank 4 : true
2025-08-27 18:27:36,967 [INFO] ADCParametersView:116 -                Rank 1 : true
2025-08-27 18:27:36,967 [INFO] ADCParametersView:116 -                Rank 2 : true
2025-08-27 18:27:36,967 [INFO] ADCParametersView:116 -                Rank 3 : true
2025-08-27 18:27:36,967 [INFO] ADCParametersView:116 -                Rank 4 : true
2025-08-27 18:27:36,967 [INFO] ADCParametersView:116 -                Rank 1 : true
2025-08-27 18:27:36,967 [INFO] ADCParametersView:116 -                Rank 2 : true
2025-08-27 18:27:36,967 [INFO] ADCParametersView:116 -                Rank 3 : true
2025-08-27 18:27:36,967 [INFO] ADCParametersView:116 -                Rank 4 : true
2025-08-27 18:27:36,967 [INFO] ADCParametersView:116 -                Rank 1 : true
2025-08-27 18:27:36,967 [INFO] ADCParametersView:116 -                Rank 2 : true
2025-08-27 18:27:36,967 [INFO] ADCParametersView:116 -                Rank 3 : true
2025-08-27 18:27:36,967 [INFO] ADCParametersView:116 -                Rank 4 : true
2025-08-27 18:27:36,967 [INFO] ADCParametersView:116 -                Rank 1 : true
2025-08-27 18:27:36,967 [INFO] ADCParametersView:116 -                Rank 2 : true
2025-08-27 18:27:36,967 [INFO] ADCParametersView:116 -                Rank 3 : true
2025-08-27 18:27:36,967 [INFO] ADCParametersView:116 -                Rank 4 : true
2025-08-27 18:27:36,967 [INFO] ADCParametersView:116 -                Rank 1 : true
2025-08-27 18:27:36,967 [INFO] ADCParametersView:116 -                Rank 2 : true
2025-08-27 18:27:36,967 [INFO] ADCParametersView:116 -                Rank 3 : true
2025-08-27 18:27:36,967 [INFO] ADCParametersView:116 -                Rank 4 : true
2025-08-27 18:27:36,967 [INFO] ADCParametersView:116 -                Rank 1 : true
2025-08-27 18:27:36,967 [INFO] ADCParametersView:116 -                Rank 2 : true
2025-08-27 18:27:36,967 [INFO] ADCParametersView:116 -                Rank 3 : true
2025-08-27 18:27:36,967 [INFO] ADCParametersView:116 -                Rank 4 : true
2025-08-27 18:27:36,967 [INFO] ADCParametersView:116 -                Rank 1 : true
2025-08-27 18:27:36,967 [INFO] ADCParametersView:116 -                Rank 2 : true
2025-08-27 18:27:36,967 [INFO] ADCParametersView:116 -                Rank 3 : true
2025-08-27 18:27:36,967 [INFO] ADCParametersView:116 -                Rank 4 : true
2025-08-27 18:27:36,967 [INFO] ADCParametersView:116 -                Rank 1 : true
2025-08-27 18:27:36,967 [INFO] ADCParametersView:116 -                Rank 2 : true
2025-08-27 18:27:36,967 [INFO] ADCParametersView:116 -                Rank 3 : true
2025-08-27 18:27:36,967 [INFO] ADCParametersView:116 -                Rank 4 : true
2025-08-27 18:27:36,968 [INFO] ADCParametersView:116 -                Rank 1 : true
2025-08-27 18:27:36,968 [INFO] ADCParametersView:116 -                Rank 2 : true
2025-08-27 18:27:36,968 [INFO] ADCParametersView:116 -                Rank 3 : true
2025-08-27 18:27:36,968 [INFO] ADCParametersView:116 -                Rank 4 : true
2025-08-27 18:27:36,968 [INFO] ADCParametersView:116 -                Rank 1 : true
2025-08-27 18:27:36,968 [INFO] ADCParametersView:116 -                Rank 2 : true
2025-08-27 18:27:36,968 [INFO] ADCParametersView:116 -                Rank 3 : true
2025-08-27 18:27:36,968 [INFO] ADCParametersView:116 -                Rank 4 : true
2025-08-27 18:27:36,968 [INFO] ADCParametersView:116 -                Rank 1 : true
2025-08-27 18:27:36,968 [INFO] ADCParametersView:116 -                Rank 2 : true
2025-08-27 18:27:36,968 [INFO] ADCParametersView:116 -                Rank 3 : true
2025-08-27 18:27:36,968 [INFO] ADCParametersView:116 -                Rank 4 : true
2025-08-27 18:27:36,968 [INFO] ADCParametersView:116 -                Rank 1 : true
2025-08-27 18:27:36,968 [INFO] ADCParametersView:116 -                Rank 2 : true
2025-08-27 18:27:36,968 [INFO] ADCParametersView:116 -                Rank 3 : true
2025-08-27 18:27:36,968 [INFO] ADCParametersView:116 -                Rank 4 : true
2025-08-27 18:27:36,968 [INFO] ADCParametersView:116 -                Rank 1 : true
2025-08-27 18:27:36,968 [INFO] ADCParametersView:116 -                Rank 2 : true
2025-08-27 18:27:36,968 [INFO] ADCParametersView:116 -                Rank 3 : true
2025-08-27 18:27:36,968 [INFO] ADCParametersView:116 -                Rank 4 : true
2025-08-27 18:27:36,968 [INFO] ADCParametersView:116 -                Rank 1 : true
2025-08-27 18:27:36,968 [INFO] ADCParametersView:116 -                Rank 2 : true
2025-08-27 18:27:36,968 [INFO] ADCParametersView:116 -                Rank 3 : true
2025-08-27 18:27:36,968 [INFO] ADCParametersView:116 -                Rank 4 : true
2025-08-27 18:27:36,968 [INFO] ADCParametersView:116 -                Rank 1 : true
2025-08-27 18:27:36,968 [INFO] ADCParametersView:116 -                Rank 2 : true
2025-08-27 18:27:36,968 [INFO] ADCParametersView:116 -                Rank 3 : true
2025-08-27 18:27:36,968 [INFO] ADCParametersView:116 -                Rank 4 : true
2025-08-27 18:27:36,968 [INFO] ADCParametersView:116 -                Rank 1 : true
2025-08-27 18:27:36,968 [INFO] ADCParametersView:116 -                Rank 2 : true
2025-08-27 18:27:36,968 [INFO] ADCParametersView:116 -                Rank 3 : true
2025-08-27 18:27:36,968 [INFO] ADCParametersView:116 -                Rank 4 : true
2025-08-27 18:27:36,968 [INFO] ADCParametersView:116 -                Rank 1 : true
2025-08-27 18:27:36,968 [INFO] ADCParametersView:116 -                Rank 2 : true
2025-08-27 18:27:36,968 [INFO] ADCParametersView:116 -                Rank 3 : true
2025-08-27 18:27:36,968 [INFO] ADCParametersView:116 -                Rank 4 : true
2025-08-27 18:27:36,968 [INFO] ADCParametersView:116 -                Rank 1 : true
2025-08-27 18:27:36,968 [INFO] ADCParametersView:116 -                Rank 2 : true
2025-08-27 18:27:36,968 [INFO] ADCParametersView:116 -                Rank 3 : true
2025-08-27 18:27:36,968 [INFO] ADCParametersView:116 -                Rank 4 : true
2025-08-27 18:27:36,968 [INFO] ADCParametersView:116 -                Rank 2 : true
2025-08-27 18:27:36,968 [INFO] ADCParametersView:116 -                Rank 3 : true
2025-08-27 18:27:36,968 [INFO] ADCParametersView:116 -                Rank 4 : true
2025-08-27 18:27:36,968 [INFO] ADCParametersView:116 -                Rank 3 : true
2025-08-27 18:27:36,968 [INFO] ADCParametersView:116 -                Rank 4 : true
2025-08-27 18:27:36,968 [INFO] ADCParametersView:116 -                Rank 4 : true
2025-08-27 18:27:37,053 [INFO] ADCParametersView:116 -                Rank 1 : true
2025-08-27 18:27:37,053 [INFO] ADCParametersView:116 -                Rank 1 : true
2025-08-27 18:27:37,053 [INFO] ADCParametersView:116 -                Rank 2 : true
2025-08-27 18:27:37,053 [INFO] ADCParametersView:116 -                Rank 1 : true
2025-08-27 18:27:37,053 [INFO] ADCParametersView:116 -                Rank 2 : true
2025-08-27 18:27:37,053 [INFO] ADCParametersView:116 -                Rank 3 : true
2025-08-27 18:27:37,053 [INFO] ADCParametersView:116 -                Rank 1 : true
2025-08-27 18:27:37,053 [INFO] ADCParametersView:116 -                Rank 2 : true
2025-08-27 18:27:37,053 [INFO] ADCParametersView:116 -                Rank 3 : true
2025-08-27 18:27:37,053 [INFO] ADCParametersView:116 -                Rank 4 : true
2025-08-27 18:27:37,149 [INFO] ADCParametersView:116 -                Rank 1 : true
2025-08-27 18:27:37,149 [INFO] ADCParametersView:116 -                Rank 2 : true
2025-08-27 18:27:37,149 [INFO] ADCParametersView:116 -                Rank 3 : true
2025-08-27 18:27:37,149 [INFO] ADCParametersView:116 -                Rank 4 : true
2025-08-27 18:27:37,149 [INFO] ADCParametersView:116 -                Rank 1 : true
2025-08-27 18:27:37,149 [INFO] ADCParametersView:116 -                Rank 2 : true
2025-08-27 18:27:37,149 [INFO] ADCParametersView:116 -                Rank 3 : true
2025-08-27 18:27:37,149 [INFO] ADCParametersView:116 -                Rank 4 : true
2025-08-27 18:27:37,149 [INFO] ADCParametersView:116 -                Rank 1 : true
2025-08-27 18:27:37,149 [INFO] ADCParametersView:116 -                Rank 2 : true
2025-08-27 18:27:37,149 [INFO] ADCParametersView:116 -                Rank 3 : true
2025-08-27 18:27:37,149 [INFO] ADCParametersView:116 -                Rank 4 : true
2025-08-27 18:27:37,149 [INFO] ADCParametersView:116 -                Rank 1 : true
2025-08-27 18:27:37,149 [INFO] ADCParametersView:116 -                Rank 2 : true
2025-08-27 18:27:37,149 [INFO] ADCParametersView:116 -                Rank 3 : true
2025-08-27 18:27:37,149 [INFO] ADCParametersView:116 -                Rank 4 : true
2025-08-27 18:27:37,149 [INFO] ADCParametersView:116 -                Rank 1 : true
2025-08-27 18:27:37,149 [INFO] ADCParametersView:116 -                Rank 2 : true
2025-08-27 18:27:37,149 [INFO] ADCParametersView:116 -                Rank 3 : true
2025-08-27 18:27:37,149 [INFO] ADCParametersView:116 -                Rank 4 : true
2025-08-27 18:27:37,150 [INFO] ADCParametersView:116 -                Rank 1 : true
2025-08-27 18:27:37,150 [INFO] ADCParametersView:116 -                Rank 2 : true
2025-08-27 18:27:37,150 [INFO] ADCParametersView:116 -                Rank 3 : true
2025-08-27 18:27:37,150 [INFO] ADCParametersView:116 -                Rank 4 : true
2025-08-27 18:27:37,150 [INFO] ADCParametersView:116 -                Rank 1 : true
2025-08-27 18:27:37,150 [INFO] ADCParametersView:116 -                Rank 2 : true
2025-08-27 18:27:37,150 [INFO] ADCParametersView:116 -                Rank 3 : true
2025-08-27 18:27:37,150 [INFO] ADCParametersView:116 -                Rank 4 : true
2025-08-27 18:27:37,150 [INFO] ADCParametersView:116 -                Rank 1 : true
2025-08-27 18:27:37,150 [INFO] ADCParametersView:116 -                Rank 2 : true
2025-08-27 18:27:37,150 [INFO] ADCParametersView:116 -                Rank 3 : true
2025-08-27 18:27:37,150 [INFO] ADCParametersView:116 -                Rank 4 : true
2025-08-27 18:27:37,150 [INFO] ADCParametersView:116 -                Rank 1 : true
2025-08-27 18:27:37,150 [INFO] ADCParametersView:116 -                Rank 2 : true
2025-08-27 18:27:37,150 [INFO] ADCParametersView:116 -                Rank 3 : true
2025-08-27 18:27:37,150 [INFO] ADCParametersView:116 -                Rank 4 : true
2025-08-27 18:27:37,150 [INFO] ADCParametersView:116 -                Rank 1 : true
2025-08-27 18:27:37,150 [INFO] ADCParametersView:116 -                Rank 2 : true
2025-08-27 18:27:37,150 [INFO] ADCParametersView:116 -                Rank 3 : true
2025-08-27 18:27:37,150 [INFO] ADCParametersView:116 -                Rank 4 : true
2025-08-27 18:27:37,150 [INFO] ADCParametersView:116 -                Rank 1 : true
2025-08-27 18:27:37,150 [INFO] ADCParametersView:116 -                Rank 2 : true
2025-08-27 18:27:37,150 [INFO] ADCParametersView:116 -                Rank 3 : true
2025-08-27 18:27:37,150 [INFO] ADCParametersView:116 -                Rank 4 : true
2025-08-27 18:27:37,150 [INFO] ADCParametersView:116 -                Rank 1 : true
2025-08-27 18:27:37,150 [INFO] ADCParametersView:116 -                Rank 2 : true
2025-08-27 18:27:37,150 [INFO] ADCParametersView:116 -                Rank 3 : true
2025-08-27 18:27:37,150 [INFO] ADCParametersView:116 -                Rank 4 : true
2025-08-27 18:27:37,150 [INFO] ADCParametersView:116 -                Rank 1 : true
2025-08-27 18:27:37,150 [INFO] ADCParametersView:116 -                Rank 2 : true
2025-08-27 18:27:37,150 [INFO] ADCParametersView:116 -                Rank 3 : true
2025-08-27 18:27:37,150 [INFO] ADCParametersView:116 -                Rank 4 : true
2025-08-27 18:27:37,150 [INFO] ADCParametersView:116 -                Rank 1 : true
2025-08-27 18:27:37,150 [INFO] ADCParametersView:116 -                Rank 2 : true
2025-08-27 18:27:37,150 [INFO] ADCParametersView:116 -                Rank 3 : true
2025-08-27 18:27:37,150 [INFO] ADCParametersView:116 -                Rank 4 : true
2025-08-27 18:27:37,150 [INFO] ADCParametersView:116 -                Rank 1 : true
2025-08-27 18:27:37,150 [INFO] ADCParametersView:116 -                Rank 2 : true
2025-08-27 18:27:37,150 [INFO] ADCParametersView:116 -                Rank 3 : true
2025-08-27 18:27:37,150 [INFO] ADCParametersView:116 -                Rank 4 : true
2025-08-27 18:27:37,150 [INFO] ADCParametersView:116 -                Rank 1 : true
2025-08-27 18:27:37,150 [INFO] ADCParametersView:116 -                Rank 2 : true
2025-08-27 18:27:37,150 [INFO] ADCParametersView:116 -                Rank 3 : true
2025-08-27 18:27:37,150 [INFO] ADCParametersView:116 -                Rank 4 : true
2025-08-27 18:27:37,150 [INFO] ADCParametersView:116 -                Rank 1 : true
2025-08-27 18:27:37,150 [INFO] ADCParametersView:116 -                Rank 2 : true
2025-08-27 18:27:37,150 [INFO] ADCParametersView:116 -                Rank 3 : true
2025-08-27 18:27:37,150 [INFO] ADCParametersView:116 -                Rank 4 : true
2025-08-27 18:27:37,150 [INFO] ADCParametersView:116 -                Rank 1 : true
2025-08-27 18:27:37,150 [INFO] ADCParametersView:116 -                Rank 2 : true
2025-08-27 18:27:37,150 [INFO] ADCParametersView:116 -                Rank 3 : true
2025-08-27 18:27:37,150 [INFO] ADCParametersView:116 -                Rank 4 : true
2025-08-27 18:27:37,150 [INFO] ADCParametersView:116 -                Rank 1 : true
2025-08-27 18:27:37,150 [INFO] ADCParametersView:116 -                Rank 2 : true
2025-08-27 18:27:37,150 [INFO] ADCParametersView:116 -                Rank 3 : true
2025-08-27 18:27:37,150 [INFO] ADCParametersView:116 -                Rank 4 : true
2025-08-27 18:27:37,151 [INFO] ADCParametersView:116 -                Rank 1 : true
2025-08-27 18:27:37,151 [INFO] ADCParametersView:116 -                Rank 2 : true
2025-08-27 18:27:37,151 [INFO] ADCParametersView:116 -                Rank 3 : true
2025-08-27 18:27:37,151 [INFO] ADCParametersView:116 -                Rank 4 : true
2025-08-27 18:27:37,151 [INFO] ADCParametersView:116 -                Rank 2 : true
2025-08-27 18:27:37,151 [INFO] ADCParametersView:116 -                Rank 3 : true
2025-08-27 18:27:37,151 [INFO] ADCParametersView:116 -                Rank 4 : true
2025-08-27 18:27:37,151 [INFO] ADCParametersView:116 -                Rank 3 : true
2025-08-27 18:27:37,151 [INFO] ADCParametersView:116 -                Rank 4 : true
2025-08-27 18:27:37,151 [INFO] ADCParametersView:116 -                Rank 4 : true
2025-08-27 18:27:37,228 [INFO] ADCParametersView:116 -                Rank 1 : true
2025-08-27 18:27:37,228 [INFO] ADCParametersView:116 -                Rank 1 : true
2025-08-27 18:27:37,228 [INFO] ADCParametersView:116 -                Rank 2 : true
2025-08-27 18:27:37,228 [INFO] ADCParametersView:116 -                Rank 1 : true
2025-08-27 18:27:37,228 [INFO] ADCParametersView:116 -                Rank 2 : true
2025-08-27 18:27:37,228 [INFO] ADCParametersView:116 -                Rank 3 : true
2025-08-27 18:27:37,228 [INFO] ADCParametersView:116 -                Rank 1 : true
2025-08-27 18:27:37,229 [INFO] ADCParametersView:116 -                Rank 2 : true
2025-08-27 18:27:37,229 [INFO] ADCParametersView:116 -                Rank 3 : true
2025-08-27 18:27:37,229 [INFO] ADCParametersView:116 -                Rank 4 : true
2025-08-27 18:27:42,306 [INFO] NvicIntPanel:101 - NVIC parent = com.st.microxplorer.plugins.ip.nvic.MultiNvicIntPanel[,0,0,535x413,layout=javax.swing.BoxLayout,alignmentX=0.0,alignmentY=0.0,border=,flags=9,maximumSize=,minimumSize=,preferredSize=]
2025-08-27 18:28:23,098 [INFO] NvicIntPanel:101 - NVIC parent = com.st.microxplorer.plugins.ip.nvic.MultiNvicIntPanel[,0,0,684x254,layout=javax.swing.BoxLayout,alignmentX=0.0,alignmentY=0.0,border=,flags=9,maximumSize=,minimumSize=,preferredSize=]
2025-08-27 18:29:36,020 [INFO] NvicIntPanel:101 - NVIC parent = com.st.microxplorer.plugins.ip.nvic.MultiNvicIntPanel[,0,0,0x0,invalid,layout=javax.swing.BoxLayout,alignmentX=0.0,alignmentY=0.0,border=,flags=9,maximumSize=,minimumSize=,preferredSize=]
2025-08-27 18:29:38,391 [INFO] NvicIntPanel:101 - NVIC parent = com.st.microxplorer.plugins.ip.nvic.MultiNvicIntPanel[,0,0,0x0,invalid,layout=javax.swing.BoxLayout,alignmentX=0.0,alignmentY=0.0,border=,flags=9,maximumSize=,minimumSize=,preferredSize=]
2025-08-27 18:29:51,468 [INFO] NvicIntPanel:101 - NVIC parent = com.st.microxplorer.plugins.ip.nvic.MultiNvicIntPanel[,0,0,0x0,invalid,layout=javax.swing.BoxLayout,alignmentX=0.0,alignmentY=0.0,border=,flags=9,maximumSize=,minimumSize=,preferredSize=]
2025-08-27 18:29:57,513 [INFO] NvicIntPanel:101 - NVIC parent = com.st.microxplorer.plugins.ip.nvic.MultiNvicIntPanel[,0,0,0x0,invalid,layout=javax.swing.BoxLayout,alignmentX=0.0,alignmentY=0.0,border=,flags=9,maximumSize=,minimumSize=,preferredSize=]
2025-08-27 18:30:08,143 [INFO] UtilMem:75 - End SaveConfig() Used Memory: 657053488 Bytes (1073741824)
2025-08-27 18:30:08,286 [INFO] UtilMem:75 - End SaveConfig() Used Memory: 388617248 Bytes (1073741824)
2025-08-27 18:30:08,985 [INFO] UtilMem:75 - End SaveConfig() Used Memory: 442712976 Bytes (1073741824)
2025-08-27 18:30:10,136 [ERROR] IocParser:95 - Exception caught: Cannot invoke "java.lang.CharSequence.length()" because "this.text" is null
2025-08-27 18:30:25,852 [INFO] BlockDiagram:2775 - set Specific Code input for plugin: FREERTOS
2025-08-27 18:30:25,852 [INFO] BlockDiagram:2775 - set Specific Code input for plugin: RCC
2025-08-27 18:30:25,852 [INFO] BlockDiagram:2775 - set Specific Code input for plugin: I2C
2025-08-27 18:30:25,852 [INFO] BlockDiagram:2775 - set Specific Code input for plugin: BDMA
2025-08-27 18:30:25,852 [INFO] BlockDiagram:2775 - set Specific Code input for plugin: USART
2025-08-27 18:30:25,852 [INFO] BlockDiagram:2775 - set Specific Code input for plugin: TIM6_7H7
2025-08-27 18:30:25,852 [INFO] BlockDiagram:2775 - set Specific Code input for plugin: TIM1_8H7
2025-08-27 18:30:25,852 [INFO] BlockDiagram:2775 - set Specific Code input for plugin: SYS
2025-08-27 18:30:25,852 [INFO] BlockDiagram:2775 - set Specific Code input for plugin: ADC
2025-08-27 18:30:25,852 [INFO] BlockDiagram:2775 - set Specific Code input for plugin: ADC
2025-08-27 18:30:25,852 [INFO] BlockDiagram:2775 - set Specific Code input for plugin: NVIC2
2025-08-27 18:30:25,852 [INFO] BlockDiagram:2775 - set Specific Code input for plugin: UART
2025-08-27 18:30:25,853 [INFO] BlockDiagram:2775 - set Specific Code input for plugin: UART
2025-08-27 18:30:25,853 [INFO] BlockDiagram:2775 - set Specific Code input for plugin: GPIO
2025-08-27 18:30:25,853 [INFO] BlockDiagram:2775 - set Specific Code input for plugin: SYS_M4
2025-08-27 18:30:25,853 [INFO] BlockDiagram:2775 - set Specific Code input for plugin: NUCLEO-H755ZI-Q
2025-08-27 18:30:25,853 [INFO] BlockDiagram:2775 - set Specific Code input for plugin: NVIC1
2025-08-27 18:30:25,854 [INFO] CodeGenerator:892 - code generatio: config db path: C:\ST\STM32CubeIDE_1.19.0\STM32CubeIDE\plugins\com.st.stm32cube.common.mx_6.15.0.202507011659\\db\
2025-08-27 18:30:25,921 [ERROR] CodeGenerator:10662 - The current RTOS owner has not been found in the list of IPs
2025-08-27 18:30:25,922 [INFO] CodeGenerator:1619 - *******************Project context M7 selected
2025-08-27 18:30:26,019 [INFO] CodeEngine:265 - oldGeneratedFile, C:\Users\nicks\STM32CubeIDE\workspace_1.19.0\AFR\AFR_SENSHORRS\MXTmpFiles\license.tmp_save
2025-08-27 18:30:26,242 [INFO] CodeEngine:289 - Generated code: C:\Users\nicks\STM32CubeIDE\workspace_1.19.0\AFR\AFR_SENSHORRS\MXTmpFiles\license.tmp
2025-08-27 18:30:26,353 [INFO] CodeEngine:265 - oldGeneratedFile, C:\Users\nicks\STM32CubeIDE\workspace_1.19.0\AFR\AFR_SENSHORRS\CM7\MXTmpFiles\gpio.tmp_save
2025-08-27 18:30:26,464 [INFO] CodeEngine:289 - Generated code: C:\Users\nicks\STM32CubeIDE\workspace_1.19.0\AFR\AFR_SENSHORRS\CM7\MXTmpFiles\gpio.tmp
2025-08-27 18:30:26,791 [WARN] IPConfigManager:103 - WARNING: Missing Config File for NVIC1 ip!!
2025-08-27 18:30:27,054 [ERROR] CodeGenerator:10662 - The current RTOS owner has not been found in the list of IPs
2025-08-27 18:30:27,084 [INFO] CodeEngine:265 - oldGeneratedFile, C:\Users\nicks\STM32CubeIDE\workspace_1.19.0\AFR\AFR_SENSHORRS\CM7\MXTmpFiles\bdma.tmp_save
2025-08-27 18:30:27,135 [INFO] CodeEngine:289 - Generated code: C:\Users\nicks\STM32CubeIDE\workspace_1.19.0\AFR\AFR_SENSHORRS\CM7\MXTmpFiles\bdma.tmp
2025-08-27 18:30:27,140 [INFO] CodeEngine:265 - oldGeneratedFile, C:\Users\nicks\STM32CubeIDE\workspace_1.19.0\AFR\AFR_SENSHORRS\CM7\MXTmpFiles\bdma_GV.tmp_save
2025-08-27 18:30:27,184 [INFO] CodeEngine:289 - Generated code: C:\Users\nicks\STM32CubeIDE\workspace_1.19.0\AFR\AFR_SENSHORRS\CM7\MXTmpFiles\bdma_GV.tmp
2025-08-27 18:30:27,193 [INFO] CodeEngine:265 - oldGeneratedFile, C:\Users\nicks\STM32CubeIDE\workspace_1.19.0\AFR\AFR_SENSHORRS\CM7\MXTmpFiles\cortex.tmp_save
2025-08-27 18:30:27,258 [INFO] CodeEngine:289 - Generated code: C:\Users\nicks\STM32CubeIDE\workspace_1.19.0\AFR\AFR_SENSHORRS\CM7\MXTmpFiles\cortex.tmp
2025-08-27 18:30:27,282 [INFO] Middleware:1452 - No code input for Bsp Dependency
2025-08-27 18:30:27,289 [INFO] CodeEngine:265 - oldGeneratedFile, C:\Users\nicks\STM32CubeIDE\workspace_1.19.0\AFR\AFR_SENSHORRS\CM7\MXTmpFiles\rtos_inc.tmp_save
2025-08-27 18:30:27,330 [INFO] CodeEngine:289 - Generated code: C:\Users\nicks\STM32CubeIDE\workspace_1.19.0\AFR\AFR_SENSHORRS\CM7\MXTmpFiles\rtos_inc.tmp
2025-08-27 18:30:27,335 [INFO] CodeEngine:265 - oldGeneratedFile, C:\Users\nicks\STM32CubeIDE\workspace_1.19.0\AFR\AFR_SENSHORRS\CM7\MXTmpFiles\rtos_kernelInit.tmp_save
2025-08-27 18:30:27,387 [INFO] CodeEngine:289 - Generated code: C:\Users\nicks\STM32CubeIDE\workspace_1.19.0\AFR\AFR_SENSHORRS\CM7\MXTmpFiles\rtos_kernelInit.tmp
2025-08-27 18:30:27,392 [INFO] CodeEngine:265 - oldGeneratedFile, C:\Users\nicks\STM32CubeIDE\workspace_1.19.0\AFR\AFR_SENSHORRS\CM7\MXTmpFiles\rtos_kernelStart.tmp_save
2025-08-27 18:30:27,439 [INFO] CodeEngine:289 - Generated code: C:\Users\nicks\STM32CubeIDE\workspace_1.19.0\AFR\AFR_SENSHORRS\CM7\MXTmpFiles\rtos_kernelStart.tmp
2025-08-27 18:30:27,444 [INFO] CodeEngine:265 - oldGeneratedFile, C:\Users\nicks\STM32CubeIDE\workspace_1.19.0\AFR\AFR_SENSHORRS\CM7\MXTmpFiles\rtos_typedefs.tmp_save
2025-08-27 18:30:27,486 [INFO] CodeEngine:289 - Generated code: C:\Users\nicks\STM32CubeIDE\workspace_1.19.0\AFR\AFR_SENSHORRS\CM7\MXTmpFiles\rtos_typedefs.tmp
2025-08-27 18:30:27,491 [INFO] CodeEngine:265 - oldGeneratedFile, C:\Users\nicks\STM32CubeIDE\workspace_1.19.0\AFR\AFR_SENSHORRS\CM7\MXTmpFiles\rtos_vars.tmp_save
2025-08-27 18:30:27,535 [INFO] CodeEngine:289 - Generated code: C:\Users\nicks\STM32CubeIDE\workspace_1.19.0\AFR\AFR_SENSHORRS\CM7\MXTmpFiles\rtos_vars.tmp
2025-08-27 18:30:27,541 [INFO] CodeEngine:265 - oldGeneratedFile, C:\Users\nicks\STM32CubeIDE\workspace_1.19.0\AFR\AFR_SENSHORRS\CM7\MXTmpFiles\rtos_pfp.tmp_save
2025-08-27 18:30:27,582 [INFO] CodeEngine:289 - Generated code: C:\Users\nicks\STM32CubeIDE\workspace_1.19.0\AFR\AFR_SENSHORRS\CM7\MXTmpFiles\rtos_pfp.tmp
2025-08-27 18:30:27,587 [INFO] CodeEngine:265 - oldGeneratedFile, C:\Users\nicks\STM32CubeIDE\workspace_1.19.0\AFR\AFR_SENSHORRS\CM7\MXTmpFiles\rtos_obj_creat.tmp_save
2025-08-27 18:30:27,630 [INFO] CodeEngine:289 - Generated code: C:\Users\nicks\STM32CubeIDE\workspace_1.19.0\AFR\AFR_SENSHORRS\CM7\MXTmpFiles\rtos_obj_creat.tmp
2025-08-27 18:30:27,635 [INFO] CodeEngine:265 - oldGeneratedFile, C:\Users\nicks\STM32CubeIDE\workspace_1.19.0\AFR\AFR_SENSHORRS\CM7\MXTmpFiles\rtos_default_thread.tmp_save
2025-08-27 18:30:27,676 [INFO] CodeEngine:289 - Generated code: C:\Users\nicks\STM32CubeIDE\workspace_1.19.0\AFR\AFR_SENSHORRS\CM7\MXTmpFiles\rtos_default_thread.tmp
2025-08-27 18:30:27,682 [INFO] CodeEngine:265 - oldGeneratedFile, C:\Users\nicks\STM32CubeIDE\workspace_1.19.0\AFR\AFR_SENSHORRS\CM7\MXTmpFiles\rtos_threads.tmp_save
2025-08-27 18:30:27,720 [INFO] CodeEngine:289 - Generated code: C:\Users\nicks\STM32CubeIDE\workspace_1.19.0\AFR\AFR_SENSHORRS\CM7\MXTmpFiles\rtos_threads.tmp
2025-08-27 18:30:27,726 [INFO] CodeEngine:265 - oldGeneratedFile, C:\Users\nicks\STM32CubeIDE\workspace_1.19.0\AFR\AFR_SENSHORRS\CM7\Core\Inc\FreeRTOSConfig.h_save
2025-08-27 18:30:27,789 [INFO] CodeEngine:289 - Generated code: C:\Users\nicks\STM32CubeIDE\workspace_1.19.0\AFR\AFR_SENSHORRS\CM7\Core\Inc\FreeRTOSConfig.h
2025-08-27 18:30:27,796 [INFO] CodeEngine:265 - oldGeneratedFile, C:\Users\nicks\STM32CubeIDE\workspace_1.19.0\AFR\AFR_SENSHORRS\CM7\Core\Src\freertos.c_save
2025-08-27 18:30:27,843 [INFO] CodeEngine:289 - Generated code: C:\Users\nicks\STM32CubeIDE\workspace_1.19.0\AFR\AFR_SENSHORRS\CM7\Core\Src\freertos.c
2025-08-27 18:30:27,882 [INFO] CodeEngine:265 - oldGeneratedFile, C:\Users\nicks\STM32CubeIDE\workspace_1.19.0\AFR\AFR_SENSHORRS\CM7\Core\Inc\stm32h7xx_nucleo_conf.h_save
2025-08-27 18:30:27,927 [INFO] CodeEngine:289 - Generated code: C:\Users\nicks\STM32CubeIDE\workspace_1.19.0\AFR\AFR_SENSHORRS\CM7\Core\Inc\stm32h7xx_nucleo_conf.h
2025-08-27 18:30:27,932 [INFO] CodeEngine:265 - oldGeneratedFile, C:\Users\nicks\STM32CubeIDE\workspace_1.19.0\AFR\AFR_SENSHORRS\CM7\MXTmpFiles\bsp_inc.tmp_save
2025-08-27 18:30:27,970 [INFO] CodeEngine:289 - Generated code: C:\Users\nicks\STM32CubeIDE\workspace_1.19.0\AFR\AFR_SENSHORRS\CM7\MXTmpFiles\bsp_inc.tmp
2025-08-27 18:30:27,975 [INFO] CodeEngine:265 - oldGeneratedFile, C:\Users\nicks\STM32CubeIDE\workspace_1.19.0\AFR\AFR_SENSHORRS\CM7\MXTmpFiles\bsp_common_vars.tmp_save
2025-08-27 18:30:28,013 [INFO] CodeEngine:289 - Generated code: C:\Users\nicks\STM32CubeIDE\workspace_1.19.0\AFR\AFR_SENSHORRS\CM7\MXTmpFiles\bsp_common_vars.tmp
2025-08-27 18:30:28,019 [INFO] CodeEngine:265 - oldGeneratedFile, C:\Users\nicks\STM32CubeIDE\workspace_1.19.0\AFR\AFR_SENSHORRS\CM7\MXTmpFiles\bsp_common_init.tmp_save
2025-08-27 18:30:28,060 [INFO] CodeEngine:289 - Generated code: C:\Users\nicks\STM32CubeIDE\workspace_1.19.0\AFR\AFR_SENSHORRS\CM7\MXTmpFiles\bsp_common_init.tmp
2025-08-27 18:30:28,065 [INFO] CodeEngine:265 - oldGeneratedFile, C:\Users\nicks\STM32CubeIDE\workspace_1.19.0\AFR\AFR_SENSHORRS\CM7\MXTmpFiles\bsp_common_demo_before_while.tmp_save
2025-08-27 18:30:28,102 [INFO] CodeEngine:289 - Generated code: C:\Users\nicks\STM32CubeIDE\workspace_1.19.0\AFR\AFR_SENSHORRS\CM7\MXTmpFiles\bsp_common_demo_before_while.tmp
2025-08-27 18:30:28,107 [INFO] CodeEngine:265 - oldGeneratedFile, C:\Users\nicks\STM32CubeIDE\workspace_1.19.0\AFR\AFR_SENSHORRS\CM7\MXTmpFiles\bsp_common_demo_inside_while.tmp_save
2025-08-27 18:30:28,146 [INFO] CodeEngine:289 - Generated code: C:\Users\nicks\STM32CubeIDE\workspace_1.19.0\AFR\AFR_SENSHORRS\CM7\MXTmpFiles\bsp_common_demo_inside_while.tmp
2025-08-27 18:30:28,151 [INFO] CodeEngine:265 - oldGeneratedFile, C:\Users\nicks\STM32CubeIDE\workspace_1.19.0\AFR\AFR_SENSHORRS\CM7\MXTmpFiles\bsp_common_demo_fct.tmp_save
2025-08-27 18:30:28,190 [INFO] CodeEngine:289 - Generated code: C:\Users\nicks\STM32CubeIDE\workspace_1.19.0\AFR\AFR_SENSHORRS\CM7\MXTmpFiles\bsp_common_demo_fct.tmp
2025-08-27 18:30:28,211 [INFO] CodeEngine:265 - oldGeneratedFile, C:\Users\nicks\STM32CubeIDE\workspace_1.19.0\AFR\AFR_SENSHORRS\CM7\Core\Src\stm32h7xx_it.c_save
2025-08-27 18:30:28,277 [INFO] CodeEngine:289 - Generated code: C:\Users\nicks\STM32CubeIDE\workspace_1.19.0\AFR\AFR_SENSHORRS\CM7\Core\Src\stm32h7xx_it.c
2025-08-27 18:30:28,283 [INFO] CodeEngine:265 - oldGeneratedFile, C:\Users\nicks\STM32CubeIDE\workspace_1.19.0\AFR\AFR_SENSHORRS\CM7\Core\Inc\stm32h7xx_it.h_save
2025-08-27 18:30:28,331 [INFO] CodeEngine:289 - Generated code: C:\Users\nicks\STM32CubeIDE\workspace_1.19.0\AFR\AFR_SENSHORRS\CM7\Core\Inc\stm32h7xx_it.h
2025-08-27 18:30:28,452 [INFO] CodeEngine:265 - oldGeneratedFile, C:\Users\nicks\STM32CubeIDE\workspace_1.19.0\AFR\AFR_SENSHORRS\CM7\Core\Src\stm32h7xx_hal_msp.c_save
2025-08-27 18:30:28,544 [INFO] CodeEngine:289 - Generated code: C:\Users\nicks\STM32CubeIDE\workspace_1.19.0\AFR\AFR_SENSHORRS\CM7\Core\Src\stm32h7xx_hal_msp.c
2025-08-27 18:30:28,549 [INFO] CodeEngine:265 - oldGeneratedFile, C:\Users\nicks\STM32CubeIDE\workspace_1.19.0\AFR\AFR_SENSHORRS\CM7\MXTmpFiles\system.tmp_save
2025-08-27 18:30:28,589 [INFO] CodeEngine:289 - Generated code: C:\Users\nicks\STM32CubeIDE\workspace_1.19.0\AFR\AFR_SENSHORRS\CM7\MXTmpFiles\system.tmp
2025-08-27 18:30:28,600 [INFO] CodeEngine:321 - oldGeneratedFile, C:\Users\nicks\STM32CubeIDE\workspace_1.19.0\AFR\AFR_SENSHORRS\CM7\Core\Inc\stm32h7xx_hal_conf.h_save
2025-08-27 18:30:28,648 [INFO] CodeEngine:345 - Generated code: C:\Users\nicks\STM32CubeIDE\workspace_1.19.0\AFR\AFR_SENSHORRS\CM7\Core\Inc\stm32h7xx_hal_conf.h
2025-08-27 18:30:28,682 [INFO] ApiDbMcu:532 - Load IP Config File for I2C2
2025-08-27 18:30:28,690 [INFO] ApiDbMcu:532 - Load IP Config File for TIM1
2025-08-27 18:30:28,698 [INFO] ApiDbMcu:532 - Load IP Config File for USART2
2025-08-27 18:30:28,701 [INFO] ApiDbMcu:532 - Load IP Config File for RCC
2025-08-27 18:30:28,704 [WARN] IPConfigManager:3811 - IP not found : NVIC
2025-08-27 18:30:28,704 [WARN] IPConfigManager:3811 - IP not found : TIM
2025-08-27 18:30:28,705 [WARN] CodeGenerator:4259 - IP not found : null
2025-08-27 18:30:28,705 [WARN] CodeGenerator:4259 - IP not found : null
2025-08-27 18:30:28,713 [INFO] CodeEngine:265 - oldGeneratedFile, C:\Users\nicks\STM32CubeIDE\workspace_1.19.0\AFR\AFR_SENSHORRS\CM7\Core\Inc\main.h_save
2025-08-27 18:30:28,775 [INFO] CodeEngine:289 - Generated code: C:\Users\nicks\STM32CubeIDE\workspace_1.19.0\AFR\AFR_SENSHORRS\CM7\Core\Inc\main.h
2025-08-27 18:30:28,783 [INFO] CodeEngine:265 - oldGeneratedFile, C:\Users\nicks\STM32CubeIDE\workspace_1.19.0\AFR\AFR_SENSHORRS\CM7\Core\Src\main.c_save
2025-08-27 18:30:28,916 [INFO] CodeEngine:289 - Generated code: C:\Users\nicks\STM32CubeIDE\workspace_1.19.0\AFR\AFR_SENSHORRS\CM7\Core\Src\main.c
2025-08-27 18:30:28,962 [INFO] CodeGenerator:1619 - *******************Project context M4 selected
2025-08-27 18:30:29,020 [INFO] CodeEngine:265 - oldGeneratedFile, C:\Users\nicks\STM32CubeIDE\workspace_1.19.0\AFR\AFR_SENSHORRS\MXTmpFiles\license.tmp_save
2025-08-27 18:30:29,074 [INFO] CodeEngine:289 - Generated code: C:\Users\nicks\STM32CubeIDE\workspace_1.19.0\AFR\AFR_SENSHORRS\MXTmpFiles\license.tmp
2025-08-27 18:30:29,097 [INFO] CodeEngine:265 - oldGeneratedFile, C:\Users\nicks\STM32CubeIDE\workspace_1.19.0\AFR\AFR_SENSHORRS\CM4\MXTmpFiles\gpio.tmp_save
2025-08-27 18:30:29,141 [INFO] CodeEngine:289 - Generated code: C:\Users\nicks\STM32CubeIDE\workspace_1.19.0\AFR\AFR_SENSHORRS\CM4\MXTmpFiles\gpio.tmp
2025-08-27 18:30:29,249 [WARN] IPConfigManager:103 - WARNING: Missing Config File for NVIC2 ip!!
2025-08-27 18:30:29,387 [INFO] CodeEngine:265 - oldGeneratedFile, C:\Users\nicks\STM32CubeIDE\workspace_1.19.0\AFR\AFR_SENSHORRS\CM4\MXTmpFiles\bdma.tmp_save
2025-08-27 18:30:29,429 [INFO] CodeEngine:289 - Generated code: C:\Users\nicks\STM32CubeIDE\workspace_1.19.0\AFR\AFR_SENSHORRS\CM4\MXTmpFiles\bdma.tmp
2025-08-27 18:30:29,433 [INFO] CodeEngine:265 - oldGeneratedFile, C:\Users\nicks\STM32CubeIDE\workspace_1.19.0\AFR\AFR_SENSHORRS\CM4\MXTmpFiles\bdma_GV.tmp_save
2025-08-27 18:30:29,470 [INFO] CodeEngine:289 - Generated code: C:\Users\nicks\STM32CubeIDE\workspace_1.19.0\AFR\AFR_SENSHORRS\CM4\MXTmpFiles\bdma_GV.tmp
2025-08-27 18:30:29,479 [INFO] CodeEngine:265 - oldGeneratedFile, C:\Users\nicks\STM32CubeIDE\workspace_1.19.0\AFR\AFR_SENSHORRS\CM4\MXTmpFiles\cortex.tmp_save
2025-08-27 18:30:29,517 [INFO] CodeEngine:289 - Generated code: C:\Users\nicks\STM32CubeIDE\workspace_1.19.0\AFR\AFR_SENSHORRS\CM4\MXTmpFiles\cortex.tmp
2025-08-27 18:30:29,555 [INFO] CodeEngine:265 - oldGeneratedFile, C:\Users\nicks\STM32CubeIDE\workspace_1.19.0\AFR\AFR_SENSHORRS\CM4\Core\Inc\stm32h7xx_nucleo_conf.h_save
2025-08-27 18:30:29,596 [INFO] CodeEngine:289 - Generated code: C:\Users\nicks\STM32CubeIDE\workspace_1.19.0\AFR\AFR_SENSHORRS\CM4\Core\Inc\stm32h7xx_nucleo_conf.h
2025-08-27 18:30:29,601 [INFO] CodeEngine:265 - oldGeneratedFile, C:\Users\nicks\STM32CubeIDE\workspace_1.19.0\AFR\AFR_SENSHORRS\CM4\MXTmpFiles\bsp_inc.tmp_save
2025-08-27 18:30:29,638 [INFO] CodeEngine:289 - Generated code: C:\Users\nicks\STM32CubeIDE\workspace_1.19.0\AFR\AFR_SENSHORRS\CM4\MXTmpFiles\bsp_inc.tmp
2025-08-27 18:30:29,660 [INFO] CodeEngine:265 - oldGeneratedFile, C:\Users\nicks\STM32CubeIDE\workspace_1.19.0\AFR\AFR_SENSHORRS\CM4\Core\Src\stm32h7xx_it.c_save
2025-08-27 18:30:29,714 [INFO] CodeEngine:289 - Generated code: C:\Users\nicks\STM32CubeIDE\workspace_1.19.0\AFR\AFR_SENSHORRS\CM4\Core\Src\stm32h7xx_it.c
2025-08-27 18:30:29,719 [INFO] CodeEngine:265 - oldGeneratedFile, C:\Users\nicks\STM32CubeIDE\workspace_1.19.0\AFR\AFR_SENSHORRS\CM4\Core\Inc\stm32h7xx_it.h_save
2025-08-27 18:30:29,763 [INFO] CodeEngine:289 - Generated code: C:\Users\nicks\STM32CubeIDE\workspace_1.19.0\AFR\AFR_SENSHORRS\CM4\Core\Inc\stm32h7xx_it.h
2025-08-27 18:30:29,820 [INFO] CodeEngine:265 - oldGeneratedFile, C:\Users\nicks\STM32CubeIDE\workspace_1.19.0\AFR\AFR_SENSHORRS\CM4\Core\Src\stm32h7xx_hal_msp.c_save
2025-08-27 18:30:29,894 [INFO] CodeEngine:289 - Generated code: C:\Users\nicks\STM32CubeIDE\workspace_1.19.0\AFR\AFR_SENSHORRS\CM4\Core\Src\stm32h7xx_hal_msp.c
2025-08-27 18:30:29,898 [INFO] CodeEngine:265 - oldGeneratedFile, C:\Users\nicks\STM32CubeIDE\workspace_1.19.0\AFR\AFR_SENSHORRS\CM4\MXTmpFiles\system.tmp_save
2025-08-27 18:30:29,941 [INFO] CodeEngine:289 - Generated code: C:\Users\nicks\STM32CubeIDE\workspace_1.19.0\AFR\AFR_SENSHORRS\CM4\MXTmpFiles\system.tmp
2025-08-27 18:30:29,952 [INFO] CodeEngine:321 - oldGeneratedFile, C:\Users\nicks\STM32CubeIDE\workspace_1.19.0\AFR\AFR_SENSHORRS\CM4\Core\Inc\stm32h7xx_hal_conf.h_save
2025-08-27 18:30:29,997 [INFO] CodeEngine:345 - Generated code: C:\Users\nicks\STM32CubeIDE\workspace_1.19.0\AFR\AFR_SENSHORRS\CM4\Core\Inc\stm32h7xx_hal_conf.h
2025-08-27 18:30:30,009 [INFO] ApiDbMcu:532 - Load IP Config File for ADC1
2025-08-27 18:30:30,011 [INFO] ApiDbMcu:532 - Load IP Config File for ADC3
2025-08-27 18:30:30,017 [INFO] ApiDbMcu:532 - Load IP Config File for TIM6
2025-08-27 18:30:30,023 [INFO] ApiDbMcu:532 - Load IP Config File for UART4
2025-08-27 18:30:30,029 [INFO] ApiDbMcu:532 - Load IP Config File for UART5
2025-08-27 18:30:30,031 [WARN] IPConfigManager:3811 - IP not found : NVIC
2025-08-27 18:30:30,031 [WARN] IPConfigManager:3811 - IP not found : TIM
2025-08-27 18:30:30,032 [WARN] CodeGenerator:4259 - IP not found : null
2025-08-27 18:30:30,032 [WARN] CodeGenerator:4259 - IP not found : null
2025-08-27 18:30:30,039 [INFO] CodeEngine:265 - oldGeneratedFile, C:\Users\nicks\STM32CubeIDE\workspace_1.19.0\AFR\AFR_SENSHORRS\CM4\Core\Inc\main.h_save
2025-08-27 18:30:30,085 [INFO] CodeEngine:289 - Generated code: C:\Users\nicks\STM32CubeIDE\workspace_1.19.0\AFR\AFR_SENSHORRS\CM4\Core\Inc\main.h
2025-08-27 18:30:30,090 [INFO] CodeEngine:265 - oldGeneratedFile, C:\Users\nicks\STM32CubeIDE\workspace_1.19.0\AFR\AFR_SENSHORRS\CM4\Core\Src\main.c_save
2025-08-27 18:30:30,167 [INFO] CodeEngine:289 - Generated code: C:\Users\nicks\STM32CubeIDE\workspace_1.19.0\AFR\AFR_SENSHORRS\CM4\Core\Src\main.c
2025-08-27 18:30:30,632 [INFO] ProjectBuilder:3606 - Time for Copy HAL[1] : 299mS.
2025-08-27 18:30:30,648 [INFO] ProjectBuilder:5216 - Project Generator version: 4.7.0-B52
2025-08-27 18:30:30,704 [INFO] ConfigFileManager:1595 - The Die is : DIE450
2025-08-27 18:30:31,398 [INFO] LogOutputStream:77 - [STDOUT_REDIRECT] 
2025-08-27 18:30:36,821 [INFO] ProjectBuilder:5496 - Time for Generating toolchain IDE Files: 6172mS.
2025-08-27 18:30:36,822 [INFO] ProjectBuilder:3463 - Time for Copy CMSIS : 1mS.
2025-08-27 18:30:36,827 [INFO] ProjectBuilder:3463 - Time for Copy CMSIS : 0mS.
2025-08-27 18:32:43,089 [WARN] ContextAllowed:149 - Switch context cannot be done in case of multiple context selected
2025-08-27 18:32:50,544 [WARN] ContextAllowed:149 - Switch context cannot be done in case of multiple context selected
2025-08-27 18:32:52,348 [INFO] ADCParametersView:116 -                Rank 1 : true
2025-08-27 18:32:52,349 [INFO] ADCParametersView:116 -                Rank 2 : true
2025-08-27 18:32:52,349 [INFO] ADCParametersView:116 -                Rank 3 : true
2025-08-27 18:32:52,349 [INFO] ADCParametersView:116 -                Rank 4 : true
2025-08-27 18:32:52,350 [INFO] ADCParametersView:116 -                Rank 1 : true
2025-08-27 18:32:52,350 [INFO] ADCParametersView:116 -                Rank 2 : true
2025-08-27 18:32:52,350 [INFO] ADCParametersView:116 -                Rank 3 : true
2025-08-27 18:32:52,350 [INFO] ADCParametersView:116 -                Rank 4 : true
2025-08-27 18:32:52,350 [INFO] ADCParametersView:116 -                Rank 1 : true
2025-08-27 18:32:52,350 [INFO] ADCParametersView:116 -                Rank 2 : true
2025-08-27 18:32:52,350 [INFO] ADCParametersView:116 -                Rank 3 : true
2025-08-27 18:32:52,350 [INFO] ADCParametersView:116 -                Rank 4 : true
2025-08-27 18:32:52,350 [INFO] ADCParametersView:116 -                Rank 1 : true
2025-08-27 18:32:52,350 [INFO] ADCParametersView:116 -                Rank 2 : true
2025-08-27 18:32:52,350 [INFO] ADCParametersView:116 -                Rank 3 : true
2025-08-27 18:32:52,350 [INFO] ADCParametersView:116 -                Rank 4 : true
2025-08-27 18:32:52,350 [INFO] ADCParametersView:116 -                Rank 1 : true
2025-08-27 18:32:52,350 [INFO] ADCParametersView:116 -                Rank 2 : true
2025-08-27 18:32:52,351 [INFO] ADCParametersView:116 -                Rank 3 : true
2025-08-27 18:32:52,351 [INFO] ADCParametersView:116 -                Rank 4 : true
2025-08-27 18:32:52,351 [INFO] ADCParametersView:116 -                Rank 1 : true
2025-08-27 18:32:52,351 [INFO] ADCParametersView:116 -                Rank 2 : true
2025-08-27 18:32:52,351 [INFO] ADCParametersView:116 -                Rank 3 : true
2025-08-27 18:32:52,351 [INFO] ADCParametersView:116 -                Rank 4 : true
2025-08-27 18:32:52,351 [INFO] ADCParametersView:116 -                Rank 1 : true
2025-08-27 18:32:52,351 [INFO] ADCParametersView:116 -                Rank 2 : true
2025-08-27 18:32:52,351 [INFO] ADCParametersView:116 -                Rank 3 : true
2025-08-27 18:32:52,351 [INFO] ADCParametersView:116 -                Rank 4 : true
2025-08-27 18:32:52,351 [INFO] ADCParametersView:116 -                Rank 1 : true
2025-08-27 18:32:52,351 [INFO] ADCParametersView:116 -                Rank 2 : true
2025-08-27 18:32:52,351 [INFO] ADCParametersView:116 -                Rank 3 : true
2025-08-27 18:32:52,351 [INFO] ADCParametersView:116 -                Rank 4 : true
2025-08-27 18:32:52,351 [INFO] ADCParametersView:116 -                Rank 1 : true
2025-08-27 18:32:52,351 [INFO] ADCParametersView:116 -                Rank 2 : true
2025-08-27 18:32:52,351 [INFO] ADCParametersView:116 -                Rank 3 : true
2025-08-27 18:32:52,351 [INFO] ADCParametersView:116 -                Rank 4 : true
2025-08-27 18:32:52,351 [INFO] ADCParametersView:116 -                Rank 1 : true
2025-08-27 18:32:52,351 [INFO] ADCParametersView:116 -                Rank 2 : true
2025-08-27 18:32:52,351 [INFO] ADCParametersView:116 -                Rank 3 : true
2025-08-27 18:32:52,351 [INFO] ADCParametersView:116 -                Rank 4 : true
2025-08-27 18:32:52,351 [INFO] ADCParametersView:116 -                Rank 1 : true
2025-08-27 18:32:52,351 [INFO] ADCParametersView:116 -                Rank 2 : true
2025-08-27 18:32:52,352 [INFO] ADCParametersView:116 -                Rank 3 : true
2025-08-27 18:32:52,352 [INFO] ADCParametersView:116 -                Rank 4 : true
2025-08-27 18:32:52,352 [INFO] ADCParametersView:116 -                Rank 1 : true
2025-08-27 18:32:52,352 [INFO] ADCParametersView:116 -                Rank 2 : true
2025-08-27 18:32:52,352 [INFO] ADCParametersView:116 -                Rank 3 : true
2025-08-27 18:32:52,352 [INFO] ADCParametersView:116 -                Rank 4 : true
2025-08-27 18:32:52,352 [INFO] ADCParametersView:116 -                Rank 1 : true
2025-08-27 18:32:52,352 [INFO] ADCParametersView:116 -                Rank 2 : true
2025-08-27 18:32:52,352 [INFO] ADCParametersView:116 -                Rank 3 : true
2025-08-27 18:32:52,352 [INFO] ADCParametersView:116 -                Rank 4 : true
2025-08-27 18:32:52,352 [INFO] ADCParametersView:116 -                Rank 1 : true
2025-08-27 18:32:52,352 [INFO] ADCParametersView:116 -                Rank 2 : true
2025-08-27 18:32:52,352 [INFO] ADCParametersView:116 -                Rank 3 : true
2025-08-27 18:32:52,352 [INFO] ADCParametersView:116 -                Rank 4 : true
2025-08-27 18:32:52,352 [INFO] ADCParametersView:116 -                Rank 1 : true
2025-08-27 18:32:52,352 [INFO] ADCParametersView:116 -                Rank 2 : true
2025-08-27 18:32:52,352 [INFO] ADCParametersView:116 -                Rank 3 : true
2025-08-27 18:32:52,352 [INFO] ADCParametersView:116 -                Rank 4 : true
2025-08-27 18:32:52,352 [INFO] ADCParametersView:116 -                Rank 1 : true
2025-08-27 18:32:52,352 [INFO] ADCParametersView:116 -                Rank 2 : true
2025-08-27 18:32:52,352 [INFO] ADCParametersView:116 -                Rank 3 : true
2025-08-27 18:32:52,352 [INFO] ADCParametersView:116 -                Rank 4 : true
2025-08-27 18:32:52,352 [INFO] ADCParametersView:116 -                Rank 1 : true
2025-08-27 18:32:52,352 [INFO] ADCParametersView:116 -                Rank 2 : true
2025-08-27 18:32:52,352 [INFO] ADCParametersView:116 -                Rank 3 : true
2025-08-27 18:32:52,353 [INFO] ADCParametersView:116 -                Rank 4 : true
2025-08-27 18:32:52,353 [INFO] ADCParametersView:116 -                Rank 1 : true
2025-08-27 18:32:52,353 [INFO] ADCParametersView:116 -                Rank 2 : true
2025-08-27 18:32:52,353 [INFO] ADCParametersView:116 -                Rank 3 : true
2025-08-27 18:32:52,353 [INFO] ADCParametersView:116 -                Rank 4 : true
2025-08-27 18:32:52,353 [INFO] ADCParametersView:116 -                Rank 1 : true
2025-08-27 18:32:52,353 [INFO] ADCParametersView:116 -                Rank 2 : true
2025-08-27 18:32:52,353 [INFO] ADCParametersView:116 -                Rank 3 : true
2025-08-27 18:32:52,353 [INFO] ADCParametersView:116 -                Rank 4 : true
2025-08-27 18:32:52,353 [INFO] ADCParametersView:116 -                Rank 1 : true
2025-08-27 18:32:52,353 [INFO] ADCParametersView:116 -                Rank 2 : true
2025-08-27 18:32:52,353 [INFO] ADCParametersView:116 -                Rank 3 : true
2025-08-27 18:32:52,353 [INFO] ADCParametersView:116 -                Rank 4 : true
2025-08-27 18:32:52,353 [INFO] ADCParametersView:116 -                Rank 2 : true
2025-08-27 18:32:52,353 [INFO] ADCParametersView:116 -                Rank 3 : true
2025-08-27 18:32:52,353 [INFO] ADCParametersView:116 -                Rank 4 : true
2025-08-27 18:32:52,354 [INFO] ADCParametersView:116 -                Rank 3 : true
2025-08-27 18:32:52,354 [INFO] ADCParametersView:116 -                Rank 4 : true
2025-08-27 18:32:52,354 [INFO] ADCParametersView:116 -                Rank 4 : true
2025-08-27 18:32:52,441 [INFO] ADCParametersView:116 -                Rank 1 : true
2025-08-27 18:32:52,441 [INFO] ADCParametersView:116 -                Rank 1 : true
2025-08-27 18:32:52,441 [INFO] ADCParametersView:116 -                Rank 2 : true
2025-08-27 18:32:52,441 [INFO] ADCParametersView:116 -                Rank 1 : true
2025-08-27 18:32:52,441 [INFO] ADCParametersView:116 -                Rank 2 : true
2025-08-27 18:32:52,441 [INFO] ADCParametersView:116 -                Rank 3 : true
2025-08-27 18:32:52,441 [INFO] ADCParametersView:116 -                Rank 1 : true
2025-08-27 18:32:52,441 [INFO] ADCParametersView:116 -                Rank 2 : true
2025-08-27 18:32:52,441 [INFO] ADCParametersView:116 -                Rank 3 : true
2025-08-27 18:32:52,442 [INFO] ADCParametersView:116 -                Rank 4 : true
2025-08-27 18:32:52,542 [INFO] ADCParametersView:116 -                Rank 1 : true
2025-08-27 18:32:52,542 [INFO] ADCParametersView:116 -                Rank 2 : true
2025-08-27 18:32:52,542 [INFO] ADCParametersView:116 -                Rank 3 : true
2025-08-27 18:32:52,542 [INFO] ADCParametersView:116 -                Rank 4 : true
2025-08-27 18:32:52,542 [INFO] ADCParametersView:116 -                Rank 1 : true
2025-08-27 18:32:52,542 [INFO] ADCParametersView:116 -                Rank 2 : true
2025-08-27 18:32:52,543 [INFO] ADCParametersView:116 -                Rank 3 : true
2025-08-27 18:32:52,543 [INFO] ADCParametersView:116 -                Rank 4 : true
2025-08-27 18:32:52,543 [INFO] ADCParametersView:116 -                Rank 1 : true
2025-08-27 18:32:52,543 [INFO] ADCParametersView:116 -                Rank 2 : true
2025-08-27 18:32:52,543 [INFO] ADCParametersView:116 -                Rank 3 : true
2025-08-27 18:32:52,543 [INFO] ADCParametersView:116 -                Rank 4 : true
2025-08-27 18:32:52,543 [INFO] ADCParametersView:116 -                Rank 1 : true
2025-08-27 18:32:52,543 [INFO] ADCParametersView:116 -                Rank 2 : true
2025-08-27 18:32:52,543 [INFO] ADCParametersView:116 -                Rank 3 : true
2025-08-27 18:32:52,543 [INFO] ADCParametersView:116 -                Rank 4 : true
2025-08-27 18:32:52,543 [INFO] ADCParametersView:116 -                Rank 1 : true
2025-08-27 18:32:52,543 [INFO] ADCParametersView:116 -                Rank 2 : true
2025-08-27 18:32:52,543 [INFO] ADCParametersView:116 -                Rank 3 : true
2025-08-27 18:32:52,543 [INFO] ADCParametersView:116 -                Rank 4 : true
2025-08-27 18:32:52,543 [INFO] ADCParametersView:116 -                Rank 1 : true
2025-08-27 18:32:52,543 [INFO] ADCParametersView:116 -                Rank 2 : true
2025-08-27 18:32:52,543 [INFO] ADCParametersView:116 -                Rank 3 : true
2025-08-27 18:32:52,543 [INFO] ADCParametersView:116 -                Rank 4 : true
2025-08-27 18:32:52,543 [INFO] ADCParametersView:116 -                Rank 1 : true
2025-08-27 18:32:52,543 [INFO] ADCParametersView:116 -                Rank 2 : true
2025-08-27 18:32:52,543 [INFO] ADCParametersView:116 -                Rank 3 : true
2025-08-27 18:32:52,543 [INFO] ADCParametersView:116 -                Rank 4 : true
2025-08-27 18:32:52,543 [INFO] ADCParametersView:116 -                Rank 1 : true
2025-08-27 18:32:52,543 [INFO] ADCParametersView:116 -                Rank 2 : true
2025-08-27 18:32:52,543 [INFO] ADCParametersView:116 -                Rank 3 : true
2025-08-27 18:32:52,543 [INFO] ADCParametersView:116 -                Rank 4 : true
2025-08-27 18:32:52,543 [INFO] ADCParametersView:116 -                Rank 1 : true
2025-08-27 18:32:52,543 [INFO] ADCParametersView:116 -                Rank 2 : true
2025-08-27 18:32:52,543 [INFO] ADCParametersView:116 -                Rank 3 : true
2025-08-27 18:32:52,543 [INFO] ADCParametersView:116 -                Rank 4 : true
2025-08-27 18:32:52,543 [INFO] ADCParametersView:116 -                Rank 1 : true
2025-08-27 18:32:52,543 [INFO] ADCParametersView:116 -                Rank 2 : true
2025-08-27 18:32:52,543 [INFO] ADCParametersView:116 -                Rank 3 : true
2025-08-27 18:32:52,543 [INFO] ADCParametersView:116 -                Rank 4 : true
2025-08-27 18:32:52,543 [INFO] ADCParametersView:116 -                Rank 1 : true
2025-08-27 18:32:52,543 [INFO] ADCParametersView:116 -                Rank 2 : true
2025-08-27 18:32:52,543 [INFO] ADCParametersView:116 -                Rank 3 : true
2025-08-27 18:32:52,543 [INFO] ADCParametersView:116 -                Rank 4 : true
2025-08-27 18:32:52,543 [INFO] ADCParametersView:116 -                Rank 1 : true
2025-08-27 18:32:52,543 [INFO] ADCParametersView:116 -                Rank 2 : true
2025-08-27 18:32:52,543 [INFO] ADCParametersView:116 -                Rank 3 : true
2025-08-27 18:32:52,544 [INFO] ADCParametersView:116 -                Rank 4 : true
2025-08-27 18:32:52,544 [INFO] ADCParametersView:116 -                Rank 1 : true
2025-08-27 18:32:52,544 [INFO] ADCParametersView:116 -                Rank 2 : true
2025-08-27 18:32:52,544 [INFO] ADCParametersView:116 -                Rank 3 : true
2025-08-27 18:32:52,544 [INFO] ADCParametersView:116 -                Rank 4 : true
2025-08-27 18:32:52,544 [INFO] ADCParametersView:116 -                Rank 1 : true
2025-08-27 18:32:52,544 [INFO] ADCParametersView:116 -                Rank 2 : true
2025-08-27 18:32:52,544 [INFO] ADCParametersView:116 -                Rank 3 : true
2025-08-27 18:32:52,544 [INFO] ADCParametersView:116 -                Rank 4 : true
2025-08-27 18:32:52,544 [INFO] ADCParametersView:116 -                Rank 1 : true
2025-08-27 18:32:52,544 [INFO] ADCParametersView:116 -                Rank 2 : true
2025-08-27 18:32:52,544 [INFO] ADCParametersView:116 -                Rank 3 : true
2025-08-27 18:32:52,544 [INFO] ADCParametersView:116 -                Rank 4 : true
2025-08-27 18:32:52,544 [INFO] ADCParametersView:116 -                Rank 1 : true
2025-08-27 18:32:52,544 [INFO] ADCParametersView:116 -                Rank 2 : true
2025-08-27 18:32:52,544 [INFO] ADCParametersView:116 -                Rank 3 : true
2025-08-27 18:32:52,544 [INFO] ADCParametersView:116 -                Rank 4 : true
2025-08-27 18:32:52,544 [INFO] ADCParametersView:116 -                Rank 1 : true
2025-08-27 18:32:52,544 [INFO] ADCParametersView:116 -                Rank 2 : true
2025-08-27 18:32:52,544 [INFO] ADCParametersView:116 -                Rank 3 : true
2025-08-27 18:32:52,544 [INFO] ADCParametersView:116 -                Rank 4 : true
2025-08-27 18:32:52,544 [INFO] ADCParametersView:116 -                Rank 1 : true
2025-08-27 18:32:52,544 [INFO] ADCParametersView:116 -                Rank 2 : true
2025-08-27 18:32:52,544 [INFO] ADCParametersView:116 -                Rank 3 : true
2025-08-27 18:32:52,544 [INFO] ADCParametersView:116 -                Rank 4 : true
2025-08-27 18:32:52,544 [INFO] ADCParametersView:116 -                Rank 1 : true
2025-08-27 18:32:52,544 [INFO] ADCParametersView:116 -                Rank 2 : true
2025-08-27 18:32:52,544 [INFO] ADCParametersView:116 -                Rank 3 : true
2025-08-27 18:32:52,544 [INFO] ADCParametersView:116 -                Rank 4 : true
2025-08-27 18:32:52,544 [INFO] ADCParametersView:116 -                Rank 1 : true
2025-08-27 18:32:52,544 [INFO] ADCParametersView:116 -                Rank 2 : true
2025-08-27 18:32:52,544 [INFO] ADCParametersView:116 -                Rank 3 : true
2025-08-27 18:32:52,544 [INFO] ADCParametersView:116 -                Rank 4 : true
2025-08-27 18:32:52,544 [INFO] ADCParametersView:116 -                Rank 2 : true
2025-08-27 18:32:52,544 [INFO] ADCParametersView:116 -                Rank 3 : true
2025-08-27 18:32:52,544 [INFO] ADCParametersView:116 -                Rank 4 : true
2025-08-27 18:32:52,544 [INFO] ADCParametersView:116 -                Rank 3 : true
2025-08-27 18:32:52,544 [INFO] ADCParametersView:116 -                Rank 4 : true
2025-08-27 18:32:52,545 [INFO] ADCParametersView:116 -                Rank 4 : true
2025-08-27 18:32:52,627 [INFO] ADCParametersView:116 -                Rank 1 : true
2025-08-27 18:32:52,628 [INFO] ADCParametersView:116 -                Rank 1 : true
2025-08-27 18:32:52,628 [INFO] ADCParametersView:116 -                Rank 2 : true
2025-08-27 18:32:52,628 [INFO] ADCParametersView:116 -                Rank 1 : true
2025-08-27 18:32:52,628 [INFO] ADCParametersView:116 -                Rank 2 : true
2025-08-27 18:32:52,628 [INFO] ADCParametersView:116 -                Rank 3 : true
2025-08-27 18:32:52,628 [INFO] ADCParametersView:116 -                Rank 1 : true
2025-08-27 18:32:52,628 [INFO] ADCParametersView:116 -                Rank 2 : true
2025-08-27 18:32:52,628 [INFO] ADCParametersView:116 -                Rank 3 : true
2025-08-27 18:32:52,628 [INFO] ADCParametersView:116 -                Rank 4 : true
2025-08-27 18:33:03,239 [INFO] UtilMem:75 - End SaveConfig() Used Memory: 567221112 Bytes (1073741824)
2025-08-27 18:33:03,344 [INFO] UtilMem:75 - End SaveConfig() Used Memory: 589205608 Bytes (1073741824)
2025-08-27 18:33:03,816 [INFO] UtilMem:75 - End SaveConfig() Used Memory: 656314472 Bytes (1073741824)
2025-08-27 18:33:04,527 [ERROR] IocParser:95 - Exception caught: Cannot invoke "java.lang.CharSequence.length()" because "this.text" is null
2025-08-27 18:33:04,829 [INFO] BlockDiagram:2775 - set Specific Code input for plugin: FREERTOS
2025-08-27 18:33:04,829 [INFO] BlockDiagram:2775 - set Specific Code input for plugin: RCC
2025-08-27 18:33:04,829 [INFO] BlockDiagram:2775 - set Specific Code input for plugin: I2C
2025-08-27 18:33:04,829 [INFO] BlockDiagram:2775 - set Specific Code input for plugin: BDMA
2025-08-27 18:33:04,829 [INFO] BlockDiagram:2775 - set Specific Code input for plugin: USART
2025-08-27 18:33:04,829 [INFO] BlockDiagram:2775 - set Specific Code input for plugin: TIM6_7H7
2025-08-27 18:33:04,829 [INFO] BlockDiagram:2775 - set Specific Code input for plugin: TIM1_8H7
2025-08-27 18:33:04,829 [INFO] BlockDiagram:2775 - set Specific Code input for plugin: SYS
2025-08-27 18:33:04,829 [INFO] BlockDiagram:2775 - set Specific Code input for plugin: ADC
2025-08-27 18:33:04,829 [INFO] BlockDiagram:2775 - set Specific Code input for plugin: ADC
2025-08-27 18:33:04,829 [INFO] BlockDiagram:2775 - set Specific Code input for plugin: NVIC2
2025-08-27 18:33:04,829 [INFO] BlockDiagram:2775 - set Specific Code input for plugin: UART
2025-08-27 18:33:04,829 [INFO] BlockDiagram:2775 - set Specific Code input for plugin: UART
2025-08-27 18:33:04,830 [INFO] BlockDiagram:2775 - set Specific Code input for plugin: GPIO
2025-08-27 18:33:04,830 [INFO] BlockDiagram:2775 - set Specific Code input for plugin: SYS_M4
2025-08-27 18:33:04,830 [INFO] BlockDiagram:2775 - set Specific Code input for plugin: NUCLEO-H755ZI-Q
2025-08-27 18:33:04,830 [INFO] BlockDiagram:2775 - set Specific Code input for plugin: NVIC1
2025-08-27 18:33:04,831 [INFO] CodeGenerator:892 - code generatio: config db path: C:\ST\STM32CubeIDE_1.19.0\STM32CubeIDE\plugins\com.st.stm32cube.common.mx_6.15.0.202507011659\\db\
2025-08-27 18:33:04,841 [INFO] Argument:325 - Argument : hdmavalue: null
2025-08-27 18:33:04,841 [INFO] Argument:327 - 	 sub Args: 
2025-08-27 18:33:04,841 [INFO] Argument:325 - Argument : Instancevalue: BDMA_Channel0
2025-08-27 18:33:04,841 [INFO] Argument:335 - Argument : Instancevalue: BDMA_Channel0
2025-08-27 18:33:04,841 [INFO] Argument:325 - Argument : Initvalue: null
2025-08-27 18:33:04,841 [INFO] Argument:327 - 	 sub Args: 
2025-08-27 18:33:04,841 [INFO] Argument:325 - Argument : Requestvalue: BDMA_REQUEST_ADC3
2025-08-27 18:33:04,841 [INFO] Argument:335 - Argument : Requestvalue: BDMA_REQUEST_ADC3
2025-08-27 18:33:04,841 [INFO] Argument:325 - Argument : Directionvalue: DMA_PERIPH_TO_MEMORY
2025-08-27 18:33:04,841 [INFO] Argument:335 - Argument : Directionvalue: DMA_PERIPH_TO_MEMORY
2025-08-27 18:33:04,841 [INFO] Argument:325 - Argument : PeriphIncvalue: DMA_PINC_DISABLE
2025-08-27 18:33:04,841 [INFO] Argument:335 - Argument : PeriphIncvalue: DMA_PINC_DISABLE
2025-08-27 18:33:04,841 [INFO] Argument:325 - Argument : MemIncvalue: DMA_MINC_ENABLE
2025-08-27 18:33:04,841 [INFO] Argument:335 - Argument : MemIncvalue: DMA_MINC_ENABLE
2025-08-27 18:33:04,841 [INFO] Argument:325 - Argument : PeriphDataAlignmentvalue: DMA_PDATAALIGN_HALFWORD
2025-08-27 18:33:04,841 [INFO] Argument:335 - Argument : PeriphDataAlignmentvalue: DMA_PDATAALIGN_HALFWORD
2025-08-27 18:33:04,841 [INFO] Argument:325 - Argument : MemDataAlignmentvalue: DMA_MDATAALIGN_HALFWORD
2025-08-27 18:33:04,841 [INFO] Argument:335 - Argument : MemDataAlignmentvalue: DMA_MDATAALIGN_HALFWORD
2025-08-27 18:33:04,841 [INFO] Argument:325 - Argument : Modevalue: DMA_CIRCULAR
2025-08-27 18:33:04,841 [INFO] Argument:335 - Argument : Modevalue: DMA_CIRCULAR
2025-08-27 18:33:04,841 [INFO] Argument:325 - Argument : Priorityvalue: DMA_PRIORITY_LOW
2025-08-27 18:33:04,841 [INFO] Argument:335 - Argument : Priorityvalue: DMA_PRIORITY_LOW
2025-08-27 18:33:04,841 [INFO] Argument:325 - Argument : Lockvalue: null
2025-08-27 18:33:04,841 [INFO] Argument:335 - Argument : Lockvalue: null
2025-08-27 18:33:04,841 [INFO] Argument:325 - Argument : Statevalue: null
2025-08-27 18:33:04,841 [INFO] Argument:335 - Argument : Statevalue: null
2025-08-27 18:33:04,841 [INFO] Argument:325 - Argument : Parentvalue: null
2025-08-27 18:33:04,841 [INFO] Argument:335 - Argument : Parentvalue: null
2025-08-27 18:33:04,841 [INFO] Argument:325 - Argument : XferCpltCallbackvalue: null
2025-08-27 18:33:04,841 [INFO] Argument:335 - Argument : XferCpltCallbackvalue: null
2025-08-27 18:33:04,841 [INFO] Argument:325 - Argument : XferHalfCpltCallbackvalue: null
2025-08-27 18:33:04,841 [INFO] Argument:335 - Argument : XferHalfCpltCallbackvalue: null
2025-08-27 18:33:04,841 [INFO] Argument:325 - Argument : XferM1CpltCallbackvalue: null
2025-08-27 18:33:04,841 [INFO] Argument:335 - Argument : XferM1CpltCallbackvalue: null
2025-08-27 18:33:04,841 [INFO] Argument:325 - Argument : XferM1HalfCpltCallbackvalue: null
2025-08-27 18:33:04,841 [INFO] Argument:335 - Argument : XferM1HalfCpltCallbackvalue: null
2025-08-27 18:33:04,841 [INFO] Argument:325 - Argument : XferErrorCallbackvalue: null
2025-08-27 18:33:04,841 [INFO] Argument:335 - Argument : XferErrorCallbackvalue: null
2025-08-27 18:33:04,841 [INFO] Argument:325 - Argument : XferAbortCallbackvalue: null
2025-08-27 18:33:04,841 [INFO] Argument:335 - Argument : XferAbortCallbackvalue: null
2025-08-27 18:33:04,841 [INFO] Argument:325 - Argument : ErrorCodevalue: null
2025-08-27 18:33:04,841 [INFO] Argument:335 - Argument : ErrorCodevalue: null
2025-08-27 18:33:04,841 [INFO] Argument:325 - Argument : StreamBaseAddressvalue: null
2025-08-27 18:33:04,841 [INFO] Argument:335 - Argument : StreamBaseAddressvalue: null
2025-08-27 18:33:04,841 [INFO] Argument:325 - Argument : StreamIndexvalue: null
2025-08-27 18:33:04,841 [INFO] Argument:335 - Argument : StreamIndexvalue: null
2025-08-27 18:33:04,896 [ERROR] CodeGenerator:10662 - The current RTOS owner has not been found in the list of IPs
2025-08-27 18:33:04,897 [INFO] CodeGenerator:1619 - *******************Project context M7 selected
2025-08-27 18:33:04,943 [INFO] CodeEngine:265 - oldGeneratedFile, C:\Users\nicks\STM32CubeIDE\workspace_1.19.0\AFR\AFR_SENSHORRS\MXTmpFiles\license.tmp_save
2025-08-27 18:33:05,069 [INFO] CodeEngine:289 - Generated code: C:\Users\nicks\STM32CubeIDE\workspace_1.19.0\AFR\AFR_SENSHORRS\MXTmpFiles\license.tmp
2025-08-27 18:33:05,177 [INFO] CodeEngine:265 - oldGeneratedFile, C:\Users\nicks\STM32CubeIDE\workspace_1.19.0\AFR\AFR_SENSHORRS\CM7\MXTmpFiles\gpio.tmp_save
2025-08-27 18:33:05,255 [INFO] CodeEngine:289 - Generated code: C:\Users\nicks\STM32CubeIDE\workspace_1.19.0\AFR\AFR_SENSHORRS\CM7\MXTmpFiles\gpio.tmp
2025-08-27 18:33:05,617 [WARN] IPConfigManager:103 - WARNING: Missing Config File for NVIC1 ip!!
2025-08-27 18:33:05,928 [ERROR] CodeGenerator:10662 - The current RTOS owner has not been found in the list of IPs
2025-08-27 18:33:05,965 [INFO] CodeEngine:265 - oldGeneratedFile, C:\Users\nicks\STM32CubeIDE\workspace_1.19.0\AFR\AFR_SENSHORRS\CM7\MXTmpFiles\bdma.tmp_save
2025-08-27 18:33:06,030 [INFO] CodeEngine:289 - Generated code: C:\Users\nicks\STM32CubeIDE\workspace_1.19.0\AFR\AFR_SENSHORRS\CM7\MXTmpFiles\bdma.tmp
2025-08-27 18:33:06,035 [INFO] CodeEngine:265 - oldGeneratedFile, C:\Users\nicks\STM32CubeIDE\workspace_1.19.0\AFR\AFR_SENSHORRS\CM7\MXTmpFiles\bdma_GV.tmp_save
2025-08-27 18:33:06,077 [INFO] CodeEngine:289 - Generated code: C:\Users\nicks\STM32CubeIDE\workspace_1.19.0\AFR\AFR_SENSHORRS\CM7\MXTmpFiles\bdma_GV.tmp
2025-08-27 18:33:06,086 [INFO] CodeEngine:265 - oldGeneratedFile, C:\Users\nicks\STM32CubeIDE\workspace_1.19.0\AFR\AFR_SENSHORRS\CM7\MXTmpFiles\cortex.tmp_save
2025-08-27 18:33:06,127 [INFO] CodeEngine:289 - Generated code: C:\Users\nicks\STM32CubeIDE\workspace_1.19.0\AFR\AFR_SENSHORRS\CM7\MXTmpFiles\cortex.tmp
2025-08-27 18:33:06,144 [INFO] Middleware:1452 - No code input for Bsp Dependency
2025-08-27 18:33:06,150 [INFO] CodeEngine:265 - oldGeneratedFile, C:\Users\nicks\STM32CubeIDE\workspace_1.19.0\AFR\AFR_SENSHORRS\CM7\MXTmpFiles\rtos_inc.tmp_save
2025-08-27 18:33:06,191 [INFO] CodeEngine:289 - Generated code: C:\Users\nicks\STM32CubeIDE\workspace_1.19.0\AFR\AFR_SENSHORRS\CM7\MXTmpFiles\rtos_inc.tmp
2025-08-27 18:33:06,195 [INFO] CodeEngine:265 - oldGeneratedFile, C:\Users\nicks\STM32CubeIDE\workspace_1.19.0\AFR\AFR_SENSHORRS\CM7\MXTmpFiles\rtos_kernelInit.tmp_save
2025-08-27 18:33:06,234 [INFO] CodeEngine:289 - Generated code: C:\Users\nicks\STM32CubeIDE\workspace_1.19.0\AFR\AFR_SENSHORRS\CM7\MXTmpFiles\rtos_kernelInit.tmp
2025-08-27 18:33:06,239 [INFO] CodeEngine:265 - oldGeneratedFile, C:\Users\nicks\STM32CubeIDE\workspace_1.19.0\AFR\AFR_SENSHORRS\CM7\MXTmpFiles\rtos_kernelStart.tmp_save
2025-08-27 18:33:06,279 [INFO] CodeEngine:289 - Generated code: C:\Users\nicks\STM32CubeIDE\workspace_1.19.0\AFR\AFR_SENSHORRS\CM7\MXTmpFiles\rtos_kernelStart.tmp
2025-08-27 18:33:06,283 [INFO] CodeEngine:265 - oldGeneratedFile, C:\Users\nicks\STM32CubeIDE\workspace_1.19.0\AFR\AFR_SENSHORRS\CM7\MXTmpFiles\rtos_typedefs.tmp_save
2025-08-27 18:33:06,322 [INFO] CodeEngine:289 - Generated code: C:\Users\nicks\STM32CubeIDE\workspace_1.19.0\AFR\AFR_SENSHORRS\CM7\MXTmpFiles\rtos_typedefs.tmp
2025-08-27 18:33:06,325 [INFO] CodeEngine:265 - oldGeneratedFile, C:\Users\nicks\STM32CubeIDE\workspace_1.19.0\AFR\AFR_SENSHORRS\CM7\MXTmpFiles\rtos_vars.tmp_save
2025-08-27 18:33:06,366 [INFO] CodeEngine:289 - Generated code: C:\Users\nicks\STM32CubeIDE\workspace_1.19.0\AFR\AFR_SENSHORRS\CM7\MXTmpFiles\rtos_vars.tmp
2025-08-27 18:33:06,371 [INFO] CodeEngine:265 - oldGeneratedFile, C:\Users\nicks\STM32CubeIDE\workspace_1.19.0\AFR\AFR_SENSHORRS\CM7\MXTmpFiles\rtos_pfp.tmp_save
2025-08-27 18:33:06,410 [INFO] CodeEngine:289 - Generated code: C:\Users\nicks\STM32CubeIDE\workspace_1.19.0\AFR\AFR_SENSHORRS\CM7\MXTmpFiles\rtos_pfp.tmp
2025-08-27 18:33:06,414 [INFO] CodeEngine:265 - oldGeneratedFile, C:\Users\nicks\STM32CubeIDE\workspace_1.19.0\AFR\AFR_SENSHORRS\CM7\MXTmpFiles\rtos_obj_creat.tmp_save
2025-08-27 18:33:06,455 [INFO] CodeEngine:289 - Generated code: C:\Users\nicks\STM32CubeIDE\workspace_1.19.0\AFR\AFR_SENSHORRS\CM7\MXTmpFiles\rtos_obj_creat.tmp
2025-08-27 18:33:06,460 [INFO] CodeEngine:265 - oldGeneratedFile, C:\Users\nicks\STM32CubeIDE\workspace_1.19.0\AFR\AFR_SENSHORRS\CM7\MXTmpFiles\rtos_default_thread.tmp_save
2025-08-27 18:33:06,500 [INFO] CodeEngine:289 - Generated code: C:\Users\nicks\STM32CubeIDE\workspace_1.19.0\AFR\AFR_SENSHORRS\CM7\MXTmpFiles\rtos_default_thread.tmp
2025-08-27 18:33:06,505 [INFO] CodeEngine:265 - oldGeneratedFile, C:\Users\nicks\STM32CubeIDE\workspace_1.19.0\AFR\AFR_SENSHORRS\CM7\MXTmpFiles\rtos_threads.tmp_save
2025-08-27 18:33:06,545 [INFO] CodeEngine:289 - Generated code: C:\Users\nicks\STM32CubeIDE\workspace_1.19.0\AFR\AFR_SENSHORRS\CM7\MXTmpFiles\rtos_threads.tmp
2025-08-27 18:33:06,550 [INFO] CodeEngine:265 - oldGeneratedFile, C:\Users\nicks\STM32CubeIDE\workspace_1.19.0\AFR\AFR_SENSHORRS\CM7\Core\Inc\FreeRTOSConfig.h_save
2025-08-27 18:33:06,604 [INFO] CodeEngine:289 - Generated code: C:\Users\nicks\STM32CubeIDE\workspace_1.19.0\AFR\AFR_SENSHORRS\CM7\Core\Inc\FreeRTOSConfig.h
2025-08-27 18:33:06,610 [INFO] CodeEngine:265 - oldGeneratedFile, C:\Users\nicks\STM32CubeIDE\workspace_1.19.0\AFR\AFR_SENSHORRS\CM7\Core\Src\freertos.c_save
2025-08-27 18:33:06,656 [INFO] CodeEngine:289 - Generated code: C:\Users\nicks\STM32CubeIDE\workspace_1.19.0\AFR\AFR_SENSHORRS\CM7\Core\Src\freertos.c
2025-08-27 18:33:06,696 [INFO] CodeEngine:265 - oldGeneratedFile, C:\Users\nicks\STM32CubeIDE\workspace_1.19.0\AFR\AFR_SENSHORRS\CM7\Core\Inc\stm32h7xx_nucleo_conf.h_save
2025-08-27 18:33:06,740 [INFO] CodeEngine:289 - Generated code: C:\Users\nicks\STM32CubeIDE\workspace_1.19.0\AFR\AFR_SENSHORRS\CM7\Core\Inc\stm32h7xx_nucleo_conf.h
2025-08-27 18:33:06,745 [INFO] CodeEngine:265 - oldGeneratedFile, C:\Users\nicks\STM32CubeIDE\workspace_1.19.0\AFR\AFR_SENSHORRS\CM7\MXTmpFiles\bsp_inc.tmp_save
2025-08-27 18:33:06,784 [INFO] CodeEngine:289 - Generated code: C:\Users\nicks\STM32CubeIDE\workspace_1.19.0\AFR\AFR_SENSHORRS\CM7\MXTmpFiles\bsp_inc.tmp
2025-08-27 18:33:06,789 [INFO] CodeEngine:265 - oldGeneratedFile, C:\Users\nicks\STM32CubeIDE\workspace_1.19.0\AFR\AFR_SENSHORRS\CM7\MXTmpFiles\bsp_common_vars.tmp_save
2025-08-27 18:33:06,829 [INFO] CodeEngine:289 - Generated code: C:\Users\nicks\STM32CubeIDE\workspace_1.19.0\AFR\AFR_SENSHORRS\CM7\MXTmpFiles\bsp_common_vars.tmp
2025-08-27 18:33:06,834 [INFO] CodeEngine:265 - oldGeneratedFile, C:\Users\nicks\STM32CubeIDE\workspace_1.19.0\AFR\AFR_SENSHORRS\CM7\MXTmpFiles\bsp_common_init.tmp_save
2025-08-27 18:33:06,874 [INFO] CodeEngine:289 - Generated code: C:\Users\nicks\STM32CubeIDE\workspace_1.19.0\AFR\AFR_SENSHORRS\CM7\MXTmpFiles\bsp_common_init.tmp
2025-08-27 18:33:06,879 [INFO] CodeEngine:265 - oldGeneratedFile, C:\Users\nicks\STM32CubeIDE\workspace_1.19.0\AFR\AFR_SENSHORRS\CM7\MXTmpFiles\bsp_common_demo_before_while.tmp_save
2025-08-27 18:33:06,918 [INFO] CodeEngine:289 - Generated code: C:\Users\nicks\STM32CubeIDE\workspace_1.19.0\AFR\AFR_SENSHORRS\CM7\MXTmpFiles\bsp_common_demo_before_while.tmp
2025-08-27 18:33:06,923 [INFO] CodeEngine:265 - oldGeneratedFile, C:\Users\nicks\STM32CubeIDE\workspace_1.19.0\AFR\AFR_SENSHORRS\CM7\MXTmpFiles\bsp_common_demo_inside_while.tmp_save
2025-08-27 18:33:06,961 [INFO] CodeEngine:289 - Generated code: C:\Users\nicks\STM32CubeIDE\workspace_1.19.0\AFR\AFR_SENSHORRS\CM7\MXTmpFiles\bsp_common_demo_inside_while.tmp
2025-08-27 18:33:06,966 [INFO] CodeEngine:265 - oldGeneratedFile, C:\Users\nicks\STM32CubeIDE\workspace_1.19.0\AFR\AFR_SENSHORRS\CM7\MXTmpFiles\bsp_common_demo_fct.tmp_save
2025-08-27 18:33:07,005 [INFO] CodeEngine:289 - Generated code: C:\Users\nicks\STM32CubeIDE\workspace_1.19.0\AFR\AFR_SENSHORRS\CM7\MXTmpFiles\bsp_common_demo_fct.tmp
2025-08-27 18:33:07,026 [INFO] CodeEngine:265 - oldGeneratedFile, C:\Users\nicks\STM32CubeIDE\workspace_1.19.0\AFR\AFR_SENSHORRS\CM7\Core\Src\stm32h7xx_it.c_save
2025-08-27 18:33:07,085 [INFO] CodeEngine:289 - Generated code: C:\Users\nicks\STM32CubeIDE\workspace_1.19.0\AFR\AFR_SENSHORRS\CM7\Core\Src\stm32h7xx_it.c
2025-08-27 18:33:07,091 [INFO] CodeEngine:265 - oldGeneratedFile, C:\Users\nicks\STM32CubeIDE\workspace_1.19.0\AFR\AFR_SENSHORRS\CM7\Core\Inc\stm32h7xx_it.h_save
2025-08-27 18:33:07,137 [INFO] CodeEngine:289 - Generated code: C:\Users\nicks\STM32CubeIDE\workspace_1.19.0\AFR\AFR_SENSHORRS\CM7\Core\Inc\stm32h7xx_it.h
2025-08-27 18:33:07,262 [INFO] CodeEngine:265 - oldGeneratedFile, C:\Users\nicks\STM32CubeIDE\workspace_1.19.0\AFR\AFR_SENSHORRS\CM7\Core\Src\stm32h7xx_hal_msp.c_save
2025-08-27 18:33:07,342 [INFO] CodeEngine:289 - Generated code: C:\Users\nicks\STM32CubeIDE\workspace_1.19.0\AFR\AFR_SENSHORRS\CM7\Core\Src\stm32h7xx_hal_msp.c
2025-08-27 18:33:07,346 [INFO] CodeEngine:265 - oldGeneratedFile, C:\Users\nicks\STM32CubeIDE\workspace_1.19.0\AFR\AFR_SENSHORRS\CM7\MXTmpFiles\system.tmp_save
2025-08-27 18:33:07,384 [INFO] CodeEngine:289 - Generated code: C:\Users\nicks\STM32CubeIDE\workspace_1.19.0\AFR\AFR_SENSHORRS\CM7\MXTmpFiles\system.tmp
2025-08-27 18:33:07,396 [INFO] CodeEngine:321 - oldGeneratedFile, C:\Users\nicks\STM32CubeIDE\workspace_1.19.0\AFR\AFR_SENSHORRS\CM7\Core\Inc\stm32h7xx_hal_conf.h_save
2025-08-27 18:33:07,443 [INFO] CodeEngine:345 - Generated code: C:\Users\nicks\STM32CubeIDE\workspace_1.19.0\AFR\AFR_SENSHORRS\CM7\Core\Inc\stm32h7xx_hal_conf.h
2025-08-27 18:33:07,472 [WARN] IPConfigManager:3811 - IP not found : NVIC
2025-08-27 18:33:07,472 [WARN] IPConfigManager:3811 - IP not found : TIM
2025-08-27 18:33:07,474 [WARN] CodeGenerator:4259 - IP not found : null
2025-08-27 18:33:07,474 [WARN] CodeGenerator:4259 - IP not found : null
2025-08-27 18:33:07,482 [INFO] CodeEngine:265 - oldGeneratedFile, C:\Users\nicks\STM32CubeIDE\workspace_1.19.0\AFR\AFR_SENSHORRS\CM7\Core\Inc\main.h_save
2025-08-27 18:33:07,533 [INFO] CodeEngine:289 - Generated code: C:\Users\nicks\STM32CubeIDE\workspace_1.19.0\AFR\AFR_SENSHORRS\CM7\Core\Inc\main.h
2025-08-27 18:33:07,539 [INFO] CodeEngine:265 - oldGeneratedFile, C:\Users\nicks\STM32CubeIDE\workspace_1.19.0\AFR\AFR_SENSHORRS\CM7\Core\Src\main.c_save
2025-08-27 18:33:07,635 [INFO] CodeEngine:289 - Generated code: C:\Users\nicks\STM32CubeIDE\workspace_1.19.0\AFR\AFR_SENSHORRS\CM7\Core\Src\main.c
2025-08-27 18:33:07,674 [INFO] CodeGenerator:1619 - *******************Project context M4 selected
2025-08-27 18:33:07,718 [INFO] CodeEngine:265 - oldGeneratedFile, C:\Users\nicks\STM32CubeIDE\workspace_1.19.0\AFR\AFR_SENSHORRS\MXTmpFiles\license.tmp_save
2025-08-27 18:33:07,761 [INFO] CodeEngine:289 - Generated code: C:\Users\nicks\STM32CubeIDE\workspace_1.19.0\AFR\AFR_SENSHORRS\MXTmpFiles\license.tmp
2025-08-27 18:33:07,779 [INFO] CodeEngine:265 - oldGeneratedFile, C:\Users\nicks\STM32CubeIDE\workspace_1.19.0\AFR\AFR_SENSHORRS\CM4\MXTmpFiles\gpio.tmp_save
2025-08-27 18:33:07,818 [INFO] CodeEngine:289 - Generated code: C:\Users\nicks\STM32CubeIDE\workspace_1.19.0\AFR\AFR_SENSHORRS\CM4\MXTmpFiles\gpio.tmp
2025-08-27 18:33:07,865 [WARN] IPConfigManager:103 - WARNING: Missing Config File for NVIC2 ip!!
2025-08-27 18:33:07,923 [INFO] CodeEngine:265 - oldGeneratedFile, C:\Users\nicks\STM32CubeIDE\workspace_1.19.0\AFR\AFR_SENSHORRS\CM4\MXTmpFiles\bdma.tmp_save
2025-08-27 18:33:07,962 [INFO] CodeEngine:289 - Generated code: C:\Users\nicks\STM32CubeIDE\workspace_1.19.0\AFR\AFR_SENSHORRS\CM4\MXTmpFiles\bdma.tmp
2025-08-27 18:33:07,966 [INFO] CodeEngine:265 - oldGeneratedFile, C:\Users\nicks\STM32CubeIDE\workspace_1.19.0\AFR\AFR_SENSHORRS\CM4\MXTmpFiles\bdma_GV.tmp_save
2025-08-27 18:33:08,005 [INFO] CodeEngine:289 - Generated code: C:\Users\nicks\STM32CubeIDE\workspace_1.19.0\AFR\AFR_SENSHORRS\CM4\MXTmpFiles\bdma_GV.tmp
2025-08-27 18:33:08,013 [INFO] CodeEngine:265 - oldGeneratedFile, C:\Users\nicks\STM32CubeIDE\workspace_1.19.0\AFR\AFR_SENSHORRS\CM4\MXTmpFiles\cortex.tmp_save
2025-08-27 18:33:08,053 [INFO] CodeEngine:289 - Generated code: C:\Users\nicks\STM32CubeIDE\workspace_1.19.0\AFR\AFR_SENSHORRS\CM4\MXTmpFiles\cortex.tmp
2025-08-27 18:33:08,091 [INFO] CodeEngine:265 - oldGeneratedFile, C:\Users\nicks\STM32CubeIDE\workspace_1.19.0\AFR\AFR_SENSHORRS\CM4\Core\Inc\stm32h7xx_nucleo_conf.h_save
2025-08-27 18:33:08,134 [INFO] CodeEngine:289 - Generated code: C:\Users\nicks\STM32CubeIDE\workspace_1.19.0\AFR\AFR_SENSHORRS\CM4\Core\Inc\stm32h7xx_nucleo_conf.h
2025-08-27 18:33:08,138 [INFO] CodeEngine:265 - oldGeneratedFile, C:\Users\nicks\STM32CubeIDE\workspace_1.19.0\AFR\AFR_SENSHORRS\CM4\MXTmpFiles\bsp_inc.tmp_save
2025-08-27 18:33:08,177 [INFO] CodeEngine:289 - Generated code: C:\Users\nicks\STM32CubeIDE\workspace_1.19.0\AFR\AFR_SENSHORRS\CM4\MXTmpFiles\bsp_inc.tmp
2025-08-27 18:33:08,197 [INFO] CodeEngine:265 - oldGeneratedFile, C:\Users\nicks\STM32CubeIDE\workspace_1.19.0\AFR\AFR_SENSHORRS\CM4\Core\Src\stm32h7xx_it.c_save
2025-08-27 18:33:08,249 [INFO] CodeEngine:289 - Generated code: C:\Users\nicks\STM32CubeIDE\workspace_1.19.0\AFR\AFR_SENSHORRS\CM4\Core\Src\stm32h7xx_it.c
2025-08-27 18:33:08,255 [INFO] CodeEngine:265 - oldGeneratedFile, C:\Users\nicks\STM32CubeIDE\workspace_1.19.0\AFR\AFR_SENSHORRS\CM4\Core\Inc\stm32h7xx_it.h_save
2025-08-27 18:33:08,299 [INFO] CodeEngine:289 - Generated code: C:\Users\nicks\STM32CubeIDE\workspace_1.19.0\AFR\AFR_SENSHORRS\CM4\Core\Inc\stm32h7xx_it.h
2025-08-27 18:33:08,347 [INFO] CodeEngine:265 - oldGeneratedFile, C:\Users\nicks\STM32CubeIDE\workspace_1.19.0\AFR\AFR_SENSHORRS\CM4\Core\Src\stm32h7xx_hal_msp.c_save
2025-08-27 18:33:08,417 [INFO] CodeEngine:289 - Generated code: C:\Users\nicks\STM32CubeIDE\workspace_1.19.0\AFR\AFR_SENSHORRS\CM4\Core\Src\stm32h7xx_hal_msp.c
2025-08-27 18:33:08,421 [INFO] CodeEngine:265 - oldGeneratedFile, C:\Users\nicks\STM32CubeIDE\workspace_1.19.0\AFR\AFR_SENSHORRS\CM4\MXTmpFiles\system.tmp_save
2025-08-27 18:33:08,462 [INFO] CodeEngine:289 - Generated code: C:\Users\nicks\STM32CubeIDE\workspace_1.19.0\AFR\AFR_SENSHORRS\CM4\MXTmpFiles\system.tmp
2025-08-27 18:33:08,474 [INFO] CodeEngine:321 - oldGeneratedFile, C:\Users\nicks\STM32CubeIDE\workspace_1.19.0\AFR\AFR_SENSHORRS\CM4\Core\Inc\stm32h7xx_hal_conf.h_save
2025-08-27 18:33:08,521 [INFO] CodeEngine:345 - Generated code: C:\Users\nicks\STM32CubeIDE\workspace_1.19.0\AFR\AFR_SENSHORRS\CM4\Core\Inc\stm32h7xx_hal_conf.h
2025-08-27 18:33:08,532 [WARN] IPConfigManager:3811 - IP not found : NVIC
2025-08-27 18:33:08,533 [WARN] CodeGenerator:4259 - IP not found : null
2025-08-27 18:33:08,539 [INFO] CodeEngine:265 - oldGeneratedFile, C:\Users\nicks\STM32CubeIDE\workspace_1.19.0\AFR\AFR_SENSHORRS\CM4\Core\Inc\main.h_save
2025-08-27 18:33:08,584 [INFO] CodeEngine:289 - Generated code: C:\Users\nicks\STM32CubeIDE\workspace_1.19.0\AFR\AFR_SENSHORRS\CM4\Core\Inc\main.h
2025-08-27 18:33:08,589 [INFO] CodeEngine:265 - oldGeneratedFile, C:\Users\nicks\STM32CubeIDE\workspace_1.19.0\AFR\AFR_SENSHORRS\CM4\Core\Src\main.c_save
2025-08-27 18:33:08,661 [INFO] CodeEngine:289 - Generated code: C:\Users\nicks\STM32CubeIDE\workspace_1.19.0\AFR\AFR_SENSHORRS\CM4\Core\Src\main.c
2025-08-27 18:33:09,061 [INFO] ProjectBuilder:3606 - Time for Copy HAL[1] : 237mS.
2025-08-27 18:33:09,073 [INFO] ProjectBuilder:5216 - Project Generator version: 4.7.0-B52
2025-08-27 18:33:09,146 [INFO] ConfigFileManager:1595 - The Die is : DIE450
2025-08-27 18:33:14,989 [INFO] ProjectBuilder:5496 - Time for Generating toolchain IDE Files: 5916mS.
2025-08-27 18:33:14,990 [INFO] ProjectBuilder:3463 - Time for Copy CMSIS : 0mS.
2025-08-27 18:33:14,998 [INFO] ProjectBuilder:3463 - Time for Copy CMSIS : 0mS.
2025-08-27 19:01:58,766 [INFO] ADCParametersView:116 -                Rank 1 : true
2025-08-27 19:01:58,766 [INFO] ADCParametersView:116 -                Rank 2 : true
2025-08-27 19:01:58,766 [INFO] ADCParametersView:116 -                Rank 3 : true
2025-08-27 19:01:58,767 [INFO] ADCParametersView:116 -                Rank 4 : true
2025-08-27 19:01:58,771 [INFO] ADCParametersView:116 -                Rank 1 : true
2025-08-27 19:01:58,771 [INFO] ADCParametersView:116 -                Rank 2 : true
2025-08-27 19:01:58,772 [INFO] ADCParametersView:116 -                Rank 3 : true
2025-08-27 19:01:58,772 [INFO] ADCParametersView:116 -                Rank 4 : true
2025-08-27 19:01:58,772 [INFO] ADCParametersView:116 -                Rank 1 : true
2025-08-27 19:01:58,772 [INFO] ADCParametersView:116 -                Rank 2 : true
2025-08-27 19:01:58,772 [INFO] ADCParametersView:116 -                Rank 3 : true
2025-08-27 19:01:58,773 [INFO] ADCParametersView:116 -                Rank 4 : true
2025-08-27 19:01:58,773 [INFO] ADCParametersView:116 -                Rank 1 : true
2025-08-27 19:01:58,773 [INFO] ADCParametersView:116 -                Rank 2 : true
2025-08-27 19:01:58,773 [INFO] ADCParametersView:116 -                Rank 3 : true
2025-08-27 19:01:58,773 [INFO] ADCParametersView:116 -                Rank 4 : true
2025-08-27 19:01:58,773 [INFO] ADCParametersView:116 -                Rank 1 : true
2025-08-27 19:01:58,773 [INFO] ADCParametersView:116 -                Rank 2 : true
2025-08-27 19:01:58,773 [INFO] ADCParametersView:116 -                Rank 3 : true
2025-08-27 19:01:58,774 [INFO] ADCParametersView:116 -                Rank 4 : true
2025-08-27 19:01:58,774 [INFO] ADCParametersView:116 -                Rank 1 : true
2025-08-27 19:01:58,774 [INFO] ADCParametersView:116 -                Rank 2 : true
2025-08-27 19:01:58,774 [INFO] ADCParametersView:116 -                Rank 3 : true
2025-08-27 19:01:58,774 [INFO] ADCParametersView:116 -                Rank 4 : true
2025-08-27 19:01:58,774 [INFO] ADCParametersView:116 -                Rank 1 : true
2025-08-27 19:01:58,774 [INFO] ADCParametersView:116 -                Rank 2 : true
2025-08-27 19:01:58,775 [INFO] ADCParametersView:116 -                Rank 3 : true
2025-08-27 19:01:58,775 [INFO] ADCParametersView:116 -                Rank 4 : true
2025-08-27 19:01:58,775 [INFO] ADCParametersView:116 -                Rank 1 : true
2025-08-27 19:01:58,775 [INFO] ADCParametersView:116 -                Rank 2 : true
2025-08-27 19:01:58,775 [INFO] ADCParametersView:116 -                Rank 3 : true
2025-08-27 19:01:58,775 [INFO] ADCParametersView:116 -                Rank 4 : true
2025-08-27 19:01:58,775 [INFO] ADCParametersView:116 -                Rank 1 : true
2025-08-27 19:01:58,776 [INFO] ADCParametersView:116 -                Rank 2 : true
2025-08-27 19:01:58,776 [INFO] ADCParametersView:116 -                Rank 3 : true
2025-08-27 19:01:58,776 [INFO] ADCParametersView:116 -                Rank 4 : true
2025-08-27 19:01:58,777 [INFO] ADCParametersView:116 -                Rank 1 : true
2025-08-27 19:01:58,777 [INFO] ADCParametersView:116 -                Rank 2 : true
2025-08-27 19:01:58,777 [INFO] ADCParametersView:116 -                Rank 3 : true
2025-08-27 19:01:58,777 [INFO] ADCParametersView:116 -                Rank 4 : true
2025-08-27 19:01:58,777 [INFO] ADCParametersView:116 -                Rank 1 : true
2025-08-27 19:01:58,777 [INFO] ADCParametersView:116 -                Rank 2 : true
2025-08-27 19:01:58,778 [INFO] ADCParametersView:116 -                Rank 3 : true
2025-08-27 19:01:58,778 [INFO] ADCParametersView:116 -                Rank 4 : true
2025-08-27 19:01:58,778 [INFO] ADCParametersView:116 -                Rank 1 : true
2025-08-27 19:01:58,778 [INFO] ADCParametersView:116 -                Rank 2 : true
2025-08-27 19:01:58,778 [INFO] ADCParametersView:116 -                Rank 3 : true
2025-08-27 19:01:58,778 [INFO] ADCParametersView:116 -                Rank 4 : true
2025-08-27 19:01:58,779 [INFO] ADCParametersView:116 -                Rank 1 : true
2025-08-27 19:01:58,779 [INFO] ADCParametersView:116 -                Rank 2 : true
2025-08-27 19:01:58,779 [INFO] ADCParametersView:116 -                Rank 3 : true
2025-08-27 19:01:58,779 [INFO] ADCParametersView:116 -                Rank 4 : true
2025-08-27 19:01:58,779 [INFO] ADCParametersView:116 -                Rank 1 : true
2025-08-27 19:01:58,779 [INFO] ADCParametersView:116 -                Rank 2 : true
2025-08-27 19:01:58,779 [INFO] ADCParametersView:116 -                Rank 3 : true
2025-08-27 19:01:58,779 [INFO] ADCParametersView:116 -                Rank 4 : true
2025-08-27 19:01:58,779 [INFO] ADCParametersView:116 -                Rank 1 : true
2025-08-27 19:01:58,780 [INFO] ADCParametersView:116 -                Rank 2 : true
2025-08-27 19:01:58,780 [INFO] ADCParametersView:116 -                Rank 3 : true
2025-08-27 19:01:58,780 [INFO] ADCParametersView:116 -                Rank 4 : true
2025-08-27 19:01:58,780 [INFO] ADCParametersView:116 -                Rank 1 : true
2025-08-27 19:01:58,780 [INFO] ADCParametersView:116 -                Rank 2 : true
2025-08-27 19:01:58,780 [INFO] ADCParametersView:116 -                Rank 3 : true
2025-08-27 19:01:58,780 [INFO] ADCParametersView:116 -                Rank 4 : true
2025-08-27 19:01:58,780 [INFO] ADCParametersView:116 -                Rank 1 : true
2025-08-27 19:01:58,780 [INFO] ADCParametersView:116 -                Rank 2 : true
2025-08-27 19:01:58,780 [INFO] ADCParametersView:116 -                Rank 3 : true
2025-08-27 19:01:58,780 [INFO] ADCParametersView:116 -                Rank 4 : true
2025-08-27 19:01:58,781 [INFO] ADCParametersView:116 -                Rank 1 : true
2025-08-27 19:01:58,781 [INFO] ADCParametersView:116 -                Rank 2 : true
2025-08-27 19:01:58,781 [INFO] ADCParametersView:116 -                Rank 3 : true
2025-08-27 19:01:58,781 [INFO] ADCParametersView:116 -                Rank 4 : true
2025-08-27 19:01:58,781 [INFO] ADCParametersView:116 -                Rank 1 : true
2025-08-27 19:01:58,781 [INFO] ADCParametersView:116 -                Rank 2 : true
2025-08-27 19:01:58,781 [INFO] ADCParametersView:116 -                Rank 3 : true
2025-08-27 19:01:58,781 [INFO] ADCParametersView:116 -                Rank 4 : true
2025-08-27 19:01:58,781 [INFO] ADCParametersView:116 -                Rank 1 : true
2025-08-27 19:01:58,782 [INFO] ADCParametersView:116 -                Rank 2 : true
2025-08-27 19:01:58,782 [INFO] ADCParametersView:116 -                Rank 3 : true
2025-08-27 19:01:58,782 [INFO] ADCParametersView:116 -                Rank 4 : true
2025-08-27 19:01:58,782 [INFO] ADCParametersView:116 -                Rank 2 : true
2025-08-27 19:01:58,782 [INFO] ADCParametersView:116 -                Rank 3 : true
2025-08-27 19:01:58,782 [INFO] ADCParametersView:116 -                Rank 4 : true
2025-08-27 19:01:58,782 [INFO] ADCParametersView:116 -                Rank 3 : true
2025-08-27 19:01:58,782 [INFO] ADCParametersView:116 -                Rank 4 : true
2025-08-27 19:01:58,782 [INFO] ADCParametersView:116 -                Rank 4 : true
2025-08-27 19:01:59,013 [INFO] ADCParametersView:116 -                Rank 1 : true
2025-08-27 19:01:59,014 [INFO] ADCParametersView:116 -                Rank 1 : true
2025-08-27 19:01:59,014 [INFO] ADCParametersView:116 -                Rank 2 : true
2025-08-27 19:01:59,014 [INFO] ADCParametersView:116 -                Rank 1 : true
2025-08-27 19:01:59,014 [INFO] ADCParametersView:116 -                Rank 2 : true
2025-08-27 19:01:59,014 [INFO] ADCParametersView:116 -                Rank 3 : true
2025-08-27 19:01:59,015 [INFO] ADCParametersView:116 -                Rank 1 : true
2025-08-27 19:01:59,015 [INFO] ADCParametersView:116 -                Rank 2 : true
2025-08-27 19:01:59,015 [INFO] ADCParametersView:116 -                Rank 3 : true
2025-08-27 19:01:59,015 [INFO] ADCParametersView:116 -                Rank 4 : true
2025-08-27 19:23:01,217 [INFO] NvicIntPanel:101 - NVIC parent = com.st.microxplorer.plugins.ip.nvic.MultiNvicIntPanel[,0,0,666x246,layout=javax.swing.BoxLayout,alignmentX=0.0,alignmentY=0.0,border=,flags=9,maximumSize=,minimumSize=,preferredSize=]
2025-08-27 19:33:42,666 [INFO] UtilMem:75 - End SaveConfig() Used Memory: 780514368 Bytes (1073741824)
2025-08-27 19:33:42,810 [INFO] UtilMem:75 - End SaveConfig() Used Memory: 813020224 Bytes (1073741824)
2025-08-27 19:33:43,325 [INFO] UtilMem:75 - End SaveConfig() Used Memory: 860206144 Bytes (1073741824)
2025-08-27 19:33:44,012 [ERROR] IocParser:95 - Exception caught: Cannot invoke "java.lang.CharSequence.length()" because "this.text" is null
2025-08-27 19:33:44,740 [INFO] BlockDiagram:2775 - set Specific Code input for plugin: FREERTOS
2025-08-27 19:33:44,740 [INFO] BlockDiagram:2775 - set Specific Code input for plugin: RCC
2025-08-27 19:33:44,740 [INFO] BlockDiagram:2775 - set Specific Code input for plugin: I2C
2025-08-27 19:33:44,740 [INFO] BlockDiagram:2775 - set Specific Code input for plugin: BDMA
2025-08-27 19:33:44,740 [INFO] BlockDiagram:2775 - set Specific Code input for plugin: USART
2025-08-27 19:33:44,740 [INFO] BlockDiagram:2775 - set Specific Code input for plugin: TIM6_7H7
2025-08-27 19:33:44,740 [INFO] BlockDiagram:2775 - set Specific Code input for plugin: TIM1_8H7
2025-08-27 19:33:44,740 [INFO] BlockDiagram:2775 - set Specific Code input for plugin: SYS
2025-08-27 19:33:44,740 [INFO] BlockDiagram:2775 - set Specific Code input for plugin: ADC
2025-08-27 19:33:44,740 [INFO] BlockDiagram:2775 - set Specific Code input for plugin: ADC
2025-08-27 19:33:44,741 [INFO] BlockDiagram:2775 - set Specific Code input for plugin: NVIC2
2025-08-27 19:33:44,741 [INFO] BlockDiagram:2775 - set Specific Code input for plugin: UART
2025-08-27 19:33:44,741 [INFO] BlockDiagram:2775 - set Specific Code input for plugin: UART
2025-08-27 19:33:44,741 [INFO] BlockDiagram:2775 - set Specific Code input for plugin: GPIO
2025-08-27 19:33:44,741 [INFO] BlockDiagram:2775 - set Specific Code input for plugin: SYS_M4
2025-08-27 19:33:44,742 [INFO] BlockDiagram:2775 - set Specific Code input for plugin: NUCLEO-H755ZI-Q
2025-08-27 19:33:44,742 [INFO] BlockDiagram:2775 - set Specific Code input for plugin: NVIC1
2025-08-27 19:33:44,743 [INFO] CodeGenerator:892 - code generatio: config db path: C:\ST\STM32CubeIDE_1.19.0\STM32CubeIDE\plugins\com.st.stm32cube.common.mx_6.15.0.202507011659\\db\
2025-08-27 19:33:44,818 [ERROR] CodeGenerator:10662 - The current RTOS owner has not been found in the list of IPs
2025-08-27 19:33:44,818 [INFO] CodeGenerator:1619 - *******************Project context M7 selected
2025-08-27 19:33:44,875 [INFO] CodeEngine:265 - oldGeneratedFile, C:\Users\nicks\STM32CubeIDE\workspace_1.19.0\AFR\AFR_SENSHORRS\MXTmpFiles\license.tmp_save
2025-08-27 19:33:45,074 [INFO] CodeEngine:289 - Generated code: C:\Users\nicks\STM32CubeIDE\workspace_1.19.0\AFR\AFR_SENSHORRS\MXTmpFiles\license.tmp
2025-08-27 19:33:45,172 [INFO] CodeEngine:265 - oldGeneratedFile, C:\Users\nicks\STM32CubeIDE\workspace_1.19.0\AFR\AFR_SENSHORRS\CM7\MXTmpFiles\gpio.tmp_save
2025-08-27 19:33:45,254 [INFO] CodeEngine:289 - Generated code: C:\Users\nicks\STM32CubeIDE\workspace_1.19.0\AFR\AFR_SENSHORRS\CM7\MXTmpFiles\gpio.tmp
2025-08-27 19:33:45,664 [WARN] IPConfigManager:103 - WARNING: Missing Config File for NVIC1 ip!!
2025-08-27 19:33:45,953 [ERROR] CodeGenerator:10662 - The current RTOS owner has not been found in the list of IPs
2025-08-27 19:33:45,988 [INFO] CodeEngine:265 - oldGeneratedFile, C:\Users\nicks\STM32CubeIDE\workspace_1.19.0\AFR\AFR_SENSHORRS\CM7\MXTmpFiles\bdma.tmp_save
2025-08-27 19:33:46,038 [INFO] CodeEngine:289 - Generated code: C:\Users\nicks\STM32CubeIDE\workspace_1.19.0\AFR\AFR_SENSHORRS\CM7\MXTmpFiles\bdma.tmp
2025-08-27 19:33:46,043 [INFO] CodeEngine:265 - oldGeneratedFile, C:\Users\nicks\STM32CubeIDE\workspace_1.19.0\AFR\AFR_SENSHORRS\CM7\MXTmpFiles\bdma_GV.tmp_save
2025-08-27 19:33:46,086 [INFO] CodeEngine:289 - Generated code: C:\Users\nicks\STM32CubeIDE\workspace_1.19.0\AFR\AFR_SENSHORRS\CM7\MXTmpFiles\bdma_GV.tmp
2025-08-27 19:33:46,095 [INFO] CodeEngine:265 - oldGeneratedFile, C:\Users\nicks\STM32CubeIDE\workspace_1.19.0\AFR\AFR_SENSHORRS\CM7\MXTmpFiles\cortex.tmp_save
2025-08-27 19:33:46,144 [INFO] CodeEngine:289 - Generated code: C:\Users\nicks\STM32CubeIDE\workspace_1.19.0\AFR\AFR_SENSHORRS\CM7\MXTmpFiles\cortex.tmp
2025-08-27 19:33:46,163 [INFO] Middleware:1452 - No code input for Bsp Dependency
2025-08-27 19:33:46,170 [INFO] CodeEngine:265 - oldGeneratedFile, C:\Users\nicks\STM32CubeIDE\workspace_1.19.0\AFR\AFR_SENSHORRS\CM7\MXTmpFiles\rtos_inc.tmp_save
2025-08-27 19:33:46,211 [INFO] CodeEngine:289 - Generated code: C:\Users\nicks\STM32CubeIDE\workspace_1.19.0\AFR\AFR_SENSHORRS\CM7\MXTmpFiles\rtos_inc.tmp
2025-08-27 19:33:46,216 [INFO] CodeEngine:265 - oldGeneratedFile, C:\Users\nicks\STM32CubeIDE\workspace_1.19.0\AFR\AFR_SENSHORRS\CM7\MXTmpFiles\rtos_kernelInit.tmp_save
2025-08-27 19:33:46,256 [INFO] CodeEngine:289 - Generated code: C:\Users\nicks\STM32CubeIDE\workspace_1.19.0\AFR\AFR_SENSHORRS\CM7\MXTmpFiles\rtos_kernelInit.tmp
2025-08-27 19:33:46,261 [INFO] CodeEngine:265 - oldGeneratedFile, C:\Users\nicks\STM32CubeIDE\workspace_1.19.0\AFR\AFR_SENSHORRS\CM7\MXTmpFiles\rtos_kernelStart.tmp_save
2025-08-27 19:33:46,300 [INFO] CodeEngine:289 - Generated code: C:\Users\nicks\STM32CubeIDE\workspace_1.19.0\AFR\AFR_SENSHORRS\CM7\MXTmpFiles\rtos_kernelStart.tmp
2025-08-27 19:33:46,305 [INFO] CodeEngine:265 - oldGeneratedFile, C:\Users\nicks\STM32CubeIDE\workspace_1.19.0\AFR\AFR_SENSHORRS\CM7\MXTmpFiles\rtos_typedefs.tmp_save
2025-08-27 19:33:46,349 [INFO] CodeEngine:289 - Generated code: C:\Users\nicks\STM32CubeIDE\workspace_1.19.0\AFR\AFR_SENSHORRS\CM7\MXTmpFiles\rtos_typedefs.tmp
2025-08-27 19:33:46,353 [INFO] CodeEngine:265 - oldGeneratedFile, C:\Users\nicks\STM32CubeIDE\workspace_1.19.0\AFR\AFR_SENSHORRS\CM7\MXTmpFiles\rtos_vars.tmp_save
2025-08-27 19:33:46,390 [INFO] CodeEngine:289 - Generated code: C:\Users\nicks\STM32CubeIDE\workspace_1.19.0\AFR\AFR_SENSHORRS\CM7\MXTmpFiles\rtos_vars.tmp
2025-08-27 19:33:46,399 [INFO] CodeEngine:265 - oldGeneratedFile, C:\Users\nicks\STM32CubeIDE\workspace_1.19.0\AFR\AFR_SENSHORRS\CM7\MXTmpFiles\rtos_pfp.tmp_save
2025-08-27 19:33:46,438 [INFO] CodeEngine:289 - Generated code: C:\Users\nicks\STM32CubeIDE\workspace_1.19.0\AFR\AFR_SENSHORRS\CM7\MXTmpFiles\rtos_pfp.tmp
2025-08-27 19:33:46,443 [INFO] CodeEngine:265 - oldGeneratedFile, C:\Users\nicks\STM32CubeIDE\workspace_1.19.0\AFR\AFR_SENSHORRS\CM7\MXTmpFiles\rtos_obj_creat.tmp_save
2025-08-27 19:33:46,487 [INFO] CodeEngine:289 - Generated code: C:\Users\nicks\STM32CubeIDE\workspace_1.19.0\AFR\AFR_SENSHORRS\CM7\MXTmpFiles\rtos_obj_creat.tmp
2025-08-27 19:33:46,492 [INFO] CodeEngine:265 - oldGeneratedFile, C:\Users\nicks\STM32CubeIDE\workspace_1.19.0\AFR\AFR_SENSHORRS\CM7\MXTmpFiles\rtos_default_thread.tmp_save
2025-08-27 19:33:46,534 [INFO] CodeEngine:289 - Generated code: C:\Users\nicks\STM32CubeIDE\workspace_1.19.0\AFR\AFR_SENSHORRS\CM7\MXTmpFiles\rtos_default_thread.tmp
2025-08-27 19:33:46,538 [INFO] CodeEngine:265 - oldGeneratedFile, C:\Users\nicks\STM32CubeIDE\workspace_1.19.0\AFR\AFR_SENSHORRS\CM7\MXTmpFiles\rtos_threads.tmp_save
2025-08-27 19:33:46,581 [INFO] CodeEngine:289 - Generated code: C:\Users\nicks\STM32CubeIDE\workspace_1.19.0\AFR\AFR_SENSHORRS\CM7\MXTmpFiles\rtos_threads.tmp
2025-08-27 19:33:46,587 [INFO] CodeEngine:265 - oldGeneratedFile, C:\Users\nicks\STM32CubeIDE\workspace_1.19.0\AFR\AFR_SENSHORRS\CM7\Core\Inc\FreeRTOSConfig.h_save
2025-08-27 19:33:46,649 [INFO] CodeEngine:289 - Generated code: C:\Users\nicks\STM32CubeIDE\workspace_1.19.0\AFR\AFR_SENSHORRS\CM7\Core\Inc\FreeRTOSConfig.h
2025-08-27 19:33:46,656 [INFO] CodeEngine:265 - oldGeneratedFile, C:\Users\nicks\STM32CubeIDE\workspace_1.19.0\AFR\AFR_SENSHORRS\CM7\Core\Src\freertos.c_save
2025-08-27 19:33:46,702 [INFO] CodeEngine:289 - Generated code: C:\Users\nicks\STM32CubeIDE\workspace_1.19.0\AFR\AFR_SENSHORRS\CM7\Core\Src\freertos.c
2025-08-27 19:33:46,739 [INFO] CodeEngine:265 - oldGeneratedFile, C:\Users\nicks\STM32CubeIDE\workspace_1.19.0\AFR\AFR_SENSHORRS\CM7\Core\Inc\stm32h7xx_nucleo_conf.h_save
2025-08-27 19:33:46,785 [INFO] CodeEngine:289 - Generated code: C:\Users\nicks\STM32CubeIDE\workspace_1.19.0\AFR\AFR_SENSHORRS\CM7\Core\Inc\stm32h7xx_nucleo_conf.h
2025-08-27 19:33:46,791 [INFO] CodeEngine:265 - oldGeneratedFile, C:\Users\nicks\STM32CubeIDE\workspace_1.19.0\AFR\AFR_SENSHORRS\CM7\MXTmpFiles\bsp_inc.tmp_save
2025-08-27 19:33:46,838 [INFO] CodeEngine:289 - Generated code: C:\Users\nicks\STM32CubeIDE\workspace_1.19.0\AFR\AFR_SENSHORRS\CM7\MXTmpFiles\bsp_inc.tmp
2025-08-27 19:33:46,843 [INFO] CodeEngine:265 - oldGeneratedFile, C:\Users\nicks\STM32CubeIDE\workspace_1.19.0\AFR\AFR_SENSHORRS\CM7\MXTmpFiles\bsp_common_vars.tmp_save
2025-08-27 19:33:46,884 [INFO] CodeEngine:289 - Generated code: C:\Users\nicks\STM32CubeIDE\workspace_1.19.0\AFR\AFR_SENSHORRS\CM7\MXTmpFiles\bsp_common_vars.tmp
2025-08-27 19:33:46,889 [INFO] CodeEngine:265 - oldGeneratedFile, C:\Users\nicks\STM32CubeIDE\workspace_1.19.0\AFR\AFR_SENSHORRS\CM7\MXTmpFiles\bsp_common_init.tmp_save
2025-08-27 19:33:46,931 [INFO] CodeEngine:289 - Generated code: C:\Users\nicks\STM32CubeIDE\workspace_1.19.0\AFR\AFR_SENSHORRS\CM7\MXTmpFiles\bsp_common_init.tmp
2025-08-27 19:33:46,936 [INFO] CodeEngine:265 - oldGeneratedFile, C:\Users\nicks\STM32CubeIDE\workspace_1.19.0\AFR\AFR_SENSHORRS\CM7\MXTmpFiles\bsp_common_demo_before_while.tmp_save
2025-08-27 19:33:46,974 [INFO] CodeEngine:289 - Generated code: C:\Users\nicks\STM32CubeIDE\workspace_1.19.0\AFR\AFR_SENSHORRS\CM7\MXTmpFiles\bsp_common_demo_before_while.tmp
2025-08-27 19:33:46,979 [INFO] CodeEngine:265 - oldGeneratedFile, C:\Users\nicks\STM32CubeIDE\workspace_1.19.0\AFR\AFR_SENSHORRS\CM7\MXTmpFiles\bsp_common_demo_inside_while.tmp_save
2025-08-27 19:33:47,019 [INFO] CodeEngine:289 - Generated code: C:\Users\nicks\STM32CubeIDE\workspace_1.19.0\AFR\AFR_SENSHORRS\CM7\MXTmpFiles\bsp_common_demo_inside_while.tmp
2025-08-27 19:33:47,024 [INFO] CodeEngine:265 - oldGeneratedFile, C:\Users\nicks\STM32CubeIDE\workspace_1.19.0\AFR\AFR_SENSHORRS\CM7\MXTmpFiles\bsp_common_demo_fct.tmp_save
2025-08-27 19:33:47,061 [INFO] CodeEngine:289 - Generated code: C:\Users\nicks\STM32CubeIDE\workspace_1.19.0\AFR\AFR_SENSHORRS\CM7\MXTmpFiles\bsp_common_demo_fct.tmp
2025-08-27 19:33:47,084 [INFO] CodeEngine:265 - oldGeneratedFile, C:\Users\nicks\STM32CubeIDE\workspace_1.19.0\AFR\AFR_SENSHORRS\CM7\Core\Src\stm32h7xx_it.c_save
2025-08-27 19:33:47,181 [INFO] CodeEngine:289 - Generated code: C:\Users\nicks\STM32CubeIDE\workspace_1.19.0\AFR\AFR_SENSHORRS\CM7\Core\Src\stm32h7xx_it.c
2025-08-27 19:33:47,187 [INFO] CodeEngine:265 - oldGeneratedFile, C:\Users\nicks\STM32CubeIDE\workspace_1.19.0\AFR\AFR_SENSHORRS\CM7\Core\Inc\stm32h7xx_it.h_save
2025-08-27 19:33:47,228 [INFO] CodeEngine:289 - Generated code: C:\Users\nicks\STM32CubeIDE\workspace_1.19.0\AFR\AFR_SENSHORRS\CM7\Core\Inc\stm32h7xx_it.h
2025-08-27 19:33:47,339 [INFO] CodeEngine:265 - oldGeneratedFile, C:\Users\nicks\STM32CubeIDE\workspace_1.19.0\AFR\AFR_SENSHORRS\CM7\Core\Src\stm32h7xx_hal_msp.c_save
2025-08-27 19:33:47,413 [INFO] CodeEngine:289 - Generated code: C:\Users\nicks\STM32CubeIDE\workspace_1.19.0\AFR\AFR_SENSHORRS\CM7\Core\Src\stm32h7xx_hal_msp.c
2025-08-27 19:33:47,418 [INFO] CodeEngine:265 - oldGeneratedFile, C:\Users\nicks\STM32CubeIDE\workspace_1.19.0\AFR\AFR_SENSHORRS\CM7\MXTmpFiles\system.tmp_save
2025-08-27 19:33:47,456 [INFO] CodeEngine:289 - Generated code: C:\Users\nicks\STM32CubeIDE\workspace_1.19.0\AFR\AFR_SENSHORRS\CM7\MXTmpFiles\system.tmp
2025-08-27 19:33:47,468 [INFO] CodeEngine:321 - oldGeneratedFile, C:\Users\nicks\STM32CubeIDE\workspace_1.19.0\AFR\AFR_SENSHORRS\CM7\Core\Inc\stm32h7xx_hal_conf.h_save
2025-08-27 19:33:47,517 [INFO] CodeEngine:345 - Generated code: C:\Users\nicks\STM32CubeIDE\workspace_1.19.0\AFR\AFR_SENSHORRS\CM7\Core\Inc\stm32h7xx_hal_conf.h
2025-08-27 19:33:47,539 [WARN] IPConfigManager:3811 - IP not found : NVIC
2025-08-27 19:33:47,539 [WARN] IPConfigManager:3811 - IP not found : TIM
2025-08-27 19:33:47,540 [WARN] CodeGenerator:4259 - IP not found : null
2025-08-27 19:33:47,540 [WARN] CodeGenerator:4259 - IP not found : null
2025-08-27 19:33:47,548 [INFO] CodeEngine:265 - oldGeneratedFile, C:\Users\nicks\STM32CubeIDE\workspace_1.19.0\AFR\AFR_SENSHORRS\CM7\Core\Inc\main.h_save
2025-08-27 19:33:47,612 [INFO] CodeEngine:289 - Generated code: C:\Users\nicks\STM32CubeIDE\workspace_1.19.0\AFR\AFR_SENSHORRS\CM7\Core\Inc\main.h
2025-08-27 19:33:47,618 [INFO] CodeEngine:265 - oldGeneratedFile, C:\Users\nicks\STM32CubeIDE\workspace_1.19.0\AFR\AFR_SENSHORRS\CM7\Core\Src\main.c_save
2025-08-27 19:33:47,718 [INFO] CodeEngine:289 - Generated code: C:\Users\nicks\STM32CubeIDE\workspace_1.19.0\AFR\AFR_SENSHORRS\CM7\Core\Src\main.c
2025-08-27 19:33:47,771 [INFO] CodeGenerator:1619 - *******************Project context M4 selected
2025-08-27 19:33:47,831 [INFO] CodeEngine:265 - oldGeneratedFile, C:\Users\nicks\STM32CubeIDE\workspace_1.19.0\AFR\AFR_SENSHORRS\MXTmpFiles\license.tmp_save
2025-08-27 19:33:47,886 [INFO] CodeEngine:289 - Generated code: C:\Users\nicks\STM32CubeIDE\workspace_1.19.0\AFR\AFR_SENSHORRS\MXTmpFiles\license.tmp
2025-08-27 19:33:47,904 [INFO] CodeEngine:265 - oldGeneratedFile, C:\Users\nicks\STM32CubeIDE\workspace_1.19.0\AFR\AFR_SENSHORRS\CM4\MXTmpFiles\gpio.tmp_save
2025-08-27 19:33:47,947 [INFO] CodeEngine:289 - Generated code: C:\Users\nicks\STM32CubeIDE\workspace_1.19.0\AFR\AFR_SENSHORRS\CM4\MXTmpFiles\gpio.tmp
2025-08-27 19:33:47,993 [WARN] IPConfigManager:103 - WARNING: Missing Config File for NVIC2 ip!!
2025-08-27 19:33:48,058 [INFO] CodeEngine:265 - oldGeneratedFile, C:\Users\nicks\STM32CubeIDE\workspace_1.19.0\AFR\AFR_SENSHORRS\CM4\MXTmpFiles\bdma.tmp_save
2025-08-27 19:33:48,097 [INFO] CodeEngine:289 - Generated code: C:\Users\nicks\STM32CubeIDE\workspace_1.19.0\AFR\AFR_SENSHORRS\CM4\MXTmpFiles\bdma.tmp
2025-08-27 19:33:48,102 [INFO] CodeEngine:265 - oldGeneratedFile, C:\Users\nicks\STM32CubeIDE\workspace_1.19.0\AFR\AFR_SENSHORRS\CM4\MXTmpFiles\bdma_GV.tmp_save
2025-08-27 19:33:48,141 [INFO] CodeEngine:289 - Generated code: C:\Users\nicks\STM32CubeIDE\workspace_1.19.0\AFR\AFR_SENSHORRS\CM4\MXTmpFiles\bdma_GV.tmp
2025-08-27 19:33:48,149 [INFO] CodeEngine:265 - oldGeneratedFile, C:\Users\nicks\STM32CubeIDE\workspace_1.19.0\AFR\AFR_SENSHORRS\CM4\MXTmpFiles\cortex.tmp_save
2025-08-27 19:33:48,187 [INFO] CodeEngine:289 - Generated code: C:\Users\nicks\STM32CubeIDE\workspace_1.19.0\AFR\AFR_SENSHORRS\CM4\MXTmpFiles\cortex.tmp
2025-08-27 19:33:48,223 [INFO] CodeEngine:265 - oldGeneratedFile, C:\Users\nicks\STM32CubeIDE\workspace_1.19.0\AFR\AFR_SENSHORRS\CM4\Core\Inc\stm32h7xx_nucleo_conf.h_save
2025-08-27 19:33:48,264 [INFO] CodeEngine:289 - Generated code: C:\Users\nicks\STM32CubeIDE\workspace_1.19.0\AFR\AFR_SENSHORRS\CM4\Core\Inc\stm32h7xx_nucleo_conf.h
2025-08-27 19:33:48,268 [INFO] CodeEngine:265 - oldGeneratedFile, C:\Users\nicks\STM32CubeIDE\workspace_1.19.0\AFR\AFR_SENSHORRS\CM4\MXTmpFiles\bsp_inc.tmp_save
2025-08-27 19:33:48,305 [INFO] CodeEngine:289 - Generated code: C:\Users\nicks\STM32CubeIDE\workspace_1.19.0\AFR\AFR_SENSHORRS\CM4\MXTmpFiles\bsp_inc.tmp
2025-08-27 19:33:48,325 [INFO] CodeEngine:265 - oldGeneratedFile, C:\Users\nicks\STM32CubeIDE\workspace_1.19.0\AFR\AFR_SENSHORRS\CM4\Core\Src\stm32h7xx_it.c_save
2025-08-27 19:33:48,369 [INFO] CodeEngine:289 - Generated code: C:\Users\nicks\STM32CubeIDE\workspace_1.19.0\AFR\AFR_SENSHORRS\CM4\Core\Src\stm32h7xx_it.c
2025-08-27 19:33:48,375 [INFO] CodeEngine:265 - oldGeneratedFile, C:\Users\nicks\STM32CubeIDE\workspace_1.19.0\AFR\AFR_SENSHORRS\CM4\Core\Inc\stm32h7xx_it.h_save
2025-08-27 19:33:48,415 [INFO] CodeEngine:289 - Generated code: C:\Users\nicks\STM32CubeIDE\workspace_1.19.0\AFR\AFR_SENSHORRS\CM4\Core\Inc\stm32h7xx_it.h
2025-08-27 19:33:48,460 [INFO] CodeEngine:265 - oldGeneratedFile, C:\Users\nicks\STM32CubeIDE\workspace_1.19.0\AFR\AFR_SENSHORRS\CM4\Core\Src\stm32h7xx_hal_msp.c_save
2025-08-27 19:33:48,521 [INFO] CodeEngine:289 - Generated code: C:\Users\nicks\STM32CubeIDE\workspace_1.19.0\AFR\AFR_SENSHORRS\CM4\Core\Src\stm32h7xx_hal_msp.c
2025-08-27 19:33:48,526 [INFO] CodeEngine:265 - oldGeneratedFile, C:\Users\nicks\STM32CubeIDE\workspace_1.19.0\AFR\AFR_SENSHORRS\CM4\MXTmpFiles\system.tmp_save
2025-08-27 19:33:48,564 [INFO] CodeEngine:289 - Generated code: C:\Users\nicks\STM32CubeIDE\workspace_1.19.0\AFR\AFR_SENSHORRS\CM4\MXTmpFiles\system.tmp
2025-08-27 19:33:48,575 [INFO] CodeEngine:321 - oldGeneratedFile, C:\Users\nicks\STM32CubeIDE\workspace_1.19.0\AFR\AFR_SENSHORRS\CM4\Core\Inc\stm32h7xx_hal_conf.h_save
2025-08-27 19:33:48,617 [INFO] CodeEngine:345 - Generated code: C:\Users\nicks\STM32CubeIDE\workspace_1.19.0\AFR\AFR_SENSHORRS\CM4\Core\Inc\stm32h7xx_hal_conf.h
2025-08-27 19:33:48,628 [WARN] IPConfigManager:3811 - IP not found : NVIC
2025-08-27 19:33:48,629 [WARN] CodeGenerator:4259 - IP not found : null
2025-08-27 19:33:48,636 [INFO] CodeEngine:265 - oldGeneratedFile, C:\Users\nicks\STM32CubeIDE\workspace_1.19.0\AFR\AFR_SENSHORRS\CM4\Core\Inc\main.h_save
2025-08-27 19:33:48,680 [INFO] CodeEngine:289 - Generated code: C:\Users\nicks\STM32CubeIDE\workspace_1.19.0\AFR\AFR_SENSHORRS\CM4\Core\Inc\main.h
2025-08-27 19:33:48,685 [INFO] CodeEngine:265 - oldGeneratedFile, C:\Users\nicks\STM32CubeIDE\workspace_1.19.0\AFR\AFR_SENSHORRS\CM4\Core\Src\main.c_save
2025-08-27 19:33:48,743 [INFO] CodeEngine:289 - Generated code: C:\Users\nicks\STM32CubeIDE\workspace_1.19.0\AFR\AFR_SENSHORRS\CM4\Core\Src\main.c
2025-08-27 19:33:49,142 [INFO] ProjectBuilder:3606 - Time for Copy HAL[1] : 244mS.
2025-08-27 19:33:49,154 [INFO] ProjectBuilder:5216 - Project Generator version: 4.7.0-B52
2025-08-27 19:33:49,207 [INFO] ConfigFileManager:1595 - The Die is : DIE450
2025-08-27 19:33:54,314 [INFO] ProjectBuilder:5496 - Time for Generating toolchain IDE Files: 5160mS.
2025-08-27 19:33:54,314 [INFO] ProjectBuilder:3463 - Time for Copy CMSIS : 0mS.
2025-08-27 19:33:54,319 [INFO] ProjectBuilder:3463 - Time for Copy CMSIS : 0mS.
2025-08-27 19:35:25,185 [INFO] ADCParametersView:116 -                Rank 1 : true
2025-08-27 19:35:25,185 [INFO] ADCParametersView:116 -                Rank 2 : true
2025-08-27 19:35:25,185 [INFO] ADCParametersView:116 -                Rank 3 : true
2025-08-27 19:35:25,185 [INFO] ADCParametersView:116 -                Rank 4 : true
2025-08-27 19:35:25,188 [INFO] ADCParametersView:116 -                Rank 1 : true
2025-08-27 19:35:25,188 [INFO] ADCParametersView:116 -                Rank 2 : true
2025-08-27 19:35:25,188 [INFO] ADCParametersView:116 -                Rank 3 : true
2025-08-27 19:35:25,188 [INFO] ADCParametersView:116 -                Rank 4 : true
2025-08-27 19:35:25,188 [INFO] ADCParametersView:116 -                Rank 1 : true
2025-08-27 19:35:25,188 [INFO] ADCParametersView:116 -                Rank 2 : true
2025-08-27 19:35:25,188 [INFO] ADCParametersView:116 -                Rank 3 : true
2025-08-27 19:35:25,188 [INFO] ADCParametersView:116 -                Rank 4 : true
2025-08-27 19:35:25,188 [INFO] ADCParametersView:116 -                Rank 1 : true
2025-08-27 19:35:25,188 [INFO] ADCParametersView:116 -                Rank 2 : true
2025-08-27 19:35:25,188 [INFO] ADCParametersView:116 -                Rank 3 : true
2025-08-27 19:35:25,188 [INFO] ADCParametersView:116 -                Rank 4 : true
2025-08-27 19:35:25,189 [INFO] ADCParametersView:116 -                Rank 1 : true
2025-08-27 19:35:25,189 [INFO] ADCParametersView:116 -                Rank 2 : true
2025-08-27 19:35:25,189 [INFO] ADCParametersView:116 -                Rank 3 : true
2025-08-27 19:35:25,189 [INFO] ADCParametersView:116 -                Rank 4 : true
2025-08-27 19:35:25,189 [INFO] ADCParametersView:116 -                Rank 1 : true
2025-08-27 19:35:25,189 [INFO] ADCParametersView:116 -                Rank 2 : true
2025-08-27 19:35:25,189 [INFO] ADCParametersView:116 -                Rank 3 : true
2025-08-27 19:35:25,189 [INFO] ADCParametersView:116 -                Rank 4 : true
2025-08-27 19:35:25,189 [INFO] ADCParametersView:116 -                Rank 1 : true
2025-08-27 19:35:25,190 [INFO] ADCParametersView:116 -                Rank 2 : true
2025-08-27 19:35:25,190 [INFO] ADCParametersView:116 -                Rank 3 : true
2025-08-27 19:35:25,190 [INFO] ADCParametersView:116 -                Rank 4 : true
2025-08-27 19:35:25,190 [INFO] ADCParametersView:116 -                Rank 1 : true
2025-08-27 19:35:25,190 [INFO] ADCParametersView:116 -                Rank 2 : true
2025-08-27 19:35:25,190 [INFO] ADCParametersView:116 -                Rank 3 : true
2025-08-27 19:35:25,190 [INFO] ADCParametersView:116 -                Rank 4 : true
2025-08-27 19:35:25,190 [INFO] ADCParametersView:116 -                Rank 1 : true
2025-08-27 19:35:25,190 [INFO] ADCParametersView:116 -                Rank 2 : true
2025-08-27 19:35:25,190 [INFO] ADCParametersView:116 -                Rank 3 : true
2025-08-27 19:35:25,190 [INFO] ADCParametersView:116 -                Rank 4 : true
2025-08-27 19:35:25,191 [INFO] ADCParametersView:116 -                Rank 1 : true
2025-08-27 19:35:25,191 [INFO] ADCParametersView:116 -                Rank 2 : true
2025-08-27 19:35:25,191 [INFO] ADCParametersView:116 -                Rank 3 : true
2025-08-27 19:35:25,191 [INFO] ADCParametersView:116 -                Rank 4 : true
2025-08-27 19:35:25,191 [INFO] ADCParametersView:116 -                Rank 1 : true
2025-08-27 19:35:25,191 [INFO] ADCParametersView:116 -                Rank 2 : true
2025-08-27 19:35:25,191 [INFO] ADCParametersView:116 -                Rank 3 : true
2025-08-27 19:35:25,191 [INFO] ADCParametersView:116 -                Rank 4 : true
2025-08-27 19:35:25,192 [INFO] ADCParametersView:116 -                Rank 1 : true
2025-08-27 19:35:25,192 [INFO] ADCParametersView:116 -                Rank 2 : true
2025-08-27 19:35:25,192 [INFO] ADCParametersView:116 -                Rank 3 : true
2025-08-27 19:35:25,192 [INFO] ADCParametersView:116 -                Rank 4 : true
2025-08-27 19:35:25,192 [INFO] ADCParametersView:116 -                Rank 1 : true
2025-08-27 19:35:25,192 [INFO] ADCParametersView:116 -                Rank 2 : true
2025-08-27 19:35:25,192 [INFO] ADCParametersView:116 -                Rank 3 : true
2025-08-27 19:35:25,192 [INFO] ADCParametersView:116 -                Rank 4 : true
2025-08-27 19:35:25,192 [INFO] ADCParametersView:116 -                Rank 1 : true
2025-08-27 19:35:25,192 [INFO] ADCParametersView:116 -                Rank 2 : true
2025-08-27 19:35:25,192 [INFO] ADCParametersView:116 -                Rank 3 : true
2025-08-27 19:35:25,192 [INFO] ADCParametersView:116 -                Rank 4 : true
2025-08-27 19:35:25,193 [INFO] ADCParametersView:116 -                Rank 1 : true
2025-08-27 19:35:25,193 [INFO] ADCParametersView:116 -                Rank 2 : true
2025-08-27 19:35:25,193 [INFO] ADCParametersView:116 -                Rank 3 : true
2025-08-27 19:35:25,193 [INFO] ADCParametersView:116 -                Rank 4 : true
2025-08-27 19:35:25,193 [INFO] ADCParametersView:116 -                Rank 1 : true
2025-08-27 19:35:25,193 [INFO] ADCParametersView:116 -                Rank 2 : true
2025-08-27 19:35:25,193 [INFO] ADCParametersView:116 -                Rank 3 : true
2025-08-27 19:35:25,193 [INFO] ADCParametersView:116 -                Rank 4 : true
2025-08-27 19:35:25,193 [INFO] ADCParametersView:116 -                Rank 1 : true
2025-08-27 19:35:25,193 [INFO] ADCParametersView:116 -                Rank 2 : true
2025-08-27 19:35:25,193 [INFO] ADCParametersView:116 -                Rank 3 : true
2025-08-27 19:35:25,193 [INFO] ADCParametersView:116 -                Rank 4 : true
2025-08-27 19:35:25,193 [INFO] ADCParametersView:116 -                Rank 1 : true
2025-08-27 19:35:25,193 [INFO] ADCParametersView:116 -                Rank 2 : true
2025-08-27 19:35:25,193 [INFO] ADCParametersView:116 -                Rank 3 : true
2025-08-27 19:35:25,193 [INFO] ADCParametersView:116 -                Rank 4 : true
2025-08-27 19:35:25,194 [INFO] ADCParametersView:116 -                Rank 1 : true
2025-08-27 19:35:25,194 [INFO] ADCParametersView:116 -                Rank 2 : true
2025-08-27 19:35:25,194 [INFO] ADCParametersView:116 -                Rank 3 : true
2025-08-27 19:35:25,194 [INFO] ADCParametersView:116 -                Rank 4 : true
2025-08-27 19:35:25,194 [INFO] ADCParametersView:116 -                Rank 1 : true
2025-08-27 19:35:25,194 [INFO] ADCParametersView:116 -                Rank 2 : true
2025-08-27 19:35:25,194 [INFO] ADCParametersView:116 -                Rank 3 : true
2025-08-27 19:35:25,194 [INFO] ADCParametersView:116 -                Rank 4 : true
2025-08-27 19:35:25,194 [INFO] ADCParametersView:116 -                Rank 2 : true
2025-08-27 19:35:25,194 [INFO] ADCParametersView:116 -                Rank 3 : true
2025-08-27 19:35:25,194 [INFO] ADCParametersView:116 -                Rank 4 : true
2025-08-27 19:35:25,194 [INFO] ADCParametersView:116 -                Rank 3 : true
2025-08-27 19:35:25,194 [INFO] ADCParametersView:116 -                Rank 4 : true
2025-08-27 19:35:25,194 [INFO] ADCParametersView:116 -                Rank 4 : true
2025-08-27 19:35:25,319 [INFO] ADCParametersView:116 -                Rank 1 : true
2025-08-27 19:35:25,320 [INFO] ADCParametersView:116 -                Rank 1 : true
2025-08-27 19:35:25,320 [INFO] ADCParametersView:116 -                Rank 2 : true
2025-08-27 19:35:25,320 [INFO] ADCParametersView:116 -                Rank 1 : true
2025-08-27 19:35:25,320 [INFO] ADCParametersView:116 -                Rank 2 : true
2025-08-27 19:35:25,320 [INFO] ADCParametersView:116 -                Rank 3 : true
2025-08-27 19:35:25,320 [INFO] ADCParametersView:116 -                Rank 1 : true
2025-08-27 19:35:25,320 [INFO] ADCParametersView:116 -                Rank 2 : true
2025-08-27 19:35:25,320 [INFO] ADCParametersView:116 -                Rank 3 : true
2025-08-27 19:35:25,320 [INFO] ADCParametersView:116 -                Rank 4 : true
2025-08-27 19:35:25,464 [INFO] ADCParametersView:116 -                Rank 1 : true
2025-08-27 19:35:25,464 [INFO] ADCParametersView:116 -                Rank 2 : true
2025-08-27 19:35:25,464 [INFO] ADCParametersView:116 -                Rank 3 : true
2025-08-27 19:35:25,464 [INFO] ADCParametersView:116 -                Rank 4 : true
2025-08-27 19:35:25,466 [INFO] ADCParametersView:116 -                Rank 1 : true
2025-08-27 19:35:25,466 [INFO] ADCParametersView:116 -                Rank 2 : true
2025-08-27 19:35:25,466 [INFO] ADCParametersView:116 -                Rank 3 : true
2025-08-27 19:35:25,466 [INFO] ADCParametersView:116 -                Rank 4 : true
2025-08-27 19:35:25,466 [INFO] ADCParametersView:116 -                Rank 1 : true
2025-08-27 19:35:25,466 [INFO] ADCParametersView:116 -                Rank 2 : true
2025-08-27 19:35:25,466 [INFO] ADCParametersView:116 -                Rank 3 : true
2025-08-27 19:35:25,466 [INFO] ADCParametersView:116 -                Rank 4 : true
2025-08-27 19:35:25,466 [INFO] ADCParametersView:116 -                Rank 1 : true
2025-08-27 19:35:25,466 [INFO] ADCParametersView:116 -                Rank 2 : true
2025-08-27 19:35:25,466 [INFO] ADCParametersView:116 -                Rank 3 : true
2025-08-27 19:35:25,466 [INFO] ADCParametersView:116 -                Rank 4 : true
2025-08-27 19:35:25,466 [INFO] ADCParametersView:116 -                Rank 1 : true
2025-08-27 19:35:25,466 [INFO] ADCParametersView:116 -                Rank 2 : true
2025-08-27 19:35:25,466 [INFO] ADCParametersView:116 -                Rank 3 : true
2025-08-27 19:35:25,466 [INFO] ADCParametersView:116 -                Rank 4 : true
2025-08-27 19:35:25,467 [INFO] ADCParametersView:116 -                Rank 1 : true
2025-08-27 19:35:25,467 [INFO] ADCParametersView:116 -                Rank 2 : true
2025-08-27 19:35:25,467 [INFO] ADCParametersView:116 -                Rank 3 : true
2025-08-27 19:35:25,467 [INFO] ADCParametersView:116 -                Rank 4 : true
2025-08-27 19:35:25,467 [INFO] ADCParametersView:116 -                Rank 1 : true
2025-08-27 19:35:25,467 [INFO] ADCParametersView:116 -                Rank 2 : true
2025-08-27 19:35:25,467 [INFO] ADCParametersView:116 -                Rank 3 : true
2025-08-27 19:35:25,467 [INFO] ADCParametersView:116 -                Rank 4 : true
2025-08-27 19:35:25,467 [INFO] ADCParametersView:116 -                Rank 1 : true
2025-08-27 19:35:25,467 [INFO] ADCParametersView:116 -                Rank 2 : true
2025-08-27 19:35:25,467 [INFO] ADCParametersView:116 -                Rank 3 : true
2025-08-27 19:35:25,467 [INFO] ADCParametersView:116 -                Rank 4 : true
2025-08-27 19:35:25,467 [INFO] ADCParametersView:116 -                Rank 1 : true
2025-08-27 19:35:25,467 [INFO] ADCParametersView:116 -                Rank 2 : true
2025-08-27 19:35:25,467 [INFO] ADCParametersView:116 -                Rank 3 : true
2025-08-27 19:35:25,467 [INFO] ADCParametersView:116 -                Rank 4 : true
2025-08-27 19:35:25,467 [INFO] ADCParametersView:116 -                Rank 1 : true
2025-08-27 19:35:25,467 [INFO] ADCParametersView:116 -                Rank 2 : true
2025-08-27 19:35:25,467 [INFO] ADCParametersView:116 -                Rank 3 : true
2025-08-27 19:35:25,467 [INFO] ADCParametersView:116 -                Rank 4 : true
2025-08-27 19:35:25,467 [INFO] ADCParametersView:116 -                Rank 1 : true
2025-08-27 19:35:25,467 [INFO] ADCParametersView:116 -                Rank 2 : true
2025-08-27 19:35:25,467 [INFO] ADCParametersView:116 -                Rank 3 : true
2025-08-27 19:35:25,467 [INFO] ADCParametersView:116 -                Rank 4 : true
2025-08-27 19:35:25,467 [INFO] ADCParametersView:116 -                Rank 1 : true
2025-08-27 19:35:25,467 [INFO] ADCParametersView:116 -                Rank 2 : true
2025-08-27 19:35:25,467 [INFO] ADCParametersView:116 -                Rank 3 : true
2025-08-27 19:35:25,467 [INFO] ADCParametersView:116 -                Rank 4 : true
2025-08-27 19:35:25,467 [INFO] ADCParametersView:116 -                Rank 1 : true
2025-08-27 19:35:25,467 [INFO] ADCParametersView:116 -                Rank 2 : true
2025-08-27 19:35:25,467 [INFO] ADCParametersView:116 -                Rank 3 : true
2025-08-27 19:35:25,467 [INFO] ADCParametersView:116 -                Rank 4 : true
2025-08-27 19:35:25,468 [INFO] ADCParametersView:116 -                Rank 1 : true
2025-08-27 19:35:25,468 [INFO] ADCParametersView:116 -                Rank 2 : true
2025-08-27 19:35:25,468 [INFO] ADCParametersView:116 -                Rank 3 : true
2025-08-27 19:35:25,468 [INFO] ADCParametersView:116 -                Rank 4 : true
2025-08-27 19:35:25,468 [INFO] ADCParametersView:116 -                Rank 1 : true
2025-08-27 19:35:25,468 [INFO] ADCParametersView:116 -                Rank 2 : true
2025-08-27 19:35:25,468 [INFO] ADCParametersView:116 -                Rank 3 : true
2025-08-27 19:35:25,468 [INFO] ADCParametersView:116 -                Rank 4 : true
2025-08-27 19:35:25,468 [INFO] ADCParametersView:116 -                Rank 1 : true
2025-08-27 19:35:25,468 [INFO] ADCParametersView:116 -                Rank 2 : true
2025-08-27 19:35:25,468 [INFO] ADCParametersView:116 -                Rank 3 : true
2025-08-27 19:35:25,468 [INFO] ADCParametersView:116 -                Rank 4 : true
2025-08-27 19:35:25,468 [INFO] ADCParametersView:116 -                Rank 1 : true
2025-08-27 19:35:25,468 [INFO] ADCParametersView:116 -                Rank 2 : true
2025-08-27 19:35:25,468 [INFO] ADCParametersView:116 -                Rank 3 : true
2025-08-27 19:35:25,468 [INFO] ADCParametersView:116 -                Rank 4 : true
2025-08-27 19:35:25,468 [INFO] ADCParametersView:116 -                Rank 1 : true
2025-08-27 19:35:25,468 [INFO] ADCParametersView:116 -                Rank 2 : true
2025-08-27 19:35:25,468 [INFO] ADCParametersView:116 -                Rank 3 : true
2025-08-27 19:35:25,468 [INFO] ADCParametersView:116 -                Rank 4 : true
2025-08-27 19:35:25,468 [INFO] ADCParametersView:116 -                Rank 1 : true
2025-08-27 19:35:25,468 [INFO] ADCParametersView:116 -                Rank 2 : true
2025-08-27 19:35:25,468 [INFO] ADCParametersView:116 -                Rank 3 : true
2025-08-27 19:35:25,468 [INFO] ADCParametersView:116 -                Rank 4 : true
2025-08-27 19:35:25,468 [INFO] ADCParametersView:116 -                Rank 1 : true
2025-08-27 19:35:25,468 [INFO] ADCParametersView:116 -                Rank 2 : true
2025-08-27 19:35:25,468 [INFO] ADCParametersView:116 -                Rank 3 : true
2025-08-27 19:35:25,468 [INFO] ADCParametersView:116 -                Rank 4 : true
2025-08-27 19:35:25,468 [INFO] ADCParametersView:116 -                Rank 2 : true
2025-08-27 19:35:25,468 [INFO] ADCParametersView:116 -                Rank 3 : true
2025-08-27 19:35:25,468 [INFO] ADCParametersView:116 -                Rank 4 : true
2025-08-27 19:35:25,468 [INFO] ADCParametersView:116 -                Rank 3 : true
2025-08-27 19:35:25,468 [INFO] ADCParametersView:116 -                Rank 4 : true
2025-08-27 19:35:25,468 [INFO] ADCParametersView:116 -                Rank 4 : true
2025-08-27 19:35:25,563 [INFO] ADCParametersView:116 -                Rank 1 : true
2025-08-27 19:35:25,563 [INFO] ADCParametersView:116 -                Rank 1 : true
2025-08-27 19:35:25,563 [INFO] ADCParametersView:116 -                Rank 2 : true
2025-08-27 19:35:25,563 [INFO] ADCParametersView:116 -                Rank 1 : true
2025-08-27 19:35:25,563 [INFO] ADCParametersView:116 -                Rank 2 : true
2025-08-27 19:35:25,563 [INFO] ADCParametersView:116 -                Rank 3 : true
2025-08-27 19:35:25,563 [INFO] ADCParametersView:116 -                Rank 1 : true
2025-08-27 19:35:25,563 [INFO] ADCParametersView:116 -                Rank 2 : true
2025-08-27 19:35:25,563 [INFO] ADCParametersView:116 -                Rank 3 : true
2025-08-27 19:35:25,563 [INFO] ADCParametersView:116 -                Rank 4 : true
2025-08-27 19:42:50,916 [INFO] ADCParametersView:116 -                Rank 1 : true
2025-08-27 19:42:50,917 [INFO] ADCParametersView:116 -                Rank 2 : true
2025-08-27 19:42:50,917 [INFO] ADCParametersView:116 -                Rank 3 : true
2025-08-27 19:42:50,917 [INFO] ADCParametersView:116 -                Rank 4 : true
2025-08-27 19:42:50,922 [INFO] ADCParametersView:116 -                Rank 1 : true
2025-08-27 19:42:50,922 [INFO] ADCParametersView:116 -                Rank 2 : true
2025-08-27 19:42:50,922 [INFO] ADCParametersView:116 -                Rank 3 : true
2025-08-27 19:42:50,922 [INFO] ADCParametersView:116 -                Rank 4 : true
2025-08-27 19:42:50,923 [INFO] ADCParametersView:116 -                Rank 1 : true
2025-08-27 19:42:50,923 [INFO] ADCParametersView:116 -                Rank 2 : true
2025-08-27 19:42:50,923 [INFO] ADCParametersView:116 -                Rank 3 : true
2025-08-27 19:42:50,923 [INFO] ADCParametersView:116 -                Rank 4 : true
2025-08-27 19:42:50,923 [INFO] ADCParametersView:116 -                Rank 1 : true
2025-08-27 19:42:50,923 [INFO] ADCParametersView:116 -                Rank 2 : true
2025-08-27 19:42:50,924 [INFO] ADCParametersView:116 -                Rank 3 : true
2025-08-27 19:42:50,924 [INFO] ADCParametersView:116 -                Rank 4 : true
2025-08-27 19:42:50,924 [INFO] ADCParametersView:116 -                Rank 1 : true
2025-08-27 19:42:50,924 [INFO] ADCParametersView:116 -                Rank 2 : true
2025-08-27 19:42:50,924 [INFO] ADCParametersView:116 -                Rank 3 : true
2025-08-27 19:42:50,924 [INFO] ADCParametersView:116 -                Rank 4 : true
2025-08-27 19:42:50,925 [INFO] ADCParametersView:116 -                Rank 1 : true
2025-08-27 19:42:50,925 [INFO] ADCParametersView:116 -                Rank 2 : true
2025-08-27 19:42:50,925 [INFO] ADCParametersView:116 -                Rank 3 : true
2025-08-27 19:42:50,925 [INFO] ADCParametersView:116 -                Rank 4 : true
2025-08-27 19:42:50,925 [INFO] ADCParametersView:116 -                Rank 1 : true
2025-08-27 19:42:50,925 [INFO] ADCParametersView:116 -                Rank 2 : true
2025-08-27 19:42:50,925 [INFO] ADCParametersView:116 -                Rank 3 : true
2025-08-27 19:42:50,926 [INFO] ADCParametersView:116 -                Rank 4 : true
2025-08-27 19:42:50,926 [INFO] ADCParametersView:116 -                Rank 1 : true
2025-08-27 19:42:50,926 [INFO] ADCParametersView:116 -                Rank 2 : true
2025-08-27 19:42:50,926 [INFO] ADCParametersView:116 -                Rank 3 : true
2025-08-27 19:42:50,926 [INFO] ADCParametersView:116 -                Rank 4 : true
2025-08-27 19:42:50,927 [INFO] ADCParametersView:116 -                Rank 1 : true
2025-08-27 19:42:50,927 [INFO] ADCParametersView:116 -                Rank 2 : true
2025-08-27 19:42:50,927 [INFO] ADCParametersView:116 -                Rank 3 : true
2025-08-27 19:42:50,927 [INFO] ADCParametersView:116 -                Rank 4 : true
2025-08-27 19:42:50,927 [INFO] ADCParametersView:116 -                Rank 1 : true
2025-08-27 19:42:50,927 [INFO] ADCParametersView:116 -                Rank 2 : true
2025-08-27 19:42:50,927 [INFO] ADCParametersView:116 -                Rank 3 : true
2025-08-27 19:42:50,927 [INFO] ADCParametersView:116 -                Rank 4 : true
2025-08-27 19:42:50,927 [INFO] ADCParametersView:116 -                Rank 1 : true
2025-08-27 19:42:50,928 [INFO] ADCParametersView:116 -                Rank 2 : true
2025-08-27 19:42:50,928 [INFO] ADCParametersView:116 -                Rank 3 : true
2025-08-27 19:42:50,928 [INFO] ADCParametersView:116 -                Rank 4 : true
2025-08-27 19:42:50,928 [INFO] ADCParametersView:116 -                Rank 1 : true
2025-08-27 19:42:50,928 [INFO] ADCParametersView:116 -                Rank 2 : true
2025-08-27 19:42:50,928 [INFO] ADCParametersView:116 -                Rank 3 : true
2025-08-27 19:42:50,928 [INFO] ADCParametersView:116 -                Rank 4 : true
2025-08-27 19:42:50,929 [INFO] ADCParametersView:116 -                Rank 1 : true
2025-08-27 19:42:50,929 [INFO] ADCParametersView:116 -                Rank 2 : true
2025-08-27 19:42:50,929 [INFO] ADCParametersView:116 -                Rank 3 : true
2025-08-27 19:42:50,929 [INFO] ADCParametersView:116 -                Rank 4 : true
2025-08-27 19:42:50,929 [INFO] ADCParametersView:116 -                Rank 1 : true
2025-08-27 19:42:50,929 [INFO] ADCParametersView:116 -                Rank 2 : true
2025-08-27 19:42:50,929 [INFO] ADCParametersView:116 -                Rank 3 : true
2025-08-27 19:42:50,929 [INFO] ADCParametersView:116 -                Rank 4 : true
2025-08-27 19:42:50,929 [INFO] ADCParametersView:116 -                Rank 1 : true
2025-08-27 19:42:50,930 [INFO] ADCParametersView:116 -                Rank 2 : true
2025-08-27 19:42:50,930 [INFO] ADCParametersView:116 -                Rank 3 : true
2025-08-27 19:42:50,930 [INFO] ADCParametersView:116 -                Rank 4 : true
2025-08-27 19:42:50,930 [INFO] ADCParametersView:116 -                Rank 1 : true
2025-08-27 19:42:50,930 [INFO] ADCParametersView:116 -                Rank 2 : true
2025-08-27 19:42:50,930 [INFO] ADCParametersView:116 -                Rank 3 : true
2025-08-27 19:42:50,930 [INFO] ADCParametersView:116 -                Rank 4 : true
2025-08-27 19:42:50,930 [INFO] ADCParametersView:116 -                Rank 1 : true
2025-08-27 19:42:50,930 [INFO] ADCParametersView:116 -                Rank 2 : true
2025-08-27 19:42:50,930 [INFO] ADCParametersView:116 -                Rank 3 : true
2025-08-27 19:42:50,931 [INFO] ADCParametersView:116 -                Rank 4 : true
2025-08-27 19:42:50,931 [INFO] ADCParametersView:116 -                Rank 1 : true
2025-08-27 19:42:50,931 [INFO] ADCParametersView:116 -                Rank 2 : true
2025-08-27 19:42:50,931 [INFO] ADCParametersView:116 -                Rank 3 : true
2025-08-27 19:42:50,931 [INFO] ADCParametersView:116 -                Rank 4 : true
2025-08-27 19:42:50,931 [INFO] ADCParametersView:116 -                Rank 1 : true
2025-08-27 19:42:50,931 [INFO] ADCParametersView:116 -                Rank 2 : true
2025-08-27 19:42:50,931 [INFO] ADCParametersView:116 -                Rank 3 : true
2025-08-27 19:42:50,931 [INFO] ADCParametersView:116 -                Rank 4 : true
2025-08-27 19:42:50,931 [INFO] ADCParametersView:116 -                Rank 1 : true
2025-08-27 19:42:50,931 [INFO] ADCParametersView:116 -                Rank 2 : true
2025-08-27 19:42:50,932 [INFO] ADCParametersView:116 -                Rank 3 : true
2025-08-27 19:42:50,932 [INFO] ADCParametersView:116 -                Rank 4 : true
2025-08-27 19:42:50,932 [INFO] ADCParametersView:116 -                Rank 2 : true
2025-08-27 19:42:50,932 [INFO] ADCParametersView:116 -                Rank 3 : true
2025-08-27 19:42:50,932 [INFO] ADCParametersView:116 -                Rank 4 : true
2025-08-27 19:42:50,932 [INFO] ADCParametersView:116 -                Rank 3 : true
2025-08-27 19:42:50,932 [INFO] ADCParametersView:116 -                Rank 4 : true
2025-08-27 19:42:50,933 [INFO] ADCParametersView:116 -                Rank 4 : true
2025-08-27 19:42:51,140 [INFO] ADCParametersView:116 -                Rank 1 : true
2025-08-27 19:42:51,141 [INFO] ADCParametersView:116 -                Rank 1 : true
2025-08-27 19:42:51,141 [INFO] ADCParametersView:116 -                Rank 2 : true
2025-08-27 19:42:51,142 [INFO] ADCParametersView:116 -                Rank 1 : true
2025-08-27 19:42:51,142 [INFO] ADCParametersView:116 -                Rank 2 : true
2025-08-27 19:42:51,142 [INFO] ADCParametersView:116 -                Rank 3 : true
2025-08-27 19:42:51,142 [INFO] ADCParametersView:116 -                Rank 1 : true
2025-08-27 19:42:51,142 [INFO] ADCParametersView:116 -                Rank 2 : true
2025-08-27 19:42:51,142 [INFO] ADCParametersView:116 -                Rank 3 : true
2025-08-27 19:42:51,142 [INFO] ADCParametersView:116 -                Rank 4 : true
2025-08-27 19:43:20,893 [INFO] NvicIntPanel:101 - NVIC parent = com.st.microxplorer.plugins.ip.nvic.MultiNvicIntPanel[,0,0,0x0,invalid,layout=javax.swing.BoxLayout,alignmentX=0.0,alignmentY=0.0,border=,flags=9,maximumSize=,minimumSize=,preferredSize=]
2025-08-27 19:43:21,005 [INFO] ADCParametersView:116 -                Rank 1 : true
2025-08-27 19:43:21,005 [INFO] ADCParametersView:116 -                Rank 2 : true
2025-08-27 19:43:21,005 [INFO] ADCParametersView:116 -                Rank 3 : true
2025-08-27 19:43:21,005 [INFO] ADCParametersView:116 -                Rank 4 : true
2025-08-27 19:43:21,007 [INFO] ADCParametersView:116 -                Rank 1 : true
2025-08-27 19:43:21,008 [INFO] ADCParametersView:116 -                Rank 2 : true
2025-08-27 19:43:21,008 [INFO] ADCParametersView:116 -                Rank 3 : true
2025-08-27 19:43:21,008 [INFO] ADCParametersView:116 -                Rank 4 : true
2025-08-27 19:43:21,008 [INFO] ADCParametersView:116 -                Rank 1 : true
2025-08-27 19:43:21,008 [INFO] ADCParametersView:116 -                Rank 2 : true
2025-08-27 19:43:21,008 [INFO] ADCParametersView:116 -                Rank 3 : true
2025-08-27 19:43:21,008 [INFO] ADCParametersView:116 -                Rank 4 : true
2025-08-27 19:43:21,008 [INFO] ADCParametersView:116 -                Rank 1 : true
2025-08-27 19:43:21,008 [INFO] ADCParametersView:116 -                Rank 2 : true
2025-08-27 19:43:21,008 [INFO] ADCParametersView:116 -                Rank 3 : true
2025-08-27 19:43:21,008 [INFO] ADCParametersView:116 -                Rank 4 : true
2025-08-27 19:43:21,008 [INFO] ADCParametersView:116 -                Rank 1 : true
2025-08-27 19:43:21,009 [INFO] ADCParametersView:116 -                Rank 2 : true
2025-08-27 19:43:21,009 [INFO] ADCParametersView:116 -                Rank 3 : true
2025-08-27 19:43:21,009 [INFO] ADCParametersView:116 -                Rank 4 : true
2025-08-27 19:43:21,009 [INFO] ADCParametersView:116 -                Rank 1 : true
2025-08-27 19:43:21,009 [INFO] ADCParametersView:116 -                Rank 2 : true
2025-08-27 19:43:21,009 [INFO] ADCParametersView:116 -                Rank 3 : true
2025-08-27 19:43:21,009 [INFO] ADCParametersView:116 -                Rank 4 : true
2025-08-27 19:43:21,009 [INFO] ADCParametersView:116 -                Rank 1 : true
2025-08-27 19:43:21,009 [INFO] ADCParametersView:116 -                Rank 2 : true
2025-08-27 19:43:21,009 [INFO] ADCParametersView:116 -                Rank 3 : true
2025-08-27 19:43:21,009 [INFO] ADCParametersView:116 -                Rank 4 : true
2025-08-27 19:43:21,009 [INFO] ADCParametersView:116 -                Rank 1 : true
2025-08-27 19:43:21,009 [INFO] ADCParametersView:116 -                Rank 2 : true
2025-08-27 19:43:21,009 [INFO] ADCParametersView:116 -                Rank 3 : true
2025-08-27 19:43:21,009 [INFO] ADCParametersView:116 -                Rank 4 : true
2025-08-27 19:43:21,009 [INFO] ADCParametersView:116 -                Rank 1 : true
2025-08-27 19:43:21,009 [INFO] ADCParametersView:116 -                Rank 2 : true
2025-08-27 19:43:21,009 [INFO] ADCParametersView:116 -                Rank 3 : true
2025-08-27 19:43:21,009 [INFO] ADCParametersView:116 -                Rank 4 : true
2025-08-27 19:43:21,010 [INFO] ADCParametersView:116 -                Rank 1 : true
2025-08-27 19:43:21,010 [INFO] ADCParametersView:116 -                Rank 2 : true
2025-08-27 19:43:21,010 [INFO] ADCParametersView:116 -                Rank 3 : true
2025-08-27 19:43:21,010 [INFO] ADCParametersView:116 -                Rank 4 : true
2025-08-27 19:43:21,010 [INFO] ADCParametersView:116 -                Rank 1 : true
2025-08-27 19:43:21,010 [INFO] ADCParametersView:116 -                Rank 2 : true
2025-08-27 19:43:21,010 [INFO] ADCParametersView:116 -                Rank 3 : true
2025-08-27 19:43:21,010 [INFO] ADCParametersView:116 -                Rank 4 : true
2025-08-27 19:43:21,010 [INFO] ADCParametersView:116 -                Rank 1 : true
2025-08-27 19:43:21,010 [INFO] ADCParametersView:116 -                Rank 2 : true
2025-08-27 19:43:21,010 [INFO] ADCParametersView:116 -                Rank 3 : true
2025-08-27 19:43:21,010 [INFO] ADCParametersView:116 -                Rank 4 : true
2025-08-27 19:43:21,010 [INFO] ADCParametersView:116 -                Rank 1 : true
2025-08-27 19:43:21,010 [INFO] ADCParametersView:116 -                Rank 2 : true
2025-08-27 19:43:21,010 [INFO] ADCParametersView:116 -                Rank 3 : true
2025-08-27 19:43:21,010 [INFO] ADCParametersView:116 -                Rank 4 : true
2025-08-27 19:43:21,010 [INFO] ADCParametersView:116 -                Rank 1 : true
2025-08-27 19:43:21,011 [INFO] ADCParametersView:116 -                Rank 2 : true
2025-08-27 19:43:21,011 [INFO] ADCParametersView:116 -                Rank 3 : true
2025-08-27 19:43:21,011 [INFO] ADCParametersView:116 -                Rank 4 : true
2025-08-27 19:43:21,011 [INFO] ADCParametersView:116 -                Rank 1 : true
2025-08-27 19:43:21,011 [INFO] ADCParametersView:116 -                Rank 2 : true
2025-08-27 19:43:21,011 [INFO] ADCParametersView:116 -                Rank 3 : true
2025-08-27 19:43:21,011 [INFO] ADCParametersView:116 -                Rank 4 : true
2025-08-27 19:43:21,011 [INFO] ADCParametersView:116 -                Rank 1 : true
2025-08-27 19:43:21,011 [INFO] ADCParametersView:116 -                Rank 2 : true
2025-08-27 19:43:21,011 [INFO] ADCParametersView:116 -                Rank 3 : true
2025-08-27 19:43:21,011 [INFO] ADCParametersView:116 -                Rank 4 : true
2025-08-27 19:43:21,011 [INFO] ADCParametersView:116 -                Rank 1 : true
2025-08-27 19:43:21,011 [INFO] ADCParametersView:116 -                Rank 2 : true
2025-08-27 19:43:21,011 [INFO] ADCParametersView:116 -                Rank 3 : true
2025-08-27 19:43:21,011 [INFO] ADCParametersView:116 -                Rank 4 : true
2025-08-27 19:43:21,011 [INFO] ADCParametersView:116 -                Rank 1 : true
2025-08-27 19:43:21,011 [INFO] ADCParametersView:116 -                Rank 2 : true
2025-08-27 19:43:21,011 [INFO] ADCParametersView:116 -                Rank 3 : true
2025-08-27 19:43:21,011 [INFO] ADCParametersView:116 -                Rank 4 : true
2025-08-27 19:43:21,011 [INFO] ADCParametersView:116 -                Rank 1 : true
2025-08-27 19:43:21,011 [INFO] ADCParametersView:116 -                Rank 2 : true
2025-08-27 19:43:21,011 [INFO] ADCParametersView:116 -                Rank 3 : true
2025-08-27 19:43:21,011 [INFO] ADCParametersView:116 -                Rank 4 : true
2025-08-27 19:43:21,012 [INFO] ADCParametersView:116 -                Rank 1 : true
2025-08-27 19:43:21,012 [INFO] ADCParametersView:116 -                Rank 2 : true
2025-08-27 19:43:21,012 [INFO] ADCParametersView:116 -                Rank 3 : true
2025-08-27 19:43:21,012 [INFO] ADCParametersView:116 -                Rank 4 : true
2025-08-27 19:43:21,012 [INFO] ADCParametersView:116 -                Rank 2 : true
2025-08-27 19:43:21,012 [INFO] ADCParametersView:116 -                Rank 3 : true
2025-08-27 19:43:21,012 [INFO] ADCParametersView:116 -                Rank 4 : true
2025-08-27 19:43:21,012 [INFO] ADCParametersView:116 -                Rank 3 : true
2025-08-27 19:43:21,012 [INFO] ADCParametersView:116 -                Rank 4 : true
2025-08-27 19:43:21,012 [INFO] ADCParametersView:116 -                Rank 4 : true
2025-08-27 19:43:21,129 [INFO] ADCParametersView:116 -                Rank 1 : true
2025-08-27 19:43:21,129 [INFO] ADCParametersView:116 -                Rank 1 : true
2025-08-27 19:43:21,129 [INFO] ADCParametersView:116 -                Rank 2 : true
2025-08-27 19:43:21,130 [INFO] ADCParametersView:116 -                Rank 1 : true
2025-08-27 19:43:21,130 [INFO] ADCParametersView:116 -                Rank 2 : true
2025-08-27 19:43:21,130 [INFO] ADCParametersView:116 -                Rank 3 : true
2025-08-27 19:43:21,130 [INFO] ADCParametersView:116 -                Rank 1 : true
2025-08-27 19:43:21,130 [INFO] ADCParametersView:116 -                Rank 2 : true
2025-08-27 19:43:21,130 [INFO] ADCParametersView:116 -                Rank 3 : true
2025-08-27 19:43:21,130 [INFO] ADCParametersView:116 -                Rank 4 : true
2025-08-27 19:43:26,394 [INFO] UtilMem:75 - End SaveConfig() Used Memory: 748400400 Bytes (1073741824)
2025-08-27 19:43:26,545 [INFO] UtilMem:75 - End SaveConfig() Used Memory: 781803312 Bytes (1073741824)
2025-08-27 19:43:27,025 [INFO] UtilMem:75 - End SaveConfig() Used Memory: 821800736 Bytes (1073741824)
2025-08-27 19:43:28,255 [INFO] BlockDiagram:2775 - set Specific Code input for plugin: FREERTOS
2025-08-27 19:43:28,255 [INFO] BlockDiagram:2775 - set Specific Code input for plugin: RCC
2025-08-27 19:43:28,255 [INFO] BlockDiagram:2775 - set Specific Code input for plugin: I2C
2025-08-27 19:43:28,255 [INFO] BlockDiagram:2775 - set Specific Code input for plugin: BDMA
2025-08-27 19:43:28,255 [INFO] BlockDiagram:2775 - set Specific Code input for plugin: USART
2025-08-27 19:43:28,255 [INFO] BlockDiagram:2775 - set Specific Code input for plugin: TIM6_7H7
2025-08-27 19:43:28,255 [INFO] BlockDiagram:2775 - set Specific Code input for plugin: TIM1_8H7
2025-08-27 19:43:28,255 [INFO] BlockDiagram:2775 - set Specific Code input for plugin: SYS
2025-08-27 19:43:28,255 [INFO] BlockDiagram:2775 - set Specific Code input for plugin: ADC
2025-08-27 19:43:28,255 [INFO] BlockDiagram:2775 - set Specific Code input for plugin: ADC
2025-08-27 19:43:28,255 [INFO] BlockDiagram:2775 - set Specific Code input for plugin: NVIC2
2025-08-27 19:43:28,255 [INFO] BlockDiagram:2775 - set Specific Code input for plugin: UART
2025-08-27 19:43:28,255 [INFO] BlockDiagram:2775 - set Specific Code input for plugin: UART
2025-08-27 19:43:28,256 [INFO] BlockDiagram:2775 - set Specific Code input for plugin: GPIO
2025-08-27 19:43:28,256 [INFO] BlockDiagram:2775 - set Specific Code input for plugin: SYS_M4
2025-08-27 19:43:28,256 [INFO] BlockDiagram:2775 - set Specific Code input for plugin: NUCLEO-H755ZI-Q
2025-08-27 19:43:28,256 [INFO] BlockDiagram:2775 - set Specific Code input for plugin: NVIC1
2025-08-27 19:43:28,256 [INFO] CodeGenerator:892 - code generatio: config db path: C:\ST\STM32CubeIDE_1.19.0\STM32CubeIDE\plugins\com.st.stm32cube.common.mx_6.15.0.202507011659\\db\
2025-08-27 19:43:28,323 [ERROR] CodeGenerator:10662 - The current RTOS owner has not been found in the list of IPs
2025-08-27 19:43:28,323 [INFO] CodeGenerator:1619 - *******************Project context M7 selected
2025-08-27 19:43:28,371 [INFO] CodeEngine:265 - oldGeneratedFile, C:\Users\nicks\STM32CubeIDE\workspace_1.19.0\AFR\AFR_SENSHORRS\MXTmpFiles\license.tmp_save
2025-08-27 19:43:28,550 [INFO] CodeEngine:289 - Generated code: C:\Users\nicks\STM32CubeIDE\workspace_1.19.0\AFR\AFR_SENSHORRS\MXTmpFiles\license.tmp
2025-08-27 19:43:28,642 [INFO] CodeEngine:265 - oldGeneratedFile, C:\Users\nicks\STM32CubeIDE\workspace_1.19.0\AFR\AFR_SENSHORRS\CM7\MXTmpFiles\gpio.tmp_save
2025-08-27 19:43:28,716 [INFO] CodeEngine:289 - Generated code: C:\Users\nicks\STM32CubeIDE\workspace_1.19.0\AFR\AFR_SENSHORRS\CM7\MXTmpFiles\gpio.tmp
2025-08-27 19:43:28,749 [ERROR] IocParser:95 - Exception caught: Cannot invoke "java.lang.CharSequence.length()" because "this.text" is null
2025-08-27 19:43:29,117 [WARN] IPConfigManager:103 - WARNING: Missing Config File for NVIC1 ip!!
2025-08-27 19:43:29,426 [ERROR] CodeGenerator:10662 - The current RTOS owner has not been found in the list of IPs
2025-08-27 19:43:29,457 [INFO] CodeEngine:265 - oldGeneratedFile, C:\Users\nicks\STM32CubeIDE\workspace_1.19.0\AFR\AFR_SENSHORRS\CM7\MXTmpFiles\bdma.tmp_save
2025-08-27 19:43:29,504 [INFO] CodeEngine:289 - Generated code: C:\Users\nicks\STM32CubeIDE\workspace_1.19.0\AFR\AFR_SENSHORRS\CM7\MXTmpFiles\bdma.tmp
2025-08-27 19:43:29,508 [INFO] CodeEngine:265 - oldGeneratedFile, C:\Users\nicks\STM32CubeIDE\workspace_1.19.0\AFR\AFR_SENSHORRS\CM7\MXTmpFiles\bdma_GV.tmp_save
2025-08-27 19:43:29,547 [INFO] CodeEngine:289 - Generated code: C:\Users\nicks\STM32CubeIDE\workspace_1.19.0\AFR\AFR_SENSHORRS\CM7\MXTmpFiles\bdma_GV.tmp
2025-08-27 19:43:29,556 [INFO] CodeEngine:265 - oldGeneratedFile, C:\Users\nicks\STM32CubeIDE\workspace_1.19.0\AFR\AFR_SENSHORRS\CM7\MXTmpFiles\cortex.tmp_save
2025-08-27 19:43:29,603 [INFO] CodeEngine:289 - Generated code: C:\Users\nicks\STM32CubeIDE\workspace_1.19.0\AFR\AFR_SENSHORRS\CM7\MXTmpFiles\cortex.tmp
2025-08-27 19:43:29,621 [INFO] Middleware:1452 - No code input for Bsp Dependency
2025-08-27 19:43:29,627 [INFO] CodeEngine:265 - oldGeneratedFile, C:\Users\nicks\STM32CubeIDE\workspace_1.19.0\AFR\AFR_SENSHORRS\CM7\MXTmpFiles\rtos_inc.tmp_save
2025-08-27 19:43:29,666 [INFO] CodeEngine:289 - Generated code: C:\Users\nicks\STM32CubeIDE\workspace_1.19.0\AFR\AFR_SENSHORRS\CM7\MXTmpFiles\rtos_inc.tmp
2025-08-27 19:43:29,671 [INFO] CodeEngine:265 - oldGeneratedFile, C:\Users\nicks\STM32CubeIDE\workspace_1.19.0\AFR\AFR_SENSHORRS\CM7\MXTmpFiles\rtos_kernelInit.tmp_save
2025-08-27 19:43:29,712 [INFO] CodeEngine:289 - Generated code: C:\Users\nicks\STM32CubeIDE\workspace_1.19.0\AFR\AFR_SENSHORRS\CM7\MXTmpFiles\rtos_kernelInit.tmp
2025-08-27 19:43:29,717 [INFO] CodeEngine:265 - oldGeneratedFile, C:\Users\nicks\STM32CubeIDE\workspace_1.19.0\AFR\AFR_SENSHORRS\CM7\MXTmpFiles\rtos_kernelStart.tmp_save
2025-08-27 19:43:29,755 [INFO] CodeEngine:289 - Generated code: C:\Users\nicks\STM32CubeIDE\workspace_1.19.0\AFR\AFR_SENSHORRS\CM7\MXTmpFiles\rtos_kernelStart.tmp
2025-08-27 19:43:29,760 [INFO] CodeEngine:265 - oldGeneratedFile, C:\Users\nicks\STM32CubeIDE\workspace_1.19.0\AFR\AFR_SENSHORRS\CM7\MXTmpFiles\rtos_typedefs.tmp_save
2025-08-27 19:43:29,800 [INFO] CodeEngine:289 - Generated code: C:\Users\nicks\STM32CubeIDE\workspace_1.19.0\AFR\AFR_SENSHORRS\CM7\MXTmpFiles\rtos_typedefs.tmp
2025-08-27 19:43:29,804 [INFO] CodeEngine:265 - oldGeneratedFile, C:\Users\nicks\STM32CubeIDE\workspace_1.19.0\AFR\AFR_SENSHORRS\CM7\MXTmpFiles\rtos_vars.tmp_save
2025-08-27 19:43:29,844 [INFO] CodeEngine:289 - Generated code: C:\Users\nicks\STM32CubeIDE\workspace_1.19.0\AFR\AFR_SENSHORRS\CM7\MXTmpFiles\rtos_vars.tmp
2025-08-27 19:43:29,849 [INFO] CodeEngine:265 - oldGeneratedFile, C:\Users\nicks\STM32CubeIDE\workspace_1.19.0\AFR\AFR_SENSHORRS\CM7\MXTmpFiles\rtos_pfp.tmp_save
2025-08-27 19:43:29,888 [INFO] CodeEngine:289 - Generated code: C:\Users\nicks\STM32CubeIDE\workspace_1.19.0\AFR\AFR_SENSHORRS\CM7\MXTmpFiles\rtos_pfp.tmp
2025-08-27 19:43:29,893 [INFO] CodeEngine:265 - oldGeneratedFile, C:\Users\nicks\STM32CubeIDE\workspace_1.19.0\AFR\AFR_SENSHORRS\CM7\MXTmpFiles\rtos_obj_creat.tmp_save
2025-08-27 19:43:29,933 [INFO] CodeEngine:289 - Generated code: C:\Users\nicks\STM32CubeIDE\workspace_1.19.0\AFR\AFR_SENSHORRS\CM7\MXTmpFiles\rtos_obj_creat.tmp
2025-08-27 19:43:29,937 [INFO] CodeEngine:265 - oldGeneratedFile, C:\Users\nicks\STM32CubeIDE\workspace_1.19.0\AFR\AFR_SENSHORRS\CM7\MXTmpFiles\rtos_default_thread.tmp_save
2025-08-27 19:43:29,976 [INFO] CodeEngine:289 - Generated code: C:\Users\nicks\STM32CubeIDE\workspace_1.19.0\AFR\AFR_SENSHORRS\CM7\MXTmpFiles\rtos_default_thread.tmp
2025-08-27 19:43:29,980 [INFO] CodeEngine:265 - oldGeneratedFile, C:\Users\nicks\STM32CubeIDE\workspace_1.19.0\AFR\AFR_SENSHORRS\CM7\MXTmpFiles\rtos_threads.tmp_save
2025-08-27 19:43:30,018 [INFO] CodeEngine:289 - Generated code: C:\Users\nicks\STM32CubeIDE\workspace_1.19.0\AFR\AFR_SENSHORRS\CM7\MXTmpFiles\rtos_threads.tmp
2025-08-27 19:43:30,024 [INFO] CodeEngine:265 - oldGeneratedFile, C:\Users\nicks\STM32CubeIDE\workspace_1.19.0\AFR\AFR_SENSHORRS\CM7\Core\Inc\FreeRTOSConfig.h_save
2025-08-27 19:43:30,076 [INFO] CodeEngine:289 - Generated code: C:\Users\nicks\STM32CubeIDE\workspace_1.19.0\AFR\AFR_SENSHORRS\CM7\Core\Inc\FreeRTOSConfig.h
2025-08-27 19:43:30,083 [INFO] CodeEngine:265 - oldGeneratedFile, C:\Users\nicks\STM32CubeIDE\workspace_1.19.0\AFR\AFR_SENSHORRS\CM7\Core\Src\freertos.c_save
2025-08-27 19:43:30,128 [INFO] CodeEngine:289 - Generated code: C:\Users\nicks\STM32CubeIDE\workspace_1.19.0\AFR\AFR_SENSHORRS\CM7\Core\Src\freertos.c
2025-08-27 19:43:30,164 [INFO] CodeEngine:265 - oldGeneratedFile, C:\Users\nicks\STM32CubeIDE\workspace_1.19.0\AFR\AFR_SENSHORRS\CM7\Core\Inc\stm32h7xx_nucleo_conf.h_save
2025-08-27 19:43:30,205 [INFO] CodeEngine:289 - Generated code: C:\Users\nicks\STM32CubeIDE\workspace_1.19.0\AFR\AFR_SENSHORRS\CM7\Core\Inc\stm32h7xx_nucleo_conf.h
2025-08-27 19:43:30,210 [INFO] CodeEngine:265 - oldGeneratedFile, C:\Users\nicks\STM32CubeIDE\workspace_1.19.0\AFR\AFR_SENSHORRS\CM7\MXTmpFiles\bsp_inc.tmp_save
2025-08-27 19:43:30,249 [INFO] CodeEngine:289 - Generated code: C:\Users\nicks\STM32CubeIDE\workspace_1.19.0\AFR\AFR_SENSHORRS\CM7\MXTmpFiles\bsp_inc.tmp
2025-08-27 19:43:30,253 [INFO] CodeEngine:265 - oldGeneratedFile, C:\Users\nicks\STM32CubeIDE\workspace_1.19.0\AFR\AFR_SENSHORRS\CM7\MXTmpFiles\bsp_common_vars.tmp_save
2025-08-27 19:43:30,291 [INFO] CodeEngine:289 - Generated code: C:\Users\nicks\STM32CubeIDE\workspace_1.19.0\AFR\AFR_SENSHORRS\CM7\MXTmpFiles\bsp_common_vars.tmp
2025-08-27 19:43:30,296 [INFO] CodeEngine:265 - oldGeneratedFile, C:\Users\nicks\STM32CubeIDE\workspace_1.19.0\AFR\AFR_SENSHORRS\CM7\MXTmpFiles\bsp_common_init.tmp_save
2025-08-27 19:43:30,337 [INFO] CodeEngine:289 - Generated code: C:\Users\nicks\STM32CubeIDE\workspace_1.19.0\AFR\AFR_SENSHORRS\CM7\MXTmpFiles\bsp_common_init.tmp
2025-08-27 19:43:30,342 [INFO] CodeEngine:265 - oldGeneratedFile, C:\Users\nicks\STM32CubeIDE\workspace_1.19.0\AFR\AFR_SENSHORRS\CM7\MXTmpFiles\bsp_common_demo_before_while.tmp_save
2025-08-27 19:43:30,381 [INFO] CodeEngine:289 - Generated code: C:\Users\nicks\STM32CubeIDE\workspace_1.19.0\AFR\AFR_SENSHORRS\CM7\MXTmpFiles\bsp_common_demo_before_while.tmp
2025-08-27 19:43:30,386 [INFO] CodeEngine:265 - oldGeneratedFile, C:\Users\nicks\STM32CubeIDE\workspace_1.19.0\AFR\AFR_SENSHORRS\CM7\MXTmpFiles\bsp_common_demo_inside_while.tmp_save
2025-08-27 19:43:30,425 [INFO] CodeEngine:289 - Generated code: C:\Users\nicks\STM32CubeIDE\workspace_1.19.0\AFR\AFR_SENSHORRS\CM7\MXTmpFiles\bsp_common_demo_inside_while.tmp
2025-08-27 19:43:30,430 [INFO] CodeEngine:265 - oldGeneratedFile, C:\Users\nicks\STM32CubeIDE\workspace_1.19.0\AFR\AFR_SENSHORRS\CM7\MXTmpFiles\bsp_common_demo_fct.tmp_save
2025-08-27 19:43:30,467 [INFO] CodeEngine:289 - Generated code: C:\Users\nicks\STM32CubeIDE\workspace_1.19.0\AFR\AFR_SENSHORRS\CM7\MXTmpFiles\bsp_common_demo_fct.tmp
2025-08-27 19:43:30,488 [INFO] CodeEngine:265 - oldGeneratedFile, C:\Users\nicks\STM32CubeIDE\workspace_1.19.0\AFR\AFR_SENSHORRS\CM7\Core\Src\stm32h7xx_it.c_save
2025-08-27 19:43:30,586 [INFO] CodeEngine:289 - Generated code: C:\Users\nicks\STM32CubeIDE\workspace_1.19.0\AFR\AFR_SENSHORRS\CM7\Core\Src\stm32h7xx_it.c
2025-08-27 19:43:30,592 [INFO] CodeEngine:265 - oldGeneratedFile, C:\Users\nicks\STM32CubeIDE\workspace_1.19.0\AFR\AFR_SENSHORRS\CM7\Core\Inc\stm32h7xx_it.h_save
2025-08-27 19:43:30,632 [INFO] CodeEngine:289 - Generated code: C:\Users\nicks\STM32CubeIDE\workspace_1.19.0\AFR\AFR_SENSHORRS\CM7\Core\Inc\stm32h7xx_it.h
2025-08-27 19:43:30,745 [INFO] CodeEngine:265 - oldGeneratedFile, C:\Users\nicks\STM32CubeIDE\workspace_1.19.0\AFR\AFR_SENSHORRS\CM7\Core\Src\stm32h7xx_hal_msp.c_save
2025-08-27 19:43:30,817 [INFO] CodeEngine:289 - Generated code: C:\Users\nicks\STM32CubeIDE\workspace_1.19.0\AFR\AFR_SENSHORRS\CM7\Core\Src\stm32h7xx_hal_msp.c
2025-08-27 19:43:30,822 [INFO] CodeEngine:265 - oldGeneratedFile, C:\Users\nicks\STM32CubeIDE\workspace_1.19.0\AFR\AFR_SENSHORRS\CM7\MXTmpFiles\system.tmp_save
2025-08-27 19:43:30,862 [INFO] CodeEngine:289 - Generated code: C:\Users\nicks\STM32CubeIDE\workspace_1.19.0\AFR\AFR_SENSHORRS\CM7\MXTmpFiles\system.tmp
2025-08-27 19:43:30,873 [INFO] CodeEngine:321 - oldGeneratedFile, C:\Users\nicks\STM32CubeIDE\workspace_1.19.0\AFR\AFR_SENSHORRS\CM7\Core\Inc\stm32h7xx_hal_conf.h_save
2025-08-27 19:43:30,919 [INFO] CodeEngine:345 - Generated code: C:\Users\nicks\STM32CubeIDE\workspace_1.19.0\AFR\AFR_SENSHORRS\CM7\Core\Inc\stm32h7xx_hal_conf.h
2025-08-27 19:43:30,940 [WARN] IPConfigManager:3811 - IP not found : NVIC
2025-08-27 19:43:30,940 [WARN] IPConfigManager:3811 - IP not found : TIM
2025-08-27 19:43:30,942 [WARN] CodeGenerator:4259 - IP not found : null
2025-08-27 19:43:30,942 [WARN] CodeGenerator:4259 - IP not found : null
2025-08-27 19:43:30,949 [INFO] CodeEngine:265 - oldGeneratedFile, C:\Users\nicks\STM32CubeIDE\workspace_1.19.0\AFR\AFR_SENSHORRS\CM7\Core\Inc\main.h_save
2025-08-27 19:43:31,009 [INFO] CodeEngine:289 - Generated code: C:\Users\nicks\STM32CubeIDE\workspace_1.19.0\AFR\AFR_SENSHORRS\CM7\Core\Inc\main.h
2025-08-27 19:43:31,015 [INFO] CodeEngine:265 - oldGeneratedFile, C:\Users\nicks\STM32CubeIDE\workspace_1.19.0\AFR\AFR_SENSHORRS\CM7\Core\Src\main.c_save
2025-08-27 19:43:31,115 [INFO] CodeEngine:289 - Generated code: C:\Users\nicks\STM32CubeIDE\workspace_1.19.0\AFR\AFR_SENSHORRS\CM7\Core\Src\main.c
2025-08-27 19:43:31,154 [INFO] CodeGenerator:1619 - *******************Project context M4 selected
2025-08-27 19:43:31,200 [INFO] CodeEngine:265 - oldGeneratedFile, C:\Users\nicks\STM32CubeIDE\workspace_1.19.0\AFR\AFR_SENSHORRS\MXTmpFiles\license.tmp_save
2025-08-27 19:43:31,241 [INFO] CodeEngine:289 - Generated code: C:\Users\nicks\STM32CubeIDE\workspace_1.19.0\AFR\AFR_SENSHORRS\MXTmpFiles\license.tmp
2025-08-27 19:43:31,264 [INFO] CodeEngine:265 - oldGeneratedFile, C:\Users\nicks\STM32CubeIDE\workspace_1.19.0\AFR\AFR_SENSHORRS\CM4\MXTmpFiles\gpio.tmp_save
2025-08-27 19:43:31,305 [INFO] CodeEngine:289 - Generated code: C:\Users\nicks\STM32CubeIDE\workspace_1.19.0\AFR\AFR_SENSHORRS\CM4\MXTmpFiles\gpio.tmp
2025-08-27 19:43:31,356 [WARN] IPConfigManager:103 - WARNING: Missing Config File for NVIC2 ip!!
2025-08-27 19:43:31,418 [INFO] CodeEngine:265 - oldGeneratedFile, C:\Users\nicks\STM32CubeIDE\workspace_1.19.0\AFR\AFR_SENSHORRS\CM4\MXTmpFiles\bdma.tmp_save
2025-08-27 19:43:31,461 [INFO] CodeEngine:289 - Generated code: C:\Users\nicks\STM32CubeIDE\workspace_1.19.0\AFR\AFR_SENSHORRS\CM4\MXTmpFiles\bdma.tmp
2025-08-27 19:43:31,465 [INFO] CodeEngine:265 - oldGeneratedFile, C:\Users\nicks\STM32CubeIDE\workspace_1.19.0\AFR\AFR_SENSHORRS\CM4\MXTmpFiles\bdma_GV.tmp_save
2025-08-27 19:43:31,503 [INFO] CodeEngine:289 - Generated code: C:\Users\nicks\STM32CubeIDE\workspace_1.19.0\AFR\AFR_SENSHORRS\CM4\MXTmpFiles\bdma_GV.tmp
2025-08-27 19:43:31,510 [INFO] CodeEngine:265 - oldGeneratedFile, C:\Users\nicks\STM32CubeIDE\workspace_1.19.0\AFR\AFR_SENSHORRS\CM4\MXTmpFiles\cortex.tmp_save
2025-08-27 19:43:31,547 [INFO] CodeEngine:289 - Generated code: C:\Users\nicks\STM32CubeIDE\workspace_1.19.0\AFR\AFR_SENSHORRS\CM4\MXTmpFiles\cortex.tmp
2025-08-27 19:43:31,582 [INFO] CodeEngine:265 - oldGeneratedFile, C:\Users\nicks\STM32CubeIDE\workspace_1.19.0\AFR\AFR_SENSHORRS\CM4\Core\Inc\stm32h7xx_nucleo_conf.h_save
2025-08-27 19:43:31,623 [INFO] CodeEngine:289 - Generated code: C:\Users\nicks\STM32CubeIDE\workspace_1.19.0\AFR\AFR_SENSHORRS\CM4\Core\Inc\stm32h7xx_nucleo_conf.h
2025-08-27 19:43:31,627 [INFO] CodeEngine:265 - oldGeneratedFile, C:\Users\nicks\STM32CubeIDE\workspace_1.19.0\AFR\AFR_SENSHORRS\CM4\MXTmpFiles\bsp_inc.tmp_save
2025-08-27 19:43:31,665 [INFO] CodeEngine:289 - Generated code: C:\Users\nicks\STM32CubeIDE\workspace_1.19.0\AFR\AFR_SENSHORRS\CM4\MXTmpFiles\bsp_inc.tmp
2025-08-27 19:43:31,684 [INFO] CodeEngine:265 - oldGeneratedFile, C:\Users\nicks\STM32CubeIDE\workspace_1.19.0\AFR\AFR_SENSHORRS\CM4\Core\Src\stm32h7xx_it.c_save
2025-08-27 19:43:31,731 [INFO] CodeEngine:289 - Generated code: C:\Users\nicks\STM32CubeIDE\workspace_1.19.0\AFR\AFR_SENSHORRS\CM4\Core\Src\stm32h7xx_it.c
2025-08-27 19:43:31,737 [INFO] CodeEngine:265 - oldGeneratedFile, C:\Users\nicks\STM32CubeIDE\workspace_1.19.0\AFR\AFR_SENSHORRS\CM4\Core\Inc\stm32h7xx_it.h_save
2025-08-27 19:43:31,779 [INFO] CodeEngine:289 - Generated code: C:\Users\nicks\STM32CubeIDE\workspace_1.19.0\AFR\AFR_SENSHORRS\CM4\Core\Inc\stm32h7xx_it.h
2025-08-27 19:43:31,826 [INFO] CodeEngine:265 - oldGeneratedFile, C:\Users\nicks\STM32CubeIDE\workspace_1.19.0\AFR\AFR_SENSHORRS\CM4\Core\Src\stm32h7xx_hal_msp.c_save
2025-08-27 19:43:31,889 [INFO] CodeEngine:289 - Generated code: C:\Users\nicks\STM32CubeIDE\workspace_1.19.0\AFR\AFR_SENSHORRS\CM4\Core\Src\stm32h7xx_hal_msp.c
2025-08-27 19:43:31,893 [INFO] CodeEngine:265 - oldGeneratedFile, C:\Users\nicks\STM32CubeIDE\workspace_1.19.0\AFR\AFR_SENSHORRS\CM4\MXTmpFiles\system.tmp_save
2025-08-27 19:43:31,932 [INFO] CodeEngine:289 - Generated code: C:\Users\nicks\STM32CubeIDE\workspace_1.19.0\AFR\AFR_SENSHORRS\CM4\MXTmpFiles\system.tmp
2025-08-27 19:43:31,942 [INFO] CodeEngine:321 - oldGeneratedFile, C:\Users\nicks\STM32CubeIDE\workspace_1.19.0\AFR\AFR_SENSHORRS\CM4\Core\Inc\stm32h7xx_hal_conf.h_save
2025-08-27 19:43:31,988 [INFO] CodeEngine:345 - Generated code: C:\Users\nicks\STM32CubeIDE\workspace_1.19.0\AFR\AFR_SENSHORRS\CM4\Core\Inc\stm32h7xx_hal_conf.h
2025-08-27 19:43:31,999 [WARN] IPConfigManager:3811 - IP not found : NVIC
2025-08-27 19:43:32,000 [WARN] CodeGenerator:4259 - IP not found : null
2025-08-27 19:43:32,007 [INFO] CodeEngine:265 - oldGeneratedFile, C:\Users\nicks\STM32CubeIDE\workspace_1.19.0\AFR\AFR_SENSHORRS\CM4\Core\Inc\main.h_save
2025-08-27 19:43:32,052 [INFO] CodeEngine:289 - Generated code: C:\Users\nicks\STM32CubeIDE\workspace_1.19.0\AFR\AFR_SENSHORRS\CM4\Core\Inc\main.h
2025-08-27 19:43:32,058 [INFO] CodeEngine:265 - oldGeneratedFile, C:\Users\nicks\STM32CubeIDE\workspace_1.19.0\AFR\AFR_SENSHORRS\CM4\Core\Src\main.c_save
2025-08-27 19:43:32,119 [INFO] CodeEngine:289 - Generated code: C:\Users\nicks\STM32CubeIDE\workspace_1.19.0\AFR\AFR_SENSHORRS\CM4\Core\Src\main.c
2025-08-27 19:43:32,574 [INFO] ProjectBuilder:3606 - Time for Copy HAL[1] : 246mS.
2025-08-27 19:43:32,587 [INFO] ProjectBuilder:5216 - Project Generator version: 4.7.0-B52
2025-08-27 19:43:32,642 [INFO] ConfigFileManager:1595 - The Die is : DIE450
2025-08-27 19:43:37,550 [INFO] ProjectBuilder:5496 - Time for Generating toolchain IDE Files: 4963mS.
2025-08-27 19:43:37,551 [INFO] ProjectBuilder:3463 - Time for Copy CMSIS : 0mS.
2025-08-27 19:43:37,555 [INFO] ProjectBuilder:3463 - Time for Copy CMSIS : 0mS.
2025-08-27 19:47:25,158 [INFO] NvicIntPanel:101 - NVIC parent = com.st.microxplorer.plugins.ip.nvic.MultiNvicIntPanel[,0,0,0x0,invalid,layout=javax.swing.BoxLayout,alignmentX=0.0,alignmentY=0.0,border=,flags=9,maximumSize=,minimumSize=,preferredSize=]
2025-08-27 19:47:25,266 [INFO] ADCParametersView:116 -                Rank 1 : true
2025-08-27 19:47:25,266 [INFO] ADCParametersView:116 -                Rank 2 : true
2025-08-27 19:47:25,266 [INFO] ADCParametersView:116 -                Rank 3 : true
2025-08-27 19:47:25,267 [INFO] ADCParametersView:116 -                Rank 4 : true
2025-08-27 19:47:25,269 [INFO] ADCParametersView:116 -                Rank 1 : true
2025-08-27 19:47:25,269 [INFO] ADCParametersView:116 -                Rank 2 : true
2025-08-27 19:47:25,269 [INFO] ADCParametersView:116 -                Rank 3 : true
2025-08-27 19:47:25,269 [INFO] ADCParametersView:116 -                Rank 4 : true
2025-08-27 19:47:25,269 [INFO] ADCParametersView:116 -                Rank 1 : true
2025-08-27 19:47:25,269 [INFO] ADCParametersView:116 -                Rank 2 : true
2025-08-27 19:47:25,269 [INFO] ADCParametersView:116 -                Rank 3 : true
2025-08-27 19:47:25,269 [INFO] ADCParametersView:116 -                Rank 4 : true
2025-08-27 19:47:25,270 [INFO] ADCParametersView:116 -                Rank 1 : true
2025-08-27 19:47:25,270 [INFO] ADCParametersView:116 -                Rank 2 : true
2025-08-27 19:47:25,270 [INFO] ADCParametersView:116 -                Rank 3 : true
2025-08-27 19:47:25,270 [INFO] ADCParametersView:116 -                Rank 4 : true
2025-08-27 19:47:25,270 [INFO] ADCParametersView:116 -                Rank 1 : true
2025-08-27 19:47:25,270 [INFO] ADCParametersView:116 -                Rank 2 : true
2025-08-27 19:47:25,270 [INFO] ADCParametersView:116 -                Rank 3 : true
2025-08-27 19:47:25,270 [INFO] ADCParametersView:116 -                Rank 4 : true
2025-08-27 19:47:25,270 [INFO] ADCParametersView:116 -                Rank 1 : true
2025-08-27 19:47:25,270 [INFO] ADCParametersView:116 -                Rank 2 : true
2025-08-27 19:47:25,270 [INFO] ADCParametersView:116 -                Rank 3 : true
2025-08-27 19:47:25,271 [INFO] ADCParametersView:116 -                Rank 4 : true
2025-08-27 19:47:25,271 [INFO] ADCParametersView:116 -                Rank 1 : true
2025-08-27 19:47:25,271 [INFO] ADCParametersView:116 -                Rank 2 : true
2025-08-27 19:47:25,271 [INFO] ADCParametersView:116 -                Rank 3 : true
2025-08-27 19:47:25,271 [INFO] ADCParametersView:116 -                Rank 4 : true
2025-08-27 19:47:25,271 [INFO] ADCParametersView:116 -                Rank 1 : true
2025-08-27 19:47:25,271 [INFO] ADCParametersView:116 -                Rank 2 : true
2025-08-27 19:47:25,271 [INFO] ADCParametersView:116 -                Rank 3 : true
2025-08-27 19:47:25,271 [INFO] ADCParametersView:116 -                Rank 4 : true
2025-08-27 19:47:25,272 [INFO] ADCParametersView:116 -                Rank 1 : true
2025-08-27 19:47:25,272 [INFO] ADCParametersView:116 -                Rank 2 : true
2025-08-27 19:47:25,272 [INFO] ADCParametersView:116 -                Rank 3 : true
2025-08-27 19:47:25,272 [INFO] ADCParametersView:116 -                Rank 4 : true
2025-08-27 19:47:25,272 [INFO] ADCParametersView:116 -                Rank 1 : true
2025-08-27 19:47:25,272 [INFO] ADCParametersView:116 -                Rank 2 : true
2025-08-27 19:47:25,272 [INFO] ADCParametersView:116 -                Rank 3 : true
2025-08-27 19:47:25,272 [INFO] ADCParametersView:116 -                Rank 4 : true
2025-08-27 19:47:25,272 [INFO] ADCParametersView:116 -                Rank 1 : true
2025-08-27 19:47:25,272 [INFO] ADCParametersView:116 -                Rank 2 : true
2025-08-27 19:47:25,272 [INFO] ADCParametersView:116 -                Rank 3 : true
2025-08-27 19:47:25,272 [INFO] ADCParametersView:116 -                Rank 4 : true
2025-08-27 19:47:25,272 [INFO] ADCParametersView:116 -                Rank 1 : true
2025-08-27 19:47:25,272 [INFO] ADCParametersView:116 -                Rank 2 : true
2025-08-27 19:47:25,272 [INFO] ADCParametersView:116 -                Rank 3 : true
2025-08-27 19:47:25,272 [INFO] ADCParametersView:116 -                Rank 4 : true
2025-08-27 19:47:25,273 [INFO] ADCParametersView:116 -                Rank 1 : true
2025-08-27 19:47:25,273 [INFO] ADCParametersView:116 -                Rank 2 : true
2025-08-27 19:47:25,273 [INFO] ADCParametersView:116 -                Rank 3 : true
2025-08-27 19:47:25,273 [INFO] ADCParametersView:116 -                Rank 4 : true
2025-08-27 19:47:25,273 [INFO] ADCParametersView:116 -                Rank 1 : true
2025-08-27 19:47:25,273 [INFO] ADCParametersView:116 -                Rank 2 : true
2025-08-27 19:47:25,273 [INFO] ADCParametersView:116 -                Rank 3 : true
2025-08-27 19:47:25,273 [INFO] ADCParametersView:116 -                Rank 4 : true
2025-08-27 19:47:25,273 [INFO] ADCParametersView:116 -                Rank 1 : true
2025-08-27 19:47:25,273 [INFO] ADCParametersView:116 -                Rank 2 : true
2025-08-27 19:47:25,273 [INFO] ADCParametersView:116 -                Rank 3 : true
2025-08-27 19:47:25,273 [INFO] ADCParametersView:116 -                Rank 4 : true
2025-08-27 19:47:25,273 [INFO] ADCParametersView:116 -                Rank 1 : true
2025-08-27 19:47:25,273 [INFO] ADCParametersView:116 -                Rank 2 : true
2025-08-27 19:47:25,273 [INFO] ADCParametersView:116 -                Rank 3 : true
2025-08-27 19:47:25,273 [INFO] ADCParametersView:116 -                Rank 4 : true
2025-08-27 19:47:25,274 [INFO] ADCParametersView:116 -                Rank 1 : true
2025-08-27 19:47:25,274 [INFO] ADCParametersView:116 -                Rank 2 : true
2025-08-27 19:47:25,274 [INFO] ADCParametersView:116 -                Rank 3 : true
2025-08-27 19:47:25,274 [INFO] ADCParametersView:116 -                Rank 4 : true
2025-08-27 19:47:25,274 [INFO] ADCParametersView:116 -                Rank 1 : true
2025-08-27 19:47:25,274 [INFO] ADCParametersView:116 -                Rank 2 : true
2025-08-27 19:47:25,274 [INFO] ADCParametersView:116 -                Rank 3 : true
2025-08-27 19:47:25,274 [INFO] ADCParametersView:116 -                Rank 4 : true
2025-08-27 19:47:25,274 [INFO] ADCParametersView:116 -                Rank 1 : true
2025-08-27 19:47:25,274 [INFO] ADCParametersView:116 -                Rank 2 : true
2025-08-27 19:47:25,274 [INFO] ADCParametersView:116 -                Rank 3 : true
2025-08-27 19:47:25,274 [INFO] ADCParametersView:116 -                Rank 4 : true
2025-08-27 19:47:25,274 [INFO] ADCParametersView:116 -                Rank 1 : true
2025-08-27 19:47:25,274 [INFO] ADCParametersView:116 -                Rank 2 : true
2025-08-27 19:47:25,274 [INFO] ADCParametersView:116 -                Rank 3 : true
2025-08-27 19:47:25,274 [INFO] ADCParametersView:116 -                Rank 4 : true
2025-08-27 19:47:25,274 [INFO] ADCParametersView:116 -                Rank 2 : true
2025-08-27 19:47:25,274 [INFO] ADCParametersView:116 -                Rank 3 : true
2025-08-27 19:47:25,274 [INFO] ADCParametersView:116 -                Rank 4 : true
2025-08-27 19:47:25,275 [INFO] ADCParametersView:116 -                Rank 3 : true
2025-08-27 19:47:25,275 [INFO] ADCParametersView:116 -                Rank 4 : true
2025-08-27 19:47:25,275 [INFO] ADCParametersView:116 -                Rank 4 : true
2025-08-27 19:47:25,391 [INFO] ADCParametersView:116 -                Rank 1 : true
2025-08-27 19:47:25,392 [INFO] ADCParametersView:116 -                Rank 1 : true
2025-08-27 19:47:25,392 [INFO] ADCParametersView:116 -                Rank 2 : true
2025-08-27 19:47:25,392 [INFO] ADCParametersView:116 -                Rank 1 : true
2025-08-27 19:47:25,392 [INFO] ADCParametersView:116 -                Rank 2 : true
2025-08-27 19:47:25,392 [INFO] ADCParametersView:116 -                Rank 3 : true
2025-08-27 19:47:25,392 [INFO] ADCParametersView:116 -                Rank 1 : true
2025-08-27 19:47:25,392 [INFO] ADCParametersView:116 -                Rank 2 : true
2025-08-27 19:47:25,392 [INFO] ADCParametersView:116 -                Rank 3 : true
2025-08-27 19:47:25,392 [INFO] ADCParametersView:116 -                Rank 4 : true
2025-08-27 19:47:28,378 [INFO] UtilMem:75 - End SaveConfig() Used Memory: 682565232 Bytes (1073741824)
2025-08-27 19:47:28,509 [INFO] UtilMem:75 - End SaveConfig() Used Memory: 704319904 Bytes (1073741824)
2025-08-27 19:47:29,020 [INFO] UtilMem:75 - End SaveConfig() Used Memory: 756491888 Bytes (1073741824)
2025-08-27 19:47:30,242 [ERROR] IocParser:95 - Exception caught: Cannot invoke "java.lang.CharSequence.length()" because "this.text" is null
2025-08-27 19:47:30,857 [INFO] BlockDiagram:2775 - set Specific Code input for plugin: FREERTOS
2025-08-27 19:47:30,857 [INFO] BlockDiagram:2775 - set Specific Code input for plugin: RCC
2025-08-27 19:47:30,857 [INFO] BlockDiagram:2775 - set Specific Code input for plugin: I2C
2025-08-27 19:47:30,857 [INFO] BlockDiagram:2775 - set Specific Code input for plugin: BDMA
2025-08-27 19:47:30,857 [INFO] BlockDiagram:2775 - set Specific Code input for plugin: USART
2025-08-27 19:47:30,857 [INFO] BlockDiagram:2775 - set Specific Code input for plugin: TIM6_7H7
2025-08-27 19:47:30,857 [INFO] BlockDiagram:2775 - set Specific Code input for plugin: TIM1_8H7
2025-08-27 19:47:30,857 [INFO] BlockDiagram:2775 - set Specific Code input for plugin: SYS
2025-08-27 19:47:30,857 [INFO] BlockDiagram:2775 - set Specific Code input for plugin: ADC
2025-08-27 19:47:30,857 [INFO] BlockDiagram:2775 - set Specific Code input for plugin: ADC
2025-08-27 19:47:30,857 [INFO] BlockDiagram:2775 - set Specific Code input for plugin: NVIC2
2025-08-27 19:47:30,857 [INFO] BlockDiagram:2775 - set Specific Code input for plugin: UART
2025-08-27 19:47:30,857 [INFO] BlockDiagram:2775 - set Specific Code input for plugin: UART
2025-08-27 19:47:30,858 [INFO] BlockDiagram:2775 - set Specific Code input for plugin: GPIO
2025-08-27 19:47:30,858 [INFO] BlockDiagram:2775 - set Specific Code input for plugin: SYS_M4
2025-08-27 19:47:30,858 [INFO] BlockDiagram:2775 - set Specific Code input for plugin: NUCLEO-H755ZI-Q
2025-08-27 19:47:30,858 [INFO] BlockDiagram:2775 - set Specific Code input for plugin: NVIC1
2025-08-27 19:47:30,859 [INFO] CodeGenerator:892 - code generatio: config db path: C:\ST\STM32CubeIDE_1.19.0\STM32CubeIDE\plugins\com.st.stm32cube.common.mx_6.15.0.202507011659\\db\
2025-08-27 19:47:30,922 [ERROR] CodeGenerator:10662 - The current RTOS owner has not been found in the list of IPs
2025-08-27 19:47:30,922 [INFO] CodeGenerator:1619 - *******************Project context M7 selected
2025-08-27 19:47:30,967 [INFO] CodeEngine:265 - oldGeneratedFile, C:\Users\nicks\STM32CubeIDE\workspace_1.19.0\AFR\AFR_SENSHORRS\MXTmpFiles\license.tmp_save
2025-08-27 19:47:31,080 [INFO] CodeEngine:289 - Generated code: C:\Users\nicks\STM32CubeIDE\workspace_1.19.0\AFR\AFR_SENSHORRS\MXTmpFiles\license.tmp
2025-08-27 19:47:31,177 [INFO] CodeEngine:265 - oldGeneratedFile, C:\Users\nicks\STM32CubeIDE\workspace_1.19.0\AFR\AFR_SENSHORRS\CM7\MXTmpFiles\gpio.tmp_save
2025-08-27 19:47:31,250 [INFO] CodeEngine:289 - Generated code: C:\Users\nicks\STM32CubeIDE\workspace_1.19.0\AFR\AFR_SENSHORRS\CM7\MXTmpFiles\gpio.tmp
2025-08-27 19:47:31,631 [WARN] IPConfigManager:103 - WARNING: Missing Config File for NVIC1 ip!!
2025-08-27 19:47:31,910 [ERROR] CodeGenerator:10662 - The current RTOS owner has not been found in the list of IPs
2025-08-27 19:47:31,939 [INFO] CodeEngine:265 - oldGeneratedFile, C:\Users\nicks\STM32CubeIDE\workspace_1.19.0\AFR\AFR_SENSHORRS\CM7\MXTmpFiles\bdma.tmp_save
2025-08-27 19:47:31,987 [INFO] CodeEngine:289 - Generated code: C:\Users\nicks\STM32CubeIDE\workspace_1.19.0\AFR\AFR_SENSHORRS\CM7\MXTmpFiles\bdma.tmp
2025-08-27 19:47:31,992 [INFO] CodeEngine:265 - oldGeneratedFile, C:\Users\nicks\STM32CubeIDE\workspace_1.19.0\AFR\AFR_SENSHORRS\CM7\MXTmpFiles\bdma_GV.tmp_save
2025-08-27 19:47:32,031 [INFO] CodeEngine:289 - Generated code: C:\Users\nicks\STM32CubeIDE\workspace_1.19.0\AFR\AFR_SENSHORRS\CM7\MXTmpFiles\bdma_GV.tmp
2025-08-27 19:47:32,039 [INFO] CodeEngine:265 - oldGeneratedFile, C:\Users\nicks\STM32CubeIDE\workspace_1.19.0\AFR\AFR_SENSHORRS\CM7\MXTmpFiles\cortex.tmp_save
2025-08-27 19:47:32,081 [INFO] CodeEngine:289 - Generated code: C:\Users\nicks\STM32CubeIDE\workspace_1.19.0\AFR\AFR_SENSHORRS\CM7\MXTmpFiles\cortex.tmp
2025-08-27 19:47:32,099 [INFO] Middleware:1452 - No code input for Bsp Dependency
2025-08-27 19:47:32,105 [INFO] CodeEngine:265 - oldGeneratedFile, C:\Users\nicks\STM32CubeIDE\workspace_1.19.0\AFR\AFR_SENSHORRS\CM7\MXTmpFiles\rtos_inc.tmp_save
2025-08-27 19:47:32,144 [INFO] CodeEngine:289 - Generated code: C:\Users\nicks\STM32CubeIDE\workspace_1.19.0\AFR\AFR_SENSHORRS\CM7\MXTmpFiles\rtos_inc.tmp
2025-08-27 19:47:32,148 [INFO] CodeEngine:265 - oldGeneratedFile, C:\Users\nicks\STM32CubeIDE\workspace_1.19.0\AFR\AFR_SENSHORRS\CM7\MXTmpFiles\rtos_kernelInit.tmp_save
2025-08-27 19:47:32,191 [INFO] CodeEngine:289 - Generated code: C:\Users\nicks\STM32CubeIDE\workspace_1.19.0\AFR\AFR_SENSHORRS\CM7\MXTmpFiles\rtos_kernelInit.tmp
2025-08-27 19:47:32,196 [INFO] CodeEngine:265 - oldGeneratedFile, C:\Users\nicks\STM32CubeIDE\workspace_1.19.0\AFR\AFR_SENSHORRS\CM7\MXTmpFiles\rtos_kernelStart.tmp_save
2025-08-27 19:47:32,236 [INFO] CodeEngine:289 - Generated code: C:\Users\nicks\STM32CubeIDE\workspace_1.19.0\AFR\AFR_SENSHORRS\CM7\MXTmpFiles\rtos_kernelStart.tmp
2025-08-27 19:47:32,241 [INFO] CodeEngine:265 - oldGeneratedFile, C:\Users\nicks\STM32CubeIDE\workspace_1.19.0\AFR\AFR_SENSHORRS\CM7\MXTmpFiles\rtos_typedefs.tmp_save
2025-08-27 19:47:32,281 [INFO] CodeEngine:289 - Generated code: C:\Users\nicks\STM32CubeIDE\workspace_1.19.0\AFR\AFR_SENSHORRS\CM7\MXTmpFiles\rtos_typedefs.tmp
2025-08-27 19:47:32,285 [INFO] CodeEngine:265 - oldGeneratedFile, C:\Users\nicks\STM32CubeIDE\workspace_1.19.0\AFR\AFR_SENSHORRS\CM7\MXTmpFiles\rtos_vars.tmp_save
2025-08-27 19:47:32,325 [INFO] CodeEngine:289 - Generated code: C:\Users\nicks\STM32CubeIDE\workspace_1.19.0\AFR\AFR_SENSHORRS\CM7\MXTmpFiles\rtos_vars.tmp
2025-08-27 19:47:32,330 [INFO] CodeEngine:265 - oldGeneratedFile, C:\Users\nicks\STM32CubeIDE\workspace_1.19.0\AFR\AFR_SENSHORRS\CM7\MXTmpFiles\rtos_pfp.tmp_save
2025-08-27 19:47:32,370 [INFO] CodeEngine:289 - Generated code: C:\Users\nicks\STM32CubeIDE\workspace_1.19.0\AFR\AFR_SENSHORRS\CM7\MXTmpFiles\rtos_pfp.tmp
2025-08-27 19:47:32,375 [INFO] CodeEngine:265 - oldGeneratedFile, C:\Users\nicks\STM32CubeIDE\workspace_1.19.0\AFR\AFR_SENSHORRS\CM7\MXTmpFiles\rtos_obj_creat.tmp_save
2025-08-27 19:47:32,415 [INFO] CodeEngine:289 - Generated code: C:\Users\nicks\STM32CubeIDE\workspace_1.19.0\AFR\AFR_SENSHORRS\CM7\MXTmpFiles\rtos_obj_creat.tmp
2025-08-27 19:47:32,419 [INFO] CodeEngine:265 - oldGeneratedFile, C:\Users\nicks\STM32CubeIDE\workspace_1.19.0\AFR\AFR_SENSHORRS\CM7\MXTmpFiles\rtos_default_thread.tmp_save
2025-08-27 19:47:32,460 [INFO] CodeEngine:289 - Generated code: C:\Users\nicks\STM32CubeIDE\workspace_1.19.0\AFR\AFR_SENSHORRS\CM7\MXTmpFiles\rtos_default_thread.tmp
2025-08-27 19:47:32,464 [INFO] CodeEngine:265 - oldGeneratedFile, C:\Users\nicks\STM32CubeIDE\workspace_1.19.0\AFR\AFR_SENSHORRS\CM7\MXTmpFiles\rtos_threads.tmp_save
2025-08-27 19:47:32,505 [INFO] CodeEngine:289 - Generated code: C:\Users\nicks\STM32CubeIDE\workspace_1.19.0\AFR\AFR_SENSHORRS\CM7\MXTmpFiles\rtos_threads.tmp
2025-08-27 19:47:32,511 [INFO] CodeEngine:265 - oldGeneratedFile, C:\Users\nicks\STM32CubeIDE\workspace_1.19.0\AFR\AFR_SENSHORRS\CM7\Core\Inc\FreeRTOSConfig.h_save
2025-08-27 19:47:32,566 [INFO] CodeEngine:289 - Generated code: C:\Users\nicks\STM32CubeIDE\workspace_1.19.0\AFR\AFR_SENSHORRS\CM7\Core\Inc\FreeRTOSConfig.h
2025-08-27 19:47:32,572 [INFO] CodeEngine:265 - oldGeneratedFile, C:\Users\nicks\STM32CubeIDE\workspace_1.19.0\AFR\AFR_SENSHORRS\CM7\Core\Src\freertos.c_save
2025-08-27 19:47:32,616 [INFO] CodeEngine:289 - Generated code: C:\Users\nicks\STM32CubeIDE\workspace_1.19.0\AFR\AFR_SENSHORRS\CM7\Core\Src\freertos.c
2025-08-27 19:47:32,653 [INFO] CodeEngine:265 - oldGeneratedFile, C:\Users\nicks\STM32CubeIDE\workspace_1.19.0\AFR\AFR_SENSHORRS\CM7\Core\Inc\stm32h7xx_nucleo_conf.h_save
2025-08-27 19:47:32,694 [INFO] CodeEngine:289 - Generated code: C:\Users\nicks\STM32CubeIDE\workspace_1.19.0\AFR\AFR_SENSHORRS\CM7\Core\Inc\stm32h7xx_nucleo_conf.h
2025-08-27 19:47:32,698 [INFO] CodeEngine:265 - oldGeneratedFile, C:\Users\nicks\STM32CubeIDE\workspace_1.19.0\AFR\AFR_SENSHORRS\CM7\MXTmpFiles\bsp_inc.tmp_save
2025-08-27 19:47:32,736 [INFO] CodeEngine:289 - Generated code: C:\Users\nicks\STM32CubeIDE\workspace_1.19.0\AFR\AFR_SENSHORRS\CM7\MXTmpFiles\bsp_inc.tmp
2025-08-27 19:47:32,740 [INFO] CodeEngine:265 - oldGeneratedFile, C:\Users\nicks\STM32CubeIDE\workspace_1.19.0\AFR\AFR_SENSHORRS\CM7\MXTmpFiles\bsp_common_vars.tmp_save
2025-08-27 19:47:32,777 [INFO] CodeEngine:289 - Generated code: C:\Users\nicks\STM32CubeIDE\workspace_1.19.0\AFR\AFR_SENSHORRS\CM7\MXTmpFiles\bsp_common_vars.tmp
2025-08-27 19:47:32,782 [INFO] CodeEngine:265 - oldGeneratedFile, C:\Users\nicks\STM32CubeIDE\workspace_1.19.0\AFR\AFR_SENSHORRS\CM7\MXTmpFiles\bsp_common_init.tmp_save
2025-08-27 19:47:32,819 [INFO] CodeEngine:289 - Generated code: C:\Users\nicks\STM32CubeIDE\workspace_1.19.0\AFR\AFR_SENSHORRS\CM7\MXTmpFiles\bsp_common_init.tmp
2025-08-27 19:47:32,824 [INFO] CodeEngine:265 - oldGeneratedFile, C:\Users\nicks\STM32CubeIDE\workspace_1.19.0\AFR\AFR_SENSHORRS\CM7\MXTmpFiles\bsp_common_demo_before_while.tmp_save
2025-08-27 19:47:32,861 [INFO] CodeEngine:289 - Generated code: C:\Users\nicks\STM32CubeIDE\workspace_1.19.0\AFR\AFR_SENSHORRS\CM7\MXTmpFiles\bsp_common_demo_before_while.tmp
2025-08-27 19:47:32,865 [INFO] CodeEngine:265 - oldGeneratedFile, C:\Users\nicks\STM32CubeIDE\workspace_1.19.0\AFR\AFR_SENSHORRS\CM7\MXTmpFiles\bsp_common_demo_inside_while.tmp_save
2025-08-27 19:47:32,903 [INFO] CodeEngine:289 - Generated code: C:\Users\nicks\STM32CubeIDE\workspace_1.19.0\AFR\AFR_SENSHORRS\CM7\MXTmpFiles\bsp_common_demo_inside_while.tmp
2025-08-27 19:47:32,908 [INFO] CodeEngine:265 - oldGeneratedFile, C:\Users\nicks\STM32CubeIDE\workspace_1.19.0\AFR\AFR_SENSHORRS\CM7\MXTmpFiles\bsp_common_demo_fct.tmp_save
2025-08-27 19:47:32,946 [INFO] CodeEngine:289 - Generated code: C:\Users\nicks\STM32CubeIDE\workspace_1.19.0\AFR\AFR_SENSHORRS\CM7\MXTmpFiles\bsp_common_demo_fct.tmp
2025-08-27 19:47:32,967 [INFO] CodeEngine:265 - oldGeneratedFile, C:\Users\nicks\STM32CubeIDE\workspace_1.19.0\AFR\AFR_SENSHORRS\CM7\Core\Src\stm32h7xx_it.c_save
2025-08-27 19:47:33,019 [INFO] CodeEngine:289 - Generated code: C:\Users\nicks\STM32CubeIDE\workspace_1.19.0\AFR\AFR_SENSHORRS\CM7\Core\Src\stm32h7xx_it.c
2025-08-27 19:47:33,024 [INFO] CodeEngine:265 - oldGeneratedFile, C:\Users\nicks\STM32CubeIDE\workspace_1.19.0\AFR\AFR_SENSHORRS\CM7\Core\Inc\stm32h7xx_it.h_save
2025-08-27 19:47:33,067 [INFO] CodeEngine:289 - Generated code: C:\Users\nicks\STM32CubeIDE\workspace_1.19.0\AFR\AFR_SENSHORRS\CM7\Core\Inc\stm32h7xx_it.h
2025-08-27 19:47:33,202 [INFO] CodeEngine:265 - oldGeneratedFile, C:\Users\nicks\STM32CubeIDE\workspace_1.19.0\AFR\AFR_SENSHORRS\CM7\Core\Src\stm32h7xx_hal_msp.c_save
2025-08-27 19:47:33,279 [INFO] CodeEngine:289 - Generated code: C:\Users\nicks\STM32CubeIDE\workspace_1.19.0\AFR\AFR_SENSHORRS\CM7\Core\Src\stm32h7xx_hal_msp.c
2025-08-27 19:47:33,301 [INFO] CodeEngine:265 - oldGeneratedFile, C:\Users\nicks\STM32CubeIDE\workspace_1.19.0\AFR\AFR_SENSHORRS\CM7\MXTmpFiles\system.tmp_save
2025-08-27 19:47:33,340 [INFO] CodeEngine:289 - Generated code: C:\Users\nicks\STM32CubeIDE\workspace_1.19.0\AFR\AFR_SENSHORRS\CM7\MXTmpFiles\system.tmp
2025-08-27 19:47:33,352 [INFO] CodeEngine:321 - oldGeneratedFile, C:\Users\nicks\STM32CubeIDE\workspace_1.19.0\AFR\AFR_SENSHORRS\CM7\Core\Inc\stm32h7xx_hal_conf.h_save
2025-08-27 19:47:33,399 [INFO] CodeEngine:345 - Generated code: C:\Users\nicks\STM32CubeIDE\workspace_1.19.0\AFR\AFR_SENSHORRS\CM7\Core\Inc\stm32h7xx_hal_conf.h
2025-08-27 19:47:33,422 [WARN] IPConfigManager:3811 - IP not found : NVIC
2025-08-27 19:47:33,422 [WARN] IPConfigManager:3811 - IP not found : TIM
2025-08-27 19:47:33,423 [WARN] CodeGenerator:4259 - IP not found : null
2025-08-27 19:47:33,424 [WARN] CodeGenerator:4259 - IP not found : null
2025-08-27 19:47:33,431 [INFO] CodeEngine:265 - oldGeneratedFile, C:\Users\nicks\STM32CubeIDE\workspace_1.19.0\AFR\AFR_SENSHORRS\CM7\Core\Inc\main.h_save
2025-08-27 19:47:33,478 [INFO] CodeEngine:289 - Generated code: C:\Users\nicks\STM32CubeIDE\workspace_1.19.0\AFR\AFR_SENSHORRS\CM7\Core\Inc\main.h
2025-08-27 19:47:33,484 [INFO] CodeEngine:265 - oldGeneratedFile, C:\Users\nicks\STM32CubeIDE\workspace_1.19.0\AFR\AFR_SENSHORRS\CM7\Core\Src\main.c_save
2025-08-27 19:47:33,589 [INFO] CodeEngine:289 - Generated code: C:\Users\nicks\STM32CubeIDE\workspace_1.19.0\AFR\AFR_SENSHORRS\CM7\Core\Src\main.c
2025-08-27 19:47:33,628 [INFO] CodeGenerator:1619 - *******************Project context M4 selected
2025-08-27 19:47:33,672 [INFO] CodeEngine:265 - oldGeneratedFile, C:\Users\nicks\STM32CubeIDE\workspace_1.19.0\AFR\AFR_SENSHORRS\MXTmpFiles\license.tmp_save
2025-08-27 19:47:33,711 [INFO] CodeEngine:289 - Generated code: C:\Users\nicks\STM32CubeIDE\workspace_1.19.0\AFR\AFR_SENSHORRS\MXTmpFiles\license.tmp
2025-08-27 19:47:33,728 [INFO] CodeEngine:265 - oldGeneratedFile, C:\Users\nicks\STM32CubeIDE\workspace_1.19.0\AFR\AFR_SENSHORRS\CM4\MXTmpFiles\gpio.tmp_save
2025-08-27 19:47:33,768 [INFO] CodeEngine:289 - Generated code: C:\Users\nicks\STM32CubeIDE\workspace_1.19.0\AFR\AFR_SENSHORRS\CM4\MXTmpFiles\gpio.tmp
2025-08-27 19:47:33,814 [WARN] IPConfigManager:103 - WARNING: Missing Config File for NVIC2 ip!!
2025-08-27 19:47:33,875 [INFO] CodeEngine:265 - oldGeneratedFile, C:\Users\nicks\STM32CubeIDE\workspace_1.19.0\AFR\AFR_SENSHORRS\CM4\MXTmpFiles\bdma.tmp_save
2025-08-27 19:47:33,917 [INFO] CodeEngine:289 - Generated code: C:\Users\nicks\STM32CubeIDE\workspace_1.19.0\AFR\AFR_SENSHORRS\CM4\MXTmpFiles\bdma.tmp
2025-08-27 19:47:33,921 [INFO] CodeEngine:265 - oldGeneratedFile, C:\Users\nicks\STM32CubeIDE\workspace_1.19.0\AFR\AFR_SENSHORRS\CM4\MXTmpFiles\bdma_GV.tmp_save
2025-08-27 19:47:33,959 [INFO] CodeEngine:289 - Generated code: C:\Users\nicks\STM32CubeIDE\workspace_1.19.0\AFR\AFR_SENSHORRS\CM4\MXTmpFiles\bdma_GV.tmp
2025-08-27 19:47:33,969 [INFO] CodeEngine:265 - oldGeneratedFile, C:\Users\nicks\STM32CubeIDE\workspace_1.19.0\AFR\AFR_SENSHORRS\CM4\MXTmpFiles\cortex.tmp_save
2025-08-27 19:47:34,006 [INFO] CodeEngine:289 - Generated code: C:\Users\nicks\STM32CubeIDE\workspace_1.19.0\AFR\AFR_SENSHORRS\CM4\MXTmpFiles\cortex.tmp
2025-08-27 19:47:34,042 [INFO] CodeEngine:265 - oldGeneratedFile, C:\Users\nicks\STM32CubeIDE\workspace_1.19.0\AFR\AFR_SENSHORRS\CM4\Core\Inc\stm32h7xx_nucleo_conf.h_save
2025-08-27 19:47:34,082 [INFO] CodeEngine:289 - Generated code: C:\Users\nicks\STM32CubeIDE\workspace_1.19.0\AFR\AFR_SENSHORRS\CM4\Core\Inc\stm32h7xx_nucleo_conf.h
2025-08-27 19:47:34,086 [INFO] CodeEngine:265 - oldGeneratedFile, C:\Users\nicks\STM32CubeIDE\workspace_1.19.0\AFR\AFR_SENSHORRS\CM4\MXTmpFiles\bsp_inc.tmp_save
2025-08-27 19:47:34,123 [INFO] CodeEngine:289 - Generated code: C:\Users\nicks\STM32CubeIDE\workspace_1.19.0\AFR\AFR_SENSHORRS\CM4\MXTmpFiles\bsp_inc.tmp
2025-08-27 19:47:34,142 [INFO] CodeEngine:265 - oldGeneratedFile, C:\Users\nicks\STM32CubeIDE\workspace_1.19.0\AFR\AFR_SENSHORRS\CM4\Core\Src\stm32h7xx_it.c_save
2025-08-27 19:47:34,189 [INFO] CodeEngine:289 - Generated code: C:\Users\nicks\STM32CubeIDE\workspace_1.19.0\AFR\AFR_SENSHORRS\CM4\Core\Src\stm32h7xx_it.c
2025-08-27 19:47:34,195 [INFO] CodeEngine:265 - oldGeneratedFile, C:\Users\nicks\STM32CubeIDE\workspace_1.19.0\AFR\AFR_SENSHORRS\CM4\Core\Inc\stm32h7xx_it.h_save
2025-08-27 19:47:34,236 [INFO] CodeEngine:289 - Generated code: C:\Users\nicks\STM32CubeIDE\workspace_1.19.0\AFR\AFR_SENSHORRS\CM4\Core\Inc\stm32h7xx_it.h
2025-08-27 19:47:34,279 [INFO] CodeEngine:265 - oldGeneratedFile, C:\Users\nicks\STM32CubeIDE\workspace_1.19.0\AFR\AFR_SENSHORRS\CM4\Core\Src\stm32h7xx_hal_msp.c_save
2025-08-27 19:47:34,338 [INFO] CodeEngine:289 - Generated code: C:\Users\nicks\STM32CubeIDE\workspace_1.19.0\AFR\AFR_SENSHORRS\CM4\Core\Src\stm32h7xx_hal_msp.c
2025-08-27 19:47:34,343 [INFO] CodeEngine:265 - oldGeneratedFile, C:\Users\nicks\STM32CubeIDE\workspace_1.19.0\AFR\AFR_SENSHORRS\CM4\MXTmpFiles\system.tmp_save
2025-08-27 19:47:34,383 [INFO] CodeEngine:289 - Generated code: C:\Users\nicks\STM32CubeIDE\workspace_1.19.0\AFR\AFR_SENSHORRS\CM4\MXTmpFiles\system.tmp
2025-08-27 19:47:34,394 [INFO] CodeEngine:321 - oldGeneratedFile, C:\Users\nicks\STM32CubeIDE\workspace_1.19.0\AFR\AFR_SENSHORRS\CM4\Core\Inc\stm32h7xx_hal_conf.h_save
2025-08-27 19:47:34,443 [INFO] CodeEngine:345 - Generated code: C:\Users\nicks\STM32CubeIDE\workspace_1.19.0\AFR\AFR_SENSHORRS\CM4\Core\Inc\stm32h7xx_hal_conf.h
2025-08-27 19:47:34,454 [WARN] IPConfigManager:3811 - IP not found : NVIC
2025-08-27 19:47:34,455 [WARN] CodeGenerator:4259 - IP not found : null
2025-08-27 19:47:34,462 [INFO] CodeEngine:265 - oldGeneratedFile, C:\Users\nicks\STM32CubeIDE\workspace_1.19.0\AFR\AFR_SENSHORRS\CM4\Core\Inc\main.h_save
2025-08-27 19:47:34,505 [INFO] CodeEngine:289 - Generated code: C:\Users\nicks\STM32CubeIDE\workspace_1.19.0\AFR\AFR_SENSHORRS\CM4\Core\Inc\main.h
2025-08-27 19:47:34,510 [INFO] CodeEngine:265 - oldGeneratedFile, C:\Users\nicks\STM32CubeIDE\workspace_1.19.0\AFR\AFR_SENSHORRS\CM4\Core\Src\main.c_save
2025-08-27 19:47:34,571 [INFO] CodeEngine:289 - Generated code: C:\Users\nicks\STM32CubeIDE\workspace_1.19.0\AFR\AFR_SENSHORRS\CM4\Core\Src\main.c
2025-08-27 19:47:34,978 [INFO] ProjectBuilder:3606 - Time for Copy HAL[1] : 238mS.
2025-08-27 19:47:34,990 [INFO] ProjectBuilder:5216 - Project Generator version: 4.7.0-B52
2025-08-27 19:47:35,045 [INFO] ConfigFileManager:1595 - The Die is : DIE450
2025-08-27 19:47:40,726 [INFO] ProjectBuilder:5496 - Time for Generating toolchain IDE Files: 5735mS.
2025-08-27 19:47:40,727 [INFO] ProjectBuilder:3463 - Time for Copy CMSIS : 0mS.
2025-08-27 19:47:40,733 [INFO] ProjectBuilder:3463 - Time for Copy CMSIS : 1mS.
2025-08-27 20:17:17,587 [INFO] NvicIntPanel:101 - NVIC parent = com.st.microxplorer.plugins.ip.nvic.MultiNvicIntPanel[,0,0,0x0,invalid,layout=javax.swing.BoxLayout,alignmentX=0.0,alignmentY=0.0,border=,flags=9,maximumSize=,minimumSize=,preferredSize=]
2025-08-27 20:17:17,850 [INFO] ADCParametersView:116 -                Rank 1 : true
2025-08-27 20:17:17,850 [INFO] ADCParametersView:116 -                Rank 2 : true
2025-08-27 20:17:17,850 [INFO] ADCParametersView:116 -                Rank 3 : true
2025-08-27 20:17:17,850 [INFO] ADCParametersView:116 -                Rank 4 : true
2025-08-27 20:17:17,853 [INFO] ADCParametersView:116 -                Rank 1 : true
2025-08-27 20:17:17,854 [INFO] ADCParametersView:116 -                Rank 2 : true
2025-08-27 20:17:17,854 [INFO] ADCParametersView:116 -                Rank 3 : true
2025-08-27 20:17:17,854 [INFO] ADCParametersView:116 -                Rank 4 : true
2025-08-27 20:17:17,854 [INFO] ADCParametersView:116 -                Rank 1 : true
2025-08-27 20:17:17,854 [INFO] ADCParametersView:116 -                Rank 2 : true
2025-08-27 20:17:17,854 [INFO] ADCParametersView:116 -                Rank 3 : true
2025-08-27 20:17:17,854 [INFO] ADCParametersView:116 -                Rank 4 : true
2025-08-27 20:17:17,855 [INFO] ADCParametersView:116 -                Rank 1 : true
2025-08-27 20:17:17,855 [INFO] ADCParametersView:116 -                Rank 2 : true
2025-08-27 20:17:17,855 [INFO] ADCParametersView:116 -                Rank 3 : true
2025-08-27 20:17:17,855 [INFO] ADCParametersView:116 -                Rank 4 : true
2025-08-27 20:17:17,855 [INFO] ADCParametersView:116 -                Rank 1 : true
2025-08-27 20:17:17,855 [INFO] ADCParametersView:116 -                Rank 2 : true
2025-08-27 20:17:17,855 [INFO] ADCParametersView:116 -                Rank 3 : true
2025-08-27 20:17:17,855 [INFO] ADCParametersView:116 -                Rank 4 : true
2025-08-27 20:17:17,856 [INFO] ADCParametersView:116 -                Rank 1 : true
2025-08-27 20:17:17,856 [INFO] ADCParametersView:116 -                Rank 2 : true
2025-08-27 20:17:17,856 [INFO] ADCParametersView:116 -                Rank 3 : true
2025-08-27 20:17:17,856 [INFO] ADCParametersView:116 -                Rank 4 : true
2025-08-27 20:17:17,856 [INFO] ADCParametersView:116 -                Rank 1 : true
2025-08-27 20:17:17,856 [INFO] ADCParametersView:116 -                Rank 2 : true
2025-08-27 20:17:17,856 [INFO] ADCParametersView:116 -                Rank 3 : true
2025-08-27 20:17:17,856 [INFO] ADCParametersView:116 -                Rank 4 : true
2025-08-27 20:17:17,857 [INFO] ADCParametersView:116 -                Rank 1 : true
2025-08-27 20:17:17,857 [INFO] ADCParametersView:116 -                Rank 2 : true
2025-08-27 20:17:17,857 [INFO] ADCParametersView:116 -                Rank 3 : true
2025-08-27 20:17:17,857 [INFO] ADCParametersView:116 -                Rank 4 : true
2025-08-27 20:17:17,857 [INFO] ADCParametersView:116 -                Rank 1 : true
2025-08-27 20:17:17,857 [INFO] ADCParametersView:116 -                Rank 2 : true
2025-08-27 20:17:17,857 [INFO] ADCParametersView:116 -                Rank 3 : true
2025-08-27 20:17:17,857 [INFO] ADCParametersView:116 -                Rank 4 : true
2025-08-27 20:17:17,858 [INFO] ADCParametersView:116 -                Rank 1 : true
2025-08-27 20:17:17,858 [INFO] ADCParametersView:116 -                Rank 2 : true
2025-08-27 20:17:17,858 [INFO] ADCParametersView:116 -                Rank 3 : true
2025-08-27 20:17:17,858 [INFO] ADCParametersView:116 -                Rank 4 : true
2025-08-27 20:17:17,859 [INFO] ADCParametersView:116 -                Rank 1 : true
2025-08-27 20:17:17,859 [INFO] ADCParametersView:116 -                Rank 2 : true
2025-08-27 20:17:17,859 [INFO] ADCParametersView:116 -                Rank 3 : true
2025-08-27 20:17:17,859 [INFO] ADCParametersView:116 -                Rank 4 : true
2025-08-27 20:17:17,859 [INFO] ADCParametersView:116 -                Rank 1 : true
2025-08-27 20:17:17,859 [INFO] ADCParametersView:116 -                Rank 2 : true
2025-08-27 20:17:17,859 [INFO] ADCParametersView:116 -                Rank 3 : true
2025-08-27 20:17:17,859 [INFO] ADCParametersView:116 -                Rank 4 : true
2025-08-27 20:17:17,859 [INFO] ADCParametersView:116 -                Rank 1 : true
2025-08-27 20:17:17,859 [INFO] ADCParametersView:116 -                Rank 2 : true
2025-08-27 20:17:17,859 [INFO] ADCParametersView:116 -                Rank 3 : true
2025-08-27 20:17:17,860 [INFO] ADCParametersView:116 -                Rank 4 : true
2025-08-27 20:17:17,860 [INFO] ADCParametersView:116 -                Rank 1 : true
2025-08-27 20:17:17,860 [INFO] ADCParametersView:116 -                Rank 2 : true
2025-08-27 20:17:17,860 [INFO] ADCParametersView:116 -                Rank 3 : true
2025-08-27 20:17:17,860 [INFO] ADCParametersView:116 -                Rank 4 : true
2025-08-27 20:17:17,860 [INFO] ADCParametersView:116 -                Rank 1 : true
2025-08-27 20:17:17,860 [INFO] ADCParametersView:116 -                Rank 2 : true
2025-08-27 20:17:17,860 [INFO] ADCParametersView:116 -                Rank 3 : true
2025-08-27 20:17:17,860 [INFO] ADCParametersView:116 -                Rank 4 : true
2025-08-27 20:17:17,860 [INFO] ADCParametersView:116 -                Rank 1 : true
2025-08-27 20:17:17,860 [INFO] ADCParametersView:116 -                Rank 2 : true
2025-08-27 20:17:17,860 [INFO] ADCParametersView:116 -                Rank 3 : true
2025-08-27 20:17:17,860 [INFO] ADCParametersView:116 -                Rank 4 : true
2025-08-27 20:17:17,861 [INFO] ADCParametersView:116 -                Rank 1 : true
2025-08-27 20:17:17,861 [INFO] ADCParametersView:116 -                Rank 2 : true
2025-08-27 20:17:17,861 [INFO] ADCParametersView:116 -                Rank 3 : true
2025-08-27 20:17:17,861 [INFO] ADCParametersView:116 -                Rank 4 : true
2025-08-27 20:17:17,861 [INFO] ADCParametersView:116 -                Rank 1 : true
2025-08-27 20:17:17,861 [INFO] ADCParametersView:116 -                Rank 2 : true
2025-08-27 20:17:17,861 [INFO] ADCParametersView:116 -                Rank 3 : true
2025-08-27 20:17:17,861 [INFO] ADCParametersView:116 -                Rank 4 : true
2025-08-27 20:17:17,861 [INFO] ADCParametersView:116 -                Rank 1 : true
2025-08-27 20:17:17,861 [INFO] ADCParametersView:116 -                Rank 2 : true
2025-08-27 20:17:17,861 [INFO] ADCParametersView:116 -                Rank 3 : true
2025-08-27 20:17:17,861 [INFO] ADCParametersView:116 -                Rank 4 : true
2025-08-27 20:17:17,861 [INFO] ADCParametersView:116 -                Rank 1 : true
2025-08-27 20:17:17,861 [INFO] ADCParametersView:116 -                Rank 2 : true
2025-08-27 20:17:17,862 [INFO] ADCParametersView:116 -                Rank 3 : true
2025-08-27 20:17:17,862 [INFO] ADCParametersView:116 -                Rank 4 : true
2025-08-27 20:17:17,862 [INFO] ADCParametersView:116 -                Rank 2 : true
2025-08-27 20:17:17,862 [INFO] ADCParametersView:116 -                Rank 3 : true
2025-08-27 20:17:17,862 [INFO] ADCParametersView:116 -                Rank 4 : true
2025-08-27 20:17:17,862 [INFO] ADCParametersView:116 -                Rank 3 : true
2025-08-27 20:17:17,862 [INFO] ADCParametersView:116 -                Rank 4 : true
2025-08-27 20:17:17,862 [INFO] ADCParametersView:116 -                Rank 4 : true
2025-08-27 20:17:17,880 [INFO] ADCParametersView:116 -                Rank 1 : true
2025-08-27 20:17:17,880 [INFO] ADCParametersView:116 -                Rank 1 : true
2025-08-27 20:17:17,880 [INFO] ADCParametersView:116 -                Rank 2 : true
2025-08-27 20:17:17,881 [INFO] ADCParametersView:116 -                Rank 1 : true
2025-08-27 20:17:17,881 [INFO] ADCParametersView:116 -                Rank 2 : true
2025-08-27 20:17:17,881 [INFO] ADCParametersView:116 -                Rank 3 : true
2025-08-27 20:17:17,881 [INFO] ADCParametersView:116 -                Rank 1 : true
2025-08-27 20:17:17,881 [INFO] ADCParametersView:116 -                Rank 2 : true
2025-08-27 20:17:17,881 [INFO] ADCParametersView:116 -                Rank 3 : true
2025-08-27 20:17:17,881 [INFO] ADCParametersView:116 -                Rank 4 : true
2025-08-27 20:17:17,940 [INFO] ADCParametersView:116 -                Rank 1 : true
2025-08-27 20:17:17,940 [INFO] ADCParametersView:116 -                Rank 2 : true
2025-08-27 20:17:17,940 [INFO] ADCParametersView:116 -                Rank 3 : true
2025-08-27 20:17:17,940 [INFO] ADCParametersView:116 -                Rank 4 : true
2025-08-27 20:17:17,943 [INFO] ADCParametersView:116 -                Rank 1 : true
2025-08-27 20:17:17,943 [INFO] ADCParametersView:116 -                Rank 2 : true
2025-08-27 20:17:17,943 [INFO] ADCParametersView:116 -                Rank 3 : true
2025-08-27 20:17:17,943 [INFO] ADCParametersView:116 -                Rank 4 : true
2025-08-27 20:17:17,943 [INFO] ADCParametersView:116 -                Rank 1 : true
2025-08-27 20:17:17,943 [INFO] ADCParametersView:116 -                Rank 2 : true
2025-08-27 20:17:17,943 [INFO] ADCParametersView:116 -                Rank 3 : true
2025-08-27 20:17:17,943 [INFO] ADCParametersView:116 -                Rank 4 : true
2025-08-27 20:17:17,943 [INFO] ADCParametersView:116 -                Rank 1 : true
2025-08-27 20:17:17,944 [INFO] ADCParametersView:116 -                Rank 2 : true
2025-08-27 20:17:17,944 [INFO] ADCParametersView:116 -                Rank 3 : true
2025-08-27 20:17:17,944 [INFO] ADCParametersView:116 -                Rank 4 : true
2025-08-27 20:17:17,944 [INFO] ADCParametersView:116 -                Rank 1 : true
2025-08-27 20:17:17,944 [INFO] ADCParametersView:116 -                Rank 2 : true
2025-08-27 20:17:17,944 [INFO] ADCParametersView:116 -                Rank 3 : true
2025-08-27 20:17:17,944 [INFO] ADCParametersView:116 -                Rank 4 : true
2025-08-27 20:17:17,944 [INFO] ADCParametersView:116 -                Rank 1 : true
2025-08-27 20:17:17,944 [INFO] ADCParametersView:116 -                Rank 2 : true
2025-08-27 20:17:17,944 [INFO] ADCParametersView:116 -                Rank 3 : true
2025-08-27 20:17:17,944 [INFO] ADCParametersView:116 -                Rank 4 : true
2025-08-27 20:17:17,945 [INFO] ADCParametersView:116 -                Rank 1 : true
2025-08-27 20:17:17,945 [INFO] ADCParametersView:116 -                Rank 2 : true
2025-08-27 20:17:17,945 [INFO] ADCParametersView:116 -                Rank 3 : true
2025-08-27 20:17:17,945 [INFO] ADCParametersView:116 -                Rank 4 : true
2025-08-27 20:17:17,945 [INFO] ADCParametersView:116 -                Rank 1 : true
2025-08-27 20:17:17,945 [INFO] ADCParametersView:116 -                Rank 2 : true
2025-08-27 20:17:17,945 [INFO] ADCParametersView:116 -                Rank 3 : true
2025-08-27 20:17:17,945 [INFO] ADCParametersView:116 -                Rank 4 : true
2025-08-27 20:17:17,945 [INFO] ADCParametersView:116 -                Rank 1 : true
2025-08-27 20:17:17,946 [INFO] ADCParametersView:116 -                Rank 2 : true
2025-08-27 20:17:17,946 [INFO] ADCParametersView:116 -                Rank 3 : true
2025-08-27 20:17:17,946 [INFO] ADCParametersView:116 -                Rank 4 : true
2025-08-27 20:17:17,946 [INFO] ADCParametersView:116 -                Rank 1 : true
2025-08-27 20:17:17,946 [INFO] ADCParametersView:116 -                Rank 2 : true
2025-08-27 20:17:17,946 [INFO] ADCParametersView:116 -                Rank 3 : true
2025-08-27 20:17:17,946 [INFO] ADCParametersView:116 -                Rank 4 : true
2025-08-27 20:17:17,946 [INFO] ADCParametersView:116 -                Rank 1 : true
2025-08-27 20:17:17,946 [INFO] ADCParametersView:116 -                Rank 2 : true
2025-08-27 20:17:17,946 [INFO] ADCParametersView:116 -                Rank 3 : true
2025-08-27 20:17:17,946 [INFO] ADCParametersView:116 -                Rank 4 : true
2025-08-27 20:17:17,946 [INFO] ADCParametersView:116 -                Rank 1 : true
2025-08-27 20:17:17,946 [INFO] ADCParametersView:116 -                Rank 2 : true
2025-08-27 20:17:17,946 [INFO] ADCParametersView:116 -                Rank 3 : true
2025-08-27 20:17:17,946 [INFO] ADCParametersView:116 -                Rank 4 : true
2025-08-27 20:17:17,947 [INFO] ADCParametersView:116 -                Rank 1 : true
2025-08-27 20:17:17,947 [INFO] ADCParametersView:116 -                Rank 2 : true
2025-08-27 20:17:17,947 [INFO] ADCParametersView:116 -                Rank 3 : true
2025-08-27 20:17:17,947 [INFO] ADCParametersView:116 -                Rank 4 : true
2025-08-27 20:17:17,947 [INFO] ADCParametersView:116 -                Rank 1 : true
2025-08-27 20:17:17,947 [INFO] ADCParametersView:116 -                Rank 2 : true
2025-08-27 20:17:17,947 [INFO] ADCParametersView:116 -                Rank 3 : true
2025-08-27 20:17:17,947 [INFO] ADCParametersView:116 -                Rank 4 : true
2025-08-27 20:17:17,947 [INFO] ADCParametersView:116 -                Rank 1 : true
2025-08-27 20:17:17,947 [INFO] ADCParametersView:116 -                Rank 2 : true
2025-08-27 20:17:17,947 [INFO] ADCParametersView:116 -                Rank 3 : true
2025-08-27 20:17:17,947 [INFO] ADCParametersView:116 -                Rank 4 : true
2025-08-27 20:17:17,947 [INFO] ADCParametersView:116 -                Rank 1 : true
2025-08-27 20:17:17,947 [INFO] ADCParametersView:116 -                Rank 2 : true
2025-08-27 20:17:17,947 [INFO] ADCParametersView:116 -                Rank 3 : true
2025-08-27 20:17:17,947 [INFO] ADCParametersView:116 -                Rank 4 : true
2025-08-27 20:17:17,947 [INFO] ADCParametersView:116 -                Rank 1 : true
2025-08-27 20:17:17,948 [INFO] ADCParametersView:116 -                Rank 2 : true
2025-08-27 20:17:17,948 [INFO] ADCParametersView:116 -                Rank 3 : true
2025-08-27 20:17:17,948 [INFO] ADCParametersView:116 -                Rank 4 : true
2025-08-27 20:17:17,948 [INFO] ADCParametersView:116 -                Rank 1 : true
2025-08-27 20:17:17,948 [INFO] ADCParametersView:116 -                Rank 2 : true
2025-08-27 20:17:17,948 [INFO] ADCParametersView:116 -                Rank 3 : true
2025-08-27 20:17:17,948 [INFO] ADCParametersView:116 -                Rank 4 : true
2025-08-27 20:17:17,948 [INFO] ADCParametersView:116 -                Rank 1 : true
2025-08-27 20:17:17,948 [INFO] ADCParametersView:116 -                Rank 2 : true
2025-08-27 20:17:17,948 [INFO] ADCParametersView:116 -                Rank 3 : true
2025-08-27 20:17:17,948 [INFO] ADCParametersView:116 -                Rank 4 : true
2025-08-27 20:17:17,948 [INFO] ADCParametersView:116 -                Rank 1 : true
2025-08-27 20:17:17,948 [INFO] ADCParametersView:116 -                Rank 2 : true
2025-08-27 20:17:17,948 [INFO] ADCParametersView:116 -                Rank 3 : true
2025-08-27 20:17:17,948 [INFO] ADCParametersView:116 -                Rank 4 : true
2025-08-27 20:17:17,948 [INFO] ADCParametersView:116 -                Rank 2 : true
2025-08-27 20:17:17,949 [INFO] ADCParametersView:116 -                Rank 3 : true
2025-08-27 20:17:17,949 [INFO] ADCParametersView:116 -                Rank 4 : true
2025-08-27 20:17:17,949 [INFO] ADCParametersView:116 -                Rank 3 : true
2025-08-27 20:17:17,949 [INFO] ADCParametersView:116 -                Rank 4 : true
2025-08-27 20:17:17,949 [INFO] ADCParametersView:116 -                Rank 4 : true
2025-08-27 20:17:17,967 [INFO] ADCParametersView:116 -                Rank 1 : true
2025-08-27 20:17:17,967 [INFO] ADCParametersView:116 -                Rank 1 : true
2025-08-27 20:17:17,968 [INFO] ADCParametersView:116 -                Rank 2 : true
2025-08-27 20:17:17,968 [INFO] ADCParametersView:116 -                Rank 1 : true
2025-08-27 20:17:17,968 [INFO] ADCParametersView:116 -                Rank 2 : true
2025-08-27 20:17:17,968 [INFO] ADCParametersView:116 -                Rank 3 : true
2025-08-27 20:17:17,968 [INFO] ADCParametersView:116 -                Rank 1 : true
2025-08-27 20:17:17,968 [INFO] ADCParametersView:116 -                Rank 2 : true
2025-08-27 20:17:17,968 [INFO] ADCParametersView:116 -                Rank 3 : true
2025-08-27 20:17:17,968 [INFO] ADCParametersView:116 -                Rank 4 : true
2025-08-27 20:17:28,579 [INFO] UtilMem:75 - End SaveConfig() Used Memory: 862978048 Bytes (1073741824)
2025-08-27 20:17:28,708 [INFO] UtilMem:75 - End SaveConfig() Used Memory: 895483904 Bytes (1073741824)
2025-08-27 20:17:29,189 [INFO] UtilMem:75 - End SaveConfig() Used Memory: 935329792 Bytes (1073741824)
2025-08-27 20:17:30,422 [ERROR] IocParser:95 - Exception caught: Cannot invoke "java.lang.CharSequence.length()" because "this.text" is null
2025-08-27 20:17:30,970 [INFO] BlockDiagram:2775 - set Specific Code input for plugin: FREERTOS
2025-08-27 20:17:30,970 [INFO] BlockDiagram:2775 - set Specific Code input for plugin: RCC
2025-08-27 20:17:30,970 [INFO] BlockDiagram:2775 - set Specific Code input for plugin: I2C
2025-08-27 20:17:30,970 [INFO] BlockDiagram:2775 - set Specific Code input for plugin: USART
2025-08-27 20:17:30,970 [INFO] BlockDiagram:2775 - set Specific Code input for plugin: TIM6_7H7
2025-08-27 20:17:30,970 [INFO] BlockDiagram:2775 - set Specific Code input for plugin: TIM1_8H7
2025-08-27 20:17:30,970 [INFO] BlockDiagram:2775 - set Specific Code input for plugin: SYS
2025-08-27 20:17:30,970 [INFO] BlockDiagram:2775 - set Specific Code input for plugin: ADC
2025-08-27 20:17:30,970 [INFO] BlockDiagram:2775 - set Specific Code input for plugin: ADC
2025-08-27 20:17:30,971 [INFO] BlockDiagram:2775 - set Specific Code input for plugin: DMA
2025-08-27 20:17:30,971 [INFO] BlockDiagram:2775 - set Specific Code input for plugin: NVIC2
2025-08-27 20:17:30,971 [INFO] BlockDiagram:2775 - set Specific Code input for plugin: UART
2025-08-27 20:17:30,971 [INFO] BlockDiagram:2775 - set Specific Code input for plugin: UART
2025-08-27 20:17:30,971 [INFO] BlockDiagram:2775 - set Specific Code input for plugin: GPIO
2025-08-27 20:17:30,971 [INFO] BlockDiagram:2775 - set Specific Code input for plugin: SYS_M4
2025-08-27 20:17:30,971 [INFO] BlockDiagram:2775 - set Specific Code input for plugin: NUCLEO-H755ZI-Q
2025-08-27 20:17:30,971 [INFO] BlockDiagram:2775 - set Specific Code input for plugin: NVIC1
2025-08-27 20:17:30,972 [INFO] CodeGenerator:892 - code generatio: config db path: C:\ST\STM32CubeIDE_1.19.0\STM32CubeIDE\plugins\com.st.stm32cube.common.mx_6.15.0.202507011659\\db\
2025-08-27 20:17:31,038 [ERROR] CodeGenerator:10662 - The current RTOS owner has not been found in the list of IPs
2025-08-27 20:17:31,039 [INFO] CodeGenerator:1619 - *******************Project context M7 selected
2025-08-27 20:17:31,082 [INFO] CodeEngine:265 - oldGeneratedFile, C:\Users\nicks\STM32CubeIDE\workspace_1.19.0\AFR\AFR_SENSHORRS\MXTmpFiles\license.tmp_save
2025-08-27 20:17:31,272 [INFO] CodeEngine:289 - Generated code: C:\Users\nicks\STM32CubeIDE\workspace_1.19.0\AFR\AFR_SENSHORRS\MXTmpFiles\license.tmp
2025-08-27 20:17:31,373 [INFO] CodeEngine:265 - oldGeneratedFile, C:\Users\nicks\STM32CubeIDE\workspace_1.19.0\AFR\AFR_SENSHORRS\CM7\MXTmpFiles\gpio.tmp_save
2025-08-27 20:17:31,466 [INFO] CodeEngine:289 - Generated code: C:\Users\nicks\STM32CubeIDE\workspace_1.19.0\AFR\AFR_SENSHORRS\CM7\MXTmpFiles\gpio.tmp
2025-08-27 20:17:31,877 [WARN] IPConfigManager:103 - WARNING: Missing Config File for NVIC1 ip!!
2025-08-27 20:17:32,148 [ERROR] CodeGenerator:10662 - The current RTOS owner has not been found in the list of IPs
2025-08-27 20:17:32,155 [INFO] CodeEngine:265 - oldGeneratedFile, C:\Users\nicks\STM32CubeIDE\workspace_1.19.0\AFR\AFR_SENSHORRS\CM7\MXTmpFiles\cortex.tmp_save
2025-08-27 20:17:32,210 [INFO] CodeEngine:289 - Generated code: C:\Users\nicks\STM32CubeIDE\workspace_1.19.0\AFR\AFR_SENSHORRS\CM7\MXTmpFiles\cortex.tmp
2025-08-27 20:17:32,245 [INFO] CodeEngine:265 - oldGeneratedFile, C:\Users\nicks\STM32CubeIDE\workspace_1.19.0\AFR\AFR_SENSHORRS\CM7\MXTmpFiles\dma.tmp_save
2025-08-27 20:17:32,288 [INFO] CodeEngine:289 - Generated code: C:\Users\nicks\STM32CubeIDE\workspace_1.19.0\AFR\AFR_SENSHORRS\CM7\MXTmpFiles\dma.tmp
2025-08-27 20:17:32,293 [INFO] CodeEngine:265 - oldGeneratedFile, C:\Users\nicks\STM32CubeIDE\workspace_1.19.0\AFR\AFR_SENSHORRS\CM7\MXTmpFiles\dma_GV.tmp_save
2025-08-27 20:17:32,334 [INFO] CodeEngine:289 - Generated code: C:\Users\nicks\STM32CubeIDE\workspace_1.19.0\AFR\AFR_SENSHORRS\CM7\MXTmpFiles\dma_GV.tmp
2025-08-27 20:17:32,352 [INFO] Middleware:1452 - No code input for Bsp Dependency
2025-08-27 20:17:32,358 [INFO] CodeEngine:265 - oldGeneratedFile, C:\Users\nicks\STM32CubeIDE\workspace_1.19.0\AFR\AFR_SENSHORRS\CM7\MXTmpFiles\rtos_inc.tmp_save
2025-08-27 20:17:32,399 [INFO] CodeEngine:289 - Generated code: C:\Users\nicks\STM32CubeIDE\workspace_1.19.0\AFR\AFR_SENSHORRS\CM7\MXTmpFiles\rtos_inc.tmp
2025-08-27 20:17:32,404 [INFO] CodeEngine:265 - oldGeneratedFile, C:\Users\nicks\STM32CubeIDE\workspace_1.19.0\AFR\AFR_SENSHORRS\CM7\MXTmpFiles\rtos_kernelInit.tmp_save
2025-08-27 20:17:32,446 [INFO] CodeEngine:289 - Generated code: C:\Users\nicks\STM32CubeIDE\workspace_1.19.0\AFR\AFR_SENSHORRS\CM7\MXTmpFiles\rtos_kernelInit.tmp
2025-08-27 20:17:32,450 [INFO] CodeEngine:265 - oldGeneratedFile, C:\Users\nicks\STM32CubeIDE\workspace_1.19.0\AFR\AFR_SENSHORRS\CM7\MXTmpFiles\rtos_kernelStart.tmp_save
2025-08-27 20:17:32,492 [INFO] CodeEngine:289 - Generated code: C:\Users\nicks\STM32CubeIDE\workspace_1.19.0\AFR\AFR_SENSHORRS\CM7\MXTmpFiles\rtos_kernelStart.tmp
2025-08-27 20:17:32,497 [INFO] CodeEngine:265 - oldGeneratedFile, C:\Users\nicks\STM32CubeIDE\workspace_1.19.0\AFR\AFR_SENSHORRS\CM7\MXTmpFiles\rtos_typedefs.tmp_save
2025-08-27 20:17:32,536 [INFO] CodeEngine:289 - Generated code: C:\Users\nicks\STM32CubeIDE\workspace_1.19.0\AFR\AFR_SENSHORRS\CM7\MXTmpFiles\rtos_typedefs.tmp
2025-08-27 20:17:32,540 [INFO] CodeEngine:265 - oldGeneratedFile, C:\Users\nicks\STM32CubeIDE\workspace_1.19.0\AFR\AFR_SENSHORRS\CM7\MXTmpFiles\rtos_vars.tmp_save
2025-08-27 20:17:32,581 [INFO] CodeEngine:289 - Generated code: C:\Users\nicks\STM32CubeIDE\workspace_1.19.0\AFR\AFR_SENSHORRS\CM7\MXTmpFiles\rtos_vars.tmp
2025-08-27 20:17:32,586 [INFO] CodeEngine:265 - oldGeneratedFile, C:\Users\nicks\STM32CubeIDE\workspace_1.19.0\AFR\AFR_SENSHORRS\CM7\MXTmpFiles\rtos_pfp.tmp_save
2025-08-27 20:17:32,624 [INFO] CodeEngine:289 - Generated code: C:\Users\nicks\STM32CubeIDE\workspace_1.19.0\AFR\AFR_SENSHORRS\CM7\MXTmpFiles\rtos_pfp.tmp
2025-08-27 20:17:32,629 [INFO] CodeEngine:265 - oldGeneratedFile, C:\Users\nicks\STM32CubeIDE\workspace_1.19.0\AFR\AFR_SENSHORRS\CM7\MXTmpFiles\rtos_obj_creat.tmp_save
2025-08-27 20:17:32,672 [INFO] CodeEngine:289 - Generated code: C:\Users\nicks\STM32CubeIDE\workspace_1.19.0\AFR\AFR_SENSHORRS\CM7\MXTmpFiles\rtos_obj_creat.tmp
2025-08-27 20:17:32,677 [INFO] CodeEngine:265 - oldGeneratedFile, C:\Users\nicks\STM32CubeIDE\workspace_1.19.0\AFR\AFR_SENSHORRS\CM7\MXTmpFiles\rtos_default_thread.tmp_save
2025-08-27 20:17:32,716 [INFO] CodeEngine:289 - Generated code: C:\Users\nicks\STM32CubeIDE\workspace_1.19.0\AFR\AFR_SENSHORRS\CM7\MXTmpFiles\rtos_default_thread.tmp
2025-08-27 20:17:32,721 [INFO] CodeEngine:265 - oldGeneratedFile, C:\Users\nicks\STM32CubeIDE\workspace_1.19.0\AFR\AFR_SENSHORRS\CM7\MXTmpFiles\rtos_threads.tmp_save
2025-08-27 20:17:32,761 [INFO] CodeEngine:289 - Generated code: C:\Users\nicks\STM32CubeIDE\workspace_1.19.0\AFR\AFR_SENSHORRS\CM7\MXTmpFiles\rtos_threads.tmp
2025-08-27 20:17:32,766 [INFO] CodeEngine:265 - oldGeneratedFile, C:\Users\nicks\STM32CubeIDE\workspace_1.19.0\AFR\AFR_SENSHORRS\CM7\Core\Inc\FreeRTOSConfig.h_save
2025-08-27 20:17:32,817 [INFO] CodeEngine:289 - Generated code: C:\Users\nicks\STM32CubeIDE\workspace_1.19.0\AFR\AFR_SENSHORRS\CM7\Core\Inc\FreeRTOSConfig.h
2025-08-27 20:17:32,824 [INFO] CodeEngine:265 - oldGeneratedFile, C:\Users\nicks\STM32CubeIDE\workspace_1.19.0\AFR\AFR_SENSHORRS\CM7\Core\Src\freertos.c_save
2025-08-27 20:17:32,868 [INFO] CodeEngine:289 - Generated code: C:\Users\nicks\STM32CubeIDE\workspace_1.19.0\AFR\AFR_SENSHORRS\CM7\Core\Src\freertos.c
2025-08-27 20:17:32,908 [INFO] CodeEngine:265 - oldGeneratedFile, C:\Users\nicks\STM32CubeIDE\workspace_1.19.0\AFR\AFR_SENSHORRS\CM7\Core\Inc\stm32h7xx_nucleo_conf.h_save
2025-08-27 20:17:32,954 [INFO] CodeEngine:289 - Generated code: C:\Users\nicks\STM32CubeIDE\workspace_1.19.0\AFR\AFR_SENSHORRS\CM7\Core\Inc\stm32h7xx_nucleo_conf.h
2025-08-27 20:17:32,958 [INFO] CodeEngine:265 - oldGeneratedFile, C:\Users\nicks\STM32CubeIDE\workspace_1.19.0\AFR\AFR_SENSHORRS\CM7\MXTmpFiles\bsp_inc.tmp_save
2025-08-27 20:17:32,995 [INFO] CodeEngine:289 - Generated code: C:\Users\nicks\STM32CubeIDE\workspace_1.19.0\AFR\AFR_SENSHORRS\CM7\MXTmpFiles\bsp_inc.tmp
2025-08-27 20:17:33,000 [INFO] CodeEngine:265 - oldGeneratedFile, C:\Users\nicks\STM32CubeIDE\workspace_1.19.0\AFR\AFR_SENSHORRS\CM7\MXTmpFiles\bsp_common_vars.tmp_save
2025-08-27 20:17:33,038 [INFO] CodeEngine:289 - Generated code: C:\Users\nicks\STM32CubeIDE\workspace_1.19.0\AFR\AFR_SENSHORRS\CM7\MXTmpFiles\bsp_common_vars.tmp
2025-08-27 20:17:33,043 [INFO] CodeEngine:265 - oldGeneratedFile, C:\Users\nicks\STM32CubeIDE\workspace_1.19.0\AFR\AFR_SENSHORRS\CM7\MXTmpFiles\bsp_common_init.tmp_save
2025-08-27 20:17:33,084 [INFO] CodeEngine:289 - Generated code: C:\Users\nicks\STM32CubeIDE\workspace_1.19.0\AFR\AFR_SENSHORRS\CM7\MXTmpFiles\bsp_common_init.tmp
2025-08-27 20:17:33,088 [INFO] CodeEngine:265 - oldGeneratedFile, C:\Users\nicks\STM32CubeIDE\workspace_1.19.0\AFR\AFR_SENSHORRS\CM7\MXTmpFiles\bsp_common_demo_before_while.tmp_save
2025-08-27 20:17:33,128 [INFO] CodeEngine:289 - Generated code: C:\Users\nicks\STM32CubeIDE\workspace_1.19.0\AFR\AFR_SENSHORRS\CM7\MXTmpFiles\bsp_common_demo_before_while.tmp
2025-08-27 20:17:33,133 [INFO] CodeEngine:265 - oldGeneratedFile, C:\Users\nicks\STM32CubeIDE\workspace_1.19.0\AFR\AFR_SENSHORRS\CM7\MXTmpFiles\bsp_common_demo_inside_while.tmp_save
2025-08-27 20:17:33,171 [INFO] CodeEngine:289 - Generated code: C:\Users\nicks\STM32CubeIDE\workspace_1.19.0\AFR\AFR_SENSHORRS\CM7\MXTmpFiles\bsp_common_demo_inside_while.tmp
2025-08-27 20:17:33,176 [INFO] CodeEngine:265 - oldGeneratedFile, C:\Users\nicks\STM32CubeIDE\workspace_1.19.0\AFR\AFR_SENSHORRS\CM7\MXTmpFiles\bsp_common_demo_fct.tmp_save
2025-08-27 20:17:33,216 [INFO] CodeEngine:289 - Generated code: C:\Users\nicks\STM32CubeIDE\workspace_1.19.0\AFR\AFR_SENSHORRS\CM7\MXTmpFiles\bsp_common_demo_fct.tmp
2025-08-27 20:17:33,238 [INFO] CodeEngine:265 - oldGeneratedFile, C:\Users\nicks\STM32CubeIDE\workspace_1.19.0\AFR\AFR_SENSHORRS\CM7\Core\Src\stm32h7xx_it.c_save
2025-08-27 20:17:33,341 [INFO] CodeEngine:289 - Generated code: C:\Users\nicks\STM32CubeIDE\workspace_1.19.0\AFR\AFR_SENSHORRS\CM7\Core\Src\stm32h7xx_it.c
2025-08-27 20:17:33,347 [INFO] CodeEngine:265 - oldGeneratedFile, C:\Users\nicks\STM32CubeIDE\workspace_1.19.0\AFR\AFR_SENSHORRS\CM7\Core\Inc\stm32h7xx_it.h_save
2025-08-27 20:17:33,392 [INFO] CodeEngine:289 - Generated code: C:\Users\nicks\STM32CubeIDE\workspace_1.19.0\AFR\AFR_SENSHORRS\CM7\Core\Inc\stm32h7xx_it.h
2025-08-27 20:17:33,527 [INFO] CodeEngine:265 - oldGeneratedFile, C:\Users\nicks\STM32CubeIDE\workspace_1.19.0\AFR\AFR_SENSHORRS\CM7\Core\Src\stm32h7xx_hal_msp.c_save
2025-08-27 20:17:33,652 [INFO] CodeEngine:289 - Generated code: C:\Users\nicks\STM32CubeIDE\workspace_1.19.0\AFR\AFR_SENSHORRS\CM7\Core\Src\stm32h7xx_hal_msp.c
2025-08-27 20:17:33,657 [INFO] CodeEngine:265 - oldGeneratedFile, C:\Users\nicks\STM32CubeIDE\workspace_1.19.0\AFR\AFR_SENSHORRS\CM7\MXTmpFiles\system.tmp_save
2025-08-27 20:17:33,696 [INFO] CodeEngine:289 - Generated code: C:\Users\nicks\STM32CubeIDE\workspace_1.19.0\AFR\AFR_SENSHORRS\CM7\MXTmpFiles\system.tmp
2025-08-27 20:17:33,708 [INFO] CodeEngine:321 - oldGeneratedFile, C:\Users\nicks\STM32CubeIDE\workspace_1.19.0\AFR\AFR_SENSHORRS\CM7\Core\Inc\stm32h7xx_hal_conf.h_save
2025-08-27 20:17:33,755 [INFO] CodeEngine:345 - Generated code: C:\Users\nicks\STM32CubeIDE\workspace_1.19.0\AFR\AFR_SENSHORRS\CM7\Core\Inc\stm32h7xx_hal_conf.h
2025-08-27 20:17:33,777 [WARN] IPConfigManager:3811 - IP not found : NVIC
2025-08-27 20:17:33,777 [WARN] IPConfigManager:3811 - IP not found : TIM
2025-08-27 20:17:33,778 [WARN] CodeGenerator:4259 - IP not found : null
2025-08-27 20:17:33,778 [WARN] CodeGenerator:4259 - IP not found : null
2025-08-27 20:17:33,785 [INFO] CodeEngine:265 - oldGeneratedFile, C:\Users\nicks\STM32CubeIDE\workspace_1.19.0\AFR\AFR_SENSHORRS\CM7\Core\Inc\main.h_save
2025-08-27 20:17:33,847 [INFO] CodeEngine:289 - Generated code: C:\Users\nicks\STM32CubeIDE\workspace_1.19.0\AFR\AFR_SENSHORRS\CM7\Core\Inc\main.h
2025-08-27 20:17:33,853 [INFO] CodeEngine:265 - oldGeneratedFile, C:\Users\nicks\STM32CubeIDE\workspace_1.19.0\AFR\AFR_SENSHORRS\CM7\Core\Src\main.c_save
2025-08-27 20:17:33,951 [INFO] CodeEngine:289 - Generated code: C:\Users\nicks\STM32CubeIDE\workspace_1.19.0\AFR\AFR_SENSHORRS\CM7\Core\Src\main.c
2025-08-27 20:17:33,989 [INFO] CodeGenerator:1619 - *******************Project context M4 selected
2025-08-27 20:17:34,035 [INFO] CodeEngine:265 - oldGeneratedFile, C:\Users\nicks\STM32CubeIDE\workspace_1.19.0\AFR\AFR_SENSHORRS\MXTmpFiles\license.tmp_save
2025-08-27 20:17:34,074 [INFO] CodeEngine:289 - Generated code: C:\Users\nicks\STM32CubeIDE\workspace_1.19.0\AFR\AFR_SENSHORRS\MXTmpFiles\license.tmp
2025-08-27 20:17:34,090 [INFO] CodeEngine:265 - oldGeneratedFile, C:\Users\nicks\STM32CubeIDE\workspace_1.19.0\AFR\AFR_SENSHORRS\CM4\MXTmpFiles\gpio.tmp_save
2025-08-27 20:17:34,132 [INFO] CodeEngine:289 - Generated code: C:\Users\nicks\STM32CubeIDE\workspace_1.19.0\AFR\AFR_SENSHORRS\CM4\MXTmpFiles\gpio.tmp
2025-08-27 20:17:34,176 [WARN] IPConfigManager:103 - WARNING: Missing Config File for NVIC2 ip!!
2025-08-27 20:17:34,232 [INFO] CodeEngine:265 - oldGeneratedFile, C:\Users\nicks\STM32CubeIDE\workspace_1.19.0\AFR\AFR_SENSHORRS\CM4\MXTmpFiles\cortex.tmp_save
2025-08-27 20:17:34,271 [INFO] CodeEngine:289 - Generated code: C:\Users\nicks\STM32CubeIDE\workspace_1.19.0\AFR\AFR_SENSHORRS\CM4\MXTmpFiles\cortex.tmp
2025-08-27 20:17:34,285 [INFO] CodeEngine:265 - oldGeneratedFile, C:\Users\nicks\STM32CubeIDE\workspace_1.19.0\AFR\AFR_SENSHORRS\CM4\MXTmpFiles\dma.tmp_save
2025-08-27 20:17:34,326 [INFO] CodeEngine:289 - Generated code: C:\Users\nicks\STM32CubeIDE\workspace_1.19.0\AFR\AFR_SENSHORRS\CM4\MXTmpFiles\dma.tmp
2025-08-27 20:17:34,331 [INFO] CodeEngine:265 - oldGeneratedFile, C:\Users\nicks\STM32CubeIDE\workspace_1.19.0\AFR\AFR_SENSHORRS\CM4\MXTmpFiles\dma_GV.tmp_save
2025-08-27 20:17:34,367 [INFO] CodeEngine:289 - Generated code: C:\Users\nicks\STM32CubeIDE\workspace_1.19.0\AFR\AFR_SENSHORRS\CM4\MXTmpFiles\dma_GV.tmp
2025-08-27 20:17:34,401 [INFO] CodeEngine:265 - oldGeneratedFile, C:\Users\nicks\STM32CubeIDE\workspace_1.19.0\AFR\AFR_SENSHORRS\CM4\Core\Inc\stm32h7xx_nucleo_conf.h_save
2025-08-27 20:17:34,444 [INFO] CodeEngine:289 - Generated code: C:\Users\nicks\STM32CubeIDE\workspace_1.19.0\AFR\AFR_SENSHORRS\CM4\Core\Inc\stm32h7xx_nucleo_conf.h
2025-08-27 20:17:34,449 [INFO] CodeEngine:265 - oldGeneratedFile, C:\Users\nicks\STM32CubeIDE\workspace_1.19.0\AFR\AFR_SENSHORRS\CM4\MXTmpFiles\bsp_inc.tmp_save
2025-08-27 20:17:34,488 [INFO] CodeEngine:289 - Generated code: C:\Users\nicks\STM32CubeIDE\workspace_1.19.0\AFR\AFR_SENSHORRS\CM4\MXTmpFiles\bsp_inc.tmp
2025-08-27 20:17:34,507 [INFO] CodeEngine:265 - oldGeneratedFile, C:\Users\nicks\STM32CubeIDE\workspace_1.19.0\AFR\AFR_SENSHORRS\CM4\Core\Src\stm32h7xx_it.c_save
2025-08-27 20:17:34,554 [INFO] CodeEngine:289 - Generated code: C:\Users\nicks\STM32CubeIDE\workspace_1.19.0\AFR\AFR_SENSHORRS\CM4\Core\Src\stm32h7xx_it.c
2025-08-27 20:17:34,560 [INFO] CodeEngine:265 - oldGeneratedFile, C:\Users\nicks\STM32CubeIDE\workspace_1.19.0\AFR\AFR_SENSHORRS\CM4\Core\Inc\stm32h7xx_it.h_save
2025-08-27 20:17:34,603 [INFO] CodeEngine:289 - Generated code: C:\Users\nicks\STM32CubeIDE\workspace_1.19.0\AFR\AFR_SENSHORRS\CM4\Core\Inc\stm32h7xx_it.h
2025-08-27 20:17:34,649 [INFO] CodeEngine:265 - oldGeneratedFile, C:\Users\nicks\STM32CubeIDE\workspace_1.19.0\AFR\AFR_SENSHORRS\CM4\Core\Src\stm32h7xx_hal_msp.c_save
2025-08-27 20:17:34,711 [INFO] CodeEngine:289 - Generated code: C:\Users\nicks\STM32CubeIDE\workspace_1.19.0\AFR\AFR_SENSHORRS\CM4\Core\Src\stm32h7xx_hal_msp.c
2025-08-27 20:17:34,715 [INFO] CodeEngine:265 - oldGeneratedFile, C:\Users\nicks\STM32CubeIDE\workspace_1.19.0\AFR\AFR_SENSHORRS\CM4\MXTmpFiles\system.tmp_save
2025-08-27 20:17:34,754 [INFO] CodeEngine:289 - Generated code: C:\Users\nicks\STM32CubeIDE\workspace_1.19.0\AFR\AFR_SENSHORRS\CM4\MXTmpFiles\system.tmp
2025-08-27 20:17:34,765 [INFO] CodeEngine:321 - oldGeneratedFile, C:\Users\nicks\STM32CubeIDE\workspace_1.19.0\AFR\AFR_SENSHORRS\CM4\Core\Inc\stm32h7xx_hal_conf.h_save
2025-08-27 20:17:34,813 [INFO] CodeEngine:345 - Generated code: C:\Users\nicks\STM32CubeIDE\workspace_1.19.0\AFR\AFR_SENSHORRS\CM4\Core\Inc\stm32h7xx_hal_conf.h
2025-08-27 20:17:34,824 [WARN] IPConfigManager:3811 - IP not found : NVIC
2025-08-27 20:17:34,825 [WARN] CodeGenerator:4259 - IP not found : null
2025-08-27 20:17:34,832 [INFO] CodeEngine:265 - oldGeneratedFile, C:\Users\nicks\STM32CubeIDE\workspace_1.19.0\AFR\AFR_SENSHORRS\CM4\Core\Inc\main.h_save
2025-08-27 20:17:34,878 [INFO] CodeEngine:289 - Generated code: C:\Users\nicks\STM32CubeIDE\workspace_1.19.0\AFR\AFR_SENSHORRS\CM4\Core\Inc\main.h
2025-08-27 20:17:34,884 [INFO] CodeEngine:265 - oldGeneratedFile, C:\Users\nicks\STM32CubeIDE\workspace_1.19.0\AFR\AFR_SENSHORRS\CM4\Core\Src\main.c_save
2025-08-27 20:17:34,953 [INFO] CodeEngine:289 - Generated code: C:\Users\nicks\STM32CubeIDE\workspace_1.19.0\AFR\AFR_SENSHORRS\CM4\Core\Src\main.c
2025-08-27 20:17:35,362 [INFO] ProjectBuilder:3606 - Time for Copy HAL[1] : 249mS.
2025-08-27 20:17:35,375 [INFO] ProjectBuilder:5216 - Project Generator version: 4.7.0-B52
2025-08-27 20:17:35,430 [INFO] ConfigFileManager:1595 - The Die is : DIE450
2025-08-27 20:17:40,459 [INFO] ProjectBuilder:5496 - Time for Generating toolchain IDE Files: 5084mS.
2025-08-27 20:17:40,459 [INFO] ProjectBuilder:3463 - Time for Copy CMSIS : 0mS.
2025-08-27 20:17:40,463 [INFO] ProjectBuilder:3463 - Time for Copy CMSIS : 0mS.
2025-08-27 20:23:18,896 [INFO] ADCParametersView:116 -                Rank 1 : true
2025-08-27 20:23:18,896 [INFO] ADCParametersView:116 -                Rank 2 : true
2025-08-27 20:23:18,896 [INFO] ADCParametersView:116 -                Rank 3 : true
2025-08-27 20:23:18,896 [INFO] ADCParametersView:116 -                Rank 4 : true
2025-08-27 20:23:18,898 [INFO] ADCParametersView:116 -                Rank 1 : true
2025-08-27 20:23:18,898 [INFO] ADCParametersView:116 -                Rank 2 : true
2025-08-27 20:23:18,898 [INFO] ADCParametersView:116 -                Rank 3 : true
2025-08-27 20:23:18,898 [INFO] ADCParametersView:116 -                Rank 4 : true
2025-08-27 20:23:18,898 [INFO] ADCParametersView:116 -                Rank 1 : true
2025-08-27 20:23:18,898 [INFO] ADCParametersView:116 -                Rank 2 : true
2025-08-27 20:23:18,898 [INFO] ADCParametersView:116 -                Rank 3 : true
2025-08-27 20:23:18,898 [INFO] ADCParametersView:116 -                Rank 4 : true
2025-08-27 20:23:18,898 [INFO] ADCParametersView:116 -                Rank 1 : true
2025-08-27 20:23:18,898 [INFO] ADCParametersView:116 -                Rank 2 : true
2025-08-27 20:23:18,898 [INFO] ADCParametersView:116 -                Rank 3 : true
2025-08-27 20:23:18,898 [INFO] ADCParametersView:116 -                Rank 4 : true
2025-08-27 20:23:18,899 [INFO] ADCParametersView:116 -                Rank 1 : true
2025-08-27 20:23:18,899 [INFO] ADCParametersView:116 -                Rank 2 : true
2025-08-27 20:23:18,899 [INFO] ADCParametersView:116 -                Rank 3 : true
2025-08-27 20:23:18,899 [INFO] ADCParametersView:116 -                Rank 4 : true
2025-08-27 20:23:18,899 [INFO] ADCParametersView:116 -                Rank 1 : true
2025-08-27 20:23:18,899 [INFO] ADCParametersView:116 -                Rank 2 : true
2025-08-27 20:23:18,899 [INFO] ADCParametersView:116 -                Rank 3 : true
2025-08-27 20:23:18,899 [INFO] ADCParametersView:116 -                Rank 4 : true
2025-08-27 20:23:18,900 [INFO] ADCParametersView:116 -                Rank 1 : true
2025-08-27 20:23:18,900 [INFO] ADCParametersView:116 -                Rank 2 : true
2025-08-27 20:23:18,900 [INFO] ADCParametersView:116 -                Rank 3 : true
2025-08-27 20:23:18,900 [INFO] ADCParametersView:116 -                Rank 4 : true
2025-08-27 20:23:18,900 [INFO] ADCParametersView:116 -                Rank 1 : true
2025-08-27 20:23:18,900 [INFO] ADCParametersView:116 -                Rank 2 : true
2025-08-27 20:23:18,900 [INFO] ADCParametersView:116 -                Rank 3 : true
2025-08-27 20:23:18,900 [INFO] ADCParametersView:116 -                Rank 4 : true
2025-08-27 20:23:18,901 [INFO] ADCParametersView:116 -                Rank 1 : true
2025-08-27 20:23:18,901 [INFO] ADCParametersView:116 -                Rank 2 : true
2025-08-27 20:23:18,901 [INFO] ADCParametersView:116 -                Rank 3 : true
2025-08-27 20:23:18,901 [INFO] ADCParametersView:116 -                Rank 4 : true
2025-08-27 20:23:18,901 [INFO] ADCParametersView:116 -                Rank 1 : true
2025-08-27 20:23:18,901 [INFO] ADCParametersView:116 -                Rank 2 : true
2025-08-27 20:23:18,901 [INFO] ADCParametersView:116 -                Rank 3 : true
2025-08-27 20:23:18,901 [INFO] ADCParametersView:116 -                Rank 4 : true
2025-08-27 20:23:18,901 [INFO] ADCParametersView:116 -                Rank 1 : true
2025-08-27 20:23:18,902 [INFO] ADCParametersView:116 -                Rank 2 : true
2025-08-27 20:23:18,902 [INFO] ADCParametersView:116 -                Rank 3 : true
2025-08-27 20:23:18,902 [INFO] ADCParametersView:116 -                Rank 4 : true
2025-08-27 20:23:18,902 [INFO] ADCParametersView:116 -                Rank 1 : true
2025-08-27 20:23:18,902 [INFO] ADCParametersView:116 -                Rank 2 : true
2025-08-27 20:23:18,902 [INFO] ADCParametersView:116 -                Rank 3 : true
2025-08-27 20:23:18,902 [INFO] ADCParametersView:116 -                Rank 4 : true
2025-08-27 20:23:18,902 [INFO] ADCParametersView:116 -                Rank 1 : true
2025-08-27 20:23:18,902 [INFO] ADCParametersView:116 -                Rank 2 : true
2025-08-27 20:23:18,903 [INFO] ADCParametersView:116 -                Rank 3 : true
2025-08-27 20:23:18,903 [INFO] ADCParametersView:116 -                Rank 4 : true
2025-08-27 20:23:18,903 [INFO] ADCParametersView:116 -                Rank 1 : true
2025-08-27 20:23:18,903 [INFO] ADCParametersView:116 -                Rank 2 : true
2025-08-27 20:23:18,903 [INFO] ADCParametersView:116 -                Rank 3 : true
2025-08-27 20:23:18,903 [INFO] ADCParametersView:116 -                Rank 4 : true
2025-08-27 20:23:18,903 [INFO] ADCParametersView:116 -                Rank 1 : true
2025-08-27 20:23:18,903 [INFO] ADCParametersView:116 -                Rank 2 : true
2025-08-27 20:23:18,903 [INFO] ADCParametersView:116 -                Rank 3 : true
2025-08-27 20:23:18,903 [INFO] ADCParametersView:116 -                Rank 4 : true
2025-08-27 20:23:18,903 [INFO] ADCParametersView:116 -                Rank 1 : true
2025-08-27 20:23:18,903 [INFO] ADCParametersView:116 -                Rank 2 : true
2025-08-27 20:23:18,903 [INFO] ADCParametersView:116 -                Rank 3 : true
2025-08-27 20:23:18,903 [INFO] ADCParametersView:116 -                Rank 4 : true
2025-08-27 20:23:18,903 [INFO] ADCParametersView:116 -                Rank 1 : true
2025-08-27 20:23:18,903 [INFO] ADCParametersView:116 -                Rank 2 : true
2025-08-27 20:23:18,903 [INFO] ADCParametersView:116 -                Rank 3 : true
2025-08-27 20:23:18,903 [INFO] ADCParametersView:116 -                Rank 4 : true
2025-08-27 20:23:18,903 [INFO] ADCParametersView:116 -                Rank 1 : true
2025-08-27 20:23:18,903 [INFO] ADCParametersView:116 -                Rank 2 : true
2025-08-27 20:23:18,903 [INFO] ADCParametersView:116 -                Rank 3 : true
2025-08-27 20:23:18,903 [INFO] ADCParametersView:116 -                Rank 4 : true
2025-08-27 20:23:18,903 [INFO] ADCParametersView:116 -                Rank 1 : true
2025-08-27 20:23:18,903 [INFO] ADCParametersView:116 -                Rank 2 : true
2025-08-27 20:23:18,903 [INFO] ADCParametersView:116 -                Rank 3 : true
2025-08-27 20:23:18,903 [INFO] ADCParametersView:116 -                Rank 4 : true
2025-08-27 20:23:18,903 [INFO] ADCParametersView:116 -                Rank 1 : true
2025-08-27 20:23:18,903 [INFO] ADCParametersView:116 -                Rank 2 : true
2025-08-27 20:23:18,904 [INFO] ADCParametersView:116 -                Rank 3 : true
2025-08-27 20:23:18,904 [INFO] ADCParametersView:116 -                Rank 4 : true
2025-08-27 20:23:18,904 [INFO] ADCParametersView:116 -                Rank 2 : true
2025-08-27 20:23:18,904 [INFO] ADCParametersView:116 -                Rank 3 : true
2025-08-27 20:23:18,904 [INFO] ADCParametersView:116 -                Rank 4 : true
2025-08-27 20:23:18,904 [INFO] ADCParametersView:116 -                Rank 3 : true
2025-08-27 20:23:18,904 [INFO] ADCParametersView:116 -                Rank 4 : true
2025-08-27 20:23:18,904 [INFO] ADCParametersView:116 -                Rank 4 : true
2025-08-27 20:23:19,105 [INFO] ADCParametersView:116 -                Rank 1 : true
2025-08-27 20:23:19,105 [INFO] ADCParametersView:116 -                Rank 1 : true
2025-08-27 20:23:19,106 [INFO] ADCParametersView:116 -                Rank 2 : true
2025-08-27 20:23:19,106 [INFO] ADCParametersView:116 -                Rank 1 : true
2025-08-27 20:23:19,106 [INFO] ADCParametersView:116 -                Rank 2 : true
2025-08-27 20:23:19,106 [INFO] ADCParametersView:116 -                Rank 3 : true
2025-08-27 20:23:19,106 [INFO] ADCParametersView:116 -                Rank 1 : true
2025-08-27 20:23:19,106 [INFO] ADCParametersView:116 -                Rank 2 : true
2025-08-27 20:23:19,106 [INFO] ADCParametersView:116 -                Rank 3 : true
2025-08-27 20:23:19,106 [INFO] ADCParametersView:116 -                Rank 4 : true
2025-08-27 21:44:14,586 [INFO] NvicIntPanel:101 - NVIC parent = com.st.microxplorer.plugins.ip.nvic.MultiNvicIntPanel[,0,0,0x0,invalid,layout=javax.swing.BoxLayout,alignmentX=0.0,alignmentY=0.0,border=,flags=9,maximumSize=,minimumSize=,preferredSize=]
2025-08-27 21:44:14,716 [INFO] ADCParametersView:116 -                Rank 1 : true
2025-08-27 21:44:14,717 [INFO] ADCParametersView:116 -                Rank 2 : true
2025-08-27 21:44:14,717 [INFO] ADCParametersView:116 -                Rank 3 : true
2025-08-27 21:44:14,717 [INFO] ADCParametersView:116 -                Rank 4 : true
2025-08-27 21:44:14,720 [INFO] ADCParametersView:116 -                Rank 1 : true
2025-08-27 21:44:14,720 [INFO] ADCParametersView:116 -                Rank 2 : true
2025-08-27 21:44:14,721 [INFO] ADCParametersView:116 -                Rank 3 : true
2025-08-27 21:44:14,721 [INFO] ADCParametersView:116 -                Rank 4 : true
2025-08-27 21:44:14,721 [INFO] ADCParametersView:116 -                Rank 1 : true
2025-08-27 21:44:14,721 [INFO] ADCParametersView:116 -                Rank 2 : true
2025-08-27 21:44:14,721 [INFO] ADCParametersView:116 -                Rank 3 : true
2025-08-27 21:44:14,721 [INFO] ADCParametersView:116 -                Rank 4 : true
2025-08-27 21:44:14,722 [INFO] ADCParametersView:116 -                Rank 1 : true
2025-08-27 21:44:14,722 [INFO] ADCParametersView:116 -                Rank 2 : true
2025-08-27 21:44:14,722 [INFO] ADCParametersView:116 -                Rank 3 : true
2025-08-27 21:44:14,722 [INFO] ADCParametersView:116 -                Rank 4 : true
2025-08-27 21:44:14,722 [INFO] ADCParametersView:116 -                Rank 1 : true
2025-08-27 21:44:14,722 [INFO] ADCParametersView:116 -                Rank 2 : true
2025-08-27 21:44:14,722 [INFO] ADCParametersView:116 -                Rank 3 : true
2025-08-27 21:44:14,723 [INFO] ADCParametersView:116 -                Rank 4 : true
2025-08-27 21:44:14,723 [INFO] ADCParametersView:116 -                Rank 1 : true
2025-08-27 21:44:14,723 [INFO] ADCParametersView:116 -                Rank 2 : true
2025-08-27 21:44:14,723 [INFO] ADCParametersView:116 -                Rank 3 : true
2025-08-27 21:44:14,723 [INFO] ADCParametersView:116 -                Rank 4 : true
2025-08-27 21:44:14,723 [INFO] ADCParametersView:116 -                Rank 1 : true
2025-08-27 21:44:14,723 [INFO] ADCParametersView:116 -                Rank 2 : true
2025-08-27 21:44:14,723 [INFO] ADCParametersView:116 -                Rank 3 : true
2025-08-27 21:44:14,723 [INFO] ADCParametersView:116 -                Rank 4 : true
2025-08-27 21:44:14,723 [INFO] ADCParametersView:116 -                Rank 1 : true
2025-08-27 21:44:14,723 [INFO] ADCParametersView:116 -                Rank 2 : true
2025-08-27 21:44:14,724 [INFO] ADCParametersView:116 -                Rank 3 : true
2025-08-27 21:44:14,724 [INFO] ADCParametersView:116 -                Rank 4 : true
2025-08-27 21:44:14,724 [INFO] ADCParametersView:116 -                Rank 1 : true
2025-08-27 21:44:14,724 [INFO] ADCParametersView:116 -                Rank 2 : true
2025-08-27 21:44:14,724 [INFO] ADCParametersView:116 -                Rank 3 : true
2025-08-27 21:44:14,724 [INFO] ADCParametersView:116 -                Rank 4 : true
2025-08-27 21:44:14,724 [INFO] ADCParametersView:116 -                Rank 1 : true
2025-08-27 21:44:14,724 [INFO] ADCParametersView:116 -                Rank 2 : true
2025-08-27 21:44:14,724 [INFO] ADCParametersView:116 -                Rank 3 : true
2025-08-27 21:44:14,724 [INFO] ADCParametersView:116 -                Rank 4 : true
2025-08-27 21:44:14,725 [INFO] ADCParametersView:116 -                Rank 1 : true
2025-08-27 21:44:14,725 [INFO] ADCParametersView:116 -                Rank 2 : true
2025-08-27 21:44:14,725 [INFO] ADCParametersView:116 -                Rank 3 : true
2025-08-27 21:44:14,725 [INFO] ADCParametersView:116 -                Rank 4 : true
2025-08-27 21:44:14,725 [INFO] ADCParametersView:116 -                Rank 1 : true
2025-08-27 21:44:14,725 [INFO] ADCParametersView:116 -                Rank 2 : true
2025-08-27 21:44:14,725 [INFO] ADCParametersView:116 -                Rank 3 : true
2025-08-27 21:44:14,725 [INFO] ADCParametersView:116 -                Rank 4 : true
2025-08-27 21:44:14,726 [INFO] ADCParametersView:116 -                Rank 1 : true
2025-08-27 21:44:14,726 [INFO] ADCParametersView:116 -                Rank 2 : true
2025-08-27 21:44:14,726 [INFO] ADCParametersView:116 -                Rank 3 : true
2025-08-27 21:44:14,726 [INFO] ADCParametersView:116 -                Rank 4 : true
2025-08-27 21:44:14,726 [INFO] ADCParametersView:116 -                Rank 1 : true
2025-08-27 21:44:14,726 [INFO] ADCParametersView:116 -                Rank 2 : true
2025-08-27 21:44:14,726 [INFO] ADCParametersView:116 -                Rank 3 : true
2025-08-27 21:44:14,726 [INFO] ADCParametersView:116 -                Rank 4 : true
2025-08-27 21:44:14,726 [INFO] ADCParametersView:116 -                Rank 1 : true
2025-08-27 21:44:14,727 [INFO] ADCParametersView:116 -                Rank 2 : true
2025-08-27 21:44:14,727 [INFO] ADCParametersView:116 -                Rank 3 : true
2025-08-27 21:44:14,727 [INFO] ADCParametersView:116 -                Rank 4 : true
2025-08-27 21:44:14,727 [INFO] ADCParametersView:116 -                Rank 1 : true
2025-08-27 21:44:14,727 [INFO] ADCParametersView:116 -                Rank 2 : true
2025-08-27 21:44:14,727 [INFO] ADCParametersView:116 -                Rank 3 : true
2025-08-27 21:44:14,727 [INFO] ADCParametersView:116 -                Rank 4 : true
2025-08-27 21:44:14,728 [INFO] ADCParametersView:116 -                Rank 1 : true
2025-08-27 21:44:14,728 [INFO] ADCParametersView:116 -                Rank 2 : true
2025-08-27 21:44:14,728 [INFO] ADCParametersView:116 -                Rank 3 : true
2025-08-27 21:44:14,728 [INFO] ADCParametersView:116 -                Rank 4 : true
2025-08-27 21:44:14,728 [INFO] ADCParametersView:116 -                Rank 1 : true
2025-08-27 21:44:14,728 [INFO] ADCParametersView:116 -                Rank 2 : true
2025-08-27 21:44:14,728 [INFO] ADCParametersView:116 -                Rank 3 : true
2025-08-27 21:44:14,728 [INFO] ADCParametersView:116 -                Rank 4 : true
2025-08-27 21:44:14,728 [INFO] ADCParametersView:116 -                Rank 1 : true
2025-08-27 21:44:14,728 [INFO] ADCParametersView:116 -                Rank 2 : true
2025-08-27 21:44:14,728 [INFO] ADCParametersView:116 -                Rank 3 : true
2025-08-27 21:44:14,729 [INFO] ADCParametersView:116 -                Rank 4 : true
2025-08-27 21:44:14,729 [INFO] ADCParametersView:116 -                Rank 1 : true
2025-08-27 21:44:14,729 [INFO] ADCParametersView:116 -                Rank 2 : true
2025-08-27 21:44:14,729 [INFO] ADCParametersView:116 -                Rank 3 : true
2025-08-27 21:44:14,729 [INFO] ADCParametersView:116 -                Rank 4 : true
2025-08-27 21:44:14,729 [INFO] ADCParametersView:116 -                Rank 2 : true
2025-08-27 21:44:14,729 [INFO] ADCParametersView:116 -                Rank 3 : true
2025-08-27 21:44:14,729 [INFO] ADCParametersView:116 -                Rank 4 : true
2025-08-27 21:44:14,729 [INFO] ADCParametersView:116 -                Rank 3 : true
2025-08-27 21:44:14,729 [INFO] ADCParametersView:116 -                Rank 4 : true
2025-08-27 21:44:14,730 [INFO] ADCParametersView:116 -                Rank 4 : true
2025-08-27 21:44:14,873 [INFO] ADCParametersView:116 -                Rank 1 : true
2025-08-27 21:44:14,873 [INFO] ADCParametersView:116 -                Rank 1 : true
2025-08-27 21:44:14,874 [INFO] ADCParametersView:116 -                Rank 2 : true
2025-08-27 21:44:14,874 [INFO] ADCParametersView:116 -                Rank 1 : true
2025-08-27 21:44:14,874 [INFO] ADCParametersView:116 -                Rank 2 : true
2025-08-27 21:44:14,875 [INFO] ADCParametersView:116 -                Rank 3 : true
2025-08-27 21:44:14,875 [INFO] ADCParametersView:116 -                Rank 1 : true
2025-08-27 21:44:14,875 [INFO] ADCParametersView:116 -                Rank 2 : true
2025-08-27 21:44:14,875 [INFO] ADCParametersView:116 -                Rank 3 : true
2025-08-27 21:44:14,876 [INFO] ADCParametersView:116 -                Rank 4 : true
2025-08-27 21:44:23,344 [INFO] NvicIntPanel:101 - NVIC parent = com.st.microxplorer.plugins.ip.nvic.MultiNvicIntPanel[,0,0,0x0,invalid,layout=javax.swing.BoxLayout,alignmentX=0.0,alignmentY=0.0,border=,flags=9,maximumSize=,minimumSize=,preferredSize=]
2025-08-27 21:44:23,437 [INFO] ADCParametersView:116 -                Rank 1 : true
2025-08-27 21:44:23,437 [INFO] ADCParametersView:116 -                Rank 2 : true
2025-08-27 21:44:23,437 [INFO] ADCParametersView:116 -                Rank 3 : true
2025-08-27 21:44:23,437 [INFO] ADCParametersView:116 -                Rank 4 : true
2025-08-27 21:44:23,439 [INFO] ADCParametersView:116 -                Rank 1 : true
2025-08-27 21:44:23,439 [INFO] ADCParametersView:116 -                Rank 2 : true
2025-08-27 21:44:23,439 [INFO] ADCParametersView:116 -                Rank 3 : true
2025-08-27 21:44:23,439 [INFO] ADCParametersView:116 -                Rank 4 : true
2025-08-27 21:44:23,439 [INFO] ADCParametersView:116 -                Rank 1 : true
2025-08-27 21:44:23,439 [INFO] ADCParametersView:116 -                Rank 2 : true
2025-08-27 21:44:23,439 [INFO] ADCParametersView:116 -                Rank 3 : true
2025-08-27 21:44:23,439 [INFO] ADCParametersView:116 -                Rank 4 : true
2025-08-27 21:44:23,440 [INFO] ADCParametersView:116 -                Rank 1 : true
2025-08-27 21:44:23,440 [INFO] ADCParametersView:116 -                Rank 2 : true
2025-08-27 21:44:23,440 [INFO] ADCParametersView:116 -                Rank 3 : true
2025-08-27 21:44:23,440 [INFO] ADCParametersView:116 -                Rank 4 : true
2025-08-27 21:44:23,440 [INFO] ADCParametersView:116 -                Rank 1 : true
2025-08-27 21:44:23,440 [INFO] ADCParametersView:116 -                Rank 2 : true
2025-08-27 21:44:23,440 [INFO] ADCParametersView:116 -                Rank 3 : true
2025-08-27 21:44:23,440 [INFO] ADCParametersView:116 -                Rank 4 : true
2025-08-27 21:44:23,440 [INFO] ADCParametersView:116 -                Rank 1 : true
2025-08-27 21:44:23,441 [INFO] ADCParametersView:116 -                Rank 2 : true
2025-08-27 21:44:23,441 [INFO] ADCParametersView:116 -                Rank 3 : true
2025-08-27 21:44:23,441 [INFO] ADCParametersView:116 -                Rank 4 : true
2025-08-27 21:44:23,441 [INFO] ADCParametersView:116 -                Rank 1 : true
2025-08-27 21:44:23,441 [INFO] ADCParametersView:116 -                Rank 2 : true
2025-08-27 21:44:23,442 [INFO] ADCParametersView:116 -                Rank 3 : true
2025-08-27 21:44:23,442 [INFO] ADCParametersView:116 -                Rank 4 : true
2025-08-27 21:44:23,442 [INFO] ADCParametersView:116 -                Rank 1 : true
2025-08-27 21:44:23,442 [INFO] ADCParametersView:116 -                Rank 2 : true
2025-08-27 21:44:23,442 [INFO] ADCParametersView:116 -                Rank 3 : true
2025-08-27 21:44:23,442 [INFO] ADCParametersView:116 -                Rank 4 : true
2025-08-27 21:44:23,442 [INFO] ADCParametersView:116 -                Rank 1 : true
2025-08-27 21:44:23,442 [INFO] ADCParametersView:116 -                Rank 2 : true
2025-08-27 21:44:23,443 [INFO] ADCParametersView:116 -                Rank 3 : true
2025-08-27 21:44:23,443 [INFO] ADCParametersView:116 -                Rank 4 : true
2025-08-27 21:44:23,443 [INFO] ADCParametersView:116 -                Rank 1 : true
2025-08-27 21:44:23,443 [INFO] ADCParametersView:116 -                Rank 2 : true
2025-08-27 21:44:23,443 [INFO] ADCParametersView:116 -                Rank 3 : true
2025-08-27 21:44:23,443 [INFO] ADCParametersView:116 -                Rank 4 : true
2025-08-27 21:44:23,443 [INFO] ADCParametersView:116 -                Rank 1 : true
2025-08-27 21:44:23,443 [INFO] ADCParametersView:116 -                Rank 2 : true
2025-08-27 21:44:23,443 [INFO] ADCParametersView:116 -                Rank 3 : true
2025-08-27 21:44:23,443 [INFO] ADCParametersView:116 -                Rank 4 : true
2025-08-27 21:44:23,443 [INFO] ADCParametersView:116 -                Rank 1 : true
2025-08-27 21:44:23,443 [INFO] ADCParametersView:116 -                Rank 2 : true
2025-08-27 21:44:23,443 [INFO] ADCParametersView:116 -                Rank 3 : true
2025-08-27 21:44:23,443 [INFO] ADCParametersView:116 -                Rank 4 : true
2025-08-27 21:44:23,443 [INFO] ADCParametersView:116 -                Rank 1 : true
2025-08-27 21:44:23,443 [INFO] ADCParametersView:116 -                Rank 2 : true
2025-08-27 21:44:23,443 [INFO] ADCParametersView:116 -                Rank 3 : true
2025-08-27 21:44:23,443 [INFO] ADCParametersView:116 -                Rank 4 : true
2025-08-27 21:44:23,444 [INFO] ADCParametersView:116 -                Rank 1 : true
2025-08-27 21:44:23,444 [INFO] ADCParametersView:116 -                Rank 2 : true
2025-08-27 21:44:23,444 [INFO] ADCParametersView:116 -                Rank 3 : true
2025-08-27 21:44:23,444 [INFO] ADCParametersView:116 -                Rank 4 : true
2025-08-27 21:44:23,444 [INFO] ADCParametersView:116 -                Rank 1 : true
2025-08-27 21:44:23,444 [INFO] ADCParametersView:116 -                Rank 2 : true
2025-08-27 21:44:23,444 [INFO] ADCParametersView:116 -                Rank 3 : true
2025-08-27 21:44:23,444 [INFO] ADCParametersView:116 -                Rank 4 : true
2025-08-27 21:44:23,444 [INFO] ADCParametersView:116 -                Rank 1 : true
2025-08-27 21:44:23,444 [INFO] ADCParametersView:116 -                Rank 2 : true
2025-08-27 21:44:23,444 [INFO] ADCParametersView:116 -                Rank 3 : true
2025-08-27 21:44:23,444 [INFO] ADCParametersView:116 -                Rank 4 : true
2025-08-27 21:44:23,444 [INFO] ADCParametersView:116 -                Rank 1 : true
2025-08-27 21:44:23,444 [INFO] ADCParametersView:116 -                Rank 2 : true
2025-08-27 21:44:23,444 [INFO] ADCParametersView:116 -                Rank 3 : true
2025-08-27 21:44:23,444 [INFO] ADCParametersView:116 -                Rank 4 : true
2025-08-27 21:44:23,444 [INFO] ADCParametersView:116 -                Rank 1 : true
2025-08-27 21:44:23,444 [INFO] ADCParametersView:116 -                Rank 2 : true
2025-08-27 21:44:23,444 [INFO] ADCParametersView:116 -                Rank 3 : true
2025-08-27 21:44:23,444 [INFO] ADCParametersView:116 -                Rank 4 : true
2025-08-27 21:44:23,444 [INFO] ADCParametersView:116 -                Rank 1 : true
2025-08-27 21:44:23,444 [INFO] ADCParametersView:116 -                Rank 2 : true
2025-08-27 21:44:23,444 [INFO] ADCParametersView:116 -                Rank 3 : true
2025-08-27 21:44:23,444 [INFO] ADCParametersView:116 -                Rank 4 : true
2025-08-27 21:44:23,444 [INFO] ADCParametersView:116 -                Rank 1 : true
2025-08-27 21:44:23,444 [INFO] ADCParametersView:116 -                Rank 2 : true
2025-08-27 21:44:23,444 [INFO] ADCParametersView:116 -                Rank 3 : true
2025-08-27 21:44:23,444 [INFO] ADCParametersView:116 -                Rank 4 : true
2025-08-27 21:44:23,444 [INFO] ADCParametersView:116 -                Rank 1 : true
2025-08-27 21:44:23,444 [INFO] ADCParametersView:116 -                Rank 2 : true
2025-08-27 21:44:23,444 [INFO] ADCParametersView:116 -                Rank 3 : true
2025-08-27 21:44:23,445 [INFO] ADCParametersView:116 -                Rank 4 : true
2025-08-27 21:44:23,445 [INFO] ADCParametersView:116 -                Rank 1 : true
2025-08-27 21:44:23,445 [INFO] ADCParametersView:116 -                Rank 2 : true
2025-08-27 21:44:23,445 [INFO] ADCParametersView:116 -                Rank 3 : true
2025-08-27 21:44:23,445 [INFO] ADCParametersView:116 -                Rank 4 : true
2025-08-27 21:44:23,445 [INFO] ADCParametersView:116 -                Rank 1 : true
2025-08-27 21:44:23,445 [INFO] ADCParametersView:116 -                Rank 2 : true
2025-08-27 21:44:23,445 [INFO] ADCParametersView:116 -                Rank 3 : true
2025-08-27 21:44:23,445 [INFO] ADCParametersView:116 -                Rank 4 : true
2025-08-27 21:44:23,445 [INFO] ADCParametersView:116 -                Rank 2 : true
2025-08-27 21:44:23,445 [INFO] ADCParametersView:116 -                Rank 3 : true
2025-08-27 21:44:23,445 [INFO] ADCParametersView:116 -                Rank 4 : true
2025-08-27 21:44:23,445 [INFO] ADCParametersView:116 -                Rank 3 : true
2025-08-27 21:44:23,445 [INFO] ADCParametersView:116 -                Rank 4 : true
2025-08-27 21:44:23,445 [INFO] ADCParametersView:116 -                Rank 4 : true
2025-08-27 21:44:23,570 [INFO] ADCParametersView:116 -                Rank 1 : true
2025-08-27 21:44:23,571 [INFO] ADCParametersView:116 -                Rank 1 : true
2025-08-27 21:44:23,571 [INFO] ADCParametersView:116 -                Rank 2 : true
2025-08-27 21:44:23,571 [INFO] ADCParametersView:116 -                Rank 1 : true
2025-08-27 21:44:23,571 [INFO] ADCParametersView:116 -                Rank 2 : true
2025-08-27 21:44:23,571 [INFO] ADCParametersView:116 -                Rank 3 : true
2025-08-27 21:44:23,571 [INFO] ADCParametersView:116 -                Rank 1 : true
2025-08-27 21:44:23,572 [INFO] ADCParametersView:116 -                Rank 2 : true
2025-08-27 21:44:23,572 [INFO] ADCParametersView:116 -                Rank 3 : true
2025-08-27 21:44:23,572 [INFO] ADCParametersView:116 -                Rank 4 : true
2025-08-27 21:44:25,250 [INFO] NvicIntPanel:101 - NVIC parent = com.st.microxplorer.plugins.ip.nvic.MultiNvicIntPanel[,0,0,0x0,invalid,layout=javax.swing.BoxLayout,alignmentX=0.0,alignmentY=0.0,border=,flags=9,maximumSize=,minimumSize=,preferredSize=]
2025-08-27 21:44:25,339 [INFO] ADCParametersView:116 -                Rank 1 : true
2025-08-27 21:44:25,340 [INFO] ADCParametersView:116 -                Rank 2 : true
2025-08-27 21:44:25,340 [INFO] ADCParametersView:116 -                Rank 3 : true
2025-08-27 21:44:25,340 [INFO] ADCParametersView:116 -                Rank 4 : true
2025-08-27 21:44:25,342 [INFO] ADCParametersView:116 -                Rank 1 : true
2025-08-27 21:44:25,342 [INFO] ADCParametersView:116 -                Rank 2 : true
2025-08-27 21:44:25,342 [INFO] ADCParametersView:116 -                Rank 3 : true
2025-08-27 21:44:25,342 [INFO] ADCParametersView:116 -                Rank 4 : true
2025-08-27 21:44:25,342 [INFO] ADCParametersView:116 -                Rank 1 : true
2025-08-27 21:44:25,342 [INFO] ADCParametersView:116 -                Rank 2 : true
2025-08-27 21:44:25,342 [INFO] ADCParametersView:116 -                Rank 3 : true
2025-08-27 21:44:25,342 [INFO] ADCParametersView:116 -                Rank 4 : true
2025-08-27 21:44:25,342 [INFO] ADCParametersView:116 -                Rank 1 : true
2025-08-27 21:44:25,342 [INFO] ADCParametersView:116 -                Rank 2 : true
2025-08-27 21:44:25,342 [INFO] ADCParametersView:116 -                Rank 3 : true
2025-08-27 21:44:25,342 [INFO] ADCParametersView:116 -                Rank 4 : true
2025-08-27 21:44:25,342 [INFO] ADCParametersView:116 -                Rank 1 : true
2025-08-27 21:44:25,342 [INFO] ADCParametersView:116 -                Rank 2 : true
2025-08-27 21:44:25,342 [INFO] ADCParametersView:116 -                Rank 3 : true
2025-08-27 21:44:25,342 [INFO] ADCParametersView:116 -                Rank 4 : true
2025-08-27 21:44:25,342 [INFO] ADCParametersView:116 -                Rank 1 : true
2025-08-27 21:44:25,342 [INFO] ADCParametersView:116 -                Rank 2 : true
2025-08-27 21:44:25,342 [INFO] ADCParametersView:116 -                Rank 3 : true
2025-08-27 21:44:25,342 [INFO] ADCParametersView:116 -                Rank 4 : true
2025-08-27 21:44:25,343 [INFO] ADCParametersView:116 -                Rank 1 : true
2025-08-27 21:44:25,343 [INFO] ADCParametersView:116 -                Rank 2 : true
2025-08-27 21:44:25,343 [INFO] ADCParametersView:116 -                Rank 3 : true
2025-08-27 21:44:25,343 [INFO] ADCParametersView:116 -                Rank 4 : true
2025-08-27 21:44:25,343 [INFO] ADCParametersView:116 -                Rank 1 : true
2025-08-27 21:44:25,343 [INFO] ADCParametersView:116 -                Rank 2 : true
2025-08-27 21:44:25,343 [INFO] ADCParametersView:116 -                Rank 3 : true
2025-08-27 21:44:25,343 [INFO] ADCParametersView:116 -                Rank 4 : true
2025-08-27 21:44:25,343 [INFO] ADCParametersView:116 -                Rank 1 : true
2025-08-27 21:44:25,343 [INFO] ADCParametersView:116 -                Rank 2 : true
2025-08-27 21:44:25,343 [INFO] ADCParametersView:116 -                Rank 3 : true
2025-08-27 21:44:25,343 [INFO] ADCParametersView:116 -                Rank 4 : true
2025-08-27 21:44:25,343 [INFO] ADCParametersView:116 -                Rank 1 : true
2025-08-27 21:44:25,343 [INFO] ADCParametersView:116 -                Rank 2 : true
2025-08-27 21:44:25,343 [INFO] ADCParametersView:116 -                Rank 3 : true
2025-08-27 21:44:25,343 [INFO] ADCParametersView:116 -                Rank 4 : true
2025-08-27 21:44:25,343 [INFO] ADCParametersView:116 -                Rank 1 : true
2025-08-27 21:44:25,343 [INFO] ADCParametersView:116 -                Rank 2 : true
2025-08-27 21:44:25,343 [INFO] ADCParametersView:116 -                Rank 3 : true
2025-08-27 21:44:25,343 [INFO] ADCParametersView:116 -                Rank 4 : true
2025-08-27 21:44:25,343 [INFO] ADCParametersView:116 -                Rank 1 : true
2025-08-27 21:44:25,343 [INFO] ADCParametersView:116 -                Rank 2 : true
2025-08-27 21:44:25,343 [INFO] ADCParametersView:116 -                Rank 3 : true
2025-08-27 21:44:25,343 [INFO] ADCParametersView:116 -                Rank 4 : true
2025-08-27 21:44:25,343 [INFO] ADCParametersView:116 -                Rank 1 : true
2025-08-27 21:44:25,343 [INFO] ADCParametersView:116 -                Rank 2 : true
2025-08-27 21:44:25,343 [INFO] ADCParametersView:116 -                Rank 3 : true
2025-08-27 21:44:25,343 [INFO] ADCParametersView:116 -                Rank 4 : true
2025-08-27 21:44:25,343 [INFO] ADCParametersView:116 -                Rank 1 : true
2025-08-27 21:44:25,343 [INFO] ADCParametersView:116 -                Rank 2 : true
2025-08-27 21:44:25,343 [INFO] ADCParametersView:116 -                Rank 3 : true
2025-08-27 21:44:25,343 [INFO] ADCParametersView:116 -                Rank 4 : true
2025-08-27 21:44:25,343 [INFO] ADCParametersView:116 -                Rank 1 : true
2025-08-27 21:44:25,343 [INFO] ADCParametersView:116 -                Rank 2 : true
2025-08-27 21:44:25,343 [INFO] ADCParametersView:116 -                Rank 3 : true
2025-08-27 21:44:25,343 [INFO] ADCParametersView:116 -                Rank 4 : true
2025-08-27 21:44:25,343 [INFO] ADCParametersView:116 -                Rank 1 : true
2025-08-27 21:44:25,343 [INFO] ADCParametersView:116 -                Rank 2 : true
2025-08-27 21:44:25,344 [INFO] ADCParametersView:116 -                Rank 3 : true
2025-08-27 21:44:25,344 [INFO] ADCParametersView:116 -                Rank 4 : true
2025-08-27 21:44:25,344 [INFO] ADCParametersView:116 -                Rank 1 : true
2025-08-27 21:44:25,344 [INFO] ADCParametersView:116 -                Rank 2 : true
2025-08-27 21:44:25,344 [INFO] ADCParametersView:116 -                Rank 3 : true
2025-08-27 21:44:25,344 [INFO] ADCParametersView:116 -                Rank 4 : true
2025-08-27 21:44:25,344 [INFO] ADCParametersView:116 -                Rank 1 : true
2025-08-27 21:44:25,344 [INFO] ADCParametersView:116 -                Rank 2 : true
2025-08-27 21:44:25,344 [INFO] ADCParametersView:116 -                Rank 3 : true
2025-08-27 21:44:25,344 [INFO] ADCParametersView:116 -                Rank 4 : true
2025-08-27 21:44:25,344 [INFO] ADCParametersView:116 -                Rank 1 : true
2025-08-27 21:44:25,344 [INFO] ADCParametersView:116 -                Rank 2 : true
2025-08-27 21:44:25,344 [INFO] ADCParametersView:116 -                Rank 3 : true
2025-08-27 21:44:25,344 [INFO] ADCParametersView:116 -                Rank 4 : true
2025-08-27 21:44:25,344 [INFO] ADCParametersView:116 -                Rank 1 : true
2025-08-27 21:44:25,344 [INFO] ADCParametersView:116 -                Rank 2 : true
2025-08-27 21:44:25,344 [INFO] ADCParametersView:116 -                Rank 3 : true
2025-08-27 21:44:25,344 [INFO] ADCParametersView:116 -                Rank 4 : true
2025-08-27 21:44:25,344 [INFO] ADCParametersView:116 -                Rank 1 : true
2025-08-27 21:44:25,344 [INFO] ADCParametersView:116 -                Rank 2 : true
2025-08-27 21:44:25,344 [INFO] ADCParametersView:116 -                Rank 3 : true
2025-08-27 21:44:25,344 [INFO] ADCParametersView:116 -                Rank 4 : true
2025-08-27 21:44:25,344 [INFO] ADCParametersView:116 -                Rank 1 : true
2025-08-27 21:44:25,344 [INFO] ADCParametersView:116 -                Rank 2 : true
2025-08-27 21:44:25,344 [INFO] ADCParametersView:116 -                Rank 3 : true
2025-08-27 21:44:25,344 [INFO] ADCParametersView:116 -                Rank 4 : true
2025-08-27 21:44:25,344 [INFO] ADCParametersView:116 -                Rank 1 : true
2025-08-27 21:44:25,344 [INFO] ADCParametersView:116 -                Rank 2 : true
2025-08-27 21:44:25,344 [INFO] ADCParametersView:116 -                Rank 3 : true
2025-08-27 21:44:25,344 [INFO] ADCParametersView:116 -                Rank 4 : true
2025-08-27 21:44:25,344 [INFO] ADCParametersView:116 -                Rank 2 : true
2025-08-27 21:44:25,344 [INFO] ADCParametersView:116 -                Rank 3 : true
2025-08-27 21:44:25,344 [INFO] ADCParametersView:116 -                Rank 4 : true
2025-08-27 21:44:25,344 [INFO] ADCParametersView:116 -                Rank 3 : true
2025-08-27 21:44:25,344 [INFO] ADCParametersView:116 -                Rank 4 : true
2025-08-27 21:44:25,344 [INFO] ADCParametersView:116 -                Rank 4 : true
2025-08-27 21:44:25,441 [INFO] ADCParametersView:116 -                Rank 1 : true
2025-08-27 21:44:25,441 [INFO] ADCParametersView:116 -                Rank 1 : true
2025-08-27 21:44:25,441 [INFO] ADCParametersView:116 -                Rank 2 : true
2025-08-27 21:44:25,442 [INFO] ADCParametersView:116 -                Rank 1 : true
2025-08-27 21:44:25,442 [INFO] ADCParametersView:116 -                Rank 2 : true
2025-08-27 21:44:25,442 [INFO] ADCParametersView:116 -                Rank 3 : true
2025-08-27 21:44:25,442 [INFO] ADCParametersView:116 -                Rank 1 : true
2025-08-27 21:44:25,442 [INFO] ADCParametersView:116 -                Rank 2 : true
2025-08-27 21:44:25,442 [INFO] ADCParametersView:116 -                Rank 3 : true
2025-08-27 21:44:25,442 [INFO] ADCParametersView:116 -                Rank 4 : true
2025-08-27 21:44:26,301 [INFO] UtilMem:75 - End SaveConfig() Used Memory: 559625616 Bytes (1073741824)
2025-08-27 21:44:26,431 [INFO] UtilMem:75 - End SaveConfig() Used Memory: 592449600 Bytes (1073741824)
2025-08-27 21:44:26,965 [INFO] UtilMem:75 - End SaveConfig() Used Memory: 638064704 Bytes (1073741824)
2025-08-27 21:44:28,007 [INFO] BlockDiagram:2775 - set Specific Code input for plugin: FREERTOS
2025-08-27 21:44:28,007 [INFO] BlockDiagram:2775 - set Specific Code input for plugin: RCC
2025-08-27 21:44:28,007 [INFO] BlockDiagram:2775 - set Specific Code input for plugin: I2C
2025-08-27 21:44:28,007 [INFO] BlockDiagram:2775 - set Specific Code input for plugin: USART
2025-08-27 21:44:28,007 [INFO] BlockDiagram:2775 - set Specific Code input for plugin: TIM6_7H7
2025-08-27 21:44:28,007 [INFO] BlockDiagram:2775 - set Specific Code input for plugin: TIM1_8H7
2025-08-27 21:44:28,007 [INFO] BlockDiagram:2775 - set Specific Code input for plugin: SYS
2025-08-27 21:44:28,007 [INFO] BlockDiagram:2775 - set Specific Code input for plugin: ADC
2025-08-27 21:44:28,007 [INFO] BlockDiagram:2775 - set Specific Code input for plugin: ADC
2025-08-27 21:44:28,007 [INFO] BlockDiagram:2775 - set Specific Code input for plugin: DMA
2025-08-27 21:44:28,007 [INFO] BlockDiagram:2775 - set Specific Code input for plugin: NVIC2
2025-08-27 21:44:28,007 [INFO] BlockDiagram:2775 - set Specific Code input for plugin: UART
2025-08-27 21:44:28,007 [INFO] BlockDiagram:2775 - set Specific Code input for plugin: UART
2025-08-27 21:44:28,008 [INFO] BlockDiagram:2775 - set Specific Code input for plugin: GPIO
2025-08-27 21:44:28,008 [INFO] BlockDiagram:2775 - set Specific Code input for plugin: SYS_M4
2025-08-27 21:44:28,008 [INFO] BlockDiagram:2775 - set Specific Code input for plugin: NUCLEO-H755ZI-Q
2025-08-27 21:44:28,008 [INFO] BlockDiagram:2775 - set Specific Code input for plugin: NVIC1
2025-08-27 21:44:28,008 [INFO] CodeGenerator:892 - code generatio: config db path: C:\ST\STM32CubeIDE_1.19.0\STM32CubeIDE\plugins\com.st.stm32cube.common.mx_6.15.0.202507011659\\db\
2025-08-27 21:44:28,070 [ERROR] CodeGenerator:10662 - The current RTOS owner has not been found in the list of IPs
2025-08-27 21:44:28,071 [INFO] CodeGenerator:1619 - *******************Project context M7 selected
2025-08-27 21:44:28,115 [INFO] CodeEngine:265 - oldGeneratedFile, C:\Users\nicks\STM32CubeIDE\workspace_1.19.0\AFR\AFR_SENSHORRS\MXTmpFiles\license.tmp_save
2025-08-27 21:44:28,193 [ERROR] IocParser:95 - Exception caught: Cannot invoke "java.lang.CharSequence.length()" because "this.text" is null
2025-08-27 21:44:28,322 [INFO] CodeEngine:289 - Generated code: C:\Users\nicks\STM32CubeIDE\workspace_1.19.0\AFR\AFR_SENSHORRS\MXTmpFiles\license.tmp
2025-08-27 21:44:28,421 [INFO] CodeEngine:265 - oldGeneratedFile, C:\Users\nicks\STM32CubeIDE\workspace_1.19.0\AFR\AFR_SENSHORRS\CM7\MXTmpFiles\gpio.tmp_save
2025-08-27 21:44:28,522 [INFO] CodeEngine:289 - Generated code: C:\Users\nicks\STM32CubeIDE\workspace_1.19.0\AFR\AFR_SENSHORRS\CM7\MXTmpFiles\gpio.tmp
2025-08-27 21:44:28,934 [WARN] IPConfigManager:103 - WARNING: Missing Config File for NVIC1 ip!!
2025-08-27 21:44:29,238 [ERROR] CodeGenerator:10662 - The current RTOS owner has not been found in the list of IPs
2025-08-27 21:44:29,245 [INFO] CodeEngine:265 - oldGeneratedFile, C:\Users\nicks\STM32CubeIDE\workspace_1.19.0\AFR\AFR_SENSHORRS\CM7\MXTmpFiles\cortex.tmp_save
2025-08-27 21:44:29,296 [INFO] CodeEngine:289 - Generated code: C:\Users\nicks\STM32CubeIDE\workspace_1.19.0\AFR\AFR_SENSHORRS\CM7\MXTmpFiles\cortex.tmp
2025-08-27 21:44:29,330 [INFO] CodeEngine:265 - oldGeneratedFile, C:\Users\nicks\STM32CubeIDE\workspace_1.19.0\AFR\AFR_SENSHORRS\CM7\MXTmpFiles\dma.tmp_save
2025-08-27 21:44:29,374 [INFO] CodeEngine:289 - Generated code: C:\Users\nicks\STM32CubeIDE\workspace_1.19.0\AFR\AFR_SENSHORRS\CM7\MXTmpFiles\dma.tmp
2025-08-27 21:44:29,379 [INFO] CodeEngine:265 - oldGeneratedFile, C:\Users\nicks\STM32CubeIDE\workspace_1.19.0\AFR\AFR_SENSHORRS\CM7\MXTmpFiles\dma_GV.tmp_save
2025-08-27 21:44:29,419 [INFO] CodeEngine:289 - Generated code: C:\Users\nicks\STM32CubeIDE\workspace_1.19.0\AFR\AFR_SENSHORRS\CM7\MXTmpFiles\dma_GV.tmp
2025-08-27 21:44:29,438 [INFO] Middleware:1452 - No code input for Bsp Dependency
2025-08-27 21:44:29,444 [INFO] CodeEngine:265 - oldGeneratedFile, C:\Users\nicks\STM32CubeIDE\workspace_1.19.0\AFR\AFR_SENSHORRS\CM7\MXTmpFiles\rtos_inc.tmp_save
2025-08-27 21:44:29,491 [INFO] CodeEngine:289 - Generated code: C:\Users\nicks\STM32CubeIDE\workspace_1.19.0\AFR\AFR_SENSHORRS\CM7\MXTmpFiles\rtos_inc.tmp
2025-08-27 21:44:29,495 [INFO] CodeEngine:265 - oldGeneratedFile, C:\Users\nicks\STM32CubeIDE\workspace_1.19.0\AFR\AFR_SENSHORRS\CM7\MXTmpFiles\rtos_kernelInit.tmp_save
2025-08-27 21:44:29,538 [INFO] CodeEngine:289 - Generated code: C:\Users\nicks\STM32CubeIDE\workspace_1.19.0\AFR\AFR_SENSHORRS\CM7\MXTmpFiles\rtos_kernelInit.tmp
2025-08-27 21:44:29,543 [INFO] CodeEngine:265 - oldGeneratedFile, C:\Users\nicks\STM32CubeIDE\workspace_1.19.0\AFR\AFR_SENSHORRS\CM7\MXTmpFiles\rtos_kernelStart.tmp_save
2025-08-27 21:44:29,584 [INFO] CodeEngine:289 - Generated code: C:\Users\nicks\STM32CubeIDE\workspace_1.19.0\AFR\AFR_SENSHORRS\CM7\MXTmpFiles\rtos_kernelStart.tmp
2025-08-27 21:44:29,588 [INFO] CodeEngine:265 - oldGeneratedFile, C:\Users\nicks\STM32CubeIDE\workspace_1.19.0\AFR\AFR_SENSHORRS\CM7\MXTmpFiles\rtos_typedefs.tmp_save
2025-08-27 21:44:29,629 [INFO] CodeEngine:289 - Generated code: C:\Users\nicks\STM32CubeIDE\workspace_1.19.0\AFR\AFR_SENSHORRS\CM7\MXTmpFiles\rtos_typedefs.tmp
2025-08-27 21:44:29,633 [INFO] CodeEngine:265 - oldGeneratedFile, C:\Users\nicks\STM32CubeIDE\workspace_1.19.0\AFR\AFR_SENSHORRS\CM7\MXTmpFiles\rtos_vars.tmp_save
2025-08-27 21:44:29,676 [INFO] CodeEngine:289 - Generated code: C:\Users\nicks\STM32CubeIDE\workspace_1.19.0\AFR\AFR_SENSHORRS\CM7\MXTmpFiles\rtos_vars.tmp
2025-08-27 21:44:29,681 [INFO] CodeEngine:265 - oldGeneratedFile, C:\Users\nicks\STM32CubeIDE\workspace_1.19.0\AFR\AFR_SENSHORRS\CM7\MXTmpFiles\rtos_pfp.tmp_save
2025-08-27 21:44:29,720 [INFO] CodeEngine:289 - Generated code: C:\Users\nicks\STM32CubeIDE\workspace_1.19.0\AFR\AFR_SENSHORRS\CM7\MXTmpFiles\rtos_pfp.tmp
2025-08-27 21:44:29,725 [INFO] CodeEngine:265 - oldGeneratedFile, C:\Users\nicks\STM32CubeIDE\workspace_1.19.0\AFR\AFR_SENSHORRS\CM7\MXTmpFiles\rtos_obj_creat.tmp_save
2025-08-27 21:44:29,767 [INFO] CodeEngine:289 - Generated code: C:\Users\nicks\STM32CubeIDE\workspace_1.19.0\AFR\AFR_SENSHORRS\CM7\MXTmpFiles\rtos_obj_creat.tmp
2025-08-27 21:44:29,772 [INFO] CodeEngine:265 - oldGeneratedFile, C:\Users\nicks\STM32CubeIDE\workspace_1.19.0\AFR\AFR_SENSHORRS\CM7\MXTmpFiles\rtos_default_thread.tmp_save
2025-08-27 21:44:29,814 [INFO] CodeEngine:289 - Generated code: C:\Users\nicks\STM32CubeIDE\workspace_1.19.0\AFR\AFR_SENSHORRS\CM7\MXTmpFiles\rtos_default_thread.tmp
2025-08-27 21:44:29,820 [INFO] CodeEngine:265 - oldGeneratedFile, C:\Users\nicks\STM32CubeIDE\workspace_1.19.0\AFR\AFR_SENSHORRS\CM7\MXTmpFiles\rtos_threads.tmp_save
2025-08-27 21:44:29,863 [INFO] CodeEngine:289 - Generated code: C:\Users\nicks\STM32CubeIDE\workspace_1.19.0\AFR\AFR_SENSHORRS\CM7\MXTmpFiles\rtos_threads.tmp
2025-08-27 21:44:29,869 [INFO] CodeEngine:265 - oldGeneratedFile, C:\Users\nicks\STM32CubeIDE\workspace_1.19.0\AFR\AFR_SENSHORRS\CM7\Core\Inc\FreeRTOSConfig.h_save
2025-08-27 21:44:29,921 [INFO] CodeEngine:289 - Generated code: C:\Users\nicks\STM32CubeIDE\workspace_1.19.0\AFR\AFR_SENSHORRS\CM7\Core\Inc\FreeRTOSConfig.h
2025-08-27 21:44:29,928 [INFO] CodeEngine:265 - oldGeneratedFile, C:\Users\nicks\STM32CubeIDE\workspace_1.19.0\AFR\AFR_SENSHORRS\CM7\Core\Src\freertos.c_save
2025-08-27 21:44:29,973 [INFO] CodeEngine:289 - Generated code: C:\Users\nicks\STM32CubeIDE\workspace_1.19.0\AFR\AFR_SENSHORRS\CM7\Core\Src\freertos.c
2025-08-27 21:44:30,011 [INFO] CodeEngine:265 - oldGeneratedFile, C:\Users\nicks\STM32CubeIDE\workspace_1.19.0\AFR\AFR_SENSHORRS\CM7\Core\Inc\stm32h7xx_nucleo_conf.h_save
2025-08-27 21:44:30,055 [INFO] CodeEngine:289 - Generated code: C:\Users\nicks\STM32CubeIDE\workspace_1.19.0\AFR\AFR_SENSHORRS\CM7\Core\Inc\stm32h7xx_nucleo_conf.h
2025-08-27 21:44:30,059 [INFO] CodeEngine:265 - oldGeneratedFile, C:\Users\nicks\STM32CubeIDE\workspace_1.19.0\AFR\AFR_SENSHORRS\CM7\MXTmpFiles\bsp_inc.tmp_save
2025-08-27 21:44:30,098 [INFO] CodeEngine:289 - Generated code: C:\Users\nicks\STM32CubeIDE\workspace_1.19.0\AFR\AFR_SENSHORRS\CM7\MXTmpFiles\bsp_inc.tmp
2025-08-27 21:44:30,103 [INFO] CodeEngine:265 - oldGeneratedFile, C:\Users\nicks\STM32CubeIDE\workspace_1.19.0\AFR\AFR_SENSHORRS\CM7\MXTmpFiles\bsp_common_vars.tmp_save
2025-08-27 21:44:30,141 [INFO] CodeEngine:289 - Generated code: C:\Users\nicks\STM32CubeIDE\workspace_1.19.0\AFR\AFR_SENSHORRS\CM7\MXTmpFiles\bsp_common_vars.tmp
2025-08-27 21:44:30,146 [INFO] CodeEngine:265 - oldGeneratedFile, C:\Users\nicks\STM32CubeIDE\workspace_1.19.0\AFR\AFR_SENSHORRS\CM7\MXTmpFiles\bsp_common_init.tmp_save
2025-08-27 21:44:30,184 [INFO] CodeEngine:289 - Generated code: C:\Users\nicks\STM32CubeIDE\workspace_1.19.0\AFR\AFR_SENSHORRS\CM7\MXTmpFiles\bsp_common_init.tmp
2025-08-27 21:44:30,188 [INFO] CodeEngine:265 - oldGeneratedFile, C:\Users\nicks\STM32CubeIDE\workspace_1.19.0\AFR\AFR_SENSHORRS\CM7\MXTmpFiles\bsp_common_demo_before_while.tmp_save
2025-08-27 21:44:30,225 [INFO] CodeEngine:289 - Generated code: C:\Users\nicks\STM32CubeIDE\workspace_1.19.0\AFR\AFR_SENSHORRS\CM7\MXTmpFiles\bsp_common_demo_before_while.tmp
2025-08-27 21:44:30,230 [INFO] CodeEngine:265 - oldGeneratedFile, C:\Users\nicks\STM32CubeIDE\workspace_1.19.0\AFR\AFR_SENSHORRS\CM7\MXTmpFiles\bsp_common_demo_inside_while.tmp_save
2025-08-27 21:44:30,269 [INFO] CodeEngine:289 - Generated code: C:\Users\nicks\STM32CubeIDE\workspace_1.19.0\AFR\AFR_SENSHORRS\CM7\MXTmpFiles\bsp_common_demo_inside_while.tmp
2025-08-27 21:44:30,273 [INFO] CodeEngine:265 - oldGeneratedFile, C:\Users\nicks\STM32CubeIDE\workspace_1.19.0\AFR\AFR_SENSHORRS\CM7\MXTmpFiles\bsp_common_demo_fct.tmp_save
2025-08-27 21:44:30,310 [INFO] CodeEngine:289 - Generated code: C:\Users\nicks\STM32CubeIDE\workspace_1.19.0\AFR\AFR_SENSHORRS\CM7\MXTmpFiles\bsp_common_demo_fct.tmp
2025-08-27 21:44:30,331 [INFO] CodeEngine:265 - oldGeneratedFile, C:\Users\nicks\STM32CubeIDE\workspace_1.19.0\AFR\AFR_SENSHORRS\CM7\Core\Src\stm32h7xx_it.c_save
2025-08-27 21:44:30,429 [INFO] CodeEngine:289 - Generated code: C:\Users\nicks\STM32CubeIDE\workspace_1.19.0\AFR\AFR_SENSHORRS\CM7\Core\Src\stm32h7xx_it.c
2025-08-27 21:44:30,434 [INFO] CodeEngine:265 - oldGeneratedFile, C:\Users\nicks\STM32CubeIDE\workspace_1.19.0\AFR\AFR_SENSHORRS\CM7\Core\Inc\stm32h7xx_it.h_save
2025-08-27 21:44:30,480 [INFO] CodeEngine:289 - Generated code: C:\Users\nicks\STM32CubeIDE\workspace_1.19.0\AFR\AFR_SENSHORRS\CM7\Core\Inc\stm32h7xx_it.h
2025-08-27 21:44:30,597 [INFO] CodeEngine:265 - oldGeneratedFile, C:\Users\nicks\STM32CubeIDE\workspace_1.19.0\AFR\AFR_SENSHORRS\CM7\Core\Src\stm32h7xx_hal_msp.c_save
2025-08-27 21:44:30,669 [INFO] CodeEngine:289 - Generated code: C:\Users\nicks\STM32CubeIDE\workspace_1.19.0\AFR\AFR_SENSHORRS\CM7\Core\Src\stm32h7xx_hal_msp.c
2025-08-27 21:44:30,674 [INFO] CodeEngine:265 - oldGeneratedFile, C:\Users\nicks\STM32CubeIDE\workspace_1.19.0\AFR\AFR_SENSHORRS\CM7\MXTmpFiles\system.tmp_save
2025-08-27 21:44:30,712 [INFO] CodeEngine:289 - Generated code: C:\Users\nicks\STM32CubeIDE\workspace_1.19.0\AFR\AFR_SENSHORRS\CM7\MXTmpFiles\system.tmp
2025-08-27 21:44:30,724 [INFO] CodeEngine:321 - oldGeneratedFile, C:\Users\nicks\STM32CubeIDE\workspace_1.19.0\AFR\AFR_SENSHORRS\CM7\Core\Inc\stm32h7xx_hal_conf.h_save
2025-08-27 21:44:30,770 [INFO] CodeEngine:345 - Generated code: C:\Users\nicks\STM32CubeIDE\workspace_1.19.0\AFR\AFR_SENSHORRS\CM7\Core\Inc\stm32h7xx_hal_conf.h
2025-08-27 21:44:30,794 [WARN] IPConfigManager:3811 - IP not found : NVIC
2025-08-27 21:44:30,794 [WARN] IPConfigManager:3811 - IP not found : TIM
2025-08-27 21:44:30,795 [WARN] CodeGenerator:4259 - IP not found : null
2025-08-27 21:44:30,801 [WARN] CodeGenerator:4259 - IP not found : null
2025-08-27 21:44:30,810 [INFO] CodeEngine:265 - oldGeneratedFile, C:\Users\nicks\STM32CubeIDE\workspace_1.19.0\AFR\AFR_SENSHORRS\CM7\Core\Inc\main.h_save
2025-08-27 21:44:30,879 [INFO] CodeEngine:289 - Generated code: C:\Users\nicks\STM32CubeIDE\workspace_1.19.0\AFR\AFR_SENSHORRS\CM7\Core\Inc\main.h
2025-08-27 21:44:30,886 [INFO] CodeEngine:265 - oldGeneratedFile, C:\Users\nicks\STM32CubeIDE\workspace_1.19.0\AFR\AFR_SENSHORRS\CM7\Core\Src\main.c_save
2025-08-27 21:44:31,006 [INFO] CodeEngine:289 - Generated code: C:\Users\nicks\STM32CubeIDE\workspace_1.19.0\AFR\AFR_SENSHORRS\CM7\Core\Src\main.c
2025-08-27 21:44:31,046 [INFO] CodeGenerator:1619 - *******************Project context M4 selected
2025-08-27 21:44:31,092 [INFO] CodeEngine:265 - oldGeneratedFile, C:\Users\nicks\STM32CubeIDE\workspace_1.19.0\AFR\AFR_SENSHORRS\MXTmpFiles\license.tmp_save
2025-08-27 21:44:31,132 [INFO] CodeEngine:289 - Generated code: C:\Users\nicks\STM32CubeIDE\workspace_1.19.0\AFR\AFR_SENSHORRS\MXTmpFiles\license.tmp
2025-08-27 21:44:31,149 [INFO] CodeEngine:265 - oldGeneratedFile, C:\Users\nicks\STM32CubeIDE\workspace_1.19.0\AFR\AFR_SENSHORRS\CM4\MXTmpFiles\gpio.tmp_save
2025-08-27 21:44:31,192 [INFO] CodeEngine:289 - Generated code: C:\Users\nicks\STM32CubeIDE\workspace_1.19.0\AFR\AFR_SENSHORRS\CM4\MXTmpFiles\gpio.tmp
2025-08-27 21:44:31,236 [WARN] IPConfigManager:103 - WARNING: Missing Config File for NVIC2 ip!!
2025-08-27 21:44:31,288 [INFO] CodeEngine:265 - oldGeneratedFile, C:\Users\nicks\STM32CubeIDE\workspace_1.19.0\AFR\AFR_SENSHORRS\CM4\MXTmpFiles\cortex.tmp_save
2025-08-27 21:44:31,327 [INFO] CodeEngine:289 - Generated code: C:\Users\nicks\STM32CubeIDE\workspace_1.19.0\AFR\AFR_SENSHORRS\CM4\MXTmpFiles\cortex.tmp
2025-08-27 21:44:31,339 [INFO] CodeEngine:265 - oldGeneratedFile, C:\Users\nicks\STM32CubeIDE\workspace_1.19.0\AFR\AFR_SENSHORRS\CM4\MXTmpFiles\dma.tmp_save
2025-08-27 21:44:31,378 [INFO] CodeEngine:289 - Generated code: C:\Users\nicks\STM32CubeIDE\workspace_1.19.0\AFR\AFR_SENSHORRS\CM4\MXTmpFiles\dma.tmp
2025-08-27 21:44:31,382 [INFO] CodeEngine:265 - oldGeneratedFile, C:\Users\nicks\STM32CubeIDE\workspace_1.19.0\AFR\AFR_SENSHORRS\CM4\MXTmpFiles\dma_GV.tmp_save
2025-08-27 21:44:31,419 [INFO] CodeEngine:289 - Generated code: C:\Users\nicks\STM32CubeIDE\workspace_1.19.0\AFR\AFR_SENSHORRS\CM4\MXTmpFiles\dma_GV.tmp
2025-08-27 21:44:31,454 [INFO] CodeEngine:265 - oldGeneratedFile, C:\Users\nicks\STM32CubeIDE\workspace_1.19.0\AFR\AFR_SENSHORRS\CM4\Core\Inc\stm32h7xx_nucleo_conf.h_save
2025-08-27 21:44:31,495 [INFO] CodeEngine:289 - Generated code: C:\Users\nicks\STM32CubeIDE\workspace_1.19.0\AFR\AFR_SENSHORRS\CM4\Core\Inc\stm32h7xx_nucleo_conf.h
2025-08-27 21:44:31,499 [INFO] CodeEngine:265 - oldGeneratedFile, C:\Users\nicks\STM32CubeIDE\workspace_1.19.0\AFR\AFR_SENSHORRS\CM4\MXTmpFiles\bsp_inc.tmp_save
2025-08-27 21:44:31,537 [INFO] CodeEngine:289 - Generated code: C:\Users\nicks\STM32CubeIDE\workspace_1.19.0\AFR\AFR_SENSHORRS\CM4\MXTmpFiles\bsp_inc.tmp
2025-08-27 21:44:31,556 [INFO] CodeEngine:265 - oldGeneratedFile, C:\Users\nicks\STM32CubeIDE\workspace_1.19.0\AFR\AFR_SENSHORRS\CM4\Core\Src\stm32h7xx_it.c_save
2025-08-27 21:44:31,601 [INFO] CodeEngine:289 - Generated code: C:\Users\nicks\STM32CubeIDE\workspace_1.19.0\AFR\AFR_SENSHORRS\CM4\Core\Src\stm32h7xx_it.c
2025-08-27 21:44:31,606 [INFO] CodeEngine:265 - oldGeneratedFile, C:\Users\nicks\STM32CubeIDE\workspace_1.19.0\AFR\AFR_SENSHORRS\CM4\Core\Inc\stm32h7xx_it.h_save
2025-08-27 21:44:31,647 [INFO] CodeEngine:289 - Generated code: C:\Users\nicks\STM32CubeIDE\workspace_1.19.0\AFR\AFR_SENSHORRS\CM4\Core\Inc\stm32h7xx_it.h
2025-08-27 21:44:31,693 [INFO] CodeEngine:265 - oldGeneratedFile, C:\Users\nicks\STM32CubeIDE\workspace_1.19.0\AFR\AFR_SENSHORRS\CM4\Core\Src\stm32h7xx_hal_msp.c_save
2025-08-27 21:44:31,751 [INFO] CodeEngine:289 - Generated code: C:\Users\nicks\STM32CubeIDE\workspace_1.19.0\AFR\AFR_SENSHORRS\CM4\Core\Src\stm32h7xx_hal_msp.c
2025-08-27 21:44:31,755 [INFO] CodeEngine:265 - oldGeneratedFile, C:\Users\nicks\STM32CubeIDE\workspace_1.19.0\AFR\AFR_SENSHORRS\CM4\MXTmpFiles\system.tmp_save
2025-08-27 21:44:31,792 [INFO] CodeEngine:289 - Generated code: C:\Users\nicks\STM32CubeIDE\workspace_1.19.0\AFR\AFR_SENSHORRS\CM4\MXTmpFiles\system.tmp
2025-08-27 21:44:31,802 [INFO] CodeEngine:321 - oldGeneratedFile, C:\Users\nicks\STM32CubeIDE\workspace_1.19.0\AFR\AFR_SENSHORRS\CM4\Core\Inc\stm32h7xx_hal_conf.h_save
2025-08-27 21:44:31,846 [INFO] CodeEngine:345 - Generated code: C:\Users\nicks\STM32CubeIDE\workspace_1.19.0\AFR\AFR_SENSHORRS\CM4\Core\Inc\stm32h7xx_hal_conf.h
2025-08-27 21:44:31,857 [WARN] IPConfigManager:3811 - IP not found : NVIC
2025-08-27 21:44:31,858 [WARN] CodeGenerator:4259 - IP not found : null
2025-08-27 21:44:31,864 [INFO] CodeEngine:265 - oldGeneratedFile, C:\Users\nicks\STM32CubeIDE\workspace_1.19.0\AFR\AFR_SENSHORRS\CM4\Core\Inc\main.h_save
2025-08-27 21:44:31,908 [INFO] CodeEngine:289 - Generated code: C:\Users\nicks\STM32CubeIDE\workspace_1.19.0\AFR\AFR_SENSHORRS\CM4\Core\Inc\main.h
2025-08-27 21:44:31,913 [INFO] CodeEngine:265 - oldGeneratedFile, C:\Users\nicks\STM32CubeIDE\workspace_1.19.0\AFR\AFR_SENSHORRS\CM4\Core\Src\main.c_save
2025-08-27 21:44:31,973 [INFO] CodeEngine:289 - Generated code: C:\Users\nicks\STM32CubeIDE\workspace_1.19.0\AFR\AFR_SENSHORRS\CM4\Core\Src\main.c
2025-08-27 21:44:32,377 [INFO] ProjectBuilder:3606 - Time for Copy HAL[1] : 239mS.
2025-08-27 21:44:32,391 [INFO] ProjectBuilder:5216 - Project Generator version: 4.7.0-B52
2025-08-27 21:44:32,447 [INFO] ConfigFileManager:1595 - The Die is : DIE450
2025-08-27 21:44:37,558 [INFO] ProjectBuilder:5496 - Time for Generating toolchain IDE Files: 5167mS.
2025-08-27 21:44:37,559 [INFO] ProjectBuilder:3463 - Time for Copy CMSIS : 1mS.
2025-08-27 21:44:37,563 [INFO] ProjectBuilder:3463 - Time for Copy CMSIS : 0mS.
