2025-08-30 14:53:35,826 [INFO] WebApp:194 - Connection lost
2025-08-30 14:53:44,845 [INFO] WebApp:191 - Connection restablished
2025-08-30 14:53:46,521 [INFO] WebApp:194 - Connection lost
2025-08-30 14:53:46,734 [INFO] WebApp:191 - Connection restablished
2025-08-30 16:58:24,625 [INFO] MainUpdater:2872 - connection check result : 10
2025-08-30 16:58:24,625 [INFO] MainUpdater:2872 - connection check result : 10
2025-08-30 16:58:24,634 [ERROR] IocParser:95 - Exception caught: Cannot invoke "java.lang.CharSequence.length()" because "this.text" is null
2025-08-30 16:58:24,825 [INFO] I2cTimingTraitement:330 - 0x109090D9
2025-08-30 16:58:24,834 [INFO] MicroXplorer:468 - Change Database Path : 
2025-08-30 16:58:24,834 [INFO] MicroXplorer:498 - Change Database Version : DB.6.0.150
2025-08-30 16:58:24,859 [ERROR] ProjectManagerView:395 - 
java.lang.NullPointerException: Cannot invoke "javax.swing.JTextField.getText()" because the return value of "java.util.List.get(int)" is null
	at com.st.microxplorer.plugins.projectmanager.gui.ProjectChoiceTab$9.caretUpdate(ProjectChoiceTab.java:2706) ~[filemanager.jar:?]
	at javax.swing.text.JTextComponent.fireCaretUpdate(JTextComponent.java:408) ~[?:?]
	at javax.swing.text.JTextComponent$MutableCaretEvent.fire(JTextComponent.java:4484) ~[?:?]
	at javax.swing.text.JTextComponent$MutableCaretEvent.stateChanged(JTextComponent.java:4506) ~[?:?]
	at javax.swing.text.DefaultCaret.fireStateChanged(DefaultCaret.java:857) ~[?:?]
	at javax.swing.text.DefaultCaret.changeCaretPosition(DefaultCaret.java:1343) ~[?:?]
	at javax.swing.text.DefaultCaret.handleSetDot(DefaultCaret.java:1242) ~[?:?]
	at javax.swing.text.DefaultCaret.setDot(DefaultCaret.java:1223) ~[?:?]
	at javax.swing.text.DefaultCaret$Handler.insertUpdate(DefaultCaret.java:1819) ~[?:?]
	at javax.swing.text.AbstractDocument.fireInsertUpdate(AbstractDocument.java:227) ~[?:?]
	at javax.swing.text.AbstractDocument.handleInsertString(AbstractDocument.java:781) ~[?:?]
	at javax.swing.text.AbstractDocument.insertString(AbstractDocument.java:740) ~[?:?]
	at javax.swing.text.PlainDocument.insertString(PlainDocument.java:131) ~[?:?]
	at javax.swing.text.AbstractDocument.replace(AbstractDocument.java:699) ~[?:?]
	at javax.swing.text.JTextComponent.setText(JTextComponent.java:1725) ~[?:?]
	at com.st.microxplorer.plugins.projectmanager.gui.ProjectChoiceTab.createHeapStackFields(ProjectChoiceTab.java:993) ~[filemanager.jar:?]
	at com.st.microxplorer.plugins.projectmanager.gui.ProjectChoiceTab.buildLinkSettingsPanel(ProjectChoiceTab.java:3813) ~[filemanager.jar:?]
	at com.st.microxplorer.plugins.projectmanager.gui.ProjectChoiceTab.defineWindowsFields(ProjectChoiceTab.java:1987) ~[filemanager.jar:?]
	at com.st.microxplorer.plugins.projectmanager.gui.ProjectChoiceTab.updateSettings(ProjectChoiceTab.java:558) ~[filemanager.jar:?]
	at com.st.microxplorer.plugins.projectmanager.gui.ProjectSettingsPanel.UpdateDialog(ProjectSettingsPanel.java:247) ~[filemanager.jar:?]
	at com.st.microxplorer.plugins.projectmanager.ProjectManagerView.propertyChange(ProjectManagerView.java:392) ~[filemanager.jar:?]
	at java.beans.PropertyChangeSupport.fire(PropertyChangeSupport.java:343) ~[?:?]
	at java.beans.PropertyChangeSupport.firePropertyChange(PropertyChangeSupport.java:335) ~[?:?]
	at java.beans.PropertyChangeSupport.firePropertyChange(PropertyChangeSupport.java:268) ~[?:?]
	at com.st.microxplorer.util.MXPropertyChangeSupport.firePropertyChange(MXPropertyChangeSupport.java:54) ~[STM32CubeMX.jar:?]
	at com.st.microxplorer.mxsystem.MxSystem.closeConfig(MxSystem.java:899) ~[STM32CubeMX.jar:?]
	at com.st.microxplorer.maingui.MainPanel.closeConfig(MainPanel.java:792) ~[STM32CubeMX.jar:?]
	at com.st.microxplorer.plugins.filemanager.engine.OpenFileManager.loadConfigurationFile(OpenFileManager.java:288) ~[filemanager.jar:?]
	at com.st.microxplorer.plugins.filemanager.engine.MainFileManager.userLoadConfig(MainFileManager.java:364) ~[filemanager.jar:?]
	at com.st.microxplorer.plugins.filemanager.engine.MainFileManager.userLoadConfig(MainFileManager.java:342) ~[filemanager.jar:?]
	at com.st.microxplorer.plugins.filemanager.FileManagerView.getSpecificTask(FileManagerView.java:264) ~[filemanager.jar:?]
	at com.st.stm32cube.common.mx.editor.CubeMxEditor.getMxTabbedPaneInstance(CubeMxEditor.java:1198) ~[com.st.stm32cube.common.mx_6.15.0.202507011659/:?]
	at com.st.stm32cube.common.mx.editor.CubeMxEditor$12$1.createSwingComponent(CubeMxEditor.java:1068) ~[com.st.stm32cube.common.mx_6.15.0.202507011659/:?]
	at com.st.stm32cube.common.mx.oss.core.awtswtbridge.EmbeddedSwingComposite.doComponentCreation(EmbeddedSwingComposite.java:492) ~[com.st.stm32cube.common.mx.oss_6.15.0.202507011659/:?]
	at com.st.stm32cube.common.mx.oss.core.awtswtbridge.EmbeddedSwingComposite$4.run(EmbeddedSwingComposite.java:291) ~[com.st.stm32cube.common.mx.oss_6.15.0.202507011659/:?]
	at com.st.stm32cube.common.mx.oss.core.awtswtbridge.AwtEnvironment$2.run(AwtEnvironment.java:166) ~[com.st.stm32cube.common.mx.oss_6.15.0.202507011659/:?]
	at java.awt.event.InvocationEvent.dispatch(InvocationEvent.java:318) ~[?:?]
	at java.awt.EventQueue.dispatchEventImpl(EventQueue.java:773) ~[?:?]
	at java.awt.EventQueue$4.run(EventQueue.java:720) ~[?:?]
	at java.awt.EventQueue$4.run(EventQueue.java:714) ~[?:?]
	at java.security.AccessController.doPrivileged(AccessController.java:400) ~[?:?]
	at java.security.ProtectionDomain$JavaSecurityAccessImpl.doIntersectionPrivilege(ProtectionDomain.java:87) ~[?:?]
	at java.awt.EventQueue.dispatchEvent(EventQueue.java:742) ~[?:?]
	at java.awt.EventDispatchThread.pumpOneEventForFilters(EventDispatchThread.java:203) ~[?:?]
	at java.awt.EventDispatchThread.pumpEventsForFilter(EventDispatchThread.java:124) ~[?:?]
	at java.awt.EventDispatchThread.pumpEventsForHierarchy(EventDispatchThread.java:113) ~[?:?]
	at java.awt.EventDispatchThread.pumpEvents(EventDispatchThread.java:109) ~[?:?]
	at java.awt.EventDispatchThread.pumpEvents(EventDispatchThread.java:101) ~[?:?]
	at java.awt.EventDispatchThread.run(EventDispatchThread.java:90) ~[?:?]
2025-08-30 16:58:24,860 [WARN] ThirdParty:871 - waiting for thirdparty lock release [close project]
2025-08-30 16:58:24,860 [INFO] ThirdParty:873 - entering critical section [close project]
2025-08-30 16:58:24,860 [INFO] ThirdParty:883 - exiting critical section [close project]
2025-08-30 16:58:24,862 [INFO] PinOutPanel:1589 - setPackage(No Configuration,No Configuration)
2025-08-30 16:58:24,873 [WARN] IpParametersView:155 - Warning: This peripheral hasn't parameters
2025-08-30 16:58:24,890 [WARN] MainPanel:289 - <html><b><center>Warning: This peripheral has no parameters to be configured<br></b></html>
2025-08-30 16:58:24,895 [WARN] IpParametersView:155 - Warning: This peripheral hasn't parameters
2025-08-30 16:58:24,910 [WARN] MainPanel:289 - <html><b><center>Warning: This peripheral has no parameters to be configured<br></b></html>
2025-08-30 16:58:24,915 [INFO] UtilMem:75 - Begin LoadConfig() Used Memory: 763613424 Bytes (1073741824)
2025-08-30 16:58:24,915 [INFO] MicroXplorer:468 - Change Database Path : 
2025-08-30 16:58:24,915 [INFO] MicroXplorer:498 - Change Database Version : DB.6.0.150
2025-08-30 16:58:24,915 [INFO] OpenFileManager:355 - Change cursor
2025-08-30 16:58:24,959 [INFO] RulesReader:64 - Compatibility file has been processed (317 Rules)
2025-08-30 16:58:24,975 [INFO] Mcu:2029 - Initializing MCU STM32H755ZITx STM32H755ZITx STM32H755ZIT6
2025-08-30 16:58:27,112 [INFO] Context:786 - Trying to add GPIOservice into a context  which must be forbidden
2025-08-30 16:58:27,112 [INFO] Context:786 - Trying to add GPIOservice into a context  which must be forbidden
2025-08-30 16:58:28,253 [INFO] ApiDbMcu:532 - Load IP Config File for NUCLEO-H755ZI-Q
2025-08-30 16:58:28,391 [INFO] Context:786 - Trying to add GPIOservice into a context  which must be forbidden
2025-08-30 16:58:28,400 [INFO] Context:786 - Trying to add GPIOservice into a context  which must be forbidden
2025-08-30 16:58:28,403 [INFO] ImportTextPane:234 - (OptionalMessage_ERROR) Pin30 (VP_RIF_VS_RIF1) cannot be retrieved for this MCU
2025-08-30 16:58:28,411 [INFO] ImportTextPane:234 - (OptionalMessage_ERROR) Unable to find key (Mcu.IP10) in loaded IOC file
2025-08-30 16:58:28,411 [INFO] ImportTextPane:234 - (OptionalMessage_ERROR) Unknown IP (dummy)
2025-08-30 16:58:28,538 [INFO] RtosManager:558 - Registered RTOS mode: class=CMSIS, group=RTOS, mode=CMSIS_V1, owner=FREERTOS_M7
2025-08-30 16:58:28,538 [INFO] RtosManager:558 - Registered RTOS mode: class=CMSIS, group=RTOS2, mode=CMSIS_V2, owner=FREERTOS_M7
2025-08-30 16:58:28,539 [INFO] RtosManager:558 - Registered RTOS mode: class=RTOS, group=Core, mode=CMSIS_V1, owner=FREERTOS_M7
2025-08-30 16:58:28,539 [INFO] RtosManager:558 - Registered RTOS mode: class=RTOS, group=Core, mode=CMSIS_V2, owner=FREERTOS_M7
2025-08-30 16:58:28,539 [WARN] ModelIntegratedComponent:184 - Missing modes for component STMicroelectronics:FreeRTOS:0.0.1:STMicroelectronics:RTOS:FreeRTOS:Core:::10.2.0:
2025-08-30 16:58:28,547 [WARN] ModelIntegratedComponent:63 - No mode defined for component null
2025-08-30 16:58:28,547 [WARN] ModelIntegratedComponent:63 - No mode defined for component null
2025-08-30 16:58:28,547 [WARN] ModelIntegratedComponent:63 - No mode defined for component null
2025-08-30 16:58:28,547 [WARN] ModelIntegratedComponent:63 - No mode defined for component null
2025-08-30 16:58:28,547 [WARN] ModelIntegratedComponent:63 - No mode defined for component null
2025-08-30 16:58:28,547 [WARN] ModelIntegratedComponent:63 - No mode defined for component null
2025-08-30 16:58:28,547 [WARN] ModelIntegratedComponent:63 - No mode defined for component null
2025-08-30 16:58:28,547 [WARN] ModelIntegratedComponent:63 - No mode defined for component null
2025-08-30 16:58:28,547 [WARN] ModelIntegratedComponent:63 - No mode defined for component null
2025-08-30 16:58:28,547 [WARN] ModelIntegratedComponent:63 - No mode defined for component null
2025-08-30 16:58:28,547 [WARN] ModelIntegratedComponent:63 - No mode defined for component null
2025-08-30 16:58:28,547 [WARN] ModelIntegratedComponent:63 - No mode defined for component null
2025-08-30 16:58:28,548 [WARN] ModelIntegratedComponent:63 - No mode defined for component null
2025-08-30 16:58:28,548 [WARN] ModelIntegratedComponent:63 - No mode defined for component null
2025-08-30 16:58:28,548 [WARN] ModelIntegratedComponent:63 - No mode defined for component null
2025-08-30 16:58:28,548 [WARN] ModelIntegratedComponent:63 - No mode defined for component null
2025-08-30 16:58:28,548 [WARN] ModelIntegratedComponent:63 - No mode defined for component null
2025-08-30 16:58:28,548 [WARN] ModelIntegratedComponent:63 - No mode defined for component null
2025-08-30 16:58:28,548 [WARN] ModelIntegratedComponent:63 - No mode defined for component null
2025-08-30 16:58:28,548 [WARN] ModelIntegratedComponent:63 - No mode defined for component null
2025-08-30 16:58:28,548 [WARN] ModelIntegratedComponent:63 - No mode defined for component null
2025-08-30 16:58:28,548 [WARN] ModelIntegratedComponent:63 - No mode defined for component null
2025-08-30 16:58:28,548 [WARN] ModelIntegratedComponent:63 - No mode defined for component null
2025-08-30 16:58:28,548 [WARN] ModelIntegratedComponent:63 - No mode defined for component null
2025-08-30 16:58:28,548 [WARN] ModelIntegratedComponent:63 - No mode defined for component null
2025-08-30 16:58:28,548 [WARN] ModelIntegratedComponent:63 - No mode defined for component null
2025-08-30 16:58:28,548 [WARN] ModelIntegratedComponent:63 - No mode defined for component null
2025-08-30 16:58:28,548 [WARN] ModelIntegratedComponent:63 - No mode defined for component null
2025-08-30 16:58:28,548 [WARN] ModelIntegratedComponent:63 - No mode defined for component null
2025-08-30 16:58:28,548 [WARN] ModelIntegratedComponent:63 - No mode defined for component null
2025-08-30 16:58:28,548 [WARN] ModelIntegratedComponent:63 - No mode defined for component null
2025-08-30 16:58:28,548 [WARN] ModelIntegratedComponent:63 - No mode defined for component null
2025-08-30 16:58:28,548 [WARN] ModelIntegratedComponent:63 - No mode defined for component null
2025-08-30 16:58:28,548 [WARN] ModelIntegratedComponent:63 - No mode defined for component null
2025-08-30 16:58:28,548 [WARN] ModelIntegratedComponent:63 - No mode defined for component null
2025-08-30 16:58:28,548 [WARN] ModelPack:524 - Component already loaded: STMicroelectronics:HAL Drivers:0.0.0:STMicroelectronics:Device:STMicro_Driver:XSPI:HAL::0.0.1:HAL_XSPI
2025-08-30 16:58:28,634 [INFO] RtosManager:558 - Registered RTOS mode: class=CMSIS, group=RTOS, mode=CMSIS_V1, owner=FREERTOS_M4
2025-08-30 16:58:28,634 [INFO] RtosManager:558 - Registered RTOS mode: class=CMSIS, group=RTOS2, mode=CMSIS_V2, owner=FREERTOS_M4
2025-08-30 16:58:28,634 [INFO] RtosManager:558 - Registered RTOS mode: class=RTOS, group=Core, mode=CMSIS_V1, owner=FREERTOS_M4
2025-08-30 16:58:28,634 [INFO] RtosManager:558 - Registered RTOS mode: class=RTOS, group=Core, mode=CMSIS_V2, owner=FREERTOS_M4
2025-08-30 16:58:28,634 [WARN] ModelIntegratedComponent:184 - Missing modes for component STMicroelectronics:FreeRTOS:0.0.1:STMicroelectronics:RTOS:FreeRTOS:Core:::10.2.0:
2025-08-30 16:58:28,641 [WARN] ModelIntegratedComponent:63 - No mode defined for component null
2025-08-30 16:58:28,642 [WARN] ModelIntegratedComponent:63 - No mode defined for component null
2025-08-30 16:58:28,642 [WARN] ModelIntegratedComponent:63 - No mode defined for component null
2025-08-30 16:58:28,642 [WARN] ModelIntegratedComponent:63 - No mode defined for component null
2025-08-30 16:58:28,642 [WARN] ModelIntegratedComponent:63 - No mode defined for component null
2025-08-30 16:58:28,642 [WARN] ModelIntegratedComponent:63 - No mode defined for component null
2025-08-30 16:58:28,642 [WARN] ModelIntegratedComponent:63 - No mode defined for component null
2025-08-30 16:58:28,642 [WARN] ModelIntegratedComponent:63 - No mode defined for component null
2025-08-30 16:58:28,642 [WARN] ModelIntegratedComponent:63 - No mode defined for component null
2025-08-30 16:58:28,642 [WARN] ModelIntegratedComponent:63 - No mode defined for component null
2025-08-30 16:58:28,642 [WARN] ModelIntegratedComponent:63 - No mode defined for component null
2025-08-30 16:58:28,642 [WARN] ModelIntegratedComponent:63 - No mode defined for component null
2025-08-30 16:58:28,642 [WARN] ModelIntegratedComponent:63 - No mode defined for component null
2025-08-30 16:58:28,642 [WARN] ModelIntegratedComponent:63 - No mode defined for component null
2025-08-30 16:58:28,642 [WARN] ModelIntegratedComponent:63 - No mode defined for component null
2025-08-30 16:58:28,642 [WARN] ModelIntegratedComponent:63 - No mode defined for component null
2025-08-30 16:58:28,642 [WARN] ModelIntegratedComponent:63 - No mode defined for component null
2025-08-30 16:58:28,642 [WARN] ModelIntegratedComponent:63 - No mode defined for component null
2025-08-30 16:58:28,642 [WARN] ModelIntegratedComponent:63 - No mode defined for component null
2025-08-30 16:58:28,642 [WARN] ModelIntegratedComponent:63 - No mode defined for component null
2025-08-30 16:58:28,642 [WARN] ModelIntegratedComponent:63 - No mode defined for component null
2025-08-30 16:58:28,642 [WARN] ModelIntegratedComponent:63 - No mode defined for component null
2025-08-30 16:58:28,642 [WARN] ModelIntegratedComponent:63 - No mode defined for component null
2025-08-30 16:58:28,642 [WARN] ModelIntegratedComponent:63 - No mode defined for component null
2025-08-30 16:58:28,642 [WARN] ModelIntegratedComponent:63 - No mode defined for component null
2025-08-30 16:58:28,642 [WARN] ModelIntegratedComponent:63 - No mode defined for component null
2025-08-30 16:58:28,642 [WARN] ModelIntegratedComponent:63 - No mode defined for component null
2025-08-30 16:58:28,642 [WARN] ModelIntegratedComponent:63 - No mode defined for component null
2025-08-30 16:58:28,642 [WARN] ModelIntegratedComponent:63 - No mode defined for component null
2025-08-30 16:58:28,642 [WARN] ModelIntegratedComponent:63 - No mode defined for component null
2025-08-30 16:58:28,642 [WARN] ModelIntegratedComponent:63 - No mode defined for component null
2025-08-30 16:58:28,642 [WARN] ModelIntegratedComponent:63 - No mode defined for component null
2025-08-30 16:58:28,642 [WARN] ModelIntegratedComponent:63 - No mode defined for component null
2025-08-30 16:58:28,642 [WARN] ModelIntegratedComponent:63 - No mode defined for component null
2025-08-30 16:58:28,643 [WARN] ModelIntegratedComponent:63 - No mode defined for component null
2025-08-30 16:58:28,643 [WARN] ModelPack:524 - Component already loaded: STMicroelectronics:HAL Drivers:0.0.0:STMicroelectronics:Device:STMicro_Driver:XSPI:HAL::0.0.1:HAL_XSPI
2025-08-30 16:58:28,714 [INFO] ThirdPartyModel:298 - Start build external matchings
2025-08-30 16:58:29,189 [INFO] ThirdPartyModel:316 - End build external matchings
2025-08-30 16:58:29,206 [INFO] ThirdPartyModel:298 - Start build external matchings
2025-08-30 16:58:29,635 [INFO] ThirdPartyModel:316 - End build external matchings
2025-08-30 16:58:29,646 [INFO] RtosManager:1018 - Current active RTOS is FREERTOS_M7 [CortexM7]
2025-08-30 16:58:29,762 [INFO] UtilMem:75 - End LoadConfig() Used Memory: 946285024 Bytes (1073741824)
2025-08-30 16:58:29,795 [WARN] ThirdParty:833 - waiting for thirdparty lock release [change project]
2025-08-30 16:58:29,795 [INFO] ThirdParty:835 - entering critical section [change project]
2025-08-30 16:58:29,795 [INFO] ThirdParty:1030 - CMSIS Pack Vendor :STMicroelectronics X-CUBE-PM33A1 1.0.0
2025-08-30 16:58:29,795 [INFO] ThirdParty:1030 - CMSIS Pack Vendor :STMicroelectronics USBPD 4.1
2025-08-30 16:58:29,795 [INFO] ThirdParty:1030 - CMSIS Pack Vendor :STMicroelectronics X-CUBE-AZRTOS-H7 3.3.0
2025-08-30 16:58:29,795 [INFO] ThirdParty:1030 - CMSIS Pack Vendor :STMicroelectronics X-CUBE-NFC9 1.0.0
2025-08-30 16:58:29,795 [INFO] ThirdParty:1030 - CMSIS Pack Vendor :STMicroelectronics USB_HOST 2.0.0
2025-08-30 16:58:29,795 [INFO] ThirdParty:1030 - CMSIS Pack Vendor :STMicroelectronics FP-SNS-MOTENVWB1 1.4.0
2025-08-30 16:58:29,796 [INFO] ThirdParty:1030 - CMSIS Pack Vendor :STMicroelectronics X-CUBE-AZRTOS-F4 1.1.0
2025-08-30 16:58:29,796 [INFO] ThirdParty:1030 - CMSIS Pack Vendor :STMicroelectronics LIBJPEG 8.0.0
2025-08-30 16:58:29,796 [INFO] ThirdParty:1030 - CMSIS Pack Vendor :STMicroelectronics FP-ATR-ASTRA1 2.0.2
2025-08-30 16:58:29,796 [INFO] ThirdParty:1030 - CMSIS Pack Vendor :STMicroelectronics FP-ATR-ASTRA1 2.0.1
2025-08-30 16:58:29,796 [INFO] ThirdParty:1030 - CMSIS Pack Vendor :STMicroelectronics X-CUBE-BLE1 7.1.0
2025-08-30 16:58:29,796 [INFO] ThirdParty:1030 - CMSIS Pack Vendor :Avnet-IotConnect X-CUBE-IoTC-DA16k-PMOD 1.0.0
2025-08-30 16:58:29,796 [INFO] ThirdParty:1030 - CMSIS Pack Vendor :STMicroelectronics X-CUBE-SMBUS 2.1.0
2025-08-30 16:58:29,796 [INFO] ThirdParty:1030 - CMSIS Pack Vendor :STMicroelectronics X-CUBE-WB05N 1.1.0
2025-08-30 16:58:29,796 [INFO] ThirdParty:1030 - CMSIS Pack Vendor :wolfSSL I-CUBE-wolfMQTT 1.19.2
2025-08-30 16:58:29,796 [INFO] ThirdParty:1030 - CMSIS Pack Vendor :STMicroelectronics USB_DEVICE 3.0.0
2025-08-30 16:58:29,796 [INFO] ThirdParty:1030 - CMSIS Pack Vendor :STMicroelectronics X-CUBE-ISPU 2.1.0
2025-08-30 16:58:29,796 [INFO] ThirdParty:1030 - CMSIS Pack Vendor :STMicroelectronics X-CUBE-EEPRMA1 5.2.0
2025-08-30 16:58:29,796 [INFO] ThirdParty:1030 - CMSIS Pack Vendor :STMicroelectronics X-CUBE-BLEMGR 4.1.0
2025-08-30 16:58:29,796 [INFO] ThirdParty:1030 - CMSIS Pack Vendor :STMicroelectronics X-CUBE-AZRTOS-WB 2.0.0
2025-08-30 16:58:29,796 [INFO] ThirdParty:1030 - CMSIS Pack Vendor :STMicroelectronics X-CUBE-ST60 1.0.0
2025-08-30 16:58:29,796 [INFO] ThirdParty:1030 - CMSIS Pack Vendor :STMicroelectronics X-CUBE-GNSS1 7.0.1
2025-08-30 16:58:29,796 [INFO] ThirdParty:1030 - CMSIS Pack Vendor :STMicroelectronics X-CUBE-NFC12 1.0.0
2025-08-30 16:58:29,796 [INFO] ThirdParty:1030 - CMSIS Pack Vendor :STMicroelectronics X-CUBE-AZRTOS-F7 1.1.0
2025-08-30 16:58:29,796 [INFO] ThirdParty:1030 - CMSIS Pack Vendor :STMicroelectronics X-CUBE-AZRTOS-L5 2.0.0
2025-08-30 16:58:29,796 [INFO] ThirdParty:1030 - CMSIS Pack Vendor :STMicroelectronics X-CUBE-TOUCHGFX 4.25.0
2025-08-30 16:58:29,796 [INFO] ThirdParty:1030 - CMSIS Pack Vendor :STMicroelectronics USB_DEVICE 2.0.0
2025-08-30 16:58:29,796 [INFO] ThirdParty:1030 - CMSIS Pack Vendor :STMicroelectronics X-CUBE-NFC6 3.1.0
2025-08-30 16:58:29,796 [INFO] ThirdParty:1030 - CMSIS Pack Vendor :STMicroelectronics X-CUBE-AI 10.1.0
2025-08-30 16:58:29,796 [INFO] ThirdParty:1030 - CMSIS Pack Vendor :STMicroelectronics FP-SNS-STBOX1 2.0.0
2025-08-30 16:58:29,796 [INFO] ThirdParty:1030 - CMSIS Pack Vendor :STMicroelectronics X-CUBE-MEMS1 11.2.0
2025-08-30 16:58:29,796 [INFO] ThirdParty:1030 - CMSIS Pack Vendor :STMicroelectronics FreeRTOS 0.0.1
2025-08-30 16:58:29,796 [INFO] ThirdParty:1030 - CMSIS Pack Vendor :STMicroelectronics X-CUBE-AZRTOS-G0 1.1.0
2025-08-30 16:58:29,796 [INFO] ThirdParty:1030 - CMSIS Pack Vendor :STMicroelectronics X-CUBE-SAFEA1 1.2.2
2025-08-30 16:58:29,796 [INFO] ThirdParty:1030 - CMSIS Pack Vendor :STMicroelectronics X-CUBE-NFC4 3.0.0
2025-08-30 16:58:29,796 [INFO] ThirdParty:1030 - CMSIS Pack Vendor :STMicroelectronics X-CUBE-SUBG2 5.0.0
2025-08-30 16:58:29,796 [INFO] ThirdParty:1030 - CMSIS Pack Vendor :STMicroelectronics X-CUBE-AZRTOS-H7RS 1.1.0
2025-08-30 16:58:29,796 [INFO] ThirdParty:1030 - CMSIS Pack Vendor :STMicroelectronics STM32_WPAN 1.0.0
2025-08-30 16:58:29,796 [INFO] ThirdParty:1030 - CMSIS Pack Vendor :EmbeddedOffice I-CUBE-FS-RTOS 1.0.1
2025-08-30 16:58:29,796 [INFO] ThirdParty:1030 - CMSIS Pack Vendor :STMicroelectronics lwIP 2.0.3
2025-08-30 16:58:29,796 [INFO] ThirdParty:1030 - CMSIS Pack Vendor :STMicroelectronics FP-SNS-FLIGHT1 5.0.2
2025-08-30 16:58:29,796 [INFO] ThirdParty:1030 - CMSIS Pack Vendor :Cesanta I-CUBE-Mongoose 7.13.0
2025-08-30 16:58:29,796 [INFO] ThirdParty:1030 - CMSIS Pack Vendor :STMicroelectronics USB_HOST 1.0.0
2025-08-30 16:58:29,797 [INFO] ThirdParty:1030 - CMSIS Pack Vendor :Infineon AIROC-Wi-Fi-Bluetooth-STM32 1.7.0
2025-08-30 16:58:29,797 [INFO] ThirdParty:1030 - CMSIS Pack Vendor :STMicroelectronics X-CUBE-AZRTOS-G4 2.0.0
2025-08-30 16:58:29,797 [INFO] ThirdParty:1030 - CMSIS Pack Vendor :STMicroelectronics X-CUBE-WB05N 2.0.0
2025-08-30 16:58:29,797 [INFO] ThirdParty:1030 - CMSIS Pack Vendor :STMicroelectronics PDM2PCM 3.1.0
2025-08-30 16:58:29,797 [INFO] ThirdParty:1030 - CMSIS Pack Vendor :STMicroelectronics PDM2PCM 3.3.0
2025-08-30 16:58:29,797 [INFO] ThirdParty:1030 - CMSIS Pack Vendor :wolfSSL I-CUBE-wolfTPM 3.8.0
2025-08-30 16:58:29,797 [INFO] ThirdParty:1030 - CMSIS Pack Vendor :STMicroelectronics X-CUBE-AZRTOS-H7 3.4.0
2025-08-30 16:58:29,797 [INFO] ThirdParty:1030 - CMSIS Pack Vendor :STMicroelectronics X-CUBE-DISPLAY 3.0.0
2025-08-30 16:58:29,797 [INFO] ThirdParty:1030 - CMSIS Pack Vendor :wolfSSL I-CUBE-wolfSSH 1.4.20
2025-08-30 16:58:29,797 [INFO] ThirdParty:1030 - CMSIS Pack Vendor :STMicroelectronics X-CUBE-NFC7 2.0.0
2025-08-30 16:58:29,797 [INFO] ThirdParty:1030 - CMSIS Pack Vendor :STMicroelectronics X-CUBE-TCPP 4.2.0
2025-08-30 16:58:29,797 [INFO] ThirdParty:1030 - CMSIS Pack Vendor :RealThread X-CUBE-RT-Thread_Nano 4.1.1
2025-08-30 16:58:29,797 [INFO] ThirdParty:1030 - CMSIS Pack Vendor :STMicroelectronics FP-ATR-SIGFOX1 3.2.0
2025-08-30 16:58:29,797 [INFO] ThirdParty:1030 - CMSIS Pack Vendor :STMicroelectronics X-CUBE-NFC10 1.0.0
2025-08-30 16:58:29,797 [INFO] ThirdParty:1030 - CMSIS Pack Vendor :STMicroelectronics X-CUBE-BLEMGR 4.0.0
2025-08-30 16:58:29,797 [INFO] ThirdParty:1030 - CMSIS Pack Vendor :STMicroelectronics X-CUBE-EEPRMA1 5.1.0
2025-08-30 16:58:29,797 [INFO] ThirdParty:1030 - CMSIS Pack Vendor :STMicroelectronics X-CUBE-FREERTOS 1.3.1
2025-08-30 16:58:29,797 [INFO] ThirdParty:1030 - CMSIS Pack Vendor :STMicroelectronics HAL Drivers 0.0.0
2025-08-30 16:58:29,797 [INFO] ThirdParty:1030 - CMSIS Pack Vendor :STMicroelectronics MBEDTLS 2.16.2
2025-08-30 16:58:29,797 [INFO] ThirdParty:1030 - CMSIS Pack Vendor :STMicroelectronics X-CUBE-IPS 3.1.0
2025-08-30 16:58:29,797 [INFO] ThirdParty:1030 - CMSIS Pack Vendor :STMicroelectronics X-CUBE-ALS 1.0.2
2025-08-30 16:58:29,797 [INFO] ThirdParty:1030 - CMSIS Pack Vendor :emotas I-CUBE-CANOPEN 1.3.0
2025-08-30 16:58:29,797 [INFO] ThirdParty:1030 - CMSIS Pack Vendor :STMicroelectronics X-CUBE-FREERTOS 1.3.0
2025-08-30 16:58:29,797 [INFO] ThirdParty:1030 - CMSIS Pack Vendor :STMicroelectronics X-CUBE-NFC7 1.0.1
2025-08-30 16:58:29,797 [INFO] ThirdParty:1030 - CMSIS Pack Vendor :STMicroelectronics MBEDTLS 2.14.1
2025-08-30 16:58:29,797 [INFO] ThirdParty:1030 - CMSIS Pack Vendor :wolfSSL I-CUBE-wolfSSL 5.7.6
2025-08-30 16:58:29,797 [INFO] ThirdParty:1030 - CMSIS Pack Vendor :ITTIA_DB I-CUBE-ITTIADB 8.9.0
2025-08-30 16:58:29,797 [INFO] ThirdParty:1030 - CMSIS Pack Vendor :portGmbH I-Cube-SoM-uGOAL 1.1.0
2025-08-30 16:58:29,797 [INFO] ThirdParty:1030 - CMSIS Pack Vendor :quantropi X-CUBE-qispace-sdk-base 2.0.0
2025-08-30 16:58:29,797 [INFO] ThirdParty:1030 - CMSIS Pack Vendor :STMicroelectronics X-CUBE-AI 10.0.0
2025-08-30 16:58:29,797 [INFO] ThirdParty:1030 - CMSIS Pack Vendor :STMicroelectronics X-CUBE-ST67W61 1.0.0
2025-08-30 16:58:29,797 [INFO] ThirdParty:1030 - CMSIS Pack Vendor :STMicroelectronics FP-SNS-STBOX1 2.1.0
2025-08-30 16:58:29,797 [INFO] ThirdParty:1030 - CMSIS Pack Vendor :STMicroelectronics X-CUBE-AI 10.2.0
2025-08-30 16:58:29,797 [INFO] ThirdParty:1030 - CMSIS Pack Vendor :STMicroelectronics FP-SNS-STAIOTCFT 1.0.0
2025-08-30 16:58:29,797 [INFO] ThirdParty:1030 - CMSIS Pack Vendor :STMicroelectronics ThreadX 1.0.0
2025-08-30 16:58:29,797 [INFO] ThirdParty:1030 - CMSIS Pack Vendor :STMicroelectronics FP-SNS-SMARTAG2 1.2.0
2025-08-30 16:58:29,797 [INFO] ThirdParty:1030 - CMSIS Pack Vendor :STMicroelectronics FP-SNS-FLIGHT1 5.1.0
2025-08-30 16:58:29,797 [INFO] ThirdParty:1030 - CMSIS Pack Vendor :STMicroelectronics X-CUBE-AZRTOS-WL 2.0.0
2025-08-30 16:58:29,797 [INFO] ThirdParty:1030 - CMSIS Pack Vendor :SEGGER I-CUBE-embOS 1.3.1
2025-08-30 16:58:29,797 [INFO] ThirdParty:1030 - CMSIS Pack Vendor :STMicroelectronics X-CUBE-ALGOBUILD 1.4.0
2025-08-30 16:58:29,797 [INFO] ThirdParty:1030 - CMSIS Pack Vendor :STMicroelectronics X-CUBE-DPower 1.3.0
2025-08-30 16:58:29,797 [INFO] ThirdParty:1030 - CMSIS Pack Vendor :STMicroelectronics X-CUBE-MEMS1 11.3.0
2025-08-30 16:58:29,797 [INFO] ThirdParty:1030 - CMSIS Pack Vendor :STMicroelectronics FP-SNS-MOTENV1 5.0.0
2025-08-30 16:58:29,797 [INFO] ThirdParty:1030 - CMSIS Pack Vendor :STMicroelectronics USB_DEVICE 1.0.0
2025-08-30 16:58:29,798 [INFO] ThirdParty:1030 - CMSIS Pack Vendor :STMicroelectronics X-CUBE-AZRTOS-L4 2.0.0
2025-08-30 16:58:29,798 [INFO] ThirdParty:1030 - CMSIS Pack Vendor :STMicroelectronics ThreadX 0.0.2
2025-08-30 16:58:29,798 [INFO] ThirdParty:1030 - CMSIS Pack Vendor :WES I-CUBE-Cesium 1.3.0
2025-08-30 16:58:29,798 [INFO] ThirdParty:1030 - CMSIS Pack Vendor :STMicroelectronics lwIP 2.1.2
2025-08-30 16:58:29,798 [INFO] ThirdParty:1030 - CMSIS Pack Vendor :STMicroelectronics X-CUBE-SFXS2LP1 4.0.0
2025-08-30 16:58:29,798 [INFO] ThirdParty:1030 - CMSIS Pack Vendor :STMicroelectronics X-CUBE-BLE2 3.3.0
2025-08-30 16:58:29,798 [INFO] ThirdParty:1030 - CMSIS Pack Vendor :STMicroelectronics X-CUBE-TOF1 3.4.3
2025-08-30 16:58:29,798 [INFO] ThirdParty:1030 - CMSIS Pack Vendor :STMicroelectronics PDM2PCM 3.2.0
2025-08-30 16:58:29,798 [INFO] ThirdParty:841 - exiting critical section [change project]
2025-08-30 16:58:30,232 [INFO] PinOutPanel:1589 - setPackage(No Configuration,No Configuration)
2025-08-30 16:58:30,233 [INFO] PinOutPanel:1589 - setPackage(STM32H755ZITx,LQFP144)
2025-08-30 16:58:30,635 [INFO] UtilMem:75 - Before build in PCC Used Memory: 935513152 Bytes (1073741824)
2025-08-30 16:58:30,926 [INFO] UtilMem:75 - After build in PCC Used Memory: 722635392 Bytes (1073741824)
2025-08-30 16:58:30,932 [INFO] ApiDbMcu:532 - Load IP Config File for FREERTOS_M7
2025-08-30 16:58:30,950 [INFO] IPUIPlugin:80 - create IPUIPlugin
2025-08-30 16:58:30,950 [INFO] IPUIPlugin:80 - create IPUIPlugin
2025-08-30 16:58:30,951 [INFO] IPUIPlugin:80 - create IPUIPlugin
2025-08-30 16:58:30,951 [INFO] IPUIPlugin:80 - create IPUIPlugin
2025-08-30 16:58:30,951 [INFO] IPUIPlugin:80 - create IPUIPlugin
2025-08-30 16:58:30,951 [INFO] IPUIPlugin:80 - create IPUIPlugin
2025-08-30 16:58:30,951 [INFO] IPUIPlugin:80 - create IPUIPlugin
2025-08-30 16:58:30,951 [INFO] IPUIPlugin:80 - create IPUIPlugin
2025-08-30 16:58:30,951 [INFO] IPUIPlugin:80 - create IPUIPlugin
2025-08-30 16:58:30,951 [INFO] IPUIPlugin:80 - create IPUIPlugin
2025-08-30 16:58:30,951 [INFO] IPUIPlugin:80 - create IPUIPlugin
2025-08-30 16:58:30,952 [INFO] IPUIPlugin:80 - create IPUIPlugin
2025-08-30 16:58:30,952 [INFO] IPUIPlugin:80 - create IPUIPlugin
2025-08-30 16:58:30,952 [INFO] IPUIPlugin:80 - create IPUIPlugin
2025-08-30 16:58:30,952 [INFO] IPUIPlugin:80 - create IPUIPlugin
2025-08-30 16:58:30,952 [INFO] IPUIPlugin:80 - create IPUIPlugin
2025-08-30 16:58:30,952 [INFO] IPUIPlugin:80 - create IPUIPlugin
2025-08-30 16:58:30,952 [INFO] IPUIPlugin:80 - create IPUIPlugin
2025-08-30 16:58:30,952 [INFO] IPUIPlugin:80 - create IPUIPlugin
2025-08-30 16:58:30,952 [INFO] IPUIPlugin:80 - create IPUIPlugin
2025-08-30 16:58:30,952 [INFO] IPUIPlugin:80 - create IPUIPlugin
2025-08-30 16:58:30,952 [INFO] IPUIPlugin:80 - create IPUIPlugin
2025-08-30 16:58:30,952 [INFO] IPUIPlugin:80 - create IPUIPlugin
2025-08-30 16:58:30,952 [INFO] IPUIPlugin:80 - create IPUIPlugin
2025-08-30 16:58:30,952 [INFO] IPUIPlugin:80 - create IPUIPlugin
2025-08-30 16:58:30,952 [INFO] IPUIPlugin:80 - create IPUIPlugin
2025-08-30 16:58:30,952 [INFO] IPUIPlugin:80 - create IPUIPlugin
2025-08-30 16:58:30,952 [INFO] IPUIPlugin:80 - create IPUIPlugin
2025-08-30 16:58:30,953 [INFO] IPUIPlugin:80 - create IPUIPlugin
2025-08-30 16:58:30,953 [INFO] IPUIPlugin:80 - create IPUIPlugin
2025-08-30 16:58:30,953 [INFO] IPUIPlugin:80 - create IPUIPlugin
2025-08-30 16:58:30,953 [INFO] IPUIPlugin:80 - create IPUIPlugin
2025-08-30 16:58:30,953 [INFO] IPUIPlugin:80 - create IPUIPlugin
2025-08-30 16:58:30,953 [INFO] IPUIPlugin:80 - create IPUIPlugin
2025-08-30 16:58:30,953 [INFO] IPUIPlugin:80 - create IPUIPlugin
2025-08-30 16:58:30,953 [INFO] IPUIPlugin:80 - create IPUIPlugin
2025-08-30 16:58:30,953 [INFO] IPUIPlugin:80 - create IPUIPlugin
2025-08-30 16:58:30,953 [INFO] IPUIPlugin:80 - create IPUIPlugin
2025-08-30 16:58:30,954 [INFO] IPUIPlugin:80 - create IPUIPlugin
2025-08-30 16:58:30,954 [INFO] IPUIPlugin:80 - create IPUIPlugin
2025-08-30 16:58:30,954 [INFO] IPUIPlugin:80 - create IPUIPlugin
2025-08-30 16:58:30,954 [INFO] IPUIPlugin:80 - create IPUIPlugin
2025-08-30 16:58:30,954 [INFO] IPUIPlugin:80 - create IPUIPlugin
2025-08-30 16:58:30,954 [INFO] IPUIPlugin:80 - create IPUIPlugin
2025-08-30 16:58:30,955 [INFO] IPUIPlugin:80 - create IPUIPlugin
2025-08-30 16:58:30,955 [INFO] IPUIPlugin:80 - create IPUIPlugin
2025-08-30 16:58:30,955 [INFO] IPUIPlugin:80 - create IPUIPlugin
2025-08-30 16:58:30,955 [INFO] IPUIPlugin:80 - create IPUIPlugin
2025-08-30 16:58:30,956 [INFO] IPUIPlugin:80 - create IPUIPlugin
2025-08-30 16:58:30,956 [INFO] IPUIPlugin:80 - create IPUIPlugin
2025-08-30 16:58:30,956 [INFO] IPUIPlugin:80 - create IPUIPlugin
2025-08-30 16:58:30,956 [INFO] IPUIPlugin:80 - create IPUIPlugin
2025-08-30 16:58:30,956 [INFO] IPUIPlugin:80 - create IPUIPlugin
2025-08-30 16:58:30,956 [INFO] IPUIPlugin:80 - create IPUIPlugin
2025-08-30 16:58:30,956 [INFO] IPUIPlugin:80 - create IPUIPlugin
2025-08-30 16:58:30,957 [INFO] IPUIPlugin:80 - create IPUIPlugin
2025-08-30 16:58:30,957 [INFO] IPUIPlugin:80 - create IPUIPlugin
2025-08-30 16:58:30,957 [INFO] IPUIPlugin:80 - create IPUIPlugin
2025-08-30 16:58:30,957 [INFO] IPUIPlugin:80 - create IPUIPlugin
2025-08-30 16:58:30,957 [INFO] IPUIPlugin:80 - create IPUIPlugin
2025-08-30 16:58:30,957 [INFO] IPUIPlugin:80 - create IPUIPlugin
2025-08-30 16:58:30,957 [INFO] IPUIPlugin:80 - create IPUIPlugin
2025-08-30 16:58:30,958 [INFO] IPUIPlugin:80 - create IPUIPlugin
2025-08-30 16:58:30,958 [INFO] IPUIPlugin:80 - create IPUIPlugin
2025-08-30 16:58:30,958 [INFO] IPUIPlugin:80 - create IPUIPlugin
2025-08-30 16:58:30,958 [INFO] IPUIPlugin:80 - create IPUIPlugin
2025-08-30 16:58:30,958 [INFO] IPUIPlugin:80 - create IPUIPlugin
2025-08-30 16:58:30,959 [INFO] IPUIPlugin:80 - create IPUIPlugin
2025-08-30 16:58:30,959 [INFO] IPUIPlugin:80 - create IPUIPlugin
2025-08-30 16:58:30,959 [INFO] IPUIPlugin:80 - create IPUIPlugin
2025-08-30 16:58:30,959 [INFO] IPUIPlugin:80 - create IPUIPlugin
2025-08-30 16:58:30,959 [INFO] IPUIPlugin:80 - create IPUIPlugin
2025-08-30 16:58:30,960 [INFO] IPUIPlugin:80 - create IPUIPlugin
2025-08-30 16:58:30,960 [INFO] IPUIPlugin:80 - create IPUIPlugin
2025-08-30 16:58:30,960 [INFO] IPUIPlugin:80 - create IPUIPlugin
2025-08-30 16:58:30,960 [INFO] IPUIPlugin:80 - create IPUIPlugin
2025-08-30 16:58:30,960 [INFO] IPUIPlugin:80 - create IPUIPlugin
2025-08-30 16:58:30,961 [INFO] IPUIPlugin:80 - create IPUIPlugin
2025-08-30 16:58:30,961 [INFO] IPUIPlugin:80 - create IPUIPlugin
2025-08-30 16:58:30,961 [INFO] IPUIPlugin:80 - create IPUIPlugin
2025-08-30 16:58:30,961 [INFO] IPUIPlugin:80 - create IPUIPlugin
2025-08-30 16:58:30,962 [INFO] IPUIPlugin:80 - create IPUIPlugin
2025-08-30 16:58:30,962 [INFO] IPUIPlugin:80 - create IPUIPlugin
2025-08-30 16:58:30,962 [INFO] IPUIPlugin:80 - create IPUIPlugin
2025-08-30 16:58:30,963 [INFO] IPUIPlugin:80 - create IPUIPlugin
2025-08-30 16:58:30,963 [INFO] IPUIPlugin:80 - create IPUIPlugin
2025-08-30 16:58:30,963 [INFO] IPUIPlugin:80 - create IPUIPlugin
2025-08-30 16:58:30,964 [INFO] IPUIPlugin:80 - create IPUIPlugin
2025-08-30 16:58:30,964 [INFO] IPUIPlugin:80 - create IPUIPlugin
2025-08-30 16:58:30,964 [INFO] IPUIPlugin:80 - create IPUIPlugin
2025-08-30 16:58:30,965 [INFO] IPUIPlugin:80 - create IPUIPlugin
2025-08-30 16:58:30,965 [INFO] IPUIPlugin:80 - create IPUIPlugin
2025-08-30 16:58:30,965 [INFO] IPUIPlugin:80 - create IPUIPlugin
2025-08-30 16:58:30,965 [INFO] IPUIPlugin:80 - create IPUIPlugin
2025-08-30 16:58:30,965 [INFO] IPUIPlugin:80 - create IPUIPlugin
2025-08-30 16:58:30,966 [INFO] IPUIPlugin:80 - create IPUIPlugin
2025-08-30 16:58:30,966 [INFO] IPUIPlugin:80 - create IPUIPlugin
2025-08-30 16:58:30,966 [INFO] IPUIPlugin:80 - create IPUIPlugin
2025-08-30 16:58:30,967 [INFO] IPUIPlugin:80 - create IPUIPlugin
2025-08-30 16:58:30,967 [INFO] IPUIPlugin:80 - create IPUIPlugin
2025-08-30 16:58:30,967 [INFO] IPUIPlugin:80 - create IPUIPlugin
2025-08-30 16:58:30,968 [INFO] IPUIPlugin:80 - create IPUIPlugin
2025-08-30 16:58:30,968 [INFO] IPUIPlugin:80 - create IPUIPlugin
2025-08-30 16:58:30,969 [INFO] IPUIPlugin:80 - create IPUIPlugin
2025-08-30 16:58:30,969 [INFO] IPUIPlugin:80 - create IPUIPlugin
2025-08-30 16:58:30,970 [INFO] IPUIPlugin:80 - create IPUIPlugin
2025-08-30 16:58:30,970 [INFO] IPUIPlugin:80 - create IPUIPlugin
2025-08-30 16:58:30,970 [INFO] IPUIPlugin:80 - create IPUIPlugin
2025-08-30 16:58:30,971 [INFO] IPUIPlugin:80 - create IPUIPlugin
2025-08-30 16:58:30,971 [INFO] IPUIPlugin:80 - create IPUIPlugin
2025-08-30 16:58:30,971 [INFO] IPUIPlugin:80 - create IPUIPlugin
2025-08-30 16:58:30,972 [INFO] IPUIPlugin:80 - create IPUIPlugin
2025-08-30 16:58:30,972 [INFO] IPUIPlugin:80 - create IPUIPlugin
2025-08-30 16:58:30,972 [INFO] IPUIPlugin:80 - create IPUIPlugin
2025-08-30 16:58:30,975 [INFO] ApiDbMcu:532 - Load IP Config File for PDM2PCM_M7
2025-08-30 16:58:30,977 [INFO] ApiDbMcu:532 - Load IP Config File for PDM2PCM_M4
2025-08-30 16:58:30,983 [WARN] FreeRTOS:1023 - Null or empty value: should not occur! (nothing added to the table)
2025-08-30 16:58:31,012 [INFO] CADModel:165 - CPN selected for project levelSTM32H755ZIT6
2025-08-30 16:58:31,012 [INFO] CADModel:114 - Register for checkConnection events
2025-08-30 16:58:31,015 [INFO] RtosManager:728 - Active RTOS found at IOC load: FREERTOS_M7 [CortexM7]
2025-08-30 16:58:31,070 [INFO] OpenFileManager:386 - Restore cursor
2025-08-30 16:58:34,970 [ERROR] RtosPanel:558 - Can not restore the selected Tab for FREERTOS(A reason can be that the tab is no more available.)
2025-08-30 16:58:46,553 [INFO] MainUpdater:2872 - connection check result : 10
2025-08-30 16:58:46,553 [INFO] MainUpdater:2872 - connection check result : 10
2025-08-30 16:58:46,561 [ERROR] IocParser:95 - Exception caught: Cannot invoke "java.lang.CharSequence.length()" because "this.text" is null
2025-08-30 16:58:46,587 [INFO] MicroXplorer:468 - Change Database Path : 
2025-08-30 16:58:46,587 [INFO] MicroXplorer:498 - Change Database Version : DB.6.0.150
2025-08-30 16:58:46,591 [ERROR] ProjectManagerView:395 - 
java.lang.NullPointerException: Cannot invoke "javax.swing.JTextField.getText()" because the return value of "java.util.List.get(int)" is null
	at com.st.microxplorer.plugins.projectmanager.gui.ProjectChoiceTab$9.caretUpdate(ProjectChoiceTab.java:2706) ~[filemanager.jar:?]
	at javax.swing.text.JTextComponent.fireCaretUpdate(JTextComponent.java:408) ~[?:?]
	at javax.swing.text.JTextComponent$MutableCaretEvent.fire(JTextComponent.java:4484) ~[?:?]
	at javax.swing.text.JTextComponent$MutableCaretEvent.stateChanged(JTextComponent.java:4506) ~[?:?]
	at javax.swing.text.DefaultCaret.fireStateChanged(DefaultCaret.java:857) ~[?:?]
	at javax.swing.text.DefaultCaret.changeCaretPosition(DefaultCaret.java:1343) ~[?:?]
	at javax.swing.text.DefaultCaret.handleSetDot(DefaultCaret.java:1242) ~[?:?]
	at javax.swing.text.DefaultCaret.setDot(DefaultCaret.java:1223) ~[?:?]
	at javax.swing.text.DefaultCaret$Handler.insertUpdate(DefaultCaret.java:1819) ~[?:?]
	at javax.swing.text.AbstractDocument.fireInsertUpdate(AbstractDocument.java:227) ~[?:?]
	at javax.swing.text.AbstractDocument.handleInsertString(AbstractDocument.java:781) ~[?:?]
	at javax.swing.text.AbstractDocument.insertString(AbstractDocument.java:740) ~[?:?]
	at javax.swing.text.PlainDocument.insertString(PlainDocument.java:131) ~[?:?]
	at javax.swing.text.AbstractDocument.replace(AbstractDocument.java:699) ~[?:?]
	at javax.swing.text.JTextComponent.setText(JTextComponent.java:1725) ~[?:?]
	at com.st.microxplorer.plugins.projectmanager.gui.ProjectChoiceTab.createHeapStackFields(ProjectChoiceTab.java:993) ~[filemanager.jar:?]
	at com.st.microxplorer.plugins.projectmanager.gui.ProjectChoiceTab.buildLinkSettingsPanel(ProjectChoiceTab.java:3813) ~[filemanager.jar:?]
	at com.st.microxplorer.plugins.projectmanager.gui.ProjectChoiceTab.defineWindowsFields(ProjectChoiceTab.java:1987) ~[filemanager.jar:?]
	at com.st.microxplorer.plugins.projectmanager.gui.ProjectChoiceTab.updateSettings(ProjectChoiceTab.java:558) ~[filemanager.jar:?]
	at com.st.microxplorer.plugins.projectmanager.gui.ProjectSettingsPanel.UpdateDialog(ProjectSettingsPanel.java:247) ~[filemanager.jar:?]
	at com.st.microxplorer.plugins.projectmanager.ProjectManagerView.propertyChange(ProjectManagerView.java:392) ~[filemanager.jar:?]
	at java.beans.PropertyChangeSupport.fire(PropertyChangeSupport.java:343) ~[?:?]
	at java.beans.PropertyChangeSupport.firePropertyChange(PropertyChangeSupport.java:335) ~[?:?]
	at java.beans.PropertyChangeSupport.firePropertyChange(PropertyChangeSupport.java:268) ~[?:?]
	at com.st.microxplorer.util.MXPropertyChangeSupport.firePropertyChange(MXPropertyChangeSupport.java:54) ~[STM32CubeMX.jar:?]
	at com.st.microxplorer.mxsystem.MxSystem.closeConfig(MxSystem.java:899) ~[STM32CubeMX.jar:?]
	at com.st.microxplorer.maingui.MainPanel.closeConfig(MainPanel.java:792) ~[STM32CubeMX.jar:?]
	at com.st.microxplorer.plugins.filemanager.engine.OpenFileManager.loadConfigurationFile(OpenFileManager.java:288) ~[filemanager.jar:?]
	at com.st.microxplorer.plugins.filemanager.engine.MainFileManager.userLoadConfig(MainFileManager.java:364) ~[filemanager.jar:?]
	at com.st.microxplorer.plugins.filemanager.engine.MainFileManager.userLoadConfig(MainFileManager.java:342) ~[filemanager.jar:?]
	at com.st.microxplorer.plugins.filemanager.FileManagerView.getSpecificTask(FileManagerView.java:264) ~[filemanager.jar:?]
	at com.st.stm32cube.common.mx.editor.CubeMxEditor.getMxTabbedPaneInstance(CubeMxEditor.java:1198) ~[com.st.stm32cube.common.mx_6.15.0.202507011659/:?]
	at com.st.stm32cube.common.mx.editor.CubeMxEditor$12$1.createSwingComponent(CubeMxEditor.java:1068) ~[com.st.stm32cube.common.mx_6.15.0.202507011659/:?]
	at com.st.stm32cube.common.mx.oss.core.awtswtbridge.EmbeddedSwingComposite.doComponentCreation(EmbeddedSwingComposite.java:492) ~[com.st.stm32cube.common.mx.oss_6.15.0.202507011659/:?]
	at com.st.stm32cube.common.mx.oss.core.awtswtbridge.EmbeddedSwingComposite$4.run(EmbeddedSwingComposite.java:291) ~[com.st.stm32cube.common.mx.oss_6.15.0.202507011659/:?]
	at com.st.stm32cube.common.mx.oss.core.awtswtbridge.AwtEnvironment$2.run(AwtEnvironment.java:166) ~[com.st.stm32cube.common.mx.oss_6.15.0.202507011659/:?]
	at java.awt.event.InvocationEvent.dispatch(InvocationEvent.java:318) ~[?:?]
	at java.awt.EventQueue.dispatchEventImpl(EventQueue.java:773) ~[?:?]
	at java.awt.EventQueue$4.run(EventQueue.java:720) ~[?:?]
	at java.awt.EventQueue$4.run(EventQueue.java:714) ~[?:?]
	at java.security.AccessController.doPrivileged(AccessController.java:400) ~[?:?]
	at java.security.ProtectionDomain$JavaSecurityAccessImpl.doIntersectionPrivilege(ProtectionDomain.java:87) ~[?:?]
	at java.awt.EventQueue.dispatchEvent(EventQueue.java:742) ~[?:?]
	at java.awt.EventDispatchThread.pumpOneEventForFilters(EventDispatchThread.java:203) ~[?:?]
	at java.awt.EventDispatchThread.pumpEventsForFilter(EventDispatchThread.java:124) ~[?:?]
	at java.awt.EventDispatchThread.pumpEventsForHierarchy(EventDispatchThread.java:113) ~[?:?]
	at java.awt.EventDispatchThread.pumpEvents(EventDispatchThread.java:109) ~[?:?]
	at java.awt.EventDispatchThread.pumpEvents(EventDispatchThread.java:101) ~[?:?]
	at java.awt.EventDispatchThread.run(EventDispatchThread.java:90) ~[?:?]
2025-08-30 16:58:46,593 [WARN] ThirdParty:871 - waiting for thirdparty lock release [close project]
2025-08-30 16:58:46,593 [INFO] ThirdParty:873 - entering critical section [close project]
2025-08-30 16:58:46,593 [INFO] ThirdParty:883 - exiting critical section [close project]
2025-08-30 16:58:46,594 [INFO] PinOutPanel:1589 - setPackage(No Configuration,No Configuration)
2025-08-30 16:58:46,597 [WARN] IpParametersView:155 - Warning: This peripheral hasn't parameters
2025-08-30 16:58:46,600 [WARN] MainPanel:289 - <html><b><center>Warning: This peripheral has no parameters to be configured<br></b></html>
2025-08-30 16:58:46,603 [WARN] IpParametersView:155 - Warning: This peripheral hasn't parameters
2025-08-30 16:58:46,606 [WARN] MainPanel:289 - <html><b><center>Warning: This peripheral has no parameters to be configured<br></b></html>
2025-08-30 16:58:46,608 [INFO] UtilMem:75 - Begin LoadConfig() Used Memory: 742435080 Bytes (1073741824)
2025-08-30 16:58:46,609 [INFO] MicroXplorer:468 - Change Database Path : 
2025-08-30 16:58:46,609 [INFO] MicroXplorer:498 - Change Database Version : DB.6.0.150
2025-08-30 16:58:46,609 [INFO] OpenFileManager:355 - Change cursor
2025-08-30 16:58:46,614 [INFO] Mcu:2029 - Initializing MCU STM32H755ZITx STM32H755ZITx STM32H755ZIT6
2025-08-30 16:58:48,288 [INFO] Context:786 - Trying to add GPIOservice into a context  which must be forbidden
2025-08-30 16:58:48,288 [INFO] Context:786 - Trying to add GPIOservice into a context  which must be forbidden
2025-08-30 16:58:49,073 [INFO] ApiDbMcu:532 - Load IP Config File for NUCLEO-H755ZI-Q
2025-08-30 16:58:49,220 [INFO] Context:786 - Trying to add GPIOservice into a context  which must be forbidden
2025-08-30 16:58:49,226 [INFO] Context:786 - Trying to add GPIOservice into a context  which must be forbidden
2025-08-30 16:58:49,232 [INFO] ImportTextPane:234 - (OptionalMessage_ERROR) Pin59 (VP_RIF_VS_RIF1) cannot be retrieved for this MCU
2025-08-30 16:58:49,240 [INFO] ImportTextPane:234 - (OptionalMessage_ERROR) Unable to find key (Mcu.IP20) in loaded IOC file
2025-08-30 16:58:49,240 [INFO] ImportTextPane:234 - (OptionalMessage_ERROR) Unknown IP (dummy)
2025-08-30 16:58:49,380 [INFO] RtosManager:558 - Registered RTOS mode: class=CMSIS, group=RTOS, mode=CMSIS_V1, owner=FREERTOS_M7
2025-08-30 16:58:49,380 [INFO] RtosManager:558 - Registered RTOS mode: class=CMSIS, group=RTOS2, mode=CMSIS_V2, owner=FREERTOS_M7
2025-08-30 16:58:49,380 [INFO] RtosManager:558 - Registered RTOS mode: class=RTOS, group=Core, mode=CMSIS_V1, owner=FREERTOS_M7
2025-08-30 16:58:49,380 [INFO] RtosManager:558 - Registered RTOS mode: class=RTOS, group=Core, mode=CMSIS_V2, owner=FREERTOS_M7
2025-08-30 16:58:49,380 [WARN] ModelIntegratedComponent:184 - Missing modes for component STMicroelectronics:FreeRTOS:0.0.1:STMicroelectronics:RTOS:FreeRTOS:Core:::10.2.0:
2025-08-30 16:58:49,389 [WARN] ModelIntegratedComponent:63 - No mode defined for component null
2025-08-30 16:58:49,389 [WARN] ModelIntegratedComponent:63 - No mode defined for component null
2025-08-30 16:58:49,389 [WARN] ModelIntegratedComponent:63 - No mode defined for component null
2025-08-30 16:58:49,389 [WARN] ModelIntegratedComponent:63 - No mode defined for component null
2025-08-30 16:58:49,389 [WARN] ModelIntegratedComponent:63 - No mode defined for component null
2025-08-30 16:58:49,389 [WARN] ModelIntegratedComponent:63 - No mode defined for component null
2025-08-30 16:58:49,389 [WARN] ModelIntegratedComponent:63 - No mode defined for component null
2025-08-30 16:58:49,389 [WARN] ModelIntegratedComponent:63 - No mode defined for component null
2025-08-30 16:58:49,389 [WARN] ModelIntegratedComponent:63 - No mode defined for component null
2025-08-30 16:58:49,389 [WARN] ModelIntegratedComponent:63 - No mode defined for component null
2025-08-30 16:58:49,389 [WARN] ModelIntegratedComponent:63 - No mode defined for component null
2025-08-30 16:58:49,389 [WARN] ModelIntegratedComponent:63 - No mode defined for component null
2025-08-30 16:58:49,389 [WARN] ModelIntegratedComponent:63 - No mode defined for component null
2025-08-30 16:58:49,389 [WARN] ModelIntegratedComponent:63 - No mode defined for component null
2025-08-30 16:58:49,389 [WARN] ModelIntegratedComponent:63 - No mode defined for component null
2025-08-30 16:58:49,389 [WARN] ModelIntegratedComponent:63 - No mode defined for component null
2025-08-30 16:58:49,389 [WARN] ModelIntegratedComponent:63 - No mode defined for component null
2025-08-30 16:58:49,389 [WARN] ModelIntegratedComponent:63 - No mode defined for component null
2025-08-30 16:58:49,389 [WARN] ModelIntegratedComponent:63 - No mode defined for component null
2025-08-30 16:58:49,389 [WARN] ModelIntegratedComponent:63 - No mode defined for component null
2025-08-30 16:58:49,389 [WARN] ModelIntegratedComponent:63 - No mode defined for component null
2025-08-30 16:58:49,389 [WARN] ModelIntegratedComponent:63 - No mode defined for component null
2025-08-30 16:58:49,389 [WARN] ModelIntegratedComponent:63 - No mode defined for component null
2025-08-30 16:58:49,389 [WARN] ModelIntegratedComponent:63 - No mode defined for component null
2025-08-30 16:58:49,389 [WARN] ModelIntegratedComponent:63 - No mode defined for component null
2025-08-30 16:58:49,389 [WARN] ModelIntegratedComponent:63 - No mode defined for component null
2025-08-30 16:58:49,389 [WARN] ModelIntegratedComponent:63 - No mode defined for component null
2025-08-30 16:58:49,389 [WARN] ModelIntegratedComponent:63 - No mode defined for component null
2025-08-30 16:58:49,389 [WARN] ModelIntegratedComponent:63 - No mode defined for component null
2025-08-30 16:58:49,389 [WARN] ModelIntegratedComponent:63 - No mode defined for component null
2025-08-30 16:58:49,389 [WARN] ModelIntegratedComponent:63 - No mode defined for component null
2025-08-30 16:58:49,389 [WARN] ModelIntegratedComponent:63 - No mode defined for component null
2025-08-30 16:58:49,389 [WARN] ModelIntegratedComponent:63 - No mode defined for component null
2025-08-30 16:58:49,389 [WARN] ModelIntegratedComponent:63 - No mode defined for component null
2025-08-30 16:58:49,389 [WARN] ModelIntegratedComponent:63 - No mode defined for component null
2025-08-30 16:58:49,389 [WARN] ModelPack:524 - Component already loaded: STMicroelectronics:HAL Drivers:0.0.0:STMicroelectronics:Device:STMicro_Driver:XSPI:HAL::0.0.1:HAL_XSPI
2025-08-30 16:58:49,489 [INFO] RtosManager:558 - Registered RTOS mode: class=CMSIS, group=RTOS, mode=CMSIS_V1, owner=FREERTOS_M4
2025-08-30 16:58:49,489 [INFO] RtosManager:558 - Registered RTOS mode: class=CMSIS, group=RTOS2, mode=CMSIS_V2, owner=FREERTOS_M4
2025-08-30 16:58:49,489 [INFO] RtosManager:558 - Registered RTOS mode: class=RTOS, group=Core, mode=CMSIS_V1, owner=FREERTOS_M4
2025-08-30 16:58:49,489 [INFO] RtosManager:558 - Registered RTOS mode: class=RTOS, group=Core, mode=CMSIS_V2, owner=FREERTOS_M4
2025-08-30 16:58:49,489 [WARN] ModelIntegratedComponent:184 - Missing modes for component STMicroelectronics:FreeRTOS:0.0.1:STMicroelectronics:RTOS:FreeRTOS:Core:::10.2.0:
2025-08-30 16:58:49,497 [WARN] ModelIntegratedComponent:63 - No mode defined for component null
2025-08-30 16:58:49,497 [WARN] ModelIntegratedComponent:63 - No mode defined for component null
2025-08-30 16:58:49,497 [WARN] ModelIntegratedComponent:63 - No mode defined for component null
2025-08-30 16:58:49,497 [WARN] ModelIntegratedComponent:63 - No mode defined for component null
2025-08-30 16:58:49,497 [WARN] ModelIntegratedComponent:63 - No mode defined for component null
2025-08-30 16:58:49,497 [WARN] ModelIntegratedComponent:63 - No mode defined for component null
2025-08-30 16:58:49,497 [WARN] ModelIntegratedComponent:63 - No mode defined for component null
2025-08-30 16:58:49,497 [WARN] ModelIntegratedComponent:63 - No mode defined for component null
2025-08-30 16:58:49,497 [WARN] ModelIntegratedComponent:63 - No mode defined for component null
2025-08-30 16:58:49,497 [WARN] ModelIntegratedComponent:63 - No mode defined for component null
2025-08-30 16:58:49,497 [WARN] ModelIntegratedComponent:63 - No mode defined for component null
2025-08-30 16:58:49,497 [WARN] ModelIntegratedComponent:63 - No mode defined for component null
2025-08-30 16:58:49,497 [WARN] ModelIntegratedComponent:63 - No mode defined for component null
2025-08-30 16:58:49,497 [WARN] ModelIntegratedComponent:63 - No mode defined for component null
2025-08-30 16:58:49,497 [WARN] ModelIntegratedComponent:63 - No mode defined for component null
2025-08-30 16:58:49,497 [WARN] ModelIntegratedComponent:63 - No mode defined for component null
2025-08-30 16:58:49,498 [WARN] ModelIntegratedComponent:63 - No mode defined for component null
2025-08-30 16:58:49,498 [WARN] ModelIntegratedComponent:63 - No mode defined for component null
2025-08-30 16:58:49,498 [WARN] ModelIntegratedComponent:63 - No mode defined for component null
2025-08-30 16:58:49,498 [WARN] ModelIntegratedComponent:63 - No mode defined for component null
2025-08-30 16:58:49,498 [WARN] ModelIntegratedComponent:63 - No mode defined for component null
2025-08-30 16:58:49,498 [WARN] ModelIntegratedComponent:63 - No mode defined for component null
2025-08-30 16:58:49,498 [WARN] ModelIntegratedComponent:63 - No mode defined for component null
2025-08-30 16:58:49,498 [WARN] ModelIntegratedComponent:63 - No mode defined for component null
2025-08-30 16:58:49,498 [WARN] ModelIntegratedComponent:63 - No mode defined for component null
2025-08-30 16:58:49,498 [WARN] ModelIntegratedComponent:63 - No mode defined for component null
2025-08-30 16:58:49,498 [WARN] ModelIntegratedComponent:63 - No mode defined for component null
2025-08-30 16:58:49,498 [WARN] ModelIntegratedComponent:63 - No mode defined for component null
2025-08-30 16:58:49,498 [WARN] ModelIntegratedComponent:63 - No mode defined for component null
2025-08-30 16:58:49,498 [WARN] ModelIntegratedComponent:63 - No mode defined for component null
2025-08-30 16:58:49,498 [WARN] ModelIntegratedComponent:63 - No mode defined for component null
2025-08-30 16:58:49,498 [WARN] ModelIntegratedComponent:63 - No mode defined for component null
2025-08-30 16:58:49,498 [WARN] ModelIntegratedComponent:63 - No mode defined for component null
2025-08-30 16:58:49,498 [WARN] ModelIntegratedComponent:63 - No mode defined for component null
2025-08-30 16:58:49,498 [WARN] ModelIntegratedComponent:63 - No mode defined for component null
2025-08-30 16:58:49,498 [WARN] ModelPack:524 - Component already loaded: STMicroelectronics:HAL Drivers:0.0.0:STMicroelectronics:Device:STMicro_Driver:XSPI:HAL::0.0.1:HAL_XSPI
2025-08-30 16:58:49,575 [INFO] ThirdPartyModel:298 - Start build external matchings
2025-08-30 16:58:50,053 [INFO] ThirdPartyModel:316 - End build external matchings
2025-08-30 16:58:50,068 [INFO] ThirdPartyModel:298 - Start build external matchings
2025-08-30 16:58:50,500 [INFO] ThirdPartyModel:316 - End build external matchings
2025-08-30 16:58:50,510 [INFO] RtosManager:1018 - Current active RTOS is FREERTOS_M4 [CortexM4]
2025-08-30 16:58:50,511 [INFO] RtosManager:1018 - Current active RTOS is FREERTOS_M7 [CortexM7]
2025-08-30 16:58:50,529 [INFO] ImportTextPane:234 - (OptionalMessage_ERROR) IP (DMA) : Parameter (Instance) has Id (ADC3) currently not set
2025-08-30 16:58:50,529 [INFO] ImportTextPane:234 - (OptionalMessage_ERROR) IP (DMA) : Parameter (Request) has Id (ADC3) currently not set
2025-08-30 16:58:50,529 [INFO] ImportTextPane:234 - (OptionalMessage_ERROR) IP (DMA) : Parameter (Direction) has Id (ADC3) currently not set
2025-08-30 16:58:50,529 [INFO] ImportTextPane:234 - (OptionalMessage_ERROR) IP (DMA) : Parameter (PeriphInc) has Id (ADC3) currently not set
2025-08-30 16:58:50,529 [INFO] ImportTextPane:234 - (OptionalMessage_ERROR) IP (DMA) : Parameter (MemInc) has Id (ADC3) currently not set
2025-08-30 16:58:50,529 [INFO] ImportTextPane:234 - (OptionalMessage_ERROR) IP (DMA) : Parameter (PeriphDataAlignment) has Id (ADC3) currently not set
2025-08-30 16:58:50,529 [INFO] ImportTextPane:234 - (OptionalMessage_ERROR) IP (DMA) : Parameter (MemDataAlignment) has Id (ADC3) currently not set
2025-08-30 16:58:50,529 [INFO] ImportTextPane:234 - (OptionalMessage_ERROR) IP (DMA) : Parameter (Mode) has Id (ADC3) currently not set
2025-08-30 16:58:50,530 [INFO] ImportTextPane:234 - (OptionalMessage_ERROR) IP (DMA) : Parameter (Priority) has Id (ADC3) currently not set
2025-08-30 16:58:50,530 [INFO] ImportTextPane:234 - (OptionalMessage_ERROR) IP (DMA) : Parameter (FIFOMode) has Id (ADC3) currently not set
2025-08-30 16:58:50,530 [INFO] ImportTextPane:234 - (OptionalMessage_ERROR) IP (DMA) : Parameter (SignalID) has Id (ADC3) currently not set
2025-08-30 16:58:50,530 [INFO] ImportTextPane:234 - (OptionalMessage_ERROR) IP (DMA) : Parameter (Polarity) has Id (ADC3) currently not set
2025-08-30 16:58:50,530 [INFO] ImportTextPane:234 - (OptionalMessage_ERROR) IP (DMA) : Parameter (RequestNumber) has Id (ADC3) currently not set
2025-08-30 16:58:50,530 [INFO] ImportTextPane:234 - (OptionalMessage_ERROR) IP (DMA) : Parameter (SyncSignalID) has Id (ADC3) currently not set
2025-08-30 16:58:50,530 [INFO] ImportTextPane:234 - (OptionalMessage_ERROR) IP (DMA) : Parameter (SyncPolarity) has Id (ADC3) currently not set
2025-08-30 16:58:50,530 [INFO] ImportTextPane:234 - (OptionalMessage_ERROR) IP (DMA) : Parameter (SyncEnable) has Id (ADC3) currently not set
2025-08-30 16:58:50,530 [INFO] ImportTextPane:234 - (OptionalMessage_ERROR) IP (DMA) : Parameter (EventEnable) has Id (ADC3) currently not set
2025-08-30 16:58:50,530 [INFO] ImportTextPane:234 - (OptionalMessage_ERROR) IP (DMA) : Parameter (SyncRequestNumber) has Id (ADC3) currently not set
2025-08-30 16:58:50,761 [INFO] UtilMem:75 - End LoadConfig() Used Memory: 746268032 Bytes (1073741824)
2025-08-30 16:58:50,802 [WARN] ThirdParty:833 - waiting for thirdparty lock release [change project]
2025-08-30 16:58:50,803 [INFO] ThirdParty:835 - entering critical section [change project]
2025-08-30 16:58:50,803 [INFO] ThirdParty:1030 - CMSIS Pack Vendor :STMicroelectronics X-CUBE-PM33A1 1.0.0
2025-08-30 16:58:50,803 [INFO] ThirdParty:1030 - CMSIS Pack Vendor :STMicroelectronics USBPD 4.1
2025-08-30 16:58:50,803 [INFO] ThirdParty:1030 - CMSIS Pack Vendor :STMicroelectronics X-CUBE-AZRTOS-H7 3.3.0
2025-08-30 16:58:50,803 [INFO] ThirdParty:1030 - CMSIS Pack Vendor :STMicroelectronics X-CUBE-NFC9 1.0.0
2025-08-30 16:58:50,803 [INFO] ThirdParty:1030 - CMSIS Pack Vendor :STMicroelectronics USB_HOST 2.0.0
2025-08-30 16:58:50,803 [INFO] ThirdParty:1030 - CMSIS Pack Vendor :STMicroelectronics FP-SNS-MOTENVWB1 1.4.0
2025-08-30 16:58:50,803 [INFO] ThirdParty:1030 - CMSIS Pack Vendor :STMicroelectronics X-CUBE-AZRTOS-F4 1.1.0
2025-08-30 16:58:50,803 [INFO] ThirdParty:1030 - CMSIS Pack Vendor :STMicroelectronics LIBJPEG 8.0.0
2025-08-30 16:58:50,803 [INFO] ThirdParty:1030 - CMSIS Pack Vendor :STMicroelectronics FP-ATR-ASTRA1 2.0.2
2025-08-30 16:58:50,803 [INFO] ThirdParty:1030 - CMSIS Pack Vendor :STMicroelectronics FP-ATR-ASTRA1 2.0.1
2025-08-30 16:58:50,803 [INFO] ThirdParty:1030 - CMSIS Pack Vendor :STMicroelectronics X-CUBE-BLE1 7.1.0
2025-08-30 16:58:50,803 [INFO] ThirdParty:1030 - CMSIS Pack Vendor :Avnet-IotConnect X-CUBE-IoTC-DA16k-PMOD 1.0.0
2025-08-30 16:58:50,803 [INFO] ThirdParty:1030 - CMSIS Pack Vendor :STMicroelectronics X-CUBE-SMBUS 2.1.0
2025-08-30 16:58:50,803 [INFO] ThirdParty:1030 - CMSIS Pack Vendor :STMicroelectronics X-CUBE-WB05N 1.1.0
2025-08-30 16:58:50,803 [INFO] ThirdParty:1030 - CMSIS Pack Vendor :wolfSSL I-CUBE-wolfMQTT 1.19.2
2025-08-30 16:58:50,803 [INFO] ThirdParty:1030 - CMSIS Pack Vendor :STMicroelectronics USB_DEVICE 3.0.0
2025-08-30 16:58:50,803 [INFO] ThirdParty:1030 - CMSIS Pack Vendor :STMicroelectronics X-CUBE-ISPU 2.1.0
2025-08-30 16:58:50,803 [INFO] ThirdParty:1030 - CMSIS Pack Vendor :STMicroelectronics X-CUBE-EEPRMA1 5.2.0
2025-08-30 16:58:50,803 [INFO] ThirdParty:1030 - CMSIS Pack Vendor :STMicroelectronics X-CUBE-BLEMGR 4.1.0
2025-08-30 16:58:50,803 [INFO] ThirdParty:1030 - CMSIS Pack Vendor :STMicroelectronics X-CUBE-AZRTOS-WB 2.0.0
2025-08-30 16:58:50,803 [INFO] ThirdParty:1030 - CMSIS Pack Vendor :STMicroelectronics X-CUBE-ST60 1.0.0
2025-08-30 16:58:50,803 [INFO] ThirdParty:1030 - CMSIS Pack Vendor :STMicroelectronics X-CUBE-GNSS1 7.0.1
2025-08-30 16:58:50,803 [INFO] ThirdParty:1030 - CMSIS Pack Vendor :STMicroelectronics X-CUBE-NFC12 1.0.0
2025-08-30 16:58:50,803 [INFO] ThirdParty:1030 - CMSIS Pack Vendor :STMicroelectronics X-CUBE-AZRTOS-F7 1.1.0
2025-08-30 16:58:50,803 [INFO] ThirdParty:1030 - CMSIS Pack Vendor :STMicroelectronics X-CUBE-AZRTOS-L5 2.0.0
2025-08-30 16:58:50,803 [INFO] ThirdParty:1030 - CMSIS Pack Vendor :STMicroelectronics X-CUBE-TOUCHGFX 4.25.0
2025-08-30 16:58:50,803 [INFO] ThirdParty:1030 - CMSIS Pack Vendor :STMicroelectronics USB_DEVICE 2.0.0
2025-08-30 16:58:50,803 [INFO] ThirdParty:1030 - CMSIS Pack Vendor :STMicroelectronics X-CUBE-NFC6 3.1.0
2025-08-30 16:58:50,803 [INFO] ThirdParty:1030 - CMSIS Pack Vendor :STMicroelectronics X-CUBE-AI 10.1.0
2025-08-30 16:58:50,803 [INFO] ThirdParty:1030 - CMSIS Pack Vendor :STMicroelectronics FP-SNS-STBOX1 2.0.0
2025-08-30 16:58:50,803 [INFO] ThirdParty:1030 - CMSIS Pack Vendor :STMicroelectronics X-CUBE-MEMS1 11.2.0
2025-08-30 16:58:50,803 [INFO] ThirdParty:1030 - CMSIS Pack Vendor :STMicroelectronics FreeRTOS 0.0.1
2025-08-30 16:58:50,803 [INFO] ThirdParty:1030 - CMSIS Pack Vendor :STMicroelectronics X-CUBE-AZRTOS-G0 1.1.0
2025-08-30 16:58:50,803 [INFO] ThirdParty:1030 - CMSIS Pack Vendor :STMicroelectronics X-CUBE-SAFEA1 1.2.2
2025-08-30 16:58:50,803 [INFO] ThirdParty:1030 - CMSIS Pack Vendor :STMicroelectronics X-CUBE-NFC4 3.0.0
2025-08-30 16:58:50,803 [INFO] ThirdParty:1030 - CMSIS Pack Vendor :STMicroelectronics X-CUBE-SUBG2 5.0.0
2025-08-30 16:58:50,803 [INFO] ThirdParty:1030 - CMSIS Pack Vendor :STMicroelectronics X-CUBE-AZRTOS-H7RS 1.1.0
2025-08-30 16:58:50,803 [INFO] ThirdParty:1030 - CMSIS Pack Vendor :STMicroelectronics STM32_WPAN 1.0.0
2025-08-30 16:58:50,803 [INFO] ThirdParty:1030 - CMSIS Pack Vendor :EmbeddedOffice I-CUBE-FS-RTOS 1.0.1
2025-08-30 16:58:50,803 [INFO] ThirdParty:1030 - CMSIS Pack Vendor :STMicroelectronics lwIP 2.0.3
2025-08-30 16:58:50,803 [INFO] ThirdParty:1030 - CMSIS Pack Vendor :STMicroelectronics FP-SNS-FLIGHT1 5.0.2
2025-08-30 16:58:50,803 [INFO] ThirdParty:1030 - CMSIS Pack Vendor :Cesanta I-CUBE-Mongoose 7.13.0
2025-08-30 16:58:50,803 [INFO] ThirdParty:1030 - CMSIS Pack Vendor :STMicroelectronics USB_HOST 1.0.0
2025-08-30 16:58:50,803 [INFO] ThirdParty:1030 - CMSIS Pack Vendor :Infineon AIROC-Wi-Fi-Bluetooth-STM32 1.7.0
2025-08-30 16:58:50,803 [INFO] ThirdParty:1030 - CMSIS Pack Vendor :STMicroelectronics X-CUBE-AZRTOS-G4 2.0.0
2025-08-30 16:58:50,804 [INFO] ThirdParty:1030 - CMSIS Pack Vendor :STMicroelectronics X-CUBE-WB05N 2.0.0
2025-08-30 16:58:50,804 [INFO] ThirdParty:1030 - CMSIS Pack Vendor :STMicroelectronics PDM2PCM 3.1.0
2025-08-30 16:58:50,804 [INFO] ThirdParty:1030 - CMSIS Pack Vendor :STMicroelectronics PDM2PCM 3.3.0
2025-08-30 16:58:50,804 [INFO] ThirdParty:1030 - CMSIS Pack Vendor :wolfSSL I-CUBE-wolfTPM 3.8.0
2025-08-30 16:58:50,804 [INFO] ThirdParty:1030 - CMSIS Pack Vendor :STMicroelectronics X-CUBE-AZRTOS-H7 3.4.0
2025-08-30 16:58:50,804 [INFO] ThirdParty:1030 - CMSIS Pack Vendor :STMicroelectronics X-CUBE-DISPLAY 3.0.0
2025-08-30 16:58:50,804 [INFO] ThirdParty:1030 - CMSIS Pack Vendor :wolfSSL I-CUBE-wolfSSH 1.4.20
2025-08-30 16:58:50,804 [INFO] ThirdParty:1030 - CMSIS Pack Vendor :STMicroelectronics X-CUBE-NFC7 2.0.0
2025-08-30 16:58:50,804 [INFO] ThirdParty:1030 - CMSIS Pack Vendor :STMicroelectronics X-CUBE-TCPP 4.2.0
2025-08-30 16:58:50,804 [INFO] ThirdParty:1030 - CMSIS Pack Vendor :RealThread X-CUBE-RT-Thread_Nano 4.1.1
2025-08-30 16:58:50,804 [INFO] ThirdParty:1030 - CMSIS Pack Vendor :STMicroelectronics FP-ATR-SIGFOX1 3.2.0
2025-08-30 16:58:50,804 [INFO] ThirdParty:1030 - CMSIS Pack Vendor :STMicroelectronics X-CUBE-NFC10 1.0.0
2025-08-30 16:58:50,804 [INFO] ThirdParty:1030 - CMSIS Pack Vendor :STMicroelectronics X-CUBE-BLEMGR 4.0.0
2025-08-30 16:58:50,804 [INFO] ThirdParty:1030 - CMSIS Pack Vendor :STMicroelectronics X-CUBE-EEPRMA1 5.1.0
2025-08-30 16:58:50,804 [INFO] ThirdParty:1030 - CMSIS Pack Vendor :STMicroelectronics X-CUBE-FREERTOS 1.3.1
2025-08-30 16:58:50,804 [INFO] ThirdParty:1030 - CMSIS Pack Vendor :STMicroelectronics HAL Drivers 0.0.0
2025-08-30 16:58:50,804 [INFO] ThirdParty:1030 - CMSIS Pack Vendor :STMicroelectronics MBEDTLS 2.16.2
2025-08-30 16:58:50,804 [INFO] ThirdParty:1030 - CMSIS Pack Vendor :STMicroelectronics X-CUBE-IPS 3.1.0
2025-08-30 16:58:50,804 [INFO] ThirdParty:1030 - CMSIS Pack Vendor :STMicroelectronics X-CUBE-ALS 1.0.2
2025-08-30 16:58:50,804 [INFO] ThirdParty:1030 - CMSIS Pack Vendor :emotas I-CUBE-CANOPEN 1.3.0
2025-08-30 16:58:50,804 [INFO] ThirdParty:1030 - CMSIS Pack Vendor :STMicroelectronics X-CUBE-FREERTOS 1.3.0
2025-08-30 16:58:50,804 [INFO] ThirdParty:1030 - CMSIS Pack Vendor :STMicroelectronics X-CUBE-NFC7 1.0.1
2025-08-30 16:58:50,804 [INFO] ThirdParty:1030 - CMSIS Pack Vendor :STMicroelectronics MBEDTLS 2.14.1
2025-08-30 16:58:50,804 [INFO] ThirdParty:1030 - CMSIS Pack Vendor :wolfSSL I-CUBE-wolfSSL 5.7.6
2025-08-30 16:58:50,804 [INFO] ThirdParty:1030 - CMSIS Pack Vendor :ITTIA_DB I-CUBE-ITTIADB 8.9.0
2025-08-30 16:58:50,804 [INFO] ThirdParty:1030 - CMSIS Pack Vendor :portGmbH I-Cube-SoM-uGOAL 1.1.0
2025-08-30 16:58:50,804 [INFO] ThirdParty:1030 - CMSIS Pack Vendor :quantropi X-CUBE-qispace-sdk-base 2.0.0
2025-08-30 16:58:50,804 [INFO] ThirdParty:1030 - CMSIS Pack Vendor :STMicroelectronics X-CUBE-AI 10.0.0
2025-08-30 16:58:50,804 [INFO] ThirdParty:1030 - CMSIS Pack Vendor :STMicroelectronics X-CUBE-ST67W61 1.0.0
2025-08-30 16:58:50,804 [INFO] ThirdParty:1030 - CMSIS Pack Vendor :STMicroelectronics FP-SNS-STBOX1 2.1.0
2025-08-30 16:58:50,804 [INFO] ThirdParty:1030 - CMSIS Pack Vendor :STMicroelectronics X-CUBE-AI 10.2.0
2025-08-30 16:58:50,804 [INFO] ThirdParty:1030 - CMSIS Pack Vendor :STMicroelectronics FP-SNS-STAIOTCFT 1.0.0
2025-08-30 16:58:50,804 [INFO] ThirdParty:1030 - CMSIS Pack Vendor :STMicroelectronics ThreadX 1.0.0
2025-08-30 16:58:50,804 [INFO] ThirdParty:1030 - CMSIS Pack Vendor :STMicroelectronics FP-SNS-SMARTAG2 1.2.0
2025-08-30 16:58:50,804 [INFO] ThirdParty:1030 - CMSIS Pack Vendor :STMicroelectronics FP-SNS-FLIGHT1 5.1.0
2025-08-30 16:58:50,804 [INFO] ThirdParty:1030 - CMSIS Pack Vendor :STMicroelectronics X-CUBE-AZRTOS-WL 2.0.0
2025-08-30 16:58:50,804 [INFO] ThirdParty:1030 - CMSIS Pack Vendor :SEGGER I-CUBE-embOS 1.3.1
2025-08-30 16:58:50,804 [INFO] ThirdParty:1030 - CMSIS Pack Vendor :STMicroelectronics X-CUBE-ALGOBUILD 1.4.0
2025-08-30 16:58:50,804 [INFO] ThirdParty:1030 - CMSIS Pack Vendor :STMicroelectronics X-CUBE-DPower 1.3.0
2025-08-30 16:58:50,804 [INFO] ThirdParty:1030 - CMSIS Pack Vendor :STMicroelectronics X-CUBE-MEMS1 11.3.0
2025-08-30 16:58:50,804 [INFO] ThirdParty:1030 - CMSIS Pack Vendor :STMicroelectronics FP-SNS-MOTENV1 5.0.0
2025-08-30 16:58:50,804 [INFO] ThirdParty:1030 - CMSIS Pack Vendor :STMicroelectronics USB_DEVICE 1.0.0
2025-08-30 16:58:50,804 [INFO] ThirdParty:1030 - CMSIS Pack Vendor :STMicroelectronics X-CUBE-AZRTOS-L4 2.0.0
2025-08-30 16:58:50,804 [INFO] ThirdParty:1030 - CMSIS Pack Vendor :STMicroelectronics ThreadX 0.0.2
2025-08-30 16:58:50,804 [INFO] ThirdParty:1030 - CMSIS Pack Vendor :WES I-CUBE-Cesium 1.3.0
2025-08-30 16:58:50,804 [INFO] ThirdParty:1030 - CMSIS Pack Vendor :STMicroelectronics lwIP 2.1.2
2025-08-30 16:58:50,804 [INFO] ThirdParty:1030 - CMSIS Pack Vendor :STMicroelectronics X-CUBE-SFXS2LP1 4.0.0
2025-08-30 16:58:50,804 [INFO] ThirdParty:1030 - CMSIS Pack Vendor :STMicroelectronics X-CUBE-BLE2 3.3.0
2025-08-30 16:58:50,804 [INFO] ThirdParty:1030 - CMSIS Pack Vendor :STMicroelectronics X-CUBE-TOF1 3.4.3
2025-08-30 16:58:50,804 [INFO] ThirdParty:1030 - CMSIS Pack Vendor :STMicroelectronics PDM2PCM 3.2.0
2025-08-30 16:58:50,804 [INFO] ThirdParty:841 - exiting critical section [change project]
2025-08-30 16:58:51,303 [INFO] PinOutPanel:1589 - setPackage(No Configuration,No Configuration)
2025-08-30 16:58:51,303 [INFO] PinOutPanel:1589 - setPackage(STM32H755ZITx,LQFP144)
2025-08-30 16:58:51,764 [INFO] UtilMem:75 - Before build in PCC Used Memory: 715786480 Bytes (1073741824)
2025-08-30 16:58:52,166 [INFO] UtilMem:75 - After build in PCC Used Memory: 838469872 Bytes (1073741824)
2025-08-30 16:58:52,170 [INFO] ApiDbMcu:532 - Load IP Config File for FREERTOS_M4
2025-08-30 16:58:52,172 [INFO] ApiDbMcu:532 - Load IP Config File for FREERTOS_M7
2025-08-30 16:58:52,195 [INFO] IPUIPlugin:80 - create IPUIPlugin
2025-08-30 16:58:52,195 [INFO] IPUIPlugin:80 - create IPUIPlugin
2025-08-30 16:58:52,195 [INFO] IPUIPlugin:80 - create IPUIPlugin
2025-08-30 16:58:52,195 [INFO] IPUIPlugin:80 - create IPUIPlugin
2025-08-30 16:58:52,195 [INFO] IPUIPlugin:80 - create IPUIPlugin
2025-08-30 16:58:52,195 [INFO] IPUIPlugin:80 - create IPUIPlugin
2025-08-30 16:58:52,195 [INFO] IPUIPlugin:80 - create IPUIPlugin
2025-08-30 16:58:52,195 [INFO] IPUIPlugin:80 - create IPUIPlugin
2025-08-30 16:58:52,195 [INFO] IPUIPlugin:80 - create IPUIPlugin
2025-08-30 16:58:52,195 [INFO] IPUIPlugin:80 - create IPUIPlugin
2025-08-30 16:58:52,195 [INFO] IPUIPlugin:80 - create IPUIPlugin
2025-08-30 16:58:52,195 [INFO] IPUIPlugin:80 - create IPUIPlugin
2025-08-30 16:58:52,196 [INFO] IPUIPlugin:80 - create IPUIPlugin
2025-08-30 16:58:52,196 [INFO] IPUIPlugin:80 - create IPUIPlugin
2025-08-30 16:58:52,196 [INFO] IPUIPlugin:80 - create IPUIPlugin
2025-08-30 16:58:52,196 [INFO] IPUIPlugin:80 - create IPUIPlugin
2025-08-30 16:58:52,196 [INFO] IPUIPlugin:80 - create IPUIPlugin
2025-08-30 16:58:52,196 [INFO] IPUIPlugin:80 - create IPUIPlugin
2025-08-30 16:58:52,196 [INFO] IPUIPlugin:80 - create IPUIPlugin
2025-08-30 16:58:52,196 [INFO] IPUIPlugin:80 - create IPUIPlugin
2025-08-30 16:58:52,196 [INFO] IPUIPlugin:80 - create IPUIPlugin
2025-08-30 16:58:52,196 [INFO] IPUIPlugin:80 - create IPUIPlugin
2025-08-30 16:58:52,196 [INFO] IPUIPlugin:80 - create IPUIPlugin
2025-08-30 16:58:52,196 [INFO] IPUIPlugin:80 - create IPUIPlugin
2025-08-30 16:58:52,196 [INFO] IPUIPlugin:80 - create IPUIPlugin
2025-08-30 16:58:52,196 [INFO] IPUIPlugin:80 - create IPUIPlugin
2025-08-30 16:58:52,196 [INFO] IPUIPlugin:80 - create IPUIPlugin
2025-08-30 16:58:52,196 [INFO] IPUIPlugin:80 - create IPUIPlugin
2025-08-30 16:58:52,197 [INFO] IPUIPlugin:80 - create IPUIPlugin
2025-08-30 16:58:52,197 [INFO] IPUIPlugin:80 - create IPUIPlugin
2025-08-30 16:58:52,197 [INFO] IPUIPlugin:80 - create IPUIPlugin
2025-08-30 16:58:52,197 [INFO] IPUIPlugin:80 - create IPUIPlugin
2025-08-30 16:58:52,197 [INFO] IPUIPlugin:80 - create IPUIPlugin
2025-08-30 16:58:52,197 [INFO] IPUIPlugin:80 - create IPUIPlugin
2025-08-30 16:58:52,197 [INFO] IPUIPlugin:80 - create IPUIPlugin
2025-08-30 16:58:52,197 [INFO] IPUIPlugin:80 - create IPUIPlugin
2025-08-30 16:58:52,197 [INFO] IPUIPlugin:80 - create IPUIPlugin
2025-08-30 16:58:52,197 [INFO] IPUIPlugin:80 - create IPUIPlugin
2025-08-30 16:58:52,198 [INFO] IPUIPlugin:80 - create IPUIPlugin
2025-08-30 16:58:52,198 [INFO] IPUIPlugin:80 - create IPUIPlugin
2025-08-30 16:58:52,198 [INFO] IPUIPlugin:80 - create IPUIPlugin
2025-08-30 16:58:52,198 [INFO] IPUIPlugin:80 - create IPUIPlugin
2025-08-30 16:58:52,198 [INFO] IPUIPlugin:80 - create IPUIPlugin
2025-08-30 16:58:52,198 [INFO] IPUIPlugin:80 - create IPUIPlugin
2025-08-30 16:58:52,198 [INFO] IPUIPlugin:80 - create IPUIPlugin
2025-08-30 16:58:52,198 [INFO] IPUIPlugin:80 - create IPUIPlugin
2025-08-30 16:58:52,199 [INFO] IPUIPlugin:80 - create IPUIPlugin
2025-08-30 16:58:52,199 [INFO] IPUIPlugin:80 - create IPUIPlugin
2025-08-30 16:58:52,199 [INFO] IPUIPlugin:80 - create IPUIPlugin
2025-08-30 16:58:52,199 [INFO] IPUIPlugin:80 - create IPUIPlugin
2025-08-30 16:58:52,199 [INFO] IPUIPlugin:80 - create IPUIPlugin
2025-08-30 16:58:52,199 [INFO] IPUIPlugin:80 - create IPUIPlugin
2025-08-30 16:58:52,200 [INFO] IPUIPlugin:80 - create IPUIPlugin
2025-08-30 16:58:52,200 [INFO] IPUIPlugin:80 - create IPUIPlugin
2025-08-30 16:58:52,200 [INFO] IPUIPlugin:80 - create IPUIPlugin
2025-08-30 16:58:52,200 [INFO] IPUIPlugin:80 - create IPUIPlugin
2025-08-30 16:58:52,200 [INFO] IPUIPlugin:80 - create IPUIPlugin
2025-08-30 16:58:52,200 [INFO] IPUIPlugin:80 - create IPUIPlugin
2025-08-30 16:58:52,200 [INFO] IPUIPlugin:80 - create IPUIPlugin
2025-08-30 16:58:52,200 [INFO] IPUIPlugin:80 - create IPUIPlugin
2025-08-30 16:58:52,201 [INFO] IPUIPlugin:80 - create IPUIPlugin
2025-08-30 16:58:52,201 [INFO] IPUIPlugin:80 - create IPUIPlugin
2025-08-30 16:58:52,201 [INFO] IPUIPlugin:80 - create IPUIPlugin
2025-08-30 16:58:52,201 [INFO] IPUIPlugin:80 - create IPUIPlugin
2025-08-30 16:58:52,201 [INFO] IPUIPlugin:80 - create IPUIPlugin
2025-08-30 16:58:52,201 [INFO] IPUIPlugin:80 - create IPUIPlugin
2025-08-30 16:58:52,202 [INFO] IPUIPlugin:80 - create IPUIPlugin
2025-08-30 16:58:52,202 [INFO] IPUIPlugin:80 - create IPUIPlugin
2025-08-30 16:58:52,202 [INFO] IPUIPlugin:80 - create IPUIPlugin
2025-08-30 16:58:52,202 [INFO] IPUIPlugin:80 - create IPUIPlugin
2025-08-30 16:58:52,202 [INFO] IPUIPlugin:80 - create IPUIPlugin
2025-08-30 16:58:52,203 [INFO] IPUIPlugin:80 - create IPUIPlugin
2025-08-30 16:58:52,203 [INFO] IPUIPlugin:80 - create IPUIPlugin
2025-08-30 16:58:52,203 [INFO] IPUIPlugin:80 - create IPUIPlugin
2025-08-30 16:58:52,203 [INFO] IPUIPlugin:80 - create IPUIPlugin
2025-08-30 16:58:52,204 [INFO] IPUIPlugin:80 - create IPUIPlugin
2025-08-30 16:58:52,204 [INFO] IPUIPlugin:80 - create IPUIPlugin
2025-08-30 16:58:52,204 [INFO] IPUIPlugin:80 - create IPUIPlugin
2025-08-30 16:58:52,204 [INFO] IPUIPlugin:80 - create IPUIPlugin
2025-08-30 16:58:52,205 [INFO] IPUIPlugin:80 - create IPUIPlugin
2025-08-30 16:58:52,205 [INFO] IPUIPlugin:80 - create IPUIPlugin
2025-08-30 16:58:52,205 [INFO] IPUIPlugin:80 - create IPUIPlugin
2025-08-30 16:58:52,205 [INFO] IPUIPlugin:80 - create IPUIPlugin
2025-08-30 16:58:52,206 [INFO] IPUIPlugin:80 - create IPUIPlugin
2025-08-30 16:58:52,206 [INFO] IPUIPlugin:80 - create IPUIPlugin
2025-08-30 16:58:52,206 [INFO] IPUIPlugin:80 - create IPUIPlugin
2025-08-30 16:58:52,206 [INFO] IPUIPlugin:80 - create IPUIPlugin
2025-08-30 16:58:52,206 [INFO] IPUIPlugin:80 - create IPUIPlugin
2025-08-30 16:58:52,207 [INFO] IPUIPlugin:80 - create IPUIPlugin
2025-08-30 16:58:52,207 [INFO] IPUIPlugin:80 - create IPUIPlugin
2025-08-30 16:58:52,207 [INFO] IPUIPlugin:80 - create IPUIPlugin
2025-08-30 16:58:52,207 [INFO] IPUIPlugin:80 - create IPUIPlugin
2025-08-30 16:58:52,208 [INFO] IPUIPlugin:80 - create IPUIPlugin
2025-08-30 16:58:52,208 [INFO] IPUIPlugin:80 - create IPUIPlugin
2025-08-30 16:58:52,208 [INFO] IPUIPlugin:80 - create IPUIPlugin
2025-08-30 16:58:52,208 [INFO] IPUIPlugin:80 - create IPUIPlugin
2025-08-30 16:58:52,209 [INFO] IPUIPlugin:80 - create IPUIPlugin
2025-08-30 16:58:52,209 [INFO] IPUIPlugin:80 - create IPUIPlugin
2025-08-30 16:58:52,209 [INFO] IPUIPlugin:80 - create IPUIPlugin
2025-08-30 16:58:52,210 [INFO] IPUIPlugin:80 - create IPUIPlugin
2025-08-30 16:58:52,210 [INFO] IPUIPlugin:80 - create IPUIPlugin
2025-08-30 16:58:52,210 [INFO] IPUIPlugin:80 - create IPUIPlugin
2025-08-30 16:58:52,210 [INFO] IPUIPlugin:80 - create IPUIPlugin
2025-08-30 16:58:52,211 [INFO] IPUIPlugin:80 - create IPUIPlugin
2025-08-30 16:58:52,211 [INFO] IPUIPlugin:80 - create IPUIPlugin
2025-08-30 16:58:52,212 [INFO] IPUIPlugin:80 - create IPUIPlugin
2025-08-30 16:58:52,212 [INFO] IPUIPlugin:80 - create IPUIPlugin
2025-08-30 16:58:52,213 [INFO] IPUIPlugin:80 - create IPUIPlugin
2025-08-30 16:58:52,213 [INFO] IPUIPlugin:80 - create IPUIPlugin
2025-08-30 16:58:52,213 [INFO] IPUIPlugin:80 - create IPUIPlugin
2025-08-30 16:58:52,214 [INFO] IPUIPlugin:80 - create IPUIPlugin
2025-08-30 16:58:52,214 [INFO] IPUIPlugin:80 - create IPUIPlugin
2025-08-30 16:58:52,215 [INFO] IPUIPlugin:80 - create IPUIPlugin
2025-08-30 16:58:52,215 [INFO] IPUIPlugin:80 - create IPUIPlugin
2025-08-30 16:58:52,219 [INFO] ApiDbMcu:532 - Load IP Config File for PDM2PCM_M7
2025-08-30 16:58:52,220 [INFO] ApiDbMcu:532 - Load IP Config File for PDM2PCM_M4
2025-08-30 16:58:52,235 [WARN] FreeRTOS:1023 - Null or empty value: should not occur! (nothing added to the table)
2025-08-30 16:58:52,241 [WARN] FreeRTOS:1023 - Null or empty value: should not occur! (nothing added to the table)
2025-08-30 16:58:52,304 [INFO] CADModel:165 - CPN selected for project levelSTM32H755ZIT6
2025-08-30 16:58:52,304 [INFO] CADModel:114 - Register for checkConnection events
2025-08-30 16:58:52,307 [INFO] RtosManager:728 - Active RTOS found at IOC load: FREERTOS_M4 [CortexM4]
2025-08-30 16:58:52,312 [INFO] RtosManager:728 - Active RTOS found at IOC load: FREERTOS_M7 [CortexM7]
2025-08-30 16:58:52,372 [INFO] OpenFileManager:386 - Restore cursor
2025-08-30 16:58:58,330 [ERROR] RtosPanel:558 - Can not restore the selected Tab for FREERTOS(A reason can be that the tab is no more available.)
2025-08-30 16:58:59,048 [ERROR] RtosPanel:558 - Can not restore the selected Tab for FREERTOS(A reason can be that the tab is no more available.)
2025-08-30 16:59:04,349 [ERROR] RtosPanel:558 - Can not restore the selected Tab for FREERTOS(A reason can be that the tab is no more available.)
2025-08-30 16:59:05,065 [ERROR] RtosPanel:558 - Can not restore the selected Tab for FREERTOS(A reason can be that the tab is no more available.)
2025-08-30 16:59:05,696 [ERROR] RtosPanel:558 - Can not restore the selected Tab for FREERTOS(A reason can be that the tab is no more available.)
2025-08-30 16:59:13,248 [ERROR] RtosPanel:558 - Can not restore the selected Tab for FREERTOS(A reason can be that the tab is no more available.)
2025-08-30 16:59:23,118 [INFO] UtilMem:75 - End SaveConfig() Used Memory: 860160440 Bytes (1073741824)
2025-08-30 16:59:23,250 [INFO] UtilMem:75 - End SaveConfig() Used Memory: 885277376 Bytes (1073741824)
2025-08-30 16:59:24,007 [INFO] UtilMem:75 - End SaveConfig() Used Memory: 962872000 Bytes (1073741824)
2025-08-30 16:59:25,121 [ERROR] IocParser:95 - Exception caught: Cannot invoke "java.lang.CharSequence.length()" because "this.text" is null
2025-08-30 16:59:25,253 [INFO] BlockDiagram:2775 - set Specific Code input for plugin: FREERTOS
2025-08-30 16:59:25,253 [INFO] BlockDiagram:2775 - set Specific Code input for plugin: FREERTOS
2025-08-30 16:59:25,253 [INFO] BlockDiagram:2775 - set Specific Code input for plugin: RCC
2025-08-30 16:59:25,253 [INFO] BlockDiagram:2775 - set Specific Code input for plugin: I2C
2025-08-30 16:59:25,253 [INFO] BlockDiagram:2775 - set Specific Code input for plugin: USART
2025-08-30 16:59:25,253 [INFO] BlockDiagram:2775 - set Specific Code input for plugin: MEMORYMAP
2025-08-30 16:59:25,253 [INFO] BlockDiagram:2775 - set Specific Code input for plugin: TIM6_7H7
2025-08-30 16:59:25,253 [INFO] BlockDiagram:2775 - set Specific Code input for plugin: TIM1_8H7
2025-08-30 16:59:25,253 [INFO] BlockDiagram:2775 - set Specific Code input for plugin: SYS
2025-08-30 16:59:25,253 [INFO] BlockDiagram:2775 - set Specific Code input for plugin: ADC
2025-08-30 16:59:25,253 [INFO] BlockDiagram:2775 - set Specific Code input for plugin: ADC
2025-08-30 16:59:25,253 [INFO] BlockDiagram:2775 - set Specific Code input for plugin: DMA
2025-08-30 16:59:25,253 [INFO] BlockDiagram:2775 - set Specific Code input for plugin: NVIC2
2025-08-30 16:59:25,253 [INFO] BlockDiagram:2775 - set Specific Code input for plugin: UART
2025-08-30 16:59:25,253 [INFO] BlockDiagram:2775 - set Specific Code input for plugin: UART
2025-08-30 16:59:25,254 [INFO] BlockDiagram:2775 - set Specific Code input for plugin: GPIO
2025-08-30 16:59:25,254 [INFO] BlockDiagram:2775 - set Specific Code input for plugin: SYS_M4
2025-08-30 16:59:25,254 [INFO] BlockDiagram:2775 - set Specific Code input for plugin: NUCLEO-H755ZI-Q
2025-08-30 16:59:25,254 [INFO] BlockDiagram:2775 - set Specific Code input for plugin: NVIC1
2025-08-30 16:59:25,254 [INFO] CodeGenerator:892 - code generatio: config db path: C:\ST\STM32CubeIDE_1.19.0\STM32CubeIDE\plugins\com.st.stm32cube.common.mx_6.15.0.202507011659\\db\
2025-08-30 16:59:25,265 [INFO] Argument:325 - Argument : hdmavalue: null
2025-08-30 16:59:25,265 [INFO] Argument:327 - 	 sub Args: 
2025-08-30 16:59:25,265 [INFO] Argument:325 - Argument : Instancevalue: DMA1_Stream0
2025-08-30 16:59:25,265 [INFO] Argument:335 - Argument : Instancevalue: DMA1_Stream0
2025-08-30 16:59:25,265 [INFO] Argument:325 - Argument : Initvalue: null
2025-08-30 16:59:25,265 [INFO] Argument:327 - 	 sub Args: 
2025-08-30 16:59:25,265 [INFO] Argument:325 - Argument : Requestvalue: DMA_REQUEST_ADC3
2025-08-30 16:59:25,265 [INFO] Argument:335 - Argument : Requestvalue: DMA_REQUEST_ADC3
2025-08-30 16:59:25,265 [INFO] Argument:325 - Argument : Directionvalue: DMA_PERIPH_TO_MEMORY
2025-08-30 16:59:25,265 [INFO] Argument:335 - Argument : Directionvalue: DMA_PERIPH_TO_MEMORY
2025-08-30 16:59:25,265 [INFO] Argument:325 - Argument : PeriphIncvalue: DMA_PINC_DISABLE
2025-08-30 16:59:25,265 [INFO] Argument:335 - Argument : PeriphIncvalue: DMA_PINC_DISABLE
2025-08-30 16:59:25,265 [INFO] Argument:325 - Argument : MemIncvalue: DMA_MINC_ENABLE
2025-08-30 16:59:25,265 [INFO] Argument:335 - Argument : MemIncvalue: DMA_MINC_ENABLE
2025-08-30 16:59:25,265 [INFO] Argument:325 - Argument : PeriphDataAlignmentvalue: DMA_PDATAALIGN_HALFWORD
2025-08-30 16:59:25,265 [INFO] Argument:335 - Argument : PeriphDataAlignmentvalue: DMA_PDATAALIGN_HALFWORD
2025-08-30 16:59:25,265 [INFO] Argument:325 - Argument : MemDataAlignmentvalue: DMA_MDATAALIGN_HALFWORD
2025-08-30 16:59:25,265 [INFO] Argument:335 - Argument : MemDataAlignmentvalue: DMA_MDATAALIGN_HALFWORD
2025-08-30 16:59:25,265 [INFO] Argument:325 - Argument : Modevalue: DMA_CIRCULAR
2025-08-30 16:59:25,265 [INFO] Argument:335 - Argument : Modevalue: DMA_CIRCULAR
2025-08-30 16:59:25,265 [INFO] Argument:325 - Argument : Priorityvalue: DMA_PRIORITY_LOW
2025-08-30 16:59:25,265 [INFO] Argument:335 - Argument : Priorityvalue: DMA_PRIORITY_LOW
2025-08-30 16:59:25,265 [INFO] Argument:325 - Argument : FIFOModevalue: DMA_FIFOMODE_DISABLE
2025-08-30 16:59:25,265 [INFO] Argument:335 - Argument : FIFOModevalue: DMA_FIFOMODE_DISABLE
2025-08-30 16:59:25,265 [INFO] Argument:325 - Argument : FIFOThresholdvalue: null
2025-08-30 16:59:25,265 [INFO] Argument:335 - Argument : FIFOThresholdvalue: null
2025-08-30 16:59:25,265 [INFO] Argument:325 - Argument : MemBurstvalue: null
2025-08-30 16:59:25,265 [INFO] Argument:335 - Argument : MemBurstvalue: null
2025-08-30 16:59:25,265 [INFO] Argument:325 - Argument : PeriphBurstvalue: null
2025-08-30 16:59:25,265 [INFO] Argument:335 - Argument : PeriphBurstvalue: null
2025-08-30 16:59:25,265 [INFO] Argument:325 - Argument : Lockvalue: null
2025-08-30 16:59:25,265 [INFO] Argument:335 - Argument : Lockvalue: null
2025-08-30 16:59:25,265 [INFO] Argument:325 - Argument : Statevalue: null
2025-08-30 16:59:25,265 [INFO] Argument:335 - Argument : Statevalue: null
2025-08-30 16:59:25,265 [INFO] Argument:325 - Argument : Parentvalue: null
2025-08-30 16:59:25,265 [INFO] Argument:335 - Argument : Parentvalue: null
2025-08-30 16:59:25,265 [INFO] Argument:325 - Argument : XferCpltCallbackvalue: null
2025-08-30 16:59:25,265 [INFO] Argument:335 - Argument : XferCpltCallbackvalue: null
2025-08-30 16:59:25,265 [INFO] Argument:325 - Argument : XferHalfCpltCallbackvalue: null
2025-08-30 16:59:25,265 [INFO] Argument:335 - Argument : XferHalfCpltCallbackvalue: null
2025-08-30 16:59:25,265 [INFO] Argument:325 - Argument : XferM1CpltCallbackvalue: null
2025-08-30 16:59:25,265 [INFO] Argument:335 - Argument : XferM1CpltCallbackvalue: null
2025-08-30 16:59:25,265 [INFO] Argument:325 - Argument : XferM1HalfCpltCallbackvalue: null
2025-08-30 16:59:25,265 [INFO] Argument:335 - Argument : XferM1HalfCpltCallbackvalue: null
2025-08-30 16:59:25,265 [INFO] Argument:325 - Argument : XferErrorCallbackvalue: null
2025-08-30 16:59:25,265 [INFO] Argument:335 - Argument : XferErrorCallbackvalue: null
2025-08-30 16:59:25,265 [INFO] Argument:325 - Argument : XferAbortCallbackvalue: null
2025-08-30 16:59:25,265 [INFO] Argument:335 - Argument : XferAbortCallbackvalue: null
2025-08-30 16:59:25,265 [INFO] Argument:325 - Argument : ErrorCodevalue: null
2025-08-30 16:59:25,265 [INFO] Argument:335 - Argument : ErrorCodevalue: null
2025-08-30 16:59:25,265 [INFO] Argument:325 - Argument : StreamBaseAddressvalue: null
2025-08-30 16:59:25,265 [INFO] Argument:335 - Argument : StreamBaseAddressvalue: null
2025-08-30 16:59:25,265 [INFO] Argument:325 - Argument : StreamIndexvalue: null
2025-08-30 16:59:25,265 [INFO] Argument:335 - Argument : StreamIndexvalue: null
2025-08-30 16:59:25,337 [ERROR] CodeGenerator:10662 - The current RTOS owner has not been found in the list of IPs
2025-08-30 16:59:25,337 [ERROR] CodeGenerator:10662 - The current RTOS owner has not been found in the list of IPs
2025-08-30 16:59:25,337 [INFO] CodeGenerator:1619 - *******************Project context M7 selected
2025-08-30 16:59:25,409 [INFO] CodeEngine:265 - oldGeneratedFile, C:\Users\nicks\STM32CubeIDE\workspace_1.19.0\AFR\AFR\MXTmpFiles\license.tmp_save
2025-08-30 16:59:25,643 [INFO] CodeEngine:289 - Generated code: C:\Users\nicks\STM32CubeIDE\workspace_1.19.0\AFR\AFR\MXTmpFiles\license.tmp
2025-08-30 16:59:25,707 [INFO] CodeEngine:265 - oldGeneratedFile, C:\Users\nicks\STM32CubeIDE\workspace_1.19.0\AFR\AFR\CM7\MXTmpFiles\gpio.tmp_save
2025-08-30 16:59:25,824 [INFO] CodeEngine:289 - Generated code: C:\Users\nicks\STM32CubeIDE\workspace_1.19.0\AFR\AFR\CM7\MXTmpFiles\gpio.tmp
2025-08-30 16:59:26,037 [WARN] IPConfigManager:103 - WARNING: Missing Config File for MEMORYMAP ip!!
2025-08-30 16:59:26,142 [WARN] IPConfigManager:103 - WARNING: Missing Config File for NVIC1 ip!!
2025-08-30 16:59:26,279 [ERROR] CodeGenerator:10662 - The current RTOS owner has not been found in the list of IPs
2025-08-30 16:59:26,287 [INFO] CodeEngine:265 - oldGeneratedFile, C:\Users\nicks\STM32CubeIDE\workspace_1.19.0\AFR\AFR\CM7\MXTmpFiles\cortex.tmp_save
2025-08-30 16:59:26,348 [INFO] CodeEngine:289 - Generated code: C:\Users\nicks\STM32CubeIDE\workspace_1.19.0\AFR\AFR\CM7\MXTmpFiles\cortex.tmp
2025-08-30 16:59:26,372 [INFO] CodeEngine:265 - oldGeneratedFile, C:\Users\nicks\STM32CubeIDE\workspace_1.19.0\AFR\AFR\CM7\MXTmpFiles\dma.tmp_save
2025-08-30 16:59:26,423 [INFO] CodeEngine:289 - Generated code: C:\Users\nicks\STM32CubeIDE\workspace_1.19.0\AFR\AFR\CM7\MXTmpFiles\dma.tmp
2025-08-30 16:59:26,429 [INFO] CodeEngine:265 - oldGeneratedFile, C:\Users\nicks\STM32CubeIDE\workspace_1.19.0\AFR\AFR\CM7\MXTmpFiles\dma_GV.tmp_save
2025-08-30 16:59:26,474 [INFO] CodeEngine:289 - Generated code: C:\Users\nicks\STM32CubeIDE\workspace_1.19.0\AFR\AFR\CM7\MXTmpFiles\dma_GV.tmp
2025-08-30 16:59:26,500 [INFO] Middleware:1452 - No code input for Bsp Dependency
2025-08-30 16:59:26,507 [INFO] CodeEngine:265 - oldGeneratedFile, C:\Users\nicks\STM32CubeIDE\workspace_1.19.0\AFR\AFR\CM7\MXTmpFiles\rtos_inc.tmp_save
2025-08-30 16:59:26,554 [INFO] CodeEngine:289 - Generated code: C:\Users\nicks\STM32CubeIDE\workspace_1.19.0\AFR\AFR\CM7\MXTmpFiles\rtos_inc.tmp
2025-08-30 16:59:26,559 [INFO] CodeEngine:265 - oldGeneratedFile, C:\Users\nicks\STM32CubeIDE\workspace_1.19.0\AFR\AFR\CM7\MXTmpFiles\rtos_kernelInit.tmp_save
2025-08-30 16:59:26,604 [INFO] CodeEngine:289 - Generated code: C:\Users\nicks\STM32CubeIDE\workspace_1.19.0\AFR\AFR\CM7\MXTmpFiles\rtos_kernelInit.tmp
2025-08-30 16:59:26,609 [INFO] CodeEngine:265 - oldGeneratedFile, C:\Users\nicks\STM32CubeIDE\workspace_1.19.0\AFR\AFR\CM7\MXTmpFiles\rtos_kernelStart.tmp_save
2025-08-30 16:59:26,649 [INFO] CodeEngine:289 - Generated code: C:\Users\nicks\STM32CubeIDE\workspace_1.19.0\AFR\AFR\CM7\MXTmpFiles\rtos_kernelStart.tmp
2025-08-30 16:59:26,654 [INFO] CodeEngine:265 - oldGeneratedFile, C:\Users\nicks\STM32CubeIDE\workspace_1.19.0\AFR\AFR\CM7\MXTmpFiles\rtos_typedefs.tmp_save
2025-08-30 16:59:26,698 [INFO] CodeEngine:289 - Generated code: C:\Users\nicks\STM32CubeIDE\workspace_1.19.0\AFR\AFR\CM7\MXTmpFiles\rtos_typedefs.tmp
2025-08-30 16:59:26,703 [INFO] CodeEngine:265 - oldGeneratedFile, C:\Users\nicks\STM32CubeIDE\workspace_1.19.0\AFR\AFR\CM7\MXTmpFiles\rtos_vars.tmp_save
2025-08-30 16:59:26,746 [INFO] CodeEngine:289 - Generated code: C:\Users\nicks\STM32CubeIDE\workspace_1.19.0\AFR\AFR\CM7\MXTmpFiles\rtos_vars.tmp
2025-08-30 16:59:26,751 [INFO] CodeEngine:265 - oldGeneratedFile, C:\Users\nicks\STM32CubeIDE\workspace_1.19.0\AFR\AFR\CM7\MXTmpFiles\rtos_pfp.tmp_save
2025-08-30 16:59:26,791 [INFO] CodeEngine:289 - Generated code: C:\Users\nicks\STM32CubeIDE\workspace_1.19.0\AFR\AFR\CM7\MXTmpFiles\rtos_pfp.tmp
2025-08-30 16:59:26,795 [INFO] CodeEngine:265 - oldGeneratedFile, C:\Users\nicks\STM32CubeIDE\workspace_1.19.0\AFR\AFR\CM7\MXTmpFiles\rtos_obj_creat.tmp_save
2025-08-30 16:59:26,837 [INFO] CodeEngine:289 - Generated code: C:\Users\nicks\STM32CubeIDE\workspace_1.19.0\AFR\AFR\CM7\MXTmpFiles\rtos_obj_creat.tmp
2025-08-30 16:59:26,843 [INFO] CodeEngine:265 - oldGeneratedFile, C:\Users\nicks\STM32CubeIDE\workspace_1.19.0\AFR\AFR\CM7\MXTmpFiles\rtos_default_thread.tmp_save
2025-08-30 16:59:26,885 [INFO] CodeEngine:289 - Generated code: C:\Users\nicks\STM32CubeIDE\workspace_1.19.0\AFR\AFR\CM7\MXTmpFiles\rtos_default_thread.tmp
2025-08-30 16:59:26,890 [INFO] CodeEngine:265 - oldGeneratedFile, C:\Users\nicks\STM32CubeIDE\workspace_1.19.0\AFR\AFR\CM7\MXTmpFiles\rtos_threads.tmp_save
2025-08-30 16:59:26,929 [INFO] CodeEngine:289 - Generated code: C:\Users\nicks\STM32CubeIDE\workspace_1.19.0\AFR\AFR\CM7\MXTmpFiles\rtos_threads.tmp
2025-08-30 16:59:26,934 [INFO] CodeEngine:265 - oldGeneratedFile, C:\Users\nicks\STM32CubeIDE\workspace_1.19.0\AFR\AFR\CM7\Core\Inc\FreeRTOSConfig.h_save
2025-08-30 16:59:26,993 [INFO] CodeEngine:289 - Generated code: C:\Users\nicks\STM32CubeIDE\workspace_1.19.0\AFR\AFR\CM7\Core\Inc\FreeRTOSConfig.h
2025-08-30 16:59:26,999 [INFO] CodeEngine:265 - oldGeneratedFile, C:\Users\nicks\STM32CubeIDE\workspace_1.19.0\AFR\AFR\CM7\Core\Src\freertos.c_save
2025-08-30 16:59:27,048 [INFO] CodeEngine:289 - Generated code: C:\Users\nicks\STM32CubeIDE\workspace_1.19.0\AFR\AFR\CM7\Core\Src\freertos.c
2025-08-30 16:59:27,099 [INFO] CodeEngine:265 - oldGeneratedFile, C:\Users\nicks\STM32CubeIDE\workspace_1.19.0\AFR\AFR\CM7\Core\Inc\stm32h7xx_nucleo_conf.h_save
2025-08-30 16:59:27,149 [INFO] CodeEngine:289 - Generated code: C:\Users\nicks\STM32CubeIDE\workspace_1.19.0\AFR\AFR\CM7\Core\Inc\stm32h7xx_nucleo_conf.h
2025-08-30 16:59:27,156 [INFO] CodeEngine:265 - oldGeneratedFile, C:\Users\nicks\STM32CubeIDE\workspace_1.19.0\AFR\AFR\CM7\MXTmpFiles\bsp_inc.tmp_save
2025-08-30 16:59:27,202 [INFO] CodeEngine:289 - Generated code: C:\Users\nicks\STM32CubeIDE\workspace_1.19.0\AFR\AFR\CM7\MXTmpFiles\bsp_inc.tmp
2025-08-30 16:59:27,207 [INFO] CodeEngine:265 - oldGeneratedFile, C:\Users\nicks\STM32CubeIDE\workspace_1.19.0\AFR\AFR\CM7\MXTmpFiles\bsp_common_vars.tmp_save
2025-08-30 16:59:27,263 [INFO] CodeEngine:289 - Generated code: C:\Users\nicks\STM32CubeIDE\workspace_1.19.0\AFR\AFR\CM7\MXTmpFiles\bsp_common_vars.tmp
2025-08-30 16:59:27,268 [INFO] CodeEngine:265 - oldGeneratedFile, C:\Users\nicks\STM32CubeIDE\workspace_1.19.0\AFR\AFR\CM7\MXTmpFiles\bsp_common_init.tmp_save
2025-08-30 16:59:27,308 [INFO] CodeEngine:289 - Generated code: C:\Users\nicks\STM32CubeIDE\workspace_1.19.0\AFR\AFR\CM7\MXTmpFiles\bsp_common_init.tmp
2025-08-30 16:59:27,314 [INFO] CodeEngine:265 - oldGeneratedFile, C:\Users\nicks\STM32CubeIDE\workspace_1.19.0\AFR\AFR\CM7\MXTmpFiles\bsp_common_demo_before_while.tmp_save
2025-08-30 16:59:27,354 [INFO] CodeEngine:289 - Generated code: C:\Users\nicks\STM32CubeIDE\workspace_1.19.0\AFR\AFR\CM7\MXTmpFiles\bsp_common_demo_before_while.tmp
2025-08-30 16:59:27,358 [INFO] CodeEngine:265 - oldGeneratedFile, C:\Users\nicks\STM32CubeIDE\workspace_1.19.0\AFR\AFR\CM7\MXTmpFiles\bsp_common_demo_inside_while.tmp_save
2025-08-30 16:59:27,397 [INFO] CodeEngine:289 - Generated code: C:\Users\nicks\STM32CubeIDE\workspace_1.19.0\AFR\AFR\CM7\MXTmpFiles\bsp_common_demo_inside_while.tmp
2025-08-30 16:59:27,402 [INFO] CodeEngine:265 - oldGeneratedFile, C:\Users\nicks\STM32CubeIDE\workspace_1.19.0\AFR\AFR\CM7\MXTmpFiles\bsp_common_demo_fct.tmp_save
2025-08-30 16:59:27,440 [INFO] CodeEngine:289 - Generated code: C:\Users\nicks\STM32CubeIDE\workspace_1.19.0\AFR\AFR\CM7\MXTmpFiles\bsp_common_demo_fct.tmp
2025-08-30 16:59:27,462 [INFO] CodeEngine:265 - oldGeneratedFile, C:\Users\nicks\STM32CubeIDE\workspace_1.19.0\AFR\AFR\CM7\Core\Src\stm32h7xx_it.c_save
2025-08-30 16:59:27,563 [INFO] CodeEngine:289 - Generated code: C:\Users\nicks\STM32CubeIDE\workspace_1.19.0\AFR\AFR\CM7\Core\Src\stm32h7xx_it.c
2025-08-30 16:59:27,569 [INFO] CodeEngine:265 - oldGeneratedFile, C:\Users\nicks\STM32CubeIDE\workspace_1.19.0\AFR\AFR\CM7\Core\Inc\stm32h7xx_it.h_save
2025-08-30 16:59:27,614 [INFO] CodeEngine:289 - Generated code: C:\Users\nicks\STM32CubeIDE\workspace_1.19.0\AFR\AFR\CM7\Core\Inc\stm32h7xx_it.h
2025-08-30 16:59:27,695 [INFO] CodeEngine:265 - oldGeneratedFile, C:\Users\nicks\STM32CubeIDE\workspace_1.19.0\AFR\AFR\CM7\Core\Src\stm32h7xx_hal_msp.c_save
2025-08-30 16:59:27,766 [INFO] CodeEngine:289 - Generated code: C:\Users\nicks\STM32CubeIDE\workspace_1.19.0\AFR\AFR\CM7\Core\Src\stm32h7xx_hal_msp.c
2025-08-30 16:59:27,771 [INFO] CodeEngine:265 - oldGeneratedFile, C:\Users\nicks\STM32CubeIDE\workspace_1.19.0\AFR\AFR\CM7\MXTmpFiles\system.tmp_save
2025-08-30 16:59:27,814 [INFO] CodeEngine:289 - Generated code: C:\Users\nicks\STM32CubeIDE\workspace_1.19.0\AFR\AFR\CM7\MXTmpFiles\system.tmp
2025-08-30 16:59:27,825 [INFO] CodeEngine:321 - oldGeneratedFile, C:\Users\nicks\STM32CubeIDE\workspace_1.19.0\AFR\AFR\CM7\Core\Inc\stm32h7xx_hal_conf.h_save
2025-08-30 16:59:27,874 [INFO] CodeEngine:345 - Generated code: C:\Users\nicks\STM32CubeIDE\workspace_1.19.0\AFR\AFR\CM7\Core\Inc\stm32h7xx_hal_conf.h
2025-08-30 16:59:27,905 [INFO] ApiDbMcu:532 - Load IP Config File for I2C2
2025-08-30 16:59:27,912 [INFO] ApiDbMcu:532 - Load IP Config File for USART2
2025-08-30 16:59:27,915 [INFO] ApiDbMcu:532 - Load IP Config File for RCC
2025-08-30 16:59:27,917 [WARN] IPConfigManager:3811 - IP not found : NVIC
2025-08-30 16:59:27,918 [WARN] CodeGenerator:4259 - IP not found : null
2025-08-30 16:59:27,925 [INFO] CodeEngine:265 - oldGeneratedFile, C:\Users\nicks\STM32CubeIDE\workspace_1.19.0\AFR\AFR\CM7\Core\Inc\main.h_save
2025-08-30 16:59:27,989 [INFO] CodeEngine:289 - Generated code: C:\Users\nicks\STM32CubeIDE\workspace_1.19.0\AFR\AFR\CM7\Core\Inc\main.h
2025-08-30 16:59:27,995 [INFO] CodeEngine:265 - oldGeneratedFile, C:\Users\nicks\STM32CubeIDE\workspace_1.19.0\AFR\AFR\CM7\Core\Src\main.c_save
2025-08-30 16:59:28,097 [INFO] CodeEngine:289 - Generated code: C:\Users\nicks\STM32CubeIDE\workspace_1.19.0\AFR\AFR\CM7\Core\Src\main.c
2025-08-30 16:59:28,135 [INFO] CodeGenerator:1619 - *******************Project context M4 selected
2025-08-30 16:59:28,180 [INFO] CodeEngine:265 - oldGeneratedFile, C:\Users\nicks\STM32CubeIDE\workspace_1.19.0\AFR\AFR\MXTmpFiles\license.tmp_save
2025-08-30 16:59:28,219 [INFO] CodeEngine:289 - Generated code: C:\Users\nicks\STM32CubeIDE\workspace_1.19.0\AFR\AFR\MXTmpFiles\license.tmp
2025-08-30 16:59:28,280 [INFO] CodeEngine:265 - oldGeneratedFile, C:\Users\nicks\STM32CubeIDE\workspace_1.19.0\AFR\AFR\CM4\MXTmpFiles\gpio.tmp_save
2025-08-30 16:59:28,321 [INFO] CodeEngine:289 - Generated code: C:\Users\nicks\STM32CubeIDE\workspace_1.19.0\AFR\AFR\CM4\MXTmpFiles\gpio.tmp
2025-08-30 16:59:28,545 [WARN] IPConfigManager:103 - WARNING: Missing Config File for NVIC2 ip!!
2025-08-30 16:59:28,823 [ERROR] CodeGenerator:10662 - The current RTOS owner has not been found in the list of IPs
2025-08-30 16:59:28,830 [INFO] CodeEngine:265 - oldGeneratedFile, C:\Users\nicks\STM32CubeIDE\workspace_1.19.0\AFR\AFR\CM4\MXTmpFiles\cortex.tmp_save
2025-08-30 16:59:28,876 [INFO] CodeEngine:289 - Generated code: C:\Users\nicks\STM32CubeIDE\workspace_1.19.0\AFR\AFR\CM4\MXTmpFiles\cortex.tmp
2025-08-30 16:59:28,900 [INFO] CodeEngine:265 - oldGeneratedFile, C:\Users\nicks\STM32CubeIDE\workspace_1.19.0\AFR\AFR\CM4\MXTmpFiles\dma.tmp_save
2025-08-30 16:59:28,938 [INFO] CodeEngine:289 - Generated code: C:\Users\nicks\STM32CubeIDE\workspace_1.19.0\AFR\AFR\CM4\MXTmpFiles\dma.tmp
2025-08-30 16:59:28,942 [INFO] CodeEngine:265 - oldGeneratedFile, C:\Users\nicks\STM32CubeIDE\workspace_1.19.0\AFR\AFR\CM4\MXTmpFiles\dma_GV.tmp_save
2025-08-30 16:59:28,978 [INFO] CodeEngine:289 - Generated code: C:\Users\nicks\STM32CubeIDE\workspace_1.19.0\AFR\AFR\CM4\MXTmpFiles\dma_GV.tmp
2025-08-30 16:59:28,997 [INFO] Middleware:1452 - No code input for Bsp Dependency
2025-08-30 16:59:29,002 [INFO] CodeEngine:265 - oldGeneratedFile, C:\Users\nicks\STM32CubeIDE\workspace_1.19.0\AFR\AFR\CM4\MXTmpFiles\rtos_inc.tmp_save
2025-08-30 16:59:29,038 [INFO] CodeEngine:289 - Generated code: C:\Users\nicks\STM32CubeIDE\workspace_1.19.0\AFR\AFR\CM4\MXTmpFiles\rtos_inc.tmp
2025-08-30 16:59:29,043 [INFO] CodeEngine:265 - oldGeneratedFile, C:\Users\nicks\STM32CubeIDE\workspace_1.19.0\AFR\AFR\CM4\MXTmpFiles\rtos_kernelInit.tmp_save
2025-08-30 16:59:29,080 [INFO] CodeEngine:289 - Generated code: C:\Users\nicks\STM32CubeIDE\workspace_1.19.0\AFR\AFR\CM4\MXTmpFiles\rtos_kernelInit.tmp
2025-08-30 16:59:29,084 [INFO] CodeEngine:265 - oldGeneratedFile, C:\Users\nicks\STM32CubeIDE\workspace_1.19.0\AFR\AFR\CM4\MXTmpFiles\rtos_kernelStart.tmp_save
2025-08-30 16:59:29,122 [INFO] CodeEngine:289 - Generated code: C:\Users\nicks\STM32CubeIDE\workspace_1.19.0\AFR\AFR\CM4\MXTmpFiles\rtos_kernelStart.tmp
2025-08-30 16:59:29,127 [INFO] CodeEngine:265 - oldGeneratedFile, C:\Users\nicks\STM32CubeIDE\workspace_1.19.0\AFR\AFR\CM4\MXTmpFiles\rtos_typedefs.tmp_save
2025-08-30 16:59:29,166 [INFO] CodeEngine:289 - Generated code: C:\Users\nicks\STM32CubeIDE\workspace_1.19.0\AFR\AFR\CM4\MXTmpFiles\rtos_typedefs.tmp
2025-08-30 16:59:29,170 [INFO] CodeEngine:265 - oldGeneratedFile, C:\Users\nicks\STM32CubeIDE\workspace_1.19.0\AFR\AFR\CM4\MXTmpFiles\rtos_vars.tmp_save
2025-08-30 16:59:29,210 [INFO] CodeEngine:289 - Generated code: C:\Users\nicks\STM32CubeIDE\workspace_1.19.0\AFR\AFR\CM4\MXTmpFiles\rtos_vars.tmp
2025-08-30 16:59:29,215 [INFO] CodeEngine:265 - oldGeneratedFile, C:\Users\nicks\STM32CubeIDE\workspace_1.19.0\AFR\AFR\CM4\MXTmpFiles\rtos_pfp.tmp_save
2025-08-30 16:59:29,259 [INFO] CodeEngine:289 - Generated code: C:\Users\nicks\STM32CubeIDE\workspace_1.19.0\AFR\AFR\CM4\MXTmpFiles\rtos_pfp.tmp
2025-08-30 16:59:29,264 [INFO] CodeEngine:265 - oldGeneratedFile, C:\Users\nicks\STM32CubeIDE\workspace_1.19.0\AFR\AFR\CM4\MXTmpFiles\rtos_obj_creat.tmp_save
2025-08-30 16:59:29,305 [INFO] CodeEngine:289 - Generated code: C:\Users\nicks\STM32CubeIDE\workspace_1.19.0\AFR\AFR\CM4\MXTmpFiles\rtos_obj_creat.tmp
2025-08-30 16:59:29,309 [INFO] CodeEngine:265 - oldGeneratedFile, C:\Users\nicks\STM32CubeIDE\workspace_1.19.0\AFR\AFR\CM4\MXTmpFiles\rtos_default_thread.tmp_save
2025-08-30 16:59:29,351 [INFO] CodeEngine:289 - Generated code: C:\Users\nicks\STM32CubeIDE\workspace_1.19.0\AFR\AFR\CM4\MXTmpFiles\rtos_default_thread.tmp
2025-08-30 16:59:29,355 [INFO] CodeEngine:265 - oldGeneratedFile, C:\Users\nicks\STM32CubeIDE\workspace_1.19.0\AFR\AFR\CM4\MXTmpFiles\rtos_threads.tmp_save
2025-08-30 16:59:29,395 [INFO] CodeEngine:289 - Generated code: C:\Users\nicks\STM32CubeIDE\workspace_1.19.0\AFR\AFR\CM4\MXTmpFiles\rtos_threads.tmp
2025-08-30 16:59:29,415 [INFO] CodeEngine:265 - oldGeneratedFile, C:\Users\nicks\STM32CubeIDE\workspace_1.19.0\AFR\AFR\CM4\Core\Inc\FreeRTOSConfig.h_save
2025-08-30 16:59:29,467 [INFO] CodeEngine:289 - Generated code: C:\Users\nicks\STM32CubeIDE\workspace_1.19.0\AFR\AFR\CM4\Core\Inc\FreeRTOSConfig.h
2025-08-30 16:59:29,473 [INFO] CodeEngine:265 - oldGeneratedFile, C:\Users\nicks\STM32CubeIDE\workspace_1.19.0\AFR\AFR\CM4\Core\Src\freertos.c_save
2025-08-30 16:59:29,518 [INFO] CodeEngine:289 - Generated code: C:\Users\nicks\STM32CubeIDE\workspace_1.19.0\AFR\AFR\CM4\Core\Src\freertos.c
2025-08-30 16:59:29,557 [INFO] CodeEngine:265 - oldGeneratedFile, C:\Users\nicks\STM32CubeIDE\workspace_1.19.0\AFR\AFR\CM4\Core\Inc\stm32h7xx_nucleo_conf.h_save
2025-08-30 16:59:29,597 [INFO] CodeEngine:289 - Generated code: C:\Users\nicks\STM32CubeIDE\workspace_1.19.0\AFR\AFR\CM4\Core\Inc\stm32h7xx_nucleo_conf.h
2025-08-30 16:59:29,602 [INFO] CodeEngine:265 - oldGeneratedFile, C:\Users\nicks\STM32CubeIDE\workspace_1.19.0\AFR\AFR\CM4\MXTmpFiles\bsp_inc.tmp_save
2025-08-30 16:59:29,641 [INFO] CodeEngine:289 - Generated code: C:\Users\nicks\STM32CubeIDE\workspace_1.19.0\AFR\AFR\CM4\MXTmpFiles\bsp_inc.tmp
2025-08-30 16:59:29,665 [INFO] CodeEngine:265 - oldGeneratedFile, C:\Users\nicks\STM32CubeIDE\workspace_1.19.0\AFR\AFR\CM4\Core\Src\stm32h7xx_it.c_save
2025-08-30 16:59:29,712 [INFO] CodeEngine:289 - Generated code: C:\Users\nicks\STM32CubeIDE\workspace_1.19.0\AFR\AFR\CM4\Core\Src\stm32h7xx_it.c
2025-08-30 16:59:29,719 [INFO] CodeEngine:265 - oldGeneratedFile, C:\Users\nicks\STM32CubeIDE\workspace_1.19.0\AFR\AFR\CM4\Core\Inc\stm32h7xx_it.h_save
2025-08-30 16:59:29,761 [INFO] CodeEngine:289 - Generated code: C:\Users\nicks\STM32CubeIDE\workspace_1.19.0\AFR\AFR\CM4\Core\Inc\stm32h7xx_it.h
2025-08-30 16:59:29,884 [INFO] CodeEngine:265 - oldGeneratedFile, C:\Users\nicks\STM32CubeIDE\workspace_1.19.0\AFR\AFR\CM4\Core\Src\stm32h7xx_hal_msp.c_save
2025-08-30 16:59:29,950 [INFO] CodeEngine:289 - Generated code: C:\Users\nicks\STM32CubeIDE\workspace_1.19.0\AFR\AFR\CM4\Core\Src\stm32h7xx_hal_msp.c
2025-08-30 16:59:29,955 [INFO] CodeEngine:265 - oldGeneratedFile, C:\Users\nicks\STM32CubeIDE\workspace_1.19.0\AFR\AFR\CM4\MXTmpFiles\system.tmp_save
2025-08-30 16:59:29,994 [INFO] CodeEngine:289 - Generated code: C:\Users\nicks\STM32CubeIDE\workspace_1.19.0\AFR\AFR\CM4\MXTmpFiles\system.tmp
2025-08-30 16:59:30,004 [INFO] CodeEngine:321 - oldGeneratedFile, C:\Users\nicks\STM32CubeIDE\workspace_1.19.0\AFR\AFR\CM4\Core\Inc\stm32h7xx_hal_conf.h_save
2025-08-30 16:59:30,048 [INFO] CodeEngine:345 - Generated code: C:\Users\nicks\STM32CubeIDE\workspace_1.19.0\AFR\AFR\CM4\Core\Inc\stm32h7xx_hal_conf.h
2025-08-30 16:59:30,062 [INFO] ApiDbMcu:532 - Load IP Config File for ADC1
2025-08-30 16:59:30,064 [INFO] ApiDbMcu:532 - Load IP Config File for ADC3
2025-08-30 16:59:30,071 [INFO] ApiDbMcu:532 - Load IP Config File for TIM1
2025-08-30 16:59:30,077 [INFO] ApiDbMcu:532 - Load IP Config File for TIM6
2025-08-30 16:59:30,084 [INFO] ApiDbMcu:532 - Load IP Config File for UART4
2025-08-30 16:59:30,089 [INFO] ApiDbMcu:532 - Load IP Config File for UART5
2025-08-30 16:59:30,091 [WARN] IPConfigManager:3811 - IP not found : NVIC
2025-08-30 16:59:30,091 [WARN] IPConfigManager:3811 - IP not found : TIM
2025-08-30 16:59:30,092 [WARN] CodeGenerator:4259 - IP not found : null
2025-08-30 16:59:30,092 [WARN] CodeGenerator:4259 - IP not found : null
2025-08-30 16:59:30,099 [INFO] CodeEngine:265 - oldGeneratedFile, C:\Users\nicks\STM32CubeIDE\workspace_1.19.0\AFR\AFR\CM4\Core\Inc\main.h_save
2025-08-30 16:59:30,144 [INFO] CodeEngine:289 - Generated code: C:\Users\nicks\STM32CubeIDE\workspace_1.19.0\AFR\AFR\CM4\Core\Inc\main.h
2025-08-30 16:59:30,150 [INFO] CodeEngine:265 - oldGeneratedFile, C:\Users\nicks\STM32CubeIDE\workspace_1.19.0\AFR\AFR\CM4\Core\Src\main.c_save
2025-08-30 16:59:30,248 [INFO] CodeEngine:289 - Generated code: C:\Users\nicks\STM32CubeIDE\workspace_1.19.0\AFR\AFR\CM4\Core\Src\main.c
2025-08-30 16:59:30,661 [INFO] ProjectBuilder:3606 - Time for Copy HAL[1] : 254mS.
2025-08-30 16:59:30,676 [INFO] ProjectBuilder:5216 - Project Generator version: 4.7.0-B52
2025-08-30 16:59:30,730 [INFO] ConfigFileManager:1595 - The Die is : DIE450
2025-08-30 16:59:37,944 [INFO] ProjectBuilder:5496 - Time for Generating toolchain IDE Files: 7268mS.
2025-08-30 16:59:37,945 [INFO] ProjectBuilder:3463 - Time for Copy CMSIS : 0mS.
2025-08-30 16:59:37,951 [INFO] ProjectBuilder:3463 - Time for Copy CMSIS : 0mS.
