2025-07-22 04:25:04,421 [INFO] LogOutputStream:77 - [STDOUT_REDIRECT] 
2025-07-22 04:25:10,756 [INFO] ProjectBuilder:5496 - Time for Generating toolchain IDE Files: 7093mS.
2025-07-22 04:25:10,758 [INFO] ProjectBuilder:3463 - Time for Copy CMSIS : 1mS.
2025-07-22 04:25:10,765 [INFO] ProjectBuilder:3463 - Time for Copy CMSIS : 0mS.
2025-07-22 04:27:51,109 [INFO] NvicIntPanel:101 - NVIC parent = com.st.microxplorer.plugins.ip.nvic.MultiNvicIntPanel[,0,0,0x0,invalid,layout=javax.swing.BoxLayout,alignmentX=0.0,alignmentY=0.0,border=,flags=9,maximumSize=,minimumSize=,preferredSize=]
2025-07-22 04:27:52,453 [INFO] UtilMem:75 - End SaveConfig() Used Memory: 601271008 Bytes (1073741824)
2025-07-22 04:27:52,579 [INFO] UtilMem:75 - End SaveConfig() Used Memory: 565449592 Bytes (1073741824)
2025-07-22 04:27:53,152 [INFO] UtilMem:75 - End SaveConfig() Used Memory: 586943352 Bytes (1073741824)
2025-07-22 04:27:54,330 [ERROR] IocParser:95 - Exception caught: Cannot invoke "java.lang.CharSequence.length()" because "this.text" is null
2025-07-22 04:27:54,363 [INFO] BlockDiagram:2775 - set Specific Code input for plugin: FREERTOS
2025-07-22 04:27:54,363 [INFO] BlockDiagram:2775 - set Specific Code input for plugin: FREERTOS
2025-07-22 04:27:54,363 [INFO] BlockDiagram:2775 - set Specific Code input for plugin: RCC
2025-07-22 04:27:54,363 [INFO] BlockDiagram:2775 - set Specific Code input for plugin: USART
2025-07-22 04:27:54,364 [INFO] BlockDiagram:2775 - set Specific Code input for plugin: MEMORYMAP
2025-07-22 04:27:54,364 [INFO] BlockDiagram:2775 - set Specific Code input for plugin: SYS
2025-07-22 04:27:54,364 [INFO] BlockDiagram:2775 - set Specific Code input for plugin: DMA
2025-07-22 04:27:54,364 [INFO] BlockDiagram:2775 - set Specific Code input for plugin: NVIC2
2025-07-22 04:27:54,364 [INFO] BlockDiagram:2775 - set Specific Code input for plugin: GPIO
2025-07-22 04:27:54,364 [INFO] BlockDiagram:2775 - set Specific Code input for plugin: SYS_M4
2025-07-22 04:27:54,364 [INFO] BlockDiagram:2775 - set Specific Code input for plugin: NUCLEO-H755ZI-Q
2025-07-22 04:27:54,365 [INFO] BlockDiagram:2775 - set Specific Code input for plugin: NVIC1
2025-07-22 04:27:54,365 [INFO] CodeGenerator:892 - code generatio: config db path: C:\ST\STM32CubeIDE_1.19.0\STM32CubeIDE\plugins\com.st.stm32cube.common.mx_6.15.0.202507011659\\db\
2025-07-22 04:27:54,417 [ERROR] CodeGenerator:10662 - The current RTOS owner has not been found in the list of IPs
2025-07-22 04:27:54,417 [ERROR] CodeGenerator:10662 - The current RTOS owner has not been found in the list of IPs
2025-07-22 04:27:54,417 [INFO] CodeGenerator:1619 - *******************Project context M7 selected
2025-07-22 04:27:54,480 [INFO] CodeEngine:265 - oldGeneratedFile, C:\Users\nicks\STM32CubeIDE\workspace_1.19.0\AFR\WAYPOINTIFICATION\MXTmpFiles\license.tmp_save
2025-07-22 04:27:54,604 [INFO] CodeEngine:289 - Generated code: C:\Users\nicks\STM32CubeIDE\workspace_1.19.0\AFR\WAYPOINTIFICATION\MXTmpFiles\license.tmp
2025-07-22 04:27:54,662 [INFO] CodeEngine:265 - oldGeneratedFile, C:\Users\nicks\STM32CubeIDE\workspace_1.19.0\AFR\WAYPOINTIFICATION\CM7\MXTmpFiles\gpio.tmp_save
2025-07-22 04:27:54,732 [INFO] CodeEngine:289 - Generated code: C:\Users\nicks\STM32CubeIDE\workspace_1.19.0\AFR\WAYPOINTIFICATION\CM7\MXTmpFiles\gpio.tmp
2025-07-22 04:27:54,855 [WARN] IPConfigManager:103 - WARNING: Missing Config File for MEMORYMAP ip!!
2025-07-22 04:27:54,932 [WARN] IPConfigManager:103 - WARNING: Missing Config File for NVIC1 ip!!
2025-07-22 04:27:55,018 [ERROR] CodeGenerator:10662 - The current RTOS owner has not been found in the list of IPs
2025-07-22 04:27:55,023 [INFO] CodeEngine:265 - oldGeneratedFile, C:\Users\nicks\STM32CubeIDE\workspace_1.19.0\AFR\WAYPOINTIFICATION\CM7\MXTmpFiles\cortex.tmp_save
2025-07-22 04:27:55,073 [INFO] CodeEngine:289 - Generated code: C:\Users\nicks\STM32CubeIDE\workspace_1.19.0\AFR\WAYPOINTIFICATION\CM7\MXTmpFiles\cortex.tmp
2025-07-22 04:27:55,095 [INFO] CodeEngine:265 - oldGeneratedFile, C:\Users\nicks\STM32CubeIDE\workspace_1.19.0\AFR\WAYPOINTIFICATION\CM7\MXTmpFiles\dma.tmp_save
2025-07-22 04:27:55,137 [INFO] CodeEngine:289 - Generated code: C:\Users\nicks\STM32CubeIDE\workspace_1.19.0\AFR\WAYPOINTIFICATION\CM7\MXTmpFiles\dma.tmp
2025-07-22 04:27:55,142 [INFO] CodeEngine:265 - oldGeneratedFile, C:\Users\nicks\STM32CubeIDE\workspace_1.19.0\AFR\WAYPOINTIFICATION\CM7\MXTmpFiles\dma_GV.tmp_save
2025-07-22 04:27:55,184 [INFO] CodeEngine:289 - Generated code: C:\Users\nicks\STM32CubeIDE\workspace_1.19.0\AFR\WAYPOINTIFICATION\CM7\MXTmpFiles\dma_GV.tmp
2025-07-22 04:27:55,199 [INFO] Middleware:1452 - No code input for Bsp Dependency
2025-07-22 04:27:55,206 [INFO] CodeEngine:265 - oldGeneratedFile, C:\Users\nicks\STM32CubeIDE\workspace_1.19.0\AFR\WAYPOINTIFICATION\CM7\MXTmpFiles\rtos_inc.tmp_save
2025-07-22 04:27:55,250 [INFO] CodeEngine:289 - Generated code: C:\Users\nicks\STM32CubeIDE\workspace_1.19.0\AFR\WAYPOINTIFICATION\CM7\MXTmpFiles\rtos_inc.tmp
2025-07-22 04:27:55,255 [INFO] CodeEngine:265 - oldGeneratedFile, C:\Users\nicks\STM32CubeIDE\workspace_1.19.0\AFR\WAYPOINTIFICATION\CM7\MXTmpFiles\rtos_kernelInit.tmp_save
2025-07-22 04:27:55,311 [INFO] CodeEngine:289 - Generated code: C:\Users\nicks\STM32CubeIDE\workspace_1.19.0\AFR\WAYPOINTIFICATION\CM7\MXTmpFiles\rtos_kernelInit.tmp
2025-07-22 04:27:55,316 [INFO] CodeEngine:265 - oldGeneratedFile, C:\Users\nicks\STM32CubeIDE\workspace_1.19.0\AFR\WAYPOINTIFICATION\CM7\MXTmpFiles\rtos_kernelStart.tmp_save
2025-07-22 04:27:55,356 [INFO] CodeEngine:289 - Generated code: C:\Users\nicks\STM32CubeIDE\workspace_1.19.0\AFR\WAYPOINTIFICATION\CM7\MXTmpFiles\rtos_kernelStart.tmp
2025-07-22 04:27:55,361 [INFO] CodeEngine:265 - oldGeneratedFile, C:\Users\nicks\STM32CubeIDE\workspace_1.19.0\AFR\WAYPOINTIFICATION\CM7\MXTmpFiles\rtos_typedefs.tmp_save
2025-07-22 04:27:55,401 [INFO] CodeEngine:289 - Generated code: C:\Users\nicks\STM32CubeIDE\workspace_1.19.0\AFR\WAYPOINTIFICATION\CM7\MXTmpFiles\rtos_typedefs.tmp
2025-07-22 04:27:55,406 [INFO] CodeEngine:265 - oldGeneratedFile, C:\Users\nicks\STM32CubeIDE\workspace_1.19.0\AFR\WAYPOINTIFICATION\CM7\MXTmpFiles\rtos_vars.tmp_save
2025-07-22 04:27:55,448 [INFO] CodeEngine:289 - Generated code: C:\Users\nicks\STM32CubeIDE\workspace_1.19.0\AFR\WAYPOINTIFICATION\CM7\MXTmpFiles\rtos_vars.tmp
2025-07-22 04:27:55,452 [INFO] CodeEngine:265 - oldGeneratedFile, C:\Users\nicks\STM32CubeIDE\workspace_1.19.0\AFR\WAYPOINTIFICATION\CM7\MXTmpFiles\rtos_pfp.tmp_save
2025-07-22 04:27:55,491 [INFO] CodeEngine:289 - Generated code: C:\Users\nicks\STM32CubeIDE\workspace_1.19.0\AFR\WAYPOINTIFICATION\CM7\MXTmpFiles\rtos_pfp.tmp
2025-07-22 04:27:55,496 [INFO] CodeEngine:265 - oldGeneratedFile, C:\Users\nicks\STM32CubeIDE\workspace_1.19.0\AFR\WAYPOINTIFICATION\CM7\MXTmpFiles\rtos_obj_creat.tmp_save
2025-07-22 04:27:55,536 [INFO] CodeEngine:289 - Generated code: C:\Users\nicks\STM32CubeIDE\workspace_1.19.0\AFR\WAYPOINTIFICATION\CM7\MXTmpFiles\rtos_obj_creat.tmp
2025-07-22 04:27:55,541 [INFO] CodeEngine:265 - oldGeneratedFile, C:\Users\nicks\STM32CubeIDE\workspace_1.19.0\AFR\WAYPOINTIFICATION\CM7\MXTmpFiles\rtos_default_thread.tmp_save
2025-07-22 04:27:55,581 [INFO] CodeEngine:289 - Generated code: C:\Users\nicks\STM32CubeIDE\workspace_1.19.0\AFR\WAYPOINTIFICATION\CM7\MXTmpFiles\rtos_default_thread.tmp
2025-07-22 04:27:55,586 [INFO] CodeEngine:265 - oldGeneratedFile, C:\Users\nicks\STM32CubeIDE\workspace_1.19.0\AFR\WAYPOINTIFICATION\CM7\MXTmpFiles\rtos_threads.tmp_save
2025-07-22 04:27:55,627 [INFO] CodeEngine:289 - Generated code: C:\Users\nicks\STM32CubeIDE\workspace_1.19.0\AFR\WAYPOINTIFICATION\CM7\MXTmpFiles\rtos_threads.tmp
2025-07-22 04:27:55,632 [INFO] CodeEngine:265 - oldGeneratedFile, C:\Users\nicks\STM32CubeIDE\workspace_1.19.0\AFR\WAYPOINTIFICATION\CM7\Core\Inc\FreeRTOSConfig.h_save
2025-07-22 04:27:55,688 [INFO] CodeEngine:289 - Generated code: C:\Users\nicks\STM32CubeIDE\workspace_1.19.0\AFR\WAYPOINTIFICATION\CM7\Core\Inc\FreeRTOSConfig.h
2025-07-22 04:27:55,694 [INFO] CodeEngine:265 - oldGeneratedFile, C:\Users\nicks\STM32CubeIDE\workspace_1.19.0\AFR\WAYPOINTIFICATION\CM7\Core\Src\freertos.c_save
2025-07-22 04:27:55,742 [INFO] CodeEngine:289 - Generated code: C:\Users\nicks\STM32CubeIDE\workspace_1.19.0\AFR\WAYPOINTIFICATION\CM7\Core\Src\freertos.c
2025-07-22 04:27:55,763 [INFO] CodeEngine:265 - oldGeneratedFile, C:\Users\nicks\STM32CubeIDE\workspace_1.19.0\AFR\WAYPOINTIFICATION\CM7\Core\Inc\stm32h7xx_nucleo_conf.h_save
2025-07-22 04:27:55,811 [INFO] CodeEngine:289 - Generated code: C:\Users\nicks\STM32CubeIDE\workspace_1.19.0\AFR\WAYPOINTIFICATION\CM7\Core\Inc\stm32h7xx_nucleo_conf.h
2025-07-22 04:27:55,816 [INFO] CodeEngine:265 - oldGeneratedFile, C:\Users\nicks\STM32CubeIDE\workspace_1.19.0\AFR\WAYPOINTIFICATION\CM7\MXTmpFiles\bsp_inc.tmp_save
2025-07-22 04:27:55,855 [INFO] CodeEngine:289 - Generated code: C:\Users\nicks\STM32CubeIDE\workspace_1.19.0\AFR\WAYPOINTIFICATION\CM7\MXTmpFiles\bsp_inc.tmp
2025-07-22 04:27:55,859 [INFO] CodeEngine:265 - oldGeneratedFile, C:\Users\nicks\STM32CubeIDE\workspace_1.19.0\AFR\WAYPOINTIFICATION\CM7\MXTmpFiles\bsp_common_vars.tmp_save
2025-07-22 04:27:55,899 [INFO] CodeEngine:289 - Generated code: C:\Users\nicks\STM32CubeIDE\workspace_1.19.0\AFR\WAYPOINTIFICATION\CM7\MXTmpFiles\bsp_common_vars.tmp
2025-07-22 04:27:55,904 [INFO] CodeEngine:265 - oldGeneratedFile, C:\Users\nicks\STM32CubeIDE\workspace_1.19.0\AFR\WAYPOINTIFICATION\CM7\MXTmpFiles\bsp_common_init.tmp_save
2025-07-22 04:27:55,949 [INFO] CodeEngine:289 - Generated code: C:\Users\nicks\STM32CubeIDE\workspace_1.19.0\AFR\WAYPOINTIFICATION\CM7\MXTmpFiles\bsp_common_init.tmp
2025-07-22 04:27:55,955 [INFO] CodeEngine:265 - oldGeneratedFile, C:\Users\nicks\STM32CubeIDE\workspace_1.19.0\AFR\WAYPOINTIFICATION\CM7\MXTmpFiles\bsp_common_demo_before_while.tmp_save
2025-07-22 04:27:55,994 [INFO] CodeEngine:289 - Generated code: C:\Users\nicks\STM32CubeIDE\workspace_1.19.0\AFR\WAYPOINTIFICATION\CM7\MXTmpFiles\bsp_common_demo_before_while.tmp
2025-07-22 04:27:56,000 [INFO] CodeEngine:265 - oldGeneratedFile, C:\Users\nicks\STM32CubeIDE\workspace_1.19.0\AFR\WAYPOINTIFICATION\CM7\MXTmpFiles\bsp_common_demo_inside_while.tmp_save
2025-07-22 04:27:56,040 [INFO] CodeEngine:289 - Generated code: C:\Users\nicks\STM32CubeIDE\workspace_1.19.0\AFR\WAYPOINTIFICATION\CM7\MXTmpFiles\bsp_common_demo_inside_while.tmp
2025-07-22 04:27:56,045 [INFO] CodeEngine:265 - oldGeneratedFile, C:\Users\nicks\STM32CubeIDE\workspace_1.19.0\AFR\WAYPOINTIFICATION\CM7\MXTmpFiles\bsp_common_demo_fct.tmp_save
2025-07-22 04:27:56,085 [INFO] CodeEngine:289 - Generated code: C:\Users\nicks\STM32CubeIDE\workspace_1.19.0\AFR\WAYPOINTIFICATION\CM7\MXTmpFiles\bsp_common_demo_fct.tmp
2025-07-22 04:27:56,106 [INFO] CodeEngine:265 - oldGeneratedFile, C:\Users\nicks\STM32CubeIDE\workspace_1.19.0\AFR\WAYPOINTIFICATION\CM7\Core\Src\stm32h7xx_it.c_save
2025-07-22 04:27:56,166 [INFO] CodeEngine:289 - Generated code: C:\Users\nicks\STM32CubeIDE\workspace_1.19.0\AFR\WAYPOINTIFICATION\CM7\Core\Src\stm32h7xx_it.c
2025-07-22 04:27:56,172 [INFO] CodeEngine:265 - oldGeneratedFile, C:\Users\nicks\STM32CubeIDE\workspace_1.19.0\AFR\WAYPOINTIFICATION\CM7\Core\Inc\stm32h7xx_it.h_save
2025-07-22 04:27:56,216 [INFO] CodeEngine:289 - Generated code: C:\Users\nicks\STM32CubeIDE\workspace_1.19.0\AFR\WAYPOINTIFICATION\CM7\Core\Inc\stm32h7xx_it.h
2025-07-22 04:27:56,296 [INFO] CodeEngine:265 - oldGeneratedFile, C:\Users\nicks\STM32CubeIDE\workspace_1.19.0\AFR\WAYPOINTIFICATION\CM7\Core\Src\stm32h7xx_hal_msp.c_save
2025-07-22 04:27:56,364 [INFO] CodeEngine:289 - Generated code: C:\Users\nicks\STM32CubeIDE\workspace_1.19.0\AFR\WAYPOINTIFICATION\CM7\Core\Src\stm32h7xx_hal_msp.c
2025-07-22 04:27:56,369 [INFO] CodeEngine:265 - oldGeneratedFile, C:\Users\nicks\STM32CubeIDE\workspace_1.19.0\AFR\WAYPOINTIFICATION\CM7\MXTmpFiles\system.tmp_save
2025-07-22 04:27:56,409 [INFO] CodeEngine:289 - Generated code: C:\Users\nicks\STM32CubeIDE\workspace_1.19.0\AFR\WAYPOINTIFICATION\CM7\MXTmpFiles\system.tmp
2025-07-22 04:27:56,421 [INFO] CodeEngine:321 - oldGeneratedFile, C:\Users\nicks\STM32CubeIDE\workspace_1.19.0\AFR\WAYPOINTIFICATION\CM7\Core\Inc\stm32h7xx_hal_conf.h_save
2025-07-22 04:27:56,469 [INFO] CodeEngine:345 - Generated code: C:\Users\nicks\STM32CubeIDE\workspace_1.19.0\AFR\WAYPOINTIFICATION\CM7\Core\Inc\stm32h7xx_hal_conf.h
2025-07-22 04:27:56,499 [WARN] IPConfigManager:3811 - IP not found : NVIC
2025-07-22 04:27:56,501 [WARN] CodeGenerator:4259 - IP not found : null
2025-07-22 04:27:56,508 [INFO] CodeEngine:265 - oldGeneratedFile, C:\Users\nicks\STM32CubeIDE\workspace_1.19.0\AFR\WAYPOINTIFICATION\CM7\Core\Inc\main.h_save
2025-07-22 04:27:56,559 [INFO] CodeEngine:289 - Generated code: C:\Users\nicks\STM32CubeIDE\workspace_1.19.0\AFR\WAYPOINTIFICATION\CM7\Core\Inc\main.h
2025-07-22 04:27:56,567 [INFO] CodeEngine:265 - oldGeneratedFile, C:\Users\nicks\STM32CubeIDE\workspace_1.19.0\AFR\WAYPOINTIFICATION\CM7\Core\Src\main.c_save
2025-07-22 04:27:56,658 [INFO] CodeEngine:289 - Generated code: C:\Users\nicks\STM32CubeIDE\workspace_1.19.0\AFR\WAYPOINTIFICATION\CM7\Core\Src\main.c
2025-07-22 04:27:56,711 [INFO] CodeGenerator:1619 - *******************Project context M4 selected
2025-07-22 04:27:56,762 [INFO] CodeEngine:265 - oldGeneratedFile, C:\Users\nicks\STM32CubeIDE\workspace_1.19.0\AFR\WAYPOINTIFICATION\MXTmpFiles\license.tmp_save
2025-07-22 04:27:56,829 [INFO] CodeEngine:289 - Generated code: C:\Users\nicks\STM32CubeIDE\workspace_1.19.0\AFR\WAYPOINTIFICATION\MXTmpFiles\license.tmp
2025-07-22 04:27:56,849 [WARN] IPConfigManager:103 - WARNING: Missing Config File for NVIC2 ip!!
2025-07-22 04:27:56,854 [ERROR] CodeGenerator:10662 - The current RTOS owner has not been found in the list of IPs
2025-07-22 04:27:56,860 [INFO] CodeEngine:265 - oldGeneratedFile, C:\Users\nicks\STM32CubeIDE\workspace_1.19.0\AFR\WAYPOINTIFICATION\CM4\MXTmpFiles\cortex.tmp_save
2025-07-22 04:27:56,900 [INFO] CodeEngine:289 - Generated code: C:\Users\nicks\STM32CubeIDE\workspace_1.19.0\AFR\WAYPOINTIFICATION\CM4\MXTmpFiles\cortex.tmp
2025-07-22 04:27:56,911 [INFO] CodeEngine:265 - oldGeneratedFile, C:\Users\nicks\STM32CubeIDE\workspace_1.19.0\AFR\WAYPOINTIFICATION\CM4\MXTmpFiles\dma.tmp_save
2025-07-22 04:27:56,951 [INFO] CodeEngine:289 - Generated code: C:\Users\nicks\STM32CubeIDE\workspace_1.19.0\AFR\WAYPOINTIFICATION\CM4\MXTmpFiles\dma.tmp
2025-07-22 04:27:56,956 [INFO] CodeEngine:265 - oldGeneratedFile, C:\Users\nicks\STM32CubeIDE\workspace_1.19.0\AFR\WAYPOINTIFICATION\CM4\MXTmpFiles\dma_GV.tmp_save
2025-07-22 04:27:56,994 [INFO] CodeEngine:289 - Generated code: C:\Users\nicks\STM32CubeIDE\workspace_1.19.0\AFR\WAYPOINTIFICATION\CM4\MXTmpFiles\dma_GV.tmp
2025-07-22 04:27:57,012 [INFO] Middleware:1452 - No code input for Bsp Dependency
2025-07-22 04:27:57,019 [INFO] CodeEngine:265 - oldGeneratedFile, C:\Users\nicks\STM32CubeIDE\workspace_1.19.0\AFR\WAYPOINTIFICATION\CM4\MXTmpFiles\rtos_inc.tmp_save
2025-07-22 04:27:57,058 [INFO] CodeEngine:289 - Generated code: C:\Users\nicks\STM32CubeIDE\workspace_1.19.0\AFR\WAYPOINTIFICATION\CM4\MXTmpFiles\rtos_inc.tmp
2025-07-22 04:27:57,062 [INFO] CodeEngine:265 - oldGeneratedFile, C:\Users\nicks\STM32CubeIDE\workspace_1.19.0\AFR\WAYPOINTIFICATION\CM4\MXTmpFiles\rtos_kernelInit.tmp_save
2025-07-22 04:27:57,101 [INFO] CodeEngine:289 - Generated code: C:\Users\nicks\STM32CubeIDE\workspace_1.19.0\AFR\WAYPOINTIFICATION\CM4\MXTmpFiles\rtos_kernelInit.tmp
2025-07-22 04:27:57,105 [INFO] CodeEngine:265 - oldGeneratedFile, C:\Users\nicks\STM32CubeIDE\workspace_1.19.0\AFR\WAYPOINTIFICATION\CM4\MXTmpFiles\rtos_kernelStart.tmp_save
2025-07-22 04:27:57,143 [INFO] CodeEngine:289 - Generated code: C:\Users\nicks\STM32CubeIDE\workspace_1.19.0\AFR\WAYPOINTIFICATION\CM4\MXTmpFiles\rtos_kernelStart.tmp
2025-07-22 04:27:57,149 [INFO] CodeEngine:265 - oldGeneratedFile, C:\Users\nicks\STM32CubeIDE\workspace_1.19.0\AFR\WAYPOINTIFICATION\CM4\MXTmpFiles\rtos_typedefs.tmp_save
2025-07-22 04:27:57,187 [INFO] CodeEngine:289 - Generated code: C:\Users\nicks\STM32CubeIDE\workspace_1.19.0\AFR\WAYPOINTIFICATION\CM4\MXTmpFiles\rtos_typedefs.tmp
2025-07-22 04:27:57,192 [INFO] CodeEngine:265 - oldGeneratedFile, C:\Users\nicks\STM32CubeIDE\workspace_1.19.0\AFR\WAYPOINTIFICATION\CM4\MXTmpFiles\rtos_vars.tmp_save
2025-07-22 04:27:57,232 [INFO] CodeEngine:289 - Generated code: C:\Users\nicks\STM32CubeIDE\workspace_1.19.0\AFR\WAYPOINTIFICATION\CM4\MXTmpFiles\rtos_vars.tmp
2025-07-22 04:27:57,236 [INFO] CodeEngine:265 - oldGeneratedFile, C:\Users\nicks\STM32CubeIDE\workspace_1.19.0\AFR\WAYPOINTIFICATION\CM4\MXTmpFiles\rtos_pfp.tmp_save
2025-07-22 04:27:57,273 [INFO] CodeEngine:289 - Generated code: C:\Users\nicks\STM32CubeIDE\workspace_1.19.0\AFR\WAYPOINTIFICATION\CM4\MXTmpFiles\rtos_pfp.tmp
2025-07-22 04:27:57,278 [INFO] CodeEngine:265 - oldGeneratedFile, C:\Users\nicks\STM32CubeIDE\workspace_1.19.0\AFR\WAYPOINTIFICATION\CM4\MXTmpFiles\rtos_obj_creat.tmp_save
2025-07-22 04:27:57,319 [INFO] CodeEngine:289 - Generated code: C:\Users\nicks\STM32CubeIDE\workspace_1.19.0\AFR\WAYPOINTIFICATION\CM4\MXTmpFiles\rtos_obj_creat.tmp
2025-07-22 04:27:57,323 [INFO] CodeEngine:265 - oldGeneratedFile, C:\Users\nicks\STM32CubeIDE\workspace_1.19.0\AFR\WAYPOINTIFICATION\CM4\MXTmpFiles\rtos_default_thread.tmp_save
2025-07-22 04:27:57,361 [INFO] CodeEngine:289 - Generated code: C:\Users\nicks\STM32CubeIDE\workspace_1.19.0\AFR\WAYPOINTIFICATION\CM4\MXTmpFiles\rtos_default_thread.tmp
2025-07-22 04:27:57,365 [INFO] CodeEngine:265 - oldGeneratedFile, C:\Users\nicks\STM32CubeIDE\workspace_1.19.0\AFR\WAYPOINTIFICATION\CM4\MXTmpFiles\rtos_threads.tmp_save
2025-07-22 04:27:57,404 [INFO] CodeEngine:289 - Generated code: C:\Users\nicks\STM32CubeIDE\workspace_1.19.0\AFR\WAYPOINTIFICATION\CM4\MXTmpFiles\rtos_threads.tmp
2025-07-22 04:27:57,409 [INFO] CodeEngine:265 - oldGeneratedFile, C:\Users\nicks\STM32CubeIDE\workspace_1.19.0\AFR\WAYPOINTIFICATION\CM4\Core\Inc\FreeRTOSConfig.h_save
2025-07-22 04:27:57,457 [INFO] CodeEngine:289 - Generated code: C:\Users\nicks\STM32CubeIDE\workspace_1.19.0\AFR\WAYPOINTIFICATION\CM4\Core\Inc\FreeRTOSConfig.h
2025-07-22 04:27:57,464 [INFO] CodeEngine:265 - oldGeneratedFile, C:\Users\nicks\STM32CubeIDE\workspace_1.19.0\AFR\WAYPOINTIFICATION\CM4\Core\Src\freertos.c_save
2025-07-22 04:27:57,507 [INFO] CodeEngine:289 - Generated code: C:\Users\nicks\STM32CubeIDE\workspace_1.19.0\AFR\WAYPOINTIFICATION\CM4\Core\Src\freertos.c
2025-07-22 04:27:57,529 [INFO] CodeEngine:265 - oldGeneratedFile, C:\Users\nicks\STM32CubeIDE\workspace_1.19.0\AFR\WAYPOINTIFICATION\CM4\Core\Inc\stm32h7xx_nucleo_conf.h_save
2025-07-22 04:27:57,572 [INFO] CodeEngine:289 - Generated code: C:\Users\nicks\STM32CubeIDE\workspace_1.19.0\AFR\WAYPOINTIFICATION\CM4\Core\Inc\stm32h7xx_nucleo_conf.h
2025-07-22 04:27:57,577 [INFO] CodeEngine:265 - oldGeneratedFile, C:\Users\nicks\STM32CubeIDE\workspace_1.19.0\AFR\WAYPOINTIFICATION\CM4\MXTmpFiles\bsp_inc.tmp_save
2025-07-22 04:27:57,616 [INFO] CodeEngine:289 - Generated code: C:\Users\nicks\STM32CubeIDE\workspace_1.19.0\AFR\WAYPOINTIFICATION\CM4\MXTmpFiles\bsp_inc.tmp
2025-07-22 04:27:57,632 [INFO] CodeEngine:265 - oldGeneratedFile, C:\Users\nicks\STM32CubeIDE\workspace_1.19.0\AFR\WAYPOINTIFICATION\CM4\Core\Src\stm32h7xx_it.c_save
2025-07-22 04:27:57,679 [INFO] CodeEngine:289 - Generated code: C:\Users\nicks\STM32CubeIDE\workspace_1.19.0\AFR\WAYPOINTIFICATION\CM4\Core\Src\stm32h7xx_it.c
2025-07-22 04:27:57,684 [INFO] CodeEngine:265 - oldGeneratedFile, C:\Users\nicks\STM32CubeIDE\workspace_1.19.0\AFR\WAYPOINTIFICATION\CM4\Core\Inc\stm32h7xx_it.h_save
2025-07-22 04:27:57,736 [INFO] CodeEngine:289 - Generated code: C:\Users\nicks\STM32CubeIDE\workspace_1.19.0\AFR\WAYPOINTIFICATION\CM4\Core\Inc\stm32h7xx_it.h
2025-07-22 04:27:57,759 [INFO] CodeEngine:265 - oldGeneratedFile, C:\Users\nicks\STM32CubeIDE\workspace_1.19.0\AFR\WAYPOINTIFICATION\CM4\Core\Src\stm32h7xx_hal_msp.c_save
2025-07-22 04:27:57,819 [INFO] CodeEngine:289 - Generated code: C:\Users\nicks\STM32CubeIDE\workspace_1.19.0\AFR\WAYPOINTIFICATION\CM4\Core\Src\stm32h7xx_hal_msp.c
2025-07-22 04:27:57,824 [INFO] CodeEngine:265 - oldGeneratedFile, C:\Users\nicks\STM32CubeIDE\workspace_1.19.0\AFR\WAYPOINTIFICATION\CM4\MXTmpFiles\system.tmp_save
2025-07-22 04:27:57,864 [INFO] CodeEngine:289 - Generated code: C:\Users\nicks\STM32CubeIDE\workspace_1.19.0\AFR\WAYPOINTIFICATION\CM4\MXTmpFiles\system.tmp
2025-07-22 04:27:57,875 [INFO] CodeEngine:321 - oldGeneratedFile, C:\Users\nicks\STM32CubeIDE\workspace_1.19.0\AFR\WAYPOINTIFICATION\CM4\Core\Inc\stm32h7xx_hal_conf.h_save
2025-07-22 04:27:57,920 [INFO] CodeEngine:345 - Generated code: C:\Users\nicks\STM32CubeIDE\workspace_1.19.0\AFR\WAYPOINTIFICATION\CM4\Core\Inc\stm32h7xx_hal_conf.h
2025-07-22 04:27:57,932 [WARN] IPConfigManager:3811 - IP not found : NVIC
2025-07-22 04:27:57,933 [WARN] CodeGenerator:4259 - IP not found : null
2025-07-22 04:27:57,939 [INFO] CodeEngine:265 - oldGeneratedFile, C:\Users\nicks\STM32CubeIDE\workspace_1.19.0\AFR\WAYPOINTIFICATION\CM4\Core\Inc\main.h_save
2025-07-22 04:27:57,989 [INFO] CodeEngine:289 - Generated code: C:\Users\nicks\STM32CubeIDE\workspace_1.19.0\AFR\WAYPOINTIFICATION\CM4\Core\Inc\main.h
2025-07-22 04:27:57,994 [INFO] CodeEngine:265 - oldGeneratedFile, C:\Users\nicks\STM32CubeIDE\workspace_1.19.0\AFR\WAYPOINTIFICATION\CM4\Core\Src\main.c_save
2025-07-22 04:27:58,066 [INFO] CodeEngine:289 - Generated code: C:\Users\nicks\STM32CubeIDE\workspace_1.19.0\AFR\WAYPOINTIFICATION\CM4\Core\Src\main.c
2025-07-22 04:27:58,488 [INFO] ProjectBuilder:3606 - Time for Copy HAL[1] : 248mS.
2025-07-22 04:27:58,503 [INFO] ProjectBuilder:5216 - Project Generator version: 4.7.0-B52
2025-07-22 04:27:58,560 [INFO] ConfigFileManager:1595 - The Die is : DIE450
2025-07-22 04:28:04,232 [INFO] ProjectBuilder:5496 - Time for Generating toolchain IDE Files: 5729mS.
2025-07-22 04:28:04,233 [INFO] ProjectBuilder:3463 - Time for Copy CMSIS : 1mS.
2025-07-22 04:28:04,239 [INFO] ProjectBuilder:3463 - Time for Copy CMSIS : 0mS.
2025-07-22 04:34:20,706 [INFO] MainUpdater:2872 - connection check result : 10
2025-07-22 04:34:20,709 [INFO] McuFinderGlobals:76 - Set McuFinderConnectedMode to true
2025-07-22 04:34:21,011 [INFO] ServerAccessManage:452 - Complete download http(s) 200
2025-07-22 04:34:21,014 [INFO] ServerAccessManage:509 - Download File mcusAds.json._tmp_
2025-07-22 04:34:21,128 [INFO] LoadUrlFilesThread:156 - End of LoadUrlFiles Thread
2025-07-22 04:34:22,943 [INFO] ServerAccessManage:452 - Complete download http(s) 200
2025-07-22 04:34:22,944 [INFO] ServerAccessManage:509 - Download File cube-finder-db.zip
2025-07-22 04:34:26,046 [INFO] FileExtend:248 - Unzip File : cube-finder-db.zip
2025-07-22 04:34:26,046 [INFO] FileExtend:263 - Standard Zip Deflate
2025-07-22 04:34:26,558 [INFO] LoadUrlFilesThread:156 - End of LoadUrlFiles Thread
2025-07-22 04:34:27,827 [INFO] ServerAccessManage:452 - Complete download http(s) 200
2025-07-22 04:34:27,828 [INFO] ServerAccessManage:509 - Download File crdb.zip
2025-07-22 04:34:29,437 [INFO] FileExtend:248 - Unzip File : crdb.zip
2025-07-22 04:34:29,437 [INFO] FileExtend:263 - Standard Zip Deflate
2025-07-22 04:34:29,553 [INFO] LoadUrlFilesThread:156 - End of LoadUrlFiles Thread
2025-07-22 04:34:31,285 [INFO] ServerAccessManage:452 - Complete download http(s) 200
2025-07-22 04:34:31,285 [INFO] ServerAccessManage:509 - Download File tutoVideoDB.zip
2025-07-22 04:34:31,298 [INFO] FileExtend:248 - Unzip File : tutoVideoDB.zip
2025-07-22 04:34:31,298 [INFO] FileExtend:263 - Standard Zip Deflate
2025-07-22 04:34:31,402 [INFO] LoadUrlFilesThread:156 - End of LoadUrlFiles Thread
2025-07-22 04:34:31,404 [WARN] DbFile:41 - Overriding database path with different value: C:\Users\nicks\.stmcufinder\plugins\mcufinder/ => C:\Users\nicks\.stmcufinder\plugins\mcufinder
2025-07-22 04:34:32,207 [INFO] ServerAccessManage:452 - Complete download http(s) 200
2025-07-22 04:34:32,208 [INFO] ServerAccessManage:509 - Download File api_config.json
2025-07-22 04:34:32,312 [INFO] LoadUrlFilesThread:156 - End of LoadUrlFiles Thread
2025-07-22 04:34:32,313 [INFO] DbMcusAds:53 - JSON generation date=Tue Jul 08 18:14:23 AEST 2025 (1751962463524)
2025-07-22 04:34:32,316 [INFO] ApiDb:448 - Save user favorites file C:\Users\nicks/.stm32cubeide/favorites.mcus.txt: 0 item(s)
2025-07-22 04:34:32,316 [INFO] ApiDb:452 - User favorites MCUs=[]
2025-07-22 04:34:32,317 [INFO] ApiDb:581 - Connected to CubeFinder SQLite database (C:\Users\nicks\.stmcufinder\plugins\mcufinder\mcu\cube-finder-db.db)
2025-07-22 04:34:32,374 [INFO] ApiDb:668 - CubeFinder database Data Model version=2.1
2025-07-22 04:34:32,374 [INFO] ApiDb:669 - CubeFinder database Configuration version=3.0.39
2025-07-22 04:34:32,375 [INFO] ApiDb:670 - CubeFinder database generation date=2025-07-18 (1752785937)
2025-07-22 04:34:32,375 [INFO] ApiDb:671 - CubeFinder database FW Pack versions=[FP-ATR-ASTRA1_V2.0.0, FP-SNS-FLIGHT1_V5.1.0, FP-SNS-MOTENV1_V5.0.0, FP-SNS-MOTENVWB1_V1.4.0, FP-SNS-SMARTAG2_V1.2.0, FP-SNS-STBOX1_V2.0.0, STM32Cube_FW_C0_V1.4.0, STM32Cube_FW_F4_V1.28.2, STM32Cube_FW_F7_V1.17.3, STM32Cube_FW_G0_V1.6.2, STM32Cube_FW_G4_V1.6.1, STM32Cube_FW_H5_V1.5.0, STM32Cube_FW_H7RS_V1.2.0, STM32Cube_FW_H7_V1.12.1, STM32Cube_FW_L0_V1.12.2, STM32Cube_FW_L4_V1.18.1, STM32Cube_FW_L5_V1.5.1, STM32Cube_FW_N6_V1.2.0, STM32Cube_FW_U0_V1.3.0, STM32Cube_FW_U3_V1.2.0, STM32Cube_FW_U5_V1.8.0, STM32Cube_FW_WB0_V1.3.0, STM32Cube_FW_WBA_V1.7.0, STM32Cube_FW_WB_V1.23.0, STM32Cube_FW_WL3_V1.2.0, STM32Cube_FW_WL_V1.3.1, X-CUBE-ALGOBUILD_V1.4.0, X-CUBE-ALS_V1.0.2, X-CUBE-AZRTOS-F4_V1.1.0, X-CUBE-AZRTOS-F7_V1.1.0, X-CUBE-AZRTOS-G0_V1.1.0, X-CUBE-AZRTOS-G4_V2.0.0, X-CUBE-AZRTOS-H7RS_V1.1.0, X-CUBE-AZRTOS-H7_V3.3.0, X-CUBE-AZRTOS-L4_V2.0.0, X-CUBE-AZRTOS-L5_V2.0.0, X-CUBE-AZRTOS-WB_V2.0.0, X-CUBE-AZRTOS-WL_V2.0.0, X-CUBE-BLE1_V7.1.0, X-CUBE-BLE2_V3.3.0, X-CUBE-BLEMGR_V4.0.0, X-CUBE-EEPRMA1_V5.1.0, X-CUBE-FREERTOS_V1.3.1, X-CUBE-GNSS1_V6.0.0, X-CUBE-MEMS1_V11.3.0, X-CUBE-NFC4_V3.0.0, X-CUBE-NFC7_V2.0.0, X-CUBE-SFXS2LP1_V4.0.0, X-CUBE-SUBG2_V5.0.0, X-CUBE-TOF1_V3.4.3]
2025-07-22 04:34:34,152 [INFO] ApiDb:240 - Found 880 in-development CPN: [B-G473E-ZEST1S, B-WB1M-WPAN1, B-WBA5M-WPAN, B-WL5M-SUBG1, NUCLEO-C031C6, NUCLEO-C051C8, NUCLEO-C071RB, NUCLEO-C092RC, NUCLEO-H503RB, NUCLEO-H533RE, NUCLEO-H563ZI, NUCLEO-H7S3L8, NUCLEO-N657X0-Q, NUCLEO-U031R8, NUCLEO-U083RC, NUCLEO-U385RG-Q, NUCLEO-U545RE-Q, NUCLEO-U5A5ZJ-Q, NUCLEO-WB05KZ, NUCLEO-WB07CC, NUCLEO-WB09KE, NUCLEO-WBA52CG, NUCLEO-WBA55CG, NUCLEO-WL33CC1, NUCLEO-WL33CC2, STEVAL-PROTEUS1, STEVAL-SMARTAG2, STEVAL-STWINBX1, STM320518-EVAL, STM32C0116-DK, STM32C011D6Y3TR, STM32C011D6Y6TR, STM32C011F4P3, STM32C011F4P6, STM32C011F4U3, STM32C011F4U6TR, STM32C011F6P3, STM32C011F6P6, STM32C011F6U3, STM32C011F6U6TR, STM32C011J4M3, STM32C011J4M6, STM32C011J6M3, STM32C011J6M6, STM32C0316-DK, STM32C031C4T3, STM32C031C4T6, STM32C031C4U3, STM32C031C4U6, STM32C031C6T3, STM32C031C6T6, STM32C031C6U3, STM32C031C6U6, STM32C031F4P3, STM32C031F4P6, STM32C031F6P3, STM32C031F6P6, STM32C031G4U3, STM32C031G4U6, STM32C031G6U3, STM32C031G6U6, STM32C031K4T3, STM32C031K4T6, STM32C031K4U3, STM32C031K4U6, STM32C031K6T3, STM32C031K6T6, STM32C031K6U3, STM32C031K6U6, STM32C051C6T6, STM32C051C6U6, STM32C051C8T6, STM32C051C8U6, STM32C051D8Y6TR, STM32C051F6P6, STM32C051F8P6, STM32C051G6U6, STM32C051G8U6, STM32C051K6T6, STM32C051K6U6, STM32C051K8T6, STM32C071C8T6, STM32C071C8T6N, STM32C071C8U6, STM32C071C8U6N, STM32C071CBT6, STM32C071CBT6N, STM32C071CBU6, STM32C071CBU6N, STM32C071F8P6, STM32C071F8P6N, STM32C071FBP6, STM32C071FBP6N, STM32C071FBY6TR, STM32C071G8U6, STM32C071G8U6N, STM32C071GBU6, STM32C071GBU6N, STM32C071K8T6, STM32C071K8T6N, STM32C071K8U6, STM32C071K8U6N, STM32C071KBT6, STM32C071KBT6N, STM32C071KBU6, STM32C071KBU6N, STM32C071R8T6, STM32C071R8T6N, STM32C071RBI6N, STM32C071RBT6, STM32C071RBT6N, STM32C091CBT6, STM32C091CBU6, STM32C091CCT6, STM32C091CCU6, STM32C091ECY6TR, STM32C091FBP6, STM32C091FCP6, STM32C091GBU6, STM32C091GCU6, STM32C091KBT6, STM32C091KBU6, STM32C091KCT6, STM32C091KCU6, STM32C091RBT6, STM32C091RCI6, STM32C091RCT6, STM32C092CBT6, STM32C092CBU6, STM32C092CCT6, STM32C092CCU6, STM32C092ECY6TR, STM32C092FBP6, STM32C092FCP6, STM32C092GBU6, STM32C092GCU6, STM32C092KBT6, STM32C092KBU6, STM32C092KCT6, STM32C092KCU6, STM32C092RBT6, STM32C092RCI6, STM32C092RCT6, STM32G071K8TXN, STM32G071K8UXN, STM32G081GBU6N, STM32G081KBT6N, STM32G081KBUXN, STM32G0B1CCT6N, STM32G0B1KCT6, STM32G0B1NEY6TR, STM32G0B1RCT6N, STM32G0C1CCT6, STM32G0C1CCT6N, STM32G0C1CCU6N, STM32G0C1CET6N, STM32G0C1CEU6N, STM32G0C1KCT6, STM32G0C1NEY6TR, STM32G0C1RCI6N, STM32G0C1RCT6N, STM32G0C1REI6N, STM32G0C1RET6N, STM32G0C1VCI6, STM32G0C1VEI6, STM32G411C6T3, STM32G411C6T6, STM32G411C6U3, STM32G411C6U6, STM32G411C8T3, STM32G411C8T6, STM32G411C8U3, STM32G411C8U6, STM32G411CBT3, STM32G411CBT6, STM32G411CBU3, STM32G411CBU6, STM32G411K6T3, STM32G411K6T6, STM32G411K6U3, STM32G411K6U6, STM32G411K8T3, STM32G411K8T6, STM32G411K8U3, STM32G411K8U6, STM32G411KBT3, STM32G411KBT6, STM32G411KBU3, STM32G411KBU6, STM32G411M6T3, STM32G411M6T6, STM32G411M8T3, STM32G411M8T6, STM32G411MBT3, STM32G411MBT6, STM32G411R6T3, STM32G411R6T6, STM32G411R8T3, STM32G411R8T6, STM32G411RBT3, STM32G411RBT6, STM32G414CBT3, STM32G414CBT6, STM32G414CBU3, STM32G414CBU6, STM32G414CCT3, STM32G414CCT6, STM32G414CCU3, STM32G414CCU6, STM32G414MBT3, STM32G414MBT6, STM32G414MCT3, STM32G414MCT6, STM32G414RBT3, STM32G414RBT6, STM32G414RCT3, STM32G414RCT6, STM32G414VBT3, STM32G414VBT6, STM32G414VCT3, STM32G414VCT6, STM32G431CBT3Z, STM32G431RBT3Z, STM32G471CCT6, STM32G471CCU6, STM32G471CET3, STM32G471CET6, STM32G471CEU3, STM32G471CEU6, STM32G471MCT6, STM32G471MET3, STM32G471MET6, STM32G471MEY6TR, STM32G471QCT6, STM32G471QET3, STM32G471RCT6, STM32G471RET3, STM32G471RET6, STM32G471VCH6, STM32G471VCI6, STM32G471VCT6, STM32G471VEH3, STM32G471VEH6, STM32G471VEI3, STM32G471VEI6, STM32G471VET3, STM32G471VET6, STM32G473QET3Z, STM32G473RET3Z, STM32G474CCT6, STM32G491RET3Z, STM32H503CBT6, STM32H503CBU6, STM32H503EBY6TR, STM32H503KBU6, STM32H503RBT6, STM32H523CCT6, STM32H523CCU6, STM32H523CET6, STM32H523CEU6, STM32H523HEY6TR, STM32H523RCT6, STM32H523RET6, STM32H523VCI6, STM32H523VCT6, STM32H523VEI6, STM32H523VET6, STM32H523ZCJ6, STM32H523ZCT6, STM32H523ZEJ6, STM32H523ZET6, STM32H533CET6, STM32H533CEU6, STM32H533HEY6TR, STM32H533RET6, STM32H533VEI6, STM32H533VET6, STM32H533ZEJ6, STM32H533ZET6, STM32H562AGI6, STM32H562AII6, STM32H562IGK6, STM32H562IGT6, STM32H562IIK6, STM32H562IIT6, STM32H562RGT6, STM32H562RGV6, STM32H562RIT6, STM32H562RIV6, STM32H562VGT6, STM32H562VIT6, STM32H562ZGT6, STM32H562ZIT6, STM32H563AGI6, STM32H563AII3Q, STM32H563AII6, STM32H563IGK6, STM32H563IGT6, STM32H563IIK3Q, STM32H563IIK6, STM32H563IIT3Q, STM32H563IIT6, STM32H563MIY3QTR, STM32H563RGT6, STM32H563RGV6, STM32H563RIT6, STM32H563RIV6, STM32H563VGT6, STM32H563VIT3Q, STM32H563VIT6, STM32H563ZGT6, STM32H563ZIT3Q, STM32H563ZIT6, STM32H573AII3Q, STM32H573AII6, STM32H573I-DK, STM32H573IIK3Q, STM32H573IIK6, STM32H573IIT3Q, STM32H573IIT6, STM32H573MIY3QTR, STM32H573RIT6, STM32H573RIV6, STM32H573VIT3Q, STM32H573VIT6, STM32H573ZIT3Q, STM32H573ZIT6, STM32H7R3A8I6, STM32H7R3I8K6, STM32H7R3I8T6, STM32H7R3L8H6, STM32H7R3L8H6H, STM32H7R3R8V6, STM32H7R3V8H6, STM32H7R3V8T6, STM32H7R3V8Y6TR, STM32H7R3Z8J6, STM32H7R3Z8T6, STM32H7R7A8I6, STM32H7R7I8K6, STM32H7R7I8T6, STM32H7R7L8H6, STM32H7R7L8H6H, STM32H7R7Z8J6, STM32H7S3A8I6, STM32H7S3I8K6, STM32H7S3I8T6, STM32H7S3L8H6, STM32H7S3L8H6H, STM32H7S3R8V6, STM32H7S3V8H6, STM32H7S3V8T6, STM32H7S3V8Y6TR, STM32H7S3Z8J6, STM32H7S3Z8T6, STM32H7S78-DK, STM32H7S7A8I6, STM32H7S7I8K6, STM32H7S7I8T6, STM32H7S7L8H6, STM32H7S7L8H6H, STM32H7S7Z8J6, STM32L4R5QGI6STR, STM32MP131AAE3, STM32MP131AAF3, STM32MP131AAG3, STM32MP131CAE3, STM32MP131CAF3, STM32MP131CAG3, STM32MP131DAE7, STM32MP131DAF7, STM32MP131DAG7, STM32MP131FAE7, STM32MP131FAF7, STM32MP131FAG7, STM32MP133AAE3, STM32MP133AAF3, STM32MP133AAG3, STM32MP133CAE3, STM32MP133CAF3, STM32MP133CAG3, STM32MP133DAE7, STM32MP133DAF7, STM32MP133DAG7, STM32MP133FAE7, STM32MP133FAF7, STM32MP133FAG7, STM32MP135AAE3, STM32MP135AAF3, STM32MP135AAG3, STM32MP135CAE3, STM32MP135CAF3, STM32MP135CAG3, STM32MP135DAE7, STM32MP135DAF7, STM32MP135DAG7, STM32MP135F-DK, STM32MP135FAE7, STM32MP135FAF7, STM32MP135FAF7T, STM32MP135FAF7U, STM32MP135FAG7, STM32MP211AAL3, STM32MP211AAM3, STM32MP211AAN3, STM32MP211AAO3, STM32MP211CAL3, STM32MP211CAM3, STM32MP211CAN3, STM32MP211CAO3, STM32MP211DAL3, STM32MP211DAM3, STM32MP211DAN3, STM32MP211DAO3, STM32MP211FAL3, STM32MP211FAM3, STM32MP211FAN3, STM32MP211FAO3, STM32MP213AAL3, STM32MP213AAM3, STM32MP213AAN3, STM32MP213AAO3, STM32MP213CAL3, STM32MP213CAM3, STM32MP213CAN3, STM32MP213CAO3, STM32MP213DAL3, STM32MP213DAM3, STM32MP213DAN3, STM32MP213DAO3, STM32MP213FAL3, STM32MP213FAM3, STM32MP213FAN3, STM32MP213FAO3, STM32MP215AAL3, STM32MP215AAM3, STM32MP215AAN3, STM32MP215AAO3, STM32MP215CAL3, STM32MP215CAM3, STM32MP215CAN3, STM32MP215CAO3, STM32MP215DAL3, STM32MP215DAM3, STM32MP215DAN3, STM32MP215DAO3, STM32MP215F-DK, STM32MP215FAL3, STM32MP215FAM3, STM32MP215FAN3, STM32MP215FAO3, STM32MP231AAJ3, STM32MP231AAK3, STM32MP231AAL3, STM32MP231CAJ3, STM32MP231CAK3, STM32MP231CAL3, STM32MP231DAJ3, STM32MP231DAK3, STM32MP231DAL3, STM32MP231FAJ3, STM32MP231FAK3, STM32MP231FAL3, STM32MP233AAJ3, STM32MP233AAK3, STM32MP233AAL3, STM32MP233CAJ3, STM32MP233CAK3, STM32MP233CAL3, STM32MP233DAJ3, STM32MP233DAK3, STM32MP233DAL3, STM32MP233FAJ3, STM32MP233FAK3, STM32MP233FAL3, STM32MP235AAJ3, STM32MP235AAK3, STM32MP235AAL3, STM32MP235CAJ3, STM32MP235CAK3, STM32MP235CAL3, STM32MP235DAJ3, STM32MP235DAK3, STM32MP235DAL3, STM32MP235FAJ3, STM32MP235FAK3, STM32MP235FAL3, STM32MP251AAI3, STM32MP251AAK3, STM32MP251AAL3, STM32MP251CAI3, STM32MP251CAK3, STM32MP251CAL3, STM32MP251DAI3, STM32MP251DAK3, STM32MP251DAL3, STM32MP251FAI3, STM32MP251FAK3, STM32MP251FAL3, STM32MP253AAI3, STM32MP253AAK3, STM32MP253AAL3, STM32MP253CAI3, STM32MP253CAK3, STM32MP253CAL3, STM32MP253DAI3, STM32MP253DAK3, STM32MP253DAL3, STM32MP253FAI3, STM32MP253FAK3, STM32MP253FAL3, STM32MP255AAI3, STM32MP255AAK3, STM32MP255AAL3, STM32MP255CAI3, STM32MP255CAK3, STM32MP255CAL3, STM32MP255DAI3, STM32MP255DAK3, STM32MP255DAL3, STM32MP255FAI3, STM32MP255FAK3, STM32MP255FAL3, STM32MP257AAI3, STM32MP257AAK3, STM32MP257AAL3, STM32MP257CAI3, STM32MP257CAK3, STM32MP257CAL3, STM32MP257DAI3, STM32MP257DAK3, STM32MP257DAL3, STM32MP257F-DK, STM32MP257F-EV1, STM32MP257FAI3, STM32MP257FAK3, STM32MP257FAL3, STM32N645A0H3Q, STM32N645B0H3Q, STM32N645I0H3Q, STM32N645L0H3Q, STM32N645X0H3Q, STM32N645Z0H3Q, STM32N647A0H3Q, STM32N647B0H3Q, STM32N647I0H3Q, STM32N647L0H3Q, STM32N647X0H3Q, STM32N647Z0H3Q, STM32N655A0H3Q, STM32N655B0H3Q, STM32N655I0H3Q, STM32N655L0H3Q, STM32N655X0H3Q, STM32N655Z0H3Q, STM32N6570-DK, STM32N657A0H3Q, STM32N657B0H3Q, STM32N657I0H3Q, STM32N657L0H3Q, STM32N657X0H3Q, STM32N657Z0H3Q, STM32U031C6T6, STM32U031C6U6, STM32U031C8T6, STM32U031C8U6, STM32U031F4P6, STM32U031F6P6, STM32U031F8P6, STM32U031G6Y6TR, STM32U031G8Y6TR, STM32U031K4U6, STM32U031K6U6, STM32U031K8U6, STM32U031R6I6, STM32U031R6T6, STM32U031R8I6, STM32U031R8T6, STM32U073C8T6, STM32U073C8U6, STM32U073CBT6, STM32U073CBU6, STM32U073CCT6, STM32U073CCU6, STM32U073H8Y6TR, STM32U073HBY6TR, STM32U073HCY6TR, STM32U073K8U6, STM32U073KBU6, STM32U073KCU6, STM32U073M8I6, STM32U073M8T6, STM32U073MBI6, STM32U073MBT6, STM32U073MCI6, STM32U073MCT6, STM32U073R8I6, STM32U073R8T6, STM32U073RBI6, STM32U073RBT6, STM32U073RCI6, STM32U073RCT6, STM32U083C-DK, STM32U083CCT6, STM32U083CCU6, STM32U083HCY6TR, STM32U083KCU6, STM32U083MCI6, STM32U083MCT6, STM32U083RCI6, STM32U083RCT6, STM32U375CET6, STM32U375CET6Q, STM32U375CEU6, STM32U375CEU6Q, STM32U375CEY6QTR, STM32U375CGT6, STM32U375CGT6Q, STM32U375CGU6, STM32U375CGU6Q, STM32U375CGY6QTR, STM32U375KEU6, STM32U375KGU6, STM32U375REI6, STM32U375REI6Q, STM32U375RET6, STM32U375RET6Q, STM32U375REY6GTR, STM32U375REY6QTR, STM32U375RGI6, STM32U375RGI6Q, STM32U375RGT6, STM32U375RGT6Q, STM32U375RGY6GTR, STM32U375RGY6QTR, STM32U375VEI6, STM32U375VEI6Q, STM32U375VET6, STM32U375VET6Q, STM32U375VGI6, STM32U375VGI6Q, STM32U375VGT6, STM32U375VGT6Q, STM32U385CGT6, STM32U385CGT6Q, STM32U385CGU6, STM32U385CGU6Q, STM32U385CGY6QTR, STM32U385KGU6, STM32U385RGI6, STM32U385RGI6Q, STM32U385RGT6, STM32U385RGT6Q, STM32U385RGY6GTR, STM32U385RGY6QTR, STM32U385VGI6, STM32U385VGI6Q, STM32U385VGT6, STM32U385VGT6Q, STM32U535CBT6, STM32U535CBT6Q, STM32U535CBU6, STM32U535CBU6Q, STM32U535CCT6, STM32U535CCT6Q, STM32U535CCU6, STM32U535CCU6Q, STM32U535CET6, STM32U535CET6Q, STM32U535CEU6, STM32U535CEU6Q, STM32U535JEY6QTR, STM32U535NCY6QTR, STM32U535NEY6QTR, STM32U535RBI6, STM32U535RBI6Q, STM32U535RBT6, STM32U535RBT6Q, STM32U535RCI6, STM32U535RCI6Q, STM32U535RCT6, STM32U535RCT6Q, STM32U535REI6, STM32U535REI6Q, STM32U535RET6, STM32U535RET6Q, STM32U535VCI6, STM32U535VCI6Q, STM32U535VCT6, STM32U535VCT6Q, STM32U535VEI6, STM32U535VEI6Q, STM32U535VET6, STM32U535VET6Q, STM32U545CET6, STM32U545CET6Q, STM32U545CEU6, STM32U545CEU6Q, STM32U545JEY6QTR, STM32U545NEY6QTR, STM32U545REI6, STM32U545REI6Q, STM32U545RET6, STM32U545RET6Q, STM32U545VEI6, STM32U545VEI6Q, STM32U545VET6, STM32U545VET6Q, STM32U595AIH6, STM32U595AIH6Q, STM32U595AJH6, STM32U595AJH6Q, STM32U595QII6, STM32U595QII6Q, STM32U595QJI6, STM32U595QJI6Q, STM32U595RIT6, STM32U595RIT6Q, STM32U595RJT6, STM32U595RJT6Q, STM32U595VIT6, STM32U595VIT6Q, STM32U595VJT6, STM32U595VJT6Q, STM32U595ZIT6, STM32U595ZIT6Q, STM32U595ZIY6QTR, STM32U595ZJT6, STM32U595ZJT6Q, STM32U595ZJY6QTR, STM32U599BJY6QTR, STM32U599NIH6Q, STM32U599NJH6Q, STM32U599VIT6Q, STM32U599VJT6, STM32U599VJT6Q, STM32U599ZIT6Q, STM32U599ZIY6QTR, STM32U599ZJT6Q, STM32U599ZJY6QTR, STM32U5A5AJH6, STM32U5A5AJH6Q, STM32U5A5QII3Q , STM32U5A5QJI6, STM32U5A5QJI6Q, STM32U5A5RJT6, STM32U5A5RJT6Q, STM32U5A5VJT6, STM32U5A5VJT6Q, STM32U5A5ZJT6, STM32U5A5ZJT6Q, STM32U5A5ZJY6QTR, STM32U5A9BJY6QTR, STM32U5A9J-DK, STM32U5A9NJH6Q, STM32U5A9VJT6Q, STM32U5A9ZJT6Q, STM32U5A9ZJY6QTR, STM32U5F7VIT6, STM32U5F7VIT6Q, STM32U5F7VJT6, STM32U5F7VJT6Q, STM32U5F9BJY6QTR, STM32U5F9NJH6Q, STM32U5F9VIT6Q, STM32U5F9VJT6Q, STM32U5F9ZIJ6QTR, STM32U5F9ZIT6Q, STM32U5F9ZJJ6QTR, STM32U5F9ZJT6Q, STM32U5G7VJT6, STM32U5G7VJT6Q, STM32U5G9BJY6QTR, STM32U5G9J-DK1, STM32U5G9J-DK2, STM32U5G9NJH6Q, STM32U5G9VJT6Q, STM32U5G9ZJJ6QTR, STM32U5G9ZJT6Q, STM32WB05KZV6TR, STM32WB05KZV7TR, STM32WB05TZF6TR, STM32WB05TZF7TR, STM32WB06CCF6TR, STM32WB06CCF7TR, STM32WB06CCV6TR, STM32WB06CCV7TR, STM32WB06KCV6TR, STM32WB06KCV7TR, STM32WB07CCF6TR, STM32WB07CCF7TR, STM32WB07CCV6TR, STM32WB07CCV7TR, STM32WB07KCV6TR, STM32WB07KCV7TR, STM32WB09KEV6TR, STM32WB09KEV7TR, STM32WB09TEF6TR, STM32WB09TEF7TR, STM32WB1MMCH6, STM32WBA50KGU6, STM32WBA50KGU6TR, STM32WBA52CEU6, STM32WBA52CEU6TR, STM32WBA52CEU7, STM32WBA52CEU7TR, STM32WBA52CGU6, STM32WBA52CGU6TR, STM32WBA52CGU6U, STM32WBA52CGU7, STM32WBA52CGU7TR, STM32WBA52KEU6, STM32WBA52KEU6TR, STM32WBA52KGU6, STM32WBA52KGU6TR, STM32WBA54CEU6, STM32WBA54CEU6TR, STM32WBA54CEU7, STM32WBA54CEU7TR, STM32WBA54CGU6, STM32WBA54CGU6TR, STM32WBA54CGU7, STM32WBA54CGU7TR, STM32WBA54KEU6, STM32WBA54KEU6TR, STM32WBA54KEU7, STM32WBA54KEU7TR, STM32WBA54KGU6, STM32WBA54KGU6TR, STM32WBA54KGU7, STM32WBA54KGU7TR, STM32WBA55CEU6, STM32WBA55CEU6TR, STM32WBA55CEU7, STM32WBA55CEU7TR, STM32WBA55CGU6, STM32WBA55CGU6TR, STM32WBA55CGU6U, STM32WBA55CGU7, STM32WBA55CGU7TR, STM32WBA55G-DK1, STM32WBA55HEF6, STM32WBA55HEF7, STM32WBA55HGF6, STM32WBA55HGF7, STM32WBA55UEI6, STM32WBA55UEI6TR, STM32WBA55UEI7, STM32WBA55UEI7TR, STM32WBA55UGI6, STM32WBA55UGI6TR, STM32WBA55UGI7, STM32WBA55UGI7TR, STM32WBA5MMGH6TR, STM32WBA62MGF6, STM32WBA62MIF6, STM32WBA65MGF7, STM32WBA65MIF6, STM32WBA65MIF7, STM32WL30K8V6, STM32WL30KBV6, STM32WL31C8V6, STM32WL31CBV6, STM32WL31K8V6, STM32WL31KBV6, STM32WL33C8V6, STM32WL33C8V6X, STM32WL33CBV6, STM32WL33CBV6X, STM32WL33CCV6, STM32WL33CCV6A, STM32WL33CCV6X, STM32WL33K8V7, STM32WL33K8V7X, STM32WL33KBV7 , STM32WL33KBV7X, STM32WL33KCV7, STM32WL33KCV7X, STM32WL5MOCH6, STM32WL5MOCH6TR]
2025-07-22 04:34:34,154 [INFO] DbMcus:218 - Found 4801 MCUs, 4801 are supported
2025-07-22 04:34:34,154 [INFO] ApiDb:423 - Load user favorites file C:\Users\nicks/.stm32cubeide/favorites.mcus.txt: 0 item(s)
2025-07-22 04:34:34,154 [INFO] ApiDb:427 - User favorites MCUs=[]
2025-07-22 04:34:34,154 [INFO] DbMcus:224 - Set 0 / 0 favorites MCUs
2025-07-22 04:34:34,541 [INFO] ApiDb:448 - Save user favorites file C:\Users\nicks/.stm32cubeide/favorites.boards.txt: 0 item(s)
2025-07-22 04:34:34,541 [INFO] ApiDb:452 - User favorites Boards=[]
2025-07-22 04:34:34,542 [INFO] ApiDb:581 - Connected to CubeFinder SQLite database (C:\Users\nicks\.stmcufinder\plugins\mcufinder\mcu\cube-finder-db.db)
2025-07-22 04:34:34,596 [INFO] ApiDb:668 - CubeFinder database Data Model version=2.1
2025-07-22 04:34:34,596 [INFO] ApiDb:669 - CubeFinder database Configuration version=3.0.39
2025-07-22 04:34:34,597 [INFO] ApiDb:670 - CubeFinder database generation date=2025-07-18 (1752785937)
2025-07-22 04:34:34,597 [INFO] ApiDb:671 - CubeFinder database FW Pack versions=[FP-ATR-ASTRA1_V2.0.0, FP-SNS-FLIGHT1_V5.1.0, FP-SNS-MOTENV1_V5.0.0, FP-SNS-MOTENVWB1_V1.4.0, FP-SNS-SMARTAG2_V1.2.0, FP-SNS-STBOX1_V2.0.0, STM32Cube_FW_C0_V1.4.0, STM32Cube_FW_F4_V1.28.2, STM32Cube_FW_F7_V1.17.3, STM32Cube_FW_G0_V1.6.2, STM32Cube_FW_G4_V1.6.1, STM32Cube_FW_H5_V1.5.0, STM32Cube_FW_H7RS_V1.2.0, STM32Cube_FW_H7_V1.12.1, STM32Cube_FW_L0_V1.12.2, STM32Cube_FW_L4_V1.18.1, STM32Cube_FW_L5_V1.5.1, STM32Cube_FW_N6_V1.2.0, STM32Cube_FW_U0_V1.3.0, STM32Cube_FW_U3_V1.2.0, STM32Cube_FW_U5_V1.8.0, STM32Cube_FW_WB0_V1.3.0, STM32Cube_FW_WBA_V1.7.0, STM32Cube_FW_WB_V1.23.0, STM32Cube_FW_WL3_V1.2.0, STM32Cube_FW_WL_V1.3.1, X-CUBE-ALGOBUILD_V1.4.0, X-CUBE-ALS_V1.0.2, X-CUBE-AZRTOS-F4_V1.1.0, X-CUBE-AZRTOS-F7_V1.1.0, X-CUBE-AZRTOS-G0_V1.1.0, X-CUBE-AZRTOS-G4_V2.0.0, X-CUBE-AZRTOS-H7RS_V1.1.0, X-CUBE-AZRTOS-H7_V3.3.0, X-CUBE-AZRTOS-L4_V2.0.0, X-CUBE-AZRTOS-L5_V2.0.0, X-CUBE-AZRTOS-WB_V2.0.0, X-CUBE-AZRTOS-WL_V2.0.0, X-CUBE-BLE1_V7.1.0, X-CUBE-BLE2_V3.3.0, X-CUBE-BLEMGR_V4.0.0, X-CUBE-EEPRMA1_V5.1.0, X-CUBE-FREERTOS_V1.3.1, X-CUBE-GNSS1_V6.0.0, X-CUBE-MEMS1_V11.3.0, X-CUBE-NFC4_V3.0.0, X-CUBE-NFC7_V2.0.0, X-CUBE-SFXS2LP1_V4.0.0, X-CUBE-SUBG2_V5.0.0, X-CUBE-TOF1_V3.4.3]
2025-07-22 04:34:34,631 [INFO] DbBoardsSqlite:226 - include board P-NUCLEO-WB55-NUCLEO as a kit item of type 'Nucleo-64'
2025-07-22 04:34:34,631 [INFO] DbBoardsSqlite:226 - include board P-NUCLEO-WB55-USBDONGLE as a kit item of type 'Nucleo USB Dongle'
2025-07-22 04:34:34,631 [INFO] DbBoardsSqlite:226 - include board STEVAL-IDP005V1 as a kit item of type 'Evaluation Board'
2025-07-22 04:34:34,631 [INFO] DbBoardsSqlite:226 - include board STEVAL-IDP005V2 as a kit item of type 'Evaluation Board'
2025-07-22 04:34:34,680 [INFO] ApiDb:240 - Found 880 in-development CPN: [B-G473E-ZEST1S, B-WB1M-WPAN1, B-WBA5M-WPAN, B-WL5M-SUBG1, NUCLEO-C031C6, NUCLEO-C051C8, NUCLEO-C071RB, NUCLEO-C092RC, NUCLEO-H503RB, NUCLEO-H533RE, NUCLEO-H563ZI, NUCLEO-H7S3L8, NUCLEO-N657X0-Q, NUCLEO-U031R8, NUCLEO-U083RC, NUCLEO-U385RG-Q, NUCLEO-U545RE-Q, NUCLEO-U5A5ZJ-Q, NUCLEO-WB05KZ, NUCLEO-WB07CC, NUCLEO-WB09KE, NUCLEO-WBA52CG, NUCLEO-WBA55CG, NUCLEO-WL33CC1, NUCLEO-WL33CC2, STEVAL-PROTEUS1, STEVAL-SMARTAG2, STEVAL-STWINBX1, STM320518-EVAL, STM32C0116-DK, STM32C011D6Y3TR, STM32C011D6Y6TR, STM32C011F4P3, STM32C011F4P6, STM32C011F4U3, STM32C011F4U6TR, STM32C011F6P3, STM32C011F6P6, STM32C011F6U3, STM32C011F6U6TR, STM32C011J4M3, STM32C011J4M6, STM32C011J6M3, STM32C011J6M6, STM32C0316-DK, STM32C031C4T3, STM32C031C4T6, STM32C031C4U3, STM32C031C4U6, STM32C031C6T3, STM32C031C6T6, STM32C031C6U3, STM32C031C6U6, STM32C031F4P3, STM32C031F4P6, STM32C031F6P3, STM32C031F6P6, STM32C031G4U3, STM32C031G4U6, STM32C031G6U3, STM32C031G6U6, STM32C031K4T3, STM32C031K4T6, STM32C031K4U3, STM32C031K4U6, STM32C031K6T3, STM32C031K6T6, STM32C031K6U3, STM32C031K6U6, STM32C051C6T6, STM32C051C6U6, STM32C051C8T6, STM32C051C8U6, STM32C051D8Y6TR, STM32C051F6P6, STM32C051F8P6, STM32C051G6U6, STM32C051G8U6, STM32C051K6T6, STM32C051K6U6, STM32C051K8T6, STM32C071C8T6, STM32C071C8T6N, STM32C071C8U6, STM32C071C8U6N, STM32C071CBT6, STM32C071CBT6N, STM32C071CBU6, STM32C071CBU6N, STM32C071F8P6, STM32C071F8P6N, STM32C071FBP6, STM32C071FBP6N, STM32C071FBY6TR, STM32C071G8U6, STM32C071G8U6N, STM32C071GBU6, STM32C071GBU6N, STM32C071K8T6, STM32C071K8T6N, STM32C071K8U6, STM32C071K8U6N, STM32C071KBT6, STM32C071KBT6N, STM32C071KBU6, STM32C071KBU6N, STM32C071R8T6, STM32C071R8T6N, STM32C071RBI6N, STM32C071RBT6, STM32C071RBT6N, STM32C091CBT6, STM32C091CBU6, STM32C091CCT6, STM32C091CCU6, STM32C091ECY6TR, STM32C091FBP6, STM32C091FCP6, STM32C091GBU6, STM32C091GCU6, STM32C091KBT6, STM32C091KBU6, STM32C091KCT6, STM32C091KCU6, STM32C091RBT6, STM32C091RCI6, STM32C091RCT6, STM32C092CBT6, STM32C092CBU6, STM32C092CCT6, STM32C092CCU6, STM32C092ECY6TR, STM32C092FBP6, STM32C092FCP6, STM32C092GBU6, STM32C092GCU6, STM32C092KBT6, STM32C092KBU6, STM32C092KCT6, STM32C092KCU6, STM32C092RBT6, STM32C092RCI6, STM32C092RCT6, STM32G071K8TXN, STM32G071K8UXN, STM32G081GBU6N, STM32G081KBT6N, STM32G081KBUXN, STM32G0B1CCT6N, STM32G0B1KCT6, STM32G0B1NEY6TR, STM32G0B1RCT6N, STM32G0C1CCT6, STM32G0C1CCT6N, STM32G0C1CCU6N, STM32G0C1CET6N, STM32G0C1CEU6N, STM32G0C1KCT6, STM32G0C1NEY6TR, STM32G0C1RCI6N, STM32G0C1RCT6N, STM32G0C1REI6N, STM32G0C1RET6N, STM32G0C1VCI6, STM32G0C1VEI6, STM32G411C6T3, STM32G411C6T6, STM32G411C6U3, STM32G411C6U6, STM32G411C8T3, STM32G411C8T6, STM32G411C8U3, STM32G411C8U6, STM32G411CBT3, STM32G411CBT6, STM32G411CBU3, STM32G411CBU6, STM32G411K6T3, STM32G411K6T6, STM32G411K6U3, STM32G411K6U6, STM32G411K8T3, STM32G411K8T6, STM32G411K8U3, STM32G411K8U6, STM32G411KBT3, STM32G411KBT6, STM32G411KBU3, STM32G411KBU6, STM32G411M6T3, STM32G411M6T6, STM32G411M8T3, STM32G411M8T6, STM32G411MBT3, STM32G411MBT6, STM32G411R6T3, STM32G411R6T6, STM32G411R8T3, STM32G411R8T6, STM32G411RBT3, STM32G411RBT6, STM32G414CBT3, STM32G414CBT6, STM32G414CBU3, STM32G414CBU6, STM32G414CCT3, STM32G414CCT6, STM32G414CCU3, STM32G414CCU6, STM32G414MBT3, STM32G414MBT6, STM32G414MCT3, STM32G414MCT6, STM32G414RBT3, STM32G414RBT6, STM32G414RCT3, STM32G414RCT6, STM32G414VBT3, STM32G414VBT6, STM32G414VCT3, STM32G414VCT6, STM32G431CBT3Z, STM32G431RBT3Z, STM32G471CCT6, STM32G471CCU6, STM32G471CET3, STM32G471CET6, STM32G471CEU3, STM32G471CEU6, STM32G471MCT6, STM32G471MET3, STM32G471MET6, STM32G471MEY6TR, STM32G471QCT6, STM32G471QET3, STM32G471RCT6, STM32G471RET3, STM32G471RET6, STM32G471VCH6, STM32G471VCI6, STM32G471VCT6, STM32G471VEH3, STM32G471VEH6, STM32G471VEI3, STM32G471VEI6, STM32G471VET3, STM32G471VET6, STM32G473QET3Z, STM32G473RET3Z, STM32G474CCT6, STM32G491RET3Z, STM32H503CBT6, STM32H503CBU6, STM32H503EBY6TR, STM32H503KBU6, STM32H503RBT6, STM32H523CCT6, STM32H523CCU6, STM32H523CET6, STM32H523CEU6, STM32H523HEY6TR, STM32H523RCT6, STM32H523RET6, STM32H523VCI6, STM32H523VCT6, STM32H523VEI6, STM32H523VET6, STM32H523ZCJ6, STM32H523ZCT6, STM32H523ZEJ6, STM32H523ZET6, STM32H533CET6, STM32H533CEU6, STM32H533HEY6TR, STM32H533RET6, STM32H533VEI6, STM32H533VET6, STM32H533ZEJ6, STM32H533ZET6, STM32H562AGI6, STM32H562AII6, STM32H562IGK6, STM32H562IGT6, STM32H562IIK6, STM32H562IIT6, STM32H562RGT6, STM32H562RGV6, STM32H562RIT6, STM32H562RIV6, STM32H562VGT6, STM32H562VIT6, STM32H562ZGT6, STM32H562ZIT6, STM32H563AGI6, STM32H563AII3Q, STM32H563AII6, STM32H563IGK6, STM32H563IGT6, STM32H563IIK3Q, STM32H563IIK6, STM32H563IIT3Q, STM32H563IIT6, STM32H563MIY3QTR, STM32H563RGT6, STM32H563RGV6, STM32H563RIT6, STM32H563RIV6, STM32H563VGT6, STM32H563VIT3Q, STM32H563VIT6, STM32H563ZGT6, STM32H563ZIT3Q, STM32H563ZIT6, STM32H573AII3Q, STM32H573AII6, STM32H573I-DK, STM32H573IIK3Q, STM32H573IIK6, STM32H573IIT3Q, STM32H573IIT6, STM32H573MIY3QTR, STM32H573RIT6, STM32H573RIV6, STM32H573VIT3Q, STM32H573VIT6, STM32H573ZIT3Q, STM32H573ZIT6, STM32H7R3A8I6, STM32H7R3I8K6, STM32H7R3I8T6, STM32H7R3L8H6, STM32H7R3L8H6H, STM32H7R3R8V6, STM32H7R3V8H6, STM32H7R3V8T6, STM32H7R3V8Y6TR, STM32H7R3Z8J6, STM32H7R3Z8T6, STM32H7R7A8I6, STM32H7R7I8K6, STM32H7R7I8T6, STM32H7R7L8H6, STM32H7R7L8H6H, STM32H7R7Z8J6, STM32H7S3A8I6, STM32H7S3I8K6, STM32H7S3I8T6, STM32H7S3L8H6, STM32H7S3L8H6H, STM32H7S3R8V6, STM32H7S3V8H6, STM32H7S3V8T6, STM32H7S3V8Y6TR, STM32H7S3Z8J6, STM32H7S3Z8T6, STM32H7S78-DK, STM32H7S7A8I6, STM32H7S7I8K6, STM32H7S7I8T6, STM32H7S7L8H6, STM32H7S7L8H6H, STM32H7S7Z8J6, STM32L4R5QGI6STR, STM32MP131AAE3, STM32MP131AAF3, STM32MP131AAG3, STM32MP131CAE3, STM32MP131CAF3, STM32MP131CAG3, STM32MP131DAE7, STM32MP131DAF7, STM32MP131DAG7, STM32MP131FAE7, STM32MP131FAF7, STM32MP131FAG7, STM32MP133AAE3, STM32MP133AAF3, STM32MP133AAG3, STM32MP133CAE3, STM32MP133CAF3, STM32MP133CAG3, STM32MP133DAE7, STM32MP133DAF7, STM32MP133DAG7, STM32MP133FAE7, STM32MP133FAF7, STM32MP133FAG7, STM32MP135AAE3, STM32MP135AAF3, STM32MP135AAG3, STM32MP135CAE3, STM32MP135CAF3, STM32MP135CAG3, STM32MP135DAE7, STM32MP135DAF7, STM32MP135DAG7, STM32MP135F-DK, STM32MP135FAE7, STM32MP135FAF7, STM32MP135FAF7T, STM32MP135FAF7U, STM32MP135FAG7, STM32MP211AAL3, STM32MP211AAM3, STM32MP211AAN3, STM32MP211AAO3, STM32MP211CAL3, STM32MP211CAM3, STM32MP211CAN3, STM32MP211CAO3, STM32MP211DAL3, STM32MP211DAM3, STM32MP211DAN3, STM32MP211DAO3, STM32MP211FAL3, STM32MP211FAM3, STM32MP211FAN3, STM32MP211FAO3, STM32MP213AAL3, STM32MP213AAM3, STM32MP213AAN3, STM32MP213AAO3, STM32MP213CAL3, STM32MP213CAM3, STM32MP213CAN3, STM32MP213CAO3, STM32MP213DAL3, STM32MP213DAM3, STM32MP213DAN3, STM32MP213DAO3, STM32MP213FAL3, STM32MP213FAM3, STM32MP213FAN3, STM32MP213FAO3, STM32MP215AAL3, STM32MP215AAM3, STM32MP215AAN3, STM32MP215AAO3, STM32MP215CAL3, STM32MP215CAM3, STM32MP215CAN3, STM32MP215CAO3, STM32MP215DAL3, STM32MP215DAM3, STM32MP215DAN3, STM32MP215DAO3, STM32MP215F-DK, STM32MP215FAL3, STM32MP215FAM3, STM32MP215FAN3, STM32MP215FAO3, STM32MP231AAJ3, STM32MP231AAK3, STM32MP231AAL3, STM32MP231CAJ3, STM32MP231CAK3, STM32MP231CAL3, STM32MP231DAJ3, STM32MP231DAK3, STM32MP231DAL3, STM32MP231FAJ3, STM32MP231FAK3, STM32MP231FAL3, STM32MP233AAJ3, STM32MP233AAK3, STM32MP233AAL3, STM32MP233CAJ3, STM32MP233CAK3, STM32MP233CAL3, STM32MP233DAJ3, STM32MP233DAK3, STM32MP233DAL3, STM32MP233FAJ3, STM32MP233FAK3, STM32MP233FAL3, STM32MP235AAJ3, STM32MP235AAK3, STM32MP235AAL3, STM32MP235CAJ3, STM32MP235CAK3, STM32MP235CAL3, STM32MP235DAJ3, STM32MP235DAK3, STM32MP235DAL3, STM32MP235FAJ3, STM32MP235FAK3, STM32MP235FAL3, STM32MP251AAI3, STM32MP251AAK3, STM32MP251AAL3, STM32MP251CAI3, STM32MP251CAK3, STM32MP251CAL3, STM32MP251DAI3, STM32MP251DAK3, STM32MP251DAL3, STM32MP251FAI3, STM32MP251FAK3, STM32MP251FAL3, STM32MP253AAI3, STM32MP253AAK3, STM32MP253AAL3, STM32MP253CAI3, STM32MP253CAK3, STM32MP253CAL3, STM32MP253DAI3, STM32MP253DAK3, STM32MP253DAL3, STM32MP253FAI3, STM32MP253FAK3, STM32MP253FAL3, STM32MP255AAI3, STM32MP255AAK3, STM32MP255AAL3, STM32MP255CAI3, STM32MP255CAK3, STM32MP255CAL3, STM32MP255DAI3, STM32MP255DAK3, STM32MP255DAL3, STM32MP255FAI3, STM32MP255FAK3, STM32MP255FAL3, STM32MP257AAI3, STM32MP257AAK3, STM32MP257AAL3, STM32MP257CAI3, STM32MP257CAK3, STM32MP257CAL3, STM32MP257DAI3, STM32MP257DAK3, STM32MP257DAL3, STM32MP257F-DK, STM32MP257F-EV1, STM32MP257FAI3, STM32MP257FAK3, STM32MP257FAL3, STM32N645A0H3Q, STM32N645B0H3Q, STM32N645I0H3Q, STM32N645L0H3Q, STM32N645X0H3Q, STM32N645Z0H3Q, STM32N647A0H3Q, STM32N647B0H3Q, STM32N647I0H3Q, STM32N647L0H3Q, STM32N647X0H3Q, STM32N647Z0H3Q, STM32N655A0H3Q, STM32N655B0H3Q, STM32N655I0H3Q, STM32N655L0H3Q, STM32N655X0H3Q, STM32N655Z0H3Q, STM32N6570-DK, STM32N657A0H3Q, STM32N657B0H3Q, STM32N657I0H3Q, STM32N657L0H3Q, STM32N657X0H3Q, STM32N657Z0H3Q, STM32U031C6T6, STM32U031C6U6, STM32U031C8T6, STM32U031C8U6, STM32U031F4P6, STM32U031F6P6, STM32U031F8P6, STM32U031G6Y6TR, STM32U031G8Y6TR, STM32U031K4U6, STM32U031K6U6, STM32U031K8U6, STM32U031R6I6, STM32U031R6T6, STM32U031R8I6, STM32U031R8T6, STM32U073C8T6, STM32U073C8U6, STM32U073CBT6, STM32U073CBU6, STM32U073CCT6, STM32U073CCU6, STM32U073H8Y6TR, STM32U073HBY6TR, STM32U073HCY6TR, STM32U073K8U6, STM32U073KBU6, STM32U073KCU6, STM32U073M8I6, STM32U073M8T6, STM32U073MBI6, STM32U073MBT6, STM32U073MCI6, STM32U073MCT6, STM32U073R8I6, STM32U073R8T6, STM32U073RBI6, STM32U073RBT6, STM32U073RCI6, STM32U073RCT6, STM32U083C-DK, STM32U083CCT6, STM32U083CCU6, STM32U083HCY6TR, STM32U083KCU6, STM32U083MCI6, STM32U083MCT6, STM32U083RCI6, STM32U083RCT6, STM32U375CET6, STM32U375CET6Q, STM32U375CEU6, STM32U375CEU6Q, STM32U375CEY6QTR, STM32U375CGT6, STM32U375CGT6Q, STM32U375CGU6, STM32U375CGU6Q, STM32U375CGY6QTR, STM32U375KEU6, STM32U375KGU6, STM32U375REI6, STM32U375REI6Q, STM32U375RET6, STM32U375RET6Q, STM32U375REY6GTR, STM32U375REY6QTR, STM32U375RGI6, STM32U375RGI6Q, STM32U375RGT6, STM32U375RGT6Q, STM32U375RGY6GTR, STM32U375RGY6QTR, STM32U375VEI6, STM32U375VEI6Q, STM32U375VET6, STM32U375VET6Q, STM32U375VGI6, STM32U375VGI6Q, STM32U375VGT6, STM32U375VGT6Q, STM32U385CGT6, STM32U385CGT6Q, STM32U385CGU6, STM32U385CGU6Q, STM32U385CGY6QTR, STM32U385KGU6, STM32U385RGI6, STM32U385RGI6Q, STM32U385RGT6, STM32U385RGT6Q, STM32U385RGY6GTR, STM32U385RGY6QTR, STM32U385VGI6, STM32U385VGI6Q, STM32U385VGT6, STM32U385VGT6Q, STM32U535CBT6, STM32U535CBT6Q, STM32U535CBU6, STM32U535CBU6Q, STM32U535CCT6, STM32U535CCT6Q, STM32U535CCU6, STM32U535CCU6Q, STM32U535CET6, STM32U535CET6Q, STM32U535CEU6, STM32U535CEU6Q, STM32U535JEY6QTR, STM32U535NCY6QTR, STM32U535NEY6QTR, STM32U535RBI6, STM32U535RBI6Q, STM32U535RBT6, STM32U535RBT6Q, STM32U535RCI6, STM32U535RCI6Q, STM32U535RCT6, STM32U535RCT6Q, STM32U535REI6, STM32U535REI6Q, STM32U535RET6, STM32U535RET6Q, STM32U535VCI6, STM32U535VCI6Q, STM32U535VCT6, STM32U535VCT6Q, STM32U535VEI6, STM32U535VEI6Q, STM32U535VET6, STM32U535VET6Q, STM32U545CET6, STM32U545CET6Q, STM32U545CEU6, STM32U545CEU6Q, STM32U545JEY6QTR, STM32U545NEY6QTR, STM32U545REI6, STM32U545REI6Q, STM32U545RET6, STM32U545RET6Q, STM32U545VEI6, STM32U545VEI6Q, STM32U545VET6, STM32U545VET6Q, STM32U595AIH6, STM32U595AIH6Q, STM32U595AJH6, STM32U595AJH6Q, STM32U595QII6, STM32U595QII6Q, STM32U595QJI6, STM32U595QJI6Q, STM32U595RIT6, STM32U595RIT6Q, STM32U595RJT6, STM32U595RJT6Q, STM32U595VIT6, STM32U595VIT6Q, STM32U595VJT6, STM32U595VJT6Q, STM32U595ZIT6, STM32U595ZIT6Q, STM32U595ZIY6QTR, STM32U595ZJT6, STM32U595ZJT6Q, STM32U595ZJY6QTR, STM32U599BJY6QTR, STM32U599NIH6Q, STM32U599NJH6Q, STM32U599VIT6Q, STM32U599VJT6, STM32U599VJT6Q, STM32U599ZIT6Q, STM32U599ZIY6QTR, STM32U599ZJT6Q, STM32U599ZJY6QTR, STM32U5A5AJH6, STM32U5A5AJH6Q, STM32U5A5QII3Q , STM32U5A5QJI6, STM32U5A5QJI6Q, STM32U5A5RJT6, STM32U5A5RJT6Q, STM32U5A5VJT6, STM32U5A5VJT6Q, STM32U5A5ZJT6, STM32U5A5ZJT6Q, STM32U5A5ZJY6QTR, STM32U5A9BJY6QTR, STM32U5A9J-DK, STM32U5A9NJH6Q, STM32U5A9VJT6Q, STM32U5A9ZJT6Q, STM32U5A9ZJY6QTR, STM32U5F7VIT6, STM32U5F7VIT6Q, STM32U5F7VJT6, STM32U5F7VJT6Q, STM32U5F9BJY6QTR, STM32U5F9NJH6Q, STM32U5F9VIT6Q, STM32U5F9VJT6Q, STM32U5F9ZIJ6QTR, STM32U5F9ZIT6Q, STM32U5F9ZJJ6QTR, STM32U5F9ZJT6Q, STM32U5G7VJT6, STM32U5G7VJT6Q, STM32U5G9BJY6QTR, STM32U5G9J-DK1, STM32U5G9J-DK2, STM32U5G9NJH6Q, STM32U5G9VJT6Q, STM32U5G9ZJJ6QTR, STM32U5G9ZJT6Q, STM32WB05KZV6TR, STM32WB05KZV7TR, STM32WB05TZF6TR, STM32WB05TZF7TR, STM32WB06CCF6TR, STM32WB06CCF7TR, STM32WB06CCV6TR, STM32WB06CCV7TR, STM32WB06KCV6TR, STM32WB06KCV7TR, STM32WB07CCF6TR, STM32WB07CCF7TR, STM32WB07CCV6TR, STM32WB07CCV7TR, STM32WB07KCV6TR, STM32WB07KCV7TR, STM32WB09KEV6TR, STM32WB09KEV7TR, STM32WB09TEF6TR, STM32WB09TEF7TR, STM32WB1MMCH6, STM32WBA50KGU6, STM32WBA50KGU6TR, STM32WBA52CEU6, STM32WBA52CEU6TR, STM32WBA52CEU7, STM32WBA52CEU7TR, STM32WBA52CGU6, STM32WBA52CGU6TR, STM32WBA52CGU6U, STM32WBA52CGU7, STM32WBA52CGU7TR, STM32WBA52KEU6, STM32WBA52KEU6TR, STM32WBA52KGU6, STM32WBA52KGU6TR, STM32WBA54CEU6, STM32WBA54CEU6TR, STM32WBA54CEU7, STM32WBA54CEU7TR, STM32WBA54CGU6, STM32WBA54CGU6TR, STM32WBA54CGU7, STM32WBA54CGU7TR, STM32WBA54KEU6, STM32WBA54KEU6TR, STM32WBA54KEU7, STM32WBA54KEU7TR, STM32WBA54KGU6, STM32WBA54KGU6TR, STM32WBA54KGU7, STM32WBA54KGU7TR, STM32WBA55CEU6, STM32WBA55CEU6TR, STM32WBA55CEU7, STM32WBA55CEU7TR, STM32WBA55CGU6, STM32WBA55CGU6TR, STM32WBA55CGU6U, STM32WBA55CGU7, STM32WBA55CGU7TR, STM32WBA55G-DK1, STM32WBA55HEF6, STM32WBA55HEF7, STM32WBA55HGF6, STM32WBA55HGF7, STM32WBA55UEI6, STM32WBA55UEI6TR, STM32WBA55UEI7, STM32WBA55UEI7TR, STM32WBA55UGI6, STM32WBA55UGI6TR, STM32WBA55UGI7, STM32WBA55UGI7TR, STM32WBA5MMGH6TR, STM32WBA62MGF6, STM32WBA62MIF6, STM32WBA65MGF7, STM32WBA65MIF6, STM32WBA65MIF7, STM32WL30K8V6, STM32WL30KBV6, STM32WL31C8V6, STM32WL31CBV6, STM32WL31K8V6, STM32WL31KBV6, STM32WL33C8V6, STM32WL33C8V6X, STM32WL33CBV6, STM32WL33CBV6X, STM32WL33CCV6, STM32WL33CCV6A, STM32WL33CCV6X, STM32WL33K8V7, STM32WL33K8V7X, STM32WL33KBV7 , STM32WL33KBV7X, STM32WL33KCV7, STM32WL33KCV7X, STM32WL5MOCH6, STM32WL5MOCH6TR]
2025-07-22 04:34:34,837 [INFO] BoardInfo:889 - No configuration file found for board P-NUCLEO-WB55
2025-07-22 04:34:34,838 [INFO] DbBoards:161 - Kit is not supported: P-NUCLEO-WB55
2025-07-22 04:34:34,843 [INFO] BoardInfo:889 - No configuration file found for board STEVAL-BFA001V1B
2025-07-22 04:34:34,844 [INFO] DbBoards:161 - Kit is not supported: STEVAL-BFA001V1B
2025-07-22 04:34:34,845 [INFO] BoardInfo:889 - No configuration file found for board STEVAL-BFA001V2B
2025-07-22 04:34:34,846 [INFO] DbBoards:161 - Kit is not supported: STEVAL-BFA001V2B
2025-07-22 04:34:35,007 [INFO] DbBoards:168 - Found 212 boards, 209 are supported
2025-07-22 04:34:35,008 [INFO] DbBoards:169 - Found 212 boards, 43 of them is supported for  Bsp
2025-07-22 04:34:35,010 [INFO] ApiDb:423 - Load user favorites file C:\Users\nicks/.stm32cubeide/favorites.boards.txt: 0 item(s)
2025-07-22 04:34:35,010 [INFO] ApiDb:427 - User favorites Boards=[]
2025-07-22 04:34:35,010 [INFO] DbBoards:198 - Set 0 / 0 favorites Boards
2025-07-22 04:34:35,028 [INFO] LoadUrlFilesThread:185 - End of LoadServerUrlFiles without Thread
2025-07-22 04:34:35,029 [INFO] TargetSelectorAdapter:259 - Refresh data is successful
2025-07-22 04:34:35,031 [INFO] ApiDb:668 - CubeFinder database Data Model version=2.1
2025-07-22 04:34:35,032 [INFO] ApiDb:669 - CubeFinder database Configuration version=3.0.39
2025-07-22 04:34:35,032 [INFO] ApiDb:670 - CubeFinder database generation date=2025-07-18 (1752785937)
2025-07-22 04:34:35,032 [INFO] ApiDb:671 - CubeFinder database FW Pack versions=[FP-ATR-ASTRA1_V2.0.0, FP-SNS-FLIGHT1_V5.1.0, FP-SNS-MOTENV1_V5.0.0, FP-SNS-MOTENVWB1_V1.4.0, FP-SNS-SMARTAG2_V1.2.0, FP-SNS-STBOX1_V2.0.0, STM32Cube_FW_C0_V1.4.0, STM32Cube_FW_F4_V1.28.2, STM32Cube_FW_F7_V1.17.3, STM32Cube_FW_G0_V1.6.2, STM32Cube_FW_G4_V1.6.1, STM32Cube_FW_H5_V1.5.0, STM32Cube_FW_H7RS_V1.2.0, STM32Cube_FW_H7_V1.12.1, STM32Cube_FW_L0_V1.12.2, STM32Cube_FW_L4_V1.18.1, STM32Cube_FW_L5_V1.5.1, STM32Cube_FW_N6_V1.2.0, STM32Cube_FW_U0_V1.3.0, STM32Cube_FW_U3_V1.2.0, STM32Cube_FW_U5_V1.8.0, STM32Cube_FW_WB0_V1.3.0, STM32Cube_FW_WBA_V1.7.0, STM32Cube_FW_WB_V1.23.0, STM32Cube_FW_WL3_V1.2.0, STM32Cube_FW_WL_V1.3.1, X-CUBE-ALGOBUILD_V1.4.0, X-CUBE-ALS_V1.0.2, X-CUBE-AZRTOS-F4_V1.1.0, X-CUBE-AZRTOS-F7_V1.1.0, X-CUBE-AZRTOS-G0_V1.1.0, X-CUBE-AZRTOS-G4_V2.0.0, X-CUBE-AZRTOS-H7RS_V1.1.0, X-CUBE-AZRTOS-H7_V3.3.0, X-CUBE-AZRTOS-L4_V2.0.0, X-CUBE-AZRTOS-L5_V2.0.0, X-CUBE-AZRTOS-WB_V2.0.0, X-CUBE-AZRTOS-WL_V2.0.0, X-CUBE-BLE1_V7.1.0, X-CUBE-BLE2_V3.3.0, X-CUBE-BLEMGR_V4.0.0, X-CUBE-EEPRMA1_V5.1.0, X-CUBE-FREERTOS_V1.3.1, X-CUBE-GNSS1_V6.0.0, X-CUBE-MEMS1_V11.3.0, X-CUBE-NFC4_V3.0.0, X-CUBE-NFC7_V2.0.0, X-CUBE-SFXS2LP1_V4.0.0, X-CUBE-SUBG2_V5.0.0, X-CUBE-TOF1_V3.4.3]
2025-07-22 04:34:35,462 [ERROR] DbExamplesSqlite:437 - Missing JSON key: board_cpn
2025-07-22 04:34:35,463 [ERROR] DbExamplesSqlite:437 - Missing JSON key: board_cpn
2025-07-22 04:34:35,463 [ERROR] DbExamplesSqlite:437 - Missing JSON key: board_cpn
2025-07-22 04:34:35,463 [ERROR] DbExamplesSqlite:437 - Missing JSON key: board_cpn
2025-07-22 04:34:35,540 [ERROR] DbExamplesSqlite:437 - Missing JSON key: board_cpn
2025-07-22 04:34:35,540 [ERROR] DbExamplesSqlite:437 - Missing JSON key: board_cpn
2025-07-22 04:34:35,540 [ERROR] DbExamplesSqlite:437 - Missing JSON key: board_cpn
2025-07-22 04:34:35,540 [ERROR] DbExamplesSqlite:437 - Missing JSON key: board_cpn
2025-07-22 04:34:35,540 [ERROR] DbExamplesSqlite:437 - Missing JSON key: board_cpn
2025-07-22 04:34:35,540 [ERROR] DbExamplesSqlite:437 - Missing JSON key: board_cpn
2025-07-22 04:34:35,540 [ERROR] DbExamplesSqlite:437 - Missing JSON key: board_cpn
2025-07-22 04:34:35,541 [ERROR] DbExamplesSqlite:437 - Missing JSON key: board_cpn
2025-07-22 04:34:35,541 [ERROR] DbExamplesSqlite:437 - Missing JSON key: board_cpn
2025-07-22 04:34:35,631 [ERROR] DbExamplesSqlite:437 - Missing JSON key: board_cpn
2025-07-22 04:34:35,647 [INFO] DbExamplesSqlite:395 - Ignored 33 examples not supported by CubeIDE
2025-07-22 04:34:35,647 [INFO] DbExamplesSqlite:396 - Found 10854 examples active
2025-07-22 04:34:35,647 [INFO] DbExamplesSqlite:397 - Found 0 examples obsolete
2025-07-22 04:34:35,647 [INFO] DbExamplesSqlite:398 - Found 0 examples under development
2025-07-22 04:34:35,647 [INFO] DbExamplesSqlite:399 - Found 65 examples not building
2025-07-22 04:34:35,649 [INFO] DbExamples:125 - Found 10886 examples
2025-07-22 04:34:35,660 [INFO] DbExamples:222 - Found 133 boards with related examples
2025-07-22 04:34:35,661 [INFO] DbExamples:235 - Found 110 MCUs with related examples
2025-07-22 04:34:35,680 [INFO] ApiDb:423 - Load user favorites file C:\Users\nicks/.stm32cubeide/favorites.examples.txt: 0 item(s)
2025-07-22 04:34:35,680 [INFO] ApiDb:427 - User favorites Examples=[]
2025-07-22 04:34:35,681 [INFO] DbExamples:250 - Set 0 / 0 favorites Examples
2025-07-22 04:34:35,743 [INFO] McuFinderGlobals:76 - Set McuFinderConnectedMode to true
2025-07-22 04:34:35,748 [INFO] MultiScanPanel:200 - Auto-refresh data requested => check proxy status ongoing
2025-07-22 04:34:35,749 [INFO] FinderPluginLoader:96 - Searching for filters in installed packs
2025-07-22 04:34:36,600 [INFO] LoadUrlFilesThread:185 - End of LoadServerUrlFiles without Thread
2025-07-22 04:34:36,694 [INFO] DetailPanel:341 - Set advertising image to C:/Users/nicks/STM32Cube/Repository/\en.2400x1350px.jpeg
2025-07-22 04:34:41,545 [INFO] MultiScanPanel:200 - Auto-refresh data requested => check proxy status ongoing
2025-07-22 04:34:41,612 [INFO] LoadUrlFilesThread:185 - End of LoadServerUrlFiles without Thread
2025-07-22 04:34:41,612 [INFO] DetailPanel:341 - Set advertising image to C:/Users/nicks/STM32Cube/Repository/\en.2400x1350px.jpeg
2025-07-22 04:34:41,618 [INFO] DbBoards:642 - Loading board mini-images...
2025-07-22 04:34:43,158 [ERROR] DbBoards:659 - Image file not found for board STM32MP215F-DK: C:\Users\nicks\.stmcufinder\plugins\mcufinder//mcu//boards_images/STM32MP215F-DK.jpg
2025-07-22 04:34:43,242 [INFO] DbBoards:665 - Loaded 211 board mini-images
2025-07-22 04:35:26,099 [INFO] McuFinderGlobals:76 - Set McuFinderConnectedMode to true
2025-07-22 04:35:26,101 [INFO] ApiDb:448 - Save user favorites file C:\Users\nicks/.stm32cubeide/favorites.mcus.txt: 0 item(s)
2025-07-22 04:35:26,101 [INFO] ApiDb:452 - User favorites MCUs=[]
2025-07-22 04:35:26,102 [INFO] ApiDb:448 - Save user favorites file C:\Users\nicks/.stm32cubeide/favorites.boards.txt: 0 item(s)
2025-07-22 04:35:26,103 [INFO] ApiDb:452 - User favorites Boards=[]
2025-07-22 04:36:10,317 [INFO] MainUpdater:2872 - connection check result : 10
2025-07-22 04:36:10,383 [INFO] McuFinderGlobals:76 - Set McuFinderConnectedMode to true
2025-07-22 04:36:10,383 [INFO] MultiScanPanel:200 - Auto-refresh data requested => check proxy status ongoing
2025-07-22 04:36:10,384 [INFO] FinderPluginLoader:96 - Searching for filters in installed packs
2025-07-22 04:36:10,919 [INFO] LoadUrlFilesThread:185 - End of LoadServerUrlFiles without Thread
2025-07-22 04:36:10,919 [INFO] DetailPanel:341 - Set advertising image to C:/Users/nicks/STM32Cube/Repository/\en.2400x1350px.jpeg
2025-07-22 04:36:13,887 [INFO] MultiScanPanel:200 - Auto-refresh data requested => check proxy status ongoing
2025-07-22 04:36:13,918 [INFO] LoadUrlFilesThread:185 - End of LoadServerUrlFiles without Thread
2025-07-22 04:36:13,918 [INFO] DetailPanel:341 - Set advertising image to C:/Users/nicks/STM32Cube/Repository/\en.2400x1350px.jpeg
2025-07-22 04:36:15,233 [INFO] ApiDb:581 - Connected to CubeFinder SQLite database (C:\Users\nicks\.stmcufinder\plugins\mcufinder\mcu\cube-finder-db.db)
2025-07-22 04:36:24,084 [INFO] McuFinderGlobals:76 - Set McuFinderConnectedMode to true
2025-07-22 04:36:24,086 [INFO] ApiDb:448 - Save user favorites file C:\Users\nicks/.stm32cubeide/favorites.mcus.txt: 0 item(s)
2025-07-22 04:36:24,086 [INFO] ApiDb:452 - User favorites MCUs=[]
2025-07-22 04:36:24,087 [INFO] ApiDb:448 - Save user favorites file C:\Users\nicks/.stm32cubeide/favorites.boards.txt: 0 item(s)
2025-07-22 04:36:24,087 [INFO] ApiDb:452 - User favorites Boards=[]
2025-07-22 04:36:52,274 [INFO] MainUpdater:2872 - connection check result : 10
2025-07-22 04:36:52,336 [INFO] McuFinderGlobals:76 - Set McuFinderConnectedMode to true
2025-07-22 04:36:52,337 [INFO] MultiScanPanel:200 - Auto-refresh data requested => check proxy status ongoing
2025-07-22 04:36:52,337 [INFO] FinderPluginLoader:96 - Searching for filters in installed packs
2025-07-22 04:36:52,687 [INFO] LoadUrlFilesThread:185 - End of LoadServerUrlFiles without Thread
2025-07-22 04:36:52,687 [INFO] DetailPanel:341 - Set advertising image to C:/Users/nicks/STM32Cube/Repository/\en.2400x1350px.jpeg
2025-07-22 04:36:54,505 [INFO] MultiScanPanel:200 - Auto-refresh data requested => check proxy status ongoing
2025-07-22 04:36:54,530 [INFO] LoadUrlFilesThread:185 - End of LoadServerUrlFiles without Thread
2025-07-22 04:36:54,530 [INFO] DetailPanel:341 - Set advertising image to C:/Users/nicks/STM32Cube/Repository/\en.2400x1350px.jpeg
2025-07-22 04:37:18,487 [INFO] McuFinderGlobals:76 - Set McuFinderConnectedMode to true
2025-07-22 04:37:18,577 [INFO] ApiDb:448 - Save user favorites file C:\Users\nicks/.stm32cubeide/favorites.mcus.txt: 0 item(s)
2025-07-22 04:37:18,577 [INFO] ApiDb:452 - User favorites MCUs=[]
2025-07-22 04:37:18,577 [INFO] ApiDb:448 - Save user favorites file C:\Users\nicks/.stm32cubeide/favorites.boards.txt: 0 item(s)
2025-07-22 04:37:18,578 [INFO] ApiDb:452 - User favorites Boards=[]
2025-07-22 04:37:21,793 [ERROR] LogOutputStream:75 - [STDERR_REDIRECT] 
2025-07-22 04:37:29,964 [INFO] Activator:176 - 


2025-07-22 04:37:29,965 [INFO] Activator:177 - !SESSION log4j initialized
2025-07-22 04:37:33,039 [INFO] LogOutputStream:77 - [STDOUT_REDIRECT] 
2025-07-22 04:37:33,876 [INFO] ApplicationProperties:184 - Using Application install path: C:\ST\STM32CubeIDE_1.19.0\STM32CubeIDE\plugins\com.st.stm32cube.common.mx_6.15.0.202507011659
2025-07-22 04:37:33,885 [INFO] DbMcusXml:78 - Set database path to: C:\ST\STM32CubeIDE_1.19.0\STM32CubeIDE\plugins\com.st.stm32cube.common.mx_6.15.0.202507011659\\db\/mcu/
2025-07-22 04:37:33,885 [INFO] ApiDb:274 - Set plugin database path to: C:\ST\STM32CubeIDE_1.19.0\STM32CubeIDE\plugins\com.st.stm32cube.common.mx_6.15.0.202507011659\\db\/plugins/boardmanager/
2025-07-22 04:37:33,885 [WARN] ApiDb:259 - Overriding images path with different value:  => C:\ST\STM32CubeIDE_1.19.0\STM32CubeIDE\plugins\com.st.stm32cube.common.mx_6.15.0.202507011659\\db\/plugins/mcufinder/images/
2025-07-22 04:37:33,888 [INFO] ApiDb:250 - Set database path to: C:\Users\nicks\.stmcufinder\plugins\mcufinder//mcu/
2025-07-22 04:37:33,889 [INFO] DbMcusAds:125 - Set database path to: C:\Users\nicks\.stmcufinder\plugins\mcufinder//mcu/
2025-07-22 04:37:33,890 [INFO] CrossReferenceDbSqlite:203 - Set database path to: C:\Users\nicks\.stmcufinder\plugins\mcufinder//mcu/cs/
2025-07-22 04:37:33,953 [INFO] RulesReader:64 - Compatibility file has been processed (317 Rules)
2025-07-22 04:37:34,012 [INFO] DbMcusXml:78 - Set database path to: C:\ST\STM32CubeIDE_1.19.0\STM32CubeIDE\plugins\com.st.stm32cube.common.mx_6.15.0.202507011659\\db\/mcu/
2025-07-22 04:37:34,012 [INFO] ApiDb:274 - Set plugin database path to: C:\ST\STM32CubeIDE_1.19.0\STM32CubeIDE\plugins\com.st.stm32cube.common.mx_6.15.0.202507011659\\db\/plugins/boardmanager/
2025-07-22 04:37:34,012 [INFO] ApiDb:261 - Set plugin images path to: C:\ST\STM32CubeIDE_1.19.0\STM32CubeIDE\plugins\com.st.stm32cube.common.mx_6.15.0.202507011659\\db\/plugins/mcufinder/images/
2025-07-22 04:37:34,012 [WARN] DbFile:41 - Overriding database path with different value: C:\Users\nicks\.stmcufinder\plugins\mcufinder/ => C:\Users\nicks\.stmcufinder\plugins\mcufinder
2025-07-22 04:37:34,013 [INFO] ApiDb:250 - Set database path to: C:\Users\nicks\.stmcufinder\plugins\mcufinder//mcu/
2025-07-22 04:37:34,013 [WARN] DbFile:41 - Overriding database path with different value: C:\Users\nicks\.stmcufinder\plugins\mcufinder/ => C:\Users\nicks\.stmcufinder\plugins\mcufinder
2025-07-22 04:37:34,013 [INFO] DbMcusAds:125 - Set database path to: C:\Users\nicks\.stmcufinder\plugins\mcufinder//mcu/
2025-07-22 04:37:34,013 [WARN] DbFile:41 - Overriding database path with different value: C:\Users\nicks\.stmcufinder\plugins\mcufinder/ => C:\Users\nicks\.stmcufinder\plugins\mcufinder
2025-07-22 04:37:34,013 [WARN] DbFile:41 - Overriding database path with different value: C:\Users\nicks\.stmcufinder\plugins\mcufinder/ => C:\Users\nicks\.stmcufinder\plugins\mcufinder
2025-07-22 04:37:34,013 [INFO] CrossReferenceDbSqlite:203 - Set database path to: C:\Users\nicks\.stmcufinder\plugins\mcufinder//mcu/cs/
2025-07-22 04:37:34,055 [INFO] MainPanel:274 - HeapMemory: 268435456
2025-07-22 04:37:34,109 [INFO] DbMcusXml:78 - Set database path to: C:\ST\STM32CubeIDE_1.19.0\STM32CubeIDE\plugins\com.st.stm32cube.common.mx_6.15.0.202507011659\\db\/mcu/
2025-07-22 04:37:34,109 [INFO] ApiDb:274 - Set plugin database path to: C:\ST\STM32CubeIDE_1.19.0\STM32CubeIDE\plugins\com.st.stm32cube.common.mx_6.15.0.202507011659\\db\/plugins/boardmanager/
2025-07-22 04:37:34,109 [INFO] ApiDb:261 - Set plugin images path to: C:\ST\STM32CubeIDE_1.19.0\STM32CubeIDE\plugins\com.st.stm32cube.common.mx_6.15.0.202507011659\\db\/plugins/mcufinder/images/
2025-07-22 04:37:34,109 [WARN] DbFile:41 - Overriding database path with different value: C:\Users\nicks\.stmcufinder\plugins\mcufinder/ => C:\Users\nicks\.stmcufinder\plugins\mcufinder
2025-07-22 04:37:34,109 [INFO] ApiDb:250 - Set database path to: C:\Users\nicks\.stmcufinder\plugins\mcufinder//mcu/
2025-07-22 04:37:34,109 [WARN] DbFile:41 - Overriding database path with different value: C:\Users\nicks\.stmcufinder\plugins\mcufinder/ => C:\Users\nicks\.stmcufinder\plugins\mcufinder
2025-07-22 04:37:34,109 [INFO] DbMcusAds:125 - Set database path to: C:\Users\nicks\.stmcufinder\plugins\mcufinder//mcu/
2025-07-22 04:37:34,110 [WARN] DbFile:41 - Overriding database path with different value: C:\Users\nicks\.stmcufinder\plugins\mcufinder/ => C:\Users\nicks\.stmcufinder\plugins\mcufinder
2025-07-22 04:37:34,110 [WARN] DbFile:41 - Overriding database path with different value: C:\Users\nicks\.stmcufinder\plugins\mcufinder/ => C:\Users\nicks\.stmcufinder\plugins\mcufinder
2025-07-22 04:37:34,110 [INFO] CrossReferenceDbSqlite:203 - Set database path to: C:\Users\nicks\.stmcufinder\plugins\mcufinder//mcu/cs/
2025-07-22 04:37:34,120 [INFO] ApplicationProperties:184 - Using Application install path: C:\ST\STM32CubeIDE_1.19.0\STM32CubeIDE\plugins\com.st.stm32cube.common.mx_6.15.0.202507011659
2025-07-22 04:37:34,121 [INFO] PluginManage:196 - Search for loadable plugins [exclusion list=, ]
2025-07-22 04:37:34,121 [INFO] PluginManage:310 - Check plugin analytics
2025-07-22 04:37:34,223 [INFO] AnalyticsPlugin:253 - Accepted Software Licenses: 
2025-07-22 04:37:34,223 [INFO] AnalyticsPlugin:255 - Accepted CMSIS Pack Licenses: 
2025-07-22 04:37:34,223 [INFO] AnalyticsPlugin:257 - Accepted Firmware Licenses: FW.F4.1.28.0,FW.H7.1.12.0
2025-07-22 04:37:34,225 [INFO] PluginManage:359 - Loaded plugin analytics (category:tool,tabindex:-1)
2025-07-22 04:37:34,225 [INFO] PluginManage:310 - Check plugin cadmodel
2025-07-22 04:37:34,228 [INFO] CADModel:105 - Init CAD model plugin
2025-07-22 04:37:34,228 [INFO] PluginManage:359 - Loaded plugin cadmodel (category:power,tabindex:5)
2025-07-22 04:37:34,228 [INFO] PluginManage:310 - Check plugin clock
2025-07-22 04:37:34,233 [INFO] PluginManage:359 - Loaded plugin clock (category:base,tabindex:2)
2025-07-22 04:37:34,233 [INFO] PluginManage:310 - Check plugin ddr
2025-07-22 04:37:34,234 [INFO] PluginManage:359 - Loaded plugin ddr (category:tool,tabindex:6)
2025-07-22 04:37:34,234 [INFO] PluginManage:310 - Check plugin filemanager
2025-07-22 04:37:34,321 [INFO] PluginManage:359 - Loaded plugin filemanager (category:base,tabindex:10)
2025-07-22 04:37:34,321 [INFO] PluginManage:310 - Check plugin ipmanager
2025-07-22 04:37:34,326 [INFO] PluginManage:359 - Loaded plugin ipmanager (category:base,tabindex:5)
2025-07-22 04:37:34,326 [INFO] PluginManage:310 - Check plugin lpbam
2025-07-22 04:37:34,331 [INFO] PluginManage:359 - Loaded plugin lpbam (category:base,tabindex:0)
2025-07-22 04:37:34,331 [INFO] PluginManage:310 - Check plugin memorymap
2025-07-22 04:37:34,339 [INFO] PluginManage:359 - Loaded plugin memorymap (category:base,tabindex:4)
2025-07-22 04:37:34,339 [INFO] PluginManage:310 - Check plugin pinoutandconfiguration
2025-07-22 04:37:34,343 [INFO] PluginManage:359 - Loaded plugin pinoutandconfiguration (category:base,tabindex:1)
2025-07-22 04:37:34,343 [INFO] PluginManage:310 - Check plugin pinoutconfig
2025-07-22 04:37:34,395 [WARN] SupportedApi:132 - Cannot load RTOS API schema: s4s-elt-must-match.1: The content of 'definitions' must match (annotation?, (simpleType | complexType)?, (unique | key | keyref)*)). A problem was found starting at: attribute.
2025-07-22 04:37:34,470 [INFO] PluginManage:359 - Loaded plugin pinoutconfig (category:base,tabindex:0)
2025-07-22 04:37:34,470 [INFO] PluginManage:310 - Check plugin power
2025-07-22 04:37:34,474 [INFO] PluginManage:359 - Loaded plugin power (category:power,tabindex:4)
2025-07-22 04:37:34,474 [INFO] PluginManage:310 - Check plugin projectmanager
2025-07-22 04:37:34,484 [INFO] PluginManage:359 - Loaded plugin projectmanager (category:projectmanager,tabindex:4)
2025-07-22 04:37:34,484 [INFO] PluginManage:310 - Check plugin rif
2025-07-22 04:37:34,489 [INFO] PluginManage:359 - Loaded plugin rif (category:base,tabindex:3)
2025-07-22 04:37:34,490 [INFO] PluginManage:310 - Check plugin thirdparty
2025-07-22 04:37:34,562 [INFO] PluginManage:359 - Loaded plugin thirdparty (category:base,tabindex:-1)
2025-07-22 04:37:34,562 [WARN] IntegrityCheckThread:84 - waiting for thirdparty lock release [integrity check]
2025-07-22 04:37:34,562 [INFO] PluginManage:310 - Check plugin tools
2025-07-22 04:37:34,562 [INFO] IntegrityCheckThread:86 - entering critical section [integrity check]
2025-07-22 04:37:34,563 [INFO] ThirdPartyUpdaterWithRetryManager:70 - Updater plugin not ready yet. [1/15]
2025-07-22 04:37:34,564 [INFO] PluginManage:359 - Loaded plugin tools (category:base,tabindex:7)
2025-07-22 04:37:34,564 [INFO] PluginManage:310 - Check plugin tutovideos
2025-07-22 04:37:34,679 [INFO] PluginManage:359 - Loaded plugin tutovideos (category:base,tabindex:-1)
2025-07-22 04:37:34,679 [INFO] PluginManage:310 - Check plugin updater
2025-07-22 04:37:34,692 [INFO] PluginManage:359 - Loaded plugin updater (category:base,tabindex:12)
2025-07-22 04:37:34,693 [INFO] PluginManage:310 - Check plugin userauth
2025-07-22 04:37:34,695 [INFO] UserAuth:118 - Init User Auth plugin
2025-07-22 04:37:34,695 [INFO] PluginManage:359 - Loaded plugin userauth (category:base,tabindex:14)
2025-07-22 04:37:34,695 [INFO] PluginManage:283 - PluginManage : Loaded plugins [18]
2025-07-22 04:37:34,829 [INFO] PinOutPanel:1589 - setPackage(No Configuration,No Configuration)
2025-07-22 04:37:34,884 [INFO] CADModel:165 - CPN selected for project level
2025-07-22 04:37:34,884 [INFO] CADModel:114 - Register for checkConnection events
2025-07-22 04:37:34,895 [INFO] IPUIPlugin:80 - create IPUIPlugin
2025-07-22 04:37:34,895 [INFO] PluginManager:220 - loadIPPluginJar : add adc
2025-07-22 04:37:34,897 [INFO] IPUIPlugin:80 - create IPUIPlugin
2025-07-22 04:37:34,897 [INFO] PluginManager:220 - loadIPPluginJar : add aes
2025-07-22 04:37:34,898 [INFO] IPUIPlugin:80 - create IPUIPlugin
2025-07-22 04:37:34,899 [INFO] PluginManager:220 - loadIPPluginJar : add can
2025-07-22 04:37:34,899 [INFO] IPUIPlugin:80 - create IPUIPlugin
2025-07-22 04:37:34,900 [INFO] PluginManager:220 - loadIPPluginJar : add comp
2025-07-22 04:37:34,901 [INFO] IPUIPlugin:80 - create IPUIPlugin
2025-07-22 04:37:34,901 [INFO] PluginManager:220 - loadIPPluginJar : add cryp
2025-07-22 04:37:34,902 [INFO] IPUIPlugin:80 - create IPUIPlugin
2025-07-22 04:37:34,903 [INFO] PluginManager:220 - loadIPPluginJar : add ddr_ctrl_phy
2025-07-22 04:37:34,904 [INFO] IPUIPlugin:80 - create IPUIPlugin
2025-07-22 04:37:34,904 [INFO] PluginManager:220 - loadIPPluginJar : add dfsdm
2025-07-22 04:37:34,907 [INFO] IPUIPlugin:80 - create IPUIPlugin
2025-07-22 04:37:34,907 [INFO] PluginManager:220 - loadIPPluginJar : add dma
2025-07-22 04:37:34,909 [INFO] IPUIPlugin:80 - create IPUIPlugin
2025-07-22 04:37:34,909 [INFO] PluginManager:220 - loadIPPluginJar : add dma3
2025-07-22 04:37:34,910 [INFO] IPUIPlugin:80 - create IPUIPlugin
2025-07-22 04:37:34,910 [INFO] PluginManager:220 - loadIPPluginJar : add extmemmanager
2025-07-22 04:37:34,911 [INFO] IPUIPlugin:80 - create IPUIPlugin
2025-07-22 04:37:34,911 [INFO] PluginManager:220 - loadIPPluginJar : add fatfs
2025-07-22 04:37:34,914 [INFO] IPUIPlugin:80 - create IPUIPlugin
2025-07-22 04:37:34,915 [INFO] PluginManager:220 - loadIPPluginJar : add fmc
2025-07-22 04:37:34,918 [INFO] IPUIPlugin:80 - create IPUIPlugin
2025-07-22 04:37:34,918 [INFO] PluginManager:220 - loadIPPluginJar : add freertos
2025-07-22 04:37:34,919 [INFO] IPUIPlugin:80 - create IPUIPlugin
2025-07-22 04:37:34,920 [INFO] PluginManager:220 - loadIPPluginJar : add genericplugin
2025-07-22 04:37:34,921 [INFO] IPUIPlugin:80 - create IPUIPlugin
2025-07-22 04:37:34,921 [INFO] PluginManager:220 - loadIPPluginJar : add gfxmmu
2025-07-22 04:37:34,924 [INFO] IPUIPlugin:80 - create IPUIPlugin
2025-07-22 04:37:34,924 [INFO] PluginManager:220 - loadIPPluginJar : add gic
2025-07-22 04:37:34,927 [INFO] IPUIPlugin:80 - create IPUIPlugin
2025-07-22 04:37:34,927 [INFO] PluginManager:220 - loadIPPluginJar : add gpio
2025-07-22 04:37:34,928 [INFO] IPUIPlugin:80 - create IPUIPlugin
2025-07-22 04:37:34,928 [INFO] PluginManager:220 - loadIPPluginJar : add gtzc
2025-07-22 04:37:34,930 [INFO] IPUIPlugin:80 - create IPUIPlugin
2025-07-22 04:37:34,930 [INFO] PluginManager:220 - loadIPPluginJar : add hash
2025-07-22 04:37:34,931 [INFO] IPUIPlugin:80 - create IPUIPlugin
2025-07-22 04:37:34,931 [INFO] PluginManager:220 - loadIPPluginJar : add i2c
2025-07-22 04:37:34,933 [INFO] IPUIPlugin:80 - create IPUIPlugin
2025-07-22 04:37:34,933 [INFO] PluginManager:220 - loadIPPluginJar : add i2s
2025-07-22 04:37:34,935 [INFO] IPUIPlugin:80 - create IPUIPlugin
2025-07-22 04:37:34,935 [INFO] PluginManager:220 - loadIPPluginJar : add i3c
2025-07-22 04:37:34,937 [INFO] IPUIPlugin:80 - create IPUIPlugin
2025-07-22 04:37:34,937 [INFO] PluginManager:220 - loadIPPluginJar : add ipddr
2025-07-22 04:37:34,941 [INFO] IPUIPlugin:80 - create IPUIPlugin
2025-07-22 04:37:34,941 [INFO] PluginManager:220 - loadIPPluginJar : add linkedlist
2025-07-22 04:37:34,943 [INFO] IPUIPlugin:80 - create IPUIPlugin
2025-07-22 04:37:34,943 [INFO] PluginManager:220 - loadIPPluginJar : add lorawan
2025-07-22 04:37:34,944 [INFO] IPUIPlugin:80 - create IPUIPlugin
2025-07-22 04:37:34,944 [INFO] PluginManager:220 - loadIPPluginJar : add ltdc
2025-07-22 04:37:34,947 [INFO] IPUIPlugin:80 - create IPUIPlugin
2025-07-22 04:37:34,947 [INFO] PluginManager:220 - loadIPPluginJar : add mdma
2025-07-22 04:37:34,950 [INFO] IPUIPlugin:80 - create IPUIPlugin
2025-07-22 04:37:34,950 [INFO] PluginManager:220 - loadIPPluginJar : add nvic
2025-07-22 04:37:34,952 [INFO] IPUIPlugin:80 - create IPUIPlugin
2025-07-22 04:37:34,952 [INFO] PluginManager:220 - loadIPPluginJar : add opamp
2025-07-22 04:37:34,954 [INFO] IPUIPlugin:80 - create IPUIPlugin
2025-07-22 04:37:34,954 [INFO] PluginManager:220 - loadIPPluginJar : add openamp
2025-07-22 04:37:34,955 [INFO] IPUIPlugin:80 - create IPUIPlugin
2025-07-22 04:37:34,955 [INFO] PluginManager:220 - loadIPPluginJar : add pdm2pcm
2025-07-22 04:37:34,960 [INFO] IPUIPlugin:80 - create IPUIPlugin
2025-07-22 04:37:34,962 [INFO] PluginManager:220 - loadIPPluginJar : add plateformsettings
2025-07-22 04:37:34,962 [INFO] IPUIPlugin:80 - create IPUIPlugin
2025-07-22 04:37:34,962 [INFO] PluginManager:220 - loadIPPluginJar : add quadspi
2025-07-22 04:37:34,964 [INFO] IPUIPlugin:80 - create IPUIPlugin
2025-07-22 04:37:34,964 [INFO] PluginManager:220 - loadIPPluginJar : add radio
2025-07-22 04:37:34,966 [INFO] IPUIPlugin:80 - create IPUIPlugin
2025-07-22 04:37:34,966 [INFO] PluginManager:220 - loadIPPluginJar : add resmgrutility
2025-07-22 04:37:34,968 [INFO] IPUIPlugin:80 - create IPUIPlugin
2025-07-22 04:37:34,968 [INFO] PluginManager:220 - loadIPPluginJar : add sai
2025-07-22 04:37:34,969 [INFO] IPUIPlugin:80 - create IPUIPlugin
2025-07-22 04:37:34,969 [INFO] PluginManager:220 - loadIPPluginJar : add spi
2025-07-22 04:37:34,973 [INFO] IPUIPlugin:80 - create IPUIPlugin
2025-07-22 04:37:34,973 [INFO] PluginManager:220 - loadIPPluginJar : add stm32_wpan
2025-07-22 04:37:34,974 [INFO] IPUIPlugin:80 - create IPUIPlugin
2025-07-22 04:37:34,974 [INFO] PluginManager:220 - loadIPPluginJar : add tim
2025-07-22 04:37:34,975 [INFO] IPUIPlugin:80 - create IPUIPlugin
2025-07-22 04:37:34,976 [INFO] PluginManager:220 - loadIPPluginJar : add touchsensing
2025-07-22 04:37:34,976 [INFO] IPUIPlugin:80 - create IPUIPlugin
2025-07-22 04:37:34,977 [INFO] PluginManager:220 - loadIPPluginJar : add tracer_emb
2025-07-22 04:37:34,977 [INFO] IPUIPlugin:80 - create IPUIPlugin
2025-07-22 04:37:34,977 [INFO] PluginManager:220 - loadIPPluginJar : add ts
2025-07-22 04:37:34,978 [INFO] IPUIPlugin:80 - create IPUIPlugin
2025-07-22 04:37:34,978 [INFO] PluginManager:220 - loadIPPluginJar : add tsc
2025-07-22 04:37:34,979 [INFO] IPUIPlugin:80 - create IPUIPlugin
2025-07-22 04:37:34,979 [INFO] PluginManager:220 - loadIPPluginJar : add ucpd
2025-07-22 04:37:34,981 [INFO] IPUIPlugin:80 - create IPUIPlugin
2025-07-22 04:37:34,981 [INFO] PluginManager:220 - loadIPPluginJar : add usart
2025-07-22 04:37:34,982 [INFO] IPUIPlugin:80 - create IPUIPlugin
2025-07-22 04:37:34,982 [INFO] PluginManager:220 - loadIPPluginJar : add usbx
2025-07-22 04:37:35,090 [FATAL] Updater:351 - Updater called before beeing initialized
2025-07-22 04:37:35,106 [INFO] RulesReader:64 - Compatibility file has been processed (317 Rules)
2025-07-22 04:37:35,112 [INFO] RulesReader:64 - Compatibility file has been processed (317 Rules)
2025-07-22 04:37:35,117 [INFO] CADModel:165 - CPN selected for project level
2025-07-22 04:37:35,117 [INFO] CADModel:114 - Register for checkConnection events
2025-07-22 04:37:35,117 [FATAL] Updater:351 - Updater called before beeing initialized
2025-07-22 04:37:35,117 [ERROR] CADModel:125 - Updater not yet initialized, retry later 
2025-07-22 04:37:35,198 [FATAL] Updater:351 - Updater called before beeing initialized
2025-07-22 04:37:35,199 [INFO] CADModel:165 - CPN selected for project level
2025-07-22 04:37:35,199 [INFO] CADModel:114 - Register for checkConnection events
2025-07-22 04:37:35,199 [FATAL] Updater:351 - Updater called before beeing initialized
2025-07-22 04:37:35,199 [ERROR] CADModel:125 - Updater not yet initialized, retry later 
2025-07-22 04:37:35,201 [FATAL] Updater:351 - Updater called before beeing initialized
2025-07-22 04:37:35,275 [FATAL] Updater:351 - Updater called before beeing initialized
2025-07-22 04:37:35,278 [INFO] DbMcusAds:53 - JSON generation date=Tue Jul 08 18:14:23 AEST 2025 (1751962463524)
2025-07-22 04:37:35,278 [FATAL] Updater:351 - Updater called before beeing initialized
2025-07-22 04:37:35,300 [WARN] DetailPanel:346 - Failed to get advertising image, set to default
2025-07-22 04:37:35,360 [FATAL] Updater:351 - Updater called before beeing initialized
2025-07-22 04:37:35,361 [FATAL] Updater:351 - Updater called before beeing initialized
2025-07-22 04:37:35,361 [FATAL] Updater:351 - Updater called before beeing initialized
2025-07-22 04:37:35,362 [WARN] DetailPanel:346 - Failed to get advertising image, set to default
2025-07-22 04:37:35,362 [FATAL] Updater:351 - Updater called before beeing initialized
2025-07-22 04:37:35,389 [ERROR] Updater:1198 - MainUpdater not yet initialized. External WinMGr cannot be set.
2025-07-22 04:37:35,390 [INFO] Updater:1134 - Updater Version found : 6.15.0
2025-07-22 04:37:35,408 [INFO] ApplicationProperties:184 - Using Application install path: C:\ST\STM32CubeIDE_1.19.0\STM32CubeIDE\plugins\com.st.stm32cube.common.mx_6.15.0.202507011659
2025-07-22 04:37:35,605 [INFO] MainUpdater:2872 - connection check result : 10
2025-07-22 04:37:35,606 [INFO] MainUpdater:289 - Updater Check For Update Now.
2025-07-22 04:37:35,606 [INFO] MicroXplorer:498 - Change Database Version : DB.6.0.150
2025-07-22 04:37:35,609 [INFO] McuFinderGlobals:63 - Set McuFinder mode to 2 (CubeIDE integrated)
2025-07-22 04:37:35,609 [INFO] UserAuth:487 - Internet connection configuration mode: 1
2025-07-22 04:37:35,621 [INFO] JxBrowserEngine:152 - Initiate JxBrowser Engine with user profile folder
2025-07-22 04:37:35,754 [INFO] CheckServerUpdateThread:120 - End of CheckServer Thread
2025-07-22 04:37:35,980 [INFO] WebApp:169 - Instantiating new browser for Auth
2025-07-22 04:37:36,368 [INFO] WebApp:463 - Apply proxy settings
2025-07-22 04:37:36,368 [INFO] WebApp:548 - Chromium requires no authentication
2025-07-22 04:37:36,374 [INFO] WebApp:491 - Direct internet connection detected
2025-07-22 04:37:36,386 [INFO] WebApp:900 - Register for checkConnection events
2025-07-22 04:37:36,386 [INFO] WebApp:463 - Apply proxy settings
2025-07-22 04:37:36,386 [INFO] WebApp:548 - Chromium requires no authentication
2025-07-22 04:37:36,386 [INFO] WebApp:491 - Direct internet connection detected
2025-07-22 04:37:36,477 [INFO] WebApp:225 - Starting web application
2025-07-22 04:37:36,477 [INFO] WebApp:593 - Web application path used C:\ST\STM32CubeIDE_1.19.0\STM32CubeIDE\plugins\com.st.stm32cube.common.mx_6.15.0.202507011659\db\plugins\mcufinder\reactClient1\index.html
2025-07-22 04:37:36,582 [INFO] UserAuth:487 - Internet connection configuration mode: 1
2025-07-22 04:37:36,794 [INFO] WebApp:191 - Connection restablished
2025-07-22 04:37:37,727 [WARN] PackLoader:240 - Cannot read IP mode file for STMicroelectronics.FP-SNS-MOTENVWB1.1.4.0
2025-07-22 04:37:37,732 [WARN] PackLoader:240 - Cannot read IP mode file for STMicroelectronics.FP-ATR-ASTRA1.2.0.2
2025-07-22 04:37:37,734 [WARN] PackLoader:240 - Cannot read IP mode file for STMicroelectronics.FP-ATR-ASTRA1.2.0.1
2025-07-22 04:37:37,738 [WARN] PackLoader:240 - Cannot read IP mode file for STMicroelectronics.X-CUBE-SMBUS.2.1.0
2025-07-22 04:37:37,742 [WARN] PackLoader:240 - Cannot read IP mode file for STMicroelectronics.X-CUBE-WB05N.1.1.0
2025-07-22 04:37:37,744 [WARN] PackLoader:240 - Cannot read IP mode file for STMicroelectronics.X-CUBE-ST60.1.0.0
2025-07-22 04:37:37,760 [WARN] PackLoader:240 - Cannot read IP mode file for STMicroelectronics.X-CUBE-AZRTOS-F7.1.1.0
2025-07-22 04:37:37,765 [WARN] PackLoader:240 - Cannot read IP mode file for STMicroelectronics.FP-SNS-FLIGHT1.5.0.2
2025-07-22 04:37:37,779 [WARN] PackLoader:240 - Cannot read IP mode file for Infineon.AIROC-Wi-Fi-Bluetooth-STM32.1.7.0
2025-07-22 04:37:37,795 [WARN] PackLoader:240 - Cannot read IP mode file for STMicroelectronics.X-CUBE-AZRTOS-H7.3.4.0
2025-07-22 04:37:37,802 [WARN] PackLoader:240 - Cannot read IP mode file for STMicroelectronics.X-CUBE-DISPLAY.3.0.0
2025-07-22 04:37:37,810 [WARN] PackLoader:240 - Cannot read IP mode file for STMicroelectronics.X-CUBE-NFC10.1.0.0
2025-07-22 04:37:37,817 [WARN] PackLoader:240 - Cannot read IP mode file for STMicroelectronics.X-CUBE-BLEMGR.4.0.0
2025-07-22 04:37:37,821 [WARN] PackLoader:240 - Cannot read IP mode file for emotas.I-CUBE-CANOPEN.1.3.0
2025-07-22 04:37:37,825 [WARN] ConditionMgr:438 - getConditionDescription Invalid condition id : Cortex-A Device cause : null
2025-07-22 04:37:37,832 [WARN] ConditionMgr:1044 - genDependencies : Invalid condition id : Cortex-A Device cause : null
2025-07-22 04:37:37,832 [WARN] ConditionMgr:1044 - genDependencies : Invalid condition id : Cortex-A Device cause : null
2025-07-22 04:37:37,832 [WARN] ConditionMgr:1044 - genDependencies : Invalid condition id : Cortex-A Device cause : null
2025-07-22 04:37:37,835 [WARN] PackLoader:240 - Cannot read IP mode file for STMicroelectronics.X-CUBE-AI.10.0.0
2025-07-22 04:37:37,839 [WARN] PackLoader:240 - Cannot read IP mode file for STMicroelectronics.FP-SNS-SMARTAG2.1.2.0
2025-07-22 04:37:37,842 [WARN] PackLoader:240 - Cannot read IP mode file for STMicroelectronics.FP-SNS-FLIGHT1.5.1.0
2025-07-22 04:37:37,846 [INFO] LogOutputStream:77 - [STDOUT_REDIRECT] 1 : Invalid condition id : UX_CORESTACK_Condition cause : null
2025-07-22 04:37:37,846 [INFO] LogOutputStream:77 - [STDOUT_REDIRECT] 1 : Invalid condition id : UX_CORESTACK_Condition cause : null
2025-07-22 04:37:37,847 [INFO] LogOutputStream:77 - [STDOUT_REDIRECT] 1 : Invalid condition id : UX_CORESTACK_Condition cause : null
2025-07-22 04:37:37,848 [INFO] LogOutputStream:77 - [STDOUT_REDIRECT] 1 : Invalid condition id : UX_CORESTACK_Condition cause : null
2025-07-22 04:37:37,848 [INFO] LogOutputStream:77 - [STDOUT_REDIRECT] 1 : Invalid condition id : UX_CORESTACK_Condition cause : null
2025-07-22 04:37:37,850 [WARN] PackLoader:240 - Cannot read IP mode file for STMicroelectronics.X-CUBE-AZRTOS-WL.2.0.0
2025-07-22 04:37:37,854 [WARN] PackLoader:240 - Cannot read IP mode file for STMicroelectronics.FP-SNS-MOTENV1.5.0.0
2025-07-22 04:37:37,859 [WARN] PackLoader:240 - Cannot read IP mode file for WES.I-CUBE-Cesium.1.3.0
2025-07-22 04:37:37,861 [WARN] PackLoader:240 - Cannot read IP mode file for STMicroelectronics.X-CUBE-BLE2.3.3.0
2025-07-22 04:37:37,865 [WARN] PackLoader:240 - Cannot read IP mode file for STMicroelectronics.X-CUBE-NFC9.1.0.0
2025-07-22 04:37:37,868 [WARN] PackLoader:240 - Cannot read IP mode file for STMicroelectronics.X-CUBE-BLE1.7.1.0
2025-07-22 04:37:37,871 [WARN] PackLoader:240 - Cannot read IP mode file for wolfSSL.I-CUBE-wolfMQTT.1.19.2
2025-07-22 04:37:37,874 [WARN] PackLoader:240 - Cannot read IP mode file for STMicroelectronics.X-CUBE-EEPRMA1.5.2.0
2025-07-22 04:37:37,877 [WARN] PackLoader:240 - Cannot read IP mode file for STMicroelectronics.X-CUBE-AI.10.1.0
2025-07-22 04:37:37,908 [WARN] PackLoader:240 - Cannot read IP mode file for STMicroelectronics.X-CUBE-MEMS1.11.2.0
2025-07-22 04:37:38,034 [WARN] PackLoader:240 - Cannot read IP mode file for STMicroelectronics.X-CUBE-AZRTOS-G0.1.1.0
2025-07-22 04:37:38,040 [WARN] PackLoader:240 - Cannot read IP mode file for STMicroelectronics.X-CUBE-SAFEA1.1.2.2
2025-07-22 04:37:38,044 [WARN] PackLoader:240 - Cannot read IP mode file for STMicroelectronics.X-CUBE-NFC4.3.0.0
2025-07-22 04:37:38,051 [WARN] PackLoader:240 - Cannot read IP mode file for EmbeddedOffice.I-CUBE-FS-RTOS.1.0.1
2025-07-22 04:37:38,054 [WARN] PackLoader:240 - Cannot read IP mode file for STMicroelectronics.X-CUBE-WB05N.2.0.0
2025-07-22 04:37:38,058 [WARN] PackLoader:240 - Cannot read IP mode file for wolfSSL.I-CUBE-wolfTPM.3.8.0
2025-07-22 04:37:38,061 [WARN] PackLoader:240 - Cannot read IP mode file for STMicroelectronics.X-CUBE-TCPP.4.2.0
2025-07-22 04:37:38,066 [WARN] PackLoader:240 - Cannot read IP mode file for RealThread.X-CUBE-RT-Thread_Nano.4.1.1
2025-07-22 04:37:38,069 [WARN] PackLoader:240 - Cannot read IP mode file for STMicroelectronics.FP-ATR-SIGFOX1.3.2.0
2025-07-22 04:37:38,071 [WARN] PackLoader:240 - Cannot read IP mode file for STMicroelectronics.X-CUBE-EEPRMA1.5.1.0
2025-07-22 04:37:38,074 [WARN] PackLoader:240 - Cannot read IP mode file for wolfSSL.I-CUBE-wolfSSL.5.7.6
2025-07-22 04:37:38,078 [WARN] PackLoader:240 - Cannot read IP mode file for ITTIA_DB.I-CUBE-ITTIADB.8.9.0
2025-07-22 04:37:38,082 [WARN] PackLoader:240 - Cannot read IP mode file for STMicroelectronics.X-CUBE-ST67W61.1.0.0
2025-07-22 04:37:38,099 [WARN] PackLoader:240 - Cannot read IP mode file for SEGGER.I-CUBE-embOS.1.3.1
2025-07-22 04:37:38,118 [WARN] PackLoader:240 - Cannot read IP mode file for STMicroelectronics.X-CUBE-ALGOBUILD.1.4.0
2025-07-22 04:37:38,139 [WARN] PackLoader:240 - Cannot read IP mode file for STMicroelectronics.X-CUBE-MEMS1.11.3.0
2025-07-22 04:37:38,218 [WARN] PackLoader:240 - Cannot read IP mode file for STMicroelectronics.X-CUBE-PM33A1.1.0.0
2025-07-22 04:37:38,234 [WARN] PackLoader:240 - Cannot read IP mode file for STMicroelectronics.X-CUBE-AZRTOS-F4.1.1.0
2025-07-22 04:37:38,240 [WARN] PackLoader:240 - Cannot read IP mode file for Avnet-IotConnect.X-CUBE-IoTC-DA16k-PMOD.1.0.0
2025-07-22 04:37:38,243 [WARN] PackLoader:240 - Cannot read IP mode file for STMicroelectronics.X-CUBE-ISPU.2.1.0
2025-07-22 04:37:38,248 [WARN] PackLoader:240 - Cannot read IP mode file for STMicroelectronics.X-CUBE-NFC12.1.0.0
2025-07-22 04:37:38,258 [WARN] PackLoader:240 - Cannot read IP mode file for STMicroelectronics.X-CUBE-AZRTOS-L5.2.0.0
2025-07-22 04:37:38,265 [WARN] PackLoader:240 - Cannot read IP mode file for STMicroelectronics.X-CUBE-NFC6.3.1.0
2025-07-22 04:37:38,272 [WARN] PackLoader:240 - Cannot read IP mode file for STMicroelectronics.X-CUBE-FREERTOS.1.3.1
2025-07-22 04:37:38,276 [WARN] PackLoader:240 - Cannot read IP mode file for STMicroelectronics.X-CUBE-FREERTOS.1.3.0
2025-07-22 04:37:38,281 [WARN] PackLoader:240 - Cannot read IP mode file for STMicroelectronics.X-CUBE-NFC7.1.0.1
2025-07-22 04:37:38,285 [WARN] PackLoader:240 - Cannot read IP mode file for STMicroelectronics.FP-SNS-STAIOTCFT.1.0.0
2025-07-22 04:37:38,290 [WARN] PackLoader:240 - Cannot read IP mode file for STMicroelectronics.X-CUBE-DPower.1.3.0
2025-07-22 04:37:38,303 [WARN] ConditionMgr:438 - getConditionDescription Invalid condition id : LAN8742 Phy interface Condition cause : null
2025-07-22 04:37:38,303 [WARN] PackLoader:240 - Cannot read IP mode file for STMicroelectronics.X-CUBE-AZRTOS-L4.2.0.0
2025-07-22 04:37:38,303 [WARN] ConditionMgr:1044 - genDependencies : Invalid condition id : LAN8742 Phy interface Condition cause : null
2025-07-22 04:37:38,304 [WARN] ConditionMgr:1044 - genDependencies : Invalid condition id : LAN8742 Phy interface Condition cause : null
2025-07-22 04:37:38,304 [WARN] ConditionMgr:1044 - genDependencies : Invalid condition id : LAN8742 Phy interface Condition cause : null
2025-07-22 04:37:38,311 [WARN] PackLoader:240 - Cannot read IP mode file for STMicroelectronics.X-CUBE-SFXS2LP1.4.0.0
2025-07-22 04:37:38,324 [WARN] PackLoader:240 - Cannot read IP mode file for STMicroelectronics.X-CUBE-AZRTOS-H7.3.3.0
2025-07-22 04:37:38,331 [WARN] PackLoader:240 - Cannot read IP mode file for STMicroelectronics.X-CUBE-BLEMGR.4.1.0
2025-07-22 04:37:38,339 [WARN] ConditionMgr:438 - getConditionDescription Invalid condition id : UX DEVICE CLASS RTOS Condition cause : null
2025-07-22 04:37:38,339 [WARN] ConditionMgr:438 - getConditionDescription Invalid condition id : UX DEVICE CLASS RTOS Condition cause : null
2025-07-22 04:37:38,341 [WARN] PackLoader:240 - Cannot read IP mode file for STMicroelectronics.X-CUBE-AZRTOS-WB.2.0.0
2025-07-22 04:37:38,341 [WARN] ConditionMgr:1044 - genDependencies : Invalid condition id : UX DEVICE CLASS RTOS Condition cause : null
2025-07-22 04:37:38,341 [WARN] ConditionMgr:1044 - genDependencies : Invalid condition id : UX DEVICE CLASS RTOS Condition cause : null
2025-07-22 04:37:38,341 [WARN] ConditionMgr:1044 - genDependencies : Invalid condition id : UX DEVICE CLASS RTOS Condition cause : null
2025-07-22 04:37:38,342 [WARN] ConditionMgr:1044 - genDependencies : Invalid condition id : UX DEVICE CLASS RTOS Condition cause : null
2025-07-22 04:37:38,342 [WARN] ConditionMgr:1044 - genDependencies : Invalid condition id : UX DEVICE CLASS RTOS Condition cause : null
2025-07-22 04:37:38,351 [WARN] PackLoader:240 - Cannot read IP mode file for STMicroelectronics.X-CUBE-GNSS1.7.0.1
2025-07-22 04:37:38,360 [WARN] PackLoader:240 - Cannot read IP mode file for STMicroelectronics.X-CUBE-TOUCHGFX.4.25.0
2025-07-22 04:37:38,367 [WARN] PackLoader:240 - Cannot read IP mode file for STMicroelectronics.X-CUBE-SUBG2.5.0.0
2025-07-22 04:37:38,382 [WARN] PackLoader:240 - Cannot read IP mode file for STMicroelectronics.X-CUBE-AZRTOS-H7RS.1.1.0
2025-07-22 04:37:38,389 [WARN] PackLoader:240 - Cannot read IP mode file for Cesanta.I-CUBE-Mongoose.7.13.0
2025-07-22 04:37:38,411 [WARN] PackLoader:240 - Cannot read IP mode file for STMicroelectronics.X-CUBE-AZRTOS-G4.2.0.0
2025-07-22 04:37:38,418 [WARN] PackLoader:240 - Cannot read IP mode file for wolfSSL.I-CUBE-wolfSSH.1.4.20
2025-07-22 04:37:38,420 [WARN] PackLoader:240 - Cannot read IP mode file for STMicroelectronics.X-CUBE-NFC7.2.0.0
2025-07-22 04:37:38,426 [WARN] PackLoader:240 - Cannot read IP mode file for STMicroelectronics.X-CUBE-IPS.3.1.0
2025-07-22 04:37:38,431 [WARN] PackLoader:240 - Cannot read IP mode file for STMicroelectronics.X-CUBE-ALS.1.0.2
2025-07-22 04:37:38,435 [WARN] PackLoader:240 - Cannot read IP mode file for portGmbH.I-Cube-SoM-uGOAL.1.1.0
2025-07-22 04:37:38,440 [WARN] PackLoader:240 - Cannot read IP mode file for STMicroelectronics.X-CUBE-TOF1.3.4.3
2025-07-22 04:37:38,444 [INFO] ThirdParty:978 - Integrity check success = true
2025-07-22 04:37:38,445 [INFO] IntegrityCheckThread:100 - exiting critical section [integrity check]
2025-07-22 04:37:38,445 [INFO] IntegrityCheckThread:103 - End integrity checks thread
2025-07-22 04:38:42,800 [INFO] McuFinderGlobals:63 - Set McuFinder mode to 2 (CubeIDE integrated)
2025-07-22 04:38:42,804 [INFO] MainUpdater:2872 - connection check result : 10
2025-07-22 04:38:42,804 [INFO] MainUpdater:2872 - connection check result : 10
2025-07-22 04:38:42,829 [INFO] MicroXplorer:468 - Change Database Path : 
2025-07-22 04:38:42,829 [INFO] MicroXplorer:498 - Change Database Version : DB.6.0.150
2025-07-22 04:38:42,834 [WARN] ThirdParty:871 - waiting for thirdparty lock release [close project]
2025-07-22 04:38:42,834 [INFO] ThirdParty:873 - entering critical section [close project]
2025-07-22 04:38:42,835 [INFO] ThirdParty:883 - exiting critical section [close project]
2025-07-22 04:38:42,850 [INFO] PinOutPanel:1589 - setPackage(No Configuration,No Configuration)
2025-07-22 04:38:42,851 [INFO] UtilMem:75 - Begin LoadConfig() Used Memory: 397759288 Bytes (725614592)
2025-07-22 04:38:42,852 [INFO] MicroXplorer:468 - Change Database Path : 
2025-07-22 04:38:42,853 [INFO] MicroXplorer:498 - Change Database Version : DB.6.0.150
2025-07-22 04:38:42,853 [INFO] OpenFileManager:355 - Change cursor
2025-07-22 04:38:42,893 [INFO] Mcu:2029 - Initializing MCU STM32H755ZITx STM32H755ZITx STM32H755ZIT6
2025-07-22 04:38:45,286 [INFO] Context:786 - Trying to add GPIOservice into a context  which must be forbidden
2025-07-22 04:38:45,287 [INFO] Context:786 - Trying to add GPIOservice into a context  which must be forbidden
2025-07-22 04:38:46,416 [INFO] ApiDbMcu:532 - Load IP Config File for NUCLEO-H755ZI-Q
2025-07-22 04:38:46,564 [INFO] Context:786 - Trying to add GPIOservice into a context  which must be forbidden
2025-07-22 04:38:46,580 [INFO] Context:786 - Trying to add GPIOservice into a context  which must be forbidden
2025-07-22 04:38:46,584 [INFO] ImportTextPane:234 - (OptionalMessage_ERROR) Pin33 (VP_RIF_VS_RIF1) cannot be retrieved for this MCU
2025-07-22 04:38:46,598 [INFO] ImportTextPane:234 - (OptionalMessage_ERROR) Unable to find key (Mcu.IP13) in loaded IOC file
2025-07-22 04:38:46,599 [INFO] ImportTextPane:234 - (OptionalMessage_ERROR) Unknown IP (dummy)
2025-07-22 04:38:46,754 [INFO] RtosManager:558 - Registered RTOS mode: class=CMSIS, group=RTOS, mode=CMSIS_V1, owner=FREERTOS_M7
2025-07-22 04:38:46,754 [INFO] RtosManager:558 - Registered RTOS mode: class=CMSIS, group=RTOS2, mode=CMSIS_V2, owner=FREERTOS_M7
2025-07-22 04:38:46,754 [INFO] RtosManager:558 - Registered RTOS mode: class=RTOS, group=Core, mode=CMSIS_V1, owner=FREERTOS_M7
2025-07-22 04:38:46,754 [INFO] RtosManager:558 - Registered RTOS mode: class=RTOS, group=Core, mode=CMSIS_V2, owner=FREERTOS_M7
2025-07-22 04:38:46,754 [WARN] ModelIntegratedComponent:184 - Missing modes for component STMicroelectronics:FreeRTOS:0.0.1:STMicroelectronics:RTOS:FreeRTOS:Core:::10.2.0:
2025-07-22 04:38:46,773 [WARN] ModelIntegratedComponent:63 - No mode defined for component null
2025-07-22 04:38:46,773 [WARN] ModelIntegratedComponent:63 - No mode defined for component null
2025-07-22 04:38:46,773 [WARN] ModelIntegratedComponent:63 - No mode defined for component null
2025-07-22 04:38:46,773 [WARN] ModelIntegratedComponent:63 - No mode defined for component null
2025-07-22 04:38:46,773 [WARN] ModelIntegratedComponent:63 - No mode defined for component null
2025-07-22 04:38:46,774 [WARN] ModelIntegratedComponent:63 - No mode defined for component null
2025-07-22 04:38:46,774 [WARN] ModelIntegratedComponent:63 - No mode defined for component null
2025-07-22 04:38:46,774 [WARN] ModelIntegratedComponent:63 - No mode defined for component null
2025-07-22 04:38:46,774 [WARN] ModelIntegratedComponent:63 - No mode defined for component null
2025-07-22 04:38:46,774 [WARN] ModelIntegratedComponent:63 - No mode defined for component null
2025-07-22 04:38:46,774 [WARN] ModelIntegratedComponent:63 - No mode defined for component null
2025-07-22 04:38:46,775 [WARN] ModelIntegratedComponent:63 - No mode defined for component null
2025-07-22 04:38:46,775 [WARN] ModelIntegratedComponent:63 - No mode defined for component null
2025-07-22 04:38:46,775 [WARN] ModelIntegratedComponent:63 - No mode defined for component null
2025-07-22 04:38:46,775 [WARN] ModelIntegratedComponent:63 - No mode defined for component null
2025-07-22 04:38:46,775 [WARN] ModelIntegratedComponent:63 - No mode defined for component null
2025-07-22 04:38:46,775 [WARN] ModelIntegratedComponent:63 - No mode defined for component null
2025-07-22 04:38:46,775 [WARN] ModelIntegratedComponent:63 - No mode defined for component null
2025-07-22 04:38:46,775 [WARN] ModelIntegratedComponent:63 - No mode defined for component null
2025-07-22 04:38:46,775 [WARN] ModelIntegratedComponent:63 - No mode defined for component null
2025-07-22 04:38:46,775 [WARN] ModelIntegratedComponent:63 - No mode defined for component null
2025-07-22 04:38:46,775 [WARN] ModelIntegratedComponent:63 - No mode defined for component null
2025-07-22 04:38:46,775 [WARN] ModelIntegratedComponent:63 - No mode defined for component null
2025-07-22 04:38:46,775 [WARN] ModelIntegratedComponent:63 - No mode defined for component null
2025-07-22 04:38:46,775 [WARN] ModelIntegratedComponent:63 - No mode defined for component null
2025-07-22 04:38:46,775 [WARN] ModelIntegratedComponent:63 - No mode defined for component null
2025-07-22 04:38:46,776 [WARN] ModelIntegratedComponent:63 - No mode defined for component null
2025-07-22 04:38:46,776 [WARN] ModelIntegratedComponent:63 - No mode defined for component null
2025-07-22 04:38:46,776 [WARN] ModelIntegratedComponent:63 - No mode defined for component null
2025-07-22 04:38:46,776 [WARN] ModelIntegratedComponent:63 - No mode defined for component null
2025-07-22 04:38:46,776 [WARN] ModelIntegratedComponent:63 - No mode defined for component null
2025-07-22 04:38:46,776 [WARN] ModelIntegratedComponent:63 - No mode defined for component null
2025-07-22 04:38:46,776 [WARN] ModelIntegratedComponent:63 - No mode defined for component null
2025-07-22 04:38:46,776 [WARN] ModelIntegratedComponent:63 - No mode defined for component null
2025-07-22 04:38:46,777 [WARN] ModelIntegratedComponent:63 - No mode defined for component null
2025-07-22 04:38:46,777 [WARN] ModelPack:524 - Component already loaded: STMicroelectronics:HAL Drivers:0.0.0:STMicroelectronics:Device:STMicro_Driver:XSPI:HAL::0.0.1:HAL_XSPI
2025-07-22 04:38:46,868 [INFO] RtosManager:558 - Registered RTOS mode: class=CMSIS, group=RTOS, mode=CMSIS_V1, owner=FREERTOS_M4
2025-07-22 04:38:46,868 [INFO] RtosManager:558 - Registered RTOS mode: class=CMSIS, group=RTOS2, mode=CMSIS_V2, owner=FREERTOS_M4
2025-07-22 04:38:46,868 [INFO] RtosManager:558 - Registered RTOS mode: class=RTOS, group=Core, mode=CMSIS_V1, owner=FREERTOS_M4
2025-07-22 04:38:46,868 [INFO] RtosManager:558 - Registered RTOS mode: class=RTOS, group=Core, mode=CMSIS_V2, owner=FREERTOS_M4
2025-07-22 04:38:46,868 [WARN] ModelIntegratedComponent:184 - Missing modes for component STMicroelectronics:FreeRTOS:0.0.1:STMicroelectronics:RTOS:FreeRTOS:Core:::10.2.0:
2025-07-22 04:38:46,874 [WARN] ModelIntegratedComponent:63 - No mode defined for component null
2025-07-22 04:38:46,874 [WARN] ModelIntegratedComponent:63 - No mode defined for component null
2025-07-22 04:38:46,874 [WARN] ModelIntegratedComponent:63 - No mode defined for component null
2025-07-22 04:38:46,874 [WARN] ModelIntegratedComponent:63 - No mode defined for component null
2025-07-22 04:38:46,874 [WARN] ModelIntegratedComponent:63 - No mode defined for component null
2025-07-22 04:38:46,874 [WARN] ModelIntegratedComponent:63 - No mode defined for component null
2025-07-22 04:38:46,875 [WARN] ModelIntegratedComponent:63 - No mode defined for component null
2025-07-22 04:38:46,875 [WARN] ModelIntegratedComponent:63 - No mode defined for component null
2025-07-22 04:38:46,875 [WARN] ModelIntegratedComponent:63 - No mode defined for component null
2025-07-22 04:38:46,875 [WARN] ModelIntegratedComponent:63 - No mode defined for component null
2025-07-22 04:38:46,875 [WARN] ModelIntegratedComponent:63 - No mode defined for component null
2025-07-22 04:38:46,875 [WARN] ModelIntegratedComponent:63 - No mode defined for component null
2025-07-22 04:38:46,875 [WARN] ModelIntegratedComponent:63 - No mode defined for component null
2025-07-22 04:38:46,875 [WARN] ModelIntegratedComponent:63 - No mode defined for component null
2025-07-22 04:38:46,875 [WARN] ModelIntegratedComponent:63 - No mode defined for component null
2025-07-22 04:38:46,875 [WARN] ModelIntegratedComponent:63 - No mode defined for component null
2025-07-22 04:38:46,875 [WARN] ModelIntegratedComponent:63 - No mode defined for component null
2025-07-22 04:38:46,875 [WARN] ModelIntegratedComponent:63 - No mode defined for component null
2025-07-22 04:38:46,875 [WARN] ModelIntegratedComponent:63 - No mode defined for component null
2025-07-22 04:38:46,875 [WARN] ModelIntegratedComponent:63 - No mode defined for component null
2025-07-22 04:38:46,875 [WARN] ModelIntegratedComponent:63 - No mode defined for component null
2025-07-22 04:38:46,875 [WARN] ModelIntegratedComponent:63 - No mode defined for component null
2025-07-22 04:38:46,876 [WARN] ModelIntegratedComponent:63 - No mode defined for component null
2025-07-22 04:38:46,876 [WARN] ModelIntegratedComponent:63 - No mode defined for component null
2025-07-22 04:38:46,876 [WARN] ModelIntegratedComponent:63 - No mode defined for component null
2025-07-22 04:38:46,876 [WARN] ModelIntegratedComponent:63 - No mode defined for component null
2025-07-22 04:38:46,876 [WARN] ModelIntegratedComponent:63 - No mode defined for component null
2025-07-22 04:38:46,876 [WARN] ModelIntegratedComponent:63 - No mode defined for component null
2025-07-22 04:38:46,876 [WARN] ModelIntegratedComponent:63 - No mode defined for component null
2025-07-22 04:38:46,876 [WARN] ModelIntegratedComponent:63 - No mode defined for component null
2025-07-22 04:38:46,876 [WARN] ModelIntegratedComponent:63 - No mode defined for component null
2025-07-22 04:38:46,876 [WARN] ModelIntegratedComponent:63 - No mode defined for component null
2025-07-22 04:38:46,876 [WARN] ModelIntegratedComponent:63 - No mode defined for component null
2025-07-22 04:38:46,876 [WARN] ModelIntegratedComponent:63 - No mode defined for component null
2025-07-22 04:38:46,877 [WARN] ModelIntegratedComponent:63 - No mode defined for component null
2025-07-22 04:38:46,877 [WARN] ModelPack:524 - Component already loaded: STMicroelectronics:HAL Drivers:0.0.0:STMicroelectronics:Device:STMicro_Driver:XSPI:HAL::0.0.1:HAL_XSPI
2025-07-22 04:38:46,941 [INFO] ThirdPartyModel:298 - Start build external matchings
2025-07-22 04:38:47,364 [INFO] ThirdPartyModel:316 - End build external matchings
2025-07-22 04:38:47,376 [INFO] ThirdPartyModel:298 - Start build external matchings
2025-07-22 04:38:47,797 [INFO] ThirdPartyModel:316 - End build external matchings
2025-07-22 04:38:47,806 [INFO] RtosManager:1018 - Current active RTOS is FREERTOS_M4 [CortexM4]
2025-07-22 04:38:47,808 [INFO] RtosManager:1018 - Current active RTOS is FREERTOS_M7 [CortexM7]
2025-07-22 04:38:47,820 [INFO] ImportTextPane:234 - (OptionalMessage_ERROR) IP (DMA) : Parameter (Instance) has Id (USART2_RX) currently not set
2025-07-22 04:38:47,820 [INFO] ImportTextPane:234 - (OptionalMessage_ERROR) IP (DMA) : Parameter (Request) has Id (USART2_RX) currently not set
2025-07-22 04:38:47,820 [INFO] ImportTextPane:234 - (OptionalMessage_ERROR) IP (DMA) : Parameter (Direction) has Id (USART2_RX) currently not set
2025-07-22 04:38:47,820 [INFO] ImportTextPane:234 - (OptionalMessage_ERROR) IP (DMA) : Parameter (PeriphInc) has Id (USART2_RX) currently not set
2025-07-22 04:38:47,820 [INFO] ImportTextPane:234 - (OptionalMessage_ERROR) IP (DMA) : Parameter (MemInc) has Id (USART2_RX) currently not set
2025-07-22 04:38:47,820 [INFO] ImportTextPane:234 - (OptionalMessage_ERROR) IP (DMA) : Parameter (PeriphDataAlignment) has Id (USART2_RX) currently not set
2025-07-22 04:38:47,820 [INFO] ImportTextPane:234 - (OptionalMessage_ERROR) IP (DMA) : Parameter (MemDataAlignment) has Id (USART2_RX) currently not set
2025-07-22 04:38:47,821 [INFO] ImportTextPane:234 - (OptionalMessage_ERROR) IP (DMA) : Parameter (Mode) has Id (USART2_RX) currently not set
2025-07-22 04:38:47,821 [INFO] ImportTextPane:234 - (OptionalMessage_ERROR) IP (DMA) : Parameter (Priority) has Id (USART2_RX) currently not set
2025-07-22 04:38:47,821 [INFO] ImportTextPane:234 - (OptionalMessage_ERROR) IP (DMA) : Parameter (FIFOMode) has Id (USART2_RX) currently not set
2025-07-22 04:38:47,821 [INFO] ImportTextPane:234 - (OptionalMessage_ERROR) IP (DMA) : Parameter (SignalID) has Id (USART2_RX) currently not set
2025-07-22 04:38:47,821 [INFO] ImportTextPane:234 - (OptionalMessage_ERROR) IP (DMA) : Parameter (Polarity) has Id (USART2_RX) currently not set
2025-07-22 04:38:47,821 [INFO] ImportTextPane:234 - (OptionalMessage_ERROR) IP (DMA) : Parameter (RequestNumber) has Id (USART2_RX) currently not set
2025-07-22 04:38:47,821 [INFO] ImportTextPane:234 - (OptionalMessage_ERROR) IP (DMA) : Parameter (SyncSignalID) has Id (USART2_RX) currently not set
2025-07-22 04:38:47,821 [INFO] ImportTextPane:234 - (OptionalMessage_ERROR) IP (DMA) : Parameter (SyncPolarity) has Id (USART2_RX) currently not set
2025-07-22 04:38:47,821 [INFO] ImportTextPane:234 - (OptionalMessage_ERROR) IP (DMA) : Parameter (SyncEnable) has Id (USART2_RX) currently not set
2025-07-22 04:38:47,821 [INFO] ImportTextPane:234 - (OptionalMessage_ERROR) IP (DMA) : Parameter (EventEnable) has Id (USART2_RX) currently not set
2025-07-22 04:38:47,821 [INFO] ImportTextPane:234 - (OptionalMessage_ERROR) IP (DMA) : Parameter (SyncRequestNumber) has Id (USART2_RX) currently not set
2025-07-22 04:38:48,012 [INFO] ApiDb:581 - Connected to CubeFinder SQLite database (C:\Users\nicks\.stmcufinder\plugins\mcufinder\mcu\cube-finder-db.db)
2025-07-22 04:38:48,072 [INFO] ApiDb:668 - CubeFinder database Data Model version=2.1
2025-07-22 04:38:48,072 [INFO] ApiDb:669 - CubeFinder database Configuration version=3.0.39
2025-07-22 04:38:48,072 [INFO] ApiDb:670 - CubeFinder database generation date=2025-07-18 (1752785937)
2025-07-22 04:38:48,072 [INFO] ApiDb:671 - CubeFinder database FW Pack versions=[FP-ATR-ASTRA1_V2.0.0, FP-SNS-FLIGHT1_V5.1.0, FP-SNS-MOTENV1_V5.0.0, FP-SNS-MOTENVWB1_V1.4.0, FP-SNS-SMARTAG2_V1.2.0, FP-SNS-STBOX1_V2.0.0, STM32Cube_FW_C0_V1.4.0, STM32Cube_FW_F4_V1.28.2, STM32Cube_FW_F7_V1.17.3, STM32Cube_FW_G0_V1.6.2, STM32Cube_FW_G4_V1.6.1, STM32Cube_FW_H5_V1.5.0, STM32Cube_FW_H7RS_V1.2.0, STM32Cube_FW_H7_V1.12.1, STM32Cube_FW_L0_V1.12.2, STM32Cube_FW_L4_V1.18.1, STM32Cube_FW_L5_V1.5.1, STM32Cube_FW_N6_V1.2.0, STM32Cube_FW_U0_V1.3.0, STM32Cube_FW_U3_V1.2.0, STM32Cube_FW_U5_V1.8.0, STM32Cube_FW_WB0_V1.3.0, STM32Cube_FW_WBA_V1.7.0, STM32Cube_FW_WB_V1.23.0, STM32Cube_FW_WL3_V1.2.0, STM32Cube_FW_WL_V1.3.1, X-CUBE-ALGOBUILD_V1.4.0, X-CUBE-ALS_V1.0.2, X-CUBE-AZRTOS-F4_V1.1.0, X-CUBE-AZRTOS-F7_V1.1.0, X-CUBE-AZRTOS-G0_V1.1.0, X-CUBE-AZRTOS-G4_V2.0.0, X-CUBE-AZRTOS-H7RS_V1.1.0, X-CUBE-AZRTOS-H7_V3.3.0, X-CUBE-AZRTOS-L4_V2.0.0, X-CUBE-AZRTOS-L5_V2.0.0, X-CUBE-AZRTOS-WB_V2.0.0, X-CUBE-AZRTOS-WL_V2.0.0, X-CUBE-BLE1_V7.1.0, X-CUBE-BLE2_V3.3.0, X-CUBE-BLEMGR_V4.0.0, X-CUBE-EEPRMA1_V5.1.0, X-CUBE-FREERTOS_V1.3.1, X-CUBE-GNSS1_V6.0.0, X-CUBE-MEMS1_V11.3.0, X-CUBE-NFC4_V3.0.0, X-CUBE-NFC7_V2.0.0, X-CUBE-SFXS2LP1_V4.0.0, X-CUBE-SUBG2_V5.0.0, X-CUBE-TOF1_V3.4.3]
2025-07-22 04:38:48,115 [INFO] DbBoardsSqlite:226 - include board P-NUCLEO-WB55-NUCLEO as a kit item of type 'Nucleo-64'
2025-07-22 04:38:48,115 [INFO] DbBoardsSqlite:226 - include board P-NUCLEO-WB55-USBDONGLE as a kit item of type 'Nucleo USB Dongle'
2025-07-22 04:38:48,115 [INFO] DbBoardsSqlite:226 - include board STEVAL-IDP005V1 as a kit item of type 'Evaluation Board'
2025-07-22 04:38:48,115 [INFO] DbBoardsSqlite:226 - include board STEVAL-IDP005V2 as a kit item of type 'Evaluation Board'
2025-07-22 04:38:48,165 [INFO] ApiDb:240 - Found 880 in-development CPN: [B-G473E-ZEST1S, B-WB1M-WPAN1, B-WBA5M-WPAN, B-WL5M-SUBG1, NUCLEO-C031C6, NUCLEO-C051C8, NUCLEO-C071RB, NUCLEO-C092RC, NUCLEO-H503RB, NUCLEO-H533RE, NUCLEO-H563ZI, NUCLEO-H7S3L8, NUCLEO-N657X0-Q, NUCLEO-U031R8, NUCLEO-U083RC, NUCLEO-U385RG-Q, NUCLEO-U545RE-Q, NUCLEO-U5A5ZJ-Q, NUCLEO-WB05KZ, NUCLEO-WB07CC, NUCLEO-WB09KE, NUCLEO-WBA52CG, NUCLEO-WBA55CG, NUCLEO-WL33CC1, NUCLEO-WL33CC2, STEVAL-PROTEUS1, STEVAL-SMARTAG2, STEVAL-STWINBX1, STM320518-EVAL, STM32C0116-DK, STM32C011D6Y3TR, STM32C011D6Y6TR, STM32C011F4P3, STM32C011F4P6, STM32C011F4U3, STM32C011F4U6TR, STM32C011F6P3, STM32C011F6P6, STM32C011F6U3, STM32C011F6U6TR, STM32C011J4M3, STM32C011J4M6, STM32C011J6M3, STM32C011J6M6, STM32C0316-DK, STM32C031C4T3, STM32C031C4T6, STM32C031C4U3, STM32C031C4U6, STM32C031C6T3, STM32C031C6T6, STM32C031C6U3, STM32C031C6U6, STM32C031F4P3, STM32C031F4P6, STM32C031F6P3, STM32C031F6P6, STM32C031G4U3, STM32C031G4U6, STM32C031G6U3, STM32C031G6U6, STM32C031K4T3, STM32C031K4T6, STM32C031K4U3, STM32C031K4U6, STM32C031K6T3, STM32C031K6T6, STM32C031K6U3, STM32C031K6U6, STM32C051C6T6, STM32C051C6U6, STM32C051C8T6, STM32C051C8U6, STM32C051D8Y6TR, STM32C051F6P6, STM32C051F8P6, STM32C051G6U6, STM32C051G8U6, STM32C051K6T6, STM32C051K6U6, STM32C051K8T6, STM32C071C8T6, STM32C071C8T6N, STM32C071C8U6, STM32C071C8U6N, STM32C071CBT6, STM32C071CBT6N, STM32C071CBU6, STM32C071CBU6N, STM32C071F8P6, STM32C071F8P6N, STM32C071FBP6, STM32C071FBP6N, STM32C071FBY6TR, STM32C071G8U6, STM32C071G8U6N, STM32C071GBU6, STM32C071GBU6N, STM32C071K8T6, STM32C071K8T6N, STM32C071K8U6, STM32C071K8U6N, STM32C071KBT6, STM32C071KBT6N, STM32C071KBU6, STM32C071KBU6N, STM32C071R8T6, STM32C071R8T6N, STM32C071RBI6N, STM32C071RBT6, STM32C071RBT6N, STM32C091CBT6, STM32C091CBU6, STM32C091CCT6, STM32C091CCU6, STM32C091ECY6TR, STM32C091FBP6, STM32C091FCP6, STM32C091GBU6, STM32C091GCU6, STM32C091KBT6, STM32C091KBU6, STM32C091KCT6, STM32C091KCU6, STM32C091RBT6, STM32C091RCI6, STM32C091RCT6, STM32C092CBT6, STM32C092CBU6, STM32C092CCT6, STM32C092CCU6, STM32C092ECY6TR, STM32C092FBP6, STM32C092FCP6, STM32C092GBU6, STM32C092GCU6, STM32C092KBT6, STM32C092KBU6, STM32C092KCT6, STM32C092KCU6, STM32C092RBT6, STM32C092RCI6, STM32C092RCT6, STM32G071K8TXN, STM32G071K8UXN, STM32G081GBU6N, STM32G081KBT6N, STM32G081KBUXN, STM32G0B1CCT6N, STM32G0B1KCT6, STM32G0B1NEY6TR, STM32G0B1RCT6N, STM32G0C1CCT6, STM32G0C1CCT6N, STM32G0C1CCU6N, STM32G0C1CET6N, STM32G0C1CEU6N, STM32G0C1KCT6, STM32G0C1NEY6TR, STM32G0C1RCI6N, STM32G0C1RCT6N, STM32G0C1REI6N, STM32G0C1RET6N, STM32G0C1VCI6, STM32G0C1VEI6, STM32G411C6T3, STM32G411C6T6, STM32G411C6U3, STM32G411C6U6, STM32G411C8T3, STM32G411C8T6, STM32G411C8U3, STM32G411C8U6, STM32G411CBT3, STM32G411CBT6, STM32G411CBU3, STM32G411CBU6, STM32G411K6T3, STM32G411K6T6, STM32G411K6U3, STM32G411K6U6, STM32G411K8T3, STM32G411K8T6, STM32G411K8U3, STM32G411K8U6, STM32G411KBT3, STM32G411KBT6, STM32G411KBU3, STM32G411KBU6, STM32G411M6T3, STM32G411M6T6, STM32G411M8T3, STM32G411M8T6, STM32G411MBT3, STM32G411MBT6, STM32G411R6T3, STM32G411R6T6, STM32G411R8T3, STM32G411R8T6, STM32G411RBT3, STM32G411RBT6, STM32G414CBT3, STM32G414CBT6, STM32G414CBU3, STM32G414CBU6, STM32G414CCT3, STM32G414CCT6, STM32G414CCU3, STM32G414CCU6, STM32G414MBT3, STM32G414MBT6, STM32G414MCT3, STM32G414MCT6, STM32G414RBT3, STM32G414RBT6, STM32G414RCT3, STM32G414RCT6, STM32G414VBT3, STM32G414VBT6, STM32G414VCT3, STM32G414VCT6, STM32G431CBT3Z, STM32G431RBT3Z, STM32G471CCT6, STM32G471CCU6, STM32G471CET3, STM32G471CET6, STM32G471CEU3, STM32G471CEU6, STM32G471MCT6, STM32G471MET3, STM32G471MET6, STM32G471MEY6TR, STM32G471QCT6, STM32G471QET3, STM32G471RCT6, STM32G471RET3, STM32G471RET6, STM32G471VCH6, STM32G471VCI6, STM32G471VCT6, STM32G471VEH3, STM32G471VEH6, STM32G471VEI3, STM32G471VEI6, STM32G471VET3, STM32G471VET6, STM32G473QET3Z, STM32G473RET3Z, STM32G474CCT6, STM32G491RET3Z, STM32H503CBT6, STM32H503CBU6, STM32H503EBY6TR, STM32H503KBU6, STM32H503RBT6, STM32H523CCT6, STM32H523CCU6, STM32H523CET6, STM32H523CEU6, STM32H523HEY6TR, STM32H523RCT6, STM32H523RET6, STM32H523VCI6, STM32H523VCT6, STM32H523VEI6, STM32H523VET6, STM32H523ZCJ6, STM32H523ZCT6, STM32H523ZEJ6, STM32H523ZET6, STM32H533CET6, STM32H533CEU6, STM32H533HEY6TR, STM32H533RET6, STM32H533VEI6, STM32H533VET6, STM32H533ZEJ6, STM32H533ZET6, STM32H562AGI6, STM32H562AII6, STM32H562IGK6, STM32H562IGT6, STM32H562IIK6, STM32H562IIT6, STM32H562RGT6, STM32H562RGV6, STM32H562RIT6, STM32H562RIV6, STM32H562VGT6, STM32H562VIT6, STM32H562ZGT6, STM32H562ZIT6, STM32H563AGI6, STM32H563AII3Q, STM32H563AII6, STM32H563IGK6, STM32H563IGT6, STM32H563IIK3Q, STM32H563IIK6, STM32H563IIT3Q, STM32H563IIT6, STM32H563MIY3QTR, STM32H563RGT6, STM32H563RGV6, STM32H563RIT6, STM32H563RIV6, STM32H563VGT6, STM32H563VIT3Q, STM32H563VIT6, STM32H563ZGT6, STM32H563ZIT3Q, STM32H563ZIT6, STM32H573AII3Q, STM32H573AII6, STM32H573I-DK, STM32H573IIK3Q, STM32H573IIK6, STM32H573IIT3Q, STM32H573IIT6, STM32H573MIY3QTR, STM32H573RIT6, STM32H573RIV6, STM32H573VIT3Q, STM32H573VIT6, STM32H573ZIT3Q, STM32H573ZIT6, STM32H7R3A8I6, STM32H7R3I8K6, STM32H7R3I8T6, STM32H7R3L8H6, STM32H7R3L8H6H, STM32H7R3R8V6, STM32H7R3V8H6, STM32H7R3V8T6, STM32H7R3V8Y6TR, STM32H7R3Z8J6, STM32H7R3Z8T6, STM32H7R7A8I6, STM32H7R7I8K6, STM32H7R7I8T6, STM32H7R7L8H6, STM32H7R7L8H6H, STM32H7R7Z8J6, STM32H7S3A8I6, STM32H7S3I8K6, STM32H7S3I8T6, STM32H7S3L8H6, STM32H7S3L8H6H, STM32H7S3R8V6, STM32H7S3V8H6, STM32H7S3V8T6, STM32H7S3V8Y6TR, STM32H7S3Z8J6, STM32H7S3Z8T6, STM32H7S78-DK, STM32H7S7A8I6, STM32H7S7I8K6, STM32H7S7I8T6, STM32H7S7L8H6, STM32H7S7L8H6H, STM32H7S7Z8J6, STM32L4R5QGI6STR, STM32MP131AAE3, STM32MP131AAF3, STM32MP131AAG3, STM32MP131CAE3, STM32MP131CAF3, STM32MP131CAG3, STM32MP131DAE7, STM32MP131DAF7, STM32MP131DAG7, STM32MP131FAE7, STM32MP131FAF7, STM32MP131FAG7, STM32MP133AAE3, STM32MP133AAF3, STM32MP133AAG3, STM32MP133CAE3, STM32MP133CAF3, STM32MP133CAG3, STM32MP133DAE7, STM32MP133DAF7, STM32MP133DAG7, STM32MP133FAE7, STM32MP133FAF7, STM32MP133FAG7, STM32MP135AAE3, STM32MP135AAF3, STM32MP135AAG3, STM32MP135CAE3, STM32MP135CAF3, STM32MP135CAG3, STM32MP135DAE7, STM32MP135DAF7, STM32MP135DAG7, STM32MP135F-DK, STM32MP135FAE7, STM32MP135FAF7, STM32MP135FAF7T, STM32MP135FAF7U, STM32MP135FAG7, STM32MP211AAL3, STM32MP211AAM3, STM32MP211AAN3, STM32MP211AAO3, STM32MP211CAL3, STM32MP211CAM3, STM32MP211CAN3, STM32MP211CAO3, STM32MP211DAL3, STM32MP211DAM3, STM32MP211DAN3, STM32MP211DAO3, STM32MP211FAL3, STM32MP211FAM3, STM32MP211FAN3, STM32MP211FAO3, STM32MP213AAL3, STM32MP213AAM3, STM32MP213AAN3, STM32MP213AAO3, STM32MP213CAL3, STM32MP213CAM3, STM32MP213CAN3, STM32MP213CAO3, STM32MP213DAL3, STM32MP213DAM3, STM32MP213DAN3, STM32MP213DAO3, STM32MP213FAL3, STM32MP213FAM3, STM32MP213FAN3, STM32MP213FAO3, STM32MP215AAL3, STM32MP215AAM3, STM32MP215AAN3, STM32MP215AAO3, STM32MP215CAL3, STM32MP215CAM3, STM32MP215CAN3, STM32MP215CAO3, STM32MP215DAL3, STM32MP215DAM3, STM32MP215DAN3, STM32MP215DAO3, STM32MP215F-DK, STM32MP215FAL3, STM32MP215FAM3, STM32MP215FAN3, STM32MP215FAO3, STM32MP231AAJ3, STM32MP231AAK3, STM32MP231AAL3, STM32MP231CAJ3, STM32MP231CAK3, STM32MP231CAL3, STM32MP231DAJ3, STM32MP231DAK3, STM32MP231DAL3, STM32MP231FAJ3, STM32MP231FAK3, STM32MP231FAL3, STM32MP233AAJ3, STM32MP233AAK3, STM32MP233AAL3, STM32MP233CAJ3, STM32MP233CAK3, STM32MP233CAL3, STM32MP233DAJ3, STM32MP233DAK3, STM32MP233DAL3, STM32MP233FAJ3, STM32MP233FAK3, STM32MP233FAL3, STM32MP235AAJ3, STM32MP235AAK3, STM32MP235AAL3, STM32MP235CAJ3, STM32MP235CAK3, STM32MP235CAL3, STM32MP235DAJ3, STM32MP235DAK3, STM32MP235DAL3, STM32MP235FAJ3, STM32MP235FAK3, STM32MP235FAL3, STM32MP251AAI3, STM32MP251AAK3, STM32MP251AAL3, STM32MP251CAI3, STM32MP251CAK3, STM32MP251CAL3, STM32MP251DAI3, STM32MP251DAK3, STM32MP251DAL3, STM32MP251FAI3, STM32MP251FAK3, STM32MP251FAL3, STM32MP253AAI3, STM32MP253AAK3, STM32MP253AAL3, STM32MP253CAI3, STM32MP253CAK3, STM32MP253CAL3, STM32MP253DAI3, STM32MP253DAK3, STM32MP253DAL3, STM32MP253FAI3, STM32MP253FAK3, STM32MP253FAL3, STM32MP255AAI3, STM32MP255AAK3, STM32MP255AAL3, STM32MP255CAI3, STM32MP255CAK3, STM32MP255CAL3, STM32MP255DAI3, STM32MP255DAK3, STM32MP255DAL3, STM32MP255FAI3, STM32MP255FAK3, STM32MP255FAL3, STM32MP257AAI3, STM32MP257AAK3, STM32MP257AAL3, STM32MP257CAI3, STM32MP257CAK3, STM32MP257CAL3, STM32MP257DAI3, STM32MP257DAK3, STM32MP257DAL3, STM32MP257F-DK, STM32MP257F-EV1, STM32MP257FAI3, STM32MP257FAK3, STM32MP257FAL3, STM32N645A0H3Q, STM32N645B0H3Q, STM32N645I0H3Q, STM32N645L0H3Q, STM32N645X0H3Q, STM32N645Z0H3Q, STM32N647A0H3Q, STM32N647B0H3Q, STM32N647I0H3Q, STM32N647L0H3Q, STM32N647X0H3Q, STM32N647Z0H3Q, STM32N655A0H3Q, STM32N655B0H3Q, STM32N655I0H3Q, STM32N655L0H3Q, STM32N655X0H3Q, STM32N655Z0H3Q, STM32N6570-DK, STM32N657A0H3Q, STM32N657B0H3Q, STM32N657I0H3Q, STM32N657L0H3Q, STM32N657X0H3Q, STM32N657Z0H3Q, STM32U031C6T6, STM32U031C6U6, STM32U031C8T6, STM32U031C8U6, STM32U031F4P6, STM32U031F6P6, STM32U031F8P6, STM32U031G6Y6TR, STM32U031G8Y6TR, STM32U031K4U6, STM32U031K6U6, STM32U031K8U6, STM32U031R6I6, STM32U031R6T6, STM32U031R8I6, STM32U031R8T6, STM32U073C8T6, STM32U073C8U6, STM32U073CBT6, STM32U073CBU6, STM32U073CCT6, STM32U073CCU6, STM32U073H8Y6TR, STM32U073HBY6TR, STM32U073HCY6TR, STM32U073K8U6, STM32U073KBU6, STM32U073KCU6, STM32U073M8I6, STM32U073M8T6, STM32U073MBI6, STM32U073MBT6, STM32U073MCI6, STM32U073MCT6, STM32U073R8I6, STM32U073R8T6, STM32U073RBI6, STM32U073RBT6, STM32U073RCI6, STM32U073RCT6, STM32U083C-DK, STM32U083CCT6, STM32U083CCU6, STM32U083HCY6TR, STM32U083KCU6, STM32U083MCI6, STM32U083MCT6, STM32U083RCI6, STM32U083RCT6, STM32U375CET6, STM32U375CET6Q, STM32U375CEU6, STM32U375CEU6Q, STM32U375CEY6QTR, STM32U375CGT6, STM32U375CGT6Q, STM32U375CGU6, STM32U375CGU6Q, STM32U375CGY6QTR, STM32U375KEU6, STM32U375KGU6, STM32U375REI6, STM32U375REI6Q, STM32U375RET6, STM32U375RET6Q, STM32U375REY6GTR, STM32U375REY6QTR, STM32U375RGI6, STM32U375RGI6Q, STM32U375RGT6, STM32U375RGT6Q, STM32U375RGY6GTR, STM32U375RGY6QTR, STM32U375VEI6, STM32U375VEI6Q, STM32U375VET6, STM32U375VET6Q, STM32U375VGI6, STM32U375VGI6Q, STM32U375VGT6, STM32U375VGT6Q, STM32U385CGT6, STM32U385CGT6Q, STM32U385CGU6, STM32U385CGU6Q, STM32U385CGY6QTR, STM32U385KGU6, STM32U385RGI6, STM32U385RGI6Q, STM32U385RGT6, STM32U385RGT6Q, STM32U385RGY6GTR, STM32U385RGY6QTR, STM32U385VGI6, STM32U385VGI6Q, STM32U385VGT6, STM32U385VGT6Q, STM32U535CBT6, STM32U535CBT6Q, STM32U535CBU6, STM32U535CBU6Q, STM32U535CCT6, STM32U535CCT6Q, STM32U535CCU6, STM32U535CCU6Q, STM32U535CET6, STM32U535CET6Q, STM32U535CEU6, STM32U535CEU6Q, STM32U535JEY6QTR, STM32U535NCY6QTR, STM32U535NEY6QTR, STM32U535RBI6, STM32U535RBI6Q, STM32U535RBT6, STM32U535RBT6Q, STM32U535RCI6, STM32U535RCI6Q, STM32U535RCT6, STM32U535RCT6Q, STM32U535REI6, STM32U535REI6Q, STM32U535RET6, STM32U535RET6Q, STM32U535VCI6, STM32U535VCI6Q, STM32U535VCT6, STM32U535VCT6Q, STM32U535VEI6, STM32U535VEI6Q, STM32U535VET6, STM32U535VET6Q, STM32U545CET6, STM32U545CET6Q, STM32U545CEU6, STM32U545CEU6Q, STM32U545JEY6QTR, STM32U545NEY6QTR, STM32U545REI6, STM32U545REI6Q, STM32U545RET6, STM32U545RET6Q, STM32U545VEI6, STM32U545VEI6Q, STM32U545VET6, STM32U545VET6Q, STM32U595AIH6, STM32U595AIH6Q, STM32U595AJH6, STM32U595AJH6Q, STM32U595QII6, STM32U595QII6Q, STM32U595QJI6, STM32U595QJI6Q, STM32U595RIT6, STM32U595RIT6Q, STM32U595RJT6, STM32U595RJT6Q, STM32U595VIT6, STM32U595VIT6Q, STM32U595VJT6, STM32U595VJT6Q, STM32U595ZIT6, STM32U595ZIT6Q, STM32U595ZIY6QTR, STM32U595ZJT6, STM32U595ZJT6Q, STM32U595ZJY6QTR, STM32U599BJY6QTR, STM32U599NIH6Q, STM32U599NJH6Q, STM32U599VIT6Q, STM32U599VJT6, STM32U599VJT6Q, STM32U599ZIT6Q, STM32U599ZIY6QTR, STM32U599ZJT6Q, STM32U599ZJY6QTR, STM32U5A5AJH6, STM32U5A5AJH6Q, STM32U5A5QII3Q , STM32U5A5QJI6, STM32U5A5QJI6Q, STM32U5A5RJT6, STM32U5A5RJT6Q, STM32U5A5VJT6, STM32U5A5VJT6Q, STM32U5A5ZJT6, STM32U5A5ZJT6Q, STM32U5A5ZJY6QTR, STM32U5A9BJY6QTR, STM32U5A9J-DK, STM32U5A9NJH6Q, STM32U5A9VJT6Q, STM32U5A9ZJT6Q, STM32U5A9ZJY6QTR, STM32U5F7VIT6, STM32U5F7VIT6Q, STM32U5F7VJT6, STM32U5F7VJT6Q, STM32U5F9BJY6QTR, STM32U5F9NJH6Q, STM32U5F9VIT6Q, STM32U5F9VJT6Q, STM32U5F9ZIJ6QTR, STM32U5F9ZIT6Q, STM32U5F9ZJJ6QTR, STM32U5F9ZJT6Q, STM32U5G7VJT6, STM32U5G7VJT6Q, STM32U5G9BJY6QTR, STM32U5G9J-DK1, STM32U5G9J-DK2, STM32U5G9NJH6Q, STM32U5G9VJT6Q, STM32U5G9ZJJ6QTR, STM32U5G9ZJT6Q, STM32WB05KZV6TR, STM32WB05KZV7TR, STM32WB05TZF6TR, STM32WB05TZF7TR, STM32WB06CCF6TR, STM32WB06CCF7TR, STM32WB06CCV6TR, STM32WB06CCV7TR, STM32WB06KCV6TR, STM32WB06KCV7TR, STM32WB07CCF6TR, STM32WB07CCF7TR, STM32WB07CCV6TR, STM32WB07CCV7TR, STM32WB07KCV6TR, STM32WB07KCV7TR, STM32WB09KEV6TR, STM32WB09KEV7TR, STM32WB09TEF6TR, STM32WB09TEF7TR, STM32WB1MMCH6, STM32WBA50KGU6, STM32WBA50KGU6TR, STM32WBA52CEU6, STM32WBA52CEU6TR, STM32WBA52CEU7, STM32WBA52CEU7TR, STM32WBA52CGU6, STM32WBA52CGU6TR, STM32WBA52CGU6U, STM32WBA52CGU7, STM32WBA52CGU7TR, STM32WBA52KEU6, STM32WBA52KEU6TR, STM32WBA52KGU6, STM32WBA52KGU6TR, STM32WBA54CEU6, STM32WBA54CEU6TR, STM32WBA54CEU7, STM32WBA54CEU7TR, STM32WBA54CGU6, STM32WBA54CGU6TR, STM32WBA54CGU7, STM32WBA54CGU7TR, STM32WBA54KEU6, STM32WBA54KEU6TR, STM32WBA54KEU7, STM32WBA54KEU7TR, STM32WBA54KGU6, STM32WBA54KGU6TR, STM32WBA54KGU7, STM32WBA54KGU7TR, STM32WBA55CEU6, STM32WBA55CEU6TR, STM32WBA55CEU7, STM32WBA55CEU7TR, STM32WBA55CGU6, STM32WBA55CGU6TR, STM32WBA55CGU6U, STM32WBA55CGU7, STM32WBA55CGU7TR, STM32WBA55G-DK1, STM32WBA55HEF6, STM32WBA55HEF7, STM32WBA55HGF6, STM32WBA55HGF7, STM32WBA55UEI6, STM32WBA55UEI6TR, STM32WBA55UEI7, STM32WBA55UEI7TR, STM32WBA55UGI6, STM32WBA55UGI6TR, STM32WBA55UGI7, STM32WBA55UGI7TR, STM32WBA5MMGH6TR, STM32WBA62MGF6, STM32WBA62MIF6, STM32WBA65MGF7, STM32WBA65MIF6, STM32WBA65MIF7, STM32WL30K8V6, STM32WL30KBV6, STM32WL31C8V6, STM32WL31CBV6, STM32WL31K8V6, STM32WL31KBV6, STM32WL33C8V6, STM32WL33C8V6X, STM32WL33CBV6, STM32WL33CBV6X, STM32WL33CCV6, STM32WL33CCV6A, STM32WL33CCV6X, STM32WL33K8V7, STM32WL33K8V7X, STM32WL33KBV7 , STM32WL33KBV7X, STM32WL33KCV7, STM32WL33KCV7X, STM32WL5MOCH6, STM32WL5MOCH6TR]
2025-07-22 04:38:48,328 [INFO] BoardInfo:889 - No configuration file found for board P-NUCLEO-WB55
2025-07-22 04:38:48,329 [INFO] DbBoards:161 - Kit is not supported: P-NUCLEO-WB55
2025-07-22 04:38:48,334 [INFO] BoardInfo:889 - No configuration file found for board STEVAL-BFA001V1B
2025-07-22 04:38:48,335 [INFO] DbBoards:161 - Kit is not supported: STEVAL-BFA001V1B
2025-07-22 04:38:48,336 [INFO] BoardInfo:889 - No configuration file found for board STEVAL-BFA001V2B
2025-07-22 04:38:48,337 [INFO] DbBoards:161 - Kit is not supported: STEVAL-BFA001V2B
2025-07-22 04:38:48,525 [INFO] DbBoards:168 - Found 212 boards, 209 are supported
2025-07-22 04:38:48,525 [INFO] DbBoards:169 - Found 212 boards, 43 of them is supported for  Bsp
2025-07-22 04:38:48,528 [INFO] ApiDb:668 - CubeFinder database Data Model version=2.1
2025-07-22 04:38:48,528 [INFO] ApiDb:669 - CubeFinder database Configuration version=3.0.39
2025-07-22 04:38:48,528 [INFO] ApiDb:670 - CubeFinder database generation date=2025-07-18 (1752785937)
2025-07-22 04:38:48,528 [INFO] ApiDb:671 - CubeFinder database FW Pack versions=[FP-ATR-ASTRA1_V2.0.0, FP-SNS-FLIGHT1_V5.1.0, FP-SNS-MOTENV1_V5.0.0, FP-SNS-MOTENVWB1_V1.4.0, FP-SNS-SMARTAG2_V1.2.0, FP-SNS-STBOX1_V2.0.0, STM32Cube_FW_C0_V1.4.0, STM32Cube_FW_F4_V1.28.2, STM32Cube_FW_F7_V1.17.3, STM32Cube_FW_G0_V1.6.2, STM32Cube_FW_G4_V1.6.1, STM32Cube_FW_H5_V1.5.0, STM32Cube_FW_H7RS_V1.2.0, STM32Cube_FW_H7_V1.12.1, STM32Cube_FW_L0_V1.12.2, STM32Cube_FW_L4_V1.18.1, STM32Cube_FW_L5_V1.5.1, STM32Cube_FW_N6_V1.2.0, STM32Cube_FW_U0_V1.3.0, STM32Cube_FW_U3_V1.2.0, STM32Cube_FW_U5_V1.8.0, STM32Cube_FW_WB0_V1.3.0, STM32Cube_FW_WBA_V1.7.0, STM32Cube_FW_WB_V1.23.0, STM32Cube_FW_WL3_V1.2.0, STM32Cube_FW_WL_V1.3.1, X-CUBE-ALGOBUILD_V1.4.0, X-CUBE-ALS_V1.0.2, X-CUBE-AZRTOS-F4_V1.1.0, X-CUBE-AZRTOS-F7_V1.1.0, X-CUBE-AZRTOS-G0_V1.1.0, X-CUBE-AZRTOS-G4_V2.0.0, X-CUBE-AZRTOS-H7RS_V1.1.0, X-CUBE-AZRTOS-H7_V3.3.0, X-CUBE-AZRTOS-L4_V2.0.0, X-CUBE-AZRTOS-L5_V2.0.0, X-CUBE-AZRTOS-WB_V2.0.0, X-CUBE-AZRTOS-WL_V2.0.0, X-CUBE-BLE1_V7.1.0, X-CUBE-BLE2_V3.3.0, X-CUBE-BLEMGR_V4.0.0, X-CUBE-EEPRMA1_V5.1.0, X-CUBE-FREERTOS_V1.3.1, X-CUBE-GNSS1_V6.0.0, X-CUBE-MEMS1_V11.3.0, X-CUBE-NFC4_V3.0.0, X-CUBE-NFC7_V2.0.0, X-CUBE-SFXS2LP1_V4.0.0, X-CUBE-SUBG2_V5.0.0, X-CUBE-TOF1_V3.4.3]
2025-07-22 04:38:50,127 [INFO] ApiDb:240 - Found 880 in-development CPN: [B-G473E-ZEST1S, B-WB1M-WPAN1, B-WBA5M-WPAN, B-WL5M-SUBG1, NUCLEO-C031C6, NUCLEO-C051C8, NUCLEO-C071RB, NUCLEO-C092RC, NUCLEO-H503RB, NUCLEO-H533RE, NUCLEO-H563ZI, NUCLEO-H7S3L8, NUCLEO-N657X0-Q, NUCLEO-U031R8, NUCLEO-U083RC, NUCLEO-U385RG-Q, NUCLEO-U545RE-Q, NUCLEO-U5A5ZJ-Q, NUCLEO-WB05KZ, NUCLEO-WB07CC, NUCLEO-WB09KE, NUCLEO-WBA52CG, NUCLEO-WBA55CG, NUCLEO-WL33CC1, NUCLEO-WL33CC2, STEVAL-PROTEUS1, STEVAL-SMARTAG2, STEVAL-STWINBX1, STM320518-EVAL, STM32C0116-DK, STM32C011D6Y3TR, STM32C011D6Y6TR, STM32C011F4P3, STM32C011F4P6, STM32C011F4U3, STM32C011F4U6TR, STM32C011F6P3, STM32C011F6P6, STM32C011F6U3, STM32C011F6U6TR, STM32C011J4M3, STM32C011J4M6, STM32C011J6M3, STM32C011J6M6, STM32C0316-DK, STM32C031C4T3, STM32C031C4T6, STM32C031C4U3, STM32C031C4U6, STM32C031C6T3, STM32C031C6T6, STM32C031C6U3, STM32C031C6U6, STM32C031F4P3, STM32C031F4P6, STM32C031F6P3, STM32C031F6P6, STM32C031G4U3, STM32C031G4U6, STM32C031G6U3, STM32C031G6U6, STM32C031K4T3, STM32C031K4T6, STM32C031K4U3, STM32C031K4U6, STM32C031K6T3, STM32C031K6T6, STM32C031K6U3, STM32C031K6U6, STM32C051C6T6, STM32C051C6U6, STM32C051C8T6, STM32C051C8U6, STM32C051D8Y6TR, STM32C051F6P6, STM32C051F8P6, STM32C051G6U6, STM32C051G8U6, STM32C051K6T6, STM32C051K6U6, STM32C051K8T6, STM32C071C8T6, STM32C071C8T6N, STM32C071C8U6, STM32C071C8U6N, STM32C071CBT6, STM32C071CBT6N, STM32C071CBU6, STM32C071CBU6N, STM32C071F8P6, STM32C071F8P6N, STM32C071FBP6, STM32C071FBP6N, STM32C071FBY6TR, STM32C071G8U6, STM32C071G8U6N, STM32C071GBU6, STM32C071GBU6N, STM32C071K8T6, STM32C071K8T6N, STM32C071K8U6, STM32C071K8U6N, STM32C071KBT6, STM32C071KBT6N, STM32C071KBU6, STM32C071KBU6N, STM32C071R8T6, STM32C071R8T6N, STM32C071RBI6N, STM32C071RBT6, STM32C071RBT6N, STM32C091CBT6, STM32C091CBU6, STM32C091CCT6, STM32C091CCU6, STM32C091ECY6TR, STM32C091FBP6, STM32C091FCP6, STM32C091GBU6, STM32C091GCU6, STM32C091KBT6, STM32C091KBU6, STM32C091KCT6, STM32C091KCU6, STM32C091RBT6, STM32C091RCI6, STM32C091RCT6, STM32C092CBT6, STM32C092CBU6, STM32C092CCT6, STM32C092CCU6, STM32C092ECY6TR, STM32C092FBP6, STM32C092FCP6, STM32C092GBU6, STM32C092GCU6, STM32C092KBT6, STM32C092KBU6, STM32C092KCT6, STM32C092KCU6, STM32C092RBT6, STM32C092RCI6, STM32C092RCT6, STM32G071K8TXN, STM32G071K8UXN, STM32G081GBU6N, STM32G081KBT6N, STM32G081KBUXN, STM32G0B1CCT6N, STM32G0B1KCT6, STM32G0B1NEY6TR, STM32G0B1RCT6N, STM32G0C1CCT6, STM32G0C1CCT6N, STM32G0C1CCU6N, STM32G0C1CET6N, STM32G0C1CEU6N, STM32G0C1KCT6, STM32G0C1NEY6TR, STM32G0C1RCI6N, STM32G0C1RCT6N, STM32G0C1REI6N, STM32G0C1RET6N, STM32G0C1VCI6, STM32G0C1VEI6, STM32G411C6T3, STM32G411C6T6, STM32G411C6U3, STM32G411C6U6, STM32G411C8T3, STM32G411C8T6, STM32G411C8U3, STM32G411C8U6, STM32G411CBT3, STM32G411CBT6, STM32G411CBU3, STM32G411CBU6, STM32G411K6T3, STM32G411K6T6, STM32G411K6U3, STM32G411K6U6, STM32G411K8T3, STM32G411K8T6, STM32G411K8U3, STM32G411K8U6, STM32G411KBT3, STM32G411KBT6, STM32G411KBU3, STM32G411KBU6, STM32G411M6T3, STM32G411M6T6, STM32G411M8T3, STM32G411M8T6, STM32G411MBT3, STM32G411MBT6, STM32G411R6T3, STM32G411R6T6, STM32G411R8T3, STM32G411R8T6, STM32G411RBT3, STM32G411RBT6, STM32G414CBT3, STM32G414CBT6, STM32G414CBU3, STM32G414CBU6, STM32G414CCT3, STM32G414CCT6, STM32G414CCU3, STM32G414CCU6, STM32G414MBT3, STM32G414MBT6, STM32G414MCT3, STM32G414MCT6, STM32G414RBT3, STM32G414RBT6, STM32G414RCT3, STM32G414RCT6, STM32G414VBT3, STM32G414VBT6, STM32G414VCT3, STM32G414VCT6, STM32G431CBT3Z, STM32G431RBT3Z, STM32G471CCT6, STM32G471CCU6, STM32G471CET3, STM32G471CET6, STM32G471CEU3, STM32G471CEU6, STM32G471MCT6, STM32G471MET3, STM32G471MET6, STM32G471MEY6TR, STM32G471QCT6, STM32G471QET3, STM32G471RCT6, STM32G471RET3, STM32G471RET6, STM32G471VCH6, STM32G471VCI6, STM32G471VCT6, STM32G471VEH3, STM32G471VEH6, STM32G471VEI3, STM32G471VEI6, STM32G471VET3, STM32G471VET6, STM32G473QET3Z, STM32G473RET3Z, STM32G474CCT6, STM32G491RET3Z, STM32H503CBT6, STM32H503CBU6, STM32H503EBY6TR, STM32H503KBU6, STM32H503RBT6, STM32H523CCT6, STM32H523CCU6, STM32H523CET6, STM32H523CEU6, STM32H523HEY6TR, STM32H523RCT6, STM32H523RET6, STM32H523VCI6, STM32H523VCT6, STM32H523VEI6, STM32H523VET6, STM32H523ZCJ6, STM32H523ZCT6, STM32H523ZEJ6, STM32H523ZET6, STM32H533CET6, STM32H533CEU6, STM32H533HEY6TR, STM32H533RET6, STM32H533VEI6, STM32H533VET6, STM32H533ZEJ6, STM32H533ZET6, STM32H562AGI6, STM32H562AII6, STM32H562IGK6, STM32H562IGT6, STM32H562IIK6, STM32H562IIT6, STM32H562RGT6, STM32H562RGV6, STM32H562RIT6, STM32H562RIV6, STM32H562VGT6, STM32H562VIT6, STM32H562ZGT6, STM32H562ZIT6, STM32H563AGI6, STM32H563AII3Q, STM32H563AII6, STM32H563IGK6, STM32H563IGT6, STM32H563IIK3Q, STM32H563IIK6, STM32H563IIT3Q, STM32H563IIT6, STM32H563MIY3QTR, STM32H563RGT6, STM32H563RGV6, STM32H563RIT6, STM32H563RIV6, STM32H563VGT6, STM32H563VIT3Q, STM32H563VIT6, STM32H563ZGT6, STM32H563ZIT3Q, STM32H563ZIT6, STM32H573AII3Q, STM32H573AII6, STM32H573I-DK, STM32H573IIK3Q, STM32H573IIK6, STM32H573IIT3Q, STM32H573IIT6, STM32H573MIY3QTR, STM32H573RIT6, STM32H573RIV6, STM32H573VIT3Q, STM32H573VIT6, STM32H573ZIT3Q, STM32H573ZIT6, STM32H7R3A8I6, STM32H7R3I8K6, STM32H7R3I8T6, STM32H7R3L8H6, STM32H7R3L8H6H, STM32H7R3R8V6, STM32H7R3V8H6, STM32H7R3V8T6, STM32H7R3V8Y6TR, STM32H7R3Z8J6, STM32H7R3Z8T6, STM32H7R7A8I6, STM32H7R7I8K6, STM32H7R7I8T6, STM32H7R7L8H6, STM32H7R7L8H6H, STM32H7R7Z8J6, STM32H7S3A8I6, STM32H7S3I8K6, STM32H7S3I8T6, STM32H7S3L8H6, STM32H7S3L8H6H, STM32H7S3R8V6, STM32H7S3V8H6, STM32H7S3V8T6, STM32H7S3V8Y6TR, STM32H7S3Z8J6, STM32H7S3Z8T6, STM32H7S78-DK, STM32H7S7A8I6, STM32H7S7I8K6, STM32H7S7I8T6, STM32H7S7L8H6, STM32H7S7L8H6H, STM32H7S7Z8J6, STM32L4R5QGI6STR, STM32MP131AAE3, STM32MP131AAF3, STM32MP131AAG3, STM32MP131CAE3, STM32MP131CAF3, STM32MP131CAG3, STM32MP131DAE7, STM32MP131DAF7, STM32MP131DAG7, STM32MP131FAE7, STM32MP131FAF7, STM32MP131FAG7, STM32MP133AAE3, STM32MP133AAF3, STM32MP133AAG3, STM32MP133CAE3, STM32MP133CAF3, STM32MP133CAG3, STM32MP133DAE7, STM32MP133DAF7, STM32MP133DAG7, STM32MP133FAE7, STM32MP133FAF7, STM32MP133FAG7, STM32MP135AAE3, STM32MP135AAF3, STM32MP135AAG3, STM32MP135CAE3, STM32MP135CAF3, STM32MP135CAG3, STM32MP135DAE7, STM32MP135DAF7, STM32MP135DAG7, STM32MP135F-DK, STM32MP135FAE7, STM32MP135FAF7, STM32MP135FAF7T, STM32MP135FAF7U, STM32MP135FAG7, STM32MP211AAL3, STM32MP211AAM3, STM32MP211AAN3, STM32MP211AAO3, STM32MP211CAL3, STM32MP211CAM3, STM32MP211CAN3, STM32MP211CAO3, STM32MP211DAL3, STM32MP211DAM3, STM32MP211DAN3, STM32MP211DAO3, STM32MP211FAL3, STM32MP211FAM3, STM32MP211FAN3, STM32MP211FAO3, STM32MP213AAL3, STM32MP213AAM3, STM32MP213AAN3, STM32MP213AAO3, STM32MP213CAL3, STM32MP213CAM3, STM32MP213CAN3, STM32MP213CAO3, STM32MP213DAL3, STM32MP213DAM3, STM32MP213DAN3, STM32MP213DAO3, STM32MP213FAL3, STM32MP213FAM3, STM32MP213FAN3, STM32MP213FAO3, STM32MP215AAL3, STM32MP215AAM3, STM32MP215AAN3, STM32MP215AAO3, STM32MP215CAL3, STM32MP215CAM3, STM32MP215CAN3, STM32MP215CAO3, STM32MP215DAL3, STM32MP215DAM3, STM32MP215DAN3, STM32MP215DAO3, STM32MP215F-DK, STM32MP215FAL3, STM32MP215FAM3, STM32MP215FAN3, STM32MP215FAO3, STM32MP231AAJ3, STM32MP231AAK3, STM32MP231AAL3, STM32MP231CAJ3, STM32MP231CAK3, STM32MP231CAL3, STM32MP231DAJ3, STM32MP231DAK3, STM32MP231DAL3, STM32MP231FAJ3, STM32MP231FAK3, STM32MP231FAL3, STM32MP233AAJ3, STM32MP233AAK3, STM32MP233AAL3, STM32MP233CAJ3, STM32MP233CAK3, STM32MP233CAL3, STM32MP233DAJ3, STM32MP233DAK3, STM32MP233DAL3, STM32MP233FAJ3, STM32MP233FAK3, STM32MP233FAL3, STM32MP235AAJ3, STM32MP235AAK3, STM32MP235AAL3, STM32MP235CAJ3, STM32MP235CAK3, STM32MP235CAL3, STM32MP235DAJ3, STM32MP235DAK3, STM32MP235DAL3, STM32MP235FAJ3, STM32MP235FAK3, STM32MP235FAL3, STM32MP251AAI3, STM32MP251AAK3, STM32MP251AAL3, STM32MP251CAI3, STM32MP251CAK3, STM32MP251CAL3, STM32MP251DAI3, STM32MP251DAK3, STM32MP251DAL3, STM32MP251FAI3, STM32MP251FAK3, STM32MP251FAL3, STM32MP253AAI3, STM32MP253AAK3, STM32MP253AAL3, STM32MP253CAI3, STM32MP253CAK3, STM32MP253CAL3, STM32MP253DAI3, STM32MP253DAK3, STM32MP253DAL3, STM32MP253FAI3, STM32MP253FAK3, STM32MP253FAL3, STM32MP255AAI3, STM32MP255AAK3, STM32MP255AAL3, STM32MP255CAI3, STM32MP255CAK3, STM32MP255CAL3, STM32MP255DAI3, STM32MP255DAK3, STM32MP255DAL3, STM32MP255FAI3, STM32MP255FAK3, STM32MP255FAL3, STM32MP257AAI3, STM32MP257AAK3, STM32MP257AAL3, STM32MP257CAI3, STM32MP257CAK3, STM32MP257CAL3, STM32MP257DAI3, STM32MP257DAK3, STM32MP257DAL3, STM32MP257F-DK, STM32MP257F-EV1, STM32MP257FAI3, STM32MP257FAK3, STM32MP257FAL3, STM32N645A0H3Q, STM32N645B0H3Q, STM32N645I0H3Q, STM32N645L0H3Q, STM32N645X0H3Q, STM32N645Z0H3Q, STM32N647A0H3Q, STM32N647B0H3Q, STM32N647I0H3Q, STM32N647L0H3Q, STM32N647X0H3Q, STM32N647Z0H3Q, STM32N655A0H3Q, STM32N655B0H3Q, STM32N655I0H3Q, STM32N655L0H3Q, STM32N655X0H3Q, STM32N655Z0H3Q, STM32N6570-DK, STM32N657A0H3Q, STM32N657B0H3Q, STM32N657I0H3Q, STM32N657L0H3Q, STM32N657X0H3Q, STM32N657Z0H3Q, STM32U031C6T6, STM32U031C6U6, STM32U031C8T6, STM32U031C8U6, STM32U031F4P6, STM32U031F6P6, STM32U031F8P6, STM32U031G6Y6TR, STM32U031G8Y6TR, STM32U031K4U6, STM32U031K6U6, STM32U031K8U6, STM32U031R6I6, STM32U031R6T6, STM32U031R8I6, STM32U031R8T6, STM32U073C8T6, STM32U073C8U6, STM32U073CBT6, STM32U073CBU6, STM32U073CCT6, STM32U073CCU6, STM32U073H8Y6TR, STM32U073HBY6TR, STM32U073HCY6TR, STM32U073K8U6, STM32U073KBU6, STM32U073KCU6, STM32U073M8I6, STM32U073M8T6, STM32U073MBI6, STM32U073MBT6, STM32U073MCI6, STM32U073MCT6, STM32U073R8I6, STM32U073R8T6, STM32U073RBI6, STM32U073RBT6, STM32U073RCI6, STM32U073RCT6, STM32U083C-DK, STM32U083CCT6, STM32U083CCU6, STM32U083HCY6TR, STM32U083KCU6, STM32U083MCI6, STM32U083MCT6, STM32U083RCI6, STM32U083RCT6, STM32U375CET6, STM32U375CET6Q, STM32U375CEU6, STM32U375CEU6Q, STM32U375CEY6QTR, STM32U375CGT6, STM32U375CGT6Q, STM32U375CGU6, STM32U375CGU6Q, STM32U375CGY6QTR, STM32U375KEU6, STM32U375KGU6, STM32U375REI6, STM32U375REI6Q, STM32U375RET6, STM32U375RET6Q, STM32U375REY6GTR, STM32U375REY6QTR, STM32U375RGI6, STM32U375RGI6Q, STM32U375RGT6, STM32U375RGT6Q, STM32U375RGY6GTR, STM32U375RGY6QTR, STM32U375VEI6, STM32U375VEI6Q, STM32U375VET6, STM32U375VET6Q, STM32U375VGI6, STM32U375VGI6Q, STM32U375VGT6, STM32U375VGT6Q, STM32U385CGT6, STM32U385CGT6Q, STM32U385CGU6, STM32U385CGU6Q, STM32U385CGY6QTR, STM32U385KGU6, STM32U385RGI6, STM32U385RGI6Q, STM32U385RGT6, STM32U385RGT6Q, STM32U385RGY6GTR, STM32U385RGY6QTR, STM32U385VGI6, STM32U385VGI6Q, STM32U385VGT6, STM32U385VGT6Q, STM32U535CBT6, STM32U535CBT6Q, STM32U535CBU6, STM32U535CBU6Q, STM32U535CCT6, STM32U535CCT6Q, STM32U535CCU6, STM32U535CCU6Q, STM32U535CET6, STM32U535CET6Q, STM32U535CEU6, STM32U535CEU6Q, STM32U535JEY6QTR, STM32U535NCY6QTR, STM32U535NEY6QTR, STM32U535RBI6, STM32U535RBI6Q, STM32U535RBT6, STM32U535RBT6Q, STM32U535RCI6, STM32U535RCI6Q, STM32U535RCT6, STM32U535RCT6Q, STM32U535REI6, STM32U535REI6Q, STM32U535RET6, STM32U535RET6Q, STM32U535VCI6, STM32U535VCI6Q, STM32U535VCT6, STM32U535VCT6Q, STM32U535VEI6, STM32U535VEI6Q, STM32U535VET6, STM32U535VET6Q, STM32U545CET6, STM32U545CET6Q, STM32U545CEU6, STM32U545CEU6Q, STM32U545JEY6QTR, STM32U545NEY6QTR, STM32U545REI6, STM32U545REI6Q, STM32U545RET6, STM32U545RET6Q, STM32U545VEI6, STM32U545VEI6Q, STM32U545VET6, STM32U545VET6Q, STM32U595AIH6, STM32U595AIH6Q, STM32U595AJH6, STM32U595AJH6Q, STM32U595QII6, STM32U595QII6Q, STM32U595QJI6, STM32U595QJI6Q, STM32U595RIT6, STM32U595RIT6Q, STM32U595RJT6, STM32U595RJT6Q, STM32U595VIT6, STM32U595VIT6Q, STM32U595VJT6, STM32U595VJT6Q, STM32U595ZIT6, STM32U595ZIT6Q, STM32U595ZIY6QTR, STM32U595ZJT6, STM32U595ZJT6Q, STM32U595ZJY6QTR, STM32U599BJY6QTR, STM32U599NIH6Q, STM32U599NJH6Q, STM32U599VIT6Q, STM32U599VJT6, STM32U599VJT6Q, STM32U599ZIT6Q, STM32U599ZIY6QTR, STM32U599ZJT6Q, STM32U599ZJY6QTR, STM32U5A5AJH6, STM32U5A5AJH6Q, STM32U5A5QII3Q , STM32U5A5QJI6, STM32U5A5QJI6Q, STM32U5A5RJT6, STM32U5A5RJT6Q, STM32U5A5VJT6, STM32U5A5VJT6Q, STM32U5A5ZJT6, STM32U5A5ZJT6Q, STM32U5A5ZJY6QTR, STM32U5A9BJY6QTR, STM32U5A9J-DK, STM32U5A9NJH6Q, STM32U5A9VJT6Q, STM32U5A9ZJT6Q, STM32U5A9ZJY6QTR, STM32U5F7VIT6, STM32U5F7VIT6Q, STM32U5F7VJT6, STM32U5F7VJT6Q, STM32U5F9BJY6QTR, STM32U5F9NJH6Q, STM32U5F9VIT6Q, STM32U5F9VJT6Q, STM32U5F9ZIJ6QTR, STM32U5F9ZIT6Q, STM32U5F9ZJJ6QTR, STM32U5F9ZJT6Q, STM32U5G7VJT6, STM32U5G7VJT6Q, STM32U5G9BJY6QTR, STM32U5G9J-DK1, STM32U5G9J-DK2, STM32U5G9NJH6Q, STM32U5G9VJT6Q, STM32U5G9ZJJ6QTR, STM32U5G9ZJT6Q, STM32WB05KZV6TR, STM32WB05KZV7TR, STM32WB05TZF6TR, STM32WB05TZF7TR, STM32WB06CCF6TR, STM32WB06CCF7TR, STM32WB06CCV6TR, STM32WB06CCV7TR, STM32WB06KCV6TR, STM32WB06KCV7TR, STM32WB07CCF6TR, STM32WB07CCF7TR, STM32WB07CCV6TR, STM32WB07CCV7TR, STM32WB07KCV6TR, STM32WB07KCV7TR, STM32WB09KEV6TR, STM32WB09KEV7TR, STM32WB09TEF6TR, STM32WB09TEF7TR, STM32WB1MMCH6, STM32WBA50KGU6, STM32WBA50KGU6TR, STM32WBA52CEU6, STM32WBA52CEU6TR, STM32WBA52CEU7, STM32WBA52CEU7TR, STM32WBA52CGU6, STM32WBA52CGU6TR, STM32WBA52CGU6U, STM32WBA52CGU7, STM32WBA52CGU7TR, STM32WBA52KEU6, STM32WBA52KEU6TR, STM32WBA52KGU6, STM32WBA52KGU6TR, STM32WBA54CEU6, STM32WBA54CEU6TR, STM32WBA54CEU7, STM32WBA54CEU7TR, STM32WBA54CGU6, STM32WBA54CGU6TR, STM32WBA54CGU7, STM32WBA54CGU7TR, STM32WBA54KEU6, STM32WBA54KEU6TR, STM32WBA54KEU7, STM32WBA54KEU7TR, STM32WBA54KGU6, STM32WBA54KGU6TR, STM32WBA54KGU7, STM32WBA54KGU7TR, STM32WBA55CEU6, STM32WBA55CEU6TR, STM32WBA55CEU7, STM32WBA55CEU7TR, STM32WBA55CGU6, STM32WBA55CGU6TR, STM32WBA55CGU6U, STM32WBA55CGU7, STM32WBA55CGU7TR, STM32WBA55G-DK1, STM32WBA55HEF6, STM32WBA55HEF7, STM32WBA55HGF6, STM32WBA55HGF7, STM32WBA55UEI6, STM32WBA55UEI6TR, STM32WBA55UEI7, STM32WBA55UEI7TR, STM32WBA55UGI6, STM32WBA55UGI6TR, STM32WBA55UGI7, STM32WBA55UGI7TR, STM32WBA5MMGH6TR, STM32WBA62MGF6, STM32WBA62MIF6, STM32WBA65MGF7, STM32WBA65MIF6, STM32WBA65MIF7, STM32WL30K8V6, STM32WL30KBV6, STM32WL31C8V6, STM32WL31CBV6, STM32WL31K8V6, STM32WL31KBV6, STM32WL33C8V6, STM32WL33C8V6X, STM32WL33CBV6, STM32WL33CBV6X, STM32WL33CCV6, STM32WL33CCV6A, STM32WL33CCV6X, STM32WL33K8V7, STM32WL33K8V7X, STM32WL33KBV7 , STM32WL33KBV7X, STM32WL33KCV7, STM32WL33KCV7X, STM32WL5MOCH6, STM32WL5MOCH6TR]
2025-07-22 04:38:50,130 [INFO] DbMcus:218 - Found 4801 MCUs, 4801 are supported
2025-07-22 04:38:50,130 [INFO] ApiDb:423 - Load user favorites file C:\Users\nicks/.stm32cubeide/favorites.mcus.txt: 0 item(s)
2025-07-22 04:38:50,130 [INFO] ApiDb:427 - User favorites MCUs=[]
2025-07-22 04:38:50,130 [INFO] DbMcus:224 - Set 0 / 0 favorites MCUs
2025-07-22 04:38:50,373 [INFO] ApiDb:423 - Load user favorites file C:\Users\nicks/.stm32cubeide/favorites.boards.txt: 0 item(s)
2025-07-22 04:38:50,373 [INFO] ApiDb:427 - User favorites Boards=[]
2025-07-22 04:38:50,373 [INFO] DbBoards:198 - Set 0 / 0 favorites Boards
2025-07-22 04:38:50,422 [INFO] UtilMem:75 - End LoadConfig() Used Memory: 638249736 Bytes (1073741824)
2025-07-22 04:38:50,509 [WARN] ThirdParty:833 - waiting for thirdparty lock release [change project]
2025-07-22 04:38:50,509 [INFO] ThirdParty:835 - entering critical section [change project]
2025-07-22 04:38:50,510 [INFO] ThirdParty:1030 - CMSIS Pack Vendor :STMicroelectronics X-CUBE-PM33A1 1.0.0
2025-07-22 04:38:50,510 [INFO] ThirdParty:1030 - CMSIS Pack Vendor :STMicroelectronics USBPD 4.1
2025-07-22 04:38:50,510 [INFO] ThirdParty:1030 - CMSIS Pack Vendor :STMicroelectronics X-CUBE-AZRTOS-H7 3.3.0
2025-07-22 04:38:50,510 [INFO] ThirdParty:1030 - CMSIS Pack Vendor :STMicroelectronics X-CUBE-NFC9 1.0.0
2025-07-22 04:38:50,510 [INFO] ThirdParty:1030 - CMSIS Pack Vendor :STMicroelectronics USB_HOST 2.0.0
2025-07-22 04:38:50,510 [INFO] ThirdParty:1030 - CMSIS Pack Vendor :STMicroelectronics FP-SNS-MOTENVWB1 1.4.0
2025-07-22 04:38:50,510 [INFO] ThirdParty:1030 - CMSIS Pack Vendor :STMicroelectronics X-CUBE-AZRTOS-F4 1.1.0
2025-07-22 04:38:50,510 [INFO] ThirdParty:1030 - CMSIS Pack Vendor :STMicroelectronics LIBJPEG 8.0.0
2025-07-22 04:38:50,510 [INFO] ThirdParty:1030 - CMSIS Pack Vendor :STMicroelectronics FP-ATR-ASTRA1 2.0.2
2025-07-22 04:38:50,510 [INFO] ThirdParty:1030 - CMSIS Pack Vendor :STMicroelectronics FP-ATR-ASTRA1 2.0.1
2025-07-22 04:38:50,510 [INFO] ThirdParty:1030 - CMSIS Pack Vendor :STMicroelectronics X-CUBE-BLE1 7.1.0
2025-07-22 04:38:50,510 [INFO] ThirdParty:1030 - CMSIS Pack Vendor :Avnet-IotConnect X-CUBE-IoTC-DA16k-PMOD 1.0.0
2025-07-22 04:38:50,510 [INFO] ThirdParty:1030 - CMSIS Pack Vendor :STMicroelectronics X-CUBE-SMBUS 2.1.0
2025-07-22 04:38:50,510 [INFO] ThirdParty:1030 - CMSIS Pack Vendor :STMicroelectronics X-CUBE-WB05N 1.1.0
2025-07-22 04:38:50,510 [INFO] ThirdParty:1030 - CMSIS Pack Vendor :wolfSSL I-CUBE-wolfMQTT 1.19.2
2025-07-22 04:38:50,510 [INFO] ThirdParty:1030 - CMSIS Pack Vendor :STMicroelectronics USB_DEVICE 3.0.0
2025-07-22 04:38:50,510 [INFO] ThirdParty:1030 - CMSIS Pack Vendor :STMicroelectronics X-CUBE-ISPU 2.1.0
2025-07-22 04:38:50,510 [INFO] ThirdParty:1030 - CMSIS Pack Vendor :STMicroelectronics X-CUBE-EEPRMA1 5.2.0
2025-07-22 04:38:50,510 [INFO] ThirdParty:1030 - CMSIS Pack Vendor :STMicroelectronics X-CUBE-BLEMGR 4.1.0
2025-07-22 04:38:50,510 [INFO] ThirdParty:1030 - CMSIS Pack Vendor :STMicroelectronics X-CUBE-AZRTOS-WB 2.0.0
2025-07-22 04:38:50,510 [INFO] ThirdParty:1030 - CMSIS Pack Vendor :STMicroelectronics X-CUBE-ST60 1.0.0
2025-07-22 04:38:50,510 [INFO] ThirdParty:1030 - CMSIS Pack Vendor :STMicroelectronics X-CUBE-GNSS1 7.0.1
2025-07-22 04:38:50,510 [INFO] ThirdParty:1030 - CMSIS Pack Vendor :STMicroelectronics X-CUBE-NFC12 1.0.0
2025-07-22 04:38:50,510 [INFO] ThirdParty:1030 - CMSIS Pack Vendor :STMicroelectronics X-CUBE-AZRTOS-F7 1.1.0
2025-07-22 04:38:50,510 [INFO] ThirdParty:1030 - CMSIS Pack Vendor :STMicroelectronics X-CUBE-AZRTOS-L5 2.0.0
2025-07-22 04:38:50,510 [INFO] ThirdParty:1030 - CMSIS Pack Vendor :STMicroelectronics X-CUBE-TOUCHGFX 4.25.0
2025-07-22 04:38:50,510 [INFO] ThirdParty:1030 - CMSIS Pack Vendor :STMicroelectronics USB_DEVICE 2.0.0
2025-07-22 04:38:50,510 [INFO] ThirdParty:1030 - CMSIS Pack Vendor :STMicroelectronics X-CUBE-NFC6 3.1.0
2025-07-22 04:38:50,510 [INFO] ThirdParty:1030 - CMSIS Pack Vendor :STMicroelectronics X-CUBE-AI 10.1.0
2025-07-22 04:38:50,510 [INFO] ThirdParty:1030 - CMSIS Pack Vendor :STMicroelectronics X-CUBE-MEMS1 11.2.0
2025-07-22 04:38:50,510 [INFO] ThirdParty:1030 - CMSIS Pack Vendor :STMicroelectronics FreeRTOS 0.0.1
2025-07-22 04:38:50,510 [INFO] ThirdParty:1030 - CMSIS Pack Vendor :STMicroelectronics X-CUBE-AZRTOS-G0 1.1.0
2025-07-22 04:38:50,510 [INFO] ThirdParty:1030 - CMSIS Pack Vendor :STMicroelectronics X-CUBE-SAFEA1 1.2.2
2025-07-22 04:38:50,510 [INFO] ThirdParty:1030 - CMSIS Pack Vendor :STMicroelectronics X-CUBE-NFC4 3.0.0
2025-07-22 04:38:50,510 [INFO] ThirdParty:1030 - CMSIS Pack Vendor :STMicroelectronics X-CUBE-SUBG2 5.0.0
2025-07-22 04:38:50,510 [INFO] ThirdParty:1030 - CMSIS Pack Vendor :STMicroelectronics X-CUBE-AZRTOS-H7RS 1.1.0
2025-07-22 04:38:50,510 [INFO] ThirdParty:1030 - CMSIS Pack Vendor :STMicroelectronics STM32_WPAN 1.0.0
2025-07-22 04:38:50,510 [INFO] ThirdParty:1030 - CMSIS Pack Vendor :EmbeddedOffice I-CUBE-FS-RTOS 1.0.1
2025-07-22 04:38:50,510 [INFO] ThirdParty:1030 - CMSIS Pack Vendor :STMicroelectronics lwIP 2.0.3
2025-07-22 04:38:50,510 [INFO] ThirdParty:1030 - CMSIS Pack Vendor :STMicroelectronics FP-SNS-FLIGHT1 5.0.2
2025-07-22 04:38:50,510 [INFO] ThirdParty:1030 - CMSIS Pack Vendor :Cesanta I-CUBE-Mongoose 7.13.0
2025-07-22 04:38:50,511 [INFO] ThirdParty:1030 - CMSIS Pack Vendor :STMicroelectronics USB_HOST 1.0.0
2025-07-22 04:38:50,511 [INFO] ThirdParty:1030 - CMSIS Pack Vendor :Infineon AIROC-Wi-Fi-Bluetooth-STM32 1.7.0
2025-07-22 04:38:50,511 [INFO] ThirdParty:1030 - CMSIS Pack Vendor :STMicroelectronics X-CUBE-AZRTOS-G4 2.0.0
2025-07-22 04:38:50,511 [INFO] ThirdParty:1030 - CMSIS Pack Vendor :STMicroelectronics X-CUBE-WB05N 2.0.0
2025-07-22 04:38:50,511 [INFO] ThirdParty:1030 - CMSIS Pack Vendor :STMicroelectronics PDM2PCM 3.1.0
2025-07-22 04:38:50,511 [INFO] ThirdParty:1030 - CMSIS Pack Vendor :STMicroelectronics PDM2PCM 3.3.0
2025-07-22 04:38:50,511 [INFO] ThirdParty:1030 - CMSIS Pack Vendor :wolfSSL I-CUBE-wolfTPM 3.8.0
2025-07-22 04:38:50,511 [INFO] ThirdParty:1030 - CMSIS Pack Vendor :STMicroelectronics X-CUBE-AZRTOS-H7 3.4.0
2025-07-22 04:38:50,511 [INFO] ThirdParty:1030 - CMSIS Pack Vendor :STMicroelectronics X-CUBE-DISPLAY 3.0.0
2025-07-22 04:38:50,511 [INFO] ThirdParty:1030 - CMSIS Pack Vendor :wolfSSL I-CUBE-wolfSSH 1.4.20
2025-07-22 04:38:50,511 [INFO] ThirdParty:1030 - CMSIS Pack Vendor :STMicroelectronics X-CUBE-NFC7 2.0.0
2025-07-22 04:38:50,511 [INFO] ThirdParty:1030 - CMSIS Pack Vendor :STMicroelectronics X-CUBE-TCPP 4.2.0
2025-07-22 04:38:50,511 [INFO] ThirdParty:1030 - CMSIS Pack Vendor :RealThread X-CUBE-RT-Thread_Nano 4.1.1
2025-07-22 04:38:50,511 [INFO] ThirdParty:1030 - CMSIS Pack Vendor :STMicroelectronics FP-ATR-SIGFOX1 3.2.0
2025-07-22 04:38:50,511 [INFO] ThirdParty:1030 - CMSIS Pack Vendor :STMicroelectronics X-CUBE-NFC10 1.0.0
2025-07-22 04:38:50,511 [INFO] ThirdParty:1030 - CMSIS Pack Vendor :STMicroelectronics X-CUBE-BLEMGR 4.0.0
2025-07-22 04:38:50,511 [INFO] ThirdParty:1030 - CMSIS Pack Vendor :STMicroelectronics X-CUBE-EEPRMA1 5.1.0
2025-07-22 04:38:50,511 [INFO] ThirdParty:1030 - CMSIS Pack Vendor :STMicroelectronics X-CUBE-FREERTOS 1.3.1
2025-07-22 04:38:50,511 [INFO] ThirdParty:1030 - CMSIS Pack Vendor :STMicroelectronics HAL Drivers 0.0.0
2025-07-22 04:38:50,512 [INFO] ThirdParty:1030 - CMSIS Pack Vendor :STMicroelectronics MBEDTLS 2.16.2
2025-07-22 04:38:50,512 [INFO] ThirdParty:1030 - CMSIS Pack Vendor :STMicroelectronics X-CUBE-IPS 3.1.0
2025-07-22 04:38:50,512 [INFO] ThirdParty:1030 - CMSIS Pack Vendor :STMicroelectronics X-CUBE-ALS 1.0.2
2025-07-22 04:38:50,512 [INFO] ThirdParty:1030 - CMSIS Pack Vendor :emotas I-CUBE-CANOPEN 1.3.0
2025-07-22 04:38:50,512 [INFO] ThirdParty:1030 - CMSIS Pack Vendor :STMicroelectronics X-CUBE-FREERTOS 1.3.0
2025-07-22 04:38:50,512 [INFO] ThirdParty:1030 - CMSIS Pack Vendor :STMicroelectronics X-CUBE-NFC7 1.0.1
2025-07-22 04:38:50,512 [INFO] ThirdParty:1030 - CMSIS Pack Vendor :STMicroelectronics MBEDTLS 2.14.1
2025-07-22 04:38:50,512 [INFO] ThirdParty:1030 - CMSIS Pack Vendor :wolfSSL I-CUBE-wolfSSL 5.7.6
2025-07-22 04:38:50,512 [INFO] ThirdParty:1030 - CMSIS Pack Vendor :ITTIA_DB I-CUBE-ITTIADB 8.9.0
2025-07-22 04:38:50,512 [INFO] ThirdParty:1030 - CMSIS Pack Vendor :portGmbH I-Cube-SoM-uGOAL 1.1.0
2025-07-22 04:38:50,512 [INFO] ThirdParty:1030 - CMSIS Pack Vendor :quantropi X-CUBE-qispace-sdk-base 2.0.0
2025-07-22 04:38:50,512 [INFO] ThirdParty:1030 - CMSIS Pack Vendor :STMicroelectronics X-CUBE-AI 10.0.0
2025-07-22 04:38:50,512 [INFO] ThirdParty:1030 - CMSIS Pack Vendor :STMicroelectronics X-CUBE-ST67W61 1.0.0
2025-07-22 04:38:50,512 [INFO] ThirdParty:1030 - CMSIS Pack Vendor :STMicroelectronics FP-SNS-STAIOTCFT 1.0.0
2025-07-22 04:38:50,512 [INFO] ThirdParty:1030 - CMSIS Pack Vendor :STMicroelectronics ThreadX 1.0.0
2025-07-22 04:38:50,512 [INFO] ThirdParty:1030 - CMSIS Pack Vendor :STMicroelectronics FP-SNS-SMARTAG2 1.2.0
2025-07-22 04:38:50,512 [INFO] ThirdParty:1030 - CMSIS Pack Vendor :STMicroelectronics FP-SNS-FLIGHT1 5.1.0
2025-07-22 04:38:50,512 [INFO] ThirdParty:1030 - CMSIS Pack Vendor :STMicroelectronics X-CUBE-AZRTOS-WL 2.0.0
2025-07-22 04:38:50,512 [INFO] ThirdParty:1030 - CMSIS Pack Vendor :SEGGER I-CUBE-embOS 1.3.1
2025-07-22 04:38:50,512 [INFO] ThirdParty:1030 - CMSIS Pack Vendor :STMicroelectronics X-CUBE-ALGOBUILD 1.4.0
2025-07-22 04:38:50,512 [INFO] ThirdParty:1030 - CMSIS Pack Vendor :STMicroelectronics X-CUBE-DPower 1.3.0
2025-07-22 04:38:50,513 [INFO] ThirdParty:1030 - CMSIS Pack Vendor :STMicroelectronics X-CUBE-MEMS1 11.3.0
2025-07-22 04:38:50,513 [INFO] ThirdParty:1030 - CMSIS Pack Vendor :STMicroelectronics FP-SNS-MOTENV1 5.0.0
2025-07-22 04:38:50,513 [INFO] ThirdParty:1030 - CMSIS Pack Vendor :STMicroelectronics USB_DEVICE 1.0.0
2025-07-22 04:38:50,513 [INFO] ThirdParty:1030 - CMSIS Pack Vendor :STMicroelectronics X-CUBE-AZRTOS-L4 2.0.0
2025-07-22 04:38:50,513 [INFO] ThirdParty:1030 - CMSIS Pack Vendor :STMicroelectronics ThreadX 0.0.2
2025-07-22 04:38:50,513 [INFO] ThirdParty:1030 - CMSIS Pack Vendor :WES I-CUBE-Cesium 1.3.0
2025-07-22 04:38:50,513 [INFO] ThirdParty:1030 - CMSIS Pack Vendor :STMicroelectronics lwIP 2.1.2
2025-07-22 04:38:50,513 [INFO] ThirdParty:1030 - CMSIS Pack Vendor :STMicroelectronics X-CUBE-SFXS2LP1 4.0.0
2025-07-22 04:38:50,513 [INFO] ThirdParty:1030 - CMSIS Pack Vendor :STMicroelectronics X-CUBE-BLE2 3.3.0
2025-07-22 04:38:50,513 [INFO] ThirdParty:1030 - CMSIS Pack Vendor :STMicroelectronics X-CUBE-TOF1 3.4.3
2025-07-22 04:38:50,513 [INFO] ThirdParty:1030 - CMSIS Pack Vendor :STMicroelectronics PDM2PCM 3.2.0
2025-07-22 04:38:50,513 [INFO] ThirdParty:841 - exiting critical section [change project]
2025-07-22 04:38:51,071 [INFO] PinOutPanel:1589 - setPackage(No Configuration,No Configuration)
2025-07-22 04:38:51,072 [INFO] PinOutPanel:1589 - setPackage(STM32H755ZITx,LQFP144)
2025-07-22 04:38:51,594 [INFO] UtilMem:75 - Before build in PCC Used Memory: 608700416 Bytes (1073741824)
2025-07-22 04:38:52,138 [INFO] UtilMem:75 - After build in PCC Used Memory: 769132544 Bytes (1073741824)
2025-07-22 04:38:52,150 [INFO] ApiDbMcu:532 - Load IP Config File for FREERTOS_M4
2025-07-22 04:38:52,154 [INFO] ApiDbMcu:532 - Load IP Config File for FREERTOS_M7
2025-07-22 04:38:52,181 [INFO] IPUIPlugin:80 - create IPUIPlugin
2025-07-22 04:38:52,181 [INFO] IPUIPlugin:80 - create IPUIPlugin
2025-07-22 04:38:52,181 [INFO] IPUIPlugin:80 - create IPUIPlugin
2025-07-22 04:38:52,182 [INFO] IPUIPlugin:80 - create IPUIPlugin
2025-07-22 04:38:52,182 [INFO] IPUIPlugin:80 - create IPUIPlugin
2025-07-22 04:38:52,182 [INFO] IPUIPlugin:80 - create IPUIPlugin
2025-07-22 04:38:52,182 [INFO] IPUIPlugin:80 - create IPUIPlugin
2025-07-22 04:38:52,182 [INFO] IPUIPlugin:80 - create IPUIPlugin
2025-07-22 04:38:52,182 [INFO] IPUIPlugin:80 - create IPUIPlugin
2025-07-22 04:38:52,182 [INFO] IPUIPlugin:80 - create IPUIPlugin
2025-07-22 04:38:52,182 [INFO] IPUIPlugin:80 - create IPUIPlugin
2025-07-22 04:38:52,182 [INFO] IPUIPlugin:80 - create IPUIPlugin
2025-07-22 04:38:52,182 [INFO] IPUIPlugin:80 - create IPUIPlugin
2025-07-22 04:38:52,182 [INFO] IPUIPlugin:80 - create IPUIPlugin
2025-07-22 04:38:52,183 [INFO] IPUIPlugin:80 - create IPUIPlugin
2025-07-22 04:38:52,183 [INFO] IPUIPlugin:80 - create IPUIPlugin
2025-07-22 04:38:52,183 [INFO] IPUIPlugin:80 - create IPUIPlugin
2025-07-22 04:38:52,183 [INFO] IPUIPlugin:80 - create IPUIPlugin
2025-07-22 04:38:52,183 [INFO] IPUIPlugin:80 - create IPUIPlugin
2025-07-22 04:38:52,183 [INFO] IPUIPlugin:80 - create IPUIPlugin
2025-07-22 04:38:52,183 [INFO] IPUIPlugin:80 - create IPUIPlugin
2025-07-22 04:38:52,183 [INFO] IPUIPlugin:80 - create IPUIPlugin
2025-07-22 04:38:52,183 [INFO] IPUIPlugin:80 - create IPUIPlugin
2025-07-22 04:38:52,183 [INFO] IPUIPlugin:80 - create IPUIPlugin
2025-07-22 04:38:52,183 [INFO] IPUIPlugin:80 - create IPUIPlugin
2025-07-22 04:38:52,183 [INFO] IPUIPlugin:80 - create IPUIPlugin
2025-07-22 04:38:52,183 [INFO] IPUIPlugin:80 - create IPUIPlugin
2025-07-22 04:38:52,184 [INFO] IPUIPlugin:80 - create IPUIPlugin
2025-07-22 04:38:52,184 [INFO] IPUIPlugin:80 - create IPUIPlugin
2025-07-22 04:38:52,184 [INFO] IPUIPlugin:80 - create IPUIPlugin
2025-07-22 04:38:52,184 [INFO] IPUIPlugin:80 - create IPUIPlugin
2025-07-22 04:38:52,184 [INFO] IPUIPlugin:80 - create IPUIPlugin
2025-07-22 04:38:52,184 [INFO] IPUIPlugin:80 - create IPUIPlugin
2025-07-22 04:38:52,184 [INFO] IPUIPlugin:80 - create IPUIPlugin
2025-07-22 04:38:52,184 [INFO] IPUIPlugin:80 - create IPUIPlugin
2025-07-22 04:38:52,184 [INFO] IPUIPlugin:80 - create IPUIPlugin
2025-07-22 04:38:52,185 [INFO] IPUIPlugin:80 - create IPUIPlugin
2025-07-22 04:38:52,185 [INFO] IPUIPlugin:80 - create IPUIPlugin
2025-07-22 04:38:52,185 [INFO] IPUIPlugin:80 - create IPUIPlugin
2025-07-22 04:38:52,185 [INFO] IPUIPlugin:80 - create IPUIPlugin
2025-07-22 04:38:52,185 [INFO] IPUIPlugin:80 - create IPUIPlugin
2025-07-22 04:38:52,185 [INFO] IPUIPlugin:80 - create IPUIPlugin
2025-07-22 04:38:52,185 [INFO] IPUIPlugin:80 - create IPUIPlugin
2025-07-22 04:38:52,186 [INFO] IPUIPlugin:80 - create IPUIPlugin
2025-07-22 04:38:52,186 [INFO] IPUIPlugin:80 - create IPUIPlugin
2025-07-22 04:38:52,186 [INFO] IPUIPlugin:80 - create IPUIPlugin
2025-07-22 04:38:52,186 [INFO] IPUIPlugin:80 - create IPUIPlugin
2025-07-22 04:38:52,186 [INFO] IPUIPlugin:80 - create IPUIPlugin
2025-07-22 04:38:52,186 [INFO] IPUIPlugin:80 - create IPUIPlugin
2025-07-22 04:38:52,186 [INFO] IPUIPlugin:80 - create IPUIPlugin
2025-07-22 04:38:52,187 [INFO] IPUIPlugin:80 - create IPUIPlugin
2025-07-22 04:38:52,187 [INFO] IPUIPlugin:80 - create IPUIPlugin
2025-07-22 04:38:52,187 [INFO] IPUIPlugin:80 - create IPUIPlugin
2025-07-22 04:38:52,187 [INFO] IPUIPlugin:80 - create IPUIPlugin
2025-07-22 04:38:52,187 [INFO] IPUIPlugin:80 - create IPUIPlugin
2025-07-22 04:38:52,187 [INFO] IPUIPlugin:80 - create IPUIPlugin
2025-07-22 04:38:52,187 [INFO] IPUIPlugin:80 - create IPUIPlugin
2025-07-22 04:38:52,187 [INFO] IPUIPlugin:80 - create IPUIPlugin
2025-07-22 04:38:52,188 [INFO] IPUIPlugin:80 - create IPUIPlugin
2025-07-22 04:38:52,188 [INFO] IPUIPlugin:80 - create IPUIPlugin
2025-07-22 04:38:52,188 [INFO] IPUIPlugin:80 - create IPUIPlugin
2025-07-22 04:38:52,188 [INFO] IPUIPlugin:80 - create IPUIPlugin
2025-07-22 04:38:52,188 [INFO] IPUIPlugin:80 - create IPUIPlugin
2025-07-22 04:38:52,188 [INFO] IPUIPlugin:80 - create IPUIPlugin
2025-07-22 04:38:52,189 [INFO] IPUIPlugin:80 - create IPUIPlugin
2025-07-22 04:38:52,189 [INFO] IPUIPlugin:80 - create IPUIPlugin
2025-07-22 04:38:52,189 [INFO] IPUIPlugin:80 - create IPUIPlugin
2025-07-22 04:38:52,189 [INFO] IPUIPlugin:80 - create IPUIPlugin
2025-07-22 04:38:52,189 [INFO] IPUIPlugin:80 - create IPUIPlugin
2025-07-22 04:38:52,190 [INFO] IPUIPlugin:80 - create IPUIPlugin
2025-07-22 04:38:52,190 [INFO] IPUIPlugin:80 - create IPUIPlugin
2025-07-22 04:38:52,190 [INFO] IPUIPlugin:80 - create IPUIPlugin
2025-07-22 04:38:52,190 [INFO] IPUIPlugin:80 - create IPUIPlugin
2025-07-22 04:38:52,190 [INFO] IPUIPlugin:80 - create IPUIPlugin
2025-07-22 04:38:52,191 [INFO] IPUIPlugin:80 - create IPUIPlugin
2025-07-22 04:38:52,191 [INFO] IPUIPlugin:80 - create IPUIPlugin
2025-07-22 04:38:52,191 [INFO] IPUIPlugin:80 - create IPUIPlugin
2025-07-22 04:38:52,191 [INFO] IPUIPlugin:80 - create IPUIPlugin
2025-07-22 04:38:52,192 [INFO] IPUIPlugin:80 - create IPUIPlugin
2025-07-22 04:38:52,192 [INFO] IPUIPlugin:80 - create IPUIPlugin
2025-07-22 04:38:52,192 [INFO] IPUIPlugin:80 - create IPUIPlugin
2025-07-22 04:38:52,193 [INFO] IPUIPlugin:80 - create IPUIPlugin
2025-07-22 04:38:52,193 [INFO] IPUIPlugin:80 - create IPUIPlugin
2025-07-22 04:38:52,193 [INFO] IPUIPlugin:80 - create IPUIPlugin
2025-07-22 04:38:52,194 [INFO] IPUIPlugin:80 - create IPUIPlugin
2025-07-22 04:38:52,194 [INFO] IPUIPlugin:80 - create IPUIPlugin
2025-07-22 04:38:52,194 [INFO] IPUIPlugin:80 - create IPUIPlugin
2025-07-22 04:38:52,194 [INFO] IPUIPlugin:80 - create IPUIPlugin
2025-07-22 04:38:52,194 [INFO] IPUIPlugin:80 - create IPUIPlugin
2025-07-22 04:38:52,195 [INFO] IPUIPlugin:80 - create IPUIPlugin
2025-07-22 04:38:52,195 [INFO] IPUIPlugin:80 - create IPUIPlugin
2025-07-22 04:38:52,195 [INFO] IPUIPlugin:80 - create IPUIPlugin
2025-07-22 04:38:52,195 [INFO] IPUIPlugin:80 - create IPUIPlugin
2025-07-22 04:38:52,196 [INFO] IPUIPlugin:80 - create IPUIPlugin
2025-07-22 04:38:52,196 [INFO] IPUIPlugin:80 - create IPUIPlugin
2025-07-22 04:38:52,196 [INFO] IPUIPlugin:80 - create IPUIPlugin
2025-07-22 04:38:52,196 [INFO] IPUIPlugin:80 - create IPUIPlugin
2025-07-22 04:38:52,197 [INFO] IPUIPlugin:80 - create IPUIPlugin
2025-07-22 04:38:52,197 [INFO] IPUIPlugin:80 - create IPUIPlugin
2025-07-22 04:38:52,197 [INFO] IPUIPlugin:80 - create IPUIPlugin
2025-07-22 04:38:52,197 [INFO] IPUIPlugin:80 - create IPUIPlugin
2025-07-22 04:38:52,198 [INFO] IPUIPlugin:80 - create IPUIPlugin
2025-07-22 04:38:52,198 [INFO] IPUIPlugin:80 - create IPUIPlugin
2025-07-22 04:38:52,198 [INFO] IPUIPlugin:80 - create IPUIPlugin
2025-07-22 04:38:52,198 [INFO] IPUIPlugin:80 - create IPUIPlugin
2025-07-22 04:38:52,199 [INFO] IPUIPlugin:80 - create IPUIPlugin
2025-07-22 04:38:52,199 [INFO] IPUIPlugin:80 - create IPUIPlugin
2025-07-22 04:38:52,200 [INFO] IPUIPlugin:80 - create IPUIPlugin
2025-07-22 04:38:52,200 [INFO] IPUIPlugin:80 - create IPUIPlugin
2025-07-22 04:38:52,200 [INFO] IPUIPlugin:80 - create IPUIPlugin
2025-07-22 04:38:52,201 [INFO] IPUIPlugin:80 - create IPUIPlugin
2025-07-22 04:38:52,201 [INFO] IPUIPlugin:80 - create IPUIPlugin
2025-07-22 04:38:52,201 [INFO] IPUIPlugin:80 - create IPUIPlugin
2025-07-22 04:38:52,201 [INFO] IPUIPlugin:80 - create IPUIPlugin
2025-07-22 04:38:52,207 [INFO] ApiDbMcu:532 - Load IP Config File for PDM2PCM_M7
2025-07-22 04:38:52,211 [INFO] ApiDbMcu:532 - Load IP Config File for PDM2PCM_M4
2025-07-22 04:38:52,236 [WARN] FreeRTOS:1023 - Null or empty value: should not occur! (nothing added to the table)
2025-07-22 04:38:52,244 [WARN] FreeRTOS:1023 - Null or empty value: should not occur! (nothing added to the table)
2025-07-22 04:38:52,361 [INFO] CADModel:165 - CPN selected for project levelSTM32H755ZIT6
2025-07-22 04:38:52,361 [INFO] CADModel:114 - Register for checkConnection events
2025-07-22 04:38:52,363 [INFO] RtosManager:728 - Active RTOS found at IOC load: FREERTOS_M4 [CortexM4]
2025-07-22 04:38:52,368 [INFO] RtosManager:728 - Active RTOS found at IOC load: FREERTOS_M7 [CortexM7]
2025-07-22 04:38:52,416 [INFO] OpenFileManager:386 - Restore cursor
2025-07-22 04:38:52,671 [INFO] ProjectChoiceTab:902 - Analytics plugin initialized for: CortexM4 Enable multi-threaded support
2025-07-22 04:38:52,732 [INFO] ProjectChoiceTab:962 - Analytics plugin initialized for: CortexM7 Enable multi-threaded support
2025-07-22 04:39:02,614 [INFO] NvicIntPanel:101 - NVIC parent = com.st.microxplorer.plugins.ip.nvic.MultiNvicIntPanel[,0,0,498x174,layout=javax.swing.BoxLayout,alignmentX=0.0,alignmentY=0.0,border=,flags=9,maximumSize=,minimumSize=,preferredSize=]
2025-07-22 04:41:57,540 [INFO] UtilMem:75 - End SaveConfig() Used Memory: 851846072 Bytes (1073741824)
2025-07-22 04:41:57,716 [INFO] UtilMem:75 - End SaveConfig() Used Memory: 897002208 Bytes (1073741824)
2025-07-22 04:41:58,549 [INFO] UtilMem:75 - End SaveConfig() Used Memory: 975595424 Bytes (1073741824)
2025-07-22 04:41:59,362 [ERROR] IocParser:95 - Exception caught: Cannot invoke "java.lang.CharSequence.length()" because "this.text" is null
2025-07-22 04:42:00,243 [INFO] BlockDiagram:2775 - set Specific Code input for plugin: FREERTOS
2025-07-22 04:42:00,243 [INFO] BlockDiagram:2775 - set Specific Code input for plugin: FREERTOS
2025-07-22 04:42:00,243 [INFO] BlockDiagram:2775 - set Specific Code input for plugin: RCC
2025-07-22 04:42:00,243 [INFO] BlockDiagram:2775 - set Specific Code input for plugin: USART
2025-07-22 04:42:00,243 [INFO] BlockDiagram:2775 - set Specific Code input for plugin: MEMORYMAP
2025-07-22 04:42:00,243 [INFO] BlockDiagram:2775 - set Specific Code input for plugin: SYS
2025-07-22 04:42:00,243 [INFO] BlockDiagram:2775 - set Specific Code input for plugin: DMA
2025-07-22 04:42:00,243 [INFO] BlockDiagram:2775 - set Specific Code input for plugin: NVIC2
2025-07-22 04:42:00,244 [INFO] BlockDiagram:2775 - set Specific Code input for plugin: GPIO
2025-07-22 04:42:00,244 [INFO] BlockDiagram:2775 - set Specific Code input for plugin: SYS_M4
2025-07-22 04:42:00,244 [INFO] BlockDiagram:2775 - set Specific Code input for plugin: NUCLEO-H755ZI-Q
2025-07-22 04:42:00,244 [INFO] BlockDiagram:2775 - set Specific Code input for plugin: NVIC1
2025-07-22 04:42:00,245 [INFO] CodeGenerator:892 - code generatio: config db path: C:\ST\STM32CubeIDE_1.19.0\STM32CubeIDE\plugins\com.st.stm32cube.common.mx_6.15.0.202507011659\\db\
2025-07-22 04:42:00,316 [ERROR] CodeGenerator:10662 - The current RTOS owner has not been found in the list of IPs
2025-07-22 04:42:00,316 [ERROR] CodeGenerator:10662 - The current RTOS owner has not been found in the list of IPs
2025-07-22 04:42:00,317 [INFO] CodeGenerator:1619 - *******************Project context M7 selected
2025-07-22 04:42:00,369 [INFO] CodeEngine:265 - oldGeneratedFile, C:\Users\nicks\STM32CubeIDE\workspace_1.19.0\AFR\WAYPOINTIFICATION\MXTmpFiles\license.tmp_save
2025-07-22 04:42:00,589 [INFO] CodeEngine:289 - Generated code: C:\Users\nicks\STM32CubeIDE\workspace_1.19.0\AFR\WAYPOINTIFICATION\MXTmpFiles\license.tmp
2025-07-22 04:42:00,744 [INFO] CodeEngine:265 - oldGeneratedFile, C:\Users\nicks\STM32CubeIDE\workspace_1.19.0\AFR\WAYPOINTIFICATION\CM7\MXTmpFiles\gpio.tmp_save
2025-07-22 04:42:00,853 [INFO] CodeEngine:289 - Generated code: C:\Users\nicks\STM32CubeIDE\workspace_1.19.0\AFR\WAYPOINTIFICATION\CM7\MXTmpFiles\gpio.tmp
2025-07-22 04:42:01,006 [WARN] IPConfigManager:103 - WARNING: Missing Config File for MEMORYMAP ip!!
2025-07-22 04:42:01,094 [WARN] IPConfigManager:103 - WARNING: Missing Config File for NVIC1 ip!!
2025-07-22 04:42:01,225 [ERROR] CodeGenerator:10662 - The current RTOS owner has not been found in the list of IPs
2025-07-22 04:42:01,233 [INFO] CodeEngine:265 - oldGeneratedFile, C:\Users\nicks\STM32CubeIDE\workspace_1.19.0\AFR\WAYPOINTIFICATION\CM7\MXTmpFiles\cortex.tmp_save
2025-07-22 04:42:01,310 [INFO] CodeEngine:289 - Generated code: C:\Users\nicks\STM32CubeIDE\workspace_1.19.0\AFR\WAYPOINTIFICATION\CM7\MXTmpFiles\cortex.tmp
2025-07-22 04:42:01,341 [INFO] CodeEngine:265 - oldGeneratedFile, C:\Users\nicks\STM32CubeIDE\workspace_1.19.0\AFR\WAYPOINTIFICATION\CM7\MXTmpFiles\dma.tmp_save
2025-07-22 04:42:01,394 [INFO] CodeEngine:289 - Generated code: C:\Users\nicks\STM32CubeIDE\workspace_1.19.0\AFR\WAYPOINTIFICATION\CM7\MXTmpFiles\dma.tmp
2025-07-22 04:42:01,399 [INFO] CodeEngine:265 - oldGeneratedFile, C:\Users\nicks\STM32CubeIDE\workspace_1.19.0\AFR\WAYPOINTIFICATION\CM7\MXTmpFiles\dma_GV.tmp_save
2025-07-22 04:42:01,443 [INFO] CodeEngine:289 - Generated code: C:\Users\nicks\STM32CubeIDE\workspace_1.19.0\AFR\WAYPOINTIFICATION\CM7\MXTmpFiles\dma_GV.tmp
2025-07-22 04:42:01,461 [INFO] Middleware:1452 - No code input for Bsp Dependency
2025-07-22 04:42:01,469 [INFO] CodeEngine:265 - oldGeneratedFile, C:\Users\nicks\STM32CubeIDE\workspace_1.19.0\AFR\WAYPOINTIFICATION\CM7\MXTmpFiles\rtos_inc.tmp_save
2025-07-22 04:42:01,516 [INFO] CodeEngine:289 - Generated code: C:\Users\nicks\STM32CubeIDE\workspace_1.19.0\AFR\WAYPOINTIFICATION\CM7\MXTmpFiles\rtos_inc.tmp
2025-07-22 04:42:01,520 [INFO] CodeEngine:265 - oldGeneratedFile, C:\Users\nicks\STM32CubeIDE\workspace_1.19.0\AFR\WAYPOINTIFICATION\CM7\MXTmpFiles\rtos_kernelInit.tmp_save
2025-07-22 04:42:01,575 [INFO] CodeEngine:289 - Generated code: C:\Users\nicks\STM32CubeIDE\workspace_1.19.0\AFR\WAYPOINTIFICATION\CM7\MXTmpFiles\rtos_kernelInit.tmp
2025-07-22 04:42:01,580 [INFO] CodeEngine:265 - oldGeneratedFile, C:\Users\nicks\STM32CubeIDE\workspace_1.19.0\AFR\WAYPOINTIFICATION\CM7\MXTmpFiles\rtos_kernelStart.tmp_save
2025-07-22 04:42:01,622 [INFO] CodeEngine:289 - Generated code: C:\Users\nicks\STM32CubeIDE\workspace_1.19.0\AFR\WAYPOINTIFICATION\CM7\MXTmpFiles\rtos_kernelStart.tmp
2025-07-22 04:42:01,629 [INFO] CodeEngine:265 - oldGeneratedFile, C:\Users\nicks\STM32CubeIDE\workspace_1.19.0\AFR\WAYPOINTIFICATION\CM7\MXTmpFiles\rtos_typedefs.tmp_save
2025-07-22 04:42:01,672 [INFO] CodeEngine:289 - Generated code: C:\Users\nicks\STM32CubeIDE\workspace_1.19.0\AFR\WAYPOINTIFICATION\CM7\MXTmpFiles\rtos_typedefs.tmp
2025-07-22 04:42:01,676 [INFO] CodeEngine:265 - oldGeneratedFile, C:\Users\nicks\STM32CubeIDE\workspace_1.19.0\AFR\WAYPOINTIFICATION\CM7\MXTmpFiles\rtos_vars.tmp_save
2025-07-22 04:42:01,719 [INFO] CodeEngine:289 - Generated code: C:\Users\nicks\STM32CubeIDE\workspace_1.19.0\AFR\WAYPOINTIFICATION\CM7\MXTmpFiles\rtos_vars.tmp
2025-07-22 04:42:01,726 [INFO] CodeEngine:265 - oldGeneratedFile, C:\Users\nicks\STM32CubeIDE\workspace_1.19.0\AFR\WAYPOINTIFICATION\CM7\MXTmpFiles\rtos_pfp.tmp_save
2025-07-22 04:42:01,768 [INFO] CodeEngine:289 - Generated code: C:\Users\nicks\STM32CubeIDE\workspace_1.19.0\AFR\WAYPOINTIFICATION\CM7\MXTmpFiles\rtos_pfp.tmp
2025-07-22 04:42:01,772 [INFO] CodeEngine:265 - oldGeneratedFile, C:\Users\nicks\STM32CubeIDE\workspace_1.19.0\AFR\WAYPOINTIFICATION\CM7\MXTmpFiles\rtos_obj_creat.tmp_save
2025-07-22 04:42:01,819 [INFO] CodeEngine:289 - Generated code: C:\Users\nicks\STM32CubeIDE\workspace_1.19.0\AFR\WAYPOINTIFICATION\CM7\MXTmpFiles\rtos_obj_creat.tmp
2025-07-22 04:42:01,823 [INFO] CodeEngine:265 - oldGeneratedFile, C:\Users\nicks\STM32CubeIDE\workspace_1.19.0\AFR\WAYPOINTIFICATION\CM7\MXTmpFiles\rtos_default_thread.tmp_save
2025-07-22 04:42:01,873 [INFO] CodeEngine:289 - Generated code: C:\Users\nicks\STM32CubeIDE\workspace_1.19.0\AFR\WAYPOINTIFICATION\CM7\MXTmpFiles\rtos_default_thread.tmp
2025-07-22 04:42:01,878 [INFO] CodeEngine:265 - oldGeneratedFile, C:\Users\nicks\STM32CubeIDE\workspace_1.19.0\AFR\WAYPOINTIFICATION\CM7\MXTmpFiles\rtos_threads.tmp_save
2025-07-22 04:42:01,921 [INFO] CodeEngine:289 - Generated code: C:\Users\nicks\STM32CubeIDE\workspace_1.19.0\AFR\WAYPOINTIFICATION\CM7\MXTmpFiles\rtos_threads.tmp
2025-07-22 04:42:01,927 [INFO] CodeEngine:265 - oldGeneratedFile, C:\Users\nicks\STM32CubeIDE\workspace_1.19.0\AFR\WAYPOINTIFICATION\CM7\Core\Inc\FreeRTOSConfig.h_save
2025-07-22 04:42:02,001 [INFO] CodeEngine:289 - Generated code: C:\Users\nicks\STM32CubeIDE\workspace_1.19.0\AFR\WAYPOINTIFICATION\CM7\Core\Inc\FreeRTOSConfig.h
2025-07-22 04:42:02,008 [INFO] CodeEngine:265 - oldGeneratedFile, C:\Users\nicks\STM32CubeIDE\workspace_1.19.0\AFR\WAYPOINTIFICATION\CM7\Core\Src\freertos.c_save
2025-07-22 04:42:02,059 [INFO] CodeEngine:289 - Generated code: C:\Users\nicks\STM32CubeIDE\workspace_1.19.0\AFR\WAYPOINTIFICATION\CM7\Core\Src\freertos.c
2025-07-22 04:42:02,085 [INFO] CodeEngine:265 - oldGeneratedFile, C:\Users\nicks\STM32CubeIDE\workspace_1.19.0\AFR\WAYPOINTIFICATION\CM7\Core\Inc\stm32h7xx_nucleo_conf.h_save
2025-07-22 04:42:02,142 [INFO] CodeEngine:289 - Generated code: C:\Users\nicks\STM32CubeIDE\workspace_1.19.0\AFR\WAYPOINTIFICATION\CM7\Core\Inc\stm32h7xx_nucleo_conf.h
2025-07-22 04:42:02,148 [INFO] CodeEngine:265 - oldGeneratedFile, C:\Users\nicks\STM32CubeIDE\workspace_1.19.0\AFR\WAYPOINTIFICATION\CM7\MXTmpFiles\bsp_inc.tmp_save
2025-07-22 04:42:02,192 [INFO] CodeEngine:289 - Generated code: C:\Users\nicks\STM32CubeIDE\workspace_1.19.0\AFR\WAYPOINTIFICATION\CM7\MXTmpFiles\bsp_inc.tmp
2025-07-22 04:42:02,198 [INFO] CodeEngine:265 - oldGeneratedFile, C:\Users\nicks\STM32CubeIDE\workspace_1.19.0\AFR\WAYPOINTIFICATION\CM7\MXTmpFiles\bsp_common_vars.tmp_save
2025-07-22 04:42:02,251 [INFO] CodeEngine:289 - Generated code: C:\Users\nicks\STM32CubeIDE\workspace_1.19.0\AFR\WAYPOINTIFICATION\CM7\MXTmpFiles\bsp_common_vars.tmp
2025-07-22 04:42:02,256 [INFO] CodeEngine:265 - oldGeneratedFile, C:\Users\nicks\STM32CubeIDE\workspace_1.19.0\AFR\WAYPOINTIFICATION\CM7\MXTmpFiles\bsp_common_init.tmp_save
2025-07-22 04:42:02,299 [INFO] CodeEngine:289 - Generated code: C:\Users\nicks\STM32CubeIDE\workspace_1.19.0\AFR\WAYPOINTIFICATION\CM7\MXTmpFiles\bsp_common_init.tmp
2025-07-22 04:42:02,304 [INFO] CodeEngine:265 - oldGeneratedFile, C:\Users\nicks\STM32CubeIDE\workspace_1.19.0\AFR\WAYPOINTIFICATION\CM7\MXTmpFiles\bsp_common_demo_before_while.tmp_save
2025-07-22 04:42:02,343 [INFO] CodeEngine:289 - Generated code: C:\Users\nicks\STM32CubeIDE\workspace_1.19.0\AFR\WAYPOINTIFICATION\CM7\MXTmpFiles\bsp_common_demo_before_while.tmp
2025-07-22 04:42:02,347 [INFO] CodeEngine:265 - oldGeneratedFile, C:\Users\nicks\STM32CubeIDE\workspace_1.19.0\AFR\WAYPOINTIFICATION\CM7\MXTmpFiles\bsp_common_demo_inside_while.tmp_save
2025-07-22 04:42:02,393 [INFO] CodeEngine:289 - Generated code: C:\Users\nicks\STM32CubeIDE\workspace_1.19.0\AFR\WAYPOINTIFICATION\CM7\MXTmpFiles\bsp_common_demo_inside_while.tmp
2025-07-22 04:42:02,398 [INFO] CodeEngine:265 - oldGeneratedFile, C:\Users\nicks\STM32CubeIDE\workspace_1.19.0\AFR\WAYPOINTIFICATION\CM7\MXTmpFiles\bsp_common_demo_fct.tmp_save
2025-07-22 04:42:02,440 [INFO] CodeEngine:289 - Generated code: C:\Users\nicks\STM32CubeIDE\workspace_1.19.0\AFR\WAYPOINTIFICATION\CM7\MXTmpFiles\bsp_common_demo_fct.tmp
2025-07-22 04:42:02,463 [INFO] CodeEngine:265 - oldGeneratedFile, C:\Users\nicks\STM32CubeIDE\workspace_1.19.0\AFR\WAYPOINTIFICATION\CM7\Core\Src\stm32h7xx_it.c_save
2025-07-22 04:42:02,546 [INFO] CodeEngine:289 - Generated code: C:\Users\nicks\STM32CubeIDE\workspace_1.19.0\AFR\WAYPOINTIFICATION\CM7\Core\Src\stm32h7xx_it.c
2025-07-22 04:42:02,553 [INFO] CodeEngine:265 - oldGeneratedFile, C:\Users\nicks\STM32CubeIDE\workspace_1.19.0\AFR\WAYPOINTIFICATION\CM7\Core\Inc\stm32h7xx_it.h_save
2025-07-22 04:42:02,601 [INFO] CodeEngine:289 - Generated code: C:\Users\nicks\STM32CubeIDE\workspace_1.19.0\AFR\WAYPOINTIFICATION\CM7\Core\Inc\stm32h7xx_it.h
2025-07-22 04:42:02,691 [INFO] CodeEngine:265 - oldGeneratedFile, C:\Users\nicks\STM32CubeIDE\workspace_1.19.0\AFR\WAYPOINTIFICATION\CM7\Core\Src\stm32h7xx_hal_msp.c_save
2025-07-22 04:42:02,770 [INFO] CodeEngine:289 - Generated code: C:\Users\nicks\STM32CubeIDE\workspace_1.19.0\AFR\WAYPOINTIFICATION\CM7\Core\Src\stm32h7xx_hal_msp.c
2025-07-22 04:42:02,775 [INFO] CodeEngine:265 - oldGeneratedFile, C:\Users\nicks\STM32CubeIDE\workspace_1.19.0\AFR\WAYPOINTIFICATION\CM7\MXTmpFiles\system.tmp_save
2025-07-22 04:42:02,815 [INFO] CodeEngine:289 - Generated code: C:\Users\nicks\STM32CubeIDE\workspace_1.19.0\AFR\WAYPOINTIFICATION\CM7\MXTmpFiles\system.tmp
2025-07-22 04:42:02,828 [INFO] CodeEngine:321 - oldGeneratedFile, C:\Users\nicks\STM32CubeIDE\workspace_1.19.0\AFR\WAYPOINTIFICATION\CM7\Core\Inc\stm32h7xx_hal_conf.h_save
2025-07-22 04:42:02,880 [INFO] CodeEngine:345 - Generated code: C:\Users\nicks\STM32CubeIDE\workspace_1.19.0\AFR\WAYPOINTIFICATION\CM7\Core\Inc\stm32h7xx_hal_conf.h
2025-07-22 04:42:02,921 [INFO] ApiDbMcu:532 - Load IP Config File for USART2
2025-07-22 04:42:02,924 [INFO] ApiDbMcu:532 - Load IP Config File for RCC
2025-07-22 04:42:02,926 [WARN] IPConfigManager:3811 - IP not found : NVIC
2025-07-22 04:42:02,927 [WARN] CodeGenerator:4259 - IP not found : null
2025-07-22 04:42:02,935 [INFO] CodeEngine:265 - oldGeneratedFile, C:\Users\nicks\STM32CubeIDE\workspace_1.19.0\AFR\WAYPOINTIFICATION\CM7\Core\Inc\main.h_save
2025-07-22 04:42:02,999 [INFO] CodeEngine:289 - Generated code: C:\Users\nicks\STM32CubeIDE\workspace_1.19.0\AFR\WAYPOINTIFICATION\CM7\Core\Inc\main.h
2025-07-22 04:42:03,005 [INFO] CodeEngine:265 - oldGeneratedFile, C:\Users\nicks\STM32CubeIDE\workspace_1.19.0\AFR\WAYPOINTIFICATION\CM7\Core\Src\main.c_save
2025-07-22 04:42:03,114 [INFO] CodeEngine:289 - Generated code: C:\Users\nicks\STM32CubeIDE\workspace_1.19.0\AFR\WAYPOINTIFICATION\CM7\Core\Src\main.c
2025-07-22 04:42:03,155 [INFO] CodeGenerator:1619 - *******************Project context M4 selected
2025-07-22 04:42:03,200 [INFO] CodeEngine:265 - oldGeneratedFile, C:\Users\nicks\STM32CubeIDE\workspace_1.19.0\AFR\WAYPOINTIFICATION\MXTmpFiles\license.tmp_save
2025-07-22 04:42:03,249 [INFO] CodeEngine:289 - Generated code: C:\Users\nicks\STM32CubeIDE\workspace_1.19.0\AFR\WAYPOINTIFICATION\MXTmpFiles\license.tmp
2025-07-22 04:42:03,274 [WARN] IPConfigManager:103 - WARNING: Missing Config File for NVIC2 ip!!
2025-07-22 04:42:03,279 [ERROR] CodeGenerator:10662 - The current RTOS owner has not been found in the list of IPs
2025-07-22 04:42:03,286 [INFO] CodeEngine:265 - oldGeneratedFile, C:\Users\nicks\STM32CubeIDE\workspace_1.19.0\AFR\WAYPOINTIFICATION\CM4\MXTmpFiles\cortex.tmp_save
2025-07-22 04:42:03,326 [INFO] CodeEngine:289 - Generated code: C:\Users\nicks\STM32CubeIDE\workspace_1.19.0\AFR\WAYPOINTIFICATION\CM4\MXTmpFiles\cortex.tmp
2025-07-22 04:42:03,336 [INFO] CodeEngine:265 - oldGeneratedFile, C:\Users\nicks\STM32CubeIDE\workspace_1.19.0\AFR\WAYPOINTIFICATION\CM4\MXTmpFiles\dma.tmp_save
2025-07-22 04:42:03,382 [INFO] CodeEngine:289 - Generated code: C:\Users\nicks\STM32CubeIDE\workspace_1.19.0\AFR\WAYPOINTIFICATION\CM4\MXTmpFiles\dma.tmp
2025-07-22 04:42:03,387 [INFO] CodeEngine:265 - oldGeneratedFile, C:\Users\nicks\STM32CubeIDE\workspace_1.19.0\AFR\WAYPOINTIFICATION\CM4\MXTmpFiles\dma_GV.tmp_save
2025-07-22 04:42:03,427 [INFO] CodeEngine:289 - Generated code: C:\Users\nicks\STM32CubeIDE\workspace_1.19.0\AFR\WAYPOINTIFICATION\CM4\MXTmpFiles\dma_GV.tmp
2025-07-22 04:42:03,444 [INFO] Middleware:1452 - No code input for Bsp Dependency
2025-07-22 04:42:03,450 [INFO] CodeEngine:265 - oldGeneratedFile, C:\Users\nicks\STM32CubeIDE\workspace_1.19.0\AFR\WAYPOINTIFICATION\CM4\MXTmpFiles\rtos_inc.tmp_save
2025-07-22 04:42:03,490 [INFO] CodeEngine:289 - Generated code: C:\Users\nicks\STM32CubeIDE\workspace_1.19.0\AFR\WAYPOINTIFICATION\CM4\MXTmpFiles\rtos_inc.tmp
2025-07-22 04:42:03,495 [INFO] CodeEngine:265 - oldGeneratedFile, C:\Users\nicks\STM32CubeIDE\workspace_1.19.0\AFR\WAYPOINTIFICATION\CM4\MXTmpFiles\rtos_kernelInit.tmp_save
2025-07-22 04:42:03,539 [INFO] CodeEngine:289 - Generated code: C:\Users\nicks\STM32CubeIDE\workspace_1.19.0\AFR\WAYPOINTIFICATION\CM4\MXTmpFiles\rtos_kernelInit.tmp
2025-07-22 04:42:03,544 [INFO] CodeEngine:265 - oldGeneratedFile, C:\Users\nicks\STM32CubeIDE\workspace_1.19.0\AFR\WAYPOINTIFICATION\CM4\MXTmpFiles\rtos_kernelStart.tmp_save
2025-07-22 04:42:03,591 [INFO] CodeEngine:289 - Generated code: C:\Users\nicks\STM32CubeIDE\workspace_1.19.0\AFR\WAYPOINTIFICATION\CM4\MXTmpFiles\rtos_kernelStart.tmp
2025-07-22 04:42:03,595 [INFO] CodeEngine:265 - oldGeneratedFile, C:\Users\nicks\STM32CubeIDE\workspace_1.19.0\AFR\WAYPOINTIFICATION\CM4\MXTmpFiles\rtos_typedefs.tmp_save
2025-07-22 04:42:03,637 [INFO] CodeEngine:289 - Generated code: C:\Users\nicks\STM32CubeIDE\workspace_1.19.0\AFR\WAYPOINTIFICATION\CM4\MXTmpFiles\rtos_typedefs.tmp
2025-07-22 04:42:03,641 [INFO] CodeEngine:265 - oldGeneratedFile, C:\Users\nicks\STM32CubeIDE\workspace_1.19.0\AFR\WAYPOINTIFICATION\CM4\MXTmpFiles\rtos_vars.tmp_save
2025-07-22 04:42:03,682 [INFO] CodeEngine:289 - Generated code: C:\Users\nicks\STM32CubeIDE\workspace_1.19.0\AFR\WAYPOINTIFICATION\CM4\MXTmpFiles\rtos_vars.tmp
2025-07-22 04:42:03,687 [INFO] CodeEngine:265 - oldGeneratedFile, C:\Users\nicks\STM32CubeIDE\workspace_1.19.0\AFR\WAYPOINTIFICATION\CM4\MXTmpFiles\rtos_pfp.tmp_save
2025-07-22 04:42:03,728 [INFO] CodeEngine:289 - Generated code: C:\Users\nicks\STM32CubeIDE\workspace_1.19.0\AFR\WAYPOINTIFICATION\CM4\MXTmpFiles\rtos_pfp.tmp
2025-07-22 04:42:03,734 [INFO] CodeEngine:265 - oldGeneratedFile, C:\Users\nicks\STM32CubeIDE\workspace_1.19.0\AFR\WAYPOINTIFICATION\CM4\MXTmpFiles\rtos_obj_creat.tmp_save
2025-07-22 04:42:03,776 [INFO] CodeEngine:289 - Generated code: C:\Users\nicks\STM32CubeIDE\workspace_1.19.0\AFR\WAYPOINTIFICATION\CM4\MXTmpFiles\rtos_obj_creat.tmp
2025-07-22 04:42:03,780 [INFO] CodeEngine:265 - oldGeneratedFile, C:\Users\nicks\STM32CubeIDE\workspace_1.19.0\AFR\WAYPOINTIFICATION\CM4\MXTmpFiles\rtos_default_thread.tmp_save
2025-07-22 04:42:03,820 [INFO] CodeEngine:289 - Generated code: C:\Users\nicks\STM32CubeIDE\workspace_1.19.0\AFR\WAYPOINTIFICATION\CM4\MXTmpFiles\rtos_default_thread.tmp
2025-07-22 04:42:03,825 [INFO] CodeEngine:265 - oldGeneratedFile, C:\Users\nicks\STM32CubeIDE\workspace_1.19.0\AFR\WAYPOINTIFICATION\CM4\MXTmpFiles\rtos_threads.tmp_save
2025-07-22 04:42:03,868 [INFO] CodeEngine:289 - Generated code: C:\Users\nicks\STM32CubeIDE\workspace_1.19.0\AFR\WAYPOINTIFICATION\CM4\MXTmpFiles\rtos_threads.tmp
2025-07-22 04:42:03,874 [INFO] CodeEngine:265 - oldGeneratedFile, C:\Users\nicks\STM32CubeIDE\workspace_1.19.0\AFR\WAYPOINTIFICATION\CM4\Core\Inc\FreeRTOSConfig.h_save
2025-07-22 04:42:03,927 [INFO] CodeEngine:289 - Generated code: C:\Users\nicks\STM32CubeIDE\workspace_1.19.0\AFR\WAYPOINTIFICATION\CM4\Core\Inc\FreeRTOSConfig.h
2025-07-22 04:42:03,935 [INFO] CodeEngine:265 - oldGeneratedFile, C:\Users\nicks\STM32CubeIDE\workspace_1.19.0\AFR\WAYPOINTIFICATION\CM4\Core\Src\freertos.c_save
2025-07-22 04:42:03,978 [INFO] CodeEngine:289 - Generated code: C:\Users\nicks\STM32CubeIDE\workspace_1.19.0\AFR\WAYPOINTIFICATION\CM4\Core\Src\freertos.c
2025-07-22 04:42:03,999 [INFO] CodeEngine:265 - oldGeneratedFile, C:\Users\nicks\STM32CubeIDE\workspace_1.19.0\AFR\WAYPOINTIFICATION\CM4\Core\Inc\stm32h7xx_nucleo_conf.h_save
2025-07-22 04:42:04,040 [INFO] CodeEngine:289 - Generated code: C:\Users\nicks\STM32CubeIDE\workspace_1.19.0\AFR\WAYPOINTIFICATION\CM4\Core\Inc\stm32h7xx_nucleo_conf.h
2025-07-22 04:42:04,045 [INFO] CodeEngine:265 - oldGeneratedFile, C:\Users\nicks\STM32CubeIDE\workspace_1.19.0\AFR\WAYPOINTIFICATION\CM4\MXTmpFiles\bsp_inc.tmp_save
2025-07-22 04:42:04,083 [INFO] CodeEngine:289 - Generated code: C:\Users\nicks\STM32CubeIDE\workspace_1.19.0\AFR\WAYPOINTIFICATION\CM4\MXTmpFiles\bsp_inc.tmp
2025-07-22 04:42:04,101 [INFO] CodeEngine:265 - oldGeneratedFile, C:\Users\nicks\STM32CubeIDE\workspace_1.19.0\AFR\WAYPOINTIFICATION\CM4\Core\Src\stm32h7xx_it.c_save
2025-07-22 04:42:04,147 [INFO] CodeEngine:289 - Generated code: C:\Users\nicks\STM32CubeIDE\workspace_1.19.0\AFR\WAYPOINTIFICATION\CM4\Core\Src\stm32h7xx_it.c
2025-07-22 04:42:04,152 [INFO] CodeEngine:265 - oldGeneratedFile, C:\Users\nicks\STM32CubeIDE\workspace_1.19.0\AFR\WAYPOINTIFICATION\CM4\Core\Inc\stm32h7xx_it.h_save
2025-07-22 04:42:04,199 [INFO] CodeEngine:289 - Generated code: C:\Users\nicks\STM32CubeIDE\workspace_1.19.0\AFR\WAYPOINTIFICATION\CM4\Core\Inc\stm32h7xx_it.h
2025-07-22 04:42:04,225 [INFO] CodeEngine:265 - oldGeneratedFile, C:\Users\nicks\STM32CubeIDE\workspace_1.19.0\AFR\WAYPOINTIFICATION\CM4\Core\Src\stm32h7xx_hal_msp.c_save
2025-07-22 04:42:04,284 [INFO] CodeEngine:289 - Generated code: C:\Users\nicks\STM32CubeIDE\workspace_1.19.0\AFR\WAYPOINTIFICATION\CM4\Core\Src\stm32h7xx_hal_msp.c
2025-07-22 04:42:04,288 [INFO] CodeEngine:265 - oldGeneratedFile, C:\Users\nicks\STM32CubeIDE\workspace_1.19.0\AFR\WAYPOINTIFICATION\CM4\MXTmpFiles\system.tmp_save
2025-07-22 04:42:04,326 [INFO] CodeEngine:289 - Generated code: C:\Users\nicks\STM32CubeIDE\workspace_1.19.0\AFR\WAYPOINTIFICATION\CM4\MXTmpFiles\system.tmp
2025-07-22 04:42:04,337 [INFO] CodeEngine:321 - oldGeneratedFile, C:\Users\nicks\STM32CubeIDE\workspace_1.19.0\AFR\WAYPOINTIFICATION\CM4\Core\Inc\stm32h7xx_hal_conf.h_save
2025-07-22 04:42:04,388 [INFO] CodeEngine:345 - Generated code: C:\Users\nicks\STM32CubeIDE\workspace_1.19.0\AFR\WAYPOINTIFICATION\CM4\Core\Inc\stm32h7xx_hal_conf.h
2025-07-22 04:42:04,400 [WARN] IPConfigManager:3811 - IP not found : NVIC
2025-07-22 04:42:04,401 [WARN] CodeGenerator:4259 - IP not found : null
2025-07-22 04:42:04,407 [INFO] CodeEngine:265 - oldGeneratedFile, C:\Users\nicks\STM32CubeIDE\workspace_1.19.0\AFR\WAYPOINTIFICATION\CM4\Core\Inc\main.h_save
2025-07-22 04:42:04,454 [INFO] CodeEngine:289 - Generated code: C:\Users\nicks\STM32CubeIDE\workspace_1.19.0\AFR\WAYPOINTIFICATION\CM4\Core\Inc\main.h
2025-07-22 04:42:04,460 [INFO] CodeEngine:265 - oldGeneratedFile, C:\Users\nicks\STM32CubeIDE\workspace_1.19.0\AFR\WAYPOINTIFICATION\CM4\Core\Src\main.c_save
2025-07-22 04:42:04,530 [INFO] CodeEngine:289 - Generated code: C:\Users\nicks\STM32CubeIDE\workspace_1.19.0\AFR\WAYPOINTIFICATION\CM4\Core\Src\main.c
2025-07-22 04:42:04,980 [INFO] ProjectBuilder:3606 - Time for Copy HAL[1] : 266mS.
2025-07-22 04:42:05,002 [INFO] ProjectBuilder:5216 - Project Generator version: 4.7.0-B52
2025-07-22 04:42:05,061 [INFO] ConfigFileManager:1595 - The Die is : DIE450
2025-07-22 04:42:05,773 [INFO] LogOutputStream:77 - [STDOUT_REDIRECT] 
2025-07-22 04:42:11,892 [INFO] ProjectBuilder:5496 - Time for Generating toolchain IDE Files: 6890mS.
2025-07-22 04:42:11,893 [INFO] ProjectBuilder:3463 - Time for Copy CMSIS : 1mS.
2025-07-22 04:42:11,899 [INFO] ProjectBuilder:3463 - Time for Copy CMSIS : 1mS.
2025-07-22 04:42:55,628 [INFO] NvicIntPanel:101 - NVIC parent = com.st.microxplorer.plugins.ip.nvic.MultiNvicIntPanel[,0,0,0x0,invalid,layout=javax.swing.BoxLayout,alignmentX=0.0,alignmentY=0.0,border=,flags=9,maximumSize=,minimumSize=,preferredSize=]
2025-07-22 04:42:59,818 [INFO] UtilMem:75 - End SaveConfig() Used Memory: 817836032 Bytes (1073741824)
2025-07-22 04:42:59,934 [INFO] UtilMem:75 - End SaveConfig() Used Memory: 837605200 Bytes (1073741824)
2025-07-22 04:43:00,541 [INFO] UtilMem:75 - End SaveConfig() Used Memory: 874827600 Bytes (1073741824)
2025-07-22 04:43:01,092 [ERROR] IocParser:95 - Exception caught: Cannot invoke "java.lang.CharSequence.length()" because "this.text" is null
2025-07-22 04:43:01,778 [INFO] BlockDiagram:2775 - set Specific Code input for plugin: FREERTOS
2025-07-22 04:43:01,778 [INFO] BlockDiagram:2775 - set Specific Code input for plugin: FREERTOS
2025-07-22 04:43:01,778 [INFO] BlockDiagram:2775 - set Specific Code input for plugin: RCC
2025-07-22 04:43:01,778 [INFO] BlockDiagram:2775 - set Specific Code input for plugin: USART
2025-07-22 04:43:01,778 [INFO] BlockDiagram:2775 - set Specific Code input for plugin: MEMORYMAP
2025-07-22 04:43:01,778 [INFO] BlockDiagram:2775 - set Specific Code input for plugin: SYS
2025-07-22 04:43:01,779 [INFO] BlockDiagram:2775 - set Specific Code input for plugin: DMA
2025-07-22 04:43:01,779 [INFO] BlockDiagram:2775 - set Specific Code input for plugin: NVIC2
2025-07-22 04:43:01,779 [INFO] BlockDiagram:2775 - set Specific Code input for plugin: GPIO
2025-07-22 04:43:01,779 [INFO] BlockDiagram:2775 - set Specific Code input for plugin: SYS_M4
2025-07-22 04:43:01,779 [INFO] BlockDiagram:2775 - set Specific Code input for plugin: NUCLEO-H755ZI-Q
2025-07-22 04:43:01,779 [INFO] BlockDiagram:2775 - set Specific Code input for plugin: NVIC1
2025-07-22 04:43:01,781 [INFO] CodeGenerator:892 - code generatio: config db path: C:\ST\STM32CubeIDE_1.19.0\STM32CubeIDE\plugins\com.st.stm32cube.common.mx_6.15.0.202507011659\\db\
2025-07-22 04:43:01,822 [ERROR] CodeGenerator:10662 - The current RTOS owner has not been found in the list of IPs
2025-07-22 04:43:01,823 [ERROR] CodeGenerator:10662 - The current RTOS owner has not been found in the list of IPs
2025-07-22 04:43:01,823 [INFO] CodeGenerator:1619 - *******************Project context M7 selected
2025-07-22 04:43:01,876 [INFO] CodeEngine:265 - oldGeneratedFile, C:\Users\nicks\STM32CubeIDE\workspace_1.19.0\AFR\WAYPOINTIFICATION\MXTmpFiles\license.tmp_save
2025-07-22 04:43:02,004 [INFO] CodeEngine:289 - Generated code: C:\Users\nicks\STM32CubeIDE\workspace_1.19.0\AFR\WAYPOINTIFICATION\MXTmpFiles\license.tmp
2025-07-22 04:43:02,068 [INFO] CodeEngine:265 - oldGeneratedFile, C:\Users\nicks\STM32CubeIDE\workspace_1.19.0\AFR\WAYPOINTIFICATION\CM7\MXTmpFiles\gpio.tmp_save
2025-07-22 04:43:02,143 [INFO] CodeEngine:289 - Generated code: C:\Users\nicks\STM32CubeIDE\workspace_1.19.0\AFR\WAYPOINTIFICATION\CM7\MXTmpFiles\gpio.tmp
2025-07-22 04:43:02,264 [WARN] IPConfigManager:103 - WARNING: Missing Config File for MEMORYMAP ip!!
2025-07-22 04:43:02,336 [WARN] IPConfigManager:103 - WARNING: Missing Config File for NVIC1 ip!!
2025-07-22 04:43:02,418 [ERROR] CodeGenerator:10662 - The current RTOS owner has not been found in the list of IPs
2025-07-22 04:43:02,424 [INFO] CodeEngine:265 - oldGeneratedFile, C:\Users\nicks\STM32CubeIDE\workspace_1.19.0\AFR\WAYPOINTIFICATION\CM7\MXTmpFiles\cortex.tmp_save
2025-07-22 04:43:02,472 [INFO] CodeEngine:289 - Generated code: C:\Users\nicks\STM32CubeIDE\workspace_1.19.0\AFR\WAYPOINTIFICATION\CM7\MXTmpFiles\cortex.tmp
2025-07-22 04:43:02,492 [INFO] CodeEngine:265 - oldGeneratedFile, C:\Users\nicks\STM32CubeIDE\workspace_1.19.0\AFR\WAYPOINTIFICATION\CM7\MXTmpFiles\dma.tmp_save
2025-07-22 04:43:02,536 [INFO] CodeEngine:289 - Generated code: C:\Users\nicks\STM32CubeIDE\workspace_1.19.0\AFR\WAYPOINTIFICATION\CM7\MXTmpFiles\dma.tmp
2025-07-22 04:43:02,540 [INFO] CodeEngine:265 - oldGeneratedFile, C:\Users\nicks\STM32CubeIDE\workspace_1.19.0\AFR\WAYPOINTIFICATION\CM7\MXTmpFiles\dma_GV.tmp_save
2025-07-22 04:43:02,591 [INFO] CodeEngine:289 - Generated code: C:\Users\nicks\STM32CubeIDE\workspace_1.19.0\AFR\WAYPOINTIFICATION\CM7\MXTmpFiles\dma_GV.tmp
2025-07-22 04:43:02,606 [INFO] Middleware:1452 - No code input for Bsp Dependency
2025-07-22 04:43:02,613 [INFO] CodeEngine:265 - oldGeneratedFile, C:\Users\nicks\STM32CubeIDE\workspace_1.19.0\AFR\WAYPOINTIFICATION\CM7\MXTmpFiles\rtos_inc.tmp_save
2025-07-22 04:43:02,657 [INFO] CodeEngine:289 - Generated code: C:\Users\nicks\STM32CubeIDE\workspace_1.19.0\AFR\WAYPOINTIFICATION\CM7\MXTmpFiles\rtos_inc.tmp
2025-07-22 04:43:02,663 [INFO] CodeEngine:265 - oldGeneratedFile, C:\Users\nicks\STM32CubeIDE\workspace_1.19.0\AFR\WAYPOINTIFICATION\CM7\MXTmpFiles\rtos_kernelInit.tmp_save
2025-07-22 04:43:02,707 [INFO] CodeEngine:289 - Generated code: C:\Users\nicks\STM32CubeIDE\workspace_1.19.0\AFR\WAYPOINTIFICATION\CM7\MXTmpFiles\rtos_kernelInit.tmp
2025-07-22 04:43:02,713 [INFO] CodeEngine:265 - oldGeneratedFile, C:\Users\nicks\STM32CubeIDE\workspace_1.19.0\AFR\WAYPOINTIFICATION\CM7\MXTmpFiles\rtos_kernelStart.tmp_save
2025-07-22 04:43:02,762 [INFO] CodeEngine:289 - Generated code: C:\Users\nicks\STM32CubeIDE\workspace_1.19.0\AFR\WAYPOINTIFICATION\CM7\MXTmpFiles\rtos_kernelStart.tmp
2025-07-22 04:43:02,769 [INFO] CodeEngine:265 - oldGeneratedFile, C:\Users\nicks\STM32CubeIDE\workspace_1.19.0\AFR\WAYPOINTIFICATION\CM7\MXTmpFiles\rtos_typedefs.tmp_save
2025-07-22 04:43:02,816 [INFO] CodeEngine:289 - Generated code: C:\Users\nicks\STM32CubeIDE\workspace_1.19.0\AFR\WAYPOINTIFICATION\CM7\MXTmpFiles\rtos_typedefs.tmp
2025-07-22 04:43:02,821 [INFO] CodeEngine:265 - oldGeneratedFile, C:\Users\nicks\STM32CubeIDE\workspace_1.19.0\AFR\WAYPOINTIFICATION\CM7\MXTmpFiles\rtos_vars.tmp_save
2025-07-22 04:43:02,874 [INFO] CodeEngine:289 - Generated code: C:\Users\nicks\STM32CubeIDE\workspace_1.19.0\AFR\WAYPOINTIFICATION\CM7\MXTmpFiles\rtos_vars.tmp
2025-07-22 04:43:02,879 [INFO] CodeEngine:265 - oldGeneratedFile, C:\Users\nicks\STM32CubeIDE\workspace_1.19.0\AFR\WAYPOINTIFICATION\CM7\MXTmpFiles\rtos_pfp.tmp_save
2025-07-22 04:43:02,921 [INFO] CodeEngine:289 - Generated code: C:\Users\nicks\STM32CubeIDE\workspace_1.19.0\AFR\WAYPOINTIFICATION\CM7\MXTmpFiles\rtos_pfp.tmp
2025-07-22 04:43:02,927 [INFO] CodeEngine:265 - oldGeneratedFile, C:\Users\nicks\STM32CubeIDE\workspace_1.19.0\AFR\WAYPOINTIFICATION\CM7\MXTmpFiles\rtos_obj_creat.tmp_save
2025-07-22 04:43:02,971 [INFO] CodeEngine:289 - Generated code: C:\Users\nicks\STM32CubeIDE\workspace_1.19.0\AFR\WAYPOINTIFICATION\CM7\MXTmpFiles\rtos_obj_creat.tmp
2025-07-22 04:43:02,976 [INFO] CodeEngine:265 - oldGeneratedFile, C:\Users\nicks\STM32CubeIDE\workspace_1.19.0\AFR\WAYPOINTIFICATION\CM7\MXTmpFiles\rtos_default_thread.tmp_save
2025-07-22 04:43:03,017 [INFO] CodeEngine:289 - Generated code: C:\Users\nicks\STM32CubeIDE\workspace_1.19.0\AFR\WAYPOINTIFICATION\CM7\MXTmpFiles\rtos_default_thread.tmp
2025-07-22 04:43:03,024 [INFO] CodeEngine:265 - oldGeneratedFile, C:\Users\nicks\STM32CubeIDE\workspace_1.19.0\AFR\WAYPOINTIFICATION\CM7\MXTmpFiles\rtos_threads.tmp_save
2025-07-22 04:43:03,064 [INFO] CodeEngine:289 - Generated code: C:\Users\nicks\STM32CubeIDE\workspace_1.19.0\AFR\WAYPOINTIFICATION\CM7\MXTmpFiles\rtos_threads.tmp
2025-07-22 04:43:03,069 [INFO] CodeEngine:265 - oldGeneratedFile, C:\Users\nicks\STM32CubeIDE\workspace_1.19.0\AFR\WAYPOINTIFICATION\CM7\Core\Inc\FreeRTOSConfig.h_save
2025-07-22 04:43:03,122 [INFO] CodeEngine:289 - Generated code: C:\Users\nicks\STM32CubeIDE\workspace_1.19.0\AFR\WAYPOINTIFICATION\CM7\Core\Inc\FreeRTOSConfig.h
2025-07-22 04:43:03,129 [INFO] CodeEngine:265 - oldGeneratedFile, C:\Users\nicks\STM32CubeIDE\workspace_1.19.0\AFR\WAYPOINTIFICATION\CM7\Core\Src\freertos.c_save
2025-07-22 04:43:03,174 [INFO] CodeEngine:289 - Generated code: C:\Users\nicks\STM32CubeIDE\workspace_1.19.0\AFR\WAYPOINTIFICATION\CM7\Core\Src\freertos.c
2025-07-22 04:43:03,195 [INFO] CodeEngine:265 - oldGeneratedFile, C:\Users\nicks\STM32CubeIDE\workspace_1.19.0\AFR\WAYPOINTIFICATION\CM7\Core\Inc\stm32h7xx_nucleo_conf.h_save
2025-07-22 04:43:03,239 [INFO] CodeEngine:289 - Generated code: C:\Users\nicks\STM32CubeIDE\workspace_1.19.0\AFR\WAYPOINTIFICATION\CM7\Core\Inc\stm32h7xx_nucleo_conf.h
2025-07-22 04:43:03,244 [INFO] CodeEngine:265 - oldGeneratedFile, C:\Users\nicks\STM32CubeIDE\workspace_1.19.0\AFR\WAYPOINTIFICATION\CM7\MXTmpFiles\bsp_inc.tmp_save
2025-07-22 04:43:03,285 [INFO] CodeEngine:289 - Generated code: C:\Users\nicks\STM32CubeIDE\workspace_1.19.0\AFR\WAYPOINTIFICATION\CM7\MXTmpFiles\bsp_inc.tmp
2025-07-22 04:43:03,290 [INFO] CodeEngine:265 - oldGeneratedFile, C:\Users\nicks\STM32CubeIDE\workspace_1.19.0\AFR\WAYPOINTIFICATION\CM7\MXTmpFiles\bsp_common_vars.tmp_save
2025-07-22 04:43:03,330 [INFO] CodeEngine:289 - Generated code: C:\Users\nicks\STM32CubeIDE\workspace_1.19.0\AFR\WAYPOINTIFICATION\CM7\MXTmpFiles\bsp_common_vars.tmp
2025-07-22 04:43:03,334 [INFO] CodeEngine:265 - oldGeneratedFile, C:\Users\nicks\STM32CubeIDE\workspace_1.19.0\AFR\WAYPOINTIFICATION\CM7\MXTmpFiles\bsp_common_init.tmp_save
2025-07-22 04:43:03,375 [INFO] CodeEngine:289 - Generated code: C:\Users\nicks\STM32CubeIDE\workspace_1.19.0\AFR\WAYPOINTIFICATION\CM7\MXTmpFiles\bsp_common_init.tmp
2025-07-22 04:43:03,379 [INFO] CodeEngine:265 - oldGeneratedFile, C:\Users\nicks\STM32CubeIDE\workspace_1.19.0\AFR\WAYPOINTIFICATION\CM7\MXTmpFiles\bsp_common_demo_before_while.tmp_save
2025-07-22 04:43:03,421 [INFO] CodeEngine:289 - Generated code: C:\Users\nicks\STM32CubeIDE\workspace_1.19.0\AFR\WAYPOINTIFICATION\CM7\MXTmpFiles\bsp_common_demo_before_while.tmp
2025-07-22 04:43:03,425 [INFO] CodeEngine:265 - oldGeneratedFile, C:\Users\nicks\STM32CubeIDE\workspace_1.19.0\AFR\WAYPOINTIFICATION\CM7\MXTmpFiles\bsp_common_demo_inside_while.tmp_save
2025-07-22 04:43:03,464 [INFO] CodeEngine:289 - Generated code: C:\Users\nicks\STM32CubeIDE\workspace_1.19.0\AFR\WAYPOINTIFICATION\CM7\MXTmpFiles\bsp_common_demo_inside_while.tmp
2025-07-22 04:43:03,470 [INFO] CodeEngine:265 - oldGeneratedFile, C:\Users\nicks\STM32CubeIDE\workspace_1.19.0\AFR\WAYPOINTIFICATION\CM7\MXTmpFiles\bsp_common_demo_fct.tmp_save
2025-07-22 04:43:03,508 [INFO] CodeEngine:289 - Generated code: C:\Users\nicks\STM32CubeIDE\workspace_1.19.0\AFR\WAYPOINTIFICATION\CM7\MXTmpFiles\bsp_common_demo_fct.tmp
2025-07-22 04:43:03,529 [INFO] CodeEngine:265 - oldGeneratedFile, C:\Users\nicks\STM32CubeIDE\workspace_1.19.0\AFR\WAYPOINTIFICATION\CM7\Core\Src\stm32h7xx_it.c_save
2025-07-22 04:43:03,599 [INFO] CodeEngine:289 - Generated code: C:\Users\nicks\STM32CubeIDE\workspace_1.19.0\AFR\WAYPOINTIFICATION\CM7\Core\Src\stm32h7xx_it.c
2025-07-22 04:43:03,605 [INFO] CodeEngine:265 - oldGeneratedFile, C:\Users\nicks\STM32CubeIDE\workspace_1.19.0\AFR\WAYPOINTIFICATION\CM7\Core\Inc\stm32h7xx_it.h_save
2025-07-22 04:43:03,651 [INFO] CodeEngine:289 - Generated code: C:\Users\nicks\STM32CubeIDE\workspace_1.19.0\AFR\WAYPOINTIFICATION\CM7\Core\Inc\stm32h7xx_it.h
2025-07-22 04:43:03,720 [INFO] CodeEngine:265 - oldGeneratedFile, C:\Users\nicks\STM32CubeIDE\workspace_1.19.0\AFR\WAYPOINTIFICATION\CM7\Core\Src\stm32h7xx_hal_msp.c_save
2025-07-22 04:43:03,785 [INFO] CodeEngine:289 - Generated code: C:\Users\nicks\STM32CubeIDE\workspace_1.19.0\AFR\WAYPOINTIFICATION\CM7\Core\Src\stm32h7xx_hal_msp.c
2025-07-22 04:43:03,791 [INFO] CodeEngine:265 - oldGeneratedFile, C:\Users\nicks\STM32CubeIDE\workspace_1.19.0\AFR\WAYPOINTIFICATION\CM7\MXTmpFiles\system.tmp_save
2025-07-22 04:43:03,829 [INFO] CodeEngine:289 - Generated code: C:\Users\nicks\STM32CubeIDE\workspace_1.19.0\AFR\WAYPOINTIFICATION\CM7\MXTmpFiles\system.tmp
2025-07-22 04:43:03,841 [INFO] CodeEngine:321 - oldGeneratedFile, C:\Users\nicks\STM32CubeIDE\workspace_1.19.0\AFR\WAYPOINTIFICATION\CM7\Core\Inc\stm32h7xx_hal_conf.h_save
2025-07-22 04:43:03,887 [INFO] CodeEngine:345 - Generated code: C:\Users\nicks\STM32CubeIDE\workspace_1.19.0\AFR\WAYPOINTIFICATION\CM7\Core\Inc\stm32h7xx_hal_conf.h
2025-07-22 04:43:03,908 [WARN] IPConfigManager:3811 - IP not found : NVIC
2025-07-22 04:43:03,909 [WARN] CodeGenerator:4259 - IP not found : null
2025-07-22 04:43:03,918 [INFO] CodeEngine:265 - oldGeneratedFile, C:\Users\nicks\STM32CubeIDE\workspace_1.19.0\AFR\WAYPOINTIFICATION\CM7\Core\Inc\main.h_save
2025-07-22 04:43:03,966 [INFO] CodeEngine:289 - Generated code: C:\Users\nicks\STM32CubeIDE\workspace_1.19.0\AFR\WAYPOINTIFICATION\CM7\Core\Inc\main.h
2025-07-22 04:43:03,971 [INFO] CodeEngine:265 - oldGeneratedFile, C:\Users\nicks\STM32CubeIDE\workspace_1.19.0\AFR\WAYPOINTIFICATION\CM7\Core\Src\main.c_save
2025-07-22 04:43:04,058 [INFO] CodeEngine:289 - Generated code: C:\Users\nicks\STM32CubeIDE\workspace_1.19.0\AFR\WAYPOINTIFICATION\CM7\Core\Src\main.c
2025-07-22 04:43:04,096 [INFO] CodeGenerator:1619 - *******************Project context M4 selected
2025-07-22 04:43:04,142 [INFO] CodeEngine:265 - oldGeneratedFile, C:\Users\nicks\STM32CubeIDE\workspace_1.19.0\AFR\WAYPOINTIFICATION\MXTmpFiles\license.tmp_save
2025-07-22 04:43:04,183 [INFO] CodeEngine:289 - Generated code: C:\Users\nicks\STM32CubeIDE\workspace_1.19.0\AFR\WAYPOINTIFICATION\MXTmpFiles\license.tmp
2025-07-22 04:43:04,200 [WARN] IPConfigManager:103 - WARNING: Missing Config File for NVIC2 ip!!
2025-07-22 04:43:04,204 [ERROR] CodeGenerator:10662 - The current RTOS owner has not been found in the list of IPs
2025-07-22 04:43:04,209 [INFO] CodeEngine:265 - oldGeneratedFile, C:\Users\nicks\STM32CubeIDE\workspace_1.19.0\AFR\WAYPOINTIFICATION\CM4\MXTmpFiles\cortex.tmp_save
2025-07-22 04:43:04,250 [INFO] CodeEngine:289 - Generated code: C:\Users\nicks\STM32CubeIDE\workspace_1.19.0\AFR\WAYPOINTIFICATION\CM4\MXTmpFiles\cortex.tmp
2025-07-22 04:43:04,267 [INFO] CodeEngine:265 - oldGeneratedFile, C:\Users\nicks\STM32CubeIDE\workspace_1.19.0\AFR\WAYPOINTIFICATION\CM4\MXTmpFiles\dma.tmp_save
2025-07-22 04:43:04,308 [INFO] CodeEngine:289 - Generated code: C:\Users\nicks\STM32CubeIDE\workspace_1.19.0\AFR\WAYPOINTIFICATION\CM4\MXTmpFiles\dma.tmp
2025-07-22 04:43:04,312 [INFO] CodeEngine:265 - oldGeneratedFile, C:\Users\nicks\STM32CubeIDE\workspace_1.19.0\AFR\WAYPOINTIFICATION\CM4\MXTmpFiles\dma_GV.tmp_save
2025-07-22 04:43:04,351 [INFO] CodeEngine:289 - Generated code: C:\Users\nicks\STM32CubeIDE\workspace_1.19.0\AFR\WAYPOINTIFICATION\CM4\MXTmpFiles\dma_GV.tmp
2025-07-22 04:43:04,367 [INFO] Middleware:1452 - No code input for Bsp Dependency
2025-07-22 04:43:04,373 [INFO] CodeEngine:265 - oldGeneratedFile, C:\Users\nicks\STM32CubeIDE\workspace_1.19.0\AFR\WAYPOINTIFICATION\CM4\MXTmpFiles\rtos_inc.tmp_save
2025-07-22 04:43:04,411 [INFO] CodeEngine:289 - Generated code: C:\Users\nicks\STM32CubeIDE\workspace_1.19.0\AFR\WAYPOINTIFICATION\CM4\MXTmpFiles\rtos_inc.tmp
2025-07-22 04:43:04,415 [INFO] CodeEngine:265 - oldGeneratedFile, C:\Users\nicks\STM32CubeIDE\workspace_1.19.0\AFR\WAYPOINTIFICATION\CM4\MXTmpFiles\rtos_kernelInit.tmp_save
2025-07-22 04:43:04,456 [INFO] CodeEngine:289 - Generated code: C:\Users\nicks\STM32CubeIDE\workspace_1.19.0\AFR\WAYPOINTIFICATION\CM4\MXTmpFiles\rtos_kernelInit.tmp
2025-07-22 04:43:04,461 [INFO] CodeEngine:265 - oldGeneratedFile, C:\Users\nicks\STM32CubeIDE\workspace_1.19.0\AFR\WAYPOINTIFICATION\CM4\MXTmpFiles\rtos_kernelStart.tmp_save
2025-07-22 04:43:04,499 [INFO] CodeEngine:289 - Generated code: C:\Users\nicks\STM32CubeIDE\workspace_1.19.0\AFR\WAYPOINTIFICATION\CM4\MXTmpFiles\rtos_kernelStart.tmp
2025-07-22 04:43:04,503 [INFO] CodeEngine:265 - oldGeneratedFile, C:\Users\nicks\STM32CubeIDE\workspace_1.19.0\AFR\WAYPOINTIFICATION\CM4\MXTmpFiles\rtos_typedefs.tmp_save
2025-07-22 04:43:04,543 [INFO] CodeEngine:289 - Generated code: C:\Users\nicks\STM32CubeIDE\workspace_1.19.0\AFR\WAYPOINTIFICATION\CM4\MXTmpFiles\rtos_typedefs.tmp
2025-07-22 04:43:04,547 [INFO] CodeEngine:265 - oldGeneratedFile, C:\Users\nicks\STM32CubeIDE\workspace_1.19.0\AFR\WAYPOINTIFICATION\CM4\MXTmpFiles\rtos_vars.tmp_save
2025-07-22 04:43:04,586 [INFO] CodeEngine:289 - Generated code: C:\Users\nicks\STM32CubeIDE\workspace_1.19.0\AFR\WAYPOINTIFICATION\CM4\MXTmpFiles\rtos_vars.tmp
2025-07-22 04:43:04,590 [INFO] CodeEngine:265 - oldGeneratedFile, C:\Users\nicks\STM32CubeIDE\workspace_1.19.0\AFR\WAYPOINTIFICATION\CM4\MXTmpFiles\rtos_pfp.tmp_save
2025-07-22 04:43:04,629 [INFO] CodeEngine:289 - Generated code: C:\Users\nicks\STM32CubeIDE\workspace_1.19.0\AFR\WAYPOINTIFICATION\CM4\MXTmpFiles\rtos_pfp.tmp
2025-07-22 04:43:04,634 [INFO] CodeEngine:265 - oldGeneratedFile, C:\Users\nicks\STM32CubeIDE\workspace_1.19.0\AFR\WAYPOINTIFICATION\CM4\MXTmpFiles\rtos_obj_creat.tmp_save
2025-07-22 04:43:04,674 [INFO] CodeEngine:289 - Generated code: C:\Users\nicks\STM32CubeIDE\workspace_1.19.0\AFR\WAYPOINTIFICATION\CM4\MXTmpFiles\rtos_obj_creat.tmp
2025-07-22 04:43:04,678 [INFO] CodeEngine:265 - oldGeneratedFile, C:\Users\nicks\STM32CubeIDE\workspace_1.19.0\AFR\WAYPOINTIFICATION\CM4\MXTmpFiles\rtos_default_thread.tmp_save
2025-07-22 04:43:04,717 [INFO] CodeEngine:289 - Generated code: C:\Users\nicks\STM32CubeIDE\workspace_1.19.0\AFR\WAYPOINTIFICATION\CM4\MXTmpFiles\rtos_default_thread.tmp
2025-07-22 04:43:04,721 [INFO] CodeEngine:265 - oldGeneratedFile, C:\Users\nicks\STM32CubeIDE\workspace_1.19.0\AFR\WAYPOINTIFICATION\CM4\MXTmpFiles\rtos_threads.tmp_save
2025-07-22 04:43:04,760 [INFO] CodeEngine:289 - Generated code: C:\Users\nicks\STM32CubeIDE\workspace_1.19.0\AFR\WAYPOINTIFICATION\CM4\MXTmpFiles\rtos_threads.tmp
2025-07-22 04:43:04,765 [INFO] CodeEngine:265 - oldGeneratedFile, C:\Users\nicks\STM32CubeIDE\workspace_1.19.0\AFR\WAYPOINTIFICATION\CM4\Core\Inc\FreeRTOSConfig.h_save
2025-07-22 04:43:04,815 [INFO] CodeEngine:289 - Generated code: C:\Users\nicks\STM32CubeIDE\workspace_1.19.0\AFR\WAYPOINTIFICATION\CM4\Core\Inc\FreeRTOSConfig.h
2025-07-22 04:43:04,821 [INFO] CodeEngine:265 - oldGeneratedFile, C:\Users\nicks\STM32CubeIDE\workspace_1.19.0\AFR\WAYPOINTIFICATION\CM4\Core\Src\freertos.c_save
2025-07-22 04:43:04,864 [INFO] CodeEngine:289 - Generated code: C:\Users\nicks\STM32CubeIDE\workspace_1.19.0\AFR\WAYPOINTIFICATION\CM4\Core\Src\freertos.c
2025-07-22 04:43:04,883 [INFO] CodeEngine:265 - oldGeneratedFile, C:\Users\nicks\STM32CubeIDE\workspace_1.19.0\AFR\WAYPOINTIFICATION\CM4\Core\Inc\stm32h7xx_nucleo_conf.h_save
2025-07-22 04:43:04,927 [INFO] CodeEngine:289 - Generated code: C:\Users\nicks\STM32CubeIDE\workspace_1.19.0\AFR\WAYPOINTIFICATION\CM4\Core\Inc\stm32h7xx_nucleo_conf.h
2025-07-22 04:43:04,932 [INFO] CodeEngine:265 - oldGeneratedFile, C:\Users\nicks\STM32CubeIDE\workspace_1.19.0\AFR\WAYPOINTIFICATION\CM4\MXTmpFiles\bsp_inc.tmp_save
2025-07-22 04:43:04,970 [INFO] CodeEngine:289 - Generated code: C:\Users\nicks\STM32CubeIDE\workspace_1.19.0\AFR\WAYPOINTIFICATION\CM4\MXTmpFiles\bsp_inc.tmp
2025-07-22 04:43:04,987 [INFO] CodeEngine:265 - oldGeneratedFile, C:\Users\nicks\STM32CubeIDE\workspace_1.19.0\AFR\WAYPOINTIFICATION\CM4\Core\Src\stm32h7xx_it.c_save
2025-07-22 04:43:05,033 [INFO] CodeEngine:289 - Generated code: C:\Users\nicks\STM32CubeIDE\workspace_1.19.0\AFR\WAYPOINTIFICATION\CM4\Core\Src\stm32h7xx_it.c
2025-07-22 04:43:05,040 [INFO] CodeEngine:265 - oldGeneratedFile, C:\Users\nicks\STM32CubeIDE\workspace_1.19.0\AFR\WAYPOINTIFICATION\CM4\Core\Inc\stm32h7xx_it.h_save
2025-07-22 04:43:05,084 [INFO] CodeEngine:289 - Generated code: C:\Users\nicks\STM32CubeIDE\workspace_1.19.0\AFR\WAYPOINTIFICATION\CM4\Core\Inc\stm32h7xx_it.h
2025-07-22 04:43:05,108 [INFO] CodeEngine:265 - oldGeneratedFile, C:\Users\nicks\STM32CubeIDE\workspace_1.19.0\AFR\WAYPOINTIFICATION\CM4\Core\Src\stm32h7xx_hal_msp.c_save
2025-07-22 04:43:05,165 [INFO] CodeEngine:289 - Generated code: C:\Users\nicks\STM32CubeIDE\workspace_1.19.0\AFR\WAYPOINTIFICATION\CM4\Core\Src\stm32h7xx_hal_msp.c
2025-07-22 04:43:05,170 [INFO] CodeEngine:265 - oldGeneratedFile, C:\Users\nicks\STM32CubeIDE\workspace_1.19.0\AFR\WAYPOINTIFICATION\CM4\MXTmpFiles\system.tmp_save
2025-07-22 04:43:05,209 [INFO] CodeEngine:289 - Generated code: C:\Users\nicks\STM32CubeIDE\workspace_1.19.0\AFR\WAYPOINTIFICATION\CM4\MXTmpFiles\system.tmp
2025-07-22 04:43:05,220 [INFO] CodeEngine:321 - oldGeneratedFile, C:\Users\nicks\STM32CubeIDE\workspace_1.19.0\AFR\WAYPOINTIFICATION\CM4\Core\Inc\stm32h7xx_hal_conf.h_save
2025-07-22 04:43:05,263 [INFO] CodeEngine:345 - Generated code: C:\Users\nicks\STM32CubeIDE\workspace_1.19.0\AFR\WAYPOINTIFICATION\CM4\Core\Inc\stm32h7xx_hal_conf.h
2025-07-22 04:43:05,280 [WARN] IPConfigManager:3811 - IP not found : NVIC
2025-07-22 04:43:05,281 [WARN] CodeGenerator:4259 - IP not found : null
2025-07-22 04:43:05,291 [INFO] CodeEngine:265 - oldGeneratedFile, C:\Users\nicks\STM32CubeIDE\workspace_1.19.0\AFR\WAYPOINTIFICATION\CM4\Core\Inc\main.h_save
2025-07-22 04:43:05,343 [INFO] CodeEngine:289 - Generated code: C:\Users\nicks\STM32CubeIDE\workspace_1.19.0\AFR\WAYPOINTIFICATION\CM4\Core\Inc\main.h
2025-07-22 04:43:05,350 [INFO] CodeEngine:265 - oldGeneratedFile, C:\Users\nicks\STM32CubeIDE\workspace_1.19.0\AFR\WAYPOINTIFICATION\CM4\Core\Src\main.c_save
2025-07-22 04:43:05,424 [INFO] CodeEngine:289 - Generated code: C:\Users\nicks\STM32CubeIDE\workspace_1.19.0\AFR\WAYPOINTIFICATION\CM4\Core\Src\main.c
2025-07-22 04:43:05,875 [INFO] ProjectBuilder:3606 - Time for Copy HAL[1] : 243mS.
2025-07-22 04:43:05,888 [INFO] ProjectBuilder:5216 - Project Generator version: 4.7.0-B52
2025-07-22 04:43:05,946 [INFO] ConfigFileManager:1595 - The Die is : DIE450
2025-07-22 04:43:11,527 [INFO] ProjectBuilder:5496 - Time for Generating toolchain IDE Files: 5639mS.
2025-07-22 04:43:11,528 [INFO] ProjectBuilder:3463 - Time for Copy CMSIS : 1mS.
2025-07-22 04:43:11,533 [INFO] ProjectBuilder:3463 - Time for Copy CMSIS : 0mS.
2025-07-22 04:49:05,878 [INFO] UtilMem:75 - End SaveConfig() Used Memory: 475424936 Bytes (1073741824)
2025-07-22 04:49:05,972 [INFO] UtilMem:75 - End SaveConfig() Used Memory: 494821544 Bytes (1073741824)
2025-07-22 04:49:06,421 [INFO] UtilMem:75 - End SaveConfig() Used Memory: 529424552 Bytes (1073741824)
2025-07-22 04:49:07,421 [INFO] BlockDiagram:2775 - set Specific Code input for plugin: FREERTOS
2025-07-22 04:49:07,421 [INFO] BlockDiagram:2775 - set Specific Code input for plugin: FREERTOS
2025-07-22 04:49:07,421 [INFO] BlockDiagram:2775 - set Specific Code input for plugin: RCC
2025-07-22 04:49:07,421 [INFO] BlockDiagram:2775 - set Specific Code input for plugin: USART
2025-07-22 04:49:07,421 [INFO] BlockDiagram:2775 - set Specific Code input for plugin: MEMORYMAP
2025-07-22 04:49:07,421 [INFO] BlockDiagram:2775 - set Specific Code input for plugin: SYS
2025-07-22 04:49:07,422 [INFO] BlockDiagram:2775 - set Specific Code input for plugin: NVIC2
2025-07-22 04:49:07,422 [INFO] BlockDiagram:2775 - set Specific Code input for plugin: GPIO
2025-07-22 04:49:07,422 [INFO] BlockDiagram:2775 - set Specific Code input for plugin: SYS_M4
2025-07-22 04:49:07,422 [INFO] BlockDiagram:2775 - set Specific Code input for plugin: NUCLEO-H755ZI-Q
2025-07-22 04:49:07,422 [INFO] BlockDiagram:2775 - set Specific Code input for plugin: NVIC1
2025-07-22 04:49:07,423 [INFO] CodeGenerator:892 - code generatio: config db path: C:\ST\STM32CubeIDE_1.19.0\STM32CubeIDE\plugins\com.st.stm32cube.common.mx_6.15.0.202507011659\\db\
2025-07-22 04:49:07,476 [ERROR] CodeGenerator:10662 - The current RTOS owner has not been found in the list of IPs
2025-07-22 04:49:07,476 [ERROR] CodeGenerator:10662 - The current RTOS owner has not been found in the list of IPs
2025-07-22 04:49:07,476 [INFO] CodeGenerator:1619 - *******************Project context M7 selected
2025-07-22 04:49:07,528 [INFO] CodeEngine:265 - oldGeneratedFile, C:\Users\nicks\STM32CubeIDE\workspace_1.19.0\AFR\WAYPOINTIFICATION\MXTmpFiles\license.tmp_save
2025-07-22 04:49:07,667 [INFO] CodeEngine:289 - Generated code: C:\Users\nicks\STM32CubeIDE\workspace_1.19.0\AFR\WAYPOINTIFICATION\MXTmpFiles\license.tmp
2025-07-22 04:49:07,738 [INFO] CodeEngine:265 - oldGeneratedFile, C:\Users\nicks\STM32CubeIDE\workspace_1.19.0\AFR\WAYPOINTIFICATION\CM7\MXTmpFiles\gpio.tmp_save
2025-07-22 04:49:07,748 [ERROR] IocParser:95 - Exception caught: Cannot invoke "java.lang.CharSequence.length()" because "this.text" is null
2025-07-22 04:49:07,815 [INFO] CodeEngine:289 - Generated code: C:\Users\nicks\STM32CubeIDE\workspace_1.19.0\AFR\WAYPOINTIFICATION\CM7\MXTmpFiles\gpio.tmp
2025-07-22 04:49:07,917 [WARN] IPConfigManager:103 - WARNING: Missing Config File for MEMORYMAP ip!!
2025-07-22 04:49:08,016 [WARN] IPConfigManager:103 - WARNING: Missing Config File for NVIC1 ip!!
2025-07-22 04:49:08,142 [ERROR] CodeGenerator:10662 - The current RTOS owner has not been found in the list of IPs
2025-07-22 04:49:08,148 [INFO] CodeEngine:265 - oldGeneratedFile, C:\Users\nicks\STM32CubeIDE\workspace_1.19.0\AFR\WAYPOINTIFICATION\CM7\MXTmpFiles\cortex.tmp_save
2025-07-22 04:49:08,200 [INFO] CodeEngine:289 - Generated code: C:\Users\nicks\STM32CubeIDE\workspace_1.19.0\AFR\WAYPOINTIFICATION\CM7\MXTmpFiles\cortex.tmp
2025-07-22 04:49:08,215 [INFO] Middleware:1452 - No code input for Bsp Dependency
2025-07-22 04:49:08,222 [INFO] CodeEngine:265 - oldGeneratedFile, C:\Users\nicks\STM32CubeIDE\workspace_1.19.0\AFR\WAYPOINTIFICATION\CM7\MXTmpFiles\rtos_inc.tmp_save
2025-07-22 04:49:08,269 [INFO] CodeEngine:289 - Generated code: C:\Users\nicks\STM32CubeIDE\workspace_1.19.0\AFR\WAYPOINTIFICATION\CM7\MXTmpFiles\rtos_inc.tmp
2025-07-22 04:49:08,274 [INFO] CodeEngine:265 - oldGeneratedFile, C:\Users\nicks\STM32CubeIDE\workspace_1.19.0\AFR\WAYPOINTIFICATION\CM7\MXTmpFiles\rtos_kernelInit.tmp_save
2025-07-22 04:49:08,318 [INFO] CodeEngine:289 - Generated code: C:\Users\nicks\STM32CubeIDE\workspace_1.19.0\AFR\WAYPOINTIFICATION\CM7\MXTmpFiles\rtos_kernelInit.tmp
2025-07-22 04:49:08,323 [INFO] CodeEngine:265 - oldGeneratedFile, C:\Users\nicks\STM32CubeIDE\workspace_1.19.0\AFR\WAYPOINTIFICATION\CM7\MXTmpFiles\rtos_kernelStart.tmp_save
2025-07-22 04:49:08,366 [INFO] CodeEngine:289 - Generated code: C:\Users\nicks\STM32CubeIDE\workspace_1.19.0\AFR\WAYPOINTIFICATION\CM7\MXTmpFiles\rtos_kernelStart.tmp
2025-07-22 04:49:08,371 [INFO] CodeEngine:265 - oldGeneratedFile, C:\Users\nicks\STM32CubeIDE\workspace_1.19.0\AFR\WAYPOINTIFICATION\CM7\MXTmpFiles\rtos_typedefs.tmp_save
2025-07-22 04:49:08,416 [INFO] CodeEngine:289 - Generated code: C:\Users\nicks\STM32CubeIDE\workspace_1.19.0\AFR\WAYPOINTIFICATION\CM7\MXTmpFiles\rtos_typedefs.tmp
2025-07-22 04:49:08,420 [INFO] CodeEngine:265 - oldGeneratedFile, C:\Users\nicks\STM32CubeIDE\workspace_1.19.0\AFR\WAYPOINTIFICATION\CM7\MXTmpFiles\rtos_vars.tmp_save
2025-07-22 04:49:08,464 [INFO] CodeEngine:289 - Generated code: C:\Users\nicks\STM32CubeIDE\workspace_1.19.0\AFR\WAYPOINTIFICATION\CM7\MXTmpFiles\rtos_vars.tmp
2025-07-22 04:49:08,469 [INFO] CodeEngine:265 - oldGeneratedFile, C:\Users\nicks\STM32CubeIDE\workspace_1.19.0\AFR\WAYPOINTIFICATION\CM7\MXTmpFiles\rtos_pfp.tmp_save
2025-07-22 04:49:08,512 [INFO] CodeEngine:289 - Generated code: C:\Users\nicks\STM32CubeIDE\workspace_1.19.0\AFR\WAYPOINTIFICATION\CM7\MXTmpFiles\rtos_pfp.tmp
2025-07-22 04:49:08,517 [INFO] CodeEngine:265 - oldGeneratedFile, C:\Users\nicks\STM32CubeIDE\workspace_1.19.0\AFR\WAYPOINTIFICATION\CM7\MXTmpFiles\rtos_obj_creat.tmp_save
2025-07-22 04:49:08,560 [INFO] CodeEngine:289 - Generated code: C:\Users\nicks\STM32CubeIDE\workspace_1.19.0\AFR\WAYPOINTIFICATION\CM7\MXTmpFiles\rtos_obj_creat.tmp
2025-07-22 04:49:08,564 [INFO] CodeEngine:265 - oldGeneratedFile, C:\Users\nicks\STM32CubeIDE\workspace_1.19.0\AFR\WAYPOINTIFICATION\CM7\MXTmpFiles\rtos_default_thread.tmp_save
2025-07-22 04:49:08,604 [INFO] CodeEngine:289 - Generated code: C:\Users\nicks\STM32CubeIDE\workspace_1.19.0\AFR\WAYPOINTIFICATION\CM7\MXTmpFiles\rtos_default_thread.tmp
2025-07-22 04:49:08,610 [INFO] CodeEngine:265 - oldGeneratedFile, C:\Users\nicks\STM32CubeIDE\workspace_1.19.0\AFR\WAYPOINTIFICATION\CM7\MXTmpFiles\rtos_threads.tmp_save
2025-07-22 04:49:08,652 [INFO] CodeEngine:289 - Generated code: C:\Users\nicks\STM32CubeIDE\workspace_1.19.0\AFR\WAYPOINTIFICATION\CM7\MXTmpFiles\rtos_threads.tmp
2025-07-22 04:49:08,658 [INFO] CodeEngine:265 - oldGeneratedFile, C:\Users\nicks\STM32CubeIDE\workspace_1.19.0\AFR\WAYPOINTIFICATION\CM7\Core\Inc\FreeRTOSConfig.h_save
2025-07-22 04:49:08,720 [INFO] CodeEngine:289 - Generated code: C:\Users\nicks\STM32CubeIDE\workspace_1.19.0\AFR\WAYPOINTIFICATION\CM7\Core\Inc\FreeRTOSConfig.h
2025-07-22 04:49:08,727 [INFO] CodeEngine:265 - oldGeneratedFile, C:\Users\nicks\STM32CubeIDE\workspace_1.19.0\AFR\WAYPOINTIFICATION\CM7\Core\Src\freertos.c_save
2025-07-22 04:49:08,774 [INFO] CodeEngine:289 - Generated code: C:\Users\nicks\STM32CubeIDE\workspace_1.19.0\AFR\WAYPOINTIFICATION\CM7\Core\Src\freertos.c
2025-07-22 04:49:08,796 [INFO] CodeEngine:265 - oldGeneratedFile, C:\Users\nicks\STM32CubeIDE\workspace_1.19.0\AFR\WAYPOINTIFICATION\CM7\Core\Inc\stm32h7xx_nucleo_conf.h_save
2025-07-22 04:49:08,841 [INFO] CodeEngine:289 - Generated code: C:\Users\nicks\STM32CubeIDE\workspace_1.19.0\AFR\WAYPOINTIFICATION\CM7\Core\Inc\stm32h7xx_nucleo_conf.h
2025-07-22 04:49:08,846 [INFO] CodeEngine:265 - oldGeneratedFile, C:\Users\nicks\STM32CubeIDE\workspace_1.19.0\AFR\WAYPOINTIFICATION\CM7\MXTmpFiles\bsp_inc.tmp_save
2025-07-22 04:49:08,887 [INFO] CodeEngine:289 - Generated code: C:\Users\nicks\STM32CubeIDE\workspace_1.19.0\AFR\WAYPOINTIFICATION\CM7\MXTmpFiles\bsp_inc.tmp
2025-07-22 04:49:08,892 [INFO] CodeEngine:265 - oldGeneratedFile, C:\Users\nicks\STM32CubeIDE\workspace_1.19.0\AFR\WAYPOINTIFICATION\CM7\MXTmpFiles\bsp_common_vars.tmp_save
2025-07-22 04:49:08,935 [INFO] CodeEngine:289 - Generated code: C:\Users\nicks\STM32CubeIDE\workspace_1.19.0\AFR\WAYPOINTIFICATION\CM7\MXTmpFiles\bsp_common_vars.tmp
2025-07-22 04:49:08,940 [INFO] CodeEngine:265 - oldGeneratedFile, C:\Users\nicks\STM32CubeIDE\workspace_1.19.0\AFR\WAYPOINTIFICATION\CM7\MXTmpFiles\bsp_common_init.tmp_save
2025-07-22 04:49:08,981 [INFO] CodeEngine:289 - Generated code: C:\Users\nicks\STM32CubeIDE\workspace_1.19.0\AFR\WAYPOINTIFICATION\CM7\MXTmpFiles\bsp_common_init.tmp
2025-07-22 04:49:08,986 [INFO] CodeEngine:265 - oldGeneratedFile, C:\Users\nicks\STM32CubeIDE\workspace_1.19.0\AFR\WAYPOINTIFICATION\CM7\MXTmpFiles\bsp_common_demo_before_while.tmp_save
2025-07-22 04:49:09,027 [INFO] CodeEngine:289 - Generated code: C:\Users\nicks\STM32CubeIDE\workspace_1.19.0\AFR\WAYPOINTIFICATION\CM7\MXTmpFiles\bsp_common_demo_before_while.tmp
2025-07-22 04:49:09,031 [INFO] CodeEngine:265 - oldGeneratedFile, C:\Users\nicks\STM32CubeIDE\workspace_1.19.0\AFR\WAYPOINTIFICATION\CM7\MXTmpFiles\bsp_common_demo_inside_while.tmp_save
2025-07-22 04:49:09,076 [INFO] CodeEngine:289 - Generated code: C:\Users\nicks\STM32CubeIDE\workspace_1.19.0\AFR\WAYPOINTIFICATION\CM7\MXTmpFiles\bsp_common_demo_inside_while.tmp
2025-07-22 04:49:09,081 [INFO] CodeEngine:265 - oldGeneratedFile, C:\Users\nicks\STM32CubeIDE\workspace_1.19.0\AFR\WAYPOINTIFICATION\CM7\MXTmpFiles\bsp_common_demo_fct.tmp_save
2025-07-22 04:49:09,123 [INFO] CodeEngine:289 - Generated code: C:\Users\nicks\STM32CubeIDE\workspace_1.19.0\AFR\WAYPOINTIFICATION\CM7\MXTmpFiles\bsp_common_demo_fct.tmp
2025-07-22 04:49:09,146 [INFO] CodeEngine:265 - oldGeneratedFile, C:\Users\nicks\STM32CubeIDE\workspace_1.19.0\AFR\WAYPOINTIFICATION\CM7\Core\Src\stm32h7xx_it.c_save
2025-07-22 04:49:09,210 [INFO] CodeEngine:289 - Generated code: C:\Users\nicks\STM32CubeIDE\workspace_1.19.0\AFR\WAYPOINTIFICATION\CM7\Core\Src\stm32h7xx_it.c
2025-07-22 04:49:09,216 [INFO] CodeEngine:265 - oldGeneratedFile, C:\Users\nicks\STM32CubeIDE\workspace_1.19.0\AFR\WAYPOINTIFICATION\CM7\Core\Inc\stm32h7xx_it.h_save
2025-07-22 04:49:09,262 [INFO] CodeEngine:289 - Generated code: C:\Users\nicks\STM32CubeIDE\workspace_1.19.0\AFR\WAYPOINTIFICATION\CM7\Core\Inc\stm32h7xx_it.h
2025-07-22 04:49:09,333 [INFO] CodeEngine:265 - oldGeneratedFile, C:\Users\nicks\STM32CubeIDE\workspace_1.19.0\AFR\WAYPOINTIFICATION\CM7\Core\Src\stm32h7xx_hal_msp.c_save
2025-07-22 04:49:09,419 [INFO] CodeEngine:289 - Generated code: C:\Users\nicks\STM32CubeIDE\workspace_1.19.0\AFR\WAYPOINTIFICATION\CM7\Core\Src\stm32h7xx_hal_msp.c
2025-07-22 04:49:09,423 [INFO] CodeEngine:265 - oldGeneratedFile, C:\Users\nicks\STM32CubeIDE\workspace_1.19.0\AFR\WAYPOINTIFICATION\CM7\MXTmpFiles\system.tmp_save
2025-07-22 04:49:09,464 [INFO] CodeEngine:289 - Generated code: C:\Users\nicks\STM32CubeIDE\workspace_1.19.0\AFR\WAYPOINTIFICATION\CM7\MXTmpFiles\system.tmp
2025-07-22 04:49:09,476 [INFO] CodeEngine:321 - oldGeneratedFile, C:\Users\nicks\STM32CubeIDE\workspace_1.19.0\AFR\WAYPOINTIFICATION\CM7\Core\Inc\stm32h7xx_hal_conf.h_save
2025-07-22 04:49:09,524 [INFO] CodeEngine:345 - Generated code: C:\Users\nicks\STM32CubeIDE\workspace_1.19.0\AFR\WAYPOINTIFICATION\CM7\Core\Inc\stm32h7xx_hal_conf.h
2025-07-22 04:49:09,544 [WARN] IPConfigManager:3811 - IP not found : NVIC
2025-07-22 04:49:09,546 [WARN] CodeGenerator:4259 - IP not found : null
2025-07-22 04:49:09,553 [INFO] CodeEngine:265 - oldGeneratedFile, C:\Users\nicks\STM32CubeIDE\workspace_1.19.0\AFR\WAYPOINTIFICATION\CM7\Core\Inc\main.h_save
2025-07-22 04:49:09,605 [INFO] CodeEngine:289 - Generated code: C:\Users\nicks\STM32CubeIDE\workspace_1.19.0\AFR\WAYPOINTIFICATION\CM7\Core\Inc\main.h
2025-07-22 04:49:09,611 [INFO] CodeEngine:265 - oldGeneratedFile, C:\Users\nicks\STM32CubeIDE\workspace_1.19.0\AFR\WAYPOINTIFICATION\CM7\Core\Src\main.c_save
2025-07-22 04:49:09,697 [INFO] CodeEngine:289 - Generated code: C:\Users\nicks\STM32CubeIDE\workspace_1.19.0\AFR\WAYPOINTIFICATION\CM7\Core\Src\main.c
2025-07-22 04:49:09,757 [INFO] CodeGenerator:1619 - *******************Project context M4 selected
2025-07-22 04:49:09,809 [INFO] CodeEngine:265 - oldGeneratedFile, C:\Users\nicks\STM32CubeIDE\workspace_1.19.0\AFR\WAYPOINTIFICATION\MXTmpFiles\license.tmp_save
2025-07-22 04:49:09,874 [INFO] CodeEngine:289 - Generated code: C:\Users\nicks\STM32CubeIDE\workspace_1.19.0\AFR\WAYPOINTIFICATION\MXTmpFiles\license.tmp
2025-07-22 04:49:09,895 [WARN] IPConfigManager:103 - WARNING: Missing Config File for NVIC2 ip!!
2025-07-22 04:49:09,900 [ERROR] CodeGenerator:10662 - The current RTOS owner has not been found in the list of IPs
2025-07-22 04:49:09,907 [INFO] CodeEngine:265 - oldGeneratedFile, C:\Users\nicks\STM32CubeIDE\workspace_1.19.0\AFR\WAYPOINTIFICATION\CM4\MXTmpFiles\cortex.tmp_save
2025-07-22 04:49:09,949 [INFO] CodeEngine:289 - Generated code: C:\Users\nicks\STM32CubeIDE\workspace_1.19.0\AFR\WAYPOINTIFICATION\CM4\MXTmpFiles\cortex.tmp
2025-07-22 04:49:09,966 [INFO] Middleware:1452 - No code input for Bsp Dependency
2025-07-22 04:49:09,972 [INFO] CodeEngine:265 - oldGeneratedFile, C:\Users\nicks\STM32CubeIDE\workspace_1.19.0\AFR\WAYPOINTIFICATION\CM4\MXTmpFiles\rtos_inc.tmp_save
2025-07-22 04:49:10,010 [INFO] CodeEngine:289 - Generated code: C:\Users\nicks\STM32CubeIDE\workspace_1.19.0\AFR\WAYPOINTIFICATION\CM4\MXTmpFiles\rtos_inc.tmp
2025-07-22 04:49:10,016 [INFO] CodeEngine:265 - oldGeneratedFile, C:\Users\nicks\STM32CubeIDE\workspace_1.19.0\AFR\WAYPOINTIFICATION\CM4\MXTmpFiles\rtos_kernelInit.tmp_save
2025-07-22 04:49:10,053 [INFO] CodeEngine:289 - Generated code: C:\Users\nicks\STM32CubeIDE\workspace_1.19.0\AFR\WAYPOINTIFICATION\CM4\MXTmpFiles\rtos_kernelInit.tmp
2025-07-22 04:49:10,057 [INFO] CodeEngine:265 - oldGeneratedFile, C:\Users\nicks\STM32CubeIDE\workspace_1.19.0\AFR\WAYPOINTIFICATION\CM4\MXTmpFiles\rtos_kernelStart.tmp_save
2025-07-22 04:49:10,096 [INFO] CodeEngine:289 - Generated code: C:\Users\nicks\STM32CubeIDE\workspace_1.19.0\AFR\WAYPOINTIFICATION\CM4\MXTmpFiles\rtos_kernelStart.tmp
2025-07-22 04:49:10,100 [INFO] CodeEngine:265 - oldGeneratedFile, C:\Users\nicks\STM32CubeIDE\workspace_1.19.0\AFR\WAYPOINTIFICATION\CM4\MXTmpFiles\rtos_typedefs.tmp_save
2025-07-22 04:49:10,139 [INFO] CodeEngine:289 - Generated code: C:\Users\nicks\STM32CubeIDE\workspace_1.19.0\AFR\WAYPOINTIFICATION\CM4\MXTmpFiles\rtos_typedefs.tmp
2025-07-22 04:49:10,143 [INFO] CodeEngine:265 - oldGeneratedFile, C:\Users\nicks\STM32CubeIDE\workspace_1.19.0\AFR\WAYPOINTIFICATION\CM4\MXTmpFiles\rtos_vars.tmp_save
2025-07-22 04:49:10,182 [INFO] CodeEngine:289 - Generated code: C:\Users\nicks\STM32CubeIDE\workspace_1.19.0\AFR\WAYPOINTIFICATION\CM4\MXTmpFiles\rtos_vars.tmp
2025-07-22 04:49:10,188 [INFO] CodeEngine:265 - oldGeneratedFile, C:\Users\nicks\STM32CubeIDE\workspace_1.19.0\AFR\WAYPOINTIFICATION\CM4\MXTmpFiles\rtos_pfp.tmp_save
2025-07-22 04:49:10,229 [INFO] CodeEngine:289 - Generated code: C:\Users\nicks\STM32CubeIDE\workspace_1.19.0\AFR\WAYPOINTIFICATION\CM4\MXTmpFiles\rtos_pfp.tmp
2025-07-22 04:49:10,234 [INFO] CodeEngine:265 - oldGeneratedFile, C:\Users\nicks\STM32CubeIDE\workspace_1.19.0\AFR\WAYPOINTIFICATION\CM4\MXTmpFiles\rtos_obj_creat.tmp_save
2025-07-22 04:49:10,273 [INFO] CodeEngine:289 - Generated code: C:\Users\nicks\STM32CubeIDE\workspace_1.19.0\AFR\WAYPOINTIFICATION\CM4\MXTmpFiles\rtos_obj_creat.tmp
2025-07-22 04:49:10,277 [INFO] CodeEngine:265 - oldGeneratedFile, C:\Users\nicks\STM32CubeIDE\workspace_1.19.0\AFR\WAYPOINTIFICATION\CM4\MXTmpFiles\rtos_default_thread.tmp_save
2025-07-22 04:49:10,316 [INFO] CodeEngine:289 - Generated code: C:\Users\nicks\STM32CubeIDE\workspace_1.19.0\AFR\WAYPOINTIFICATION\CM4\MXTmpFiles\rtos_default_thread.tmp
2025-07-22 04:49:10,322 [INFO] CodeEngine:265 - oldGeneratedFile, C:\Users\nicks\STM32CubeIDE\workspace_1.19.0\AFR\WAYPOINTIFICATION\CM4\MXTmpFiles\rtos_threads.tmp_save
2025-07-22 04:49:10,358 [INFO] CodeEngine:289 - Generated code: C:\Users\nicks\STM32CubeIDE\workspace_1.19.0\AFR\WAYPOINTIFICATION\CM4\MXTmpFiles\rtos_threads.tmp
2025-07-22 04:49:10,364 [INFO] CodeEngine:265 - oldGeneratedFile, C:\Users\nicks\STM32CubeIDE\workspace_1.19.0\AFR\WAYPOINTIFICATION\CM4\Core\Inc\FreeRTOSConfig.h_save
2025-07-22 04:49:10,411 [INFO] CodeEngine:289 - Generated code: C:\Users\nicks\STM32CubeIDE\workspace_1.19.0\AFR\WAYPOINTIFICATION\CM4\Core\Inc\FreeRTOSConfig.h
2025-07-22 04:49:10,416 [INFO] CodeEngine:265 - oldGeneratedFile, C:\Users\nicks\STM32CubeIDE\workspace_1.19.0\AFR\WAYPOINTIFICATION\CM4\Core\Src\freertos.c_save
2025-07-22 04:49:10,459 [INFO] CodeEngine:289 - Generated code: C:\Users\nicks\STM32CubeIDE\workspace_1.19.0\AFR\WAYPOINTIFICATION\CM4\Core\Src\freertos.c
2025-07-22 04:49:10,479 [INFO] CodeEngine:265 - oldGeneratedFile, C:\Users\nicks\STM32CubeIDE\workspace_1.19.0\AFR\WAYPOINTIFICATION\CM4\Core\Inc\stm32h7xx_nucleo_conf.h_save
2025-07-22 04:49:10,519 [INFO] CodeEngine:289 - Generated code: C:\Users\nicks\STM32CubeIDE\workspace_1.19.0\AFR\WAYPOINTIFICATION\CM4\Core\Inc\stm32h7xx_nucleo_conf.h
2025-07-22 04:49:10,524 [INFO] CodeEngine:265 - oldGeneratedFile, C:\Users\nicks\STM32CubeIDE\workspace_1.19.0\AFR\WAYPOINTIFICATION\CM4\MXTmpFiles\bsp_inc.tmp_save
2025-07-22 04:49:10,562 [INFO] CodeEngine:289 - Generated code: C:\Users\nicks\STM32CubeIDE\workspace_1.19.0\AFR\WAYPOINTIFICATION\CM4\MXTmpFiles\bsp_inc.tmp
2025-07-22 04:49:10,579 [INFO] CodeEngine:265 - oldGeneratedFile, C:\Users\nicks\STM32CubeIDE\workspace_1.19.0\AFR\WAYPOINTIFICATION\CM4\Core\Src\stm32h7xx_it.c_save
2025-07-22 04:49:10,624 [INFO] CodeEngine:289 - Generated code: C:\Users\nicks\STM32CubeIDE\workspace_1.19.0\AFR\WAYPOINTIFICATION\CM4\Core\Src\stm32h7xx_it.c
2025-07-22 04:49:10,629 [INFO] CodeEngine:265 - oldGeneratedFile, C:\Users\nicks\STM32CubeIDE\workspace_1.19.0\AFR\WAYPOINTIFICATION\CM4\Core\Inc\stm32h7xx_it.h_save
2025-07-22 04:49:10,671 [INFO] CodeEngine:289 - Generated code: C:\Users\nicks\STM32CubeIDE\workspace_1.19.0\AFR\WAYPOINTIFICATION\CM4\Core\Inc\stm32h7xx_it.h
2025-07-22 04:49:10,694 [INFO] CodeEngine:265 - oldGeneratedFile, C:\Users\nicks\STM32CubeIDE\workspace_1.19.0\AFR\WAYPOINTIFICATION\CM4\Core\Src\stm32h7xx_hal_msp.c_save
2025-07-22 04:49:10,753 [INFO] CodeEngine:289 - Generated code: C:\Users\nicks\STM32CubeIDE\workspace_1.19.0\AFR\WAYPOINTIFICATION\CM4\Core\Src\stm32h7xx_hal_msp.c
2025-07-22 04:49:10,758 [INFO] CodeEngine:265 - oldGeneratedFile, C:\Users\nicks\STM32CubeIDE\workspace_1.19.0\AFR\WAYPOINTIFICATION\CM4\MXTmpFiles\system.tmp_save
2025-07-22 04:49:10,796 [INFO] CodeEngine:289 - Generated code: C:\Users\nicks\STM32CubeIDE\workspace_1.19.0\AFR\WAYPOINTIFICATION\CM4\MXTmpFiles\system.tmp
2025-07-22 04:49:10,806 [INFO] CodeEngine:321 - oldGeneratedFile, C:\Users\nicks\STM32CubeIDE\workspace_1.19.0\AFR\WAYPOINTIFICATION\CM4\Core\Inc\stm32h7xx_hal_conf.h_save
2025-07-22 04:49:10,850 [INFO] CodeEngine:345 - Generated code: C:\Users\nicks\STM32CubeIDE\workspace_1.19.0\AFR\WAYPOINTIFICATION\CM4\Core\Inc\stm32h7xx_hal_conf.h
2025-07-22 04:49:10,860 [WARN] IPConfigManager:3811 - IP not found : NVIC
2025-07-22 04:49:10,861 [WARN] CodeGenerator:4259 - IP not found : null
2025-07-22 04:49:10,868 [INFO] CodeEngine:265 - oldGeneratedFile, C:\Users\nicks\STM32CubeIDE\workspace_1.19.0\AFR\WAYPOINTIFICATION\CM4\Core\Inc\main.h_save
2025-07-22 04:49:10,914 [INFO] CodeEngine:289 - Generated code: C:\Users\nicks\STM32CubeIDE\workspace_1.19.0\AFR\WAYPOINTIFICATION\CM4\Core\Inc\main.h
2025-07-22 04:49:10,920 [INFO] CodeEngine:265 - oldGeneratedFile, C:\Users\nicks\STM32CubeIDE\workspace_1.19.0\AFR\WAYPOINTIFICATION\CM4\Core\Src\main.c_save
2025-07-22 04:49:10,986 [INFO] CodeEngine:289 - Generated code: C:\Users\nicks\STM32CubeIDE\workspace_1.19.0\AFR\WAYPOINTIFICATION\CM4\Core\Src\main.c
2025-07-22 04:49:11,390 [INFO] ProjectBuilder:3606 - Time for Copy HAL[1] : 248mS.
2025-07-22 04:49:11,403 [INFO] ProjectBuilder:5216 - Project Generator version: 4.7.0-B52
2025-07-22 04:49:11,457 [INFO] ConfigFileManager:1595 - The Die is : DIE450
2025-07-22 04:49:16,951 [INFO] ProjectBuilder:5496 - Time for Generating toolchain IDE Files: 5547mS.
2025-07-22 04:49:16,952 [INFO] ProjectBuilder:3463 - Time for Copy CMSIS : 1mS.
2025-07-22 04:49:16,958 [INFO] ProjectBuilder:3463 - Time for Copy CMSIS : 0mS.
2025-07-22 04:52:07,076 [INFO] NvicIntPanel:101 - NVIC parent = com.st.microxplorer.plugins.ip.nvic.MultiNvicIntPanel[,0,0,450x147,layout=javax.swing.BoxLayout,alignmentX=0.0,alignmentY=0.0,border=,flags=9,maximumSize=,minimumSize=,preferredSize=]
2025-07-22 04:52:22,454 [INFO] NvicIntPanel:101 - NVIC parent = com.st.microxplorer.plugins.ip.nvic.MultiNvicIntPanel[,0,0,0x0,invalid,layout=javax.swing.BoxLayout,alignmentX=0.0,alignmentY=0.0,border=,flags=9,maximumSize=,minimumSize=,preferredSize=]
2025-07-22 04:52:22,697 [ERROR] LogOutputStream:75 - [STDERR_REDIRECT] Exception in thread "AWT-EventQueue-0" java.awt.IllegalComponentStateException: component must be showing on the screen to determine its location
2025-07-22 04:52:22,698 [ERROR] LogOutputStream:75 - [STDERR_REDIRECT] 	at java.desktop/java.awt.Component.getLocationOnScreen_NoTreeLock(Component.java:2113)
2025-07-22 04:52:22,698 [ERROR] LogOutputStream:75 - [STDERR_REDIRECT] 	at java.desktop/java.awt.Component.getLocationOnScreen(Component.java:2087)
2025-07-22 04:52:22,699 [ERROR] LogOutputStream:75 - [STDERR_REDIRECT] 	at java.desktop/javax.swing.JPopupMenu.show(JPopupMenu.java:982)
2025-07-22 04:52:22,700 [ERROR] LogOutputStream:75 - [STDERR_REDIRECT] 	at java.desktop/javax.swing.plaf.basic.BasicComboPopup.show(BasicComboPopup.java:235)
2025-07-22 04:52:22,700 [ERROR] LogOutputStream:75 - [STDERR_REDIRECT] 	at java.desktop/javax.swing.plaf.basic.BasicComboPopup.togglePopup(BasicComboPopup.java:1265)
2025-07-22 04:52:22,701 [ERROR] LogOutputStream:75 - [STDERR_REDIRECT] 	at java.desktop/javax.swing.plaf.basic.BasicComboPopup$Handler.mousePressed(BasicComboPopup.java:936)
2025-07-22 04:52:22,702 [ERROR] LogOutputStream:75 - [STDERR_REDIRECT] 	at java.desktop/java.awt.Component.processMouseEvent(Component.java:6618)
2025-07-22 04:52:22,702 [ERROR] LogOutputStream:75 - [STDERR_REDIRECT] 	at java.desktop/javax.swing.JComponent.processMouseEvent(JComponent.java:3398)
2025-07-22 04:52:22,703 [ERROR] LogOutputStream:75 - [STDERR_REDIRECT] 	at java.desktop/java.awt.Component.processEvent(Component.java:6386)
2025-07-22 04:52:22,704 [ERROR] LogOutputStream:75 - [STDERR_REDIRECT] 	at java.desktop/java.awt.Container.processEvent(Container.java:2266)
2025-07-22 04:52:22,704 [ERROR] LogOutputStream:75 - [STDERR_REDIRECT] 	at java.desktop/java.awt.Component.dispatchEventImpl(Component.java:4996)
2025-07-22 04:52:22,705 [ERROR] LogOutputStream:75 - [STDERR_REDIRECT] 	at java.desktop/java.awt.Container.dispatchEventImpl(Container.java:2324)
2025-07-22 04:52:22,705 [ERROR] LogOutputStream:75 - [STDERR_REDIRECT] 	at java.desktop/java.awt.Component.dispatchEvent(Component.java:4828)
2025-07-22 04:52:22,706 [ERROR] LogOutputStream:75 - [STDERR_REDIRECT] 	at java.desktop/javax.swing.plaf.basic.BasicTableUI$Handler.repostEvent(BasicTableUI.java:978)
2025-07-22 04:52:22,707 [ERROR] LogOutputStream:75 - [STDERR_REDIRECT] 	at java.desktop/javax.swing.plaf.basic.BasicTableUI$Handler.adjustSelection(BasicTableUI.java:1140)
2025-07-22 04:52:22,708 [ERROR] LogOutputStream:75 - [STDERR_REDIRECT] 	at java.desktop/javax.swing.plaf.basic.BasicTableUI$Handler.mousePressed(BasicTableUI.java:1068)
2025-07-22 04:52:22,708 [ERROR] LogOutputStream:75 - [STDERR_REDIRECT] 	at java.desktop/java.awt.AWTEventMulticaster.mousePressed(AWTEventMulticaster.java:288)
2025-07-22 04:52:22,709 [ERROR] LogOutputStream:75 - [STDERR_REDIRECT] 	at java.desktop/java.awt.AWTEventMulticaster.mousePressed(AWTEventMulticaster.java:287)
2025-07-22 04:52:22,709 [ERROR] LogOutputStream:75 - [STDERR_REDIRECT] 	at java.desktop/java.awt.AWTEventMulticaster.mousePressed(AWTEventMulticaster.java:287)
2025-07-22 04:52:22,710 [ERROR] LogOutputStream:75 - [STDERR_REDIRECT] 	at java.desktop/java.awt.AWTEventMulticaster.mousePressed(AWTEventMulticaster.java:287)
2025-07-22 04:52:22,711 [ERROR] LogOutputStream:75 - [STDERR_REDIRECT] 	at java.desktop/java.awt.Component.processMouseEvent(Component.java:6618)
2025-07-22 04:52:22,711 [ERROR] LogOutputStream:75 - [STDERR_REDIRECT] 	at java.desktop/javax.swing.JComponent.processMouseEvent(JComponent.java:3398)
2025-07-22 04:52:22,712 [ERROR] LogOutputStream:75 - [STDERR_REDIRECT] 	at java.desktop/java.awt.Component.processEvent(Component.java:6386)
2025-07-22 04:52:22,712 [ERROR] LogOutputStream:75 - [STDERR_REDIRECT] 	at java.desktop/java.awt.Container.processEvent(Container.java:2266)
2025-07-22 04:52:22,713 [ERROR] LogOutputStream:75 - [STDERR_REDIRECT] 	at java.desktop/java.awt.Component.dispatchEventImpl(Component.java:4996)
2025-07-22 04:52:22,714 [ERROR] LogOutputStream:75 - [STDERR_REDIRECT] 	at java.desktop/java.awt.Container.dispatchEventImpl(Container.java:2324)
2025-07-22 04:52:22,714 [ERROR] LogOutputStream:75 - [STDERR_REDIRECT] 	at java.desktop/java.awt.Component.dispatchEvent(Component.java:4828)
2025-07-22 04:52:22,715 [ERROR] LogOutputStream:75 - [STDERR_REDIRECT] 	at java.desktop/java.awt.LightweightDispatcher.retargetMouseEvent(Container.java:4948)
2025-07-22 04:52:22,715 [ERROR] LogOutputStream:75 - [STDERR_REDIRECT] 	at java.desktop/java.awt.LightweightDispatcher.processMouseEvent(Container.java:4572)
2025-07-22 04:52:22,716 [ERROR] LogOutputStream:75 - [STDERR_REDIRECT] 	at java.desktop/java.awt.LightweightDispatcher.dispatchEvent(Container.java:4516)
2025-07-22 04:52:22,717 [ERROR] LogOutputStream:75 - [STDERR_REDIRECT] 	at java.desktop/java.awt.Container.dispatchEventImpl(Container.java:2310)
2025-07-22 04:52:22,717 [ERROR] LogOutputStream:75 - [STDERR_REDIRECT] 	at java.desktop/java.awt.Component.dispatchEvent(Component.java:4828)
2025-07-22 04:52:22,718 [ERROR] LogOutputStream:75 - [STDERR_REDIRECT] 	at java.desktop/java.awt.EventQueue.dispatchEventImpl(EventQueue.java:775)
2025-07-22 04:52:22,718 [ERROR] LogOutputStream:75 - [STDERR_REDIRECT] 	at java.desktop/java.awt.EventQueue$4.run(EventQueue.java:720)
2025-07-22 04:52:22,719 [ERROR] LogOutputStream:75 - [STDERR_REDIRECT] 	at java.desktop/java.awt.EventQueue$4.run(EventQueue.java:714)
2025-07-22 04:52:22,719 [ERROR] LogOutputStream:75 - [STDERR_REDIRECT] 	at java.base/java.security.AccessController.doPrivileged(AccessController.java:400)
2025-07-22 04:52:22,720 [ERROR] LogOutputStream:75 - [STDERR_REDIRECT] 	at java.base/java.security.ProtectionDomain$JavaSecurityAccessImpl.doIntersectionPrivilege(ProtectionDomain.java:87)
2025-07-22 04:52:22,721 [ERROR] LogOutputStream:75 - [STDERR_REDIRECT] 	at java.base/java.security.ProtectionDomain$JavaSecurityAccessImpl.doIntersectionPrivilege(ProtectionDomain.java:98)
2025-07-22 04:52:22,721 [ERROR] LogOutputStream:75 - [STDERR_REDIRECT] 	at java.desktop/java.awt.EventQueue$5.run(EventQueue.java:747)
2025-07-22 04:52:22,722 [ERROR] LogOutputStream:75 - [STDERR_REDIRECT] 	at java.desktop/java.awt.EventQueue$5.run(EventQueue.java:745)
2025-07-22 04:52:22,723 [ERROR] LogOutputStream:75 - [STDERR_REDIRECT] 	at java.base/java.security.AccessController.doPrivileged(AccessController.java:400)
2025-07-22 04:52:22,723 [ERROR] LogOutputStream:75 - [STDERR_REDIRECT] 	at java.base/java.security.ProtectionDomain$JavaSecurityAccessImpl.doIntersectionPrivilege(ProtectionDomain.java:87)
2025-07-22 04:52:22,724 [ERROR] LogOutputStream:75 - [STDERR_REDIRECT] 	at java.desktop/java.awt.EventQueue.dispatchEvent(EventQueue.java:744)
2025-07-22 04:52:22,724 [ERROR] LogOutputStream:75 - [STDERR_REDIRECT] 	at java.desktop/java.awt.EventDispatchThread.pumpOneEventForFilters(EventDispatchThread.java:203)
2025-07-22 04:52:22,725 [ERROR] LogOutputStream:75 - [STDERR_REDIRECT] 	at java.desktop/java.awt.EventDispatchThread.pumpEventsForFilter(EventDispatchThread.java:124)
2025-07-22 04:52:22,726 [ERROR] LogOutputStream:75 - [STDERR_REDIRECT] 	at java.desktop/java.awt.EventDispatchThread.pumpEventsForHierarchy(EventDispatchThread.java:113)
2025-07-22 04:52:22,726 [ERROR] LogOutputStream:75 - [STDERR_REDIRECT] 	at java.desktop/java.awt.EventDispatchThread.pumpEvents(EventDispatchThread.java:109)
2025-07-22 04:52:22,727 [ERROR] LogOutputStream:75 - [STDERR_REDIRECT] 	at java.desktop/java.awt.EventDispatchThread.pumpEvents(EventDispatchThread.java:101)
2025-07-22 04:52:22,728 [ERROR] LogOutputStream:75 - [STDERR_REDIRECT] 	at java.desktop/java.awt.EventDispatchThread.run(EventDispatchThread.java:90)
2025-07-22 04:52:25,183 [INFO] UtilMem:75 - End SaveConfig() Used Memory: 686674832 Bytes (1073741824)
2025-07-22 04:52:25,283 [INFO] UtilMem:75 - End SaveConfig() Used Memory: 706075536 Bytes (1073741824)
2025-07-22 04:52:25,723 [INFO] UtilMem:75 - End SaveConfig() Used Memory: 741727120 Bytes (1073741824)
2025-07-22 04:52:26,673 [INFO] BlockDiagram:2775 - set Specific Code input for plugin: FREERTOS
2025-07-22 04:52:26,673 [INFO] BlockDiagram:2775 - set Specific Code input for plugin: FREERTOS
2025-07-22 04:52:26,673 [INFO] BlockDiagram:2775 - set Specific Code input for plugin: RCC
2025-07-22 04:52:26,673 [INFO] BlockDiagram:2775 - set Specific Code input for plugin: USART
2025-07-22 04:52:26,673 [INFO] BlockDiagram:2775 - set Specific Code input for plugin: MEMORYMAP
2025-07-22 04:52:26,673 [INFO] BlockDiagram:2775 - set Specific Code input for plugin: SYS
2025-07-22 04:52:26,673 [INFO] BlockDiagram:2775 - set Specific Code input for plugin: NVIC2
2025-07-22 04:52:26,674 [INFO] BlockDiagram:2775 - set Specific Code input for plugin: GPIO
2025-07-22 04:52:26,674 [INFO] BlockDiagram:2775 - set Specific Code input for plugin: SYS_M4
2025-07-22 04:52:26,674 [INFO] BlockDiagram:2775 - set Specific Code input for plugin: NUCLEO-H755ZI-Q
2025-07-22 04:52:26,674 [INFO] BlockDiagram:2775 - set Specific Code input for plugin: NVIC1
2025-07-22 04:52:26,675 [INFO] CodeGenerator:892 - code generatio: config db path: C:\ST\STM32CubeIDE_1.19.0\STM32CubeIDE\plugins\com.st.stm32cube.common.mx_6.15.0.202507011659\\db\
2025-07-22 04:52:26,710 [ERROR] CodeGenerator:10662 - The current RTOS owner has not been found in the list of IPs
2025-07-22 04:52:26,710 [ERROR] CodeGenerator:10662 - The current RTOS owner has not been found in the list of IPs
2025-07-22 04:52:26,710 [INFO] CodeGenerator:1619 - *******************Project context M7 selected
2025-07-22 04:52:26,753 [INFO] CodeEngine:265 - oldGeneratedFile, C:\Users\nicks\STM32CubeIDE\workspace_1.19.0\AFR\WAYPOINTIFICATION\MXTmpFiles\license.tmp_save
2025-07-22 04:52:26,890 [INFO] CodeEngine:289 - Generated code: C:\Users\nicks\STM32CubeIDE\workspace_1.19.0\AFR\WAYPOINTIFICATION\MXTmpFiles\license.tmp
2025-07-22 04:52:26,941 [INFO] CodeEngine:265 - oldGeneratedFile, C:\Users\nicks\STM32CubeIDE\workspace_1.19.0\AFR\WAYPOINTIFICATION\CM7\MXTmpFiles\gpio.tmp_save
2025-07-22 04:52:27,016 [INFO] CodeEngine:289 - Generated code: C:\Users\nicks\STM32CubeIDE\workspace_1.19.0\AFR\WAYPOINTIFICATION\CM7\MXTmpFiles\gpio.tmp
2025-07-22 04:52:27,097 [ERROR] IocParser:95 - Exception caught: Cannot invoke "java.lang.CharSequence.length()" because "this.text" is null
2025-07-22 04:52:27,098 [WARN] IPConfigManager:103 - WARNING: Missing Config File for MEMORYMAP ip!!
2025-07-22 04:52:27,189 [WARN] IPConfigManager:103 - WARNING: Missing Config File for NVIC1 ip!!
2025-07-22 04:52:27,286 [ERROR] CodeGenerator:10662 - The current RTOS owner has not been found in the list of IPs
2025-07-22 04:52:27,293 [INFO] CodeEngine:265 - oldGeneratedFile, C:\Users\nicks\STM32CubeIDE\workspace_1.19.0\AFR\WAYPOINTIFICATION\CM7\MXTmpFiles\cortex.tmp_save
2025-07-22 04:52:27,342 [INFO] CodeEngine:289 - Generated code: C:\Users\nicks\STM32CubeIDE\workspace_1.19.0\AFR\WAYPOINTIFICATION\CM7\MXTmpFiles\cortex.tmp
2025-07-22 04:52:27,358 [INFO] Middleware:1452 - No code input for Bsp Dependency
2025-07-22 04:52:27,364 [INFO] CodeEngine:265 - oldGeneratedFile, C:\Users\nicks\STM32CubeIDE\workspace_1.19.0\AFR\WAYPOINTIFICATION\CM7\MXTmpFiles\rtos_inc.tmp_save
2025-07-22 04:52:27,407 [INFO] CodeEngine:289 - Generated code: C:\Users\nicks\STM32CubeIDE\workspace_1.19.0\AFR\WAYPOINTIFICATION\CM7\MXTmpFiles\rtos_inc.tmp
2025-07-22 04:52:27,411 [INFO] CodeEngine:265 - oldGeneratedFile, C:\Users\nicks\STM32CubeIDE\workspace_1.19.0\AFR\WAYPOINTIFICATION\CM7\MXTmpFiles\rtos_kernelInit.tmp_save
2025-07-22 04:52:27,454 [INFO] CodeEngine:289 - Generated code: C:\Users\nicks\STM32CubeIDE\workspace_1.19.0\AFR\WAYPOINTIFICATION\CM7\MXTmpFiles\rtos_kernelInit.tmp
2025-07-22 04:52:27,458 [INFO] CodeEngine:265 - oldGeneratedFile, C:\Users\nicks\STM32CubeIDE\workspace_1.19.0\AFR\WAYPOINTIFICATION\CM7\MXTmpFiles\rtos_kernelStart.tmp_save
2025-07-22 04:52:27,502 [INFO] CodeEngine:289 - Generated code: C:\Users\nicks\STM32CubeIDE\workspace_1.19.0\AFR\WAYPOINTIFICATION\CM7\MXTmpFiles\rtos_kernelStart.tmp
2025-07-22 04:52:27,506 [INFO] CodeEngine:265 - oldGeneratedFile, C:\Users\nicks\STM32CubeIDE\workspace_1.19.0\AFR\WAYPOINTIFICATION\CM7\MXTmpFiles\rtos_typedefs.tmp_save
2025-07-22 04:52:27,548 [INFO] CodeEngine:289 - Generated code: C:\Users\nicks\STM32CubeIDE\workspace_1.19.0\AFR\WAYPOINTIFICATION\CM7\MXTmpFiles\rtos_typedefs.tmp
2025-07-22 04:52:27,553 [INFO] CodeEngine:265 - oldGeneratedFile, C:\Users\nicks\STM32CubeIDE\workspace_1.19.0\AFR\WAYPOINTIFICATION\CM7\MXTmpFiles\rtos_vars.tmp_save
2025-07-22 04:52:27,595 [INFO] CodeEngine:289 - Generated code: C:\Users\nicks\STM32CubeIDE\workspace_1.19.0\AFR\WAYPOINTIFICATION\CM7\MXTmpFiles\rtos_vars.tmp
2025-07-22 04:52:27,600 [INFO] CodeEngine:265 - oldGeneratedFile, C:\Users\nicks\STM32CubeIDE\workspace_1.19.0\AFR\WAYPOINTIFICATION\CM7\MXTmpFiles\rtos_pfp.tmp_save
2025-07-22 04:52:27,641 [INFO] CodeEngine:289 - Generated code: C:\Users\nicks\STM32CubeIDE\workspace_1.19.0\AFR\WAYPOINTIFICATION\CM7\MXTmpFiles\rtos_pfp.tmp
2025-07-22 04:52:27,645 [INFO] CodeEngine:265 - oldGeneratedFile, C:\Users\nicks\STM32CubeIDE\workspace_1.19.0\AFR\WAYPOINTIFICATION\CM7\MXTmpFiles\rtos_obj_creat.tmp_save
2025-07-22 04:52:27,687 [INFO] CodeEngine:289 - Generated code: C:\Users\nicks\STM32CubeIDE\workspace_1.19.0\AFR\WAYPOINTIFICATION\CM7\MXTmpFiles\rtos_obj_creat.tmp
2025-07-22 04:52:27,692 [INFO] CodeEngine:265 - oldGeneratedFile, C:\Users\nicks\STM32CubeIDE\workspace_1.19.0\AFR\WAYPOINTIFICATION\CM7\MXTmpFiles\rtos_default_thread.tmp_save
2025-07-22 04:52:27,733 [INFO] CodeEngine:289 - Generated code: C:\Users\nicks\STM32CubeIDE\workspace_1.19.0\AFR\WAYPOINTIFICATION\CM7\MXTmpFiles\rtos_default_thread.tmp
2025-07-22 04:52:27,737 [INFO] CodeEngine:265 - oldGeneratedFile, C:\Users\nicks\STM32CubeIDE\workspace_1.19.0\AFR\WAYPOINTIFICATION\CM7\MXTmpFiles\rtos_threads.tmp_save
2025-07-22 04:52:27,779 [INFO] CodeEngine:289 - Generated code: C:\Users\nicks\STM32CubeIDE\workspace_1.19.0\AFR\WAYPOINTIFICATION\CM7\MXTmpFiles\rtos_threads.tmp
2025-07-22 04:52:27,784 [INFO] CodeEngine:265 - oldGeneratedFile, C:\Users\nicks\STM32CubeIDE\workspace_1.19.0\AFR\WAYPOINTIFICATION\CM7\Core\Inc\FreeRTOSConfig.h_save
2025-07-22 04:52:27,837 [INFO] CodeEngine:289 - Generated code: C:\Users\nicks\STM32CubeIDE\workspace_1.19.0\AFR\WAYPOINTIFICATION\CM7\Core\Inc\FreeRTOSConfig.h
2025-07-22 04:52:27,843 [INFO] CodeEngine:265 - oldGeneratedFile, C:\Users\nicks\STM32CubeIDE\workspace_1.19.0\AFR\WAYPOINTIFICATION\CM7\Core\Src\freertos.c_save
2025-07-22 04:52:27,891 [INFO] CodeEngine:289 - Generated code: C:\Users\nicks\STM32CubeIDE\workspace_1.19.0\AFR\WAYPOINTIFICATION\CM7\Core\Src\freertos.c
2025-07-22 04:52:27,912 [INFO] CodeEngine:265 - oldGeneratedFile, C:\Users\nicks\STM32CubeIDE\workspace_1.19.0\AFR\WAYPOINTIFICATION\CM7\Core\Inc\stm32h7xx_nucleo_conf.h_save
2025-07-22 04:52:27,958 [INFO] CodeEngine:289 - Generated code: C:\Users\nicks\STM32CubeIDE\workspace_1.19.0\AFR\WAYPOINTIFICATION\CM7\Core\Inc\stm32h7xx_nucleo_conf.h
2025-07-22 04:52:27,963 [INFO] CodeEngine:265 - oldGeneratedFile, C:\Users\nicks\STM32CubeIDE\workspace_1.19.0\AFR\WAYPOINTIFICATION\CM7\MXTmpFiles\bsp_inc.tmp_save
2025-07-22 04:52:28,004 [INFO] CodeEngine:289 - Generated code: C:\Users\nicks\STM32CubeIDE\workspace_1.19.0\AFR\WAYPOINTIFICATION\CM7\MXTmpFiles\bsp_inc.tmp
2025-07-22 04:52:28,010 [INFO] CodeEngine:265 - oldGeneratedFile, C:\Users\nicks\STM32CubeIDE\workspace_1.19.0\AFR\WAYPOINTIFICATION\CM7\MXTmpFiles\bsp_common_vars.tmp_save
2025-07-22 04:52:28,048 [INFO] CodeEngine:289 - Generated code: C:\Users\nicks\STM32CubeIDE\workspace_1.19.0\AFR\WAYPOINTIFICATION\CM7\MXTmpFiles\bsp_common_vars.tmp
2025-07-22 04:52:28,053 [INFO] CodeEngine:265 - oldGeneratedFile, C:\Users\nicks\STM32CubeIDE\workspace_1.19.0\AFR\WAYPOINTIFICATION\CM7\MXTmpFiles\bsp_common_init.tmp_save
2025-07-22 04:52:28,092 [INFO] CodeEngine:289 - Generated code: C:\Users\nicks\STM32CubeIDE\workspace_1.19.0\AFR\WAYPOINTIFICATION\CM7\MXTmpFiles\bsp_common_init.tmp
2025-07-22 04:52:28,096 [INFO] CodeEngine:265 - oldGeneratedFile, C:\Users\nicks\STM32CubeIDE\workspace_1.19.0\AFR\WAYPOINTIFICATION\CM7\MXTmpFiles\bsp_common_demo_before_while.tmp_save
2025-07-22 04:52:28,136 [INFO] CodeEngine:289 - Generated code: C:\Users\nicks\STM32CubeIDE\workspace_1.19.0\AFR\WAYPOINTIFICATION\CM7\MXTmpFiles\bsp_common_demo_before_while.tmp
2025-07-22 04:52:28,141 [INFO] CodeEngine:265 - oldGeneratedFile, C:\Users\nicks\STM32CubeIDE\workspace_1.19.0\AFR\WAYPOINTIFICATION\CM7\MXTmpFiles\bsp_common_demo_inside_while.tmp_save
2025-07-22 04:52:28,181 [INFO] CodeEngine:289 - Generated code: C:\Users\nicks\STM32CubeIDE\workspace_1.19.0\AFR\WAYPOINTIFICATION\CM7\MXTmpFiles\bsp_common_demo_inside_while.tmp
2025-07-22 04:52:28,185 [INFO] CodeEngine:265 - oldGeneratedFile, C:\Users\nicks\STM32CubeIDE\workspace_1.19.0\AFR\WAYPOINTIFICATION\CM7\MXTmpFiles\bsp_common_demo_fct.tmp_save
2025-07-22 04:52:28,224 [INFO] CodeEngine:289 - Generated code: C:\Users\nicks\STM32CubeIDE\workspace_1.19.0\AFR\WAYPOINTIFICATION\CM7\MXTmpFiles\bsp_common_demo_fct.tmp
2025-07-22 04:52:28,244 [INFO] CodeEngine:265 - oldGeneratedFile, C:\Users\nicks\STM32CubeIDE\workspace_1.19.0\AFR\WAYPOINTIFICATION\CM7\Core\Src\stm32h7xx_it.c_save
2025-07-22 04:52:28,304 [INFO] CodeEngine:289 - Generated code: C:\Users\nicks\STM32CubeIDE\workspace_1.19.0\AFR\WAYPOINTIFICATION\CM7\Core\Src\stm32h7xx_it.c
2025-07-22 04:52:28,310 [INFO] CodeEngine:265 - oldGeneratedFile, C:\Users\nicks\STM32CubeIDE\workspace_1.19.0\AFR\WAYPOINTIFICATION\CM7\Core\Inc\stm32h7xx_it.h_save
2025-07-22 04:52:28,352 [INFO] CodeEngine:289 - Generated code: C:\Users\nicks\STM32CubeIDE\workspace_1.19.0\AFR\WAYPOINTIFICATION\CM7\Core\Inc\stm32h7xx_it.h
2025-07-22 04:52:28,421 [INFO] CodeEngine:265 - oldGeneratedFile, C:\Users\nicks\STM32CubeIDE\workspace_1.19.0\AFR\WAYPOINTIFICATION\CM7\Core\Src\stm32h7xx_hal_msp.c_save
2025-07-22 04:52:28,485 [INFO] CodeEngine:289 - Generated code: C:\Users\nicks\STM32CubeIDE\workspace_1.19.0\AFR\WAYPOINTIFICATION\CM7\Core\Src\stm32h7xx_hal_msp.c
2025-07-22 04:52:28,491 [INFO] CodeEngine:265 - oldGeneratedFile, C:\Users\nicks\STM32CubeIDE\workspace_1.19.0\AFR\WAYPOINTIFICATION\CM7\MXTmpFiles\system.tmp_save
2025-07-22 04:52:28,529 [INFO] CodeEngine:289 - Generated code: C:\Users\nicks\STM32CubeIDE\workspace_1.19.0\AFR\WAYPOINTIFICATION\CM7\MXTmpFiles\system.tmp
2025-07-22 04:52:28,541 [INFO] CodeEngine:321 - oldGeneratedFile, C:\Users\nicks\STM32CubeIDE\workspace_1.19.0\AFR\WAYPOINTIFICATION\CM7\Core\Inc\stm32h7xx_hal_conf.h_save
2025-07-22 04:52:28,587 [INFO] CodeEngine:345 - Generated code: C:\Users\nicks\STM32CubeIDE\workspace_1.19.0\AFR\WAYPOINTIFICATION\CM7\Core\Inc\stm32h7xx_hal_conf.h
2025-07-22 04:52:28,607 [WARN] IPConfigManager:3811 - IP not found : NVIC
2025-07-22 04:52:28,608 [WARN] CodeGenerator:4259 - IP not found : null
2025-07-22 04:52:28,615 [INFO] CodeEngine:265 - oldGeneratedFile, C:\Users\nicks\STM32CubeIDE\workspace_1.19.0\AFR\WAYPOINTIFICATION\CM7\Core\Inc\main.h_save
2025-07-22 04:52:28,664 [INFO] CodeEngine:289 - Generated code: C:\Users\nicks\STM32CubeIDE\workspace_1.19.0\AFR\WAYPOINTIFICATION\CM7\Core\Inc\main.h
2025-07-22 04:52:28,670 [INFO] CodeEngine:265 - oldGeneratedFile, C:\Users\nicks\STM32CubeIDE\workspace_1.19.0\AFR\WAYPOINTIFICATION\CM7\Core\Src\main.c_save
2025-07-22 04:52:28,751 [INFO] CodeEngine:289 - Generated code: C:\Users\nicks\STM32CubeIDE\workspace_1.19.0\AFR\WAYPOINTIFICATION\CM7\Core\Src\main.c
2025-07-22 04:52:28,796 [INFO] CodeGenerator:1619 - *******************Project context M4 selected
2025-07-22 04:52:28,845 [INFO] CodeEngine:265 - oldGeneratedFile, C:\Users\nicks\STM32CubeIDE\workspace_1.19.0\AFR\WAYPOINTIFICATION\MXTmpFiles\license.tmp_save
2025-07-22 04:52:28,915 [INFO] CodeEngine:289 - Generated code: C:\Users\nicks\STM32CubeIDE\workspace_1.19.0\AFR\WAYPOINTIFICATION\MXTmpFiles\license.tmp
2025-07-22 04:52:28,931 [WARN] IPConfigManager:103 - WARNING: Missing Config File for NVIC2 ip!!
2025-07-22 04:52:28,935 [ERROR] CodeGenerator:10662 - The current RTOS owner has not been found in the list of IPs
2025-07-22 04:52:28,941 [INFO] CodeEngine:265 - oldGeneratedFile, C:\Users\nicks\STM32CubeIDE\workspace_1.19.0\AFR\WAYPOINTIFICATION\CM4\MXTmpFiles\cortex.tmp_save
2025-07-22 04:52:28,982 [INFO] CodeEngine:289 - Generated code: C:\Users\nicks\STM32CubeIDE\workspace_1.19.0\AFR\WAYPOINTIFICATION\CM4\MXTmpFiles\cortex.tmp
2025-07-22 04:52:28,998 [INFO] Middleware:1452 - No code input for Bsp Dependency
2025-07-22 04:52:29,004 [INFO] CodeEngine:265 - oldGeneratedFile, C:\Users\nicks\STM32CubeIDE\workspace_1.19.0\AFR\WAYPOINTIFICATION\CM4\MXTmpFiles\rtos_inc.tmp_save
2025-07-22 04:52:29,041 [INFO] CodeEngine:289 - Generated code: C:\Users\nicks\STM32CubeIDE\workspace_1.19.0\AFR\WAYPOINTIFICATION\CM4\MXTmpFiles\rtos_inc.tmp
2025-07-22 04:52:29,046 [INFO] CodeEngine:265 - oldGeneratedFile, C:\Users\nicks\STM32CubeIDE\workspace_1.19.0\AFR\WAYPOINTIFICATION\CM4\MXTmpFiles\rtos_kernelInit.tmp_save
2025-07-22 04:52:29,085 [INFO] CodeEngine:289 - Generated code: C:\Users\nicks\STM32CubeIDE\workspace_1.19.0\AFR\WAYPOINTIFICATION\CM4\MXTmpFiles\rtos_kernelInit.tmp
2025-07-22 04:52:29,090 [INFO] CodeEngine:265 - oldGeneratedFile, C:\Users\nicks\STM32CubeIDE\workspace_1.19.0\AFR\WAYPOINTIFICATION\CM4\MXTmpFiles\rtos_kernelStart.tmp_save
2025-07-22 04:52:29,129 [INFO] CodeEngine:289 - Generated code: C:\Users\nicks\STM32CubeIDE\workspace_1.19.0\AFR\WAYPOINTIFICATION\CM4\MXTmpFiles\rtos_kernelStart.tmp
2025-07-22 04:52:29,134 [INFO] CodeEngine:265 - oldGeneratedFile, C:\Users\nicks\STM32CubeIDE\workspace_1.19.0\AFR\WAYPOINTIFICATION\CM4\MXTmpFiles\rtos_typedefs.tmp_save
2025-07-22 04:52:29,174 [INFO] CodeEngine:289 - Generated code: C:\Users\nicks\STM32CubeIDE\workspace_1.19.0\AFR\WAYPOINTIFICATION\CM4\MXTmpFiles\rtos_typedefs.tmp
2025-07-22 04:52:29,178 [INFO] CodeEngine:265 - oldGeneratedFile, C:\Users\nicks\STM32CubeIDE\workspace_1.19.0\AFR\WAYPOINTIFICATION\CM4\MXTmpFiles\rtos_vars.tmp_save
2025-07-22 04:52:29,219 [INFO] CodeEngine:289 - Generated code: C:\Users\nicks\STM32CubeIDE\workspace_1.19.0\AFR\WAYPOINTIFICATION\CM4\MXTmpFiles\rtos_vars.tmp
2025-07-22 04:52:29,224 [INFO] CodeEngine:265 - oldGeneratedFile, C:\Users\nicks\STM32CubeIDE\workspace_1.19.0\AFR\WAYPOINTIFICATION\CM4\MXTmpFiles\rtos_pfp.tmp_save
2025-07-22 04:52:29,272 [INFO] CodeEngine:289 - Generated code: C:\Users\nicks\STM32CubeIDE\workspace_1.19.0\AFR\WAYPOINTIFICATION\CM4\MXTmpFiles\rtos_pfp.tmp
2025-07-22 04:52:29,278 [INFO] CodeEngine:265 - oldGeneratedFile, C:\Users\nicks\STM32CubeIDE\workspace_1.19.0\AFR\WAYPOINTIFICATION\CM4\MXTmpFiles\rtos_obj_creat.tmp_save
2025-07-22 04:52:29,337 [INFO] CodeEngine:289 - Generated code: C:\Users\nicks\STM32CubeIDE\workspace_1.19.0\AFR\WAYPOINTIFICATION\CM4\MXTmpFiles\rtos_obj_creat.tmp
2025-07-22 04:52:29,343 [INFO] CodeEngine:265 - oldGeneratedFile, C:\Users\nicks\STM32CubeIDE\workspace_1.19.0\AFR\WAYPOINTIFICATION\CM4\MXTmpFiles\rtos_default_thread.tmp_save
2025-07-22 04:52:29,396 [INFO] CodeEngine:289 - Generated code: C:\Users\nicks\STM32CubeIDE\workspace_1.19.0\AFR\WAYPOINTIFICATION\CM4\MXTmpFiles\rtos_default_thread.tmp
2025-07-22 04:52:29,401 [INFO] CodeEngine:265 - oldGeneratedFile, C:\Users\nicks\STM32CubeIDE\workspace_1.19.0\AFR\WAYPOINTIFICATION\CM4\MXTmpFiles\rtos_threads.tmp_save
2025-07-22 04:52:29,449 [INFO] CodeEngine:289 - Generated code: C:\Users\nicks\STM32CubeIDE\workspace_1.19.0\AFR\WAYPOINTIFICATION\CM4\MXTmpFiles\rtos_threads.tmp
2025-07-22 04:52:29,456 [INFO] CodeEngine:265 - oldGeneratedFile, C:\Users\nicks\STM32CubeIDE\workspace_1.19.0\AFR\WAYPOINTIFICATION\CM4\Core\Inc\FreeRTOSConfig.h_save
2025-07-22 04:52:29,520 [INFO] CodeEngine:289 - Generated code: C:\Users\nicks\STM32CubeIDE\workspace_1.19.0\AFR\WAYPOINTIFICATION\CM4\Core\Inc\FreeRTOSConfig.h
2025-07-22 04:52:29,527 [INFO] CodeEngine:265 - oldGeneratedFile, C:\Users\nicks\STM32CubeIDE\workspace_1.19.0\AFR\WAYPOINTIFICATION\CM4\Core\Src\freertos.c_save
2025-07-22 04:52:29,576 [INFO] CodeEngine:289 - Generated code: C:\Users\nicks\STM32CubeIDE\workspace_1.19.0\AFR\WAYPOINTIFICATION\CM4\Core\Src\freertos.c
2025-07-22 04:52:29,598 [INFO] CodeEngine:265 - oldGeneratedFile, C:\Users\nicks\STM32CubeIDE\workspace_1.19.0\AFR\WAYPOINTIFICATION\CM4\Core\Inc\stm32h7xx_nucleo_conf.h_save
2025-07-22 04:52:29,644 [INFO] CodeEngine:289 - Generated code: C:\Users\nicks\STM32CubeIDE\workspace_1.19.0\AFR\WAYPOINTIFICATION\CM4\Core\Inc\stm32h7xx_nucleo_conf.h
2025-07-22 04:52:29,648 [INFO] CodeEngine:265 - oldGeneratedFile, C:\Users\nicks\STM32CubeIDE\workspace_1.19.0\AFR\WAYPOINTIFICATION\CM4\MXTmpFiles\bsp_inc.tmp_save
2025-07-22 04:52:29,687 [INFO] CodeEngine:289 - Generated code: C:\Users\nicks\STM32CubeIDE\workspace_1.19.0\AFR\WAYPOINTIFICATION\CM4\MXTmpFiles\bsp_inc.tmp
2025-07-22 04:52:29,703 [INFO] CodeEngine:265 - oldGeneratedFile, C:\Users\nicks\STM32CubeIDE\workspace_1.19.0\AFR\WAYPOINTIFICATION\CM4\Core\Src\stm32h7xx_it.c_save
2025-07-22 04:52:29,751 [INFO] CodeEngine:289 - Generated code: C:\Users\nicks\STM32CubeIDE\workspace_1.19.0\AFR\WAYPOINTIFICATION\CM4\Core\Src\stm32h7xx_it.c
2025-07-22 04:52:29,757 [INFO] CodeEngine:265 - oldGeneratedFile, C:\Users\nicks\STM32CubeIDE\workspace_1.19.0\AFR\WAYPOINTIFICATION\CM4\Core\Inc\stm32h7xx_it.h_save
2025-07-22 04:52:29,799 [INFO] CodeEngine:289 - Generated code: C:\Users\nicks\STM32CubeIDE\workspace_1.19.0\AFR\WAYPOINTIFICATION\CM4\Core\Inc\stm32h7xx_it.h
2025-07-22 04:52:29,826 [INFO] CodeEngine:265 - oldGeneratedFile, C:\Users\nicks\STM32CubeIDE\workspace_1.19.0\AFR\WAYPOINTIFICATION\CM4\Core\Src\stm32h7xx_hal_msp.c_save
2025-07-22 04:52:29,884 [INFO] CodeEngine:289 - Generated code: C:\Users\nicks\STM32CubeIDE\workspace_1.19.0\AFR\WAYPOINTIFICATION\CM4\Core\Src\stm32h7xx_hal_msp.c
2025-07-22 04:52:29,889 [INFO] CodeEngine:265 - oldGeneratedFile, C:\Users\nicks\STM32CubeIDE\workspace_1.19.0\AFR\WAYPOINTIFICATION\CM4\MXTmpFiles\system.tmp_save
2025-07-22 04:52:29,926 [INFO] CodeEngine:289 - Generated code: C:\Users\nicks\STM32CubeIDE\workspace_1.19.0\AFR\WAYPOINTIFICATION\CM4\MXTmpFiles\system.tmp
2025-07-22 04:52:29,936 [INFO] CodeEngine:321 - oldGeneratedFile, C:\Users\nicks\STM32CubeIDE\workspace_1.19.0\AFR\WAYPOINTIFICATION\CM4\Core\Inc\stm32h7xx_hal_conf.h_save
2025-07-22 04:52:29,986 [INFO] CodeEngine:345 - Generated code: C:\Users\nicks\STM32CubeIDE\workspace_1.19.0\AFR\WAYPOINTIFICATION\CM4\Core\Inc\stm32h7xx_hal_conf.h
2025-07-22 04:52:29,998 [WARN] IPConfigManager:3811 - IP not found : NVIC
2025-07-22 04:52:29,999 [WARN] CodeGenerator:4259 - IP not found : null
2025-07-22 04:52:30,006 [INFO] CodeEngine:265 - oldGeneratedFile, C:\Users\nicks\STM32CubeIDE\workspace_1.19.0\AFR\WAYPOINTIFICATION\CM4\Core\Inc\main.h_save
2025-07-22 04:52:30,052 [INFO] CodeEngine:289 - Generated code: C:\Users\nicks\STM32CubeIDE\workspace_1.19.0\AFR\WAYPOINTIFICATION\CM4\Core\Inc\main.h
2025-07-22 04:52:30,057 [INFO] CodeEngine:265 - oldGeneratedFile, C:\Users\nicks\STM32CubeIDE\workspace_1.19.0\AFR\WAYPOINTIFICATION\CM4\Core\Src\main.c_save
2025-07-22 04:52:30,123 [INFO] CodeEngine:289 - Generated code: C:\Users\nicks\STM32CubeIDE\workspace_1.19.0\AFR\WAYPOINTIFICATION\CM4\Core\Src\main.c
2025-07-22 04:52:30,526 [INFO] ProjectBuilder:3606 - Time for Copy HAL[1] : 240mS.
2025-07-22 04:52:30,538 [INFO] ProjectBuilder:5216 - Project Generator version: 4.7.0-B52
2025-07-22 04:52:30,593 [INFO] ConfigFileManager:1595 - The Die is : DIE450
2025-07-22 04:52:36,138 [INFO] ProjectBuilder:5496 - Time for Generating toolchain IDE Files: 5600mS.
2025-07-22 04:52:36,139 [INFO] ProjectBuilder:3463 - Time for Copy CMSIS : 0mS.
2025-07-22 04:52:36,145 [INFO] ProjectBuilder:3463 - Time for Copy CMSIS : 0mS.
2025-07-22 04:54:12,076 [INFO] NvicIntPanel:101 - NVIC parent = com.st.microxplorer.plugins.ip.nvic.MultiNvicIntPanel[,0,0,0x0,invalid,layout=javax.swing.BoxLayout,alignmentX=0.0,alignmentY=0.0,border=,flags=9,maximumSize=,minimumSize=,preferredSize=]
2025-07-22 04:54:12,620 [INFO] UtilMem:75 - End SaveConfig() Used Memory: 499173824 Bytes (1073741824)
2025-07-22 04:54:12,809 [INFO] UtilMem:75 - End SaveConfig() Used Memory: 479250880 Bytes (1073741824)
2025-07-22 04:54:13,286 [INFO] UtilMem:75 - End SaveConfig() Used Memory: 515428800 Bytes (1073741824)
2025-07-22 04:54:14,371 [INFO] BlockDiagram:2775 - set Specific Code input for plugin: FREERTOS
2025-07-22 04:54:14,371 [INFO] BlockDiagram:2775 - set Specific Code input for plugin: FREERTOS
2025-07-22 04:54:14,372 [INFO] BlockDiagram:2775 - set Specific Code input for plugin: RCC
2025-07-22 04:54:14,372 [INFO] BlockDiagram:2775 - set Specific Code input for plugin: USART
2025-07-22 04:54:14,372 [INFO] BlockDiagram:2775 - set Specific Code input for plugin: MEMORYMAP
2025-07-22 04:54:14,372 [INFO] BlockDiagram:2775 - set Specific Code input for plugin: SYS
2025-07-22 04:54:14,372 [INFO] BlockDiagram:2775 - set Specific Code input for plugin: NVIC2
2025-07-22 04:54:14,372 [INFO] BlockDiagram:2775 - set Specific Code input for plugin: GPIO
2025-07-22 04:54:14,372 [INFO] BlockDiagram:2775 - set Specific Code input for plugin: SYS_M4
2025-07-22 04:54:14,372 [INFO] BlockDiagram:2775 - set Specific Code input for plugin: NUCLEO-H755ZI-Q
2025-07-22 04:54:14,372 [INFO] BlockDiagram:2775 - set Specific Code input for plugin: NVIC1
2025-07-22 04:54:14,373 [INFO] CodeGenerator:892 - code generatio: config db path: C:\ST\STM32CubeIDE_1.19.0\STM32CubeIDE\plugins\com.st.stm32cube.common.mx_6.15.0.202507011659\\db\
2025-07-22 04:54:14,413 [ERROR] CodeGenerator:10662 - The current RTOS owner has not been found in the list of IPs
2025-07-22 04:54:14,413 [ERROR] CodeGenerator:10662 - The current RTOS owner has not been found in the list of IPs
2025-07-22 04:54:14,414 [INFO] CodeGenerator:1619 - *******************Project context M7 selected
2025-07-22 04:54:14,449 [ERROR] IocParser:95 - Exception caught: Cannot invoke "java.lang.CharSequence.length()" because "this.text" is null
2025-07-22 04:54:14,466 [INFO] CodeEngine:265 - oldGeneratedFile, C:\Users\nicks\STM32CubeIDE\workspace_1.19.0\AFR\WAYPOINTIFICATION\MXTmpFiles\license.tmp_save
2025-07-22 04:54:14,603 [INFO] CodeEngine:289 - Generated code: C:\Users\nicks\STM32CubeIDE\workspace_1.19.0\AFR\WAYPOINTIFICATION\MXTmpFiles\license.tmp
2025-07-22 04:54:14,662 [INFO] CodeEngine:265 - oldGeneratedFile, C:\Users\nicks\STM32CubeIDE\workspace_1.19.0\AFR\WAYPOINTIFICATION\CM7\MXTmpFiles\gpio.tmp_save
2025-07-22 04:54:14,744 [INFO] CodeEngine:289 - Generated code: C:\Users\nicks\STM32CubeIDE\workspace_1.19.0\AFR\WAYPOINTIFICATION\CM7\MXTmpFiles\gpio.tmp
2025-07-22 04:54:14,836 [WARN] IPConfigManager:103 - WARNING: Missing Config File for MEMORYMAP ip!!
2025-07-22 04:54:14,916 [WARN] IPConfigManager:103 - WARNING: Missing Config File for NVIC1 ip!!
2025-07-22 04:54:15,026 [ERROR] CodeGenerator:10662 - The current RTOS owner has not been found in the list of IPs
2025-07-22 04:54:15,031 [INFO] CodeEngine:265 - oldGeneratedFile, C:\Users\nicks\STM32CubeIDE\workspace_1.19.0\AFR\WAYPOINTIFICATION\CM7\MXTmpFiles\cortex.tmp_save
2025-07-22 04:54:15,081 [INFO] CodeEngine:289 - Generated code: C:\Users\nicks\STM32CubeIDE\workspace_1.19.0\AFR\WAYPOINTIFICATION\CM7\MXTmpFiles\cortex.tmp
2025-07-22 04:54:15,096 [INFO] Middleware:1452 - No code input for Bsp Dependency
2025-07-22 04:54:15,104 [INFO] CodeEngine:265 - oldGeneratedFile, C:\Users\nicks\STM32CubeIDE\workspace_1.19.0\AFR\WAYPOINTIFICATION\CM7\MXTmpFiles\rtos_inc.tmp_save
2025-07-22 04:54:15,150 [INFO] CodeEngine:289 - Generated code: C:\Users\nicks\STM32CubeIDE\workspace_1.19.0\AFR\WAYPOINTIFICATION\CM7\MXTmpFiles\rtos_inc.tmp
2025-07-22 04:54:15,155 [INFO] CodeEngine:265 - oldGeneratedFile, C:\Users\nicks\STM32CubeIDE\workspace_1.19.0\AFR\WAYPOINTIFICATION\CM7\MXTmpFiles\rtos_kernelInit.tmp_save
2025-07-22 04:54:15,197 [INFO] CodeEngine:289 - Generated code: C:\Users\nicks\STM32CubeIDE\workspace_1.19.0\AFR\WAYPOINTIFICATION\CM7\MXTmpFiles\rtos_kernelInit.tmp
2025-07-22 04:54:15,202 [INFO] CodeEngine:265 - oldGeneratedFile, C:\Users\nicks\STM32CubeIDE\workspace_1.19.0\AFR\WAYPOINTIFICATION\CM7\MXTmpFiles\rtos_kernelStart.tmp_save
2025-07-22 04:54:15,247 [INFO] CodeEngine:289 - Generated code: C:\Users\nicks\STM32CubeIDE\workspace_1.19.0\AFR\WAYPOINTIFICATION\CM7\MXTmpFiles\rtos_kernelStart.tmp
2025-07-22 04:54:15,253 [INFO] CodeEngine:265 - oldGeneratedFile, C:\Users\nicks\STM32CubeIDE\workspace_1.19.0\AFR\WAYPOINTIFICATION\CM7\MXTmpFiles\rtos_typedefs.tmp_save
2025-07-22 04:54:15,296 [INFO] CodeEngine:289 - Generated code: C:\Users\nicks\STM32CubeIDE\workspace_1.19.0\AFR\WAYPOINTIFICATION\CM7\MXTmpFiles\rtos_typedefs.tmp
2025-07-22 04:54:15,303 [INFO] CodeEngine:265 - oldGeneratedFile, C:\Users\nicks\STM32CubeIDE\workspace_1.19.0\AFR\WAYPOINTIFICATION\CM7\MXTmpFiles\rtos_vars.tmp_save
2025-07-22 04:54:15,351 [INFO] CodeEngine:289 - Generated code: C:\Users\nicks\STM32CubeIDE\workspace_1.19.0\AFR\WAYPOINTIFICATION\CM7\MXTmpFiles\rtos_vars.tmp
2025-07-22 04:54:15,356 [INFO] CodeEngine:265 - oldGeneratedFile, C:\Users\nicks\STM32CubeIDE\workspace_1.19.0\AFR\WAYPOINTIFICATION\CM7\MXTmpFiles\rtos_pfp.tmp_save
2025-07-22 04:54:15,398 [INFO] CodeEngine:289 - Generated code: C:\Users\nicks\STM32CubeIDE\workspace_1.19.0\AFR\WAYPOINTIFICATION\CM7\MXTmpFiles\rtos_pfp.tmp
2025-07-22 04:54:15,403 [INFO] CodeEngine:265 - oldGeneratedFile, C:\Users\nicks\STM32CubeIDE\workspace_1.19.0\AFR\WAYPOINTIFICATION\CM7\MXTmpFiles\rtos_obj_creat.tmp_save
2025-07-22 04:54:15,446 [INFO] CodeEngine:289 - Generated code: C:\Users\nicks\STM32CubeIDE\workspace_1.19.0\AFR\WAYPOINTIFICATION\CM7\MXTmpFiles\rtos_obj_creat.tmp
2025-07-22 04:54:15,451 [INFO] CodeEngine:265 - oldGeneratedFile, C:\Users\nicks\STM32CubeIDE\workspace_1.19.0\AFR\WAYPOINTIFICATION\CM7\MXTmpFiles\rtos_default_thread.tmp_save
2025-07-22 04:54:15,491 [INFO] CodeEngine:289 - Generated code: C:\Users\nicks\STM32CubeIDE\workspace_1.19.0\AFR\WAYPOINTIFICATION\CM7\MXTmpFiles\rtos_default_thread.tmp
2025-07-22 04:54:15,496 [INFO] CodeEngine:265 - oldGeneratedFile, C:\Users\nicks\STM32CubeIDE\workspace_1.19.0\AFR\WAYPOINTIFICATION\CM7\MXTmpFiles\rtos_threads.tmp_save
2025-07-22 04:54:15,537 [INFO] CodeEngine:289 - Generated code: C:\Users\nicks\STM32CubeIDE\workspace_1.19.0\AFR\WAYPOINTIFICATION\CM7\MXTmpFiles\rtos_threads.tmp
2025-07-22 04:54:15,543 [INFO] CodeEngine:265 - oldGeneratedFile, C:\Users\nicks\STM32CubeIDE\workspace_1.19.0\AFR\WAYPOINTIFICATION\CM7\Core\Inc\FreeRTOSConfig.h_save
2025-07-22 04:54:15,597 [INFO] CodeEngine:289 - Generated code: C:\Users\nicks\STM32CubeIDE\workspace_1.19.0\AFR\WAYPOINTIFICATION\CM7\Core\Inc\FreeRTOSConfig.h
2025-07-22 04:54:15,603 [INFO] CodeEngine:265 - oldGeneratedFile, C:\Users\nicks\STM32CubeIDE\workspace_1.19.0\AFR\WAYPOINTIFICATION\CM7\Core\Src\freertos.c_save
2025-07-22 04:54:15,650 [INFO] CodeEngine:289 - Generated code: C:\Users\nicks\STM32CubeIDE\workspace_1.19.0\AFR\WAYPOINTIFICATION\CM7\Core\Src\freertos.c
2025-07-22 04:54:15,671 [INFO] CodeEngine:265 - oldGeneratedFile, C:\Users\nicks\STM32CubeIDE\workspace_1.19.0\AFR\WAYPOINTIFICATION\CM7\Core\Inc\stm32h7xx_nucleo_conf.h_save
2025-07-22 04:54:15,714 [INFO] CodeEngine:289 - Generated code: C:\Users\nicks\STM32CubeIDE\workspace_1.19.0\AFR\WAYPOINTIFICATION\CM7\Core\Inc\stm32h7xx_nucleo_conf.h
2025-07-22 04:54:15,719 [INFO] CodeEngine:265 - oldGeneratedFile, C:\Users\nicks\STM32CubeIDE\workspace_1.19.0\AFR\WAYPOINTIFICATION\CM7\MXTmpFiles\bsp_inc.tmp_save
2025-07-22 04:54:15,757 [INFO] CodeEngine:289 - Generated code: C:\Users\nicks\STM32CubeIDE\workspace_1.19.0\AFR\WAYPOINTIFICATION\CM7\MXTmpFiles\bsp_inc.tmp
2025-07-22 04:54:15,762 [INFO] CodeEngine:265 - oldGeneratedFile, C:\Users\nicks\STM32CubeIDE\workspace_1.19.0\AFR\WAYPOINTIFICATION\CM7\MXTmpFiles\bsp_common_vars.tmp_save
2025-07-22 04:54:15,805 [INFO] CodeEngine:289 - Generated code: C:\Users\nicks\STM32CubeIDE\workspace_1.19.0\AFR\WAYPOINTIFICATION\CM7\MXTmpFiles\bsp_common_vars.tmp
2025-07-22 04:54:15,809 [INFO] CodeEngine:265 - oldGeneratedFile, C:\Users\nicks\STM32CubeIDE\workspace_1.19.0\AFR\WAYPOINTIFICATION\CM7\MXTmpFiles\bsp_common_init.tmp_save
2025-07-22 04:54:15,849 [INFO] CodeEngine:289 - Generated code: C:\Users\nicks\STM32CubeIDE\workspace_1.19.0\AFR\WAYPOINTIFICATION\CM7\MXTmpFiles\bsp_common_init.tmp
2025-07-22 04:54:15,854 [INFO] CodeEngine:265 - oldGeneratedFile, C:\Users\nicks\STM32CubeIDE\workspace_1.19.0\AFR\WAYPOINTIFICATION\CM7\MXTmpFiles\bsp_common_demo_before_while.tmp_save
2025-07-22 04:54:15,896 [INFO] CodeEngine:289 - Generated code: C:\Users\nicks\STM32CubeIDE\workspace_1.19.0\AFR\WAYPOINTIFICATION\CM7\MXTmpFiles\bsp_common_demo_before_while.tmp
2025-07-22 04:54:15,900 [INFO] CodeEngine:265 - oldGeneratedFile, C:\Users\nicks\STM32CubeIDE\workspace_1.19.0\AFR\WAYPOINTIFICATION\CM7\MXTmpFiles\bsp_common_demo_inside_while.tmp_save
2025-07-22 04:54:15,941 [INFO] CodeEngine:289 - Generated code: C:\Users\nicks\STM32CubeIDE\workspace_1.19.0\AFR\WAYPOINTIFICATION\CM7\MXTmpFiles\bsp_common_demo_inside_while.tmp
2025-07-22 04:54:15,946 [INFO] CodeEngine:265 - oldGeneratedFile, C:\Users\nicks\STM32CubeIDE\workspace_1.19.0\AFR\WAYPOINTIFICATION\CM7\MXTmpFiles\bsp_common_demo_fct.tmp_save
2025-07-22 04:54:15,986 [INFO] CodeEngine:289 - Generated code: C:\Users\nicks\STM32CubeIDE\workspace_1.19.0\AFR\WAYPOINTIFICATION\CM7\MXTmpFiles\bsp_common_demo_fct.tmp
2025-07-22 04:54:16,007 [INFO] CodeEngine:265 - oldGeneratedFile, C:\Users\nicks\STM32CubeIDE\workspace_1.19.0\AFR\WAYPOINTIFICATION\CM7\Core\Src\stm32h7xx_it.c_save
2025-07-22 04:54:16,068 [INFO] CodeEngine:289 - Generated code: C:\Users\nicks\STM32CubeIDE\workspace_1.19.0\AFR\WAYPOINTIFICATION\CM7\Core\Src\stm32h7xx_it.c
2025-07-22 04:54:16,075 [INFO] CodeEngine:265 - oldGeneratedFile, C:\Users\nicks\STM32CubeIDE\workspace_1.19.0\AFR\WAYPOINTIFICATION\CM7\Core\Inc\stm32h7xx_it.h_save
2025-07-22 04:54:16,124 [INFO] CodeEngine:289 - Generated code: C:\Users\nicks\STM32CubeIDE\workspace_1.19.0\AFR\WAYPOINTIFICATION\CM7\Core\Inc\stm32h7xx_it.h
2025-07-22 04:54:16,199 [INFO] CodeEngine:265 - oldGeneratedFile, C:\Users\nicks\STM32CubeIDE\workspace_1.19.0\AFR\WAYPOINTIFICATION\CM7\Core\Src\stm32h7xx_hal_msp.c_save
2025-07-22 04:54:16,267 [INFO] CodeEngine:289 - Generated code: C:\Users\nicks\STM32CubeIDE\workspace_1.19.0\AFR\WAYPOINTIFICATION\CM7\Core\Src\stm32h7xx_hal_msp.c
2025-07-22 04:54:16,275 [INFO] CodeEngine:265 - oldGeneratedFile, C:\Users\nicks\STM32CubeIDE\workspace_1.19.0\AFR\WAYPOINTIFICATION\CM7\MXTmpFiles\system.tmp_save
2025-07-22 04:54:16,317 [INFO] CodeEngine:289 - Generated code: C:\Users\nicks\STM32CubeIDE\workspace_1.19.0\AFR\WAYPOINTIFICATION\CM7\MXTmpFiles\system.tmp
2025-07-22 04:54:16,328 [INFO] CodeEngine:321 - oldGeneratedFile, C:\Users\nicks\STM32CubeIDE\workspace_1.19.0\AFR\WAYPOINTIFICATION\CM7\Core\Inc\stm32h7xx_hal_conf.h_save
2025-07-22 04:54:16,376 [INFO] CodeEngine:345 - Generated code: C:\Users\nicks\STM32CubeIDE\workspace_1.19.0\AFR\WAYPOINTIFICATION\CM7\Core\Inc\stm32h7xx_hal_conf.h
2025-07-22 04:54:16,400 [WARN] IPConfigManager:3811 - IP not found : NVIC
2025-07-22 04:54:16,401 [WARN] CodeGenerator:4259 - IP not found : null
2025-07-22 04:54:16,409 [INFO] CodeEngine:265 - oldGeneratedFile, C:\Users\nicks\STM32CubeIDE\workspace_1.19.0\AFR\WAYPOINTIFICATION\CM7\Core\Inc\main.h_save
2025-07-22 04:54:16,458 [INFO] CodeEngine:289 - Generated code: C:\Users\nicks\STM32CubeIDE\workspace_1.19.0\AFR\WAYPOINTIFICATION\CM7\Core\Inc\main.h
2025-07-22 04:54:16,466 [INFO] CodeEngine:265 - oldGeneratedFile, C:\Users\nicks\STM32CubeIDE\workspace_1.19.0\AFR\WAYPOINTIFICATION\CM7\Core\Src\main.c_save
2025-07-22 04:54:16,554 [INFO] CodeEngine:289 - Generated code: C:\Users\nicks\STM32CubeIDE\workspace_1.19.0\AFR\WAYPOINTIFICATION\CM7\Core\Src\main.c
2025-07-22 04:54:16,598 [INFO] CodeGenerator:1619 - *******************Project context M4 selected
2025-07-22 04:54:16,646 [INFO] CodeEngine:265 - oldGeneratedFile, C:\Users\nicks\STM32CubeIDE\workspace_1.19.0\AFR\WAYPOINTIFICATION\MXTmpFiles\license.tmp_save
2025-07-22 04:54:16,699 [INFO] CodeEngine:289 - Generated code: C:\Users\nicks\STM32CubeIDE\workspace_1.19.0\AFR\WAYPOINTIFICATION\MXTmpFiles\license.tmp
2025-07-22 04:54:16,714 [WARN] IPConfigManager:103 - WARNING: Missing Config File for NVIC2 ip!!
2025-07-22 04:54:16,719 [ERROR] CodeGenerator:10662 - The current RTOS owner has not been found in the list of IPs
2025-07-22 04:54:16,725 [INFO] CodeEngine:265 - oldGeneratedFile, C:\Users\nicks\STM32CubeIDE\workspace_1.19.0\AFR\WAYPOINTIFICATION\CM4\MXTmpFiles\cortex.tmp_save
2025-07-22 04:54:16,769 [INFO] CodeEngine:289 - Generated code: C:\Users\nicks\STM32CubeIDE\workspace_1.19.0\AFR\WAYPOINTIFICATION\CM4\MXTmpFiles\cortex.tmp
2025-07-22 04:54:16,787 [INFO] Middleware:1452 - No code input for Bsp Dependency
2025-07-22 04:54:16,793 [INFO] CodeEngine:265 - oldGeneratedFile, C:\Users\nicks\STM32CubeIDE\workspace_1.19.0\AFR\WAYPOINTIFICATION\CM4\MXTmpFiles\rtos_inc.tmp_save
2025-07-22 04:54:16,834 [INFO] CodeEngine:289 - Generated code: C:\Users\nicks\STM32CubeIDE\workspace_1.19.0\AFR\WAYPOINTIFICATION\CM4\MXTmpFiles\rtos_inc.tmp
2025-07-22 04:54:16,838 [INFO] CodeEngine:265 - oldGeneratedFile, C:\Users\nicks\STM32CubeIDE\workspace_1.19.0\AFR\WAYPOINTIFICATION\CM4\MXTmpFiles\rtos_kernelInit.tmp_save
2025-07-22 04:54:16,877 [INFO] CodeEngine:289 - Generated code: C:\Users\nicks\STM32CubeIDE\workspace_1.19.0\AFR\WAYPOINTIFICATION\CM4\MXTmpFiles\rtos_kernelInit.tmp
2025-07-22 04:54:16,882 [INFO] CodeEngine:265 - oldGeneratedFile, C:\Users\nicks\STM32CubeIDE\workspace_1.19.0\AFR\WAYPOINTIFICATION\CM4\MXTmpFiles\rtos_kernelStart.tmp_save
2025-07-22 04:54:16,921 [INFO] CodeEngine:289 - Generated code: C:\Users\nicks\STM32CubeIDE\workspace_1.19.0\AFR\WAYPOINTIFICATION\CM4\MXTmpFiles\rtos_kernelStart.tmp
2025-07-22 04:54:16,925 [INFO] CodeEngine:265 - oldGeneratedFile, C:\Users\nicks\STM32CubeIDE\workspace_1.19.0\AFR\WAYPOINTIFICATION\CM4\MXTmpFiles\rtos_typedefs.tmp_save
2025-07-22 04:54:16,963 [INFO] CodeEngine:289 - Generated code: C:\Users\nicks\STM32CubeIDE\workspace_1.19.0\AFR\WAYPOINTIFICATION\CM4\MXTmpFiles\rtos_typedefs.tmp
2025-07-22 04:54:16,968 [INFO] CodeEngine:265 - oldGeneratedFile, C:\Users\nicks\STM32CubeIDE\workspace_1.19.0\AFR\WAYPOINTIFICATION\CM4\MXTmpFiles\rtos_vars.tmp_save
2025-07-22 04:54:17,008 [INFO] CodeEngine:289 - Generated code: C:\Users\nicks\STM32CubeIDE\workspace_1.19.0\AFR\WAYPOINTIFICATION\CM4\MXTmpFiles\rtos_vars.tmp
2025-07-22 04:54:17,013 [INFO] CodeEngine:265 - oldGeneratedFile, C:\Users\nicks\STM32CubeIDE\workspace_1.19.0\AFR\WAYPOINTIFICATION\CM4\MXTmpFiles\rtos_pfp.tmp_save
2025-07-22 04:54:17,052 [INFO] CodeEngine:289 - Generated code: C:\Users\nicks\STM32CubeIDE\workspace_1.19.0\AFR\WAYPOINTIFICATION\CM4\MXTmpFiles\rtos_pfp.tmp
2025-07-22 04:54:17,057 [INFO] CodeEngine:265 - oldGeneratedFile, C:\Users\nicks\STM32CubeIDE\workspace_1.19.0\AFR\WAYPOINTIFICATION\CM4\MXTmpFiles\rtos_obj_creat.tmp_save
2025-07-22 04:54:17,099 [INFO] CodeEngine:289 - Generated code: C:\Users\nicks\STM32CubeIDE\workspace_1.19.0\AFR\WAYPOINTIFICATION\CM4\MXTmpFiles\rtos_obj_creat.tmp
2025-07-22 04:54:17,104 [INFO] CodeEngine:265 - oldGeneratedFile, C:\Users\nicks\STM32CubeIDE\workspace_1.19.0\AFR\WAYPOINTIFICATION\CM4\MXTmpFiles\rtos_default_thread.tmp_save
2025-07-22 04:54:17,142 [INFO] CodeEngine:289 - Generated code: C:\Users\nicks\STM32CubeIDE\workspace_1.19.0\AFR\WAYPOINTIFICATION\CM4\MXTmpFiles\rtos_default_thread.tmp
2025-07-22 04:54:17,147 [INFO] CodeEngine:265 - oldGeneratedFile, C:\Users\nicks\STM32CubeIDE\workspace_1.19.0\AFR\WAYPOINTIFICATION\CM4\MXTmpFiles\rtos_threads.tmp_save
2025-07-22 04:54:17,185 [INFO] CodeEngine:289 - Generated code: C:\Users\nicks\STM32CubeIDE\workspace_1.19.0\AFR\WAYPOINTIFICATION\CM4\MXTmpFiles\rtos_threads.tmp
2025-07-22 04:54:17,191 [INFO] CodeEngine:265 - oldGeneratedFile, C:\Users\nicks\STM32CubeIDE\workspace_1.19.0\AFR\WAYPOINTIFICATION\CM4\Core\Inc\FreeRTOSConfig.h_save
2025-07-22 04:54:17,240 [INFO] CodeEngine:289 - Generated code: C:\Users\nicks\STM32CubeIDE\workspace_1.19.0\AFR\WAYPOINTIFICATION\CM4\Core\Inc\FreeRTOSConfig.h
2025-07-22 04:54:17,246 [INFO] CodeEngine:265 - oldGeneratedFile, C:\Users\nicks\STM32CubeIDE\workspace_1.19.0\AFR\WAYPOINTIFICATION\CM4\Core\Src\freertos.c_save
2025-07-22 04:54:17,292 [INFO] CodeEngine:289 - Generated code: C:\Users\nicks\STM32CubeIDE\workspace_1.19.0\AFR\WAYPOINTIFICATION\CM4\Core\Src\freertos.c
2025-07-22 04:54:17,313 [INFO] CodeEngine:265 - oldGeneratedFile, C:\Users\nicks\STM32CubeIDE\workspace_1.19.0\AFR\WAYPOINTIFICATION\CM4\Core\Inc\stm32h7xx_nucleo_conf.h_save
2025-07-22 04:54:17,355 [INFO] CodeEngine:289 - Generated code: C:\Users\nicks\STM32CubeIDE\workspace_1.19.0\AFR\WAYPOINTIFICATION\CM4\Core\Inc\stm32h7xx_nucleo_conf.h
2025-07-22 04:54:17,360 [INFO] CodeEngine:265 - oldGeneratedFile, C:\Users\nicks\STM32CubeIDE\workspace_1.19.0\AFR\WAYPOINTIFICATION\CM4\MXTmpFiles\bsp_inc.tmp_save
2025-07-22 04:54:17,397 [INFO] CodeEngine:289 - Generated code: C:\Users\nicks\STM32CubeIDE\workspace_1.19.0\AFR\WAYPOINTIFICATION\CM4\MXTmpFiles\bsp_inc.tmp
2025-07-22 04:54:17,413 [INFO] CodeEngine:265 - oldGeneratedFile, C:\Users\nicks\STM32CubeIDE\workspace_1.19.0\AFR\WAYPOINTIFICATION\CM4\Core\Src\stm32h7xx_it.c_save
2025-07-22 04:54:17,458 [INFO] CodeEngine:289 - Generated code: C:\Users\nicks\STM32CubeIDE\workspace_1.19.0\AFR\WAYPOINTIFICATION\CM4\Core\Src\stm32h7xx_it.c
2025-07-22 04:54:17,463 [INFO] CodeEngine:265 - oldGeneratedFile, C:\Users\nicks\STM32CubeIDE\workspace_1.19.0\AFR\WAYPOINTIFICATION\CM4\Core\Inc\stm32h7xx_it.h_save
2025-07-22 04:54:17,506 [INFO] CodeEngine:289 - Generated code: C:\Users\nicks\STM32CubeIDE\workspace_1.19.0\AFR\WAYPOINTIFICATION\CM4\Core\Inc\stm32h7xx_it.h
2025-07-22 04:54:17,528 [INFO] CodeEngine:265 - oldGeneratedFile, C:\Users\nicks\STM32CubeIDE\workspace_1.19.0\AFR\WAYPOINTIFICATION\CM4\Core\Src\stm32h7xx_hal_msp.c_save
2025-07-22 04:54:17,587 [INFO] CodeEngine:289 - Generated code: C:\Users\nicks\STM32CubeIDE\workspace_1.19.0\AFR\WAYPOINTIFICATION\CM4\Core\Src\stm32h7xx_hal_msp.c
2025-07-22 04:54:17,592 [INFO] CodeEngine:265 - oldGeneratedFile, C:\Users\nicks\STM32CubeIDE\workspace_1.19.0\AFR\WAYPOINTIFICATION\CM4\MXTmpFiles\system.tmp_save
2025-07-22 04:54:17,630 [INFO] CodeEngine:289 - Generated code: C:\Users\nicks\STM32CubeIDE\workspace_1.19.0\AFR\WAYPOINTIFICATION\CM4\MXTmpFiles\system.tmp
2025-07-22 04:54:17,641 [INFO] CodeEngine:321 - oldGeneratedFile, C:\Users\nicks\STM32CubeIDE\workspace_1.19.0\AFR\WAYPOINTIFICATION\CM4\Core\Inc\stm32h7xx_hal_conf.h_save
2025-07-22 04:54:17,687 [INFO] CodeEngine:345 - Generated code: C:\Users\nicks\STM32CubeIDE\workspace_1.19.0\AFR\WAYPOINTIFICATION\CM4\Core\Inc\stm32h7xx_hal_conf.h
2025-07-22 04:54:17,698 [WARN] IPConfigManager:3811 - IP not found : NVIC
2025-07-22 04:54:17,699 [WARN] CodeGenerator:4259 - IP not found : null
2025-07-22 04:54:17,704 [INFO] CodeEngine:265 - oldGeneratedFile, C:\Users\nicks\STM32CubeIDE\workspace_1.19.0\AFR\WAYPOINTIFICATION\CM4\Core\Inc\main.h_save
2025-07-22 04:54:17,749 [INFO] CodeEngine:289 - Generated code: C:\Users\nicks\STM32CubeIDE\workspace_1.19.0\AFR\WAYPOINTIFICATION\CM4\Core\Inc\main.h
2025-07-22 04:54:17,755 [INFO] CodeEngine:265 - oldGeneratedFile, C:\Users\nicks\STM32CubeIDE\workspace_1.19.0\AFR\WAYPOINTIFICATION\CM4\Core\Src\main.c_save
2025-07-22 04:54:17,821 [INFO] CodeEngine:289 - Generated code: C:\Users\nicks\STM32CubeIDE\workspace_1.19.0\AFR\WAYPOINTIFICATION\CM4\Core\Src\main.c
2025-07-22 04:54:18,252 [INFO] ProjectBuilder:3606 - Time for Copy HAL[1] : 241mS.
2025-07-22 04:54:18,267 [INFO] ProjectBuilder:5216 - Project Generator version: 4.7.0-B52
2025-07-22 04:54:18,324 [INFO] ConfigFileManager:1595 - The Die is : DIE450
2025-07-22 04:54:24,109 [INFO] ProjectBuilder:5496 - Time for Generating toolchain IDE Files: 5842mS.
2025-07-22 04:54:24,110 [INFO] ProjectBuilder:3463 - Time for Copy CMSIS : 0mS.
2025-07-22 04:54:24,116 [INFO] ProjectBuilder:3463 - Time for Copy CMSIS : 0mS.
2025-07-22 04:56:12,042 [INFO] UtilMem:75 - End SaveConfig() Used Memory: 914814264 Bytes (1073741824)
2025-07-22 04:56:13,446 [INFO] BlockDiagram:2775 - set Specific Code input for plugin: FREERTOS
2025-07-22 04:56:13,446 [INFO] BlockDiagram:2775 - set Specific Code input for plugin: FREERTOS
2025-07-22 04:56:13,447 [INFO] BlockDiagram:2775 - set Specific Code input for plugin: RCC
2025-07-22 04:56:13,447 [INFO] BlockDiagram:2775 - set Specific Code input for plugin: USART
2025-07-22 04:56:13,447 [INFO] BlockDiagram:2775 - set Specific Code input for plugin: MEMORYMAP
2025-07-22 04:56:13,447 [INFO] BlockDiagram:2775 - set Specific Code input for plugin: SYS
2025-07-22 04:56:13,447 [INFO] BlockDiagram:2775 - set Specific Code input for plugin: NVIC2
2025-07-22 04:56:13,448 [INFO] BlockDiagram:2775 - set Specific Code input for plugin: GPIO
2025-07-22 04:56:13,448 [INFO] BlockDiagram:2775 - set Specific Code input for plugin: SYS_M4
2025-07-22 04:56:13,448 [INFO] BlockDiagram:2775 - set Specific Code input for plugin: NUCLEO-H755ZI-Q
2025-07-22 04:56:13,448 [INFO] BlockDiagram:2775 - set Specific Code input for plugin: NVIC1
2025-07-22 04:56:13,449 [INFO] CodeGenerator:892 - code generatio: config db path: C:\ST\STM32CubeIDE_1.19.0\STM32CubeIDE\plugins\com.st.stm32cube.common.mx_6.15.0.202507011659\\db\
2025-07-22 04:56:13,502 [ERROR] CodeGenerator:10662 - The current RTOS owner has not been found in the list of IPs
2025-07-22 04:56:13,502 [ERROR] CodeGenerator:10662 - The current RTOS owner has not been found in the list of IPs
2025-07-22 04:56:13,502 [INFO] CodeGenerator:1619 - *******************Project context M7 selected
2025-07-22 04:56:13,554 [INFO] CodeEngine:265 - oldGeneratedFile, C:\Users\nicks\STM32CubeIDE\workspace_1.19.0\AFR\WAYPOINTIFICATION\MXTmpFiles\license.tmp_save
2025-07-22 04:56:13,693 [INFO] CodeEngine:289 - Generated code: C:\Users\nicks\STM32CubeIDE\workspace_1.19.0\AFR\WAYPOINTIFICATION\MXTmpFiles\license.tmp
2025-07-22 04:56:13,761 [INFO] CodeEngine:265 - oldGeneratedFile, C:\Users\nicks\STM32CubeIDE\workspace_1.19.0\AFR\WAYPOINTIFICATION\CM7\MXTmpFiles\gpio.tmp_save
2025-07-22 04:56:13,838 [INFO] CodeEngine:289 - Generated code: C:\Users\nicks\STM32CubeIDE\workspace_1.19.0\AFR\WAYPOINTIFICATION\CM7\MXTmpFiles\gpio.tmp
2025-07-22 04:56:13,840 [ERROR] IocParser:95 - Exception caught: Cannot invoke "java.lang.CharSequence.length()" because "this.text" is null
2025-07-22 04:56:13,981 [WARN] IPConfigManager:103 - WARNING: Missing Config File for MEMORYMAP ip!!
2025-07-22 04:56:14,126 [WARN] IPConfigManager:103 - WARNING: Missing Config File for NVIC1 ip!!
2025-07-22 04:56:14,259 [ERROR] CodeGenerator:10662 - The current RTOS owner has not been found in the list of IPs
2025-07-22 04:56:14,268 [INFO] CodeEngine:265 - oldGeneratedFile, C:\Users\nicks\STM32CubeIDE\workspace_1.19.0\AFR\WAYPOINTIFICATION\CM7\MXTmpFiles\cortex.tmp_save
2025-07-22 04:56:14,330 [INFO] CodeEngine:289 - Generated code: C:\Users\nicks\STM32CubeIDE\workspace_1.19.0\AFR\WAYPOINTIFICATION\CM7\MXTmpFiles\cortex.tmp
2025-07-22 04:56:14,349 [INFO] Middleware:1452 - No code input for Bsp Dependency
2025-07-22 04:56:14,357 [INFO] CodeEngine:265 - oldGeneratedFile, C:\Users\nicks\STM32CubeIDE\workspace_1.19.0\AFR\WAYPOINTIFICATION\CM7\MXTmpFiles\rtos_inc.tmp_save
2025-07-22 04:56:14,408 [INFO] CodeEngine:289 - Generated code: C:\Users\nicks\STM32CubeIDE\workspace_1.19.0\AFR\WAYPOINTIFICATION\CM7\MXTmpFiles\rtos_inc.tmp
2025-07-22 04:56:14,414 [INFO] CodeEngine:265 - oldGeneratedFile, C:\Users\nicks\STM32CubeIDE\workspace_1.19.0\AFR\WAYPOINTIFICATION\CM7\MXTmpFiles\rtos_kernelInit.tmp_save
2025-07-22 04:56:14,460 [INFO] CodeEngine:289 - Generated code: C:\Users\nicks\STM32CubeIDE\workspace_1.19.0\AFR\WAYPOINTIFICATION\CM7\MXTmpFiles\rtos_kernelInit.tmp
2025-07-22 04:56:14,465 [INFO] CodeEngine:265 - oldGeneratedFile, C:\Users\nicks\STM32CubeIDE\workspace_1.19.0\AFR\WAYPOINTIFICATION\CM7\MXTmpFiles\rtos_kernelStart.tmp_save
2025-07-22 04:56:14,507 [INFO] CodeEngine:289 - Generated code: C:\Users\nicks\STM32CubeIDE\workspace_1.19.0\AFR\WAYPOINTIFICATION\CM7\MXTmpFiles\rtos_kernelStart.tmp
2025-07-22 04:56:14,512 [INFO] CodeEngine:265 - oldGeneratedFile, C:\Users\nicks\STM32CubeIDE\workspace_1.19.0\AFR\WAYPOINTIFICATION\CM7\MXTmpFiles\rtos_typedefs.tmp_save
2025-07-22 04:56:14,557 [INFO] CodeEngine:289 - Generated code: C:\Users\nicks\STM32CubeIDE\workspace_1.19.0\AFR\WAYPOINTIFICATION\CM7\MXTmpFiles\rtos_typedefs.tmp
2025-07-22 04:56:14,563 [INFO] CodeEngine:265 - oldGeneratedFile, C:\Users\nicks\STM32CubeIDE\workspace_1.19.0\AFR\WAYPOINTIFICATION\CM7\MXTmpFiles\rtos_vars.tmp_save
2025-07-22 04:56:14,611 [INFO] CodeEngine:289 - Generated code: C:\Users\nicks\STM32CubeIDE\workspace_1.19.0\AFR\WAYPOINTIFICATION\CM7\MXTmpFiles\rtos_vars.tmp
2025-07-22 04:56:14,616 [INFO] CodeEngine:265 - oldGeneratedFile, C:\Users\nicks\STM32CubeIDE\workspace_1.19.0\AFR\WAYPOINTIFICATION\CM7\MXTmpFiles\rtos_pfp.tmp_save
2025-07-22 04:56:14,657 [INFO] CodeEngine:289 - Generated code: C:\Users\nicks\STM32CubeIDE\workspace_1.19.0\AFR\WAYPOINTIFICATION\CM7\MXTmpFiles\rtos_pfp.tmp
2025-07-22 04:56:14,662 [INFO] CodeEngine:265 - oldGeneratedFile, C:\Users\nicks\STM32CubeIDE\workspace_1.19.0\AFR\WAYPOINTIFICATION\CM7\MXTmpFiles\rtos_obj_creat.tmp_save
2025-07-22 04:56:14,705 [INFO] CodeEngine:289 - Generated code: C:\Users\nicks\STM32CubeIDE\workspace_1.19.0\AFR\WAYPOINTIFICATION\CM7\MXTmpFiles\rtos_obj_creat.tmp
2025-07-22 04:56:14,713 [INFO] CodeEngine:265 - oldGeneratedFile, C:\Users\nicks\STM32CubeIDE\workspace_1.19.0\AFR\WAYPOINTIFICATION\CM7\MXTmpFiles\rtos_default_thread.tmp_save
2025-07-22 04:56:14,753 [INFO] CodeEngine:289 - Generated code: C:\Users\nicks\STM32CubeIDE\workspace_1.19.0\AFR\WAYPOINTIFICATION\CM7\MXTmpFiles\rtos_default_thread.tmp
2025-07-22 04:56:14,758 [INFO] CodeEngine:265 - oldGeneratedFile, C:\Users\nicks\STM32CubeIDE\workspace_1.19.0\AFR\WAYPOINTIFICATION\CM7\MXTmpFiles\rtos_threads.tmp_save
2025-07-22 04:56:14,798 [INFO] CodeEngine:289 - Generated code: C:\Users\nicks\STM32CubeIDE\workspace_1.19.0\AFR\WAYPOINTIFICATION\CM7\MXTmpFiles\rtos_threads.tmp
2025-07-22 04:56:14,805 [INFO] CodeEngine:265 - oldGeneratedFile, C:\Users\nicks\STM32CubeIDE\workspace_1.19.0\AFR\WAYPOINTIFICATION\CM7\Core\Inc\FreeRTOSConfig.h_save
2025-07-22 04:56:14,864 [INFO] CodeEngine:289 - Generated code: C:\Users\nicks\STM32CubeIDE\workspace_1.19.0\AFR\WAYPOINTIFICATION\CM7\Core\Inc\FreeRTOSConfig.h
2025-07-22 04:56:14,871 [INFO] CodeEngine:265 - oldGeneratedFile, C:\Users\nicks\STM32CubeIDE\workspace_1.19.0\AFR\WAYPOINTIFICATION\CM7\Core\Src\freertos.c_save
2025-07-22 04:56:14,919 [INFO] CodeEngine:289 - Generated code: C:\Users\nicks\STM32CubeIDE\workspace_1.19.0\AFR\WAYPOINTIFICATION\CM7\Core\Src\freertos.c
2025-07-22 04:56:14,948 [INFO] CodeEngine:265 - oldGeneratedFile, C:\Users\nicks\STM32CubeIDE\workspace_1.19.0\AFR\WAYPOINTIFICATION\CM7\Core\Inc\stm32h7xx_nucleo_conf.h_save
2025-07-22 04:56:14,993 [INFO] CodeEngine:289 - Generated code: C:\Users\nicks\STM32CubeIDE\workspace_1.19.0\AFR\WAYPOINTIFICATION\CM7\Core\Inc\stm32h7xx_nucleo_conf.h
2025-07-22 04:56:14,997 [INFO] CodeEngine:265 - oldGeneratedFile, C:\Users\nicks\STM32CubeIDE\workspace_1.19.0\AFR\WAYPOINTIFICATION\CM7\MXTmpFiles\bsp_inc.tmp_save
2025-07-22 04:56:15,039 [INFO] CodeEngine:289 - Generated code: C:\Users\nicks\STM32CubeIDE\workspace_1.19.0\AFR\WAYPOINTIFICATION\CM7\MXTmpFiles\bsp_inc.tmp
2025-07-22 04:56:15,044 [INFO] CodeEngine:265 - oldGeneratedFile, C:\Users\nicks\STM32CubeIDE\workspace_1.19.0\AFR\WAYPOINTIFICATION\CM7\MXTmpFiles\bsp_common_vars.tmp_save
2025-07-22 04:56:15,084 [INFO] CodeEngine:289 - Generated code: C:\Users\nicks\STM32CubeIDE\workspace_1.19.0\AFR\WAYPOINTIFICATION\CM7\MXTmpFiles\bsp_common_vars.tmp
2025-07-22 04:56:15,089 [INFO] CodeEngine:265 - oldGeneratedFile, C:\Users\nicks\STM32CubeIDE\workspace_1.19.0\AFR\WAYPOINTIFICATION\CM7\MXTmpFiles\bsp_common_init.tmp_save
2025-07-22 04:56:15,128 [INFO] CodeEngine:289 - Generated code: C:\Users\nicks\STM32CubeIDE\workspace_1.19.0\AFR\WAYPOINTIFICATION\CM7\MXTmpFiles\bsp_common_init.tmp
2025-07-22 04:56:15,133 [INFO] CodeEngine:265 - oldGeneratedFile, C:\Users\nicks\STM32CubeIDE\workspace_1.19.0\AFR\WAYPOINTIFICATION\CM7\MXTmpFiles\bsp_common_demo_before_while.tmp_save
2025-07-22 04:56:15,172 [INFO] CodeEngine:289 - Generated code: C:\Users\nicks\STM32CubeIDE\workspace_1.19.0\AFR\WAYPOINTIFICATION\CM7\MXTmpFiles\bsp_common_demo_before_while.tmp
2025-07-22 04:56:15,177 [INFO] CodeEngine:265 - oldGeneratedFile, C:\Users\nicks\STM32CubeIDE\workspace_1.19.0\AFR\WAYPOINTIFICATION\CM7\MXTmpFiles\bsp_common_demo_inside_while.tmp_save
2025-07-22 04:56:15,216 [INFO] CodeEngine:289 - Generated code: C:\Users\nicks\STM32CubeIDE\workspace_1.19.0\AFR\WAYPOINTIFICATION\CM7\MXTmpFiles\bsp_common_demo_inside_while.tmp
2025-07-22 04:56:15,221 [INFO] CodeEngine:265 - oldGeneratedFile, C:\Users\nicks\STM32CubeIDE\workspace_1.19.0\AFR\WAYPOINTIFICATION\CM7\MXTmpFiles\bsp_common_demo_fct.tmp_save
2025-07-22 04:56:15,259 [INFO] CodeEngine:289 - Generated code: C:\Users\nicks\STM32CubeIDE\workspace_1.19.0\AFR\WAYPOINTIFICATION\CM7\MXTmpFiles\bsp_common_demo_fct.tmp
2025-07-22 04:56:15,282 [INFO] CodeEngine:265 - oldGeneratedFile, C:\Users\nicks\STM32CubeIDE\workspace_1.19.0\AFR\WAYPOINTIFICATION\CM7\Core\Src\stm32h7xx_it.c_save
2025-07-22 04:56:15,342 [INFO] CodeEngine:289 - Generated code: C:\Users\nicks\STM32CubeIDE\workspace_1.19.0\AFR\WAYPOINTIFICATION\CM7\Core\Src\stm32h7xx_it.c
2025-07-22 04:56:15,348 [INFO] CodeEngine:265 - oldGeneratedFile, C:\Users\nicks\STM32CubeIDE\workspace_1.19.0\AFR\WAYPOINTIFICATION\CM7\Core\Inc\stm32h7xx_it.h_save
2025-07-22 04:56:15,391 [INFO] CodeEngine:289 - Generated code: C:\Users\nicks\STM32CubeIDE\workspace_1.19.0\AFR\WAYPOINTIFICATION\CM7\Core\Inc\stm32h7xx_it.h
2025-07-22 04:56:15,462 [INFO] CodeEngine:265 - oldGeneratedFile, C:\Users\nicks\STM32CubeIDE\workspace_1.19.0\AFR\WAYPOINTIFICATION\CM7\Core\Src\stm32h7xx_hal_msp.c_save
2025-07-22 04:56:15,528 [INFO] CodeEngine:289 - Generated code: C:\Users\nicks\STM32CubeIDE\workspace_1.19.0\AFR\WAYPOINTIFICATION\CM7\Core\Src\stm32h7xx_hal_msp.c
2025-07-22 04:56:15,532 [INFO] CodeEngine:265 - oldGeneratedFile, C:\Users\nicks\STM32CubeIDE\workspace_1.19.0\AFR\WAYPOINTIFICATION\CM7\MXTmpFiles\system.tmp_save
2025-07-22 04:56:15,571 [INFO] CodeEngine:289 - Generated code: C:\Users\nicks\STM32CubeIDE\workspace_1.19.0\AFR\WAYPOINTIFICATION\CM7\MXTmpFiles\system.tmp
2025-07-22 04:56:15,584 [INFO] CodeEngine:321 - oldGeneratedFile, C:\Users\nicks\STM32CubeIDE\workspace_1.19.0\AFR\WAYPOINTIFICATION\CM7\Core\Inc\stm32h7xx_hal_conf.h_save
2025-07-22 04:56:15,631 [INFO] CodeEngine:345 - Generated code: C:\Users\nicks\STM32CubeIDE\workspace_1.19.0\AFR\WAYPOINTIFICATION\CM7\Core\Inc\stm32h7xx_hal_conf.h
2025-07-22 04:56:15,656 [WARN] IPConfigManager:3811 - IP not found : NVIC
2025-07-22 04:56:15,657 [WARN] CodeGenerator:4259 - IP not found : null
2025-07-22 04:56:15,665 [INFO] CodeEngine:265 - oldGeneratedFile, C:\Users\nicks\STM32CubeIDE\workspace_1.19.0\AFR\WAYPOINTIFICATION\CM7\Core\Inc\main.h_save
2025-07-22 04:56:15,713 [INFO] CodeEngine:289 - Generated code: C:\Users\nicks\STM32CubeIDE\workspace_1.19.0\AFR\WAYPOINTIFICATION\CM7\Core\Inc\main.h
2025-07-22 04:56:15,720 [INFO] CodeEngine:265 - oldGeneratedFile, C:\Users\nicks\STM32CubeIDE\workspace_1.19.0\AFR\WAYPOINTIFICATION\CM7\Core\Src\main.c_save
2025-07-22 04:56:15,809 [INFO] CodeEngine:289 - Generated code: C:\Users\nicks\STM32CubeIDE\workspace_1.19.0\AFR\WAYPOINTIFICATION\CM7\Core\Src\main.c
2025-07-22 04:56:15,854 [INFO] CodeGenerator:1619 - *******************Project context M4 selected
2025-07-22 04:56:15,899 [INFO] CodeEngine:265 - oldGeneratedFile, C:\Users\nicks\STM32CubeIDE\workspace_1.19.0\AFR\WAYPOINTIFICATION\MXTmpFiles\license.tmp_save
2025-07-22 04:56:15,945 [INFO] CodeEngine:289 - Generated code: C:\Users\nicks\STM32CubeIDE\workspace_1.19.0\AFR\WAYPOINTIFICATION\MXTmpFiles\license.tmp
2025-07-22 04:56:15,961 [WARN] IPConfigManager:103 - WARNING: Missing Config File for NVIC2 ip!!
2025-07-22 04:56:15,965 [ERROR] CodeGenerator:10662 - The current RTOS owner has not been found in the list of IPs
2025-07-22 04:56:15,971 [INFO] CodeEngine:265 - oldGeneratedFile, C:\Users\nicks\STM32CubeIDE\workspace_1.19.0\AFR\WAYPOINTIFICATION\CM4\MXTmpFiles\cortex.tmp_save
2025-07-22 04:56:16,012 [INFO] CodeEngine:289 - Generated code: C:\Users\nicks\STM32CubeIDE\workspace_1.19.0\AFR\WAYPOINTIFICATION\CM4\MXTmpFiles\cortex.tmp
2025-07-22 04:56:16,031 [INFO] Middleware:1452 - No code input for Bsp Dependency
2025-07-22 04:56:16,037 [INFO] CodeEngine:265 - oldGeneratedFile, C:\Users\nicks\STM32CubeIDE\workspace_1.19.0\AFR\WAYPOINTIFICATION\CM4\MXTmpFiles\rtos_inc.tmp_save
2025-07-22 04:56:16,076 [INFO] CodeEngine:289 - Generated code: C:\Users\nicks\STM32CubeIDE\workspace_1.19.0\AFR\WAYPOINTIFICATION\CM4\MXTmpFiles\rtos_inc.tmp
2025-07-22 04:56:16,082 [INFO] CodeEngine:265 - oldGeneratedFile, C:\Users\nicks\STM32CubeIDE\workspace_1.19.0\AFR\WAYPOINTIFICATION\CM4\MXTmpFiles\rtos_kernelInit.tmp_save
2025-07-22 04:56:16,120 [INFO] CodeEngine:289 - Generated code: C:\Users\nicks\STM32CubeIDE\workspace_1.19.0\AFR\WAYPOINTIFICATION\CM4\MXTmpFiles\rtos_kernelInit.tmp
2025-07-22 04:56:16,124 [INFO] CodeEngine:265 - oldGeneratedFile, C:\Users\nicks\STM32CubeIDE\workspace_1.19.0\AFR\WAYPOINTIFICATION\CM4\MXTmpFiles\rtos_kernelStart.tmp_save
2025-07-22 04:56:16,163 [INFO] CodeEngine:289 - Generated code: C:\Users\nicks\STM32CubeIDE\workspace_1.19.0\AFR\WAYPOINTIFICATION\CM4\MXTmpFiles\rtos_kernelStart.tmp
2025-07-22 04:56:16,168 [INFO] CodeEngine:265 - oldGeneratedFile, C:\Users\nicks\STM32CubeIDE\workspace_1.19.0\AFR\WAYPOINTIFICATION\CM4\MXTmpFiles\rtos_typedefs.tmp_save
2025-07-22 04:56:16,208 [INFO] CodeEngine:289 - Generated code: C:\Users\nicks\STM32CubeIDE\workspace_1.19.0\AFR\WAYPOINTIFICATION\CM4\MXTmpFiles\rtos_typedefs.tmp
2025-07-22 04:56:16,212 [INFO] CodeEngine:265 - oldGeneratedFile, C:\Users\nicks\STM32CubeIDE\workspace_1.19.0\AFR\WAYPOINTIFICATION\CM4\MXTmpFiles\rtos_vars.tmp_save
2025-07-22 04:56:16,251 [INFO] CodeEngine:289 - Generated code: C:\Users\nicks\STM32CubeIDE\workspace_1.19.0\AFR\WAYPOINTIFICATION\CM4\MXTmpFiles\rtos_vars.tmp
2025-07-22 04:56:16,256 [INFO] CodeEngine:265 - oldGeneratedFile, C:\Users\nicks\STM32CubeIDE\workspace_1.19.0\AFR\WAYPOINTIFICATION\CM4\MXTmpFiles\rtos_pfp.tmp_save
2025-07-22 04:56:16,294 [INFO] CodeEngine:289 - Generated code: C:\Users\nicks\STM32CubeIDE\workspace_1.19.0\AFR\WAYPOINTIFICATION\CM4\MXTmpFiles\rtos_pfp.tmp
2025-07-22 04:56:16,299 [INFO] CodeEngine:265 - oldGeneratedFile, C:\Users\nicks\STM32CubeIDE\workspace_1.19.0\AFR\WAYPOINTIFICATION\CM4\MXTmpFiles\rtos_obj_creat.tmp_save
2025-07-22 04:56:16,340 [INFO] CodeEngine:289 - Generated code: C:\Users\nicks\STM32CubeIDE\workspace_1.19.0\AFR\WAYPOINTIFICATION\CM4\MXTmpFiles\rtos_obj_creat.tmp
2025-07-22 04:56:16,344 [INFO] CodeEngine:265 - oldGeneratedFile, C:\Users\nicks\STM32CubeIDE\workspace_1.19.0\AFR\WAYPOINTIFICATION\CM4\MXTmpFiles\rtos_default_thread.tmp_save
2025-07-22 04:56:16,383 [INFO] CodeEngine:289 - Generated code: C:\Users\nicks\STM32CubeIDE\workspace_1.19.0\AFR\WAYPOINTIFICATION\CM4\MXTmpFiles\rtos_default_thread.tmp
2025-07-22 04:56:16,388 [INFO] CodeEngine:265 - oldGeneratedFile, C:\Users\nicks\STM32CubeIDE\workspace_1.19.0\AFR\WAYPOINTIFICATION\CM4\MXTmpFiles\rtos_threads.tmp_save
2025-07-22 04:56:16,428 [INFO] CodeEngine:289 - Generated code: C:\Users\nicks\STM32CubeIDE\workspace_1.19.0\AFR\WAYPOINTIFICATION\CM4\MXTmpFiles\rtos_threads.tmp
2025-07-22 04:56:16,434 [INFO] CodeEngine:265 - oldGeneratedFile, C:\Users\nicks\STM32CubeIDE\workspace_1.19.0\AFR\WAYPOINTIFICATION\CM4\Core\Inc\FreeRTOSConfig.h_save
2025-07-22 04:56:16,482 [INFO] CodeEngine:289 - Generated code: C:\Users\nicks\STM32CubeIDE\workspace_1.19.0\AFR\WAYPOINTIFICATION\CM4\Core\Inc\FreeRTOSConfig.h
2025-07-22 04:56:16,488 [INFO] CodeEngine:265 - oldGeneratedFile, C:\Users\nicks\STM32CubeIDE\workspace_1.19.0\AFR\WAYPOINTIFICATION\CM4\Core\Src\freertos.c_save
2025-07-22 04:56:16,532 [INFO] CodeEngine:289 - Generated code: C:\Users\nicks\STM32CubeIDE\workspace_1.19.0\AFR\WAYPOINTIFICATION\CM4\Core\Src\freertos.c
2025-07-22 04:56:16,551 [INFO] CodeEngine:265 - oldGeneratedFile, C:\Users\nicks\STM32CubeIDE\workspace_1.19.0\AFR\WAYPOINTIFICATION\CM4\Core\Inc\stm32h7xx_nucleo_conf.h_save
2025-07-22 04:56:16,594 [INFO] CodeEngine:289 - Generated code: C:\Users\nicks\STM32CubeIDE\workspace_1.19.0\AFR\WAYPOINTIFICATION\CM4\Core\Inc\stm32h7xx_nucleo_conf.h
2025-07-22 04:56:16,599 [INFO] CodeEngine:265 - oldGeneratedFile, C:\Users\nicks\STM32CubeIDE\workspace_1.19.0\AFR\WAYPOINTIFICATION\CM4\MXTmpFiles\bsp_inc.tmp_save
2025-07-22 04:56:16,637 [INFO] CodeEngine:289 - Generated code: C:\Users\nicks\STM32CubeIDE\workspace_1.19.0\AFR\WAYPOINTIFICATION\CM4\MXTmpFiles\bsp_inc.tmp
2025-07-22 04:56:16,652 [INFO] CodeEngine:265 - oldGeneratedFile, C:\Users\nicks\STM32CubeIDE\workspace_1.19.0\AFR\WAYPOINTIFICATION\CM4\Core\Src\stm32h7xx_it.c_save
2025-07-22 04:56:16,697 [INFO] CodeEngine:289 - Generated code: C:\Users\nicks\STM32CubeIDE\workspace_1.19.0\AFR\WAYPOINTIFICATION\CM4\Core\Src\stm32h7xx_it.c
2025-07-22 04:56:16,704 [INFO] CodeEngine:265 - oldGeneratedFile, C:\Users\nicks\STM32CubeIDE\workspace_1.19.0\AFR\WAYPOINTIFICATION\CM4\Core\Inc\stm32h7xx_it.h_save
2025-07-22 04:56:16,745 [INFO] CodeEngine:289 - Generated code: C:\Users\nicks\STM32CubeIDE\workspace_1.19.0\AFR\WAYPOINTIFICATION\CM4\Core\Inc\stm32h7xx_it.h
2025-07-22 04:56:16,768 [INFO] CodeEngine:265 - oldGeneratedFile, C:\Users\nicks\STM32CubeIDE\workspace_1.19.0\AFR\WAYPOINTIFICATION\CM4\Core\Src\stm32h7xx_hal_msp.c_save
2025-07-22 04:56:16,825 [INFO] CodeEngine:289 - Generated code: C:\Users\nicks\STM32CubeIDE\workspace_1.19.0\AFR\WAYPOINTIFICATION\CM4\Core\Src\stm32h7xx_hal_msp.c
2025-07-22 04:56:16,830 [INFO] CodeEngine:265 - oldGeneratedFile, C:\Users\nicks\STM32CubeIDE\workspace_1.19.0\AFR\WAYPOINTIFICATION\CM4\MXTmpFiles\system.tmp_save
2025-07-22 04:56:16,869 [INFO] CodeEngine:289 - Generated code: C:\Users\nicks\STM32CubeIDE\workspace_1.19.0\AFR\WAYPOINTIFICATION\CM4\MXTmpFiles\system.tmp
2025-07-22 04:56:16,880 [INFO] CodeEngine:321 - oldGeneratedFile, C:\Users\nicks\STM32CubeIDE\workspace_1.19.0\AFR\WAYPOINTIFICATION\CM4\Core\Inc\stm32h7xx_hal_conf.h_save
2025-07-22 04:56:16,927 [INFO] CodeEngine:345 - Generated code: C:\Users\nicks\STM32CubeIDE\workspace_1.19.0\AFR\WAYPOINTIFICATION\CM4\Core\Inc\stm32h7xx_hal_conf.h
2025-07-22 04:56:16,938 [WARN] IPConfigManager:3811 - IP not found : NVIC
2025-07-22 04:56:16,939 [WARN] CodeGenerator:4259 - IP not found : null
2025-07-22 04:56:16,945 [INFO] CodeEngine:265 - oldGeneratedFile, C:\Users\nicks\STM32CubeIDE\workspace_1.19.0\AFR\WAYPOINTIFICATION\CM4\Core\Inc\main.h_save
2025-07-22 04:56:16,992 [INFO] CodeEngine:289 - Generated code: C:\Users\nicks\STM32CubeIDE\workspace_1.19.0\AFR\WAYPOINTIFICATION\CM4\Core\Inc\main.h
2025-07-22 04:56:16,998 [INFO] CodeEngine:265 - oldGeneratedFile, C:\Users\nicks\STM32CubeIDE\workspace_1.19.0\AFR\WAYPOINTIFICATION\CM4\Core\Src\main.c_save
2025-07-22 04:56:17,064 [INFO] CodeEngine:289 - Generated code: C:\Users\nicks\STM32CubeIDE\workspace_1.19.0\AFR\WAYPOINTIFICATION\CM4\Core\Src\main.c
2025-07-22 04:56:17,477 [INFO] ProjectBuilder:3606 - Time for Copy HAL[1] : 247mS.
2025-07-22 04:56:17,491 [INFO] ProjectBuilder:5216 - Project Generator version: 4.7.0-B52
2025-07-22 04:56:17,549 [INFO] ConfigFileManager:1595 - The Die is : DIE450
2025-07-22 04:56:22,678 [INFO] ProjectBuilder:5496 - Time for Generating toolchain IDE Files: 5187mS.
2025-07-22 04:56:22,679 [INFO] ProjectBuilder:3463 - Time for Copy CMSIS : 1mS.
2025-07-22 04:56:22,683 [INFO] ProjectBuilder:3463 - Time for Copy CMSIS : 0mS.
2025-07-22 04:56:43,124 [INFO] UtilMem:75 - End SaveConfig() Used Memory: 717760264 Bytes (1073741824)
2025-07-22 04:56:44,980 [ERROR] IocParser:95 - Exception caught: Cannot invoke "java.lang.CharSequence.length()" because "this.text" is null
2025-07-22 04:56:50,490 [INFO] BlockDiagram:2775 - set Specific Code input for plugin: FREERTOS
2025-07-22 04:56:50,490 [INFO] BlockDiagram:2775 - set Specific Code input for plugin: FREERTOS
2025-07-22 04:56:50,490 [INFO] BlockDiagram:2775 - set Specific Code input for plugin: RCC
2025-07-22 04:56:50,490 [INFO] BlockDiagram:2775 - set Specific Code input for plugin: USART
2025-07-22 04:56:50,490 [INFO] BlockDiagram:2775 - set Specific Code input for plugin: MEMORYMAP
2025-07-22 04:56:50,490 [INFO] BlockDiagram:2775 - set Specific Code input for plugin: SYS
2025-07-22 04:56:50,490 [INFO] BlockDiagram:2775 - set Specific Code input for plugin: NVIC2
2025-07-22 04:56:50,491 [INFO] BlockDiagram:2775 - set Specific Code input for plugin: GPIO
2025-07-22 04:56:50,491 [INFO] BlockDiagram:2775 - set Specific Code input for plugin: SYS_M4
2025-07-22 04:56:50,491 [INFO] BlockDiagram:2775 - set Specific Code input for plugin: NUCLEO-H755ZI-Q
2025-07-22 04:56:50,491 [INFO] BlockDiagram:2775 - set Specific Code input for plugin: NVIC1
2025-07-22 04:56:50,492 [INFO] CodeGenerator:892 - code generatio: config db path: C:\ST\STM32CubeIDE_1.19.0\STM32CubeIDE\plugins\com.st.stm32cube.common.mx_6.15.0.202507011659\\db\
2025-07-22 04:56:50,527 [ERROR] CodeGenerator:10662 - The current RTOS owner has not been found in the list of IPs
2025-07-22 04:56:50,527 [ERROR] CodeGenerator:10662 - The current RTOS owner has not been found in the list of IPs
2025-07-22 04:56:50,527 [INFO] CodeGenerator:1619 - *******************Project context M7 selected
2025-07-22 04:56:50,572 [INFO] CodeEngine:265 - oldGeneratedFile, C:\Users\nicks\STM32CubeIDE\workspace_1.19.0\AFR\WAYPOINTIFICATION\MXTmpFiles\license.tmp_save
2025-07-22 04:56:50,613 [INFO] CodeEngine:289 - Generated code: C:\Users\nicks\STM32CubeIDE\workspace_1.19.0\AFR\WAYPOINTIFICATION\MXTmpFiles\license.tmp
2025-07-22 04:56:50,645 [INFO] CodeEngine:265 - oldGeneratedFile, C:\Users\nicks\STM32CubeIDE\workspace_1.19.0\AFR\WAYPOINTIFICATION\CM7\MXTmpFiles\gpio.tmp_save
2025-07-22 04:56:50,686 [INFO] CodeEngine:289 - Generated code: C:\Users\nicks\STM32CubeIDE\workspace_1.19.0\AFR\WAYPOINTIFICATION\CM7\MXTmpFiles\gpio.tmp
2025-07-22 04:56:50,737 [WARN] IPConfigManager:103 - WARNING: Missing Config File for MEMORYMAP ip!!
2025-07-22 04:56:50,787 [WARN] IPConfigManager:103 - WARNING: Missing Config File for NVIC1 ip!!
2025-07-22 04:56:50,875 [ERROR] CodeGenerator:10662 - The current RTOS owner has not been found in the list of IPs
2025-07-22 04:56:50,881 [INFO] CodeEngine:265 - oldGeneratedFile, C:\Users\nicks\STM32CubeIDE\workspace_1.19.0\AFR\WAYPOINTIFICATION\CM7\MXTmpFiles\cortex.tmp_save
2025-07-22 04:56:50,922 [INFO] CodeEngine:289 - Generated code: C:\Users\nicks\STM32CubeIDE\workspace_1.19.0\AFR\WAYPOINTIFICATION\CM7\MXTmpFiles\cortex.tmp
2025-07-22 04:56:50,932 [INFO] Middleware:1452 - No code input for Bsp Dependency
2025-07-22 04:56:50,938 [INFO] CodeEngine:265 - oldGeneratedFile, C:\Users\nicks\STM32CubeIDE\workspace_1.19.0\AFR\WAYPOINTIFICATION\CM7\MXTmpFiles\rtos_inc.tmp_save
2025-07-22 04:56:50,978 [INFO] CodeEngine:289 - Generated code: C:\Users\nicks\STM32CubeIDE\workspace_1.19.0\AFR\WAYPOINTIFICATION\CM7\MXTmpFiles\rtos_inc.tmp
2025-07-22 04:56:50,982 [INFO] CodeEngine:265 - oldGeneratedFile, C:\Users\nicks\STM32CubeIDE\workspace_1.19.0\AFR\WAYPOINTIFICATION\CM7\MXTmpFiles\rtos_kernelInit.tmp_save
2025-07-22 04:56:51,020 [INFO] CodeEngine:289 - Generated code: C:\Users\nicks\STM32CubeIDE\workspace_1.19.0\AFR\WAYPOINTIFICATION\CM7\MXTmpFiles\rtos_kernelInit.tmp
2025-07-22 04:56:51,024 [INFO] CodeEngine:265 - oldGeneratedFile, C:\Users\nicks\STM32CubeIDE\workspace_1.19.0\AFR\WAYPOINTIFICATION\CM7\MXTmpFiles\rtos_kernelStart.tmp_save
2025-07-22 04:56:51,063 [INFO] CodeEngine:289 - Generated code: C:\Users\nicks\STM32CubeIDE\workspace_1.19.0\AFR\WAYPOINTIFICATION\CM7\MXTmpFiles\rtos_kernelStart.tmp
2025-07-22 04:56:51,067 [INFO] CodeEngine:265 - oldGeneratedFile, C:\Users\nicks\STM32CubeIDE\workspace_1.19.0\AFR\WAYPOINTIFICATION\CM7\MXTmpFiles\rtos_typedefs.tmp_save
2025-07-22 04:56:51,107 [INFO] CodeEngine:289 - Generated code: C:\Users\nicks\STM32CubeIDE\workspace_1.19.0\AFR\WAYPOINTIFICATION\CM7\MXTmpFiles\rtos_typedefs.tmp
2025-07-22 04:56:51,111 [INFO] CodeEngine:265 - oldGeneratedFile, C:\Users\nicks\STM32CubeIDE\workspace_1.19.0\AFR\WAYPOINTIFICATION\CM7\MXTmpFiles\rtos_vars.tmp_save
2025-07-22 04:56:51,150 [INFO] CodeEngine:289 - Generated code: C:\Users\nicks\STM32CubeIDE\workspace_1.19.0\AFR\WAYPOINTIFICATION\CM7\MXTmpFiles\rtos_vars.tmp
2025-07-22 04:56:51,154 [INFO] CodeEngine:265 - oldGeneratedFile, C:\Users\nicks\STM32CubeIDE\workspace_1.19.0\AFR\WAYPOINTIFICATION\CM7\MXTmpFiles\rtos_pfp.tmp_save
2025-07-22 04:56:51,191 [INFO] CodeEngine:289 - Generated code: C:\Users\nicks\STM32CubeIDE\workspace_1.19.0\AFR\WAYPOINTIFICATION\CM7\MXTmpFiles\rtos_pfp.tmp
2025-07-22 04:56:51,196 [INFO] CodeEngine:265 - oldGeneratedFile, C:\Users\nicks\STM32CubeIDE\workspace_1.19.0\AFR\WAYPOINTIFICATION\CM7\MXTmpFiles\rtos_obj_creat.tmp_save
2025-07-22 04:56:51,236 [INFO] CodeEngine:289 - Generated code: C:\Users\nicks\STM32CubeIDE\workspace_1.19.0\AFR\WAYPOINTIFICATION\CM7\MXTmpFiles\rtos_obj_creat.tmp
2025-07-22 04:56:51,240 [INFO] CodeEngine:265 - oldGeneratedFile, C:\Users\nicks\STM32CubeIDE\workspace_1.19.0\AFR\WAYPOINTIFICATION\CM7\MXTmpFiles\rtos_default_thread.tmp_save
2025-07-22 04:56:51,277 [INFO] CodeEngine:289 - Generated code: C:\Users\nicks\STM32CubeIDE\workspace_1.19.0\AFR\WAYPOINTIFICATION\CM7\MXTmpFiles\rtos_default_thread.tmp
2025-07-22 04:56:51,281 [INFO] CodeEngine:265 - oldGeneratedFile, C:\Users\nicks\STM32CubeIDE\workspace_1.19.0\AFR\WAYPOINTIFICATION\CM7\MXTmpFiles\rtos_threads.tmp_save
2025-07-22 04:56:51,319 [INFO] CodeEngine:289 - Generated code: C:\Users\nicks\STM32CubeIDE\workspace_1.19.0\AFR\WAYPOINTIFICATION\CM7\MXTmpFiles\rtos_threads.tmp
2025-07-22 04:56:51,323 [INFO] CodeEngine:265 - oldGeneratedFile, C:\Users\nicks\STM32CubeIDE\workspace_1.19.0\AFR\WAYPOINTIFICATION\CM7\Core\Inc\FreeRTOSConfig.h_save
2025-07-22 04:56:51,372 [INFO] CodeEngine:289 - Generated code: C:\Users\nicks\STM32CubeIDE\workspace_1.19.0\AFR\WAYPOINTIFICATION\CM7\Core\Inc\FreeRTOSConfig.h
2025-07-22 04:56:51,378 [INFO] CodeEngine:265 - oldGeneratedFile, C:\Users\nicks\STM32CubeIDE\workspace_1.19.0\AFR\WAYPOINTIFICATION\CM7\Core\Src\freertos.c_save
2025-07-22 04:56:51,421 [INFO] CodeEngine:289 - Generated code: C:\Users\nicks\STM32CubeIDE\workspace_1.19.0\AFR\WAYPOINTIFICATION\CM7\Core\Src\freertos.c
2025-07-22 04:56:51,441 [INFO] CodeEngine:265 - oldGeneratedFile, C:\Users\nicks\STM32CubeIDE\workspace_1.19.0\AFR\WAYPOINTIFICATION\CM7\Core\Inc\stm32h7xx_nucleo_conf.h_save
2025-07-22 04:56:51,483 [INFO] CodeEngine:289 - Generated code: C:\Users\nicks\STM32CubeIDE\workspace_1.19.0\AFR\WAYPOINTIFICATION\CM7\Core\Inc\stm32h7xx_nucleo_conf.h
2025-07-22 04:56:51,488 [INFO] CodeEngine:265 - oldGeneratedFile, C:\Users\nicks\STM32CubeIDE\workspace_1.19.0\AFR\WAYPOINTIFICATION\CM7\MXTmpFiles\bsp_inc.tmp_save
2025-07-22 04:56:51,525 [INFO] CodeEngine:289 - Generated code: C:\Users\nicks\STM32CubeIDE\workspace_1.19.0\AFR\WAYPOINTIFICATION\CM7\MXTmpFiles\bsp_inc.tmp
2025-07-22 04:56:51,530 [INFO] CodeEngine:265 - oldGeneratedFile, C:\Users\nicks\STM32CubeIDE\workspace_1.19.0\AFR\WAYPOINTIFICATION\CM7\MXTmpFiles\bsp_common_vars.tmp_save
2025-07-22 04:56:51,569 [INFO] CodeEngine:289 - Generated code: C:\Users\nicks\STM32CubeIDE\workspace_1.19.0\AFR\WAYPOINTIFICATION\CM7\MXTmpFiles\bsp_common_vars.tmp
2025-07-22 04:56:51,573 [INFO] CodeEngine:265 - oldGeneratedFile, C:\Users\nicks\STM32CubeIDE\workspace_1.19.0\AFR\WAYPOINTIFICATION\CM7\MXTmpFiles\bsp_common_init.tmp_save
2025-07-22 04:56:51,615 [INFO] CodeEngine:289 - Generated code: C:\Users\nicks\STM32CubeIDE\workspace_1.19.0\AFR\WAYPOINTIFICATION\CM7\MXTmpFiles\bsp_common_init.tmp
2025-07-22 04:56:51,619 [INFO] CodeEngine:265 - oldGeneratedFile, C:\Users\nicks\STM32CubeIDE\workspace_1.19.0\AFR\WAYPOINTIFICATION\CM7\MXTmpFiles\bsp_common_demo_before_while.tmp_save
2025-07-22 04:56:51,657 [INFO] CodeEngine:289 - Generated code: C:\Users\nicks\STM32CubeIDE\workspace_1.19.0\AFR\WAYPOINTIFICATION\CM7\MXTmpFiles\bsp_common_demo_before_while.tmp
2025-07-22 04:56:51,662 [INFO] CodeEngine:265 - oldGeneratedFile, C:\Users\nicks\STM32CubeIDE\workspace_1.19.0\AFR\WAYPOINTIFICATION\CM7\MXTmpFiles\bsp_common_demo_inside_while.tmp_save
2025-07-22 04:56:51,701 [INFO] CodeEngine:289 - Generated code: C:\Users\nicks\STM32CubeIDE\workspace_1.19.0\AFR\WAYPOINTIFICATION\CM7\MXTmpFiles\bsp_common_demo_inside_while.tmp
2025-07-22 04:56:51,705 [INFO] CodeEngine:265 - oldGeneratedFile, C:\Users\nicks\STM32CubeIDE\workspace_1.19.0\AFR\WAYPOINTIFICATION\CM7\MXTmpFiles\bsp_common_demo_fct.tmp_save
2025-07-22 04:56:51,743 [INFO] CodeEngine:289 - Generated code: C:\Users\nicks\STM32CubeIDE\workspace_1.19.0\AFR\WAYPOINTIFICATION\CM7\MXTmpFiles\bsp_common_demo_fct.tmp
2025-07-22 04:56:51,761 [INFO] CodeEngine:265 - oldGeneratedFile, C:\Users\nicks\STM32CubeIDE\workspace_1.19.0\AFR\WAYPOINTIFICATION\CM7\Core\Src\stm32h7xx_it.c_save
2025-07-22 04:56:51,815 [INFO] CodeEngine:289 - Generated code: C:\Users\nicks\STM32CubeIDE\workspace_1.19.0\AFR\WAYPOINTIFICATION\CM7\Core\Src\stm32h7xx_it.c
2025-07-22 04:56:51,820 [INFO] CodeEngine:265 - oldGeneratedFile, C:\Users\nicks\STM32CubeIDE\workspace_1.19.0\AFR\WAYPOINTIFICATION\CM7\Core\Inc\stm32h7xx_it.h_save
2025-07-22 04:56:51,862 [INFO] CodeEngine:289 - Generated code: C:\Users\nicks\STM32CubeIDE\workspace_1.19.0\AFR\WAYPOINTIFICATION\CM7\Core\Inc\stm32h7xx_it.h
2025-07-22 04:56:51,926 [INFO] CodeEngine:265 - oldGeneratedFile, C:\Users\nicks\STM32CubeIDE\workspace_1.19.0\AFR\WAYPOINTIFICATION\CM7\Core\Src\stm32h7xx_hal_msp.c_save
2025-07-22 04:56:51,987 [INFO] CodeEngine:289 - Generated code: C:\Users\nicks\STM32CubeIDE\workspace_1.19.0\AFR\WAYPOINTIFICATION\CM7\Core\Src\stm32h7xx_hal_msp.c
2025-07-22 04:56:51,991 [INFO] CodeEngine:265 - oldGeneratedFile, C:\Users\nicks\STM32CubeIDE\workspace_1.19.0\AFR\WAYPOINTIFICATION\CM7\MXTmpFiles\system.tmp_save
2025-07-22 04:56:52,030 [INFO] CodeEngine:289 - Generated code: C:\Users\nicks\STM32CubeIDE\workspace_1.19.0\AFR\WAYPOINTIFICATION\CM7\MXTmpFiles\system.tmp
2025-07-22 04:56:52,042 [INFO] CodeEngine:321 - oldGeneratedFile, C:\Users\nicks\STM32CubeIDE\workspace_1.19.0\AFR\WAYPOINTIFICATION\CM7\Core\Inc\stm32h7xx_hal_conf.h_save
2025-07-22 04:56:52,086 [INFO] CodeEngine:345 - Generated code: C:\Users\nicks\STM32CubeIDE\workspace_1.19.0\AFR\WAYPOINTIFICATION\CM7\Core\Inc\stm32h7xx_hal_conf.h
2025-07-22 04:56:52,104 [WARN] IPConfigManager:3811 - IP not found : NVIC
2025-07-22 04:56:52,105 [WARN] CodeGenerator:4259 - IP not found : null
2025-07-22 04:56:52,112 [INFO] CodeEngine:265 - oldGeneratedFile, C:\Users\nicks\STM32CubeIDE\workspace_1.19.0\AFR\WAYPOINTIFICATION\CM7\Core\Inc\main.h_save
2025-07-22 04:56:52,166 [INFO] CodeEngine:289 - Generated code: C:\Users\nicks\STM32CubeIDE\workspace_1.19.0\AFR\WAYPOINTIFICATION\CM7\Core\Inc\main.h
2025-07-22 04:56:52,171 [INFO] CodeEngine:265 - oldGeneratedFile, C:\Users\nicks\STM32CubeIDE\workspace_1.19.0\AFR\WAYPOINTIFICATION\CM7\Core\Src\main.c_save
2025-07-22 04:56:52,271 [INFO] CodeEngine:289 - Generated code: C:\Users\nicks\STM32CubeIDE\workspace_1.19.0\AFR\WAYPOINTIFICATION\CM7\Core\Src\main.c
2025-07-22 04:56:52,322 [INFO] CodeGenerator:1619 - *******************Project context M4 selected
2025-07-22 04:56:52,369 [INFO] CodeEngine:265 - oldGeneratedFile, C:\Users\nicks\STM32CubeIDE\workspace_1.19.0\AFR\WAYPOINTIFICATION\MXTmpFiles\license.tmp_save
2025-07-22 04:56:52,409 [INFO] CodeEngine:289 - Generated code: C:\Users\nicks\STM32CubeIDE\workspace_1.19.0\AFR\WAYPOINTIFICATION\MXTmpFiles\license.tmp
2025-07-22 04:56:52,423 [WARN] IPConfigManager:103 - WARNING: Missing Config File for NVIC2 ip!!
2025-07-22 04:56:52,427 [ERROR] CodeGenerator:10662 - The current RTOS owner has not been found in the list of IPs
2025-07-22 04:56:52,432 [INFO] CodeEngine:265 - oldGeneratedFile, C:\Users\nicks\STM32CubeIDE\workspace_1.19.0\AFR\WAYPOINTIFICATION\CM4\MXTmpFiles\cortex.tmp_save
2025-07-22 04:56:52,473 [INFO] CodeEngine:289 - Generated code: C:\Users\nicks\STM32CubeIDE\workspace_1.19.0\AFR\WAYPOINTIFICATION\CM4\MXTmpFiles\cortex.tmp
2025-07-22 04:56:52,487 [INFO] Middleware:1452 - No code input for Bsp Dependency
2025-07-22 04:56:52,492 [INFO] CodeEngine:265 - oldGeneratedFile, C:\Users\nicks\STM32CubeIDE\workspace_1.19.0\AFR\WAYPOINTIFICATION\CM4\MXTmpFiles\rtos_inc.tmp_save
2025-07-22 04:56:52,531 [INFO] CodeEngine:289 - Generated code: C:\Users\nicks\STM32CubeIDE\workspace_1.19.0\AFR\WAYPOINTIFICATION\CM4\MXTmpFiles\rtos_inc.tmp
2025-07-22 04:56:52,536 [INFO] CodeEngine:265 - oldGeneratedFile, C:\Users\nicks\STM32CubeIDE\workspace_1.19.0\AFR\WAYPOINTIFICATION\CM4\MXTmpFiles\rtos_kernelInit.tmp_save
2025-07-22 04:56:52,574 [INFO] CodeEngine:289 - Generated code: C:\Users\nicks\STM32CubeIDE\workspace_1.19.0\AFR\WAYPOINTIFICATION\CM4\MXTmpFiles\rtos_kernelInit.tmp
2025-07-22 04:56:52,578 [INFO] CodeEngine:265 - oldGeneratedFile, C:\Users\nicks\STM32CubeIDE\workspace_1.19.0\AFR\WAYPOINTIFICATION\CM4\MXTmpFiles\rtos_kernelStart.tmp_save
2025-07-22 04:56:52,617 [INFO] CodeEngine:289 - Generated code: C:\Users\nicks\STM32CubeIDE\workspace_1.19.0\AFR\WAYPOINTIFICATION\CM4\MXTmpFiles\rtos_kernelStart.tmp
2025-07-22 04:56:52,620 [INFO] CodeEngine:265 - oldGeneratedFile, C:\Users\nicks\STM32CubeIDE\workspace_1.19.0\AFR\WAYPOINTIFICATION\CM4\MXTmpFiles\rtos_typedefs.tmp_save
2025-07-22 04:56:52,659 [INFO] CodeEngine:289 - Generated code: C:\Users\nicks\STM32CubeIDE\workspace_1.19.0\AFR\WAYPOINTIFICATION\CM4\MXTmpFiles\rtos_typedefs.tmp
2025-07-22 04:56:52,663 [INFO] CodeEngine:265 - oldGeneratedFile, C:\Users\nicks\STM32CubeIDE\workspace_1.19.0\AFR\WAYPOINTIFICATION\CM4\MXTmpFiles\rtos_vars.tmp_save
2025-07-22 04:56:52,704 [INFO] CodeEngine:289 - Generated code: C:\Users\nicks\STM32CubeIDE\workspace_1.19.0\AFR\WAYPOINTIFICATION\CM4\MXTmpFiles\rtos_vars.tmp
2025-07-22 04:56:52,708 [INFO] CodeEngine:265 - oldGeneratedFile, C:\Users\nicks\STM32CubeIDE\workspace_1.19.0\AFR\WAYPOINTIFICATION\CM4\MXTmpFiles\rtos_pfp.tmp_save
2025-07-22 04:56:52,747 [INFO] CodeEngine:289 - Generated code: C:\Users\nicks\STM32CubeIDE\workspace_1.19.0\AFR\WAYPOINTIFICATION\CM4\MXTmpFiles\rtos_pfp.tmp
2025-07-22 04:56:52,751 [INFO] CodeEngine:265 - oldGeneratedFile, C:\Users\nicks\STM32CubeIDE\workspace_1.19.0\AFR\WAYPOINTIFICATION\CM4\MXTmpFiles\rtos_obj_creat.tmp_save
2025-07-22 04:56:52,791 [INFO] CodeEngine:289 - Generated code: C:\Users\nicks\STM32CubeIDE\workspace_1.19.0\AFR\WAYPOINTIFICATION\CM4\MXTmpFiles\rtos_obj_creat.tmp
2025-07-22 04:56:52,796 [INFO] CodeEngine:265 - oldGeneratedFile, C:\Users\nicks\STM32CubeIDE\workspace_1.19.0\AFR\WAYPOINTIFICATION\CM4\MXTmpFiles\rtos_default_thread.tmp_save
2025-07-22 04:56:52,834 [INFO] CodeEngine:289 - Generated code: C:\Users\nicks\STM32CubeIDE\workspace_1.19.0\AFR\WAYPOINTIFICATION\CM4\MXTmpFiles\rtos_default_thread.tmp
2025-07-22 04:56:52,839 [INFO] CodeEngine:265 - oldGeneratedFile, C:\Users\nicks\STM32CubeIDE\workspace_1.19.0\AFR\WAYPOINTIFICATION\CM4\MXTmpFiles\rtos_threads.tmp_save
2025-07-22 04:56:52,878 [INFO] CodeEngine:289 - Generated code: C:\Users\nicks\STM32CubeIDE\workspace_1.19.0\AFR\WAYPOINTIFICATION\CM4\MXTmpFiles\rtos_threads.tmp
2025-07-22 04:56:52,883 [INFO] CodeEngine:265 - oldGeneratedFile, C:\Users\nicks\STM32CubeIDE\workspace_1.19.0\AFR\WAYPOINTIFICATION\CM4\Core\Inc\FreeRTOSConfig.h_save
2025-07-22 04:56:52,932 [INFO] CodeEngine:289 - Generated code: C:\Users\nicks\STM32CubeIDE\workspace_1.19.0\AFR\WAYPOINTIFICATION\CM4\Core\Inc\FreeRTOSConfig.h
2025-07-22 04:56:52,937 [INFO] CodeEngine:265 - oldGeneratedFile, C:\Users\nicks\STM32CubeIDE\workspace_1.19.0\AFR\WAYPOINTIFICATION\CM4\Core\Src\freertos.c_save
2025-07-22 04:56:52,981 [INFO] CodeEngine:289 - Generated code: C:\Users\nicks\STM32CubeIDE\workspace_1.19.0\AFR\WAYPOINTIFICATION\CM4\Core\Src\freertos.c
2025-07-22 04:56:53,001 [INFO] CodeEngine:265 - oldGeneratedFile, C:\Users\nicks\STM32CubeIDE\workspace_1.19.0\AFR\WAYPOINTIFICATION\CM4\Core\Inc\stm32h7xx_nucleo_conf.h_save
2025-07-22 04:56:53,042 [INFO] CodeEngine:289 - Generated code: C:\Users\nicks\STM32CubeIDE\workspace_1.19.0\AFR\WAYPOINTIFICATION\CM4\Core\Inc\stm32h7xx_nucleo_conf.h
2025-07-22 04:56:53,047 [INFO] CodeEngine:265 - oldGeneratedFile, C:\Users\nicks\STM32CubeIDE\workspace_1.19.0\AFR\WAYPOINTIFICATION\CM4\MXTmpFiles\bsp_inc.tmp_save
2025-07-22 04:56:53,087 [INFO] CodeEngine:289 - Generated code: C:\Users\nicks\STM32CubeIDE\workspace_1.19.0\AFR\WAYPOINTIFICATION\CM4\MXTmpFiles\bsp_inc.tmp
2025-07-22 04:56:53,103 [INFO] CodeEngine:265 - oldGeneratedFile, C:\Users\nicks\STM32CubeIDE\workspace_1.19.0\AFR\WAYPOINTIFICATION\CM4\Core\Src\stm32h7xx_it.c_save
2025-07-22 04:56:53,147 [INFO] CodeEngine:289 - Generated code: C:\Users\nicks\STM32CubeIDE\workspace_1.19.0\AFR\WAYPOINTIFICATION\CM4\Core\Src\stm32h7xx_it.c
2025-07-22 04:56:53,153 [INFO] CodeEngine:265 - oldGeneratedFile, C:\Users\nicks\STM32CubeIDE\workspace_1.19.0\AFR\WAYPOINTIFICATION\CM4\Core\Inc\stm32h7xx_it.h_save
2025-07-22 04:56:53,194 [INFO] CodeEngine:289 - Generated code: C:\Users\nicks\STM32CubeIDE\workspace_1.19.0\AFR\WAYPOINTIFICATION\CM4\Core\Inc\stm32h7xx_it.h
2025-07-22 04:56:53,215 [INFO] CodeEngine:265 - oldGeneratedFile, C:\Users\nicks\STM32CubeIDE\workspace_1.19.0\AFR\WAYPOINTIFICATION\CM4\Core\Src\stm32h7xx_hal_msp.c_save
2025-07-22 04:56:53,272 [INFO] CodeEngine:289 - Generated code: C:\Users\nicks\STM32CubeIDE\workspace_1.19.0\AFR\WAYPOINTIFICATION\CM4\Core\Src\stm32h7xx_hal_msp.c
2025-07-22 04:56:53,276 [INFO] CodeEngine:265 - oldGeneratedFile, C:\Users\nicks\STM32CubeIDE\workspace_1.19.0\AFR\WAYPOINTIFICATION\CM4\MXTmpFiles\system.tmp_save
2025-07-22 04:56:53,314 [INFO] CodeEngine:289 - Generated code: C:\Users\nicks\STM32CubeIDE\workspace_1.19.0\AFR\WAYPOINTIFICATION\CM4\MXTmpFiles\system.tmp
2025-07-22 04:56:53,323 [INFO] CodeEngine:321 - oldGeneratedFile, C:\Users\nicks\STM32CubeIDE\workspace_1.19.0\AFR\WAYPOINTIFICATION\CM4\Core\Inc\stm32h7xx_hal_conf.h_save
2025-07-22 04:56:53,369 [INFO] CodeEngine:345 - Generated code: C:\Users\nicks\STM32CubeIDE\workspace_1.19.0\AFR\WAYPOINTIFICATION\CM4\Core\Inc\stm32h7xx_hal_conf.h
2025-07-22 04:56:53,379 [WARN] IPConfigManager:3811 - IP not found : NVIC
2025-07-22 04:56:53,380 [WARN] CodeGenerator:4259 - IP not found : null
2025-07-22 04:56:53,387 [INFO] CodeEngine:265 - oldGeneratedFile, C:\Users\nicks\STM32CubeIDE\workspace_1.19.0\AFR\WAYPOINTIFICATION\CM4\Core\Inc\main.h_save
2025-07-22 04:56:53,433 [INFO] CodeEngine:289 - Generated code: C:\Users\nicks\STM32CubeIDE\workspace_1.19.0\AFR\WAYPOINTIFICATION\CM4\Core\Inc\main.h
2025-07-22 04:56:53,438 [INFO] CodeEngine:265 - oldGeneratedFile, C:\Users\nicks\STM32CubeIDE\workspace_1.19.0\AFR\WAYPOINTIFICATION\CM4\Core\Src\main.c_save
2025-07-22 04:56:53,503 [INFO] CodeEngine:289 - Generated code: C:\Users\nicks\STM32CubeIDE\workspace_1.19.0\AFR\WAYPOINTIFICATION\CM4\Core\Src\main.c
2025-07-22 04:56:53,907 [INFO] ProjectBuilder:3606 - Time for Copy HAL[1] : 249mS.
2025-07-22 04:56:53,920 [INFO] ProjectBuilder:5216 - Project Generator version: 4.7.0-B52
2025-07-22 04:56:53,972 [INFO] ConfigFileManager:1595 - The Die is : DIE450
2025-07-22 04:56:58,864 [INFO] ProjectBuilder:5496 - Time for Generating toolchain IDE Files: 4944mS.
2025-07-22 04:56:58,864 [INFO] ProjectBuilder:3463 - Time for Copy CMSIS : 0mS.
2025-07-22 04:56:58,869 [INFO] ProjectBuilder:3463 - Time for Copy CMSIS : 0mS.
2025-07-22 05:06:59,349 [INFO] UtilMem:75 - End SaveConfig() Used Memory: 744578624 Bytes (1073741824)
2025-07-22 05:06:59,456 [INFO] UtilMem:75 - End SaveConfig() Used Memory: 763412600 Bytes (1073741824)
2025-07-22 05:07:00,156 [INFO] UtilMem:75 - End SaveConfig() Used Memory: 808044368 Bytes (1073741824)
2025-07-22 05:07:01,375 [ERROR] IocParser:95 - Exception caught: Cannot invoke "java.lang.CharSequence.length()" because "this.text" is null
2025-07-22 05:07:01,644 [INFO] BlockDiagram:2775 - set Specific Code input for plugin: FREERTOS
2025-07-22 05:07:01,644 [INFO] BlockDiagram:2775 - set Specific Code input for plugin: FREERTOS
2025-07-22 05:07:01,644 [INFO] BlockDiagram:2775 - set Specific Code input for plugin: RCC
2025-07-22 05:07:01,644 [INFO] BlockDiagram:2775 - set Specific Code input for plugin: USART
2025-07-22 05:07:01,644 [INFO] BlockDiagram:2775 - set Specific Code input for plugin: MEMORYMAP
2025-07-22 05:07:01,644 [INFO] BlockDiagram:2775 - set Specific Code input for plugin: SYS
2025-07-22 05:07:01,644 [INFO] BlockDiagram:2775 - set Specific Code input for plugin: NVIC2
2025-07-22 05:07:01,645 [INFO] BlockDiagram:2775 - set Specific Code input for plugin: GPIO
2025-07-22 05:07:01,645 [INFO] BlockDiagram:2775 - set Specific Code input for plugin: SYS_M4
2025-07-22 05:07:01,645 [INFO] BlockDiagram:2775 - set Specific Code input for plugin: NUCLEO-H755ZI-Q
2025-07-22 05:07:01,645 [INFO] BlockDiagram:2775 - set Specific Code input for plugin: NVIC1
2025-07-22 05:07:01,646 [INFO] CodeGenerator:892 - code generatio: config db path: C:\ST\STM32CubeIDE_1.19.0\STM32CubeIDE\plugins\com.st.stm32cube.common.mx_6.15.0.202507011659\\db\
2025-07-22 05:07:01,703 [ERROR] CodeGenerator:10662 - The current RTOS owner has not been found in the list of IPs
2025-07-22 05:07:01,704 [ERROR] CodeGenerator:10662 - The current RTOS owner has not been found in the list of IPs
2025-07-22 05:07:01,704 [INFO] CodeGenerator:1619 - *******************Project context M7 selected
2025-07-22 05:07:01,770 [INFO] CodeEngine:265 - oldGeneratedFile, C:\Users\nicks\STM32CubeIDE\workspace_1.19.0\AFR\WAYPOINTIFICATION\MXTmpFiles\license.tmp_save
2025-07-22 05:07:01,917 [INFO] CodeEngine:289 - Generated code: C:\Users\nicks\STM32CubeIDE\workspace_1.19.0\AFR\WAYPOINTIFICATION\MXTmpFiles\license.tmp
2025-07-22 05:07:01,984 [INFO] CodeEngine:265 - oldGeneratedFile, C:\Users\nicks\STM32CubeIDE\workspace_1.19.0\AFR\WAYPOINTIFICATION\CM7\MXTmpFiles\gpio.tmp_save
2025-07-22 05:07:02,060 [INFO] CodeEngine:289 - Generated code: C:\Users\nicks\STM32CubeIDE\workspace_1.19.0\AFR\WAYPOINTIFICATION\CM7\MXTmpFiles\gpio.tmp
2025-07-22 05:07:02,160 [WARN] IPConfigManager:103 - WARNING: Missing Config File for MEMORYMAP ip!!
2025-07-22 05:07:02,257 [WARN] IPConfigManager:103 - WARNING: Missing Config File for NVIC1 ip!!
2025-07-22 05:07:02,356 [ERROR] CodeGenerator:10662 - The current RTOS owner has not been found in the list of IPs
2025-07-22 05:07:02,363 [INFO] CodeEngine:265 - oldGeneratedFile, C:\Users\nicks\STM32CubeIDE\workspace_1.19.0\AFR\WAYPOINTIFICATION\CM7\MXTmpFiles\cortex.tmp_save
2025-07-22 05:07:02,410 [INFO] CodeEngine:289 - Generated code: C:\Users\nicks\STM32CubeIDE\workspace_1.19.0\AFR\WAYPOINTIFICATION\CM7\MXTmpFiles\cortex.tmp
2025-07-22 05:07:02,429 [INFO] Middleware:1452 - No code input for Bsp Dependency
2025-07-22 05:07:02,439 [INFO] CodeEngine:265 - oldGeneratedFile, C:\Users\nicks\STM32CubeIDE\workspace_1.19.0\AFR\WAYPOINTIFICATION\CM7\MXTmpFiles\rtos_inc.tmp_save
2025-07-22 05:07:02,493 [INFO] CodeEngine:289 - Generated code: C:\Users\nicks\STM32CubeIDE\workspace_1.19.0\AFR\WAYPOINTIFICATION\CM7\MXTmpFiles\rtos_inc.tmp
2025-07-22 05:07:02,498 [INFO] CodeEngine:265 - oldGeneratedFile, C:\Users\nicks\STM32CubeIDE\workspace_1.19.0\AFR\WAYPOINTIFICATION\CM7\MXTmpFiles\rtos_kernelInit.tmp_save
2025-07-22 05:07:02,543 [INFO] CodeEngine:289 - Generated code: C:\Users\nicks\STM32CubeIDE\workspace_1.19.0\AFR\WAYPOINTIFICATION\CM7\MXTmpFiles\rtos_kernelInit.tmp
2025-07-22 05:07:02,548 [INFO] CodeEngine:265 - oldGeneratedFile, C:\Users\nicks\STM32CubeIDE\workspace_1.19.0\AFR\WAYPOINTIFICATION\CM7\MXTmpFiles\rtos_kernelStart.tmp_save
2025-07-22 05:07:02,599 [INFO] CodeEngine:289 - Generated code: C:\Users\nicks\STM32CubeIDE\workspace_1.19.0\AFR\WAYPOINTIFICATION\CM7\MXTmpFiles\rtos_kernelStart.tmp
2025-07-22 05:07:02,604 [INFO] CodeEngine:265 - oldGeneratedFile, C:\Users\nicks\STM32CubeIDE\workspace_1.19.0\AFR\WAYPOINTIFICATION\CM7\MXTmpFiles\rtos_typedefs.tmp_save
2025-07-22 05:07:02,647 [INFO] CodeEngine:289 - Generated code: C:\Users\nicks\STM32CubeIDE\workspace_1.19.0\AFR\WAYPOINTIFICATION\CM7\MXTmpFiles\rtos_typedefs.tmp
2025-07-22 05:07:02,654 [INFO] CodeEngine:265 - oldGeneratedFile, C:\Users\nicks\STM32CubeIDE\workspace_1.19.0\AFR\WAYPOINTIFICATION\CM7\MXTmpFiles\rtos_vars.tmp_save
2025-07-22 05:07:02,699 [INFO] CodeEngine:289 - Generated code: C:\Users\nicks\STM32CubeIDE\workspace_1.19.0\AFR\WAYPOINTIFICATION\CM7\MXTmpFiles\rtos_vars.tmp
2025-07-22 05:07:02,706 [INFO] CodeEngine:265 - oldGeneratedFile, C:\Users\nicks\STM32CubeIDE\workspace_1.19.0\AFR\WAYPOINTIFICATION\CM7\MXTmpFiles\rtos_pfp.tmp_save
2025-07-22 05:07:02,751 [INFO] CodeEngine:289 - Generated code: C:\Users\nicks\STM32CubeIDE\workspace_1.19.0\AFR\WAYPOINTIFICATION\CM7\MXTmpFiles\rtos_pfp.tmp
2025-07-22 05:07:02,756 [INFO] CodeEngine:265 - oldGeneratedFile, C:\Users\nicks\STM32CubeIDE\workspace_1.19.0\AFR\WAYPOINTIFICATION\CM7\MXTmpFiles\rtos_obj_creat.tmp_save
2025-07-22 05:07:02,802 [INFO] CodeEngine:289 - Generated code: C:\Users\nicks\STM32CubeIDE\workspace_1.19.0\AFR\WAYPOINTIFICATION\CM7\MXTmpFiles\rtos_obj_creat.tmp
2025-07-22 05:07:02,809 [INFO] CodeEngine:265 - oldGeneratedFile, C:\Users\nicks\STM32CubeIDE\workspace_1.19.0\AFR\WAYPOINTIFICATION\CM7\MXTmpFiles\rtos_default_thread.tmp_save
2025-07-22 05:07:02,868 [INFO] CodeEngine:289 - Generated code: C:\Users\nicks\STM32CubeIDE\workspace_1.19.0\AFR\WAYPOINTIFICATION\CM7\MXTmpFiles\rtos_default_thread.tmp
2025-07-22 05:07:02,873 [INFO] CodeEngine:265 - oldGeneratedFile, C:\Users\nicks\STM32CubeIDE\workspace_1.19.0\AFR\WAYPOINTIFICATION\CM7\MXTmpFiles\rtos_threads.tmp_save
2025-07-22 05:07:02,917 [INFO] CodeEngine:289 - Generated code: C:\Users\nicks\STM32CubeIDE\workspace_1.19.0\AFR\WAYPOINTIFICATION\CM7\MXTmpFiles\rtos_threads.tmp
2025-07-22 05:07:02,924 [INFO] CodeEngine:265 - oldGeneratedFile, C:\Users\nicks\STM32CubeIDE\workspace_1.19.0\AFR\WAYPOINTIFICATION\CM7\Core\Inc\FreeRTOSConfig.h_save
2025-07-22 05:07:02,987 [INFO] CodeEngine:289 - Generated code: C:\Users\nicks\STM32CubeIDE\workspace_1.19.0\AFR\WAYPOINTIFICATION\CM7\Core\Inc\FreeRTOSConfig.h
2025-07-22 05:07:02,996 [INFO] CodeEngine:265 - oldGeneratedFile, C:\Users\nicks\STM32CubeIDE\workspace_1.19.0\AFR\WAYPOINTIFICATION\CM7\Core\Src\freertos.c_save
2025-07-22 05:07:03,044 [INFO] CodeEngine:289 - Generated code: C:\Users\nicks\STM32CubeIDE\workspace_1.19.0\AFR\WAYPOINTIFICATION\CM7\Core\Src\freertos.c
2025-07-22 05:07:03,065 [INFO] CodeEngine:265 - oldGeneratedFile, C:\Users\nicks\STM32CubeIDE\workspace_1.19.0\AFR\WAYPOINTIFICATION\CM7\Core\Inc\stm32h7xx_nucleo_conf.h_save
2025-07-22 05:07:03,108 [INFO] CodeEngine:289 - Generated code: C:\Users\nicks\STM32CubeIDE\workspace_1.19.0\AFR\WAYPOINTIFICATION\CM7\Core\Inc\stm32h7xx_nucleo_conf.h
2025-07-22 05:07:03,113 [INFO] CodeEngine:265 - oldGeneratedFile, C:\Users\nicks\STM32CubeIDE\workspace_1.19.0\AFR\WAYPOINTIFICATION\CM7\MXTmpFiles\bsp_inc.tmp_save
2025-07-22 05:07:03,153 [INFO] CodeEngine:289 - Generated code: C:\Users\nicks\STM32CubeIDE\workspace_1.19.0\AFR\WAYPOINTIFICATION\CM7\MXTmpFiles\bsp_inc.tmp
2025-07-22 05:07:03,158 [INFO] CodeEngine:265 - oldGeneratedFile, C:\Users\nicks\STM32CubeIDE\workspace_1.19.0\AFR\WAYPOINTIFICATION\CM7\MXTmpFiles\bsp_common_vars.tmp_save
2025-07-22 05:07:03,203 [INFO] CodeEngine:289 - Generated code: C:\Users\nicks\STM32CubeIDE\workspace_1.19.0\AFR\WAYPOINTIFICATION\CM7\MXTmpFiles\bsp_common_vars.tmp
2025-07-22 05:07:03,208 [INFO] CodeEngine:265 - oldGeneratedFile, C:\Users\nicks\STM32CubeIDE\workspace_1.19.0\AFR\WAYPOINTIFICATION\CM7\MXTmpFiles\bsp_common_init.tmp_save
2025-07-22 05:07:03,252 [INFO] CodeEngine:289 - Generated code: C:\Users\nicks\STM32CubeIDE\workspace_1.19.0\AFR\WAYPOINTIFICATION\CM7\MXTmpFiles\bsp_common_init.tmp
2025-07-22 05:07:03,257 [INFO] CodeEngine:265 - oldGeneratedFile, C:\Users\nicks\STM32CubeIDE\workspace_1.19.0\AFR\WAYPOINTIFICATION\CM7\MXTmpFiles\bsp_common_demo_before_while.tmp_save
2025-07-22 05:07:03,298 [INFO] CodeEngine:289 - Generated code: C:\Users\nicks\STM32CubeIDE\workspace_1.19.0\AFR\WAYPOINTIFICATION\CM7\MXTmpFiles\bsp_common_demo_before_while.tmp
2025-07-22 05:07:03,303 [INFO] CodeEngine:265 - oldGeneratedFile, C:\Users\nicks\STM32CubeIDE\workspace_1.19.0\AFR\WAYPOINTIFICATION\CM7\MXTmpFiles\bsp_common_demo_inside_while.tmp_save
2025-07-22 05:07:03,343 [INFO] CodeEngine:289 - Generated code: C:\Users\nicks\STM32CubeIDE\workspace_1.19.0\AFR\WAYPOINTIFICATION\CM7\MXTmpFiles\bsp_common_demo_inside_while.tmp
2025-07-22 05:07:03,347 [INFO] CodeEngine:265 - oldGeneratedFile, C:\Users\nicks\STM32CubeIDE\workspace_1.19.0\AFR\WAYPOINTIFICATION\CM7\MXTmpFiles\bsp_common_demo_fct.tmp_save
2025-07-22 05:07:03,388 [INFO] CodeEngine:289 - Generated code: C:\Users\nicks\STM32CubeIDE\workspace_1.19.0\AFR\WAYPOINTIFICATION\CM7\MXTmpFiles\bsp_common_demo_fct.tmp
2025-07-22 05:07:03,412 [INFO] CodeEngine:265 - oldGeneratedFile, C:\Users\nicks\STM32CubeIDE\workspace_1.19.0\AFR\WAYPOINTIFICATION\CM7\Core\Src\stm32h7xx_it.c_save
2025-07-22 05:07:03,481 [INFO] CodeEngine:289 - Generated code: C:\Users\nicks\STM32CubeIDE\workspace_1.19.0\AFR\WAYPOINTIFICATION\CM7\Core\Src\stm32h7xx_it.c
2025-07-22 05:07:03,488 [INFO] CodeEngine:265 - oldGeneratedFile, C:\Users\nicks\STM32CubeIDE\workspace_1.19.0\AFR\WAYPOINTIFICATION\CM7\Core\Inc\stm32h7xx_it.h_save
2025-07-22 05:07:03,533 [INFO] CodeEngine:289 - Generated code: C:\Users\nicks\STM32CubeIDE\workspace_1.19.0\AFR\WAYPOINTIFICATION\CM7\Core\Inc\stm32h7xx_it.h
2025-07-22 05:07:03,617 [INFO] CodeEngine:265 - oldGeneratedFile, C:\Users\nicks\STM32CubeIDE\workspace_1.19.0\AFR\WAYPOINTIFICATION\CM7\Core\Src\stm32h7xx_hal_msp.c_save
2025-07-22 05:07:03,690 [INFO] CodeEngine:289 - Generated code: C:\Users\nicks\STM32CubeIDE\workspace_1.19.0\AFR\WAYPOINTIFICATION\CM7\Core\Src\stm32h7xx_hal_msp.c
2025-07-22 05:07:03,696 [INFO] CodeEngine:265 - oldGeneratedFile, C:\Users\nicks\STM32CubeIDE\workspace_1.19.0\AFR\WAYPOINTIFICATION\CM7\MXTmpFiles\system.tmp_save
2025-07-22 05:07:03,740 [INFO] CodeEngine:289 - Generated code: C:\Users\nicks\STM32CubeIDE\workspace_1.19.0\AFR\WAYPOINTIFICATION\CM7\MXTmpFiles\system.tmp
2025-07-22 05:07:03,752 [INFO] CodeEngine:321 - oldGeneratedFile, C:\Users\nicks\STM32CubeIDE\workspace_1.19.0\AFR\WAYPOINTIFICATION\CM7\Core\Inc\stm32h7xx_hal_conf.h_save
2025-07-22 05:07:03,803 [INFO] CodeEngine:345 - Generated code: C:\Users\nicks\STM32CubeIDE\workspace_1.19.0\AFR\WAYPOINTIFICATION\CM7\Core\Inc\stm32h7xx_hal_conf.h
2025-07-22 05:07:03,829 [WARN] IPConfigManager:3811 - IP not found : NVIC
2025-07-22 05:07:03,831 [WARN] CodeGenerator:4259 - IP not found : null
2025-07-22 05:07:03,839 [INFO] CodeEngine:265 - oldGeneratedFile, C:\Users\nicks\STM32CubeIDE\workspace_1.19.0\AFR\WAYPOINTIFICATION\CM7\Core\Inc\main.h_save
2025-07-22 05:07:03,893 [INFO] CodeEngine:289 - Generated code: C:\Users\nicks\STM32CubeIDE\workspace_1.19.0\AFR\WAYPOINTIFICATION\CM7\Core\Inc\main.h
2025-07-22 05:07:03,900 [INFO] CodeEngine:265 - oldGeneratedFile, C:\Users\nicks\STM32CubeIDE\workspace_1.19.0\AFR\WAYPOINTIFICATION\CM7\Core\Src\main.c_save
2025-07-22 05:07:03,989 [INFO] CodeEngine:289 - Generated code: C:\Users\nicks\STM32CubeIDE\workspace_1.19.0\AFR\WAYPOINTIFICATION\CM7\Core\Src\main.c
2025-07-22 05:07:04,028 [INFO] CodeGenerator:1619 - *******************Project context M4 selected
2025-07-22 05:07:04,077 [INFO] CodeEngine:265 - oldGeneratedFile, C:\Users\nicks\STM32CubeIDE\workspace_1.19.0\AFR\WAYPOINTIFICATION\MXTmpFiles\license.tmp_save
2025-07-22 05:07:04,117 [INFO] CodeEngine:289 - Generated code: C:\Users\nicks\STM32CubeIDE\workspace_1.19.0\AFR\WAYPOINTIFICATION\MXTmpFiles\license.tmp
2025-07-22 05:07:04,132 [WARN] IPConfigManager:103 - WARNING: Missing Config File for NVIC2 ip!!
2025-07-22 05:07:04,135 [ERROR] CodeGenerator:10662 - The current RTOS owner has not been found in the list of IPs
2025-07-22 05:07:04,141 [INFO] CodeEngine:265 - oldGeneratedFile, C:\Users\nicks\STM32CubeIDE\workspace_1.19.0\AFR\WAYPOINTIFICATION\CM4\MXTmpFiles\cortex.tmp_save
2025-07-22 05:07:04,180 [INFO] CodeEngine:289 - Generated code: C:\Users\nicks\STM32CubeIDE\workspace_1.19.0\AFR\WAYPOINTIFICATION\CM4\MXTmpFiles\cortex.tmp
2025-07-22 05:07:04,200 [INFO] Middleware:1452 - No code input for Bsp Dependency
2025-07-22 05:07:04,206 [INFO] CodeEngine:265 - oldGeneratedFile, C:\Users\nicks\STM32CubeIDE\workspace_1.19.0\AFR\WAYPOINTIFICATION\CM4\MXTmpFiles\rtos_inc.tmp_save
2025-07-22 05:07:04,244 [INFO] CodeEngine:289 - Generated code: C:\Users\nicks\STM32CubeIDE\workspace_1.19.0\AFR\WAYPOINTIFICATION\CM4\MXTmpFiles\rtos_inc.tmp
2025-07-22 05:07:04,248 [INFO] CodeEngine:265 - oldGeneratedFile, C:\Users\nicks\STM32CubeIDE\workspace_1.19.0\AFR\WAYPOINTIFICATION\CM4\MXTmpFiles\rtos_kernelInit.tmp_save
2025-07-22 05:07:04,287 [INFO] CodeEngine:289 - Generated code: C:\Users\nicks\STM32CubeIDE\workspace_1.19.0\AFR\WAYPOINTIFICATION\CM4\MXTmpFiles\rtos_kernelInit.tmp
2025-07-22 05:07:04,293 [INFO] CodeEngine:265 - oldGeneratedFile, C:\Users\nicks\STM32CubeIDE\workspace_1.19.0\AFR\WAYPOINTIFICATION\CM4\MXTmpFiles\rtos_kernelStart.tmp_save
2025-07-22 05:07:04,334 [INFO] CodeEngine:289 - Generated code: C:\Users\nicks\STM32CubeIDE\workspace_1.19.0\AFR\WAYPOINTIFICATION\CM4\MXTmpFiles\rtos_kernelStart.tmp
2025-07-22 05:07:04,338 [INFO] CodeEngine:265 - oldGeneratedFile, C:\Users\nicks\STM32CubeIDE\workspace_1.19.0\AFR\WAYPOINTIFICATION\CM4\MXTmpFiles\rtos_typedefs.tmp_save
2025-07-22 05:07:04,382 [INFO] CodeEngine:289 - Generated code: C:\Users\nicks\STM32CubeIDE\workspace_1.19.0\AFR\WAYPOINTIFICATION\CM4\MXTmpFiles\rtos_typedefs.tmp
2025-07-22 05:07:04,386 [INFO] CodeEngine:265 - oldGeneratedFile, C:\Users\nicks\STM32CubeIDE\workspace_1.19.0\AFR\WAYPOINTIFICATION\CM4\MXTmpFiles\rtos_vars.tmp_save
2025-07-22 05:07:04,426 [INFO] CodeEngine:289 - Generated code: C:\Users\nicks\STM32CubeIDE\workspace_1.19.0\AFR\WAYPOINTIFICATION\CM4\MXTmpFiles\rtos_vars.tmp
2025-07-22 05:07:04,431 [INFO] CodeEngine:265 - oldGeneratedFile, C:\Users\nicks\STM32CubeIDE\workspace_1.19.0\AFR\WAYPOINTIFICATION\CM4\MXTmpFiles\rtos_pfp.tmp_save
2025-07-22 05:07:04,472 [INFO] CodeEngine:289 - Generated code: C:\Users\nicks\STM32CubeIDE\workspace_1.19.0\AFR\WAYPOINTIFICATION\CM4\MXTmpFiles\rtos_pfp.tmp
2025-07-22 05:07:04,478 [INFO] CodeEngine:265 - oldGeneratedFile, C:\Users\nicks\STM32CubeIDE\workspace_1.19.0\AFR\WAYPOINTIFICATION\CM4\MXTmpFiles\rtos_obj_creat.tmp_save
2025-07-22 05:07:04,521 [INFO] CodeEngine:289 - Generated code: C:\Users\nicks\STM32CubeIDE\workspace_1.19.0\AFR\WAYPOINTIFICATION\CM4\MXTmpFiles\rtos_obj_creat.tmp
2025-07-22 05:07:04,525 [INFO] CodeEngine:265 - oldGeneratedFile, C:\Users\nicks\STM32CubeIDE\workspace_1.19.0\AFR\WAYPOINTIFICATION\CM4\MXTmpFiles\rtos_default_thread.tmp_save
2025-07-22 05:07:04,568 [INFO] CodeEngine:289 - Generated code: C:\Users\nicks\STM32CubeIDE\workspace_1.19.0\AFR\WAYPOINTIFICATION\CM4\MXTmpFiles\rtos_default_thread.tmp
2025-07-22 05:07:04,573 [INFO] CodeEngine:265 - oldGeneratedFile, C:\Users\nicks\STM32CubeIDE\workspace_1.19.0\AFR\WAYPOINTIFICATION\CM4\MXTmpFiles\rtos_threads.tmp_save
2025-07-22 05:07:04,615 [INFO] CodeEngine:289 - Generated code: C:\Users\nicks\STM32CubeIDE\workspace_1.19.0\AFR\WAYPOINTIFICATION\CM4\MXTmpFiles\rtos_threads.tmp
2025-07-22 05:07:04,620 [INFO] CodeEngine:265 - oldGeneratedFile, C:\Users\nicks\STM32CubeIDE\workspace_1.19.0\AFR\WAYPOINTIFICATION\CM4\Core\Inc\FreeRTOSConfig.h_save
2025-07-22 05:07:04,676 [INFO] CodeEngine:289 - Generated code: C:\Users\nicks\STM32CubeIDE\workspace_1.19.0\AFR\WAYPOINTIFICATION\CM4\Core\Inc\FreeRTOSConfig.h
2025-07-22 05:07:04,682 [INFO] CodeEngine:265 - oldGeneratedFile, C:\Users\nicks\STM32CubeIDE\workspace_1.19.0\AFR\WAYPOINTIFICATION\CM4\Core\Src\freertos.c_save
2025-07-22 05:07:04,731 [INFO] CodeEngine:289 - Generated code: C:\Users\nicks\STM32CubeIDE\workspace_1.19.0\AFR\WAYPOINTIFICATION\CM4\Core\Src\freertos.c
2025-07-22 05:07:04,759 [INFO] CodeEngine:265 - oldGeneratedFile, C:\Users\nicks\STM32CubeIDE\workspace_1.19.0\AFR\WAYPOINTIFICATION\CM4\Core\Inc\stm32h7xx_nucleo_conf.h_save
2025-07-22 05:07:04,805 [INFO] CodeEngine:289 - Generated code: C:\Users\nicks\STM32CubeIDE\workspace_1.19.0\AFR\WAYPOINTIFICATION\CM4\Core\Inc\stm32h7xx_nucleo_conf.h
2025-07-22 05:07:04,809 [INFO] CodeEngine:265 - oldGeneratedFile, C:\Users\nicks\STM32CubeIDE\workspace_1.19.0\AFR\WAYPOINTIFICATION\CM4\MXTmpFiles\bsp_inc.tmp_save
2025-07-22 05:07:04,851 [INFO] CodeEngine:289 - Generated code: C:\Users\nicks\STM32CubeIDE\workspace_1.19.0\AFR\WAYPOINTIFICATION\CM4\MXTmpFiles\bsp_inc.tmp
2025-07-22 05:07:04,871 [INFO] CodeEngine:265 - oldGeneratedFile, C:\Users\nicks\STM32CubeIDE\workspace_1.19.0\AFR\WAYPOINTIFICATION\CM4\Core\Src\stm32h7xx_it.c_save
2025-07-22 05:07:04,921 [INFO] CodeEngine:289 - Generated code: C:\Users\nicks\STM32CubeIDE\workspace_1.19.0\AFR\WAYPOINTIFICATION\CM4\Core\Src\stm32h7xx_it.c
2025-07-22 05:07:04,928 [INFO] CodeEngine:265 - oldGeneratedFile, C:\Users\nicks\STM32CubeIDE\workspace_1.19.0\AFR\WAYPOINTIFICATION\CM4\Core\Inc\stm32h7xx_it.h_save
2025-07-22 05:07:04,974 [INFO] CodeEngine:289 - Generated code: C:\Users\nicks\STM32CubeIDE\workspace_1.19.0\AFR\WAYPOINTIFICATION\CM4\Core\Inc\stm32h7xx_it.h
2025-07-22 05:07:04,997 [INFO] CodeEngine:265 - oldGeneratedFile, C:\Users\nicks\STM32CubeIDE\workspace_1.19.0\AFR\WAYPOINTIFICATION\CM4\Core\Src\stm32h7xx_hal_msp.c_save
2025-07-22 05:07:05,062 [INFO] CodeEngine:289 - Generated code: C:\Users\nicks\STM32CubeIDE\workspace_1.19.0\AFR\WAYPOINTIFICATION\CM4\Core\Src\stm32h7xx_hal_msp.c
2025-07-22 05:07:05,066 [INFO] CodeEngine:265 - oldGeneratedFile, C:\Users\nicks\STM32CubeIDE\workspace_1.19.0\AFR\WAYPOINTIFICATION\CM4\MXTmpFiles\system.tmp_save
2025-07-22 05:07:05,110 [INFO] CodeEngine:289 - Generated code: C:\Users\nicks\STM32CubeIDE\workspace_1.19.0\AFR\WAYPOINTIFICATION\CM4\MXTmpFiles\system.tmp
2025-07-22 05:07:05,120 [INFO] CodeEngine:321 - oldGeneratedFile, C:\Users\nicks\STM32CubeIDE\workspace_1.19.0\AFR\WAYPOINTIFICATION\CM4\Core\Inc\stm32h7xx_hal_conf.h_save
2025-07-22 05:07:05,169 [INFO] CodeEngine:345 - Generated code: C:\Users\nicks\STM32CubeIDE\workspace_1.19.0\AFR\WAYPOINTIFICATION\CM4\Core\Inc\stm32h7xx_hal_conf.h
2025-07-22 05:07:05,181 [WARN] IPConfigManager:3811 - IP not found : NVIC
2025-07-22 05:07:05,182 [WARN] CodeGenerator:4259 - IP not found : null
2025-07-22 05:07:05,189 [INFO] CodeEngine:265 - oldGeneratedFile, C:\Users\nicks\STM32CubeIDE\workspace_1.19.0\AFR\WAYPOINTIFICATION\CM4\Core\Inc\main.h_save
2025-07-22 05:07:05,240 [INFO] CodeEngine:289 - Generated code: C:\Users\nicks\STM32CubeIDE\workspace_1.19.0\AFR\WAYPOINTIFICATION\CM4\Core\Inc\main.h
2025-07-22 05:07:05,246 [INFO] CodeEngine:265 - oldGeneratedFile, C:\Users\nicks\STM32CubeIDE\workspace_1.19.0\AFR\WAYPOINTIFICATION\CM4\Core\Src\main.c_save
2025-07-22 05:07:05,322 [INFO] CodeEngine:289 - Generated code: C:\Users\nicks\STM32CubeIDE\workspace_1.19.0\AFR\WAYPOINTIFICATION\CM4\Core\Src\main.c
2025-07-22 05:07:05,750 [INFO] ProjectBuilder:3606 - Time for Copy HAL[1] : 243mS.
2025-07-22 05:07:05,765 [INFO] ProjectBuilder:5216 - Project Generator version: 4.7.0-B52
2025-07-22 05:07:05,826 [INFO] ConfigFileManager:1595 - The Die is : DIE450
2025-07-22 05:07:12,445 [INFO] ProjectBuilder:5496 - Time for Generating toolchain IDE Files: 6680mS.
2025-07-22 05:07:12,446 [INFO] ProjectBuilder:3463 - Time for Copy CMSIS : 0mS.
2025-07-22 05:07:12,453 [INFO] ProjectBuilder:3463 - Time for Copy CMSIS : 1mS.
2025-07-22 05:53:30,742 [INFO] UtilMem:75 - End SaveConfig() Used Memory: 413403136 Bytes (1073741824)
2025-07-22 05:53:30,875 [INFO] UtilMem:75 - End SaveConfig() Used Memory: 433392592 Bytes (1073741824)
2025-07-22 05:53:31,553 [INFO] UtilMem:75 - End SaveConfig() Used Memory: 473886200 Bytes (1073741824)
2025-07-22 05:53:33,231 [ERROR] IocParser:95 - Exception caught: Cannot invoke "java.lang.CharSequence.length()" because "this.text" is null
2025-07-22 05:54:12,860 [INFO] BlockDiagram:2775 - set Specific Code input for plugin: FREERTOS
2025-07-22 05:54:12,861 [INFO] BlockDiagram:2775 - set Specific Code input for plugin: FREERTOS
2025-07-22 05:54:12,861 [INFO] BlockDiagram:2775 - set Specific Code input for plugin: RCC
2025-07-22 05:54:12,861 [INFO] BlockDiagram:2775 - set Specific Code input for plugin: USART
2025-07-22 05:54:12,861 [INFO] BlockDiagram:2775 - set Specific Code input for plugin: MEMORYMAP
2025-07-22 05:54:12,861 [INFO] BlockDiagram:2775 - set Specific Code input for plugin: SYS
2025-07-22 05:54:12,861 [INFO] BlockDiagram:2775 - set Specific Code input for plugin: NVIC2
2025-07-22 05:54:12,861 [INFO] BlockDiagram:2775 - set Specific Code input for plugin: GPIO
2025-07-22 05:54:12,861 [INFO] BlockDiagram:2775 - set Specific Code input for plugin: SYS_M4
2025-07-22 05:54:12,861 [INFO] BlockDiagram:2775 - set Specific Code input for plugin: NUCLEO-H755ZI-Q
2025-07-22 05:54:12,861 [INFO] BlockDiagram:2775 - set Specific Code input for plugin: NVIC1
2025-07-22 05:54:12,862 [INFO] CodeGenerator:892 - code generatio: config db path: C:\ST\STM32CubeIDE_1.19.0\STM32CubeIDE\plugins\com.st.stm32cube.common.mx_6.15.0.202507011659\\db\
2025-07-22 05:54:12,902 [ERROR] CodeGenerator:10662 - The current RTOS owner has not been found in the list of IPs
2025-07-22 05:54:12,902 [ERROR] CodeGenerator:10662 - The current RTOS owner has not been found in the list of IPs
2025-07-22 05:54:12,902 [INFO] CodeGenerator:1619 - *******************Project context M7 selected
2025-07-22 05:54:12,949 [INFO] CodeEngine:265 - oldGeneratedFile, C:\Users\nicks\STM32CubeIDE\workspace_1.19.0\AFR\WAYPOINTIFICATION\MXTmpFiles\license.tmp_save
2025-07-22 05:54:13,178 [INFO] CodeEngine:289 - Generated code: C:\Users\nicks\STM32CubeIDE\workspace_1.19.0\AFR\WAYPOINTIFICATION\MXTmpFiles\license.tmp
2025-07-22 05:54:13,235 [INFO] CodeEngine:265 - oldGeneratedFile, C:\Users\nicks\STM32CubeIDE\workspace_1.19.0\AFR\WAYPOINTIFICATION\CM7\MXTmpFiles\gpio.tmp_save
2025-07-22 05:54:13,358 [INFO] CodeEngine:289 - Generated code: C:\Users\nicks\STM32CubeIDE\workspace_1.19.0\AFR\WAYPOINTIFICATION\CM7\MXTmpFiles\gpio.tmp
2025-07-22 05:54:13,458 [WARN] IPConfigManager:103 - WARNING: Missing Config File for MEMORYMAP ip!!
2025-07-22 05:54:13,553 [WARN] IPConfigManager:103 - WARNING: Missing Config File for NVIC1 ip!!
2025-07-22 05:54:13,696 [ERROR] CodeGenerator:10662 - The current RTOS owner has not been found in the list of IPs
2025-07-22 05:54:13,704 [INFO] CodeEngine:265 - oldGeneratedFile, C:\Users\nicks\STM32CubeIDE\workspace_1.19.0\AFR\WAYPOINTIFICATION\CM7\MXTmpFiles\cortex.tmp_save
2025-07-22 05:54:13,766 [INFO] CodeEngine:289 - Generated code: C:\Users\nicks\STM32CubeIDE\workspace_1.19.0\AFR\WAYPOINTIFICATION\CM7\MXTmpFiles\cortex.tmp
2025-07-22 05:54:13,782 [INFO] Middleware:1452 - No code input for Bsp Dependency
2025-07-22 05:54:13,790 [INFO] CodeEngine:265 - oldGeneratedFile, C:\Users\nicks\STM32CubeIDE\workspace_1.19.0\AFR\WAYPOINTIFICATION\CM7\MXTmpFiles\rtos_inc.tmp_save
2025-07-22 05:54:13,837 [INFO] CodeEngine:289 - Generated code: C:\Users\nicks\STM32CubeIDE\workspace_1.19.0\AFR\WAYPOINTIFICATION\CM7\MXTmpFiles\rtos_inc.tmp
2025-07-22 05:54:13,841 [INFO] CodeEngine:265 - oldGeneratedFile, C:\Users\nicks\STM32CubeIDE\workspace_1.19.0\AFR\WAYPOINTIFICATION\CM7\MXTmpFiles\rtos_kernelInit.tmp_save
2025-07-22 05:54:13,893 [INFO] CodeEngine:289 - Generated code: C:\Users\nicks\STM32CubeIDE\workspace_1.19.0\AFR\WAYPOINTIFICATION\CM7\MXTmpFiles\rtos_kernelInit.tmp
2025-07-22 05:54:13,899 [INFO] CodeEngine:265 - oldGeneratedFile, C:\Users\nicks\STM32CubeIDE\workspace_1.19.0\AFR\WAYPOINTIFICATION\CM7\MXTmpFiles\rtos_kernelStart.tmp_save
2025-07-22 05:54:13,946 [INFO] CodeEngine:289 - Generated code: C:\Users\nicks\STM32CubeIDE\workspace_1.19.0\AFR\WAYPOINTIFICATION\CM7\MXTmpFiles\rtos_kernelStart.tmp
2025-07-22 05:54:13,953 [INFO] CodeEngine:265 - oldGeneratedFile, C:\Users\nicks\STM32CubeIDE\workspace_1.19.0\AFR\WAYPOINTIFICATION\CM7\MXTmpFiles\rtos_typedefs.tmp_save
2025-07-22 05:54:13,996 [INFO] CodeEngine:289 - Generated code: C:\Users\nicks\STM32CubeIDE\workspace_1.19.0\AFR\WAYPOINTIFICATION\CM7\MXTmpFiles\rtos_typedefs.tmp
2025-07-22 05:54:14,001 [INFO] CodeEngine:265 - oldGeneratedFile, C:\Users\nicks\STM32CubeIDE\workspace_1.19.0\AFR\WAYPOINTIFICATION\CM7\MXTmpFiles\rtos_vars.tmp_save
2025-07-22 05:54:14,048 [INFO] CodeEngine:289 - Generated code: C:\Users\nicks\STM32CubeIDE\workspace_1.19.0\AFR\WAYPOINTIFICATION\CM7\MXTmpFiles\rtos_vars.tmp
2025-07-22 05:54:14,053 [INFO] CodeEngine:265 - oldGeneratedFile, C:\Users\nicks\STM32CubeIDE\workspace_1.19.0\AFR\WAYPOINTIFICATION\CM7\MXTmpFiles\rtos_pfp.tmp_save
2025-07-22 05:54:14,094 [INFO] CodeEngine:289 - Generated code: C:\Users\nicks\STM32CubeIDE\workspace_1.19.0\AFR\WAYPOINTIFICATION\CM7\MXTmpFiles\rtos_pfp.tmp
2025-07-22 05:54:14,099 [INFO] CodeEngine:265 - oldGeneratedFile, C:\Users\nicks\STM32CubeIDE\workspace_1.19.0\AFR\WAYPOINTIFICATION\CM7\MXTmpFiles\rtos_obj_creat.tmp_save
2025-07-22 05:54:14,144 [INFO] CodeEngine:289 - Generated code: C:\Users\nicks\STM32CubeIDE\workspace_1.19.0\AFR\WAYPOINTIFICATION\CM7\MXTmpFiles\rtos_obj_creat.tmp
2025-07-22 05:54:14,149 [INFO] CodeEngine:265 - oldGeneratedFile, C:\Users\nicks\STM32CubeIDE\workspace_1.19.0\AFR\WAYPOINTIFICATION\CM7\MXTmpFiles\rtos_default_thread.tmp_save
2025-07-22 05:54:14,194 [INFO] CodeEngine:289 - Generated code: C:\Users\nicks\STM32CubeIDE\workspace_1.19.0\AFR\WAYPOINTIFICATION\CM7\MXTmpFiles\rtos_default_thread.tmp
2025-07-22 05:54:14,199 [INFO] CodeEngine:265 - oldGeneratedFile, C:\Users\nicks\STM32CubeIDE\workspace_1.19.0\AFR\WAYPOINTIFICATION\CM7\MXTmpFiles\rtos_threads.tmp_save
2025-07-22 05:54:14,241 [INFO] CodeEngine:289 - Generated code: C:\Users\nicks\STM32CubeIDE\workspace_1.19.0\AFR\WAYPOINTIFICATION\CM7\MXTmpFiles\rtos_threads.tmp
2025-07-22 05:54:14,247 [INFO] CodeEngine:265 - oldGeneratedFile, C:\Users\nicks\STM32CubeIDE\workspace_1.19.0\AFR\WAYPOINTIFICATION\CM7\Core\Inc\FreeRTOSConfig.h_save
2025-07-22 05:54:14,307 [INFO] CodeEngine:289 - Generated code: C:\Users\nicks\STM32CubeIDE\workspace_1.19.0\AFR\WAYPOINTIFICATION\CM7\Core\Inc\FreeRTOSConfig.h
2025-07-22 05:54:14,314 [INFO] CodeEngine:265 - oldGeneratedFile, C:\Users\nicks\STM32CubeIDE\workspace_1.19.0\AFR\WAYPOINTIFICATION\CM7\Core\Src\freertos.c_save
2025-07-22 05:54:14,366 [INFO] CodeEngine:289 - Generated code: C:\Users\nicks\STM32CubeIDE\workspace_1.19.0\AFR\WAYPOINTIFICATION\CM7\Core\Src\freertos.c
2025-07-22 05:54:14,390 [INFO] CodeEngine:265 - oldGeneratedFile, C:\Users\nicks\STM32CubeIDE\workspace_1.19.0\AFR\WAYPOINTIFICATION\CM7\Core\Inc\stm32h7xx_nucleo_conf.h_save
2025-07-22 05:54:14,434 [INFO] CodeEngine:289 - Generated code: C:\Users\nicks\STM32CubeIDE\workspace_1.19.0\AFR\WAYPOINTIFICATION\CM7\Core\Inc\stm32h7xx_nucleo_conf.h
2025-07-22 05:54:14,439 [INFO] CodeEngine:265 - oldGeneratedFile, C:\Users\nicks\STM32CubeIDE\workspace_1.19.0\AFR\WAYPOINTIFICATION\CM7\MXTmpFiles\bsp_inc.tmp_save
2025-07-22 05:54:14,480 [INFO] CodeEngine:289 - Generated code: C:\Users\nicks\STM32CubeIDE\workspace_1.19.0\AFR\WAYPOINTIFICATION\CM7\MXTmpFiles\bsp_inc.tmp
2025-07-22 05:54:14,485 [INFO] CodeEngine:265 - oldGeneratedFile, C:\Users\nicks\STM32CubeIDE\workspace_1.19.0\AFR\WAYPOINTIFICATION\CM7\MXTmpFiles\bsp_common_vars.tmp_save
2025-07-22 05:54:14,531 [INFO] CodeEngine:289 - Generated code: C:\Users\nicks\STM32CubeIDE\workspace_1.19.0\AFR\WAYPOINTIFICATION\CM7\MXTmpFiles\bsp_common_vars.tmp
2025-07-22 05:54:14,535 [INFO] CodeEngine:265 - oldGeneratedFile, C:\Users\nicks\STM32CubeIDE\workspace_1.19.0\AFR\WAYPOINTIFICATION\CM7\MXTmpFiles\bsp_common_init.tmp_save
2025-07-22 05:54:14,576 [INFO] CodeEngine:289 - Generated code: C:\Users\nicks\STM32CubeIDE\workspace_1.19.0\AFR\WAYPOINTIFICATION\CM7\MXTmpFiles\bsp_common_init.tmp
2025-07-22 05:54:14,581 [INFO] CodeEngine:265 - oldGeneratedFile, C:\Users\nicks\STM32CubeIDE\workspace_1.19.0\AFR\WAYPOINTIFICATION\CM7\MXTmpFiles\bsp_common_demo_before_while.tmp_save
2025-07-22 05:54:14,621 [INFO] CodeEngine:289 - Generated code: C:\Users\nicks\STM32CubeIDE\workspace_1.19.0\AFR\WAYPOINTIFICATION\CM7\MXTmpFiles\bsp_common_demo_before_while.tmp
2025-07-22 05:54:14,626 [INFO] CodeEngine:265 - oldGeneratedFile, C:\Users\nicks\STM32CubeIDE\workspace_1.19.0\AFR\WAYPOINTIFICATION\CM7\MXTmpFiles\bsp_common_demo_inside_while.tmp_save
2025-07-22 05:54:14,668 [INFO] CodeEngine:289 - Generated code: C:\Users\nicks\STM32CubeIDE\workspace_1.19.0\AFR\WAYPOINTIFICATION\CM7\MXTmpFiles\bsp_common_demo_inside_while.tmp
2025-07-22 05:54:14,673 [INFO] CodeEngine:265 - oldGeneratedFile, C:\Users\nicks\STM32CubeIDE\workspace_1.19.0\AFR\WAYPOINTIFICATION\CM7\MXTmpFiles\bsp_common_demo_fct.tmp_save
2025-07-22 05:54:14,715 [INFO] CodeEngine:289 - Generated code: C:\Users\nicks\STM32CubeIDE\workspace_1.19.0\AFR\WAYPOINTIFICATION\CM7\MXTmpFiles\bsp_common_demo_fct.tmp
2025-07-22 05:54:14,741 [INFO] CodeEngine:265 - oldGeneratedFile, C:\Users\nicks\STM32CubeIDE\workspace_1.19.0\AFR\WAYPOINTIFICATION\CM7\Core\Src\stm32h7xx_it.c_save
2025-07-22 05:54:14,856 [INFO] CodeEngine:289 - Generated code: C:\Users\nicks\STM32CubeIDE\workspace_1.19.0\AFR\WAYPOINTIFICATION\CM7\Core\Src\stm32h7xx_it.c
2025-07-22 05:54:14,862 [INFO] CodeEngine:265 - oldGeneratedFile, C:\Users\nicks\STM32CubeIDE\workspace_1.19.0\AFR\WAYPOINTIFICATION\CM7\Core\Inc\stm32h7xx_it.h_save
2025-07-22 05:54:14,907 [INFO] CodeEngine:289 - Generated code: C:\Users\nicks\STM32CubeIDE\workspace_1.19.0\AFR\WAYPOINTIFICATION\CM7\Core\Inc\stm32h7xx_it.h
2025-07-22 05:54:14,988 [INFO] CodeEngine:265 - oldGeneratedFile, C:\Users\nicks\STM32CubeIDE\workspace_1.19.0\AFR\WAYPOINTIFICATION\CM7\Core\Src\stm32h7xx_hal_msp.c_save
2025-07-22 05:54:15,065 [INFO] CodeEngine:289 - Generated code: C:\Users\nicks\STM32CubeIDE\workspace_1.19.0\AFR\WAYPOINTIFICATION\CM7\Core\Src\stm32h7xx_hal_msp.c
2025-07-22 05:54:15,071 [INFO] CodeEngine:265 - oldGeneratedFile, C:\Users\nicks\STM32CubeIDE\workspace_1.19.0\AFR\WAYPOINTIFICATION\CM7\MXTmpFiles\system.tmp_save
2025-07-22 05:54:15,112 [INFO] CodeEngine:289 - Generated code: C:\Users\nicks\STM32CubeIDE\workspace_1.19.0\AFR\WAYPOINTIFICATION\CM7\MXTmpFiles\system.tmp
2025-07-22 05:54:15,123 [INFO] CodeEngine:321 - oldGeneratedFile, C:\Users\nicks\STM32CubeIDE\workspace_1.19.0\AFR\WAYPOINTIFICATION\CM7\Core\Inc\stm32h7xx_hal_conf.h_save
2025-07-22 05:54:15,172 [INFO] CodeEngine:345 - Generated code: C:\Users\nicks\STM32CubeIDE\workspace_1.19.0\AFR\WAYPOINTIFICATION\CM7\Core\Inc\stm32h7xx_hal_conf.h
2025-07-22 05:54:15,197 [WARN] IPConfigManager:3811 - IP not found : NVIC
2025-07-22 05:54:15,199 [WARN] CodeGenerator:4259 - IP not found : null
2025-07-22 05:54:15,206 [INFO] CodeEngine:265 - oldGeneratedFile, C:\Users\nicks\STM32CubeIDE\workspace_1.19.0\AFR\WAYPOINTIFICATION\CM7\Core\Inc\main.h_save
2025-07-22 05:54:15,271 [INFO] CodeEngine:289 - Generated code: C:\Users\nicks\STM32CubeIDE\workspace_1.19.0\AFR\WAYPOINTIFICATION\CM7\Core\Inc\main.h
2025-07-22 05:54:15,278 [INFO] CodeEngine:265 - oldGeneratedFile, C:\Users\nicks\STM32CubeIDE\workspace_1.19.0\AFR\WAYPOINTIFICATION\CM7\Core\Src\main.c_save
2025-07-22 05:54:15,364 [INFO] CodeEngine:289 - Generated code: C:\Users\nicks\STM32CubeIDE\workspace_1.19.0\AFR\WAYPOINTIFICATION\CM7\Core\Src\main.c
2025-07-22 05:54:15,415 [INFO] CodeGenerator:1619 - *******************Project context M4 selected
2025-07-22 05:54:15,481 [INFO] CodeEngine:265 - oldGeneratedFile, C:\Users\nicks\STM32CubeIDE\workspace_1.19.0\AFR\WAYPOINTIFICATION\MXTmpFiles\license.tmp_save
2025-07-22 05:54:15,532 [INFO] CodeEngine:289 - Generated code: C:\Users\nicks\STM32CubeIDE\workspace_1.19.0\AFR\WAYPOINTIFICATION\MXTmpFiles\license.tmp
2025-07-22 05:54:15,547 [WARN] IPConfigManager:103 - WARNING: Missing Config File for NVIC2 ip!!
2025-07-22 05:54:15,551 [ERROR] CodeGenerator:10662 - The current RTOS owner has not been found in the list of IPs
2025-07-22 05:54:15,557 [INFO] CodeEngine:265 - oldGeneratedFile, C:\Users\nicks\STM32CubeIDE\workspace_1.19.0\AFR\WAYPOINTIFICATION\CM4\MXTmpFiles\cortex.tmp_save
2025-07-22 05:54:15,598 [INFO] CodeEngine:289 - Generated code: C:\Users\nicks\STM32CubeIDE\workspace_1.19.0\AFR\WAYPOINTIFICATION\CM4\MXTmpFiles\cortex.tmp
2025-07-22 05:54:15,615 [INFO] Middleware:1452 - No code input for Bsp Dependency
2025-07-22 05:54:15,621 [INFO] CodeEngine:265 - oldGeneratedFile, C:\Users\nicks\STM32CubeIDE\workspace_1.19.0\AFR\WAYPOINTIFICATION\CM4\MXTmpFiles\rtos_inc.tmp_save
2025-07-22 05:54:15,660 [INFO] CodeEngine:289 - Generated code: C:\Users\nicks\STM32CubeIDE\workspace_1.19.0\AFR\WAYPOINTIFICATION\CM4\MXTmpFiles\rtos_inc.tmp
2025-07-22 05:54:15,665 [INFO] CodeEngine:265 - oldGeneratedFile, C:\Users\nicks\STM32CubeIDE\workspace_1.19.0\AFR\WAYPOINTIFICATION\CM4\MXTmpFiles\rtos_kernelInit.tmp_save
2025-07-22 05:54:15,706 [INFO] CodeEngine:289 - Generated code: C:\Users\nicks\STM32CubeIDE\workspace_1.19.0\AFR\WAYPOINTIFICATION\CM4\MXTmpFiles\rtos_kernelInit.tmp
2025-07-22 05:54:15,710 [INFO] CodeEngine:265 - oldGeneratedFile, C:\Users\nicks\STM32CubeIDE\workspace_1.19.0\AFR\WAYPOINTIFICATION\CM4\MXTmpFiles\rtos_kernelStart.tmp_save
2025-07-22 05:54:15,749 [INFO] CodeEngine:289 - Generated code: C:\Users\nicks\STM32CubeIDE\workspace_1.19.0\AFR\WAYPOINTIFICATION\CM4\MXTmpFiles\rtos_kernelStart.tmp
2025-07-22 05:54:15,755 [INFO] CodeEngine:265 - oldGeneratedFile, C:\Users\nicks\STM32CubeIDE\workspace_1.19.0\AFR\WAYPOINTIFICATION\CM4\MXTmpFiles\rtos_typedefs.tmp_save
2025-07-22 05:54:15,795 [INFO] CodeEngine:289 - Generated code: C:\Users\nicks\STM32CubeIDE\workspace_1.19.0\AFR\WAYPOINTIFICATION\CM4\MXTmpFiles\rtos_typedefs.tmp
2025-07-22 05:54:15,800 [INFO] CodeEngine:265 - oldGeneratedFile, C:\Users\nicks\STM32CubeIDE\workspace_1.19.0\AFR\WAYPOINTIFICATION\CM4\MXTmpFiles\rtos_vars.tmp_save
2025-07-22 05:54:15,841 [INFO] CodeEngine:289 - Generated code: C:\Users\nicks\STM32CubeIDE\workspace_1.19.0\AFR\WAYPOINTIFICATION\CM4\MXTmpFiles\rtos_vars.tmp
2025-07-22 05:54:15,845 [INFO] CodeEngine:265 - oldGeneratedFile, C:\Users\nicks\STM32CubeIDE\workspace_1.19.0\AFR\WAYPOINTIFICATION\CM4\MXTmpFiles\rtos_pfp.tmp_save
2025-07-22 05:54:15,885 [INFO] CodeEngine:289 - Generated code: C:\Users\nicks\STM32CubeIDE\workspace_1.19.0\AFR\WAYPOINTIFICATION\CM4\MXTmpFiles\rtos_pfp.tmp
2025-07-22 05:54:15,889 [INFO] CodeEngine:265 - oldGeneratedFile, C:\Users\nicks\STM32CubeIDE\workspace_1.19.0\AFR\WAYPOINTIFICATION\CM4\MXTmpFiles\rtos_obj_creat.tmp_save
2025-07-22 05:54:15,929 [INFO] CodeEngine:289 - Generated code: C:\Users\nicks\STM32CubeIDE\workspace_1.19.0\AFR\WAYPOINTIFICATION\CM4\MXTmpFiles\rtos_obj_creat.tmp
2025-07-22 05:54:15,933 [INFO] CodeEngine:265 - oldGeneratedFile, C:\Users\nicks\STM32CubeIDE\workspace_1.19.0\AFR\WAYPOINTIFICATION\CM4\MXTmpFiles\rtos_default_thread.tmp_save
2025-07-22 05:54:15,970 [INFO] CodeEngine:289 - Generated code: C:\Users\nicks\STM32CubeIDE\workspace_1.19.0\AFR\WAYPOINTIFICATION\CM4\MXTmpFiles\rtos_default_thread.tmp
2025-07-22 05:54:15,975 [INFO] CodeEngine:265 - oldGeneratedFile, C:\Users\nicks\STM32CubeIDE\workspace_1.19.0\AFR\WAYPOINTIFICATION\CM4\MXTmpFiles\rtos_threads.tmp_save
2025-07-22 05:54:16,014 [INFO] CodeEngine:289 - Generated code: C:\Users\nicks\STM32CubeIDE\workspace_1.19.0\AFR\WAYPOINTIFICATION\CM4\MXTmpFiles\rtos_threads.tmp
2025-07-22 05:54:16,019 [INFO] CodeEngine:265 - oldGeneratedFile, C:\Users\nicks\STM32CubeIDE\workspace_1.19.0\AFR\WAYPOINTIFICATION\CM4\Core\Inc\FreeRTOSConfig.h_save
2025-07-22 05:54:16,069 [INFO] CodeEngine:289 - Generated code: C:\Users\nicks\STM32CubeIDE\workspace_1.19.0\AFR\WAYPOINTIFICATION\CM4\Core\Inc\FreeRTOSConfig.h
2025-07-22 05:54:16,077 [INFO] CodeEngine:265 - oldGeneratedFile, C:\Users\nicks\STM32CubeIDE\workspace_1.19.0\AFR\WAYPOINTIFICATION\CM4\Core\Src\freertos.c_save
2025-07-22 05:54:16,122 [INFO] CodeEngine:289 - Generated code: C:\Users\nicks\STM32CubeIDE\workspace_1.19.0\AFR\WAYPOINTIFICATION\CM4\Core\Src\freertos.c
2025-07-22 05:54:16,144 [INFO] CodeEngine:265 - oldGeneratedFile, C:\Users\nicks\STM32CubeIDE\workspace_1.19.0\AFR\WAYPOINTIFICATION\CM4\Core\Inc\stm32h7xx_nucleo_conf.h_save
2025-07-22 05:54:16,185 [INFO] CodeEngine:289 - Generated code: C:\Users\nicks\STM32CubeIDE\workspace_1.19.0\AFR\WAYPOINTIFICATION\CM4\Core\Inc\stm32h7xx_nucleo_conf.h
2025-07-22 05:54:16,189 [INFO] CodeEngine:265 - oldGeneratedFile, C:\Users\nicks\STM32CubeIDE\workspace_1.19.0\AFR\WAYPOINTIFICATION\CM4\MXTmpFiles\bsp_inc.tmp_save
2025-07-22 05:54:16,229 [INFO] CodeEngine:289 - Generated code: C:\Users\nicks\STM32CubeIDE\workspace_1.19.0\AFR\WAYPOINTIFICATION\CM4\MXTmpFiles\bsp_inc.tmp
2025-07-22 05:54:16,245 [INFO] CodeEngine:265 - oldGeneratedFile, C:\Users\nicks\STM32CubeIDE\workspace_1.19.0\AFR\WAYPOINTIFICATION\CM4\Core\Src\stm32h7xx_it.c_save
2025-07-22 05:54:16,291 [INFO] CodeEngine:289 - Generated code: C:\Users\nicks\STM32CubeIDE\workspace_1.19.0\AFR\WAYPOINTIFICATION\CM4\Core\Src\stm32h7xx_it.c
2025-07-22 05:54:16,296 [INFO] CodeEngine:265 - oldGeneratedFile, C:\Users\nicks\STM32CubeIDE\workspace_1.19.0\AFR\WAYPOINTIFICATION\CM4\Core\Inc\stm32h7xx_it.h_save
2025-07-22 05:54:16,339 [INFO] CodeEngine:289 - Generated code: C:\Users\nicks\STM32CubeIDE\workspace_1.19.0\AFR\WAYPOINTIFICATION\CM4\Core\Inc\stm32h7xx_it.h
2025-07-22 05:54:16,361 [INFO] CodeEngine:265 - oldGeneratedFile, C:\Users\nicks\STM32CubeIDE\workspace_1.19.0\AFR\WAYPOINTIFICATION\CM4\Core\Src\stm32h7xx_hal_msp.c_save
2025-07-22 05:54:16,420 [INFO] CodeEngine:289 - Generated code: C:\Users\nicks\STM32CubeIDE\workspace_1.19.0\AFR\WAYPOINTIFICATION\CM4\Core\Src\stm32h7xx_hal_msp.c
2025-07-22 05:54:16,424 [INFO] CodeEngine:265 - oldGeneratedFile, C:\Users\nicks\STM32CubeIDE\workspace_1.19.0\AFR\WAYPOINTIFICATION\CM4\MXTmpFiles\system.tmp_save
2025-07-22 05:54:16,464 [INFO] CodeEngine:289 - Generated code: C:\Users\nicks\STM32CubeIDE\workspace_1.19.0\AFR\WAYPOINTIFICATION\CM4\MXTmpFiles\system.tmp
2025-07-22 05:54:16,475 [INFO] CodeEngine:321 - oldGeneratedFile, C:\Users\nicks\STM32CubeIDE\workspace_1.19.0\AFR\WAYPOINTIFICATION\CM4\Core\Inc\stm32h7xx_hal_conf.h_save
2025-07-22 05:54:16,520 [INFO] CodeEngine:345 - Generated code: C:\Users\nicks\STM32CubeIDE\workspace_1.19.0\AFR\WAYPOINTIFICATION\CM4\Core\Inc\stm32h7xx_hal_conf.h
2025-07-22 05:54:16,533 [WARN] IPConfigManager:3811 - IP not found : NVIC
2025-07-22 05:54:16,534 [WARN] CodeGenerator:4259 - IP not found : null
2025-07-22 05:54:16,540 [INFO] CodeEngine:265 - oldGeneratedFile, C:\Users\nicks\STM32CubeIDE\workspace_1.19.0\AFR\WAYPOINTIFICATION\CM4\Core\Inc\main.h_save
2025-07-22 05:54:16,588 [INFO] CodeEngine:289 - Generated code: C:\Users\nicks\STM32CubeIDE\workspace_1.19.0\AFR\WAYPOINTIFICATION\CM4\Core\Inc\main.h
2025-07-22 05:54:16,595 [INFO] CodeEngine:265 - oldGeneratedFile, C:\Users\nicks\STM32CubeIDE\workspace_1.19.0\AFR\WAYPOINTIFICATION\CM4\Core\Src\main.c_save
2025-07-22 05:54:16,667 [INFO] CodeEngine:289 - Generated code: C:\Users\nicks\STM32CubeIDE\workspace_1.19.0\AFR\WAYPOINTIFICATION\CM4\Core\Src\main.c
2025-07-22 05:54:17,089 [INFO] ProjectBuilder:3606 - Time for Copy HAL[1] : 256mS.
2025-07-22 05:54:17,103 [INFO] ProjectBuilder:5216 - Project Generator version: 4.7.0-B52
2025-07-22 05:54:17,158 [INFO] ConfigFileManager:1595 - The Die is : DIE450
2025-07-22 05:54:24,265 [INFO] ProjectBuilder:5496 - Time for Generating toolchain IDE Files: 7162mS.
2025-07-22 05:54:24,266 [INFO] ProjectBuilder:3463 - Time for Copy CMSIS : 0mS.
2025-07-22 05:54:24,273 [INFO] ProjectBuilder:3463 - Time for Copy CMSIS : 0mS.
2025-07-22 06:27:35,012 [INFO] WebApp:403 - JxBrowser engine has been closed 
2025-07-22 06:27:36,077 [ERROR] LogOutputStream:75 - [STDERR_REDIRECT] 
2025-07-22 17:26:31,527 [INFO] Activator:176 - 


2025-07-22 17:26:31,528 [INFO] Activator:177 - !SESSION log4j initialized
2025-07-22 17:26:34,922 [INFO] LogOutputStream:77 - [STDOUT_REDIRECT] 
2025-07-22 17:26:35,743 [INFO] ApplicationProperties:184 - Using Application install path: C:\ST\STM32CubeIDE_1.19.0\STM32CubeIDE\plugins\com.st.stm32cube.common.mx_6.15.0.202507011659
2025-07-22 17:26:35,752 [INFO] DbMcusXml:78 - Set database path to: C:\ST\STM32CubeIDE_1.19.0\STM32CubeIDE\plugins\com.st.stm32cube.common.mx_6.15.0.202507011659\\db\/mcu/
2025-07-22 17:26:35,753 [INFO] ApiDb:274 - Set plugin database path to: C:\ST\STM32CubeIDE_1.19.0\STM32CubeIDE\plugins\com.st.stm32cube.common.mx_6.15.0.202507011659\\db\/plugins/boardmanager/
2025-07-22 17:26:35,753 [WARN] ApiDb:259 - Overriding images path with different value:  => C:\ST\STM32CubeIDE_1.19.0\STM32CubeIDE\plugins\com.st.stm32cube.common.mx_6.15.0.202507011659\\db\/plugins/mcufinder/images/
2025-07-22 17:26:35,756 [INFO] ApiDb:250 - Set database path to: C:\Users\nicks\.stmcufinder\plugins\mcufinder//mcu/
2025-07-22 17:26:35,757 [INFO] DbMcusAds:125 - Set database path to: C:\Users\nicks\.stmcufinder\plugins\mcufinder//mcu/
2025-07-22 17:26:35,758 [INFO] CrossReferenceDbSqlite:203 - Set database path to: C:\Users\nicks\.stmcufinder\plugins\mcufinder//mcu/cs/
2025-07-22 17:26:35,819 [INFO] RulesReader:64 - Compatibility file has been processed (317 Rules)
2025-07-22 17:26:35,868 [INFO] DbMcusXml:78 - Set database path to: C:\ST\STM32CubeIDE_1.19.0\STM32CubeIDE\plugins\com.st.stm32cube.common.mx_6.15.0.202507011659\\db\/mcu/
2025-07-22 17:26:35,868 [INFO] ApiDb:274 - Set plugin database path to: C:\ST\STM32CubeIDE_1.19.0\STM32CubeIDE\plugins\com.st.stm32cube.common.mx_6.15.0.202507011659\\db\/plugins/boardmanager/
2025-07-22 17:26:35,868 [INFO] ApiDb:261 - Set plugin images path to: C:\ST\STM32CubeIDE_1.19.0\STM32CubeIDE\plugins\com.st.stm32cube.common.mx_6.15.0.202507011659\\db\/plugins/mcufinder/images/
2025-07-22 17:26:35,868 [WARN] DbFile:41 - Overriding database path with different value: C:\Users\nicks\.stmcufinder\plugins\mcufinder/ => C:\Users\nicks\.stmcufinder\plugins\mcufinder
2025-07-22 17:26:35,868 [INFO] ApiDb:250 - Set database path to: C:\Users\nicks\.stmcufinder\plugins\mcufinder//mcu/
2025-07-22 17:26:35,868 [WARN] DbFile:41 - Overriding database path with different value: C:\Users\nicks\.stmcufinder\plugins\mcufinder/ => C:\Users\nicks\.stmcufinder\plugins\mcufinder
2025-07-22 17:26:35,868 [INFO] DbMcusAds:125 - Set database path to: C:\Users\nicks\.stmcufinder\plugins\mcufinder//mcu/
2025-07-22 17:26:35,868 [WARN] DbFile:41 - Overriding database path with different value: C:\Users\nicks\.stmcufinder\plugins\mcufinder/ => C:\Users\nicks\.stmcufinder\plugins\mcufinder
2025-07-22 17:26:35,868 [WARN] DbFile:41 - Overriding database path with different value: C:\Users\nicks\.stmcufinder\plugins\mcufinder/ => C:\Users\nicks\.stmcufinder\plugins\mcufinder
2025-07-22 17:26:35,868 [INFO] CrossReferenceDbSqlite:203 - Set database path to: C:\Users\nicks\.stmcufinder\plugins\mcufinder//mcu/cs/
2025-07-22 17:26:35,906 [INFO] MainPanel:274 - HeapMemory: 268435456
2025-07-22 17:26:35,955 [INFO] DbMcusXml:78 - Set database path to: C:\ST\STM32CubeIDE_1.19.0\STM32CubeIDE\plugins\com.st.stm32cube.common.mx_6.15.0.202507011659\\db\/mcu/
2025-07-22 17:26:35,955 [INFO] ApiDb:274 - Set plugin database path to: C:\ST\STM32CubeIDE_1.19.0\STM32CubeIDE\plugins\com.st.stm32cube.common.mx_6.15.0.202507011659\\db\/plugins/boardmanager/
2025-07-22 17:26:35,955 [INFO] ApiDb:261 - Set plugin images path to: C:\ST\STM32CubeIDE_1.19.0\STM32CubeIDE\plugins\com.st.stm32cube.common.mx_6.15.0.202507011659\\db\/plugins/mcufinder/images/
2025-07-22 17:26:35,955 [WARN] DbFile:41 - Overriding database path with different value: C:\Users\nicks\.stmcufinder\plugins\mcufinder/ => C:\Users\nicks\.stmcufinder\plugins\mcufinder
2025-07-22 17:26:35,955 [INFO] ApiDb:250 - Set database path to: C:\Users\nicks\.stmcufinder\plugins\mcufinder//mcu/
2025-07-22 17:26:35,955 [WARN] DbFile:41 - Overriding database path with different value: C:\Users\nicks\.stmcufinder\plugins\mcufinder/ => C:\Users\nicks\.stmcufinder\plugins\mcufinder
2025-07-22 17:26:35,956 [INFO] DbMcusAds:125 - Set database path to: C:\Users\nicks\.stmcufinder\plugins\mcufinder//mcu/
2025-07-22 17:26:35,956 [WARN] DbFile:41 - Overriding database path with different value: C:\Users\nicks\.stmcufinder\plugins\mcufinder/ => C:\Users\nicks\.stmcufinder\plugins\mcufinder
2025-07-22 17:26:35,956 [WARN] DbFile:41 - Overriding database path with different value: C:\Users\nicks\.stmcufinder\plugins\mcufinder/ => C:\Users\nicks\.stmcufinder\plugins\mcufinder
2025-07-22 17:26:35,956 [INFO] CrossReferenceDbSqlite:203 - Set database path to: C:\Users\nicks\.stmcufinder\plugins\mcufinder//mcu/cs/
2025-07-22 17:26:35,966 [INFO] ApplicationProperties:184 - Using Application install path: C:\ST\STM32CubeIDE_1.19.0\STM32CubeIDE\plugins\com.st.stm32cube.common.mx_6.15.0.202507011659
2025-07-22 17:26:35,967 [INFO] PluginManage:196 - Search for loadable plugins [exclusion list=, ]
2025-07-22 17:26:35,968 [INFO] PluginManage:310 - Check plugin analytics
2025-07-22 17:26:36,072 [INFO] AnalyticsPlugin:253 - Accepted Software Licenses: 
2025-07-22 17:26:36,073 [INFO] AnalyticsPlugin:255 - Accepted CMSIS Pack Licenses: 
2025-07-22 17:26:36,073 [INFO] AnalyticsPlugin:257 - Accepted Firmware Licenses: FW.F4.1.28.0,FW.H7.1.12.0
2025-07-22 17:26:36,075 [INFO] PluginManage:359 - Loaded plugin analytics (category:tool,tabindex:-1)
2025-07-22 17:26:36,076 [INFO] PluginManage:310 - Check plugin cadmodel
2025-07-22 17:26:36,078 [INFO] CADModel:105 - Init CAD model plugin
2025-07-22 17:26:36,079 [INFO] PluginManage:359 - Loaded plugin cadmodel (category:power,tabindex:5)
2025-07-22 17:26:36,079 [INFO] PluginManage:310 - Check plugin clock
2025-07-22 17:26:36,085 [INFO] PluginManage:359 - Loaded plugin clock (category:base,tabindex:2)
2025-07-22 17:26:36,085 [INFO] PluginManage:310 - Check plugin ddr
2025-07-22 17:26:36,086 [INFO] PluginManage:359 - Loaded plugin ddr (category:tool,tabindex:6)
2025-07-22 17:26:36,087 [INFO] PluginManage:310 - Check plugin filemanager
2025-07-22 17:26:36,185 [INFO] PluginManage:359 - Loaded plugin filemanager (category:base,tabindex:10)
2025-07-22 17:26:36,185 [INFO] PluginManage:310 - Check plugin ipmanager
2025-07-22 17:26:36,189 [INFO] PluginManage:359 - Loaded plugin ipmanager (category:base,tabindex:5)
2025-07-22 17:26:36,189 [INFO] PluginManage:310 - Check plugin lpbam
2025-07-22 17:26:36,195 [INFO] PluginManage:359 - Loaded plugin lpbam (category:base,tabindex:0)
2025-07-22 17:26:36,195 [INFO] PluginManage:310 - Check plugin memorymap
2025-07-22 17:26:36,202 [INFO] PluginManage:359 - Loaded plugin memorymap (category:base,tabindex:4)
2025-07-22 17:26:36,202 [INFO] PluginManage:310 - Check plugin pinoutandconfiguration
2025-07-22 17:26:36,206 [INFO] PluginManage:359 - Loaded plugin pinoutandconfiguration (category:base,tabindex:1)
2025-07-22 17:26:36,206 [INFO] PluginManage:310 - Check plugin pinoutconfig
2025-07-22 17:26:36,260 [WARN] SupportedApi:132 - Cannot load RTOS API schema: s4s-elt-must-match.1: The content of 'definitions' must match (annotation?, (simpleType | complexType)?, (unique | key | keyref)*)). A problem was found starting at: attribute.
2025-07-22 17:26:36,329 [INFO] PluginManage:359 - Loaded plugin pinoutconfig (category:base,tabindex:0)
2025-07-22 17:26:36,329 [INFO] PluginManage:310 - Check plugin power
2025-07-22 17:26:36,333 [INFO] PluginManage:359 - Loaded plugin power (category:power,tabindex:4)
2025-07-22 17:26:36,334 [INFO] PluginManage:310 - Check plugin projectmanager
2025-07-22 17:26:36,343 [INFO] PluginManage:359 - Loaded plugin projectmanager (category:projectmanager,tabindex:4)
2025-07-22 17:26:36,344 [INFO] PluginManage:310 - Check plugin rif
2025-07-22 17:26:36,348 [INFO] PluginManage:359 - Loaded plugin rif (category:base,tabindex:3)
2025-07-22 17:26:36,348 [INFO] PluginManage:310 - Check plugin thirdparty
2025-07-22 17:26:36,420 [INFO] PluginManage:359 - Loaded plugin thirdparty (category:base,tabindex:-1)
2025-07-22 17:26:36,420 [INFO] PluginManage:310 - Check plugin tools
2025-07-22 17:26:36,420 [WARN] IntegrityCheckThread:84 - waiting for thirdparty lock release [integrity check]
2025-07-22 17:26:36,420 [INFO] IntegrityCheckThread:86 - entering critical section [integrity check]
2025-07-22 17:26:36,420 [INFO] ThirdPartyUpdaterWithRetryManager:70 - Updater plugin not ready yet. [1/15]
2025-07-22 17:26:36,421 [INFO] PluginManage:359 - Loaded plugin tools (category:base,tabindex:7)
2025-07-22 17:26:36,421 [INFO] PluginManage:310 - Check plugin tutovideos
2025-07-22 17:26:36,551 [INFO] PluginManage:359 - Loaded plugin tutovideos (category:base,tabindex:-1)
2025-07-22 17:26:36,551 [INFO] PluginManage:310 - Check plugin updater
2025-07-22 17:26:36,565 [INFO] PluginManage:359 - Loaded plugin updater (category:base,tabindex:12)
2025-07-22 17:26:36,565 [INFO] PluginManage:310 - Check plugin userauth
2025-07-22 17:26:36,567 [INFO] UserAuth:118 - Init User Auth plugin
2025-07-22 17:26:36,568 [INFO] PluginManage:359 - Loaded plugin userauth (category:base,tabindex:14)
2025-07-22 17:26:36,568 [INFO] PluginManage:283 - PluginManage : Loaded plugins [18]
2025-07-22 17:26:36,687 [INFO] PinOutPanel:1589 - setPackage(No Configuration,No Configuration)
2025-07-22 17:26:36,735 [INFO] CADModel:165 - CPN selected for project level
2025-07-22 17:26:36,735 [INFO] CADModel:114 - Register for checkConnection events
2025-07-22 17:26:36,744 [INFO] IPUIPlugin:80 - create IPUIPlugin
2025-07-22 17:26:36,744 [INFO] PluginManager:220 - loadIPPluginJar : add adc
2025-07-22 17:26:36,746 [INFO] IPUIPlugin:80 - create IPUIPlugin
2025-07-22 17:26:36,746 [INFO] PluginManager:220 - loadIPPluginJar : add aes
2025-07-22 17:26:36,747 [INFO] IPUIPlugin:80 - create IPUIPlugin
2025-07-22 17:26:36,747 [INFO] PluginManager:220 - loadIPPluginJar : add can
2025-07-22 17:26:36,748 [INFO] IPUIPlugin:80 - create IPUIPlugin
2025-07-22 17:26:36,748 [INFO] PluginManager:220 - loadIPPluginJar : add comp
2025-07-22 17:26:36,749 [INFO] IPUIPlugin:80 - create IPUIPlugin
2025-07-22 17:26:36,749 [INFO] PluginManager:220 - loadIPPluginJar : add cryp
2025-07-22 17:26:36,751 [INFO] IPUIPlugin:80 - create IPUIPlugin
2025-07-22 17:26:36,751 [INFO] PluginManager:220 - loadIPPluginJar : add ddr_ctrl_phy
2025-07-22 17:26:36,752 [INFO] IPUIPlugin:80 - create IPUIPlugin
2025-07-22 17:26:36,752 [INFO] PluginManager:220 - loadIPPluginJar : add dfsdm
2025-07-22 17:26:36,755 [INFO] IPUIPlugin:80 - create IPUIPlugin
2025-07-22 17:26:36,755 [INFO] PluginManager:220 - loadIPPluginJar : add dma
2025-07-22 17:26:36,756 [INFO] IPUIPlugin:80 - create IPUIPlugin
2025-07-22 17:26:36,756 [INFO] PluginManager:220 - loadIPPluginJar : add dma3
2025-07-22 17:26:36,758 [INFO] IPUIPlugin:80 - create IPUIPlugin
2025-07-22 17:26:36,758 [INFO] PluginManager:220 - loadIPPluginJar : add extmemmanager
2025-07-22 17:26:36,758 [INFO] IPUIPlugin:80 - create IPUIPlugin
2025-07-22 17:26:36,758 [INFO] PluginManager:220 - loadIPPluginJar : add fatfs
2025-07-22 17:26:36,761 [INFO] IPUIPlugin:80 - create IPUIPlugin
2025-07-22 17:26:36,761 [INFO] PluginManager:220 - loadIPPluginJar : add fmc
2025-07-22 17:26:36,763 [INFO] IPUIPlugin:80 - create IPUIPlugin
2025-07-22 17:26:36,763 [INFO] PluginManager:220 - loadIPPluginJar : add freertos
2025-07-22 17:26:36,764 [INFO] IPUIPlugin:80 - create IPUIPlugin
2025-07-22 17:26:36,764 [INFO] PluginManager:220 - loadIPPluginJar : add genericplugin
2025-07-22 17:26:36,765 [INFO] IPUIPlugin:80 - create IPUIPlugin
2025-07-22 17:26:36,765 [INFO] PluginManager:220 - loadIPPluginJar : add gfxmmu
2025-07-22 17:26:36,767 [INFO] IPUIPlugin:80 - create IPUIPlugin
2025-07-22 17:26:36,768 [INFO] PluginManager:220 - loadIPPluginJar : add gic
2025-07-22 17:26:36,769 [INFO] IPUIPlugin:80 - create IPUIPlugin
2025-07-22 17:26:36,769 [INFO] PluginManager:220 - loadIPPluginJar : add gpio
2025-07-22 17:26:36,771 [INFO] IPUIPlugin:80 - create IPUIPlugin
2025-07-22 17:26:36,771 [INFO] PluginManager:220 - loadIPPluginJar : add gtzc
2025-07-22 17:26:36,772 [INFO] IPUIPlugin:80 - create IPUIPlugin
2025-07-22 17:26:36,772 [INFO] PluginManager:220 - loadIPPluginJar : add hash
2025-07-22 17:26:36,773 [INFO] IPUIPlugin:80 - create IPUIPlugin
2025-07-22 17:26:36,773 [INFO] PluginManager:220 - loadIPPluginJar : add i2c
2025-07-22 17:26:36,775 [INFO] IPUIPlugin:80 - create IPUIPlugin
2025-07-22 17:26:36,775 [INFO] PluginManager:220 - loadIPPluginJar : add i2s
2025-07-22 17:26:36,776 [INFO] IPUIPlugin:80 - create IPUIPlugin
2025-07-22 17:26:36,776 [INFO] PluginManager:220 - loadIPPluginJar : add i3c
2025-07-22 17:26:36,778 [INFO] IPUIPlugin:80 - create IPUIPlugin
2025-07-22 17:26:36,778 [INFO] PluginManager:220 - loadIPPluginJar : add ipddr
2025-07-22 17:26:36,781 [INFO] IPUIPlugin:80 - create IPUIPlugin
2025-07-22 17:26:36,782 [INFO] PluginManager:220 - loadIPPluginJar : add linkedlist
2025-07-22 17:26:36,783 [INFO] IPUIPlugin:80 - create IPUIPlugin
2025-07-22 17:26:36,783 [INFO] PluginManager:220 - loadIPPluginJar : add lorawan
2025-07-22 17:26:36,784 [INFO] IPUIPlugin:80 - create IPUIPlugin
2025-07-22 17:26:36,784 [INFO] PluginManager:220 - loadIPPluginJar : add ltdc
2025-07-22 17:26:36,787 [INFO] IPUIPlugin:80 - create IPUIPlugin
2025-07-22 17:26:36,787 [INFO] PluginManager:220 - loadIPPluginJar : add mdma
2025-07-22 17:26:36,788 [INFO] IPUIPlugin:80 - create IPUIPlugin
2025-07-22 17:26:36,788 [INFO] PluginManager:220 - loadIPPluginJar : add nvic
2025-07-22 17:26:36,790 [INFO] IPUIPlugin:80 - create IPUIPlugin
2025-07-22 17:26:36,790 [INFO] PluginManager:220 - loadIPPluginJar : add opamp
2025-07-22 17:26:36,791 [INFO] IPUIPlugin:80 - create IPUIPlugin
2025-07-22 17:26:36,791 [INFO] PluginManager:220 - loadIPPluginJar : add openamp
2025-07-22 17:26:36,793 [INFO] IPUIPlugin:80 - create IPUIPlugin
2025-07-22 17:26:36,793 [INFO] PluginManager:220 - loadIPPluginJar : add pdm2pcm
2025-07-22 17:26:36,796 [INFO] IPUIPlugin:80 - create IPUIPlugin
2025-07-22 17:26:36,798 [INFO] PluginManager:220 - loadIPPluginJar : add plateformsettings
2025-07-22 17:26:36,798 [INFO] IPUIPlugin:80 - create IPUIPlugin
2025-07-22 17:26:36,798 [INFO] PluginManager:220 - loadIPPluginJar : add quadspi
2025-07-22 17:26:36,799 [INFO] IPUIPlugin:80 - create IPUIPlugin
2025-07-22 17:26:36,800 [INFO] PluginManager:220 - loadIPPluginJar : add radio
2025-07-22 17:26:36,801 [INFO] IPUIPlugin:80 - create IPUIPlugin
2025-07-22 17:26:36,801 [INFO] PluginManager:220 - loadIPPluginJar : add resmgrutility
2025-07-22 17:26:36,803 [INFO] IPUIPlugin:80 - create IPUIPlugin
2025-07-22 17:26:36,803 [INFO] PluginManager:220 - loadIPPluginJar : add sai
2025-07-22 17:26:36,804 [INFO] IPUIPlugin:80 - create IPUIPlugin
2025-07-22 17:26:36,804 [INFO] PluginManager:220 - loadIPPluginJar : add spi
2025-07-22 17:26:36,808 [INFO] IPUIPlugin:80 - create IPUIPlugin
2025-07-22 17:26:36,808 [INFO] PluginManager:220 - loadIPPluginJar : add stm32_wpan
2025-07-22 17:26:36,808 [INFO] IPUIPlugin:80 - create IPUIPlugin
2025-07-22 17:26:36,809 [INFO] PluginManager:220 - loadIPPluginJar : add tim
2025-07-22 17:26:36,810 [INFO] IPUIPlugin:80 - create IPUIPlugin
2025-07-22 17:26:36,810 [INFO] PluginManager:220 - loadIPPluginJar : add touchsensing
2025-07-22 17:26:36,811 [INFO] IPUIPlugin:80 - create IPUIPlugin
2025-07-22 17:26:36,811 [INFO] PluginManager:220 - loadIPPluginJar : add tracer_emb
2025-07-22 17:26:36,812 [INFO] IPUIPlugin:80 - create IPUIPlugin
2025-07-22 17:26:36,812 [INFO] PluginManager:220 - loadIPPluginJar : add ts
2025-07-22 17:26:36,813 [INFO] IPUIPlugin:80 - create IPUIPlugin
2025-07-22 17:26:36,813 [INFO] PluginManager:220 - loadIPPluginJar : add tsc
2025-07-22 17:26:36,814 [INFO] IPUIPlugin:80 - create IPUIPlugin
2025-07-22 17:26:36,814 [INFO] PluginManager:220 - loadIPPluginJar : add ucpd
2025-07-22 17:26:36,816 [INFO] IPUIPlugin:80 - create IPUIPlugin
2025-07-22 17:26:36,816 [INFO] PluginManager:220 - loadIPPluginJar : add usart
2025-07-22 17:26:36,817 [INFO] IPUIPlugin:80 - create IPUIPlugin
2025-07-22 17:26:36,818 [INFO] PluginManager:220 - loadIPPluginJar : add usbx
2025-07-22 17:26:36,923 [FATAL] Updater:351 - Updater called before beeing initialized
2025-07-22 17:26:36,939 [INFO] RulesReader:64 - Compatibility file has been processed (317 Rules)
2025-07-22 17:26:36,945 [INFO] RulesReader:64 - Compatibility file has been processed (317 Rules)
2025-07-22 17:26:36,949 [INFO] CADModel:165 - CPN selected for project level
2025-07-22 17:26:36,949 [INFO] CADModel:114 - Register for checkConnection events
2025-07-22 17:26:36,949 [FATAL] Updater:351 - Updater called before beeing initialized
2025-07-22 17:26:36,949 [ERROR] CADModel:125 - Updater not yet initialized, retry later 
2025-07-22 17:26:37,029 [FATAL] Updater:351 - Updater called before beeing initialized
2025-07-22 17:26:37,030 [INFO] CADModel:165 - CPN selected for project level
2025-07-22 17:26:37,030 [INFO] CADModel:114 - Register for checkConnection events
2025-07-22 17:26:37,030 [FATAL] Updater:351 - Updater called before beeing initialized
2025-07-22 17:26:37,030 [ERROR] CADModel:125 - Updater not yet initialized, retry later 
2025-07-22 17:26:37,032 [FATAL] Updater:351 - Updater called before beeing initialized
2025-07-22 17:26:37,111 [FATAL] Updater:351 - Updater called before beeing initialized
2025-07-22 17:26:37,114 [INFO] DbMcusAds:53 - JSON generation date=Tue Jul 08 18:14:23 AEST 2025 (1751962463524)
2025-07-22 17:26:37,115 [FATAL] Updater:351 - Updater called before beeing initialized
2025-07-22 17:26:37,137 [WARN] DetailPanel:346 - Failed to get advertising image, set to default
2025-07-22 17:26:37,195 [FATAL] Updater:351 - Updater called before beeing initialized
2025-07-22 17:26:37,196 [FATAL] Updater:351 - Updater called before beeing initialized
2025-07-22 17:26:37,196 [FATAL] Updater:351 - Updater called before beeing initialized
2025-07-22 17:26:37,196 [WARN] DetailPanel:346 - Failed to get advertising image, set to default
2025-07-22 17:26:37,197 [FATAL] Updater:351 - Updater called before beeing initialized
2025-07-22 17:26:37,224 [ERROR] Updater:1198 - MainUpdater not yet initialized. External WinMGr cannot be set.
2025-07-22 17:26:37,226 [INFO] Updater:1134 - Updater Version found : 6.15.0
2025-07-22 17:26:37,236 [INFO] ApplicationProperties:184 - Using Application install path: C:\ST\STM32CubeIDE_1.19.0\STM32CubeIDE\plugins\com.st.stm32cube.common.mx_6.15.0.202507011659
2025-07-22 17:26:37,440 [INFO] MainUpdater:2872 - connection check result : 10
2025-07-22 17:26:37,440 [INFO] MainUpdater:289 - Updater Check For Update Now.
2025-07-22 17:26:37,440 [INFO] MicroXplorer:498 - Change Database Version : DB.6.0.150
2025-07-22 17:26:37,444 [INFO] McuFinderGlobals:63 - Set McuFinder mode to 2 (CubeIDE integrated)
2025-07-22 17:26:37,444 [INFO] UserAuth:487 - Internet connection configuration mode: 1
2025-07-22 17:26:37,456 [INFO] JxBrowserEngine:152 - Initiate JxBrowser Engine with user profile folder
2025-07-22 17:26:37,591 [INFO] CheckServerUpdateThread:120 - End of CheckServer Thread
2025-07-22 17:26:37,802 [INFO] WebApp:169 - Instantiating new browser for Auth
2025-07-22 17:26:38,199 [INFO] WebApp:463 - Apply proxy settings
2025-07-22 17:26:38,199 [INFO] WebApp:548 - Chromium requires no authentication
2025-07-22 17:26:38,204 [INFO] WebApp:491 - Direct internet connection detected
2025-07-22 17:26:38,215 [INFO] WebApp:900 - Register for checkConnection events
2025-07-22 17:26:38,215 [INFO] WebApp:463 - Apply proxy settings
2025-07-22 17:26:38,215 [INFO] WebApp:548 - Chromium requires no authentication
2025-07-22 17:26:38,215 [INFO] WebApp:491 - Direct internet connection detected
2025-07-22 17:26:38,305 [INFO] WebApp:225 - Starting web application
2025-07-22 17:26:38,306 [INFO] WebApp:593 - Web application path used C:\ST\STM32CubeIDE_1.19.0\STM32CubeIDE\plugins\com.st.stm32cube.common.mx_6.15.0.202507011659\db\plugins\mcufinder\reactClient1\index.html
2025-07-22 17:26:38,396 [INFO] UserAuth:487 - Internet connection configuration mode: 1
2025-07-22 17:26:38,625 [INFO] WebApp:191 - Connection restablished
2025-07-22 17:26:39,593 [WARN] PackLoader:240 - Cannot read IP mode file for STMicroelectronics.FP-SNS-MOTENVWB1.1.4.0
2025-07-22 17:26:39,597 [WARN] PackLoader:240 - Cannot read IP mode file for STMicroelectronics.FP-ATR-ASTRA1.2.0.2
2025-07-22 17:26:39,599 [WARN] PackLoader:240 - Cannot read IP mode file for STMicroelectronics.FP-ATR-ASTRA1.2.0.1
2025-07-22 17:26:39,604 [WARN] PackLoader:240 - Cannot read IP mode file for STMicroelectronics.X-CUBE-SMBUS.2.1.0
2025-07-22 17:26:39,608 [WARN] PackLoader:240 - Cannot read IP mode file for STMicroelectronics.X-CUBE-WB05N.1.1.0
2025-07-22 17:26:39,611 [WARN] PackLoader:240 - Cannot read IP mode file for STMicroelectronics.X-CUBE-ST60.1.0.0
2025-07-22 17:26:39,629 [WARN] PackLoader:240 - Cannot read IP mode file for STMicroelectronics.X-CUBE-AZRTOS-F7.1.1.0
2025-07-22 17:26:39,634 [WARN] PackLoader:240 - Cannot read IP mode file for STMicroelectronics.FP-SNS-FLIGHT1.5.0.2
2025-07-22 17:26:39,649 [WARN] PackLoader:240 - Cannot read IP mode file for Infineon.AIROC-Wi-Fi-Bluetooth-STM32.1.7.0
2025-07-22 17:26:39,666 [WARN] PackLoader:240 - Cannot read IP mode file for STMicroelectronics.X-CUBE-AZRTOS-H7.3.4.0
2025-07-22 17:26:39,673 [WARN] PackLoader:240 - Cannot read IP mode file for STMicroelectronics.X-CUBE-DISPLAY.3.0.0
2025-07-22 17:26:39,679 [WARN] PackLoader:240 - Cannot read IP mode file for STMicroelectronics.X-CUBE-NFC10.1.0.0
2025-07-22 17:26:39,685 [WARN] PackLoader:240 - Cannot read IP mode file for STMicroelectronics.X-CUBE-BLEMGR.4.0.0
2025-07-22 17:26:39,690 [WARN] PackLoader:240 - Cannot read IP mode file for emotas.I-CUBE-CANOPEN.1.3.0
2025-07-22 17:26:39,693 [WARN] ConditionMgr:438 - getConditionDescription Invalid condition id : Cortex-A Device cause : null
2025-07-22 17:26:39,701 [WARN] ConditionMgr:1044 - genDependencies : Invalid condition id : Cortex-A Device cause : null
2025-07-22 17:26:39,701 [WARN] ConditionMgr:1044 - genDependencies : Invalid condition id : Cortex-A Device cause : null
2025-07-22 17:26:39,701 [WARN] ConditionMgr:1044 - genDependencies : Invalid condition id : Cortex-A Device cause : null
2025-07-22 17:26:39,703 [WARN] PackLoader:240 - Cannot read IP mode file for STMicroelectronics.X-CUBE-AI.10.0.0
2025-07-22 17:26:39,706 [WARN] PackLoader:240 - Cannot read IP mode file for STMicroelectronics.FP-SNS-SMARTAG2.1.2.0
2025-07-22 17:26:39,708 [WARN] PackLoader:240 - Cannot read IP mode file for STMicroelectronics.FP-SNS-FLIGHT1.5.1.0
2025-07-22 17:26:39,715 [INFO] LogOutputStream:77 - [STDOUT_REDIRECT] 1 : Invalid condition id : UX_CORESTACK_Condition cause : null
2025-07-22 17:26:39,716 [INFO] LogOutputStream:77 - [STDOUT_REDIRECT] 1 : Invalid condition id : UX_CORESTACK_Condition cause : null
2025-07-22 17:26:39,717 [INFO] LogOutputStream:77 - [STDOUT_REDIRECT] 1 : Invalid condition id : UX_CORESTACK_Condition cause : null
2025-07-22 17:26:39,718 [INFO] LogOutputStream:77 - [STDOUT_REDIRECT] 1 : Invalid condition id : UX_CORESTACK_Condition cause : null
2025-07-22 17:26:39,719 [INFO] LogOutputStream:77 - [STDOUT_REDIRECT] 1 : Invalid condition id : UX_CORESTACK_Condition cause : null
2025-07-22 17:26:39,721 [WARN] PackLoader:240 - Cannot read IP mode file for STMicroelectronics.X-CUBE-AZRTOS-WL.2.0.0
2025-07-22 17:26:39,727 [WARN] PackLoader:240 - Cannot read IP mode file for STMicroelectronics.FP-SNS-MOTENV1.5.0.0
2025-07-22 17:26:39,733 [WARN] PackLoader:240 - Cannot read IP mode file for WES.I-CUBE-Cesium.1.3.0
2025-07-22 17:26:39,736 [WARN] PackLoader:240 - Cannot read IP mode file for STMicroelectronics.X-CUBE-BLE2.3.3.0
2025-07-22 17:26:39,741 [WARN] PackLoader:240 - Cannot read IP mode file for STMicroelectronics.X-CUBE-NFC9.1.0.0
2025-07-22 17:26:39,746 [WARN] PackLoader:240 - Cannot read IP mode file for STMicroelectronics.X-CUBE-BLE1.7.1.0
2025-07-22 17:26:39,749 [WARN] PackLoader:240 - Cannot read IP mode file for wolfSSL.I-CUBE-wolfMQTT.1.19.2
2025-07-22 17:26:39,754 [WARN] PackLoader:240 - Cannot read IP mode file for STMicroelectronics.X-CUBE-EEPRMA1.5.2.0
2025-07-22 17:26:39,758 [WARN] PackLoader:240 - Cannot read IP mode file for STMicroelectronics.X-CUBE-AI.10.1.0
2025-07-22 17:26:39,808 [WARN] PackLoader:240 - Cannot read IP mode file for STMicroelectronics.X-CUBE-MEMS1.11.2.0
2025-07-22 17:26:39,908 [WARN] PackLoader:240 - Cannot read IP mode file for STMicroelectronics.X-CUBE-AZRTOS-G0.1.1.0
2025-07-22 17:26:39,914 [WARN] PackLoader:240 - Cannot read IP mode file for STMicroelectronics.X-CUBE-SAFEA1.1.2.2
2025-07-22 17:26:39,917 [WARN] PackLoader:240 - Cannot read IP mode file for STMicroelectronics.X-CUBE-NFC4.3.0.0
2025-07-22 17:26:39,922 [WARN] PackLoader:240 - Cannot read IP mode file for EmbeddedOffice.I-CUBE-FS-RTOS.1.0.1
2025-07-22 17:26:39,925 [WARN] PackLoader:240 - Cannot read IP mode file for STMicroelectronics.X-CUBE-WB05N.2.0.0
2025-07-22 17:26:39,928 [WARN] PackLoader:240 - Cannot read IP mode file for wolfSSL.I-CUBE-wolfTPM.3.8.0
2025-07-22 17:26:39,930 [WARN] PackLoader:240 - Cannot read IP mode file for STMicroelectronics.X-CUBE-TCPP.4.2.0
2025-07-22 17:26:39,934 [WARN] PackLoader:240 - Cannot read IP mode file for RealThread.X-CUBE-RT-Thread_Nano.4.1.1
2025-07-22 17:26:39,937 [WARN] PackLoader:240 - Cannot read IP mode file for STMicroelectronics.FP-ATR-SIGFOX1.3.2.0
2025-07-22 17:26:39,942 [WARN] PackLoader:240 - Cannot read IP mode file for STMicroelectronics.X-CUBE-EEPRMA1.5.1.0
2025-07-22 17:26:39,947 [WARN] PackLoader:240 - Cannot read IP mode file for wolfSSL.I-CUBE-wolfSSL.5.7.6
2025-07-22 17:26:39,950 [WARN] PackLoader:240 - Cannot read IP mode file for ITTIA_DB.I-CUBE-ITTIADB.8.9.0
2025-07-22 17:26:39,954 [WARN] PackLoader:240 - Cannot read IP mode file for STMicroelectronics.X-CUBE-ST67W61.1.0.0
2025-07-22 17:26:39,966 [WARN] PackLoader:240 - Cannot read IP mode file for SEGGER.I-CUBE-embOS.1.3.1
2025-07-22 17:26:39,990 [WARN] PackLoader:240 - Cannot read IP mode file for STMicroelectronics.X-CUBE-ALGOBUILD.1.4.0
2025-07-22 17:26:40,014 [WARN] PackLoader:240 - Cannot read IP mode file for STMicroelectronics.X-CUBE-MEMS1.11.3.0
2025-07-22 17:26:40,118 [WARN] PackLoader:240 - Cannot read IP mode file for STMicroelectronics.X-CUBE-PM33A1.1.0.0
2025-07-22 17:26:40,132 [WARN] PackLoader:240 - Cannot read IP mode file for STMicroelectronics.X-CUBE-AZRTOS-F4.1.1.0
2025-07-22 17:26:40,138 [WARN] PackLoader:240 - Cannot read IP mode file for Avnet-IotConnect.X-CUBE-IoTC-DA16k-PMOD.1.0.0
2025-07-22 17:26:40,141 [WARN] PackLoader:240 - Cannot read IP mode file for STMicroelectronics.X-CUBE-ISPU.2.1.0
2025-07-22 17:26:40,147 [WARN] PackLoader:240 - Cannot read IP mode file for STMicroelectronics.X-CUBE-NFC12.1.0.0
2025-07-22 17:26:40,161 [WARN] PackLoader:240 - Cannot read IP mode file for STMicroelectronics.X-CUBE-AZRTOS-L5.2.0.0
2025-07-22 17:26:40,179 [WARN] PackLoader:240 - Cannot read IP mode file for STMicroelectronics.X-CUBE-NFC6.3.1.0
2025-07-22 17:26:40,188 [WARN] PackLoader:240 - Cannot read IP mode file for STMicroelectronics.X-CUBE-FREERTOS.1.3.1
2025-07-22 17:26:40,193 [WARN] PackLoader:240 - Cannot read IP mode file for STMicroelectronics.X-CUBE-FREERTOS.1.3.0
2025-07-22 17:26:40,197 [WARN] PackLoader:240 - Cannot read IP mode file for STMicroelectronics.X-CUBE-NFC7.1.0.1
2025-07-22 17:26:40,202 [WARN] PackLoader:240 - Cannot read IP mode file for STMicroelectronics.FP-SNS-STAIOTCFT.1.0.0
2025-07-22 17:26:40,208 [WARN] PackLoader:240 - Cannot read IP mode file for STMicroelectronics.X-CUBE-DPower.1.3.0
2025-07-22 17:26:40,228 [WARN] ConditionMgr:438 - getConditionDescription Invalid condition id : LAN8742 Phy interface Condition cause : null
2025-07-22 17:26:40,228 [WARN] PackLoader:240 - Cannot read IP mode file for STMicroelectronics.X-CUBE-AZRTOS-L4.2.0.0
2025-07-22 17:26:40,229 [WARN] ConditionMgr:1044 - genDependencies : Invalid condition id : LAN8742 Phy interface Condition cause : null
2025-07-22 17:26:40,229 [WARN] ConditionMgr:1044 - genDependencies : Invalid condition id : LAN8742 Phy interface Condition cause : null
2025-07-22 17:26:40,230 [WARN] ConditionMgr:1044 - genDependencies : Invalid condition id : LAN8742 Phy interface Condition cause : null
2025-07-22 17:26:40,235 [WARN] PackLoader:240 - Cannot read IP mode file for STMicroelectronics.X-CUBE-SFXS2LP1.4.0.0
2025-07-22 17:26:40,250 [WARN] PackLoader:240 - Cannot read IP mode file for STMicroelectronics.X-CUBE-AZRTOS-H7.3.3.0
2025-07-22 17:26:40,260 [WARN] PackLoader:240 - Cannot read IP mode file for STMicroelectronics.X-CUBE-BLEMGR.4.1.0
2025-07-22 17:26:40,272 [WARN] ConditionMgr:438 - getConditionDescription Invalid condition id : UX DEVICE CLASS RTOS Condition cause : null
2025-07-22 17:26:40,272 [WARN] ConditionMgr:438 - getConditionDescription Invalid condition id : UX DEVICE CLASS RTOS Condition cause : null
2025-07-22 17:26:40,273 [WARN] PackLoader:240 - Cannot read IP mode file for STMicroelectronics.X-CUBE-AZRTOS-WB.2.0.0
2025-07-22 17:26:40,274 [WARN] ConditionMgr:1044 - genDependencies : Invalid condition id : UX DEVICE CLASS RTOS Condition cause : null
2025-07-22 17:26:40,274 [WARN] ConditionMgr:1044 - genDependencies : Invalid condition id : UX DEVICE CLASS RTOS Condition cause : null
2025-07-22 17:26:40,274 [WARN] ConditionMgr:1044 - genDependencies : Invalid condition id : UX DEVICE CLASS RTOS Condition cause : null
2025-07-22 17:26:40,274 [WARN] ConditionMgr:1044 - genDependencies : Invalid condition id : UX DEVICE CLASS RTOS Condition cause : null
2025-07-22 17:26:40,274 [WARN] ConditionMgr:1044 - genDependencies : Invalid condition id : UX DEVICE CLASS RTOS Condition cause : null
2025-07-22 17:26:40,278 [WARN] PackLoader:240 - Cannot read IP mode file for STMicroelectronics.X-CUBE-GNSS1.7.0.1
2025-07-22 17:26:40,281 [WARN] PackLoader:240 - Cannot read IP mode file for STMicroelectronics.X-CUBE-TOUCHGFX.4.25.0
2025-07-22 17:26:40,287 [WARN] PackLoader:240 - Cannot read IP mode file for STMicroelectronics.X-CUBE-SUBG2.5.0.0
2025-07-22 17:26:40,299 [WARN] PackLoader:240 - Cannot read IP mode file for STMicroelectronics.X-CUBE-AZRTOS-H7RS.1.1.0
2025-07-22 17:26:40,304 [WARN] PackLoader:240 - Cannot read IP mode file for Cesanta.I-CUBE-Mongoose.7.13.0
2025-07-22 17:26:40,310 [WARN] PackLoader:240 - Cannot read IP mode file for STMicroelectronics.X-CUBE-AZRTOS-G4.2.0.0
2025-07-22 17:26:40,313 [WARN] PackLoader:240 - Cannot read IP mode file for wolfSSL.I-CUBE-wolfSSH.1.4.20
2025-07-22 17:26:40,316 [WARN] PackLoader:240 - Cannot read IP mode file for STMicroelectronics.X-CUBE-NFC7.2.0.0
2025-07-22 17:26:40,322 [WARN] PackLoader:240 - Cannot read IP mode file for STMicroelectronics.X-CUBE-IPS.3.1.0
2025-07-22 17:26:40,327 [WARN] PackLoader:240 - Cannot read IP mode file for STMicroelectronics.X-CUBE-ALS.1.0.2
2025-07-22 17:26:40,331 [WARN] PackLoader:240 - Cannot read IP mode file for portGmbH.I-Cube-SoM-uGOAL.1.1.0
2025-07-22 17:26:40,338 [WARN] PackLoader:240 - Cannot read IP mode file for STMicroelectronics.X-CUBE-TOF1.3.4.3
2025-07-22 17:26:40,344 [INFO] ThirdParty:978 - Integrity check success = true
2025-07-22 17:26:40,344 [INFO] IntegrityCheckThread:100 - exiting critical section [integrity check]
2025-07-22 17:26:40,344 [INFO] IntegrityCheckThread:103 - End integrity checks thread
2025-07-22 17:32:13,484 [INFO] McuFinderGlobals:63 - Set McuFinder mode to 2 (CubeIDE integrated)
2025-07-22 17:32:13,489 [INFO] MainUpdater:2872 - connection check result : 10
2025-07-22 17:32:13,490 [INFO] MainUpdater:2872 - connection check result : 10
2025-07-22 17:32:13,516 [INFO] MicroXplorer:468 - Change Database Path : 
2025-07-22 17:32:13,517 [INFO] MicroXplorer:498 - Change Database Version : DB.6.0.150
2025-07-22 17:32:13,523 [WARN] ThirdParty:871 - waiting for thirdparty lock release [close project]
2025-07-22 17:32:13,523 [INFO] ThirdParty:873 - entering critical section [close project]
2025-07-22 17:32:13,525 [INFO] ThirdParty:883 - exiting critical section [close project]
2025-07-22 17:32:13,529 [INFO] PinOutPanel:1589 - setPackage(No Configuration,No Configuration)
2025-07-22 17:32:13,531 [INFO] UtilMem:75 - Begin LoadConfig() Used Memory: 573548144 Bytes (943718400)
2025-07-22 17:32:13,533 [INFO] MicroXplorer:468 - Change Database Path : 
2025-07-22 17:32:13,533 [INFO] MicroXplorer:498 - Change Database Version : DB.6.0.150
2025-07-22 17:32:13,533 [INFO] OpenFileManager:355 - Change cursor
2025-07-22 17:32:13,585 [INFO] Mcu:2029 - Initializing MCU STM32H755ZITx STM32H755ZITx STM32H755ZIT6
2025-07-22 17:32:15,974 [INFO] Context:786 - Trying to add GPIOservice into a context  which must be forbidden
2025-07-22 17:32:15,974 [INFO] Context:786 - Trying to add GPIOservice into a context  which must be forbidden
2025-07-22 17:32:17,007 [INFO] ApiDbMcu:532 - Load IP Config File for NUCLEO-H755ZI-Q
2025-07-22 17:32:17,125 [INFO] Context:786 - Trying to add GPIOservice into a context  which must be forbidden
2025-07-22 17:32:17,137 [INFO] Context:786 - Trying to add GPIOservice into a context  which must be forbidden
2025-07-22 17:32:17,140 [INFO] ImportTextPane:234 - (OptionalMessage_ERROR) Pin33 (VP_RIF_VS_RIF1) cannot be retrieved for this MCU
2025-07-22 17:32:17,151 [INFO] ImportTextPane:234 - (OptionalMessage_ERROR) Unable to find key (Mcu.IP12) in loaded IOC file
2025-07-22 17:32:17,151 [INFO] ImportTextPane:234 - (OptionalMessage_ERROR) Unknown IP (dummy)
2025-07-22 17:32:17,298 [INFO] RtosManager:558 - Registered RTOS mode: class=CMSIS, group=RTOS, mode=CMSIS_V1, owner=FREERTOS_M7
2025-07-22 17:32:17,298 [INFO] RtosManager:558 - Registered RTOS mode: class=CMSIS, group=RTOS2, mode=CMSIS_V2, owner=FREERTOS_M7
2025-07-22 17:32:17,298 [INFO] RtosManager:558 - Registered RTOS mode: class=RTOS, group=Core, mode=CMSIS_V1, owner=FREERTOS_M7
2025-07-22 17:32:17,298 [INFO] RtosManager:558 - Registered RTOS mode: class=RTOS, group=Core, mode=CMSIS_V2, owner=FREERTOS_M7
2025-07-22 17:32:17,298 [WARN] ModelIntegratedComponent:184 - Missing modes for component STMicroelectronics:FreeRTOS:0.0.1:STMicroelectronics:RTOS:FreeRTOS:Core:::10.2.0:
2025-07-22 17:32:17,317 [WARN] ModelIntegratedComponent:63 - No mode defined for component null
2025-07-22 17:32:17,317 [WARN] ModelIntegratedComponent:63 - No mode defined for component null
2025-07-22 17:32:17,317 [WARN] ModelIntegratedComponent:63 - No mode defined for component null
2025-07-22 17:32:17,317 [WARN] ModelIntegratedComponent:63 - No mode defined for component null
2025-07-22 17:32:17,317 [WARN] ModelIntegratedComponent:63 - No mode defined for component null
2025-07-22 17:32:17,317 [WARN] ModelIntegratedComponent:63 - No mode defined for component null
2025-07-22 17:32:17,317 [WARN] ModelIntegratedComponent:63 - No mode defined for component null
2025-07-22 17:32:17,317 [WARN] ModelIntegratedComponent:63 - No mode defined for component null
2025-07-22 17:32:17,317 [WARN] ModelIntegratedComponent:63 - No mode defined for component null
2025-07-22 17:32:17,317 [WARN] ModelIntegratedComponent:63 - No mode defined for component null
2025-07-22 17:32:17,317 [WARN] ModelIntegratedComponent:63 - No mode defined for component null
2025-07-22 17:32:17,317 [WARN] ModelIntegratedComponent:63 - No mode defined for component null
2025-07-22 17:32:17,318 [WARN] ModelIntegratedComponent:63 - No mode defined for component null
2025-07-22 17:32:17,318 [WARN] ModelIntegratedComponent:63 - No mode defined for component null
2025-07-22 17:32:17,318 [WARN] ModelIntegratedComponent:63 - No mode defined for component null
2025-07-22 17:32:17,318 [WARN] ModelIntegratedComponent:63 - No mode defined for component null
2025-07-22 17:32:17,318 [WARN] ModelIntegratedComponent:63 - No mode defined for component null
2025-07-22 17:32:17,318 [WARN] ModelIntegratedComponent:63 - No mode defined for component null
2025-07-22 17:32:17,318 [WARN] ModelIntegratedComponent:63 - No mode defined for component null
2025-07-22 17:32:17,318 [WARN] ModelIntegratedComponent:63 - No mode defined for component null
2025-07-22 17:32:17,318 [WARN] ModelIntegratedComponent:63 - No mode defined for component null
2025-07-22 17:32:17,318 [WARN] ModelIntegratedComponent:63 - No mode defined for component null
2025-07-22 17:32:17,318 [WARN] ModelIntegratedComponent:63 - No mode defined for component null
2025-07-22 17:32:17,318 [WARN] ModelIntegratedComponent:63 - No mode defined for component null
2025-07-22 17:32:17,318 [WARN] ModelIntegratedComponent:63 - No mode defined for component null
2025-07-22 17:32:17,318 [WARN] ModelIntegratedComponent:63 - No mode defined for component null
2025-07-22 17:32:17,318 [WARN] ModelIntegratedComponent:63 - No mode defined for component null
2025-07-22 17:32:17,318 [WARN] ModelIntegratedComponent:63 - No mode defined for component null
2025-07-22 17:32:17,319 [WARN] ModelIntegratedComponent:63 - No mode defined for component null
2025-07-22 17:32:17,319 [WARN] ModelIntegratedComponent:63 - No mode defined for component null
2025-07-22 17:32:17,319 [WARN] ModelIntegratedComponent:63 - No mode defined for component null
2025-07-22 17:32:17,319 [WARN] ModelIntegratedComponent:63 - No mode defined for component null
2025-07-22 17:32:17,319 [WARN] ModelIntegratedComponent:63 - No mode defined for component null
2025-07-22 17:32:17,319 [WARN] ModelIntegratedComponent:63 - No mode defined for component null
2025-07-22 17:32:17,319 [WARN] ModelIntegratedComponent:63 - No mode defined for component null
2025-07-22 17:32:17,319 [WARN] ModelPack:524 - Component already loaded: STMicroelectronics:HAL Drivers:0.0.0:STMicroelectronics:Device:STMicro_Driver:XSPI:HAL::0.0.1:HAL_XSPI
2025-07-22 17:32:17,404 [INFO] RtosManager:558 - Registered RTOS mode: class=CMSIS, group=RTOS, mode=CMSIS_V1, owner=FREERTOS_M4
2025-07-22 17:32:17,404 [INFO] RtosManager:558 - Registered RTOS mode: class=CMSIS, group=RTOS2, mode=CMSIS_V2, owner=FREERTOS_M4
2025-07-22 17:32:17,404 [INFO] RtosManager:558 - Registered RTOS mode: class=RTOS, group=Core, mode=CMSIS_V1, owner=FREERTOS_M4
2025-07-22 17:32:17,404 [INFO] RtosManager:558 - Registered RTOS mode: class=RTOS, group=Core, mode=CMSIS_V2, owner=FREERTOS_M4
2025-07-22 17:32:17,404 [WARN] ModelIntegratedComponent:184 - Missing modes for component STMicroelectronics:FreeRTOS:0.0.1:STMicroelectronics:RTOS:FreeRTOS:Core:::10.2.0:
2025-07-22 17:32:17,410 [WARN] ModelIntegratedComponent:63 - No mode defined for component null
2025-07-22 17:32:17,410 [WARN] ModelIntegratedComponent:63 - No mode defined for component null
2025-07-22 17:32:17,410 [WARN] ModelIntegratedComponent:63 - No mode defined for component null
2025-07-22 17:32:17,410 [WARN] ModelIntegratedComponent:63 - No mode defined for component null
2025-07-22 17:32:17,411 [WARN] ModelIntegratedComponent:63 - No mode defined for component null
2025-07-22 17:32:17,411 [WARN] ModelIntegratedComponent:63 - No mode defined for component null
2025-07-22 17:32:17,411 [WARN] ModelIntegratedComponent:63 - No mode defined for component null
2025-07-22 17:32:17,411 [WARN] ModelIntegratedComponent:63 - No mode defined for component null
2025-07-22 17:32:17,411 [WARN] ModelIntegratedComponent:63 - No mode defined for component null
2025-07-22 17:32:17,411 [WARN] ModelIntegratedComponent:63 - No mode defined for component null
2025-07-22 17:32:17,411 [WARN] ModelIntegratedComponent:63 - No mode defined for component null
2025-07-22 17:32:17,411 [WARN] ModelIntegratedComponent:63 - No mode defined for component null
2025-07-22 17:32:17,411 [WARN] ModelIntegratedComponent:63 - No mode defined for component null
2025-07-22 17:32:17,411 [WARN] ModelIntegratedComponent:63 - No mode defined for component null
2025-07-22 17:32:17,411 [WARN] ModelIntegratedComponent:63 - No mode defined for component null
2025-07-22 17:32:17,411 [WARN] ModelIntegratedComponent:63 - No mode defined for component null
2025-07-22 17:32:17,411 [WARN] ModelIntegratedComponent:63 - No mode defined for component null
2025-07-22 17:32:17,412 [WARN] ModelIntegratedComponent:63 - No mode defined for component null
2025-07-22 17:32:17,412 [WARN] ModelIntegratedComponent:63 - No mode defined for component null
2025-07-22 17:32:17,412 [WARN] ModelIntegratedComponent:63 - No mode defined for component null
2025-07-22 17:32:17,412 [WARN] ModelIntegratedComponent:63 - No mode defined for component null
2025-07-22 17:32:17,412 [WARN] ModelIntegratedComponent:63 - No mode defined for component null
2025-07-22 17:32:17,412 [WARN] ModelIntegratedComponent:63 - No mode defined for component null
2025-07-22 17:32:17,412 [WARN] ModelIntegratedComponent:63 - No mode defined for component null
2025-07-22 17:32:17,412 [WARN] ModelIntegratedComponent:63 - No mode defined for component null
2025-07-22 17:32:17,412 [WARN] ModelIntegratedComponent:63 - No mode defined for component null
2025-07-22 17:32:17,412 [WARN] ModelIntegratedComponent:63 - No mode defined for component null
2025-07-22 17:32:17,412 [WARN] ModelIntegratedComponent:63 - No mode defined for component null
2025-07-22 17:32:17,413 [WARN] ModelIntegratedComponent:63 - No mode defined for component null
2025-07-22 17:32:17,413 [WARN] ModelIntegratedComponent:63 - No mode defined for component null
2025-07-22 17:32:17,413 [WARN] ModelIntegratedComponent:63 - No mode defined for component null
2025-07-22 17:32:17,413 [WARN] ModelIntegratedComponent:63 - No mode defined for component null
2025-07-22 17:32:17,413 [WARN] ModelIntegratedComponent:63 - No mode defined for component null
2025-07-22 17:32:17,413 [WARN] ModelIntegratedComponent:63 - No mode defined for component null
2025-07-22 17:32:17,413 [WARN] ModelIntegratedComponent:63 - No mode defined for component null
2025-07-22 17:32:17,413 [WARN] ModelPack:524 - Component already loaded: STMicroelectronics:HAL Drivers:0.0.0:STMicroelectronics:Device:STMicro_Driver:XSPI:HAL::0.0.1:HAL_XSPI
2025-07-22 17:32:17,478 [INFO] ThirdPartyModel:298 - Start build external matchings
2025-07-22 17:32:17,912 [INFO] ThirdPartyModel:316 - End build external matchings
2025-07-22 17:32:17,925 [INFO] ThirdPartyModel:298 - Start build external matchings
2025-07-22 17:32:18,357 [INFO] ThirdPartyModel:316 - End build external matchings
2025-07-22 17:32:18,365 [INFO] RtosManager:1018 - Current active RTOS is FREERTOS_M4 [CortexM4]
2025-07-22 17:32:18,367 [INFO] RtosManager:1018 - Current active RTOS is FREERTOS_M7 [CortexM7]
2025-07-22 17:32:18,555 [INFO] ApiDb:581 - Connected to CubeFinder SQLite database (C:\Users\nicks\.stmcufinder\plugins\mcufinder\mcu\cube-finder-db.db)
2025-07-22 17:32:18,611 [INFO] ApiDb:668 - CubeFinder database Data Model version=2.1
2025-07-22 17:32:18,612 [INFO] ApiDb:669 - CubeFinder database Configuration version=3.0.39
2025-07-22 17:32:18,612 [INFO] ApiDb:670 - CubeFinder database generation date=2025-07-18 (1752785937)
2025-07-22 17:32:18,612 [INFO] ApiDb:671 - CubeFinder database FW Pack versions=[FP-ATR-ASTRA1_V2.0.0, FP-SNS-FLIGHT1_V5.1.0, FP-SNS-MOTENV1_V5.0.0, FP-SNS-MOTENVWB1_V1.4.0, FP-SNS-SMARTAG2_V1.2.0, FP-SNS-STBOX1_V2.0.0, STM32Cube_FW_C0_V1.4.0, STM32Cube_FW_F4_V1.28.2, STM32Cube_FW_F7_V1.17.3, STM32Cube_FW_G0_V1.6.2, STM32Cube_FW_G4_V1.6.1, STM32Cube_FW_H5_V1.5.0, STM32Cube_FW_H7RS_V1.2.0, STM32Cube_FW_H7_V1.12.1, STM32Cube_FW_L0_V1.12.2, STM32Cube_FW_L4_V1.18.1, STM32Cube_FW_L5_V1.5.1, STM32Cube_FW_N6_V1.2.0, STM32Cube_FW_U0_V1.3.0, STM32Cube_FW_U3_V1.2.0, STM32Cube_FW_U5_V1.8.0, STM32Cube_FW_WB0_V1.3.0, STM32Cube_FW_WBA_V1.7.0, STM32Cube_FW_WB_V1.23.0, STM32Cube_FW_WL3_V1.2.0, STM32Cube_FW_WL_V1.3.1, X-CUBE-ALGOBUILD_V1.4.0, X-CUBE-ALS_V1.0.2, X-CUBE-AZRTOS-F4_V1.1.0, X-CUBE-AZRTOS-F7_V1.1.0, X-CUBE-AZRTOS-G0_V1.1.0, X-CUBE-AZRTOS-G4_V2.0.0, X-CUBE-AZRTOS-H7RS_V1.1.0, X-CUBE-AZRTOS-H7_V3.3.0, X-CUBE-AZRTOS-L4_V2.0.0, X-CUBE-AZRTOS-L5_V2.0.0, X-CUBE-AZRTOS-WB_V2.0.0, X-CUBE-AZRTOS-WL_V2.0.0, X-CUBE-BLE1_V7.1.0, X-CUBE-BLE2_V3.3.0, X-CUBE-BLEMGR_V4.0.0, X-CUBE-EEPRMA1_V5.1.0, X-CUBE-FREERTOS_V1.3.1, X-CUBE-GNSS1_V6.0.0, X-CUBE-MEMS1_V11.3.0, X-CUBE-NFC4_V3.0.0, X-CUBE-NFC7_V2.0.0, X-CUBE-SFXS2LP1_V4.0.0, X-CUBE-SUBG2_V5.0.0, X-CUBE-TOF1_V3.4.3]
2025-07-22 17:32:18,668 [INFO] DbBoardsSqlite:226 - include board P-NUCLEO-WB55-NUCLEO as a kit item of type 'Nucleo-64'
2025-07-22 17:32:18,668 [INFO] DbBoardsSqlite:226 - include board P-NUCLEO-WB55-USBDONGLE as a kit item of type 'Nucleo USB Dongle'
2025-07-22 17:32:18,668 [INFO] DbBoardsSqlite:226 - include board STEVAL-IDP005V1 as a kit item of type 'Evaluation Board'
2025-07-22 17:32:18,668 [INFO] DbBoardsSqlite:226 - include board STEVAL-IDP005V2 as a kit item of type 'Evaluation Board'
2025-07-22 17:32:18,722 [INFO] ApiDb:240 - Found 880 in-development CPN: [B-G473E-ZEST1S, B-WB1M-WPAN1, B-WBA5M-WPAN, B-WL5M-SUBG1, NUCLEO-C031C6, NUCLEO-C051C8, NUCLEO-C071RB, NUCLEO-C092RC, NUCLEO-H503RB, NUCLEO-H533RE, NUCLEO-H563ZI, NUCLEO-H7S3L8, NUCLEO-N657X0-Q, NUCLEO-U031R8, NUCLEO-U083RC, NUCLEO-U385RG-Q, NUCLEO-U545RE-Q, NUCLEO-U5A5ZJ-Q, NUCLEO-WB05KZ, NUCLEO-WB07CC, NUCLEO-WB09KE, NUCLEO-WBA52CG, NUCLEO-WBA55CG, NUCLEO-WL33CC1, NUCLEO-WL33CC2, STEVAL-PROTEUS1, STEVAL-SMARTAG2, STEVAL-STWINBX1, STM320518-EVAL, STM32C0116-DK, STM32C011D6Y3TR, STM32C011D6Y6TR, STM32C011F4P3, STM32C011F4P6, STM32C011F4U3, STM32C011F4U6TR, STM32C011F6P3, STM32C011F6P6, STM32C011F6U3, STM32C011F6U6TR, STM32C011J4M3, STM32C011J4M6, STM32C011J6M3, STM32C011J6M6, STM32C0316-DK, STM32C031C4T3, STM32C031C4T6, STM32C031C4U3, STM32C031C4U6, STM32C031C6T3, STM32C031C6T6, STM32C031C6U3, STM32C031C6U6, STM32C031F4P3, STM32C031F4P6, STM32C031F6P3, STM32C031F6P6, STM32C031G4U3, STM32C031G4U6, STM32C031G6U3, STM32C031G6U6, STM32C031K4T3, STM32C031K4T6, STM32C031K4U3, STM32C031K4U6, STM32C031K6T3, STM32C031K6T6, STM32C031K6U3, STM32C031K6U6, STM32C051C6T6, STM32C051C6U6, STM32C051C8T6, STM32C051C8U6, STM32C051D8Y6TR, STM32C051F6P6, STM32C051F8P6, STM32C051G6U6, STM32C051G8U6, STM32C051K6T6, STM32C051K6U6, STM32C051K8T6, STM32C071C8T6, STM32C071C8T6N, STM32C071C8U6, STM32C071C8U6N, STM32C071CBT6, STM32C071CBT6N, STM32C071CBU6, STM32C071CBU6N, STM32C071F8P6, STM32C071F8P6N, STM32C071FBP6, STM32C071FBP6N, STM32C071FBY6TR, STM32C071G8U6, STM32C071G8U6N, STM32C071GBU6, STM32C071GBU6N, STM32C071K8T6, STM32C071K8T6N, STM32C071K8U6, STM32C071K8U6N, STM32C071KBT6, STM32C071KBT6N, STM32C071KBU6, STM32C071KBU6N, STM32C071R8T6, STM32C071R8T6N, STM32C071RBI6N, STM32C071RBT6, STM32C071RBT6N, STM32C091CBT6, STM32C091CBU6, STM32C091CCT6, STM32C091CCU6, STM32C091ECY6TR, STM32C091FBP6, STM32C091FCP6, STM32C091GBU6, STM32C091GCU6, STM32C091KBT6, STM32C091KBU6, STM32C091KCT6, STM32C091KCU6, STM32C091RBT6, STM32C091RCI6, STM32C091RCT6, STM32C092CBT6, STM32C092CBU6, STM32C092CCT6, STM32C092CCU6, STM32C092ECY6TR, STM32C092FBP6, STM32C092FCP6, STM32C092GBU6, STM32C092GCU6, STM32C092KBT6, STM32C092KBU6, STM32C092KCT6, STM32C092KCU6, STM32C092RBT6, STM32C092RCI6, STM32C092RCT6, STM32G071K8TXN, STM32G071K8UXN, STM32G081GBU6N, STM32G081KBT6N, STM32G081KBUXN, STM32G0B1CCT6N, STM32G0B1KCT6, STM32G0B1NEY6TR, STM32G0B1RCT6N, STM32G0C1CCT6, STM32G0C1CCT6N, STM32G0C1CCU6N, STM32G0C1CET6N, STM32G0C1CEU6N, STM32G0C1KCT6, STM32G0C1NEY6TR, STM32G0C1RCI6N, STM32G0C1RCT6N, STM32G0C1REI6N, STM32G0C1RET6N, STM32G0C1VCI6, STM32G0C1VEI6, STM32G411C6T3, STM32G411C6T6, STM32G411C6U3, STM32G411C6U6, STM32G411C8T3, STM32G411C8T6, STM32G411C8U3, STM32G411C8U6, STM32G411CBT3, STM32G411CBT6, STM32G411CBU3, STM32G411CBU6, STM32G411K6T3, STM32G411K6T6, STM32G411K6U3, STM32G411K6U6, STM32G411K8T3, STM32G411K8T6, STM32G411K8U3, STM32G411K8U6, STM32G411KBT3, STM32G411KBT6, STM32G411KBU3, STM32G411KBU6, STM32G411M6T3, STM32G411M6T6, STM32G411M8T3, STM32G411M8T6, STM32G411MBT3, STM32G411MBT6, STM32G411R6T3, STM32G411R6T6, STM32G411R8T3, STM32G411R8T6, STM32G411RBT3, STM32G411RBT6, STM32G414CBT3, STM32G414CBT6, STM32G414CBU3, STM32G414CBU6, STM32G414CCT3, STM32G414CCT6, STM32G414CCU3, STM32G414CCU6, STM32G414MBT3, STM32G414MBT6, STM32G414MCT3, STM32G414MCT6, STM32G414RBT3, STM32G414RBT6, STM32G414RCT3, STM32G414RCT6, STM32G414VBT3, STM32G414VBT6, STM32G414VCT3, STM32G414VCT6, STM32G431CBT3Z, STM32G431RBT3Z, STM32G471CCT6, STM32G471CCU6, STM32G471CET3, STM32G471CET6, STM32G471CEU3, STM32G471CEU6, STM32G471MCT6, STM32G471MET3, STM32G471MET6, STM32G471MEY6TR, STM32G471QCT6, STM32G471QET3, STM32G471RCT6, STM32G471RET3, STM32G471RET6, STM32G471VCH6, STM32G471VCI6, STM32G471VCT6, STM32G471VEH3, STM32G471VEH6, STM32G471VEI3, STM32G471VEI6, STM32G471VET3, STM32G471VET6, STM32G473QET3Z, STM32G473RET3Z, STM32G474CCT6, STM32G491RET3Z, STM32H503CBT6, STM32H503CBU6, STM32H503EBY6TR, STM32H503KBU6, STM32H503RBT6, STM32H523CCT6, STM32H523CCU6, STM32H523CET6, STM32H523CEU6, STM32H523HEY6TR, STM32H523RCT6, STM32H523RET6, STM32H523VCI6, STM32H523VCT6, STM32H523VEI6, STM32H523VET6, STM32H523ZCJ6, STM32H523ZCT6, STM32H523ZEJ6, STM32H523ZET6, STM32H533CET6, STM32H533CEU6, STM32H533HEY6TR, STM32H533RET6, STM32H533VEI6, STM32H533VET6, STM32H533ZEJ6, STM32H533ZET6, STM32H562AGI6, STM32H562AII6, STM32H562IGK6, STM32H562IGT6, STM32H562IIK6, STM32H562IIT6, STM32H562RGT6, STM32H562RGV6, STM32H562RIT6, STM32H562RIV6, STM32H562VGT6, STM32H562VIT6, STM32H562ZGT6, STM32H562ZIT6, STM32H563AGI6, STM32H563AII3Q, STM32H563AII6, STM32H563IGK6, STM32H563IGT6, STM32H563IIK3Q, STM32H563IIK6, STM32H563IIT3Q, STM32H563IIT6, STM32H563MIY3QTR, STM32H563RGT6, STM32H563RGV6, STM32H563RIT6, STM32H563RIV6, STM32H563VGT6, STM32H563VIT3Q, STM32H563VIT6, STM32H563ZGT6, STM32H563ZIT3Q, STM32H563ZIT6, STM32H573AII3Q, STM32H573AII6, STM32H573I-DK, STM32H573IIK3Q, STM32H573IIK6, STM32H573IIT3Q, STM32H573IIT6, STM32H573MIY3QTR, STM32H573RIT6, STM32H573RIV6, STM32H573VIT3Q, STM32H573VIT6, STM32H573ZIT3Q, STM32H573ZIT6, STM32H7R3A8I6, STM32H7R3I8K6, STM32H7R3I8T6, STM32H7R3L8H6, STM32H7R3L8H6H, STM32H7R3R8V6, STM32H7R3V8H6, STM32H7R3V8T6, STM32H7R3V8Y6TR, STM32H7R3Z8J6, STM32H7R3Z8T6, STM32H7R7A8I6, STM32H7R7I8K6, STM32H7R7I8T6, STM32H7R7L8H6, STM32H7R7L8H6H, STM32H7R7Z8J6, STM32H7S3A8I6, STM32H7S3I8K6, STM32H7S3I8T6, STM32H7S3L8H6, STM32H7S3L8H6H, STM32H7S3R8V6, STM32H7S3V8H6, STM32H7S3V8T6, STM32H7S3V8Y6TR, STM32H7S3Z8J6, STM32H7S3Z8T6, STM32H7S78-DK, STM32H7S7A8I6, STM32H7S7I8K6, STM32H7S7I8T6, STM32H7S7L8H6, STM32H7S7L8H6H, STM32H7S7Z8J6, STM32L4R5QGI6STR, STM32MP131AAE3, STM32MP131AAF3, STM32MP131AAG3, STM32MP131CAE3, STM32MP131CAF3, STM32MP131CAG3, STM32MP131DAE7, STM32MP131DAF7, STM32MP131DAG7, STM32MP131FAE7, STM32MP131FAF7, STM32MP131FAG7, STM32MP133AAE3, STM32MP133AAF3, STM32MP133AAG3, STM32MP133CAE3, STM32MP133CAF3, STM32MP133CAG3, STM32MP133DAE7, STM32MP133DAF7, STM32MP133DAG7, STM32MP133FAE7, STM32MP133FAF7, STM32MP133FAG7, STM32MP135AAE3, STM32MP135AAF3, STM32MP135AAG3, STM32MP135CAE3, STM32MP135CAF3, STM32MP135CAG3, STM32MP135DAE7, STM32MP135DAF7, STM32MP135DAG7, STM32MP135F-DK, STM32MP135FAE7, STM32MP135FAF7, STM32MP135FAF7T, STM32MP135FAF7U, STM32MP135FAG7, STM32MP211AAL3, STM32MP211AAM3, STM32MP211AAN3, STM32MP211AAO3, STM32MP211CAL3, STM32MP211CAM3, STM32MP211CAN3, STM32MP211CAO3, STM32MP211DAL3, STM32MP211DAM3, STM32MP211DAN3, STM32MP211DAO3, STM32MP211FAL3, STM32MP211FAM3, STM32MP211FAN3, STM32MP211FAO3, STM32MP213AAL3, STM32MP213AAM3, STM32MP213AAN3, STM32MP213AAO3, STM32MP213CAL3, STM32MP213CAM3, STM32MP213CAN3, STM32MP213CAO3, STM32MP213DAL3, STM32MP213DAM3, STM32MP213DAN3, STM32MP213DAO3, STM32MP213FAL3, STM32MP213FAM3, STM32MP213FAN3, STM32MP213FAO3, STM32MP215AAL3, STM32MP215AAM3, STM32MP215AAN3, STM32MP215AAO3, STM32MP215CAL3, STM32MP215CAM3, STM32MP215CAN3, STM32MP215CAO3, STM32MP215DAL3, STM32MP215DAM3, STM32MP215DAN3, STM32MP215DAO3, STM32MP215F-DK, STM32MP215FAL3, STM32MP215FAM3, STM32MP215FAN3, STM32MP215FAO3, STM32MP231AAJ3, STM32MP231AAK3, STM32MP231AAL3, STM32MP231CAJ3, STM32MP231CAK3, STM32MP231CAL3, STM32MP231DAJ3, STM32MP231DAK3, STM32MP231DAL3, STM32MP231FAJ3, STM32MP231FAK3, STM32MP231FAL3, STM32MP233AAJ3, STM32MP233AAK3, STM32MP233AAL3, STM32MP233CAJ3, STM32MP233CAK3, STM32MP233CAL3, STM32MP233DAJ3, STM32MP233DAK3, STM32MP233DAL3, STM32MP233FAJ3, STM32MP233FAK3, STM32MP233FAL3, STM32MP235AAJ3, STM32MP235AAK3, STM32MP235AAL3, STM32MP235CAJ3, STM32MP235CAK3, STM32MP235CAL3, STM32MP235DAJ3, STM32MP235DAK3, STM32MP235DAL3, STM32MP235FAJ3, STM32MP235FAK3, STM32MP235FAL3, STM32MP251AAI3, STM32MP251AAK3, STM32MP251AAL3, STM32MP251CAI3, STM32MP251CAK3, STM32MP251CAL3, STM32MP251DAI3, STM32MP251DAK3, STM32MP251DAL3, STM32MP251FAI3, STM32MP251FAK3, STM32MP251FAL3, STM32MP253AAI3, STM32MP253AAK3, STM32MP253AAL3, STM32MP253CAI3, STM32MP253CAK3, STM32MP253CAL3, STM32MP253DAI3, STM32MP253DAK3, STM32MP253DAL3, STM32MP253FAI3, STM32MP253FAK3, STM32MP253FAL3, STM32MP255AAI3, STM32MP255AAK3, STM32MP255AAL3, STM32MP255CAI3, STM32MP255CAK3, STM32MP255CAL3, STM32MP255DAI3, STM32MP255DAK3, STM32MP255DAL3, STM32MP255FAI3, STM32MP255FAK3, STM32MP255FAL3, STM32MP257AAI3, STM32MP257AAK3, STM32MP257AAL3, STM32MP257CAI3, STM32MP257CAK3, STM32MP257CAL3, STM32MP257DAI3, STM32MP257DAK3, STM32MP257DAL3, STM32MP257F-DK, STM32MP257F-EV1, STM32MP257FAI3, STM32MP257FAK3, STM32MP257FAL3, STM32N645A0H3Q, STM32N645B0H3Q, STM32N645I0H3Q, STM32N645L0H3Q, STM32N645X0H3Q, STM32N645Z0H3Q, STM32N647A0H3Q, STM32N647B0H3Q, STM32N647I0H3Q, STM32N647L0H3Q, STM32N647X0H3Q, STM32N647Z0H3Q, STM32N655A0H3Q, STM32N655B0H3Q, STM32N655I0H3Q, STM32N655L0H3Q, STM32N655X0H3Q, STM32N655Z0H3Q, STM32N6570-DK, STM32N657A0H3Q, STM32N657B0H3Q, STM32N657I0H3Q, STM32N657L0H3Q, STM32N657X0H3Q, STM32N657Z0H3Q, STM32U031C6T6, STM32U031C6U6, STM32U031C8T6, STM32U031C8U6, STM32U031F4P6, STM32U031F6P6, STM32U031F8P6, STM32U031G6Y6TR, STM32U031G8Y6TR, STM32U031K4U6, STM32U031K6U6, STM32U031K8U6, STM32U031R6I6, STM32U031R6T6, STM32U031R8I6, STM32U031R8T6, STM32U073C8T6, STM32U073C8U6, STM32U073CBT6, STM32U073CBU6, STM32U073CCT6, STM32U073CCU6, STM32U073H8Y6TR, STM32U073HBY6TR, STM32U073HCY6TR, STM32U073K8U6, STM32U073KBU6, STM32U073KCU6, STM32U073M8I6, STM32U073M8T6, STM32U073MBI6, STM32U073MBT6, STM32U073MCI6, STM32U073MCT6, STM32U073R8I6, STM32U073R8T6, STM32U073RBI6, STM32U073RBT6, STM32U073RCI6, STM32U073RCT6, STM32U083C-DK, STM32U083CCT6, STM32U083CCU6, STM32U083HCY6TR, STM32U083KCU6, STM32U083MCI6, STM32U083MCT6, STM32U083RCI6, STM32U083RCT6, STM32U375CET6, STM32U375CET6Q, STM32U375CEU6, STM32U375CEU6Q, STM32U375CEY6QTR, STM32U375CGT6, STM32U375CGT6Q, STM32U375CGU6, STM32U375CGU6Q, STM32U375CGY6QTR, STM32U375KEU6, STM32U375KGU6, STM32U375REI6, STM32U375REI6Q, STM32U375RET6, STM32U375RET6Q, STM32U375REY6GTR, STM32U375REY6QTR, STM32U375RGI6, STM32U375RGI6Q, STM32U375RGT6, STM32U375RGT6Q, STM32U375RGY6GTR, STM32U375RGY6QTR, STM32U375VEI6, STM32U375VEI6Q, STM32U375VET6, STM32U375VET6Q, STM32U375VGI6, STM32U375VGI6Q, STM32U375VGT6, STM32U375VGT6Q, STM32U385CGT6, STM32U385CGT6Q, STM32U385CGU6, STM32U385CGU6Q, STM32U385CGY6QTR, STM32U385KGU6, STM32U385RGI6, STM32U385RGI6Q, STM32U385RGT6, STM32U385RGT6Q, STM32U385RGY6GTR, STM32U385RGY6QTR, STM32U385VGI6, STM32U385VGI6Q, STM32U385VGT6, STM32U385VGT6Q, STM32U535CBT6, STM32U535CBT6Q, STM32U535CBU6, STM32U535CBU6Q, STM32U535CCT6, STM32U535CCT6Q, STM32U535CCU6, STM32U535CCU6Q, STM32U535CET6, STM32U535CET6Q, STM32U535CEU6, STM32U535CEU6Q, STM32U535JEY6QTR, STM32U535NCY6QTR, STM32U535NEY6QTR, STM32U535RBI6, STM32U535RBI6Q, STM32U535RBT6, STM32U535RBT6Q, STM32U535RCI6, STM32U535RCI6Q, STM32U535RCT6, STM32U535RCT6Q, STM32U535REI6, STM32U535REI6Q, STM32U535RET6, STM32U535RET6Q, STM32U535VCI6, STM32U535VCI6Q, STM32U535VCT6, STM32U535VCT6Q, STM32U535VEI6, STM32U535VEI6Q, STM32U535VET6, STM32U535VET6Q, STM32U545CET6, STM32U545CET6Q, STM32U545CEU6, STM32U545CEU6Q, STM32U545JEY6QTR, STM32U545NEY6QTR, STM32U545REI6, STM32U545REI6Q, STM32U545RET6, STM32U545RET6Q, STM32U545VEI6, STM32U545VEI6Q, STM32U545VET6, STM32U545VET6Q, STM32U595AIH6, STM32U595AIH6Q, STM32U595AJH6, STM32U595AJH6Q, STM32U595QII6, STM32U595QII6Q, STM32U595QJI6, STM32U595QJI6Q, STM32U595RIT6, STM32U595RIT6Q, STM32U595RJT6, STM32U595RJT6Q, STM32U595VIT6, STM32U595VIT6Q, STM32U595VJT6, STM32U595VJT6Q, STM32U595ZIT6, STM32U595ZIT6Q, STM32U595ZIY6QTR, STM32U595ZJT6, STM32U595ZJT6Q, STM32U595ZJY6QTR, STM32U599BJY6QTR, STM32U599NIH6Q, STM32U599NJH6Q, STM32U599VIT6Q, STM32U599VJT6, STM32U599VJT6Q, STM32U599ZIT6Q, STM32U599ZIY6QTR, STM32U599ZJT6Q, STM32U599ZJY6QTR, STM32U5A5AJH6, STM32U5A5AJH6Q, STM32U5A5QII3Q , STM32U5A5QJI6, STM32U5A5QJI6Q, STM32U5A5RJT6, STM32U5A5RJT6Q, STM32U5A5VJT6, STM32U5A5VJT6Q, STM32U5A5ZJT6, STM32U5A5ZJT6Q, STM32U5A5ZJY6QTR, STM32U5A9BJY6QTR, STM32U5A9J-DK, STM32U5A9NJH6Q, STM32U5A9VJT6Q, STM32U5A9ZJT6Q, STM32U5A9ZJY6QTR, STM32U5F7VIT6, STM32U5F7VIT6Q, STM32U5F7VJT6, STM32U5F7VJT6Q, STM32U5F9BJY6QTR, STM32U5F9NJH6Q, STM32U5F9VIT6Q, STM32U5F9VJT6Q, STM32U5F9ZIJ6QTR, STM32U5F9ZIT6Q, STM32U5F9ZJJ6QTR, STM32U5F9ZJT6Q, STM32U5G7VJT6, STM32U5G7VJT6Q, STM32U5G9BJY6QTR, STM32U5G9J-DK1, STM32U5G9J-DK2, STM32U5G9NJH6Q, STM32U5G9VJT6Q, STM32U5G9ZJJ6QTR, STM32U5G9ZJT6Q, STM32WB05KZV6TR, STM32WB05KZV7TR, STM32WB05TZF6TR, STM32WB05TZF7TR, STM32WB06CCF6TR, STM32WB06CCF7TR, STM32WB06CCV6TR, STM32WB06CCV7TR, STM32WB06KCV6TR, STM32WB06KCV7TR, STM32WB07CCF6TR, STM32WB07CCF7TR, STM32WB07CCV6TR, STM32WB07CCV7TR, STM32WB07KCV6TR, STM32WB07KCV7TR, STM32WB09KEV6TR, STM32WB09KEV7TR, STM32WB09TEF6TR, STM32WB09TEF7TR, STM32WB1MMCH6, STM32WBA50KGU6, STM32WBA50KGU6TR, STM32WBA52CEU6, STM32WBA52CEU6TR, STM32WBA52CEU7, STM32WBA52CEU7TR, STM32WBA52CGU6, STM32WBA52CGU6TR, STM32WBA52CGU6U, STM32WBA52CGU7, STM32WBA52CGU7TR, STM32WBA52KEU6, STM32WBA52KEU6TR, STM32WBA52KGU6, STM32WBA52KGU6TR, STM32WBA54CEU6, STM32WBA54CEU6TR, STM32WBA54CEU7, STM32WBA54CEU7TR, STM32WBA54CGU6, STM32WBA54CGU6TR, STM32WBA54CGU7, STM32WBA54CGU7TR, STM32WBA54KEU6, STM32WBA54KEU6TR, STM32WBA54KEU7, STM32WBA54KEU7TR, STM32WBA54KGU6, STM32WBA54KGU6TR, STM32WBA54KGU7, STM32WBA54KGU7TR, STM32WBA55CEU6, STM32WBA55CEU6TR, STM32WBA55CEU7, STM32WBA55CEU7TR, STM32WBA55CGU6, STM32WBA55CGU6TR, STM32WBA55CGU6U, STM32WBA55CGU7, STM32WBA55CGU7TR, STM32WBA55G-DK1, STM32WBA55HEF6, STM32WBA55HEF7, STM32WBA55HGF6, STM32WBA55HGF7, STM32WBA55UEI6, STM32WBA55UEI6TR, STM32WBA55UEI7, STM32WBA55UEI7TR, STM32WBA55UGI6, STM32WBA55UGI6TR, STM32WBA55UGI7, STM32WBA55UGI7TR, STM32WBA5MMGH6TR, STM32WBA62MGF6, STM32WBA62MIF6, STM32WBA65MGF7, STM32WBA65MIF6, STM32WBA65MIF7, STM32WL30K8V6, STM32WL30KBV6, STM32WL31C8V6, STM32WL31CBV6, STM32WL31K8V6, STM32WL31KBV6, STM32WL33C8V6, STM32WL33C8V6X, STM32WL33CBV6, STM32WL33CBV6X, STM32WL33CCV6, STM32WL33CCV6A, STM32WL33CCV6X, STM32WL33K8V7, STM32WL33K8V7X, STM32WL33KBV7 , STM32WL33KBV7X, STM32WL33KCV7, STM32WL33KCV7X, STM32WL5MOCH6, STM32WL5MOCH6TR]
2025-07-22 17:32:18,897 [INFO] BoardInfo:889 - No configuration file found for board P-NUCLEO-WB55
2025-07-22 17:32:18,898 [INFO] DbBoards:161 - Kit is not supported: P-NUCLEO-WB55
2025-07-22 17:32:18,904 [INFO] BoardInfo:889 - No configuration file found for board STEVAL-BFA001V1B
2025-07-22 17:32:18,905 [INFO] DbBoards:161 - Kit is not supported: STEVAL-BFA001V1B
2025-07-22 17:32:18,905 [INFO] BoardInfo:889 - No configuration file found for board STEVAL-BFA001V2B
2025-07-22 17:32:18,906 [INFO] DbBoards:161 - Kit is not supported: STEVAL-BFA001V2B
2025-07-22 17:32:19,080 [INFO] DbBoards:168 - Found 212 boards, 209 are supported
2025-07-22 17:32:19,080 [INFO] DbBoards:169 - Found 212 boards, 43 of them is supported for  Bsp
2025-07-22 17:32:19,083 [INFO] ApiDb:668 - CubeFinder database Data Model version=2.1
2025-07-22 17:32:19,083 [INFO] ApiDb:669 - CubeFinder database Configuration version=3.0.39
2025-07-22 17:32:19,083 [INFO] ApiDb:670 - CubeFinder database generation date=2025-07-18 (1752785937)
2025-07-22 17:32:19,083 [INFO] ApiDb:671 - CubeFinder database FW Pack versions=[FP-ATR-ASTRA1_V2.0.0, FP-SNS-FLIGHT1_V5.1.0, FP-SNS-MOTENV1_V5.0.0, FP-SNS-MOTENVWB1_V1.4.0, FP-SNS-SMARTAG2_V1.2.0, FP-SNS-STBOX1_V2.0.0, STM32Cube_FW_C0_V1.4.0, STM32Cube_FW_F4_V1.28.2, STM32Cube_FW_F7_V1.17.3, STM32Cube_FW_G0_V1.6.2, STM32Cube_FW_G4_V1.6.1, STM32Cube_FW_H5_V1.5.0, STM32Cube_FW_H7RS_V1.2.0, STM32Cube_FW_H7_V1.12.1, STM32Cube_FW_L0_V1.12.2, STM32Cube_FW_L4_V1.18.1, STM32Cube_FW_L5_V1.5.1, STM32Cube_FW_N6_V1.2.0, STM32Cube_FW_U0_V1.3.0, STM32Cube_FW_U3_V1.2.0, STM32Cube_FW_U5_V1.8.0, STM32Cube_FW_WB0_V1.3.0, STM32Cube_FW_WBA_V1.7.0, STM32Cube_FW_WB_V1.23.0, STM32Cube_FW_WL3_V1.2.0, STM32Cube_FW_WL_V1.3.1, X-CUBE-ALGOBUILD_V1.4.0, X-CUBE-ALS_V1.0.2, X-CUBE-AZRTOS-F4_V1.1.0, X-CUBE-AZRTOS-F7_V1.1.0, X-CUBE-AZRTOS-G0_V1.1.0, X-CUBE-AZRTOS-G4_V2.0.0, X-CUBE-AZRTOS-H7RS_V1.1.0, X-CUBE-AZRTOS-H7_V3.3.0, X-CUBE-AZRTOS-L4_V2.0.0, X-CUBE-AZRTOS-L5_V2.0.0, X-CUBE-AZRTOS-WB_V2.0.0, X-CUBE-AZRTOS-WL_V2.0.0, X-CUBE-BLE1_V7.1.0, X-CUBE-BLE2_V3.3.0, X-CUBE-BLEMGR_V4.0.0, X-CUBE-EEPRMA1_V5.1.0, X-CUBE-FREERTOS_V1.3.1, X-CUBE-GNSS1_V6.0.0, X-CUBE-MEMS1_V11.3.0, X-CUBE-NFC4_V3.0.0, X-CUBE-NFC7_V2.0.0, X-CUBE-SFXS2LP1_V4.0.0, X-CUBE-SUBG2_V5.0.0, X-CUBE-TOF1_V3.4.3]
2025-07-22 17:32:20,735 [INFO] ApiDb:240 - Found 880 in-development CPN: [B-G473E-ZEST1S, B-WB1M-WPAN1, B-WBA5M-WPAN, B-WL5M-SUBG1, NUCLEO-C031C6, NUCLEO-C051C8, NUCLEO-C071RB, NUCLEO-C092RC, NUCLEO-H503RB, NUCLEO-H533RE, NUCLEO-H563ZI, NUCLEO-H7S3L8, NUCLEO-N657X0-Q, NUCLEO-U031R8, NUCLEO-U083RC, NUCLEO-U385RG-Q, NUCLEO-U545RE-Q, NUCLEO-U5A5ZJ-Q, NUCLEO-WB05KZ, NUCLEO-WB07CC, NUCLEO-WB09KE, NUCLEO-WBA52CG, NUCLEO-WBA55CG, NUCLEO-WL33CC1, NUCLEO-WL33CC2, STEVAL-PROTEUS1, STEVAL-SMARTAG2, STEVAL-STWINBX1, STM320518-EVAL, STM32C0116-DK, STM32C011D6Y3TR, STM32C011D6Y6TR, STM32C011F4P3, STM32C011F4P6, STM32C011F4U3, STM32C011F4U6TR, STM32C011F6P3, STM32C011F6P6, STM32C011F6U3, STM32C011F6U6TR, STM32C011J4M3, STM32C011J4M6, STM32C011J6M3, STM32C011J6M6, STM32C0316-DK, STM32C031C4T3, STM32C031C4T6, STM32C031C4U3, STM32C031C4U6, STM32C031C6T3, STM32C031C6T6, STM32C031C6U3, STM32C031C6U6, STM32C031F4P3, STM32C031F4P6, STM32C031F6P3, STM32C031F6P6, STM32C031G4U3, STM32C031G4U6, STM32C031G6U3, STM32C031G6U6, STM32C031K4T3, STM32C031K4T6, STM32C031K4U3, STM32C031K4U6, STM32C031K6T3, STM32C031K6T6, STM32C031K6U3, STM32C031K6U6, STM32C051C6T6, STM32C051C6U6, STM32C051C8T6, STM32C051C8U6, STM32C051D8Y6TR, STM32C051F6P6, STM32C051F8P6, STM32C051G6U6, STM32C051G8U6, STM32C051K6T6, STM32C051K6U6, STM32C051K8T6, STM32C071C8T6, STM32C071C8T6N, STM32C071C8U6, STM32C071C8U6N, STM32C071CBT6, STM32C071CBT6N, STM32C071CBU6, STM32C071CBU6N, STM32C071F8P6, STM32C071F8P6N, STM32C071FBP6, STM32C071FBP6N, STM32C071FBY6TR, STM32C071G8U6, STM32C071G8U6N, STM32C071GBU6, STM32C071GBU6N, STM32C071K8T6, STM32C071K8T6N, STM32C071K8U6, STM32C071K8U6N, STM32C071KBT6, STM32C071KBT6N, STM32C071KBU6, STM32C071KBU6N, STM32C071R8T6, STM32C071R8T6N, STM32C071RBI6N, STM32C071RBT6, STM32C071RBT6N, STM32C091CBT6, STM32C091CBU6, STM32C091CCT6, STM32C091CCU6, STM32C091ECY6TR, STM32C091FBP6, STM32C091FCP6, STM32C091GBU6, STM32C091GCU6, STM32C091KBT6, STM32C091KBU6, STM32C091KCT6, STM32C091KCU6, STM32C091RBT6, STM32C091RCI6, STM32C091RCT6, STM32C092CBT6, STM32C092CBU6, STM32C092CCT6, STM32C092CCU6, STM32C092ECY6TR, STM32C092FBP6, STM32C092FCP6, STM32C092GBU6, STM32C092GCU6, STM32C092KBT6, STM32C092KBU6, STM32C092KCT6, STM32C092KCU6, STM32C092RBT6, STM32C092RCI6, STM32C092RCT6, STM32G071K8TXN, STM32G071K8UXN, STM32G081GBU6N, STM32G081KBT6N, STM32G081KBUXN, STM32G0B1CCT6N, STM32G0B1KCT6, STM32G0B1NEY6TR, STM32G0B1RCT6N, STM32G0C1CCT6, STM32G0C1CCT6N, STM32G0C1CCU6N, STM32G0C1CET6N, STM32G0C1CEU6N, STM32G0C1KCT6, STM32G0C1NEY6TR, STM32G0C1RCI6N, STM32G0C1RCT6N, STM32G0C1REI6N, STM32G0C1RET6N, STM32G0C1VCI6, STM32G0C1VEI6, STM32G411C6T3, STM32G411C6T6, STM32G411C6U3, STM32G411C6U6, STM32G411C8T3, STM32G411C8T6, STM32G411C8U3, STM32G411C8U6, STM32G411CBT3, STM32G411CBT6, STM32G411CBU3, STM32G411CBU6, STM32G411K6T3, STM32G411K6T6, STM32G411K6U3, STM32G411K6U6, STM32G411K8T3, STM32G411K8T6, STM32G411K8U3, STM32G411K8U6, STM32G411KBT3, STM32G411KBT6, STM32G411KBU3, STM32G411KBU6, STM32G411M6T3, STM32G411M6T6, STM32G411M8T3, STM32G411M8T6, STM32G411MBT3, STM32G411MBT6, STM32G411R6T3, STM32G411R6T6, STM32G411R8T3, STM32G411R8T6, STM32G411RBT3, STM32G411RBT6, STM32G414CBT3, STM32G414CBT6, STM32G414CBU3, STM32G414CBU6, STM32G414CCT3, STM32G414CCT6, STM32G414CCU3, STM32G414CCU6, STM32G414MBT3, STM32G414MBT6, STM32G414MCT3, STM32G414MCT6, STM32G414RBT3, STM32G414RBT6, STM32G414RCT3, STM32G414RCT6, STM32G414VBT3, STM32G414VBT6, STM32G414VCT3, STM32G414VCT6, STM32G431CBT3Z, STM32G431RBT3Z, STM32G471CCT6, STM32G471CCU6, STM32G471CET3, STM32G471CET6, STM32G471CEU3, STM32G471CEU6, STM32G471MCT6, STM32G471MET3, STM32G471MET6, STM32G471MEY6TR, STM32G471QCT6, STM32G471QET3, STM32G471RCT6, STM32G471RET3, STM32G471RET6, STM32G471VCH6, STM32G471VCI6, STM32G471VCT6, STM32G471VEH3, STM32G471VEH6, STM32G471VEI3, STM32G471VEI6, STM32G471VET3, STM32G471VET6, STM32G473QET3Z, STM32G473RET3Z, STM32G474CCT6, STM32G491RET3Z, STM32H503CBT6, STM32H503CBU6, STM32H503EBY6TR, STM32H503KBU6, STM32H503RBT6, STM32H523CCT6, STM32H523CCU6, STM32H523CET6, STM32H523CEU6, STM32H523HEY6TR, STM32H523RCT6, STM32H523RET6, STM32H523VCI6, STM32H523VCT6, STM32H523VEI6, STM32H523VET6, STM32H523ZCJ6, STM32H523ZCT6, STM32H523ZEJ6, STM32H523ZET6, STM32H533CET6, STM32H533CEU6, STM32H533HEY6TR, STM32H533RET6, STM32H533VEI6, STM32H533VET6, STM32H533ZEJ6, STM32H533ZET6, STM32H562AGI6, STM32H562AII6, STM32H562IGK6, STM32H562IGT6, STM32H562IIK6, STM32H562IIT6, STM32H562RGT6, STM32H562RGV6, STM32H562RIT6, STM32H562RIV6, STM32H562VGT6, STM32H562VIT6, STM32H562ZGT6, STM32H562ZIT6, STM32H563AGI6, STM32H563AII3Q, STM32H563AII6, STM32H563IGK6, STM32H563IGT6, STM32H563IIK3Q, STM32H563IIK6, STM32H563IIT3Q, STM32H563IIT6, STM32H563MIY3QTR, STM32H563RGT6, STM32H563RGV6, STM32H563RIT6, STM32H563RIV6, STM32H563VGT6, STM32H563VIT3Q, STM32H563VIT6, STM32H563ZGT6, STM32H563ZIT3Q, STM32H563ZIT6, STM32H573AII3Q, STM32H573AII6, STM32H573I-DK, STM32H573IIK3Q, STM32H573IIK6, STM32H573IIT3Q, STM32H573IIT6, STM32H573MIY3QTR, STM32H573RIT6, STM32H573RIV6, STM32H573VIT3Q, STM32H573VIT6, STM32H573ZIT3Q, STM32H573ZIT6, STM32H7R3A8I6, STM32H7R3I8K6, STM32H7R3I8T6, STM32H7R3L8H6, STM32H7R3L8H6H, STM32H7R3R8V6, STM32H7R3V8H6, STM32H7R3V8T6, STM32H7R3V8Y6TR, STM32H7R3Z8J6, STM32H7R3Z8T6, STM32H7R7A8I6, STM32H7R7I8K6, STM32H7R7I8T6, STM32H7R7L8H6, STM32H7R7L8H6H, STM32H7R7Z8J6, STM32H7S3A8I6, STM32H7S3I8K6, STM32H7S3I8T6, STM32H7S3L8H6, STM32H7S3L8H6H, STM32H7S3R8V6, STM32H7S3V8H6, STM32H7S3V8T6, STM32H7S3V8Y6TR, STM32H7S3Z8J6, STM32H7S3Z8T6, STM32H7S78-DK, STM32H7S7A8I6, STM32H7S7I8K6, STM32H7S7I8T6, STM32H7S7L8H6, STM32H7S7L8H6H, STM32H7S7Z8J6, STM32L4R5QGI6STR, STM32MP131AAE3, STM32MP131AAF3, STM32MP131AAG3, STM32MP131CAE3, STM32MP131CAF3, STM32MP131CAG3, STM32MP131DAE7, STM32MP131DAF7, STM32MP131DAG7, STM32MP131FAE7, STM32MP131FAF7, STM32MP131FAG7, STM32MP133AAE3, STM32MP133AAF3, STM32MP133AAG3, STM32MP133CAE3, STM32MP133CAF3, STM32MP133CAG3, STM32MP133DAE7, STM32MP133DAF7, STM32MP133DAG7, STM32MP133FAE7, STM32MP133FAF7, STM32MP133FAG7, STM32MP135AAE3, STM32MP135AAF3, STM32MP135AAG3, STM32MP135CAE3, STM32MP135CAF3, STM32MP135CAG3, STM32MP135DAE7, STM32MP135DAF7, STM32MP135DAG7, STM32MP135F-DK, STM32MP135FAE7, STM32MP135FAF7, STM32MP135FAF7T, STM32MP135FAF7U, STM32MP135FAG7, STM32MP211AAL3, STM32MP211AAM3, STM32MP211AAN3, STM32MP211AAO3, STM32MP211CAL3, STM32MP211CAM3, STM32MP211CAN3, STM32MP211CAO3, STM32MP211DAL3, STM32MP211DAM3, STM32MP211DAN3, STM32MP211DAO3, STM32MP211FAL3, STM32MP211FAM3, STM32MP211FAN3, STM32MP211FAO3, STM32MP213AAL3, STM32MP213AAM3, STM32MP213AAN3, STM32MP213AAO3, STM32MP213CAL3, STM32MP213CAM3, STM32MP213CAN3, STM32MP213CAO3, STM32MP213DAL3, STM32MP213DAM3, STM32MP213DAN3, STM32MP213DAO3, STM32MP213FAL3, STM32MP213FAM3, STM32MP213FAN3, STM32MP213FAO3, STM32MP215AAL3, STM32MP215AAM3, STM32MP215AAN3, STM32MP215AAO3, STM32MP215CAL3, STM32MP215CAM3, STM32MP215CAN3, STM32MP215CAO3, STM32MP215DAL3, STM32MP215DAM3, STM32MP215DAN3, STM32MP215DAO3, STM32MP215F-DK, STM32MP215FAL3, STM32MP215FAM3, STM32MP215FAN3, STM32MP215FAO3, STM32MP231AAJ3, STM32MP231AAK3, STM32MP231AAL3, STM32MP231CAJ3, STM32MP231CAK3, STM32MP231CAL3, STM32MP231DAJ3, STM32MP231DAK3, STM32MP231DAL3, STM32MP231FAJ3, STM32MP231FAK3, STM32MP231FAL3, STM32MP233AAJ3, STM32MP233AAK3, STM32MP233AAL3, STM32MP233CAJ3, STM32MP233CAK3, STM32MP233CAL3, STM32MP233DAJ3, STM32MP233DAK3, STM32MP233DAL3, STM32MP233FAJ3, STM32MP233FAK3, STM32MP233FAL3, STM32MP235AAJ3, STM32MP235AAK3, STM32MP235AAL3, STM32MP235CAJ3, STM32MP235CAK3, STM32MP235CAL3, STM32MP235DAJ3, STM32MP235DAK3, STM32MP235DAL3, STM32MP235FAJ3, STM32MP235FAK3, STM32MP235FAL3, STM32MP251AAI3, STM32MP251AAK3, STM32MP251AAL3, STM32MP251CAI3, STM32MP251CAK3, STM32MP251CAL3, STM32MP251DAI3, STM32MP251DAK3, STM32MP251DAL3, STM32MP251FAI3, STM32MP251FAK3, STM32MP251FAL3, STM32MP253AAI3, STM32MP253AAK3, STM32MP253AAL3, STM32MP253CAI3, STM32MP253CAK3, STM32MP253CAL3, STM32MP253DAI3, STM32MP253DAK3, STM32MP253DAL3, STM32MP253FAI3, STM32MP253FAK3, STM32MP253FAL3, STM32MP255AAI3, STM32MP255AAK3, STM32MP255AAL3, STM32MP255CAI3, STM32MP255CAK3, STM32MP255CAL3, STM32MP255DAI3, STM32MP255DAK3, STM32MP255DAL3, STM32MP255FAI3, STM32MP255FAK3, STM32MP255FAL3, STM32MP257AAI3, STM32MP257AAK3, STM32MP257AAL3, STM32MP257CAI3, STM32MP257CAK3, STM32MP257CAL3, STM32MP257DAI3, STM32MP257DAK3, STM32MP257DAL3, STM32MP257F-DK, STM32MP257F-EV1, STM32MP257FAI3, STM32MP257FAK3, STM32MP257FAL3, STM32N645A0H3Q, STM32N645B0H3Q, STM32N645I0H3Q, STM32N645L0H3Q, STM32N645X0H3Q, STM32N645Z0H3Q, STM32N647A0H3Q, STM32N647B0H3Q, STM32N647I0H3Q, STM32N647L0H3Q, STM32N647X0H3Q, STM32N647Z0H3Q, STM32N655A0H3Q, STM32N655B0H3Q, STM32N655I0H3Q, STM32N655L0H3Q, STM32N655X0H3Q, STM32N655Z0H3Q, STM32N6570-DK, STM32N657A0H3Q, STM32N657B0H3Q, STM32N657I0H3Q, STM32N657L0H3Q, STM32N657X0H3Q, STM32N657Z0H3Q, STM32U031C6T6, STM32U031C6U6, STM32U031C8T6, STM32U031C8U6, STM32U031F4P6, STM32U031F6P6, STM32U031F8P6, STM32U031G6Y6TR, STM32U031G8Y6TR, STM32U031K4U6, STM32U031K6U6, STM32U031K8U6, STM32U031R6I6, STM32U031R6T6, STM32U031R8I6, STM32U031R8T6, STM32U073C8T6, STM32U073C8U6, STM32U073CBT6, STM32U073CBU6, STM32U073CCT6, STM32U073CCU6, STM32U073H8Y6TR, STM32U073HBY6TR, STM32U073HCY6TR, STM32U073K8U6, STM32U073KBU6, STM32U073KCU6, STM32U073M8I6, STM32U073M8T6, STM32U073MBI6, STM32U073MBT6, STM32U073MCI6, STM32U073MCT6, STM32U073R8I6, STM32U073R8T6, STM32U073RBI6, STM32U073RBT6, STM32U073RCI6, STM32U073RCT6, STM32U083C-DK, STM32U083CCT6, STM32U083CCU6, STM32U083HCY6TR, STM32U083KCU6, STM32U083MCI6, STM32U083MCT6, STM32U083RCI6, STM32U083RCT6, STM32U375CET6, STM32U375CET6Q, STM32U375CEU6, STM32U375CEU6Q, STM32U375CEY6QTR, STM32U375CGT6, STM32U375CGT6Q, STM32U375CGU6, STM32U375CGU6Q, STM32U375CGY6QTR, STM32U375KEU6, STM32U375KGU6, STM32U375REI6, STM32U375REI6Q, STM32U375RET6, STM32U375RET6Q, STM32U375REY6GTR, STM32U375REY6QTR, STM32U375RGI6, STM32U375RGI6Q, STM32U375RGT6, STM32U375RGT6Q, STM32U375RGY6GTR, STM32U375RGY6QTR, STM32U375VEI6, STM32U375VEI6Q, STM32U375VET6, STM32U375VET6Q, STM32U375VGI6, STM32U375VGI6Q, STM32U375VGT6, STM32U375VGT6Q, STM32U385CGT6, STM32U385CGT6Q, STM32U385CGU6, STM32U385CGU6Q, STM32U385CGY6QTR, STM32U385KGU6, STM32U385RGI6, STM32U385RGI6Q, STM32U385RGT6, STM32U385RGT6Q, STM32U385RGY6GTR, STM32U385RGY6QTR, STM32U385VGI6, STM32U385VGI6Q, STM32U385VGT6, STM32U385VGT6Q, STM32U535CBT6, STM32U535CBT6Q, STM32U535CBU6, STM32U535CBU6Q, STM32U535CCT6, STM32U535CCT6Q, STM32U535CCU6, STM32U535CCU6Q, STM32U535CET6, STM32U535CET6Q, STM32U535CEU6, STM32U535CEU6Q, STM32U535JEY6QTR, STM32U535NCY6QTR, STM32U535NEY6QTR, STM32U535RBI6, STM32U535RBI6Q, STM32U535RBT6, STM32U535RBT6Q, STM32U535RCI6, STM32U535RCI6Q, STM32U535RCT6, STM32U535RCT6Q, STM32U535REI6, STM32U535REI6Q, STM32U535RET6, STM32U535RET6Q, STM32U535VCI6, STM32U535VCI6Q, STM32U535VCT6, STM32U535VCT6Q, STM32U535VEI6, STM32U535VEI6Q, STM32U535VET6, STM32U535VET6Q, STM32U545CET6, STM32U545CET6Q, STM32U545CEU6, STM32U545CEU6Q, STM32U545JEY6QTR, STM32U545NEY6QTR, STM32U545REI6, STM32U545REI6Q, STM32U545RET6, STM32U545RET6Q, STM32U545VEI6, STM32U545VEI6Q, STM32U545VET6, STM32U545VET6Q, STM32U595AIH6, STM32U595AIH6Q, STM32U595AJH6, STM32U595AJH6Q, STM32U595QII6, STM32U595QII6Q, STM32U595QJI6, STM32U595QJI6Q, STM32U595RIT6, STM32U595RIT6Q, STM32U595RJT6, STM32U595RJT6Q, STM32U595VIT6, STM32U595VIT6Q, STM32U595VJT6, STM32U595VJT6Q, STM32U595ZIT6, STM32U595ZIT6Q, STM32U595ZIY6QTR, STM32U595ZJT6, STM32U595ZJT6Q, STM32U595ZJY6QTR, STM32U599BJY6QTR, STM32U599NIH6Q, STM32U599NJH6Q, STM32U599VIT6Q, STM32U599VJT6, STM32U599VJT6Q, STM32U599ZIT6Q, STM32U599ZIY6QTR, STM32U599ZJT6Q, STM32U599ZJY6QTR, STM32U5A5AJH6, STM32U5A5AJH6Q, STM32U5A5QII3Q , STM32U5A5QJI6, STM32U5A5QJI6Q, STM32U5A5RJT6, STM32U5A5RJT6Q, STM32U5A5VJT6, STM32U5A5VJT6Q, STM32U5A5ZJT6, STM32U5A5ZJT6Q, STM32U5A5ZJY6QTR, STM32U5A9BJY6QTR, STM32U5A9J-DK, STM32U5A9NJH6Q, STM32U5A9VJT6Q, STM32U5A9ZJT6Q, STM32U5A9ZJY6QTR, STM32U5F7VIT6, STM32U5F7VIT6Q, STM32U5F7VJT6, STM32U5F7VJT6Q, STM32U5F9BJY6QTR, STM32U5F9NJH6Q, STM32U5F9VIT6Q, STM32U5F9VJT6Q, STM32U5F9ZIJ6QTR, STM32U5F9ZIT6Q, STM32U5F9ZJJ6QTR, STM32U5F9ZJT6Q, STM32U5G7VJT6, STM32U5G7VJT6Q, STM32U5G9BJY6QTR, STM32U5G9J-DK1, STM32U5G9J-DK2, STM32U5G9NJH6Q, STM32U5G9VJT6Q, STM32U5G9ZJJ6QTR, STM32U5G9ZJT6Q, STM32WB05KZV6TR, STM32WB05KZV7TR, STM32WB05TZF6TR, STM32WB05TZF7TR, STM32WB06CCF6TR, STM32WB06CCF7TR, STM32WB06CCV6TR, STM32WB06CCV7TR, STM32WB06KCV6TR, STM32WB06KCV7TR, STM32WB07CCF6TR, STM32WB07CCF7TR, STM32WB07CCV6TR, STM32WB07CCV7TR, STM32WB07KCV6TR, STM32WB07KCV7TR, STM32WB09KEV6TR, STM32WB09KEV7TR, STM32WB09TEF6TR, STM32WB09TEF7TR, STM32WB1MMCH6, STM32WBA50KGU6, STM32WBA50KGU6TR, STM32WBA52CEU6, STM32WBA52CEU6TR, STM32WBA52CEU7, STM32WBA52CEU7TR, STM32WBA52CGU6, STM32WBA52CGU6TR, STM32WBA52CGU6U, STM32WBA52CGU7, STM32WBA52CGU7TR, STM32WBA52KEU6, STM32WBA52KEU6TR, STM32WBA52KGU6, STM32WBA52KGU6TR, STM32WBA54CEU6, STM32WBA54CEU6TR, STM32WBA54CEU7, STM32WBA54CEU7TR, STM32WBA54CGU6, STM32WBA54CGU6TR, STM32WBA54CGU7, STM32WBA54CGU7TR, STM32WBA54KEU6, STM32WBA54KEU6TR, STM32WBA54KEU7, STM32WBA54KEU7TR, STM32WBA54KGU6, STM32WBA54KGU6TR, STM32WBA54KGU7, STM32WBA54KGU7TR, STM32WBA55CEU6, STM32WBA55CEU6TR, STM32WBA55CEU7, STM32WBA55CEU7TR, STM32WBA55CGU6, STM32WBA55CGU6TR, STM32WBA55CGU6U, STM32WBA55CGU7, STM32WBA55CGU7TR, STM32WBA55G-DK1, STM32WBA55HEF6, STM32WBA55HEF7, STM32WBA55HGF6, STM32WBA55HGF7, STM32WBA55UEI6, STM32WBA55UEI6TR, STM32WBA55UEI7, STM32WBA55UEI7TR, STM32WBA55UGI6, STM32WBA55UGI6TR, STM32WBA55UGI7, STM32WBA55UGI7TR, STM32WBA5MMGH6TR, STM32WBA62MGF6, STM32WBA62MIF6, STM32WBA65MGF7, STM32WBA65MIF6, STM32WBA65MIF7, STM32WL30K8V6, STM32WL30KBV6, STM32WL31C8V6, STM32WL31CBV6, STM32WL31K8V6, STM32WL31KBV6, STM32WL33C8V6, STM32WL33C8V6X, STM32WL33CBV6, STM32WL33CBV6X, STM32WL33CCV6, STM32WL33CCV6A, STM32WL33CCV6X, STM32WL33K8V7, STM32WL33K8V7X, STM32WL33KBV7 , STM32WL33KBV7X, STM32WL33KCV7, STM32WL33KCV7X, STM32WL5MOCH6, STM32WL5MOCH6TR]
2025-07-22 17:32:20,738 [INFO] DbMcus:218 - Found 4801 MCUs, 4801 are supported
2025-07-22 17:32:20,738 [INFO] ApiDb:423 - Load user favorites file C:\Users\nicks/.stm32cubeide/favorites.mcus.txt: 0 item(s)
2025-07-22 17:32:20,738 [INFO] ApiDb:427 - User favorites MCUs=[]
2025-07-22 17:32:20,739 [INFO] DbMcus:224 - Set 0 / 0 favorites MCUs
2025-07-22 17:32:20,998 [INFO] ApiDb:423 - Load user favorites file C:\Users\nicks/.stm32cubeide/favorites.boards.txt: 0 item(s)
2025-07-22 17:32:20,998 [INFO] ApiDb:427 - User favorites Boards=[]
2025-07-22 17:32:20,998 [INFO] DbBoards:198 - Set 0 / 0 favorites Boards
2025-07-22 17:32:21,048 [INFO] UtilMem:75 - End LoadConfig() Used Memory: 632729592 Bytes (1073741824)
2025-07-22 17:32:21,131 [WARN] ThirdParty:833 - waiting for thirdparty lock release [change project]
2025-07-22 17:32:21,132 [INFO] ThirdParty:835 - entering critical section [change project]
2025-07-22 17:32:21,132 [INFO] ThirdParty:1030 - CMSIS Pack Vendor :STMicroelectronics X-CUBE-PM33A1 1.0.0
2025-07-22 17:32:21,132 [INFO] ThirdParty:1030 - CMSIS Pack Vendor :STMicroelectronics USBPD 4.1
2025-07-22 17:32:21,132 [INFO] ThirdParty:1030 - CMSIS Pack Vendor :STMicroelectronics X-CUBE-AZRTOS-H7 3.3.0
2025-07-22 17:32:21,132 [INFO] ThirdParty:1030 - CMSIS Pack Vendor :STMicroelectronics X-CUBE-NFC9 1.0.0
2025-07-22 17:32:21,132 [INFO] ThirdParty:1030 - CMSIS Pack Vendor :STMicroelectronics USB_HOST 2.0.0
2025-07-22 17:32:21,132 [INFO] ThirdParty:1030 - CMSIS Pack Vendor :STMicroelectronics FP-SNS-MOTENVWB1 1.4.0
2025-07-22 17:32:21,132 [INFO] ThirdParty:1030 - CMSIS Pack Vendor :STMicroelectronics X-CUBE-AZRTOS-F4 1.1.0
2025-07-22 17:32:21,132 [INFO] ThirdParty:1030 - CMSIS Pack Vendor :STMicroelectronics LIBJPEG 8.0.0
2025-07-22 17:32:21,132 [INFO] ThirdParty:1030 - CMSIS Pack Vendor :STMicroelectronics FP-ATR-ASTRA1 2.0.2
2025-07-22 17:32:21,132 [INFO] ThirdParty:1030 - CMSIS Pack Vendor :STMicroelectronics FP-ATR-ASTRA1 2.0.1
2025-07-22 17:32:21,132 [INFO] ThirdParty:1030 - CMSIS Pack Vendor :STMicroelectronics X-CUBE-BLE1 7.1.0
2025-07-22 17:32:21,132 [INFO] ThirdParty:1030 - CMSIS Pack Vendor :Avnet-IotConnect X-CUBE-IoTC-DA16k-PMOD 1.0.0
2025-07-22 17:32:21,132 [INFO] ThirdParty:1030 - CMSIS Pack Vendor :STMicroelectronics X-CUBE-SMBUS 2.1.0
2025-07-22 17:32:21,132 [INFO] ThirdParty:1030 - CMSIS Pack Vendor :STMicroelectronics X-CUBE-WB05N 1.1.0
2025-07-22 17:32:21,132 [INFO] ThirdParty:1030 - CMSIS Pack Vendor :wolfSSL I-CUBE-wolfMQTT 1.19.2
2025-07-22 17:32:21,132 [INFO] ThirdParty:1030 - CMSIS Pack Vendor :STMicroelectronics USB_DEVICE 3.0.0
2025-07-22 17:32:21,132 [INFO] ThirdParty:1030 - CMSIS Pack Vendor :STMicroelectronics X-CUBE-ISPU 2.1.0
2025-07-22 17:32:21,132 [INFO] ThirdParty:1030 - CMSIS Pack Vendor :STMicroelectronics X-CUBE-EEPRMA1 5.2.0
2025-07-22 17:32:21,132 [INFO] ThirdParty:1030 - CMSIS Pack Vendor :STMicroelectronics X-CUBE-BLEMGR 4.1.0
2025-07-22 17:32:21,132 [INFO] ThirdParty:1030 - CMSIS Pack Vendor :STMicroelectronics X-CUBE-AZRTOS-WB 2.0.0
2025-07-22 17:32:21,132 [INFO] ThirdParty:1030 - CMSIS Pack Vendor :STMicroelectronics X-CUBE-ST60 1.0.0
2025-07-22 17:32:21,132 [INFO] ThirdParty:1030 - CMSIS Pack Vendor :STMicroelectronics X-CUBE-GNSS1 7.0.1
2025-07-22 17:32:21,132 [INFO] ThirdParty:1030 - CMSIS Pack Vendor :STMicroelectronics X-CUBE-NFC12 1.0.0
2025-07-22 17:32:21,132 [INFO] ThirdParty:1030 - CMSIS Pack Vendor :STMicroelectronics X-CUBE-AZRTOS-F7 1.1.0
2025-07-22 17:32:21,132 [INFO] ThirdParty:1030 - CMSIS Pack Vendor :STMicroelectronics X-CUBE-AZRTOS-L5 2.0.0
2025-07-22 17:32:21,132 [INFO] ThirdParty:1030 - CMSIS Pack Vendor :STMicroelectronics X-CUBE-TOUCHGFX 4.25.0
2025-07-22 17:32:21,132 [INFO] ThirdParty:1030 - CMSIS Pack Vendor :STMicroelectronics USB_DEVICE 2.0.0
2025-07-22 17:32:21,132 [INFO] ThirdParty:1030 - CMSIS Pack Vendor :STMicroelectronics X-CUBE-NFC6 3.1.0
2025-07-22 17:32:21,132 [INFO] ThirdParty:1030 - CMSIS Pack Vendor :STMicroelectronics X-CUBE-AI 10.1.0
2025-07-22 17:32:21,132 [INFO] ThirdParty:1030 - CMSIS Pack Vendor :STMicroelectronics X-CUBE-MEMS1 11.2.0
2025-07-22 17:32:21,132 [INFO] ThirdParty:1030 - CMSIS Pack Vendor :STMicroelectronics FreeRTOS 0.0.1
2025-07-22 17:32:21,132 [INFO] ThirdParty:1030 - CMSIS Pack Vendor :STMicroelectronics X-CUBE-AZRTOS-G0 1.1.0
2025-07-22 17:32:21,132 [INFO] ThirdParty:1030 - CMSIS Pack Vendor :STMicroelectronics X-CUBE-SAFEA1 1.2.2
2025-07-22 17:32:21,133 [INFO] ThirdParty:1030 - CMSIS Pack Vendor :STMicroelectronics X-CUBE-NFC4 3.0.0
2025-07-22 17:32:21,133 [INFO] ThirdParty:1030 - CMSIS Pack Vendor :STMicroelectronics X-CUBE-SUBG2 5.0.0
2025-07-22 17:32:21,133 [INFO] ThirdParty:1030 - CMSIS Pack Vendor :STMicroelectronics X-CUBE-AZRTOS-H7RS 1.1.0
2025-07-22 17:32:21,133 [INFO] ThirdParty:1030 - CMSIS Pack Vendor :STMicroelectronics STM32_WPAN 1.0.0
2025-07-22 17:32:21,133 [INFO] ThirdParty:1030 - CMSIS Pack Vendor :EmbeddedOffice I-CUBE-FS-RTOS 1.0.1
2025-07-22 17:32:21,133 [INFO] ThirdParty:1030 - CMSIS Pack Vendor :STMicroelectronics lwIP 2.0.3
2025-07-22 17:32:21,133 [INFO] ThirdParty:1030 - CMSIS Pack Vendor :STMicroelectronics FP-SNS-FLIGHT1 5.0.2
2025-07-22 17:32:21,133 [INFO] ThirdParty:1030 - CMSIS Pack Vendor :Cesanta I-CUBE-Mongoose 7.13.0
2025-07-22 17:32:21,133 [INFO] ThirdParty:1030 - CMSIS Pack Vendor :STMicroelectronics USB_HOST 1.0.0
2025-07-22 17:32:21,133 [INFO] ThirdParty:1030 - CMSIS Pack Vendor :Infineon AIROC-Wi-Fi-Bluetooth-STM32 1.7.0
2025-07-22 17:32:21,133 [INFO] ThirdParty:1030 - CMSIS Pack Vendor :STMicroelectronics X-CUBE-AZRTOS-G4 2.0.0
2025-07-22 17:32:21,133 [INFO] ThirdParty:1030 - CMSIS Pack Vendor :STMicroelectronics X-CUBE-WB05N 2.0.0
2025-07-22 17:32:21,133 [INFO] ThirdParty:1030 - CMSIS Pack Vendor :STMicroelectronics PDM2PCM 3.1.0
2025-07-22 17:32:21,133 [INFO] ThirdParty:1030 - CMSIS Pack Vendor :STMicroelectronics PDM2PCM 3.3.0
2025-07-22 17:32:21,133 [INFO] ThirdParty:1030 - CMSIS Pack Vendor :wolfSSL I-CUBE-wolfTPM 3.8.0
2025-07-22 17:32:21,133 [INFO] ThirdParty:1030 - CMSIS Pack Vendor :STMicroelectronics X-CUBE-AZRTOS-H7 3.4.0
2025-07-22 17:32:21,133 [INFO] ThirdParty:1030 - CMSIS Pack Vendor :STMicroelectronics X-CUBE-DISPLAY 3.0.0
2025-07-22 17:32:21,133 [INFO] ThirdParty:1030 - CMSIS Pack Vendor :wolfSSL I-CUBE-wolfSSH 1.4.20
2025-07-22 17:32:21,133 [INFO] ThirdParty:1030 - CMSIS Pack Vendor :STMicroelectronics X-CUBE-NFC7 2.0.0
2025-07-22 17:32:21,133 [INFO] ThirdParty:1030 - CMSIS Pack Vendor :STMicroelectronics X-CUBE-TCPP 4.2.0
2025-07-22 17:32:21,133 [INFO] ThirdParty:1030 - CMSIS Pack Vendor :RealThread X-CUBE-RT-Thread_Nano 4.1.1
2025-07-22 17:32:21,133 [INFO] ThirdParty:1030 - CMSIS Pack Vendor :STMicroelectronics FP-ATR-SIGFOX1 3.2.0
2025-07-22 17:32:21,133 [INFO] ThirdParty:1030 - CMSIS Pack Vendor :STMicroelectronics X-CUBE-NFC10 1.0.0
2025-07-22 17:32:21,133 [INFO] ThirdParty:1030 - CMSIS Pack Vendor :STMicroelectronics X-CUBE-BLEMGR 4.0.0
2025-07-22 17:32:21,133 [INFO] ThirdParty:1030 - CMSIS Pack Vendor :STMicroelectronics X-CUBE-EEPRMA1 5.1.0
2025-07-22 17:32:21,133 [INFO] ThirdParty:1030 - CMSIS Pack Vendor :STMicroelectronics X-CUBE-FREERTOS 1.3.1
2025-07-22 17:32:21,133 [INFO] ThirdParty:1030 - CMSIS Pack Vendor :STMicroelectronics HAL Drivers 0.0.0
2025-07-22 17:32:21,133 [INFO] ThirdParty:1030 - CMSIS Pack Vendor :STMicroelectronics MBEDTLS 2.16.2
2025-07-22 17:32:21,133 [INFO] ThirdParty:1030 - CMSIS Pack Vendor :STMicroelectronics X-CUBE-IPS 3.1.0
2025-07-22 17:32:21,133 [INFO] ThirdParty:1030 - CMSIS Pack Vendor :STMicroelectronics X-CUBE-ALS 1.0.2
2025-07-22 17:32:21,134 [INFO] ThirdParty:1030 - CMSIS Pack Vendor :emotas I-CUBE-CANOPEN 1.3.0
2025-07-22 17:32:21,134 [INFO] ThirdParty:1030 - CMSIS Pack Vendor :STMicroelectronics X-CUBE-FREERTOS 1.3.0
2025-07-22 17:32:21,134 [INFO] ThirdParty:1030 - CMSIS Pack Vendor :STMicroelectronics X-CUBE-NFC7 1.0.1
2025-07-22 17:32:21,134 [INFO] ThirdParty:1030 - CMSIS Pack Vendor :STMicroelectronics MBEDTLS 2.14.1
2025-07-22 17:32:21,134 [INFO] ThirdParty:1030 - CMSIS Pack Vendor :wolfSSL I-CUBE-wolfSSL 5.7.6
2025-07-22 17:32:21,134 [INFO] ThirdParty:1030 - CMSIS Pack Vendor :ITTIA_DB I-CUBE-ITTIADB 8.9.0
2025-07-22 17:32:21,134 [INFO] ThirdParty:1030 - CMSIS Pack Vendor :portGmbH I-Cube-SoM-uGOAL 1.1.0
2025-07-22 17:32:21,134 [INFO] ThirdParty:1030 - CMSIS Pack Vendor :quantropi X-CUBE-qispace-sdk-base 2.0.0
2025-07-22 17:32:21,134 [INFO] ThirdParty:1030 - CMSIS Pack Vendor :STMicroelectronics X-CUBE-AI 10.0.0
2025-07-22 17:32:21,134 [INFO] ThirdParty:1030 - CMSIS Pack Vendor :STMicroelectronics X-CUBE-ST67W61 1.0.0
2025-07-22 17:32:21,134 [INFO] ThirdParty:1030 - CMSIS Pack Vendor :STMicroelectronics FP-SNS-STAIOTCFT 1.0.0
2025-07-22 17:32:21,134 [INFO] ThirdParty:1030 - CMSIS Pack Vendor :STMicroelectronics ThreadX 1.0.0
2025-07-22 17:32:21,134 [INFO] ThirdParty:1030 - CMSIS Pack Vendor :STMicroelectronics FP-SNS-SMARTAG2 1.2.0
2025-07-22 17:32:21,134 [INFO] ThirdParty:1030 - CMSIS Pack Vendor :STMicroelectronics FP-SNS-FLIGHT1 5.1.0
2025-07-22 17:32:21,134 [INFO] ThirdParty:1030 - CMSIS Pack Vendor :STMicroelectronics X-CUBE-AZRTOS-WL 2.0.0
2025-07-22 17:32:21,134 [INFO] ThirdParty:1030 - CMSIS Pack Vendor :SEGGER I-CUBE-embOS 1.3.1
2025-07-22 17:32:21,134 [INFO] ThirdParty:1030 - CMSIS Pack Vendor :STMicroelectronics X-CUBE-ALGOBUILD 1.4.0
2025-07-22 17:32:21,134 [INFO] ThirdParty:1030 - CMSIS Pack Vendor :STMicroelectronics X-CUBE-DPower 1.3.0
2025-07-22 17:32:21,134 [INFO] ThirdParty:1030 - CMSIS Pack Vendor :STMicroelectronics X-CUBE-MEMS1 11.3.0
2025-07-22 17:32:21,134 [INFO] ThirdParty:1030 - CMSIS Pack Vendor :STMicroelectronics FP-SNS-MOTENV1 5.0.0
2025-07-22 17:32:21,134 [INFO] ThirdParty:1030 - CMSIS Pack Vendor :STMicroelectronics USB_DEVICE 1.0.0
2025-07-22 17:32:21,134 [INFO] ThirdParty:1030 - CMSIS Pack Vendor :STMicroelectronics X-CUBE-AZRTOS-L4 2.0.0
2025-07-22 17:32:21,134 [INFO] ThirdParty:1030 - CMSIS Pack Vendor :STMicroelectronics ThreadX 0.0.2
2025-07-22 17:32:21,134 [INFO] ThirdParty:1030 - CMSIS Pack Vendor :WES I-CUBE-Cesium 1.3.0
2025-07-22 17:32:21,134 [INFO] ThirdParty:1030 - CMSIS Pack Vendor :STMicroelectronics lwIP 2.1.2
2025-07-22 17:32:21,134 [INFO] ThirdParty:1030 - CMSIS Pack Vendor :STMicroelectronics X-CUBE-SFXS2LP1 4.0.0
2025-07-22 17:32:21,135 [INFO] ThirdParty:1030 - CMSIS Pack Vendor :STMicroelectronics X-CUBE-BLE2 3.3.0
2025-07-22 17:32:21,135 [INFO] ThirdParty:1030 - CMSIS Pack Vendor :STMicroelectronics X-CUBE-TOF1 3.4.3
2025-07-22 17:32:21,135 [INFO] ThirdParty:1030 - CMSIS Pack Vendor :STMicroelectronics PDM2PCM 3.2.0
2025-07-22 17:32:21,135 [INFO] ThirdParty:841 - exiting critical section [change project]
2025-07-22 17:32:21,694 [INFO] PinOutPanel:1589 - setPackage(No Configuration,No Configuration)
2025-07-22 17:32:21,695 [INFO] PinOutPanel:1589 - setPackage(STM32H755ZITx,LQFP144)
2025-07-22 17:32:22,216 [INFO] UtilMem:75 - Before build in PCC Used Memory: 741867520 Bytes (1073741824)
2025-07-22 17:32:22,743 [INFO] UtilMem:75 - After build in PCC Used Memory: 898631680 Bytes (1073741824)
2025-07-22 17:32:22,753 [INFO] ApiDbMcu:532 - Load IP Config File for FREERTOS_M4
2025-07-22 17:32:22,757 [INFO] ApiDbMcu:532 - Load IP Config File for FREERTOS_M7
2025-07-22 17:32:22,784 [INFO] IPUIPlugin:80 - create IPUIPlugin
2025-07-22 17:32:22,785 [INFO] IPUIPlugin:80 - create IPUIPlugin
2025-07-22 17:32:22,785 [INFO] IPUIPlugin:80 - create IPUIPlugin
2025-07-22 17:32:22,785 [INFO] IPUIPlugin:80 - create IPUIPlugin
2025-07-22 17:32:22,785 [INFO] IPUIPlugin:80 - create IPUIPlugin
2025-07-22 17:32:22,785 [INFO] IPUIPlugin:80 - create IPUIPlugin
2025-07-22 17:32:22,785 [INFO] IPUIPlugin:80 - create IPUIPlugin
2025-07-22 17:32:22,785 [INFO] IPUIPlugin:80 - create IPUIPlugin
2025-07-22 17:32:22,785 [INFO] IPUIPlugin:80 - create IPUIPlugin
2025-07-22 17:32:22,785 [INFO] IPUIPlugin:80 - create IPUIPlugin
2025-07-22 17:32:22,785 [INFO] IPUIPlugin:80 - create IPUIPlugin
2025-07-22 17:32:22,785 [INFO] IPUIPlugin:80 - create IPUIPlugin
2025-07-22 17:32:22,786 [INFO] IPUIPlugin:80 - create IPUIPlugin
2025-07-22 17:32:22,786 [INFO] IPUIPlugin:80 - create IPUIPlugin
2025-07-22 17:32:22,786 [INFO] IPUIPlugin:80 - create IPUIPlugin
2025-07-22 17:32:22,786 [INFO] IPUIPlugin:80 - create IPUIPlugin
2025-07-22 17:32:22,786 [INFO] IPUIPlugin:80 - create IPUIPlugin
2025-07-22 17:32:22,786 [INFO] IPUIPlugin:80 - create IPUIPlugin
2025-07-22 17:32:22,786 [INFO] IPUIPlugin:80 - create IPUIPlugin
2025-07-22 17:32:22,786 [INFO] IPUIPlugin:80 - create IPUIPlugin
2025-07-22 17:32:22,786 [INFO] IPUIPlugin:80 - create IPUIPlugin
2025-07-22 17:32:22,786 [INFO] IPUIPlugin:80 - create IPUIPlugin
2025-07-22 17:32:22,786 [INFO] IPUIPlugin:80 - create IPUIPlugin
2025-07-22 17:32:22,786 [INFO] IPUIPlugin:80 - create IPUIPlugin
2025-07-22 17:32:22,786 [INFO] IPUIPlugin:80 - create IPUIPlugin
2025-07-22 17:32:22,786 [INFO] IPUIPlugin:80 - create IPUIPlugin
2025-07-22 17:32:22,787 [INFO] IPUIPlugin:80 - create IPUIPlugin
2025-07-22 17:32:22,787 [INFO] IPUIPlugin:80 - create IPUIPlugin
2025-07-22 17:32:22,787 [INFO] IPUIPlugin:80 - create IPUIPlugin
2025-07-22 17:32:22,787 [INFO] IPUIPlugin:80 - create IPUIPlugin
2025-07-22 17:32:22,787 [INFO] IPUIPlugin:80 - create IPUIPlugin
2025-07-22 17:32:22,787 [INFO] IPUIPlugin:80 - create IPUIPlugin
2025-07-22 17:32:22,787 [INFO] IPUIPlugin:80 - create IPUIPlugin
2025-07-22 17:32:22,787 [INFO] IPUIPlugin:80 - create IPUIPlugin
2025-07-22 17:32:22,787 [INFO] IPUIPlugin:80 - create IPUIPlugin
2025-07-22 17:32:22,787 [INFO] IPUIPlugin:80 - create IPUIPlugin
2025-07-22 17:32:22,787 [INFO] IPUIPlugin:80 - create IPUIPlugin
2025-07-22 17:32:22,788 [INFO] IPUIPlugin:80 - create IPUIPlugin
2025-07-22 17:32:22,788 [INFO] IPUIPlugin:80 - create IPUIPlugin
2025-07-22 17:32:22,788 [INFO] IPUIPlugin:80 - create IPUIPlugin
2025-07-22 17:32:22,788 [INFO] IPUIPlugin:80 - create IPUIPlugin
2025-07-22 17:32:22,788 [INFO] IPUIPlugin:80 - create IPUIPlugin
2025-07-22 17:32:22,788 [INFO] IPUIPlugin:80 - create IPUIPlugin
2025-07-22 17:32:22,788 [INFO] IPUIPlugin:80 - create IPUIPlugin
2025-07-22 17:32:22,789 [INFO] IPUIPlugin:80 - create IPUIPlugin
2025-07-22 17:32:22,789 [INFO] IPUIPlugin:80 - create IPUIPlugin
2025-07-22 17:32:22,789 [INFO] IPUIPlugin:80 - create IPUIPlugin
2025-07-22 17:32:22,789 [INFO] IPUIPlugin:80 - create IPUIPlugin
2025-07-22 17:32:22,789 [INFO] IPUIPlugin:80 - create IPUIPlugin
2025-07-22 17:32:22,789 [INFO] IPUIPlugin:80 - create IPUIPlugin
2025-07-22 17:32:22,789 [INFO] IPUIPlugin:80 - create IPUIPlugin
2025-07-22 17:32:22,790 [INFO] IPUIPlugin:80 - create IPUIPlugin
2025-07-22 17:32:22,790 [INFO] IPUIPlugin:80 - create IPUIPlugin
2025-07-22 17:32:22,790 [INFO] IPUIPlugin:80 - create IPUIPlugin
2025-07-22 17:32:22,790 [INFO] IPUIPlugin:80 - create IPUIPlugin
2025-07-22 17:32:22,790 [INFO] IPUIPlugin:80 - create IPUIPlugin
2025-07-22 17:32:22,790 [INFO] IPUIPlugin:80 - create IPUIPlugin
2025-07-22 17:32:22,790 [INFO] IPUIPlugin:80 - create IPUIPlugin
2025-07-22 17:32:22,791 [INFO] IPUIPlugin:80 - create IPUIPlugin
2025-07-22 17:32:22,791 [INFO] IPUIPlugin:80 - create IPUIPlugin
2025-07-22 17:32:22,791 [INFO] IPUIPlugin:80 - create IPUIPlugin
2025-07-22 17:32:22,791 [INFO] IPUIPlugin:80 - create IPUIPlugin
2025-07-22 17:32:22,791 [INFO] IPUIPlugin:80 - create IPUIPlugin
2025-07-22 17:32:22,791 [INFO] IPUIPlugin:80 - create IPUIPlugin
2025-07-22 17:32:22,792 [INFO] IPUIPlugin:80 - create IPUIPlugin
2025-07-22 17:32:22,792 [INFO] IPUIPlugin:80 - create IPUIPlugin
2025-07-22 17:32:22,792 [INFO] IPUIPlugin:80 - create IPUIPlugin
2025-07-22 17:32:22,792 [INFO] IPUIPlugin:80 - create IPUIPlugin
2025-07-22 17:32:22,792 [INFO] IPUIPlugin:80 - create IPUIPlugin
2025-07-22 17:32:22,792 [INFO] IPUIPlugin:80 - create IPUIPlugin
2025-07-22 17:32:22,793 [INFO] IPUIPlugin:80 - create IPUIPlugin
2025-07-22 17:32:22,793 [INFO] IPUIPlugin:80 - create IPUIPlugin
2025-07-22 17:32:22,793 [INFO] IPUIPlugin:80 - create IPUIPlugin
2025-07-22 17:32:22,793 [INFO] IPUIPlugin:80 - create IPUIPlugin
2025-07-22 17:32:22,793 [INFO] IPUIPlugin:80 - create IPUIPlugin
2025-07-22 17:32:22,793 [INFO] IPUIPlugin:80 - create IPUIPlugin
2025-07-22 17:32:22,794 [INFO] IPUIPlugin:80 - create IPUIPlugin
2025-07-22 17:32:22,794 [INFO] IPUIPlugin:80 - create IPUIPlugin
2025-07-22 17:32:22,794 [INFO] IPUIPlugin:80 - create IPUIPlugin
2025-07-22 17:32:22,794 [INFO] IPUIPlugin:80 - create IPUIPlugin
2025-07-22 17:32:22,794 [INFO] IPUIPlugin:80 - create IPUIPlugin
2025-07-22 17:32:22,795 [INFO] IPUIPlugin:80 - create IPUIPlugin
2025-07-22 17:32:22,795 [INFO] IPUIPlugin:80 - create IPUIPlugin
2025-07-22 17:32:22,795 [INFO] IPUIPlugin:80 - create IPUIPlugin
2025-07-22 17:32:22,795 [INFO] IPUIPlugin:80 - create IPUIPlugin
2025-07-22 17:32:22,795 [INFO] IPUIPlugin:80 - create IPUIPlugin
2025-07-22 17:32:22,796 [INFO] IPUIPlugin:80 - create IPUIPlugin
2025-07-22 17:32:22,796 [INFO] IPUIPlugin:80 - create IPUIPlugin
2025-07-22 17:32:22,796 [INFO] IPUIPlugin:80 - create IPUIPlugin
2025-07-22 17:32:22,796 [INFO] IPUIPlugin:80 - create IPUIPlugin
2025-07-22 17:32:22,796 [INFO] IPUIPlugin:80 - create IPUIPlugin
2025-07-22 17:32:22,797 [INFO] IPUIPlugin:80 - create IPUIPlugin
2025-07-22 17:32:22,797 [INFO] IPUIPlugin:80 - create IPUIPlugin
2025-07-22 17:32:22,797 [INFO] IPUIPlugin:80 - create IPUIPlugin
2025-07-22 17:32:22,798 [INFO] IPUIPlugin:80 - create IPUIPlugin
2025-07-22 17:32:22,798 [INFO] IPUIPlugin:80 - create IPUIPlugin
2025-07-22 17:32:22,798 [INFO] IPUIPlugin:80 - create IPUIPlugin
2025-07-22 17:32:22,798 [INFO] IPUIPlugin:80 - create IPUIPlugin
2025-07-22 17:32:22,799 [INFO] IPUIPlugin:80 - create IPUIPlugin
2025-07-22 17:32:22,799 [INFO] IPUIPlugin:80 - create IPUIPlugin
2025-07-22 17:32:22,799 [INFO] IPUIPlugin:80 - create IPUIPlugin
2025-07-22 17:32:22,800 [INFO] IPUIPlugin:80 - create IPUIPlugin
2025-07-22 17:32:22,800 [INFO] IPUIPlugin:80 - create IPUIPlugin
2025-07-22 17:32:22,800 [INFO] IPUIPlugin:80 - create IPUIPlugin
2025-07-22 17:32:22,800 [INFO] IPUIPlugin:80 - create IPUIPlugin
2025-07-22 17:32:22,801 [INFO] IPUIPlugin:80 - create IPUIPlugin
2025-07-22 17:32:22,801 [INFO] IPUIPlugin:80 - create IPUIPlugin
2025-07-22 17:32:22,802 [INFO] IPUIPlugin:80 - create IPUIPlugin
2025-07-22 17:32:22,802 [INFO] IPUIPlugin:80 - create IPUIPlugin
2025-07-22 17:32:22,802 [INFO] IPUIPlugin:80 - create IPUIPlugin
2025-07-22 17:32:22,803 [INFO] IPUIPlugin:80 - create IPUIPlugin
2025-07-22 17:32:22,803 [INFO] IPUIPlugin:80 - create IPUIPlugin
2025-07-22 17:32:22,803 [INFO] IPUIPlugin:80 - create IPUIPlugin
2025-07-22 17:32:22,804 [INFO] IPUIPlugin:80 - create IPUIPlugin
2025-07-22 17:32:22,810 [INFO] ApiDbMcu:532 - Load IP Config File for PDM2PCM_M7
2025-07-22 17:32:22,812 [INFO] ApiDbMcu:532 - Load IP Config File for PDM2PCM_M4
2025-07-22 17:32:22,836 [WARN] FreeRTOS:1023 - Null or empty value: should not occur! (nothing added to the table)
2025-07-22 17:32:22,844 [WARN] FreeRTOS:1023 - Null or empty value: should not occur! (nothing added to the table)
2025-07-22 17:32:22,983 [INFO] CADModel:165 - CPN selected for project levelSTM32H755ZIT6
2025-07-22 17:32:22,983 [INFO] CADModel:114 - Register for checkConnection events
2025-07-22 17:32:22,986 [INFO] RtosManager:728 - Active RTOS found at IOC load: FREERTOS_M7 [CortexM7]
2025-07-22 17:32:22,992 [INFO] RtosManager:728 - Active RTOS found at IOC load: FREERTOS_M4 [CortexM4]
2025-07-22 17:32:23,041 [INFO] OpenFileManager:386 - Restore cursor
2025-07-22 17:32:23,344 [INFO] ProjectChoiceTab:902 - Analytics plugin initialized for: CortexM4 Enable multi-threaded support
2025-07-22 17:32:23,402 [INFO] ProjectChoiceTab:962 - Analytics plugin initialized for: CortexM7 Enable multi-threaded support
2025-07-22 17:32:42,786 [INFO] NvicIntPanel:101 - NVIC parent = com.st.microxplorer.plugins.ip.nvic.MultiNvicIntPanel[,0,0,0x0,invalid,layout=javax.swing.BoxLayout,alignmentX=0.0,alignmentY=0.0,border=,flags=9,maximumSize=,minimumSize=,preferredSize=]
2025-07-22 17:32:47,146 [INFO] NvicIntPanel:101 - NVIC parent = com.st.microxplorer.plugins.ip.nvic.MultiNvicIntPanel[,0,0,0x0,invalid,layout=javax.swing.BoxLayout,alignmentX=0.0,alignmentY=0.0,border=,flags=9,maximumSize=,minimumSize=,preferredSize=]
2025-07-22 17:33:28,354 [INFO] UtilMem:75 - End SaveConfig() Used Memory: 969830672 Bytes (1073741824)
2025-07-22 17:33:28,433 [INFO] UtilMem:75 - End SaveConfig() Used Memory: 989753616 Bytes (1073741824)
2025-07-22 17:33:29,563 [INFO] UtilMem:75 - End SaveConfig() Used Memory: 882808040 Bytes (1073741824)
2025-07-22 17:33:30,149 [ERROR] IocParser:95 - Exception caught: Cannot invoke "java.lang.CharSequence.length()" because "this.text" is null
2025-07-22 17:33:30,833 [INFO] BlockDiagram:2775 - set Specific Code input for plugin: FREERTOS
2025-07-22 17:33:30,833 [INFO] BlockDiagram:2775 - set Specific Code input for plugin: FREERTOS
2025-07-22 17:33:30,833 [INFO] BlockDiagram:2775 - set Specific Code input for plugin: RCC
2025-07-22 17:33:30,833 [INFO] BlockDiagram:2775 - set Specific Code input for plugin: USART
2025-07-22 17:33:30,833 [INFO] BlockDiagram:2775 - set Specific Code input for plugin: MEMORYMAP
2025-07-22 17:33:30,833 [INFO] BlockDiagram:2775 - set Specific Code input for plugin: SYS
2025-07-22 17:33:30,833 [INFO] BlockDiagram:2775 - set Specific Code input for plugin: DMA
2025-07-22 17:33:30,833 [INFO] BlockDiagram:2775 - set Specific Code input for plugin: NVIC2
2025-07-22 17:33:30,833 [INFO] BlockDiagram:2775 - set Specific Code input for plugin: GPIO
2025-07-22 17:33:30,833 [INFO] BlockDiagram:2775 - set Specific Code input for plugin: SYS_M4
2025-07-22 17:33:30,833 [INFO] BlockDiagram:2775 - set Specific Code input for plugin: NUCLEO-H755ZI-Q
2025-07-22 17:33:30,833 [INFO] BlockDiagram:2775 - set Specific Code input for plugin: NVIC1
2025-07-22 17:33:30,834 [INFO] CodeGenerator:892 - code generatio: config db path: C:\ST\STM32CubeIDE_1.19.0\STM32CubeIDE\plugins\com.st.stm32cube.common.mx_6.15.0.202507011659\\db\
2025-07-22 17:33:30,889 [ERROR] CodeGenerator:10662 - The current RTOS owner has not been found in the list of IPs
2025-07-22 17:33:30,889 [ERROR] CodeGenerator:10662 - The current RTOS owner has not been found in the list of IPs
2025-07-22 17:33:30,891 [INFO] CodeGenerator:1619 - *******************Project context M7 selected
2025-07-22 17:33:30,945 [INFO] CodeEngine:265 - oldGeneratedFile, C:\Users\nicks\STM32CubeIDE\workspace_1.19.0\AFR\WAYPOINTIFICATION\MXTmpFiles\license.tmp_save
2025-07-22 17:33:31,168 [INFO] CodeEngine:289 - Generated code: C:\Users\nicks\STM32CubeIDE\workspace_1.19.0\AFR\WAYPOINTIFICATION\MXTmpFiles\license.tmp
2025-07-22 17:33:31,285 [INFO] CodeEngine:265 - oldGeneratedFile, C:\Users\nicks\STM32CubeIDE\workspace_1.19.0\AFR\WAYPOINTIFICATION\CM7\MXTmpFiles\gpio.tmp_save
2025-07-22 17:33:31,395 [INFO] CodeEngine:289 - Generated code: C:\Users\nicks\STM32CubeIDE\workspace_1.19.0\AFR\WAYPOINTIFICATION\CM7\MXTmpFiles\gpio.tmp
2025-07-22 17:33:31,536 [WARN] IPConfigManager:103 - WARNING: Missing Config File for MEMORYMAP ip!!
2025-07-22 17:33:31,622 [WARN] IPConfigManager:103 - WARNING: Missing Config File for NVIC1 ip!!
2025-07-22 17:33:31,726 [ERROR] CodeGenerator:10662 - The current RTOS owner has not been found in the list of IPs
2025-07-22 17:33:31,732 [INFO] CodeEngine:265 - oldGeneratedFile, C:\Users\nicks\STM32CubeIDE\workspace_1.19.0\AFR\WAYPOINTIFICATION\CM7\MXTmpFiles\cortex.tmp_save
2025-07-22 17:33:31,788 [INFO] CodeEngine:289 - Generated code: C:\Users\nicks\STM32CubeIDE\workspace_1.19.0\AFR\WAYPOINTIFICATION\CM7\MXTmpFiles\cortex.tmp
2025-07-22 17:33:31,819 [INFO] CodeEngine:265 - oldGeneratedFile, C:\Users\nicks\STM32CubeIDE\workspace_1.19.0\AFR\WAYPOINTIFICATION\CM7\MXTmpFiles\dma.tmp_save
2025-07-22 17:33:31,868 [INFO] CodeEngine:289 - Generated code: C:\Users\nicks\STM32CubeIDE\workspace_1.19.0\AFR\WAYPOINTIFICATION\CM7\MXTmpFiles\dma.tmp
2025-07-22 17:33:31,873 [INFO] CodeEngine:265 - oldGeneratedFile, C:\Users\nicks\STM32CubeIDE\workspace_1.19.0\AFR\WAYPOINTIFICATION\CM7\MXTmpFiles\dma_GV.tmp_save
2025-07-22 17:33:31,918 [INFO] CodeEngine:289 - Generated code: C:\Users\nicks\STM32CubeIDE\workspace_1.19.0\AFR\WAYPOINTIFICATION\CM7\MXTmpFiles\dma_GV.tmp
2025-07-22 17:33:31,933 [INFO] Middleware:1452 - No code input for Bsp Dependency
2025-07-22 17:33:31,939 [INFO] CodeEngine:265 - oldGeneratedFile, C:\Users\nicks\STM32CubeIDE\workspace_1.19.0\AFR\WAYPOINTIFICATION\CM7\MXTmpFiles\rtos_inc.tmp_save
2025-07-22 17:33:31,988 [INFO] CodeEngine:289 - Generated code: C:\Users\nicks\STM32CubeIDE\workspace_1.19.0\AFR\WAYPOINTIFICATION\CM7\MXTmpFiles\rtos_inc.tmp
2025-07-22 17:33:31,993 [INFO] CodeEngine:265 - oldGeneratedFile, C:\Users\nicks\STM32CubeIDE\workspace_1.19.0\AFR\WAYPOINTIFICATION\CM7\MXTmpFiles\rtos_kernelInit.tmp_save
2025-07-22 17:33:32,042 [INFO] CodeEngine:289 - Generated code: C:\Users\nicks\STM32CubeIDE\workspace_1.19.0\AFR\WAYPOINTIFICATION\CM7\MXTmpFiles\rtos_kernelInit.tmp
2025-07-22 17:33:32,047 [INFO] CodeEngine:265 - oldGeneratedFile, C:\Users\nicks\STM32CubeIDE\workspace_1.19.0\AFR\WAYPOINTIFICATION\CM7\MXTmpFiles\rtos_kernelStart.tmp_save
2025-07-22 17:33:32,098 [INFO] CodeEngine:289 - Generated code: C:\Users\nicks\STM32CubeIDE\workspace_1.19.0\AFR\WAYPOINTIFICATION\CM7\MXTmpFiles\rtos_kernelStart.tmp
2025-07-22 17:33:32,103 [INFO] CodeEngine:265 - oldGeneratedFile, C:\Users\nicks\STM32CubeIDE\workspace_1.19.0\AFR\WAYPOINTIFICATION\CM7\MXTmpFiles\rtos_typedefs.tmp_save
2025-07-22 17:33:32,145 [INFO] CodeEngine:289 - Generated code: C:\Users\nicks\STM32CubeIDE\workspace_1.19.0\AFR\WAYPOINTIFICATION\CM7\MXTmpFiles\rtos_typedefs.tmp
2025-07-22 17:33:32,149 [INFO] CodeEngine:265 - oldGeneratedFile, C:\Users\nicks\STM32CubeIDE\workspace_1.19.0\AFR\WAYPOINTIFICATION\CM7\MXTmpFiles\rtos_vars.tmp_save
2025-07-22 17:33:32,191 [INFO] CodeEngine:289 - Generated code: C:\Users\nicks\STM32CubeIDE\workspace_1.19.0\AFR\WAYPOINTIFICATION\CM7\MXTmpFiles\rtos_vars.tmp
2025-07-22 17:33:32,196 [INFO] CodeEngine:265 - oldGeneratedFile, C:\Users\nicks\STM32CubeIDE\workspace_1.19.0\AFR\WAYPOINTIFICATION\CM7\MXTmpFiles\rtos_pfp.tmp_save
2025-07-22 17:33:32,243 [INFO] CodeEngine:289 - Generated code: C:\Users\nicks\STM32CubeIDE\workspace_1.19.0\AFR\WAYPOINTIFICATION\CM7\MXTmpFiles\rtos_pfp.tmp
2025-07-22 17:33:32,247 [INFO] CodeEngine:265 - oldGeneratedFile, C:\Users\nicks\STM32CubeIDE\workspace_1.19.0\AFR\WAYPOINTIFICATION\CM7\MXTmpFiles\rtos_obj_creat.tmp_save
2025-07-22 17:33:32,294 [INFO] CodeEngine:289 - Generated code: C:\Users\nicks\STM32CubeIDE\workspace_1.19.0\AFR\WAYPOINTIFICATION\CM7\MXTmpFiles\rtos_obj_creat.tmp
2025-07-22 17:33:32,298 [INFO] CodeEngine:265 - oldGeneratedFile, C:\Users\nicks\STM32CubeIDE\workspace_1.19.0\AFR\WAYPOINTIFICATION\CM7\MXTmpFiles\rtos_default_thread.tmp_save
2025-07-22 17:33:32,341 [INFO] CodeEngine:289 - Generated code: C:\Users\nicks\STM32CubeIDE\workspace_1.19.0\AFR\WAYPOINTIFICATION\CM7\MXTmpFiles\rtos_default_thread.tmp
2025-07-22 17:33:32,346 [INFO] CodeEngine:265 - oldGeneratedFile, C:\Users\nicks\STM32CubeIDE\workspace_1.19.0\AFR\WAYPOINTIFICATION\CM7\MXTmpFiles\rtos_threads.tmp_save
2025-07-22 17:33:32,385 [INFO] CodeEngine:289 - Generated code: C:\Users\nicks\STM32CubeIDE\workspace_1.19.0\AFR\WAYPOINTIFICATION\CM7\MXTmpFiles\rtos_threads.tmp
2025-07-22 17:33:32,390 [INFO] CodeEngine:265 - oldGeneratedFile, C:\Users\nicks\STM32CubeIDE\workspace_1.19.0\AFR\WAYPOINTIFICATION\CM7\Core\Inc\FreeRTOSConfig.h_save
2025-07-22 17:33:32,451 [INFO] CodeEngine:289 - Generated code: C:\Users\nicks\STM32CubeIDE\workspace_1.19.0\AFR\WAYPOINTIFICATION\CM7\Core\Inc\FreeRTOSConfig.h
2025-07-22 17:33:32,457 [INFO] CodeEngine:265 - oldGeneratedFile, C:\Users\nicks\STM32CubeIDE\workspace_1.19.0\AFR\WAYPOINTIFICATION\CM7\Core\Src\freertos.c_save
2025-07-22 17:33:32,507 [INFO] CodeEngine:289 - Generated code: C:\Users\nicks\STM32CubeIDE\workspace_1.19.0\AFR\WAYPOINTIFICATION\CM7\Core\Src\freertos.c
2025-07-22 17:33:32,531 [INFO] CodeEngine:265 - oldGeneratedFile, C:\Users\nicks\STM32CubeIDE\workspace_1.19.0\AFR\WAYPOINTIFICATION\CM7\Core\Inc\stm32h7xx_nucleo_conf.h_save
2025-07-22 17:33:32,577 [INFO] CodeEngine:289 - Generated code: C:\Users\nicks\STM32CubeIDE\workspace_1.19.0\AFR\WAYPOINTIFICATION\CM7\Core\Inc\stm32h7xx_nucleo_conf.h
2025-07-22 17:33:32,582 [INFO] CodeEngine:265 - oldGeneratedFile, C:\Users\nicks\STM32CubeIDE\workspace_1.19.0\AFR\WAYPOINTIFICATION\CM7\MXTmpFiles\bsp_inc.tmp_save
2025-07-22 17:33:32,624 [INFO] CodeEngine:289 - Generated code: C:\Users\nicks\STM32CubeIDE\workspace_1.19.0\AFR\WAYPOINTIFICATION\CM7\MXTmpFiles\bsp_inc.tmp
2025-07-22 17:33:32,630 [INFO] CodeEngine:265 - oldGeneratedFile, C:\Users\nicks\STM32CubeIDE\workspace_1.19.0\AFR\WAYPOINTIFICATION\CM7\MXTmpFiles\bsp_common_vars.tmp_save
2025-07-22 17:33:32,670 [INFO] CodeEngine:289 - Generated code: C:\Users\nicks\STM32CubeIDE\workspace_1.19.0\AFR\WAYPOINTIFICATION\CM7\MXTmpFiles\bsp_common_vars.tmp
2025-07-22 17:33:32,675 [INFO] CodeEngine:265 - oldGeneratedFile, C:\Users\nicks\STM32CubeIDE\workspace_1.19.0\AFR\WAYPOINTIFICATION\CM7\MXTmpFiles\bsp_common_init.tmp_save
2025-07-22 17:33:32,714 [INFO] CodeEngine:289 - Generated code: C:\Users\nicks\STM32CubeIDE\workspace_1.19.0\AFR\WAYPOINTIFICATION\CM7\MXTmpFiles\bsp_common_init.tmp
2025-07-22 17:33:32,719 [INFO] CodeEngine:265 - oldGeneratedFile, C:\Users\nicks\STM32CubeIDE\workspace_1.19.0\AFR\WAYPOINTIFICATION\CM7\MXTmpFiles\bsp_common_demo_before_while.tmp_save
2025-07-22 17:33:32,761 [INFO] CodeEngine:289 - Generated code: C:\Users\nicks\STM32CubeIDE\workspace_1.19.0\AFR\WAYPOINTIFICATION\CM7\MXTmpFiles\bsp_common_demo_before_while.tmp
2025-07-22 17:33:32,766 [INFO] CodeEngine:265 - oldGeneratedFile, C:\Users\nicks\STM32CubeIDE\workspace_1.19.0\AFR\WAYPOINTIFICATION\CM7\MXTmpFiles\bsp_common_demo_inside_while.tmp_save
2025-07-22 17:33:32,808 [INFO] CodeEngine:289 - Generated code: C:\Users\nicks\STM32CubeIDE\workspace_1.19.0\AFR\WAYPOINTIFICATION\CM7\MXTmpFiles\bsp_common_demo_inside_while.tmp
2025-07-22 17:33:32,812 [INFO] CodeEngine:265 - oldGeneratedFile, C:\Users\nicks\STM32CubeIDE\workspace_1.19.0\AFR\WAYPOINTIFICATION\CM7\MXTmpFiles\bsp_common_demo_fct.tmp_save
2025-07-22 17:33:32,853 [INFO] CodeEngine:289 - Generated code: C:\Users\nicks\STM32CubeIDE\workspace_1.19.0\AFR\WAYPOINTIFICATION\CM7\MXTmpFiles\bsp_common_demo_fct.tmp
2025-07-22 17:33:32,873 [INFO] CodeEngine:265 - oldGeneratedFile, C:\Users\nicks\STM32CubeIDE\workspace_1.19.0\AFR\WAYPOINTIFICATION\CM7\Core\Src\stm32h7xx_it.c_save
2025-07-22 17:33:32,944 [INFO] CodeEngine:289 - Generated code: C:\Users\nicks\STM32CubeIDE\workspace_1.19.0\AFR\WAYPOINTIFICATION\CM7\Core\Src\stm32h7xx_it.c
2025-07-22 17:33:32,950 [INFO] CodeEngine:265 - oldGeneratedFile, C:\Users\nicks\STM32CubeIDE\workspace_1.19.0\AFR\WAYPOINTIFICATION\CM7\Core\Inc\stm32h7xx_it.h_save
2025-07-22 17:33:32,998 [INFO] CodeEngine:289 - Generated code: C:\Users\nicks\STM32CubeIDE\workspace_1.19.0\AFR\WAYPOINTIFICATION\CM7\Core\Inc\stm32h7xx_it.h
2025-07-22 17:33:33,080 [INFO] CodeEngine:265 - oldGeneratedFile, C:\Users\nicks\STM32CubeIDE\workspace_1.19.0\AFR\WAYPOINTIFICATION\CM7\Core\Src\stm32h7xx_hal_msp.c_save
2025-07-22 17:33:33,163 [INFO] CodeEngine:289 - Generated code: C:\Users\nicks\STM32CubeIDE\workspace_1.19.0\AFR\WAYPOINTIFICATION\CM7\Core\Src\stm32h7xx_hal_msp.c
2025-07-22 17:33:33,168 [INFO] CodeEngine:265 - oldGeneratedFile, C:\Users\nicks\STM32CubeIDE\workspace_1.19.0\AFR\WAYPOINTIFICATION\CM7\MXTmpFiles\system.tmp_save
2025-07-22 17:33:33,209 [INFO] CodeEngine:289 - Generated code: C:\Users\nicks\STM32CubeIDE\workspace_1.19.0\AFR\WAYPOINTIFICATION\CM7\MXTmpFiles\system.tmp
2025-07-22 17:33:33,221 [INFO] CodeEngine:321 - oldGeneratedFile, C:\Users\nicks\STM32CubeIDE\workspace_1.19.0\AFR\WAYPOINTIFICATION\CM7\Core\Inc\stm32h7xx_hal_conf.h_save
2025-07-22 17:33:33,267 [INFO] CodeEngine:345 - Generated code: C:\Users\nicks\STM32CubeIDE\workspace_1.19.0\AFR\WAYPOINTIFICATION\CM7\Core\Inc\stm32h7xx_hal_conf.h
2025-07-22 17:33:33,306 [INFO] ApiDbMcu:532 - Load IP Config File for USART2
2025-07-22 17:33:33,309 [INFO] ApiDbMcu:532 - Load IP Config File for RCC
2025-07-22 17:33:33,311 [WARN] IPConfigManager:3811 - IP not found : NVIC
2025-07-22 17:33:33,313 [WARN] CodeGenerator:4259 - IP not found : null
2025-07-22 17:33:33,320 [INFO] CodeEngine:265 - oldGeneratedFile, C:\Users\nicks\STM32CubeIDE\workspace_1.19.0\AFR\WAYPOINTIFICATION\CM7\Core\Inc\main.h_save
2025-07-22 17:33:33,386 [INFO] CodeEngine:289 - Generated code: C:\Users\nicks\STM32CubeIDE\workspace_1.19.0\AFR\WAYPOINTIFICATION\CM7\Core\Inc\main.h
2025-07-22 17:33:33,392 [INFO] CodeEngine:265 - oldGeneratedFile, C:\Users\nicks\STM32CubeIDE\workspace_1.19.0\AFR\WAYPOINTIFICATION\CM7\Core\Src\main.c_save
2025-07-22 17:33:33,494 [INFO] CodeEngine:289 - Generated code: C:\Users\nicks\STM32CubeIDE\workspace_1.19.0\AFR\WAYPOINTIFICATION\CM7\Core\Src\main.c
2025-07-22 17:33:33,537 [INFO] CodeGenerator:1619 - *******************Project context M4 selected
2025-07-22 17:33:33,579 [INFO] CodeEngine:265 - oldGeneratedFile, C:\Users\nicks\STM32CubeIDE\workspace_1.19.0\AFR\WAYPOINTIFICATION\MXTmpFiles\license.tmp_save
2025-07-22 17:33:33,624 [INFO] CodeEngine:289 - Generated code: C:\Users\nicks\STM32CubeIDE\workspace_1.19.0\AFR\WAYPOINTIFICATION\MXTmpFiles\license.tmp
2025-07-22 17:33:33,645 [WARN] IPConfigManager:103 - WARNING: Missing Config File for NVIC2 ip!!
2025-07-22 17:33:33,648 [ERROR] CodeGenerator:10662 - The current RTOS owner has not been found in the list of IPs
2025-07-22 17:33:33,654 [INFO] CodeEngine:265 - oldGeneratedFile, C:\Users\nicks\STM32CubeIDE\workspace_1.19.0\AFR\WAYPOINTIFICATION\CM4\MXTmpFiles\cortex.tmp_save
2025-07-22 17:33:33,694 [INFO] CodeEngine:289 - Generated code: C:\Users\nicks\STM32CubeIDE\workspace_1.19.0\AFR\WAYPOINTIFICATION\CM4\MXTmpFiles\cortex.tmp
2025-07-22 17:33:33,705 [INFO] CodeEngine:265 - oldGeneratedFile, C:\Users\nicks\STM32CubeIDE\workspace_1.19.0\AFR\WAYPOINTIFICATION\CM4\MXTmpFiles\dma.tmp_save
2025-07-22 17:33:33,750 [INFO] CodeEngine:289 - Generated code: C:\Users\nicks\STM32CubeIDE\workspace_1.19.0\AFR\WAYPOINTIFICATION\CM4\MXTmpFiles\dma.tmp
2025-07-22 17:33:33,755 [INFO] CodeEngine:265 - oldGeneratedFile, C:\Users\nicks\STM32CubeIDE\workspace_1.19.0\AFR\WAYPOINTIFICATION\CM4\MXTmpFiles\dma_GV.tmp_save
2025-07-22 17:33:33,796 [INFO] CodeEngine:289 - Generated code: C:\Users\nicks\STM32CubeIDE\workspace_1.19.0\AFR\WAYPOINTIFICATION\CM4\MXTmpFiles\dma_GV.tmp
2025-07-22 17:33:33,815 [INFO] Middleware:1452 - No code input for Bsp Dependency
2025-07-22 17:33:33,822 [INFO] CodeEngine:265 - oldGeneratedFile, C:\Users\nicks\STM32CubeIDE\workspace_1.19.0\AFR\WAYPOINTIFICATION\CM4\MXTmpFiles\rtos_inc.tmp_save
2025-07-22 17:33:33,860 [INFO] CodeEngine:289 - Generated code: C:\Users\nicks\STM32CubeIDE\workspace_1.19.0\AFR\WAYPOINTIFICATION\CM4\MXTmpFiles\rtos_inc.tmp
2025-07-22 17:33:33,865 [INFO] CodeEngine:265 - oldGeneratedFile, C:\Users\nicks\STM32CubeIDE\workspace_1.19.0\AFR\WAYPOINTIFICATION\CM4\MXTmpFiles\rtos_kernelInit.tmp_save
2025-07-22 17:33:33,904 [INFO] CodeEngine:289 - Generated code: C:\Users\nicks\STM32CubeIDE\workspace_1.19.0\AFR\WAYPOINTIFICATION\CM4\MXTmpFiles\rtos_kernelInit.tmp
2025-07-22 17:33:33,908 [INFO] CodeEngine:265 - oldGeneratedFile, C:\Users\nicks\STM32CubeIDE\workspace_1.19.0\AFR\WAYPOINTIFICATION\CM4\MXTmpFiles\rtos_kernelStart.tmp_save
2025-07-22 17:33:33,947 [INFO] CodeEngine:289 - Generated code: C:\Users\nicks\STM32CubeIDE\workspace_1.19.0\AFR\WAYPOINTIFICATION\CM4\MXTmpFiles\rtos_kernelStart.tmp
2025-07-22 17:33:33,951 [INFO] CodeEngine:265 - oldGeneratedFile, C:\Users\nicks\STM32CubeIDE\workspace_1.19.0\AFR\WAYPOINTIFICATION\CM4\MXTmpFiles\rtos_typedefs.tmp_save
2025-07-22 17:33:33,993 [INFO] CodeEngine:289 - Generated code: C:\Users\nicks\STM32CubeIDE\workspace_1.19.0\AFR\WAYPOINTIFICATION\CM4\MXTmpFiles\rtos_typedefs.tmp
2025-07-22 17:33:33,997 [INFO] CodeEngine:265 - oldGeneratedFile, C:\Users\nicks\STM32CubeIDE\workspace_1.19.0\AFR\WAYPOINTIFICATION\CM4\MXTmpFiles\rtos_vars.tmp_save
2025-07-22 17:33:34,039 [INFO] CodeEngine:289 - Generated code: C:\Users\nicks\STM32CubeIDE\workspace_1.19.0\AFR\WAYPOINTIFICATION\CM4\MXTmpFiles\rtos_vars.tmp
2025-07-22 17:33:34,044 [INFO] CodeEngine:265 - oldGeneratedFile, C:\Users\nicks\STM32CubeIDE\workspace_1.19.0\AFR\WAYPOINTIFICATION\CM4\MXTmpFiles\rtos_pfp.tmp_save
2025-07-22 17:33:34,082 [INFO] CodeEngine:289 - Generated code: C:\Users\nicks\STM32CubeIDE\workspace_1.19.0\AFR\WAYPOINTIFICATION\CM4\MXTmpFiles\rtos_pfp.tmp
2025-07-22 17:33:34,086 [INFO] CodeEngine:265 - oldGeneratedFile, C:\Users\nicks\STM32CubeIDE\workspace_1.19.0\AFR\WAYPOINTIFICATION\CM4\MXTmpFiles\rtos_obj_creat.tmp_save
2025-07-22 17:33:34,129 [INFO] CodeEngine:289 - Generated code: C:\Users\nicks\STM32CubeIDE\workspace_1.19.0\AFR\WAYPOINTIFICATION\CM4\MXTmpFiles\rtos_obj_creat.tmp
2025-07-22 17:33:34,133 [INFO] CodeEngine:265 - oldGeneratedFile, C:\Users\nicks\STM32CubeIDE\workspace_1.19.0\AFR\WAYPOINTIFICATION\CM4\MXTmpFiles\rtos_default_thread.tmp_save
2025-07-22 17:33:34,176 [INFO] CodeEngine:289 - Generated code: C:\Users\nicks\STM32CubeIDE\workspace_1.19.0\AFR\WAYPOINTIFICATION\CM4\MXTmpFiles\rtos_default_thread.tmp
2025-07-22 17:33:34,180 [INFO] CodeEngine:265 - oldGeneratedFile, C:\Users\nicks\STM32CubeIDE\workspace_1.19.0\AFR\WAYPOINTIFICATION\CM4\MXTmpFiles\rtos_threads.tmp_save
2025-07-22 17:33:34,221 [INFO] CodeEngine:289 - Generated code: C:\Users\nicks\STM32CubeIDE\workspace_1.19.0\AFR\WAYPOINTIFICATION\CM4\MXTmpFiles\rtos_threads.tmp
2025-07-22 17:33:34,227 [INFO] CodeEngine:265 - oldGeneratedFile, C:\Users\nicks\STM32CubeIDE\workspace_1.19.0\AFR\WAYPOINTIFICATION\CM4\Core\Inc\FreeRTOSConfig.h_save
2025-07-22 17:33:34,279 [INFO] CodeEngine:289 - Generated code: C:\Users\nicks\STM32CubeIDE\workspace_1.19.0\AFR\WAYPOINTIFICATION\CM4\Core\Inc\FreeRTOSConfig.h
2025-07-22 17:33:34,285 [INFO] CodeEngine:265 - oldGeneratedFile, C:\Users\nicks\STM32CubeIDE\workspace_1.19.0\AFR\WAYPOINTIFICATION\CM4\Core\Src\freertos.c_save
2025-07-22 17:33:34,330 [INFO] CodeEngine:289 - Generated code: C:\Users\nicks\STM32CubeIDE\workspace_1.19.0\AFR\WAYPOINTIFICATION\CM4\Core\Src\freertos.c
2025-07-22 17:33:34,354 [INFO] CodeEngine:265 - oldGeneratedFile, C:\Users\nicks\STM32CubeIDE\workspace_1.19.0\AFR\WAYPOINTIFICATION\CM4\Core\Inc\stm32h7xx_nucleo_conf.h_save
2025-07-22 17:33:34,395 [INFO] CodeEngine:289 - Generated code: C:\Users\nicks\STM32CubeIDE\workspace_1.19.0\AFR\WAYPOINTIFICATION\CM4\Core\Inc\stm32h7xx_nucleo_conf.h
2025-07-22 17:33:34,400 [INFO] CodeEngine:265 - oldGeneratedFile, C:\Users\nicks\STM32CubeIDE\workspace_1.19.0\AFR\WAYPOINTIFICATION\CM4\MXTmpFiles\bsp_inc.tmp_save
2025-07-22 17:33:34,438 [INFO] CodeEngine:289 - Generated code: C:\Users\nicks\STM32CubeIDE\workspace_1.19.0\AFR\WAYPOINTIFICATION\CM4\MXTmpFiles\bsp_inc.tmp
2025-07-22 17:33:34,455 [INFO] CodeEngine:265 - oldGeneratedFile, C:\Users\nicks\STM32CubeIDE\workspace_1.19.0\AFR\WAYPOINTIFICATION\CM4\Core\Src\stm32h7xx_it.c_save
2025-07-22 17:33:34,504 [INFO] CodeEngine:289 - Generated code: C:\Users\nicks\STM32CubeIDE\workspace_1.19.0\AFR\WAYPOINTIFICATION\CM4\Core\Src\stm32h7xx_it.c
2025-07-22 17:33:34,510 [INFO] CodeEngine:265 - oldGeneratedFile, C:\Users\nicks\STM32CubeIDE\workspace_1.19.0\AFR\WAYPOINTIFICATION\CM4\Core\Inc\stm32h7xx_it.h_save
2025-07-22 17:33:34,550 [INFO] CodeEngine:289 - Generated code: C:\Users\nicks\STM32CubeIDE\workspace_1.19.0\AFR\WAYPOINTIFICATION\CM4\Core\Inc\stm32h7xx_it.h
2025-07-22 17:33:34,573 [INFO] CodeEngine:265 - oldGeneratedFile, C:\Users\nicks\STM32CubeIDE\workspace_1.19.0\AFR\WAYPOINTIFICATION\CM4\Core\Src\stm32h7xx_hal_msp.c_save
2025-07-22 17:33:34,631 [INFO] CodeEngine:289 - Generated code: C:\Users\nicks\STM32CubeIDE\workspace_1.19.0\AFR\WAYPOINTIFICATION\CM4\Core\Src\stm32h7xx_hal_msp.c
2025-07-22 17:33:34,635 [INFO] CodeEngine:265 - oldGeneratedFile, C:\Users\nicks\STM32CubeIDE\workspace_1.19.0\AFR\WAYPOINTIFICATION\CM4\MXTmpFiles\system.tmp_save
2025-07-22 17:33:34,673 [INFO] CodeEngine:289 - Generated code: C:\Users\nicks\STM32CubeIDE\workspace_1.19.0\AFR\WAYPOINTIFICATION\CM4\MXTmpFiles\system.tmp
2025-07-22 17:33:34,683 [INFO] CodeEngine:321 - oldGeneratedFile, C:\Users\nicks\STM32CubeIDE\workspace_1.19.0\AFR\WAYPOINTIFICATION\CM4\Core\Inc\stm32h7xx_hal_conf.h_save
2025-07-22 17:33:34,728 [INFO] CodeEngine:345 - Generated code: C:\Users\nicks\STM32CubeIDE\workspace_1.19.0\AFR\WAYPOINTIFICATION\CM4\Core\Inc\stm32h7xx_hal_conf.h
2025-07-22 17:33:34,739 [WARN] IPConfigManager:3811 - IP not found : NVIC
2025-07-22 17:33:34,740 [WARN] CodeGenerator:4259 - IP not found : null
2025-07-22 17:33:34,747 [INFO] CodeEngine:265 - oldGeneratedFile, C:\Users\nicks\STM32CubeIDE\workspace_1.19.0\AFR\WAYPOINTIFICATION\CM4\Core\Inc\main.h_save
2025-07-22 17:33:34,793 [INFO] CodeEngine:289 - Generated code: C:\Users\nicks\STM32CubeIDE\workspace_1.19.0\AFR\WAYPOINTIFICATION\CM4\Core\Inc\main.h
2025-07-22 17:33:34,799 [INFO] CodeEngine:265 - oldGeneratedFile, C:\Users\nicks\STM32CubeIDE\workspace_1.19.0\AFR\WAYPOINTIFICATION\CM4\Core\Src\main.c_save
2025-07-22 17:33:34,869 [INFO] CodeEngine:289 - Generated code: C:\Users\nicks\STM32CubeIDE\workspace_1.19.0\AFR\WAYPOINTIFICATION\CM4\Core\Src\main.c
2025-07-22 17:33:35,268 [INFO] ProjectBuilder:3606 - Time for Copy HAL[1] : 248mS.
2025-07-22 17:33:35,285 [INFO] ProjectBuilder:5216 - Project Generator version: 4.7.0-B52
2025-07-22 17:33:35,342 [INFO] ConfigFileManager:1595 - The Die is : DIE450
2025-07-22 17:33:36,038 [INFO] LogOutputStream:77 - [STDOUT_REDIRECT] 
2025-07-22 17:33:41,360 [INFO] ProjectBuilder:5496 - Time for Generating toolchain IDE Files: 6075mS.
2025-07-22 17:33:41,361 [INFO] ProjectBuilder:3463 - Time for Copy CMSIS : 1mS.
2025-07-22 17:33:41,367 [INFO] ProjectBuilder:3463 - Time for Copy CMSIS : 0mS.
2025-07-22 20:01:27,144 [INFO] NvicIntPanel:101 - NVIC parent = com.st.microxplorer.plugins.ip.nvic.MultiNvicIntPanel[,0,0,0x0,invalid,layout=javax.swing.BoxLayout,alignmentX=0.0,alignmentY=0.0,border=,flags=9,maximumSize=,minimumSize=,preferredSize=]
2025-07-22 20:01:29,513 [INFO] UtilMem:75 - End SaveConfig() Used Memory: 962597136 Bytes (1073741824)
2025-07-22 20:01:29,624 [INFO] UtilMem:75 - End SaveConfig() Used Memory: 1005588752 Bytes (1073741824)
2025-07-22 20:01:30,210 [INFO] UtilMem:75 - End SaveConfig() Used Memory: 509858064 Bytes (1073741824)
2025-07-22 20:01:31,343 [INFO] BlockDiagram:2775 - set Specific Code input for plugin: FREERTOS
2025-07-22 20:01:31,344 [INFO] BlockDiagram:2775 - set Specific Code input for plugin: FREERTOS
2025-07-22 20:01:31,344 [INFO] BlockDiagram:2775 - set Specific Code input for plugin: RCC
2025-07-22 20:01:31,344 [INFO] BlockDiagram:2775 - set Specific Code input for plugin: USART
2025-07-22 20:01:31,344 [INFO] BlockDiagram:2775 - set Specific Code input for plugin: MEMORYMAP
2025-07-22 20:01:31,344 [INFO] BlockDiagram:2775 - set Specific Code input for plugin: SYS
2025-07-22 20:01:31,344 [INFO] BlockDiagram:2775 - set Specific Code input for plugin: DMA
2025-07-22 20:01:31,344 [INFO] BlockDiagram:2775 - set Specific Code input for plugin: NVIC2
2025-07-22 20:01:31,344 [INFO] BlockDiagram:2775 - set Specific Code input for plugin: GPIO
2025-07-22 20:01:31,344 [INFO] BlockDiagram:2775 - set Specific Code input for plugin: SYS_M4
2025-07-22 20:01:31,344 [INFO] BlockDiagram:2775 - set Specific Code input for plugin: NUCLEO-H755ZI-Q
2025-07-22 20:01:31,344 [INFO] BlockDiagram:2775 - set Specific Code input for plugin: NVIC1
2025-07-22 20:01:31,345 [INFO] CodeGenerator:892 - code generatio: config db path: C:\ST\STM32CubeIDE_1.19.0\STM32CubeIDE\plugins\com.st.stm32cube.common.mx_6.15.0.202507011659\\db\
2025-07-22 20:01:31,388 [ERROR] CodeGenerator:10662 - The current RTOS owner has not been found in the list of IPs
2025-07-22 20:01:31,388 [ERROR] CodeGenerator:10662 - The current RTOS owner has not been found in the list of IPs
2025-07-22 20:01:31,388 [INFO] CodeGenerator:1619 - *******************Project context M7 selected
2025-07-22 20:01:31,402 [ERROR] IocParser:95 - Exception caught: Cannot invoke "java.lang.CharSequence.length()" because "this.text" is null
2025-07-22 20:01:31,434 [INFO] CodeEngine:265 - oldGeneratedFile, C:\Users\nicks\STM32CubeIDE\workspace_1.19.0\AFR\WAYPOINTIFICATION\MXTmpFiles\license.tmp_save
2025-07-22 20:01:31,590 [INFO] CodeEngine:289 - Generated code: C:\Users\nicks\STM32CubeIDE\workspace_1.19.0\AFR\WAYPOINTIFICATION\MXTmpFiles\license.tmp
2025-07-22 20:01:31,642 [INFO] CodeEngine:265 - oldGeneratedFile, C:\Users\nicks\STM32CubeIDE\workspace_1.19.0\AFR\WAYPOINTIFICATION\CM7\MXTmpFiles\gpio.tmp_save
2025-07-22 20:01:31,719 [INFO] CodeEngine:289 - Generated code: C:\Users\nicks\STM32CubeIDE\workspace_1.19.0\AFR\WAYPOINTIFICATION\CM7\MXTmpFiles\gpio.tmp
2025-07-22 20:01:31,816 [WARN] IPConfigManager:103 - WARNING: Missing Config File for MEMORYMAP ip!!
2025-07-22 20:01:31,896 [WARN] IPConfigManager:103 - WARNING: Missing Config File for NVIC1 ip!!
2025-07-22 20:01:31,990 [ERROR] CodeGenerator:10662 - The current RTOS owner has not been found in the list of IPs
2025-07-22 20:01:31,995 [INFO] CodeEngine:265 - oldGeneratedFile, C:\Users\nicks\STM32CubeIDE\workspace_1.19.0\AFR\WAYPOINTIFICATION\CM7\MXTmpFiles\cortex.tmp_save
2025-07-22 20:01:32,051 [INFO] CodeEngine:289 - Generated code: C:\Users\nicks\STM32CubeIDE\workspace_1.19.0\AFR\WAYPOINTIFICATION\CM7\MXTmpFiles\cortex.tmp
2025-07-22 20:01:32,072 [INFO] CodeEngine:265 - oldGeneratedFile, C:\Users\nicks\STM32CubeIDE\workspace_1.19.0\AFR\WAYPOINTIFICATION\CM7\MXTmpFiles\dma.tmp_save
2025-07-22 20:01:32,120 [INFO] CodeEngine:289 - Generated code: C:\Users\nicks\STM32CubeIDE\workspace_1.19.0\AFR\WAYPOINTIFICATION\CM7\MXTmpFiles\dma.tmp
2025-07-22 20:01:32,125 [INFO] CodeEngine:265 - oldGeneratedFile, C:\Users\nicks\STM32CubeIDE\workspace_1.19.0\AFR\WAYPOINTIFICATION\CM7\MXTmpFiles\dma_GV.tmp_save
2025-07-22 20:01:32,166 [INFO] CodeEngine:289 - Generated code: C:\Users\nicks\STM32CubeIDE\workspace_1.19.0\AFR\WAYPOINTIFICATION\CM7\MXTmpFiles\dma_GV.tmp
2025-07-22 20:01:32,181 [INFO] Middleware:1452 - No code input for Bsp Dependency
2025-07-22 20:01:32,187 [INFO] CodeEngine:265 - oldGeneratedFile, C:\Users\nicks\STM32CubeIDE\workspace_1.19.0\AFR\WAYPOINTIFICATION\CM7\MXTmpFiles\rtos_inc.tmp_save
2025-07-22 20:01:32,226 [INFO] CodeEngine:289 - Generated code: C:\Users\nicks\STM32CubeIDE\workspace_1.19.0\AFR\WAYPOINTIFICATION\CM7\MXTmpFiles\rtos_inc.tmp
2025-07-22 20:01:32,231 [INFO] CodeEngine:265 - oldGeneratedFile, C:\Users\nicks\STM32CubeIDE\workspace_1.19.0\AFR\WAYPOINTIFICATION\CM7\MXTmpFiles\rtos_kernelInit.tmp_save
2025-07-22 20:01:32,273 [INFO] CodeEngine:289 - Generated code: C:\Users\nicks\STM32CubeIDE\workspace_1.19.0\AFR\WAYPOINTIFICATION\CM7\MXTmpFiles\rtos_kernelInit.tmp
2025-07-22 20:01:32,277 [INFO] CodeEngine:265 - oldGeneratedFile, C:\Users\nicks\STM32CubeIDE\workspace_1.19.0\AFR\WAYPOINTIFICATION\CM7\MXTmpFiles\rtos_kernelStart.tmp_save
2025-07-22 20:01:32,324 [INFO] CodeEngine:289 - Generated code: C:\Users\nicks\STM32CubeIDE\workspace_1.19.0\AFR\WAYPOINTIFICATION\CM7\MXTmpFiles\rtos_kernelStart.tmp
2025-07-22 20:01:32,328 [INFO] CodeEngine:265 - oldGeneratedFile, C:\Users\nicks\STM32CubeIDE\workspace_1.19.0\AFR\WAYPOINTIFICATION\CM7\MXTmpFiles\rtos_typedefs.tmp_save
2025-07-22 20:01:32,369 [INFO] CodeEngine:289 - Generated code: C:\Users\nicks\STM32CubeIDE\workspace_1.19.0\AFR\WAYPOINTIFICATION\CM7\MXTmpFiles\rtos_typedefs.tmp
2025-07-22 20:01:32,374 [INFO] CodeEngine:265 - oldGeneratedFile, C:\Users\nicks\STM32CubeIDE\workspace_1.19.0\AFR\WAYPOINTIFICATION\CM7\MXTmpFiles\rtos_vars.tmp_save
2025-07-22 20:01:32,416 [INFO] CodeEngine:289 - Generated code: C:\Users\nicks\STM32CubeIDE\workspace_1.19.0\AFR\WAYPOINTIFICATION\CM7\MXTmpFiles\rtos_vars.tmp
2025-07-22 20:01:32,421 [INFO] CodeEngine:265 - oldGeneratedFile, C:\Users\nicks\STM32CubeIDE\workspace_1.19.0\AFR\WAYPOINTIFICATION\CM7\MXTmpFiles\rtos_pfp.tmp_save
2025-07-22 20:01:32,462 [INFO] CodeEngine:289 - Generated code: C:\Users\nicks\STM32CubeIDE\workspace_1.19.0\AFR\WAYPOINTIFICATION\CM7\MXTmpFiles\rtos_pfp.tmp
2025-07-22 20:01:32,466 [INFO] CodeEngine:265 - oldGeneratedFile, C:\Users\nicks\STM32CubeIDE\workspace_1.19.0\AFR\WAYPOINTIFICATION\CM7\MXTmpFiles\rtos_obj_creat.tmp_save
2025-07-22 20:01:32,506 [INFO] CodeEngine:289 - Generated code: C:\Users\nicks\STM32CubeIDE\workspace_1.19.0\AFR\WAYPOINTIFICATION\CM7\MXTmpFiles\rtos_obj_creat.tmp
2025-07-22 20:01:32,511 [INFO] CodeEngine:265 - oldGeneratedFile, C:\Users\nicks\STM32CubeIDE\workspace_1.19.0\AFR\WAYPOINTIFICATION\CM7\MXTmpFiles\rtos_default_thread.tmp_save
2025-07-22 20:01:32,551 [INFO] CodeEngine:289 - Generated code: C:\Users\nicks\STM32CubeIDE\workspace_1.19.0\AFR\WAYPOINTIFICATION\CM7\MXTmpFiles\rtos_default_thread.tmp
2025-07-22 20:01:32,555 [INFO] CodeEngine:265 - oldGeneratedFile, C:\Users\nicks\STM32CubeIDE\workspace_1.19.0\AFR\WAYPOINTIFICATION\CM7\MXTmpFiles\rtos_threads.tmp_save
2025-07-22 20:01:32,594 [INFO] CodeEngine:289 - Generated code: C:\Users\nicks\STM32CubeIDE\workspace_1.19.0\AFR\WAYPOINTIFICATION\CM7\MXTmpFiles\rtos_threads.tmp
2025-07-22 20:01:32,600 [INFO] CodeEngine:265 - oldGeneratedFile, C:\Users\nicks\STM32CubeIDE\workspace_1.19.0\AFR\WAYPOINTIFICATION\CM7\Core\Inc\FreeRTOSConfig.h_save
2025-07-22 20:01:32,651 [INFO] CodeEngine:289 - Generated code: C:\Users\nicks\STM32CubeIDE\workspace_1.19.0\AFR\WAYPOINTIFICATION\CM7\Core\Inc\FreeRTOSConfig.h
2025-07-22 20:01:32,657 [INFO] CodeEngine:265 - oldGeneratedFile, C:\Users\nicks\STM32CubeIDE\workspace_1.19.0\AFR\WAYPOINTIFICATION\CM7\Core\Src\freertos.c_save
2025-07-22 20:01:32,701 [INFO] CodeEngine:289 - Generated code: C:\Users\nicks\STM32CubeIDE\workspace_1.19.0\AFR\WAYPOINTIFICATION\CM7\Core\Src\freertos.c
2025-07-22 20:01:32,722 [INFO] CodeEngine:265 - oldGeneratedFile, C:\Users\nicks\STM32CubeIDE\workspace_1.19.0\AFR\WAYPOINTIFICATION\CM7\Core\Inc\stm32h7xx_nucleo_conf.h_save
2025-07-22 20:01:32,767 [INFO] CodeEngine:289 - Generated code: C:\Users\nicks\STM32CubeIDE\workspace_1.19.0\AFR\WAYPOINTIFICATION\CM7\Core\Inc\stm32h7xx_nucleo_conf.h
2025-07-22 20:01:32,771 [INFO] CodeEngine:265 - oldGeneratedFile, C:\Users\nicks\STM32CubeIDE\workspace_1.19.0\AFR\WAYPOINTIFICATION\CM7\MXTmpFiles\bsp_inc.tmp_save
2025-07-22 20:01:32,811 [INFO] CodeEngine:289 - Generated code: C:\Users\nicks\STM32CubeIDE\workspace_1.19.0\AFR\WAYPOINTIFICATION\CM7\MXTmpFiles\bsp_inc.tmp
2025-07-22 20:01:32,816 [INFO] CodeEngine:265 - oldGeneratedFile, C:\Users\nicks\STM32CubeIDE\workspace_1.19.0\AFR\WAYPOINTIFICATION\CM7\MXTmpFiles\bsp_common_vars.tmp_save
2025-07-22 20:01:32,857 [INFO] CodeEngine:289 - Generated code: C:\Users\nicks\STM32CubeIDE\workspace_1.19.0\AFR\WAYPOINTIFICATION\CM7\MXTmpFiles\bsp_common_vars.tmp
2025-07-22 20:01:32,862 [INFO] CodeEngine:265 - oldGeneratedFile, C:\Users\nicks\STM32CubeIDE\workspace_1.19.0\AFR\WAYPOINTIFICATION\CM7\MXTmpFiles\bsp_common_init.tmp_save
2025-07-22 20:01:32,909 [INFO] CodeEngine:289 - Generated code: C:\Users\nicks\STM32CubeIDE\workspace_1.19.0\AFR\WAYPOINTIFICATION\CM7\MXTmpFiles\bsp_common_init.tmp
2025-07-22 20:01:32,914 [INFO] CodeEngine:265 - oldGeneratedFile, C:\Users\nicks\STM32CubeIDE\workspace_1.19.0\AFR\WAYPOINTIFICATION\CM7\MXTmpFiles\bsp_common_demo_before_while.tmp_save
2025-07-22 20:01:32,954 [INFO] CodeEngine:289 - Generated code: C:\Users\nicks\STM32CubeIDE\workspace_1.19.0\AFR\WAYPOINTIFICATION\CM7\MXTmpFiles\bsp_common_demo_before_while.tmp
2025-07-22 20:01:32,958 [INFO] CodeEngine:265 - oldGeneratedFile, C:\Users\nicks\STM32CubeIDE\workspace_1.19.0\AFR\WAYPOINTIFICATION\CM7\MXTmpFiles\bsp_common_demo_inside_while.tmp_save
2025-07-22 20:01:32,996 [INFO] CodeEngine:289 - Generated code: C:\Users\nicks\STM32CubeIDE\workspace_1.19.0\AFR\WAYPOINTIFICATION\CM7\MXTmpFiles\bsp_common_demo_inside_while.tmp
2025-07-22 20:01:33,001 [INFO] CodeEngine:265 - oldGeneratedFile, C:\Users\nicks\STM32CubeIDE\workspace_1.19.0\AFR\WAYPOINTIFICATION\CM7\MXTmpFiles\bsp_common_demo_fct.tmp_save
2025-07-22 20:01:33,041 [INFO] CodeEngine:289 - Generated code: C:\Users\nicks\STM32CubeIDE\workspace_1.19.0\AFR\WAYPOINTIFICATION\CM7\MXTmpFiles\bsp_common_demo_fct.tmp
2025-07-22 20:01:33,061 [INFO] CodeEngine:265 - oldGeneratedFile, C:\Users\nicks\STM32CubeIDE\workspace_1.19.0\AFR\WAYPOINTIFICATION\CM7\Core\Src\stm32h7xx_it.c_save
2025-07-22 20:01:33,168 [INFO] CodeEngine:289 - Generated code: C:\Users\nicks\STM32CubeIDE\workspace_1.19.0\AFR\WAYPOINTIFICATION\CM7\Core\Src\stm32h7xx_it.c
2025-07-22 20:01:33,175 [INFO] CodeEngine:265 - oldGeneratedFile, C:\Users\nicks\STM32CubeIDE\workspace_1.19.0\AFR\WAYPOINTIFICATION\CM7\Core\Inc\stm32h7xx_it.h_save
2025-07-22 20:01:33,219 [INFO] CodeEngine:289 - Generated code: C:\Users\nicks\STM32CubeIDE\workspace_1.19.0\AFR\WAYPOINTIFICATION\CM7\Core\Inc\stm32h7xx_it.h
2025-07-22 20:01:33,290 [INFO] CodeEngine:265 - oldGeneratedFile, C:\Users\nicks\STM32CubeIDE\workspace_1.19.0\AFR\WAYPOINTIFICATION\CM7\Core\Src\stm32h7xx_hal_msp.c_save
2025-07-22 20:01:33,355 [INFO] CodeEngine:289 - Generated code: C:\Users\nicks\STM32CubeIDE\workspace_1.19.0\AFR\WAYPOINTIFICATION\CM7\Core\Src\stm32h7xx_hal_msp.c
2025-07-22 20:01:33,360 [INFO] CodeEngine:265 - oldGeneratedFile, C:\Users\nicks\STM32CubeIDE\workspace_1.19.0\AFR\WAYPOINTIFICATION\CM7\MXTmpFiles\system.tmp_save
2025-07-22 20:01:33,398 [INFO] CodeEngine:289 - Generated code: C:\Users\nicks\STM32CubeIDE\workspace_1.19.0\AFR\WAYPOINTIFICATION\CM7\MXTmpFiles\system.tmp
2025-07-22 20:01:33,408 [INFO] CodeEngine:321 - oldGeneratedFile, C:\Users\nicks\STM32CubeIDE\workspace_1.19.0\AFR\WAYPOINTIFICATION\CM7\Core\Inc\stm32h7xx_hal_conf.h_save
2025-07-22 20:01:33,464 [INFO] CodeEngine:345 - Generated code: C:\Users\nicks\STM32CubeIDE\workspace_1.19.0\AFR\WAYPOINTIFICATION\CM7\Core\Inc\stm32h7xx_hal_conf.h
2025-07-22 20:01:33,484 [WARN] IPConfigManager:3811 - IP not found : NVIC
2025-07-22 20:01:33,485 [WARN] CodeGenerator:4259 - IP not found : null
2025-07-22 20:01:33,492 [INFO] CodeEngine:265 - oldGeneratedFile, C:\Users\nicks\STM32CubeIDE\workspace_1.19.0\AFR\WAYPOINTIFICATION\CM7\Core\Inc\main.h_save
2025-07-22 20:01:33,553 [INFO] CodeEngine:289 - Generated code: C:\Users\nicks\STM32CubeIDE\workspace_1.19.0\AFR\WAYPOINTIFICATION\CM7\Core\Inc\main.h
2025-07-22 20:01:33,559 [INFO] CodeEngine:265 - oldGeneratedFile, C:\Users\nicks\STM32CubeIDE\workspace_1.19.0\AFR\WAYPOINTIFICATION\CM7\Core\Src\main.c_save
2025-07-22 20:01:33,642 [INFO] CodeEngine:289 - Generated code: C:\Users\nicks\STM32CubeIDE\workspace_1.19.0\AFR\WAYPOINTIFICATION\CM7\Core\Src\main.c
2025-07-22 20:01:33,691 [INFO] CodeGenerator:1619 - *******************Project context M4 selected
2025-07-22 20:01:33,737 [INFO] CodeEngine:265 - oldGeneratedFile, C:\Users\nicks\STM32CubeIDE\workspace_1.19.0\AFR\WAYPOINTIFICATION\MXTmpFiles\license.tmp_save
2025-07-22 20:01:33,804 [INFO] CodeEngine:289 - Generated code: C:\Users\nicks\STM32CubeIDE\workspace_1.19.0\AFR\WAYPOINTIFICATION\MXTmpFiles\license.tmp
2025-07-22 20:01:33,828 [WARN] IPConfigManager:103 - WARNING: Missing Config File for NVIC2 ip!!
2025-07-22 20:01:33,834 [ERROR] CodeGenerator:10662 - The current RTOS owner has not been found in the list of IPs
2025-07-22 20:01:33,840 [INFO] CodeEngine:265 - oldGeneratedFile, C:\Users\nicks\STM32CubeIDE\workspace_1.19.0\AFR\WAYPOINTIFICATION\CM4\MXTmpFiles\cortex.tmp_save
2025-07-22 20:01:33,880 [INFO] CodeEngine:289 - Generated code: C:\Users\nicks\STM32CubeIDE\workspace_1.19.0\AFR\WAYPOINTIFICATION\CM4\MXTmpFiles\cortex.tmp
2025-07-22 20:01:33,890 [INFO] CodeEngine:265 - oldGeneratedFile, C:\Users\nicks\STM32CubeIDE\workspace_1.19.0\AFR\WAYPOINTIFICATION\CM4\MXTmpFiles\dma.tmp_save
2025-07-22 20:01:33,929 [INFO] CodeEngine:289 - Generated code: C:\Users\nicks\STM32CubeIDE\workspace_1.19.0\AFR\WAYPOINTIFICATION\CM4\MXTmpFiles\dma.tmp
2025-07-22 20:01:33,934 [INFO] CodeEngine:265 - oldGeneratedFile, C:\Users\nicks\STM32CubeIDE\workspace_1.19.0\AFR\WAYPOINTIFICATION\CM4\MXTmpFiles\dma_GV.tmp_save
2025-07-22 20:01:33,972 [INFO] CodeEngine:289 - Generated code: C:\Users\nicks\STM32CubeIDE\workspace_1.19.0\AFR\WAYPOINTIFICATION\CM4\MXTmpFiles\dma_GV.tmp
2025-07-22 20:01:33,987 [INFO] Middleware:1452 - No code input for Bsp Dependency
2025-07-22 20:01:33,993 [INFO] CodeEngine:265 - oldGeneratedFile, C:\Users\nicks\STM32CubeIDE\workspace_1.19.0\AFR\WAYPOINTIFICATION\CM4\MXTmpFiles\rtos_inc.tmp_save
2025-07-22 20:01:34,031 [INFO] CodeEngine:289 - Generated code: C:\Users\nicks\STM32CubeIDE\workspace_1.19.0\AFR\WAYPOINTIFICATION\CM4\MXTmpFiles\rtos_inc.tmp
2025-07-22 20:01:34,036 [INFO] CodeEngine:265 - oldGeneratedFile, C:\Users\nicks\STM32CubeIDE\workspace_1.19.0\AFR\WAYPOINTIFICATION\CM4\MXTmpFiles\rtos_kernelInit.tmp_save
2025-07-22 20:01:34,074 [INFO] CodeEngine:289 - Generated code: C:\Users\nicks\STM32CubeIDE\workspace_1.19.0\AFR\WAYPOINTIFICATION\CM4\MXTmpFiles\rtos_kernelInit.tmp
2025-07-22 20:01:34,078 [INFO] CodeEngine:265 - oldGeneratedFile, C:\Users\nicks\STM32CubeIDE\workspace_1.19.0\AFR\WAYPOINTIFICATION\CM4\MXTmpFiles\rtos_kernelStart.tmp_save
2025-07-22 20:01:34,116 [INFO] CodeEngine:289 - Generated code: C:\Users\nicks\STM32CubeIDE\workspace_1.19.0\AFR\WAYPOINTIFICATION\CM4\MXTmpFiles\rtos_kernelStart.tmp
2025-07-22 20:01:34,121 [INFO] CodeEngine:265 - oldGeneratedFile, C:\Users\nicks\STM32CubeIDE\workspace_1.19.0\AFR\WAYPOINTIFICATION\CM4\MXTmpFiles\rtos_typedefs.tmp_save
2025-07-22 20:01:34,158 [INFO] CodeEngine:289 - Generated code: C:\Users\nicks\STM32CubeIDE\workspace_1.19.0\AFR\WAYPOINTIFICATION\CM4\MXTmpFiles\rtos_typedefs.tmp
2025-07-22 20:01:34,162 [INFO] CodeEngine:265 - oldGeneratedFile, C:\Users\nicks\STM32CubeIDE\workspace_1.19.0\AFR\WAYPOINTIFICATION\CM4\MXTmpFiles\rtos_vars.tmp_save
2025-07-22 20:01:34,200 [INFO] CodeEngine:289 - Generated code: C:\Users\nicks\STM32CubeIDE\workspace_1.19.0\AFR\WAYPOINTIFICATION\CM4\MXTmpFiles\rtos_vars.tmp
2025-07-22 20:01:34,205 [INFO] CodeEngine:265 - oldGeneratedFile, C:\Users\nicks\STM32CubeIDE\workspace_1.19.0\AFR\WAYPOINTIFICATION\CM4\MXTmpFiles\rtos_pfp.tmp_save
2025-07-22 20:01:34,243 [INFO] CodeEngine:289 - Generated code: C:\Users\nicks\STM32CubeIDE\workspace_1.19.0\AFR\WAYPOINTIFICATION\CM4\MXTmpFiles\rtos_pfp.tmp
2025-07-22 20:01:34,248 [INFO] CodeEngine:265 - oldGeneratedFile, C:\Users\nicks\STM32CubeIDE\workspace_1.19.0\AFR\WAYPOINTIFICATION\CM4\MXTmpFiles\rtos_obj_creat.tmp_save
2025-07-22 20:01:34,287 [INFO] CodeEngine:289 - Generated code: C:\Users\nicks\STM32CubeIDE\workspace_1.19.0\AFR\WAYPOINTIFICATION\CM4\MXTmpFiles\rtos_obj_creat.tmp
2025-07-22 20:01:34,292 [INFO] CodeEngine:265 - oldGeneratedFile, C:\Users\nicks\STM32CubeIDE\workspace_1.19.0\AFR\WAYPOINTIFICATION\CM4\MXTmpFiles\rtos_default_thread.tmp_save
2025-07-22 20:01:34,330 [INFO] CodeEngine:289 - Generated code: C:\Users\nicks\STM32CubeIDE\workspace_1.19.0\AFR\WAYPOINTIFICATION\CM4\MXTmpFiles\rtos_default_thread.tmp
2025-07-22 20:01:34,335 [INFO] CodeEngine:265 - oldGeneratedFile, C:\Users\nicks\STM32CubeIDE\workspace_1.19.0\AFR\WAYPOINTIFICATION\CM4\MXTmpFiles\rtos_threads.tmp_save
2025-07-22 20:01:34,373 [INFO] CodeEngine:289 - Generated code: C:\Users\nicks\STM32CubeIDE\workspace_1.19.0\AFR\WAYPOINTIFICATION\CM4\MXTmpFiles\rtos_threads.tmp
2025-07-22 20:01:34,378 [INFO] CodeEngine:265 - oldGeneratedFile, C:\Users\nicks\STM32CubeIDE\workspace_1.19.0\AFR\WAYPOINTIFICATION\CM4\Core\Inc\FreeRTOSConfig.h_save
2025-07-22 20:01:34,427 [INFO] CodeEngine:289 - Generated code: C:\Users\nicks\STM32CubeIDE\workspace_1.19.0\AFR\WAYPOINTIFICATION\CM4\Core\Inc\FreeRTOSConfig.h
2025-07-22 20:01:34,433 [INFO] CodeEngine:265 - oldGeneratedFile, C:\Users\nicks\STM32CubeIDE\workspace_1.19.0\AFR\WAYPOINTIFICATION\CM4\Core\Src\freertos.c_save
2025-07-22 20:01:34,477 [INFO] CodeEngine:289 - Generated code: C:\Users\nicks\STM32CubeIDE\workspace_1.19.0\AFR\WAYPOINTIFICATION\CM4\Core\Src\freertos.c
2025-07-22 20:01:34,498 [INFO] CodeEngine:265 - oldGeneratedFile, C:\Users\nicks\STM32CubeIDE\workspace_1.19.0\AFR\WAYPOINTIFICATION\CM4\Core\Inc\stm32h7xx_nucleo_conf.h_save
2025-07-22 20:01:34,539 [INFO] CodeEngine:289 - Generated code: C:\Users\nicks\STM32CubeIDE\workspace_1.19.0\AFR\WAYPOINTIFICATION\CM4\Core\Inc\stm32h7xx_nucleo_conf.h
2025-07-22 20:01:34,543 [INFO] CodeEngine:265 - oldGeneratedFile, C:\Users\nicks\STM32CubeIDE\workspace_1.19.0\AFR\WAYPOINTIFICATION\CM4\MXTmpFiles\bsp_inc.tmp_save
2025-07-22 20:01:34,582 [INFO] CodeEngine:289 - Generated code: C:\Users\nicks\STM32CubeIDE\workspace_1.19.0\AFR\WAYPOINTIFICATION\CM4\MXTmpFiles\bsp_inc.tmp
2025-07-22 20:01:34,597 [INFO] CodeEngine:265 - oldGeneratedFile, C:\Users\nicks\STM32CubeIDE\workspace_1.19.0\AFR\WAYPOINTIFICATION\CM4\Core\Src\stm32h7xx_it.c_save
2025-07-22 20:01:34,643 [INFO] CodeEngine:289 - Generated code: C:\Users\nicks\STM32CubeIDE\workspace_1.19.0\AFR\WAYPOINTIFICATION\CM4\Core\Src\stm32h7xx_it.c
2025-07-22 20:01:34,649 [INFO] CodeEngine:265 - oldGeneratedFile, C:\Users\nicks\STM32CubeIDE\workspace_1.19.0\AFR\WAYPOINTIFICATION\CM4\Core\Inc\stm32h7xx_it.h_save
2025-07-22 20:01:34,691 [INFO] CodeEngine:289 - Generated code: C:\Users\nicks\STM32CubeIDE\workspace_1.19.0\AFR\WAYPOINTIFICATION\CM4\Core\Inc\stm32h7xx_it.h
2025-07-22 20:01:34,714 [INFO] CodeEngine:265 - oldGeneratedFile, C:\Users\nicks\STM32CubeIDE\workspace_1.19.0\AFR\WAYPOINTIFICATION\CM4\Core\Src\stm32h7xx_hal_msp.c_save
2025-07-22 20:01:34,772 [INFO] CodeEngine:289 - Generated code: C:\Users\nicks\STM32CubeIDE\workspace_1.19.0\AFR\WAYPOINTIFICATION\CM4\Core\Src\stm32h7xx_hal_msp.c
2025-07-22 20:01:34,776 [INFO] CodeEngine:265 - oldGeneratedFile, C:\Users\nicks\STM32CubeIDE\workspace_1.19.0\AFR\WAYPOINTIFICATION\CM4\MXTmpFiles\system.tmp_save
2025-07-22 20:01:34,815 [INFO] CodeEngine:289 - Generated code: C:\Users\nicks\STM32CubeIDE\workspace_1.19.0\AFR\WAYPOINTIFICATION\CM4\MXTmpFiles\system.tmp
2025-07-22 20:01:34,825 [INFO] CodeEngine:321 - oldGeneratedFile, C:\Users\nicks\STM32CubeIDE\workspace_1.19.0\AFR\WAYPOINTIFICATION\CM4\Core\Inc\stm32h7xx_hal_conf.h_save
2025-07-22 20:01:34,870 [INFO] CodeEngine:345 - Generated code: C:\Users\nicks\STM32CubeIDE\workspace_1.19.0\AFR\WAYPOINTIFICATION\CM4\Core\Inc\stm32h7xx_hal_conf.h
2025-07-22 20:01:34,880 [WARN] IPConfigManager:3811 - IP not found : NVIC
2025-07-22 20:01:34,881 [WARN] CodeGenerator:4259 - IP not found : null
2025-07-22 20:01:34,888 [INFO] CodeEngine:265 - oldGeneratedFile, C:\Users\nicks\STM32CubeIDE\workspace_1.19.0\AFR\WAYPOINTIFICATION\CM4\Core\Inc\main.h_save
2025-07-22 20:01:34,935 [INFO] CodeEngine:289 - Generated code: C:\Users\nicks\STM32CubeIDE\workspace_1.19.0\AFR\WAYPOINTIFICATION\CM4\Core\Inc\main.h
2025-07-22 20:01:34,941 [INFO] CodeEngine:265 - oldGeneratedFile, C:\Users\nicks\STM32CubeIDE\workspace_1.19.0\AFR\WAYPOINTIFICATION\CM4\Core\Src\main.c_save
2025-07-22 20:01:35,007 [INFO] CodeEngine:289 - Generated code: C:\Users\nicks\STM32CubeIDE\workspace_1.19.0\AFR\WAYPOINTIFICATION\CM4\Core\Src\main.c
2025-07-22 20:01:35,404 [INFO] ProjectBuilder:3606 - Time for Copy HAL[1] : 241mS.
2025-07-22 20:01:35,417 [INFO] ProjectBuilder:5216 - Project Generator version: 4.7.0-B52
2025-07-22 20:01:35,471 [INFO] ConfigFileManager:1595 - The Die is : DIE450
2025-07-22 20:01:41,538 [INFO] ProjectBuilder:5496 - Time for Generating toolchain IDE Files: 6121mS.
2025-07-22 20:01:41,539 [INFO] ProjectBuilder:3463 - Time for Copy CMSIS : 1mS.
2025-07-22 20:01:41,546 [INFO] ProjectBuilder:3463 - Time for Copy CMSIS : 0mS.
2025-07-22 20:18:01,047 [INFO] UtilMem:75 - End SaveConfig() Used Memory: 584325696 Bytes (1073741824)
2025-07-22 20:18:01,171 [INFO] UtilMem:75 - End SaveConfig() Used Memory: 604770880 Bytes (1073741824)
2025-07-22 20:18:01,758 [INFO] UtilMem:75 - End SaveConfig() Used Memory: 683414080 Bytes (1073741824)
2025-07-22 20:18:02,847 [INFO] BlockDiagram:2775 - set Specific Code input for plugin: FREERTOS
2025-07-22 20:18:02,848 [INFO] BlockDiagram:2775 - set Specific Code input for plugin: FREERTOS
2025-07-22 20:18:02,848 [INFO] BlockDiagram:2775 - set Specific Code input for plugin: RCC
2025-07-22 20:18:02,848 [INFO] BlockDiagram:2775 - set Specific Code input for plugin: USART
2025-07-22 20:18:02,848 [INFO] BlockDiagram:2775 - set Specific Code input for plugin: MEMORYMAP
2025-07-22 20:18:02,848 [INFO] BlockDiagram:2775 - set Specific Code input for plugin: SYS
2025-07-22 20:18:02,848 [INFO] BlockDiagram:2775 - set Specific Code input for plugin: DMA
2025-07-22 20:18:02,848 [INFO] BlockDiagram:2775 - set Specific Code input for plugin: NVIC2
2025-07-22 20:18:02,849 [INFO] BlockDiagram:2775 - set Specific Code input for plugin: GPIO
2025-07-22 20:18:02,849 [INFO] BlockDiagram:2775 - set Specific Code input for plugin: SYS_M4
2025-07-22 20:18:02,849 [INFO] BlockDiagram:2775 - set Specific Code input for plugin: NUCLEO-H755ZI-Q
2025-07-22 20:18:02,849 [INFO] BlockDiagram:2775 - set Specific Code input for plugin: NVIC1
2025-07-22 20:18:02,850 [INFO] CodeGenerator:892 - code generatio: config db path: C:\ST\STM32CubeIDE_1.19.0\STM32CubeIDE\plugins\com.st.stm32cube.common.mx_6.15.0.202507011659\\db\
2025-07-22 20:18:02,904 [ERROR] CodeGenerator:10662 - The current RTOS owner has not been found in the list of IPs
2025-07-22 20:18:02,904 [ERROR] CodeGenerator:10662 - The current RTOS owner has not been found in the list of IPs
2025-07-22 20:18:02,904 [INFO] CodeGenerator:1619 - *******************Project context M7 selected
2025-07-22 20:18:02,950 [INFO] CodeEngine:265 - oldGeneratedFile, C:\Users\nicks\STM32CubeIDE\workspace_1.19.0\AFR\WAYPOINTIFICATION\MXTmpFiles\license.tmp_save
2025-07-22 20:18:02,965 [ERROR] IocParser:95 - Exception caught: Cannot invoke "java.lang.CharSequence.length()" because "this.text" is null
2025-07-22 20:18:03,139 [INFO] CodeEngine:289 - Generated code: C:\Users\nicks\STM32CubeIDE\workspace_1.19.0\AFR\WAYPOINTIFICATION\MXTmpFiles\license.tmp
2025-07-22 20:18:03,202 [INFO] CodeEngine:265 - oldGeneratedFile, C:\Users\nicks\STM32CubeIDE\workspace_1.19.0\AFR\WAYPOINTIFICATION\CM7\MXTmpFiles\gpio.tmp_save
2025-07-22 20:18:03,298 [INFO] CodeEngine:289 - Generated code: C:\Users\nicks\STM32CubeIDE\workspace_1.19.0\AFR\WAYPOINTIFICATION\CM7\MXTmpFiles\gpio.tmp
2025-07-22 20:18:03,426 [WARN] IPConfigManager:103 - WARNING: Missing Config File for MEMORYMAP ip!!
2025-07-22 20:18:03,504 [WARN] IPConfigManager:103 - WARNING: Missing Config File for NVIC1 ip!!
2025-07-22 20:18:03,608 [ERROR] CodeGenerator:10662 - The current RTOS owner has not been found in the list of IPs
2025-07-22 20:18:03,614 [INFO] CodeEngine:265 - oldGeneratedFile, C:\Users\nicks\STM32CubeIDE\workspace_1.19.0\AFR\WAYPOINTIFICATION\CM7\MXTmpFiles\cortex.tmp_save
2025-07-22 20:18:03,674 [INFO] CodeEngine:289 - Generated code: C:\Users\nicks\STM32CubeIDE\workspace_1.19.0\AFR\WAYPOINTIFICATION\CM7\MXTmpFiles\cortex.tmp
2025-07-22 20:18:03,696 [INFO] CodeEngine:265 - oldGeneratedFile, C:\Users\nicks\STM32CubeIDE\workspace_1.19.0\AFR\WAYPOINTIFICATION\CM7\MXTmpFiles\dma.tmp_save
2025-07-22 20:18:03,739 [INFO] CodeEngine:289 - Generated code: C:\Users\nicks\STM32CubeIDE\workspace_1.19.0\AFR\WAYPOINTIFICATION\CM7\MXTmpFiles\dma.tmp
2025-07-22 20:18:03,743 [INFO] CodeEngine:265 - oldGeneratedFile, C:\Users\nicks\STM32CubeIDE\workspace_1.19.0\AFR\WAYPOINTIFICATION\CM7\MXTmpFiles\dma_GV.tmp_save
2025-07-22 20:18:03,786 [INFO] CodeEngine:289 - Generated code: C:\Users\nicks\STM32CubeIDE\workspace_1.19.0\AFR\WAYPOINTIFICATION\CM7\MXTmpFiles\dma_GV.tmp
2025-07-22 20:18:03,801 [INFO] Middleware:1452 - No code input for Bsp Dependency
2025-07-22 20:18:03,808 [INFO] CodeEngine:265 - oldGeneratedFile, C:\Users\nicks\STM32CubeIDE\workspace_1.19.0\AFR\WAYPOINTIFICATION\CM7\MXTmpFiles\rtos_inc.tmp_save
2025-07-22 20:18:03,847 [INFO] CodeEngine:289 - Generated code: C:\Users\nicks\STM32CubeIDE\workspace_1.19.0\AFR\WAYPOINTIFICATION\CM7\MXTmpFiles\rtos_inc.tmp
2025-07-22 20:18:03,852 [INFO] CodeEngine:265 - oldGeneratedFile, C:\Users\nicks\STM32CubeIDE\workspace_1.19.0\AFR\WAYPOINTIFICATION\CM7\MXTmpFiles\rtos_kernelInit.tmp_save
2025-07-22 20:18:03,894 [INFO] CodeEngine:289 - Generated code: C:\Users\nicks\STM32CubeIDE\workspace_1.19.0\AFR\WAYPOINTIFICATION\CM7\MXTmpFiles\rtos_kernelInit.tmp
2025-07-22 20:18:03,899 [INFO] CodeEngine:265 - oldGeneratedFile, C:\Users\nicks\STM32CubeIDE\workspace_1.19.0\AFR\WAYPOINTIFICATION\CM7\MXTmpFiles\rtos_kernelStart.tmp_save
2025-07-22 20:18:03,937 [INFO] CodeEngine:289 - Generated code: C:\Users\nicks\STM32CubeIDE\workspace_1.19.0\AFR\WAYPOINTIFICATION\CM7\MXTmpFiles\rtos_kernelStart.tmp
2025-07-22 20:18:03,942 [INFO] CodeEngine:265 - oldGeneratedFile, C:\Users\nicks\STM32CubeIDE\workspace_1.19.0\AFR\WAYPOINTIFICATION\CM7\MXTmpFiles\rtos_typedefs.tmp_save
2025-07-22 20:18:03,983 [INFO] CodeEngine:289 - Generated code: C:\Users\nicks\STM32CubeIDE\workspace_1.19.0\AFR\WAYPOINTIFICATION\CM7\MXTmpFiles\rtos_typedefs.tmp
2025-07-22 20:18:03,988 [INFO] CodeEngine:265 - oldGeneratedFile, C:\Users\nicks\STM32CubeIDE\workspace_1.19.0\AFR\WAYPOINTIFICATION\CM7\MXTmpFiles\rtos_vars.tmp_save
2025-07-22 20:18:04,044 [INFO] CodeEngine:289 - Generated code: C:\Users\nicks\STM32CubeIDE\workspace_1.19.0\AFR\WAYPOINTIFICATION\CM7\MXTmpFiles\rtos_vars.tmp
2025-07-22 20:18:04,049 [INFO] CodeEngine:265 - oldGeneratedFile, C:\Users\nicks\STM32CubeIDE\workspace_1.19.0\AFR\WAYPOINTIFICATION\CM7\MXTmpFiles\rtos_pfp.tmp_save
2025-07-22 20:18:04,108 [INFO] CodeEngine:289 - Generated code: C:\Users\nicks\STM32CubeIDE\workspace_1.19.0\AFR\WAYPOINTIFICATION\CM7\MXTmpFiles\rtos_pfp.tmp
2025-07-22 20:18:04,113 [INFO] CodeEngine:265 - oldGeneratedFile, C:\Users\nicks\STM32CubeIDE\workspace_1.19.0\AFR\WAYPOINTIFICATION\CM7\MXTmpFiles\rtos_obj_creat.tmp_save
2025-07-22 20:18:04,175 [INFO] CodeEngine:289 - Generated code: C:\Users\nicks\STM32CubeIDE\workspace_1.19.0\AFR\WAYPOINTIFICATION\CM7\MXTmpFiles\rtos_obj_creat.tmp
2025-07-22 20:18:04,179 [INFO] CodeEngine:265 - oldGeneratedFile, C:\Users\nicks\STM32CubeIDE\workspace_1.19.0\AFR\WAYPOINTIFICATION\CM7\MXTmpFiles\rtos_default_thread.tmp_save
2025-07-22 20:18:04,221 [INFO] CodeEngine:289 - Generated code: C:\Users\nicks\STM32CubeIDE\workspace_1.19.0\AFR\WAYPOINTIFICATION\CM7\MXTmpFiles\rtos_default_thread.tmp
2025-07-22 20:18:04,226 [INFO] CodeEngine:265 - oldGeneratedFile, C:\Users\nicks\STM32CubeIDE\workspace_1.19.0\AFR\WAYPOINTIFICATION\CM7\MXTmpFiles\rtos_threads.tmp_save
2025-07-22 20:18:04,265 [INFO] CodeEngine:289 - Generated code: C:\Users\nicks\STM32CubeIDE\workspace_1.19.0\AFR\WAYPOINTIFICATION\CM7\MXTmpFiles\rtos_threads.tmp
2025-07-22 20:18:04,271 [INFO] CodeEngine:265 - oldGeneratedFile, C:\Users\nicks\STM32CubeIDE\workspace_1.19.0\AFR\WAYPOINTIFICATION\CM7\Core\Inc\FreeRTOSConfig.h_save
2025-07-22 20:18:04,326 [INFO] CodeEngine:289 - Generated code: C:\Users\nicks\STM32CubeIDE\workspace_1.19.0\AFR\WAYPOINTIFICATION\CM7\Core\Inc\FreeRTOSConfig.h
2025-07-22 20:18:04,333 [INFO] CodeEngine:265 - oldGeneratedFile, C:\Users\nicks\STM32CubeIDE\workspace_1.19.0\AFR\WAYPOINTIFICATION\CM7\Core\Src\freertos.c_save
2025-07-22 20:18:04,378 [INFO] CodeEngine:289 - Generated code: C:\Users\nicks\STM32CubeIDE\workspace_1.19.0\AFR\WAYPOINTIFICATION\CM7\Core\Src\freertos.c
2025-07-22 20:18:04,402 [INFO] CodeEngine:265 - oldGeneratedFile, C:\Users\nicks\STM32CubeIDE\workspace_1.19.0\AFR\WAYPOINTIFICATION\CM7\Core\Inc\stm32h7xx_nucleo_conf.h_save
2025-07-22 20:18:04,445 [INFO] CodeEngine:289 - Generated code: C:\Users\nicks\STM32CubeIDE\workspace_1.19.0\AFR\WAYPOINTIFICATION\CM7\Core\Inc\stm32h7xx_nucleo_conf.h
2025-07-22 20:18:04,450 [INFO] CodeEngine:265 - oldGeneratedFile, C:\Users\nicks\STM32CubeIDE\workspace_1.19.0\AFR\WAYPOINTIFICATION\CM7\MXTmpFiles\bsp_inc.tmp_save
2025-07-22 20:18:04,489 [INFO] CodeEngine:289 - Generated code: C:\Users\nicks\STM32CubeIDE\workspace_1.19.0\AFR\WAYPOINTIFICATION\CM7\MXTmpFiles\bsp_inc.tmp
2025-07-22 20:18:04,494 [INFO] CodeEngine:265 - oldGeneratedFile, C:\Users\nicks\STM32CubeIDE\workspace_1.19.0\AFR\WAYPOINTIFICATION\CM7\MXTmpFiles\bsp_common_vars.tmp_save
2025-07-22 20:18:04,534 [INFO] CodeEngine:289 - Generated code: C:\Users\nicks\STM32CubeIDE\workspace_1.19.0\AFR\WAYPOINTIFICATION\CM7\MXTmpFiles\bsp_common_vars.tmp
2025-07-22 20:18:04,539 [INFO] CodeEngine:265 - oldGeneratedFile, C:\Users\nicks\STM32CubeIDE\workspace_1.19.0\AFR\WAYPOINTIFICATION\CM7\MXTmpFiles\bsp_common_init.tmp_save
2025-07-22 20:18:04,578 [INFO] CodeEngine:289 - Generated code: C:\Users\nicks\STM32CubeIDE\workspace_1.19.0\AFR\WAYPOINTIFICATION\CM7\MXTmpFiles\bsp_common_init.tmp
2025-07-22 20:18:04,582 [INFO] CodeEngine:265 - oldGeneratedFile, C:\Users\nicks\STM32CubeIDE\workspace_1.19.0\AFR\WAYPOINTIFICATION\CM7\MXTmpFiles\bsp_common_demo_before_while.tmp_save
2025-07-22 20:18:04,622 [INFO] CodeEngine:289 - Generated code: C:\Users\nicks\STM32CubeIDE\workspace_1.19.0\AFR\WAYPOINTIFICATION\CM7\MXTmpFiles\bsp_common_demo_before_while.tmp
2025-07-22 20:18:04,627 [INFO] CodeEngine:265 - oldGeneratedFile, C:\Users\nicks\STM32CubeIDE\workspace_1.19.0\AFR\WAYPOINTIFICATION\CM7\MXTmpFiles\bsp_common_demo_inside_while.tmp_save
2025-07-22 20:18:04,665 [INFO] CodeEngine:289 - Generated code: C:\Users\nicks\STM32CubeIDE\workspace_1.19.0\AFR\WAYPOINTIFICATION\CM7\MXTmpFiles\bsp_common_demo_inside_while.tmp
2025-07-22 20:18:04,670 [INFO] CodeEngine:265 - oldGeneratedFile, C:\Users\nicks\STM32CubeIDE\workspace_1.19.0\AFR\WAYPOINTIFICATION\CM7\MXTmpFiles\bsp_common_demo_fct.tmp_save
2025-07-22 20:18:04,708 [INFO] CodeEngine:289 - Generated code: C:\Users\nicks\STM32CubeIDE\workspace_1.19.0\AFR\WAYPOINTIFICATION\CM7\MXTmpFiles\bsp_common_demo_fct.tmp
2025-07-22 20:18:04,727 [INFO] CodeEngine:265 - oldGeneratedFile, C:\Users\nicks\STM32CubeIDE\workspace_1.19.0\AFR\WAYPOINTIFICATION\CM7\Core\Src\stm32h7xx_it.c_save
2025-07-22 20:18:04,831 [INFO] CodeEngine:289 - Generated code: C:\Users\nicks\STM32CubeIDE\workspace_1.19.0\AFR\WAYPOINTIFICATION\CM7\Core\Src\stm32h7xx_it.c
2025-07-22 20:18:04,837 [INFO] CodeEngine:265 - oldGeneratedFile, C:\Users\nicks\STM32CubeIDE\workspace_1.19.0\AFR\WAYPOINTIFICATION\CM7\Core\Inc\stm32h7xx_it.h_save
2025-07-22 20:18:04,878 [INFO] CodeEngine:289 - Generated code: C:\Users\nicks\STM32CubeIDE\workspace_1.19.0\AFR\WAYPOINTIFICATION\CM7\Core\Inc\stm32h7xx_it.h
2025-07-22 20:18:04,943 [INFO] CodeEngine:265 - oldGeneratedFile, C:\Users\nicks\STM32CubeIDE\workspace_1.19.0\AFR\WAYPOINTIFICATION\CM7\Core\Src\stm32h7xx_hal_msp.c_save
2025-07-22 20:18:05,009 [INFO] CodeEngine:289 - Generated code: C:\Users\nicks\STM32CubeIDE\workspace_1.19.0\AFR\WAYPOINTIFICATION\CM7\Core\Src\stm32h7xx_hal_msp.c
2025-07-22 20:18:05,013 [INFO] CodeEngine:265 - oldGeneratedFile, C:\Users\nicks\STM32CubeIDE\workspace_1.19.0\AFR\WAYPOINTIFICATION\CM7\MXTmpFiles\system.tmp_save
2025-07-22 20:18:05,051 [INFO] CodeEngine:289 - Generated code: C:\Users\nicks\STM32CubeIDE\workspace_1.19.0\AFR\WAYPOINTIFICATION\CM7\MXTmpFiles\system.tmp
2025-07-22 20:18:05,062 [INFO] CodeEngine:321 - oldGeneratedFile, C:\Users\nicks\STM32CubeIDE\workspace_1.19.0\AFR\WAYPOINTIFICATION\CM7\Core\Inc\stm32h7xx_hal_conf.h_save
2025-07-22 20:18:05,107 [INFO] CodeEngine:345 - Generated code: C:\Users\nicks\STM32CubeIDE\workspace_1.19.0\AFR\WAYPOINTIFICATION\CM7\Core\Inc\stm32h7xx_hal_conf.h
2025-07-22 20:18:05,129 [WARN] IPConfigManager:3811 - IP not found : NVIC
2025-07-22 20:18:05,130 [WARN] CodeGenerator:4259 - IP not found : null
2025-07-22 20:18:05,137 [INFO] CodeEngine:265 - oldGeneratedFile, C:\Users\nicks\STM32CubeIDE\workspace_1.19.0\AFR\WAYPOINTIFICATION\CM7\Core\Inc\main.h_save
2025-07-22 20:18:05,199 [INFO] CodeEngine:289 - Generated code: C:\Users\nicks\STM32CubeIDE\workspace_1.19.0\AFR\WAYPOINTIFICATION\CM7\Core\Inc\main.h
2025-07-22 20:18:05,206 [INFO] CodeEngine:265 - oldGeneratedFile, C:\Users\nicks\STM32CubeIDE\workspace_1.19.0\AFR\WAYPOINTIFICATION\CM7\Core\Src\main.c_save
2025-07-22 20:18:05,289 [INFO] CodeEngine:289 - Generated code: C:\Users\nicks\STM32CubeIDE\workspace_1.19.0\AFR\WAYPOINTIFICATION\CM7\Core\Src\main.c
2025-07-22 20:18:05,328 [INFO] CodeGenerator:1619 - *******************Project context M4 selected
2025-07-22 20:18:05,373 [INFO] CodeEngine:265 - oldGeneratedFile, C:\Users\nicks\STM32CubeIDE\workspace_1.19.0\AFR\WAYPOINTIFICATION\MXTmpFiles\license.tmp_save
2025-07-22 20:18:05,413 [INFO] CodeEngine:289 - Generated code: C:\Users\nicks\STM32CubeIDE\workspace_1.19.0\AFR\WAYPOINTIFICATION\MXTmpFiles\license.tmp
2025-07-22 20:18:05,430 [WARN] IPConfigManager:103 - WARNING: Missing Config File for NVIC2 ip!!
2025-07-22 20:18:05,434 [ERROR] CodeGenerator:10662 - The current RTOS owner has not been found in the list of IPs
2025-07-22 20:18:05,439 [INFO] CodeEngine:265 - oldGeneratedFile, C:\Users\nicks\STM32CubeIDE\workspace_1.19.0\AFR\WAYPOINTIFICATION\CM4\MXTmpFiles\cortex.tmp_save
2025-07-22 20:18:05,478 [INFO] CodeEngine:289 - Generated code: C:\Users\nicks\STM32CubeIDE\workspace_1.19.0\AFR\WAYPOINTIFICATION\CM4\MXTmpFiles\cortex.tmp
2025-07-22 20:18:05,489 [INFO] CodeEngine:265 - oldGeneratedFile, C:\Users\nicks\STM32CubeIDE\workspace_1.19.0\AFR\WAYPOINTIFICATION\CM4\MXTmpFiles\dma.tmp_save
2025-07-22 20:18:05,529 [INFO] CodeEngine:289 - Generated code: C:\Users\nicks\STM32CubeIDE\workspace_1.19.0\AFR\WAYPOINTIFICATION\CM4\MXTmpFiles\dma.tmp
2025-07-22 20:18:05,534 [INFO] CodeEngine:265 - oldGeneratedFile, C:\Users\nicks\STM32CubeIDE\workspace_1.19.0\AFR\WAYPOINTIFICATION\CM4\MXTmpFiles\dma_GV.tmp_save
2025-07-22 20:18:05,571 [INFO] CodeEngine:289 - Generated code: C:\Users\nicks\STM32CubeIDE\workspace_1.19.0\AFR\WAYPOINTIFICATION\CM4\MXTmpFiles\dma_GV.tmp
2025-07-22 20:18:05,587 [INFO] Middleware:1452 - No code input for Bsp Dependency
2025-07-22 20:18:05,592 [INFO] CodeEngine:265 - oldGeneratedFile, C:\Users\nicks\STM32CubeIDE\workspace_1.19.0\AFR\WAYPOINTIFICATION\CM4\MXTmpFiles\rtos_inc.tmp_save
2025-07-22 20:18:05,629 [INFO] CodeEngine:289 - Generated code: C:\Users\nicks\STM32CubeIDE\workspace_1.19.0\AFR\WAYPOINTIFICATION\CM4\MXTmpFiles\rtos_inc.tmp
2025-07-22 20:18:05,634 [INFO] CodeEngine:265 - oldGeneratedFile, C:\Users\nicks\STM32CubeIDE\workspace_1.19.0\AFR\WAYPOINTIFICATION\CM4\MXTmpFiles\rtos_kernelInit.tmp_save
2025-07-22 20:18:05,670 [INFO] CodeEngine:289 - Generated code: C:\Users\nicks\STM32CubeIDE\workspace_1.19.0\AFR\WAYPOINTIFICATION\CM4\MXTmpFiles\rtos_kernelInit.tmp
2025-07-22 20:18:05,674 [INFO] CodeEngine:265 - oldGeneratedFile, C:\Users\nicks\STM32CubeIDE\workspace_1.19.0\AFR\WAYPOINTIFICATION\CM4\MXTmpFiles\rtos_kernelStart.tmp_save
2025-07-22 20:18:05,712 [INFO] CodeEngine:289 - Generated code: C:\Users\nicks\STM32CubeIDE\workspace_1.19.0\AFR\WAYPOINTIFICATION\CM4\MXTmpFiles\rtos_kernelStart.tmp
2025-07-22 20:18:05,717 [INFO] CodeEngine:265 - oldGeneratedFile, C:\Users\nicks\STM32CubeIDE\workspace_1.19.0\AFR\WAYPOINTIFICATION\CM4\MXTmpFiles\rtos_typedefs.tmp_save
2025-07-22 20:18:05,753 [INFO] CodeEngine:289 - Generated code: C:\Users\nicks\STM32CubeIDE\workspace_1.19.0\AFR\WAYPOINTIFICATION\CM4\MXTmpFiles\rtos_typedefs.tmp
2025-07-22 20:18:05,757 [INFO] CodeEngine:265 - oldGeneratedFile, C:\Users\nicks\STM32CubeIDE\workspace_1.19.0\AFR\WAYPOINTIFICATION\CM4\MXTmpFiles\rtos_vars.tmp_save
2025-07-22 20:18:05,795 [INFO] CodeEngine:289 - Generated code: C:\Users\nicks\STM32CubeIDE\workspace_1.19.0\AFR\WAYPOINTIFICATION\CM4\MXTmpFiles\rtos_vars.tmp
2025-07-22 20:18:05,799 [INFO] CodeEngine:265 - oldGeneratedFile, C:\Users\nicks\STM32CubeIDE\workspace_1.19.0\AFR\WAYPOINTIFICATION\CM4\MXTmpFiles\rtos_pfp.tmp_save
2025-07-22 20:18:05,837 [INFO] CodeEngine:289 - Generated code: C:\Users\nicks\STM32CubeIDE\workspace_1.19.0\AFR\WAYPOINTIFICATION\CM4\MXTmpFiles\rtos_pfp.tmp
2025-07-22 20:18:05,841 [INFO] CodeEngine:265 - oldGeneratedFile, C:\Users\nicks\STM32CubeIDE\workspace_1.19.0\AFR\WAYPOINTIFICATION\CM4\MXTmpFiles\rtos_obj_creat.tmp_save
2025-07-22 20:18:05,879 [INFO] CodeEngine:289 - Generated code: C:\Users\nicks\STM32CubeIDE\workspace_1.19.0\AFR\WAYPOINTIFICATION\CM4\MXTmpFiles\rtos_obj_creat.tmp
2025-07-22 20:18:05,883 [INFO] CodeEngine:265 - oldGeneratedFile, C:\Users\nicks\STM32CubeIDE\workspace_1.19.0\AFR\WAYPOINTIFICATION\CM4\MXTmpFiles\rtos_default_thread.tmp_save
2025-07-22 20:18:05,920 [INFO] CodeEngine:289 - Generated code: C:\Users\nicks\STM32CubeIDE\workspace_1.19.0\AFR\WAYPOINTIFICATION\CM4\MXTmpFiles\rtos_default_thread.tmp
2025-07-22 20:18:05,924 [INFO] CodeEngine:265 - oldGeneratedFile, C:\Users\nicks\STM32CubeIDE\workspace_1.19.0\AFR\WAYPOINTIFICATION\CM4\MXTmpFiles\rtos_threads.tmp_save
2025-07-22 20:18:05,961 [INFO] CodeEngine:289 - Generated code: C:\Users\nicks\STM32CubeIDE\workspace_1.19.0\AFR\WAYPOINTIFICATION\CM4\MXTmpFiles\rtos_threads.tmp
2025-07-22 20:18:05,966 [INFO] CodeEngine:265 - oldGeneratedFile, C:\Users\nicks\STM32CubeIDE\workspace_1.19.0\AFR\WAYPOINTIFICATION\CM4\Core\Inc\FreeRTOSConfig.h_save
2025-07-22 20:18:06,014 [INFO] CodeEngine:289 - Generated code: C:\Users\nicks\STM32CubeIDE\workspace_1.19.0\AFR\WAYPOINTIFICATION\CM4\Core\Inc\FreeRTOSConfig.h
2025-07-22 20:18:06,020 [INFO] CodeEngine:265 - oldGeneratedFile, C:\Users\nicks\STM32CubeIDE\workspace_1.19.0\AFR\WAYPOINTIFICATION\CM4\Core\Src\freertos.c_save
2025-07-22 20:18:06,065 [INFO] CodeEngine:289 - Generated code: C:\Users\nicks\STM32CubeIDE\workspace_1.19.0\AFR\WAYPOINTIFICATION\CM4\Core\Src\freertos.c
2025-07-22 20:18:06,084 [INFO] CodeEngine:265 - oldGeneratedFile, C:\Users\nicks\STM32CubeIDE\workspace_1.19.0\AFR\WAYPOINTIFICATION\CM4\Core\Inc\stm32h7xx_nucleo_conf.h_save
2025-07-22 20:18:06,126 [INFO] CodeEngine:289 - Generated code: C:\Users\nicks\STM32CubeIDE\workspace_1.19.0\AFR\WAYPOINTIFICATION\CM4\Core\Inc\stm32h7xx_nucleo_conf.h
2025-07-22 20:18:06,130 [INFO] CodeEngine:265 - oldGeneratedFile, C:\Users\nicks\STM32CubeIDE\workspace_1.19.0\AFR\WAYPOINTIFICATION\CM4\MXTmpFiles\bsp_inc.tmp_save
2025-07-22 20:18:06,168 [INFO] CodeEngine:289 - Generated code: C:\Users\nicks\STM32CubeIDE\workspace_1.19.0\AFR\WAYPOINTIFICATION\CM4\MXTmpFiles\bsp_inc.tmp
2025-07-22 20:18:06,184 [INFO] CodeEngine:265 - oldGeneratedFile, C:\Users\nicks\STM32CubeIDE\workspace_1.19.0\AFR\WAYPOINTIFICATION\CM4\Core\Src\stm32h7xx_it.c_save
2025-07-22 20:18:06,230 [INFO] CodeEngine:289 - Generated code: C:\Users\nicks\STM32CubeIDE\workspace_1.19.0\AFR\WAYPOINTIFICATION\CM4\Core\Src\stm32h7xx_it.c
2025-07-22 20:18:06,236 [INFO] CodeEngine:265 - oldGeneratedFile, C:\Users\nicks\STM32CubeIDE\workspace_1.19.0\AFR\WAYPOINTIFICATION\CM4\Core\Inc\stm32h7xx_it.h_save
2025-07-22 20:18:06,278 [INFO] CodeEngine:289 - Generated code: C:\Users\nicks\STM32CubeIDE\workspace_1.19.0\AFR\WAYPOINTIFICATION\CM4\Core\Inc\stm32h7xx_it.h
2025-07-22 20:18:06,300 [INFO] CodeEngine:265 - oldGeneratedFile, C:\Users\nicks\STM32CubeIDE\workspace_1.19.0\AFR\WAYPOINTIFICATION\CM4\Core\Src\stm32h7xx_hal_msp.c_save
2025-07-22 20:18:06,359 [INFO] CodeEngine:289 - Generated code: C:\Users\nicks\STM32CubeIDE\workspace_1.19.0\AFR\WAYPOINTIFICATION\CM4\Core\Src\stm32h7xx_hal_msp.c
2025-07-22 20:18:06,363 [INFO] CodeEngine:265 - oldGeneratedFile, C:\Users\nicks\STM32CubeIDE\workspace_1.19.0\AFR\WAYPOINTIFICATION\CM4\MXTmpFiles\system.tmp_save
2025-07-22 20:18:06,401 [INFO] CodeEngine:289 - Generated code: C:\Users\nicks\STM32CubeIDE\workspace_1.19.0\AFR\WAYPOINTIFICATION\CM4\MXTmpFiles\system.tmp
2025-07-22 20:18:06,412 [INFO] CodeEngine:321 - oldGeneratedFile, C:\Users\nicks\STM32CubeIDE\workspace_1.19.0\AFR\WAYPOINTIFICATION\CM4\Core\Inc\stm32h7xx_hal_conf.h_save
2025-07-22 20:18:06,459 [INFO] CodeEngine:345 - Generated code: C:\Users\nicks\STM32CubeIDE\workspace_1.19.0\AFR\WAYPOINTIFICATION\CM4\Core\Inc\stm32h7xx_hal_conf.h
2025-07-22 20:18:06,471 [WARN] IPConfigManager:3811 - IP not found : NVIC
2025-07-22 20:18:06,472 [WARN] CodeGenerator:4259 - IP not found : null
2025-07-22 20:18:06,478 [INFO] CodeEngine:265 - oldGeneratedFile, C:\Users\nicks\STM32CubeIDE\workspace_1.19.0\AFR\WAYPOINTIFICATION\CM4\Core\Inc\main.h_save
2025-07-22 20:18:06,524 [INFO] CodeEngine:289 - Generated code: C:\Users\nicks\STM32CubeIDE\workspace_1.19.0\AFR\WAYPOINTIFICATION\CM4\Core\Inc\main.h
2025-07-22 20:18:06,530 [INFO] CodeEngine:265 - oldGeneratedFile, C:\Users\nicks\STM32CubeIDE\workspace_1.19.0\AFR\WAYPOINTIFICATION\CM4\Core\Src\main.c_save
2025-07-22 20:18:06,598 [INFO] CodeEngine:289 - Generated code: C:\Users\nicks\STM32CubeIDE\workspace_1.19.0\AFR\WAYPOINTIFICATION\CM4\Core\Src\main.c
2025-07-22 20:18:06,990 [INFO] ProjectBuilder:3606 - Time for Copy HAL[1] : 236mS.
2025-07-22 20:18:07,003 [INFO] ProjectBuilder:5216 - Project Generator version: 4.7.0-B52
2025-07-22 20:18:07,056 [INFO] ConfigFileManager:1595 - The Die is : DIE450
2025-07-22 20:18:12,252 [INFO] ProjectBuilder:5496 - Time for Generating toolchain IDE Files: 5249mS.
2025-07-22 20:18:12,253 [INFO] ProjectBuilder:3463 - Time for Copy CMSIS : 1mS.
2025-07-22 20:18:12,258 [INFO] ProjectBuilder:3463 - Time for Copy CMSIS : 0mS.
2025-07-22 21:05:37,855 [ERROR] LogOutputStream:75 - [STDERR_REDIRECT] 
2025-07-22 22:25:15,137 [INFO] Activator:176 - 


2025-07-22 22:25:15,138 [INFO] Activator:177 - !SESSION log4j initialized
2025-07-22 22:25:18,869 [INFO] LogOutputStream:77 - [STDOUT_REDIRECT] 
2025-07-22 22:25:19,943 [INFO] ApplicationProperties:184 - Using Application install path: C:\ST\STM32CubeIDE_1.19.0\STM32CubeIDE\plugins\com.st.stm32cube.common.mx_6.15.0.202507011659
2025-07-22 22:25:19,954 [INFO] DbMcusXml:78 - Set database path to: C:\ST\STM32CubeIDE_1.19.0\STM32CubeIDE\plugins\com.st.stm32cube.common.mx_6.15.0.202507011659\\db\/mcu/
2025-07-22 22:25:19,955 [INFO] ApiDb:274 - Set plugin database path to: C:\ST\STM32CubeIDE_1.19.0\STM32CubeIDE\plugins\com.st.stm32cube.common.mx_6.15.0.202507011659\\db\/plugins/boardmanager/
2025-07-22 22:25:19,955 [WARN] ApiDb:259 - Overriding images path with different value:  => C:\ST\STM32CubeIDE_1.19.0\STM32CubeIDE\plugins\com.st.stm32cube.common.mx_6.15.0.202507011659\\db\/plugins/mcufinder/images/
2025-07-22 22:25:19,961 [INFO] ApiDb:250 - Set database path to: C:\Users\nicks\.stmcufinder\plugins\mcufinder//mcu/
2025-07-22 22:25:19,961 [INFO] DbMcusAds:125 - Set database path to: C:\Users\nicks\.stmcufinder\plugins\mcufinder//mcu/
2025-07-22 22:25:19,963 [INFO] CrossReferenceDbSqlite:203 - Set database path to: C:\Users\nicks\.stmcufinder\plugins\mcufinder//mcu/cs/
2025-07-22 22:25:20,027 [INFO] RulesReader:64 - Compatibility file has been processed (317 Rules)
2025-07-22 22:25:20,085 [INFO] DbMcusXml:78 - Set database path to: C:\ST\STM32CubeIDE_1.19.0\STM32CubeIDE\plugins\com.st.stm32cube.common.mx_6.15.0.202507011659\\db\/mcu/
2025-07-22 22:25:20,085 [INFO] ApiDb:274 - Set plugin database path to: C:\ST\STM32CubeIDE_1.19.0\STM32CubeIDE\plugins\com.st.stm32cube.common.mx_6.15.0.202507011659\\db\/plugins/boardmanager/
2025-07-22 22:25:20,085 [INFO] ApiDb:261 - Set plugin images path to: C:\ST\STM32CubeIDE_1.19.0\STM32CubeIDE\plugins\com.st.stm32cube.common.mx_6.15.0.202507011659\\db\/plugins/mcufinder/images/
2025-07-22 22:25:20,085 [WARN] DbFile:41 - Overriding database path with different value: C:\Users\nicks\.stmcufinder\plugins\mcufinder/ => C:\Users\nicks\.stmcufinder\plugins\mcufinder
2025-07-22 22:25:20,085 [INFO] ApiDb:250 - Set database path to: C:\Users\nicks\.stmcufinder\plugins\mcufinder//mcu/
2025-07-22 22:25:20,085 [WARN] DbFile:41 - Overriding database path with different value: C:\Users\nicks\.stmcufinder\plugins\mcufinder/ => C:\Users\nicks\.stmcufinder\plugins\mcufinder
2025-07-22 22:25:20,085 [INFO] DbMcusAds:125 - Set database path to: C:\Users\nicks\.stmcufinder\plugins\mcufinder//mcu/
2025-07-22 22:25:20,085 [WARN] DbFile:41 - Overriding database path with different value: C:\Users\nicks\.stmcufinder\plugins\mcufinder/ => C:\Users\nicks\.stmcufinder\plugins\mcufinder
2025-07-22 22:25:20,085 [WARN] DbFile:41 - Overriding database path with different value: C:\Users\nicks\.stmcufinder\plugins\mcufinder/ => C:\Users\nicks\.stmcufinder\plugins\mcufinder
2025-07-22 22:25:20,085 [INFO] CrossReferenceDbSqlite:203 - Set database path to: C:\Users\nicks\.stmcufinder\plugins\mcufinder//mcu/cs/
2025-07-22 22:25:20,137 [INFO] MainPanel:274 - HeapMemory: 268435456
2025-07-22 22:25:20,211 [INFO] DbMcusXml:78 - Set database path to: C:\ST\STM32CubeIDE_1.19.0\STM32CubeIDE\plugins\com.st.stm32cube.common.mx_6.15.0.202507011659\\db\/mcu/
2025-07-22 22:25:20,211 [INFO] ApiDb:274 - Set plugin database path to: C:\ST\STM32CubeIDE_1.19.0\STM32CubeIDE\plugins\com.st.stm32cube.common.mx_6.15.0.202507011659\\db\/plugins/boardmanager/
2025-07-22 22:25:20,211 [INFO] ApiDb:261 - Set plugin images path to: C:\ST\STM32CubeIDE_1.19.0\STM32CubeIDE\plugins\com.st.stm32cube.common.mx_6.15.0.202507011659\\db\/plugins/mcufinder/images/
2025-07-22 22:25:20,211 [WARN] DbFile:41 - Overriding database path with different value: C:\Users\nicks\.stmcufinder\plugins\mcufinder/ => C:\Users\nicks\.stmcufinder\plugins\mcufinder
2025-07-22 22:25:20,211 [INFO] ApiDb:250 - Set database path to: C:\Users\nicks\.stmcufinder\plugins\mcufinder//mcu/
2025-07-22 22:25:20,211 [WARN] DbFile:41 - Overriding database path with different value: C:\Users\nicks\.stmcufinder\plugins\mcufinder/ => C:\Users\nicks\.stmcufinder\plugins\mcufinder
2025-07-22 22:25:20,211 [INFO] DbMcusAds:125 - Set database path to: C:\Users\nicks\.stmcufinder\plugins\mcufinder//mcu/
2025-07-22 22:25:20,211 [WARN] DbFile:41 - Overriding database path with different value: C:\Users\nicks\.stmcufinder\plugins\mcufinder/ => C:\Users\nicks\.stmcufinder\plugins\mcufinder
2025-07-22 22:25:20,211 [WARN] DbFile:41 - Overriding database path with different value: C:\Users\nicks\.stmcufinder\plugins\mcufinder/ => C:\Users\nicks\.stmcufinder\plugins\mcufinder
2025-07-22 22:25:20,212 [INFO] CrossReferenceDbSqlite:203 - Set database path to: C:\Users\nicks\.stmcufinder\plugins\mcufinder//mcu/cs/
2025-07-22 22:25:20,224 [INFO] ApplicationProperties:184 - Using Application install path: C:\ST\STM32CubeIDE_1.19.0\STM32CubeIDE\plugins\com.st.stm32cube.common.mx_6.15.0.202507011659
2025-07-22 22:25:20,225 [INFO] PluginManage:196 - Search for loadable plugins [exclusion list=, ]
2025-07-22 22:25:20,226 [INFO] PluginManage:310 - Check plugin analytics
2025-07-22 22:25:20,330 [INFO] AnalyticsPlugin:253 - Accepted Software Licenses: 
2025-07-22 22:25:20,330 [INFO] AnalyticsPlugin:255 - Accepted CMSIS Pack Licenses: 
2025-07-22 22:25:20,330 [INFO] AnalyticsPlugin:257 - Accepted Firmware Licenses: FW.F4.1.28.0,FW.H7.1.12.0
2025-07-22 22:25:20,332 [INFO] PluginManage:359 - Loaded plugin analytics (category:tool,tabindex:-1)
2025-07-22 22:25:20,332 [INFO] PluginManage:310 - Check plugin cadmodel
2025-07-22 22:25:20,337 [INFO] CADModel:105 - Init CAD model plugin
2025-07-22 22:25:20,337 [INFO] PluginManage:359 - Loaded plugin cadmodel (category:power,tabindex:5)
2025-07-22 22:25:20,337 [INFO] PluginManage:310 - Check plugin clock
2025-07-22 22:25:20,344 [INFO] PluginManage:359 - Loaded plugin clock (category:base,tabindex:2)
2025-07-22 22:25:20,344 [INFO] PluginManage:310 - Check plugin ddr
2025-07-22 22:25:20,345 [INFO] PluginManage:359 - Loaded plugin ddr (category:tool,tabindex:6)
2025-07-22 22:25:20,345 [INFO] PluginManage:310 - Check plugin filemanager
2025-07-22 22:25:20,447 [INFO] PluginManage:359 - Loaded plugin filemanager (category:base,tabindex:10)
2025-07-22 22:25:20,447 [INFO] PluginManage:310 - Check plugin ipmanager
2025-07-22 22:25:20,452 [INFO] PluginManage:359 - Loaded plugin ipmanager (category:base,tabindex:5)
2025-07-22 22:25:20,452 [INFO] PluginManage:310 - Check plugin lpbam
2025-07-22 22:25:20,458 [INFO] PluginManage:359 - Loaded plugin lpbam (category:base,tabindex:0)
2025-07-22 22:25:20,458 [INFO] PluginManage:310 - Check plugin memorymap
2025-07-22 22:25:20,468 [INFO] PluginManage:359 - Loaded plugin memorymap (category:base,tabindex:4)
2025-07-22 22:25:20,468 [INFO] PluginManage:310 - Check plugin pinoutandconfiguration
2025-07-22 22:25:20,474 [INFO] PluginManage:359 - Loaded plugin pinoutandconfiguration (category:base,tabindex:1)
2025-07-22 22:25:20,474 [INFO] PluginManage:310 - Check plugin pinoutconfig
2025-07-22 22:25:20,530 [WARN] SupportedApi:132 - Cannot load RTOS API schema: s4s-elt-must-match.1: The content of 'definitions' must match (annotation?, (simpleType | complexType)?, (unique | key | keyref)*)). A problem was found starting at: attribute.
2025-07-22 22:25:20,611 [INFO] PluginManage:359 - Loaded plugin pinoutconfig (category:base,tabindex:0)
2025-07-22 22:25:20,611 [INFO] PluginManage:310 - Check plugin power
2025-07-22 22:25:20,618 [INFO] PluginManage:359 - Loaded plugin power (category:power,tabindex:4)
2025-07-22 22:25:20,618 [INFO] PluginManage:310 - Check plugin projectmanager
2025-07-22 22:25:20,628 [INFO] PluginManage:359 - Loaded plugin projectmanager (category:projectmanager,tabindex:4)
2025-07-22 22:25:20,628 [INFO] PluginManage:310 - Check plugin rif
2025-07-22 22:25:20,635 [INFO] PluginManage:359 - Loaded plugin rif (category:base,tabindex:3)
2025-07-22 22:25:20,635 [INFO] PluginManage:310 - Check plugin thirdparty
2025-07-22 22:25:20,717 [INFO] PluginManage:359 - Loaded plugin thirdparty (category:base,tabindex:-1)
2025-07-22 22:25:20,718 [INFO] PluginManage:310 - Check plugin tools
2025-07-22 22:25:20,717 [WARN] IntegrityCheckThread:84 - waiting for thirdparty lock release [integrity check]
2025-07-22 22:25:20,718 [INFO] IntegrityCheckThread:86 - entering critical section [integrity check]
2025-07-22 22:25:20,718 [INFO] ThirdPartyUpdaterWithRetryManager:70 - Updater plugin not ready yet. [1/15]
2025-07-22 22:25:20,719 [INFO] PluginManage:359 - Loaded plugin tools (category:base,tabindex:7)
2025-07-22 22:25:20,720 [INFO] PluginManage:310 - Check plugin tutovideos
2025-07-22 22:25:20,851 [INFO] PluginManage:359 - Loaded plugin tutovideos (category:base,tabindex:-1)
2025-07-22 22:25:20,851 [INFO] PluginManage:310 - Check plugin updater
2025-07-22 22:25:20,865 [INFO] PluginManage:359 - Loaded plugin updater (category:base,tabindex:12)
2025-07-22 22:25:20,865 [INFO] PluginManage:310 - Check plugin userauth
2025-07-22 22:25:20,867 [INFO] UserAuth:118 - Init User Auth plugin
2025-07-22 22:25:20,868 [INFO] PluginManage:359 - Loaded plugin userauth (category:base,tabindex:14)
2025-07-22 22:25:20,868 [INFO] PluginManage:283 - PluginManage : Loaded plugins [18]
2025-07-22 22:25:21,001 [INFO] PinOutPanel:1589 - setPackage(No Configuration,No Configuration)
2025-07-22 22:25:21,057 [INFO] CADModel:165 - CPN selected for project level
2025-07-22 22:25:21,057 [INFO] CADModel:114 - Register for checkConnection events
2025-07-22 22:25:21,069 [INFO] IPUIPlugin:80 - create IPUIPlugin
2025-07-22 22:25:21,069 [INFO] PluginManager:220 - loadIPPluginJar : add adc
2025-07-22 22:25:21,071 [INFO] IPUIPlugin:80 - create IPUIPlugin
2025-07-22 22:25:21,071 [INFO] PluginManager:220 - loadIPPluginJar : add aes
2025-07-22 22:25:21,073 [INFO] IPUIPlugin:80 - create IPUIPlugin
2025-07-22 22:25:21,073 [INFO] PluginManager:220 - loadIPPluginJar : add can
2025-07-22 22:25:21,074 [INFO] IPUIPlugin:80 - create IPUIPlugin
2025-07-22 22:25:21,074 [INFO] PluginManager:220 - loadIPPluginJar : add comp
2025-07-22 22:25:21,075 [INFO] IPUIPlugin:80 - create IPUIPlugin
2025-07-22 22:25:21,075 [INFO] PluginManager:220 - loadIPPluginJar : add cryp
2025-07-22 22:25:21,077 [INFO] IPUIPlugin:80 - create IPUIPlugin
2025-07-22 22:25:21,077 [INFO] PluginManager:220 - loadIPPluginJar : add ddr_ctrl_phy
2025-07-22 22:25:21,079 [INFO] IPUIPlugin:80 - create IPUIPlugin
2025-07-22 22:25:21,079 [INFO] PluginManager:220 - loadIPPluginJar : add dfsdm
2025-07-22 22:25:21,082 [INFO] IPUIPlugin:80 - create IPUIPlugin
2025-07-22 22:25:21,082 [INFO] PluginManager:220 - loadIPPluginJar : add dma
2025-07-22 22:25:21,084 [INFO] IPUIPlugin:80 - create IPUIPlugin
2025-07-22 22:25:21,084 [INFO] PluginManager:220 - loadIPPluginJar : add dma3
2025-07-22 22:25:21,086 [INFO] IPUIPlugin:80 - create IPUIPlugin
2025-07-22 22:25:21,086 [INFO] PluginManager:220 - loadIPPluginJar : add extmemmanager
2025-07-22 22:25:21,087 [INFO] IPUIPlugin:80 - create IPUIPlugin
2025-07-22 22:25:21,087 [INFO] PluginManager:220 - loadIPPluginJar : add fatfs
2025-07-22 22:25:21,090 [INFO] IPUIPlugin:80 - create IPUIPlugin
2025-07-22 22:25:21,090 [INFO] PluginManager:220 - loadIPPluginJar : add fmc
2025-07-22 22:25:21,095 [INFO] IPUIPlugin:80 - create IPUIPlugin
2025-07-22 22:25:21,095 [INFO] PluginManager:220 - loadIPPluginJar : add freertos
2025-07-22 22:25:21,096 [INFO] IPUIPlugin:80 - create IPUIPlugin
2025-07-22 22:25:21,096 [INFO] PluginManager:220 - loadIPPluginJar : add genericplugin
2025-07-22 22:25:21,098 [INFO] IPUIPlugin:80 - create IPUIPlugin
2025-07-22 22:25:21,098 [INFO] PluginManager:220 - loadIPPluginJar : add gfxmmu
2025-07-22 22:25:21,101 [INFO] IPUIPlugin:80 - create IPUIPlugin
2025-07-22 22:25:21,101 [INFO] PluginManager:220 - loadIPPluginJar : add gic
2025-07-22 22:25:21,104 [INFO] IPUIPlugin:80 - create IPUIPlugin
2025-07-22 22:25:21,104 [INFO] PluginManager:220 - loadIPPluginJar : add gpio
2025-07-22 22:25:21,105 [INFO] IPUIPlugin:80 - create IPUIPlugin
2025-07-22 22:25:21,105 [INFO] PluginManager:220 - loadIPPluginJar : add gtzc
2025-07-22 22:25:21,107 [INFO] IPUIPlugin:80 - create IPUIPlugin
2025-07-22 22:25:21,107 [INFO] PluginManager:220 - loadIPPluginJar : add hash
2025-07-22 22:25:21,108 [INFO] IPUIPlugin:80 - create IPUIPlugin
2025-07-22 22:25:21,108 [INFO] PluginManager:220 - loadIPPluginJar : add i2c
2025-07-22 22:25:21,110 [INFO] IPUIPlugin:80 - create IPUIPlugin
2025-07-22 22:25:21,110 [INFO] PluginManager:220 - loadIPPluginJar : add i2s
2025-07-22 22:25:21,112 [INFO] IPUIPlugin:80 - create IPUIPlugin
2025-07-22 22:25:21,112 [INFO] PluginManager:220 - loadIPPluginJar : add i3c
2025-07-22 22:25:21,114 [INFO] IPUIPlugin:80 - create IPUIPlugin
2025-07-22 22:25:21,114 [INFO] PluginManager:220 - loadIPPluginJar : add ipddr
2025-07-22 22:25:21,118 [INFO] IPUIPlugin:80 - create IPUIPlugin
2025-07-22 22:25:21,118 [INFO] PluginManager:220 - loadIPPluginJar : add linkedlist
2025-07-22 22:25:21,120 [INFO] IPUIPlugin:80 - create IPUIPlugin
2025-07-22 22:25:21,120 [INFO] PluginManager:220 - loadIPPluginJar : add lorawan
2025-07-22 22:25:21,121 [INFO] IPUIPlugin:80 - create IPUIPlugin
2025-07-22 22:25:21,121 [INFO] PluginManager:220 - loadIPPluginJar : add ltdc
2025-07-22 22:25:21,124 [INFO] IPUIPlugin:80 - create IPUIPlugin
2025-07-22 22:25:21,124 [INFO] PluginManager:220 - loadIPPluginJar : add mdma
2025-07-22 22:25:21,126 [INFO] IPUIPlugin:80 - create IPUIPlugin
2025-07-22 22:25:21,126 [INFO] PluginManager:220 - loadIPPluginJar : add nvic
2025-07-22 22:25:21,128 [INFO] IPUIPlugin:80 - create IPUIPlugin
2025-07-22 22:25:21,128 [INFO] PluginManager:220 - loadIPPluginJar : add opamp
2025-07-22 22:25:21,130 [INFO] IPUIPlugin:80 - create IPUIPlugin
2025-07-22 22:25:21,130 [INFO] PluginManager:220 - loadIPPluginJar : add openamp
2025-07-22 22:25:21,132 [INFO] IPUIPlugin:80 - create IPUIPlugin
2025-07-22 22:25:21,132 [INFO] PluginManager:220 - loadIPPluginJar : add pdm2pcm
2025-07-22 22:25:21,136 [INFO] IPUIPlugin:80 - create IPUIPlugin
2025-07-22 22:25:21,137 [INFO] PluginManager:220 - loadIPPluginJar : add plateformsettings
2025-07-22 22:25:21,138 [INFO] IPUIPlugin:80 - create IPUIPlugin
2025-07-22 22:25:21,138 [INFO] PluginManager:220 - loadIPPluginJar : add quadspi
2025-07-22 22:25:21,139 [INFO] IPUIPlugin:80 - create IPUIPlugin
2025-07-22 22:25:21,140 [INFO] PluginManager:220 - loadIPPluginJar : add radio
2025-07-22 22:25:21,142 [INFO] IPUIPlugin:80 - create IPUIPlugin
2025-07-22 22:25:21,142 [INFO] PluginManager:220 - loadIPPluginJar : add resmgrutility
2025-07-22 22:25:21,145 [INFO] IPUIPlugin:80 - create IPUIPlugin
2025-07-22 22:25:21,145 [INFO] PluginManager:220 - loadIPPluginJar : add sai
2025-07-22 22:25:21,146 [INFO] IPUIPlugin:80 - create IPUIPlugin
2025-07-22 22:25:21,146 [INFO] PluginManager:220 - loadIPPluginJar : add spi
2025-07-22 22:25:21,150 [INFO] IPUIPlugin:80 - create IPUIPlugin
2025-07-22 22:25:21,150 [INFO] PluginManager:220 - loadIPPluginJar : add stm32_wpan
2025-07-22 22:25:21,152 [INFO] IPUIPlugin:80 - create IPUIPlugin
2025-07-22 22:25:21,152 [INFO] PluginManager:220 - loadIPPluginJar : add tim
2025-07-22 22:25:21,154 [INFO] IPUIPlugin:80 - create IPUIPlugin
2025-07-22 22:25:21,154 [INFO] PluginManager:220 - loadIPPluginJar : add touchsensing
2025-07-22 22:25:21,155 [INFO] IPUIPlugin:80 - create IPUIPlugin
2025-07-22 22:25:21,155 [INFO] PluginManager:220 - loadIPPluginJar : add tracer_emb
2025-07-22 22:25:21,156 [INFO] IPUIPlugin:80 - create IPUIPlugin
2025-07-22 22:25:21,156 [INFO] PluginManager:220 - loadIPPluginJar : add ts
2025-07-22 22:25:21,157 [INFO] IPUIPlugin:80 - create IPUIPlugin
2025-07-22 22:25:21,157 [INFO] PluginManager:220 - loadIPPluginJar : add tsc
2025-07-22 22:25:21,158 [INFO] IPUIPlugin:80 - create IPUIPlugin
2025-07-22 22:25:21,158 [INFO] PluginManager:220 - loadIPPluginJar : add ucpd
2025-07-22 22:25:21,160 [INFO] IPUIPlugin:80 - create IPUIPlugin
2025-07-22 22:25:21,160 [INFO] PluginManager:220 - loadIPPluginJar : add usart
2025-07-22 22:25:21,162 [INFO] IPUIPlugin:80 - create IPUIPlugin
2025-07-22 22:25:21,162 [INFO] PluginManager:220 - loadIPPluginJar : add usbx
2025-07-22 22:25:21,270 [FATAL] Updater:351 - Updater called before beeing initialized
2025-07-22 22:25:21,287 [INFO] RulesReader:64 - Compatibility file has been processed (317 Rules)
2025-07-22 22:25:21,294 [INFO] RulesReader:64 - Compatibility file has been processed (317 Rules)
2025-07-22 22:25:21,298 [INFO] CADModel:165 - CPN selected for project level
2025-07-22 22:25:21,298 [INFO] CADModel:114 - Register for checkConnection events
2025-07-22 22:25:21,298 [FATAL] Updater:351 - Updater called before beeing initialized
2025-07-22 22:25:21,299 [ERROR] CADModel:125 - Updater not yet initialized, retry later 
2025-07-22 22:25:21,394 [FATAL] Updater:351 - Updater called before beeing initialized
2025-07-22 22:25:21,396 [INFO] CADModel:165 - CPN selected for project level
2025-07-22 22:25:21,396 [INFO] CADModel:114 - Register for checkConnection events
2025-07-22 22:25:21,396 [FATAL] Updater:351 - Updater called before beeing initialized
2025-07-22 22:25:21,396 [ERROR] CADModel:125 - Updater not yet initialized, retry later 
2025-07-22 22:25:21,398 [FATAL] Updater:351 - Updater called before beeing initialized
2025-07-22 22:25:21,472 [FATAL] Updater:351 - Updater called before beeing initialized
2025-07-22 22:25:21,474 [INFO] DbMcusAds:53 - JSON generation date=Tue Jul 08 18:14:23 AEST 2025 (1751962463524)
2025-07-22 22:25:21,474 [FATAL] Updater:351 - Updater called before beeing initialized
2025-07-22 22:25:21,503 [WARN] DetailPanel:346 - Failed to get advertising image, set to default
2025-07-22 22:25:21,583 [FATAL] Updater:351 - Updater called before beeing initialized
2025-07-22 22:25:21,584 [FATAL] Updater:351 - Updater called before beeing initialized
2025-07-22 22:25:21,584 [FATAL] Updater:351 - Updater called before beeing initialized
2025-07-22 22:25:21,584 [WARN] DetailPanel:346 - Failed to get advertising image, set to default
2025-07-22 22:25:21,585 [FATAL] Updater:351 - Updater called before beeing initialized
2025-07-22 22:25:21,616 [ERROR] Updater:1198 - MainUpdater not yet initialized. External WinMGr cannot be set.
2025-07-22 22:25:21,617 [INFO] Updater:1134 - Updater Version found : 6.15.0
2025-07-22 22:25:21,627 [INFO] ApplicationProperties:184 - Using Application install path: C:\ST\STM32CubeIDE_1.19.0\STM32CubeIDE\plugins\com.st.stm32cube.common.mx_6.15.0.202507011659
2025-07-22 22:25:21,870 [INFO] MainUpdater:2872 - connection check result : 10
2025-07-22 22:25:21,870 [INFO] MainUpdater:3604 - Updater definition file requires update
2025-07-22 22:25:21,871 [INFO] MainUpdater:289 - Updater Check For Update Now.
2025-07-22 22:25:21,871 [INFO] MicroXplorer:498 - Change Database Version : DB.6.0.150
2025-07-22 22:25:21,874 [INFO] McuFinderGlobals:63 - Set McuFinder mode to 2 (CubeIDE integrated)
2025-07-22 22:25:21,874 [INFO] UserAuth:487 - Internet connection configuration mode: 1
2025-07-22 22:25:21,887 [INFO] JxBrowserEngine:152 - Initiate JxBrowser Engine with user profile folder
2025-07-22 22:25:21,930 [INFO] ServerAccessManage:452 - Complete download http(s) 200
2025-07-22 22:25:21,931 [INFO] ServerAccessManage:509 - Download File updaters.zip
2025-07-22 22:25:21,982 [INFO] FileExtend:248 - Unzip File : updaters.zip
2025-07-22 22:25:21,982 [INFO] FileExtend:263 - Standard Zip Deflate
2025-07-22 22:25:22,247 [INFO] ServerAccessManage:452 - Complete download http(s) 200
2025-07-22 22:25:22,247 [INFO] ServerAccessManage:509 - Download File PacksControlFlags.xml
2025-07-22 22:25:22,368 [INFO] ServerAccessManage:452 - Complete download http(s) 200
2025-07-22 22:25:22,369 [INFO] ServerAccessManage:509 - Download File cubemx.pidx
2025-07-22 22:25:22,618 [INFO] LoadServerUpdatesThread:375 - End of LoadServerUpdate Thread
2025-07-22 22:25:22,657 [INFO] WebApp:169 - Instantiating new browser for Auth
2025-07-22 22:25:22,757 [INFO] CheckServerUpdateThread:120 - End of CheckServer Thread
2025-07-22 22:25:23,114 [INFO] WebApp:463 - Apply proxy settings
2025-07-22 22:25:23,114 [INFO] WebApp:548 - Chromium requires no authentication
2025-07-22 22:25:23,120 [INFO] WebApp:491 - Direct internet connection detected
2025-07-22 22:25:23,138 [INFO] WebApp:900 - Register for checkConnection events
2025-07-22 22:25:23,138 [INFO] WebApp:463 - Apply proxy settings
2025-07-22 22:25:23,138 [INFO] WebApp:548 - Chromium requires no authentication
2025-07-22 22:25:23,138 [INFO] WebApp:491 - Direct internet connection detected
2025-07-22 22:25:23,247 [INFO] WebApp:225 - Starting web application
2025-07-22 22:25:23,248 [INFO] WebApp:593 - Web application path used C:\ST\STM32CubeIDE_1.19.0\STM32CubeIDE\plugins\com.st.stm32cube.common.mx_6.15.0.202507011659\db\plugins\mcufinder\reactClient1\index.html
2025-07-22 22:25:23,301 [INFO] UserAuth:487 - Internet connection configuration mode: 1
2025-07-22 22:25:23,530 [INFO] WebApp:191 - Connection restablished
2025-07-22 22:25:23,934 [WARN] PackLoader:240 - Cannot read IP mode file for STMicroelectronics.FP-SNS-MOTENVWB1.1.4.0
2025-07-22 22:25:23,939 [WARN] PackLoader:240 - Cannot read IP mode file for STMicroelectronics.FP-ATR-ASTRA1.2.0.2
2025-07-22 22:25:23,942 [WARN] PackLoader:240 - Cannot read IP mode file for STMicroelectronics.FP-ATR-ASTRA1.2.0.1
2025-07-22 22:25:23,947 [WARN] PackLoader:240 - Cannot read IP mode file for STMicroelectronics.X-CUBE-SMBUS.2.1.0
2025-07-22 22:25:23,952 [WARN] PackLoader:240 - Cannot read IP mode file for STMicroelectronics.X-CUBE-WB05N.1.1.0
2025-07-22 22:25:23,956 [WARN] PackLoader:240 - Cannot read IP mode file for STMicroelectronics.X-CUBE-ST60.1.0.0
2025-07-22 22:25:23,974 [WARN] PackLoader:240 - Cannot read IP mode file for STMicroelectronics.X-CUBE-AZRTOS-F7.1.1.0
2025-07-22 22:25:23,980 [WARN] PackLoader:240 - Cannot read IP mode file for STMicroelectronics.FP-SNS-FLIGHT1.5.0.2
2025-07-22 22:25:23,998 [WARN] PackLoader:240 - Cannot read IP mode file for Infineon.AIROC-Wi-Fi-Bluetooth-STM32.1.7.0
2025-07-22 22:25:24,015 [WARN] PackLoader:240 - Cannot read IP mode file for STMicroelectronics.X-CUBE-AZRTOS-H7.3.4.0
2025-07-22 22:25:24,023 [WARN] PackLoader:240 - Cannot read IP mode file for STMicroelectronics.X-CUBE-DISPLAY.3.0.0
2025-07-22 22:25:24,031 [WARN] PackLoader:240 - Cannot read IP mode file for STMicroelectronics.X-CUBE-NFC10.1.0.0
2025-07-22 22:25:24,038 [WARN] PackLoader:240 - Cannot read IP mode file for STMicroelectronics.X-CUBE-BLEMGR.4.0.0
2025-07-22 22:25:24,044 [WARN] PackLoader:240 - Cannot read IP mode file for emotas.I-CUBE-CANOPEN.1.3.0
2025-07-22 22:25:24,047 [WARN] ConditionMgr:438 - getConditionDescription Invalid condition id : Cortex-A Device cause : null
2025-07-22 22:25:24,054 [WARN] ConditionMgr:1044 - genDependencies : Invalid condition id : Cortex-A Device cause : null
2025-07-22 22:25:24,054 [WARN] ConditionMgr:1044 - genDependencies : Invalid condition id : Cortex-A Device cause : null
2025-07-22 22:25:24,054 [WARN] ConditionMgr:1044 - genDependencies : Invalid condition id : Cortex-A Device cause : null
2025-07-22 22:25:24,057 [WARN] PackLoader:240 - Cannot read IP mode file for STMicroelectronics.X-CUBE-AI.10.0.0
2025-07-22 22:25:24,061 [WARN] PackLoader:240 - Cannot read IP mode file for STMicroelectronics.FP-SNS-SMARTAG2.1.2.0
2025-07-22 22:25:24,063 [WARN] PackLoader:240 - Cannot read IP mode file for STMicroelectronics.FP-SNS-FLIGHT1.5.1.0
2025-07-22 22:25:24,072 [INFO] LogOutputStream:77 - [STDOUT_REDIRECT] 1 : Invalid condition id : UX_CORESTACK_Condition cause : null
2025-07-22 22:25:24,072 [INFO] LogOutputStream:77 - [STDOUT_REDIRECT] 1 : Invalid condition id : UX_CORESTACK_Condition cause : null
2025-07-22 22:25:24,073 [INFO] LogOutputStream:77 - [STDOUT_REDIRECT] 1 : Invalid condition id : UX_CORESTACK_Condition cause : null
2025-07-22 22:25:24,074 [INFO] LogOutputStream:77 - [STDOUT_REDIRECT] 1 : Invalid condition id : UX_CORESTACK_Condition cause : null
2025-07-22 22:25:24,074 [INFO] LogOutputStream:77 - [STDOUT_REDIRECT] 1 : Invalid condition id : UX_CORESTACK_Condition cause : null
2025-07-22 22:25:24,076 [WARN] PackLoader:240 - Cannot read IP mode file for STMicroelectronics.X-CUBE-AZRTOS-WL.2.0.0
2025-07-22 22:25:24,080 [WARN] PackLoader:240 - Cannot read IP mode file for STMicroelectronics.FP-SNS-MOTENV1.5.0.0
2025-07-22 22:25:24,085 [WARN] PackLoader:240 - Cannot read IP mode file for WES.I-CUBE-Cesium.1.3.0
2025-07-22 22:25:24,089 [WARN] PackLoader:240 - Cannot read IP mode file for STMicroelectronics.X-CUBE-BLE2.3.3.0
2025-07-22 22:25:24,093 [WARN] PackLoader:240 - Cannot read IP mode file for STMicroelectronics.X-CUBE-NFC9.1.0.0
2025-07-22 22:25:24,096 [WARN] PackLoader:240 - Cannot read IP mode file for STMicroelectronics.X-CUBE-BLE1.7.1.0
2025-07-22 22:25:24,100 [WARN] PackLoader:240 - Cannot read IP mode file for wolfSSL.I-CUBE-wolfMQTT.1.19.2
2025-07-22 22:25:24,104 [WARN] PackLoader:240 - Cannot read IP mode file for STMicroelectronics.X-CUBE-EEPRMA1.5.2.0
2025-07-22 22:25:24,109 [WARN] PackLoader:240 - Cannot read IP mode file for STMicroelectronics.X-CUBE-AI.10.1.0
2025-07-22 22:25:24,135 [WARN] PackLoader:240 - Cannot read IP mode file for STMicroelectronics.X-CUBE-MEMS1.11.2.0
2025-07-22 22:25:24,218 [WARN] PackLoader:240 - Cannot read IP mode file for STMicroelectronics.X-CUBE-AZRTOS-G0.1.1.0
2025-07-22 22:25:24,222 [WARN] PackLoader:240 - Cannot read IP mode file for STMicroelectronics.X-CUBE-SAFEA1.1.2.2
2025-07-22 22:25:24,226 [WARN] PackLoader:240 - Cannot read IP mode file for STMicroelectronics.X-CUBE-NFC4.3.0.0
2025-07-22 22:25:24,234 [WARN] PackLoader:240 - Cannot read IP mode file for EmbeddedOffice.I-CUBE-FS-RTOS.1.0.1
2025-07-22 22:25:24,239 [WARN] PackLoader:240 - Cannot read IP mode file for STMicroelectronics.X-CUBE-WB05N.2.0.0
2025-07-22 22:25:24,242 [WARN] PackLoader:240 - Cannot read IP mode file for wolfSSL.I-CUBE-wolfTPM.3.8.0
2025-07-22 22:25:24,245 [WARN] PackLoader:240 - Cannot read IP mode file for STMicroelectronics.X-CUBE-TCPP.4.2.0
2025-07-22 22:25:24,248 [WARN] PackLoader:240 - Cannot read IP mode file for RealThread.X-CUBE-RT-Thread_Nano.4.1.1
2025-07-22 22:25:24,251 [WARN] PackLoader:240 - Cannot read IP mode file for STMicroelectronics.FP-ATR-SIGFOX1.3.2.0
2025-07-22 22:25:24,254 [WARN] PackLoader:240 - Cannot read IP mode file for STMicroelectronics.X-CUBE-EEPRMA1.5.1.0
2025-07-22 22:25:24,257 [WARN] PackLoader:240 - Cannot read IP mode file for wolfSSL.I-CUBE-wolfSSL.5.7.6
2025-07-22 22:25:24,260 [WARN] PackLoader:240 - Cannot read IP mode file for ITTIA_DB.I-CUBE-ITTIADB.8.9.0
2025-07-22 22:25:24,264 [WARN] PackLoader:240 - Cannot read IP mode file for STMicroelectronics.X-CUBE-ST67W61.1.0.0
2025-07-22 22:25:24,277 [WARN] PackLoader:240 - Cannot read IP mode file for SEGGER.I-CUBE-embOS.1.3.1
2025-07-22 22:25:24,296 [WARN] PackLoader:240 - Cannot read IP mode file for STMicroelectronics.X-CUBE-ALGOBUILD.1.4.0
2025-07-22 22:25:24,319 [WARN] PackLoader:240 - Cannot read IP mode file for STMicroelectronics.X-CUBE-MEMS1.11.3.0
2025-07-22 22:25:24,382 [WARN] PackLoader:240 - Cannot read IP mode file for STMicroelectronics.X-CUBE-PM33A1.1.0.0
2025-07-22 22:25:24,389 [WARN] PackLoader:240 - Cannot read IP mode file for STMicroelectronics.X-CUBE-AZRTOS-F4.1.1.0
2025-07-22 22:25:24,394 [WARN] PackLoader:240 - Cannot read IP mode file for Avnet-IotConnect.X-CUBE-IoTC-DA16k-PMOD.1.0.0
2025-07-22 22:25:24,396 [WARN] PackLoader:240 - Cannot read IP mode file for STMicroelectronics.X-CUBE-ISPU.2.1.0
2025-07-22 22:25:24,400 [WARN] PackLoader:240 - Cannot read IP mode file for STMicroelectronics.X-CUBE-NFC12.1.0.0
2025-07-22 22:25:24,409 [WARN] PackLoader:240 - Cannot read IP mode file for STMicroelectronics.X-CUBE-AZRTOS-L5.2.0.0
2025-07-22 22:25:24,414 [WARN] PackLoader:240 - Cannot read IP mode file for STMicroelectronics.X-CUBE-NFC6.3.1.0
2025-07-22 22:25:24,419 [WARN] PackLoader:240 - Cannot read IP mode file for STMicroelectronics.X-CUBE-FREERTOS.1.3.1
2025-07-22 22:25:24,421 [WARN] PackLoader:240 - Cannot read IP mode file for STMicroelectronics.X-CUBE-FREERTOS.1.3.0
2025-07-22 22:25:24,423 [WARN] PackLoader:240 - Cannot read IP mode file for STMicroelectronics.X-CUBE-NFC7.1.0.1
2025-07-22 22:25:24,427 [WARN] PackLoader:240 - Cannot read IP mode file for STMicroelectronics.FP-SNS-STAIOTCFT.1.0.0
2025-07-22 22:25:24,430 [WARN] PackLoader:240 - Cannot read IP mode file for STMicroelectronics.X-CUBE-DPower.1.3.0
2025-07-22 22:25:24,437 [WARN] ConditionMgr:438 - getConditionDescription Invalid condition id : LAN8742 Phy interface Condition cause : null
2025-07-22 22:25:24,438 [WARN] PackLoader:240 - Cannot read IP mode file for STMicroelectronics.X-CUBE-AZRTOS-L4.2.0.0
2025-07-22 22:25:24,438 [WARN] ConditionMgr:1044 - genDependencies : Invalid condition id : LAN8742 Phy interface Condition cause : null
2025-07-22 22:25:24,438 [WARN] ConditionMgr:1044 - genDependencies : Invalid condition id : LAN8742 Phy interface Condition cause : null
2025-07-22 22:25:24,439 [WARN] ConditionMgr:1044 - genDependencies : Invalid condition id : LAN8742 Phy interface Condition cause : null
2025-07-22 22:25:24,442 [WARN] PackLoader:240 - Cannot read IP mode file for STMicroelectronics.X-CUBE-SFXS2LP1.4.0.0
2025-07-22 22:25:24,451 [WARN] PackLoader:240 - Cannot read IP mode file for STMicroelectronics.X-CUBE-AZRTOS-H7.3.3.0
2025-07-22 22:25:24,456 [WARN] PackLoader:240 - Cannot read IP mode file for STMicroelectronics.X-CUBE-BLEMGR.4.1.0
2025-07-22 22:25:24,463 [WARN] ConditionMgr:438 - getConditionDescription Invalid condition id : UX DEVICE CLASS RTOS Condition cause : null
2025-07-22 22:25:24,463 [WARN] ConditionMgr:438 - getConditionDescription Invalid condition id : UX DEVICE CLASS RTOS Condition cause : null
2025-07-22 22:25:24,464 [WARN] PackLoader:240 - Cannot read IP mode file for STMicroelectronics.X-CUBE-AZRTOS-WB.2.0.0
2025-07-22 22:25:24,464 [WARN] ConditionMgr:1044 - genDependencies : Invalid condition id : UX DEVICE CLASS RTOS Condition cause : null
2025-07-22 22:25:24,464 [WARN] ConditionMgr:1044 - genDependencies : Invalid condition id : UX DEVICE CLASS RTOS Condition cause : null
2025-07-22 22:25:24,464 [WARN] ConditionMgr:1044 - genDependencies : Invalid condition id : UX DEVICE CLASS RTOS Condition cause : null
2025-07-22 22:25:24,464 [WARN] ConditionMgr:1044 - genDependencies : Invalid condition id : UX DEVICE CLASS RTOS Condition cause : null
2025-07-22 22:25:24,464 [WARN] ConditionMgr:1044 - genDependencies : Invalid condition id : UX DEVICE CLASS RTOS Condition cause : null
2025-07-22 22:25:24,468 [WARN] PackLoader:240 - Cannot read IP mode file for STMicroelectronics.X-CUBE-GNSS1.7.0.1
2025-07-22 22:25:24,471 [WARN] PackLoader:240 - Cannot read IP mode file for STMicroelectronics.X-CUBE-TOUCHGFX.4.25.0
2025-07-22 22:25:24,476 [WARN] PackLoader:240 - Cannot read IP mode file for STMicroelectronics.X-CUBE-SUBG2.5.0.0
2025-07-22 22:25:24,486 [WARN] PackLoader:240 - Cannot read IP mode file for STMicroelectronics.X-CUBE-AZRTOS-H7RS.1.1.0
2025-07-22 22:25:24,490 [WARN] PackLoader:240 - Cannot read IP mode file for Cesanta.I-CUBE-Mongoose.7.13.0
2025-07-22 22:25:24,496 [WARN] PackLoader:240 - Cannot read IP mode file for STMicroelectronics.X-CUBE-AZRTOS-G4.2.0.0
2025-07-22 22:25:24,500 [WARN] PackLoader:240 - Cannot read IP mode file for wolfSSL.I-CUBE-wolfSSH.1.4.20
2025-07-22 22:25:24,502 [WARN] PackLoader:240 - Cannot read IP mode file for STMicroelectronics.X-CUBE-NFC7.2.0.0
2025-07-22 22:25:24,512 [WARN] PackLoader:240 - Cannot read IP mode file for STMicroelectronics.X-CUBE-IPS.3.1.0
2025-07-22 22:25:24,516 [WARN] PackLoader:240 - Cannot read IP mode file for STMicroelectronics.X-CUBE-ALS.1.0.2
2025-07-22 22:25:24,519 [WARN] PackLoader:240 - Cannot read IP mode file for portGmbH.I-Cube-SoM-uGOAL.1.1.0
2025-07-22 22:25:24,524 [WARN] PackLoader:240 - Cannot read IP mode file for STMicroelectronics.X-CUBE-TOF1.3.4.3
2025-07-22 22:25:24,529 [INFO] ThirdParty:978 - Integrity check success = true
2025-07-22 22:25:24,529 [INFO] IntegrityCheckThread:100 - exiting critical section [integrity check]
2025-07-22 22:25:24,529 [INFO] IntegrityCheckThread:103 - End integrity checks thread
2025-07-22 22:26:54,611 [INFO] McuFinderGlobals:63 - Set McuFinder mode to 2 (CubeIDE integrated)
2025-07-22 22:26:54,614 [INFO] MainUpdater:2872 - connection check result : 10
2025-07-22 22:26:54,800 [INFO] ApiDb:581 - Connected to CubeFinder SQLite database (C:\Users\nicks\.stmcufinder\plugins\mcufinder\mcu\cube-finder-db.db)
2025-07-22 22:26:54,896 [INFO] ApiDb:668 - CubeFinder database Data Model version=2.1
2025-07-22 22:26:54,896 [INFO] ApiDb:669 - CubeFinder database Configuration version=3.0.39
2025-07-22 22:26:54,896 [INFO] ApiDb:670 - CubeFinder database generation date=2025-07-18 (1752785937)
2025-07-22 22:26:54,896 [INFO] ApiDb:671 - CubeFinder database FW Pack versions=[FP-ATR-ASTRA1_V2.0.0, FP-SNS-FLIGHT1_V5.1.0, FP-SNS-MOTENV1_V5.0.0, FP-SNS-MOTENVWB1_V1.4.0, FP-SNS-SMARTAG2_V1.2.0, FP-SNS-STBOX1_V2.0.0, STM32Cube_FW_C0_V1.4.0, STM32Cube_FW_F4_V1.28.2, STM32Cube_FW_F7_V1.17.3, STM32Cube_FW_G0_V1.6.2, STM32Cube_FW_G4_V1.6.1, STM32Cube_FW_H5_V1.5.0, STM32Cube_FW_H7RS_V1.2.0, STM32Cube_FW_H7_V1.12.1, STM32Cube_FW_L0_V1.12.2, STM32Cube_FW_L4_V1.18.1, STM32Cube_FW_L5_V1.5.1, STM32Cube_FW_N6_V1.2.0, STM32Cube_FW_U0_V1.3.0, STM32Cube_FW_U3_V1.2.0, STM32Cube_FW_U5_V1.8.0, STM32Cube_FW_WB0_V1.3.0, STM32Cube_FW_WBA_V1.7.0, STM32Cube_FW_WB_V1.23.0, STM32Cube_FW_WL3_V1.2.0, STM32Cube_FW_WL_V1.3.1, X-CUBE-ALGOBUILD_V1.4.0, X-CUBE-ALS_V1.0.2, X-CUBE-AZRTOS-F4_V1.1.0, X-CUBE-AZRTOS-F7_V1.1.0, X-CUBE-AZRTOS-G0_V1.1.0, X-CUBE-AZRTOS-G4_V2.0.0, X-CUBE-AZRTOS-H7RS_V1.1.0, X-CUBE-AZRTOS-H7_V3.3.0, X-CUBE-AZRTOS-L4_V2.0.0, X-CUBE-AZRTOS-L5_V2.0.0, X-CUBE-AZRTOS-WB_V2.0.0, X-CUBE-AZRTOS-WL_V2.0.0, X-CUBE-BLE1_V7.1.0, X-CUBE-BLE2_V3.3.0, X-CUBE-BLEMGR_V4.0.0, X-CUBE-EEPRMA1_V5.1.0, X-CUBE-FREERTOS_V1.3.1, X-CUBE-GNSS1_V6.0.0, X-CUBE-MEMS1_V11.3.0, X-CUBE-NFC4_V3.0.0, X-CUBE-NFC7_V2.0.0, X-CUBE-SFXS2LP1_V4.0.0, X-CUBE-SUBG2_V5.0.0, X-CUBE-TOF1_V3.4.3]
2025-07-22 22:26:57,206 [INFO] ApiDb:240 - Found 880 in-development CPN: [B-G473E-ZEST1S, B-WB1M-WPAN1, B-WBA5M-WPAN, B-WL5M-SUBG1, NUCLEO-C031C6, NUCLEO-C051C8, NUCLEO-C071RB, NUCLEO-C092RC, NUCLEO-H503RB, NUCLEO-H533RE, NUCLEO-H563ZI, NUCLEO-H7S3L8, NUCLEO-N657X0-Q, NUCLEO-U031R8, NUCLEO-U083RC, NUCLEO-U385RG-Q, NUCLEO-U545RE-Q, NUCLEO-U5A5ZJ-Q, NUCLEO-WB05KZ, NUCLEO-WB07CC, NUCLEO-WB09KE, NUCLEO-WBA52CG, NUCLEO-WBA55CG, NUCLEO-WL33CC1, NUCLEO-WL33CC2, STEVAL-PROTEUS1, STEVAL-SMARTAG2, STEVAL-STWINBX1, STM320518-EVAL, STM32C0116-DK, STM32C011D6Y3TR, STM32C011D6Y6TR, STM32C011F4P3, STM32C011F4P6, STM32C011F4U3, STM32C011F4U6TR, STM32C011F6P3, STM32C011F6P6, STM32C011F6U3, STM32C011F6U6TR, STM32C011J4M3, STM32C011J4M6, STM32C011J6M3, STM32C011J6M6, STM32C0316-DK, STM32C031C4T3, STM32C031C4T6, STM32C031C4U3, STM32C031C4U6, STM32C031C6T3, STM32C031C6T6, STM32C031C6U3, STM32C031C6U6, STM32C031F4P3, STM32C031F4P6, STM32C031F6P3, STM32C031F6P6, STM32C031G4U3, STM32C031G4U6, STM32C031G6U3, STM32C031G6U6, STM32C031K4T3, STM32C031K4T6, STM32C031K4U3, STM32C031K4U6, STM32C031K6T3, STM32C031K6T6, STM32C031K6U3, STM32C031K6U6, STM32C051C6T6, STM32C051C6U6, STM32C051C8T6, STM32C051C8U6, STM32C051D8Y6TR, STM32C051F6P6, STM32C051F8P6, STM32C051G6U6, STM32C051G8U6, STM32C051K6T6, STM32C051K6U6, STM32C051K8T6, STM32C071C8T6, STM32C071C8T6N, STM32C071C8U6, STM32C071C8U6N, STM32C071CBT6, STM32C071CBT6N, STM32C071CBU6, STM32C071CBU6N, STM32C071F8P6, STM32C071F8P6N, STM32C071FBP6, STM32C071FBP6N, STM32C071FBY6TR, STM32C071G8U6, STM32C071G8U6N, STM32C071GBU6, STM32C071GBU6N, STM32C071K8T6, STM32C071K8T6N, STM32C071K8U6, STM32C071K8U6N, STM32C071KBT6, STM32C071KBT6N, STM32C071KBU6, STM32C071KBU6N, STM32C071R8T6, STM32C071R8T6N, STM32C071RBI6N, STM32C071RBT6, STM32C071RBT6N, STM32C091CBT6, STM32C091CBU6, STM32C091CCT6, STM32C091CCU6, STM32C091ECY6TR, STM32C091FBP6, STM32C091FCP6, STM32C091GBU6, STM32C091GCU6, STM32C091KBT6, STM32C091KBU6, STM32C091KCT6, STM32C091KCU6, STM32C091RBT6, STM32C091RCI6, STM32C091RCT6, STM32C092CBT6, STM32C092CBU6, STM32C092CCT6, STM32C092CCU6, STM32C092ECY6TR, STM32C092FBP6, STM32C092FCP6, STM32C092GBU6, STM32C092GCU6, STM32C092KBT6, STM32C092KBU6, STM32C092KCT6, STM32C092KCU6, STM32C092RBT6, STM32C092RCI6, STM32C092RCT6, STM32G071K8TXN, STM32G071K8UXN, STM32G081GBU6N, STM32G081KBT6N, STM32G081KBUXN, STM32G0B1CCT6N, STM32G0B1KCT6, STM32G0B1NEY6TR, STM32G0B1RCT6N, STM32G0C1CCT6, STM32G0C1CCT6N, STM32G0C1CCU6N, STM32G0C1CET6N, STM32G0C1CEU6N, STM32G0C1KCT6, STM32G0C1NEY6TR, STM32G0C1RCI6N, STM32G0C1RCT6N, STM32G0C1REI6N, STM32G0C1RET6N, STM32G0C1VCI6, STM32G0C1VEI6, STM32G411C6T3, STM32G411C6T6, STM32G411C6U3, STM32G411C6U6, STM32G411C8T3, STM32G411C8T6, STM32G411C8U3, STM32G411C8U6, STM32G411CBT3, STM32G411CBT6, STM32G411CBU3, STM32G411CBU6, STM32G411K6T3, STM32G411K6T6, STM32G411K6U3, STM32G411K6U6, STM32G411K8T3, STM32G411K8T6, STM32G411K8U3, STM32G411K8U6, STM32G411KBT3, STM32G411KBT6, STM32G411KBU3, STM32G411KBU6, STM32G411M6T3, STM32G411M6T6, STM32G411M8T3, STM32G411M8T6, STM32G411MBT3, STM32G411MBT6, STM32G411R6T3, STM32G411R6T6, STM32G411R8T3, STM32G411R8T6, STM32G411RBT3, STM32G411RBT6, STM32G414CBT3, STM32G414CBT6, STM32G414CBU3, STM32G414CBU6, STM32G414CCT3, STM32G414CCT6, STM32G414CCU3, STM32G414CCU6, STM32G414MBT3, STM32G414MBT6, STM32G414MCT3, STM32G414MCT6, STM32G414RBT3, STM32G414RBT6, STM32G414RCT3, STM32G414RCT6, STM32G414VBT3, STM32G414VBT6, STM32G414VCT3, STM32G414VCT6, STM32G431CBT3Z, STM32G431RBT3Z, STM32G471CCT6, STM32G471CCU6, STM32G471CET3, STM32G471CET6, STM32G471CEU3, STM32G471CEU6, STM32G471MCT6, STM32G471MET3, STM32G471MET6, STM32G471MEY6TR, STM32G471QCT6, STM32G471QET3, STM32G471RCT6, STM32G471RET3, STM32G471RET6, STM32G471VCH6, STM32G471VCI6, STM32G471VCT6, STM32G471VEH3, STM32G471VEH6, STM32G471VEI3, STM32G471VEI6, STM32G471VET3, STM32G471VET6, STM32G473QET3Z, STM32G473RET3Z, STM32G474CCT6, STM32G491RET3Z, STM32H503CBT6, STM32H503CBU6, STM32H503EBY6TR, STM32H503KBU6, STM32H503RBT6, STM32H523CCT6, STM32H523CCU6, STM32H523CET6, STM32H523CEU6, STM32H523HEY6TR, STM32H523RCT6, STM32H523RET6, STM32H523VCI6, STM32H523VCT6, STM32H523VEI6, STM32H523VET6, STM32H523ZCJ6, STM32H523ZCT6, STM32H523ZEJ6, STM32H523ZET6, STM32H533CET6, STM32H533CEU6, STM32H533HEY6TR, STM32H533RET6, STM32H533VEI6, STM32H533VET6, STM32H533ZEJ6, STM32H533ZET6, STM32H562AGI6, STM32H562AII6, STM32H562IGK6, STM32H562IGT6, STM32H562IIK6, STM32H562IIT6, STM32H562RGT6, STM32H562RGV6, STM32H562RIT6, STM32H562RIV6, STM32H562VGT6, STM32H562VIT6, STM32H562ZGT6, STM32H562ZIT6, STM32H563AGI6, STM32H563AII3Q, STM32H563AII6, STM32H563IGK6, STM32H563IGT6, STM32H563IIK3Q, STM32H563IIK6, STM32H563IIT3Q, STM32H563IIT6, STM32H563MIY3QTR, STM32H563RGT6, STM32H563RGV6, STM32H563RIT6, STM32H563RIV6, STM32H563VGT6, STM32H563VIT3Q, STM32H563VIT6, STM32H563ZGT6, STM32H563ZIT3Q, STM32H563ZIT6, STM32H573AII3Q, STM32H573AII6, STM32H573I-DK, STM32H573IIK3Q, STM32H573IIK6, STM32H573IIT3Q, STM32H573IIT6, STM32H573MIY3QTR, STM32H573RIT6, STM32H573RIV6, STM32H573VIT3Q, STM32H573VIT6, STM32H573ZIT3Q, STM32H573ZIT6, STM32H7R3A8I6, STM32H7R3I8K6, STM32H7R3I8T6, STM32H7R3L8H6, STM32H7R3L8H6H, STM32H7R3R8V6, STM32H7R3V8H6, STM32H7R3V8T6, STM32H7R3V8Y6TR, STM32H7R3Z8J6, STM32H7R3Z8T6, STM32H7R7A8I6, STM32H7R7I8K6, STM32H7R7I8T6, STM32H7R7L8H6, STM32H7R7L8H6H, STM32H7R7Z8J6, STM32H7S3A8I6, STM32H7S3I8K6, STM32H7S3I8T6, STM32H7S3L8H6, STM32H7S3L8H6H, STM32H7S3R8V6, STM32H7S3V8H6, STM32H7S3V8T6, STM32H7S3V8Y6TR, STM32H7S3Z8J6, STM32H7S3Z8T6, STM32H7S78-DK, STM32H7S7A8I6, STM32H7S7I8K6, STM32H7S7I8T6, STM32H7S7L8H6, STM32H7S7L8H6H, STM32H7S7Z8J6, STM32L4R5QGI6STR, STM32MP131AAE3, STM32MP131AAF3, STM32MP131AAG3, STM32MP131CAE3, STM32MP131CAF3, STM32MP131CAG3, STM32MP131DAE7, STM32MP131DAF7, STM32MP131DAG7, STM32MP131FAE7, STM32MP131FAF7, STM32MP131FAG7, STM32MP133AAE3, STM32MP133AAF3, STM32MP133AAG3, STM32MP133CAE3, STM32MP133CAF3, STM32MP133CAG3, STM32MP133DAE7, STM32MP133DAF7, STM32MP133DAG7, STM32MP133FAE7, STM32MP133FAF7, STM32MP133FAG7, STM32MP135AAE3, STM32MP135AAF3, STM32MP135AAG3, STM32MP135CAE3, STM32MP135CAF3, STM32MP135CAG3, STM32MP135DAE7, STM32MP135DAF7, STM32MP135DAG7, STM32MP135F-DK, STM32MP135FAE7, STM32MP135FAF7, STM32MP135FAF7T, STM32MP135FAF7U, STM32MP135FAG7, STM32MP211AAL3, STM32MP211AAM3, STM32MP211AAN3, STM32MP211AAO3, STM32MP211CAL3, STM32MP211CAM3, STM32MP211CAN3, STM32MP211CAO3, STM32MP211DAL3, STM32MP211DAM3, STM32MP211DAN3, STM32MP211DAO3, STM32MP211FAL3, STM32MP211FAM3, STM32MP211FAN3, STM32MP211FAO3, STM32MP213AAL3, STM32MP213AAM3, STM32MP213AAN3, STM32MP213AAO3, STM32MP213CAL3, STM32MP213CAM3, STM32MP213CAN3, STM32MP213CAO3, STM32MP213DAL3, STM32MP213DAM3, STM32MP213DAN3, STM32MP213DAO3, STM32MP213FAL3, STM32MP213FAM3, STM32MP213FAN3, STM32MP213FAO3, STM32MP215AAL3, STM32MP215AAM3, STM32MP215AAN3, STM32MP215AAO3, STM32MP215CAL3, STM32MP215CAM3, STM32MP215CAN3, STM32MP215CAO3, STM32MP215DAL3, STM32MP215DAM3, STM32MP215DAN3, STM32MP215DAO3, STM32MP215F-DK, STM32MP215FAL3, STM32MP215FAM3, STM32MP215FAN3, STM32MP215FAO3, STM32MP231AAJ3, STM32MP231AAK3, STM32MP231AAL3, STM32MP231CAJ3, STM32MP231CAK3, STM32MP231CAL3, STM32MP231DAJ3, STM32MP231DAK3, STM32MP231DAL3, STM32MP231FAJ3, STM32MP231FAK3, STM32MP231FAL3, STM32MP233AAJ3, STM32MP233AAK3, STM32MP233AAL3, STM32MP233CAJ3, STM32MP233CAK3, STM32MP233CAL3, STM32MP233DAJ3, STM32MP233DAK3, STM32MP233DAL3, STM32MP233FAJ3, STM32MP233FAK3, STM32MP233FAL3, STM32MP235AAJ3, STM32MP235AAK3, STM32MP235AAL3, STM32MP235CAJ3, STM32MP235CAK3, STM32MP235CAL3, STM32MP235DAJ3, STM32MP235DAK3, STM32MP235DAL3, STM32MP235FAJ3, STM32MP235FAK3, STM32MP235FAL3, STM32MP251AAI3, STM32MP251AAK3, STM32MP251AAL3, STM32MP251CAI3, STM32MP251CAK3, STM32MP251CAL3, STM32MP251DAI3, STM32MP251DAK3, STM32MP251DAL3, STM32MP251FAI3, STM32MP251FAK3, STM32MP251FAL3, STM32MP253AAI3, STM32MP253AAK3, STM32MP253AAL3, STM32MP253CAI3, STM32MP253CAK3, STM32MP253CAL3, STM32MP253DAI3, STM32MP253DAK3, STM32MP253DAL3, STM32MP253FAI3, STM32MP253FAK3, STM32MP253FAL3, STM32MP255AAI3, STM32MP255AAK3, STM32MP255AAL3, STM32MP255CAI3, STM32MP255CAK3, STM32MP255CAL3, STM32MP255DAI3, STM32MP255DAK3, STM32MP255DAL3, STM32MP255FAI3, STM32MP255FAK3, STM32MP255FAL3, STM32MP257AAI3, STM32MP257AAK3, STM32MP257AAL3, STM32MP257CAI3, STM32MP257CAK3, STM32MP257CAL3, STM32MP257DAI3, STM32MP257DAK3, STM32MP257DAL3, STM32MP257F-DK, STM32MP257F-EV1, STM32MP257FAI3, STM32MP257FAK3, STM32MP257FAL3, STM32N645A0H3Q, STM32N645B0H3Q, STM32N645I0H3Q, STM32N645L0H3Q, STM32N645X0H3Q, STM32N645Z0H3Q, STM32N647A0H3Q, STM32N647B0H3Q, STM32N647I0H3Q, STM32N647L0H3Q, STM32N647X0H3Q, STM32N647Z0H3Q, STM32N655A0H3Q, STM32N655B0H3Q, STM32N655I0H3Q, STM32N655L0H3Q, STM32N655X0H3Q, STM32N655Z0H3Q, STM32N6570-DK, STM32N657A0H3Q, STM32N657B0H3Q, STM32N657I0H3Q, STM32N657L0H3Q, STM32N657X0H3Q, STM32N657Z0H3Q, STM32U031C6T6, STM32U031C6U6, STM32U031C8T6, STM32U031C8U6, STM32U031F4P6, STM32U031F6P6, STM32U031F8P6, STM32U031G6Y6TR, STM32U031G8Y6TR, STM32U031K4U6, STM32U031K6U6, STM32U031K8U6, STM32U031R6I6, STM32U031R6T6, STM32U031R8I6, STM32U031R8T6, STM32U073C8T6, STM32U073C8U6, STM32U073CBT6, STM32U073CBU6, STM32U073CCT6, STM32U073CCU6, STM32U073H8Y6TR, STM32U073HBY6TR, STM32U073HCY6TR, STM32U073K8U6, STM32U073KBU6, STM32U073KCU6, STM32U073M8I6, STM32U073M8T6, STM32U073MBI6, STM32U073MBT6, STM32U073MCI6, STM32U073MCT6, STM32U073R8I6, STM32U073R8T6, STM32U073RBI6, STM32U073RBT6, STM32U073RCI6, STM32U073RCT6, STM32U083C-DK, STM32U083CCT6, STM32U083CCU6, STM32U083HCY6TR, STM32U083KCU6, STM32U083MCI6, STM32U083MCT6, STM32U083RCI6, STM32U083RCT6, STM32U375CET6, STM32U375CET6Q, STM32U375CEU6, STM32U375CEU6Q, STM32U375CEY6QTR, STM32U375CGT6, STM32U375CGT6Q, STM32U375CGU6, STM32U375CGU6Q, STM32U375CGY6QTR, STM32U375KEU6, STM32U375KGU6, STM32U375REI6, STM32U375REI6Q, STM32U375RET6, STM32U375RET6Q, STM32U375REY6GTR, STM32U375REY6QTR, STM32U375RGI6, STM32U375RGI6Q, STM32U375RGT6, STM32U375RGT6Q, STM32U375RGY6GTR, STM32U375RGY6QTR, STM32U375VEI6, STM32U375VEI6Q, STM32U375VET6, STM32U375VET6Q, STM32U375VGI6, STM32U375VGI6Q, STM32U375VGT6, STM32U375VGT6Q, STM32U385CGT6, STM32U385CGT6Q, STM32U385CGU6, STM32U385CGU6Q, STM32U385CGY6QTR, STM32U385KGU6, STM32U385RGI6, STM32U385RGI6Q, STM32U385RGT6, STM32U385RGT6Q, STM32U385RGY6GTR, STM32U385RGY6QTR, STM32U385VGI6, STM32U385VGI6Q, STM32U385VGT6, STM32U385VGT6Q, STM32U535CBT6, STM32U535CBT6Q, STM32U535CBU6, STM32U535CBU6Q, STM32U535CCT6, STM32U535CCT6Q, STM32U535CCU6, STM32U535CCU6Q, STM32U535CET6, STM32U535CET6Q, STM32U535CEU6, STM32U535CEU6Q, STM32U535JEY6QTR, STM32U535NCY6QTR, STM32U535NEY6QTR, STM32U535RBI6, STM32U535RBI6Q, STM32U535RBT6, STM32U535RBT6Q, STM32U535RCI6, STM32U535RCI6Q, STM32U535RCT6, STM32U535RCT6Q, STM32U535REI6, STM32U535REI6Q, STM32U535RET6, STM32U535RET6Q, STM32U535VCI6, STM32U535VCI6Q, STM32U535VCT6, STM32U535VCT6Q, STM32U535VEI6, STM32U535VEI6Q, STM32U535VET6, STM32U535VET6Q, STM32U545CET6, STM32U545CET6Q, STM32U545CEU6, STM32U545CEU6Q, STM32U545JEY6QTR, STM32U545NEY6QTR, STM32U545REI6, STM32U545REI6Q, STM32U545RET6, STM32U545RET6Q, STM32U545VEI6, STM32U545VEI6Q, STM32U545VET6, STM32U545VET6Q, STM32U595AIH6, STM32U595AIH6Q, STM32U595AJH6, STM32U595AJH6Q, STM32U595QII6, STM32U595QII6Q, STM32U595QJI6, STM32U595QJI6Q, STM32U595RIT6, STM32U595RIT6Q, STM32U595RJT6, STM32U595RJT6Q, STM32U595VIT6, STM32U595VIT6Q, STM32U595VJT6, STM32U595VJT6Q, STM32U595ZIT6, STM32U595ZIT6Q, STM32U595ZIY6QTR, STM32U595ZJT6, STM32U595ZJT6Q, STM32U595ZJY6QTR, STM32U599BJY6QTR, STM32U599NIH6Q, STM32U599NJH6Q, STM32U599VIT6Q, STM32U599VJT6, STM32U599VJT6Q, STM32U599ZIT6Q, STM32U599ZIY6QTR, STM32U599ZJT6Q, STM32U599ZJY6QTR, STM32U5A5AJH6, STM32U5A5AJH6Q, STM32U5A5QII3Q , STM32U5A5QJI6, STM32U5A5QJI6Q, STM32U5A5RJT6, STM32U5A5RJT6Q, STM32U5A5VJT6, STM32U5A5VJT6Q, STM32U5A5ZJT6, STM32U5A5ZJT6Q, STM32U5A5ZJY6QTR, STM32U5A9BJY6QTR, STM32U5A9J-DK, STM32U5A9NJH6Q, STM32U5A9VJT6Q, STM32U5A9ZJT6Q, STM32U5A9ZJY6QTR, STM32U5F7VIT6, STM32U5F7VIT6Q, STM32U5F7VJT6, STM32U5F7VJT6Q, STM32U5F9BJY6QTR, STM32U5F9NJH6Q, STM32U5F9VIT6Q, STM32U5F9VJT6Q, STM32U5F9ZIJ6QTR, STM32U5F9ZIT6Q, STM32U5F9ZJJ6QTR, STM32U5F9ZJT6Q, STM32U5G7VJT6, STM32U5G7VJT6Q, STM32U5G9BJY6QTR, STM32U5G9J-DK1, STM32U5G9J-DK2, STM32U5G9NJH6Q, STM32U5G9VJT6Q, STM32U5G9ZJJ6QTR, STM32U5G9ZJT6Q, STM32WB05KZV6TR, STM32WB05KZV7TR, STM32WB05TZF6TR, STM32WB05TZF7TR, STM32WB06CCF6TR, STM32WB06CCF7TR, STM32WB06CCV6TR, STM32WB06CCV7TR, STM32WB06KCV6TR, STM32WB06KCV7TR, STM32WB07CCF6TR, STM32WB07CCF7TR, STM32WB07CCV6TR, STM32WB07CCV7TR, STM32WB07KCV6TR, STM32WB07KCV7TR, STM32WB09KEV6TR, STM32WB09KEV7TR, STM32WB09TEF6TR, STM32WB09TEF7TR, STM32WB1MMCH6, STM32WBA50KGU6, STM32WBA50KGU6TR, STM32WBA52CEU6, STM32WBA52CEU6TR, STM32WBA52CEU7, STM32WBA52CEU7TR, STM32WBA52CGU6, STM32WBA52CGU6TR, STM32WBA52CGU6U, STM32WBA52CGU7, STM32WBA52CGU7TR, STM32WBA52KEU6, STM32WBA52KEU6TR, STM32WBA52KGU6, STM32WBA52KGU6TR, STM32WBA54CEU6, STM32WBA54CEU6TR, STM32WBA54CEU7, STM32WBA54CEU7TR, STM32WBA54CGU6, STM32WBA54CGU6TR, STM32WBA54CGU7, STM32WBA54CGU7TR, STM32WBA54KEU6, STM32WBA54KEU6TR, STM32WBA54KEU7, STM32WBA54KEU7TR, STM32WBA54KGU6, STM32WBA54KGU6TR, STM32WBA54KGU7, STM32WBA54KGU7TR, STM32WBA55CEU6, STM32WBA55CEU6TR, STM32WBA55CEU7, STM32WBA55CEU7TR, STM32WBA55CGU6, STM32WBA55CGU6TR, STM32WBA55CGU6U, STM32WBA55CGU7, STM32WBA55CGU7TR, STM32WBA55G-DK1, STM32WBA55HEF6, STM32WBA55HEF7, STM32WBA55HGF6, STM32WBA55HGF7, STM32WBA55UEI6, STM32WBA55UEI6TR, STM32WBA55UEI7, STM32WBA55UEI7TR, STM32WBA55UGI6, STM32WBA55UGI6TR, STM32WBA55UGI7, STM32WBA55UGI7TR, STM32WBA5MMGH6TR, STM32WBA62MGF6, STM32WBA62MIF6, STM32WBA65MGF7, STM32WBA65MIF6, STM32WBA65MIF7, STM32WL30K8V6, STM32WL30KBV6, STM32WL31C8V6, STM32WL31CBV6, STM32WL31K8V6, STM32WL31KBV6, STM32WL33C8V6, STM32WL33C8V6X, STM32WL33CBV6, STM32WL33CBV6X, STM32WL33CCV6, STM32WL33CCV6A, STM32WL33CCV6X, STM32WL33K8V7, STM32WL33K8V7X, STM32WL33KBV7 , STM32WL33KBV7X, STM32WL33KCV7, STM32WL33KCV7X, STM32WL5MOCH6, STM32WL5MOCH6TR]
2025-07-22 22:26:57,210 [INFO] DbMcus:218 - Found 4801 MCUs, 4801 are supported
2025-07-22 22:26:57,211 [INFO] ApiDb:423 - Load user favorites file C:\Users\nicks/.stm32cubeide/favorites.mcus.txt: 0 item(s)
2025-07-22 22:26:57,211 [INFO] ApiDb:427 - User favorites MCUs=[]
2025-07-22 22:26:57,211 [INFO] DbMcus:224 - Set 0 / 0 favorites MCUs
2025-07-22 22:26:57,563 [INFO] ApiDb:668 - CubeFinder database Data Model version=2.1
2025-07-22 22:26:57,563 [INFO] ApiDb:669 - CubeFinder database Configuration version=3.0.39
2025-07-22 22:26:57,563 [INFO] ApiDb:670 - CubeFinder database generation date=2025-07-18 (1752785937)
2025-07-22 22:26:57,563 [INFO] ApiDb:671 - CubeFinder database FW Pack versions=[FP-ATR-ASTRA1_V2.0.0, FP-SNS-FLIGHT1_V5.1.0, FP-SNS-MOTENV1_V5.0.0, FP-SNS-MOTENVWB1_V1.4.0, FP-SNS-SMARTAG2_V1.2.0, FP-SNS-STBOX1_V2.0.0, STM32Cube_FW_C0_V1.4.0, STM32Cube_FW_F4_V1.28.2, STM32Cube_FW_F7_V1.17.3, STM32Cube_FW_G0_V1.6.2, STM32Cube_FW_G4_V1.6.1, STM32Cube_FW_H5_V1.5.0, STM32Cube_FW_H7RS_V1.2.0, STM32Cube_FW_H7_V1.12.1, STM32Cube_FW_L0_V1.12.2, STM32Cube_FW_L4_V1.18.1, STM32Cube_FW_L5_V1.5.1, STM32Cube_FW_N6_V1.2.0, STM32Cube_FW_U0_V1.3.0, STM32Cube_FW_U3_V1.2.0, STM32Cube_FW_U5_V1.8.0, STM32Cube_FW_WB0_V1.3.0, STM32Cube_FW_WBA_V1.7.0, STM32Cube_FW_WB_V1.23.0, STM32Cube_FW_WL3_V1.2.0, STM32Cube_FW_WL_V1.3.1, X-CUBE-ALGOBUILD_V1.4.0, X-CUBE-ALS_V1.0.2, X-CUBE-AZRTOS-F4_V1.1.0, X-CUBE-AZRTOS-F7_V1.1.0, X-CUBE-AZRTOS-G0_V1.1.0, X-CUBE-AZRTOS-G4_V2.0.0, X-CUBE-AZRTOS-H7RS_V1.1.0, X-CUBE-AZRTOS-H7_V3.3.0, X-CUBE-AZRTOS-L4_V2.0.0, X-CUBE-AZRTOS-L5_V2.0.0, X-CUBE-AZRTOS-WB_V2.0.0, X-CUBE-AZRTOS-WL_V2.0.0, X-CUBE-BLE1_V7.1.0, X-CUBE-BLE2_V3.3.0, X-CUBE-BLEMGR_V4.0.0, X-CUBE-EEPRMA1_V5.1.0, X-CUBE-FREERTOS_V1.3.1, X-CUBE-GNSS1_V6.0.0, X-CUBE-MEMS1_V11.3.0, X-CUBE-NFC4_V3.0.0, X-CUBE-NFC7_V2.0.0, X-CUBE-SFXS2LP1_V4.0.0, X-CUBE-SUBG2_V5.0.0, X-CUBE-TOF1_V3.4.3]
2025-07-22 22:26:57,611 [INFO] DbBoardsSqlite:226 - include board P-NUCLEO-WB55-NUCLEO as a kit item of type 'Nucleo-64'
2025-07-22 22:26:57,612 [INFO] DbBoardsSqlite:226 - include board P-NUCLEO-WB55-USBDONGLE as a kit item of type 'Nucleo USB Dongle'
2025-07-22 22:26:57,612 [INFO] DbBoardsSqlite:226 - include board STEVAL-IDP005V1 as a kit item of type 'Evaluation Board'
2025-07-22 22:26:57,612 [INFO] DbBoardsSqlite:226 - include board STEVAL-IDP005V2 as a kit item of type 'Evaluation Board'
2025-07-22 22:26:57,672 [INFO] ApiDb:240 - Found 880 in-development CPN: [B-G473E-ZEST1S, B-WB1M-WPAN1, B-WBA5M-WPAN, B-WL5M-SUBG1, NUCLEO-C031C6, NUCLEO-C051C8, NUCLEO-C071RB, NUCLEO-C092RC, NUCLEO-H503RB, NUCLEO-H533RE, NUCLEO-H563ZI, NUCLEO-H7S3L8, NUCLEO-N657X0-Q, NUCLEO-U031R8, NUCLEO-U083RC, NUCLEO-U385RG-Q, NUCLEO-U545RE-Q, NUCLEO-U5A5ZJ-Q, NUCLEO-WB05KZ, NUCLEO-WB07CC, NUCLEO-WB09KE, NUCLEO-WBA52CG, NUCLEO-WBA55CG, NUCLEO-WL33CC1, NUCLEO-WL33CC2, STEVAL-PROTEUS1, STEVAL-SMARTAG2, STEVAL-STWINBX1, STM320518-EVAL, STM32C0116-DK, STM32C011D6Y3TR, STM32C011D6Y6TR, STM32C011F4P3, STM32C011F4P6, STM32C011F4U3, STM32C011F4U6TR, STM32C011F6P3, STM32C011F6P6, STM32C011F6U3, STM32C011F6U6TR, STM32C011J4M3, STM32C011J4M6, STM32C011J6M3, STM32C011J6M6, STM32C0316-DK, STM32C031C4T3, STM32C031C4T6, STM32C031C4U3, STM32C031C4U6, STM32C031C6T3, STM32C031C6T6, STM32C031C6U3, STM32C031C6U6, STM32C031F4P3, STM32C031F4P6, STM32C031F6P3, STM32C031F6P6, STM32C031G4U3, STM32C031G4U6, STM32C031G6U3, STM32C031G6U6, STM32C031K4T3, STM32C031K4T6, STM32C031K4U3, STM32C031K4U6, STM32C031K6T3, STM32C031K6T6, STM32C031K6U3, STM32C031K6U6, STM32C051C6T6, STM32C051C6U6, STM32C051C8T6, STM32C051C8U6, STM32C051D8Y6TR, STM32C051F6P6, STM32C051F8P6, STM32C051G6U6, STM32C051G8U6, STM32C051K6T6, STM32C051K6U6, STM32C051K8T6, STM32C071C8T6, STM32C071C8T6N, STM32C071C8U6, STM32C071C8U6N, STM32C071CBT6, STM32C071CBT6N, STM32C071CBU6, STM32C071CBU6N, STM32C071F8P6, STM32C071F8P6N, STM32C071FBP6, STM32C071FBP6N, STM32C071FBY6TR, STM32C071G8U6, STM32C071G8U6N, STM32C071GBU6, STM32C071GBU6N, STM32C071K8T6, STM32C071K8T6N, STM32C071K8U6, STM32C071K8U6N, STM32C071KBT6, STM32C071KBT6N, STM32C071KBU6, STM32C071KBU6N, STM32C071R8T6, STM32C071R8T6N, STM32C071RBI6N, STM32C071RBT6, STM32C071RBT6N, STM32C091CBT6, STM32C091CBU6, STM32C091CCT6, STM32C091CCU6, STM32C091ECY6TR, STM32C091FBP6, STM32C091FCP6, STM32C091GBU6, STM32C091GCU6, STM32C091KBT6, STM32C091KBU6, STM32C091KCT6, STM32C091KCU6, STM32C091RBT6, STM32C091RCI6, STM32C091RCT6, STM32C092CBT6, STM32C092CBU6, STM32C092CCT6, STM32C092CCU6, STM32C092ECY6TR, STM32C092FBP6, STM32C092FCP6, STM32C092GBU6, STM32C092GCU6, STM32C092KBT6, STM32C092KBU6, STM32C092KCT6, STM32C092KCU6, STM32C092RBT6, STM32C092RCI6, STM32C092RCT6, STM32G071K8TXN, STM32G071K8UXN, STM32G081GBU6N, STM32G081KBT6N, STM32G081KBUXN, STM32G0B1CCT6N, STM32G0B1KCT6, STM32G0B1NEY6TR, STM32G0B1RCT6N, STM32G0C1CCT6, STM32G0C1CCT6N, STM32G0C1CCU6N, STM32G0C1CET6N, STM32G0C1CEU6N, STM32G0C1KCT6, STM32G0C1NEY6TR, STM32G0C1RCI6N, STM32G0C1RCT6N, STM32G0C1REI6N, STM32G0C1RET6N, STM32G0C1VCI6, STM32G0C1VEI6, STM32G411C6T3, STM32G411C6T6, STM32G411C6U3, STM32G411C6U6, STM32G411C8T3, STM32G411C8T6, STM32G411C8U3, STM32G411C8U6, STM32G411CBT3, STM32G411CBT6, STM32G411CBU3, STM32G411CBU6, STM32G411K6T3, STM32G411K6T6, STM32G411K6U3, STM32G411K6U6, STM32G411K8T3, STM32G411K8T6, STM32G411K8U3, STM32G411K8U6, STM32G411KBT3, STM32G411KBT6, STM32G411KBU3, STM32G411KBU6, STM32G411M6T3, STM32G411M6T6, STM32G411M8T3, STM32G411M8T6, STM32G411MBT3, STM32G411MBT6, STM32G411R6T3, STM32G411R6T6, STM32G411R8T3, STM32G411R8T6, STM32G411RBT3, STM32G411RBT6, STM32G414CBT3, STM32G414CBT6, STM32G414CBU3, STM32G414CBU6, STM32G414CCT3, STM32G414CCT6, STM32G414CCU3, STM32G414CCU6, STM32G414MBT3, STM32G414MBT6, STM32G414MCT3, STM32G414MCT6, STM32G414RBT3, STM32G414RBT6, STM32G414RCT3, STM32G414RCT6, STM32G414VBT3, STM32G414VBT6, STM32G414VCT3, STM32G414VCT6, STM32G431CBT3Z, STM32G431RBT3Z, STM32G471CCT6, STM32G471CCU6, STM32G471CET3, STM32G471CET6, STM32G471CEU3, STM32G471CEU6, STM32G471MCT6, STM32G471MET3, STM32G471MET6, STM32G471MEY6TR, STM32G471QCT6, STM32G471QET3, STM32G471RCT6, STM32G471RET3, STM32G471RET6, STM32G471VCH6, STM32G471VCI6, STM32G471VCT6, STM32G471VEH3, STM32G471VEH6, STM32G471VEI3, STM32G471VEI6, STM32G471VET3, STM32G471VET6, STM32G473QET3Z, STM32G473RET3Z, STM32G474CCT6, STM32G491RET3Z, STM32H503CBT6, STM32H503CBU6, STM32H503EBY6TR, STM32H503KBU6, STM32H503RBT6, STM32H523CCT6, STM32H523CCU6, STM32H523CET6, STM32H523CEU6, STM32H523HEY6TR, STM32H523RCT6, STM32H523RET6, STM32H523VCI6, STM32H523VCT6, STM32H523VEI6, STM32H523VET6, STM32H523ZCJ6, STM32H523ZCT6, STM32H523ZEJ6, STM32H523ZET6, STM32H533CET6, STM32H533CEU6, STM32H533HEY6TR, STM32H533RET6, STM32H533VEI6, STM32H533VET6, STM32H533ZEJ6, STM32H533ZET6, STM32H562AGI6, STM32H562AII6, STM32H562IGK6, STM32H562IGT6, STM32H562IIK6, STM32H562IIT6, STM32H562RGT6, STM32H562RGV6, STM32H562RIT6, STM32H562RIV6, STM32H562VGT6, STM32H562VIT6, STM32H562ZGT6, STM32H562ZIT6, STM32H563AGI6, STM32H563AII3Q, STM32H563AII6, STM32H563IGK6, STM32H563IGT6, STM32H563IIK3Q, STM32H563IIK6, STM32H563IIT3Q, STM32H563IIT6, STM32H563MIY3QTR, STM32H563RGT6, STM32H563RGV6, STM32H563RIT6, STM32H563RIV6, STM32H563VGT6, STM32H563VIT3Q, STM32H563VIT6, STM32H563ZGT6, STM32H563ZIT3Q, STM32H563ZIT6, STM32H573AII3Q, STM32H573AII6, STM32H573I-DK, STM32H573IIK3Q, STM32H573IIK6, STM32H573IIT3Q, STM32H573IIT6, STM32H573MIY3QTR, STM32H573RIT6, STM32H573RIV6, STM32H573VIT3Q, STM32H573VIT6, STM32H573ZIT3Q, STM32H573ZIT6, STM32H7R3A8I6, STM32H7R3I8K6, STM32H7R3I8T6, STM32H7R3L8H6, STM32H7R3L8H6H, STM32H7R3R8V6, STM32H7R3V8H6, STM32H7R3V8T6, STM32H7R3V8Y6TR, STM32H7R3Z8J6, STM32H7R3Z8T6, STM32H7R7A8I6, STM32H7R7I8K6, STM32H7R7I8T6, STM32H7R7L8H6, STM32H7R7L8H6H, STM32H7R7Z8J6, STM32H7S3A8I6, STM32H7S3I8K6, STM32H7S3I8T6, STM32H7S3L8H6, STM32H7S3L8H6H, STM32H7S3R8V6, STM32H7S3V8H6, STM32H7S3V8T6, STM32H7S3V8Y6TR, STM32H7S3Z8J6, STM32H7S3Z8T6, STM32H7S78-DK, STM32H7S7A8I6, STM32H7S7I8K6, STM32H7S7I8T6, STM32H7S7L8H6, STM32H7S7L8H6H, STM32H7S7Z8J6, STM32L4R5QGI6STR, STM32MP131AAE3, STM32MP131AAF3, STM32MP131AAG3, STM32MP131CAE3, STM32MP131CAF3, STM32MP131CAG3, STM32MP131DAE7, STM32MP131DAF7, STM32MP131DAG7, STM32MP131FAE7, STM32MP131FAF7, STM32MP131FAG7, STM32MP133AAE3, STM32MP133AAF3, STM32MP133AAG3, STM32MP133CAE3, STM32MP133CAF3, STM32MP133CAG3, STM32MP133DAE7, STM32MP133DAF7, STM32MP133DAG7, STM32MP133FAE7, STM32MP133FAF7, STM32MP133FAG7, STM32MP135AAE3, STM32MP135AAF3, STM32MP135AAG3, STM32MP135CAE3, STM32MP135CAF3, STM32MP135CAG3, STM32MP135DAE7, STM32MP135DAF7, STM32MP135DAG7, STM32MP135F-DK, STM32MP135FAE7, STM32MP135FAF7, STM32MP135FAF7T, STM32MP135FAF7U, STM32MP135FAG7, STM32MP211AAL3, STM32MP211AAM3, STM32MP211AAN3, STM32MP211AAO3, STM32MP211CAL3, STM32MP211CAM3, STM32MP211CAN3, STM32MP211CAO3, STM32MP211DAL3, STM32MP211DAM3, STM32MP211DAN3, STM32MP211DAO3, STM32MP211FAL3, STM32MP211FAM3, STM32MP211FAN3, STM32MP211FAO3, STM32MP213AAL3, STM32MP213AAM3, STM32MP213AAN3, STM32MP213AAO3, STM32MP213CAL3, STM32MP213CAM3, STM32MP213CAN3, STM32MP213CAO3, STM32MP213DAL3, STM32MP213DAM3, STM32MP213DAN3, STM32MP213DAO3, STM32MP213FAL3, STM32MP213FAM3, STM32MP213FAN3, STM32MP213FAO3, STM32MP215AAL3, STM32MP215AAM3, STM32MP215AAN3, STM32MP215AAO3, STM32MP215CAL3, STM32MP215CAM3, STM32MP215CAN3, STM32MP215CAO3, STM32MP215DAL3, STM32MP215DAM3, STM32MP215DAN3, STM32MP215DAO3, STM32MP215F-DK, STM32MP215FAL3, STM32MP215FAM3, STM32MP215FAN3, STM32MP215FAO3, STM32MP231AAJ3, STM32MP231AAK3, STM32MP231AAL3, STM32MP231CAJ3, STM32MP231CAK3, STM32MP231CAL3, STM32MP231DAJ3, STM32MP231DAK3, STM32MP231DAL3, STM32MP231FAJ3, STM32MP231FAK3, STM32MP231FAL3, STM32MP233AAJ3, STM32MP233AAK3, STM32MP233AAL3, STM32MP233CAJ3, STM32MP233CAK3, STM32MP233CAL3, STM32MP233DAJ3, STM32MP233DAK3, STM32MP233DAL3, STM32MP233FAJ3, STM32MP233FAK3, STM32MP233FAL3, STM32MP235AAJ3, STM32MP235AAK3, STM32MP235AAL3, STM32MP235CAJ3, STM32MP235CAK3, STM32MP235CAL3, STM32MP235DAJ3, STM32MP235DAK3, STM32MP235DAL3, STM32MP235FAJ3, STM32MP235FAK3, STM32MP235FAL3, STM32MP251AAI3, STM32MP251AAK3, STM32MP251AAL3, STM32MP251CAI3, STM32MP251CAK3, STM32MP251CAL3, STM32MP251DAI3, STM32MP251DAK3, STM32MP251DAL3, STM32MP251FAI3, STM32MP251FAK3, STM32MP251FAL3, STM32MP253AAI3, STM32MP253AAK3, STM32MP253AAL3, STM32MP253CAI3, STM32MP253CAK3, STM32MP253CAL3, STM32MP253DAI3, STM32MP253DAK3, STM32MP253DAL3, STM32MP253FAI3, STM32MP253FAK3, STM32MP253FAL3, STM32MP255AAI3, STM32MP255AAK3, STM32MP255AAL3, STM32MP255CAI3, STM32MP255CAK3, STM32MP255CAL3, STM32MP255DAI3, STM32MP255DAK3, STM32MP255DAL3, STM32MP255FAI3, STM32MP255FAK3, STM32MP255FAL3, STM32MP257AAI3, STM32MP257AAK3, STM32MP257AAL3, STM32MP257CAI3, STM32MP257CAK3, STM32MP257CAL3, STM32MP257DAI3, STM32MP257DAK3, STM32MP257DAL3, STM32MP257F-DK, STM32MP257F-EV1, STM32MP257FAI3, STM32MP257FAK3, STM32MP257FAL3, STM32N645A0H3Q, STM32N645B0H3Q, STM32N645I0H3Q, STM32N645L0H3Q, STM32N645X0H3Q, STM32N645Z0H3Q, STM32N647A0H3Q, STM32N647B0H3Q, STM32N647I0H3Q, STM32N647L0H3Q, STM32N647X0H3Q, STM32N647Z0H3Q, STM32N655A0H3Q, STM32N655B0H3Q, STM32N655I0H3Q, STM32N655L0H3Q, STM32N655X0H3Q, STM32N655Z0H3Q, STM32N6570-DK, STM32N657A0H3Q, STM32N657B0H3Q, STM32N657I0H3Q, STM32N657L0H3Q, STM32N657X0H3Q, STM32N657Z0H3Q, STM32U031C6T6, STM32U031C6U6, STM32U031C8T6, STM32U031C8U6, STM32U031F4P6, STM32U031F6P6, STM32U031F8P6, STM32U031G6Y6TR, STM32U031G8Y6TR, STM32U031K4U6, STM32U031K6U6, STM32U031K8U6, STM32U031R6I6, STM32U031R6T6, STM32U031R8I6, STM32U031R8T6, STM32U073C8T6, STM32U073C8U6, STM32U073CBT6, STM32U073CBU6, STM32U073CCT6, STM32U073CCU6, STM32U073H8Y6TR, STM32U073HBY6TR, STM32U073HCY6TR, STM32U073K8U6, STM32U073KBU6, STM32U073KCU6, STM32U073M8I6, STM32U073M8T6, STM32U073MBI6, STM32U073MBT6, STM32U073MCI6, STM32U073MCT6, STM32U073R8I6, STM32U073R8T6, STM32U073RBI6, STM32U073RBT6, STM32U073RCI6, STM32U073RCT6, STM32U083C-DK, STM32U083CCT6, STM32U083CCU6, STM32U083HCY6TR, STM32U083KCU6, STM32U083MCI6, STM32U083MCT6, STM32U083RCI6, STM32U083RCT6, STM32U375CET6, STM32U375CET6Q, STM32U375CEU6, STM32U375CEU6Q, STM32U375CEY6QTR, STM32U375CGT6, STM32U375CGT6Q, STM32U375CGU6, STM32U375CGU6Q, STM32U375CGY6QTR, STM32U375KEU6, STM32U375KGU6, STM32U375REI6, STM32U375REI6Q, STM32U375RET6, STM32U375RET6Q, STM32U375REY6GTR, STM32U375REY6QTR, STM32U375RGI6, STM32U375RGI6Q, STM32U375RGT6, STM32U375RGT6Q, STM32U375RGY6GTR, STM32U375RGY6QTR, STM32U375VEI6, STM32U375VEI6Q, STM32U375VET6, STM32U375VET6Q, STM32U375VGI6, STM32U375VGI6Q, STM32U375VGT6, STM32U375VGT6Q, STM32U385CGT6, STM32U385CGT6Q, STM32U385CGU6, STM32U385CGU6Q, STM32U385CGY6QTR, STM32U385KGU6, STM32U385RGI6, STM32U385RGI6Q, STM32U385RGT6, STM32U385RGT6Q, STM32U385RGY6GTR, STM32U385RGY6QTR, STM32U385VGI6, STM32U385VGI6Q, STM32U385VGT6, STM32U385VGT6Q, STM32U535CBT6, STM32U535CBT6Q, STM32U535CBU6, STM32U535CBU6Q, STM32U535CCT6, STM32U535CCT6Q, STM32U535CCU6, STM32U535CCU6Q, STM32U535CET6, STM32U535CET6Q, STM32U535CEU6, STM32U535CEU6Q, STM32U535JEY6QTR, STM32U535NCY6QTR, STM32U535NEY6QTR, STM32U535RBI6, STM32U535RBI6Q, STM32U535RBT6, STM32U535RBT6Q, STM32U535RCI6, STM32U535RCI6Q, STM32U535RCT6, STM32U535RCT6Q, STM32U535REI6, STM32U535REI6Q, STM32U535RET6, STM32U535RET6Q, STM32U535VCI6, STM32U535VCI6Q, STM32U535VCT6, STM32U535VCT6Q, STM32U535VEI6, STM32U535VEI6Q, STM32U535VET6, STM32U535VET6Q, STM32U545CET6, STM32U545CET6Q, STM32U545CEU6, STM32U545CEU6Q, STM32U545JEY6QTR, STM32U545NEY6QTR, STM32U545REI6, STM32U545REI6Q, STM32U545RET6, STM32U545RET6Q, STM32U545VEI6, STM32U545VEI6Q, STM32U545VET6, STM32U545VET6Q, STM32U595AIH6, STM32U595AIH6Q, STM32U595AJH6, STM32U595AJH6Q, STM32U595QII6, STM32U595QII6Q, STM32U595QJI6, STM32U595QJI6Q, STM32U595RIT6, STM32U595RIT6Q, STM32U595RJT6, STM32U595RJT6Q, STM32U595VIT6, STM32U595VIT6Q, STM32U595VJT6, STM32U595VJT6Q, STM32U595ZIT6, STM32U595ZIT6Q, STM32U595ZIY6QTR, STM32U595ZJT6, STM32U595ZJT6Q, STM32U595ZJY6QTR, STM32U599BJY6QTR, STM32U599NIH6Q, STM32U599NJH6Q, STM32U599VIT6Q, STM32U599VJT6, STM32U599VJT6Q, STM32U599ZIT6Q, STM32U599ZIY6QTR, STM32U599ZJT6Q, STM32U599ZJY6QTR, STM32U5A5AJH6, STM32U5A5AJH6Q, STM32U5A5QII3Q , STM32U5A5QJI6, STM32U5A5QJI6Q, STM32U5A5RJT6, STM32U5A5RJT6Q, STM32U5A5VJT6, STM32U5A5VJT6Q, STM32U5A5ZJT6, STM32U5A5ZJT6Q, STM32U5A5ZJY6QTR, STM32U5A9BJY6QTR, STM32U5A9J-DK, STM32U5A9NJH6Q, STM32U5A9VJT6Q, STM32U5A9ZJT6Q, STM32U5A9ZJY6QTR, STM32U5F7VIT6, STM32U5F7VIT6Q, STM32U5F7VJT6, STM32U5F7VJT6Q, STM32U5F9BJY6QTR, STM32U5F9NJH6Q, STM32U5F9VIT6Q, STM32U5F9VJT6Q, STM32U5F9ZIJ6QTR, STM32U5F9ZIT6Q, STM32U5F9ZJJ6QTR, STM32U5F9ZJT6Q, STM32U5G7VJT6, STM32U5G7VJT6Q, STM32U5G9BJY6QTR, STM32U5G9J-DK1, STM32U5G9J-DK2, STM32U5G9NJH6Q, STM32U5G9VJT6Q, STM32U5G9ZJJ6QTR, STM32U5G9ZJT6Q, STM32WB05KZV6TR, STM32WB05KZV7TR, STM32WB05TZF6TR, STM32WB05TZF7TR, STM32WB06CCF6TR, STM32WB06CCF7TR, STM32WB06CCV6TR, STM32WB06CCV7TR, STM32WB06KCV6TR, STM32WB06KCV7TR, STM32WB07CCF6TR, STM32WB07CCF7TR, STM32WB07CCV6TR, STM32WB07CCV7TR, STM32WB07KCV6TR, STM32WB07KCV7TR, STM32WB09KEV6TR, STM32WB09KEV7TR, STM32WB09TEF6TR, STM32WB09TEF7TR, STM32WB1MMCH6, STM32WBA50KGU6, STM32WBA50KGU6TR, STM32WBA52CEU6, STM32WBA52CEU6TR, STM32WBA52CEU7, STM32WBA52CEU7TR, STM32WBA52CGU6, STM32WBA52CGU6TR, STM32WBA52CGU6U, STM32WBA52CGU7, STM32WBA52CGU7TR, STM32WBA52KEU6, STM32WBA52KEU6TR, STM32WBA52KGU6, STM32WBA52KGU6TR, STM32WBA54CEU6, STM32WBA54CEU6TR, STM32WBA54CEU7, STM32WBA54CEU7TR, STM32WBA54CGU6, STM32WBA54CGU6TR, STM32WBA54CGU7, STM32WBA54CGU7TR, STM32WBA54KEU6, STM32WBA54KEU6TR, STM32WBA54KEU7, STM32WBA54KEU7TR, STM32WBA54KGU6, STM32WBA54KGU6TR, STM32WBA54KGU7, STM32WBA54KGU7TR, STM32WBA55CEU6, STM32WBA55CEU6TR, STM32WBA55CEU7, STM32WBA55CEU7TR, STM32WBA55CGU6, STM32WBA55CGU6TR, STM32WBA55CGU6U, STM32WBA55CGU7, STM32WBA55CGU7TR, STM32WBA55G-DK1, STM32WBA55HEF6, STM32WBA55HEF7, STM32WBA55HGF6, STM32WBA55HGF7, STM32WBA55UEI6, STM32WBA55UEI6TR, STM32WBA55UEI7, STM32WBA55UEI7TR, STM32WBA55UGI6, STM32WBA55UGI6TR, STM32WBA55UGI7, STM32WBA55UGI7TR, STM32WBA5MMGH6TR, STM32WBA62MGF6, STM32WBA62MIF6, STM32WBA65MGF7, STM32WBA65MIF6, STM32WBA65MIF7, STM32WL30K8V6, STM32WL30KBV6, STM32WL31C8V6, STM32WL31CBV6, STM32WL31K8V6, STM32WL31KBV6, STM32WL33C8V6, STM32WL33C8V6X, STM32WL33CBV6, STM32WL33CBV6X, STM32WL33CCV6, STM32WL33CCV6A, STM32WL33CCV6X, STM32WL33K8V7, STM32WL33K8V7X, STM32WL33KBV7 , STM32WL33KBV7X, STM32WL33KCV7, STM32WL33KCV7X, STM32WL5MOCH6, STM32WL5MOCH6TR]
2025-07-22 22:26:57,855 [INFO] BoardInfo:889 - No configuration file found for board P-NUCLEO-WB55
2025-07-22 22:26:57,857 [INFO] DbBoards:161 - Kit is not supported: P-NUCLEO-WB55
2025-07-22 22:26:57,862 [INFO] BoardInfo:889 - No configuration file found for board STEVAL-BFA001V1B
2025-07-22 22:26:57,863 [INFO] DbBoards:161 - Kit is not supported: STEVAL-BFA001V1B
2025-07-22 22:26:57,864 [INFO] BoardInfo:889 - No configuration file found for board STEVAL-BFA001V2B
2025-07-22 22:26:57,865 [INFO] DbBoards:161 - Kit is not supported: STEVAL-BFA001V2B
2025-07-22 22:26:58,048 [INFO] DbBoards:168 - Found 212 boards, 209 are supported
2025-07-22 22:26:58,048 [INFO] DbBoards:169 - Found 212 boards, 43 of them is supported for  Bsp
2025-07-22 22:26:58,050 [INFO] ApiDb:423 - Load user favorites file C:\Users\nicks/.stm32cubeide/favorites.boards.txt: 0 item(s)
2025-07-22 22:26:58,051 [INFO] ApiDb:427 - User favorites Boards=[]
2025-07-22 22:26:58,051 [INFO] DbBoards:198 - Set 0 / 0 favorites Boards
2025-07-22 22:26:58,051 [INFO] McuFinderGlobals:76 - Set McuFinderConnectedMode to true
2025-07-22 22:26:58,057 [INFO] MultiScanPanel:200 - Auto-refresh data requested => check proxy status ongoing
2025-07-22 22:26:58,058 [INFO] FinderPluginLoader:96 - Searching for filters in installed packs
2025-07-22 22:26:58,949 [INFO] LoadUrlFilesThread:185 - End of LoadServerUrlFiles without Thread
2025-07-22 22:26:59,002 [INFO] DetailPanel:341 - Set advertising image to C:/Users/nicks/STM32Cube/Repository/\en.2400x1350px.jpeg
2025-07-22 22:27:10,161 [INFO] MultiScanPanel:200 - Auto-refresh data requested => check proxy status ongoing
2025-07-22 22:27:10,235 [INFO] LoadUrlFilesThread:185 - End of LoadServerUrlFiles without Thread
2025-07-22 22:27:10,235 [INFO] DetailPanel:341 - Set advertising image to C:/Users/nicks/STM32Cube/Repository/\en.2400x1350px.jpeg
2025-07-22 22:27:10,242 [INFO] DbBoards:642 - Loading board mini-images...
2025-07-22 22:27:11,576 [ERROR] DbBoards:659 - Image file not found for board STM32MP215F-DK: C:\Users\nicks\.stmcufinder\plugins\mcufinder//mcu//boards_images/STM32MP215F-DK.jpg
2025-07-22 22:27:11,666 [INFO] DbBoards:665 - Loaded 211 board mini-images
2025-07-22 22:27:32,619 [INFO] McuFinderGlobals:76 - Set McuFinderConnectedMode to true
2025-07-22 22:27:32,621 [INFO] ApiDb:448 - Save user favorites file C:\Users\nicks/.stm32cubeide/favorites.mcus.txt: 0 item(s)
2025-07-22 22:27:32,621 [INFO] ApiDb:452 - User favorites MCUs=[]
2025-07-22 22:27:32,622 [INFO] ApiDb:448 - Save user favorites file C:\Users\nicks/.stm32cubeide/favorites.boards.txt: 0 item(s)
2025-07-22 22:27:32,622 [INFO] ApiDb:452 - User favorites Boards=[]
2025-07-22 22:30:09,858 [INFO] MainUpdater:2872 - connection check result : 10
2025-07-22 22:30:10,404 [INFO] CheckServerUpdateThread:120 - End of CheckServer Thread
2025-07-22 22:30:16,583 [INFO] ServerAccessManage:452 - Complete download http(s) 200
2025-07-22 22:30:16,583 [INFO] ServerAccessManage:509 - Download File updaters.zip
2025-07-22 22:30:16,624 [INFO] FileExtend:248 - Unzip File : updaters.zip
2025-07-22 22:30:16,624 [INFO] FileExtend:263 - Standard Zip Deflate
2025-07-22 22:30:16,820 [INFO] ServerAccessManage:452 - Complete download http(s) 200
2025-07-22 22:30:16,820 [INFO] ServerAccessManage:509 - Download File PacksControlFlags.xml
2025-07-22 22:30:16,856 [INFO] ServerAccessManage:452 - Complete download http(s) 200
2025-07-22 22:30:16,856 [INFO] ServerAccessManage:509 - Download File cubemx.pidx
2025-07-22 22:30:16,977 [INFO] ServerAccessManage:452 - Complete download http(s) 200
2025-07-22 22:30:16,978 [INFO] ServerAccessManage:509 - Download File STMicroelectronics.FP-ATR-ASTRA1.pdsc
2025-07-22 22:30:17,306 [INFO] ServerAccessManage:452 - Complete download http(s) 200
2025-07-22 22:30:17,307 [INFO] ServerAccessManage:509 - Download File STMicroelectronics.FP-ATR-SIGFOX1.pdsc
2025-07-22 22:30:17,408 [INFO] ServerAccessManage:452 - Complete download http(s) 200
2025-07-22 22:30:17,408 [INFO] ServerAccessManage:509 - Download File STMicroelectronics.FP-SNS-STBOX1.pdsc
2025-07-22 22:30:17,521 [INFO] ServerAccessManage:452 - Complete download http(s) 200
2025-07-22 22:30:17,522 [INFO] ServerAccessManage:509 - Download File STMicroelectronics.FP-SNS-FLIGHT1.pdsc
2025-07-22 22:30:17,780 [INFO] ServerAccessManage:452 - Complete download http(s) 200
2025-07-22 22:30:17,780 [INFO] ServerAccessManage:509 - Download File STMicroelectronics.FP-SNS-MOTENV1.pdsc
2025-07-22 22:30:18,012 [INFO] ServerAccessManage:452 - Complete download http(s) 200
2025-07-22 22:30:18,013 [INFO] ServerAccessManage:509 - Download File STMicroelectronics.FP-SNS-MOTENVWB1.pdsc
2025-07-22 22:30:18,231 [INFO] ServerAccessManage:452 - Complete download http(s) 200
2025-07-22 22:30:18,231 [INFO] ServerAccessManage:509 - Download File STMicroelectronics.FP-SNS-SMARTAG2.pdsc
2025-07-22 22:30:18,315 [INFO] ServerAccessManage:452 - Complete download http(s) 200
2025-07-22 22:30:18,315 [INFO] ServerAccessManage:509 - Download File STMicroelectronics.FP-SNS-STAIOTCFT.pdsc
2025-07-22 22:30:18,409 [INFO] ServerAccessManage:452 - Complete download http(s) 200
2025-07-22 22:30:18,409 [INFO] ServerAccessManage:509 - Download File STMicroelectronics.X-CUBE-AI.pdsc
2025-07-22 22:30:19,243 [INFO] ServerAccessManage:452 - Complete download http(s) 200
2025-07-22 22:30:19,243 [INFO] ServerAccessManage:509 - Download File STMicroelectronics.X-CUBE-ALS.pdsc
2025-07-22 22:30:19,490 [INFO] ServerAccessManage:452 - Complete download http(s) 200
2025-07-22 22:30:19,490 [INFO] ServerAccessManage:509 - Download File STMicroelectronics.X-CUBE-BLE1.pdsc
2025-07-22 22:30:20,975 [ERROR] ServerAccessManage:1212 - Problem, file not found on Server
2025-07-22 22:30:21,030 [INFO] ServerAccessManage:452 - Complete download http(s) 200
2025-07-22 22:30:21,030 [INFO] ServerAccessManage:509 - Download File STMicroelectronics.X-CUBE-BLE2.pdsc
2025-07-22 22:30:22,506 [INFO] ServerAccessManage:452 - Complete download http(s) 200
2025-07-22 22:30:22,506 [INFO] ServerAccessManage:509 - Download File STMicroelectronics.X-CUBE-BLEMGR.pdsc
2025-07-22 22:30:24,307 [ERROR] ServerAccessManage:1212 - Problem, file not found on Server
2025-07-22 22:30:29,308 [INFO] ServerAccessManage:452 - Complete download http(s) 200
2025-07-22 22:30:29,308 [INFO] ServerAccessManage:509 - Download File STMicroelectronics.X-CUBE-DISPLAY.pdsc
2025-07-22 22:30:29,599 [INFO] ServerAccessManage:452 - Complete download http(s) 200
2025-07-22 22:30:29,599 [INFO] ServerAccessManage:509 - Download File STMicroelectronics.X-CUBE-DPOWER.pdsc
2025-07-22 22:30:30,526 [ERROR] ServerAccessManage:1212 - Problem, file not found on Server
2025-07-22 22:30:30,847 [ERROR] ServerAccessManage:1212 - Problem, file not found on Server
2025-07-22 22:30:31,658 [ERROR] ServerAccessManage:1212 - Problem, file not found on Server
2025-07-22 22:30:32,574 [ERROR] ServerAccessManage:1212 - Problem, file not found on Server
2025-07-22 22:30:33,382 [ERROR] ServerAccessManage:1212 - Problem, file not found on Server
2025-07-22 22:30:34,233 [ERROR] ServerAccessManage:1212 - Problem, file not found on Server
2025-07-22 22:30:35,179 [ERROR] ServerAccessManage:1212 - Problem, file not found on Server
2025-07-22 22:30:36,007 [ERROR] ServerAccessManage:1212 - Problem, file not found on Server
2025-07-22 22:30:37,041 [ERROR] ServerAccessManage:1212 - Problem, file not found on Server
2025-07-22 22:30:37,556 [ERROR] ServerAccessManage:1212 - Problem, file not found on Server
2025-07-22 22:30:38,471 [ERROR] ServerAccessManage:1212 - Problem, file not found on Server
2025-07-22 22:30:38,531 [INFO] ServerAccessManage:452 - Complete download http(s) 200
2025-07-22 22:30:38,532 [INFO] ServerAccessManage:509 - Download File STMicroelectronics.X-CUBE-EEPRMA1.pdsc
2025-07-22 22:30:39,425 [ERROR] ServerAccessManage:1212 - Problem, file not found on Server
2025-07-22 22:30:40,495 [ERROR] ServerAccessManage:1212 - Problem, file not found on Server
2025-07-22 22:30:40,664 [INFO] ServerAccessManage:452 - Complete download http(s) 200
2025-07-22 22:30:40,664 [INFO] ServerAccessManage:509 - Download File STMicroelectronics.X-CUBE-FREERTOS.pdsc
2025-07-22 22:30:42,252 [INFO] ServerAccessManage:452 - Complete download http(s) 200
2025-07-22 22:30:42,252 [INFO] ServerAccessManage:509 - Download File STMicroelectronics.X-CUBE-GNSS1.pdsc
2025-07-22 22:30:43,620 [ERROR] ServerAccessManage:1212 - Problem, file not found on Server
2025-07-22 22:30:44,443 [ERROR] ServerAccessManage:1212 - Problem, file not found on Server
2025-07-22 22:30:45,288 [ERROR] ServerAccessManage:1212 - Problem, file not found on Server
2025-07-22 22:30:46,207 [ERROR] ServerAccessManage:1212 - Problem, file not found on Server
2025-07-22 22:30:47,036 [ERROR] ServerAccessManage:1212 - Problem, file not found on Server
2025-07-22 22:30:47,980 [ERROR] ServerAccessManage:1212 - Problem, file not found on Server
2025-07-22 22:30:48,019 [INFO] ServerAccessManage:452 - Complete download http(s) 200
2025-07-22 22:30:48,019 [INFO] ServerAccessManage:509 - Download File STMicroelectronics.X-CUBE-ISPU.pdsc
2025-07-22 22:30:48,258 [INFO] ServerAccessManage:452 - Complete download http(s) 200
2025-07-22 22:30:48,259 [INFO] ServerAccessManage:509 - Download File STMicroelectronics.X-CUBE-IPS.pdsc
2025-07-22 22:30:48,429 [INFO] ServerAccessManage:452 - Complete download http(s) 200
2025-07-22 22:30:48,429 [INFO] ServerAccessManage:509 - Download File STMicroelectronics.X-CUBE-MEMS1.pdsc
2025-07-22 22:30:49,619 [INFO] ServerAccessManage:452 - Complete download http(s) 200
2025-07-22 22:30:49,620 [INFO] ServerAccessManage:509 - Download File STMicroelectronics.X-CUBE-NFC4.pdsc
2025-07-22 22:30:50,300 [INFO] ServerAccessManage:452 - Complete download http(s) 200
2025-07-22 22:30:50,300 [INFO] ServerAccessManage:509 - Download File STMicroelectronics.X-CUBE-NFC6.pdsc
2025-07-22 22:30:50,476 [INFO] ServerAccessManage:452 - Complete download http(s) 200
2025-07-22 22:30:50,476 [INFO] ServerAccessManage:509 - Download File STMicroelectronics.X-CUBE-NFC7.pdsc
2025-07-22 22:30:50,697 [INFO] ServerAccessManage:452 - Complete download http(s) 200
2025-07-22 22:30:50,697 [INFO] ServerAccessManage:509 - Download File STMicroelectronics.X-CUBE-NFC9.pdsc
2025-07-22 22:30:50,802 [INFO] ServerAccessManage:452 - Complete download http(s) 200
2025-07-22 22:30:50,802 [INFO] ServerAccessManage:509 - Download File STMicroelectronics.X-CUBE-NFC10.pdsc
2025-07-22 22:30:51,377 [INFO] ServerAccessManage:452 - Complete download http(s) 200
2025-07-22 22:30:51,377 [INFO] ServerAccessManage:509 - Download File STMicroelectronics.X-CUBE-NFC12.pdsc
2025-07-22 22:30:52,372 [INFO] ServerAccessManage:452 - Complete download http(s) 200
2025-07-22 22:30:52,372 [INFO] ServerAccessManage:509 - Download File STMicroelectronics.X-CUBE-SFXS2LP1.pdsc
2025-07-22 22:30:52,671 [INFO] ServerAccessManage:452 - Complete download http(s) 200
2025-07-22 22:30:52,671 [INFO] ServerAccessManage:509 - Download File STMicroelectronics.X-CUBE-SAFEA1.pdsc
2025-07-22 22:30:52,773 [INFO] ServerAccessManage:452 - Complete download http(s) 200
2025-07-22 22:30:52,773 [INFO] ServerAccessManage:509 - Download File STMicroelectronics.X-CUBE-SUBG2.pdsc
2025-07-22 22:30:53,234 [INFO] ServerAccessManage:452 - Complete download http(s) 200
2025-07-22 22:30:53,234 [INFO] ServerAccessManage:509 - Download File STMicroelectronics.X-CUBE-SMBUS.pdsc
2025-07-22 22:30:54,103 [ERROR] ServerAccessManage:1212 - Problem, file not found on Server
2025-07-22 22:30:54,807 [INFO] ServerAccessManage:452 - Complete download http(s) 200
2025-07-22 22:30:54,807 [INFO] ServerAccessManage:509 - Download File STMicroelectronics.X-CUBE-ST60.pdsc
2025-07-22 22:30:54,919 [INFO] ServerAccessManage:452 - Complete download http(s) 200
2025-07-22 22:30:54,919 [INFO] ServerAccessManage:509 - Download File STMicroelectronics.X-CUBE-ST67W61.pdsc
2025-07-22 22:30:55,005 [INFO] ServerAccessManage:452 - Complete download http(s) 200
2025-07-22 22:30:55,005 [INFO] ServerAccessManage:509 - Download File STMicroelectronics.X-CUBE-PM33A1.pdsc
2025-07-22 22:30:55,110 [INFO] ServerAccessManage:452 - Complete download http(s) 200
2025-07-22 22:30:55,110 [INFO] ServerAccessManage:509 - Download File STMicroelectronics.X-CUBE-TCPP.pdsc
2025-07-22 22:30:55,236 [INFO] ServerAccessManage:452 - Complete download http(s) 200
2025-07-22 22:30:55,236 [INFO] ServerAccessManage:509 - Download File STMicroelectronics.X-CUBE-TOF1.pdsc
2025-07-22 22:30:56,598 [ERROR] ServerAccessManage:1212 - Problem, file not found on Server
2025-07-22 22:30:56,677 [INFO] ServerAccessManage:452 - Complete download http(s) 200
2025-07-22 22:30:56,677 [INFO] ServerAccessManage:509 - Download File STMicroelectronics.X-CUBE-TOUCHGFX.pdsc
2025-07-22 22:30:57,776 [INFO] ServerAccessManage:452 - Complete download http(s) 200
2025-07-22 22:30:57,776 [INFO] ServerAccessManage:509 - Download File STMicroelectronics.X-CUBE-ALGOBUILD.pdsc
2025-07-22 22:30:58,950 [INFO] ServerAccessManage:452 - Complete download http(s) 200
2025-07-22 22:30:58,950 [INFO] ServerAccessManage:509 - Download File STMicroelectronics.X-CUBE-AZRTOS-H7.pdsc
2025-07-22 22:31:05,728 [INFO] ServerAccessManage:452 - Complete download http(s) 200
2025-07-22 22:31:05,728 [INFO] ServerAccessManage:509 - Download File STMicroelectronics.X-CUBE-AZRTOS-H7RS.pdsc
2025-07-22 22:31:05,891 [INFO] ServerAccessManage:452 - Complete download http(s) 200
2025-07-22 22:31:05,891 [INFO] ServerAccessManage:509 - Download File STMicroelectronics.X-CUBE-AZRTOS-F4.pdsc
2025-07-22 22:31:06,060 [INFO] ServerAccessManage:452 - Complete download http(s) 200
2025-07-22 22:31:06,061 [INFO] ServerAccessManage:509 - Download File STMicroelectronics.X-CUBE-AZRTOS-F7.pdsc
2025-07-22 22:31:06,230 [INFO] ServerAccessManage:452 - Complete download http(s) 200
2025-07-22 22:31:06,231 [INFO] ServerAccessManage:509 - Download File STMicroelectronics.X-CUBE-AZRTOS-L4.pdsc
2025-07-22 22:31:06,399 [INFO] ServerAccessManage:452 - Complete download http(s) 200
2025-07-22 22:31:06,400 [INFO] ServerAccessManage:509 - Download File STMicroelectronics.X-CUBE-AZRTOS-L5.pdsc
2025-07-22 22:31:06,590 [INFO] ServerAccessManage:452 - Complete download http(s) 200
2025-07-22 22:31:06,590 [INFO] ServerAccessManage:509 - Download File STMicroelectronics.X-CUBE-AZRTOS-G0.pdsc
2025-07-22 22:31:06,776 [INFO] ServerAccessManage:452 - Complete download http(s) 200
2025-07-22 22:31:06,776 [INFO] ServerAccessManage:509 - Download File STMicroelectronics.X-CUBE-AZRTOS-G4.pdsc
2025-07-22 22:31:06,948 [INFO] ServerAccessManage:452 - Complete download http(s) 200
2025-07-22 22:31:06,948 [INFO] ServerAccessManage:509 - Download File STMicroelectronics.X-CUBE-AZRTOS-WB.pdsc
2025-07-22 22:31:07,117 [INFO] ServerAccessManage:452 - Complete download http(s) 200
2025-07-22 22:31:07,117 [INFO] ServerAccessManage:509 - Download File STMicroelectronics.X-CUBE-AZRTOS-WL.pdsc
2025-07-22 22:31:07,250 [INFO] ServerAccessManage:452 - Complete download http(s) 200
2025-07-22 22:31:07,250 [INFO] ServerAccessManage:509 - Download File STMicroelectronics.X-CUBE-WB05N.pdsc
2025-07-22 22:31:08,317 [INFO] ServerAccessManage:452 - Complete download http(s) 200
2025-07-22 22:31:08,318 [INFO] ServerAccessManage:509 - Download File wolfSSL.I-CUBE-wolfSSL.pdsc
2025-07-22 22:31:10,821 [WARN] Engine:547 - Do no try to populate pack already in database: STMicroelectronics.FP-ATR-ASTRA1.2.0.2
2025-07-22 22:31:10,822 [WARN] Engine:547 - Do no try to populate pack already in database: STMicroelectronics.FP-ATR-SIGFOX1.3.2.0
2025-07-22 22:31:10,827 [WARN] PackLoader:240 - Cannot read IP mode file for STMicroelectronics.FP-SNS-STBOX1.2.0.0
2025-07-22 22:31:10,835 [WARN] Engine:547 - Do no try to populate pack already in database: STMicroelectronics.FP-SNS-FLIGHT1.5.1.0
2025-07-22 22:31:10,836 [WARN] Engine:547 - Do no try to populate pack already in database: STMicroelectronics.FP-SNS-MOTENV1.5.0.0
2025-07-22 22:31:10,837 [WARN] Engine:547 - Do no try to populate pack already in database: STMicroelectronics.FP-SNS-MOTENVWB1.1.4.0
2025-07-22 22:31:10,838 [WARN] Engine:547 - Do no try to populate pack already in database: STMicroelectronics.FP-SNS-SMARTAG2.1.2.0
2025-07-22 22:31:10,840 [WARN] Engine:547 - Do no try to populate pack already in database: STMicroelectronics.FP-SNS-STAIOTCFT.1.0.0
2025-07-22 22:31:10,841 [WARN] Engine:547 - Do no try to populate pack already in database: STMicroelectronics.X-CUBE-AI.10.1.0
2025-07-22 22:31:10,842 [WARN] Engine:547 - Do no try to populate pack already in database: STMicroelectronics.X-CUBE-ALS.1.0.2
2025-07-22 22:31:10,843 [WARN] Engine:547 - Do no try to populate pack already in database: STMicroelectronics.X-CUBE-BLE1.7.1.0
2025-07-22 22:31:10,844 [WARN] Engine:547 - Do no try to populate pack already in database: STMicroelectronics.X-CUBE-BLE2.3.3.0
2025-07-22 22:31:10,846 [WARN] Engine:547 - Do no try to populate pack already in database: STMicroelectronics.X-CUBE-BLEMGR.4.1.0
2025-07-22 22:31:10,848 [WARN] Engine:547 - Do no try to populate pack already in database: STMicroelectronics.X-CUBE-DISPLAY.3.0.0
2025-07-22 22:31:10,849 [WARN] Engine:547 - Do no try to populate pack already in database: STMicroelectronics.X-CUBE-DPower.1.3.0
2025-07-22 22:31:10,851 [WARN] Engine:547 - Do no try to populate pack already in database: STMicroelectronics.X-CUBE-EEPRMA1.5.2.0
2025-07-22 22:31:10,852 [WARN] Engine:547 - Do no try to populate pack already in database: STMicroelectronics.X-CUBE-FREERTOS.1.3.1
2025-07-22 22:31:10,853 [WARN] Engine:547 - Do no try to populate pack already in database: STMicroelectronics.X-CUBE-GNSS1.7.0.1
2025-07-22 22:31:10,854 [WARN] Engine:547 - Do no try to populate pack already in database: STMicroelectronics.X-CUBE-ISPU.2.1.0
2025-07-22 22:31:10,856 [WARN] Engine:547 - Do no try to populate pack already in database: STMicroelectronics.X-CUBE-IPS.3.1.0
2025-07-22 22:31:10,865 [WARN] Engine:547 - Do no try to populate pack already in database: STMicroelectronics.X-CUBE-MEMS1.11.3.0
2025-07-22 22:31:10,867 [WARN] Engine:547 - Do no try to populate pack already in database: STMicroelectronics.X-CUBE-NFC4.3.0.0
2025-07-22 22:31:10,868 [WARN] Engine:547 - Do no try to populate pack already in database: STMicroelectronics.X-CUBE-NFC6.3.1.0
2025-07-22 22:31:10,869 [WARN] Engine:547 - Do no try to populate pack already in database: STMicroelectronics.X-CUBE-NFC7.2.0.0
2025-07-22 22:31:10,869 [WARN] Engine:547 - Do no try to populate pack already in database: STMicroelectronics.X-CUBE-NFC9.1.0.0
2025-07-22 22:31:10,870 [WARN] Engine:547 - Do no try to populate pack already in database: STMicroelectronics.X-CUBE-NFC10.1.0.0
2025-07-22 22:31:10,872 [WARN] Engine:547 - Do no try to populate pack already in database: STMicroelectronics.X-CUBE-NFC12.1.0.0
2025-07-22 22:31:10,874 [WARN] Engine:547 - Do no try to populate pack already in database: STMicroelectronics.X-CUBE-SFXS2LP1.4.0.0
2025-07-22 22:31:10,875 [WARN] Engine:547 - Do no try to populate pack already in database: STMicroelectronics.X-CUBE-SAFEA1.1.2.2
2025-07-22 22:31:10,876 [WARN] Engine:547 - Do no try to populate pack already in database: STMicroelectronics.X-CUBE-SUBG2.5.0.0
2025-07-22 22:31:10,876 [WARN] Engine:547 - Do no try to populate pack already in database: STMicroelectronics.X-CUBE-SMBUS.2.1.0
2025-07-22 22:31:10,877 [WARN] Engine:547 - Do no try to populate pack already in database: STMicroelectronics.X-CUBE-ST60.1.0.0
2025-07-22 22:31:10,878 [WARN] Engine:547 - Do no try to populate pack already in database: STMicroelectronics.X-CUBE-ST67W61.1.0.0
2025-07-22 22:31:10,878 [WARN] Engine:547 - Do no try to populate pack already in database: STMicroelectronics.X-CUBE-PM33A1.1.0.0
2025-07-22 22:31:10,880 [WARN] Engine:547 - Do no try to populate pack already in database: STMicroelectronics.X-CUBE-TCPP.4.2.0
2025-07-22 22:31:10,883 [WARN] Engine:547 - Do no try to populate pack already in database: STMicroelectronics.X-CUBE-TOF1.3.4.3
2025-07-22 22:31:10,884 [WARN] Engine:547 - Do no try to populate pack already in database: STMicroelectronics.X-CUBE-TOUCHGFX.4.25.0
2025-07-22 22:31:10,885 [WARN] Engine:547 - Do no try to populate pack already in database: STMicroelectronics.X-CUBE-ALGOBUILD.1.4.0
2025-07-22 22:31:10,888 [WARN] Engine:547 - Do no try to populate pack already in database: STMicroelectronics.X-CUBE-AZRTOS-H7.3.4.0
2025-07-22 22:31:10,890 [WARN] Engine:547 - Do no try to populate pack already in database: STMicroelectronics.X-CUBE-AZRTOS-H7RS.1.1.0
2025-07-22 22:31:10,893 [WARN] Engine:547 - Do no try to populate pack already in database: STMicroelectronics.X-CUBE-AZRTOS-F4.1.1.0
2025-07-22 22:31:10,896 [WARN] Engine:547 - Do no try to populate pack already in database: STMicroelectronics.X-CUBE-AZRTOS-F7.1.1.0
2025-07-22 22:31:10,899 [WARN] Engine:547 - Do no try to populate pack already in database: STMicroelectronics.X-CUBE-AZRTOS-L4.2.0.0
2025-07-22 22:31:10,901 [WARN] Engine:547 - Do no try to populate pack already in database: STMicroelectronics.X-CUBE-AZRTOS-L5.2.0.0
2025-07-22 22:31:10,905 [WARN] Engine:547 - Do no try to populate pack already in database: STMicroelectronics.X-CUBE-AZRTOS-G0.1.1.0
2025-07-22 22:31:10,908 [WARN] Engine:547 - Do no try to populate pack already in database: STMicroelectronics.X-CUBE-AZRTOS-G4.2.0.0
2025-07-22 22:31:10,911 [WARN] Engine:547 - Do no try to populate pack already in database: STMicroelectronics.X-CUBE-AZRTOS-WB.2.0.0
2025-07-22 22:31:10,913 [WARN] Engine:547 - Do no try to populate pack already in database: STMicroelectronics.X-CUBE-AZRTOS-WL.2.0.0
2025-07-22 22:31:10,915 [WARN] Engine:547 - Do no try to populate pack already in database: STMicroelectronics.X-CUBE-WB05N.2.0.0
2025-07-22 22:31:10,917 [WARN] PackLoader:240 - Cannot read IP mode file for wolfSSL.I-CUBE-wolfSSL.5.8.0
2025-07-22 22:31:10,918 [INFO] PopulateThirdPartyThread:66 - Ending populate Thread
2025-07-22 22:31:10,919 [INFO] ThirdParty:1030 - CMSIS Pack Vendor :STMicroelectronics FP-SNS-STBOX1 2.0.0
2025-07-22 22:31:10,919 [INFO] ThirdParty:1030 - CMSIS Pack Vendor :wolfSSL I-CUBE-wolfSSL 5.8.0
2025-07-22 22:31:10,919 [INFO] LoadServerUpdatesThread:375 - End of LoadServerUpdate Thread
2025-07-22 22:31:10,971 [INFO] CheckServerUpdateThread:120 - End of CheckServer Thread
2025-07-22 22:31:31,624 [INFO] MainUpdater:2872 - connection check result : 10
2025-07-22 22:31:31,691 [INFO] McuFinderGlobals:76 - Set McuFinderConnectedMode to true
2025-07-22 22:31:31,691 [INFO] MultiScanPanel:200 - Auto-refresh data requested => check proxy status ongoing
2025-07-22 22:31:31,691 [INFO] FinderPluginLoader:96 - Searching for filters in installed packs
2025-07-22 22:31:32,721 [INFO] LoadUrlFilesThread:185 - End of LoadServerUrlFiles without Thread
2025-07-22 22:31:32,721 [INFO] DetailPanel:341 - Set advertising image to C:/Users/nicks/STM32Cube/Repository/\en.2400x1350px.jpeg
2025-07-22 22:31:36,503 [INFO] MultiScanPanel:200 - Auto-refresh data requested => check proxy status ongoing
2025-07-22 22:31:36,535 [INFO] LoadUrlFilesThread:185 - End of LoadServerUrlFiles without Thread
2025-07-22 22:31:36,535 [INFO] DetailPanel:341 - Set advertising image to C:/Users/nicks/STM32Cube/Repository/\en.2400x1350px.jpeg
2025-07-22 22:31:53,645 [INFO] McuFinderGlobals:76 - Set McuFinderConnectedMode to true
2025-07-22 22:31:53,746 [INFO] ApiDb:448 - Save user favorites file C:\Users\nicks/.stm32cubeide/favorites.mcus.txt: 0 item(s)
2025-07-22 22:31:53,746 [INFO] ApiDb:452 - User favorites MCUs=[]
2025-07-22 22:31:53,746 [INFO] ApiDb:448 - Save user favorites file C:\Users\nicks/.stm32cubeide/favorites.boards.txt: 0 item(s)
2025-07-22 22:31:53,746 [INFO] ApiDb:452 - User favorites Boards=[]
2025-07-22 22:31:58,317 [ERROR] LogOutputStream:75 - [STDERR_REDIRECT] 
2025-07-22 22:36:51,739 [INFO] Activator:176 - 


2025-07-22 22:36:51,740 [INFO] Activator:177 - !SESSION log4j initialized
2025-07-22 22:36:55,595 [INFO] LogOutputStream:77 - [STDOUT_REDIRECT] 
2025-07-22 22:36:57,710 [INFO] ApplicationProperties:184 - Using Application install path: C:\ST\STM32CubeIDE_1.16.1\STM32CubeIDE\plugins\com.st.stm32cube.common.mx_6.12.1.202409122256
2025-07-22 22:36:57,718 [INFO] DbMcusXml:78 - Set database path to: C:\ST\STM32CubeIDE_1.16.1\STM32CubeIDE\plugins\com.st.stm32cube.common.mx_6.12.1.202409122256\\db\/mcu/
2025-07-22 22:36:57,719 [INFO] ApiDb:274 - Set plugin database path to: C:\ST\STM32CubeIDE_1.16.1\STM32CubeIDE\plugins\com.st.stm32cube.common.mx_6.12.1.202409122256\\db\/plugins/boardmanager/
2025-07-22 22:36:57,719 [WARN] ApiDb:259 - Overriding images path with different value:  => C:\ST\STM32CubeIDE_1.16.1\STM32CubeIDE\plugins\com.st.stm32cube.common.mx_6.12.1.202409122256\\db\/plugins/mcufinder/images/
2025-07-22 22:36:57,722 [INFO] ApiDb:250 - Set database path to: C:\Users\nicks\.stmcufinder\plugins\mcufinder//mcu/
2025-07-22 22:36:57,722 [INFO] DbMcusAds:125 - Set database path to: C:\Users\nicks\.stmcufinder\plugins\mcufinder//mcu/
2025-07-22 22:36:57,723 [INFO] CrossReferenceDbSqlite:203 - Set database path to: C:\Users\nicks\.stmcufinder\plugins\mcufinder//mcu/cs/
2025-07-22 22:36:57,783 [INFO] RulesReader:64 - Compatibility file has been processed (297 Rules)
2025-07-22 22:36:57,828 [INFO] DbMcusXml:78 - Set database path to: C:\ST\STM32CubeIDE_1.16.1\STM32CubeIDE\plugins\com.st.stm32cube.common.mx_6.12.1.202409122256\\db\/mcu/
2025-07-22 22:36:57,829 [INFO] ApiDb:274 - Set plugin database path to: C:\ST\STM32CubeIDE_1.16.1\STM32CubeIDE\plugins\com.st.stm32cube.common.mx_6.12.1.202409122256\\db\/plugins/boardmanager/
2025-07-22 22:36:57,829 [INFO] ApiDb:261 - Set plugin images path to: C:\ST\STM32CubeIDE_1.16.1\STM32CubeIDE\plugins\com.st.stm32cube.common.mx_6.12.1.202409122256\\db\/plugins/mcufinder/images/
2025-07-22 22:36:57,829 [WARN] DbFile:41 - Overriding database path with different value: C:\Users\nicks\.stmcufinder\plugins\mcufinder/ => C:\Users\nicks\.stmcufinder\plugins\mcufinder
2025-07-22 22:36:57,829 [INFO] ApiDb:250 - Set database path to: C:\Users\nicks\.stmcufinder\plugins\mcufinder//mcu/
2025-07-22 22:36:57,829 [WARN] DbFile:41 - Overriding database path with different value: C:\Users\nicks\.stmcufinder\plugins\mcufinder/ => C:\Users\nicks\.stmcufinder\plugins\mcufinder
2025-07-22 22:36:57,829 [INFO] DbMcusAds:125 - Set database path to: C:\Users\nicks\.stmcufinder\plugins\mcufinder//mcu/
2025-07-22 22:36:57,829 [WARN] DbFile:41 - Overriding database path with different value: C:\Users\nicks\.stmcufinder\plugins\mcufinder/ => C:\Users\nicks\.stmcufinder\plugins\mcufinder
2025-07-22 22:36:57,829 [WARN] DbFile:41 - Overriding database path with different value: C:\Users\nicks\.stmcufinder\plugins\mcufinder/ => C:\Users\nicks\.stmcufinder\plugins\mcufinder
2025-07-22 22:36:57,829 [INFO] CrossReferenceDbSqlite:203 - Set database path to: C:\Users\nicks\.stmcufinder\plugins\mcufinder//mcu/cs/
2025-07-22 22:36:57,874 [INFO] MainPanel:268 - HeapMemory: 268435456
2025-07-22 22:36:57,914 [INFO] DbMcusXml:78 - Set database path to: C:\ST\STM32CubeIDE_1.16.1\STM32CubeIDE\plugins\com.st.stm32cube.common.mx_6.12.1.202409122256\\db\/mcu/
2025-07-22 22:36:57,915 [INFO] ApiDb:274 - Set plugin database path to: C:\ST\STM32CubeIDE_1.16.1\STM32CubeIDE\plugins\com.st.stm32cube.common.mx_6.12.1.202409122256\\db\/plugins/boardmanager/
2025-07-22 22:36:57,915 [INFO] ApiDb:261 - Set plugin images path to: C:\ST\STM32CubeIDE_1.16.1\STM32CubeIDE\plugins\com.st.stm32cube.common.mx_6.12.1.202409122256\\db\/plugins/mcufinder/images/
2025-07-22 22:36:57,915 [WARN] DbFile:41 - Overriding database path with different value: C:\Users\nicks\.stmcufinder\plugins\mcufinder/ => C:\Users\nicks\.stmcufinder\plugins\mcufinder
2025-07-22 22:36:57,915 [INFO] ApiDb:250 - Set database path to: C:\Users\nicks\.stmcufinder\plugins\mcufinder//mcu/
2025-07-22 22:36:57,915 [WARN] DbFile:41 - Overriding database path with different value: C:\Users\nicks\.stmcufinder\plugins\mcufinder/ => C:\Users\nicks\.stmcufinder\plugins\mcufinder
2025-07-22 22:36:57,915 [INFO] DbMcusAds:125 - Set database path to: C:\Users\nicks\.stmcufinder\plugins\mcufinder//mcu/
2025-07-22 22:36:57,915 [WARN] DbFile:41 - Overriding database path with different value: C:\Users\nicks\.stmcufinder\plugins\mcufinder/ => C:\Users\nicks\.stmcufinder\plugins\mcufinder
2025-07-22 22:36:57,915 [WARN] DbFile:41 - Overriding database path with different value: C:\Users\nicks\.stmcufinder\plugins\mcufinder/ => C:\Users\nicks\.stmcufinder\plugins\mcufinder
2025-07-22 22:36:57,915 [INFO] CrossReferenceDbSqlite:203 - Set database path to: C:\Users\nicks\.stmcufinder\plugins\mcufinder//mcu/cs/
2025-07-22 22:36:57,925 [INFO] ApplicationProperties:184 - Using Application install path: C:\ST\STM32CubeIDE_1.16.1\STM32CubeIDE\plugins\com.st.stm32cube.common.mx_6.12.1.202409122256
2025-07-22 22:36:57,926 [INFO] PluginManage:196 - Search for loadable plugins [exclusion list=, ]
2025-07-22 22:36:57,927 [INFO] PluginManage:310 - Check plugin analytics
2025-07-22 22:36:58,018 [INFO] AnalyticsPlugin:253 - Accepted Software Licenses: 
2025-07-22 22:36:58,018 [INFO] AnalyticsPlugin:255 - Accepted CMSIS Pack Licenses: 
2025-07-22 22:36:58,018 [INFO] AnalyticsPlugin:257 - Accepted Firmware Licenses: FW.F4.1.28.0,FW.H7.1.12.0
2025-07-22 22:36:58,020 [INFO] PluginManage:359 - Loaded plugin analytics (category:tool,tabindex:-1)
2025-07-22 22:36:58,020 [INFO] PluginManage:310 - Check plugin cadmodel
2025-07-22 22:36:58,022 [INFO] CADModel:105 - Init CAD model plugin
2025-07-22 22:36:58,022 [INFO] PluginManage:359 - Loaded plugin cadmodel (category:power,tabindex:5)
2025-07-22 22:36:58,022 [INFO] PluginManage:310 - Check plugin clock
2025-07-22 22:36:58,026 [INFO] PluginManage:359 - Loaded plugin clock (category:base,tabindex:2)
2025-07-22 22:36:58,026 [INFO] PluginManage:310 - Check plugin ddr
2025-07-22 22:36:58,027 [INFO] PluginManage:359 - Loaded plugin ddr (category:tool,tabindex:6)
2025-07-22 22:36:58,028 [INFO] PluginManage:310 - Check plugin filemanager
2025-07-22 22:36:58,110 [INFO] PluginManage:359 - Loaded plugin filemanager (category:base,tabindex:10)
2025-07-22 22:36:58,110 [INFO] PluginManage:310 - Check plugin ipmanager
2025-07-22 22:36:58,114 [INFO] PluginManage:359 - Loaded plugin ipmanager (category:base,tabindex:5)
2025-07-22 22:36:58,115 [INFO] PluginManage:310 - Check plugin lpbam
2025-07-22 22:36:58,120 [INFO] PluginManage:359 - Loaded plugin lpbam (category:base,tabindex:0)
2025-07-22 22:36:58,120 [INFO] PluginManage:310 - Check plugin memorymap
2025-07-22 22:36:58,126 [INFO] PluginManage:359 - Loaded plugin memorymap (category:base,tabindex:4)
2025-07-22 22:36:58,126 [INFO] PluginManage:310 - Check plugin pinoutandconfiguration
2025-07-22 22:36:58,131 [INFO] PluginManage:359 - Loaded plugin pinoutandconfiguration (category:base,tabindex:1)
2025-07-22 22:36:58,131 [INFO] PluginManage:310 - Check plugin pinoutconfig
2025-07-22 22:36:58,181 [WARN] SupportedApi:132 - Cannot load RTOS API schema: s4s-elt-must-match.1: The content of 'definitions' must match (annotation?, (simpleType | complexType)?, (unique | key | keyref)*)). A problem was found starting at: attribute.
2025-07-22 22:36:58,250 [INFO] PluginManage:359 - Loaded plugin pinoutconfig (category:base,tabindex:0)
2025-07-22 22:36:58,250 [INFO] PluginManage:310 - Check plugin power
2025-07-22 22:36:58,255 [INFO] PluginManage:359 - Loaded plugin power (category:power,tabindex:4)
2025-07-22 22:36:58,255 [INFO] PluginManage:310 - Check plugin projectmanager
2025-07-22 22:36:58,265 [INFO] PluginManage:359 - Loaded plugin projectmanager (category:projectmanager,tabindex:4)
2025-07-22 22:36:58,265 [INFO] PluginManage:310 - Check plugin rif
2025-07-22 22:36:58,268 [INFO] PluginManage:359 - Loaded plugin rif (category:base,tabindex:3)
2025-07-22 22:36:58,268 [INFO] PluginManage:310 - Check plugin thirdparty
2025-07-22 22:36:58,355 [INFO] PluginManage:359 - Loaded plugin thirdparty (category:base,tabindex:-1)
2025-07-22 22:36:58,355 [INFO] PluginManage:310 - Check plugin tools
2025-07-22 22:36:58,355 [WARN] IntegrityCheckThread:84 - waiting for thirdparty lock release [integrity check]
2025-07-22 22:36:58,355 [INFO] IntegrityCheckThread:86 - entering critical section [integrity check]
2025-07-22 22:36:58,355 [INFO] ThirdPartyUpdaterWithRetryManager:70 - Updater plugin not ready yet. [1/15]
2025-07-22 22:36:58,356 [INFO] PluginManage:359 - Loaded plugin tools (category:base,tabindex:7)
2025-07-22 22:36:58,357 [INFO] PluginManage:310 - Check plugin tutovideos
2025-07-22 22:36:58,446 [INFO] PluginManage:359 - Loaded plugin tutovideos (category:base,tabindex:-1)
2025-07-22 22:36:58,446 [INFO] PluginManage:310 - Check plugin updater
2025-07-22 22:36:58,455 [INFO] PluginManage:359 - Loaded plugin updater (category:base,tabindex:12)
2025-07-22 22:36:58,456 [INFO] PluginManage:310 - Check plugin userauth
2025-07-22 22:36:58,458 [INFO] UserAuth:113 - Init User Auth plugin
2025-07-22 22:36:58,458 [INFO] PluginManage:359 - Loaded plugin userauth (category:base,tabindex:14)
2025-07-22 22:36:58,459 [INFO] PluginManage:283 - PluginManage : Loaded plugins [18]
2025-07-22 22:36:58,577 [INFO] PinOutPanel:1561 - setPackage(No Configuration,No Configuration)
2025-07-22 22:36:58,632 [INFO] CADModel:165 - CPN selected for project level
2025-07-22 22:36:58,632 [INFO] CADModel:114 - Register for checkConnection events
2025-07-22 22:36:58,641 [INFO] IPUIPlugin:80 - create IPUIPlugin
2025-07-22 22:36:58,641 [INFO] PluginManager:220 - loadIPPluginJar : add adc
2025-07-22 22:36:58,642 [INFO] IPUIPlugin:80 - create IPUIPlugin
2025-07-22 22:36:58,642 [INFO] PluginManager:220 - loadIPPluginJar : add aes
2025-07-22 22:36:58,644 [INFO] IPUIPlugin:80 - create IPUIPlugin
2025-07-22 22:36:58,644 [INFO] PluginManager:220 - loadIPPluginJar : add can
2025-07-22 22:36:58,645 [INFO] IPUIPlugin:80 - create IPUIPlugin
2025-07-22 22:36:58,645 [INFO] PluginManager:220 - loadIPPluginJar : add comp
2025-07-22 22:36:58,646 [INFO] IPUIPlugin:80 - create IPUIPlugin
2025-07-22 22:36:58,646 [INFO] PluginManager:220 - loadIPPluginJar : add cryp
2025-07-22 22:36:58,648 [INFO] IPUIPlugin:80 - create IPUIPlugin
2025-07-22 22:36:58,648 [INFO] PluginManager:220 - loadIPPluginJar : add ddr_ctrl_phy
2025-07-22 22:36:58,649 [INFO] IPUIPlugin:80 - create IPUIPlugin
2025-07-22 22:36:58,649 [INFO] PluginManager:220 - loadIPPluginJar : add dfsdm
2025-07-22 22:36:58,652 [INFO] IPUIPlugin:80 - create IPUIPlugin
2025-07-22 22:36:58,652 [INFO] PluginManager:220 - loadIPPluginJar : add dma
2025-07-22 22:36:58,653 [INFO] IPUIPlugin:80 - create IPUIPlugin
2025-07-22 22:36:58,653 [INFO] PluginManager:220 - loadIPPluginJar : add dma3
2025-07-22 22:36:58,655 [INFO] IPUIPlugin:80 - create IPUIPlugin
2025-07-22 22:36:58,655 [INFO] PluginManager:220 - loadIPPluginJar : add extmemmanager
2025-07-22 22:36:58,655 [INFO] IPUIPlugin:80 - create IPUIPlugin
2025-07-22 22:36:58,655 [INFO] PluginManager:220 - loadIPPluginJar : add fatfs
2025-07-22 22:36:58,658 [INFO] IPUIPlugin:80 - create IPUIPlugin
2025-07-22 22:36:58,658 [INFO] PluginManager:220 - loadIPPluginJar : add fmc
2025-07-22 22:36:58,660 [INFO] IPUIPlugin:80 - create IPUIPlugin
2025-07-22 22:36:58,660 [INFO] PluginManager:220 - loadIPPluginJar : add freertos
2025-07-22 22:36:58,661 [INFO] IPUIPlugin:80 - create IPUIPlugin
2025-07-22 22:36:58,661 [INFO] PluginManager:220 - loadIPPluginJar : add genericplugin
2025-07-22 22:36:58,662 [INFO] IPUIPlugin:80 - create IPUIPlugin
2025-07-22 22:36:58,662 [INFO] PluginManager:220 - loadIPPluginJar : add gfxmmu
2025-07-22 22:36:58,664 [INFO] IPUIPlugin:80 - create IPUIPlugin
2025-07-22 22:36:58,664 [INFO] PluginManager:220 - loadIPPluginJar : add gic
2025-07-22 22:36:58,666 [INFO] IPUIPlugin:80 - create IPUIPlugin
2025-07-22 22:36:58,666 [INFO] PluginManager:220 - loadIPPluginJar : add gpio
2025-07-22 22:36:58,668 [INFO] IPUIPlugin:80 - create IPUIPlugin
2025-07-22 22:36:58,668 [INFO] PluginManager:220 - loadIPPluginJar : add gtzc
2025-07-22 22:36:58,669 [INFO] IPUIPlugin:80 - create IPUIPlugin
2025-07-22 22:36:58,669 [INFO] PluginManager:220 - loadIPPluginJar : add hash
2025-07-22 22:36:58,671 [INFO] IPUIPlugin:80 - create IPUIPlugin
2025-07-22 22:36:58,671 [INFO] PluginManager:220 - loadIPPluginJar : add i2c
2025-07-22 22:36:58,672 [INFO] IPUIPlugin:80 - create IPUIPlugin
2025-07-22 22:36:58,673 [INFO] PluginManager:220 - loadIPPluginJar : add i2s
2025-07-22 22:36:58,674 [INFO] IPUIPlugin:80 - create IPUIPlugin
2025-07-22 22:36:58,674 [INFO] PluginManager:220 - loadIPPluginJar : add i3c
2025-07-22 22:36:58,675 [INFO] IPUIPlugin:80 - create IPUIPlugin
2025-07-22 22:36:58,675 [INFO] PluginManager:220 - loadIPPluginJar : add ipddr
2025-07-22 22:36:58,679 [INFO] IPUIPlugin:80 - create IPUIPlugin
2025-07-22 22:36:58,679 [INFO] PluginManager:220 - loadIPPluginJar : add linkedlist
2025-07-22 22:36:58,680 [INFO] IPUIPlugin:80 - create IPUIPlugin
2025-07-22 22:36:58,680 [INFO] PluginManager:220 - loadIPPluginJar : add lorawan
2025-07-22 22:36:58,681 [INFO] IPUIPlugin:80 - create IPUIPlugin
2025-07-22 22:36:58,681 [INFO] PluginManager:220 - loadIPPluginJar : add ltdc
2025-07-22 22:36:58,684 [INFO] IPUIPlugin:80 - create IPUIPlugin
2025-07-22 22:36:58,684 [INFO] PluginManager:220 - loadIPPluginJar : add mdma
2025-07-22 22:36:58,685 [INFO] IPUIPlugin:80 - create IPUIPlugin
2025-07-22 22:36:58,686 [INFO] PluginManager:220 - loadIPPluginJar : add nvic
2025-07-22 22:36:58,687 [INFO] IPUIPlugin:80 - create IPUIPlugin
2025-07-22 22:36:58,687 [INFO] PluginManager:220 - loadIPPluginJar : add opamp
2025-07-22 22:36:58,688 [INFO] IPUIPlugin:80 - create IPUIPlugin
2025-07-22 22:36:58,689 [INFO] PluginManager:220 - loadIPPluginJar : add openamp
2025-07-22 22:36:58,690 [INFO] IPUIPlugin:80 - create IPUIPlugin
2025-07-22 22:36:58,690 [INFO] PluginManager:220 - loadIPPluginJar : add pdm2pcm
2025-07-22 22:36:58,693 [INFO] IPUIPlugin:80 - create IPUIPlugin
2025-07-22 22:36:58,695 [INFO] PluginManager:220 - loadIPPluginJar : add plateformsettings
2025-07-22 22:36:58,696 [INFO] IPUIPlugin:80 - create IPUIPlugin
2025-07-22 22:36:58,696 [INFO] PluginManager:220 - loadIPPluginJar : add quadspi
2025-07-22 22:36:58,697 [INFO] IPUIPlugin:80 - create IPUIPlugin
2025-07-22 22:36:58,697 [INFO] PluginManager:220 - loadIPPluginJar : add radio
2025-07-22 22:36:58,699 [INFO] IPUIPlugin:80 - create IPUIPlugin
2025-07-22 22:36:58,699 [INFO] PluginManager:220 - loadIPPluginJar : add resmgrutility
2025-07-22 22:36:58,700 [INFO] IPUIPlugin:80 - create IPUIPlugin
2025-07-22 22:36:58,701 [INFO] PluginManager:220 - loadIPPluginJar : add sai
2025-07-22 22:36:58,702 [INFO] IPUIPlugin:80 - create IPUIPlugin
2025-07-22 22:36:58,702 [INFO] PluginManager:220 - loadIPPluginJar : add spi
2025-07-22 22:36:58,704 [INFO] IPUIPlugin:80 - create IPUIPlugin
2025-07-22 22:36:58,704 [INFO] PluginManager:220 - loadIPPluginJar : add stm32_wpan
2025-07-22 22:36:58,705 [INFO] IPUIPlugin:80 - create IPUIPlugin
2025-07-22 22:36:58,705 [INFO] PluginManager:220 - loadIPPluginJar : add tim
2025-07-22 22:36:58,707 [INFO] IPUIPlugin:80 - create IPUIPlugin
2025-07-22 22:36:58,707 [INFO] PluginManager:220 - loadIPPluginJar : add touchsensing
2025-07-22 22:36:58,708 [INFO] IPUIPlugin:80 - create IPUIPlugin
2025-07-22 22:36:58,708 [INFO] PluginManager:220 - loadIPPluginJar : add tracer_emb
2025-07-22 22:36:58,709 [INFO] IPUIPlugin:80 - create IPUIPlugin
2025-07-22 22:36:58,709 [INFO] PluginManager:220 - loadIPPluginJar : add ts
2025-07-22 22:36:58,710 [INFO] IPUIPlugin:80 - create IPUIPlugin
2025-07-22 22:36:58,710 [INFO] PluginManager:220 - loadIPPluginJar : add tsc
2025-07-22 22:36:58,711 [INFO] IPUIPlugin:80 - create IPUIPlugin
2025-07-22 22:36:58,711 [INFO] PluginManager:220 - loadIPPluginJar : add ucpd
2025-07-22 22:36:58,712 [INFO] IPUIPlugin:80 - create IPUIPlugin
2025-07-22 22:36:58,712 [INFO] PluginManager:220 - loadIPPluginJar : add usart
2025-07-22 22:36:58,714 [INFO] IPUIPlugin:80 - create IPUIPlugin
2025-07-22 22:36:58,714 [INFO] PluginManager:220 - loadIPPluginJar : add usbx
2025-07-22 22:36:58,818 [INFO] CADModel:165 - CPN selected for project level
2025-07-22 22:36:58,818 [INFO] CADModel:114 - Register for checkConnection events
2025-07-22 22:36:58,818 [FATAL] Updater:334 - Updater called before beeing initialized
2025-07-22 22:36:58,818 [ERROR] CADModel:125 - Updater not yet initialized, retry later 
2025-07-22 22:36:58,888 [INFO] CADModel:165 - CPN selected for project level
2025-07-22 22:36:58,889 [INFO] CADModel:114 - Register for checkConnection events
2025-07-22 22:36:58,889 [FATAL] Updater:334 - Updater called before beeing initialized
2025-07-22 22:36:58,889 [ERROR] CADModel:125 - Updater not yet initialized, retry later 
2025-07-22 22:36:58,890 [FATAL] Updater:334 - Updater called before beeing initialized
2025-07-22 22:36:58,950 [FATAL] Updater:334 - Updater called before beeing initialized
2025-07-22 22:36:58,953 [INFO] DbMcusAds:53 - JSON generation date=Tue Jul 08 18:14:23 AEST 2025 (1751962463524)
2025-07-22 22:36:58,953 [FATAL] Updater:334 - Updater called before beeing initialized
2025-07-22 22:36:58,976 [WARN] DetailPanel:346 - Failed to get advertising image, set to default
2025-07-22 22:36:59,041 [FATAL] Updater:334 - Updater called before beeing initialized
2025-07-22 22:36:59,042 [FATAL] Updater:334 - Updater called before beeing initialized
2025-07-22 22:36:59,042 [FATAL] Updater:334 - Updater called before beeing initialized
2025-07-22 22:36:59,042 [WARN] DetailPanel:346 - Failed to get advertising image, set to default
2025-07-22 22:36:59,042 [FATAL] Updater:334 - Updater called before beeing initialized
2025-07-22 22:36:59,069 [ERROR] Updater:1164 - MainUpdater not yet initialized. External WinMGr cannot be set.
2025-07-22 22:36:59,070 [INFO] Updater:1100 - Updater Version found : 6.12.1
2025-07-22 22:36:59,079 [INFO] ApplicationProperties:184 - Using Application install path: C:\ST\STM32CubeIDE_1.16.1\STM32CubeIDE\plugins\com.st.stm32cube.common.mx_6.12.1.202409122256
2025-07-22 22:36:59,274 [INFO] MainUpdater:2873 - connection check result : 10
2025-07-22 22:36:59,275 [INFO] MainUpdater:290 - Updater Check For Update Now.
2025-07-22 22:36:59,275 [INFO] MicroXplorer:498 - Change Database Version : DB.6.0.121
2025-07-22 22:36:59,278 [INFO] McuFinderGlobals:63 - Set McuFinder mode to 2 (CubeIDE integrated)
2025-07-22 22:36:59,279 [INFO] UserAuth:417 - Internet connection configuration mode: 1
2025-07-22 22:36:59,288 [INFO] JxBrowserEngine:152 - Initiate JxBrowser Engine with user profile folder
2025-07-22 22:36:59,430 [INFO] CheckServerUpdateThread:120 - End of CheckServer Thread
2025-07-22 22:36:59,614 [INFO] WebApp:167 - Instantiating new browser for Auth
2025-07-22 22:37:00,021 [INFO] WebApp:448 - Apply proxy settings
2025-07-22 22:37:00,021 [INFO] WebApp:533 - Chromium requires no authentication
2025-07-22 22:37:00,025 [INFO] WebApp:476 - Direct internet connection detected
2025-07-22 22:37:00,037 [INFO] WebApp:869 - Register for checkConnection events
2025-07-22 22:37:00,037 [INFO] WebApp:448 - Apply proxy settings
2025-07-22 22:37:00,037 [INFO] WebApp:533 - Chromium requires no authentication
2025-07-22 22:37:00,037 [INFO] WebApp:476 - Direct internet connection detected
2025-07-22 22:37:00,140 [INFO] WebApp:220 - Starting web application
2025-07-22 22:37:00,140 [INFO] WebApp:578 - Web application path used C:\ST\STM32CubeIDE_1.16.1\STM32CubeIDE\plugins\com.st.stm32cube.common.mx_6.12.1.202409122256\db\plugins\mcufinder\reactClient1\index.html
2025-07-22 22:37:00,198 [INFO] UserAuth:417 - Internet connection configuration mode: 1
2025-07-22 22:37:00,450 [INFO] WebApp:186 - Connection restablished
2025-07-22 22:37:01,510 [WARN] PackLoader:240 - Cannot read IP mode file for STMicroelectronics.FP-SNS-MOTENVWB1.1.4.0
2025-07-22 22:37:01,515 [WARN] PackLoader:240 - Cannot read IP mode file for STMicroelectronics.FP-ATR-ASTRA1.2.0.2
2025-07-22 22:37:01,517 [WARN] PackLoader:240 - Cannot read IP mode file for STMicroelectronics.FP-ATR-ASTRA1.2.0.1
2025-07-22 22:37:01,522 [WARN] PackLoader:240 - Cannot read IP mode file for STMicroelectronics.X-CUBE-SMBUS.2.1.0
2025-07-22 22:37:01,526 [WARN] PackLoader:240 - Cannot read IP mode file for STMicroelectronics.X-CUBE-WB05N.1.1.0
2025-07-22 22:37:01,528 [ERROR] Engine:466 - C:\Users\nicks\.stm32cubemx\thirdparties\pdsc\STMicroelectronics.X-CUBE-ST60.1.0.0.pdsc: PDSC version is not supported
2025-07-22 22:37:01,543 [WARN] PackLoader:240 - Cannot read IP mode file for STMicroelectronics.X-CUBE-AZRTOS-F7.1.1.0
2025-07-22 22:37:01,549 [WARN] PackLoader:240 - Cannot read IP mode file for STMicroelectronics.FP-SNS-FLIGHT1.5.0.2
2025-07-22 22:37:01,563 [WARN] PackLoader:240 - Cannot read IP mode file for Infineon.AIROC-Wi-Fi-Bluetooth-STM32.1.7.0
2025-07-22 22:37:01,578 [WARN] PackLoader:240 - Cannot read IP mode file for STMicroelectronics.X-CUBE-AZRTOS-H7.3.4.0
2025-07-22 22:37:01,586 [WARN] PackLoader:240 - Cannot read IP mode file for STMicroelectronics.X-CUBE-DISPLAY.3.0.0
2025-07-22 22:37:01,594 [WARN] PackLoader:240 - Cannot read IP mode file for STMicroelectronics.X-CUBE-NFC10.1.0.0
2025-07-22 22:37:01,604 [WARN] PackLoader:240 - Cannot read IP mode file for STMicroelectronics.X-CUBE-BLEMGR.4.0.0
2025-07-22 22:37:01,609 [WARN] PackLoader:240 - Cannot read IP mode file for emotas.I-CUBE-CANOPEN.1.3.0
2025-07-22 22:37:01,611 [WARN] ConditionMgr:438 - getConditionDescription Invalid condition id : Cortex-A Device cause : null
2025-07-22 22:37:01,623 [WARN] ConditionMgr:1039 - genDependencies : Invalid condition id : Cortex-A Device cause : null
2025-07-22 22:37:01,623 [WARN] ConditionMgr:1039 - genDependencies : Invalid condition id : Cortex-A Device cause : null
2025-07-22 22:37:01,623 [WARN] ConditionMgr:1039 - genDependencies : Invalid condition id : Cortex-A Device cause : null
2025-07-22 22:37:01,626 [WARN] PackLoader:240 - Cannot read IP mode file for STMicroelectronics.X-CUBE-AI.10.0.0
2025-07-22 22:37:01,628 [WARN] PackLoader:240 - Cannot read IP mode file for STMicroelectronics.FP-SNS-SMARTAG2.1.2.0
2025-07-22 22:37:01,629 [ERROR] Engine:466 - C:\Users\nicks\.stm32cubemx\thirdparties\pdsc\STMicroelectronics.FP-SNS-FLIGHT1.5.1.0.pdsc: PDSC version is not supported
2025-07-22 22:37:01,633 [INFO] LogOutputStream:77 - [STDOUT_REDIRECT] 1 : Invalid condition id : UX_CORESTACK_Condition cause : null
2025-07-22 22:37:01,634 [INFO] LogOutputStream:77 - [STDOUT_REDIRECT] 1 : Invalid condition id : UX_CORESTACK_Condition cause : null
2025-07-22 22:37:01,634 [INFO] LogOutputStream:77 - [STDOUT_REDIRECT] 1 : Invalid condition id : UX_CORESTACK_Condition cause : null
2025-07-22 22:37:01,635 [INFO] LogOutputStream:77 - [STDOUT_REDIRECT] 1 : Invalid condition id : UX_CORESTACK_Condition cause : null
2025-07-22 22:37:01,636 [INFO] LogOutputStream:77 - [STDOUT_REDIRECT] 1 : Invalid condition id : UX_CORESTACK_Condition cause : null
2025-07-22 22:37:01,637 [WARN] PackLoader:240 - Cannot read IP mode file for STMicroelectronics.X-CUBE-AZRTOS-WL.2.0.0
2025-07-22 22:37:01,640 [WARN] PackLoader:240 - Cannot read IP mode file for STMicroelectronics.FP-SNS-MOTENV1.5.0.0
2025-07-22 22:37:01,646 [WARN] PackLoader:240 - Cannot read IP mode file for WES.I-CUBE-Cesium.1.3.0
2025-07-22 22:37:01,649 [WARN] PackLoader:240 - Cannot read IP mode file for STMicroelectronics.X-CUBE-BLE2.3.3.0
2025-07-22 22:37:01,653 [WARN] PackLoader:240 - Cannot read IP mode file for STMicroelectronics.X-CUBE-NFC9.1.0.0
2025-07-22 22:37:01,657 [WARN] PackLoader:240 - Cannot read IP mode file for STMicroelectronics.X-CUBE-BLE1.7.1.0
2025-07-22 22:37:01,662 [WARN] PackLoader:240 - Cannot read IP mode file for wolfSSL.I-CUBE-wolfMQTT.1.19.2
2025-07-22 22:37:01,667 [WARN] PackLoader:240 - Cannot read IP mode file for STMicroelectronics.X-CUBE-EEPRMA1.5.2.0
2025-07-22 22:37:01,671 [WARN] PackLoader:240 - Cannot read IP mode file for STMicroelectronics.X-CUBE-AI.10.1.0
2025-07-22 22:37:01,696 [WARN] PackLoader:240 - Cannot read IP mode file for STMicroelectronics.X-CUBE-MEMS1.11.2.0
2025-07-22 22:37:01,784 [WARN] PackLoader:240 - Cannot read IP mode file for STMicroelectronics.X-CUBE-AZRTOS-G0.1.1.0
2025-07-22 22:37:01,791 [WARN] PackLoader:240 - Cannot read IP mode file for STMicroelectronics.X-CUBE-SAFEA1.1.2.2
2025-07-22 22:37:01,797 [WARN] PackLoader:240 - Cannot read IP mode file for STMicroelectronics.X-CUBE-NFC4.3.0.0
2025-07-22 22:37:01,803 [WARN] PackLoader:240 - Cannot read IP mode file for EmbeddedOffice.I-CUBE-FS-RTOS.1.0.1
2025-07-22 22:37:01,803 [ERROR] ConditionMgr:805 - Attr not supported : Dmpu
2025-07-22 22:37:01,803 [ERROR] ConditionMgr:805 - Attr not supported : Dmpu
2025-07-22 22:37:01,804 [ERROR] ConditionMgr:805 - Attr not supported : Dmpu
2025-07-22 22:37:01,804 [ERROR] ConditionMgr:805 - Attr not supported : Dmpu
2025-07-22 22:37:01,804 [ERROR] ConditionMgr:805 - Attr not supported : Dmpu
2025-07-22 22:37:01,804 [ERROR] ConditionMgr:805 - Attr not supported : Dmpu
2025-07-22 22:37:01,804 [ERROR] ConditionMgr:805 - Attr not supported : Dmpu
2025-07-22 22:37:01,804 [ERROR] ConditionMgr:805 - Attr not supported : Dmpu
2025-07-22 22:37:01,804 [ERROR] ConditionMgr:805 - Attr not supported : Dmpu
2025-07-22 22:37:01,804 [ERROR] ConditionMgr:805 - Attr not supported : Dmpu
2025-07-22 22:37:01,804 [ERROR] ConditionMgr:805 - Attr not supported : Dmpu
2025-07-22 22:37:01,804 [ERROR] ConditionMgr:805 - Attr not supported : Dmpu
2025-07-22 22:37:01,804 [ERROR] ConditionMgr:805 - Attr not supported : Dmpu
2025-07-22 22:37:01,804 [ERROR] ConditionMgr:805 - Attr not supported : Dmpu
2025-07-22 22:37:01,805 [ERROR] ConditionMgr:805 - Attr not supported : Dmpu
2025-07-22 22:37:01,805 [ERROR] ConditionMgr:805 - Attr not supported : Dmpu
2025-07-22 22:37:01,805 [ERROR] ConditionMgr:805 - Attr not supported : Dmpu
2025-07-22 22:37:01,805 [ERROR] ConditionMgr:805 - Attr not supported : Dmpu
2025-07-22 22:37:01,805 [ERROR] ConditionMgr:805 - Attr not supported : Dmpu
2025-07-22 22:37:01,805 [ERROR] ConditionMgr:805 - Attr not supported : Dmpu
2025-07-22 22:37:01,805 [ERROR] ConditionMgr:805 - Attr not supported : Dmpu
2025-07-22 22:37:01,805 [ERROR] ConditionMgr:805 - Attr not supported : Dmpu
2025-07-22 22:37:01,805 [ERROR] ConditionMgr:805 - Attr not supported : Dmpu
2025-07-22 22:37:01,805 [ERROR] ConditionMgr:805 - Attr not supported : Dmpu
2025-07-22 22:37:01,806 [ERROR] ConditionMgr:805 - Attr not supported : Dmpu
2025-07-22 22:37:01,806 [ERROR] ConditionMgr:805 - Attr not supported : Dmpu
2025-07-22 22:37:01,806 [ERROR] ConditionMgr:805 - Attr not supported : Dmpu
2025-07-22 22:37:01,806 [ERROR] ConditionMgr:805 - Attr not supported : Dmpu
2025-07-22 22:37:01,806 [ERROR] ConditionMgr:805 - Attr not supported : Dmpu
2025-07-22 22:37:01,806 [ERROR] ConditionMgr:805 - Attr not supported : Dmpu
2025-07-22 22:37:01,806 [ERROR] ConditionMgr:805 - Attr not supported : Dmpu
2025-07-22 22:37:01,806 [ERROR] ConditionMgr:805 - Attr not supported : Dmpu
2025-07-22 22:37:01,806 [ERROR] ConditionMgr:805 - Attr not supported : Dmpu
2025-07-22 22:37:01,806 [ERROR] ConditionMgr:805 - Attr not supported : Dmpu
2025-07-22 22:37:01,806 [ERROR] ConditionMgr:805 - Attr not supported : Dmpu
2025-07-22 22:37:01,806 [ERROR] ConditionMgr:805 - Attr not supported : Dmpu
2025-07-22 22:37:01,806 [ERROR] ConditionMgr:805 - Attr not supported : Dmpu
2025-07-22 22:37:01,806 [ERROR] ConditionMgr:805 - Attr not supported : Dmpu
2025-07-22 22:37:01,806 [ERROR] ConditionMgr:805 - Attr not supported : Dmpu
2025-07-22 22:37:01,806 [ERROR] ConditionMgr:805 - Attr not supported : Dmpu
2025-07-22 22:37:01,806 [ERROR] ConditionMgr:805 - Attr not supported : Dmpu
2025-07-22 22:37:01,806 [ERROR] ConditionMgr:805 - Attr not supported : Dmpu
2025-07-22 22:37:01,806 [ERROR] ConditionMgr:805 - Attr not supported : Dmpu
2025-07-22 22:37:01,806 [ERROR] ConditionMgr:805 - Attr not supported : Dmpu
2025-07-22 22:37:01,806 [ERROR] ConditionMgr:805 - Attr not supported : Dmpu
2025-07-22 22:37:01,806 [ERROR] ConditionMgr:805 - Attr not supported : Dmpu
2025-07-22 22:37:01,807 [ERROR] ConditionMgr:805 - Attr not supported : Dmpu
2025-07-22 22:37:01,807 [ERROR] ConditionMgr:805 - Attr not supported : Dmpu
2025-07-22 22:37:01,807 [ERROR] ConditionMgr:805 - Attr not supported : Dmpu
2025-07-22 22:37:01,807 [ERROR] ConditionMgr:805 - Attr not supported : Dmpu
2025-07-22 22:37:01,807 [ERROR] ConditionMgr:805 - Attr not supported : Dmpu
2025-07-22 22:37:01,807 [ERROR] ConditionMgr:805 - Attr not supported : Dmpu
2025-07-22 22:37:01,807 [ERROR] ConditionMgr:805 - Attr not supported : Dmpu
2025-07-22 22:37:01,807 [ERROR] ConditionMgr:805 - Attr not supported : Dmpu
2025-07-22 22:37:01,807 [ERROR] ConditionMgr:805 - Attr not supported : Dmpu
2025-07-22 22:37:01,807 [ERROR] ConditionMgr:805 - Attr not supported : Dmpu
2025-07-22 22:37:01,807 [ERROR] ConditionMgr:805 - Attr not supported : Dmpu
2025-07-22 22:37:01,807 [ERROR] ConditionMgr:805 - Attr not supported : Dmpu
2025-07-22 22:37:01,807 [ERROR] ConditionMgr:805 - Attr not supported : Dmpu
2025-07-22 22:37:01,807 [ERROR] ConditionMgr:805 - Attr not supported : Dmpu
2025-07-22 22:37:01,807 [ERROR] ConditionMgr:805 - Attr not supported : Dmpu
2025-07-22 22:37:01,807 [ERROR] ConditionMgr:805 - Attr not supported : Dmpu
2025-07-22 22:37:01,807 [ERROR] ConditionMgr:805 - Attr not supported : Dmpu
2025-07-22 22:37:01,807 [ERROR] ConditionMgr:805 - Attr not supported : Dmpu
2025-07-22 22:37:01,811 [WARN] PackLoader:240 - Cannot read IP mode file for STMicroelectronics.X-CUBE-WB05N.2.0.0
2025-07-22 22:37:01,825 [WARN] PackLoader:240 - Cannot read IP mode file for wolfSSL.I-CUBE-wolfTPM.3.8.0
2025-07-22 22:37:01,828 [ERROR] Engine:466 - C:\Users\nicks\.stm32cubemx\thirdparties\pdsc\STMicroelectronics.X-CUBE-TCPP.4.2.0.pdsc: PDSC version is not supported
2025-07-22 22:37:01,832 [WARN] PackLoader:240 - Cannot read IP mode file for RealThread.X-CUBE-RT-Thread_Nano.4.1.1
2025-07-22 22:37:01,836 [WARN] PackLoader:240 - Cannot read IP mode file for STMicroelectronics.FP-ATR-SIGFOX1.3.2.0
2025-07-22 22:37:01,841 [WARN] PackLoader:240 - Cannot read IP mode file for STMicroelectronics.X-CUBE-EEPRMA1.5.1.0
2025-07-22 22:37:01,846 [WARN] PackLoader:240 - Cannot read IP mode file for wolfSSL.I-CUBE-wolfSSL.5.7.6
2025-07-22 22:37:01,850 [WARN] PackLoader:240 - Cannot read IP mode file for ITTIA_DB.I-CUBE-ITTIADB.8.9.0
2025-07-22 22:37:01,852 [ERROR] Engine:466 - C:\Users\nicks\.stm32cubemx\thirdparties\pdsc\STMicroelectronics.X-CUBE-ST67W61.1.0.0.pdsc: PDSC version is not supported
2025-07-22 22:37:01,873 [WARN] PackLoader:240 - Cannot read IP mode file for SEGGER.I-CUBE-embOS.1.3.1
2025-07-22 22:37:01,906 [WARN] PackLoader:240 - Cannot read IP mode file for STMicroelectronics.X-CUBE-ALGOBUILD.1.4.0
2025-07-22 22:37:01,945 [WARN] PackLoader:240 - Cannot read IP mode file for STMicroelectronics.X-CUBE-MEMS1.11.3.0
2025-07-22 22:37:02,010 [WARN] PackLoader:240 - Cannot read IP mode file for STMicroelectronics.X-CUBE-PM33A1.1.0.0
2025-07-22 22:37:02,021 [WARN] PackLoader:240 - Cannot read IP mode file for STMicroelectronics.X-CUBE-AZRTOS-F4.1.1.0
2025-07-22 22:37:02,024 [ERROR] Engine:466 - C:\Users\nicks\.stm32cubemx\thirdparties\pdsc\Avnet-IotConnect.X-CUBE-IoTC-DA16k-PMOD.1.0.0.pdsc: PDSC version is not supported
2025-07-22 22:37:02,164 [WARN] PackLoader:240 - Cannot read IP mode file for STMicroelectronics.X-CUBE-ISPU.2.1.0
2025-07-22 22:37:02,169 [WARN] PackLoader:240 - Cannot read IP mode file for STMicroelectronics.X-CUBE-NFC12.1.0.0
2025-07-22 22:37:02,186 [WARN] PackLoader:240 - Cannot read IP mode file for STMicroelectronics.X-CUBE-AZRTOS-L5.2.0.0
2025-07-22 22:37:02,195 [WARN] PackLoader:240 - Cannot read IP mode file for STMicroelectronics.X-CUBE-NFC6.3.1.0
2025-07-22 22:37:02,202 [WARN] PackLoader:240 - Cannot read IP mode file for STMicroelectronics.X-CUBE-FREERTOS.1.3.1
2025-07-22 22:37:02,206 [WARN] PackLoader:240 - Cannot read IP mode file for STMicroelectronics.X-CUBE-FREERTOS.1.3.0
2025-07-22 22:37:02,212 [WARN] PackLoader:240 - Cannot read IP mode file for STMicroelectronics.X-CUBE-NFC7.1.0.1
2025-07-22 22:37:02,215 [ERROR] Engine:466 - C:\Users\nicks\.stm32cubemx\thirdparties\pdsc\STMicroelectronics.FP-SNS-STAIOTCFT.1.0.0.pdsc: PDSC version is not supported
2025-07-22 22:37:02,219 [WARN] PackLoader:240 - Cannot read IP mode file for STMicroelectronics.X-CUBE-DPower.1.3.0
2025-07-22 22:37:02,232 [WARN] ConditionMgr:438 - getConditionDescription Invalid condition id : LAN8742 Phy interface Condition cause : null
2025-07-22 22:37:02,233 [WARN] PackLoader:240 - Cannot read IP mode file for STMicroelectronics.X-CUBE-AZRTOS-L4.2.0.0
2025-07-22 22:37:02,234 [WARN] ConditionMgr:1039 - genDependencies : Invalid condition id : LAN8742 Phy interface Condition cause : null
2025-07-22 22:37:02,234 [WARN] ConditionMgr:1039 - genDependencies : Invalid condition id : LAN8742 Phy interface Condition cause : null
2025-07-22 22:37:02,235 [WARN] ConditionMgr:1039 - genDependencies : Invalid condition id : LAN8742 Phy interface Condition cause : null
2025-07-22 22:37:02,246 [WARN] PackLoader:240 - Cannot read IP mode file for STMicroelectronics.X-CUBE-SFXS2LP1.4.0.0
2025-07-22 22:37:02,262 [WARN] PackLoader:240 - Cannot read IP mode file for STMicroelectronics.X-CUBE-AZRTOS-H7.3.3.0
2025-07-22 22:37:02,267 [ERROR] Engine:466 - C:\Users\nicks\.stm32cubemx\thirdparties\pdsc\STMicroelectronics.X-CUBE-BLEMGR.4.1.0.pdsc: PDSC version is not supported
2025-07-22 22:37:02,275 [WARN] ConditionMgr:438 - getConditionDescription Invalid condition id : UX DEVICE CLASS RTOS Condition cause : null
2025-07-22 22:37:02,276 [WARN] ConditionMgr:438 - getConditionDescription Invalid condition id : UX DEVICE CLASS RTOS Condition cause : null
2025-07-22 22:37:02,278 [WARN] PackLoader:240 - Cannot read IP mode file for STMicroelectronics.X-CUBE-AZRTOS-WB.2.0.0
2025-07-22 22:37:02,278 [WARN] ConditionMgr:1039 - genDependencies : Invalid condition id : UX DEVICE CLASS RTOS Condition cause : null
2025-07-22 22:37:02,278 [WARN] ConditionMgr:1039 - genDependencies : Invalid condition id : UX DEVICE CLASS RTOS Condition cause : null
2025-07-22 22:37:02,278 [WARN] ConditionMgr:1039 - genDependencies : Invalid condition id : UX DEVICE CLASS RTOS Condition cause : null
2025-07-22 22:37:02,279 [WARN] ConditionMgr:1039 - genDependencies : Invalid condition id : UX DEVICE CLASS RTOS Condition cause : null
2025-07-22 22:37:02,279 [WARN] ConditionMgr:1039 - genDependencies : Invalid condition id : UX DEVICE CLASS RTOS Condition cause : null
2025-07-22 22:37:02,282 [WARN] PackLoader:240 - Cannot read IP mode file for STMicroelectronics.X-CUBE-GNSS1.7.0.1
2025-07-22 22:37:02,287 [WARN] PackLoader:240 - Cannot read IP mode file for STMicroelectronics.X-CUBE-TOUCHGFX.4.25.0
2025-07-22 22:37:02,293 [WARN] PackLoader:240 - Cannot read IP mode file for STMicroelectronics.X-CUBE-SUBG2.5.0.0
2025-07-22 22:37:02,307 [WARN] PackLoader:240 - Cannot read IP mode file for STMicroelectronics.X-CUBE-AZRTOS-H7RS.1.1.0
2025-07-22 22:37:02,312 [WARN] PackLoader:240 - Cannot read IP mode file for Cesanta.I-CUBE-Mongoose.7.13.0
2025-07-22 22:37:02,321 [WARN] PackLoader:240 - Cannot read IP mode file for STMicroelectronics.X-CUBE-AZRTOS-G4.2.0.0
2025-07-22 22:37:02,324 [WARN] PackLoader:240 - Cannot read IP mode file for wolfSSL.I-CUBE-wolfSSH.1.4.20
2025-07-22 22:37:02,330 [WARN] PackLoader:240 - Cannot read IP mode file for STMicroelectronics.X-CUBE-NFC7.2.0.0
2025-07-22 22:37:02,333 [ERROR] Engine:466 - C:\Users\nicks\.stm32cubemx\thirdparties\pdsc\STMicroelectronics.X-CUBE-IPS.3.1.0.pdsc: PDSC version is not supported
2025-07-22 22:37:02,335 [WARN] PackLoader:240 - Cannot read IP mode file for STMicroelectronics.X-CUBE-ALS.1.0.2
2025-07-22 22:37:02,341 [WARN] PackLoader:240 - Cannot read IP mode file for portGmbH.I-Cube-SoM-uGOAL.1.1.0
2025-07-22 22:37:02,344 [ERROR] Engine:466 - C:\Users\nicks\.stm32cubemx\thirdparties\pdsc\STMicroelectronics.X-CUBE-TOF1.3.4.3.pdsc: PDSC version is not supported
2025-07-22 22:37:02,345 [INFO] ThirdParty:978 - Integrity check success = true
2025-07-22 22:37:02,345 [INFO] IntegrityCheckThread:100 - exiting critical section [integrity check]
2025-07-22 22:37:02,345 [INFO] IntegrityCheckThread:103 - End integrity checks thread
2025-07-22 22:37:56,554 [INFO] Activator:176 - 


2025-07-22 22:37:56,556 [INFO] Activator:177 - !SESSION log4j initialized
2025-07-22 22:37:59,697 [INFO] LogOutputStream:77 - [STDOUT_REDIRECT] 
2025-07-22 22:38:00,340 [INFO] ApplicationProperties:184 - Using Application install path: C:\ST\STM32CubeIDE_1.16.1\STM32CubeIDE\plugins\com.st.stm32cube.common.mx_6.12.1.202409122256
2025-07-22 22:38:00,351 [INFO] DbMcusXml:78 - Set database path to: C:\ST\STM32CubeIDE_1.16.1\STM32CubeIDE\plugins\com.st.stm32cube.common.mx_6.12.1.202409122256\\db\/mcu/
2025-07-22 22:38:00,351 [INFO] ApiDb:274 - Set plugin database path to: C:\ST\STM32CubeIDE_1.16.1\STM32CubeIDE\plugins\com.st.stm32cube.common.mx_6.12.1.202409122256\\db\/plugins/boardmanager/
2025-07-22 22:38:00,351 [WARN] ApiDb:259 - Overriding images path with different value:  => C:\ST\STM32CubeIDE_1.16.1\STM32CubeIDE\plugins\com.st.stm32cube.common.mx_6.12.1.202409122256\\db\/plugins/mcufinder/images/
2025-07-22 22:38:00,355 [INFO] ApiDb:250 - Set database path to: C:\Users\nicks\.stmcufinder\plugins\mcufinder//mcu/
2025-07-22 22:38:00,355 [INFO] DbMcusAds:125 - Set database path to: C:\Users\nicks\.stmcufinder\plugins\mcufinder//mcu/
2025-07-22 22:38:00,356 [INFO] CrossReferenceDbSqlite:203 - Set database path to: C:\Users\nicks\.stmcufinder\plugins\mcufinder//mcu/cs/
2025-07-22 22:38:00,417 [INFO] RulesReader:64 - Compatibility file has been processed (297 Rules)
2025-07-22 22:38:00,463 [INFO] DbMcusXml:78 - Set database path to: C:\ST\STM32CubeIDE_1.16.1\STM32CubeIDE\plugins\com.st.stm32cube.common.mx_6.12.1.202409122256\\db\/mcu/
2025-07-22 22:38:00,463 [INFO] ApiDb:274 - Set plugin database path to: C:\ST\STM32CubeIDE_1.16.1\STM32CubeIDE\plugins\com.st.stm32cube.common.mx_6.12.1.202409122256\\db\/plugins/boardmanager/
2025-07-22 22:38:00,463 [INFO] ApiDb:261 - Set plugin images path to: C:\ST\STM32CubeIDE_1.16.1\STM32CubeIDE\plugins\com.st.stm32cube.common.mx_6.12.1.202409122256\\db\/plugins/mcufinder/images/
2025-07-22 22:38:00,464 [WARN] DbFile:41 - Overriding database path with different value: C:\Users\nicks\.stmcufinder\plugins\mcufinder/ => C:\Users\nicks\.stmcufinder\plugins\mcufinder
2025-07-22 22:38:00,464 [INFO] ApiDb:250 - Set database path to: C:\Users\nicks\.stmcufinder\plugins\mcufinder//mcu/
2025-07-22 22:38:00,464 [WARN] DbFile:41 - Overriding database path with different value: C:\Users\nicks\.stmcufinder\plugins\mcufinder/ => C:\Users\nicks\.stmcufinder\plugins\mcufinder
2025-07-22 22:38:00,464 [INFO] DbMcusAds:125 - Set database path to: C:\Users\nicks\.stmcufinder\plugins\mcufinder//mcu/
2025-07-22 22:38:00,464 [WARN] DbFile:41 - Overriding database path with different value: C:\Users\nicks\.stmcufinder\plugins\mcufinder/ => C:\Users\nicks\.stmcufinder\plugins\mcufinder
2025-07-22 22:38:00,464 [WARN] DbFile:41 - Overriding database path with different value: C:\Users\nicks\.stmcufinder\plugins\mcufinder/ => C:\Users\nicks\.stmcufinder\plugins\mcufinder
2025-07-22 22:38:00,464 [INFO] CrossReferenceDbSqlite:203 - Set database path to: C:\Users\nicks\.stmcufinder\plugins\mcufinder//mcu/cs/
2025-07-22 22:38:00,510 [INFO] MainPanel:268 - HeapMemory: 268435456
2025-07-22 22:38:00,555 [INFO] DbMcusXml:78 - Set database path to: C:\ST\STM32CubeIDE_1.16.1\STM32CubeIDE\plugins\com.st.stm32cube.common.mx_6.12.1.202409122256\\db\/mcu/
2025-07-22 22:38:00,555 [INFO] ApiDb:274 - Set plugin database path to: C:\ST\STM32CubeIDE_1.16.1\STM32CubeIDE\plugins\com.st.stm32cube.common.mx_6.12.1.202409122256\\db\/plugins/boardmanager/
2025-07-22 22:38:00,555 [INFO] ApiDb:261 - Set plugin images path to: C:\ST\STM32CubeIDE_1.16.1\STM32CubeIDE\plugins\com.st.stm32cube.common.mx_6.12.1.202409122256\\db\/plugins/mcufinder/images/
2025-07-22 22:38:00,555 [WARN] DbFile:41 - Overriding database path with different value: C:\Users\nicks\.stmcufinder\plugins\mcufinder/ => C:\Users\nicks\.stmcufinder\plugins\mcufinder
2025-07-22 22:38:00,555 [INFO] ApiDb:250 - Set database path to: C:\Users\nicks\.stmcufinder\plugins\mcufinder//mcu/
2025-07-22 22:38:00,555 [WARN] DbFile:41 - Overriding database path with different value: C:\Users\nicks\.stmcufinder\plugins\mcufinder/ => C:\Users\nicks\.stmcufinder\plugins\mcufinder
2025-07-22 22:38:00,555 [INFO] DbMcusAds:125 - Set database path to: C:\Users\nicks\.stmcufinder\plugins\mcufinder//mcu/
2025-07-22 22:38:00,555 [WARN] DbFile:41 - Overriding database path with different value: C:\Users\nicks\.stmcufinder\plugins\mcufinder/ => C:\Users\nicks\.stmcufinder\plugins\mcufinder
2025-07-22 22:38:00,556 [WARN] DbFile:41 - Overriding database path with different value: C:\Users\nicks\.stmcufinder\plugins\mcufinder/ => C:\Users\nicks\.stmcufinder\plugins\mcufinder
2025-07-22 22:38:00,556 [INFO] CrossReferenceDbSqlite:203 - Set database path to: C:\Users\nicks\.stmcufinder\plugins\mcufinder//mcu/cs/
2025-07-22 22:38:00,566 [INFO] ApplicationProperties:184 - Using Application install path: C:\ST\STM32CubeIDE_1.16.1\STM32CubeIDE\plugins\com.st.stm32cube.common.mx_6.12.1.202409122256
2025-07-22 22:38:00,567 [INFO] PluginManage:196 - Search for loadable plugins [exclusion list=, ]
2025-07-22 22:38:00,568 [INFO] PluginManage:310 - Check plugin analytics
2025-07-22 22:38:00,661 [INFO] AnalyticsPlugin:253 - Accepted Software Licenses: 
2025-07-22 22:38:00,662 [INFO] AnalyticsPlugin:255 - Accepted CMSIS Pack Licenses: 
2025-07-22 22:38:00,662 [INFO] AnalyticsPlugin:257 - Accepted Firmware Licenses: FW.F4.1.28.0,FW.H7.1.12.0
2025-07-22 22:38:00,663 [INFO] PluginManage:359 - Loaded plugin analytics (category:tool,tabindex:-1)
2025-07-22 22:38:00,663 [INFO] PluginManage:310 - Check plugin cadmodel
2025-07-22 22:38:00,666 [INFO] CADModel:105 - Init CAD model plugin
2025-07-22 22:38:00,667 [INFO] PluginManage:359 - Loaded plugin cadmodel (category:power,tabindex:5)
2025-07-22 22:38:00,667 [INFO] PluginManage:310 - Check plugin clock
2025-07-22 22:38:00,673 [INFO] PluginManage:359 - Loaded plugin clock (category:base,tabindex:2)
2025-07-22 22:38:00,673 [INFO] PluginManage:310 - Check plugin ddr
2025-07-22 22:38:00,674 [INFO] PluginManage:359 - Loaded plugin ddr (category:tool,tabindex:6)
2025-07-22 22:38:00,674 [INFO] PluginManage:310 - Check plugin filemanager
2025-07-22 22:38:00,764 [INFO] PluginManage:359 - Loaded plugin filemanager (category:base,tabindex:10)
2025-07-22 22:38:00,764 [INFO] PluginManage:310 - Check plugin ipmanager
2025-07-22 22:38:00,769 [INFO] PluginManage:359 - Loaded plugin ipmanager (category:base,tabindex:5)
2025-07-22 22:38:00,769 [INFO] PluginManage:310 - Check plugin lpbam
2025-07-22 22:38:00,775 [INFO] PluginManage:359 - Loaded plugin lpbam (category:base,tabindex:0)
2025-07-22 22:38:00,775 [INFO] PluginManage:310 - Check plugin memorymap
2025-07-22 22:38:00,783 [INFO] PluginManage:359 - Loaded plugin memorymap (category:base,tabindex:4)
2025-07-22 22:38:00,783 [INFO] PluginManage:310 - Check plugin pinoutandconfiguration
2025-07-22 22:38:00,787 [INFO] PluginManage:359 - Loaded plugin pinoutandconfiguration (category:base,tabindex:1)
2025-07-22 22:38:00,787 [INFO] PluginManage:310 - Check plugin pinoutconfig
2025-07-22 22:38:00,837 [WARN] SupportedApi:132 - Cannot load RTOS API schema: s4s-elt-must-match.1: The content of 'definitions' must match (annotation?, (simpleType | complexType)?, (unique | key | keyref)*)). A problem was found starting at: attribute.
2025-07-22 22:38:00,912 [INFO] PluginManage:359 - Loaded plugin pinoutconfig (category:base,tabindex:0)
2025-07-22 22:38:00,912 [INFO] PluginManage:310 - Check plugin power
2025-07-22 22:38:00,917 [INFO] PluginManage:359 - Loaded plugin power (category:power,tabindex:4)
2025-07-22 22:38:00,917 [INFO] PluginManage:310 - Check plugin projectmanager
2025-07-22 22:38:00,927 [INFO] PluginManage:359 - Loaded plugin projectmanager (category:projectmanager,tabindex:4)
2025-07-22 22:38:00,927 [INFO] PluginManage:310 - Check plugin rif
2025-07-22 22:38:00,929 [INFO] PluginManage:359 - Loaded plugin rif (category:base,tabindex:3)
2025-07-22 22:38:00,929 [INFO] PluginManage:310 - Check plugin thirdparty
2025-07-22 22:38:00,996 [INFO] PluginManage:359 - Loaded plugin thirdparty (category:base,tabindex:-1)
2025-07-22 22:38:00,995 [WARN] IntegrityCheckThread:84 - waiting for thirdparty lock release [integrity check]
2025-07-22 22:38:00,996 [INFO] PluginManage:310 - Check plugin tools
2025-07-22 22:38:00,996 [INFO] IntegrityCheckThread:86 - entering critical section [integrity check]
2025-07-22 22:38:00,996 [INFO] ThirdPartyUpdaterWithRetryManager:70 - Updater plugin not ready yet. [1/15]
2025-07-22 22:38:00,997 [INFO] PluginManage:359 - Loaded plugin tools (category:base,tabindex:7)
2025-07-22 22:38:00,997 [INFO] PluginManage:310 - Check plugin tutovideos
2025-07-22 22:38:01,089 [INFO] PluginManage:359 - Loaded plugin tutovideos (category:base,tabindex:-1)
2025-07-22 22:38:01,090 [INFO] PluginManage:310 - Check plugin updater
2025-07-22 22:38:01,099 [INFO] PluginManage:359 - Loaded plugin updater (category:base,tabindex:12)
2025-07-22 22:38:01,099 [INFO] PluginManage:310 - Check plugin userauth
2025-07-22 22:38:01,102 [INFO] UserAuth:113 - Init User Auth plugin
2025-07-22 22:38:01,102 [INFO] PluginManage:359 - Loaded plugin userauth (category:base,tabindex:14)
2025-07-22 22:38:01,102 [INFO] PluginManage:283 - PluginManage : Loaded plugins [18]
2025-07-22 22:38:01,215 [INFO] PinOutPanel:1561 - setPackage(No Configuration,No Configuration)
2025-07-22 22:38:01,267 [INFO] CADModel:165 - CPN selected for project level
2025-07-22 22:38:01,267 [INFO] CADModel:114 - Register for checkConnection events
2025-07-22 22:38:01,276 [INFO] IPUIPlugin:80 - create IPUIPlugin
2025-07-22 22:38:01,276 [INFO] PluginManager:220 - loadIPPluginJar : add adc
2025-07-22 22:38:01,278 [INFO] IPUIPlugin:80 - create IPUIPlugin
2025-07-22 22:38:01,278 [INFO] PluginManager:220 - loadIPPluginJar : add aes
2025-07-22 22:38:01,279 [INFO] IPUIPlugin:80 - create IPUIPlugin
2025-07-22 22:38:01,279 [INFO] PluginManager:220 - loadIPPluginJar : add can
2025-07-22 22:38:01,280 [INFO] IPUIPlugin:80 - create IPUIPlugin
2025-07-22 22:38:01,280 [INFO] PluginManager:220 - loadIPPluginJar : add comp
2025-07-22 22:38:01,281 [INFO] IPUIPlugin:80 - create IPUIPlugin
2025-07-22 22:38:01,281 [INFO] PluginManager:220 - loadIPPluginJar : add cryp
2025-07-22 22:38:01,282 [INFO] IPUIPlugin:80 - create IPUIPlugin
2025-07-22 22:38:01,282 [INFO] PluginManager:220 - loadIPPluginJar : add ddr_ctrl_phy
2025-07-22 22:38:01,283 [INFO] IPUIPlugin:80 - create IPUIPlugin
2025-07-22 22:38:01,284 [INFO] PluginManager:220 - loadIPPluginJar : add dfsdm
2025-07-22 22:38:01,286 [INFO] IPUIPlugin:80 - create IPUIPlugin
2025-07-22 22:38:01,287 [INFO] PluginManager:220 - loadIPPluginJar : add dma
2025-07-22 22:38:01,288 [INFO] IPUIPlugin:80 - create IPUIPlugin
2025-07-22 22:38:01,288 [INFO] PluginManager:220 - loadIPPluginJar : add dma3
2025-07-22 22:38:01,289 [INFO] IPUIPlugin:80 - create IPUIPlugin
2025-07-22 22:38:01,289 [INFO] PluginManager:220 - loadIPPluginJar : add extmemmanager
2025-07-22 22:38:01,290 [INFO] IPUIPlugin:80 - create IPUIPlugin
2025-07-22 22:38:01,290 [INFO] PluginManager:220 - loadIPPluginJar : add fatfs
2025-07-22 22:38:01,293 [INFO] IPUIPlugin:80 - create IPUIPlugin
2025-07-22 22:38:01,293 [INFO] PluginManager:220 - loadIPPluginJar : add fmc
2025-07-22 22:38:01,296 [INFO] IPUIPlugin:80 - create IPUIPlugin
2025-07-22 22:38:01,296 [INFO] PluginManager:220 - loadIPPluginJar : add freertos
2025-07-22 22:38:01,296 [INFO] IPUIPlugin:80 - create IPUIPlugin
2025-07-22 22:38:01,296 [INFO] PluginManager:220 - loadIPPluginJar : add genericplugin
2025-07-22 22:38:01,297 [INFO] IPUIPlugin:80 - create IPUIPlugin
2025-07-22 22:38:01,298 [INFO] PluginManager:220 - loadIPPluginJar : add gfxmmu
2025-07-22 22:38:01,300 [INFO] IPUIPlugin:80 - create IPUIPlugin
2025-07-22 22:38:01,300 [INFO] PluginManager:220 - loadIPPluginJar : add gic
2025-07-22 22:38:01,302 [INFO] IPUIPlugin:80 - create IPUIPlugin
2025-07-22 22:38:01,302 [INFO] PluginManager:220 - loadIPPluginJar : add gpio
2025-07-22 22:38:01,304 [INFO] IPUIPlugin:80 - create IPUIPlugin
2025-07-22 22:38:01,304 [INFO] PluginManager:220 - loadIPPluginJar : add gtzc
2025-07-22 22:38:01,305 [INFO] IPUIPlugin:80 - create IPUIPlugin
2025-07-22 22:38:01,305 [INFO] PluginManager:220 - loadIPPluginJar : add hash
2025-07-22 22:38:01,306 [INFO] IPUIPlugin:80 - create IPUIPlugin
2025-07-22 22:38:01,306 [INFO] PluginManager:220 - loadIPPluginJar : add i2c
2025-07-22 22:38:01,308 [INFO] IPUIPlugin:80 - create IPUIPlugin
2025-07-22 22:38:01,308 [INFO] PluginManager:220 - loadIPPluginJar : add i2s
2025-07-22 22:38:01,309 [INFO] IPUIPlugin:80 - create IPUIPlugin
2025-07-22 22:38:01,309 [INFO] PluginManager:220 - loadIPPluginJar : add i3c
2025-07-22 22:38:01,311 [INFO] IPUIPlugin:80 - create IPUIPlugin
2025-07-22 22:38:01,311 [INFO] PluginManager:220 - loadIPPluginJar : add ipddr
2025-07-22 22:38:01,315 [INFO] IPUIPlugin:80 - create IPUIPlugin
2025-07-22 22:38:01,315 [INFO] PluginManager:220 - loadIPPluginJar : add linkedlist
2025-07-22 22:38:01,316 [INFO] IPUIPlugin:80 - create IPUIPlugin
2025-07-22 22:38:01,316 [INFO] PluginManager:220 - loadIPPluginJar : add lorawan
2025-07-22 22:38:01,317 [INFO] IPUIPlugin:80 - create IPUIPlugin
2025-07-22 22:38:01,317 [INFO] PluginManager:220 - loadIPPluginJar : add ltdc
2025-07-22 22:38:01,320 [INFO] IPUIPlugin:80 - create IPUIPlugin
2025-07-22 22:38:01,320 [INFO] PluginManager:220 - loadIPPluginJar : add mdma
2025-07-22 22:38:01,321 [INFO] IPUIPlugin:80 - create IPUIPlugin
2025-07-22 22:38:01,321 [INFO] PluginManager:220 - loadIPPluginJar : add nvic
2025-07-22 22:38:01,323 [INFO] IPUIPlugin:80 - create IPUIPlugin
2025-07-22 22:38:01,323 [INFO] PluginManager:220 - loadIPPluginJar : add opamp
2025-07-22 22:38:01,324 [INFO] IPUIPlugin:80 - create IPUIPlugin
2025-07-22 22:38:01,325 [INFO] PluginManager:220 - loadIPPluginJar : add openamp
2025-07-22 22:38:01,326 [INFO] IPUIPlugin:80 - create IPUIPlugin
2025-07-22 22:38:01,326 [INFO] PluginManager:220 - loadIPPluginJar : add pdm2pcm
2025-07-22 22:38:01,329 [INFO] IPUIPlugin:80 - create IPUIPlugin
2025-07-22 22:38:01,331 [INFO] PluginManager:220 - loadIPPluginJar : add plateformsettings
2025-07-22 22:38:01,331 [INFO] IPUIPlugin:80 - create IPUIPlugin
2025-07-22 22:38:01,331 [INFO] PluginManager:220 - loadIPPluginJar : add quadspi
2025-07-22 22:38:01,332 [INFO] IPUIPlugin:80 - create IPUIPlugin
2025-07-22 22:38:01,333 [INFO] PluginManager:220 - loadIPPluginJar : add radio
2025-07-22 22:38:01,334 [INFO] IPUIPlugin:80 - create IPUIPlugin
2025-07-22 22:38:01,334 [INFO] PluginManager:220 - loadIPPluginJar : add resmgrutility
2025-07-22 22:38:01,336 [INFO] IPUIPlugin:80 - create IPUIPlugin
2025-07-22 22:38:01,336 [INFO] PluginManager:220 - loadIPPluginJar : add sai
2025-07-22 22:38:01,337 [INFO] IPUIPlugin:80 - create IPUIPlugin
2025-07-22 22:38:01,337 [INFO] PluginManager:220 - loadIPPluginJar : add spi
2025-07-22 22:38:01,339 [INFO] IPUIPlugin:80 - create IPUIPlugin
2025-07-22 22:38:01,339 [INFO] PluginManager:220 - loadIPPluginJar : add stm32_wpan
2025-07-22 22:38:01,340 [INFO] IPUIPlugin:80 - create IPUIPlugin
2025-07-22 22:38:01,340 [INFO] PluginManager:220 - loadIPPluginJar : add tim
2025-07-22 22:38:01,342 [INFO] IPUIPlugin:80 - create IPUIPlugin
2025-07-22 22:38:01,342 [INFO] PluginManager:220 - loadIPPluginJar : add touchsensing
2025-07-22 22:38:01,343 [INFO] IPUIPlugin:80 - create IPUIPlugin
2025-07-22 22:38:01,343 [INFO] PluginManager:220 - loadIPPluginJar : add tracer_emb
2025-07-22 22:38:01,344 [INFO] IPUIPlugin:80 - create IPUIPlugin
2025-07-22 22:38:01,344 [INFO] PluginManager:220 - loadIPPluginJar : add ts
2025-07-22 22:38:01,345 [INFO] IPUIPlugin:80 - create IPUIPlugin
2025-07-22 22:38:01,345 [INFO] PluginManager:220 - loadIPPluginJar : add tsc
2025-07-22 22:38:01,346 [INFO] IPUIPlugin:80 - create IPUIPlugin
2025-07-22 22:38:01,346 [INFO] PluginManager:220 - loadIPPluginJar : add ucpd
2025-07-22 22:38:01,347 [INFO] IPUIPlugin:80 - create IPUIPlugin
2025-07-22 22:38:01,347 [INFO] PluginManager:220 - loadIPPluginJar : add usart
2025-07-22 22:38:01,349 [INFO] IPUIPlugin:80 - create IPUIPlugin
2025-07-22 22:38:01,349 [INFO] PluginManager:220 - loadIPPluginJar : add usbx
2025-07-22 22:38:01,451 [INFO] CADModel:165 - CPN selected for project level
2025-07-22 22:38:01,451 [INFO] CADModel:114 - Register for checkConnection events
2025-07-22 22:38:01,451 [FATAL] Updater:334 - Updater called before beeing initialized
2025-07-22 22:38:01,451 [ERROR] CADModel:125 - Updater not yet initialized, retry later 
2025-07-22 22:38:01,532 [INFO] CADModel:165 - CPN selected for project level
2025-07-22 22:38:01,532 [INFO] CADModel:114 - Register for checkConnection events
2025-07-22 22:38:01,532 [FATAL] Updater:334 - Updater called before beeing initialized
2025-07-22 22:38:01,532 [ERROR] CADModel:125 - Updater not yet initialized, retry later 
2025-07-22 22:38:01,534 [FATAL] Updater:334 - Updater called before beeing initialized
2025-07-22 22:38:01,594 [FATAL] Updater:334 - Updater called before beeing initialized
2025-07-22 22:38:01,597 [INFO] DbMcusAds:53 - JSON generation date=Tue Jul 08 18:14:23 AEST 2025 (1751962463524)
2025-07-22 22:38:01,597 [FATAL] Updater:334 - Updater called before beeing initialized
2025-07-22 22:38:01,619 [WARN] DetailPanel:346 - Failed to get advertising image, set to default
2025-07-22 22:38:01,684 [FATAL] Updater:334 - Updater called before beeing initialized
2025-07-22 22:38:01,685 [FATAL] Updater:334 - Updater called before beeing initialized
2025-07-22 22:38:01,685 [FATAL] Updater:334 - Updater called before beeing initialized
2025-07-22 22:38:01,685 [WARN] DetailPanel:346 - Failed to get advertising image, set to default
2025-07-22 22:38:01,686 [FATAL] Updater:334 - Updater called before beeing initialized
2025-07-22 22:38:01,714 [ERROR] Updater:1164 - MainUpdater not yet initialized. External WinMGr cannot be set.
2025-07-22 22:38:01,716 [INFO] Updater:1100 - Updater Version found : 6.12.1
2025-07-22 22:38:01,727 [INFO] ApplicationProperties:184 - Using Application install path: C:\ST\STM32CubeIDE_1.16.1\STM32CubeIDE\plugins\com.st.stm32cube.common.mx_6.12.1.202409122256
2025-07-22 22:38:01,905 [INFO] MainUpdater:2873 - connection check result : 10
2025-07-22 22:38:01,906 [INFO] MainUpdater:290 - Updater Check For Update Now.
2025-07-22 22:38:01,906 [INFO] MicroXplorer:498 - Change Database Version : DB.6.0.121
2025-07-22 22:38:01,910 [INFO] McuFinderGlobals:63 - Set McuFinder mode to 2 (CubeIDE integrated)
2025-07-22 22:38:01,911 [INFO] UserAuth:417 - Internet connection configuration mode: 1
2025-07-22 22:38:01,919 [INFO] JxBrowserEngine:152 - Initiate JxBrowser Engine with user profile folder
2025-07-22 22:38:02,060 [INFO] CheckServerUpdateThread:120 - End of CheckServer Thread
2025-07-22 22:38:02,237 [INFO] WebApp:167 - Instantiating new browser for Auth
2025-07-22 22:38:02,620 [INFO] WebApp:448 - Apply proxy settings
2025-07-22 22:38:02,620 [INFO] WebApp:533 - Chromium requires no authentication
2025-07-22 22:38:02,625 [INFO] WebApp:476 - Direct internet connection detected
2025-07-22 22:38:02,636 [INFO] WebApp:869 - Register for checkConnection events
2025-07-22 22:38:02,637 [INFO] WebApp:448 - Apply proxy settings
2025-07-22 22:38:02,637 [INFO] WebApp:533 - Chromium requires no authentication
2025-07-22 22:38:02,637 [INFO] WebApp:476 - Direct internet connection detected
2025-07-22 22:38:02,724 [INFO] WebApp:220 - Starting web application
2025-07-22 22:38:02,724 [INFO] WebApp:578 - Web application path used C:\ST\STM32CubeIDE_1.16.1\STM32CubeIDE\plugins\com.st.stm32cube.common.mx_6.12.1.202409122256\db\plugins\mcufinder\reactClient1\index.html
2025-07-22 22:38:02,778 [INFO] UserAuth:417 - Internet connection configuration mode: 1
2025-07-22 22:38:03,472 [INFO] WebApp:186 - Connection restablished
2025-07-22 22:38:04,167 [WARN] PackLoader:240 - Cannot read IP mode file for STMicroelectronics.FP-SNS-MOTENVWB1.1.4.0
2025-07-22 22:38:04,172 [WARN] PackLoader:240 - Cannot read IP mode file for STMicroelectronics.FP-ATR-ASTRA1.2.0.2
2025-07-22 22:38:04,174 [WARN] PackLoader:240 - Cannot read IP mode file for STMicroelectronics.FP-ATR-ASTRA1.2.0.1
2025-07-22 22:38:04,179 [WARN] PackLoader:240 - Cannot read IP mode file for STMicroelectronics.X-CUBE-SMBUS.2.1.0
2025-07-22 22:38:04,183 [WARN] PackLoader:240 - Cannot read IP mode file for STMicroelectronics.X-CUBE-WB05N.1.1.0
2025-07-22 22:38:04,185 [ERROR] Engine:466 - C:\Users\nicks\.stm32cubemx\thirdparties\pdsc\STMicroelectronics.X-CUBE-ST60.1.0.0.pdsc: PDSC version is not supported
2025-07-22 22:38:04,200 [WARN] PackLoader:240 - Cannot read IP mode file for STMicroelectronics.X-CUBE-AZRTOS-F7.1.1.0
2025-07-22 22:38:04,206 [WARN] PackLoader:240 - Cannot read IP mode file for STMicroelectronics.FP-SNS-FLIGHT1.5.0.2
2025-07-22 22:38:04,221 [WARN] PackLoader:240 - Cannot read IP mode file for Infineon.AIROC-Wi-Fi-Bluetooth-STM32.1.7.0
2025-07-22 22:38:04,238 [WARN] PackLoader:240 - Cannot read IP mode file for STMicroelectronics.X-CUBE-AZRTOS-H7.3.4.0
2025-07-22 22:38:04,245 [WARN] PackLoader:240 - Cannot read IP mode file for STMicroelectronics.X-CUBE-DISPLAY.3.0.0
2025-07-22 22:38:04,253 [WARN] PackLoader:240 - Cannot read IP mode file for STMicroelectronics.X-CUBE-NFC10.1.0.0
2025-07-22 22:38:04,259 [WARN] PackLoader:240 - Cannot read IP mode file for STMicroelectronics.X-CUBE-BLEMGR.4.0.0
2025-07-22 22:38:04,264 [WARN] PackLoader:240 - Cannot read IP mode file for emotas.I-CUBE-CANOPEN.1.3.0
2025-07-22 22:38:04,267 [WARN] ConditionMgr:438 - getConditionDescription Invalid condition id : Cortex-A Device cause : null
2025-07-22 22:38:04,275 [WARN] ConditionMgr:1039 - genDependencies : Invalid condition id : Cortex-A Device cause : null
2025-07-22 22:38:04,275 [WARN] ConditionMgr:1039 - genDependencies : Invalid condition id : Cortex-A Device cause : null
2025-07-22 22:38:04,275 [WARN] ConditionMgr:1039 - genDependencies : Invalid condition id : Cortex-A Device cause : null
2025-07-22 22:38:04,277 [WARN] PackLoader:240 - Cannot read IP mode file for STMicroelectronics.X-CUBE-AI.10.0.0
2025-07-22 22:38:04,280 [WARN] PackLoader:240 - Cannot read IP mode file for STMicroelectronics.FP-SNS-SMARTAG2.1.2.0
2025-07-22 22:38:04,281 [ERROR] Engine:466 - C:\Users\nicks\.stm32cubemx\thirdparties\pdsc\STMicroelectronics.FP-SNS-FLIGHT1.5.1.0.pdsc: PDSC version is not supported
2025-07-22 22:38:04,285 [INFO] LogOutputStream:77 - [STDOUT_REDIRECT] 1 : Invalid condition id : UX_CORESTACK_Condition cause : null
2025-07-22 22:38:04,286 [INFO] LogOutputStream:77 - [STDOUT_REDIRECT] 1 : Invalid condition id : UX_CORESTACK_Condition cause : null
2025-07-22 22:38:04,286 [INFO] LogOutputStream:77 - [STDOUT_REDIRECT] 1 : Invalid condition id : UX_CORESTACK_Condition cause : null
2025-07-22 22:38:04,287 [INFO] LogOutputStream:77 - [STDOUT_REDIRECT] 1 : Invalid condition id : UX_CORESTACK_Condition cause : null
2025-07-22 22:38:04,287 [INFO] LogOutputStream:77 - [STDOUT_REDIRECT] 1 : Invalid condition id : UX_CORESTACK_Condition cause : null
2025-07-22 22:38:04,289 [WARN] PackLoader:240 - Cannot read IP mode file for STMicroelectronics.X-CUBE-AZRTOS-WL.2.0.0
2025-07-22 22:38:04,293 [WARN] PackLoader:240 - Cannot read IP mode file for STMicroelectronics.FP-SNS-MOTENV1.5.0.0
2025-07-22 22:38:04,298 [WARN] PackLoader:240 - Cannot read IP mode file for WES.I-CUBE-Cesium.1.3.0
2025-07-22 22:38:04,300 [WARN] PackLoader:240 - Cannot read IP mode file for STMicroelectronics.X-CUBE-BLE2.3.3.0
2025-07-22 22:38:04,304 [WARN] PackLoader:240 - Cannot read IP mode file for STMicroelectronics.X-CUBE-NFC9.1.0.0
2025-07-22 22:38:04,308 [WARN] PackLoader:240 - Cannot read IP mode file for STMicroelectronics.X-CUBE-BLE1.7.1.0
2025-07-22 22:38:04,311 [WARN] PackLoader:240 - Cannot read IP mode file for wolfSSL.I-CUBE-wolfMQTT.1.19.2
2025-07-22 22:38:04,314 [WARN] PackLoader:240 - Cannot read IP mode file for STMicroelectronics.X-CUBE-EEPRMA1.5.2.0
2025-07-22 22:38:04,316 [WARN] PackLoader:240 - Cannot read IP mode file for STMicroelectronics.X-CUBE-AI.10.1.0
2025-07-22 22:38:04,345 [WARN] PackLoader:240 - Cannot read IP mode file for STMicroelectronics.X-CUBE-MEMS1.11.2.0
2025-07-22 22:38:04,435 [WARN] PackLoader:240 - Cannot read IP mode file for STMicroelectronics.X-CUBE-AZRTOS-G0.1.1.0
2025-07-22 22:38:04,440 [WARN] PackLoader:240 - Cannot read IP mode file for STMicroelectronics.X-CUBE-SAFEA1.1.2.2
2025-07-22 22:38:04,443 [WARN] PackLoader:240 - Cannot read IP mode file for STMicroelectronics.X-CUBE-NFC4.3.0.0
2025-07-22 22:38:04,448 [WARN] PackLoader:240 - Cannot read IP mode file for EmbeddedOffice.I-CUBE-FS-RTOS.1.0.1
2025-07-22 22:38:04,448 [ERROR] ConditionMgr:805 - Attr not supported : Dmpu
2025-07-22 22:38:04,448 [ERROR] ConditionMgr:805 - Attr not supported : Dmpu
2025-07-22 22:38:04,449 [ERROR] ConditionMgr:805 - Attr not supported : Dmpu
2025-07-22 22:38:04,449 [ERROR] ConditionMgr:805 - Attr not supported : Dmpu
2025-07-22 22:38:04,449 [ERROR] ConditionMgr:805 - Attr not supported : Dmpu
2025-07-22 22:38:04,449 [ERROR] ConditionMgr:805 - Attr not supported : Dmpu
2025-07-22 22:38:04,449 [ERROR] ConditionMgr:805 - Attr not supported : Dmpu
2025-07-22 22:38:04,449 [ERROR] ConditionMgr:805 - Attr not supported : Dmpu
2025-07-22 22:38:04,449 [ERROR] ConditionMgr:805 - Attr not supported : Dmpu
2025-07-22 22:38:04,449 [ERROR] ConditionMgr:805 - Attr not supported : Dmpu
2025-07-22 22:38:04,449 [ERROR] ConditionMgr:805 - Attr not supported : Dmpu
2025-07-22 22:38:04,449 [ERROR] ConditionMgr:805 - Attr not supported : Dmpu
2025-07-22 22:38:04,449 [ERROR] ConditionMgr:805 - Attr not supported : Dmpu
2025-07-22 22:38:04,449 [ERROR] ConditionMgr:805 - Attr not supported : Dmpu
2025-07-22 22:38:04,449 [ERROR] ConditionMgr:805 - Attr not supported : Dmpu
2025-07-22 22:38:04,449 [ERROR] ConditionMgr:805 - Attr not supported : Dmpu
2025-07-22 22:38:04,449 [ERROR] ConditionMgr:805 - Attr not supported : Dmpu
2025-07-22 22:38:04,449 [ERROR] ConditionMgr:805 - Attr not supported : Dmpu
2025-07-22 22:38:04,450 [ERROR] ConditionMgr:805 - Attr not supported : Dmpu
2025-07-22 22:38:04,450 [ERROR] ConditionMgr:805 - Attr not supported : Dmpu
2025-07-22 22:38:04,450 [ERROR] ConditionMgr:805 - Attr not supported : Dmpu
2025-07-22 22:38:04,450 [ERROR] ConditionMgr:805 - Attr not supported : Dmpu
2025-07-22 22:38:04,450 [ERROR] ConditionMgr:805 - Attr not supported : Dmpu
2025-07-22 22:38:04,450 [ERROR] ConditionMgr:805 - Attr not supported : Dmpu
2025-07-22 22:38:04,450 [ERROR] ConditionMgr:805 - Attr not supported : Dmpu
2025-07-22 22:38:04,450 [ERROR] ConditionMgr:805 - Attr not supported : Dmpu
2025-07-22 22:38:04,450 [ERROR] ConditionMgr:805 - Attr not supported : Dmpu
2025-07-22 22:38:04,450 [ERROR] ConditionMgr:805 - Attr not supported : Dmpu
2025-07-22 22:38:04,450 [ERROR] ConditionMgr:805 - Attr not supported : Dmpu
2025-07-22 22:38:04,450 [ERROR] ConditionMgr:805 - Attr not supported : Dmpu
2025-07-22 22:38:04,450 [ERROR] ConditionMgr:805 - Attr not supported : Dmpu
2025-07-22 22:38:04,450 [ERROR] ConditionMgr:805 - Attr not supported : Dmpu
2025-07-22 22:38:04,450 [ERROR] ConditionMgr:805 - Attr not supported : Dmpu
2025-07-22 22:38:04,450 [ERROR] ConditionMgr:805 - Attr not supported : Dmpu
2025-07-22 22:38:04,450 [ERROR] ConditionMgr:805 - Attr not supported : Dmpu
2025-07-22 22:38:04,450 [ERROR] ConditionMgr:805 - Attr not supported : Dmpu
2025-07-22 22:38:04,450 [ERROR] ConditionMgr:805 - Attr not supported : Dmpu
2025-07-22 22:38:04,450 [ERROR] ConditionMgr:805 - Attr not supported : Dmpu
2025-07-22 22:38:04,450 [ERROR] ConditionMgr:805 - Attr not supported : Dmpu
2025-07-22 22:38:04,450 [ERROR] ConditionMgr:805 - Attr not supported : Dmpu
2025-07-22 22:38:04,450 [ERROR] ConditionMgr:805 - Attr not supported : Dmpu
2025-07-22 22:38:04,450 [ERROR] ConditionMgr:805 - Attr not supported : Dmpu
2025-07-22 22:38:04,451 [ERROR] ConditionMgr:805 - Attr not supported : Dmpu
2025-07-22 22:38:04,451 [ERROR] ConditionMgr:805 - Attr not supported : Dmpu
2025-07-22 22:38:04,451 [ERROR] ConditionMgr:805 - Attr not supported : Dmpu
2025-07-22 22:38:04,451 [ERROR] ConditionMgr:805 - Attr not supported : Dmpu
2025-07-22 22:38:04,451 [ERROR] ConditionMgr:805 - Attr not supported : Dmpu
2025-07-22 22:38:04,451 [ERROR] ConditionMgr:805 - Attr not supported : Dmpu
2025-07-22 22:38:04,451 [ERROR] ConditionMgr:805 - Attr not supported : Dmpu
2025-07-22 22:38:04,451 [ERROR] ConditionMgr:805 - Attr not supported : Dmpu
2025-07-22 22:38:04,451 [ERROR] ConditionMgr:805 - Attr not supported : Dmpu
2025-07-22 22:38:04,451 [ERROR] ConditionMgr:805 - Attr not supported : Dmpu
2025-07-22 22:38:04,451 [ERROR] ConditionMgr:805 - Attr not supported : Dmpu
2025-07-22 22:38:04,451 [ERROR] ConditionMgr:805 - Attr not supported : Dmpu
2025-07-22 22:38:04,451 [ERROR] ConditionMgr:805 - Attr not supported : Dmpu
2025-07-22 22:38:04,451 [ERROR] ConditionMgr:805 - Attr not supported : Dmpu
2025-07-22 22:38:04,451 [ERROR] ConditionMgr:805 - Attr not supported : Dmpu
2025-07-22 22:38:04,451 [ERROR] ConditionMgr:805 - Attr not supported : Dmpu
2025-07-22 22:38:04,451 [ERROR] ConditionMgr:805 - Attr not supported : Dmpu
2025-07-22 22:38:04,451 [ERROR] ConditionMgr:805 - Attr not supported : Dmpu
2025-07-22 22:38:04,451 [ERROR] ConditionMgr:805 - Attr not supported : Dmpu
2025-07-22 22:38:04,451 [ERROR] ConditionMgr:805 - Attr not supported : Dmpu
2025-07-22 22:38:04,451 [ERROR] ConditionMgr:805 - Attr not supported : Dmpu
2025-07-22 22:38:04,451 [ERROR] ConditionMgr:805 - Attr not supported : Dmpu
2025-07-22 22:38:04,454 [WARN] PackLoader:240 - Cannot read IP mode file for STMicroelectronics.X-CUBE-WB05N.2.0.0
2025-07-22 22:38:04,456 [WARN] PackLoader:240 - Cannot read IP mode file for wolfSSL.I-CUBE-wolfTPM.3.8.0
2025-07-22 22:38:04,458 [ERROR] Engine:466 - C:\Users\nicks\.stm32cubemx\thirdparties\pdsc\STMicroelectronics.X-CUBE-TCPP.4.2.0.pdsc: PDSC version is not supported
2025-07-22 22:38:04,461 [WARN] PackLoader:240 - Cannot read IP mode file for RealThread.X-CUBE-RT-Thread_Nano.4.1.1
2025-07-22 22:38:04,465 [WARN] PackLoader:240 - Cannot read IP mode file for STMicroelectronics.FP-ATR-SIGFOX1.3.2.0
2025-07-22 22:38:04,469 [WARN] PackLoader:240 - Cannot read IP mode file for STMicroelectronics.X-CUBE-EEPRMA1.5.1.0
2025-07-22 22:38:04,473 [WARN] PackLoader:240 - Cannot read IP mode file for wolfSSL.I-CUBE-wolfSSL.5.7.6
2025-07-22 22:38:04,478 [WARN] PackLoader:240 - Cannot read IP mode file for ITTIA_DB.I-CUBE-ITTIADB.8.9.0
2025-07-22 22:38:04,481 [ERROR] Engine:466 - C:\Users\nicks\.stm32cubemx\thirdparties\pdsc\STMicroelectronics.X-CUBE-ST67W61.1.0.0.pdsc: PDSC version is not supported
2025-07-22 22:38:04,503 [WARN] PackLoader:240 - Cannot read IP mode file for SEGGER.I-CUBE-embOS.1.3.1
2025-07-22 22:38:04,540 [WARN] PackLoader:240 - Cannot read IP mode file for STMicroelectronics.X-CUBE-ALGOBUILD.1.4.0
2025-07-22 22:38:04,586 [WARN] PackLoader:240 - Cannot read IP mode file for STMicroelectronics.X-CUBE-MEMS1.11.3.0
2025-07-22 22:38:04,691 [WARN] PackLoader:240 - Cannot read IP mode file for STMicroelectronics.X-CUBE-PM33A1.1.0.0
2025-07-22 22:38:04,703 [WARN] PackLoader:240 - Cannot read IP mode file for STMicroelectronics.X-CUBE-AZRTOS-F4.1.1.0
2025-07-22 22:38:04,705 [ERROR] Engine:466 - C:\Users\nicks\.stm32cubemx\thirdparties\pdsc\Avnet-IotConnect.X-CUBE-IoTC-DA16k-PMOD.1.0.0.pdsc: PDSC version is not supported
2025-07-22 22:38:04,708 [WARN] PackLoader:240 - Cannot read IP mode file for STMicroelectronics.X-CUBE-ISPU.2.1.0
2025-07-22 22:38:04,712 [WARN] PackLoader:240 - Cannot read IP mode file for STMicroelectronics.X-CUBE-NFC12.1.0.0
2025-07-22 22:38:04,723 [WARN] PackLoader:240 - Cannot read IP mode file for STMicroelectronics.X-CUBE-AZRTOS-L5.2.0.0
2025-07-22 22:38:04,729 [WARN] PackLoader:240 - Cannot read IP mode file for STMicroelectronics.X-CUBE-NFC6.3.1.0
2025-07-22 22:38:04,733 [WARN] PackLoader:240 - Cannot read IP mode file for STMicroelectronics.X-CUBE-FREERTOS.1.3.1
2025-07-22 22:38:04,736 [WARN] PackLoader:240 - Cannot read IP mode file for STMicroelectronics.X-CUBE-FREERTOS.1.3.0
2025-07-22 22:38:04,739 [WARN] PackLoader:240 - Cannot read IP mode file for STMicroelectronics.X-CUBE-NFC7.1.0.1
2025-07-22 22:38:04,741 [ERROR] Engine:466 - C:\Users\nicks\.stm32cubemx\thirdparties\pdsc\STMicroelectronics.FP-SNS-STAIOTCFT.1.0.0.pdsc: PDSC version is not supported
2025-07-22 22:38:04,744 [WARN] PackLoader:240 - Cannot read IP mode file for STMicroelectronics.X-CUBE-DPower.1.3.0
2025-07-22 22:38:04,752 [WARN] ConditionMgr:438 - getConditionDescription Invalid condition id : LAN8742 Phy interface Condition cause : null
2025-07-22 22:38:04,753 [WARN] PackLoader:240 - Cannot read IP mode file for STMicroelectronics.X-CUBE-AZRTOS-L4.2.0.0
2025-07-22 22:38:04,754 [WARN] ConditionMgr:1039 - genDependencies : Invalid condition id : LAN8742 Phy interface Condition cause : null
2025-07-22 22:38:04,754 [WARN] ConditionMgr:1039 - genDependencies : Invalid condition id : LAN8742 Phy interface Condition cause : null
2025-07-22 22:38:04,754 [WARN] ConditionMgr:1039 - genDependencies : Invalid condition id : LAN8742 Phy interface Condition cause : null
2025-07-22 22:38:04,760 [WARN] PackLoader:240 - Cannot read IP mode file for STMicroelectronics.X-CUBE-SFXS2LP1.4.0.0
2025-07-22 22:38:04,779 [WARN] PackLoader:240 - Cannot read IP mode file for STMicroelectronics.X-CUBE-AZRTOS-H7.3.3.0
2025-07-22 22:38:04,786 [ERROR] Engine:466 - C:\Users\nicks\.stm32cubemx\thirdparties\pdsc\STMicroelectronics.X-CUBE-BLEMGR.4.1.0.pdsc: PDSC version is not supported
2025-07-22 22:38:04,797 [WARN] ConditionMgr:438 - getConditionDescription Invalid condition id : UX DEVICE CLASS RTOS Condition cause : null
2025-07-22 22:38:04,797 [WARN] ConditionMgr:438 - getConditionDescription Invalid condition id : UX DEVICE CLASS RTOS Condition cause : null
2025-07-22 22:38:04,799 [WARN] PackLoader:240 - Cannot read IP mode file for STMicroelectronics.X-CUBE-AZRTOS-WB.2.0.0
2025-07-22 22:38:04,800 [WARN] ConditionMgr:1039 - genDependencies : Invalid condition id : UX DEVICE CLASS RTOS Condition cause : null
2025-07-22 22:38:04,800 [WARN] ConditionMgr:1039 - genDependencies : Invalid condition id : UX DEVICE CLASS RTOS Condition cause : null
2025-07-22 22:38:04,801 [WARN] ConditionMgr:1039 - genDependencies : Invalid condition id : UX DEVICE CLASS RTOS Condition cause : null
2025-07-22 22:38:04,802 [WARN] ConditionMgr:1039 - genDependencies : Invalid condition id : UX DEVICE CLASS RTOS Condition cause : null
2025-07-22 22:38:04,802 [WARN] ConditionMgr:1039 - genDependencies : Invalid condition id : UX DEVICE CLASS RTOS Condition cause : null
2025-07-22 22:38:04,807 [WARN] PackLoader:240 - Cannot read IP mode file for STMicroelectronics.X-CUBE-GNSS1.7.0.1
2025-07-22 22:38:04,813 [WARN] PackLoader:240 - Cannot read IP mode file for STMicroelectronics.X-CUBE-TOUCHGFX.4.25.0
2025-07-22 22:38:04,827 [WARN] PackLoader:240 - Cannot read IP mode file for STMicroelectronics.X-CUBE-SUBG2.5.0.0
2025-07-22 22:38:04,845 [WARN] PackLoader:240 - Cannot read IP mode file for STMicroelectronics.X-CUBE-AZRTOS-H7RS.1.1.0
2025-07-22 22:38:04,850 [WARN] PackLoader:240 - Cannot read IP mode file for Cesanta.I-CUBE-Mongoose.7.13.0
2025-07-22 22:38:04,860 [WARN] PackLoader:240 - Cannot read IP mode file for STMicroelectronics.X-CUBE-AZRTOS-G4.2.0.0
2025-07-22 22:38:04,864 [WARN] PackLoader:240 - Cannot read IP mode file for wolfSSL.I-CUBE-wolfSSH.1.4.20
2025-07-22 22:38:04,867 [WARN] PackLoader:240 - Cannot read IP mode file for STMicroelectronics.X-CUBE-NFC7.2.0.0
2025-07-22 22:38:04,872 [ERROR] Engine:466 - C:\Users\nicks\.stm32cubemx\thirdparties\pdsc\STMicroelectronics.X-CUBE-IPS.3.1.0.pdsc: PDSC version is not supported
2025-07-22 22:38:04,875 [WARN] PackLoader:240 - Cannot read IP mode file for STMicroelectronics.X-CUBE-ALS.1.0.2
2025-07-22 22:38:04,880 [WARN] PackLoader:240 - Cannot read IP mode file for portGmbH.I-Cube-SoM-uGOAL.1.1.0
2025-07-22 22:38:04,885 [ERROR] Engine:466 - C:\Users\nicks\.stm32cubemx\thirdparties\pdsc\STMicroelectronics.X-CUBE-TOF1.3.4.3.pdsc: PDSC version is not supported
2025-07-22 22:38:04,885 [INFO] ThirdParty:978 - Integrity check success = true
2025-07-22 22:38:04,885 [INFO] IntegrityCheckThread:100 - exiting critical section [integrity check]
2025-07-22 22:38:04,885 [INFO] IntegrityCheckThread:103 - End integrity checks thread
2025-07-22 22:38:59,693 [INFO] McuFinderGlobals:63 - Set McuFinder mode to 2 (CubeIDE integrated)
2025-07-22 22:38:59,694 [INFO] MainUpdater:2873 - connection check result : 10
2025-07-22 22:38:59,883 [INFO] ApiDb:581 - Connected to CubeFinder SQLite database (C:\Users\nicks\.stmcufinder\plugins\mcufinder\mcu\cube-finder-db.db)
2025-07-22 22:38:59,949 [INFO] ApiDb:668 - CubeFinder database Data Model version=2.1
2025-07-22 22:38:59,950 [INFO] ApiDb:669 - CubeFinder database Configuration version=3.0.39
2025-07-22 22:38:59,950 [INFO] ApiDb:670 - CubeFinder database generation date=2025-07-18 (1752785937)
2025-07-22 22:38:59,950 [INFO] ApiDb:671 - CubeFinder database FW Pack versions=[FP-ATR-ASTRA1_V2.0.0, FP-SNS-FLIGHT1_V5.1.0, FP-SNS-MOTENV1_V5.0.0, FP-SNS-MOTENVWB1_V1.4.0, FP-SNS-SMARTAG2_V1.2.0, FP-SNS-STBOX1_V2.0.0, STM32Cube_FW_C0_V1.4.0, STM32Cube_FW_F4_V1.28.2, STM32Cube_FW_F7_V1.17.3, STM32Cube_FW_G0_V1.6.2, STM32Cube_FW_G4_V1.6.1, STM32Cube_FW_H5_V1.5.0, STM32Cube_FW_H7RS_V1.2.0, STM32Cube_FW_H7_V1.12.1, STM32Cube_FW_L0_V1.12.2, STM32Cube_FW_L4_V1.18.1, STM32Cube_FW_L5_V1.5.1, STM32Cube_FW_N6_V1.2.0, STM32Cube_FW_U0_V1.3.0, STM32Cube_FW_U3_V1.2.0, STM32Cube_FW_U5_V1.8.0, STM32Cube_FW_WB0_V1.3.0, STM32Cube_FW_WBA_V1.7.0, STM32Cube_FW_WB_V1.23.0, STM32Cube_FW_WL3_V1.2.0, STM32Cube_FW_WL_V1.3.1, X-CUBE-ALGOBUILD_V1.4.0, X-CUBE-ALS_V1.0.2, X-CUBE-AZRTOS-F4_V1.1.0, X-CUBE-AZRTOS-F7_V1.1.0, X-CUBE-AZRTOS-G0_V1.1.0, X-CUBE-AZRTOS-G4_V2.0.0, X-CUBE-AZRTOS-H7RS_V1.1.0, X-CUBE-AZRTOS-H7_V3.3.0, X-CUBE-AZRTOS-L4_V2.0.0, X-CUBE-AZRTOS-L5_V2.0.0, X-CUBE-AZRTOS-WB_V2.0.0, X-CUBE-AZRTOS-WL_V2.0.0, X-CUBE-BLE1_V7.1.0, X-CUBE-BLE2_V3.3.0, X-CUBE-BLEMGR_V4.0.0, X-CUBE-EEPRMA1_V5.1.0, X-CUBE-FREERTOS_V1.3.1, X-CUBE-GNSS1_V6.0.0, X-CUBE-MEMS1_V11.3.0, X-CUBE-NFC4_V3.0.0, X-CUBE-NFC7_V2.0.0, X-CUBE-SFXS2LP1_V4.0.0, X-CUBE-SUBG2_V5.0.0, X-CUBE-TOF1_V3.4.3]
2025-07-22 22:38:59,994 [INFO] DbBoardsSqlite:226 - include board P-NUCLEO-WB55-NUCLEO as a kit item of type 'Nucleo-64'
2025-07-22 22:38:59,995 [INFO] DbBoardsSqlite:226 - include board P-NUCLEO-WB55-USBDONGLE as a kit item of type 'Nucleo USB Dongle'
2025-07-22 22:38:59,995 [INFO] DbBoardsSqlite:226 - include board STEVAL-IDP005V1 as a kit item of type 'Evaluation Board'
2025-07-22 22:38:59,995 [INFO] DbBoardsSqlite:226 - include board STEVAL-IDP005V2 as a kit item of type 'Evaluation Board'
2025-07-22 22:39:00,052 [INFO] ApiDb:240 - Found 646 in-development CPN: [B-G473E-ZEST1S, B-WB1M-WPAN1, B-WL5M-SUBG1, NUCLEO-C031C6, NUCLEO-C071RB, NUCLEO-H503RB, NUCLEO-H533RE, NUCLEO-H563ZI, NUCLEO-H7S3L8, NUCLEO-U031R8, NUCLEO-U083RC, NUCLEO-U545RE-Q, NUCLEO-U5A5ZJ-Q, NUCLEO-WB05KZ, NUCLEO-WB07CC, NUCLEO-WB09KE, NUCLEO-WBA52CG, NUCLEO-WBA55CG, STEVAL-PROTEUS1, STEVAL-SMARTAG2, STEVAL-STWINBX1, STM320518-EVAL, STM32C0116-DK, STM32C011D6Y3TR, STM32C011D6Y6TR, STM32C011F4P3, STM32C011F4P6, STM32C011F4U3, STM32C011F4U6TR, STM32C011F6P3, STM32C011F6P6, STM32C011F6U3, STM32C011F6U6TR, STM32C011J4M3, STM32C011J4M6, STM32C011J6M3, STM32C011J6M6, STM32C0316-DK, STM32C031C4T3, STM32C031C4T6, STM32C031C4U3, STM32C031C4U6, STM32C031C6T3, STM32C031C6T6, STM32C031C6U3, STM32C031C6U6, STM32C031F4P3, STM32C031F4P6, STM32C031F6P3, STM32C031F6P6, STM32C031G4U3, STM32C031G4U6, STM32C031G6U3, STM32C031G6U6, STM32C031K4T3, STM32C031K4T6, STM32C031K4U3, STM32C031K4U6, STM32C031K6T3, STM32C031K6T6, STM32C031K6U3, STM32C031K6U6, STM32C071C8T6, STM32C071C8T6N, STM32C071C8U6, STM32C071C8U6N, STM32C071CBT6, STM32C071CBT6N, STM32C071CBU6, STM32C071CBU6N, STM32C071F8P6, STM32C071F8P6N, STM32C071FBP6, STM32C071FBP6N, STM32C071FBY6TR, STM32C071G8U6, STM32C071G8U6N, STM32C071GBU6, STM32C071GBU6N, STM32C071K8T6, STM32C071K8T6N, STM32C071K8U6, STM32C071K8U6N, STM32C071KBT6, STM32C071KBT6N, STM32C071KBU6, STM32C071KBU6N, STM32C071R8T6, STM32C071R8T6N, STM32C071RBI6N, STM32C071RBT6, STM32C071RBT6N, STM32G071K8TXN, STM32G071K8UXN, STM32G081GBU6N, STM32G081KBT6N, STM32G081KBUXN, STM32G0B1CCT6N, STM32G0B1KCT6, STM32G0B1NEY6TR, STM32G0B1RCT6N, STM32G0C1CCT6, STM32G0C1CCT6N, STM32G0C1CCU6N, STM32G0C1CET6N, STM32G0C1CEU6N, STM32G0C1KCT6, STM32G0C1NEY6TR, STM32G0C1RCI6N, STM32G0C1RCT6N, STM32G0C1REI6N, STM32G0C1RET6N, STM32G0C1VCI6, STM32G0C1VEI6, STM32G411C6T3, STM32G411C6T6, STM32G411C6U3, STM32G411C6U6, STM32G411C8T3, STM32G411C8T6, STM32G411C8U3, STM32G411C8U6, STM32G411CBT3, STM32G411CBT6, STM32G411CBU3, STM32G411CBU6, STM32G411K6T3, STM32G411K6T6, STM32G411K6U3, STM32G411K6U6, STM32G411K8T3, STM32G411K8T6, STM32G411K8U3, STM32G411K8U6, STM32G411KBT3, STM32G411KBT6, STM32G411KBU3, STM32G411KBU6, STM32G411M6T3, STM32G411M6T6, STM32G411M8T3, STM32G411M8T6, STM32G411MBT3, STM32G411MBT6, STM32G411R6T3, STM32G411R6T6, STM32G411R8T3, STM32G411R8T6, STM32G411RBT3, STM32G411RBT6, STM32G414CBT3, STM32G414CBT6, STM32G414CBU3, STM32G414CBU6, STM32G414CCT3, STM32G414CCT6, STM32G414CCU3, STM32G414CCU6, STM32G414MBT3, STM32G414MBT6, STM32G414MCT3, STM32G414MCT6, STM32G414RBT3, STM32G414RBT6, STM32G414RCT3, STM32G414RCT6, STM32G414VBT3, STM32G414VBT6, STM32G414VCT3, STM32G414VCT6, STM32G431CBT3Z, STM32G431RBT3Z, STM32G471CCT6, STM32G471CCU6, STM32G471CET3, STM32G471CET6, STM32G471CEU3, STM32G471CEU6, STM32G471MCT6, STM32G471MET3, STM32G471MET6, STM32G471MEY6TR, STM32G471QCT6, STM32G471QET3, STM32G471RCT6, STM32G471RET3, STM32G471RET6, STM32G471VCH6, STM32G471VCI6, STM32G471VCT6, STM32G471VEH3, STM32G471VEH6, STM32G471VEI3, STM32G471VEI6, STM32G471VET3, STM32G471VET6, STM32G473QET3Z, STM32G473RET3Z, STM32G474CCT6, STM32G491RET3Z, STM32H503CBT6, STM32H503CBU6, STM32H503EBY6TR, STM32H503KBU6, STM32H503RBT6, STM32H523CCT6, STM32H523CCU6, STM32H523CET6, STM32H523CEU6, STM32H523HEY6TR, STM32H523RCT6, STM32H523RET6, STM32H523VCI6, STM32H523VCT6, STM32H523VEI6, STM32H523VET6, STM32H523ZCJ6, STM32H523ZCT6, STM32H523ZEJ6, STM32H523ZET6, STM32H533CET6, STM32H533CEU6, STM32H533HEY6TR, STM32H533RET6, STM32H533VEI6, STM32H533VET6, STM32H533ZEJ6, STM32H533ZET6, STM32H562AGI6, STM32H562AII6, STM32H562IGK6, STM32H562IGT6, STM32H562IIK6, STM32H562IIT6, STM32H562RGT6, STM32H562RGV6, STM32H562RIT6, STM32H562RIV6, STM32H562VGT6, STM32H562VIT6, STM32H562ZGT6, STM32H562ZIT6, STM32H563AGI6, STM32H563AII3Q, STM32H563AII6, STM32H563IGK6, STM32H563IGT6, STM32H563IIK3Q, STM32H563IIK6, STM32H563IIT3Q, STM32H563IIT6, STM32H563MIY3QTR, STM32H563RGT6, STM32H563RGV6, STM32H563RIT6, STM32H563RIV6, STM32H563VGT6, STM32H563VIT3Q, STM32H563VIT6, STM32H563ZGT6, STM32H563ZIT3Q, STM32H563ZIT6, STM32H573AII3Q, STM32H573AII6, STM32H573I-DK, STM32H573IIK3Q, STM32H573IIK6, STM32H573IIT3Q, STM32H573IIT6, STM32H573MIY3QTR, STM32H573RIT6, STM32H573RIV6, STM32H573VIT3Q, STM32H573VIT6, STM32H573ZIT3Q, STM32H573ZIT6, STM32H7R3A8I6, STM32H7R3I8K6, STM32H7R3I8T6, STM32H7R3L8H6, STM32H7R3L8H6H, STM32H7R3R8V6, STM32H7R3V8H6, STM32H7R3V8T6, STM32H7R3V8Y6TR, STM32H7R3Z8J6, STM32H7R3Z8T6, STM32H7R7A8I6, STM32H7R7I8K6, STM32H7R7I8T6, STM32H7R7L8H6, STM32H7R7L8H6H, STM32H7R7Z8J6, STM32H7S3A8I6, STM32H7S3I8K6, STM32H7S3I8T6, STM32H7S3L8H6, STM32H7S3L8H6H, STM32H7S3R8V6, STM32H7S3V8H6, STM32H7S3V8T6, STM32H7S3V8Y6TR, STM32H7S3Z8J6, STM32H7S3Z8T6, STM32H7S78-DK, STM32H7S7A8I6, STM32H7S7I8K6, STM32H7S7I8T6, STM32H7S7L8H6, STM32H7S7L8H6H, STM32H7S7Z8J6, STM32L4R5QGI6STR, STM32MP131AAE3, STM32MP131AAF3, STM32MP131AAG3, STM32MP131CAE3, STM32MP131CAF3, STM32MP131CAG3, STM32MP131DAE7, STM32MP131DAF7, STM32MP131DAG7, STM32MP131FAE7, STM32MP131FAF7, STM32MP131FAG7, STM32MP133AAE3, STM32MP133AAF3, STM32MP133AAG3, STM32MP133CAE3, STM32MP133CAF3, STM32MP133CAG3, STM32MP133DAE7, STM32MP133DAF7, STM32MP133DAG7, STM32MP133FAE7, STM32MP133FAF7, STM32MP133FAG7, STM32MP135AAE3, STM32MP135AAF3, STM32MP135AAG3, STM32MP135CAE3, STM32MP135CAF3, STM32MP135CAG3, STM32MP135DAE7, STM32MP135DAF7, STM32MP135DAG7, STM32MP135F-DK, STM32MP135FAE7, STM32MP135FAF7, STM32MP135FAF7T, STM32MP135FAF7U, STM32MP135FAG7, STM32MP251AAI3, STM32MP251AAK3, STM32MP251AAL3, STM32MP251CAI3, STM32MP251CAK3, STM32MP251CAL3, STM32MP251DAI3, STM32MP251DAK3, STM32MP251DAL3, STM32MP251FAI3, STM32MP251FAK3, STM32MP251FAL3, STM32MP253AAI3, STM32MP253AAK3, STM32MP253AAL3, STM32MP253CAI3, STM32MP253CAK3, STM32MP253CAL3, STM32MP253DAI3, STM32MP253DAK3, STM32MP253DAL3, STM32MP253FAI3, STM32MP253FAK3, STM32MP253FAL3, STM32MP255AAI3, STM32MP255AAK3, STM32MP255AAL3, STM32MP255CAI3, STM32MP255CAK3, STM32MP255CAL3, STM32MP255DAI3, STM32MP255DAK3, STM32MP255DAL3, STM32MP255FAI3, STM32MP255FAK3, STM32MP255FAL3, STM32MP257AAI3, STM32MP257AAK3, STM32MP257AAL3, STM32MP257CAI3, STM32MP257CAK3, STM32MP257CAL3, STM32MP257DAI3, STM32MP257DAK3, STM32MP257DAL3, STM32MP257F-DK, STM32MP257F-EV1, STM32MP257FAI3, STM32MP257FAK3, STM32MP257FAL3, STM32U031C6T6, STM32U031C6U6, STM32U031C8T6, STM32U031C8U6, STM32U031F4P6, STM32U031F6P6, STM32U031F8P6, STM32U031G6Y6TR, STM32U031G8Y6TR, STM32U031K4U6, STM32U031K6U6, STM32U031K8U6, STM32U031R6I6, STM32U031R6T6, STM32U031R8I6, STM32U031R8T6, STM32U073C8T6, STM32U073C8U6, STM32U073CBT6, STM32U073CBU6, STM32U073CCT6, STM32U073CCU6, STM32U073H8Y6TR, STM32U073HBY6TR, STM32U073HCY6TR, STM32U073K8U6, STM32U073KBU6, STM32U073KCU6, STM32U073M8I6, STM32U073M8T6, STM32U073MBI6, STM32U073MBT6, STM32U073MCI6, STM32U073MCT6, STM32U073R8I6, STM32U073R8T6, STM32U073RBI6, STM32U073RBT6, STM32U073RCI6, STM32U073RCT6, STM32U083C-DK, STM32U083CCT6, STM32U083CCU6, STM32U083HCY6TR, STM32U083KCU6, STM32U083MCI6, STM32U083MCT6, STM32U083RCI6, STM32U083RCT6, STM32U535CBT6, STM32U535CBT6Q, STM32U535CBU6, STM32U535CBU6Q, STM32U535CCT6, STM32U535CCT6Q, STM32U535CCU6, STM32U535CCU6Q, STM32U535CET6, STM32U535CET6Q, STM32U535CEU6, STM32U535CEU6Q, STM32U535JEY6QTR, STM32U535NCY6QTR, STM32U535NEY6QTR, STM32U535RBI6, STM32U535RBI6Q, STM32U535RBT6, STM32U535RBT6Q, STM32U535RCI6, STM32U535RCI6Q, STM32U535RCT6, STM32U535RCT6Q, STM32U535REI6, STM32U535REI6Q, STM32U535RET6, STM32U535RET6Q, STM32U535VCI6, STM32U535VCI6Q, STM32U535VCT6, STM32U535VCT6Q, STM32U535VEI6, STM32U535VEI6Q, STM32U535VET6, STM32U535VET6Q, STM32U545CET6, STM32U545CET6Q, STM32U545CEU6, STM32U545CEU6Q, STM32U545JEY6QTR, STM32U545NEY6QTR, STM32U545REI6, STM32U545REI6Q, STM32U545RET6, STM32U545RET6Q, STM32U545VEI6, STM32U545VEI6Q, STM32U545VET6, STM32U545VET6Q, STM32U595AIH6, STM32U595AIH6Q, STM32U595AJH6, STM32U595AJH6Q, STM32U595QII6, STM32U595QII6Q, STM32U595QJI6, STM32U595QJI6Q, STM32U595RIT6, STM32U595RIT6Q, STM32U595RJT6, STM32U595RJT6Q, STM32U595VIT6, STM32U595VIT6Q, STM32U595VJT6, STM32U595VJT6Q, STM32U595ZIT6, STM32U595ZIT6Q, STM32U595ZIY6QTR, STM32U595ZJT6, STM32U595ZJT6Q, STM32U595ZJY6QTR, STM32U599BJY6QTR, STM32U599NIH6Q, STM32U599NJH6Q, STM32U599VIT6Q, STM32U599VJT6, STM32U599VJT6Q, STM32U599ZIT6Q, STM32U599ZIY6QTR, STM32U599ZJT6Q, STM32U599ZJY6QTR, STM32U5A5AJH6, STM32U5A5AJH6Q, STM32U5A5QII3Q , STM32U5A5QJI6, STM32U5A5QJI6Q, STM32U5A5RJT6, STM32U5A5RJT6Q, STM32U5A5VJT6, STM32U5A5VJT6Q, STM32U5A5ZJT6, STM32U5A5ZJT6Q, STM32U5A5ZJY6QTR, STM32U5A9BJY6QTR, STM32U5A9J-DK, STM32U5A9NJH6Q, STM32U5A9VJT6Q, STM32U5A9ZJT6Q, STM32U5A9ZJY6QTR, STM32U5F7VIT6, STM32U5F7VIT6Q, STM32U5F7VJT6, STM32U5F7VJT6Q, STM32U5F9BJY6QTR, STM32U5F9NJH6Q, STM32U5F9VIT6Q, STM32U5F9VJT6Q, STM32U5F9ZIJ6QTR, STM32U5F9ZIT6Q, STM32U5F9ZJJ6QTR, STM32U5F9ZJT6Q, STM32U5G7VJT6, STM32U5G7VJT6Q, STM32U5G9BJY6QTR, STM32U5G9J-DK1, STM32U5G9J-DK2, STM32U5G9NJH6Q, STM32U5G9VJT6Q, STM32U5G9ZJJ6QTR, STM32U5G9ZJT6Q, STM32WB05KZV6TR, STM32WB05KZV7TR, STM32WB05TZF6TR, STM32WB05TZF7TR, STM32WB06CCF6TR, STM32WB06CCF7TR, STM32WB06CCV6TR, STM32WB06CCV7TR, STM32WB06KCV6TR, STM32WB06KCV7TR, STM32WB07CCF6TR, STM32WB07CCF7TR, STM32WB07CCV6TR, STM32WB07CCV7TR, STM32WB07KCV6TR, STM32WB07KCV7TR, STM32WB09KEV6TR, STM32WB09KEV7TR, STM32WB09TEF6TR, STM32WB09TEF7TR, STM32WB1MMCH6, STM32WBA50KGU6, STM32WBA50KGU6TR, STM32WBA52CEU6, STM32WBA52CEU6TR, STM32WBA52CEU7, STM32WBA52CEU7TR, STM32WBA52CGU6, STM32WBA52CGU6TR, STM32WBA52CGU6U, STM32WBA52CGU7, STM32WBA52CGU7TR, STM32WBA52KEU6, STM32WBA52KEU6TR, STM32WBA52KGU6, STM32WBA52KGU6TR, STM32WBA54CEU6, STM32WBA54CEU6TR, STM32WBA54CEU7, STM32WBA54CEU7TR, STM32WBA54CGU6, STM32WBA54CGU6TR, STM32WBA54CGU7, STM32WBA54CGU7TR, STM32WBA54KEU6, STM32WBA54KEU6TR, STM32WBA54KEU7, STM32WBA54KEU7TR, STM32WBA54KGU6, STM32WBA54KGU6TR, STM32WBA54KGU7, STM32WBA54KGU7TR, STM32WBA55CEU6, STM32WBA55CEU6TR, STM32WBA55CEU7, STM32WBA55CEU7TR, STM32WBA55CGU6, STM32WBA55CGU6TR, STM32WBA55CGU6U, STM32WBA55CGU7, STM32WBA55CGU7TR, STM32WBA55G-DK1, STM32WBA55HEF6, STM32WBA55HEF7, STM32WBA55HGF6, STM32WBA55HGF7, STM32WBA55UEI6, STM32WBA55UEI6TR, STM32WBA55UEI7, STM32WBA55UEI7TR, STM32WBA55UGI6, STM32WBA55UGI6TR, STM32WBA55UGI7, STM32WBA55UGI7TR, STM32WL5MOCH6, STM32WL5MOCH6TR]
2025-07-22 22:39:00,055 [INFO] ApiDb:668 - CubeFinder database Data Model version=2.1
2025-07-22 22:39:00,055 [INFO] ApiDb:669 - CubeFinder database Configuration version=3.0.39
2025-07-22 22:39:00,055 [INFO] ApiDb:670 - CubeFinder database generation date=2025-07-18 (1752785937)
2025-07-22 22:39:00,055 [INFO] ApiDb:671 - CubeFinder database FW Pack versions=[FP-ATR-ASTRA1_V2.0.0, FP-SNS-FLIGHT1_V5.1.0, FP-SNS-MOTENV1_V5.0.0, FP-SNS-MOTENVWB1_V1.4.0, FP-SNS-SMARTAG2_V1.2.0, FP-SNS-STBOX1_V2.0.0, STM32Cube_FW_C0_V1.4.0, STM32Cube_FW_F4_V1.28.2, STM32Cube_FW_F7_V1.17.3, STM32Cube_FW_G0_V1.6.2, STM32Cube_FW_G4_V1.6.1, STM32Cube_FW_H5_V1.5.0, STM32Cube_FW_H7RS_V1.2.0, STM32Cube_FW_H7_V1.12.1, STM32Cube_FW_L0_V1.12.2, STM32Cube_FW_L4_V1.18.1, STM32Cube_FW_L5_V1.5.1, STM32Cube_FW_N6_V1.2.0, STM32Cube_FW_U0_V1.3.0, STM32Cube_FW_U3_V1.2.0, STM32Cube_FW_U5_V1.8.0, STM32Cube_FW_WB0_V1.3.0, STM32Cube_FW_WBA_V1.7.0, STM32Cube_FW_WB_V1.23.0, STM32Cube_FW_WL3_V1.2.0, STM32Cube_FW_WL_V1.3.1, X-CUBE-ALGOBUILD_V1.4.0, X-CUBE-ALS_V1.0.2, X-CUBE-AZRTOS-F4_V1.1.0, X-CUBE-AZRTOS-F7_V1.1.0, X-CUBE-AZRTOS-G0_V1.1.0, X-CUBE-AZRTOS-G4_V2.0.0, X-CUBE-AZRTOS-H7RS_V1.1.0, X-CUBE-AZRTOS-H7_V3.3.0, X-CUBE-AZRTOS-L4_V2.0.0, X-CUBE-AZRTOS-L5_V2.0.0, X-CUBE-AZRTOS-WB_V2.0.0, X-CUBE-AZRTOS-WL_V2.0.0, X-CUBE-BLE1_V7.1.0, X-CUBE-BLE2_V3.3.0, X-CUBE-BLEMGR_V4.0.0, X-CUBE-EEPRMA1_V5.1.0, X-CUBE-FREERTOS_V1.3.1, X-CUBE-GNSS1_V6.0.0, X-CUBE-MEMS1_V11.3.0, X-CUBE-NFC4_V3.0.0, X-CUBE-NFC7_V2.0.0, X-CUBE-SFXS2LP1_V4.0.0, X-CUBE-SUBG2_V5.0.0, X-CUBE-TOF1_V3.4.3]
2025-07-22 22:39:01,672 [INFO] ApiDb:240 - Found 646 in-development CPN: [B-G473E-ZEST1S, B-WB1M-WPAN1, B-WL5M-SUBG1, NUCLEO-C031C6, NUCLEO-C071RB, NUCLEO-H503RB, NUCLEO-H533RE, NUCLEO-H563ZI, NUCLEO-H7S3L8, NUCLEO-U031R8, NUCLEO-U083RC, NUCLEO-U545RE-Q, NUCLEO-U5A5ZJ-Q, NUCLEO-WB05KZ, NUCLEO-WB07CC, NUCLEO-WB09KE, NUCLEO-WBA52CG, NUCLEO-WBA55CG, STEVAL-PROTEUS1, STEVAL-SMARTAG2, STEVAL-STWINBX1, STM320518-EVAL, STM32C0116-DK, STM32C011D6Y3TR, STM32C011D6Y6TR, STM32C011F4P3, STM32C011F4P6, STM32C011F4U3, STM32C011F4U6TR, STM32C011F6P3, STM32C011F6P6, STM32C011F6U3, STM32C011F6U6TR, STM32C011J4M3, STM32C011J4M6, STM32C011J6M3, STM32C011J6M6, STM32C0316-DK, STM32C031C4T3, STM32C031C4T6, STM32C031C4U3, STM32C031C4U6, STM32C031C6T3, STM32C031C6T6, STM32C031C6U3, STM32C031C6U6, STM32C031F4P3, STM32C031F4P6, STM32C031F6P3, STM32C031F6P6, STM32C031G4U3, STM32C031G4U6, STM32C031G6U3, STM32C031G6U6, STM32C031K4T3, STM32C031K4T6, STM32C031K4U3, STM32C031K4U6, STM32C031K6T3, STM32C031K6T6, STM32C031K6U3, STM32C031K6U6, STM32C071C8T6, STM32C071C8T6N, STM32C071C8U6, STM32C071C8U6N, STM32C071CBT6, STM32C071CBT6N, STM32C071CBU6, STM32C071CBU6N, STM32C071F8P6, STM32C071F8P6N, STM32C071FBP6, STM32C071FBP6N, STM32C071FBY6TR, STM32C071G8U6, STM32C071G8U6N, STM32C071GBU6, STM32C071GBU6N, STM32C071K8T6, STM32C071K8T6N, STM32C071K8U6, STM32C071K8U6N, STM32C071KBT6, STM32C071KBT6N, STM32C071KBU6, STM32C071KBU6N, STM32C071R8T6, STM32C071R8T6N, STM32C071RBI6N, STM32C071RBT6, STM32C071RBT6N, STM32G071K8TXN, STM32G071K8UXN, STM32G081GBU6N, STM32G081KBT6N, STM32G081KBUXN, STM32G0B1CCT6N, STM32G0B1KCT6, STM32G0B1NEY6TR, STM32G0B1RCT6N, STM32G0C1CCT6, STM32G0C1CCT6N, STM32G0C1CCU6N, STM32G0C1CET6N, STM32G0C1CEU6N, STM32G0C1KCT6, STM32G0C1NEY6TR, STM32G0C1RCI6N, STM32G0C1RCT6N, STM32G0C1REI6N, STM32G0C1RET6N, STM32G0C1VCI6, STM32G0C1VEI6, STM32G411C6T3, STM32G411C6T6, STM32G411C6U3, STM32G411C6U6, STM32G411C8T3, STM32G411C8T6, STM32G411C8U3, STM32G411C8U6, STM32G411CBT3, STM32G411CBT6, STM32G411CBU3, STM32G411CBU6, STM32G411K6T3, STM32G411K6T6, STM32G411K6U3, STM32G411K6U6, STM32G411K8T3, STM32G411K8T6, STM32G411K8U3, STM32G411K8U6, STM32G411KBT3, STM32G411KBT6, STM32G411KBU3, STM32G411KBU6, STM32G411M6T3, STM32G411M6T6, STM32G411M8T3, STM32G411M8T6, STM32G411MBT3, STM32G411MBT6, STM32G411R6T3, STM32G411R6T6, STM32G411R8T3, STM32G411R8T6, STM32G411RBT3, STM32G411RBT6, STM32G414CBT3, STM32G414CBT6, STM32G414CBU3, STM32G414CBU6, STM32G414CCT3, STM32G414CCT6, STM32G414CCU3, STM32G414CCU6, STM32G414MBT3, STM32G414MBT6, STM32G414MCT3, STM32G414MCT6, STM32G414RBT3, STM32G414RBT6, STM32G414RCT3, STM32G414RCT6, STM32G414VBT3, STM32G414VBT6, STM32G414VCT3, STM32G414VCT6, STM32G431CBT3Z, STM32G431RBT3Z, STM32G471CCT6, STM32G471CCU6, STM32G471CET3, STM32G471CET6, STM32G471CEU3, STM32G471CEU6, STM32G471MCT6, STM32G471MET3, STM32G471MET6, STM32G471MEY6TR, STM32G471QCT6, STM32G471QET3, STM32G471RCT6, STM32G471RET3, STM32G471RET6, STM32G471VCH6, STM32G471VCI6, STM32G471VCT6, STM32G471VEH3, STM32G471VEH6, STM32G471VEI3, STM32G471VEI6, STM32G471VET3, STM32G471VET6, STM32G473QET3Z, STM32G473RET3Z, STM32G474CCT6, STM32G491RET3Z, STM32H503CBT6, STM32H503CBU6, STM32H503EBY6TR, STM32H503KBU6, STM32H503RBT6, STM32H523CCT6, STM32H523CCU6, STM32H523CET6, STM32H523CEU6, STM32H523HEY6TR, STM32H523RCT6, STM32H523RET6, STM32H523VCI6, STM32H523VCT6, STM32H523VEI6, STM32H523VET6, STM32H523ZCJ6, STM32H523ZCT6, STM32H523ZEJ6, STM32H523ZET6, STM32H533CET6, STM32H533CEU6, STM32H533HEY6TR, STM32H533RET6, STM32H533VEI6, STM32H533VET6, STM32H533ZEJ6, STM32H533ZET6, STM32H562AGI6, STM32H562AII6, STM32H562IGK6, STM32H562IGT6, STM32H562IIK6, STM32H562IIT6, STM32H562RGT6, STM32H562RGV6, STM32H562RIT6, STM32H562RIV6, STM32H562VGT6, STM32H562VIT6, STM32H562ZGT6, STM32H562ZIT6, STM32H563AGI6, STM32H563AII3Q, STM32H563AII6, STM32H563IGK6, STM32H563IGT6, STM32H563IIK3Q, STM32H563IIK6, STM32H563IIT3Q, STM32H563IIT6, STM32H563MIY3QTR, STM32H563RGT6, STM32H563RGV6, STM32H563RIT6, STM32H563RIV6, STM32H563VGT6, STM32H563VIT3Q, STM32H563VIT6, STM32H563ZGT6, STM32H563ZIT3Q, STM32H563ZIT6, STM32H573AII3Q, STM32H573AII6, STM32H573I-DK, STM32H573IIK3Q, STM32H573IIK6, STM32H573IIT3Q, STM32H573IIT6, STM32H573MIY3QTR, STM32H573RIT6, STM32H573RIV6, STM32H573VIT3Q, STM32H573VIT6, STM32H573ZIT3Q, STM32H573ZIT6, STM32H7R3A8I6, STM32H7R3I8K6, STM32H7R3I8T6, STM32H7R3L8H6, STM32H7R3L8H6H, STM32H7R3R8V6, STM32H7R3V8H6, STM32H7R3V8T6, STM32H7R3V8Y6TR, STM32H7R3Z8J6, STM32H7R3Z8T6, STM32H7R7A8I6, STM32H7R7I8K6, STM32H7R7I8T6, STM32H7R7L8H6, STM32H7R7L8H6H, STM32H7R7Z8J6, STM32H7S3A8I6, STM32H7S3I8K6, STM32H7S3I8T6, STM32H7S3L8H6, STM32H7S3L8H6H, STM32H7S3R8V6, STM32H7S3V8H6, STM32H7S3V8T6, STM32H7S3V8Y6TR, STM32H7S3Z8J6, STM32H7S3Z8T6, STM32H7S78-DK, STM32H7S7A8I6, STM32H7S7I8K6, STM32H7S7I8T6, STM32H7S7L8H6, STM32H7S7L8H6H, STM32H7S7Z8J6, STM32L4R5QGI6STR, STM32MP131AAE3, STM32MP131AAF3, STM32MP131AAG3, STM32MP131CAE3, STM32MP131CAF3, STM32MP131CAG3, STM32MP131DAE7, STM32MP131DAF7, STM32MP131DAG7, STM32MP131FAE7, STM32MP131FAF7, STM32MP131FAG7, STM32MP133AAE3, STM32MP133AAF3, STM32MP133AAG3, STM32MP133CAE3, STM32MP133CAF3, STM32MP133CAG3, STM32MP133DAE7, STM32MP133DAF7, STM32MP133DAG7, STM32MP133FAE7, STM32MP133FAF7, STM32MP133FAG7, STM32MP135AAE3, STM32MP135AAF3, STM32MP135AAG3, STM32MP135CAE3, STM32MP135CAF3, STM32MP135CAG3, STM32MP135DAE7, STM32MP135DAF7, STM32MP135DAG7, STM32MP135F-DK, STM32MP135FAE7, STM32MP135FAF7, STM32MP135FAF7T, STM32MP135FAF7U, STM32MP135FAG7, STM32MP251AAI3, STM32MP251AAK3, STM32MP251AAL3, STM32MP251CAI3, STM32MP251CAK3, STM32MP251CAL3, STM32MP251DAI3, STM32MP251DAK3, STM32MP251DAL3, STM32MP251FAI3, STM32MP251FAK3, STM32MP251FAL3, STM32MP253AAI3, STM32MP253AAK3, STM32MP253AAL3, STM32MP253CAI3, STM32MP253CAK3, STM32MP253CAL3, STM32MP253DAI3, STM32MP253DAK3, STM32MP253DAL3, STM32MP253FAI3, STM32MP253FAK3, STM32MP253FAL3, STM32MP255AAI3, STM32MP255AAK3, STM32MP255AAL3, STM32MP255CAI3, STM32MP255CAK3, STM32MP255CAL3, STM32MP255DAI3, STM32MP255DAK3, STM32MP255DAL3, STM32MP255FAI3, STM32MP255FAK3, STM32MP255FAL3, STM32MP257AAI3, STM32MP257AAK3, STM32MP257AAL3, STM32MP257CAI3, STM32MP257CAK3, STM32MP257CAL3, STM32MP257DAI3, STM32MP257DAK3, STM32MP257DAL3, STM32MP257F-DK, STM32MP257F-EV1, STM32MP257FAI3, STM32MP257FAK3, STM32MP257FAL3, STM32U031C6T6, STM32U031C6U6, STM32U031C8T6, STM32U031C8U6, STM32U031F4P6, STM32U031F6P6, STM32U031F8P6, STM32U031G6Y6TR, STM32U031G8Y6TR, STM32U031K4U6, STM32U031K6U6, STM32U031K8U6, STM32U031R6I6, STM32U031R6T6, STM32U031R8I6, STM32U031R8T6, STM32U073C8T6, STM32U073C8U6, STM32U073CBT6, STM32U073CBU6, STM32U073CCT6, STM32U073CCU6, STM32U073H8Y6TR, STM32U073HBY6TR, STM32U073HCY6TR, STM32U073K8U6, STM32U073KBU6, STM32U073KCU6, STM32U073M8I6, STM32U073M8T6, STM32U073MBI6, STM32U073MBT6, STM32U073MCI6, STM32U073MCT6, STM32U073R8I6, STM32U073R8T6, STM32U073RBI6, STM32U073RBT6, STM32U073RCI6, STM32U073RCT6, STM32U083C-DK, STM32U083CCT6, STM32U083CCU6, STM32U083HCY6TR, STM32U083KCU6, STM32U083MCI6, STM32U083MCT6, STM32U083RCI6, STM32U083RCT6, STM32U535CBT6, STM32U535CBT6Q, STM32U535CBU6, STM32U535CBU6Q, STM32U535CCT6, STM32U535CCT6Q, STM32U535CCU6, STM32U535CCU6Q, STM32U535CET6, STM32U535CET6Q, STM32U535CEU6, STM32U535CEU6Q, STM32U535JEY6QTR, STM32U535NCY6QTR, STM32U535NEY6QTR, STM32U535RBI6, STM32U535RBI6Q, STM32U535RBT6, STM32U535RBT6Q, STM32U535RCI6, STM32U535RCI6Q, STM32U535RCT6, STM32U535RCT6Q, STM32U535REI6, STM32U535REI6Q, STM32U535RET6, STM32U535RET6Q, STM32U535VCI6, STM32U535VCI6Q, STM32U535VCT6, STM32U535VCT6Q, STM32U535VEI6, STM32U535VEI6Q, STM32U535VET6, STM32U535VET6Q, STM32U545CET6, STM32U545CET6Q, STM32U545CEU6, STM32U545CEU6Q, STM32U545JEY6QTR, STM32U545NEY6QTR, STM32U545REI6, STM32U545REI6Q, STM32U545RET6, STM32U545RET6Q, STM32U545VEI6, STM32U545VEI6Q, STM32U545VET6, STM32U545VET6Q, STM32U595AIH6, STM32U595AIH6Q, STM32U595AJH6, STM32U595AJH6Q, STM32U595QII6, STM32U595QII6Q, STM32U595QJI6, STM32U595QJI6Q, STM32U595RIT6, STM32U595RIT6Q, STM32U595RJT6, STM32U595RJT6Q, STM32U595VIT6, STM32U595VIT6Q, STM32U595VJT6, STM32U595VJT6Q, STM32U595ZIT6, STM32U595ZIT6Q, STM32U595ZIY6QTR, STM32U595ZJT6, STM32U595ZJT6Q, STM32U595ZJY6QTR, STM32U599BJY6QTR, STM32U599NIH6Q, STM32U599NJH6Q, STM32U599VIT6Q, STM32U599VJT6, STM32U599VJT6Q, STM32U599ZIT6Q, STM32U599ZIY6QTR, STM32U599ZJT6Q, STM32U599ZJY6QTR, STM32U5A5AJH6, STM32U5A5AJH6Q, STM32U5A5QII3Q , STM32U5A5QJI6, STM32U5A5QJI6Q, STM32U5A5RJT6, STM32U5A5RJT6Q, STM32U5A5VJT6, STM32U5A5VJT6Q, STM32U5A5ZJT6, STM32U5A5ZJT6Q, STM32U5A5ZJY6QTR, STM32U5A9BJY6QTR, STM32U5A9J-DK, STM32U5A9NJH6Q, STM32U5A9VJT6Q, STM32U5A9ZJT6Q, STM32U5A9ZJY6QTR, STM32U5F7VIT6, STM32U5F7VIT6Q, STM32U5F7VJT6, STM32U5F7VJT6Q, STM32U5F9BJY6QTR, STM32U5F9NJH6Q, STM32U5F9VIT6Q, STM32U5F9VJT6Q, STM32U5F9ZIJ6QTR, STM32U5F9ZIT6Q, STM32U5F9ZJJ6QTR, STM32U5F9ZJT6Q, STM32U5G7VJT6, STM32U5G7VJT6Q, STM32U5G9BJY6QTR, STM32U5G9J-DK1, STM32U5G9J-DK2, STM32U5G9NJH6Q, STM32U5G9VJT6Q, STM32U5G9ZJJ6QTR, STM32U5G9ZJT6Q, STM32WB05KZV6TR, STM32WB05KZV7TR, STM32WB05TZF6TR, STM32WB05TZF7TR, STM32WB06CCF6TR, STM32WB06CCF7TR, STM32WB06CCV6TR, STM32WB06CCV7TR, STM32WB06KCV6TR, STM32WB06KCV7TR, STM32WB07CCF6TR, STM32WB07CCF7TR, STM32WB07CCV6TR, STM32WB07CCV7TR, STM32WB07KCV6TR, STM32WB07KCV7TR, STM32WB09KEV6TR, STM32WB09KEV7TR, STM32WB09TEF6TR, STM32WB09TEF7TR, STM32WB1MMCH6, STM32WBA50KGU6, STM32WBA50KGU6TR, STM32WBA52CEU6, STM32WBA52CEU6TR, STM32WBA52CEU7, STM32WBA52CEU7TR, STM32WBA52CGU6, STM32WBA52CGU6TR, STM32WBA52CGU6U, STM32WBA52CGU7, STM32WBA52CGU7TR, STM32WBA52KEU6, STM32WBA52KEU6TR, STM32WBA52KGU6, STM32WBA52KGU6TR, STM32WBA54CEU6, STM32WBA54CEU6TR, STM32WBA54CEU7, STM32WBA54CEU7TR, STM32WBA54CGU6, STM32WBA54CGU6TR, STM32WBA54CGU7, STM32WBA54CGU7TR, STM32WBA54KEU6, STM32WBA54KEU6TR, STM32WBA54KEU7, STM32WBA54KEU7TR, STM32WBA54KGU6, STM32WBA54KGU6TR, STM32WBA54KGU7, STM32WBA54KGU7TR, STM32WBA55CEU6, STM32WBA55CEU6TR, STM32WBA55CEU7, STM32WBA55CEU7TR, STM32WBA55CGU6, STM32WBA55CGU6TR, STM32WBA55CGU6U, STM32WBA55CGU7, STM32WBA55CGU7TR, STM32WBA55G-DK1, STM32WBA55HEF6, STM32WBA55HEF7, STM32WBA55HGF6, STM32WBA55HGF7, STM32WBA55UEI6, STM32WBA55UEI6TR, STM32WBA55UEI7, STM32WBA55UEI7TR, STM32WBA55UGI6, STM32WBA55UGI6TR, STM32WBA55UGI7, STM32WBA55UGI7TR, STM32WL5MOCH6, STM32WL5MOCH6TR]
2025-07-22 22:39:01,675 [INFO] DbMcus:218 - Found 4733 MCUs, 4733 are supported
2025-07-22 22:39:01,675 [INFO] ApiDb:423 - Load user favorites file C:\Users\nicks/.stm32cubeide/favorites.mcus.txt: 0 item(s)
2025-07-22 22:39:01,676 [INFO] ApiDb:427 - User favorites MCUs=[]
2025-07-22 22:39:01,676 [INFO] DbMcus:224 - Set 0 / 0 favorites MCUs
2025-07-22 22:39:01,962 [INFO] BoardInfo:889 - No configuration file found for board B-WBA5M-WPAN
2025-07-22 22:39:01,963 [INFO] DbBoards:161 - Board is not supported: B-WBA5M-WPAN
2025-07-22 22:39:01,967 [INFO] BoardInfo:889 - No configuration file found for board NUCLEO-C051C8
2025-07-22 22:39:01,967 [INFO] DbBoards:161 - Board is not supported: NUCLEO-C051C8
2025-07-22 22:39:01,969 [INFO] BoardInfo:889 - No configuration file found for board NUCLEO-C092RC
2025-07-22 22:39:01,970 [INFO] DbBoards:161 - Board is not supported: NUCLEO-C092RC
2025-07-22 22:39:02,052 [INFO] BoardInfo:889 - No configuration file found for board NUCLEO-N657X0-Q
2025-07-22 22:39:02,052 [INFO] DbBoards:161 - Board is not supported: NUCLEO-N657X0-Q
2025-07-22 22:39:02,055 [INFO] BoardInfo:889 - No configuration file found for board NUCLEO-U385RG-Q
2025-07-22 22:39:02,056 [INFO] DbBoards:161 - Board is not supported: NUCLEO-U385RG-Q
2025-07-22 22:39:02,066 [INFO] BoardInfo:889 - No configuration file found for board NUCLEO-WBA65RI
2025-07-22 22:39:02,067 [INFO] DbBoards:161 - Board is not supported: NUCLEO-WBA65RI
2025-07-22 22:39:02,067 [INFO] BoardInfo:889 - No configuration file found for board NUCLEO-WL33CC1
2025-07-22 22:39:02,068 [INFO] DbBoards:161 - Board is not supported: NUCLEO-WL33CC1
2025-07-22 22:39:02,068 [INFO] BoardInfo:889 - No configuration file found for board NUCLEO-WL33CC2
2025-07-22 22:39:02,069 [INFO] DbBoards:161 - Board is not supported: NUCLEO-WL33CC2
2025-07-22 22:39:02,078 [INFO] BoardInfo:889 - No configuration file found for board P-NUCLEO-WB55
2025-07-22 22:39:02,079 [INFO] DbBoards:161 - Kit is not supported: P-NUCLEO-WB55
2025-07-22 22:39:02,083 [INFO] BoardInfo:889 - No configuration file found for board STEVAL-BFA001V1B
2025-07-22 22:39:02,083 [INFO] DbBoards:161 - Kit is not supported: STEVAL-BFA001V1B
2025-07-22 22:39:02,084 [INFO] BoardInfo:889 - No configuration file found for board STEVAL-BFA001V2B
2025-07-22 22:39:02,084 [INFO] DbBoards:161 - Kit is not supported: STEVAL-BFA001V2B
2025-07-22 22:39:02,184 [INFO] BoardInfo:889 - No configuration file found for board STM32N6570-DK
2025-07-22 22:39:02,185 [INFO] DbBoards:161 - Board is not supported: STM32N6570-DK
2025-07-22 22:39:02,194 [INFO] BoardInfo:889 - No configuration file found for board STM32WBA65I-DK1
2025-07-22 22:39:02,194 [INFO] DbBoards:161 - Board is not supported: STM32WBA65I-DK1
2025-07-22 22:39:02,194 [INFO] DbBoards:168 - Found 211 boards, 198 are supported
2025-07-22 22:39:02,194 [INFO] DbBoards:169 - Found 211 boards, 25 of them is supported for  Bsp
2025-07-22 22:39:02,196 [INFO] ApiDb:423 - Load user favorites file C:\Users\nicks/.stm32cubeide/favorites.boards.txt: 0 item(s)
2025-07-22 22:39:02,196 [INFO] ApiDb:427 - User favorites Boards=[]
2025-07-22 22:39:02,196 [INFO] DbBoards:198 - Set 0 / 0 favorites Boards
2025-07-22 22:39:02,196 [INFO] McuFinderGlobals:76 - Set McuFinderConnectedMode to true
2025-07-22 22:39:02,200 [INFO] MultiScanPanel:200 - Auto-refresh data requested => check proxy status ongoing
2025-07-22 22:39:02,201 [INFO] FinderPluginLoader:95 - Searching for filters in installed packs
2025-07-22 22:39:02,980 [INFO] LoadUrlFilesThread:185 - End of LoadServerUrlFiles without Thread
2025-07-22 22:39:03,034 [INFO] DetailPanel:341 - Set advertising image to C:/Users/nicks/STM32Cube/Repository/\en.2400x1350px.jpeg
2025-07-22 22:39:49,565 [INFO] MainUpdater:2873 - connection check result : 10
2025-07-22 22:39:49,619 [INFO] McuFinderGlobals:76 - Set McuFinderConnectedMode to true
2025-07-22 22:39:49,619 [INFO] MultiScanPanel:200 - Auto-refresh data requested => check proxy status ongoing
2025-07-22 22:39:49,619 [INFO] FinderPluginLoader:95 - Searching for filters in installed packs
2025-07-22 22:39:50,130 [INFO] LoadUrlFilesThread:185 - End of LoadServerUrlFiles without Thread
2025-07-22 22:39:50,130 [INFO] DetailPanel:341 - Set advertising image to C:/Users/nicks/STM32Cube/Repository/\en.2400x1350px.jpeg
2025-07-22 22:39:54,371 [INFO] MultiScanPanel:200 - Auto-refresh data requested => check proxy status ongoing
2025-07-22 22:39:54,430 [INFO] LoadUrlFilesThread:185 - End of LoadServerUrlFiles without Thread
2025-07-22 22:39:54,430 [INFO] DetailPanel:341 - Set advertising image to C:/Users/nicks/STM32Cube/Repository/\en.2400x1350px.jpeg
2025-07-22 22:39:54,449 [INFO] DbBoards:642 - Loading board mini-images...
2025-07-22 22:39:55,837 [INFO] DbBoards:665 - Loaded 211 board mini-images
2025-07-22 22:40:07,388 [INFO] MainUpdater:2873 - connection check result : 10
2025-07-22 22:40:07,388 [INFO] MainUpdater:2873 - connection check result : 10
2025-07-22 22:40:07,424 [INFO] RulesReader:64 - Compatibility file has been processed (297 Rules)
2025-07-22 22:40:07,430 [INFO] RulesReader:64 - Compatibility file has been processed (297 Rules)
2025-07-22 22:40:07,433 [INFO] MicroXplorer:468 - Change Database Path : 
2025-07-22 22:40:07,433 [INFO] MicroXplorer:498 - Change Database Version : DB.6.0.121
2025-07-22 22:40:07,438 [WARN] ThirdParty:871 - waiting for thirdparty lock release [close project]
2025-07-22 22:40:07,438 [INFO] ThirdParty:873 - entering critical section [close project]
2025-07-22 22:40:07,438 [INFO] ThirdParty:883 - exiting critical section [close project]
2025-07-22 22:40:07,440 [INFO] PinOutPanel:1561 - setPackage(No Configuration,No Configuration)
2025-07-22 22:40:07,442 [INFO] UtilMem:75 - Begin LoadConfig() Used Memory: 1018411792 Bytes (1073741824)
2025-07-22 22:40:07,448 [INFO] MicroXplorer:468 - Change Database Path : 
2025-07-22 22:40:07,448 [INFO] MicroXplorer:498 - Change Database Version : DB.6.0.121
2025-07-22 22:40:07,448 [INFO] OpenFileManager:332 - Change cursor
2025-07-22 22:40:07,476 [INFO] Mcu:2032 - Initializing MCU STM32H755ZITx STM32H755ZITx STM32H755ZIT6
2025-07-22 22:40:10,432 [INFO] Context:742 - Trying to add GPIOservice into a context  which must be forbidden
2025-07-22 22:40:10,432 [INFO] Context:742 - Trying to add GPIOservice into a context  which must be forbidden
2025-07-22 22:40:11,644 [INFO] ApiDbMcu:508 - Load IP Config File for NUCLEO-H755ZI-Q
2025-07-22 22:40:11,717 [INFO] Context:742 - Trying to add GPIOservice into a context  which must be forbidden
2025-07-22 22:40:11,717 [INFO] Context:742 - Trying to add GPIOservice into a context  which must be forbidden
2025-07-22 22:40:11,903 [INFO] RtosManager:555 - Registered RTOS mode: class=CMSIS, group=RTOS, mode=CMSIS_V1, owner=FREERTOS_M7
2025-07-22 22:40:11,903 [INFO] RtosManager:555 - Registered RTOS mode: class=CMSIS, group=RTOS2, mode=CMSIS_V2, owner=FREERTOS_M7
2025-07-22 22:40:11,903 [INFO] RtosManager:555 - Registered RTOS mode: class=RTOS, group=Core, mode=CMSIS_V1, owner=FREERTOS_M7
2025-07-22 22:40:11,903 [INFO] RtosManager:555 - Registered RTOS mode: class=RTOS, group=Core, mode=CMSIS_V2, owner=FREERTOS_M7
2025-07-22 22:40:11,903 [WARN] ModelIntegratedComponent:184 - Missing modes for component STMicroelectronics:FreeRTOS:0.0.1:STMicroelectronics:RTOS:FreeRTOS:Core:::10.2.0:
2025-07-22 22:40:11,916 [WARN] ModelIntegratedComponent:63 - No mode defined for component null
2025-07-22 22:40:11,917 [WARN] ModelIntegratedComponent:63 - No mode defined for component null
2025-07-22 22:40:11,917 [WARN] ModelIntegratedComponent:63 - No mode defined for component null
2025-07-22 22:40:11,917 [WARN] ModelIntegratedComponent:63 - No mode defined for component null
2025-07-22 22:40:11,917 [WARN] ModelIntegratedComponent:63 - No mode defined for component null
2025-07-22 22:40:11,917 [WARN] ModelIntegratedComponent:63 - No mode defined for component null
2025-07-22 22:40:11,917 [WARN] ModelIntegratedComponent:63 - No mode defined for component null
2025-07-22 22:40:11,917 [WARN] ModelIntegratedComponent:63 - No mode defined for component null
2025-07-22 22:40:11,917 [WARN] ModelIntegratedComponent:63 - No mode defined for component null
2025-07-22 22:40:11,917 [WARN] ModelIntegratedComponent:63 - No mode defined for component null
2025-07-22 22:40:11,917 [WARN] ModelIntegratedComponent:63 - No mode defined for component null
2025-07-22 22:40:11,917 [WARN] ModelIntegratedComponent:63 - No mode defined for component null
2025-07-22 22:40:11,917 [WARN] ModelIntegratedComponent:63 - No mode defined for component null
2025-07-22 22:40:11,917 [WARN] ModelIntegratedComponent:63 - No mode defined for component null
2025-07-22 22:40:11,917 [WARN] ModelIntegratedComponent:63 - No mode defined for component null
2025-07-22 22:40:11,917 [WARN] ModelIntegratedComponent:63 - No mode defined for component null
2025-07-22 22:40:11,917 [WARN] ModelIntegratedComponent:63 - No mode defined for component null
2025-07-22 22:40:11,917 [WARN] ModelIntegratedComponent:63 - No mode defined for component null
2025-07-22 22:40:11,917 [WARN] ModelIntegratedComponent:63 - No mode defined for component null
2025-07-22 22:40:11,917 [WARN] ModelIntegratedComponent:63 - No mode defined for component null
2025-07-22 22:40:11,917 [WARN] ModelIntegratedComponent:63 - No mode defined for component null
2025-07-22 22:40:11,917 [WARN] ModelIntegratedComponent:63 - No mode defined for component null
2025-07-22 22:40:11,917 [WARN] ModelIntegratedComponent:63 - No mode defined for component null
2025-07-22 22:40:11,917 [WARN] ModelIntegratedComponent:63 - No mode defined for component null
2025-07-22 22:40:11,917 [WARN] ModelIntegratedComponent:63 - No mode defined for component null
2025-07-22 22:40:11,917 [WARN] ModelIntegratedComponent:63 - No mode defined for component null
2025-07-22 22:40:11,917 [WARN] ModelIntegratedComponent:63 - No mode defined for component null
2025-07-22 22:40:11,918 [WARN] ModelIntegratedComponent:63 - No mode defined for component null
2025-07-22 22:40:11,918 [WARN] ModelIntegratedComponent:63 - No mode defined for component null
2025-07-22 22:40:11,918 [WARN] ModelIntegratedComponent:63 - No mode defined for component null
2025-07-22 22:40:11,918 [WARN] ModelIntegratedComponent:63 - No mode defined for component null
2025-07-22 22:40:11,918 [WARN] ModelIntegratedComponent:63 - No mode defined for component null
2025-07-22 22:40:11,918 [WARN] ModelIntegratedComponent:63 - No mode defined for component null
2025-07-22 22:40:11,918 [WARN] ModelIntegratedComponent:63 - No mode defined for component null
2025-07-22 22:40:11,918 [WARN] ModelIntegratedComponent:63 - No mode defined for component null
2025-07-22 22:40:11,918 [WARN] ModelPack:524 - Component already loaded: STMicroelectronics:HAL Drivers:0.0.0:STMicroelectronics:Device:STMicro_Driver:XSPI:HAL::0.0.1:HAL_XSPI
2025-07-22 22:40:12,065 [INFO] RtosManager:555 - Registered RTOS mode: class=CMSIS, group=RTOS, mode=CMSIS_V1, owner=FREERTOS_M4
2025-07-22 22:40:12,065 [INFO] RtosManager:555 - Registered RTOS mode: class=CMSIS, group=RTOS2, mode=CMSIS_V2, owner=FREERTOS_M4
2025-07-22 22:40:12,065 [INFO] RtosManager:555 - Registered RTOS mode: class=RTOS, group=Core, mode=CMSIS_V1, owner=FREERTOS_M4
2025-07-22 22:40:12,065 [INFO] RtosManager:555 - Registered RTOS mode: class=RTOS, group=Core, mode=CMSIS_V2, owner=FREERTOS_M4
2025-07-22 22:40:12,065 [WARN] ModelIntegratedComponent:184 - Missing modes for component STMicroelectronics:FreeRTOS:0.0.1:STMicroelectronics:RTOS:FreeRTOS:Core:::10.2.0:
2025-07-22 22:40:12,074 [WARN] ModelIntegratedComponent:63 - No mode defined for component null
2025-07-22 22:40:12,074 [WARN] ModelIntegratedComponent:63 - No mode defined for component null
2025-07-22 22:40:12,074 [WARN] ModelIntegratedComponent:63 - No mode defined for component null
2025-07-22 22:40:12,074 [WARN] ModelIntegratedComponent:63 - No mode defined for component null
2025-07-22 22:40:12,074 [WARN] ModelIntegratedComponent:63 - No mode defined for component null
2025-07-22 22:40:12,074 [WARN] ModelIntegratedComponent:63 - No mode defined for component null
2025-07-22 22:40:12,074 [WARN] ModelIntegratedComponent:63 - No mode defined for component null
2025-07-22 22:40:12,074 [WARN] ModelIntegratedComponent:63 - No mode defined for component null
2025-07-22 22:40:12,074 [WARN] ModelIntegratedComponent:63 - No mode defined for component null
2025-07-22 22:40:12,074 [WARN] ModelIntegratedComponent:63 - No mode defined for component null
2025-07-22 22:40:12,074 [WARN] ModelIntegratedComponent:63 - No mode defined for component null
2025-07-22 22:40:12,074 [WARN] ModelIntegratedComponent:63 - No mode defined for component null
2025-07-22 22:40:12,074 [WARN] ModelIntegratedComponent:63 - No mode defined for component null
2025-07-22 22:40:12,075 [WARN] ModelIntegratedComponent:63 - No mode defined for component null
2025-07-22 22:40:12,075 [WARN] ModelIntegratedComponent:63 - No mode defined for component null
2025-07-22 22:40:12,075 [WARN] ModelIntegratedComponent:63 - No mode defined for component null
2025-07-22 22:40:12,075 [WARN] ModelIntegratedComponent:63 - No mode defined for component null
2025-07-22 22:40:12,075 [WARN] ModelIntegratedComponent:63 - No mode defined for component null
2025-07-22 22:40:12,075 [WARN] ModelIntegratedComponent:63 - No mode defined for component null
2025-07-22 22:40:12,075 [WARN] ModelIntegratedComponent:63 - No mode defined for component null
2025-07-22 22:40:12,075 [WARN] ModelIntegratedComponent:63 - No mode defined for component null
2025-07-22 22:40:12,075 [WARN] ModelIntegratedComponent:63 - No mode defined for component null
2025-07-22 22:40:12,075 [WARN] ModelIntegratedComponent:63 - No mode defined for component null
2025-07-22 22:40:12,075 [WARN] ModelIntegratedComponent:63 - No mode defined for component null
2025-07-22 22:40:12,075 [WARN] ModelIntegratedComponent:63 - No mode defined for component null
2025-07-22 22:40:12,075 [WARN] ModelIntegratedComponent:63 - No mode defined for component null
2025-07-22 22:40:12,075 [WARN] ModelIntegratedComponent:63 - No mode defined for component null
2025-07-22 22:40:12,075 [WARN] ModelIntegratedComponent:63 - No mode defined for component null
2025-07-22 22:40:12,075 [WARN] ModelIntegratedComponent:63 - No mode defined for component null
2025-07-22 22:40:12,075 [WARN] ModelIntegratedComponent:63 - No mode defined for component null
2025-07-22 22:40:12,075 [WARN] ModelIntegratedComponent:63 - No mode defined for component null
2025-07-22 22:40:12,075 [WARN] ModelIntegratedComponent:63 - No mode defined for component null
2025-07-22 22:40:12,075 [WARN] ModelIntegratedComponent:63 - No mode defined for component null
2025-07-22 22:40:12,075 [WARN] ModelIntegratedComponent:63 - No mode defined for component null
2025-07-22 22:40:12,075 [WARN] ModelIntegratedComponent:63 - No mode defined for component null
2025-07-22 22:40:12,075 [WARN] ModelPack:524 - Component already loaded: STMicroelectronics:HAL Drivers:0.0.0:STMicroelectronics:Device:STMicro_Driver:XSPI:HAL::0.0.1:HAL_XSPI
2025-07-22 22:40:12,169 [INFO] ThirdPartyModel:298 - Start build external matchings
2025-07-22 22:40:12,694 [INFO] ThirdPartyModel:316 - End build external matchings
2025-07-22 22:40:12,704 [INFO] ThirdPartyModel:298 - Start build external matchings
2025-07-22 22:40:13,263 [INFO] ThirdPartyModel:316 - End build external matchings
2025-07-22 22:40:13,405 [INFO] UtilMem:75 - End LoadConfig() Used Memory: 1030326744 Bytes (1073741824)
2025-07-22 22:40:17,525 [INFO] BspBoardWizard:571 - Analytics plugin initialized with success
2025-07-22 22:40:17,671 [INFO] BspBoardWizard:571 - Analytics plugin initialized with success
2025-07-22 22:40:17,704 [INFO] BspBoardWizard:571 - Analytics plugin initialized with success
2025-07-22 22:40:17,824 [WARN] ThirdParty:833 - waiting for thirdparty lock release [change project]
2025-07-22 22:40:17,824 [INFO] ThirdParty:835 - entering critical section [change project]
2025-07-22 22:40:17,824 [INFO] ThirdParty:1030 - CMSIS Pack Vendor :STMicroelectronics X-CUBE-PM33A1 1.0.0
2025-07-22 22:40:17,824 [INFO] ThirdParty:1030 - CMSIS Pack Vendor :STMicroelectronics USBPD 4.1
2025-07-22 22:40:17,824 [INFO] ThirdParty:1030 - CMSIS Pack Vendor :STMicroelectronics X-CUBE-AZRTOS-H7 3.3.0
2025-07-22 22:40:17,824 [INFO] ThirdParty:1030 - CMSIS Pack Vendor :STMicroelectronics X-CUBE-NFC9 1.0.0
2025-07-22 22:40:17,824 [INFO] ThirdParty:1030 - CMSIS Pack Vendor :STMicroelectronics USB_HOST 2.0.0
2025-07-22 22:40:17,824 [INFO] ThirdParty:1030 - CMSIS Pack Vendor :STMicroelectronics FP-SNS-MOTENVWB1 1.4.0
2025-07-22 22:40:17,824 [INFO] ThirdParty:1030 - CMSIS Pack Vendor :STMicroelectronics X-CUBE-AZRTOS-F4 1.1.0
2025-07-22 22:40:17,824 [INFO] ThirdParty:1030 - CMSIS Pack Vendor :STMicroelectronics LIBJPEG 8.0.0
2025-07-22 22:40:17,824 [INFO] ThirdParty:1030 - CMSIS Pack Vendor :STMicroelectronics FP-ATR-ASTRA1 2.0.2
2025-07-22 22:40:17,824 [INFO] ThirdParty:1030 - CMSIS Pack Vendor :STMicroelectronics FP-ATR-ASTRA1 2.0.1
2025-07-22 22:40:17,824 [INFO] ThirdParty:1030 - CMSIS Pack Vendor :STMicroelectronics X-CUBE-BLE1 7.1.0
2025-07-22 22:40:17,824 [INFO] ThirdParty:1030 - CMSIS Pack Vendor :STMicroelectronics X-CUBE-SMBUS 2.1.0
2025-07-22 22:40:17,824 [INFO] ThirdParty:1030 - CMSIS Pack Vendor :STMicroelectronics X-CUBE-WB05N 1.1.0
2025-07-22 22:40:17,824 [INFO] ThirdParty:1030 - CMSIS Pack Vendor :wolfSSL I-CUBE-wolfMQTT 1.19.2
2025-07-22 22:40:17,824 [INFO] ThirdParty:1030 - CMSIS Pack Vendor :STMicroelectronics USB_DEVICE 3.0.0
2025-07-22 22:40:17,824 [INFO] ThirdParty:1030 - CMSIS Pack Vendor :STMicroelectronics X-CUBE-ISPU 2.1.0
2025-07-22 22:40:17,824 [INFO] ThirdParty:1030 - CMSIS Pack Vendor :STMicroelectronics X-CUBE-EEPRMA1 5.2.0
2025-07-22 22:40:17,824 [INFO] ThirdParty:1030 - CMSIS Pack Vendor :STMicroelectronics X-CUBE-AZRTOS-WB 2.0.0
2025-07-22 22:40:17,824 [INFO] ThirdParty:1030 - CMSIS Pack Vendor :STMicroelectronics X-CUBE-GNSS1 7.0.1
2025-07-22 22:40:17,824 [INFO] ThirdParty:1030 - CMSIS Pack Vendor :STMicroelectronics X-CUBE-NFC12 1.0.0
2025-07-22 22:40:17,824 [INFO] ThirdParty:1030 - CMSIS Pack Vendor :STMicroelectronics X-CUBE-AZRTOS-F7 1.1.0
2025-07-22 22:40:17,824 [INFO] ThirdParty:1030 - CMSIS Pack Vendor :STMicroelectronics X-CUBE-AZRTOS-L5 2.0.0
2025-07-22 22:40:17,824 [INFO] ThirdParty:1030 - CMSIS Pack Vendor :STMicroelectronics X-CUBE-TOUCHGFX 4.25.0
2025-07-22 22:40:17,824 [INFO] ThirdParty:1030 - CMSIS Pack Vendor :STMicroelectronics USB_DEVICE 2.0.0
2025-07-22 22:40:17,824 [INFO] ThirdParty:1030 - CMSIS Pack Vendor :STMicroelectronics X-CUBE-NFC6 3.1.0
2025-07-22 22:40:17,824 [INFO] ThirdParty:1030 - CMSIS Pack Vendor :STMicroelectronics X-CUBE-AI 10.1.0
2025-07-22 22:40:17,824 [INFO] ThirdParty:1030 - CMSIS Pack Vendor :STMicroelectronics X-CUBE-MEMS1 11.2.0
2025-07-22 22:40:17,825 [INFO] ThirdParty:1030 - CMSIS Pack Vendor :STMicroelectronics FreeRTOS 0.0.1
2025-07-22 22:40:17,825 [INFO] ThirdParty:1030 - CMSIS Pack Vendor :STMicroelectronics X-CUBE-AZRTOS-G0 1.1.0
2025-07-22 22:40:17,825 [INFO] ThirdParty:1030 - CMSIS Pack Vendor :STMicroelectronics X-CUBE-SAFEA1 1.2.2
2025-07-22 22:40:17,825 [INFO] ThirdParty:1030 - CMSIS Pack Vendor :STMicroelectronics X-CUBE-NFC4 3.0.0
2025-07-22 22:40:17,825 [INFO] ThirdParty:1030 - CMSIS Pack Vendor :STMicroelectronics X-CUBE-SUBG2 5.0.0
2025-07-22 22:40:17,825 [INFO] ThirdParty:1030 - CMSIS Pack Vendor :STMicroelectronics X-CUBE-AZRTOS-H7RS 1.1.0
2025-07-22 22:40:17,825 [INFO] ThirdParty:1030 - CMSIS Pack Vendor :STMicroelectronics STM32_WPAN 1.0.0
2025-07-22 22:40:17,825 [INFO] ThirdParty:1030 - CMSIS Pack Vendor :EmbeddedOffice I-CUBE-FS-RTOS 1.0.1
2025-07-22 22:40:17,825 [INFO] ThirdParty:1030 - CMSIS Pack Vendor :STMicroelectronics lwIP 2.0.3
2025-07-22 22:40:17,825 [INFO] ThirdParty:1030 - CMSIS Pack Vendor :STMicroelectronics FP-SNS-FLIGHT1 5.0.2
2025-07-22 22:40:17,825 [INFO] ThirdParty:1030 - CMSIS Pack Vendor :Cesanta I-CUBE-Mongoose 7.13.0
2025-07-22 22:40:17,825 [INFO] ThirdParty:1030 - CMSIS Pack Vendor :STMicroelectronics USB_HOST 1.0.0
2025-07-22 22:40:17,825 [INFO] ThirdParty:1030 - CMSIS Pack Vendor :Infineon AIROC-Wi-Fi-Bluetooth-STM32 1.7.0
2025-07-22 22:40:17,825 [INFO] ThirdParty:1030 - CMSIS Pack Vendor :STMicroelectronics X-CUBE-AZRTOS-G4 2.0.0
2025-07-22 22:40:17,825 [INFO] ThirdParty:1030 - CMSIS Pack Vendor :STMicroelectronics X-CUBE-WB05N 2.0.0
2025-07-22 22:40:17,825 [INFO] ThirdParty:1030 - CMSIS Pack Vendor :STMicroelectronics PDM2PCM 3.1.0
2025-07-22 22:40:17,825 [INFO] ThirdParty:1030 - CMSIS Pack Vendor :STMicroelectronics PDM2PCM 3.3.0
2025-07-22 22:40:17,825 [INFO] ThirdParty:1030 - CMSIS Pack Vendor :wolfSSL I-CUBE-wolfTPM 3.8.0
2025-07-22 22:40:17,825 [INFO] ThirdParty:1030 - CMSIS Pack Vendor :STMicroelectronics X-CUBE-AZRTOS-H7 3.4.0
2025-07-22 22:40:17,825 [INFO] ThirdParty:1030 - CMSIS Pack Vendor :STMicroelectronics X-CUBE-DISPLAY 3.0.0
2025-07-22 22:40:17,825 [INFO] ThirdParty:1030 - CMSIS Pack Vendor :wolfSSL I-CUBE-wolfSSH 1.4.20
2025-07-22 22:40:17,825 [INFO] ThirdParty:1030 - CMSIS Pack Vendor :STMicroelectronics X-CUBE-NFC7 2.0.0
2025-07-22 22:40:17,825 [INFO] ThirdParty:1030 - CMSIS Pack Vendor :RealThread X-CUBE-RT-Thread_Nano 4.1.1
2025-07-22 22:40:17,825 [INFO] ThirdParty:1030 - CMSIS Pack Vendor :STMicroelectronics FP-ATR-SIGFOX1 3.2.0
2025-07-22 22:40:17,825 [INFO] ThirdParty:1030 - CMSIS Pack Vendor :STMicroelectronics X-CUBE-NFC10 1.0.0
2025-07-22 22:40:17,825 [INFO] ThirdParty:1030 - CMSIS Pack Vendor :STMicroelectronics X-CUBE-BLEMGR 4.0.0
2025-07-22 22:40:17,825 [INFO] ThirdParty:1030 - CMSIS Pack Vendor :STMicroelectronics X-CUBE-EEPRMA1 5.1.0
2025-07-22 22:40:17,825 [INFO] ThirdParty:1030 - CMSIS Pack Vendor :STMicroelectronics X-CUBE-FREERTOS 1.3.1
2025-07-22 22:40:17,825 [INFO] ThirdParty:1030 - CMSIS Pack Vendor :STMicroelectronics HAL Drivers 0.0.0
2025-07-22 22:40:17,825 [INFO] ThirdParty:1030 - CMSIS Pack Vendor :STMicroelectronics MBEDTLS 2.16.2
2025-07-22 22:40:17,825 [INFO] ThirdParty:1030 - CMSIS Pack Vendor :STMicroelectronics X-CUBE-ALS 1.0.2
2025-07-22 22:40:17,825 [INFO] ThirdParty:1030 - CMSIS Pack Vendor :emotas I-CUBE-CANOPEN 1.3.0
2025-07-22 22:40:17,825 [INFO] ThirdParty:1030 - CMSIS Pack Vendor :STMicroelectronics X-CUBE-FREERTOS 1.3.0
2025-07-22 22:40:17,825 [INFO] ThirdParty:1030 - CMSIS Pack Vendor :STMicroelectronics X-CUBE-NFC7 1.0.1
2025-07-22 22:40:17,825 [INFO] ThirdParty:1030 - CMSIS Pack Vendor :STMicroelectronics MBEDTLS 2.14.1
2025-07-22 22:40:17,825 [INFO] ThirdParty:1030 - CMSIS Pack Vendor :wolfSSL I-CUBE-wolfSSL 5.7.6
2025-07-22 22:40:17,825 [INFO] ThirdParty:1030 - CMSIS Pack Vendor :ITTIA_DB I-CUBE-ITTIADB 8.9.0
2025-07-22 22:40:17,825 [INFO] ThirdParty:1030 - CMSIS Pack Vendor :portGmbH I-Cube-SoM-uGOAL 1.1.0
2025-07-22 22:40:17,825 [INFO] ThirdParty:1030 - CMSIS Pack Vendor :quantropi X-CUBE-qispace-sdk-base 2.0.0
2025-07-22 22:40:17,825 [INFO] ThirdParty:1030 - CMSIS Pack Vendor :STMicroelectronics X-CUBE-AI 10.0.0
2025-07-22 22:40:17,825 [INFO] ThirdParty:1030 - CMSIS Pack Vendor :STMicroelectronics ThreadX 1.0.0
2025-07-22 22:40:17,825 [INFO] ThirdParty:1030 - CMSIS Pack Vendor :STMicroelectronics FP-SNS-SMARTAG2 1.2.0
2025-07-22 22:40:17,825 [INFO] ThirdParty:1030 - CMSIS Pack Vendor :STMicroelectronics X-CUBE-AZRTOS-WL 2.0.0
2025-07-22 22:40:17,825 [INFO] ThirdParty:1030 - CMSIS Pack Vendor :SEGGER I-CUBE-embOS 1.3.1
2025-07-22 22:40:17,825 [INFO] ThirdParty:1030 - CMSIS Pack Vendor :STMicroelectronics X-CUBE-ALGOBUILD 1.4.0
2025-07-22 22:40:17,825 [INFO] ThirdParty:1030 - CMSIS Pack Vendor :STMicroelectronics X-CUBE-DPower 1.3.0
2025-07-22 22:40:17,825 [INFO] ThirdParty:1030 - CMSIS Pack Vendor :STMicroelectronics X-CUBE-MEMS1 11.3.0
2025-07-22 22:40:17,825 [INFO] ThirdParty:1030 - CMSIS Pack Vendor :STMicroelectronics FP-SNS-MOTENV1 5.0.0
2025-07-22 22:40:17,825 [INFO] ThirdParty:1030 - CMSIS Pack Vendor :STMicroelectronics USB_DEVICE 1.0.0
2025-07-22 22:40:17,825 [INFO] ThirdParty:1030 - CMSIS Pack Vendor :STMicroelectronics X-CUBE-AZRTOS-L4 2.0.0
2025-07-22 22:40:17,825 [INFO] ThirdParty:1030 - CMSIS Pack Vendor :STMicroelectronics ThreadX 0.0.2
2025-07-22 22:40:17,825 [INFO] ThirdParty:1030 - CMSIS Pack Vendor :WES I-CUBE-Cesium 1.3.0
2025-07-22 22:40:17,825 [INFO] ThirdParty:1030 - CMSIS Pack Vendor :STMicroelectronics lwIP 2.1.2
2025-07-22 22:40:17,825 [INFO] ThirdParty:1030 - CMSIS Pack Vendor :STMicroelectronics X-CUBE-SFXS2LP1 4.0.0
2025-07-22 22:40:17,825 [INFO] ThirdParty:1030 - CMSIS Pack Vendor :STMicroelectronics X-CUBE-BLE2 3.3.0
2025-07-22 22:40:17,825 [INFO] ThirdParty:1030 - CMSIS Pack Vendor :STMicroelectronics PDM2PCM 3.2.0
2025-07-22 22:40:17,825 [INFO] ThirdParty:841 - exiting critical section [change project]
2025-07-22 22:40:18,268 [INFO] PinOutPanel:1561 - setPackage(No Configuration,No Configuration)
2025-07-22 22:40:18,269 [INFO] PinOutPanel:1561 - setPackage(STM32H755ZITx,LQFP144)
2025-07-22 22:40:18,802 [INFO] UtilMem:75 - Before build in PCC Used Memory: 1053636256 Bytes (1073741824)
2025-07-22 22:40:19,497 [INFO] UtilMem:75 - After build in PCC Used Memory: 883189120 Bytes (1073741824)
2025-07-22 22:40:19,528 [INFO] IPUIPlugin:80 - create IPUIPlugin
2025-07-22 22:40:19,529 [INFO] IPUIPlugin:80 - create IPUIPlugin
2025-07-22 22:40:19,529 [INFO] IPUIPlugin:80 - create IPUIPlugin
2025-07-22 22:40:19,529 [INFO] IPUIPlugin:80 - create IPUIPlugin
2025-07-22 22:40:19,529 [INFO] IPUIPlugin:80 - create IPUIPlugin
2025-07-22 22:40:19,529 [INFO] IPUIPlugin:80 - create IPUIPlugin
2025-07-22 22:40:19,529 [INFO] IPUIPlugin:80 - create IPUIPlugin
2025-07-22 22:40:19,529 [INFO] IPUIPlugin:80 - create IPUIPlugin
2025-07-22 22:40:19,529 [INFO] IPUIPlugin:80 - create IPUIPlugin
2025-07-22 22:40:19,529 [INFO] IPUIPlugin:80 - create IPUIPlugin
2025-07-22 22:40:19,530 [INFO] IPUIPlugin:80 - create IPUIPlugin
2025-07-22 22:40:19,530 [INFO] IPUIPlugin:80 - create IPUIPlugin
2025-07-22 22:40:19,530 [INFO] IPUIPlugin:80 - create IPUIPlugin
2025-07-22 22:40:19,530 [INFO] IPUIPlugin:80 - create IPUIPlugin
2025-07-22 22:40:19,530 [INFO] IPUIPlugin:80 - create IPUIPlugin
2025-07-22 22:40:19,530 [INFO] IPUIPlugin:80 - create IPUIPlugin
2025-07-22 22:40:19,530 [INFO] IPUIPlugin:80 - create IPUIPlugin
2025-07-22 22:40:19,530 [INFO] IPUIPlugin:80 - create IPUIPlugin
2025-07-22 22:40:19,531 [INFO] IPUIPlugin:80 - create IPUIPlugin
2025-07-22 22:40:19,531 [INFO] IPUIPlugin:80 - create IPUIPlugin
2025-07-22 22:40:19,531 [INFO] IPUIPlugin:80 - create IPUIPlugin
2025-07-22 22:40:19,531 [INFO] IPUIPlugin:80 - create IPUIPlugin
2025-07-22 22:40:19,531 [INFO] IPUIPlugin:80 - create IPUIPlugin
2025-07-22 22:40:19,531 [INFO] IPUIPlugin:80 - create IPUIPlugin
2025-07-22 22:40:19,531 [INFO] IPUIPlugin:80 - create IPUIPlugin
2025-07-22 22:40:19,532 [INFO] IPUIPlugin:80 - create IPUIPlugin
2025-07-22 22:40:19,532 [INFO] IPUIPlugin:80 - create IPUIPlugin
2025-07-22 22:40:19,532 [INFO] IPUIPlugin:80 - create IPUIPlugin
2025-07-22 22:40:19,532 [INFO] IPUIPlugin:80 - create IPUIPlugin
2025-07-22 22:40:19,532 [INFO] IPUIPlugin:80 - create IPUIPlugin
2025-07-22 22:40:19,532 [INFO] IPUIPlugin:80 - create IPUIPlugin
2025-07-22 22:40:19,532 [INFO] IPUIPlugin:80 - create IPUIPlugin
2025-07-22 22:40:19,532 [INFO] IPUIPlugin:80 - create IPUIPlugin
2025-07-22 22:40:19,533 [INFO] IPUIPlugin:80 - create IPUIPlugin
2025-07-22 22:40:19,533 [INFO] IPUIPlugin:80 - create IPUIPlugin
2025-07-22 22:40:19,533 [INFO] IPUIPlugin:80 - create IPUIPlugin
2025-07-22 22:40:19,533 [INFO] IPUIPlugin:80 - create IPUIPlugin
2025-07-22 22:40:19,533 [INFO] IPUIPlugin:80 - create IPUIPlugin
2025-07-22 22:40:19,533 [INFO] IPUIPlugin:80 - create IPUIPlugin
2025-07-22 22:40:19,533 [INFO] IPUIPlugin:80 - create IPUIPlugin
2025-07-22 22:40:19,534 [INFO] IPUIPlugin:80 - create IPUIPlugin
2025-07-22 22:40:19,534 [INFO] IPUIPlugin:80 - create IPUIPlugin
2025-07-22 22:40:19,534 [INFO] IPUIPlugin:80 - create IPUIPlugin
2025-07-22 22:40:19,534 [INFO] IPUIPlugin:80 - create IPUIPlugin
2025-07-22 22:40:19,534 [INFO] IPUIPlugin:80 - create IPUIPlugin
2025-07-22 22:40:19,535 [INFO] IPUIPlugin:80 - create IPUIPlugin
2025-07-22 22:40:19,535 [INFO] IPUIPlugin:80 - create IPUIPlugin
2025-07-22 22:40:19,535 [INFO] IPUIPlugin:80 - create IPUIPlugin
2025-07-22 22:40:19,535 [INFO] IPUIPlugin:80 - create IPUIPlugin
2025-07-22 22:40:19,535 [INFO] IPUIPlugin:80 - create IPUIPlugin
2025-07-22 22:40:19,535 [INFO] IPUIPlugin:80 - create IPUIPlugin
2025-07-22 22:40:19,536 [INFO] IPUIPlugin:80 - create IPUIPlugin
2025-07-22 22:40:19,536 [INFO] IPUIPlugin:80 - create IPUIPlugin
2025-07-22 22:40:19,536 [INFO] IPUIPlugin:80 - create IPUIPlugin
2025-07-22 22:40:19,536 [INFO] IPUIPlugin:80 - create IPUIPlugin
2025-07-22 22:40:19,536 [INFO] IPUIPlugin:80 - create IPUIPlugin
2025-07-22 22:40:19,536 [INFO] IPUIPlugin:80 - create IPUIPlugin
2025-07-22 22:40:19,536 [INFO] IPUIPlugin:80 - create IPUIPlugin
2025-07-22 22:40:19,537 [INFO] IPUIPlugin:80 - create IPUIPlugin
2025-07-22 22:40:19,537 [INFO] IPUIPlugin:80 - create IPUIPlugin
2025-07-22 22:40:19,537 [INFO] IPUIPlugin:80 - create IPUIPlugin
2025-07-22 22:40:19,537 [INFO] IPUIPlugin:80 - create IPUIPlugin
2025-07-22 22:40:19,537 [INFO] IPUIPlugin:80 - create IPUIPlugin
2025-07-22 22:40:19,538 [INFO] IPUIPlugin:80 - create IPUIPlugin
2025-07-22 22:40:19,540 [INFO] IPUIPlugin:80 - create IPUIPlugin
2025-07-22 22:40:19,541 [INFO] IPUIPlugin:80 - create IPUIPlugin
2025-07-22 22:40:19,541 [INFO] IPUIPlugin:80 - create IPUIPlugin
2025-07-22 22:40:19,541 [INFO] IPUIPlugin:80 - create IPUIPlugin
2025-07-22 22:40:19,541 [INFO] IPUIPlugin:80 - create IPUIPlugin
2025-07-22 22:40:19,542 [INFO] IPUIPlugin:80 - create IPUIPlugin
2025-07-22 22:40:19,542 [INFO] IPUIPlugin:80 - create IPUIPlugin
2025-07-22 22:40:19,542 [INFO] IPUIPlugin:80 - create IPUIPlugin
2025-07-22 22:40:19,543 [INFO] IPUIPlugin:80 - create IPUIPlugin
2025-07-22 22:40:19,543 [INFO] IPUIPlugin:80 - create IPUIPlugin
2025-07-22 22:40:19,544 [INFO] IPUIPlugin:80 - create IPUIPlugin
2025-07-22 22:40:19,544 [INFO] IPUIPlugin:80 - create IPUIPlugin
2025-07-22 22:40:19,544 [INFO] IPUIPlugin:80 - create IPUIPlugin
2025-07-22 22:40:19,544 [INFO] IPUIPlugin:80 - create IPUIPlugin
2025-07-22 22:40:19,545 [INFO] IPUIPlugin:80 - create IPUIPlugin
2025-07-22 22:40:19,545 [INFO] IPUIPlugin:80 - create IPUIPlugin
2025-07-22 22:40:19,545 [INFO] IPUIPlugin:80 - create IPUIPlugin
2025-07-22 22:40:19,546 [INFO] IPUIPlugin:80 - create IPUIPlugin
2025-07-22 22:40:19,546 [INFO] IPUIPlugin:80 - create IPUIPlugin
2025-07-22 22:40:19,546 [INFO] IPUIPlugin:80 - create IPUIPlugin
2025-07-22 22:40:19,546 [INFO] IPUIPlugin:80 - create IPUIPlugin
2025-07-22 22:40:19,547 [INFO] IPUIPlugin:80 - create IPUIPlugin
2025-07-22 22:40:19,547 [INFO] IPUIPlugin:80 - create IPUIPlugin
2025-07-22 22:40:19,547 [INFO] IPUIPlugin:80 - create IPUIPlugin
2025-07-22 22:40:19,547 [INFO] IPUIPlugin:80 - create IPUIPlugin
2025-07-22 22:40:19,548 [INFO] IPUIPlugin:80 - create IPUIPlugin
2025-07-22 22:40:19,548 [INFO] IPUIPlugin:80 - create IPUIPlugin
2025-07-22 22:40:19,548 [INFO] IPUIPlugin:80 - create IPUIPlugin
2025-07-22 22:40:19,549 [INFO] IPUIPlugin:80 - create IPUIPlugin
2025-07-22 22:40:19,549 [INFO] IPUIPlugin:80 - create IPUIPlugin
2025-07-22 22:40:19,549 [INFO] IPUIPlugin:80 - create IPUIPlugin
2025-07-22 22:40:19,550 [INFO] IPUIPlugin:80 - create IPUIPlugin
2025-07-22 22:40:19,550 [INFO] IPUIPlugin:80 - create IPUIPlugin
2025-07-22 22:40:19,550 [INFO] IPUIPlugin:80 - create IPUIPlugin
2025-07-22 22:40:19,551 [INFO] IPUIPlugin:80 - create IPUIPlugin
2025-07-22 22:40:19,551 [INFO] IPUIPlugin:80 - create IPUIPlugin
2025-07-22 22:40:19,552 [INFO] IPUIPlugin:80 - create IPUIPlugin
2025-07-22 22:40:19,552 [INFO] IPUIPlugin:80 - create IPUIPlugin
2025-07-22 22:40:19,553 [INFO] IPUIPlugin:80 - create IPUIPlugin
2025-07-22 22:40:19,553 [INFO] IPUIPlugin:80 - create IPUIPlugin
2025-07-22 22:40:19,553 [INFO] IPUIPlugin:80 - create IPUIPlugin
2025-07-22 22:40:19,554 [INFO] IPUIPlugin:80 - create IPUIPlugin
2025-07-22 22:40:19,554 [INFO] IPUIPlugin:80 - create IPUIPlugin
2025-07-22 22:40:19,555 [INFO] IPUIPlugin:80 - create IPUIPlugin
2025-07-22 22:40:19,555 [INFO] IPUIPlugin:80 - create IPUIPlugin
2025-07-22 22:40:19,556 [INFO] IPUIPlugin:80 - create IPUIPlugin
2025-07-22 22:40:19,556 [INFO] IPUIPlugin:80 - create IPUIPlugin
2025-07-22 22:40:19,556 [INFO] IPUIPlugin:80 - create IPUIPlugin
2025-07-22 22:40:19,557 [INFO] IPUIPlugin:80 - create IPUIPlugin
2025-07-22 22:40:19,585 [INFO] ApiDbMcu:508 - Load IP Config File for PDM2PCM
2025-07-22 22:40:19,589 [INFO] ApiDbMcu:508 - Load IP Config File for PDM2PCM
2025-07-22 22:40:19,697 [INFO] CADModel:165 - CPN selected for project levelSTM32H755ZIT6
2025-07-22 22:40:19,697 [INFO] CADModel:114 - Register for checkConnection events
2025-07-22 22:40:19,741 [INFO] OpenFileManager:363 - Restore cursor
2025-07-22 22:40:20,736 [INFO] UtilMem:75 - End SaveConfig() Used Memory: 908640256 Bytes (1073741824)
2025-07-22 22:40:21,898 [INFO] ServerAccessManage:473 - Download File stm32cube_fw_h7_v1110.zip
2025-07-22 22:40:22,581 [ERROR] IocParser:95 - Exception caught: Cannot invoke "java.lang.CharSequence.length()" because "this.text" is null
2025-07-22 22:46:24,189 [INFO] AnalyticsPlugin:368 - Accepted License(s): [FW.H7.1.11.0]
2025-07-22 22:46:24,190 [INFO] FileExtend:240 - Unzip File : stm32cube_fw_h7_v1110.zip
2025-07-22 22:46:24,190 [INFO] FileExtend:255 - Standard Zip Deflate
2025-07-22 22:47:14,563 [INFO] ServerAccessManage:473 - Download File stm32cube_fw_h7_v1112.zip
2025-07-22 22:48:21,639 [INFO] FileExtend:240 - Unzip File : stm32cube_fw_h7_v1112.zip
2025-07-22 22:48:21,639 [INFO] FileExtend:255 - Standard Zip Deflate
2025-07-22 22:48:59,196 [INFO] LoadServerPackagesThread:196 - End of LoadServerPackages Thread
2025-07-22 22:48:59,331 [INFO] ThirdPartyModel:298 - Start build external matchings
2025-07-22 22:48:59,346 [INFO] UtilMem:75 - End SaveConfig() Used Memory: 892381872 Bytes (1073741824)
2025-07-22 22:48:59,713 [INFO] BlockDiagram:2766 - set Specific Code input for plugin: RCC
2025-07-22 22:48:59,714 [INFO] BlockDiagram:2766 - set Specific Code input for plugin: SYS
2025-07-22 22:48:59,714 [INFO] BlockDiagram:2766 - set Specific Code input for plugin: NVIC2
2025-07-22 22:48:59,714 [INFO] BlockDiagram:2766 - set Specific Code input for plugin: SYS_M4
2025-07-22 22:48:59,714 [INFO] BlockDiagram:2766 - set Specific Code input for plugin: NUCLEO-H755ZI-Q
2025-07-22 22:48:59,714 [INFO] BlockDiagram:2766 - set Specific Code input for plugin: NVIC1
2025-07-22 22:48:59,715 [INFO] CodeGenerator:807 - code generatio: config db path: C:\ST\STM32CubeIDE_1.16.1\STM32CubeIDE\plugins\com.st.stm32cube.common.mx_6.12.1.202409122256\\db\
2025-07-22 22:48:59,776 [INFO] CodeGenerator:1531 - *******************Project context M7 selected
2025-07-22 22:48:59,889 [INFO] CodeEngine:255 - oldGeneratedFile, C:\Users\nicks\STM32CubeIDE\workspace_1.19.0\AFR\AFR_SENSORS\MXTmpFiles\license.tmp_save
2025-07-22 22:48:59,998 [INFO] ThirdPartyModel:316 - End build external matchings
2025-07-22 22:49:00,004 [INFO] ThirdPartyModel:298 - Start build external matchings
2025-07-22 22:49:00,138 [INFO] CodeEngine:279 - Generated code: C:\Users\nicks\STM32CubeIDE\workspace_1.19.0\AFR\AFR_SENSORS\MXTmpFiles\license.tmp
2025-07-22 22:49:00,272 [WARN] IPConfigManager:98 - WARNING: Missing Config File for NVIC1 ip!!
2025-07-22 22:49:00,302 [INFO] CodeEngine:255 - oldGeneratedFile, C:\Users\nicks\STM32CubeIDE\workspace_1.19.0\AFR\AFR_SENSORS\CM7\MXTmpFiles\cortex.tmp_save
2025-07-22 22:49:00,433 [INFO] CodeEngine:279 - Generated code: C:\Users\nicks\STM32CubeIDE\workspace_1.19.0\AFR\AFR_SENSORS\CM7\MXTmpFiles\cortex.tmp
2025-07-22 22:49:00,464 [INFO] CodeEngine:255 - oldGeneratedFile, C:\Users\nicks\STM32CubeIDE\workspace_1.19.0\AFR\AFR_SENSORS\CM7\Core\Inc\stm32h7xx_nucleo_conf.h_save
2025-07-22 22:49:00,570 [INFO] CodeEngine:279 - Generated code: C:\Users\nicks\STM32CubeIDE\workspace_1.19.0\AFR\AFR_SENSORS\CM7\Core\Inc\stm32h7xx_nucleo_conf.h
2025-07-22 22:49:00,585 [INFO] CodeEngine:255 - oldGeneratedFile, C:\Users\nicks\STM32CubeIDE\workspace_1.19.0\AFR\AFR_SENSORS\CM7\MXTmpFiles\bsp_inc.tmp_save
2025-07-22 22:49:00,670 [INFO] CodeEngine:279 - Generated code: C:\Users\nicks\STM32CubeIDE\workspace_1.19.0\AFR\AFR_SENSORS\CM7\MXTmpFiles\bsp_inc.tmp
2025-07-22 22:49:00,680 [INFO] CodeEngine:255 - oldGeneratedFile, C:\Users\nicks\STM32CubeIDE\workspace_1.19.0\AFR\AFR_SENSORS\CM7\MXTmpFiles\bsp_common_vars.tmp_save
2025-07-22 22:49:00,716 [INFO] ThirdPartyModel:316 - End build external matchings
2025-07-22 22:49:00,720 [INFO] CheckServerUpdateThread:120 - End of CheckServer Thread
2025-07-22 22:49:00,743 [INFO] CodeEngine:279 - Generated code: C:\Users\nicks\STM32CubeIDE\workspace_1.19.0\AFR\AFR_SENSORS\CM7\MXTmpFiles\bsp_common_vars.tmp
2025-07-22 22:49:00,752 [INFO] CodeEngine:255 - oldGeneratedFile, C:\Users\nicks\STM32CubeIDE\workspace_1.19.0\AFR\AFR_SENSORS\CM7\MXTmpFiles\bsp_common_init.tmp_save
2025-07-22 22:49:00,812 [INFO] CodeEngine:279 - Generated code: C:\Users\nicks\STM32CubeIDE\workspace_1.19.0\AFR\AFR_SENSORS\CM7\MXTmpFiles\bsp_common_init.tmp
2025-07-22 22:49:00,822 [INFO] CodeEngine:255 - oldGeneratedFile, C:\Users\nicks\STM32CubeIDE\workspace_1.19.0\AFR\AFR_SENSORS\CM7\MXTmpFiles\bsp_common_demo_before_while.tmp_save
2025-07-22 22:49:00,881 [INFO] CodeEngine:279 - Generated code: C:\Users\nicks\STM32CubeIDE\workspace_1.19.0\AFR\AFR_SENSORS\CM7\MXTmpFiles\bsp_common_demo_before_while.tmp
2025-07-22 22:49:00,891 [INFO] CodeEngine:255 - oldGeneratedFile, C:\Users\nicks\STM32CubeIDE\workspace_1.19.0\AFR\AFR_SENSORS\CM7\MXTmpFiles\bsp_common_demo_inside_while.tmp_save
2025-07-22 22:49:00,943 [INFO] CodeEngine:279 - Generated code: C:\Users\nicks\STM32CubeIDE\workspace_1.19.0\AFR\AFR_SENSORS\CM7\MXTmpFiles\bsp_common_demo_inside_while.tmp
2025-07-22 22:49:00,953 [INFO] CodeEngine:255 - oldGeneratedFile, C:\Users\nicks\STM32CubeIDE\workspace_1.19.0\AFR\AFR_SENSORS\CM7\MXTmpFiles\bsp_common_demo_fct.tmp_save
2025-07-22 22:49:01,006 [INFO] CodeEngine:279 - Generated code: C:\Users\nicks\STM32CubeIDE\workspace_1.19.0\AFR\AFR_SENSORS\CM7\MXTmpFiles\bsp_common_demo_fct.tmp
2025-07-22 22:49:01,030 [INFO] CodeEngine:255 - oldGeneratedFile, C:\Users\nicks\STM32CubeIDE\workspace_1.19.0\AFR\AFR_SENSORS\CM7\Core\Src\stm32h7xx_it.c_save
2025-07-22 22:49:01,097 [ERROR] IocParser:95 - Exception caught: Cannot invoke "java.lang.CharSequence.length()" because "this.text" is null
2025-07-22 22:49:01,126 [INFO] CodeEngine:279 - Generated code: C:\Users\nicks\STM32CubeIDE\workspace_1.19.0\AFR\AFR_SENSORS\CM7\Core\Src\stm32h7xx_it.c
2025-07-22 22:49:01,136 [INFO] CodeEngine:255 - oldGeneratedFile, C:\Users\nicks\STM32CubeIDE\workspace_1.19.0\AFR\AFR_SENSORS\CM7\Core\Inc\stm32h7xx_it.h_save
2025-07-22 22:49:01,206 [INFO] CodeEngine:279 - Generated code: C:\Users\nicks\STM32CubeIDE\workspace_1.19.0\AFR\AFR_SENSORS\CM7\Core\Inc\stm32h7xx_it.h
2025-07-22 22:49:01,252 [INFO] CodeEngine:255 - oldGeneratedFile, C:\Users\nicks\STM32CubeIDE\workspace_1.19.0\AFR\AFR_SENSORS\CM7\Core\Src\stm32h7xx_hal_msp.c_save
2025-07-22 22:49:01,360 [INFO] CodeEngine:279 - Generated code: C:\Users\nicks\STM32CubeIDE\workspace_1.19.0\AFR\AFR_SENSORS\CM7\Core\Src\stm32h7xx_hal_msp.c
2025-07-22 22:49:01,369 [INFO] CodeEngine:255 - oldGeneratedFile, C:\Users\nicks\STM32CubeIDE\workspace_1.19.0\AFR\AFR_SENSORS\CM7\MXTmpFiles\system.tmp_save
2025-07-22 22:49:01,430 [INFO] CodeEngine:279 - Generated code: C:\Users\nicks\STM32CubeIDE\workspace_1.19.0\AFR\AFR_SENSORS\CM7\MXTmpFiles\system.tmp
2025-07-22 22:49:01,446 [INFO] CodeEngine:311 - oldGeneratedFile, C:\Users\nicks\STM32CubeIDE\workspace_1.19.0\AFR\AFR_SENSORS\CM7\Core\Inc\stm32h7xx_hal_conf.h_save
2025-07-22 22:49:01,531 [INFO] CodeEngine:335 - Generated code: C:\Users\nicks\STM32CubeIDE\workspace_1.19.0\AFR\AFR_SENSORS\CM7\Core\Inc\stm32h7xx_hal_conf.h
2025-07-22 22:49:01,570 [WARN] IPConfigManager:3554 - IP not found : NVIC
2025-07-22 22:49:01,572 [WARN] CodeGenerator:4002 - IP not found : null
2025-07-22 22:49:01,586 [INFO] CodeEngine:255 - oldGeneratedFile, C:\Users\nicks\STM32CubeIDE\workspace_1.19.0\AFR\AFR_SENSORS\CM7\Core\Inc\main.h_save
2025-07-22 22:49:01,680 [INFO] CodeEngine:279 - Generated code: C:\Users\nicks\STM32CubeIDE\workspace_1.19.0\AFR\AFR_SENSORS\CM7\Core\Inc\main.h
2025-07-22 22:49:01,691 [INFO] CodeEngine:255 - oldGeneratedFile, C:\Users\nicks\STM32CubeIDE\workspace_1.19.0\AFR\AFR_SENSORS\CM7\Core\Src\main.c_save
2025-07-22 22:49:01,798 [INFO] CodeEngine:279 - Generated code: C:\Users\nicks\STM32CubeIDE\workspace_1.19.0\AFR\AFR_SENSORS\CM7\Core\Src\main.c
2025-07-22 22:49:01,833 [INFO] CodeGenerator:1531 - *******************Project context M4 selected
2025-07-22 22:49:01,880 [INFO] CodeEngine:255 - oldGeneratedFile, C:\Users\nicks\STM32CubeIDE\workspace_1.19.0\AFR\AFR_SENSORS\MXTmpFiles\license.tmp_save
2025-07-22 22:49:01,939 [INFO] CodeEngine:279 - Generated code: C:\Users\nicks\STM32CubeIDE\workspace_1.19.0\AFR\AFR_SENSORS\MXTmpFiles\license.tmp
2025-07-22 22:49:01,959 [WARN] IPConfigManager:98 - WARNING: Missing Config File for NVIC2 ip!!
2025-07-22 22:49:01,970 [INFO] CodeEngine:255 - oldGeneratedFile, C:\Users\nicks\STM32CubeIDE\workspace_1.19.0\AFR\AFR_SENSORS\CM4\MXTmpFiles\cortex.tmp_save
2025-07-22 22:49:02,031 [INFO] CodeEngine:279 - Generated code: C:\Users\nicks\STM32CubeIDE\workspace_1.19.0\AFR\AFR_SENSORS\CM4\MXTmpFiles\cortex.tmp
2025-07-22 22:49:02,039 [INFO] CodeEngine:255 - oldGeneratedFile, C:\Users\nicks\STM32CubeIDE\workspace_1.19.0\AFR\AFR_SENSORS\CM4\Core\Inc\stm32h7xx_nucleo_conf.h_save
2025-07-22 22:49:02,098 [INFO] CodeEngine:279 - Generated code: C:\Users\nicks\STM32CubeIDE\workspace_1.19.0\AFR\AFR_SENSORS\CM4\Core\Inc\stm32h7xx_nucleo_conf.h
2025-07-22 22:49:02,102 [INFO] CodeEngine:255 - oldGeneratedFile, C:\Users\nicks\STM32CubeIDE\workspace_1.19.0\AFR\AFR_SENSORS\CM4\MXTmpFiles\bsp_inc.tmp_save
2025-07-22 22:49:02,144 [INFO] CodeEngine:279 - Generated code: C:\Users\nicks\STM32CubeIDE\workspace_1.19.0\AFR\AFR_SENSORS\CM4\MXTmpFiles\bsp_inc.tmp
2025-07-22 22:49:02,179 [INFO] CodeEngine:255 - oldGeneratedFile, C:\Users\nicks\STM32CubeIDE\workspace_1.19.0\AFR\AFR_SENSORS\CM4\Core\Src\stm32h7xx_it.c_save
2025-07-22 22:49:02,267 [INFO] CodeEngine:279 - Generated code: C:\Users\nicks\STM32CubeIDE\workspace_1.19.0\AFR\AFR_SENSORS\CM4\Core\Src\stm32h7xx_it.c
2025-07-22 22:49:02,271 [INFO] CodeEngine:255 - oldGeneratedFile, C:\Users\nicks\STM32CubeIDE\workspace_1.19.0\AFR\AFR_SENSORS\CM4\Core\Inc\stm32h7xx_it.h_save
2025-07-22 22:49:02,328 [INFO] CodeEngine:279 - Generated code: C:\Users\nicks\STM32CubeIDE\workspace_1.19.0\AFR\AFR_SENSORS\CM4\Core\Inc\stm32h7xx_it.h
2025-07-22 22:49:02,348 [INFO] CodeEngine:255 - oldGeneratedFile, C:\Users\nicks\STM32CubeIDE\workspace_1.19.0\AFR\AFR_SENSORS\CM4\Core\Src\stm32h7xx_hal_msp.c_save
2025-07-22 22:49:02,414 [INFO] CodeEngine:279 - Generated code: C:\Users\nicks\STM32CubeIDE\workspace_1.19.0\AFR\AFR_SENSORS\CM4\Core\Src\stm32h7xx_hal_msp.c
2025-07-22 22:49:02,417 [INFO] CodeEngine:255 - oldGeneratedFile, C:\Users\nicks\STM32CubeIDE\workspace_1.19.0\AFR\AFR_SENSORS\CM4\MXTmpFiles\system.tmp_save
2025-07-22 22:49:02,460 [INFO] CodeEngine:279 - Generated code: C:\Users\nicks\STM32CubeIDE\workspace_1.19.0\AFR\AFR_SENSORS\CM4\MXTmpFiles\system.tmp
2025-07-22 22:49:02,468 [INFO] CodeEngine:311 - oldGeneratedFile, C:\Users\nicks\STM32CubeIDE\workspace_1.19.0\AFR\AFR_SENSORS\CM4\Core\Inc\stm32h7xx_hal_conf.h_save
2025-07-22 22:49:02,550 [INFO] CodeEngine:335 - Generated code: C:\Users\nicks\STM32CubeIDE\workspace_1.19.0\AFR\AFR_SENSORS\CM4\Core\Inc\stm32h7xx_hal_conf.h
2025-07-22 22:49:02,567 [WARN] IPConfigManager:3554 - IP not found : NVIC
2025-07-22 22:49:02,568 [WARN] CodeGenerator:4002 - IP not found : null
2025-07-22 22:49:02,574 [INFO] CodeEngine:255 - oldGeneratedFile, C:\Users\nicks\STM32CubeIDE\workspace_1.19.0\AFR\AFR_SENSORS\CM4\Core\Inc\main.h_save
2025-07-22 22:49:02,634 [INFO] CodeEngine:279 - Generated code: C:\Users\nicks\STM32CubeIDE\workspace_1.19.0\AFR\AFR_SENSORS\CM4\Core\Inc\main.h
2025-07-22 22:49:02,638 [INFO] CodeEngine:255 - oldGeneratedFile, C:\Users\nicks\STM32CubeIDE\workspace_1.19.0\AFR\AFR_SENSORS\CM4\Core\Src\main.c_save
2025-07-22 22:49:02,720 [INFO] CodeEngine:279 - Generated code: C:\Users\nicks\STM32CubeIDE\workspace_1.19.0\AFR\AFR_SENSORS\CM4\Core\Src\main.c
2025-07-22 22:49:03,034 [INFO] ProjectBuilder:3249 - Time for Copy HAL[1] : 159mS.
2025-07-22 22:49:03,054 [INFO] ProjectBuilder:4828 - Project Generator version: 4.5.0-B34
2025-07-22 22:49:03,121 [INFO] ConfigFileManager:1531 - The Die is : DIE450
2025-07-22 22:49:04,054 [INFO] LogOutputStream:77 - [STDOUT_REDIRECT] 
2025-07-22 22:49:07,702 [INFO] ProjectBuilder:5097 - Time for Generating toolchain IDE Files: 4647mS.
2025-07-22 22:49:07,702 [INFO] ProjectBuilder:3107 - Time for Copy CMSIS : 0mS.
2025-07-22 22:49:07,704 [INFO] ProjectBuilder:3107 - Time for Copy CMSIS : 0mS.
2025-07-22 22:49:08,165 [INFO] McuFinderGlobals:76 - Set McuFinderConnectedMode to true
2025-07-22 22:49:08,168 [INFO] ApiDb:448 - Save user favorites file C:\Users\nicks/.stm32cubeide/favorites.mcus.txt: 0 item(s)
2025-07-22 22:49:08,168 [INFO] ApiDb:452 - User favorites MCUs=[]
2025-07-22 22:49:08,169 [INFO] ApiDb:448 - Save user favorites file C:\Users\nicks/.stm32cubeide/favorites.boards.txt: 0 item(s)
2025-07-22 22:49:08,169 [INFO] ApiDb:452 - User favorites Boards=[]
2025-07-22 23:00:21,774 [INFO] Activator:176 - 


2025-07-22 23:00:21,775 [INFO] Activator:177 - !SESSION log4j initialized
2025-07-22 23:00:23,956 [INFO] ApplicationProperties:184 - Using Application install path: C:\ST\STM32CubeIDE_1.16.1\STM32CubeIDE\plugins\com.st.stm32cube.common.mx_6.12.1.202409122256
2025-07-22 23:00:23,969 [INFO] DbMcusXml:78 - Set database path to: C:\ST\STM32CubeIDE_1.16.1\STM32CubeIDE\plugins\com.st.stm32cube.common.mx_6.12.1.202409122256\\db\/mcu/
2025-07-22 23:00:23,969 [INFO] ApiDb:274 - Set plugin database path to: C:\ST\STM32CubeIDE_1.16.1\STM32CubeIDE\plugins\com.st.stm32cube.common.mx_6.12.1.202409122256\\db\/plugins/boardmanager/
2025-07-22 23:00:23,969 [WARN] ApiDb:259 - Overriding images path with different value:  => C:\ST\STM32CubeIDE_1.16.1\STM32CubeIDE\plugins\com.st.stm32cube.common.mx_6.12.1.202409122256\\db\/plugins/mcufinder/images/
2025-07-22 23:00:23,975 [INFO] ApiDb:250 - Set database path to: C:\Users\nicks\.stmcufinder\plugins\mcufinder//mcu/
2025-07-22 23:00:23,976 [INFO] DbMcusAds:125 - Set database path to: C:\Users\nicks\.stmcufinder\plugins\mcufinder//mcu/
2025-07-22 23:00:23,991 [INFO] CrossReferenceDbSqlite:203 - Set database path to: C:\Users\nicks\.stmcufinder\plugins\mcufinder//mcu/cs/
2025-07-22 23:00:24,066 [INFO] RulesReader:64 - Compatibility file has been processed (297 Rules)
2025-07-22 23:00:24,128 [INFO] DbMcusXml:78 - Set database path to: C:\ST\STM32CubeIDE_1.16.1\STM32CubeIDE\plugins\com.st.stm32cube.common.mx_6.12.1.202409122256\\db\/mcu/
2025-07-22 23:00:24,128 [INFO] ApiDb:274 - Set plugin database path to: C:\ST\STM32CubeIDE_1.16.1\STM32CubeIDE\plugins\com.st.stm32cube.common.mx_6.12.1.202409122256\\db\/plugins/boardmanager/
2025-07-22 23:00:24,128 [INFO] ApiDb:261 - Set plugin images path to: C:\ST\STM32CubeIDE_1.16.1\STM32CubeIDE\plugins\com.st.stm32cube.common.mx_6.12.1.202409122256\\db\/plugins/mcufinder/images/
2025-07-22 23:00:24,128 [WARN] DbFile:41 - Overriding database path with different value: C:\Users\nicks\.stmcufinder\plugins\mcufinder/ => C:\Users\nicks\.stmcufinder\plugins\mcufinder
2025-07-22 23:00:24,128 [INFO] ApiDb:250 - Set database path to: C:\Users\nicks\.stmcufinder\plugins\mcufinder//mcu/
2025-07-22 23:00:24,128 [WARN] DbFile:41 - Overriding database path with different value: C:\Users\nicks\.stmcufinder\plugins\mcufinder/ => C:\Users\nicks\.stmcufinder\plugins\mcufinder
2025-07-22 23:00:24,128 [INFO] DbMcusAds:125 - Set database path to: C:\Users\nicks\.stmcufinder\plugins\mcufinder//mcu/
2025-07-22 23:00:24,128 [WARN] DbFile:41 - Overriding database path with different value: C:\Users\nicks\.stmcufinder\plugins\mcufinder/ => C:\Users\nicks\.stmcufinder\plugins\mcufinder
2025-07-22 23:00:24,128 [WARN] DbFile:41 - Overriding database path with different value: C:\Users\nicks\.stmcufinder\plugins\mcufinder/ => C:\Users\nicks\.stmcufinder\plugins\mcufinder
2025-07-22 23:00:24,129 [INFO] CrossReferenceDbSqlite:203 - Set database path to: C:\Users\nicks\.stmcufinder\plugins\mcufinder//mcu/cs/
2025-07-22 23:00:24,193 [INFO] MainPanel:268 - HeapMemory: 268435456
2025-07-22 23:00:24,294 [INFO] DbMcusXml:78 - Set database path to: C:\ST\STM32CubeIDE_1.16.1\STM32CubeIDE\plugins\com.st.stm32cube.common.mx_6.12.1.202409122256\\db\/mcu/
2025-07-22 23:00:24,294 [INFO] ApiDb:274 - Set plugin database path to: C:\ST\STM32CubeIDE_1.16.1\STM32CubeIDE\plugins\com.st.stm32cube.common.mx_6.12.1.202409122256\\db\/plugins/boardmanager/
2025-07-22 23:00:24,294 [INFO] ApiDb:261 - Set plugin images path to: C:\ST\STM32CubeIDE_1.16.1\STM32CubeIDE\plugins\com.st.stm32cube.common.mx_6.12.1.202409122256\\db\/plugins/mcufinder/images/
2025-07-22 23:00:24,295 [WARN] DbFile:41 - Overriding database path with different value: C:\Users\nicks\.stmcufinder\plugins\mcufinder/ => C:\Users\nicks\.stmcufinder\plugins\mcufinder
2025-07-22 23:00:24,295 [INFO] ApiDb:250 - Set database path to: C:\Users\nicks\.stmcufinder\plugins\mcufinder//mcu/
2025-07-22 23:00:24,295 [WARN] DbFile:41 - Overriding database path with different value: C:\Users\nicks\.stmcufinder\plugins\mcufinder/ => C:\Users\nicks\.stmcufinder\plugins\mcufinder
2025-07-22 23:00:24,295 [INFO] DbMcusAds:125 - Set database path to: C:\Users\nicks\.stmcufinder\plugins\mcufinder//mcu/
2025-07-22 23:00:24,295 [WARN] DbFile:41 - Overriding database path with different value: C:\Users\nicks\.stmcufinder\plugins\mcufinder/ => C:\Users\nicks\.stmcufinder\plugins\mcufinder
2025-07-22 23:00:24,295 [WARN] DbFile:41 - Overriding database path with different value: C:\Users\nicks\.stmcufinder\plugins\mcufinder/ => C:\Users\nicks\.stmcufinder\plugins\mcufinder
2025-07-22 23:00:24,295 [INFO] CrossReferenceDbSqlite:203 - Set database path to: C:\Users\nicks\.stmcufinder\plugins\mcufinder//mcu/cs/
2025-07-22 23:00:24,307 [INFO] ApplicationProperties:184 - Using Application install path: C:\ST\STM32CubeIDE_1.16.1\STM32CubeIDE\plugins\com.st.stm32cube.common.mx_6.12.1.202409122256
2025-07-22 23:00:24,308 [INFO] PluginManage:196 - Search for loadable plugins [exclusion list=, ]
2025-07-22 23:00:24,308 [INFO] PluginManage:310 - Check plugin analytics
2025-07-22 23:00:24,520 [INFO] AnalyticsPlugin:253 - Accepted Software Licenses: 
2025-07-22 23:00:24,520 [INFO] AnalyticsPlugin:255 - Accepted CMSIS Pack Licenses: 
2025-07-22 23:00:24,520 [INFO] AnalyticsPlugin:257 - Accepted Firmware Licenses: FW.F4.1.28.0,FW.H7.1.12.0,FW.H7.1.11.0
2025-07-22 23:00:24,522 [INFO] PluginManage:359 - Loaded plugin analytics (category:tool,tabindex:-1)
2025-07-22 23:00:24,522 [INFO] PluginManage:310 - Check plugin cadmodel
2025-07-22 23:00:24,539 [INFO] CADModel:105 - Init CAD model plugin
2025-07-22 23:00:24,539 [INFO] PluginManage:359 - Loaded plugin cadmodel (category:power,tabindex:5)
2025-07-22 23:00:24,539 [INFO] PluginManage:310 - Check plugin clock
2025-07-22 23:00:24,559 [INFO] PluginManage:359 - Loaded plugin clock (category:base,tabindex:2)
2025-07-22 23:00:24,559 [INFO] PluginManage:310 - Check plugin ddr
2025-07-22 23:00:24,561 [INFO] PluginManage:359 - Loaded plugin ddr (category:tool,tabindex:6)
2025-07-22 23:00:24,561 [INFO] PluginManage:310 - Check plugin filemanager
2025-07-22 23:00:24,673 [INFO] PluginManage:359 - Loaded plugin filemanager (category:base,tabindex:10)
2025-07-22 23:00:24,673 [INFO] PluginManage:310 - Check plugin ipmanager
2025-07-22 23:00:24,679 [INFO] PluginManage:359 - Loaded plugin ipmanager (category:base,tabindex:5)
2025-07-22 23:00:24,679 [INFO] PluginManage:310 - Check plugin lpbam
2025-07-22 23:00:24,695 [INFO] PluginManage:359 - Loaded plugin lpbam (category:base,tabindex:0)
2025-07-22 23:00:24,695 [INFO] PluginManage:310 - Check plugin memorymap
2025-07-22 23:00:24,713 [INFO] PluginManage:359 - Loaded plugin memorymap (category:base,tabindex:4)
2025-07-22 23:00:24,713 [INFO] PluginManage:310 - Check plugin pinoutandconfiguration
2025-07-22 23:00:24,727 [INFO] PluginManage:359 - Loaded plugin pinoutandconfiguration (category:base,tabindex:1)
2025-07-22 23:00:24,727 [INFO] PluginManage:310 - Check plugin pinoutconfig
2025-07-22 23:00:24,795 [WARN] SupportedApi:132 - Cannot load RTOS API schema: s4s-elt-must-match.1: The content of 'definitions' must match (annotation?, (simpleType | complexType)?, (unique | key | keyref)*)). A problem was found starting at: attribute.
2025-07-22 23:00:24,896 [INFO] PluginManage:359 - Loaded plugin pinoutconfig (category:base,tabindex:0)
2025-07-22 23:00:24,896 [INFO] PluginManage:310 - Check plugin power
2025-07-22 23:00:24,915 [INFO] PluginManage:359 - Loaded plugin power (category:power,tabindex:4)
2025-07-22 23:00:24,915 [INFO] PluginManage:310 - Check plugin projectmanager
2025-07-22 23:00:24,926 [INFO] PluginManage:359 - Loaded plugin projectmanager (category:projectmanager,tabindex:4)
2025-07-22 23:00:24,926 [INFO] PluginManage:310 - Check plugin rif
2025-07-22 23:00:24,941 [INFO] PluginManage:359 - Loaded plugin rif (category:base,tabindex:3)
2025-07-22 23:00:24,941 [INFO] PluginManage:310 - Check plugin thirdparty
2025-07-22 23:00:25,157 [INFO] PluginManage:359 - Loaded plugin thirdparty (category:base,tabindex:-1)
2025-07-22 23:00:25,157 [INFO] PluginManage:310 - Check plugin tools
2025-07-22 23:00:25,157 [WARN] IntegrityCheckThread:84 - waiting for thirdparty lock release [integrity check]
2025-07-22 23:00:25,157 [INFO] IntegrityCheckThread:86 - entering critical section [integrity check]
2025-07-22 23:00:25,157 [INFO] ThirdPartyUpdaterWithRetryManager:70 - Updater plugin not ready yet. [1/15]
2025-07-22 23:00:25,186 [INFO] PluginManage:359 - Loaded plugin tools (category:base,tabindex:7)
2025-07-22 23:00:25,186 [INFO] PluginManage:310 - Check plugin tutovideos
2025-07-22 23:00:25,330 [INFO] PluginManage:359 - Loaded plugin tutovideos (category:base,tabindex:-1)
2025-07-22 23:00:25,330 [INFO] PluginManage:310 - Check plugin updater
2025-07-22 23:00:25,343 [INFO] PluginManage:359 - Loaded plugin updater (category:base,tabindex:12)
2025-07-22 23:00:25,343 [INFO] PluginManage:310 - Check plugin userauth
2025-07-22 23:00:25,347 [INFO] UserAuth:113 - Init User Auth plugin
2025-07-22 23:00:25,347 [INFO] PluginManage:359 - Loaded plugin userauth (category:base,tabindex:14)
2025-07-22 23:00:25,347 [INFO] PluginManage:283 - PluginManage : Loaded plugins [18]
2025-07-22 23:00:25,519 [INFO] PinOutPanel:1561 - setPackage(No Configuration,No Configuration)
2025-07-22 23:00:25,581 [INFO] CADModel:165 - CPN selected for project level
2025-07-22 23:00:25,581 [INFO] CADModel:114 - Register for checkConnection events
2025-07-22 23:00:25,604 [INFO] IPUIPlugin:80 - create IPUIPlugin
2025-07-22 23:00:25,604 [INFO] PluginManager:220 - loadIPPluginJar : add adc
2025-07-22 23:00:25,638 [INFO] IPUIPlugin:80 - create IPUIPlugin
2025-07-22 23:00:25,639 [INFO] PluginManager:220 - loadIPPluginJar : add aes
2025-07-22 23:00:25,671 [INFO] IPUIPlugin:80 - create IPUIPlugin
2025-07-22 23:00:25,671 [INFO] PluginManager:220 - loadIPPluginJar : add can
2025-07-22 23:00:25,691 [INFO] IPUIPlugin:80 - create IPUIPlugin
2025-07-22 23:00:25,691 [INFO] PluginManager:220 - loadIPPluginJar : add comp
2025-07-22 23:00:25,717 [INFO] IPUIPlugin:80 - create IPUIPlugin
2025-07-22 23:00:25,717 [INFO] PluginManager:220 - loadIPPluginJar : add cryp
2025-07-22 23:00:25,728 [INFO] IPUIPlugin:80 - create IPUIPlugin
2025-07-22 23:00:25,728 [INFO] PluginManager:220 - loadIPPluginJar : add ddr_ctrl_phy
2025-07-22 23:00:25,754 [INFO] IPUIPlugin:80 - create IPUIPlugin
2025-07-22 23:00:25,754 [INFO] PluginManager:220 - loadIPPluginJar : add dfsdm
2025-07-22 23:00:25,767 [INFO] IPUIPlugin:80 - create IPUIPlugin
2025-07-22 23:00:25,767 [INFO] PluginManager:220 - loadIPPluginJar : add dma
2025-07-22 23:00:25,806 [INFO] IPUIPlugin:80 - create IPUIPlugin
2025-07-22 23:00:25,807 [INFO] PluginManager:220 - loadIPPluginJar : add dma3
2025-07-22 23:00:25,844 [INFO] IPUIPlugin:80 - create IPUIPlugin
2025-07-22 23:00:25,844 [INFO] PluginManager:220 - loadIPPluginJar : add extmemmanager
2025-07-22 23:00:25,860 [INFO] IPUIPlugin:80 - create IPUIPlugin
2025-07-22 23:00:25,860 [INFO] PluginManager:220 - loadIPPluginJar : add fatfs
2025-07-22 23:00:25,896 [INFO] IPUIPlugin:80 - create IPUIPlugin
2025-07-22 23:00:25,896 [INFO] PluginManager:220 - loadIPPluginJar : add fmc
2025-07-22 23:00:25,909 [INFO] IPUIPlugin:80 - create IPUIPlugin
2025-07-22 23:00:25,909 [INFO] PluginManager:220 - loadIPPluginJar : add freertos
2025-07-22 23:00:25,925 [INFO] IPUIPlugin:80 - create IPUIPlugin
2025-07-22 23:00:25,925 [INFO] PluginManager:220 - loadIPPluginJar : add genericplugin
2025-07-22 23:00:25,998 [INFO] IPUIPlugin:80 - create IPUIPlugin
2025-07-22 23:00:25,998 [INFO] PluginManager:220 - loadIPPluginJar : add gfxmmu
2025-07-22 23:00:26,107 [INFO] IPUIPlugin:80 - create IPUIPlugin
2025-07-22 23:00:26,107 [INFO] PluginManager:220 - loadIPPluginJar : add gic
2025-07-22 23:00:26,119 [INFO] IPUIPlugin:80 - create IPUIPlugin
2025-07-22 23:00:26,119 [INFO] PluginManager:220 - loadIPPluginJar : add gpio
2025-07-22 23:00:26,191 [INFO] IPUIPlugin:80 - create IPUIPlugin
2025-07-22 23:00:26,191 [INFO] PluginManager:220 - loadIPPluginJar : add gtzc
2025-07-22 23:00:26,217 [INFO] IPUIPlugin:80 - create IPUIPlugin
2025-07-22 23:00:26,217 [INFO] PluginManager:220 - loadIPPluginJar : add hash
2025-07-22 23:00:26,258 [INFO] IPUIPlugin:80 - create IPUIPlugin
2025-07-22 23:00:26,258 [INFO] PluginManager:220 - loadIPPluginJar : add i2c
2025-07-22 23:00:26,288 [INFO] IPUIPlugin:80 - create IPUIPlugin
2025-07-22 23:00:26,288 [INFO] PluginManager:220 - loadIPPluginJar : add i2s
2025-07-22 23:00:26,323 [INFO] IPUIPlugin:80 - create IPUIPlugin
2025-07-22 23:00:26,323 [INFO] PluginManager:220 - loadIPPluginJar : add i3c
2025-07-22 23:00:26,405 [INFO] IPUIPlugin:80 - create IPUIPlugin
2025-07-22 23:00:26,405 [INFO] PluginManager:220 - loadIPPluginJar : add ipddr
2025-07-22 23:00:26,473 [INFO] IPUIPlugin:80 - create IPUIPlugin
2025-07-22 23:00:26,473 [INFO] PluginManager:220 - loadIPPluginJar : add linkedlist
2025-07-22 23:00:26,500 [INFO] IPUIPlugin:80 - create IPUIPlugin
2025-07-22 23:00:26,500 [INFO] PluginManager:220 - loadIPPluginJar : add lorawan
2025-07-22 23:00:26,528 [INFO] IPUIPlugin:80 - create IPUIPlugin
2025-07-22 23:00:26,528 [INFO] PluginManager:220 - loadIPPluginJar : add ltdc
2025-07-22 23:00:26,538 [INFO] IPUIPlugin:80 - create IPUIPlugin
2025-07-22 23:00:26,538 [INFO] PluginManager:220 - loadIPPluginJar : add mdma
2025-07-22 23:00:26,548 [INFO] IPUIPlugin:80 - create IPUIPlugin
2025-07-22 23:00:26,548 [INFO] PluginManager:220 - loadIPPluginJar : add nvic
2025-07-22 23:00:26,576 [INFO] IPUIPlugin:80 - create IPUIPlugin
2025-07-22 23:00:26,576 [INFO] PluginManager:220 - loadIPPluginJar : add opamp
2025-07-22 23:00:26,623 [INFO] IPUIPlugin:80 - create IPUIPlugin
2025-07-22 23:00:26,623 [INFO] PluginManager:220 - loadIPPluginJar : add openamp
2025-07-22 23:00:26,659 [INFO] IPUIPlugin:80 - create IPUIPlugin
2025-07-22 23:00:26,659 [INFO] PluginManager:220 - loadIPPluginJar : add pdm2pcm
2025-07-22 23:00:26,672 [INFO] IPUIPlugin:80 - create IPUIPlugin
2025-07-22 23:00:26,673 [INFO] PluginManager:220 - loadIPPluginJar : add plateformsettings
2025-07-22 23:00:26,691 [INFO] IPUIPlugin:80 - create IPUIPlugin
2025-07-22 23:00:26,691 [INFO] PluginManager:220 - loadIPPluginJar : add quadspi
2025-07-22 23:00:26,713 [INFO] IPUIPlugin:80 - create IPUIPlugin
2025-07-22 23:00:26,715 [INFO] PluginManager:220 - loadIPPluginJar : add radio
2025-07-22 23:00:26,728 [INFO] IPUIPlugin:80 - create IPUIPlugin
2025-07-22 23:00:26,728 [INFO] PluginManager:220 - loadIPPluginJar : add resmgrutility
2025-07-22 23:00:26,766 [INFO] IPUIPlugin:80 - create IPUIPlugin
2025-07-22 23:00:26,766 [INFO] PluginManager:220 - loadIPPluginJar : add sai
2025-07-22 23:00:26,795 [INFO] IPUIPlugin:80 - create IPUIPlugin
2025-07-22 23:00:26,795 [INFO] PluginManager:220 - loadIPPluginJar : add spi
2025-07-22 23:00:26,849 [INFO] IPUIPlugin:80 - create IPUIPlugin
2025-07-22 23:00:26,849 [INFO] PluginManager:220 - loadIPPluginJar : add stm32_wpan
2025-07-22 23:00:26,868 [INFO] IPUIPlugin:80 - create IPUIPlugin
2025-07-22 23:00:26,868 [INFO] PluginManager:220 - loadIPPluginJar : add tim
2025-07-22 23:00:26,913 [INFO] IPUIPlugin:80 - create IPUIPlugin
2025-07-22 23:00:26,913 [INFO] PluginManager:220 - loadIPPluginJar : add touchsensing
2025-07-22 23:00:26,933 [INFO] IPUIPlugin:80 - create IPUIPlugin
2025-07-22 23:00:26,933 [INFO] PluginManager:220 - loadIPPluginJar : add tracer_emb
2025-07-22 23:00:26,953 [INFO] IPUIPlugin:80 - create IPUIPlugin
2025-07-22 23:00:26,953 [INFO] PluginManager:220 - loadIPPluginJar : add ts
2025-07-22 23:00:26,972 [INFO] IPUIPlugin:80 - create IPUIPlugin
2025-07-22 23:00:26,972 [INFO] PluginManager:220 - loadIPPluginJar : add tsc
2025-07-22 23:00:26,989 [INFO] IPUIPlugin:80 - create IPUIPlugin
2025-07-22 23:00:26,989 [INFO] PluginManager:220 - loadIPPluginJar : add ucpd
2025-07-22 23:00:27,020 [INFO] IPUIPlugin:80 - create IPUIPlugin
2025-07-22 23:00:27,020 [INFO] PluginManager:220 - loadIPPluginJar : add usart
2025-07-22 23:00:27,052 [INFO] IPUIPlugin:80 - create IPUIPlugin
2025-07-22 23:00:27,052 [INFO] PluginManager:220 - loadIPPluginJar : add usbx
2025-07-22 23:00:27,162 [INFO] CADModel:165 - CPN selected for project level
2025-07-22 23:00:27,162 [INFO] CADModel:114 - Register for checkConnection events
2025-07-22 23:00:27,163 [FATAL] Updater:334 - Updater called before beeing initialized
2025-07-22 23:00:27,163 [ERROR] CADModel:125 - Updater not yet initialized, retry later 
2025-07-22 23:00:27,261 [INFO] CADModel:165 - CPN selected for project level
2025-07-22 23:00:27,261 [INFO] CADModel:114 - Register for checkConnection events
2025-07-22 23:00:27,261 [FATAL] Updater:334 - Updater called before beeing initialized
2025-07-22 23:00:27,261 [ERROR] CADModel:125 - Updater not yet initialized, retry later 
2025-07-22 23:00:27,263 [FATAL] Updater:334 - Updater called before beeing initialized
2025-07-22 23:00:27,335 [FATAL] Updater:334 - Updater called before beeing initialized
2025-07-22 23:00:27,345 [INFO] DbMcusAds:53 - JSON generation date=Tue Jul 08 18:14:23 AEST 2025 (1751962463524)
2025-07-22 23:00:27,345 [FATAL] Updater:334 - Updater called before beeing initialized
2025-07-22 23:00:27,376 [WARN] DetailPanel:346 - Failed to get advertising image, set to default
2025-07-22 23:00:27,447 [FATAL] Updater:334 - Updater called before beeing initialized
2025-07-22 23:00:27,448 [FATAL] Updater:334 - Updater called before beeing initialized
2025-07-22 23:00:27,448 [FATAL] Updater:334 - Updater called before beeing initialized
2025-07-22 23:00:27,448 [WARN] DetailPanel:346 - Failed to get advertising image, set to default
2025-07-22 23:00:27,449 [FATAL] Updater:334 - Updater called before beeing initialized
2025-07-22 23:00:27,498 [ERROR] Updater:1164 - MainUpdater not yet initialized. External WinMGr cannot be set.
2025-07-22 23:00:27,507 [INFO] Updater:1100 - Updater Version found : 6.12.1
2025-07-22 23:00:27,521 [INFO] ApplicationProperties:184 - Using Application install path: C:\ST\STM32CubeIDE_1.16.1\STM32CubeIDE\plugins\com.st.stm32cube.common.mx_6.12.1.202409122256
2025-07-22 23:00:27,815 [INFO] MainUpdater:2873 - connection check result : 10
2025-07-22 23:00:27,815 [INFO] MainUpdater:290 - Updater Check For Update Now.
2025-07-22 23:00:27,815 [INFO] MicroXplorer:498 - Change Database Version : DB.6.0.121
2025-07-22 23:00:28,005 [INFO] CheckServerUpdateThread:120 - End of CheckServer Thread
2025-07-22 23:00:28,052 [INFO] MainUpdater:2873 - connection check result : 10
2025-07-22 23:00:28,058 [INFO] MainUpdater:2873 - connection check result : 10
2025-07-22 23:00:28,246 [INFO] RulesReader:64 - Compatibility file has been processed (297 Rules)
2025-07-22 23:00:28,254 [INFO] RulesReader:64 - Compatibility file has been processed (297 Rules)
2025-07-22 23:00:28,258 [INFO] MicroXplorer:468 - Change Database Path : 
2025-07-22 23:00:28,258 [INFO] MicroXplorer:498 - Change Database Version : DB.6.0.121
2025-07-22 23:00:28,267 [WARN] ThirdParty:871 - waiting for thirdparty lock release [close project]
2025-07-22 23:00:28,370 [WARN] PackLoader:240 - Cannot read IP mode file for STMicroelectronics.FP-SNS-MOTENVWB1.1.4.0
2025-07-22 23:00:28,384 [WARN] PackLoader:240 - Cannot read IP mode file for STMicroelectronics.FP-ATR-ASTRA1.2.0.2
2025-07-22 23:00:28,393 [WARN] PackLoader:240 - Cannot read IP mode file for STMicroelectronics.FP-ATR-ASTRA1.2.0.1
2025-07-22 23:00:28,405 [WARN] PackLoader:240 - Cannot read IP mode file for STMicroelectronics.X-CUBE-SMBUS.2.1.0
2025-07-22 23:00:28,417 [WARN] PackLoader:240 - Cannot read IP mode file for STMicroelectronics.X-CUBE-WB05N.1.1.0
2025-07-22 23:00:28,427 [ERROR] Engine:466 - C:\Users\nicks\.stm32cubemx\thirdparties\pdsc\STMicroelectronics.X-CUBE-ST60.1.0.0.pdsc: PDSC version is not supported
2025-07-22 23:00:28,461 [WARN] PackLoader:240 - Cannot read IP mode file for STMicroelectronics.X-CUBE-AZRTOS-F7.1.1.0
2025-07-22 23:00:28,478 [WARN] PackLoader:240 - Cannot read IP mode file for STMicroelectronics.FP-SNS-FLIGHT1.5.0.2
2025-07-22 23:00:28,511 [WARN] PackLoader:240 - Cannot read IP mode file for Infineon.AIROC-Wi-Fi-Bluetooth-STM32.1.7.0
2025-07-22 23:00:28,538 [WARN] PackLoader:240 - Cannot read IP mode file for STMicroelectronics.X-CUBE-AZRTOS-H7.3.4.0
2025-07-22 23:00:28,554 [WARN] PackLoader:240 - Cannot read IP mode file for STMicroelectronics.X-CUBE-DISPLAY.3.0.0
2025-07-22 23:00:28,574 [WARN] PackLoader:240 - Cannot read IP mode file for STMicroelectronics.X-CUBE-NFC10.1.0.0
2025-07-22 23:00:28,590 [WARN] PackLoader:240 - Cannot read IP mode file for STMicroelectronics.X-CUBE-BLEMGR.4.0.0
2025-07-22 23:00:28,605 [WARN] PackLoader:240 - Cannot read IP mode file for emotas.I-CUBE-CANOPEN.1.3.0
2025-07-22 23:00:28,616 [WARN] ConditionMgr:438 - getConditionDescription Invalid condition id : Cortex-A Device cause : null
2025-07-22 23:00:28,629 [WARN] ConditionMgr:1039 - genDependencies : Invalid condition id : Cortex-A Device cause : null
2025-07-22 23:00:28,630 [WARN] ConditionMgr:1039 - genDependencies : Invalid condition id : Cortex-A Device cause : null
2025-07-22 23:00:28,630 [WARN] ConditionMgr:1039 - genDependencies : Invalid condition id : Cortex-A Device cause : null
2025-07-22 23:00:28,639 [WARN] PackLoader:240 - Cannot read IP mode file for STMicroelectronics.X-CUBE-AI.10.0.0
2025-07-22 23:00:28,650 [WARN] PackLoader:240 - Cannot read IP mode file for STMicroelectronics.FP-SNS-SMARTAG2.1.2.0
2025-07-22 23:00:28,658 [ERROR] Engine:466 - C:\Users\nicks\.stm32cubemx\thirdparties\pdsc\STMicroelectronics.FP-SNS-FLIGHT1.5.1.0.pdsc: PDSC version is not supported
2025-07-22 23:00:28,672 [INFO] LogOutputStream:77 - [STDOUT_REDIRECT] 1 : Invalid condition id : UX_CORESTACK_Condition cause : null
2025-07-22 23:00:28,673 [INFO] LogOutputStream:77 - [STDOUT_REDIRECT] 1 : Invalid condition id : UX_CORESTACK_Condition cause : null
2025-07-22 23:00:28,673 [INFO] LogOutputStream:77 - [STDOUT_REDIRECT] 1 : Invalid condition id : UX_CORESTACK_Condition cause : null
2025-07-22 23:00:28,674 [INFO] LogOutputStream:77 - [STDOUT_REDIRECT] 1 : Invalid condition id : UX_CORESTACK_Condition cause : null
2025-07-22 23:00:28,675 [INFO] LogOutputStream:77 - [STDOUT_REDIRECT] 1 : Invalid condition id : UX_CORESTACK_Condition cause : null
2025-07-22 23:00:28,676 [WARN] PackLoader:240 - Cannot read IP mode file for STMicroelectronics.X-CUBE-AZRTOS-WL.2.0.0
2025-07-22 23:00:28,688 [WARN] PackLoader:240 - Cannot read IP mode file for STMicroelectronics.FP-SNS-MOTENV1.5.0.0
2025-07-22 23:00:28,701 [WARN] PackLoader:240 - Cannot read IP mode file for WES.I-CUBE-Cesium.1.3.0
2025-07-22 23:00:28,712 [WARN] PackLoader:240 - Cannot read IP mode file for STMicroelectronics.X-CUBE-BLE2.3.3.0
2025-07-22 23:00:28,725 [WARN] PackLoader:240 - Cannot read IP mode file for STMicroelectronics.X-CUBE-NFC9.1.0.0
2025-07-22 23:00:28,738 [WARN] PackLoader:240 - Cannot read IP mode file for STMicroelectronics.X-CUBE-BLE1.7.1.0
2025-07-22 23:00:28,748 [WARN] PackLoader:240 - Cannot read IP mode file for wolfSSL.I-CUBE-wolfMQTT.1.19.2
2025-07-22 23:00:28,759 [WARN] PackLoader:240 - Cannot read IP mode file for STMicroelectronics.X-CUBE-EEPRMA1.5.2.0
2025-07-22 23:00:28,770 [WARN] PackLoader:240 - Cannot read IP mode file for STMicroelectronics.X-CUBE-AI.10.1.0
2025-07-22 23:00:28,811 [WARN] PackLoader:240 - Cannot read IP mode file for STMicroelectronics.X-CUBE-MEMS1.11.2.0
2025-07-22 23:00:28,908 [WARN] PackLoader:240 - Cannot read IP mode file for STMicroelectronics.X-CUBE-AZRTOS-G0.1.1.0
2025-07-22 23:00:28,923 [WARN] PackLoader:240 - Cannot read IP mode file for STMicroelectronics.X-CUBE-SAFEA1.1.2.2
2025-07-22 23:00:28,938 [WARN] PackLoader:240 - Cannot read IP mode file for STMicroelectronics.X-CUBE-NFC4.3.0.0
2025-07-22 23:00:28,956 [WARN] PackLoader:240 - Cannot read IP mode file for EmbeddedOffice.I-CUBE-FS-RTOS.1.0.1
2025-07-22 23:00:28,956 [ERROR] ConditionMgr:805 - Attr not supported : Dmpu
2025-07-22 23:00:28,956 [ERROR] ConditionMgr:805 - Attr not supported : Dmpu
2025-07-22 23:00:28,956 [ERROR] ConditionMgr:805 - Attr not supported : Dmpu
2025-07-22 23:00:28,956 [ERROR] ConditionMgr:805 - Attr not supported : Dmpu
2025-07-22 23:00:28,956 [ERROR] ConditionMgr:805 - Attr not supported : Dmpu
2025-07-22 23:00:28,956 [ERROR] ConditionMgr:805 - Attr not supported : Dmpu
2025-07-22 23:00:28,957 [ERROR] ConditionMgr:805 - Attr not supported : Dmpu
2025-07-22 23:00:28,957 [ERROR] ConditionMgr:805 - Attr not supported : Dmpu
2025-07-22 23:00:28,957 [ERROR] ConditionMgr:805 - Attr not supported : Dmpu
2025-07-22 23:00:28,957 [ERROR] ConditionMgr:805 - Attr not supported : Dmpu
2025-07-22 23:00:28,957 [ERROR] ConditionMgr:805 - Attr not supported : Dmpu
2025-07-22 23:00:28,957 [ERROR] ConditionMgr:805 - Attr not supported : Dmpu
2025-07-22 23:00:28,957 [ERROR] ConditionMgr:805 - Attr not supported : Dmpu
2025-07-22 23:00:28,957 [ERROR] ConditionMgr:805 - Attr not supported : Dmpu
2025-07-22 23:00:28,957 [ERROR] ConditionMgr:805 - Attr not supported : Dmpu
2025-07-22 23:00:28,957 [ERROR] ConditionMgr:805 - Attr not supported : Dmpu
2025-07-22 23:00:28,957 [ERROR] ConditionMgr:805 - Attr not supported : Dmpu
2025-07-22 23:00:28,957 [ERROR] ConditionMgr:805 - Attr not supported : Dmpu
2025-07-22 23:00:28,957 [ERROR] ConditionMgr:805 - Attr not supported : Dmpu
2025-07-22 23:00:28,957 [ERROR] ConditionMgr:805 - Attr not supported : Dmpu
2025-07-22 23:00:28,957 [ERROR] ConditionMgr:805 - Attr not supported : Dmpu
2025-07-22 23:00:28,957 [ERROR] ConditionMgr:805 - Attr not supported : Dmpu
2025-07-22 23:00:28,957 [ERROR] ConditionMgr:805 - Attr not supported : Dmpu
2025-07-22 23:00:28,957 [ERROR] ConditionMgr:805 - Attr not supported : Dmpu
2025-07-22 23:00:28,957 [ERROR] ConditionMgr:805 - Attr not supported : Dmpu
2025-07-22 23:00:28,957 [ERROR] ConditionMgr:805 - Attr not supported : Dmpu
2025-07-22 23:00:28,957 [ERROR] ConditionMgr:805 - Attr not supported : Dmpu
2025-07-22 23:00:28,957 [ERROR] ConditionMgr:805 - Attr not supported : Dmpu
2025-07-22 23:00:28,958 [ERROR] ConditionMgr:805 - Attr not supported : Dmpu
2025-07-22 23:00:28,958 [ERROR] ConditionMgr:805 - Attr not supported : Dmpu
2025-07-22 23:00:28,958 [ERROR] ConditionMgr:805 - Attr not supported : Dmpu
2025-07-22 23:00:28,958 [ERROR] ConditionMgr:805 - Attr not supported : Dmpu
2025-07-22 23:00:28,958 [ERROR] ConditionMgr:805 - Attr not supported : Dmpu
2025-07-22 23:00:28,958 [ERROR] ConditionMgr:805 - Attr not supported : Dmpu
2025-07-22 23:00:28,958 [ERROR] ConditionMgr:805 - Attr not supported : Dmpu
2025-07-22 23:00:28,958 [ERROR] ConditionMgr:805 - Attr not supported : Dmpu
2025-07-22 23:00:28,958 [ERROR] ConditionMgr:805 - Attr not supported : Dmpu
2025-07-22 23:00:28,958 [ERROR] ConditionMgr:805 - Attr not supported : Dmpu
2025-07-22 23:00:28,958 [ERROR] ConditionMgr:805 - Attr not supported : Dmpu
2025-07-22 23:00:28,958 [ERROR] ConditionMgr:805 - Attr not supported : Dmpu
2025-07-22 23:00:28,958 [ERROR] ConditionMgr:805 - Attr not supported : Dmpu
2025-07-22 23:00:28,958 [ERROR] ConditionMgr:805 - Attr not supported : Dmpu
2025-07-22 23:00:28,958 [ERROR] ConditionMgr:805 - Attr not supported : Dmpu
2025-07-22 23:00:28,958 [ERROR] ConditionMgr:805 - Attr not supported : Dmpu
2025-07-22 23:00:28,958 [ERROR] ConditionMgr:805 - Attr not supported : Dmpu
2025-07-22 23:00:28,958 [ERROR] ConditionMgr:805 - Attr not supported : Dmpu
2025-07-22 23:00:28,958 [ERROR] ConditionMgr:805 - Attr not supported : Dmpu
2025-07-22 23:00:28,958 [ERROR] ConditionMgr:805 - Attr not supported : Dmpu
2025-07-22 23:00:28,958 [ERROR] ConditionMgr:805 - Attr not supported : Dmpu
2025-07-22 23:00:28,958 [ERROR] ConditionMgr:805 - Attr not supported : Dmpu
2025-07-22 23:00:28,958 [ERROR] ConditionMgr:805 - Attr not supported : Dmpu
2025-07-22 23:00:28,958 [ERROR] ConditionMgr:805 - Attr not supported : Dmpu
2025-07-22 23:00:28,959 [ERROR] ConditionMgr:805 - Attr not supported : Dmpu
2025-07-22 23:00:28,959 [ERROR] ConditionMgr:805 - Attr not supported : Dmpu
2025-07-22 23:00:28,959 [ERROR] ConditionMgr:805 - Attr not supported : Dmpu
2025-07-22 23:00:28,959 [ERROR] ConditionMgr:805 - Attr not supported : Dmpu
2025-07-22 23:00:28,959 [ERROR] ConditionMgr:805 - Attr not supported : Dmpu
2025-07-22 23:00:28,959 [ERROR] ConditionMgr:805 - Attr not supported : Dmpu
2025-07-22 23:00:28,959 [ERROR] ConditionMgr:805 - Attr not supported : Dmpu
2025-07-22 23:00:28,959 [ERROR] ConditionMgr:805 - Attr not supported : Dmpu
2025-07-22 23:00:28,959 [ERROR] ConditionMgr:805 - Attr not supported : Dmpu
2025-07-22 23:00:28,959 [ERROR] ConditionMgr:805 - Attr not supported : Dmpu
2025-07-22 23:00:28,959 [ERROR] ConditionMgr:805 - Attr not supported : Dmpu
2025-07-22 23:00:28,959 [ERROR] ConditionMgr:805 - Attr not supported : Dmpu
2025-07-22 23:00:28,970 [WARN] PackLoader:240 - Cannot read IP mode file for STMicroelectronics.X-CUBE-WB05N.2.0.0
2025-07-22 23:00:28,984 [WARN] PackLoader:240 - Cannot read IP mode file for wolfSSL.I-CUBE-wolfTPM.3.8.0
2025-07-22 23:00:28,997 [ERROR] Engine:466 - C:\Users\nicks\.stm32cubemx\thirdparties\pdsc\STMicroelectronics.X-CUBE-TCPP.4.2.0.pdsc: PDSC version is not supported
2025-07-22 23:00:29,009 [WARN] PackLoader:240 - Cannot read IP mode file for RealThread.X-CUBE-RT-Thread_Nano.4.1.1
2025-07-22 23:00:29,021 [WARN] PackLoader:240 - Cannot read IP mode file for STMicroelectronics.FP-ATR-SIGFOX1.3.2.0
2025-07-22 23:00:29,034 [WARN] PackLoader:240 - Cannot read IP mode file for STMicroelectronics.X-CUBE-EEPRMA1.5.1.0
2025-07-22 23:00:29,047 [WARN] PackLoader:240 - Cannot read IP mode file for wolfSSL.I-CUBE-wolfSSL.5.7.6
2025-07-22 23:00:29,061 [WARN] PackLoader:240 - Cannot read IP mode file for ITTIA_DB.I-CUBE-ITTIADB.8.9.0
2025-07-22 23:00:29,073 [ERROR] Engine:466 - C:\Users\nicks\.stm32cubemx\thirdparties\pdsc\STMicroelectronics.X-CUBE-ST67W61.1.0.0.pdsc: PDSC version is not supported
2025-07-22 23:00:29,097 [WARN] PackLoader:240 - Cannot read IP mode file for SEGGER.I-CUBE-embOS.1.3.1
2025-07-22 23:00:29,126 [WARN] PackLoader:240 - Cannot read IP mode file for STMicroelectronics.X-CUBE-ALGOBUILD.1.4.0
2025-07-22 23:00:29,165 [WARN] PackLoader:240 - Cannot read IP mode file for STMicroelectronics.X-CUBE-MEMS1.11.3.0
2025-07-22 23:00:29,254 [WARN] PackLoader:240 - Cannot read IP mode file for STMicroelectronics.X-CUBE-PM33A1.1.0.0
2025-07-22 23:00:29,276 [WARN] PackLoader:240 - Cannot read IP mode file for STMicroelectronics.X-CUBE-AZRTOS-F4.1.1.0
2025-07-22 23:00:29,289 [ERROR] Engine:466 - C:\Users\nicks\.stm32cubemx\thirdparties\pdsc\Avnet-IotConnect.X-CUBE-IoTC-DA16k-PMOD.1.0.0.pdsc: PDSC version is not supported
2025-07-22 23:00:29,300 [WARN] PackLoader:240 - Cannot read IP mode file for STMicroelectronics.X-CUBE-ISPU.2.1.0
2025-07-22 23:00:29,314 [WARN] PackLoader:240 - Cannot read IP mode file for STMicroelectronics.X-CUBE-NFC12.1.0.0
2025-07-22 23:00:29,339 [WARN] PackLoader:240 - Cannot read IP mode file for STMicroelectronics.X-CUBE-AZRTOS-L5.2.0.0
2025-07-22 23:00:29,355 [WARN] PackLoader:240 - Cannot read IP mode file for STMicroelectronics.X-CUBE-NFC6.3.1.0
2025-07-22 23:00:29,368 [WARN] PackLoader:240 - Cannot read IP mode file for STMicroelectronics.X-CUBE-FREERTOS.1.3.1
2025-07-22 23:00:29,379 [WARN] PackLoader:240 - Cannot read IP mode file for STMicroelectronics.X-CUBE-FREERTOS.1.3.0
2025-07-22 23:00:29,390 [WARN] PackLoader:240 - Cannot read IP mode file for STMicroelectronics.X-CUBE-NFC7.1.0.1
2025-07-22 23:00:29,400 [ERROR] Engine:466 - C:\Users\nicks\.stm32cubemx\thirdparties\pdsc\STMicroelectronics.FP-SNS-STAIOTCFT.1.0.0.pdsc: PDSC version is not supported
2025-07-22 23:00:29,413 [WARN] PackLoader:240 - Cannot read IP mode file for STMicroelectronics.X-CUBE-DPower.1.3.0
2025-07-22 23:00:29,433 [WARN] ConditionMgr:438 - getConditionDescription Invalid condition id : LAN8742 Phy interface Condition cause : null
2025-07-22 23:00:29,433 [WARN] PackLoader:240 - Cannot read IP mode file for STMicroelectronics.X-CUBE-AZRTOS-L4.2.0.0
2025-07-22 23:00:29,434 [WARN] ConditionMgr:1039 - genDependencies : Invalid condition id : LAN8742 Phy interface Condition cause : null
2025-07-22 23:00:29,434 [WARN] ConditionMgr:1039 - genDependencies : Invalid condition id : LAN8742 Phy interface Condition cause : null
2025-07-22 23:00:29,434 [WARN] ConditionMgr:1039 - genDependencies : Invalid condition id : LAN8742 Phy interface Condition cause : null
2025-07-22 23:00:29,446 [WARN] PackLoader:240 - Cannot read IP mode file for STMicroelectronics.X-CUBE-SFXS2LP1.4.0.0
2025-07-22 23:00:29,468 [WARN] PackLoader:240 - Cannot read IP mode file for STMicroelectronics.X-CUBE-AZRTOS-H7.3.3.0
2025-07-22 23:00:29,480 [ERROR] Engine:466 - C:\Users\nicks\.stm32cubemx\thirdparties\pdsc\STMicroelectronics.X-CUBE-BLEMGR.4.1.0.pdsc: PDSC version is not supported
2025-07-22 23:00:29,496 [WARN] ConditionMgr:438 - getConditionDescription Invalid condition id : UX DEVICE CLASS RTOS Condition cause : null
2025-07-22 23:00:29,496 [WARN] ConditionMgr:438 - getConditionDescription Invalid condition id : UX DEVICE CLASS RTOS Condition cause : null
2025-07-22 23:00:29,497 [WARN] PackLoader:240 - Cannot read IP mode file for STMicroelectronics.X-CUBE-AZRTOS-WB.2.0.0
2025-07-22 23:00:29,497 [WARN] ConditionMgr:1039 - genDependencies : Invalid condition id : UX DEVICE CLASS RTOS Condition cause : null
2025-07-22 23:00:29,497 [WARN] ConditionMgr:1039 - genDependencies : Invalid condition id : UX DEVICE CLASS RTOS Condition cause : null
2025-07-22 23:00:29,497 [WARN] ConditionMgr:1039 - genDependencies : Invalid condition id : UX DEVICE CLASS RTOS Condition cause : null
2025-07-22 23:00:29,497 [WARN] ConditionMgr:1039 - genDependencies : Invalid condition id : UX DEVICE CLASS RTOS Condition cause : null
2025-07-22 23:00:29,497 [WARN] ConditionMgr:1039 - genDependencies : Invalid condition id : UX DEVICE CLASS RTOS Condition cause : null
2025-07-22 23:00:29,509 [WARN] PackLoader:240 - Cannot read IP mode file for STMicroelectronics.X-CUBE-GNSS1.7.0.1
2025-07-22 23:00:29,520 [WARN] PackLoader:240 - Cannot read IP mode file for STMicroelectronics.X-CUBE-TOUCHGFX.4.25.0
2025-07-22 23:00:29,534 [WARN] PackLoader:240 - Cannot read IP mode file for STMicroelectronics.X-CUBE-SUBG2.5.0.0
2025-07-22 23:00:29,556 [WARN] PackLoader:240 - Cannot read IP mode file for STMicroelectronics.X-CUBE-AZRTOS-H7RS.1.1.0
2025-07-22 23:00:29,568 [WARN] PackLoader:240 - Cannot read IP mode file for Cesanta.I-CUBE-Mongoose.7.13.0
2025-07-22 23:00:29,587 [WARN] PackLoader:240 - Cannot read IP mode file for STMicroelectronics.X-CUBE-AZRTOS-G4.2.0.0
2025-07-22 23:00:29,599 [WARN] PackLoader:240 - Cannot read IP mode file for wolfSSL.I-CUBE-wolfSSH.1.4.20
2025-07-22 23:00:29,610 [WARN] PackLoader:240 - Cannot read IP mode file for STMicroelectronics.X-CUBE-NFC7.2.0.0
2025-07-22 23:00:29,621 [ERROR] Engine:466 - C:\Users\nicks\.stm32cubemx\thirdparties\pdsc\STMicroelectronics.X-CUBE-IPS.3.1.0.pdsc: PDSC version is not supported
2025-07-22 23:00:29,630 [WARN] PackLoader:240 - Cannot read IP mode file for STMicroelectronics.X-CUBE-ALS.1.0.2
2025-07-22 23:00:29,642 [WARN] PackLoader:240 - Cannot read IP mode file for portGmbH.I-Cube-SoM-uGOAL.1.1.0
2025-07-22 23:00:29,654 [ERROR] Engine:466 - C:\Users\nicks\.stm32cubemx\thirdparties\pdsc\STMicroelectronics.X-CUBE-TOF1.3.4.3.pdsc: PDSC version is not supported
2025-07-22 23:00:29,655 [INFO] ThirdParty:978 - Integrity check success = true
2025-07-22 23:00:29,655 [INFO] IntegrityCheckThread:100 - exiting critical section [integrity check]
2025-07-22 23:00:29,655 [INFO] IntegrityCheckThread:103 - End integrity checks thread
2025-07-22 23:00:29,655 [INFO] ThirdParty:873 - entering critical section [close project]
2025-07-22 23:00:29,656 [INFO] ThirdParty:883 - exiting critical section [close project]
2025-07-22 23:00:29,657 [INFO] PinOutPanel:1561 - setPackage(No Configuration,No Configuration)
2025-07-22 23:00:29,660 [INFO] UtilMem:75 - Begin LoadConfig() Used Memory: 153945720 Bytes (268435456)
2025-07-22 23:00:29,661 [INFO] MicroXplorer:468 - Change Database Path : 
2025-07-22 23:00:29,661 [INFO] MicroXplorer:498 - Change Database Version : DB.6.0.121
2025-07-22 23:00:29,661 [INFO] OpenFileManager:332 - Change cursor
2025-07-22 23:00:29,689 [INFO] Mcu:2032 - Initializing MCU STM32H755ZITx STM32H755ZITx STM32H755ZIT6
2025-07-22 23:00:32,374 [INFO] Context:742 - Trying to add GPIOservice into a context  which must be forbidden
2025-07-22 23:00:32,374 [INFO] Context:742 - Trying to add GPIOservice into a context  which must be forbidden
2025-07-22 23:00:33,531 [INFO] ApiDbMcu:508 - Load IP Config File for NUCLEO-H755ZI-Q
2025-07-22 23:00:33,607 [INFO] Context:742 - Trying to add GPIOservice into a context  which must be forbidden
2025-07-22 23:00:33,607 [INFO] Context:742 - Trying to add GPIOservice into a context  which must be forbidden
2025-07-22 23:00:33,619 [INFO] ImportTextPane:205 - (OptionalMessage_ERROR) Unable to find key (Mcu.IP9) in loaded IOC file
2025-07-22 23:00:33,619 [INFO] ImportTextPane:205 - (OptionalMessage_ERROR) Unknown IP (dummy)
2025-07-22 23:00:33,773 [INFO] RtosManager:555 - Registered RTOS mode: class=CMSIS, group=RTOS, mode=CMSIS_V1, owner=FREERTOS_M7
2025-07-22 23:00:33,773 [INFO] RtosManager:555 - Registered RTOS mode: class=CMSIS, group=RTOS2, mode=CMSIS_V2, owner=FREERTOS_M7
2025-07-22 23:00:33,774 [INFO] RtosManager:555 - Registered RTOS mode: class=RTOS, group=Core, mode=CMSIS_V1, owner=FREERTOS_M7
2025-07-22 23:00:33,774 [INFO] RtosManager:555 - Registered RTOS mode: class=RTOS, group=Core, mode=CMSIS_V2, owner=FREERTOS_M7
2025-07-22 23:00:33,774 [WARN] ModelIntegratedComponent:184 - Missing modes for component STMicroelectronics:FreeRTOS:0.0.1:STMicroelectronics:RTOS:FreeRTOS:Core:::10.2.0:
2025-07-22 23:00:33,786 [WARN] ModelIntegratedComponent:63 - No mode defined for component null
2025-07-22 23:00:33,786 [WARN] ModelIntegratedComponent:63 - No mode defined for component null
2025-07-22 23:00:33,786 [WARN] ModelIntegratedComponent:63 - No mode defined for component null
2025-07-22 23:00:33,786 [WARN] ModelIntegratedComponent:63 - No mode defined for component null
2025-07-22 23:00:33,786 [WARN] ModelIntegratedComponent:63 - No mode defined for component null
2025-07-22 23:00:33,786 [WARN] ModelIntegratedComponent:63 - No mode defined for component null
2025-07-22 23:00:33,787 [WARN] ModelIntegratedComponent:63 - No mode defined for component null
2025-07-22 23:00:33,787 [WARN] ModelIntegratedComponent:63 - No mode defined for component null
2025-07-22 23:00:33,787 [WARN] ModelIntegratedComponent:63 - No mode defined for component null
2025-07-22 23:00:33,787 [WARN] ModelIntegratedComponent:63 - No mode defined for component null
2025-07-22 23:00:33,787 [WARN] ModelIntegratedComponent:63 - No mode defined for component null
2025-07-22 23:00:33,787 [WARN] ModelIntegratedComponent:63 - No mode defined for component null
2025-07-22 23:00:33,787 [WARN] ModelIntegratedComponent:63 - No mode defined for component null
2025-07-22 23:00:33,787 [WARN] ModelIntegratedComponent:63 - No mode defined for component null
2025-07-22 23:00:33,787 [WARN] ModelIntegratedComponent:63 - No mode defined for component null
2025-07-22 23:00:33,787 [WARN] ModelIntegratedComponent:63 - No mode defined for component null
2025-07-22 23:00:33,787 [WARN] ModelIntegratedComponent:63 - No mode defined for component null
2025-07-22 23:00:33,787 [WARN] ModelIntegratedComponent:63 - No mode defined for component null
2025-07-22 23:00:33,787 [WARN] ModelIntegratedComponent:63 - No mode defined for component null
2025-07-22 23:00:33,787 [WARN] ModelIntegratedComponent:63 - No mode defined for component null
2025-07-22 23:00:33,787 [WARN] ModelIntegratedComponent:63 - No mode defined for component null
2025-07-22 23:00:33,787 [WARN] ModelIntegratedComponent:63 - No mode defined for component null
2025-07-22 23:00:33,788 [WARN] ModelIntegratedComponent:63 - No mode defined for component null
2025-07-22 23:00:33,788 [WARN] ModelIntegratedComponent:63 - No mode defined for component null
2025-07-22 23:00:33,788 [WARN] ModelIntegratedComponent:63 - No mode defined for component null
2025-07-22 23:00:33,788 [WARN] ModelIntegratedComponent:63 - No mode defined for component null
2025-07-22 23:00:33,788 [WARN] ModelIntegratedComponent:63 - No mode defined for component null
2025-07-22 23:00:33,788 [WARN] ModelIntegratedComponent:63 - No mode defined for component null
2025-07-22 23:00:33,788 [WARN] ModelIntegratedComponent:63 - No mode defined for component null
2025-07-22 23:00:33,788 [WARN] ModelIntegratedComponent:63 - No mode defined for component null
2025-07-22 23:00:33,788 [WARN] ModelIntegratedComponent:63 - No mode defined for component null
2025-07-22 23:00:33,788 [WARN] ModelIntegratedComponent:63 - No mode defined for component null
2025-07-22 23:00:33,788 [WARN] ModelIntegratedComponent:63 - No mode defined for component null
2025-07-22 23:00:33,788 [WARN] ModelIntegratedComponent:63 - No mode defined for component null
2025-07-22 23:00:33,788 [WARN] ModelIntegratedComponent:63 - No mode defined for component null
2025-07-22 23:00:33,789 [WARN] ModelPack:524 - Component already loaded: STMicroelectronics:HAL Drivers:0.0.0:STMicroelectronics:Device:STMicro_Driver:XSPI:HAL::0.0.1:HAL_XSPI
2025-07-22 23:00:33,877 [INFO] RtosManager:555 - Registered RTOS mode: class=CMSIS, group=RTOS, mode=CMSIS_V1, owner=FREERTOS_M4
2025-07-22 23:00:33,878 [INFO] RtosManager:555 - Registered RTOS mode: class=CMSIS, group=RTOS2, mode=CMSIS_V2, owner=FREERTOS_M4
2025-07-22 23:00:33,878 [INFO] RtosManager:555 - Registered RTOS mode: class=RTOS, group=Core, mode=CMSIS_V1, owner=FREERTOS_M4
2025-07-22 23:00:33,878 [INFO] RtosManager:555 - Registered RTOS mode: class=RTOS, group=Core, mode=CMSIS_V2, owner=FREERTOS_M4
2025-07-22 23:00:33,878 [WARN] ModelIntegratedComponent:184 - Missing modes for component STMicroelectronics:FreeRTOS:0.0.1:STMicroelectronics:RTOS:FreeRTOS:Core:::10.2.0:
2025-07-22 23:00:33,886 [WARN] ModelIntegratedComponent:63 - No mode defined for component null
2025-07-22 23:00:33,886 [WARN] ModelIntegratedComponent:63 - No mode defined for component null
2025-07-22 23:00:33,886 [WARN] ModelIntegratedComponent:63 - No mode defined for component null
2025-07-22 23:00:33,886 [WARN] ModelIntegratedComponent:63 - No mode defined for component null
2025-07-22 23:00:33,886 [WARN] ModelIntegratedComponent:63 - No mode defined for component null
2025-07-22 23:00:33,886 [WARN] ModelIntegratedComponent:63 - No mode defined for component null
2025-07-22 23:00:33,886 [WARN] ModelIntegratedComponent:63 - No mode defined for component null
2025-07-22 23:00:33,886 [WARN] ModelIntegratedComponent:63 - No mode defined for component null
2025-07-22 23:00:33,886 [WARN] ModelIntegratedComponent:63 - No mode defined for component null
2025-07-22 23:00:33,886 [WARN] ModelIntegratedComponent:63 - No mode defined for component null
2025-07-22 23:00:33,886 [WARN] ModelIntegratedComponent:63 - No mode defined for component null
2025-07-22 23:00:33,886 [WARN] ModelIntegratedComponent:63 - No mode defined for component null
2025-07-22 23:00:33,886 [WARN] ModelIntegratedComponent:63 - No mode defined for component null
2025-07-22 23:00:33,886 [WARN] ModelIntegratedComponent:63 - No mode defined for component null
2025-07-22 23:00:33,886 [WARN] ModelIntegratedComponent:63 - No mode defined for component null
2025-07-22 23:00:33,886 [WARN] ModelIntegratedComponent:63 - No mode defined for component null
2025-07-22 23:00:33,886 [WARN] ModelIntegratedComponent:63 - No mode defined for component null
2025-07-22 23:00:33,886 [WARN] ModelIntegratedComponent:63 - No mode defined for component null
2025-07-22 23:00:33,886 [WARN] ModelIntegratedComponent:63 - No mode defined for component null
2025-07-22 23:00:33,886 [WARN] ModelIntegratedComponent:63 - No mode defined for component null
2025-07-22 23:00:33,886 [WARN] ModelIntegratedComponent:63 - No mode defined for component null
2025-07-22 23:00:33,886 [WARN] ModelIntegratedComponent:63 - No mode defined for component null
2025-07-22 23:00:33,886 [WARN] ModelIntegratedComponent:63 - No mode defined for component null
2025-07-22 23:00:33,886 [WARN] ModelIntegratedComponent:63 - No mode defined for component null
2025-07-22 23:00:33,886 [WARN] ModelIntegratedComponent:63 - No mode defined for component null
2025-07-22 23:00:33,886 [WARN] ModelIntegratedComponent:63 - No mode defined for component null
2025-07-22 23:00:33,886 [WARN] ModelIntegratedComponent:63 - No mode defined for component null
2025-07-22 23:00:33,886 [WARN] ModelIntegratedComponent:63 - No mode defined for component null
2025-07-22 23:00:33,886 [WARN] ModelIntegratedComponent:63 - No mode defined for component null
2025-07-22 23:00:33,886 [WARN] ModelIntegratedComponent:63 - No mode defined for component null
2025-07-22 23:00:33,886 [WARN] ModelIntegratedComponent:63 - No mode defined for component null
2025-07-22 23:00:33,886 [WARN] ModelIntegratedComponent:63 - No mode defined for component null
2025-07-22 23:00:33,886 [WARN] ModelIntegratedComponent:63 - No mode defined for component null
2025-07-22 23:00:33,886 [WARN] ModelIntegratedComponent:63 - No mode defined for component null
2025-07-22 23:00:33,887 [WARN] ModelIntegratedComponent:63 - No mode defined for component null
2025-07-22 23:00:33,887 [WARN] ModelPack:524 - Component already loaded: STMicroelectronics:HAL Drivers:0.0.0:STMicroelectronics:Device:STMicro_Driver:XSPI:HAL::0.0.1:HAL_XSPI
2025-07-22 23:00:33,948 [INFO] ThirdPartyModel:298 - Start build external matchings
2025-07-22 23:00:34,262 [INFO] ThirdPartyModel:316 - End build external matchings
2025-07-22 23:00:34,273 [INFO] ThirdPartyModel:298 - Start build external matchings
2025-07-22 23:00:34,584 [INFO] ThirdPartyModel:316 - End build external matchings
2025-07-22 23:00:34,758 [INFO] ApiDb:581 - Connected to CubeFinder SQLite database (C:\Users\nicks\.stmcufinder\plugins\mcufinder\mcu\cube-finder-db.db)
2025-07-22 23:00:34,868 [INFO] ApiDb:668 - CubeFinder database Data Model version=2.1
2025-07-22 23:00:34,868 [INFO] ApiDb:669 - CubeFinder database Configuration version=3.0.39
2025-07-22 23:00:34,868 [INFO] ApiDb:670 - CubeFinder database generation date=2025-07-18 (1752785937)
2025-07-22 23:00:34,868 [INFO] ApiDb:671 - CubeFinder database FW Pack versions=[FP-ATR-ASTRA1_V2.0.0, FP-SNS-FLIGHT1_V5.1.0, FP-SNS-MOTENV1_V5.0.0, FP-SNS-MOTENVWB1_V1.4.0, FP-SNS-SMARTAG2_V1.2.0, FP-SNS-STBOX1_V2.0.0, STM32Cube_FW_C0_V1.4.0, STM32Cube_FW_F4_V1.28.2, STM32Cube_FW_F7_V1.17.3, STM32Cube_FW_G0_V1.6.2, STM32Cube_FW_G4_V1.6.1, STM32Cube_FW_H5_V1.5.0, STM32Cube_FW_H7RS_V1.2.0, STM32Cube_FW_H7_V1.12.1, STM32Cube_FW_L0_V1.12.2, STM32Cube_FW_L4_V1.18.1, STM32Cube_FW_L5_V1.5.1, STM32Cube_FW_N6_V1.2.0, STM32Cube_FW_U0_V1.3.0, STM32Cube_FW_U3_V1.2.0, STM32Cube_FW_U5_V1.8.0, STM32Cube_FW_WB0_V1.3.0, STM32Cube_FW_WBA_V1.7.0, STM32Cube_FW_WB_V1.23.0, STM32Cube_FW_WL3_V1.2.0, STM32Cube_FW_WL_V1.3.1, X-CUBE-ALGOBUILD_V1.4.0, X-CUBE-ALS_V1.0.2, X-CUBE-AZRTOS-F4_V1.1.0, X-CUBE-AZRTOS-F7_V1.1.0, X-CUBE-AZRTOS-G0_V1.1.0, X-CUBE-AZRTOS-G4_V2.0.0, X-CUBE-AZRTOS-H7RS_V1.1.0, X-CUBE-AZRTOS-H7_V3.3.0, X-CUBE-AZRTOS-L4_V2.0.0, X-CUBE-AZRTOS-L5_V2.0.0, X-CUBE-AZRTOS-WB_V2.0.0, X-CUBE-AZRTOS-WL_V2.0.0, X-CUBE-BLE1_V7.1.0, X-CUBE-BLE2_V3.3.0, X-CUBE-BLEMGR_V4.0.0, X-CUBE-EEPRMA1_V5.1.0, X-CUBE-FREERTOS_V1.3.1, X-CUBE-GNSS1_V6.0.0, X-CUBE-MEMS1_V11.3.0, X-CUBE-NFC4_V3.0.0, X-CUBE-NFC7_V2.0.0, X-CUBE-SFXS2LP1_V4.0.0, X-CUBE-SUBG2_V5.0.0, X-CUBE-TOF1_V3.4.3]
2025-07-22 23:00:34,979 [INFO] DbBoardsSqlite:226 - include board P-NUCLEO-WB55-NUCLEO as a kit item of type 'Nucleo-64'
2025-07-22 23:00:34,980 [INFO] DbBoardsSqlite:226 - include board P-NUCLEO-WB55-USBDONGLE as a kit item of type 'Nucleo USB Dongle'
2025-07-22 23:00:34,981 [INFO] DbBoardsSqlite:226 - include board STEVAL-IDP005V1 as a kit item of type 'Evaluation Board'
2025-07-22 23:00:34,981 [INFO] DbBoardsSqlite:226 - include board STEVAL-IDP005V2 as a kit item of type 'Evaluation Board'
2025-07-22 23:00:35,476 [INFO] ApiDb:240 - Found 646 in-development CPN: [B-G473E-ZEST1S, B-WB1M-WPAN1, B-WL5M-SUBG1, NUCLEO-C031C6, NUCLEO-C071RB, NUCLEO-H503RB, NUCLEO-H533RE, NUCLEO-H563ZI, NUCLEO-H7S3L8, NUCLEO-U031R8, NUCLEO-U083RC, NUCLEO-U545RE-Q, NUCLEO-U5A5ZJ-Q, NUCLEO-WB05KZ, NUCLEO-WB07CC, NUCLEO-WB09KE, NUCLEO-WBA52CG, NUCLEO-WBA55CG, STEVAL-PROTEUS1, STEVAL-SMARTAG2, STEVAL-STWINBX1, STM320518-EVAL, STM32C0116-DK, STM32C011D6Y3TR, STM32C011D6Y6TR, STM32C011F4P3, STM32C011F4P6, STM32C011F4U3, STM32C011F4U6TR, STM32C011F6P3, STM32C011F6P6, STM32C011F6U3, STM32C011F6U6TR, STM32C011J4M3, STM32C011J4M6, STM32C011J6M3, STM32C011J6M6, STM32C0316-DK, STM32C031C4T3, STM32C031C4T6, STM32C031C4U3, STM32C031C4U6, STM32C031C6T3, STM32C031C6T6, STM32C031C6U3, STM32C031C6U6, STM32C031F4P3, STM32C031F4P6, STM32C031F6P3, STM32C031F6P6, STM32C031G4U3, STM32C031G4U6, STM32C031G6U3, STM32C031G6U6, STM32C031K4T3, STM32C031K4T6, STM32C031K4U3, STM32C031K4U6, STM32C031K6T3, STM32C031K6T6, STM32C031K6U3, STM32C031K6U6, STM32C071C8T6, STM32C071C8T6N, STM32C071C8U6, STM32C071C8U6N, STM32C071CBT6, STM32C071CBT6N, STM32C071CBU6, STM32C071CBU6N, STM32C071F8P6, STM32C071F8P6N, STM32C071FBP6, STM32C071FBP6N, STM32C071FBY6TR, STM32C071G8U6, STM32C071G8U6N, STM32C071GBU6, STM32C071GBU6N, STM32C071K8T6, STM32C071K8T6N, STM32C071K8U6, STM32C071K8U6N, STM32C071KBT6, STM32C071KBT6N, STM32C071KBU6, STM32C071KBU6N, STM32C071R8T6, STM32C071R8T6N, STM32C071RBI6N, STM32C071RBT6, STM32C071RBT6N, STM32G071K8TXN, STM32G071K8UXN, STM32G081GBU6N, STM32G081KBT6N, STM32G081KBUXN, STM32G0B1CCT6N, STM32G0B1KCT6, STM32G0B1NEY6TR, STM32G0B1RCT6N, STM32G0C1CCT6, STM32G0C1CCT6N, STM32G0C1CCU6N, STM32G0C1CET6N, STM32G0C1CEU6N, STM32G0C1KCT6, STM32G0C1NEY6TR, STM32G0C1RCI6N, STM32G0C1RCT6N, STM32G0C1REI6N, STM32G0C1RET6N, STM32G0C1VCI6, STM32G0C1VEI6, STM32G411C6T3, STM32G411C6T6, STM32G411C6U3, STM32G411C6U6, STM32G411C8T3, STM32G411C8T6, STM32G411C8U3, STM32G411C8U6, STM32G411CBT3, STM32G411CBT6, STM32G411CBU3, STM32G411CBU6, STM32G411K6T3, STM32G411K6T6, STM32G411K6U3, STM32G411K6U6, STM32G411K8T3, STM32G411K8T6, STM32G411K8U3, STM32G411K8U6, STM32G411KBT3, STM32G411KBT6, STM32G411KBU3, STM32G411KBU6, STM32G411M6T3, STM32G411M6T6, STM32G411M8T3, STM32G411M8T6, STM32G411MBT3, STM32G411MBT6, STM32G411R6T3, STM32G411R6T6, STM32G411R8T3, STM32G411R8T6, STM32G411RBT3, STM32G411RBT6, STM32G414CBT3, STM32G414CBT6, STM32G414CBU3, STM32G414CBU6, STM32G414CCT3, STM32G414CCT6, STM32G414CCU3, STM32G414CCU6, STM32G414MBT3, STM32G414MBT6, STM32G414MCT3, STM32G414MCT6, STM32G414RBT3, STM32G414RBT6, STM32G414RCT3, STM32G414RCT6, STM32G414VBT3, STM32G414VBT6, STM32G414VCT3, STM32G414VCT6, STM32G431CBT3Z, STM32G431RBT3Z, STM32G471CCT6, STM32G471CCU6, STM32G471CET3, STM32G471CET6, STM32G471CEU3, STM32G471CEU6, STM32G471MCT6, STM32G471MET3, STM32G471MET6, STM32G471MEY6TR, STM32G471QCT6, STM32G471QET3, STM32G471RCT6, STM32G471RET3, STM32G471RET6, STM32G471VCH6, STM32G471VCI6, STM32G471VCT6, STM32G471VEH3, STM32G471VEH6, STM32G471VEI3, STM32G471VEI6, STM32G471VET3, STM32G471VET6, STM32G473QET3Z, STM32G473RET3Z, STM32G474CCT6, STM32G491RET3Z, STM32H503CBT6, STM32H503CBU6, STM32H503EBY6TR, STM32H503KBU6, STM32H503RBT6, STM32H523CCT6, STM32H523CCU6, STM32H523CET6, STM32H523CEU6, STM32H523HEY6TR, STM32H523RCT6, STM32H523RET6, STM32H523VCI6, STM32H523VCT6, STM32H523VEI6, STM32H523VET6, STM32H523ZCJ6, STM32H523ZCT6, STM32H523ZEJ6, STM32H523ZET6, STM32H533CET6, STM32H533CEU6, STM32H533HEY6TR, STM32H533RET6, STM32H533VEI6, STM32H533VET6, STM32H533ZEJ6, STM32H533ZET6, STM32H562AGI6, STM32H562AII6, STM32H562IGK6, STM32H562IGT6, STM32H562IIK6, STM32H562IIT6, STM32H562RGT6, STM32H562RGV6, STM32H562RIT6, STM32H562RIV6, STM32H562VGT6, STM32H562VIT6, STM32H562ZGT6, STM32H562ZIT6, STM32H563AGI6, STM32H563AII3Q, STM32H563AII6, STM32H563IGK6, STM32H563IGT6, STM32H563IIK3Q, STM32H563IIK6, STM32H563IIT3Q, STM32H563IIT6, STM32H563MIY3QTR, STM32H563RGT6, STM32H563RGV6, STM32H563RIT6, STM32H563RIV6, STM32H563VGT6, STM32H563VIT3Q, STM32H563VIT6, STM32H563ZGT6, STM32H563ZIT3Q, STM32H563ZIT6, STM32H573AII3Q, STM32H573AII6, STM32H573I-DK, STM32H573IIK3Q, STM32H573IIK6, STM32H573IIT3Q, STM32H573IIT6, STM32H573MIY3QTR, STM32H573RIT6, STM32H573RIV6, STM32H573VIT3Q, STM32H573VIT6, STM32H573ZIT3Q, STM32H573ZIT6, STM32H7R3A8I6, STM32H7R3I8K6, STM32H7R3I8T6, STM32H7R3L8H6, STM32H7R3L8H6H, STM32H7R3R8V6, STM32H7R3V8H6, STM32H7R3V8T6, STM32H7R3V8Y6TR, STM32H7R3Z8J6, STM32H7R3Z8T6, STM32H7R7A8I6, STM32H7R7I8K6, STM32H7R7I8T6, STM32H7R7L8H6, STM32H7R7L8H6H, STM32H7R7Z8J6, STM32H7S3A8I6, STM32H7S3I8K6, STM32H7S3I8T6, STM32H7S3L8H6, STM32H7S3L8H6H, STM32H7S3R8V6, STM32H7S3V8H6, STM32H7S3V8T6, STM32H7S3V8Y6TR, STM32H7S3Z8J6, STM32H7S3Z8T6, STM32H7S78-DK, STM32H7S7A8I6, STM32H7S7I8K6, STM32H7S7I8T6, STM32H7S7L8H6, STM32H7S7L8H6H, STM32H7S7Z8J6, STM32L4R5QGI6STR, STM32MP131AAE3, STM32MP131AAF3, STM32MP131AAG3, STM32MP131CAE3, STM32MP131CAF3, STM32MP131CAG3, STM32MP131DAE7, STM32MP131DAF7, STM32MP131DAG7, STM32MP131FAE7, STM32MP131FAF7, STM32MP131FAG7, STM32MP133AAE3, STM32MP133AAF3, STM32MP133AAG3, STM32MP133CAE3, STM32MP133CAF3, STM32MP133CAG3, STM32MP133DAE7, STM32MP133DAF7, STM32MP133DAG7, STM32MP133FAE7, STM32MP133FAF7, STM32MP133FAG7, STM32MP135AAE3, STM32MP135AAF3, STM32MP135AAG3, STM32MP135CAE3, STM32MP135CAF3, STM32MP135CAG3, STM32MP135DAE7, STM32MP135DAF7, STM32MP135DAG7, STM32MP135F-DK, STM32MP135FAE7, STM32MP135FAF7, STM32MP135FAF7T, STM32MP135FAF7U, STM32MP135FAG7, STM32MP251AAI3, STM32MP251AAK3, STM32MP251AAL3, STM32MP251CAI3, STM32MP251CAK3, STM32MP251CAL3, STM32MP251DAI3, STM32MP251DAK3, STM32MP251DAL3, STM32MP251FAI3, STM32MP251FAK3, STM32MP251FAL3, STM32MP253AAI3, STM32MP253AAK3, STM32MP253AAL3, STM32MP253CAI3, STM32MP253CAK3, STM32MP253CAL3, STM32MP253DAI3, STM32MP253DAK3, STM32MP253DAL3, STM32MP253FAI3, STM32MP253FAK3, STM32MP253FAL3, STM32MP255AAI3, STM32MP255AAK3, STM32MP255AAL3, STM32MP255CAI3, STM32MP255CAK3, STM32MP255CAL3, STM32MP255DAI3, STM32MP255DAK3, STM32MP255DAL3, STM32MP255FAI3, STM32MP255FAK3, STM32MP255FAL3, STM32MP257AAI3, STM32MP257AAK3, STM32MP257AAL3, STM32MP257CAI3, STM32MP257CAK3, STM32MP257CAL3, STM32MP257DAI3, STM32MP257DAK3, STM32MP257DAL3, STM32MP257F-DK, STM32MP257F-EV1, STM32MP257FAI3, STM32MP257FAK3, STM32MP257FAL3, STM32U031C6T6, STM32U031C6U6, STM32U031C8T6, STM32U031C8U6, STM32U031F4P6, STM32U031F6P6, STM32U031F8P6, STM32U031G6Y6TR, STM32U031G8Y6TR, STM32U031K4U6, STM32U031K6U6, STM32U031K8U6, STM32U031R6I6, STM32U031R6T6, STM32U031R8I6, STM32U031R8T6, STM32U073C8T6, STM32U073C8U6, STM32U073CBT6, STM32U073CBU6, STM32U073CCT6, STM32U073CCU6, STM32U073H8Y6TR, STM32U073HBY6TR, STM32U073HCY6TR, STM32U073K8U6, STM32U073KBU6, STM32U073KCU6, STM32U073M8I6, STM32U073M8T6, STM32U073MBI6, STM32U073MBT6, STM32U073MCI6, STM32U073MCT6, STM32U073R8I6, STM32U073R8T6, STM32U073RBI6, STM32U073RBT6, STM32U073RCI6, STM32U073RCT6, STM32U083C-DK, STM32U083CCT6, STM32U083CCU6, STM32U083HCY6TR, STM32U083KCU6, STM32U083MCI6, STM32U083MCT6, STM32U083RCI6, STM32U083RCT6, STM32U535CBT6, STM32U535CBT6Q, STM32U535CBU6, STM32U535CBU6Q, STM32U535CCT6, STM32U535CCT6Q, STM32U535CCU6, STM32U535CCU6Q, STM32U535CET6, STM32U535CET6Q, STM32U535CEU6, STM32U535CEU6Q, STM32U535JEY6QTR, STM32U535NCY6QTR, STM32U535NEY6QTR, STM32U535RBI6, STM32U535RBI6Q, STM32U535RBT6, STM32U535RBT6Q, STM32U535RCI6, STM32U535RCI6Q, STM32U535RCT6, STM32U535RCT6Q, STM32U535REI6, STM32U535REI6Q, STM32U535RET6, STM32U535RET6Q, STM32U535VCI6, STM32U535VCI6Q, STM32U535VCT6, STM32U535VCT6Q, STM32U535VEI6, STM32U535VEI6Q, STM32U535VET6, STM32U535VET6Q, STM32U545CET6, STM32U545CET6Q, STM32U545CEU6, STM32U545CEU6Q, STM32U545JEY6QTR, STM32U545NEY6QTR, STM32U545REI6, STM32U545REI6Q, STM32U545RET6, STM32U545RET6Q, STM32U545VEI6, STM32U545VEI6Q, STM32U545VET6, STM32U545VET6Q, STM32U595AIH6, STM32U595AIH6Q, STM32U595AJH6, STM32U595AJH6Q, STM32U595QII6, STM32U595QII6Q, STM32U595QJI6, STM32U595QJI6Q, STM32U595RIT6, STM32U595RIT6Q, STM32U595RJT6, STM32U595RJT6Q, STM32U595VIT6, STM32U595VIT6Q, STM32U595VJT6, STM32U595VJT6Q, STM32U595ZIT6, STM32U595ZIT6Q, STM32U595ZIY6QTR, STM32U595ZJT6, STM32U595ZJT6Q, STM32U595ZJY6QTR, STM32U599BJY6QTR, STM32U599NIH6Q, STM32U599NJH6Q, STM32U599VIT6Q, STM32U599VJT6, STM32U599VJT6Q, STM32U599ZIT6Q, STM32U599ZIY6QTR, STM32U599ZJT6Q, STM32U599ZJY6QTR, STM32U5A5AJH6, STM32U5A5AJH6Q, STM32U5A5QII3Q , STM32U5A5QJI6, STM32U5A5QJI6Q, STM32U5A5RJT6, STM32U5A5RJT6Q, STM32U5A5VJT6, STM32U5A5VJT6Q, STM32U5A5ZJT6, STM32U5A5ZJT6Q, STM32U5A5ZJY6QTR, STM32U5A9BJY6QTR, STM32U5A9J-DK, STM32U5A9NJH6Q, STM32U5A9VJT6Q, STM32U5A9ZJT6Q, STM32U5A9ZJY6QTR, STM32U5F7VIT6, STM32U5F7VIT6Q, STM32U5F7VJT6, STM32U5F7VJT6Q, STM32U5F9BJY6QTR, STM32U5F9NJH6Q, STM32U5F9VIT6Q, STM32U5F9VJT6Q, STM32U5F9ZIJ6QTR, STM32U5F9ZIT6Q, STM32U5F9ZJJ6QTR, STM32U5F9ZJT6Q, STM32U5G7VJT6, STM32U5G7VJT6Q, STM32U5G9BJY6QTR, STM32U5G9J-DK1, STM32U5G9J-DK2, STM32U5G9NJH6Q, STM32U5G9VJT6Q, STM32U5G9ZJJ6QTR, STM32U5G9ZJT6Q, STM32WB05KZV6TR, STM32WB05KZV7TR, STM32WB05TZF6TR, STM32WB05TZF7TR, STM32WB06CCF6TR, STM32WB06CCF7TR, STM32WB06CCV6TR, STM32WB06CCV7TR, STM32WB06KCV6TR, STM32WB06KCV7TR, STM32WB07CCF6TR, STM32WB07CCF7TR, STM32WB07CCV6TR, STM32WB07CCV7TR, STM32WB07KCV6TR, STM32WB07KCV7TR, STM32WB09KEV6TR, STM32WB09KEV7TR, STM32WB09TEF6TR, STM32WB09TEF7TR, STM32WB1MMCH6, STM32WBA50KGU6, STM32WBA50KGU6TR, STM32WBA52CEU6, STM32WBA52CEU6TR, STM32WBA52CEU7, STM32WBA52CEU7TR, STM32WBA52CGU6, STM32WBA52CGU6TR, STM32WBA52CGU6U, STM32WBA52CGU7, STM32WBA52CGU7TR, STM32WBA52KEU6, STM32WBA52KEU6TR, STM32WBA52KGU6, STM32WBA52KGU6TR, STM32WBA54CEU6, STM32WBA54CEU6TR, STM32WBA54CEU7, STM32WBA54CEU7TR, STM32WBA54CGU6, STM32WBA54CGU6TR, STM32WBA54CGU7, STM32WBA54CGU7TR, STM32WBA54KEU6, STM32WBA54KEU6TR, STM32WBA54KEU7, STM32WBA54KEU7TR, STM32WBA54KGU6, STM32WBA54KGU6TR, STM32WBA54KGU7, STM32WBA54KGU7TR, STM32WBA55CEU6, STM32WBA55CEU6TR, STM32WBA55CEU7, STM32WBA55CEU7TR, STM32WBA55CGU6, STM32WBA55CGU6TR, STM32WBA55CGU6U, STM32WBA55CGU7, STM32WBA55CGU7TR, STM32WBA55G-DK1, STM32WBA55HEF6, STM32WBA55HEF7, STM32WBA55HGF6, STM32WBA55HGF7, STM32WBA55UEI6, STM32WBA55UEI6TR, STM32WBA55UEI7, STM32WBA55UEI7TR, STM32WBA55UGI6, STM32WBA55UGI6TR, STM32WBA55UGI7, STM32WBA55UGI7TR, STM32WL5MOCH6, STM32WL5MOCH6TR]
2025-07-22 23:00:35,478 [INFO] ApiDb:668 - CubeFinder database Data Model version=2.1
2025-07-22 23:00:35,478 [INFO] ApiDb:669 - CubeFinder database Configuration version=3.0.39
2025-07-22 23:00:35,478 [INFO] ApiDb:670 - CubeFinder database generation date=2025-07-18 (1752785937)
2025-07-22 23:00:35,478 [INFO] ApiDb:671 - CubeFinder database FW Pack versions=[FP-ATR-ASTRA1_V2.0.0, FP-SNS-FLIGHT1_V5.1.0, FP-SNS-MOTENV1_V5.0.0, FP-SNS-MOTENVWB1_V1.4.0, FP-SNS-SMARTAG2_V1.2.0, FP-SNS-STBOX1_V2.0.0, STM32Cube_FW_C0_V1.4.0, STM32Cube_FW_F4_V1.28.2, STM32Cube_FW_F7_V1.17.3, STM32Cube_FW_G0_V1.6.2, STM32Cube_FW_G4_V1.6.1, STM32Cube_FW_H5_V1.5.0, STM32Cube_FW_H7RS_V1.2.0, STM32Cube_FW_H7_V1.12.1, STM32Cube_FW_L0_V1.12.2, STM32Cube_FW_L4_V1.18.1, STM32Cube_FW_L5_V1.5.1, STM32Cube_FW_N6_V1.2.0, STM32Cube_FW_U0_V1.3.0, STM32Cube_FW_U3_V1.2.0, STM32Cube_FW_U5_V1.8.0, STM32Cube_FW_WB0_V1.3.0, STM32Cube_FW_WBA_V1.7.0, STM32Cube_FW_WB_V1.23.0, STM32Cube_FW_WL3_V1.2.0, STM32Cube_FW_WL_V1.3.1, X-CUBE-ALGOBUILD_V1.4.0, X-CUBE-ALS_V1.0.2, X-CUBE-AZRTOS-F4_V1.1.0, X-CUBE-AZRTOS-F7_V1.1.0, X-CUBE-AZRTOS-G0_V1.1.0, X-CUBE-AZRTOS-G4_V2.0.0, X-CUBE-AZRTOS-H7RS_V1.1.0, X-CUBE-AZRTOS-H7_V3.3.0, X-CUBE-AZRTOS-L4_V2.0.0, X-CUBE-AZRTOS-L5_V2.0.0, X-CUBE-AZRTOS-WB_V2.0.0, X-CUBE-AZRTOS-WL_V2.0.0, X-CUBE-BLE1_V7.1.0, X-CUBE-BLE2_V3.3.0, X-CUBE-BLEMGR_V4.0.0, X-CUBE-EEPRMA1_V5.1.0, X-CUBE-FREERTOS_V1.3.1, X-CUBE-GNSS1_V6.0.0, X-CUBE-MEMS1_V11.3.0, X-CUBE-NFC4_V3.0.0, X-CUBE-NFC7_V2.0.0, X-CUBE-SFXS2LP1_V4.0.0, X-CUBE-SUBG2_V5.0.0, X-CUBE-TOF1_V3.4.3]
2025-07-22 23:00:37,136 [INFO] ApiDb:240 - Found 646 in-development CPN: [B-G473E-ZEST1S, B-WB1M-WPAN1, B-WL5M-SUBG1, NUCLEO-C031C6, NUCLEO-C071RB, NUCLEO-H503RB, NUCLEO-H533RE, NUCLEO-H563ZI, NUCLEO-H7S3L8, NUCLEO-U031R8, NUCLEO-U083RC, NUCLEO-U545RE-Q, NUCLEO-U5A5ZJ-Q, NUCLEO-WB05KZ, NUCLEO-WB07CC, NUCLEO-WB09KE, NUCLEO-WBA52CG, NUCLEO-WBA55CG, STEVAL-PROTEUS1, STEVAL-SMARTAG2, STEVAL-STWINBX1, STM320518-EVAL, STM32C0116-DK, STM32C011D6Y3TR, STM32C011D6Y6TR, STM32C011F4P3, STM32C011F4P6, STM32C011F4U3, STM32C011F4U6TR, STM32C011F6P3, STM32C011F6P6, STM32C011F6U3, STM32C011F6U6TR, STM32C011J4M3, STM32C011J4M6, STM32C011J6M3, STM32C011J6M6, STM32C0316-DK, STM32C031C4T3, STM32C031C4T6, STM32C031C4U3, STM32C031C4U6, STM32C031C6T3, STM32C031C6T6, STM32C031C6U3, STM32C031C6U6, STM32C031F4P3, STM32C031F4P6, STM32C031F6P3, STM32C031F6P6, STM32C031G4U3, STM32C031G4U6, STM32C031G6U3, STM32C031G6U6, STM32C031K4T3, STM32C031K4T6, STM32C031K4U3, STM32C031K4U6, STM32C031K6T3, STM32C031K6T6, STM32C031K6U3, STM32C031K6U6, STM32C071C8T6, STM32C071C8T6N, STM32C071C8U6, STM32C071C8U6N, STM32C071CBT6, STM32C071CBT6N, STM32C071CBU6, STM32C071CBU6N, STM32C071F8P6, STM32C071F8P6N, STM32C071FBP6, STM32C071FBP6N, STM32C071FBY6TR, STM32C071G8U6, STM32C071G8U6N, STM32C071GBU6, STM32C071GBU6N, STM32C071K8T6, STM32C071K8T6N, STM32C071K8U6, STM32C071K8U6N, STM32C071KBT6, STM32C071KBT6N, STM32C071KBU6, STM32C071KBU6N, STM32C071R8T6, STM32C071R8T6N, STM32C071RBI6N, STM32C071RBT6, STM32C071RBT6N, STM32G071K8TXN, STM32G071K8UXN, STM32G081GBU6N, STM32G081KBT6N, STM32G081KBUXN, STM32G0B1CCT6N, STM32G0B1KCT6, STM32G0B1NEY6TR, STM32G0B1RCT6N, STM32G0C1CCT6, STM32G0C1CCT6N, STM32G0C1CCU6N, STM32G0C1CET6N, STM32G0C1CEU6N, STM32G0C1KCT6, STM32G0C1NEY6TR, STM32G0C1RCI6N, STM32G0C1RCT6N, STM32G0C1REI6N, STM32G0C1RET6N, STM32G0C1VCI6, STM32G0C1VEI6, STM32G411C6T3, STM32G411C6T6, STM32G411C6U3, STM32G411C6U6, STM32G411C8T3, STM32G411C8T6, STM32G411C8U3, STM32G411C8U6, STM32G411CBT3, STM32G411CBT6, STM32G411CBU3, STM32G411CBU6, STM32G411K6T3, STM32G411K6T6, STM32G411K6U3, STM32G411K6U6, STM32G411K8T3, STM32G411K8T6, STM32G411K8U3, STM32G411K8U6, STM32G411KBT3, STM32G411KBT6, STM32G411KBU3, STM32G411KBU6, STM32G411M6T3, STM32G411M6T6, STM32G411M8T3, STM32G411M8T6, STM32G411MBT3, STM32G411MBT6, STM32G411R6T3, STM32G411R6T6, STM32G411R8T3, STM32G411R8T6, STM32G411RBT3, STM32G411RBT6, STM32G414CBT3, STM32G414CBT6, STM32G414CBU3, STM32G414CBU6, STM32G414CCT3, STM32G414CCT6, STM32G414CCU3, STM32G414CCU6, STM32G414MBT3, STM32G414MBT6, STM32G414MCT3, STM32G414MCT6, STM32G414RBT3, STM32G414RBT6, STM32G414RCT3, STM32G414RCT6, STM32G414VBT3, STM32G414VBT6, STM32G414VCT3, STM32G414VCT6, STM32G431CBT3Z, STM32G431RBT3Z, STM32G471CCT6, STM32G471CCU6, STM32G471CET3, STM32G471CET6, STM32G471CEU3, STM32G471CEU6, STM32G471MCT6, STM32G471MET3, STM32G471MET6, STM32G471MEY6TR, STM32G471QCT6, STM32G471QET3, STM32G471RCT6, STM32G471RET3, STM32G471RET6, STM32G471VCH6, STM32G471VCI6, STM32G471VCT6, STM32G471VEH3, STM32G471VEH6, STM32G471VEI3, STM32G471VEI6, STM32G471VET3, STM32G471VET6, STM32G473QET3Z, STM32G473RET3Z, STM32G474CCT6, STM32G491RET3Z, STM32H503CBT6, STM32H503CBU6, STM32H503EBY6TR, STM32H503KBU6, STM32H503RBT6, STM32H523CCT6, STM32H523CCU6, STM32H523CET6, STM32H523CEU6, STM32H523HEY6TR, STM32H523RCT6, STM32H523RET6, STM32H523VCI6, STM32H523VCT6, STM32H523VEI6, STM32H523VET6, STM32H523ZCJ6, STM32H523ZCT6, STM32H523ZEJ6, STM32H523ZET6, STM32H533CET6, STM32H533CEU6, STM32H533HEY6TR, STM32H533RET6, STM32H533VEI6, STM32H533VET6, STM32H533ZEJ6, STM32H533ZET6, STM32H562AGI6, STM32H562AII6, STM32H562IGK6, STM32H562IGT6, STM32H562IIK6, STM32H562IIT6, STM32H562RGT6, STM32H562RGV6, STM32H562RIT6, STM32H562RIV6, STM32H562VGT6, STM32H562VIT6, STM32H562ZGT6, STM32H562ZIT6, STM32H563AGI6, STM32H563AII3Q, STM32H563AII6, STM32H563IGK6, STM32H563IGT6, STM32H563IIK3Q, STM32H563IIK6, STM32H563IIT3Q, STM32H563IIT6, STM32H563MIY3QTR, STM32H563RGT6, STM32H563RGV6, STM32H563RIT6, STM32H563RIV6, STM32H563VGT6, STM32H563VIT3Q, STM32H563VIT6, STM32H563ZGT6, STM32H563ZIT3Q, STM32H563ZIT6, STM32H573AII3Q, STM32H573AII6, STM32H573I-DK, STM32H573IIK3Q, STM32H573IIK6, STM32H573IIT3Q, STM32H573IIT6, STM32H573MIY3QTR, STM32H573RIT6, STM32H573RIV6, STM32H573VIT3Q, STM32H573VIT6, STM32H573ZIT3Q, STM32H573ZIT6, STM32H7R3A8I6, STM32H7R3I8K6, STM32H7R3I8T6, STM32H7R3L8H6, STM32H7R3L8H6H, STM32H7R3R8V6, STM32H7R3V8H6, STM32H7R3V8T6, STM32H7R3V8Y6TR, STM32H7R3Z8J6, STM32H7R3Z8T6, STM32H7R7A8I6, STM32H7R7I8K6, STM32H7R7I8T6, STM32H7R7L8H6, STM32H7R7L8H6H, STM32H7R7Z8J6, STM32H7S3A8I6, STM32H7S3I8K6, STM32H7S3I8T6, STM32H7S3L8H6, STM32H7S3L8H6H, STM32H7S3R8V6, STM32H7S3V8H6, STM32H7S3V8T6, STM32H7S3V8Y6TR, STM32H7S3Z8J6, STM32H7S3Z8T6, STM32H7S78-DK, STM32H7S7A8I6, STM32H7S7I8K6, STM32H7S7I8T6, STM32H7S7L8H6, STM32H7S7L8H6H, STM32H7S7Z8J6, STM32L4R5QGI6STR, STM32MP131AAE3, STM32MP131AAF3, STM32MP131AAG3, STM32MP131CAE3, STM32MP131CAF3, STM32MP131CAG3, STM32MP131DAE7, STM32MP131DAF7, STM32MP131DAG7, STM32MP131FAE7, STM32MP131FAF7, STM32MP131FAG7, STM32MP133AAE3, STM32MP133AAF3, STM32MP133AAG3, STM32MP133CAE3, STM32MP133CAF3, STM32MP133CAG3, STM32MP133DAE7, STM32MP133DAF7, STM32MP133DAG7, STM32MP133FAE7, STM32MP133FAF7, STM32MP133FAG7, STM32MP135AAE3, STM32MP135AAF3, STM32MP135AAG3, STM32MP135CAE3, STM32MP135CAF3, STM32MP135CAG3, STM32MP135DAE7, STM32MP135DAF7, STM32MP135DAG7, STM32MP135F-DK, STM32MP135FAE7, STM32MP135FAF7, STM32MP135FAF7T, STM32MP135FAF7U, STM32MP135FAG7, STM32MP251AAI3, STM32MP251AAK3, STM32MP251AAL3, STM32MP251CAI3, STM32MP251CAK3, STM32MP251CAL3, STM32MP251DAI3, STM32MP251DAK3, STM32MP251DAL3, STM32MP251FAI3, STM32MP251FAK3, STM32MP251FAL3, STM32MP253AAI3, STM32MP253AAK3, STM32MP253AAL3, STM32MP253CAI3, STM32MP253CAK3, STM32MP253CAL3, STM32MP253DAI3, STM32MP253DAK3, STM32MP253DAL3, STM32MP253FAI3, STM32MP253FAK3, STM32MP253FAL3, STM32MP255AAI3, STM32MP255AAK3, STM32MP255AAL3, STM32MP255CAI3, STM32MP255CAK3, STM32MP255CAL3, STM32MP255DAI3, STM32MP255DAK3, STM32MP255DAL3, STM32MP255FAI3, STM32MP255FAK3, STM32MP255FAL3, STM32MP257AAI3, STM32MP257AAK3, STM32MP257AAL3, STM32MP257CAI3, STM32MP257CAK3, STM32MP257CAL3, STM32MP257DAI3, STM32MP257DAK3, STM32MP257DAL3, STM32MP257F-DK, STM32MP257F-EV1, STM32MP257FAI3, STM32MP257FAK3, STM32MP257FAL3, STM32U031C6T6, STM32U031C6U6, STM32U031C8T6, STM32U031C8U6, STM32U031F4P6, STM32U031F6P6, STM32U031F8P6, STM32U031G6Y6TR, STM32U031G8Y6TR, STM32U031K4U6, STM32U031K6U6, STM32U031K8U6, STM32U031R6I6, STM32U031R6T6, STM32U031R8I6, STM32U031R8T6, STM32U073C8T6, STM32U073C8U6, STM32U073CBT6, STM32U073CBU6, STM32U073CCT6, STM32U073CCU6, STM32U073H8Y6TR, STM32U073HBY6TR, STM32U073HCY6TR, STM32U073K8U6, STM32U073KBU6, STM32U073KCU6, STM32U073M8I6, STM32U073M8T6, STM32U073MBI6, STM32U073MBT6, STM32U073MCI6, STM32U073MCT6, STM32U073R8I6, STM32U073R8T6, STM32U073RBI6, STM32U073RBT6, STM32U073RCI6, STM32U073RCT6, STM32U083C-DK, STM32U083CCT6, STM32U083CCU6, STM32U083HCY6TR, STM32U083KCU6, STM32U083MCI6, STM32U083MCT6, STM32U083RCI6, STM32U083RCT6, STM32U535CBT6, STM32U535CBT6Q, STM32U535CBU6, STM32U535CBU6Q, STM32U535CCT6, STM32U535CCT6Q, STM32U535CCU6, STM32U535CCU6Q, STM32U535CET6, STM32U535CET6Q, STM32U535CEU6, STM32U535CEU6Q, STM32U535JEY6QTR, STM32U535NCY6QTR, STM32U535NEY6QTR, STM32U535RBI6, STM32U535RBI6Q, STM32U535RBT6, STM32U535RBT6Q, STM32U535RCI6, STM32U535RCI6Q, STM32U535RCT6, STM32U535RCT6Q, STM32U535REI6, STM32U535REI6Q, STM32U535RET6, STM32U535RET6Q, STM32U535VCI6, STM32U535VCI6Q, STM32U535VCT6, STM32U535VCT6Q, STM32U535VEI6, STM32U535VEI6Q, STM32U535VET6, STM32U535VET6Q, STM32U545CET6, STM32U545CET6Q, STM32U545CEU6, STM32U545CEU6Q, STM32U545JEY6QTR, STM32U545NEY6QTR, STM32U545REI6, STM32U545REI6Q, STM32U545RET6, STM32U545RET6Q, STM32U545VEI6, STM32U545VEI6Q, STM32U545VET6, STM32U545VET6Q, STM32U595AIH6, STM32U595AIH6Q, STM32U595AJH6, STM32U595AJH6Q, STM32U595QII6, STM32U595QII6Q, STM32U595QJI6, STM32U595QJI6Q, STM32U595RIT6, STM32U595RIT6Q, STM32U595RJT6, STM32U595RJT6Q, STM32U595VIT6, STM32U595VIT6Q, STM32U595VJT6, STM32U595VJT6Q, STM32U595ZIT6, STM32U595ZIT6Q, STM32U595ZIY6QTR, STM32U595ZJT6, STM32U595ZJT6Q, STM32U595ZJY6QTR, STM32U599BJY6QTR, STM32U599NIH6Q, STM32U599NJH6Q, STM32U599VIT6Q, STM32U599VJT6, STM32U599VJT6Q, STM32U599ZIT6Q, STM32U599ZIY6QTR, STM32U599ZJT6Q, STM32U599ZJY6QTR, STM32U5A5AJH6, STM32U5A5AJH6Q, STM32U5A5QII3Q , STM32U5A5QJI6, STM32U5A5QJI6Q, STM32U5A5RJT6, STM32U5A5RJT6Q, STM32U5A5VJT6, STM32U5A5VJT6Q, STM32U5A5ZJT6, STM32U5A5ZJT6Q, STM32U5A5ZJY6QTR, STM32U5A9BJY6QTR, STM32U5A9J-DK, STM32U5A9NJH6Q, STM32U5A9VJT6Q, STM32U5A9ZJT6Q, STM32U5A9ZJY6QTR, STM32U5F7VIT6, STM32U5F7VIT6Q, STM32U5F7VJT6, STM32U5F7VJT6Q, STM32U5F9BJY6QTR, STM32U5F9NJH6Q, STM32U5F9VIT6Q, STM32U5F9VJT6Q, STM32U5F9ZIJ6QTR, STM32U5F9ZIT6Q, STM32U5F9ZJJ6QTR, STM32U5F9ZJT6Q, STM32U5G7VJT6, STM32U5G7VJT6Q, STM32U5G9BJY6QTR, STM32U5G9J-DK1, STM32U5G9J-DK2, STM32U5G9NJH6Q, STM32U5G9VJT6Q, STM32U5G9ZJJ6QTR, STM32U5G9ZJT6Q, STM32WB05KZV6TR, STM32WB05KZV7TR, STM32WB05TZF6TR, STM32WB05TZF7TR, STM32WB06CCF6TR, STM32WB06CCF7TR, STM32WB06CCV6TR, STM32WB06CCV7TR, STM32WB06KCV6TR, STM32WB06KCV7TR, STM32WB07CCF6TR, STM32WB07CCF7TR, STM32WB07CCV6TR, STM32WB07CCV7TR, STM32WB07KCV6TR, STM32WB07KCV7TR, STM32WB09KEV6TR, STM32WB09KEV7TR, STM32WB09TEF6TR, STM32WB09TEF7TR, STM32WB1MMCH6, STM32WBA50KGU6, STM32WBA50KGU6TR, STM32WBA52CEU6, STM32WBA52CEU6TR, STM32WBA52CEU7, STM32WBA52CEU7TR, STM32WBA52CGU6, STM32WBA52CGU6TR, STM32WBA52CGU6U, STM32WBA52CGU7, STM32WBA52CGU7TR, STM32WBA52KEU6, STM32WBA52KEU6TR, STM32WBA52KGU6, STM32WBA52KGU6TR, STM32WBA54CEU6, STM32WBA54CEU6TR, STM32WBA54CEU7, STM32WBA54CEU7TR, STM32WBA54CGU6, STM32WBA54CGU6TR, STM32WBA54CGU7, STM32WBA54CGU7TR, STM32WBA54KEU6, STM32WBA54KEU6TR, STM32WBA54KEU7, STM32WBA54KEU7TR, STM32WBA54KGU6, STM32WBA54KGU6TR, STM32WBA54KGU7, STM32WBA54KGU7TR, STM32WBA55CEU6, STM32WBA55CEU6TR, STM32WBA55CEU7, STM32WBA55CEU7TR, STM32WBA55CGU6, STM32WBA55CGU6TR, STM32WBA55CGU6U, STM32WBA55CGU7, STM32WBA55CGU7TR, STM32WBA55G-DK1, STM32WBA55HEF6, STM32WBA55HEF7, STM32WBA55HGF6, STM32WBA55HGF7, STM32WBA55UEI6, STM32WBA55UEI6TR, STM32WBA55UEI7, STM32WBA55UEI7TR, STM32WBA55UGI6, STM32WBA55UGI6TR, STM32WBA55UGI7, STM32WBA55UGI7TR, STM32WL5MOCH6, STM32WL5MOCH6TR]
2025-07-22 23:00:37,143 [INFO] DbMcus:218 - Found 4733 MCUs, 4733 are supported
2025-07-22 23:00:37,144 [INFO] ApiDb:423 - Load user favorites file C:\Users\nicks/.stm32cubeide/favorites.mcus.txt: 0 item(s)
2025-07-22 23:00:37,144 [INFO] ApiDb:427 - User favorites MCUs=[]
2025-07-22 23:00:37,144 [INFO] DbMcus:224 - Set 0 / 0 favorites MCUs
2025-07-22 23:00:37,365 [INFO] BoardInfo:889 - No configuration file found for board B-WBA5M-WPAN
2025-07-22 23:00:37,366 [INFO] DbBoards:161 - Board is not supported: B-WBA5M-WPAN
2025-07-22 23:00:37,369 [INFO] BoardInfo:889 - No configuration file found for board NUCLEO-C051C8
2025-07-22 23:00:37,369 [INFO] DbBoards:161 - Board is not supported: NUCLEO-C051C8
2025-07-22 23:00:37,374 [INFO] BoardInfo:889 - No configuration file found for board NUCLEO-C092RC
2025-07-22 23:00:37,375 [INFO] DbBoards:161 - Board is not supported: NUCLEO-C092RC
2025-07-22 23:00:37,461 [INFO] BoardInfo:889 - No configuration file found for board NUCLEO-N657X0-Q
2025-07-22 23:00:37,462 [INFO] DbBoards:161 - Board is not supported: NUCLEO-N657X0-Q
2025-07-22 23:00:37,465 [INFO] BoardInfo:889 - No configuration file found for board NUCLEO-U385RG-Q
2025-07-22 23:00:37,465 [INFO] DbBoards:161 - Board is not supported: NUCLEO-U385RG-Q
2025-07-22 23:00:37,477 [INFO] BoardInfo:889 - No configuration file found for board NUCLEO-WBA65RI
2025-07-22 23:00:37,478 [INFO] DbBoards:161 - Board is not supported: NUCLEO-WBA65RI
2025-07-22 23:00:37,478 [INFO] BoardInfo:889 - No configuration file found for board NUCLEO-WL33CC1
2025-07-22 23:00:37,479 [INFO] DbBoards:161 - Board is not supported: NUCLEO-WL33CC1
2025-07-22 23:00:37,479 [INFO] BoardInfo:889 - No configuration file found for board NUCLEO-WL33CC2
2025-07-22 23:00:37,480 [INFO] DbBoards:161 - Board is not supported: NUCLEO-WL33CC2
2025-07-22 23:00:37,484 [INFO] BoardInfo:889 - No configuration file found for board P-NUCLEO-WB55
2025-07-22 23:00:37,485 [INFO] DbBoards:161 - Kit is not supported: P-NUCLEO-WB55
2025-07-22 23:00:37,488 [INFO] BoardInfo:889 - No configuration file found for board STEVAL-BFA001V1B
2025-07-22 23:00:37,489 [INFO] DbBoards:161 - Kit is not supported: STEVAL-BFA001V1B
2025-07-22 23:00:37,489 [INFO] BoardInfo:889 - No configuration file found for board STEVAL-BFA001V2B
2025-07-22 23:00:37,490 [INFO] DbBoards:161 - Kit is not supported: STEVAL-BFA001V2B
2025-07-22 23:00:37,597 [INFO] BoardInfo:889 - No configuration file found for board STM32N6570-DK
2025-07-22 23:00:37,598 [INFO] DbBoards:161 - Board is not supported: STM32N6570-DK
2025-07-22 23:00:37,610 [INFO] BoardInfo:889 - No configuration file found for board STM32WBA65I-DK1
2025-07-22 23:00:37,610 [INFO] DbBoards:161 - Board is not supported: STM32WBA65I-DK1
2025-07-22 23:00:37,610 [INFO] DbBoards:168 - Found 211 boards, 198 are supported
2025-07-22 23:00:37,610 [INFO] DbBoards:169 - Found 211 boards, 25 of them is supported for  Bsp
2025-07-22 23:00:37,612 [INFO] ApiDb:423 - Load user favorites file C:\Users\nicks/.stm32cubeide/favorites.boards.txt: 0 item(s)
2025-07-22 23:00:37,612 [INFO] ApiDb:427 - User favorites Boards=[]
2025-07-22 23:00:37,612 [INFO] DbBoards:198 - Set 0 / 0 favorites Boards
2025-07-22 23:00:37,653 [INFO] UtilMem:75 - End LoadConfig() Used Memory: 235927920 Bytes (363855872)
2025-07-22 23:00:37,761 [WARN] ThirdParty:833 - waiting for thirdparty lock release [change project]
2025-07-22 23:00:37,761 [INFO] ThirdParty:835 - entering critical section [change project]
2025-07-22 23:00:37,761 [INFO] ThirdParty:1030 - CMSIS Pack Vendor :STMicroelectronics X-CUBE-PM33A1 1.0.0
2025-07-22 23:00:37,761 [INFO] ThirdParty:1030 - CMSIS Pack Vendor :STMicroelectronics USBPD 4.1
2025-07-22 23:00:37,761 [INFO] ThirdParty:1030 - CMSIS Pack Vendor :STMicroelectronics X-CUBE-AZRTOS-H7 3.3.0
2025-07-22 23:00:37,761 [INFO] ThirdParty:1030 - CMSIS Pack Vendor :STMicroelectronics X-CUBE-NFC9 1.0.0
2025-07-22 23:00:37,761 [INFO] ThirdParty:1030 - CMSIS Pack Vendor :STMicroelectronics USB_HOST 2.0.0
2025-07-22 23:00:37,761 [INFO] ThirdParty:1030 - CMSIS Pack Vendor :STMicroelectronics FP-SNS-MOTENVWB1 1.4.0
2025-07-22 23:00:37,761 [INFO] ThirdParty:1030 - CMSIS Pack Vendor :STMicroelectronics X-CUBE-AZRTOS-F4 1.1.0
2025-07-22 23:00:37,761 [INFO] ThirdParty:1030 - CMSIS Pack Vendor :STMicroelectronics LIBJPEG 8.0.0
2025-07-22 23:00:37,762 [INFO] ThirdParty:1030 - CMSIS Pack Vendor :STMicroelectronics FP-ATR-ASTRA1 2.0.2
2025-07-22 23:00:37,762 [INFO] ThirdParty:1030 - CMSIS Pack Vendor :STMicroelectronics FP-ATR-ASTRA1 2.0.1
2025-07-22 23:00:37,762 [INFO] ThirdParty:1030 - CMSIS Pack Vendor :STMicroelectronics X-CUBE-BLE1 7.1.0
2025-07-22 23:00:37,762 [INFO] ThirdParty:1030 - CMSIS Pack Vendor :STMicroelectronics X-CUBE-SMBUS 2.1.0
2025-07-22 23:00:37,762 [INFO] ThirdParty:1030 - CMSIS Pack Vendor :STMicroelectronics X-CUBE-WB05N 1.1.0
2025-07-22 23:00:37,762 [INFO] ThirdParty:1030 - CMSIS Pack Vendor :wolfSSL I-CUBE-wolfMQTT 1.19.2
2025-07-22 23:00:37,762 [INFO] ThirdParty:1030 - CMSIS Pack Vendor :STMicroelectronics USB_DEVICE 3.0.0
2025-07-22 23:00:37,762 [INFO] ThirdParty:1030 - CMSIS Pack Vendor :STMicroelectronics X-CUBE-ISPU 2.1.0
2025-07-22 23:00:37,762 [INFO] ThirdParty:1030 - CMSIS Pack Vendor :STMicroelectronics X-CUBE-EEPRMA1 5.2.0
2025-07-22 23:00:37,762 [INFO] ThirdParty:1030 - CMSIS Pack Vendor :STMicroelectronics X-CUBE-AZRTOS-WB 2.0.0
2025-07-22 23:00:37,762 [INFO] ThirdParty:1030 - CMSIS Pack Vendor :STMicroelectronics X-CUBE-GNSS1 7.0.1
2025-07-22 23:00:37,762 [INFO] ThirdParty:1030 - CMSIS Pack Vendor :STMicroelectronics X-CUBE-NFC12 1.0.0
2025-07-22 23:00:37,762 [INFO] ThirdParty:1030 - CMSIS Pack Vendor :STMicroelectronics X-CUBE-AZRTOS-F7 1.1.0
2025-07-22 23:00:37,762 [INFO] ThirdParty:1030 - CMSIS Pack Vendor :STMicroelectronics X-CUBE-AZRTOS-L5 2.0.0
2025-07-22 23:00:37,762 [INFO] ThirdParty:1030 - CMSIS Pack Vendor :STMicroelectronics X-CUBE-TOUCHGFX 4.25.0
2025-07-22 23:00:37,762 [INFO] ThirdParty:1030 - CMSIS Pack Vendor :STMicroelectronics USB_DEVICE 2.0.0
2025-07-22 23:00:37,762 [INFO] ThirdParty:1030 - CMSIS Pack Vendor :STMicroelectronics X-CUBE-NFC6 3.1.0
2025-07-22 23:00:37,762 [INFO] ThirdParty:1030 - CMSIS Pack Vendor :STMicroelectronics X-CUBE-AI 10.1.0
2025-07-22 23:00:37,762 [INFO] ThirdParty:1030 - CMSIS Pack Vendor :STMicroelectronics X-CUBE-MEMS1 11.2.0
2025-07-22 23:00:37,762 [INFO] ThirdParty:1030 - CMSIS Pack Vendor :STMicroelectronics FreeRTOS 0.0.1
2025-07-22 23:00:37,762 [INFO] ThirdParty:1030 - CMSIS Pack Vendor :STMicroelectronics X-CUBE-AZRTOS-G0 1.1.0
2025-07-22 23:00:37,762 [INFO] ThirdParty:1030 - CMSIS Pack Vendor :STMicroelectronics X-CUBE-SAFEA1 1.2.2
2025-07-22 23:00:37,762 [INFO] ThirdParty:1030 - CMSIS Pack Vendor :STMicroelectronics X-CUBE-NFC4 3.0.0
2025-07-22 23:00:37,762 [INFO] ThirdParty:1030 - CMSIS Pack Vendor :STMicroelectronics X-CUBE-SUBG2 5.0.0
2025-07-22 23:00:37,762 [INFO] ThirdParty:1030 - CMSIS Pack Vendor :STMicroelectronics X-CUBE-AZRTOS-H7RS 1.1.0
2025-07-22 23:00:37,762 [INFO] ThirdParty:1030 - CMSIS Pack Vendor :STMicroelectronics STM32_WPAN 1.0.0
2025-07-22 23:00:37,762 [INFO] ThirdParty:1030 - CMSIS Pack Vendor :EmbeddedOffice I-CUBE-FS-RTOS 1.0.1
2025-07-22 23:00:37,762 [INFO] ThirdParty:1030 - CMSIS Pack Vendor :STMicroelectronics lwIP 2.0.3
2025-07-22 23:00:37,762 [INFO] ThirdParty:1030 - CMSIS Pack Vendor :STMicroelectronics FP-SNS-FLIGHT1 5.0.2
2025-07-22 23:00:37,762 [INFO] ThirdParty:1030 - CMSIS Pack Vendor :Cesanta I-CUBE-Mongoose 7.13.0
2025-07-22 23:00:37,762 [INFO] ThirdParty:1030 - CMSIS Pack Vendor :STMicroelectronics USB_HOST 1.0.0
2025-07-22 23:00:37,762 [INFO] ThirdParty:1030 - CMSIS Pack Vendor :Infineon AIROC-Wi-Fi-Bluetooth-STM32 1.7.0
2025-07-22 23:00:37,763 [INFO] ThirdParty:1030 - CMSIS Pack Vendor :STMicroelectronics X-CUBE-AZRTOS-G4 2.0.0
2025-07-22 23:00:37,763 [INFO] ThirdParty:1030 - CMSIS Pack Vendor :STMicroelectronics X-CUBE-WB05N 2.0.0
2025-07-22 23:00:37,763 [INFO] ThirdParty:1030 - CMSIS Pack Vendor :STMicroelectronics PDM2PCM 3.1.0
2025-07-22 23:00:37,763 [INFO] ThirdParty:1030 - CMSIS Pack Vendor :STMicroelectronics PDM2PCM 3.3.0
2025-07-22 23:00:37,763 [INFO] ThirdParty:1030 - CMSIS Pack Vendor :wolfSSL I-CUBE-wolfTPM 3.8.0
2025-07-22 23:00:37,763 [INFO] ThirdParty:1030 - CMSIS Pack Vendor :STMicroelectronics X-CUBE-AZRTOS-H7 3.4.0
2025-07-22 23:00:37,763 [INFO] ThirdParty:1030 - CMSIS Pack Vendor :STMicroelectronics X-CUBE-DISPLAY 3.0.0
2025-07-22 23:00:37,763 [INFO] ThirdParty:1030 - CMSIS Pack Vendor :wolfSSL I-CUBE-wolfSSH 1.4.20
2025-07-22 23:00:37,763 [INFO] ThirdParty:1030 - CMSIS Pack Vendor :STMicroelectronics X-CUBE-NFC7 2.0.0
2025-07-22 23:00:37,763 [INFO] ThirdParty:1030 - CMSIS Pack Vendor :RealThread X-CUBE-RT-Thread_Nano 4.1.1
2025-07-22 23:00:37,763 [INFO] ThirdParty:1030 - CMSIS Pack Vendor :STMicroelectronics FP-ATR-SIGFOX1 3.2.0
2025-07-22 23:00:37,763 [INFO] ThirdParty:1030 - CMSIS Pack Vendor :STMicroelectronics X-CUBE-NFC10 1.0.0
2025-07-22 23:00:37,763 [INFO] ThirdParty:1030 - CMSIS Pack Vendor :STMicroelectronics X-CUBE-BLEMGR 4.0.0
2025-07-22 23:00:37,763 [INFO] ThirdParty:1030 - CMSIS Pack Vendor :STMicroelectronics X-CUBE-EEPRMA1 5.1.0
2025-07-22 23:00:37,763 [INFO] ThirdParty:1030 - CMSIS Pack Vendor :STMicroelectronics X-CUBE-FREERTOS 1.3.1
2025-07-22 23:00:37,763 [INFO] ThirdParty:1030 - CMSIS Pack Vendor :STMicroelectronics HAL Drivers 0.0.0
2025-07-22 23:00:37,763 [INFO] ThirdParty:1030 - CMSIS Pack Vendor :STMicroelectronics MBEDTLS 2.16.2
2025-07-22 23:00:37,763 [INFO] ThirdParty:1030 - CMSIS Pack Vendor :STMicroelectronics X-CUBE-ALS 1.0.2
2025-07-22 23:00:37,763 [INFO] ThirdParty:1030 - CMSIS Pack Vendor :emotas I-CUBE-CANOPEN 1.3.0
2025-07-22 23:00:37,763 [INFO] ThirdParty:1030 - CMSIS Pack Vendor :STMicroelectronics X-CUBE-FREERTOS 1.3.0
2025-07-22 23:00:37,763 [INFO] ThirdParty:1030 - CMSIS Pack Vendor :STMicroelectronics X-CUBE-NFC7 1.0.1
2025-07-22 23:00:37,763 [INFO] ThirdParty:1030 - CMSIS Pack Vendor :STMicroelectronics MBEDTLS 2.14.1
2025-07-22 23:00:37,763 [INFO] ThirdParty:1030 - CMSIS Pack Vendor :wolfSSL I-CUBE-wolfSSL 5.7.6
2025-07-22 23:00:37,763 [INFO] ThirdParty:1030 - CMSIS Pack Vendor :ITTIA_DB I-CUBE-ITTIADB 8.9.0
2025-07-22 23:00:37,763 [INFO] ThirdParty:1030 - CMSIS Pack Vendor :portGmbH I-Cube-SoM-uGOAL 1.1.0
2025-07-22 23:00:37,763 [INFO] ThirdParty:1030 - CMSIS Pack Vendor :quantropi X-CUBE-qispace-sdk-base 2.0.0
2025-07-22 23:00:37,763 [INFO] ThirdParty:1030 - CMSIS Pack Vendor :STMicroelectronics X-CUBE-AI 10.0.0
2025-07-22 23:00:37,763 [INFO] ThirdParty:1030 - CMSIS Pack Vendor :STMicroelectronics ThreadX 1.0.0
2025-07-22 23:00:37,763 [INFO] ThirdParty:1030 - CMSIS Pack Vendor :STMicroelectronics FP-SNS-SMARTAG2 1.2.0
2025-07-22 23:00:37,763 [INFO] ThirdParty:1030 - CMSIS Pack Vendor :STMicroelectronics X-CUBE-AZRTOS-WL 2.0.0
2025-07-22 23:00:37,763 [INFO] ThirdParty:1030 - CMSIS Pack Vendor :SEGGER I-CUBE-embOS 1.3.1
2025-07-22 23:00:37,763 [INFO] ThirdParty:1030 - CMSIS Pack Vendor :STMicroelectronics X-CUBE-ALGOBUILD 1.4.0
2025-07-22 23:00:37,763 [INFO] ThirdParty:1030 - CMSIS Pack Vendor :STMicroelectronics X-CUBE-DPower 1.3.0
2025-07-22 23:00:37,763 [INFO] ThirdParty:1030 - CMSIS Pack Vendor :STMicroelectronics X-CUBE-MEMS1 11.3.0
2025-07-22 23:00:37,763 [INFO] ThirdParty:1030 - CMSIS Pack Vendor :STMicroelectronics FP-SNS-MOTENV1 5.0.0
2025-07-22 23:00:37,763 [INFO] ThirdParty:1030 - CMSIS Pack Vendor :STMicroelectronics USB_DEVICE 1.0.0
2025-07-22 23:00:37,763 [INFO] ThirdParty:1030 - CMSIS Pack Vendor :STMicroelectronics X-CUBE-AZRTOS-L4 2.0.0
2025-07-22 23:00:37,764 [INFO] ThirdParty:1030 - CMSIS Pack Vendor :STMicroelectronics ThreadX 0.0.2
2025-07-22 23:00:37,764 [INFO] ThirdParty:1030 - CMSIS Pack Vendor :WES I-CUBE-Cesium 1.3.0
2025-07-22 23:00:37,764 [INFO] ThirdParty:1030 - CMSIS Pack Vendor :STMicroelectronics lwIP 2.1.2
2025-07-22 23:00:37,764 [INFO] ThirdParty:1030 - CMSIS Pack Vendor :STMicroelectronics X-CUBE-SFXS2LP1 4.0.0
2025-07-22 23:00:37,764 [INFO] ThirdParty:1030 - CMSIS Pack Vendor :STMicroelectronics X-CUBE-BLE2 3.3.0
2025-07-22 23:00:37,764 [INFO] ThirdParty:1030 - CMSIS Pack Vendor :STMicroelectronics PDM2PCM 3.2.0
2025-07-22 23:00:37,764 [INFO] ThirdParty:841 - exiting critical section [change project]
2025-07-22 23:00:38,377 [INFO] PinOutPanel:1561 - setPackage(No Configuration,No Configuration)
2025-07-22 23:00:38,378 [INFO] PinOutPanel:1561 - setPackage(STM32H755ZITx,LQFP144)
2025-07-22 23:00:38,930 [INFO] UtilMem:75 - Before build in PCC Used Memory: 252110584 Bytes (393216000)
2025-07-22 23:00:39,574 [INFO] UtilMem:75 - After build in PCC Used Memory: 306467584 Bytes (393216000)
2025-07-22 23:00:39,616 [INFO] IPUIPlugin:80 - create IPUIPlugin
2025-07-22 23:00:39,616 [INFO] IPUIPlugin:80 - create IPUIPlugin
2025-07-22 23:00:39,616 [INFO] IPUIPlugin:80 - create IPUIPlugin
2025-07-22 23:00:39,616 [INFO] IPUIPlugin:80 - create IPUIPlugin
2025-07-22 23:00:39,616 [INFO] IPUIPlugin:80 - create IPUIPlugin
2025-07-22 23:00:39,616 [INFO] IPUIPlugin:80 - create IPUIPlugin
2025-07-22 23:00:39,616 [INFO] IPUIPlugin:80 - create IPUIPlugin
2025-07-22 23:00:39,616 [INFO] IPUIPlugin:80 - create IPUIPlugin
2025-07-22 23:00:39,617 [INFO] IPUIPlugin:80 - create IPUIPlugin
2025-07-22 23:00:39,617 [INFO] IPUIPlugin:80 - create IPUIPlugin
2025-07-22 23:00:39,617 [INFO] IPUIPlugin:80 - create IPUIPlugin
2025-07-22 23:00:39,617 [INFO] IPUIPlugin:80 - create IPUIPlugin
2025-07-22 23:00:39,617 [INFO] IPUIPlugin:80 - create IPUIPlugin
2025-07-22 23:00:39,617 [INFO] IPUIPlugin:80 - create IPUIPlugin
2025-07-22 23:00:39,617 [INFO] IPUIPlugin:80 - create IPUIPlugin
2025-07-22 23:00:39,617 [INFO] IPUIPlugin:80 - create IPUIPlugin
2025-07-22 23:00:39,617 [INFO] IPUIPlugin:80 - create IPUIPlugin
2025-07-22 23:00:39,618 [INFO] IPUIPlugin:80 - create IPUIPlugin
2025-07-22 23:00:39,618 [INFO] IPUIPlugin:80 - create IPUIPlugin
2025-07-22 23:00:39,618 [INFO] IPUIPlugin:80 - create IPUIPlugin
2025-07-22 23:00:39,618 [INFO] IPUIPlugin:80 - create IPUIPlugin
2025-07-22 23:00:39,618 [INFO] IPUIPlugin:80 - create IPUIPlugin
2025-07-22 23:00:39,618 [INFO] IPUIPlugin:80 - create IPUIPlugin
2025-07-22 23:00:39,618 [INFO] IPUIPlugin:80 - create IPUIPlugin
2025-07-22 23:00:39,618 [INFO] IPUIPlugin:80 - create IPUIPlugin
2025-07-22 23:00:39,618 [INFO] IPUIPlugin:80 - create IPUIPlugin
2025-07-22 23:00:39,618 [INFO] IPUIPlugin:80 - create IPUIPlugin
2025-07-22 23:00:39,618 [INFO] IPUIPlugin:80 - create IPUIPlugin
2025-07-22 23:00:39,618 [INFO] IPUIPlugin:80 - create IPUIPlugin
2025-07-22 23:00:39,618 [INFO] IPUIPlugin:80 - create IPUIPlugin
2025-07-22 23:00:39,619 [INFO] IPUIPlugin:80 - create IPUIPlugin
2025-07-22 23:00:39,619 [INFO] IPUIPlugin:80 - create IPUIPlugin
2025-07-22 23:00:39,619 [INFO] IPUIPlugin:80 - create IPUIPlugin
2025-07-22 23:00:39,619 [INFO] IPUIPlugin:80 - create IPUIPlugin
2025-07-22 23:00:39,619 [INFO] IPUIPlugin:80 - create IPUIPlugin
2025-07-22 23:00:39,619 [INFO] IPUIPlugin:80 - create IPUIPlugin
2025-07-22 23:00:39,619 [INFO] IPUIPlugin:80 - create IPUIPlugin
2025-07-22 23:00:39,619 [INFO] IPUIPlugin:80 - create IPUIPlugin
2025-07-22 23:00:39,619 [INFO] IPUIPlugin:80 - create IPUIPlugin
2025-07-22 23:00:39,620 [INFO] IPUIPlugin:80 - create IPUIPlugin
2025-07-22 23:00:39,620 [INFO] IPUIPlugin:80 - create IPUIPlugin
2025-07-22 23:00:39,620 [INFO] IPUIPlugin:80 - create IPUIPlugin
2025-07-22 23:00:39,621 [INFO] IPUIPlugin:80 - create IPUIPlugin
2025-07-22 23:00:39,621 [INFO] IPUIPlugin:80 - create IPUIPlugin
2025-07-22 23:00:39,621 [INFO] IPUIPlugin:80 - create IPUIPlugin
2025-07-22 23:00:39,621 [INFO] IPUIPlugin:80 - create IPUIPlugin
2025-07-22 23:00:39,622 [INFO] IPUIPlugin:80 - create IPUIPlugin
2025-07-22 23:00:39,622 [INFO] IPUIPlugin:80 - create IPUIPlugin
2025-07-22 23:00:39,622 [INFO] IPUIPlugin:80 - create IPUIPlugin
2025-07-22 23:00:39,622 [INFO] IPUIPlugin:80 - create IPUIPlugin
2025-07-22 23:00:39,623 [INFO] IPUIPlugin:80 - create IPUIPlugin
2025-07-22 23:00:39,623 [INFO] IPUIPlugin:80 - create IPUIPlugin
2025-07-22 23:00:39,623 [INFO] IPUIPlugin:80 - create IPUIPlugin
2025-07-22 23:00:39,623 [INFO] IPUIPlugin:80 - create IPUIPlugin
2025-07-22 23:00:39,624 [INFO] IPUIPlugin:80 - create IPUIPlugin
2025-07-22 23:00:39,624 [INFO] IPUIPlugin:80 - create IPUIPlugin
2025-07-22 23:00:39,624 [INFO] IPUIPlugin:80 - create IPUIPlugin
2025-07-22 23:00:39,624 [INFO] IPUIPlugin:80 - create IPUIPlugin
2025-07-22 23:00:39,625 [INFO] IPUIPlugin:80 - create IPUIPlugin
2025-07-22 23:00:39,628 [INFO] IPUIPlugin:80 - create IPUIPlugin
2025-07-22 23:00:39,629 [INFO] IPUIPlugin:80 - create IPUIPlugin
2025-07-22 23:00:39,629 [INFO] IPUIPlugin:80 - create IPUIPlugin
2025-07-22 23:00:39,629 [INFO] IPUIPlugin:80 - create IPUIPlugin
2025-07-22 23:00:39,629 [INFO] IPUIPlugin:80 - create IPUIPlugin
2025-07-22 23:00:39,630 [INFO] IPUIPlugin:80 - create IPUIPlugin
2025-07-22 23:00:39,630 [INFO] IPUIPlugin:80 - create IPUIPlugin
2025-07-22 23:00:39,630 [INFO] IPUIPlugin:80 - create IPUIPlugin
2025-07-22 23:00:39,630 [INFO] IPUIPlugin:80 - create IPUIPlugin
2025-07-22 23:00:39,630 [INFO] IPUIPlugin:80 - create IPUIPlugin
2025-07-22 23:00:39,631 [INFO] IPUIPlugin:80 - create IPUIPlugin
2025-07-22 23:00:39,631 [INFO] IPUIPlugin:80 - create IPUIPlugin
2025-07-22 23:00:39,631 [INFO] IPUIPlugin:80 - create IPUIPlugin
2025-07-22 23:00:39,631 [INFO] IPUIPlugin:80 - create IPUIPlugin
2025-07-22 23:00:39,632 [INFO] IPUIPlugin:80 - create IPUIPlugin
2025-07-22 23:00:39,632 [INFO] IPUIPlugin:80 - create IPUIPlugin
2025-07-22 23:00:39,632 [INFO] IPUIPlugin:80 - create IPUIPlugin
2025-07-22 23:00:39,632 [INFO] IPUIPlugin:80 - create IPUIPlugin
2025-07-22 23:00:39,632 [INFO] IPUIPlugin:80 - create IPUIPlugin
2025-07-22 23:00:39,632 [INFO] IPUIPlugin:80 - create IPUIPlugin
2025-07-22 23:00:39,633 [INFO] IPUIPlugin:80 - create IPUIPlugin
2025-07-22 23:00:39,633 [INFO] IPUIPlugin:80 - create IPUIPlugin
2025-07-22 23:00:39,633 [INFO] IPUIPlugin:80 - create IPUIPlugin
2025-07-22 23:00:39,633 [INFO] IPUIPlugin:80 - create IPUIPlugin
2025-07-22 23:00:39,634 [INFO] IPUIPlugin:80 - create IPUIPlugin
2025-07-22 23:00:39,634 [INFO] IPUIPlugin:80 - create IPUIPlugin
2025-07-22 23:00:39,634 [INFO] IPUIPlugin:80 - create IPUIPlugin
2025-07-22 23:00:39,634 [INFO] IPUIPlugin:80 - create IPUIPlugin
2025-07-22 23:00:39,634 [INFO] IPUIPlugin:80 - create IPUIPlugin
2025-07-22 23:00:39,635 [INFO] IPUIPlugin:80 - create IPUIPlugin
2025-07-22 23:00:39,635 [INFO] IPUIPlugin:80 - create IPUIPlugin
2025-07-22 23:00:39,635 [INFO] IPUIPlugin:80 - create IPUIPlugin
2025-07-22 23:00:39,635 [INFO] IPUIPlugin:80 - create IPUIPlugin
2025-07-22 23:00:39,636 [INFO] IPUIPlugin:80 - create IPUIPlugin
2025-07-22 23:00:39,636 [INFO] IPUIPlugin:80 - create IPUIPlugin
2025-07-22 23:00:39,636 [INFO] IPUIPlugin:80 - create IPUIPlugin
2025-07-22 23:00:39,636 [INFO] IPUIPlugin:80 - create IPUIPlugin
2025-07-22 23:00:39,637 [INFO] IPUIPlugin:80 - create IPUIPlugin
2025-07-22 23:00:39,637 [INFO] IPUIPlugin:80 - create IPUIPlugin
2025-07-22 23:00:39,637 [INFO] IPUIPlugin:80 - create IPUIPlugin
2025-07-22 23:00:39,637 [INFO] IPUIPlugin:80 - create IPUIPlugin
2025-07-22 23:00:39,638 [INFO] IPUIPlugin:80 - create IPUIPlugin
2025-07-22 23:00:39,638 [INFO] IPUIPlugin:80 - create IPUIPlugin
2025-07-22 23:00:39,638 [INFO] IPUIPlugin:80 - create IPUIPlugin
2025-07-22 23:00:39,639 [INFO] IPUIPlugin:80 - create IPUIPlugin
2025-07-22 23:00:39,639 [INFO] IPUIPlugin:80 - create IPUIPlugin
2025-07-22 23:00:39,639 [INFO] IPUIPlugin:80 - create IPUIPlugin
2025-07-22 23:00:39,640 [INFO] IPUIPlugin:80 - create IPUIPlugin
2025-07-22 23:00:39,640 [INFO] IPUIPlugin:80 - create IPUIPlugin
2025-07-22 23:00:39,640 [INFO] IPUIPlugin:80 - create IPUIPlugin
2025-07-22 23:00:39,641 [INFO] IPUIPlugin:80 - create IPUIPlugin
2025-07-22 23:00:39,641 [INFO] IPUIPlugin:80 - create IPUIPlugin
2025-07-22 23:00:39,641 [INFO] IPUIPlugin:80 - create IPUIPlugin
2025-07-22 23:00:39,642 [INFO] IPUIPlugin:80 - create IPUIPlugin
2025-07-22 23:00:39,662 [INFO] ApiDbMcu:508 - Load IP Config File for PDM2PCM
2025-07-22 23:00:39,665 [INFO] ApiDbMcu:508 - Load IP Config File for PDM2PCM
2025-07-22 23:00:39,768 [INFO] CADModel:165 - CPN selected for project levelSTM32H755ZIT6
2025-07-22 23:00:39,768 [INFO] CADModel:114 - Register for checkConnection events
2025-07-22 23:00:39,812 [INFO] OpenFileManager:363 - Restore cursor
2025-07-22 23:00:41,241 [INFO] LogOutputStream:77 - [STDOUT_REDIRECT] 
2025-07-22 23:00:44,953 [INFO] McuFinderGlobals:63 - Set McuFinder mode to 2 (CubeIDE integrated)
2025-07-22 23:00:44,958 [INFO] UserAuth:417 - Internet connection configuration mode: 1
2025-07-22 23:00:44,979 [INFO] JxBrowserEngine:152 - Initiate JxBrowser Engine with user profile folder
2025-07-22 23:00:47,285 [INFO] WebApp:167 - Instantiating new browser for Auth
2025-07-22 23:00:47,749 [INFO] WebApp:448 - Apply proxy settings
2025-07-22 23:00:47,750 [INFO] WebApp:533 - Chromium requires no authentication
2025-07-22 23:00:47,757 [INFO] WebApp:476 - Direct internet connection detected
2025-07-22 23:00:47,775 [INFO] WebApp:869 - Register for checkConnection events
2025-07-22 23:00:47,775 [INFO] WebApp:448 - Apply proxy settings
2025-07-22 23:00:47,775 [INFO] WebApp:533 - Chromium requires no authentication
2025-07-22 23:00:47,775 [INFO] WebApp:476 - Direct internet connection detected
2025-07-22 23:00:47,896 [INFO] WebApp:220 - Starting web application
2025-07-22 23:00:47,896 [INFO] WebApp:578 - Web application path used C:\ST\STM32CubeIDE_1.16.1\STM32CubeIDE\plugins\com.st.stm32cube.common.mx_6.12.1.202409122256\db\plugins\mcufinder\reactClient1\index.html
2025-07-22 23:00:47,992 [INFO] UserAuth:417 - Internet connection configuration mode: 1
2025-07-22 23:00:48,177 [INFO] WebApp:186 - Connection restablished
