2025-08-14 00:19:38,722 [INFO] WebApp:194 - Connection lost
2025-08-14 00:19:46,971 [INFO] WebApp:191 - Connection restablished
2025-08-14 12:46:15,430 [INFO] WebApp:194 - Connection lost
2025-08-14 12:46:21,860 [INFO] WebApp:191 - Connection restablished
2025-08-14 23:28:50,812 [INFO] Activator:176 - 


2025-08-14 23:28:50,814 [INFO] Activator:177 - !SESSION log4j initialized
2025-08-14 23:28:52,409 [INFO] ApplicationProperties:184 - Using Application install path: C:\ST\STM32CubeIDE_1.19.0\STM32CubeIDE\plugins\com.st.stm32cube.common.mx_6.15.0.202507011659
2025-08-14 23:28:52,423 [INFO] DbMcusXml:78 - Set database path to: C:\ST\STM32CubeIDE_1.19.0\STM32CubeIDE\plugins\com.st.stm32cube.common.mx_6.15.0.202507011659\\db\/mcu/
2025-08-14 23:28:52,424 [INFO] ApiDb:274 - Set plugin database path to: C:\ST\STM32CubeIDE_1.19.0\STM32CubeIDE\plugins\com.st.stm32cube.common.mx_6.15.0.202507011659\\db\/plugins/boardmanager/
2025-08-14 23:28:52,424 [WARN] ApiDb:259 - Overriding images path with different value:  => C:\ST\STM32CubeIDE_1.19.0\STM32CubeIDE\plugins\com.st.stm32cube.common.mx_6.15.0.202507011659\\db\/plugins/mcufinder/images/
2025-08-14 23:28:52,432 [INFO] ApiDb:250 - Set database path to: C:\Users\nicks\.stmcufinder\plugins\mcufinder//mcu/
2025-08-14 23:28:52,433 [INFO] DbMcusAds:125 - Set database path to: C:\Users\nicks\.stmcufinder\plugins\mcufinder//mcu/
2025-08-14 23:28:52,449 [INFO] CrossReferenceDbSqlite:203 - Set database path to: C:\Users\nicks\.stmcufinder\plugins\mcufinder//mcu/cs/
2025-08-14 23:28:52,522 [INFO] RulesReader:64 - Compatibility file has been processed (317 Rules)
2025-08-14 23:28:52,589 [INFO] DbMcusXml:78 - Set database path to: C:\ST\STM32CubeIDE_1.19.0\STM32CubeIDE\plugins\com.st.stm32cube.common.mx_6.15.0.202507011659\\db\/mcu/
2025-08-14 23:28:52,590 [INFO] ApiDb:274 - Set plugin database path to: C:\ST\STM32CubeIDE_1.19.0\STM32CubeIDE\plugins\com.st.stm32cube.common.mx_6.15.0.202507011659\\db\/plugins/boardmanager/
2025-08-14 23:28:52,590 [INFO] ApiDb:261 - Set plugin images path to: C:\ST\STM32CubeIDE_1.19.0\STM32CubeIDE\plugins\com.st.stm32cube.common.mx_6.15.0.202507011659\\db\/plugins/mcufinder/images/
2025-08-14 23:28:52,590 [WARN] DbFile:41 - Overriding database path with different value: C:\Users\nicks\.stmcufinder\plugins\mcufinder/ => C:\Users\nicks\.stmcufinder\plugins\mcufinder
2025-08-14 23:28:52,590 [INFO] ApiDb:250 - Set database path to: C:\Users\nicks\.stmcufinder\plugins\mcufinder//mcu/
2025-08-14 23:28:52,590 [WARN] DbFile:41 - Overriding database path with different value: C:\Users\nicks\.stmcufinder\plugins\mcufinder/ => C:\Users\nicks\.stmcufinder\plugins\mcufinder
2025-08-14 23:28:52,590 [INFO] DbMcusAds:125 - Set database path to: C:\Users\nicks\.stmcufinder\plugins\mcufinder//mcu/
2025-08-14 23:28:52,590 [WARN] DbFile:41 - Overriding database path with different value: C:\Users\nicks\.stmcufinder\plugins\mcufinder/ => C:\Users\nicks\.stmcufinder\plugins\mcufinder
2025-08-14 23:28:52,590 [WARN] DbFile:41 - Overriding database path with different value: C:\Users\nicks\.stmcufinder\plugins\mcufinder/ => C:\Users\nicks\.stmcufinder\plugins\mcufinder
2025-08-14 23:28:52,590 [INFO] CrossReferenceDbSqlite:203 - Set database path to: C:\Users\nicks\.stmcufinder\plugins\mcufinder//mcu/cs/
2025-08-14 23:28:52,648 [INFO] MainPanel:274 - HeapMemory: 268435456
2025-08-14 23:28:52,749 [INFO] DbMcusXml:78 - Set database path to: C:\ST\STM32CubeIDE_1.19.0\STM32CubeIDE\plugins\com.st.stm32cube.common.mx_6.15.0.202507011659\\db\/mcu/
2025-08-14 23:28:52,749 [INFO] ApiDb:274 - Set plugin database path to: C:\ST\STM32CubeIDE_1.19.0\STM32CubeIDE\plugins\com.st.stm32cube.common.mx_6.15.0.202507011659\\db\/plugins/boardmanager/
2025-08-14 23:28:52,749 [INFO] ApiDb:261 - Set plugin images path to: C:\ST\STM32CubeIDE_1.19.0\STM32CubeIDE\plugins\com.st.stm32cube.common.mx_6.15.0.202507011659\\db\/plugins/mcufinder/images/
2025-08-14 23:28:52,749 [WARN] DbFile:41 - Overriding database path with different value: C:\Users\nicks\.stmcufinder\plugins\mcufinder/ => C:\Users\nicks\.stmcufinder\plugins\mcufinder
2025-08-14 23:28:52,749 [INFO] ApiDb:250 - Set database path to: C:\Users\nicks\.stmcufinder\plugins\mcufinder//mcu/
2025-08-14 23:28:52,749 [WARN] DbFile:41 - Overriding database path with different value: C:\Users\nicks\.stmcufinder\plugins\mcufinder/ => C:\Users\nicks\.stmcufinder\plugins\mcufinder
2025-08-14 23:28:52,749 [INFO] DbMcusAds:125 - Set database path to: C:\Users\nicks\.stmcufinder\plugins\mcufinder//mcu/
2025-08-14 23:28:52,749 [WARN] DbFile:41 - Overriding database path with different value: C:\Users\nicks\.stmcufinder\plugins\mcufinder/ => C:\Users\nicks\.stmcufinder\plugins\mcufinder
2025-08-14 23:28:52,749 [WARN] DbFile:41 - Overriding database path with different value: C:\Users\nicks\.stmcufinder\plugins\mcufinder/ => C:\Users\nicks\.stmcufinder\plugins\mcufinder
2025-08-14 23:28:52,749 [INFO] CrossReferenceDbSqlite:203 - Set database path to: C:\Users\nicks\.stmcufinder\plugins\mcufinder//mcu/cs/
2025-08-14 23:28:52,762 [INFO] ApplicationProperties:184 - Using Application install path: C:\ST\STM32CubeIDE_1.19.0\STM32CubeIDE\plugins\com.st.stm32cube.common.mx_6.15.0.202507011659
2025-08-14 23:28:52,763 [INFO] PluginManage:196 - Search for loadable plugins [exclusion list=, ]
2025-08-14 23:28:52,764 [INFO] PluginManage:310 - Check plugin analytics
2025-08-14 23:28:52,961 [INFO] AnalyticsPlugin:253 - Accepted Software Licenses: 
2025-08-14 23:28:52,961 [INFO] AnalyticsPlugin:255 - Accepted CMSIS Pack Licenses: 
2025-08-14 23:28:52,962 [INFO] AnalyticsPlugin:257 - Accepted Firmware Licenses: FW.F4.1.28.0,FW.H7.1.12.0,FW.H7.1.11.0
2025-08-14 23:28:52,963 [INFO] PluginManage:359 - Loaded plugin analytics (category:tool,tabindex:-1)
2025-08-14 23:28:52,963 [INFO] PluginManage:310 - Check plugin cadmodel
2025-08-14 23:28:52,968 [INFO] CADModel:105 - Init CAD model plugin
2025-08-14 23:28:52,968 [INFO] PluginManage:359 - Loaded plugin cadmodel (category:power,tabindex:5)
2025-08-14 23:28:52,969 [INFO] PluginManage:310 - Check plugin clock
2025-08-14 23:28:52,978 [INFO] PluginManage:359 - Loaded plugin clock (category:base,tabindex:2)
2025-08-14 23:28:52,978 [INFO] PluginManage:310 - Check plugin ddr
2025-08-14 23:28:52,980 [INFO] PluginManage:359 - Loaded plugin ddr (category:tool,tabindex:6)
2025-08-14 23:28:52,980 [INFO] PluginManage:310 - Check plugin filemanager
2025-08-14 23:28:53,096 [INFO] PluginManage:359 - Loaded plugin filemanager (category:base,tabindex:10)
2025-08-14 23:28:53,096 [INFO] PluginManage:310 - Check plugin ipmanager
2025-08-14 23:28:53,102 [INFO] PluginManage:359 - Loaded plugin ipmanager (category:base,tabindex:5)
2025-08-14 23:28:53,102 [INFO] PluginManage:310 - Check plugin lpbam
2025-08-14 23:28:53,109 [INFO] PluginManage:359 - Loaded plugin lpbam (category:base,tabindex:0)
2025-08-14 23:28:53,109 [INFO] PluginManage:310 - Check plugin memorymap
2025-08-14 23:28:53,121 [INFO] PluginManage:359 - Loaded plugin memorymap (category:base,tabindex:4)
2025-08-14 23:28:53,121 [INFO] PluginManage:310 - Check plugin pinoutandconfiguration
2025-08-14 23:28:53,128 [INFO] PluginManage:359 - Loaded plugin pinoutandconfiguration (category:base,tabindex:1)
2025-08-14 23:28:53,128 [INFO] PluginManage:310 - Check plugin pinoutconfig
2025-08-14 23:28:53,191 [WARN] SupportedApi:132 - Cannot load RTOS API schema: s4s-elt-must-match.1: The content of 'definitions' must match (annotation?, (simpleType | complexType)?, (unique | key | keyref)*)). A problem was found starting at: attribute.
2025-08-14 23:28:53,320 [INFO] PluginManage:359 - Loaded plugin pinoutconfig (category:base,tabindex:0)
2025-08-14 23:28:53,320 [INFO] PluginManage:310 - Check plugin power
2025-08-14 23:28:53,329 [INFO] PluginManage:359 - Loaded plugin power (category:power,tabindex:4)
2025-08-14 23:28:53,329 [INFO] PluginManage:310 - Check plugin projectmanager
2025-08-14 23:28:53,341 [INFO] PluginManage:359 - Loaded plugin projectmanager (category:projectmanager,tabindex:4)
2025-08-14 23:28:53,341 [INFO] PluginManage:310 - Check plugin rif
2025-08-14 23:28:53,349 [INFO] PluginManage:359 - Loaded plugin rif (category:base,tabindex:3)
2025-08-14 23:28:53,349 [INFO] PluginManage:310 - Check plugin thirdparty
2025-08-14 23:28:53,464 [INFO] PluginManage:359 - Loaded plugin thirdparty (category:base,tabindex:-1)
2025-08-14 23:28:53,464 [WARN] IntegrityCheckThread:84 - waiting for thirdparty lock release [integrity check]
2025-08-14 23:28:53,464 [INFO] PluginManage:310 - Check plugin tools
2025-08-14 23:28:53,464 [INFO] IntegrityCheckThread:86 - entering critical section [integrity check]
2025-08-14 23:28:53,464 [INFO] ThirdPartyUpdaterWithRetryManager:70 - Updater plugin not ready yet. [1/15]
2025-08-14 23:28:53,466 [INFO] PluginManage:359 - Loaded plugin tools (category:base,tabindex:7)
2025-08-14 23:28:53,466 [INFO] PluginManage:310 - Check plugin tutovideos
2025-08-14 23:28:53,626 [INFO] PluginManage:359 - Loaded plugin tutovideos (category:base,tabindex:-1)
2025-08-14 23:28:53,626 [INFO] PluginManage:310 - Check plugin updater
2025-08-14 23:28:53,642 [INFO] PluginManage:359 - Loaded plugin updater (category:base,tabindex:12)
2025-08-14 23:28:53,642 [INFO] PluginManage:310 - Check plugin userauth
2025-08-14 23:28:53,645 [INFO] UserAuth:118 - Init User Auth plugin
2025-08-14 23:28:53,645 [INFO] PluginManage:359 - Loaded plugin userauth (category:base,tabindex:14)
2025-08-14 23:28:53,646 [INFO] PluginManage:283 - PluginManage : Loaded plugins [18]
2025-08-14 23:28:53,796 [INFO] PinOutPanel:1589 - setPackage(No Configuration,No Configuration)
2025-08-14 23:28:53,855 [INFO] CADModel:165 - CPN selected for project level
2025-08-14 23:28:53,855 [INFO] CADModel:114 - Register for checkConnection events
2025-08-14 23:28:53,867 [INFO] IPUIPlugin:80 - create IPUIPlugin
2025-08-14 23:28:53,867 [INFO] PluginManager:220 - loadIPPluginJar : add adc
2025-08-14 23:28:53,869 [INFO] IPUIPlugin:80 - create IPUIPlugin
2025-08-14 23:28:53,869 [INFO] PluginManager:220 - loadIPPluginJar : add aes
2025-08-14 23:28:53,870 [INFO] IPUIPlugin:80 - create IPUIPlugin
2025-08-14 23:28:53,871 [INFO] PluginManager:220 - loadIPPluginJar : add can
2025-08-14 23:28:53,872 [INFO] IPUIPlugin:80 - create IPUIPlugin
2025-08-14 23:28:53,872 [INFO] PluginManager:220 - loadIPPluginJar : add comp
2025-08-14 23:28:53,874 [INFO] IPUIPlugin:80 - create IPUIPlugin
2025-08-14 23:28:53,874 [INFO] PluginManager:220 - loadIPPluginJar : add cryp
2025-08-14 23:28:53,875 [INFO] IPUIPlugin:80 - create IPUIPlugin
2025-08-14 23:28:53,875 [INFO] PluginManager:220 - loadIPPluginJar : add ddr_ctrl_phy
2025-08-14 23:28:53,877 [INFO] IPUIPlugin:80 - create IPUIPlugin
2025-08-14 23:28:53,877 [INFO] PluginManager:220 - loadIPPluginJar : add dfsdm
2025-08-14 23:28:53,880 [INFO] IPUIPlugin:80 - create IPUIPlugin
2025-08-14 23:28:53,881 [INFO] PluginManager:220 - loadIPPluginJar : add dma
2025-08-14 23:28:53,882 [INFO] IPUIPlugin:80 - create IPUIPlugin
2025-08-14 23:28:53,882 [INFO] PluginManager:220 - loadIPPluginJar : add dma3
2025-08-14 23:28:53,884 [INFO] IPUIPlugin:80 - create IPUIPlugin
2025-08-14 23:28:53,884 [INFO] PluginManager:220 - loadIPPluginJar : add extmemmanager
2025-08-14 23:28:53,885 [INFO] IPUIPlugin:80 - create IPUIPlugin
2025-08-14 23:28:53,885 [INFO] PluginManager:220 - loadIPPluginJar : add fatfs
2025-08-14 23:28:53,888 [INFO] IPUIPlugin:80 - create IPUIPlugin
2025-08-14 23:28:53,888 [INFO] PluginManager:220 - loadIPPluginJar : add fmc
2025-08-14 23:28:53,891 [INFO] IPUIPlugin:80 - create IPUIPlugin
2025-08-14 23:28:53,891 [INFO] PluginManager:220 - loadIPPluginJar : add freertos
2025-08-14 23:28:53,892 [INFO] IPUIPlugin:80 - create IPUIPlugin
2025-08-14 23:28:53,892 [INFO] PluginManager:220 - loadIPPluginJar : add genericplugin
2025-08-14 23:28:53,894 [INFO] IPUIPlugin:80 - create IPUIPlugin
2025-08-14 23:28:53,894 [INFO] PluginManager:220 - loadIPPluginJar : add gfxmmu
2025-08-14 23:28:53,897 [INFO] IPUIPlugin:80 - create IPUIPlugin
2025-08-14 23:28:53,897 [INFO] PluginManager:220 - loadIPPluginJar : add gic
2025-08-14 23:28:53,900 [INFO] IPUIPlugin:80 - create IPUIPlugin
2025-08-14 23:28:53,900 [INFO] PluginManager:220 - loadIPPluginJar : add gpio
2025-08-14 23:28:53,902 [INFO] IPUIPlugin:80 - create IPUIPlugin
2025-08-14 23:28:53,902 [INFO] PluginManager:220 - loadIPPluginJar : add gtzc
2025-08-14 23:28:53,904 [INFO] IPUIPlugin:80 - create IPUIPlugin
2025-08-14 23:28:53,904 [INFO] PluginManager:220 - loadIPPluginJar : add hash
2025-08-14 23:28:53,906 [INFO] IPUIPlugin:80 - create IPUIPlugin
2025-08-14 23:28:53,906 [INFO] PluginManager:220 - loadIPPluginJar : add i2c
2025-08-14 23:28:53,907 [INFO] IPUIPlugin:80 - create IPUIPlugin
2025-08-14 23:28:53,907 [INFO] PluginManager:220 - loadIPPluginJar : add i2s
2025-08-14 23:28:53,909 [INFO] IPUIPlugin:80 - create IPUIPlugin
2025-08-14 23:28:53,909 [INFO] PluginManager:220 - loadIPPluginJar : add i3c
2025-08-14 23:28:53,911 [INFO] IPUIPlugin:80 - create IPUIPlugin
2025-08-14 23:28:53,912 [INFO] PluginManager:220 - loadIPPluginJar : add ipddr
2025-08-14 23:28:53,916 [INFO] IPUIPlugin:80 - create IPUIPlugin
2025-08-14 23:28:53,916 [INFO] PluginManager:220 - loadIPPluginJar : add linkedlist
2025-08-14 23:28:53,918 [INFO] IPUIPlugin:80 - create IPUIPlugin
2025-08-14 23:28:53,918 [INFO] PluginManager:220 - loadIPPluginJar : add lorawan
2025-08-14 23:28:53,919 [INFO] IPUIPlugin:80 - create IPUIPlugin
2025-08-14 23:28:53,919 [INFO] PluginManager:220 - loadIPPluginJar : add ltdc
2025-08-14 23:28:53,923 [INFO] IPUIPlugin:80 - create IPUIPlugin
2025-08-14 23:28:53,923 [INFO] PluginManager:220 - loadIPPluginJar : add mdma
2025-08-14 23:28:53,925 [INFO] IPUIPlugin:80 - create IPUIPlugin
2025-08-14 23:28:53,926 [INFO] PluginManager:220 - loadIPPluginJar : add nvic
2025-08-14 23:28:53,927 [INFO] IPUIPlugin:80 - create IPUIPlugin
2025-08-14 23:28:53,927 [INFO] PluginManager:220 - loadIPPluginJar : add opamp
2025-08-14 23:28:53,929 [INFO] IPUIPlugin:80 - create IPUIPlugin
2025-08-14 23:28:53,929 [INFO] PluginManager:220 - loadIPPluginJar : add openamp
2025-08-14 23:28:53,931 [INFO] IPUIPlugin:80 - create IPUIPlugin
2025-08-14 23:28:53,931 [INFO] PluginManager:220 - loadIPPluginJar : add pdm2pcm
2025-08-14 23:28:53,935 [INFO] IPUIPlugin:80 - create IPUIPlugin
2025-08-14 23:28:53,937 [INFO] PluginManager:220 - loadIPPluginJar : add plateformsettings
2025-08-14 23:28:53,938 [INFO] IPUIPlugin:80 - create IPUIPlugin
2025-08-14 23:28:53,939 [INFO] PluginManager:220 - loadIPPluginJar : add quadspi
2025-08-14 23:28:53,940 [INFO] IPUIPlugin:80 - create IPUIPlugin
2025-08-14 23:28:53,941 [INFO] PluginManager:220 - loadIPPluginJar : add radio
2025-08-14 23:28:53,944 [INFO] IPUIPlugin:80 - create IPUIPlugin
2025-08-14 23:28:53,944 [INFO] PluginManager:220 - loadIPPluginJar : add resmgrutility
2025-08-14 23:28:53,946 [INFO] IPUIPlugin:80 - create IPUIPlugin
2025-08-14 23:28:53,946 [INFO] PluginManager:220 - loadIPPluginJar : add sai
2025-08-14 23:28:53,948 [INFO] IPUIPlugin:80 - create IPUIPlugin
2025-08-14 23:28:53,948 [INFO] PluginManager:220 - loadIPPluginJar : add spi
2025-08-14 23:28:53,951 [INFO] IPUIPlugin:80 - create IPUIPlugin
2025-08-14 23:28:53,951 [INFO] PluginManager:220 - loadIPPluginJar : add stm32_wpan
2025-08-14 23:28:53,953 [INFO] IPUIPlugin:80 - create IPUIPlugin
2025-08-14 23:28:53,953 [INFO] PluginManager:220 - loadIPPluginJar : add tim
2025-08-14 23:28:53,955 [INFO] IPUIPlugin:80 - create IPUIPlugin
2025-08-14 23:28:53,955 [INFO] PluginManager:220 - loadIPPluginJar : add touchsensing
2025-08-14 23:28:53,956 [INFO] IPUIPlugin:80 - create IPUIPlugin
2025-08-14 23:28:53,956 [INFO] PluginManager:220 - loadIPPluginJar : add tracer_emb
2025-08-14 23:28:53,957 [INFO] IPUIPlugin:80 - create IPUIPlugin
2025-08-14 23:28:53,957 [INFO] PluginManager:220 - loadIPPluginJar : add ts
2025-08-14 23:28:53,958 [INFO] IPUIPlugin:80 - create IPUIPlugin
2025-08-14 23:28:53,958 [INFO] PluginManager:220 - loadIPPluginJar : add tsc
2025-08-14 23:28:53,959 [INFO] IPUIPlugin:80 - create IPUIPlugin
2025-08-14 23:28:53,959 [INFO] PluginManager:220 - loadIPPluginJar : add ucpd
2025-08-14 23:28:53,961 [INFO] IPUIPlugin:80 - create IPUIPlugin
2025-08-14 23:28:53,961 [INFO] PluginManager:220 - loadIPPluginJar : add usart
2025-08-14 23:28:53,963 [INFO] IPUIPlugin:80 - create IPUIPlugin
2025-08-14 23:28:53,964 [INFO] PluginManager:220 - loadIPPluginJar : add usbx
2025-08-14 23:28:54,076 [FATAL] Updater:351 - Updater called before beeing initialized
2025-08-14 23:28:54,095 [INFO] RulesReader:64 - Compatibility file has been processed (317 Rules)
2025-08-14 23:28:54,102 [INFO] RulesReader:64 - Compatibility file has been processed (317 Rules)
2025-08-14 23:28:54,109 [INFO] CADModel:165 - CPN selected for project level
2025-08-14 23:28:54,109 [INFO] CADModel:114 - Register for checkConnection events
2025-08-14 23:28:54,109 [FATAL] Updater:351 - Updater called before beeing initialized
2025-08-14 23:28:54,109 [ERROR] CADModel:125 - Updater not yet initialized, retry later 
2025-08-14 23:28:54,211 [FATAL] Updater:351 - Updater called before beeing initialized
2025-08-14 23:28:54,213 [INFO] CADModel:165 - CPN selected for project level
2025-08-14 23:28:54,213 [INFO] CADModel:114 - Register for checkConnection events
2025-08-14 23:28:54,213 [FATAL] Updater:351 - Updater called before beeing initialized
2025-08-14 23:28:54,214 [ERROR] CADModel:125 - Updater not yet initialized, retry later 
2025-08-14 23:28:54,216 [FATAL] Updater:351 - Updater called before beeing initialized
2025-08-14 23:28:54,293 [FATAL] Updater:351 - Updater called before beeing initialized
2025-08-14 23:28:54,296 [INFO] DbMcusAds:53 - JSON generation date=Tue Jul 08 18:14:23 AEST 2025 (1751962463562)
2025-08-14 23:28:54,296 [FATAL] Updater:351 - Updater called before beeing initialized
2025-08-14 23:28:54,323 [WARN] DetailPanel:346 - Failed to get advertising image, set to default
2025-08-14 23:28:54,385 [FATAL] Updater:351 - Updater called before beeing initialized
2025-08-14 23:28:54,387 [FATAL] Updater:351 - Updater called before beeing initialized
2025-08-14 23:28:54,387 [FATAL] Updater:351 - Updater called before beeing initialized
2025-08-14 23:28:54,387 [WARN] DetailPanel:346 - Failed to get advertising image, set to default
2025-08-14 23:28:54,388 [FATAL] Updater:351 - Updater called before beeing initialized
2025-08-14 23:28:54,423 [ERROR] Updater:1198 - MainUpdater not yet initialized. External WinMGr cannot be set.
2025-08-14 23:28:54,423 [INFO] Updater:1134 - Updater Version found : 6.15.0
2025-08-14 23:28:54,436 [INFO] ApplicationProperties:184 - Using Application install path: C:\ST\STM32CubeIDE_1.19.0\STM32CubeIDE\plugins\com.st.stm32cube.common.mx_6.15.0.202507011659
2025-08-14 23:28:54,735 [INFO] MainUpdater:2872 - connection check result : 10
2025-08-14 23:28:54,736 [INFO] MainUpdater:289 - Updater Check For Update Now.
2025-08-14 23:28:54,736 [INFO] MicroXplorer:498 - Change Database Version : DB.6.0.150
2025-08-14 23:28:54,896 [INFO] CheckServerUpdateThread:120 - End of CheckServer Thread
2025-08-14 23:28:54,959 [INFO] MainUpdater:2872 - connection check result : 10
2025-08-14 23:28:54,960 [INFO] MainUpdater:2872 - connection check result : 10
2025-08-14 23:28:55,008 [INFO] MicroXplorer:468 - Change Database Path : 
2025-08-14 23:28:55,008 [INFO] MicroXplorer:498 - Change Database Version : DB.6.0.150
2025-08-14 23:28:55,016 [WARN] ThirdParty:871 - waiting for thirdparty lock release [close project]
2025-08-14 23:28:56,658 [WARN] PackLoader:240 - Cannot read IP mode file for STMicroelectronics.FP-SNS-MOTENVWB1.1.4.0
2025-08-14 23:28:56,663 [WARN] PackLoader:240 - Cannot read IP mode file for STMicroelectronics.FP-ATR-ASTRA1.2.0.2
2025-08-14 23:28:56,665 [WARN] PackLoader:240 - Cannot read IP mode file for STMicroelectronics.FP-ATR-ASTRA1.2.0.1
2025-08-14 23:28:56,670 [WARN] PackLoader:240 - Cannot read IP mode file for STMicroelectronics.X-CUBE-SMBUS.2.1.0
2025-08-14 23:28:56,675 [WARN] PackLoader:240 - Cannot read IP mode file for STMicroelectronics.X-CUBE-WB05N.1.1.0
2025-08-14 23:28:56,679 [WARN] PackLoader:240 - Cannot read IP mode file for STMicroelectronics.X-CUBE-ST60.1.0.0
2025-08-14 23:28:56,696 [WARN] PackLoader:240 - Cannot read IP mode file for STMicroelectronics.X-CUBE-AZRTOS-F7.1.1.0
2025-08-14 23:28:56,703 [WARN] PackLoader:240 - Cannot read IP mode file for STMicroelectronics.FP-SNS-FLIGHT1.5.0.2
2025-08-14 23:28:56,718 [WARN] PackLoader:240 - Cannot read IP mode file for Infineon.AIROC-Wi-Fi-Bluetooth-STM32.1.7.0
2025-08-14 23:28:56,737 [WARN] PackLoader:240 - Cannot read IP mode file for STMicroelectronics.X-CUBE-AZRTOS-H7.3.4.0
2025-08-14 23:28:56,744 [WARN] PackLoader:240 - Cannot read IP mode file for STMicroelectronics.X-CUBE-DISPLAY.3.0.0
2025-08-14 23:28:56,758 [WARN] PackLoader:240 - Cannot read IP mode file for STMicroelectronics.X-CUBE-NFC10.1.0.0
2025-08-14 23:28:56,765 [WARN] PackLoader:240 - Cannot read IP mode file for STMicroelectronics.X-CUBE-BLEMGR.4.0.0
2025-08-14 23:28:56,771 [WARN] PackLoader:240 - Cannot read IP mode file for emotas.I-CUBE-CANOPEN.1.3.0
2025-08-14 23:28:56,775 [WARN] ConditionMgr:438 - getConditionDescription Invalid condition id : Cortex-A Device cause : null
2025-08-14 23:28:56,783 [WARN] ConditionMgr:1044 - genDependencies : Invalid condition id : Cortex-A Device cause : null
2025-08-14 23:28:56,783 [WARN] ConditionMgr:1044 - genDependencies : Invalid condition id : Cortex-A Device cause : null
2025-08-14 23:28:56,783 [WARN] ConditionMgr:1044 - genDependencies : Invalid condition id : Cortex-A Device cause : null
2025-08-14 23:28:56,786 [WARN] PackLoader:240 - Cannot read IP mode file for STMicroelectronics.X-CUBE-AI.10.0.0
2025-08-14 23:28:56,792 [WARN] PackLoader:240 - Cannot read IP mode file for STMicroelectronics.FP-SNS-STBOX1.2.1.0
2025-08-14 23:28:56,796 [WARN] PackLoader:240 - Cannot read IP mode file for STMicroelectronics.FP-SNS-SMARTAG2.1.2.0
2025-08-14 23:28:56,799 [WARN] PackLoader:240 - Cannot read IP mode file for STMicroelectronics.FP-SNS-FLIGHT1.5.1.0
2025-08-14 23:28:56,805 [INFO] LogOutputStream:77 - [STDOUT_REDIRECT] 1 : Invalid condition id : UX_CORESTACK_Condition cause : null
2025-08-14 23:28:56,805 [INFO] LogOutputStream:77 - [STDOUT_REDIRECT] 1 : Invalid condition id : UX_CORESTACK_Condition cause : null
2025-08-14 23:28:56,806 [INFO] LogOutputStream:77 - [STDOUT_REDIRECT] 1 : Invalid condition id : UX_CORESTACK_Condition cause : null
2025-08-14 23:28:56,807 [INFO] LogOutputStream:77 - [STDOUT_REDIRECT] 1 : Invalid condition id : UX_CORESTACK_Condition cause : null
2025-08-14 23:28:56,807 [INFO] LogOutputStream:77 - [STDOUT_REDIRECT] 1 : Invalid condition id : UX_CORESTACK_Condition cause : null
2025-08-14 23:28:56,809 [WARN] PackLoader:240 - Cannot read IP mode file for STMicroelectronics.X-CUBE-AZRTOS-WL.2.0.0
2025-08-14 23:28:56,813 [WARN] PackLoader:240 - Cannot read IP mode file for STMicroelectronics.FP-SNS-MOTENV1.5.0.0
2025-08-14 23:28:56,820 [WARN] PackLoader:240 - Cannot read IP mode file for WES.I-CUBE-Cesium.1.3.0
2025-08-14 23:28:56,825 [WARN] PackLoader:240 - Cannot read IP mode file for STMicroelectronics.X-CUBE-BLE2.3.3.0
2025-08-14 23:28:56,829 [WARN] PackLoader:240 - Cannot read IP mode file for STMicroelectronics.X-CUBE-NFC9.1.0.0
2025-08-14 23:28:56,834 [WARN] PackLoader:240 - Cannot read IP mode file for STMicroelectronics.X-CUBE-BLE1.7.1.0
2025-08-14 23:28:56,837 [WARN] PackLoader:240 - Cannot read IP mode file for wolfSSL.I-CUBE-wolfMQTT.1.19.2
2025-08-14 23:28:56,841 [WARN] PackLoader:240 - Cannot read IP mode file for STMicroelectronics.X-CUBE-EEPRMA1.5.2.0
2025-08-14 23:28:56,844 [WARN] PackLoader:240 - Cannot read IP mode file for STMicroelectronics.X-CUBE-AI.10.1.0
2025-08-14 23:28:56,869 [WARN] PackLoader:240 - Cannot read IP mode file for STMicroelectronics.X-CUBE-MEMS1.11.2.0
2025-08-14 23:28:56,960 [WARN] PackLoader:240 - Cannot read IP mode file for STMicroelectronics.X-CUBE-AZRTOS-G0.1.1.0
2025-08-14 23:28:56,966 [WARN] PackLoader:240 - Cannot read IP mode file for STMicroelectronics.X-CUBE-SAFEA1.1.2.2
2025-08-14 23:28:56,970 [WARN] PackLoader:240 - Cannot read IP mode file for STMicroelectronics.X-CUBE-NFC4.3.0.0
2025-08-14 23:28:56,976 [WARN] PackLoader:240 - Cannot read IP mode file for EmbeddedOffice.I-CUBE-FS-RTOS.1.0.1
2025-08-14 23:28:56,979 [WARN] PackLoader:240 - Cannot read IP mode file for STMicroelectronics.X-CUBE-WB05N.2.0.0
2025-08-14 23:28:56,983 [WARN] PackLoader:240 - Cannot read IP mode file for wolfSSL.I-CUBE-wolfTPM.3.8.0
2025-08-14 23:28:56,987 [WARN] PackLoader:240 - Cannot read IP mode file for STMicroelectronics.X-CUBE-TCPP.4.2.0
2025-08-14 23:28:56,992 [WARN] PackLoader:240 - Cannot read IP mode file for RealThread.X-CUBE-RT-Thread_Nano.4.1.1
2025-08-14 23:28:56,995 [WARN] PackLoader:240 - Cannot read IP mode file for STMicroelectronics.FP-ATR-SIGFOX1.3.2.0
2025-08-14 23:28:57,000 [WARN] PackLoader:240 - Cannot read IP mode file for STMicroelectronics.X-CUBE-EEPRMA1.5.1.0
2025-08-14 23:28:57,004 [WARN] PackLoader:240 - Cannot read IP mode file for wolfSSL.I-CUBE-wolfSSL.5.7.6
2025-08-14 23:28:57,009 [WARN] PackLoader:240 - Cannot read IP mode file for ITTIA_DB.I-CUBE-ITTIADB.8.9.0
2025-08-14 23:28:57,014 [WARN] PackLoader:240 - Cannot read IP mode file for STMicroelectronics.X-CUBE-ST67W61.1.0.0
2025-08-14 23:28:57,017 [WARN] PackLoader:240 - Cannot read IP mode file for STMicroelectronics.X-CUBE-AI.10.2.0
2025-08-14 23:28:57,037 [WARN] PackLoader:240 - Cannot read IP mode file for SEGGER.I-CUBE-embOS.1.3.1
2025-08-14 23:28:57,061 [WARN] PackLoader:240 - Cannot read IP mode file for STMicroelectronics.X-CUBE-ALGOBUILD.1.4.0
2025-08-14 23:28:57,085 [WARN] PackLoader:240 - Cannot read IP mode file for STMicroelectronics.X-CUBE-MEMS1.11.3.0
2025-08-14 23:28:57,164 [WARN] PackLoader:240 - Cannot read IP mode file for STMicroelectronics.X-CUBE-PM33A1.1.0.0
2025-08-14 23:28:57,175 [WARN] PackLoader:240 - Cannot read IP mode file for STMicroelectronics.X-CUBE-AZRTOS-F4.1.1.0
2025-08-14 23:28:57,192 [WARN] PackLoader:240 - Cannot read IP mode file for Avnet-IotConnect.X-CUBE-IoTC-DA16k-PMOD.1.0.0
2025-08-14 23:28:57,197 [WARN] PackLoader:240 - Cannot read IP mode file for STMicroelectronics.X-CUBE-ISPU.2.1.0
2025-08-14 23:28:57,204 [WARN] PackLoader:240 - Cannot read IP mode file for STMicroelectronics.X-CUBE-NFC12.1.0.0
2025-08-14 23:28:57,220 [WARN] PackLoader:240 - Cannot read IP mode file for STMicroelectronics.X-CUBE-AZRTOS-L5.2.0.0
2025-08-14 23:28:57,227 [WARN] PackLoader:240 - Cannot read IP mode file for STMicroelectronics.X-CUBE-NFC6.3.1.0
2025-08-14 23:28:57,234 [WARN] PackLoader:240 - Cannot read IP mode file for STMicroelectronics.X-CUBE-FREERTOS.1.3.1
2025-08-14 23:28:57,237 [WARN] PackLoader:240 - Cannot read IP mode file for STMicroelectronics.X-CUBE-FREERTOS.1.3.0
2025-08-14 23:28:57,240 [WARN] PackLoader:240 - Cannot read IP mode file for STMicroelectronics.X-CUBE-NFC7.1.0.1
2025-08-14 23:28:57,244 [WARN] PackLoader:240 - Cannot read IP mode file for STMicroelectronics.FP-SNS-STAIOTCFT.1.0.0
2025-08-14 23:28:57,248 [WARN] PackLoader:240 - Cannot read IP mode file for STMicroelectronics.X-CUBE-DPower.1.3.0
2025-08-14 23:28:57,258 [WARN] ConditionMgr:438 - getConditionDescription Invalid condition id : LAN8742 Phy interface Condition cause : null
2025-08-14 23:28:57,259 [WARN] PackLoader:240 - Cannot read IP mode file for STMicroelectronics.X-CUBE-AZRTOS-L4.2.0.0
2025-08-14 23:28:57,260 [WARN] ConditionMgr:1044 - genDependencies : Invalid condition id : LAN8742 Phy interface Condition cause : null
2025-08-14 23:28:57,260 [WARN] ConditionMgr:1044 - genDependencies : Invalid condition id : LAN8742 Phy interface Condition cause : null
2025-08-14 23:28:57,260 [WARN] ConditionMgr:1044 - genDependencies : Invalid condition id : LAN8742 Phy interface Condition cause : null
2025-08-14 23:28:57,266 [WARN] PackLoader:240 - Cannot read IP mode file for STMicroelectronics.X-CUBE-SFXS2LP1.4.0.0
2025-08-14 23:28:57,278 [WARN] PackLoader:240 - Cannot read IP mode file for STMicroelectronics.X-CUBE-AZRTOS-H7.3.3.0
2025-08-14 23:28:57,285 [WARN] PackLoader:240 - Cannot read IP mode file for STMicroelectronics.X-CUBE-BLEMGR.4.1.0
2025-08-14 23:28:57,296 [WARN] ConditionMgr:438 - getConditionDescription Invalid condition id : UX DEVICE CLASS RTOS Condition cause : null
2025-08-14 23:28:57,296 [WARN] ConditionMgr:438 - getConditionDescription Invalid condition id : UX DEVICE CLASS RTOS Condition cause : null
2025-08-14 23:28:57,300 [WARN] PackLoader:240 - Cannot read IP mode file for STMicroelectronics.X-CUBE-AZRTOS-WB.2.0.0
2025-08-14 23:28:57,300 [WARN] ConditionMgr:1044 - genDependencies : Invalid condition id : UX DEVICE CLASS RTOS Condition cause : null
2025-08-14 23:28:57,300 [WARN] ConditionMgr:1044 - genDependencies : Invalid condition id : UX DEVICE CLASS RTOS Condition cause : null
2025-08-14 23:28:57,300 [WARN] ConditionMgr:1044 - genDependencies : Invalid condition id : UX DEVICE CLASS RTOS Condition cause : null
2025-08-14 23:28:57,301 [WARN] ConditionMgr:1044 - genDependencies : Invalid condition id : UX DEVICE CLASS RTOS Condition cause : null
2025-08-14 23:28:57,301 [WARN] ConditionMgr:1044 - genDependencies : Invalid condition id : UX DEVICE CLASS RTOS Condition cause : null
2025-08-14 23:28:57,306 [WARN] PackLoader:240 - Cannot read IP mode file for STMicroelectronics.X-CUBE-GNSS1.7.0.1
2025-08-14 23:28:57,310 [WARN] PackLoader:240 - Cannot read IP mode file for STMicroelectronics.X-CUBE-TOUCHGFX.4.25.0
2025-08-14 23:28:57,313 [WARN] PackLoader:240 - Cannot read IP mode file for STMicroelectronics.FP-SNS-STBOX1.2.0.0
2025-08-14 23:28:57,319 [WARN] PackLoader:240 - Cannot read IP mode file for STMicroelectronics.X-CUBE-SUBG2.5.0.0
2025-08-14 23:28:57,330 [WARN] PackLoader:240 - Cannot read IP mode file for STMicroelectronics.X-CUBE-AZRTOS-H7RS.1.1.0
2025-08-14 23:28:57,334 [WARN] PackLoader:240 - Cannot read IP mode file for Cesanta.I-CUBE-Mongoose.7.13.0
2025-08-14 23:28:57,341 [WARN] PackLoader:240 - Cannot read IP mode file for STMicroelectronics.X-CUBE-AZRTOS-G4.2.0.0
2025-08-14 23:28:57,346 [WARN] PackLoader:240 - Cannot read IP mode file for wolfSSL.I-CUBE-wolfSSH.1.4.20
2025-08-14 23:28:57,349 [WARN] PackLoader:240 - Cannot read IP mode file for STMicroelectronics.X-CUBE-NFC7.2.0.0
2025-08-14 23:28:57,356 [WARN] PackLoader:240 - Cannot read IP mode file for STMicroelectronics.X-CUBE-IPS.3.1.0
2025-08-14 23:28:57,379 [WARN] PackLoader:240 - Cannot read IP mode file for STMicroelectronics.X-CUBE-ALS.1.0.2
2025-08-14 23:28:57,384 [WARN] PackLoader:240 - Cannot read IP mode file for portGmbH.I-Cube-SoM-uGOAL.1.1.0
2025-08-14 23:28:57,391 [WARN] PackLoader:240 - Cannot read IP mode file for STMicroelectronics.X-CUBE-TOF1.3.4.3
2025-08-14 23:28:57,396 [INFO] ThirdParty:978 - Integrity check success = true
2025-08-14 23:28:57,396 [INFO] IntegrityCheckThread:100 - exiting critical section [integrity check]
2025-08-14 23:28:57,396 [INFO] IntegrityCheckThread:103 - End integrity checks thread
2025-08-14 23:28:57,396 [INFO] ThirdParty:873 - entering critical section [close project]
2025-08-14 23:28:57,397 [INFO] ThirdParty:883 - exiting critical section [close project]
2025-08-14 23:28:57,400 [INFO] PinOutPanel:1589 - setPackage(No Configuration,No Configuration)
2025-08-14 23:28:57,401 [INFO] UtilMem:75 - Begin LoadConfig() Used Memory: 174020800 Bytes (288358400)
2025-08-14 23:28:57,402 [INFO] MicroXplorer:468 - Change Database Path : 
2025-08-14 23:28:57,402 [INFO] MicroXplorer:498 - Change Database Version : DB.6.0.150
2025-08-14 23:28:57,402 [INFO] OpenFileManager:355 - Change cursor
2025-08-14 23:28:57,424 [INFO] Mcu:2029 - Initializing MCU STM32H755ZITx STM32H755ZITx STM32H755ZIT6
2025-08-14 23:28:59,573 [INFO] Context:786 - Trying to add GPIOservice into a context  which must be forbidden
2025-08-14 23:28:59,573 [INFO] Context:786 - Trying to add GPIOservice into a context  which must be forbidden
2025-08-14 23:29:00,638 [INFO] ApiDbMcu:532 - Load IP Config File for NUCLEO-H755ZI-Q
2025-08-14 23:29:00,747 [INFO] Context:786 - Trying to add GPIOservice into a context  which must be forbidden
2025-08-14 23:29:00,758 [INFO] Context:786 - Trying to add GPIOservice into a context  which must be forbidden
2025-08-14 23:29:00,765 [INFO] ImportTextPane:234 - (OptionalMessage_ERROR) Pin58 (VP_RIF_VS_RIF1) cannot be retrieved for this MCU
2025-08-14 23:29:00,776 [INFO] ImportTextPane:234 - (OptionalMessage_ERROR) Unable to find key (Mcu.IP18) in loaded IOC file
2025-08-14 23:29:00,777 [INFO] ImportTextPane:234 - (OptionalMessage_ERROR) Unknown IP (dummy)
2025-08-14 23:29:00,913 [INFO] RtosManager:558 - Registered RTOS mode: class=CMSIS, group=RTOS, mode=CMSIS_V1, owner=FREERTOS_M7
2025-08-14 23:29:00,913 [INFO] RtosManager:558 - Registered RTOS mode: class=CMSIS, group=RTOS2, mode=CMSIS_V2, owner=FREERTOS_M7
2025-08-14 23:29:00,913 [INFO] RtosManager:558 - Registered RTOS mode: class=RTOS, group=Core, mode=CMSIS_V1, owner=FREERTOS_M7
2025-08-14 23:29:00,913 [INFO] RtosManager:558 - Registered RTOS mode: class=RTOS, group=Core, mode=CMSIS_V2, owner=FREERTOS_M7
2025-08-14 23:29:00,913 [WARN] ModelIntegratedComponent:184 - Missing modes for component STMicroelectronics:FreeRTOS:0.0.1:STMicroelectronics:RTOS:FreeRTOS:Core:::10.2.0:
2025-08-14 23:29:00,931 [WARN] ModelIntegratedComponent:63 - No mode defined for component null
2025-08-14 23:29:00,931 [WARN] ModelIntegratedComponent:63 - No mode defined for component null
2025-08-14 23:29:00,931 [WARN] ModelIntegratedComponent:63 - No mode defined for component null
2025-08-14 23:29:00,931 [WARN] ModelIntegratedComponent:63 - No mode defined for component null
2025-08-14 23:29:00,931 [WARN] ModelIntegratedComponent:63 - No mode defined for component null
2025-08-14 23:29:00,931 [WARN] ModelIntegratedComponent:63 - No mode defined for component null
2025-08-14 23:29:00,931 [WARN] ModelIntegratedComponent:63 - No mode defined for component null
2025-08-14 23:29:00,931 [WARN] ModelIntegratedComponent:63 - No mode defined for component null
2025-08-14 23:29:00,931 [WARN] ModelIntegratedComponent:63 - No mode defined for component null
2025-08-14 23:29:00,931 [WARN] ModelIntegratedComponent:63 - No mode defined for component null
2025-08-14 23:29:00,931 [WARN] ModelIntegratedComponent:63 - No mode defined for component null
2025-08-14 23:29:00,932 [WARN] ModelIntegratedComponent:63 - No mode defined for component null
2025-08-14 23:29:00,932 [WARN] ModelIntegratedComponent:63 - No mode defined for component null
2025-08-14 23:29:00,932 [WARN] ModelIntegratedComponent:63 - No mode defined for component null
2025-08-14 23:29:00,932 [WARN] ModelIntegratedComponent:63 - No mode defined for component null
2025-08-14 23:29:00,932 [WARN] ModelIntegratedComponent:63 - No mode defined for component null
2025-08-14 23:29:00,932 [WARN] ModelIntegratedComponent:63 - No mode defined for component null
2025-08-14 23:29:00,932 [WARN] ModelIntegratedComponent:63 - No mode defined for component null
2025-08-14 23:29:00,932 [WARN] ModelIntegratedComponent:63 - No mode defined for component null
2025-08-14 23:29:00,932 [WARN] ModelIntegratedComponent:63 - No mode defined for component null
2025-08-14 23:29:00,932 [WARN] ModelIntegratedComponent:63 - No mode defined for component null
2025-08-14 23:29:00,932 [WARN] ModelIntegratedComponent:63 - No mode defined for component null
2025-08-14 23:29:00,932 [WARN] ModelIntegratedComponent:63 - No mode defined for component null
2025-08-14 23:29:00,932 [WARN] ModelIntegratedComponent:63 - No mode defined for component null
2025-08-14 23:29:00,932 [WARN] ModelIntegratedComponent:63 - No mode defined for component null
2025-08-14 23:29:00,932 [WARN] ModelIntegratedComponent:63 - No mode defined for component null
2025-08-14 23:29:00,932 [WARN] ModelIntegratedComponent:63 - No mode defined for component null
2025-08-14 23:29:00,932 [WARN] ModelIntegratedComponent:63 - No mode defined for component null
2025-08-14 23:29:00,932 [WARN] ModelIntegratedComponent:63 - No mode defined for component null
2025-08-14 23:29:00,932 [WARN] ModelIntegratedComponent:63 - No mode defined for component null
2025-08-14 23:29:00,932 [WARN] ModelIntegratedComponent:63 - No mode defined for component null
2025-08-14 23:29:00,932 [WARN] ModelIntegratedComponent:63 - No mode defined for component null
2025-08-14 23:29:00,932 [WARN] ModelIntegratedComponent:63 - No mode defined for component null
2025-08-14 23:29:00,932 [WARN] ModelIntegratedComponent:63 - No mode defined for component null
2025-08-14 23:29:00,932 [WARN] ModelIntegratedComponent:63 - No mode defined for component null
2025-08-14 23:29:00,932 [WARN] ModelPack:524 - Component already loaded: STMicroelectronics:HAL Drivers:0.0.0:STMicroelectronics:Device:STMicro_Driver:XSPI:HAL::0.0.1:HAL_XSPI
2025-08-14 23:29:01,017 [INFO] RtosManager:558 - Registered RTOS mode: class=CMSIS, group=RTOS, mode=CMSIS_V1, owner=FREERTOS_M4
2025-08-14 23:29:01,017 [INFO] RtosManager:558 - Registered RTOS mode: class=CMSIS, group=RTOS2, mode=CMSIS_V2, owner=FREERTOS_M4
2025-08-14 23:29:01,017 [INFO] RtosManager:558 - Registered RTOS mode: class=RTOS, group=Core, mode=CMSIS_V1, owner=FREERTOS_M4
2025-08-14 23:29:01,017 [INFO] RtosManager:558 - Registered RTOS mode: class=RTOS, group=Core, mode=CMSIS_V2, owner=FREERTOS_M4
2025-08-14 23:29:01,017 [WARN] ModelIntegratedComponent:184 - Missing modes for component STMicroelectronics:FreeRTOS:0.0.1:STMicroelectronics:RTOS:FreeRTOS:Core:::10.2.0:
2025-08-14 23:29:01,026 [WARN] ModelIntegratedComponent:63 - No mode defined for component null
2025-08-14 23:29:01,026 [WARN] ModelIntegratedComponent:63 - No mode defined for component null
2025-08-14 23:29:01,027 [WARN] ModelIntegratedComponent:63 - No mode defined for component null
2025-08-14 23:29:01,027 [WARN] ModelIntegratedComponent:63 - No mode defined for component null
2025-08-14 23:29:01,027 [WARN] ModelIntegratedComponent:63 - No mode defined for component null
2025-08-14 23:29:01,027 [WARN] ModelIntegratedComponent:63 - No mode defined for component null
2025-08-14 23:29:01,027 [WARN] ModelIntegratedComponent:63 - No mode defined for component null
2025-08-14 23:29:01,027 [WARN] ModelIntegratedComponent:63 - No mode defined for component null
2025-08-14 23:29:01,027 [WARN] ModelIntegratedComponent:63 - No mode defined for component null
2025-08-14 23:29:01,027 [WARN] ModelIntegratedComponent:63 - No mode defined for component null
2025-08-14 23:29:01,027 [WARN] ModelIntegratedComponent:63 - No mode defined for component null
2025-08-14 23:29:01,027 [WARN] ModelIntegratedComponent:63 - No mode defined for component null
2025-08-14 23:29:01,027 [WARN] ModelIntegratedComponent:63 - No mode defined for component null
2025-08-14 23:29:01,027 [WARN] ModelIntegratedComponent:63 - No mode defined for component null
2025-08-14 23:29:01,027 [WARN] ModelIntegratedComponent:63 - No mode defined for component null
2025-08-14 23:29:01,027 [WARN] ModelIntegratedComponent:63 - No mode defined for component null
2025-08-14 23:29:01,027 [WARN] ModelIntegratedComponent:63 - No mode defined for component null
2025-08-14 23:29:01,027 [WARN] ModelIntegratedComponent:63 - No mode defined for component null
2025-08-14 23:29:01,027 [WARN] ModelIntegratedComponent:63 - No mode defined for component null
2025-08-14 23:29:01,027 [WARN] ModelIntegratedComponent:63 - No mode defined for component null
2025-08-14 23:29:01,027 [WARN] ModelIntegratedComponent:63 - No mode defined for component null
2025-08-14 23:29:01,027 [WARN] ModelIntegratedComponent:63 - No mode defined for component null
2025-08-14 23:29:01,027 [WARN] ModelIntegratedComponent:63 - No mode defined for component null
2025-08-14 23:29:01,027 [WARN] ModelIntegratedComponent:63 - No mode defined for component null
2025-08-14 23:29:01,027 [WARN] ModelIntegratedComponent:63 - No mode defined for component null
2025-08-14 23:29:01,027 [WARN] ModelIntegratedComponent:63 - No mode defined for component null
2025-08-14 23:29:01,027 [WARN] ModelIntegratedComponent:63 - No mode defined for component null
2025-08-14 23:29:01,027 [WARN] ModelIntegratedComponent:63 - No mode defined for component null
2025-08-14 23:29:01,027 [WARN] ModelIntegratedComponent:63 - No mode defined for component null
2025-08-14 23:29:01,028 [WARN] ModelIntegratedComponent:63 - No mode defined for component null
2025-08-14 23:29:01,028 [WARN] ModelIntegratedComponent:63 - No mode defined for component null
2025-08-14 23:29:01,028 [WARN] ModelIntegratedComponent:63 - No mode defined for component null
2025-08-14 23:29:01,028 [WARN] ModelIntegratedComponent:63 - No mode defined for component null
2025-08-14 23:29:01,028 [WARN] ModelIntegratedComponent:63 - No mode defined for component null
2025-08-14 23:29:01,028 [WARN] ModelIntegratedComponent:63 - No mode defined for component null
2025-08-14 23:29:01,028 [WARN] ModelPack:524 - Component already loaded: STMicroelectronics:HAL Drivers:0.0.0:STMicroelectronics:Device:STMicro_Driver:XSPI:HAL::0.0.1:HAL_XSPI
2025-08-14 23:29:01,094 [INFO] ThirdPartyModel:298 - Start build external matchings
2025-08-14 23:29:01,548 [INFO] ThirdPartyModel:316 - End build external matchings
2025-08-14 23:29:01,559 [INFO] ThirdPartyModel:298 - Start build external matchings
2025-08-14 23:29:01,995 [INFO] ThirdPartyModel:316 - End build external matchings
2025-08-14 23:29:02,006 [INFO] RtosManager:1018 - Current active RTOS is FREERTOS_M4 [CortexM4]
2025-08-14 23:29:02,008 [INFO] RtosManager:1018 - Current active RTOS is FREERTOS_M7 [CortexM7]
2025-08-14 23:29:02,230 [INFO] ApiDb:581 - Connected to CubeFinder SQLite database (C:\Users\nicks\.stmcufinder\plugins\mcufinder\mcu\cube-finder-db.db)
2025-08-14 23:29:02,326 [INFO] ApiDb:668 - CubeFinder database Data Model version=2.1
2025-08-14 23:29:02,326 [INFO] ApiDb:669 - CubeFinder database Configuration version=3.0.39
2025-08-14 23:29:02,326 [INFO] ApiDb:670 - CubeFinder database generation date=2025-07-22 (1753107327)
2025-08-14 23:29:02,326 [INFO] ApiDb:671 - CubeFinder database FW Pack versions=[FP-ATR-ASTRA1_V2.0.0, FP-SNS-FLIGHT1_V5.1.0, FP-SNS-MOTENV1_V5.0.0, FP-SNS-MOTENVWB1_V1.4.0, FP-SNS-SMARTAG2_V1.2.0, FP-SNS-STBOX1_V2.0.0, STM32Cube_FW_C0_V1.4.0, STM32Cube_FW_F4_V1.28.2, STM32Cube_FW_F7_V1.17.3, STM32Cube_FW_G0_V1.6.2, STM32Cube_FW_G4_V1.6.1, STM32Cube_FW_H5_V1.5.0, STM32Cube_FW_H7RS_V1.2.0, STM32Cube_FW_H7_V1.12.1, STM32Cube_FW_L0_V1.12.2, STM32Cube_FW_L4_V1.18.1, STM32Cube_FW_L5_V1.5.1, STM32Cube_FW_N6_V1.2.0, STM32Cube_FW_U0_V1.3.0, STM32Cube_FW_U3_V1.2.0, STM32Cube_FW_U5_V1.8.0, STM32Cube_FW_WB0_V1.3.0, STM32Cube_FW_WBA_V1.7.0, STM32Cube_FW_WB_V1.23.0, STM32Cube_FW_WL3_V1.2.0, STM32Cube_FW_WL_V1.3.1, X-CUBE-ALGOBUILD_V1.4.0, X-CUBE-ALS_V1.0.2, X-CUBE-AZRTOS-F4_V1.1.0, X-CUBE-AZRTOS-F7_V1.1.0, X-CUBE-AZRTOS-G0_V1.1.0, X-CUBE-AZRTOS-G4_V2.0.0, X-CUBE-AZRTOS-H7RS_V1.1.0, X-CUBE-AZRTOS-H7_V3.3.0, X-CUBE-AZRTOS-L4_V2.0.0, X-CUBE-AZRTOS-L5_V2.0.0, X-CUBE-AZRTOS-WB_V2.0.0, X-CUBE-AZRTOS-WL_V2.0.0, X-CUBE-BLE1_V7.1.0, X-CUBE-BLE2_V3.3.0, X-CUBE-BLEMGR_V4.0.0, X-CUBE-EEPRMA1_V5.1.0, X-CUBE-FREERTOS_V1.3.1, X-CUBE-GNSS1_V6.0.0, X-CUBE-MEMS1_V11.3.0, X-CUBE-NFC4_V3.0.0, X-CUBE-NFC7_V2.0.0, X-CUBE-SFXS2LP1_V4.0.0, X-CUBE-SUBG2_V5.0.0, X-CUBE-TOF1_V3.4.3]
2025-08-14 23:29:02,421 [INFO] DbBoardsSqlite:226 - include board P-NUCLEO-WB55-NUCLEO as a kit item of type 'Nucleo-64'
2025-08-14 23:29:02,421 [INFO] DbBoardsSqlite:226 - include board P-NUCLEO-WB55-USBDONGLE as a kit item of type 'Nucleo USB Dongle'
2025-08-14 23:29:02,423 [INFO] DbBoardsSqlite:226 - include board STEVAL-IDP005V1 as a kit item of type 'Evaluation Board'
2025-08-14 23:29:02,423 [INFO] DbBoardsSqlite:226 - include board STEVAL-IDP005V2 as a kit item of type 'Evaluation Board'
2025-08-14 23:29:02,843 [INFO] ApiDb:240 - Found 880 in-development CPN: [B-G473E-ZEST1S, B-WB1M-WPAN1, B-WBA5M-WPAN, B-WL5M-SUBG1, NUCLEO-C031C6, NUCLEO-C051C8, NUCLEO-C071RB, NUCLEO-C092RC, NUCLEO-H503RB, NUCLEO-H533RE, NUCLEO-H563ZI, NUCLEO-H7S3L8, NUCLEO-N657X0-Q, NUCLEO-U031R8, NUCLEO-U083RC, NUCLEO-U385RG-Q, NUCLEO-U545RE-Q, NUCLEO-U5A5ZJ-Q, NUCLEO-WB05KZ, NUCLEO-WB07CC, NUCLEO-WB09KE, NUCLEO-WBA52CG, NUCLEO-WBA55CG, NUCLEO-WL33CC1, NUCLEO-WL33CC2, STEVAL-PROTEUS1, STEVAL-SMARTAG2, STEVAL-STWINBX1, STM320518-EVAL, STM32C0116-DK, STM32C011D6Y3TR, STM32C011D6Y6TR, STM32C011F4P3, STM32C011F4P6, STM32C011F4U3, STM32C011F4U6TR, STM32C011F6P3, STM32C011F6P6, STM32C011F6U3, STM32C011F6U6TR, STM32C011J4M3, STM32C011J4M6, STM32C011J6M3, STM32C011J6M6, STM32C0316-DK, STM32C031C4T3, STM32C031C4T6, STM32C031C4U3, STM32C031C4U6, STM32C031C6T3, STM32C031C6T6, STM32C031C6U3, STM32C031C6U6, STM32C031F4P3, STM32C031F4P6, STM32C031F6P3, STM32C031F6P6, STM32C031G4U3, STM32C031G4U6, STM32C031G6U3, STM32C031G6U6, STM32C031K4T3, STM32C031K4T6, STM32C031K4U3, STM32C031K4U6, STM32C031K6T3, STM32C031K6T6, STM32C031K6U3, STM32C031K6U6, STM32C051C6T6, STM32C051C6U6, STM32C051C8T6, STM32C051C8U6, STM32C051D8Y6TR, STM32C051F6P6, STM32C051F8P6, STM32C051G6U6, STM32C051G8U6, STM32C051K6T6, STM32C051K6U6, STM32C051K8T6, STM32C071C8T6, STM32C071C8T6N, STM32C071C8U6, STM32C071C8U6N, STM32C071CBT6, STM32C071CBT6N, STM32C071CBU6, STM32C071CBU6N, STM32C071F8P6, STM32C071F8P6N, STM32C071FBP6, STM32C071FBP6N, STM32C071FBY6TR, STM32C071G8U6, STM32C071G8U6N, STM32C071GBU6, STM32C071GBU6N, STM32C071K8T6, STM32C071K8T6N, STM32C071K8U6, STM32C071K8U6N, STM32C071KBT6, STM32C071KBT6N, STM32C071KBU6, STM32C071KBU6N, STM32C071R8T6, STM32C071R8T6N, STM32C071RBI6N, STM32C071RBT6, STM32C071RBT6N, STM32C091CBT6, STM32C091CBU6, STM32C091CCT6, STM32C091CCU6, STM32C091ECY6TR, STM32C091FBP6, STM32C091FCP6, STM32C091GBU6, STM32C091GCU6, STM32C091KBT6, STM32C091KBU6, STM32C091KCT6, STM32C091KCU6, STM32C091RBT6, STM32C091RCI6, STM32C091RCT6, STM32C092CBT6, STM32C092CBU6, STM32C092CCT6, STM32C092CCU6, STM32C092ECY6TR, STM32C092FBP6, STM32C092FCP6, STM32C092GBU6, STM32C092GCU6, STM32C092KBT6, STM32C092KBU6, STM32C092KCT6, STM32C092KCU6, STM32C092RBT6, STM32C092RCI6, STM32C092RCT6, STM32G071K8TXN, STM32G071K8UXN, STM32G081GBU6N, STM32G081KBT6N, STM32G081KBUXN, STM32G0B1CCT6N, STM32G0B1KCT6, STM32G0B1NEY6TR, STM32G0B1RCT6N, STM32G0C1CCT6, STM32G0C1CCT6N, STM32G0C1CCU6N, STM32G0C1CET6N, STM32G0C1CEU6N, STM32G0C1KCT6, STM32G0C1NEY6TR, STM32G0C1RCI6N, STM32G0C1RCT6N, STM32G0C1REI6N, STM32G0C1RET6N, STM32G0C1VCI6, STM32G0C1VEI6, STM32G411C6T3, STM32G411C6T6, STM32G411C6U3, STM32G411C6U6, STM32G411C8T3, STM32G411C8T6, STM32G411C8U3, STM32G411C8U6, STM32G411CBT3, STM32G411CBT6, STM32G411CBU3, STM32G411CBU6, STM32G411K6T3, STM32G411K6T6, STM32G411K6U3, STM32G411K6U6, STM32G411K8T3, STM32G411K8T6, STM32G411K8U3, STM32G411K8U6, STM32G411KBT3, STM32G411KBT6, STM32G411KBU3, STM32G411KBU6, STM32G411M6T3, STM32G411M6T6, STM32G411M8T3, STM32G411M8T6, STM32G411MBT3, STM32G411MBT6, STM32G411R6T3, STM32G411R6T6, STM32G411R8T3, STM32G411R8T6, STM32G411RBT3, STM32G411RBT6, STM32G414CBT3, STM32G414CBT6, STM32G414CBU3, STM32G414CBU6, STM32G414CCT3, STM32G414CCT6, STM32G414CCU3, STM32G414CCU6, STM32G414MBT3, STM32G414MBT6, STM32G414MCT3, STM32G414MCT6, STM32G414RBT3, STM32G414RBT6, STM32G414RCT3, STM32G414RCT6, STM32G414VBT3, STM32G414VBT6, STM32G414VCT3, STM32G414VCT6, STM32G431CBT3Z, STM32G431RBT3Z, STM32G471CCT6, STM32G471CCU6, STM32G471CET3, STM32G471CET6, STM32G471CEU3, STM32G471CEU6, STM32G471MCT6, STM32G471MET3, STM32G471MET6, STM32G471MEY6TR, STM32G471QCT6, STM32G471QET3, STM32G471RCT6, STM32G471RET3, STM32G471RET6, STM32G471VCH6, STM32G471VCI6, STM32G471VCT6, STM32G471VEH3, STM32G471VEH6, STM32G471VEI3, STM32G471VEI6, STM32G471VET3, STM32G471VET6, STM32G473QET3Z, STM32G473RET3Z, STM32G474CCT6, STM32G491RET3Z, STM32H503CBT6, STM32H503CBU6, STM32H503EBY6TR, STM32H503KBU6, STM32H503RBT6, STM32H523CCT6, STM32H523CCU6, STM32H523CET6, STM32H523CEU6, STM32H523HEY6TR, STM32H523RCT6, STM32H523RET6, STM32H523VCI6, STM32H523VCT6, STM32H523VEI6, STM32H523VET6, STM32H523ZCJ6, STM32H523ZCT6, STM32H523ZEJ6, STM32H523ZET6, STM32H533CET6, STM32H533CEU6, STM32H533HEY6TR, STM32H533RET6, STM32H533VEI6, STM32H533VET6, STM32H533ZEJ6, STM32H533ZET6, STM32H562AGI6, STM32H562AII6, STM32H562IGK6, STM32H562IGT6, STM32H562IIK6, STM32H562IIT6, STM32H562RGT6, STM32H562RGV6, STM32H562RIT6, STM32H562RIV6, STM32H562VGT6, STM32H562VIT6, STM32H562ZGT6, STM32H562ZIT6, STM32H563AGI6, STM32H563AII3Q, STM32H563AII6, STM32H563IGK6, STM32H563IGT6, STM32H563IIK3Q, STM32H563IIK6, STM32H563IIT3Q, STM32H563IIT6, STM32H563MIY3QTR, STM32H563RGT6, STM32H563RGV6, STM32H563RIT6, STM32H563RIV6, STM32H563VGT6, STM32H563VIT3Q, STM32H563VIT6, STM32H563ZGT6, STM32H563ZIT3Q, STM32H563ZIT6, STM32H573AII3Q, STM32H573AII6, STM32H573I-DK, STM32H573IIK3Q, STM32H573IIK6, STM32H573IIT3Q, STM32H573IIT6, STM32H573MIY3QTR, STM32H573RIT6, STM32H573RIV6, STM32H573VIT3Q, STM32H573VIT6, STM32H573ZIT3Q, STM32H573ZIT6, STM32H7R3A8I6, STM32H7R3I8K6, STM32H7R3I8T6, STM32H7R3L8H6, STM32H7R3L8H6H, STM32H7R3R8V6, STM32H7R3V8H6, STM32H7R3V8T6, STM32H7R3V8Y6TR, STM32H7R3Z8J6, STM32H7R3Z8T6, STM32H7R7A8I6, STM32H7R7I8K6, STM32H7R7I8T6, STM32H7R7L8H6, STM32H7R7L8H6H, STM32H7R7Z8J6, STM32H7S3A8I6, STM32H7S3I8K6, STM32H7S3I8T6, STM32H7S3L8H6, STM32H7S3L8H6H, STM32H7S3R8V6, STM32H7S3V8H6, STM32H7S3V8T6, STM32H7S3V8Y6TR, STM32H7S3Z8J6, STM32H7S3Z8T6, STM32H7S78-DK, STM32H7S7A8I6, STM32H7S7I8K6, STM32H7S7I8T6, STM32H7S7L8H6, STM32H7S7L8H6H, STM32H7S7Z8J6, STM32L4R5QGI6STR, STM32MP131AAE3, STM32MP131AAF3, STM32MP131AAG3, STM32MP131CAE3, STM32MP131CAF3, STM32MP131CAG3, STM32MP131DAE7, STM32MP131DAF7, STM32MP131DAG7, STM32MP131FAE7, STM32MP131FAF7, STM32MP131FAG7, STM32MP133AAE3, STM32MP133AAF3, STM32MP133AAG3, STM32MP133CAE3, STM32MP133CAF3, STM32MP133CAG3, STM32MP133DAE7, STM32MP133DAF7, STM32MP133DAG7, STM32MP133FAE7, STM32MP133FAF7, STM32MP133FAG7, STM32MP135AAE3, STM32MP135AAF3, STM32MP135AAG3, STM32MP135CAE3, STM32MP135CAF3, STM32MP135CAG3, STM32MP135DAE7, STM32MP135DAF7, STM32MP135DAG7, STM32MP135F-DK, STM32MP135FAE7, STM32MP135FAF7, STM32MP135FAF7T, STM32MP135FAF7U, STM32MP135FAG7, STM32MP211AAL3, STM32MP211AAM3, STM32MP211AAN3, STM32MP211AAO3, STM32MP211CAL3, STM32MP211CAM3, STM32MP211CAN3, STM32MP211CAO3, STM32MP211DAL3, STM32MP211DAM3, STM32MP211DAN3, STM32MP211DAO3, STM32MP211FAL3, STM32MP211FAM3, STM32MP211FAN3, STM32MP211FAO3, STM32MP213AAL3, STM32MP213AAM3, STM32MP213AAN3, STM32MP213AAO3, STM32MP213CAL3, STM32MP213CAM3, STM32MP213CAN3, STM32MP213CAO3, STM32MP213DAL3, STM32MP213DAM3, STM32MP213DAN3, STM32MP213DAO3, STM32MP213FAL3, STM32MP213FAM3, STM32MP213FAN3, STM32MP213FAO3, STM32MP215AAL3, STM32MP215AAM3, STM32MP215AAN3, STM32MP215AAO3, STM32MP215CAL3, STM32MP215CAM3, STM32MP215CAN3, STM32MP215CAO3, STM32MP215DAL3, STM32MP215DAM3, STM32MP215DAN3, STM32MP215DAO3, STM32MP215F-DK, STM32MP215FAL3, STM32MP215FAM3, STM32MP215FAN3, STM32MP215FAO3, STM32MP231AAJ3, STM32MP231AAK3, STM32MP231AAL3, STM32MP231CAJ3, STM32MP231CAK3, STM32MP231CAL3, STM32MP231DAJ3, STM32MP231DAK3, STM32MP231DAL3, STM32MP231FAJ3, STM32MP231FAK3, STM32MP231FAL3, STM32MP233AAJ3, STM32MP233AAK3, STM32MP233AAL3, STM32MP233CAJ3, STM32MP233CAK3, STM32MP233CAL3, STM32MP233DAJ3, STM32MP233DAK3, STM32MP233DAL3, STM32MP233FAJ3, STM32MP233FAK3, STM32MP233FAL3, STM32MP235AAJ3, STM32MP235AAK3, STM32MP235AAL3, STM32MP235CAJ3, STM32MP235CAK3, STM32MP235CAL3, STM32MP235DAJ3, STM32MP235DAK3, STM32MP235DAL3, STM32MP235FAJ3, STM32MP235FAK3, STM32MP235FAL3, STM32MP251AAI3, STM32MP251AAK3, STM32MP251AAL3, STM32MP251CAI3, STM32MP251CAK3, STM32MP251CAL3, STM32MP251DAI3, STM32MP251DAK3, STM32MP251DAL3, STM32MP251FAI3, STM32MP251FAK3, STM32MP251FAL3, STM32MP253AAI3, STM32MP253AAK3, STM32MP253AAL3, STM32MP253CAI3, STM32MP253CAK3, STM32MP253CAL3, STM32MP253DAI3, STM32MP253DAK3, STM32MP253DAL3, STM32MP253FAI3, STM32MP253FAK3, STM32MP253FAL3, STM32MP255AAI3, STM32MP255AAK3, STM32MP255AAL3, STM32MP255CAI3, STM32MP255CAK3, STM32MP255CAL3, STM32MP255DAI3, STM32MP255DAK3, STM32MP255DAL3, STM32MP255FAI3, STM32MP255FAK3, STM32MP255FAL3, STM32MP257AAI3, STM32MP257AAK3, STM32MP257AAL3, STM32MP257CAI3, STM32MP257CAK3, STM32MP257CAL3, STM32MP257DAI3, STM32MP257DAK3, STM32MP257DAL3, STM32MP257F-DK, STM32MP257F-EV1, STM32MP257FAI3, STM32MP257FAK3, STM32MP257FAL3, STM32N645A0H3Q, STM32N645B0H3Q, STM32N645I0H3Q, STM32N645L0H3Q, STM32N645X0H3Q, STM32N645Z0H3Q, STM32N647A0H3Q, STM32N647B0H3Q, STM32N647I0H3Q, STM32N647L0H3Q, STM32N647X0H3Q, STM32N647Z0H3Q, STM32N655A0H3Q, STM32N655B0H3Q, STM32N655I0H3Q, STM32N655L0H3Q, STM32N655X0H3Q, STM32N655Z0H3Q, STM32N6570-DK, STM32N657A0H3Q, STM32N657B0H3Q, STM32N657I0H3Q, STM32N657L0H3Q, STM32N657X0H3Q, STM32N657Z0H3Q, STM32U031C6T6, STM32U031C6U6, STM32U031C8T6, STM32U031C8U6, STM32U031F4P6, STM32U031F6P6, STM32U031F8P6, STM32U031G6Y6TR, STM32U031G8Y6TR, STM32U031K4U6, STM32U031K6U6, STM32U031K8U6, STM32U031R6I6, STM32U031R6T6, STM32U031R8I6, STM32U031R8T6, STM32U073C8T6, STM32U073C8U6, STM32U073CBT6, STM32U073CBU6, STM32U073CCT6, STM32U073CCU6, STM32U073H8Y6TR, STM32U073HBY6TR, STM32U073HCY6TR, STM32U073K8U6, STM32U073KBU6, STM32U073KCU6, STM32U073M8I6, STM32U073M8T6, STM32U073MBI6, STM32U073MBT6, STM32U073MCI6, STM32U073MCT6, STM32U073R8I6, STM32U073R8T6, STM32U073RBI6, STM32U073RBT6, STM32U073RCI6, STM32U073RCT6, STM32U083C-DK, STM32U083CCT6, STM32U083CCU6, STM32U083HCY6TR, STM32U083KCU6, STM32U083MCI6, STM32U083MCT6, STM32U083RCI6, STM32U083RCT6, STM32U375CET6, STM32U375CET6Q, STM32U375CEU6, STM32U375CEU6Q, STM32U375CEY6QTR, STM32U375CGT6, STM32U375CGT6Q, STM32U375CGU6, STM32U375CGU6Q, STM32U375CGY6QTR, STM32U375KEU6, STM32U375KGU6, STM32U375REI6, STM32U375REI6Q, STM32U375RET6, STM32U375RET6Q, STM32U375REY6GTR, STM32U375REY6QTR, STM32U375RGI6, STM32U375RGI6Q, STM32U375RGT6, STM32U375RGT6Q, STM32U375RGY6GTR, STM32U375RGY6QTR, STM32U375VEI6, STM32U375VEI6Q, STM32U375VET6, STM32U375VET6Q, STM32U375VGI6, STM32U375VGI6Q, STM32U375VGT6, STM32U375VGT6Q, STM32U385CGT6, STM32U385CGT6Q, STM32U385CGU6, STM32U385CGU6Q, STM32U385CGY6QTR, STM32U385KGU6, STM32U385RGI6, STM32U385RGI6Q, STM32U385RGT6, STM32U385RGT6Q, STM32U385RGY6GTR, STM32U385RGY6QTR, STM32U385VGI6, STM32U385VGI6Q, STM32U385VGT6, STM32U385VGT6Q, STM32U535CBT6, STM32U535CBT6Q, STM32U535CBU6, STM32U535CBU6Q, STM32U535CCT6, STM32U535CCT6Q, STM32U535CCU6, STM32U535CCU6Q, STM32U535CET6, STM32U535CET6Q, STM32U535CEU6, STM32U535CEU6Q, STM32U535JEY6QTR, STM32U535NCY6QTR, STM32U535NEY6QTR, STM32U535RBI6, STM32U535RBI6Q, STM32U535RBT6, STM32U535RBT6Q, STM32U535RCI6, STM32U535RCI6Q, STM32U535RCT6, STM32U535RCT6Q, STM32U535REI6, STM32U535REI6Q, STM32U535RET6, STM32U535RET6Q, STM32U535VCI6, STM32U535VCI6Q, STM32U535VCT6, STM32U535VCT6Q, STM32U535VEI6, STM32U535VEI6Q, STM32U535VET6, STM32U535VET6Q, STM32U545CET6, STM32U545CET6Q, STM32U545CEU6, STM32U545CEU6Q, STM32U545JEY6QTR, STM32U545NEY6QTR, STM32U545REI6, STM32U545REI6Q, STM32U545RET6, STM32U545RET6Q, STM32U545VEI6, STM32U545VEI6Q, STM32U545VET6, STM32U545VET6Q, STM32U595AIH6, STM32U595AIH6Q, STM32U595AJH6, STM32U595AJH6Q, STM32U595QII6, STM32U595QII6Q, STM32U595QJI6, STM32U595QJI6Q, STM32U595RIT6, STM32U595RIT6Q, STM32U595RJT6, STM32U595RJT6Q, STM32U595VIT6, STM32U595VIT6Q, STM32U595VJT6, STM32U595VJT6Q, STM32U595ZIT6, STM32U595ZIT6Q, STM32U595ZIY6QTR, STM32U595ZJT6, STM32U595ZJT6Q, STM32U595ZJY6QTR, STM32U599BJY6QTR, STM32U599NIH6Q, STM32U599NJH6Q, STM32U599VIT6Q, STM32U599VJT6, STM32U599VJT6Q, STM32U599ZIT6Q, STM32U599ZIY6QTR, STM32U599ZJT6Q, STM32U599ZJY6QTR, STM32U5A5AJH6, STM32U5A5AJH6Q, STM32U5A5QII3Q , STM32U5A5QJI6, STM32U5A5QJI6Q, STM32U5A5RJT6, STM32U5A5RJT6Q, STM32U5A5VJT6, STM32U5A5VJT6Q, STM32U5A5ZJT6, STM32U5A5ZJT6Q, STM32U5A5ZJY6QTR, STM32U5A9BJY6QTR, STM32U5A9J-DK, STM32U5A9NJH6Q, STM32U5A9VJT6Q, STM32U5A9ZJT6Q, STM32U5A9ZJY6QTR, STM32U5F7VIT6, STM32U5F7VIT6Q, STM32U5F7VJT6, STM32U5F7VJT6Q, STM32U5F9BJY6QTR, STM32U5F9NJH6Q, STM32U5F9VIT6Q, STM32U5F9VJT6Q, STM32U5F9ZIJ6QTR, STM32U5F9ZIT6Q, STM32U5F9ZJJ6QTR, STM32U5F9ZJT6Q, STM32U5G7VJT6, STM32U5G7VJT6Q, STM32U5G9BJY6QTR, STM32U5G9J-DK1, STM32U5G9J-DK2, STM32U5G9NJH6Q, STM32U5G9VJT6Q, STM32U5G9ZJJ6QTR, STM32U5G9ZJT6Q, STM32WB05KZV6TR, STM32WB05KZV7TR, STM32WB05TZF6TR, STM32WB05TZF7TR, STM32WB06CCF6TR, STM32WB06CCF7TR, STM32WB06CCV6TR, STM32WB06CCV7TR, STM32WB06KCV6TR, STM32WB06KCV7TR, STM32WB07CCF6TR, STM32WB07CCF7TR, STM32WB07CCV6TR, STM32WB07CCV7TR, STM32WB07KCV6TR, STM32WB07KCV7TR, STM32WB09KEV6TR, STM32WB09KEV7TR, STM32WB09TEF6TR, STM32WB09TEF7TR, STM32WB1MMCH6, STM32WBA50KGU6, STM32WBA50KGU6TR, STM32WBA52CEU6, STM32WBA52CEU6TR, STM32WBA52CEU7, STM32WBA52CEU7TR, STM32WBA52CGU6, STM32WBA52CGU6TR, STM32WBA52CGU6U, STM32WBA52CGU7, STM32WBA52CGU7TR, STM32WBA52KEU6, STM32WBA52KEU6TR, STM32WBA52KGU6, STM32WBA52KGU6TR, STM32WBA54CEU6, STM32WBA54CEU6TR, STM32WBA54CEU7, STM32WBA54CEU7TR, STM32WBA54CGU6, STM32WBA54CGU6TR, STM32WBA54CGU7, STM32WBA54CGU7TR, STM32WBA54KEU6, STM32WBA54KEU6TR, STM32WBA54KEU7, STM32WBA54KEU7TR, STM32WBA54KGU6, STM32WBA54KGU6TR, STM32WBA54KGU7, STM32WBA54KGU7TR, STM32WBA55CEU6, STM32WBA55CEU6TR, STM32WBA55CEU7, STM32WBA55CEU7TR, STM32WBA55CGU6, STM32WBA55CGU6TR, STM32WBA55CGU6U, STM32WBA55CGU7, STM32WBA55CGU7TR, STM32WBA55G-DK1, STM32WBA55HEF6, STM32WBA55HEF7, STM32WBA55HGF6, STM32WBA55HGF7, STM32WBA55UEI6, STM32WBA55UEI6TR, STM32WBA55UEI7, STM32WBA55UEI7TR, STM32WBA55UGI6, STM32WBA55UGI6TR, STM32WBA55UGI7, STM32WBA55UGI7TR, STM32WBA5MMGH6TR, STM32WBA62MGF6, STM32WBA62MIF6, STM32WBA65MGF7, STM32WBA65MIF6, STM32WBA65MIF7, STM32WL30K8V6, STM32WL30KBV6, STM32WL31C8V6, STM32WL31CBV6, STM32WL31K8V6, STM32WL31KBV6, STM32WL33C8V6, STM32WL33C8V6X, STM32WL33CBV6, STM32WL33CBV6X, STM32WL33CCV6, STM32WL33CCV6A, STM32WL33CCV6X, STM32WL33K8V7, STM32WL33K8V7X, STM32WL33KBV7 , STM32WL33KBV7X, STM32WL33KCV7, STM32WL33KCV7X, STM32WL5MOCH6, STM32WL5MOCH6TR]
2025-08-14 23:29:03,039 [INFO] BoardInfo:889 - No configuration file found for board P-NUCLEO-WB55
2025-08-14 23:29:03,040 [INFO] DbBoards:161 - Kit is not supported: P-NUCLEO-WB55
2025-08-14 23:29:03,046 [INFO] BoardInfo:889 - No configuration file found for board STEVAL-BFA001V1B
2025-08-14 23:29:03,047 [INFO] DbBoards:161 - Kit is not supported: STEVAL-BFA001V1B
2025-08-14 23:29:03,047 [INFO] BoardInfo:889 - No configuration file found for board STEVAL-BFA001V2B
2025-08-14 23:29:03,048 [INFO] DbBoards:161 - Kit is not supported: STEVAL-BFA001V2B
2025-08-14 23:29:03,212 [INFO] DbBoards:168 - Found 212 boards, 209 are supported
2025-08-14 23:29:03,212 [INFO] DbBoards:169 - Found 212 boards, 43 of them is supported for  Bsp
2025-08-14 23:29:03,215 [INFO] ApiDb:668 - CubeFinder database Data Model version=2.1
2025-08-14 23:29:03,215 [INFO] ApiDb:669 - CubeFinder database Configuration version=3.0.39
2025-08-14 23:29:03,215 [INFO] ApiDb:670 - CubeFinder database generation date=2025-07-22 (1753107327)
2025-08-14 23:29:03,215 [INFO] ApiDb:671 - CubeFinder database FW Pack versions=[FP-ATR-ASTRA1_V2.0.0, FP-SNS-FLIGHT1_V5.1.0, FP-SNS-MOTENV1_V5.0.0, FP-SNS-MOTENVWB1_V1.4.0, FP-SNS-SMARTAG2_V1.2.0, FP-SNS-STBOX1_V2.0.0, STM32Cube_FW_C0_V1.4.0, STM32Cube_FW_F4_V1.28.2, STM32Cube_FW_F7_V1.17.3, STM32Cube_FW_G0_V1.6.2, STM32Cube_FW_G4_V1.6.1, STM32Cube_FW_H5_V1.5.0, STM32Cube_FW_H7RS_V1.2.0, STM32Cube_FW_H7_V1.12.1, STM32Cube_FW_L0_V1.12.2, STM32Cube_FW_L4_V1.18.1, STM32Cube_FW_L5_V1.5.1, STM32Cube_FW_N6_V1.2.0, STM32Cube_FW_U0_V1.3.0, STM32Cube_FW_U3_V1.2.0, STM32Cube_FW_U5_V1.8.0, STM32Cube_FW_WB0_V1.3.0, STM32Cube_FW_WBA_V1.7.0, STM32Cube_FW_WB_V1.23.0, STM32Cube_FW_WL3_V1.2.0, STM32Cube_FW_WL_V1.3.1, X-CUBE-ALGOBUILD_V1.4.0, X-CUBE-ALS_V1.0.2, X-CUBE-AZRTOS-F4_V1.1.0, X-CUBE-AZRTOS-F7_V1.1.0, X-CUBE-AZRTOS-G0_V1.1.0, X-CUBE-AZRTOS-G4_V2.0.0, X-CUBE-AZRTOS-H7RS_V1.1.0, X-CUBE-AZRTOS-H7_V3.3.0, X-CUBE-AZRTOS-L4_V2.0.0, X-CUBE-AZRTOS-L5_V2.0.0, X-CUBE-AZRTOS-WB_V2.0.0, X-CUBE-AZRTOS-WL_V2.0.0, X-CUBE-BLE1_V7.1.0, X-CUBE-BLE2_V3.3.0, X-CUBE-BLEMGR_V4.0.0, X-CUBE-EEPRMA1_V5.1.0, X-CUBE-FREERTOS_V1.3.1, X-CUBE-GNSS1_V6.0.0, X-CUBE-MEMS1_V11.3.0, X-CUBE-NFC4_V3.0.0, X-CUBE-NFC7_V2.0.0, X-CUBE-SFXS2LP1_V4.0.0, X-CUBE-SUBG2_V5.0.0, X-CUBE-TOF1_V3.4.3]
2025-08-14 23:29:04,710 [INFO] ApiDb:240 - Found 880 in-development CPN: [B-G473E-ZEST1S, B-WB1M-WPAN1, B-WBA5M-WPAN, B-WL5M-SUBG1, NUCLEO-C031C6, NUCLEO-C051C8, NUCLEO-C071RB, NUCLEO-C092RC, NUCLEO-H503RB, NUCLEO-H533RE, NUCLEO-H563ZI, NUCLEO-H7S3L8, NUCLEO-N657X0-Q, NUCLEO-U031R8, NUCLEO-U083RC, NUCLEO-U385RG-Q, NUCLEO-U545RE-Q, NUCLEO-U5A5ZJ-Q, NUCLEO-WB05KZ, NUCLEO-WB07CC, NUCLEO-WB09KE, NUCLEO-WBA52CG, NUCLEO-WBA55CG, NUCLEO-WL33CC1, NUCLEO-WL33CC2, STEVAL-PROTEUS1, STEVAL-SMARTAG2, STEVAL-STWINBX1, STM320518-EVAL, STM32C0116-DK, STM32C011D6Y3TR, STM32C011D6Y6TR, STM32C011F4P3, STM32C011F4P6, STM32C011F4U3, STM32C011F4U6TR, STM32C011F6P3, STM32C011F6P6, STM32C011F6U3, STM32C011F6U6TR, STM32C011J4M3, STM32C011J4M6, STM32C011J6M3, STM32C011J6M6, STM32C0316-DK, STM32C031C4T3, STM32C031C4T6, STM32C031C4U3, STM32C031C4U6, STM32C031C6T3, STM32C031C6T6, STM32C031C6U3, STM32C031C6U6, STM32C031F4P3, STM32C031F4P6, STM32C031F6P3, STM32C031F6P6, STM32C031G4U3, STM32C031G4U6, STM32C031G6U3, STM32C031G6U6, STM32C031K4T3, STM32C031K4T6, STM32C031K4U3, STM32C031K4U6, STM32C031K6T3, STM32C031K6T6, STM32C031K6U3, STM32C031K6U6, STM32C051C6T6, STM32C051C6U6, STM32C051C8T6, STM32C051C8U6, STM32C051D8Y6TR, STM32C051F6P6, STM32C051F8P6, STM32C051G6U6, STM32C051G8U6, STM32C051K6T6, STM32C051K6U6, STM32C051K8T6, STM32C071C8T6, STM32C071C8T6N, STM32C071C8U6, STM32C071C8U6N, STM32C071CBT6, STM32C071CBT6N, STM32C071CBU6, STM32C071CBU6N, STM32C071F8P6, STM32C071F8P6N, STM32C071FBP6, STM32C071FBP6N, STM32C071FBY6TR, STM32C071G8U6, STM32C071G8U6N, STM32C071GBU6, STM32C071GBU6N, STM32C071K8T6, STM32C071K8T6N, STM32C071K8U6, STM32C071K8U6N, STM32C071KBT6, STM32C071KBT6N, STM32C071KBU6, STM32C071KBU6N, STM32C071R8T6, STM32C071R8T6N, STM32C071RBI6N, STM32C071RBT6, STM32C071RBT6N, STM32C091CBT6, STM32C091CBU6, STM32C091CCT6, STM32C091CCU6, STM32C091ECY6TR, STM32C091FBP6, STM32C091FCP6, STM32C091GBU6, STM32C091GCU6, STM32C091KBT6, STM32C091KBU6, STM32C091KCT6, STM32C091KCU6, STM32C091RBT6, STM32C091RCI6, STM32C091RCT6, STM32C092CBT6, STM32C092CBU6, STM32C092CCT6, STM32C092CCU6, STM32C092ECY6TR, STM32C092FBP6, STM32C092FCP6, STM32C092GBU6, STM32C092GCU6, STM32C092KBT6, STM32C092KBU6, STM32C092KCT6, STM32C092KCU6, STM32C092RBT6, STM32C092RCI6, STM32C092RCT6, STM32G071K8TXN, STM32G071K8UXN, STM32G081GBU6N, STM32G081KBT6N, STM32G081KBUXN, STM32G0B1CCT6N, STM32G0B1KCT6, STM32G0B1NEY6TR, STM32G0B1RCT6N, STM32G0C1CCT6, STM32G0C1CCT6N, STM32G0C1CCU6N, STM32G0C1CET6N, STM32G0C1CEU6N, STM32G0C1KCT6, STM32G0C1NEY6TR, STM32G0C1RCI6N, STM32G0C1RCT6N, STM32G0C1REI6N, STM32G0C1RET6N, STM32G0C1VCI6, STM32G0C1VEI6, STM32G411C6T3, STM32G411C6T6, STM32G411C6U3, STM32G411C6U6, STM32G411C8T3, STM32G411C8T6, STM32G411C8U3, STM32G411C8U6, STM32G411CBT3, STM32G411CBT6, STM32G411CBU3, STM32G411CBU6, STM32G411K6T3, STM32G411K6T6, STM32G411K6U3, STM32G411K6U6, STM32G411K8T3, STM32G411K8T6, STM32G411K8U3, STM32G411K8U6, STM32G411KBT3, STM32G411KBT6, STM32G411KBU3, STM32G411KBU6, STM32G411M6T3, STM32G411M6T6, STM32G411M8T3, STM32G411M8T6, STM32G411MBT3, STM32G411MBT6, STM32G411R6T3, STM32G411R6T6, STM32G411R8T3, STM32G411R8T6, STM32G411RBT3, STM32G411RBT6, STM32G414CBT3, STM32G414CBT6, STM32G414CBU3, STM32G414CBU6, STM32G414CCT3, STM32G414CCT6, STM32G414CCU3, STM32G414CCU6, STM32G414MBT3, STM32G414MBT6, STM32G414MCT3, STM32G414MCT6, STM32G414RBT3, STM32G414RBT6, STM32G414RCT3, STM32G414RCT6, STM32G414VBT3, STM32G414VBT6, STM32G414VCT3, STM32G414VCT6, STM32G431CBT3Z, STM32G431RBT3Z, STM32G471CCT6, STM32G471CCU6, STM32G471CET3, STM32G471CET6, STM32G471CEU3, STM32G471CEU6, STM32G471MCT6, STM32G471MET3, STM32G471MET6, STM32G471MEY6TR, STM32G471QCT6, STM32G471QET3, STM32G471RCT6, STM32G471RET3, STM32G471RET6, STM32G471VCH6, STM32G471VCI6, STM32G471VCT6, STM32G471VEH3, STM32G471VEH6, STM32G471VEI3, STM32G471VEI6, STM32G471VET3, STM32G471VET6, STM32G473QET3Z, STM32G473RET3Z, STM32G474CCT6, STM32G491RET3Z, STM32H503CBT6, STM32H503CBU6, STM32H503EBY6TR, STM32H503KBU6, STM32H503RBT6, STM32H523CCT6, STM32H523CCU6, STM32H523CET6, STM32H523CEU6, STM32H523HEY6TR, STM32H523RCT6, STM32H523RET6, STM32H523VCI6, STM32H523VCT6, STM32H523VEI6, STM32H523VET6, STM32H523ZCJ6, STM32H523ZCT6, STM32H523ZEJ6, STM32H523ZET6, STM32H533CET6, STM32H533CEU6, STM32H533HEY6TR, STM32H533RET6, STM32H533VEI6, STM32H533VET6, STM32H533ZEJ6, STM32H533ZET6, STM32H562AGI6, STM32H562AII6, STM32H562IGK6, STM32H562IGT6, STM32H562IIK6, STM32H562IIT6, STM32H562RGT6, STM32H562RGV6, STM32H562RIT6, STM32H562RIV6, STM32H562VGT6, STM32H562VIT6, STM32H562ZGT6, STM32H562ZIT6, STM32H563AGI6, STM32H563AII3Q, STM32H563AII6, STM32H563IGK6, STM32H563IGT6, STM32H563IIK3Q, STM32H563IIK6, STM32H563IIT3Q, STM32H563IIT6, STM32H563MIY3QTR, STM32H563RGT6, STM32H563RGV6, STM32H563RIT6, STM32H563RIV6, STM32H563VGT6, STM32H563VIT3Q, STM32H563VIT6, STM32H563ZGT6, STM32H563ZIT3Q, STM32H563ZIT6, STM32H573AII3Q, STM32H573AII6, STM32H573I-DK, STM32H573IIK3Q, STM32H573IIK6, STM32H573IIT3Q, STM32H573IIT6, STM32H573MIY3QTR, STM32H573RIT6, STM32H573RIV6, STM32H573VIT3Q, STM32H573VIT6, STM32H573ZIT3Q, STM32H573ZIT6, STM32H7R3A8I6, STM32H7R3I8K6, STM32H7R3I8T6, STM32H7R3L8H6, STM32H7R3L8H6H, STM32H7R3R8V6, STM32H7R3V8H6, STM32H7R3V8T6, STM32H7R3V8Y6TR, STM32H7R3Z8J6, STM32H7R3Z8T6, STM32H7R7A8I6, STM32H7R7I8K6, STM32H7R7I8T6, STM32H7R7L8H6, STM32H7R7L8H6H, STM32H7R7Z8J6, STM32H7S3A8I6, STM32H7S3I8K6, STM32H7S3I8T6, STM32H7S3L8H6, STM32H7S3L8H6H, STM32H7S3R8V6, STM32H7S3V8H6, STM32H7S3V8T6, STM32H7S3V8Y6TR, STM32H7S3Z8J6, STM32H7S3Z8T6, STM32H7S78-DK, STM32H7S7A8I6, STM32H7S7I8K6, STM32H7S7I8T6, STM32H7S7L8H6, STM32H7S7L8H6H, STM32H7S7Z8J6, STM32L4R5QGI6STR, STM32MP131AAE3, STM32MP131AAF3, STM32MP131AAG3, STM32MP131CAE3, STM32MP131CAF3, STM32MP131CAG3, STM32MP131DAE7, STM32MP131DAF7, STM32MP131DAG7, STM32MP131FAE7, STM32MP131FAF7, STM32MP131FAG7, STM32MP133AAE3, STM32MP133AAF3, STM32MP133AAG3, STM32MP133CAE3, STM32MP133CAF3, STM32MP133CAG3, STM32MP133DAE7, STM32MP133DAF7, STM32MP133DAG7, STM32MP133FAE7, STM32MP133FAF7, STM32MP133FAG7, STM32MP135AAE3, STM32MP135AAF3, STM32MP135AAG3, STM32MP135CAE3, STM32MP135CAF3, STM32MP135CAG3, STM32MP135DAE7, STM32MP135DAF7, STM32MP135DAG7, STM32MP135F-DK, STM32MP135FAE7, STM32MP135FAF7, STM32MP135FAF7T, STM32MP135FAF7U, STM32MP135FAG7, STM32MP211AAL3, STM32MP211AAM3, STM32MP211AAN3, STM32MP211AAO3, STM32MP211CAL3, STM32MP211CAM3, STM32MP211CAN3, STM32MP211CAO3, STM32MP211DAL3, STM32MP211DAM3, STM32MP211DAN3, STM32MP211DAO3, STM32MP211FAL3, STM32MP211FAM3, STM32MP211FAN3, STM32MP211FAO3, STM32MP213AAL3, STM32MP213AAM3, STM32MP213AAN3, STM32MP213AAO3, STM32MP213CAL3, STM32MP213CAM3, STM32MP213CAN3, STM32MP213CAO3, STM32MP213DAL3, STM32MP213DAM3, STM32MP213DAN3, STM32MP213DAO3, STM32MP213FAL3, STM32MP213FAM3, STM32MP213FAN3, STM32MP213FAO3, STM32MP215AAL3, STM32MP215AAM3, STM32MP215AAN3, STM32MP215AAO3, STM32MP215CAL3, STM32MP215CAM3, STM32MP215CAN3, STM32MP215CAO3, STM32MP215DAL3, STM32MP215DAM3, STM32MP215DAN3, STM32MP215DAO3, STM32MP215F-DK, STM32MP215FAL3, STM32MP215FAM3, STM32MP215FAN3, STM32MP215FAO3, STM32MP231AAJ3, STM32MP231AAK3, STM32MP231AAL3, STM32MP231CAJ3, STM32MP231CAK3, STM32MP231CAL3, STM32MP231DAJ3, STM32MP231DAK3, STM32MP231DAL3, STM32MP231FAJ3, STM32MP231FAK3, STM32MP231FAL3, STM32MP233AAJ3, STM32MP233AAK3, STM32MP233AAL3, STM32MP233CAJ3, STM32MP233CAK3, STM32MP233CAL3, STM32MP233DAJ3, STM32MP233DAK3, STM32MP233DAL3, STM32MP233FAJ3, STM32MP233FAK3, STM32MP233FAL3, STM32MP235AAJ3, STM32MP235AAK3, STM32MP235AAL3, STM32MP235CAJ3, STM32MP235CAK3, STM32MP235CAL3, STM32MP235DAJ3, STM32MP235DAK3, STM32MP235DAL3, STM32MP235FAJ3, STM32MP235FAK3, STM32MP235FAL3, STM32MP251AAI3, STM32MP251AAK3, STM32MP251AAL3, STM32MP251CAI3, STM32MP251CAK3, STM32MP251CAL3, STM32MP251DAI3, STM32MP251DAK3, STM32MP251DAL3, STM32MP251FAI3, STM32MP251FAK3, STM32MP251FAL3, STM32MP253AAI3, STM32MP253AAK3, STM32MP253AAL3, STM32MP253CAI3, STM32MP253CAK3, STM32MP253CAL3, STM32MP253DAI3, STM32MP253DAK3, STM32MP253DAL3, STM32MP253FAI3, STM32MP253FAK3, STM32MP253FAL3, STM32MP255AAI3, STM32MP255AAK3, STM32MP255AAL3, STM32MP255CAI3, STM32MP255CAK3, STM32MP255CAL3, STM32MP255DAI3, STM32MP255DAK3, STM32MP255DAL3, STM32MP255FAI3, STM32MP255FAK3, STM32MP255FAL3, STM32MP257AAI3, STM32MP257AAK3, STM32MP257AAL3, STM32MP257CAI3, STM32MP257CAK3, STM32MP257CAL3, STM32MP257DAI3, STM32MP257DAK3, STM32MP257DAL3, STM32MP257F-DK, STM32MP257F-EV1, STM32MP257FAI3, STM32MP257FAK3, STM32MP257FAL3, STM32N645A0H3Q, STM32N645B0H3Q, STM32N645I0H3Q, STM32N645L0H3Q, STM32N645X0H3Q, STM32N645Z0H3Q, STM32N647A0H3Q, STM32N647B0H3Q, STM32N647I0H3Q, STM32N647L0H3Q, STM32N647X0H3Q, STM32N647Z0H3Q, STM32N655A0H3Q, STM32N655B0H3Q, STM32N655I0H3Q, STM32N655L0H3Q, STM32N655X0H3Q, STM32N655Z0H3Q, STM32N6570-DK, STM32N657A0H3Q, STM32N657B0H3Q, STM32N657I0H3Q, STM32N657L0H3Q, STM32N657X0H3Q, STM32N657Z0H3Q, STM32U031C6T6, STM32U031C6U6, STM32U031C8T6, STM32U031C8U6, STM32U031F4P6, STM32U031F6P6, STM32U031F8P6, STM32U031G6Y6TR, STM32U031G8Y6TR, STM32U031K4U6, STM32U031K6U6, STM32U031K8U6, STM32U031R6I6, STM32U031R6T6, STM32U031R8I6, STM32U031R8T6, STM32U073C8T6, STM32U073C8U6, STM32U073CBT6, STM32U073CBU6, STM32U073CCT6, STM32U073CCU6, STM32U073H8Y6TR, STM32U073HBY6TR, STM32U073HCY6TR, STM32U073K8U6, STM32U073KBU6, STM32U073KCU6, STM32U073M8I6, STM32U073M8T6, STM32U073MBI6, STM32U073MBT6, STM32U073MCI6, STM32U073MCT6, STM32U073R8I6, STM32U073R8T6, STM32U073RBI6, STM32U073RBT6, STM32U073RCI6, STM32U073RCT6, STM32U083C-DK, STM32U083CCT6, STM32U083CCU6, STM32U083HCY6TR, STM32U083KCU6, STM32U083MCI6, STM32U083MCT6, STM32U083RCI6, STM32U083RCT6, STM32U375CET6, STM32U375CET6Q, STM32U375CEU6, STM32U375CEU6Q, STM32U375CEY6QTR, STM32U375CGT6, STM32U375CGT6Q, STM32U375CGU6, STM32U375CGU6Q, STM32U375CGY6QTR, STM32U375KEU6, STM32U375KGU6, STM32U375REI6, STM32U375REI6Q, STM32U375RET6, STM32U375RET6Q, STM32U375REY6GTR, STM32U375REY6QTR, STM32U375RGI6, STM32U375RGI6Q, STM32U375RGT6, STM32U375RGT6Q, STM32U375RGY6GTR, STM32U375RGY6QTR, STM32U375VEI6, STM32U375VEI6Q, STM32U375VET6, STM32U375VET6Q, STM32U375VGI6, STM32U375VGI6Q, STM32U375VGT6, STM32U375VGT6Q, STM32U385CGT6, STM32U385CGT6Q, STM32U385CGU6, STM32U385CGU6Q, STM32U385CGY6QTR, STM32U385KGU6, STM32U385RGI6, STM32U385RGI6Q, STM32U385RGT6, STM32U385RGT6Q, STM32U385RGY6GTR, STM32U385RGY6QTR, STM32U385VGI6, STM32U385VGI6Q, STM32U385VGT6, STM32U385VGT6Q, STM32U535CBT6, STM32U535CBT6Q, STM32U535CBU6, STM32U535CBU6Q, STM32U535CCT6, STM32U535CCT6Q, STM32U535CCU6, STM32U535CCU6Q, STM32U535CET6, STM32U535CET6Q, STM32U535CEU6, STM32U535CEU6Q, STM32U535JEY6QTR, STM32U535NCY6QTR, STM32U535NEY6QTR, STM32U535RBI6, STM32U535RBI6Q, STM32U535RBT6, STM32U535RBT6Q, STM32U535RCI6, STM32U535RCI6Q, STM32U535RCT6, STM32U535RCT6Q, STM32U535REI6, STM32U535REI6Q, STM32U535RET6, STM32U535RET6Q, STM32U535VCI6, STM32U535VCI6Q, STM32U535VCT6, STM32U535VCT6Q, STM32U535VEI6, STM32U535VEI6Q, STM32U535VET6, STM32U535VET6Q, STM32U545CET6, STM32U545CET6Q, STM32U545CEU6, STM32U545CEU6Q, STM32U545JEY6QTR, STM32U545NEY6QTR, STM32U545REI6, STM32U545REI6Q, STM32U545RET6, STM32U545RET6Q, STM32U545VEI6, STM32U545VEI6Q, STM32U545VET6, STM32U545VET6Q, STM32U595AIH6, STM32U595AIH6Q, STM32U595AJH6, STM32U595AJH6Q, STM32U595QII6, STM32U595QII6Q, STM32U595QJI6, STM32U595QJI6Q, STM32U595RIT6, STM32U595RIT6Q, STM32U595RJT6, STM32U595RJT6Q, STM32U595VIT6, STM32U595VIT6Q, STM32U595VJT6, STM32U595VJT6Q, STM32U595ZIT6, STM32U595ZIT6Q, STM32U595ZIY6QTR, STM32U595ZJT6, STM32U595ZJT6Q, STM32U595ZJY6QTR, STM32U599BJY6QTR, STM32U599NIH6Q, STM32U599NJH6Q, STM32U599VIT6Q, STM32U599VJT6, STM32U599VJT6Q, STM32U599ZIT6Q, STM32U599ZIY6QTR, STM32U599ZJT6Q, STM32U599ZJY6QTR, STM32U5A5AJH6, STM32U5A5AJH6Q, STM32U5A5QII3Q , STM32U5A5QJI6, STM32U5A5QJI6Q, STM32U5A5RJT6, STM32U5A5RJT6Q, STM32U5A5VJT6, STM32U5A5VJT6Q, STM32U5A5ZJT6, STM32U5A5ZJT6Q, STM32U5A5ZJY6QTR, STM32U5A9BJY6QTR, STM32U5A9J-DK, STM32U5A9NJH6Q, STM32U5A9VJT6Q, STM32U5A9ZJT6Q, STM32U5A9ZJY6QTR, STM32U5F7VIT6, STM32U5F7VIT6Q, STM32U5F7VJT6, STM32U5F7VJT6Q, STM32U5F9BJY6QTR, STM32U5F9NJH6Q, STM32U5F9VIT6Q, STM32U5F9VJT6Q, STM32U5F9ZIJ6QTR, STM32U5F9ZIT6Q, STM32U5F9ZJJ6QTR, STM32U5F9ZJT6Q, STM32U5G7VJT6, STM32U5G7VJT6Q, STM32U5G9BJY6QTR, STM32U5G9J-DK1, STM32U5G9J-DK2, STM32U5G9NJH6Q, STM32U5G9VJT6Q, STM32U5G9ZJJ6QTR, STM32U5G9ZJT6Q, STM32WB05KZV6TR, STM32WB05KZV7TR, STM32WB05TZF6TR, STM32WB05TZF7TR, STM32WB06CCF6TR, STM32WB06CCF7TR, STM32WB06CCV6TR, STM32WB06CCV7TR, STM32WB06KCV6TR, STM32WB06KCV7TR, STM32WB07CCF6TR, STM32WB07CCF7TR, STM32WB07CCV6TR, STM32WB07CCV7TR, STM32WB07KCV6TR, STM32WB07KCV7TR, STM32WB09KEV6TR, STM32WB09KEV7TR, STM32WB09TEF6TR, STM32WB09TEF7TR, STM32WB1MMCH6, STM32WBA50KGU6, STM32WBA50KGU6TR, STM32WBA52CEU6, STM32WBA52CEU6TR, STM32WBA52CEU7, STM32WBA52CEU7TR, STM32WBA52CGU6, STM32WBA52CGU6TR, STM32WBA52CGU6U, STM32WBA52CGU7, STM32WBA52CGU7TR, STM32WBA52KEU6, STM32WBA52KEU6TR, STM32WBA52KGU6, STM32WBA52KGU6TR, STM32WBA54CEU6, STM32WBA54CEU6TR, STM32WBA54CEU7, STM32WBA54CEU7TR, STM32WBA54CGU6, STM32WBA54CGU6TR, STM32WBA54CGU7, STM32WBA54CGU7TR, STM32WBA54KEU6, STM32WBA54KEU6TR, STM32WBA54KEU7, STM32WBA54KEU7TR, STM32WBA54KGU6, STM32WBA54KGU6TR, STM32WBA54KGU7, STM32WBA54KGU7TR, STM32WBA55CEU6, STM32WBA55CEU6TR, STM32WBA55CEU7, STM32WBA55CEU7TR, STM32WBA55CGU6, STM32WBA55CGU6TR, STM32WBA55CGU6U, STM32WBA55CGU7, STM32WBA55CGU7TR, STM32WBA55G-DK1, STM32WBA55HEF6, STM32WBA55HEF7, STM32WBA55HGF6, STM32WBA55HGF7, STM32WBA55UEI6, STM32WBA55UEI6TR, STM32WBA55UEI7, STM32WBA55UEI7TR, STM32WBA55UGI6, STM32WBA55UGI6TR, STM32WBA55UGI7, STM32WBA55UGI7TR, STM32WBA5MMGH6TR, STM32WBA62MGF6, STM32WBA62MIF6, STM32WBA65MGF7, STM32WBA65MIF6, STM32WBA65MIF7, STM32WL30K8V6, STM32WL30KBV6, STM32WL31C8V6, STM32WL31CBV6, STM32WL31K8V6, STM32WL31KBV6, STM32WL33C8V6, STM32WL33C8V6X, STM32WL33CBV6, STM32WL33CBV6X, STM32WL33CCV6, STM32WL33CCV6A, STM32WL33CCV6X, STM32WL33K8V7, STM32WL33K8V7X, STM32WL33KBV7 , STM32WL33KBV7X, STM32WL33KCV7, STM32WL33KCV7X, STM32WL5MOCH6, STM32WL5MOCH6TR]
2025-08-14 23:29:04,714 [INFO] DbMcus:218 - Found 4801 MCUs, 4801 are supported
2025-08-14 23:29:04,715 [INFO] ApiDb:423 - Load user favorites file C:\Users\nicks/.stm32cubeide/favorites.mcus.txt: 0 item(s)
2025-08-14 23:29:04,715 [INFO] ApiDb:427 - User favorites MCUs=[]
2025-08-14 23:29:04,715 [INFO] DbMcus:224 - Set 0 / 0 favorites MCUs
2025-08-14 23:29:04,996 [INFO] ApiDb:423 - Load user favorites file C:\Users\nicks/.stm32cubeide/favorites.boards.txt: 0 item(s)
2025-08-14 23:29:04,996 [INFO] ApiDb:427 - User favorites Boards=[]
2025-08-14 23:29:04,996 [INFO] DbBoards:198 - Set 0 / 0 favorites Boards
2025-08-14 23:29:05,049 [INFO] UtilMem:75 - End LoadConfig() Used Memory: 202105592 Bytes (477102080)
2025-08-14 23:29:05,152 [WARN] ThirdParty:833 - waiting for thirdparty lock release [change project]
2025-08-14 23:29:05,153 [INFO] ThirdParty:835 - entering critical section [change project]
2025-08-14 23:29:05,153 [INFO] ThirdParty:1030 - CMSIS Pack Vendor :STMicroelectronics X-CUBE-PM33A1 1.0.0
2025-08-14 23:29:05,153 [INFO] ThirdParty:1030 - CMSIS Pack Vendor :STMicroelectronics USBPD 4.1
2025-08-14 23:29:05,153 [INFO] ThirdParty:1030 - CMSIS Pack Vendor :STMicroelectronics X-CUBE-AZRTOS-H7 3.3.0
2025-08-14 23:29:05,153 [INFO] ThirdParty:1030 - CMSIS Pack Vendor :STMicroelectronics X-CUBE-NFC9 1.0.0
2025-08-14 23:29:05,153 [INFO] ThirdParty:1030 - CMSIS Pack Vendor :STMicroelectronics USB_HOST 2.0.0
2025-08-14 23:29:05,153 [INFO] ThirdParty:1030 - CMSIS Pack Vendor :STMicroelectronics FP-SNS-MOTENVWB1 1.4.0
2025-08-14 23:29:05,153 [INFO] ThirdParty:1030 - CMSIS Pack Vendor :STMicroelectronics X-CUBE-AZRTOS-F4 1.1.0
2025-08-14 23:29:05,153 [INFO] ThirdParty:1030 - CMSIS Pack Vendor :STMicroelectronics LIBJPEG 8.0.0
2025-08-14 23:29:05,153 [INFO] ThirdParty:1030 - CMSIS Pack Vendor :STMicroelectronics FP-ATR-ASTRA1 2.0.2
2025-08-14 23:29:05,153 [INFO] ThirdParty:1030 - CMSIS Pack Vendor :STMicroelectronics FP-ATR-ASTRA1 2.0.1
2025-08-14 23:29:05,153 [INFO] ThirdParty:1030 - CMSIS Pack Vendor :STMicroelectronics X-CUBE-BLE1 7.1.0
2025-08-14 23:29:05,153 [INFO] ThirdParty:1030 - CMSIS Pack Vendor :Avnet-IotConnect X-CUBE-IoTC-DA16k-PMOD 1.0.0
2025-08-14 23:29:05,153 [INFO] ThirdParty:1030 - CMSIS Pack Vendor :STMicroelectronics X-CUBE-SMBUS 2.1.0
2025-08-14 23:29:05,153 [INFO] ThirdParty:1030 - CMSIS Pack Vendor :STMicroelectronics X-CUBE-WB05N 1.1.0
2025-08-14 23:29:05,153 [INFO] ThirdParty:1030 - CMSIS Pack Vendor :wolfSSL I-CUBE-wolfMQTT 1.19.2
2025-08-14 23:29:05,153 [INFO] ThirdParty:1030 - CMSIS Pack Vendor :STMicroelectronics USB_DEVICE 3.0.0
2025-08-14 23:29:05,153 [INFO] ThirdParty:1030 - CMSIS Pack Vendor :STMicroelectronics X-CUBE-ISPU 2.1.0
2025-08-14 23:29:05,153 [INFO] ThirdParty:1030 - CMSIS Pack Vendor :STMicroelectronics X-CUBE-EEPRMA1 5.2.0
2025-08-14 23:29:05,153 [INFO] ThirdParty:1030 - CMSIS Pack Vendor :STMicroelectronics X-CUBE-BLEMGR 4.1.0
2025-08-14 23:29:05,153 [INFO] ThirdParty:1030 - CMSIS Pack Vendor :STMicroelectronics X-CUBE-AZRTOS-WB 2.0.0
2025-08-14 23:29:05,153 [INFO] ThirdParty:1030 - CMSIS Pack Vendor :STMicroelectronics X-CUBE-ST60 1.0.0
2025-08-14 23:29:05,153 [INFO] ThirdParty:1030 - CMSIS Pack Vendor :STMicroelectronics X-CUBE-GNSS1 7.0.1
2025-08-14 23:29:05,153 [INFO] ThirdParty:1030 - CMSIS Pack Vendor :STMicroelectronics X-CUBE-NFC12 1.0.0
2025-08-14 23:29:05,153 [INFO] ThirdParty:1030 - CMSIS Pack Vendor :STMicroelectronics X-CUBE-AZRTOS-F7 1.1.0
2025-08-14 23:29:05,153 [INFO] ThirdParty:1030 - CMSIS Pack Vendor :STMicroelectronics X-CUBE-AZRTOS-L5 2.0.0
2025-08-14 23:29:05,153 [INFO] ThirdParty:1030 - CMSIS Pack Vendor :STMicroelectronics X-CUBE-TOUCHGFX 4.25.0
2025-08-14 23:29:05,154 [INFO] ThirdParty:1030 - CMSIS Pack Vendor :STMicroelectronics USB_DEVICE 2.0.0
2025-08-14 23:29:05,154 [INFO] ThirdParty:1030 - CMSIS Pack Vendor :STMicroelectronics X-CUBE-NFC6 3.1.0
2025-08-14 23:29:05,154 [INFO] ThirdParty:1030 - CMSIS Pack Vendor :STMicroelectronics X-CUBE-AI 10.1.0
2025-08-14 23:29:05,154 [INFO] ThirdParty:1030 - CMSIS Pack Vendor :STMicroelectronics FP-SNS-STBOX1 2.0.0
2025-08-14 23:29:05,154 [INFO] ThirdParty:1030 - CMSIS Pack Vendor :STMicroelectronics X-CUBE-MEMS1 11.2.0
2025-08-14 23:29:05,154 [INFO] ThirdParty:1030 - CMSIS Pack Vendor :STMicroelectronics FreeRTOS 0.0.1
2025-08-14 23:29:05,154 [INFO] ThirdParty:1030 - CMSIS Pack Vendor :STMicroelectronics X-CUBE-AZRTOS-G0 1.1.0
2025-08-14 23:29:05,154 [INFO] ThirdParty:1030 - CMSIS Pack Vendor :STMicroelectronics X-CUBE-SAFEA1 1.2.2
2025-08-14 23:29:05,154 [INFO] ThirdParty:1030 - CMSIS Pack Vendor :STMicroelectronics X-CUBE-NFC4 3.0.0
2025-08-14 23:29:05,154 [INFO] ThirdParty:1030 - CMSIS Pack Vendor :STMicroelectronics X-CUBE-SUBG2 5.0.0
2025-08-14 23:29:05,154 [INFO] ThirdParty:1030 - CMSIS Pack Vendor :STMicroelectronics X-CUBE-AZRTOS-H7RS 1.1.0
2025-08-14 23:29:05,154 [INFO] ThirdParty:1030 - CMSIS Pack Vendor :STMicroelectronics STM32_WPAN 1.0.0
2025-08-14 23:29:05,154 [INFO] ThirdParty:1030 - CMSIS Pack Vendor :EmbeddedOffice I-CUBE-FS-RTOS 1.0.1
2025-08-14 23:29:05,154 [INFO] ThirdParty:1030 - CMSIS Pack Vendor :STMicroelectronics lwIP 2.0.3
2025-08-14 23:29:05,154 [INFO] ThirdParty:1030 - CMSIS Pack Vendor :STMicroelectronics FP-SNS-FLIGHT1 5.0.2
2025-08-14 23:29:05,154 [INFO] ThirdParty:1030 - CMSIS Pack Vendor :Cesanta I-CUBE-Mongoose 7.13.0
2025-08-14 23:29:05,154 [INFO] ThirdParty:1030 - CMSIS Pack Vendor :STMicroelectronics USB_HOST 1.0.0
2025-08-14 23:29:05,154 [INFO] ThirdParty:1030 - CMSIS Pack Vendor :Infineon AIROC-Wi-Fi-Bluetooth-STM32 1.7.0
2025-08-14 23:29:05,154 [INFO] ThirdParty:1030 - CMSIS Pack Vendor :STMicroelectronics X-CUBE-AZRTOS-G4 2.0.0
2025-08-14 23:29:05,154 [INFO] ThirdParty:1030 - CMSIS Pack Vendor :STMicroelectronics X-CUBE-WB05N 2.0.0
2025-08-14 23:29:05,154 [INFO] ThirdParty:1030 - CMSIS Pack Vendor :STMicroelectronics PDM2PCM 3.1.0
2025-08-14 23:29:05,154 [INFO] ThirdParty:1030 - CMSIS Pack Vendor :STMicroelectronics PDM2PCM 3.3.0
2025-08-14 23:29:05,154 [INFO] ThirdParty:1030 - CMSIS Pack Vendor :wolfSSL I-CUBE-wolfTPM 3.8.0
2025-08-14 23:29:05,154 [INFO] ThirdParty:1030 - CMSIS Pack Vendor :STMicroelectronics X-CUBE-AZRTOS-H7 3.4.0
2025-08-14 23:29:05,154 [INFO] ThirdParty:1030 - CMSIS Pack Vendor :STMicroelectronics X-CUBE-DISPLAY 3.0.0
2025-08-14 23:29:05,154 [INFO] ThirdParty:1030 - CMSIS Pack Vendor :wolfSSL I-CUBE-wolfSSH 1.4.20
2025-08-14 23:29:05,154 [INFO] ThirdParty:1030 - CMSIS Pack Vendor :STMicroelectronics X-CUBE-NFC7 2.0.0
2025-08-14 23:29:05,154 [INFO] ThirdParty:1030 - CMSIS Pack Vendor :STMicroelectronics X-CUBE-TCPP 4.2.0
2025-08-14 23:29:05,154 [INFO] ThirdParty:1030 - CMSIS Pack Vendor :RealThread X-CUBE-RT-Thread_Nano 4.1.1
2025-08-14 23:29:05,154 [INFO] ThirdParty:1030 - CMSIS Pack Vendor :STMicroelectronics FP-ATR-SIGFOX1 3.2.0
2025-08-14 23:29:05,154 [INFO] ThirdParty:1030 - CMSIS Pack Vendor :STMicroelectronics X-CUBE-NFC10 1.0.0
2025-08-14 23:29:05,154 [INFO] ThirdParty:1030 - CMSIS Pack Vendor :STMicroelectronics X-CUBE-BLEMGR 4.0.0
2025-08-14 23:29:05,154 [INFO] ThirdParty:1030 - CMSIS Pack Vendor :STMicroelectronics X-CUBE-EEPRMA1 5.1.0
2025-08-14 23:29:05,154 [INFO] ThirdParty:1030 - CMSIS Pack Vendor :STMicroelectronics X-CUBE-FREERTOS 1.3.1
2025-08-14 23:29:05,154 [INFO] ThirdParty:1030 - CMSIS Pack Vendor :STMicroelectronics HAL Drivers 0.0.0
2025-08-14 23:29:05,155 [INFO] ThirdParty:1030 - CMSIS Pack Vendor :STMicroelectronics MBEDTLS 2.16.2
2025-08-14 23:29:05,155 [INFO] ThirdParty:1030 - CMSIS Pack Vendor :STMicroelectronics X-CUBE-IPS 3.1.0
2025-08-14 23:29:05,155 [INFO] ThirdParty:1030 - CMSIS Pack Vendor :STMicroelectronics X-CUBE-ALS 1.0.2
2025-08-14 23:29:05,155 [INFO] ThirdParty:1030 - CMSIS Pack Vendor :emotas I-CUBE-CANOPEN 1.3.0
2025-08-14 23:29:05,155 [INFO] ThirdParty:1030 - CMSIS Pack Vendor :STMicroelectronics X-CUBE-FREERTOS 1.3.0
2025-08-14 23:29:05,155 [INFO] ThirdParty:1030 - CMSIS Pack Vendor :STMicroelectronics X-CUBE-NFC7 1.0.1
2025-08-14 23:29:05,155 [INFO] ThirdParty:1030 - CMSIS Pack Vendor :STMicroelectronics MBEDTLS 2.14.1
2025-08-14 23:29:05,155 [INFO] ThirdParty:1030 - CMSIS Pack Vendor :wolfSSL I-CUBE-wolfSSL 5.7.6
2025-08-14 23:29:05,155 [INFO] ThirdParty:1030 - CMSIS Pack Vendor :ITTIA_DB I-CUBE-ITTIADB 8.9.0
2025-08-14 23:29:05,155 [INFO] ThirdParty:1030 - CMSIS Pack Vendor :portGmbH I-Cube-SoM-uGOAL 1.1.0
2025-08-14 23:29:05,155 [INFO] ThirdParty:1030 - CMSIS Pack Vendor :quantropi X-CUBE-qispace-sdk-base 2.0.0
2025-08-14 23:29:05,155 [INFO] ThirdParty:1030 - CMSIS Pack Vendor :STMicroelectronics X-CUBE-AI 10.0.0
2025-08-14 23:29:05,155 [INFO] ThirdParty:1030 - CMSIS Pack Vendor :STMicroelectronics X-CUBE-ST67W61 1.0.0
2025-08-14 23:29:05,155 [INFO] ThirdParty:1030 - CMSIS Pack Vendor :STMicroelectronics FP-SNS-STBOX1 2.1.0
2025-08-14 23:29:05,155 [INFO] ThirdParty:1030 - CMSIS Pack Vendor :STMicroelectronics X-CUBE-AI 10.2.0
2025-08-14 23:29:05,155 [INFO] ThirdParty:1030 - CMSIS Pack Vendor :STMicroelectronics FP-SNS-STAIOTCFT 1.0.0
2025-08-14 23:29:05,155 [INFO] ThirdParty:1030 - CMSIS Pack Vendor :STMicroelectronics ThreadX 1.0.0
2025-08-14 23:29:05,155 [INFO] ThirdParty:1030 - CMSIS Pack Vendor :STMicroelectronics FP-SNS-SMARTAG2 1.2.0
2025-08-14 23:29:05,155 [INFO] ThirdParty:1030 - CMSIS Pack Vendor :STMicroelectronics FP-SNS-FLIGHT1 5.1.0
2025-08-14 23:29:05,155 [INFO] ThirdParty:1030 - CMSIS Pack Vendor :STMicroelectronics X-CUBE-AZRTOS-WL 2.0.0
2025-08-14 23:29:05,155 [INFO] ThirdParty:1030 - CMSIS Pack Vendor :SEGGER I-CUBE-embOS 1.3.1
2025-08-14 23:29:05,155 [INFO] ThirdParty:1030 - CMSIS Pack Vendor :STMicroelectronics X-CUBE-ALGOBUILD 1.4.0
2025-08-14 23:29:05,155 [INFO] ThirdParty:1030 - CMSIS Pack Vendor :STMicroelectronics X-CUBE-DPower 1.3.0
2025-08-14 23:29:05,155 [INFO] ThirdParty:1030 - CMSIS Pack Vendor :STMicroelectronics X-CUBE-MEMS1 11.3.0
2025-08-14 23:29:05,155 [INFO] ThirdParty:1030 - CMSIS Pack Vendor :STMicroelectronics FP-SNS-MOTENV1 5.0.0
2025-08-14 23:29:05,155 [INFO] ThirdParty:1030 - CMSIS Pack Vendor :STMicroelectronics USB_DEVICE 1.0.0
2025-08-14 23:29:05,155 [INFO] ThirdParty:1030 - CMSIS Pack Vendor :STMicroelectronics X-CUBE-AZRTOS-L4 2.0.0
2025-08-14 23:29:05,156 [INFO] ThirdParty:1030 - CMSIS Pack Vendor :STMicroelectronics ThreadX 0.0.2
2025-08-14 23:29:05,156 [INFO] ThirdParty:1030 - CMSIS Pack Vendor :WES I-CUBE-Cesium 1.3.0
2025-08-14 23:29:05,156 [INFO] ThirdParty:1030 - CMSIS Pack Vendor :STMicroelectronics lwIP 2.1.2
2025-08-14 23:29:05,156 [INFO] ThirdParty:1030 - CMSIS Pack Vendor :STMicroelectronics X-CUBE-SFXS2LP1 4.0.0
2025-08-14 23:29:05,156 [INFO] ThirdParty:1030 - CMSIS Pack Vendor :STMicroelectronics X-CUBE-BLE2 3.3.0
2025-08-14 23:29:05,156 [INFO] ThirdParty:1030 - CMSIS Pack Vendor :STMicroelectronics X-CUBE-TOF1 3.4.3
2025-08-14 23:29:05,156 [INFO] ThirdParty:1030 - CMSIS Pack Vendor :STMicroelectronics PDM2PCM 3.2.0
2025-08-14 23:29:05,156 [INFO] ThirdParty:841 - exiting critical section [change project]
2025-08-14 23:29:05,769 [INFO] PinOutPanel:1589 - setPackage(No Configuration,No Configuration)
2025-08-14 23:29:05,770 [INFO] PinOutPanel:1589 - setPackage(STM32H755ZITx,LQFP144)
2025-08-14 23:29:06,267 [INFO] UtilMem:75 - Before build in PCC Used Memory: 336963224 Bytes (477102080)
2025-08-14 23:29:06,788 [INFO] UtilMem:75 - After build in PCC Used Memory: 276966984 Bytes (477102080)
2025-08-14 23:29:06,802 [INFO] ApiDbMcu:532 - Load IP Config File for FREERTOS_M4
2025-08-14 23:29:06,806 [INFO] ApiDbMcu:532 - Load IP Config File for FREERTOS_M7
2025-08-14 23:29:06,846 [INFO] IPUIPlugin:80 - create IPUIPlugin
2025-08-14 23:29:06,846 [INFO] IPUIPlugin:80 - create IPUIPlugin
2025-08-14 23:29:06,846 [INFO] IPUIPlugin:80 - create IPUIPlugin
2025-08-14 23:29:06,846 [INFO] IPUIPlugin:80 - create IPUIPlugin
2025-08-14 23:29:06,846 [INFO] IPUIPlugin:80 - create IPUIPlugin
2025-08-14 23:29:06,846 [INFO] IPUIPlugin:80 - create IPUIPlugin
2025-08-14 23:29:06,846 [INFO] IPUIPlugin:80 - create IPUIPlugin
2025-08-14 23:29:06,846 [INFO] IPUIPlugin:80 - create IPUIPlugin
2025-08-14 23:29:06,847 [INFO] IPUIPlugin:80 - create IPUIPlugin
2025-08-14 23:29:06,847 [INFO] IPUIPlugin:80 - create IPUIPlugin
2025-08-14 23:29:06,847 [INFO] IPUIPlugin:80 - create IPUIPlugin
2025-08-14 23:29:06,847 [INFO] IPUIPlugin:80 - create IPUIPlugin
2025-08-14 23:29:06,847 [INFO] IPUIPlugin:80 - create IPUIPlugin
2025-08-14 23:29:06,847 [INFO] IPUIPlugin:80 - create IPUIPlugin
2025-08-14 23:29:06,847 [INFO] IPUIPlugin:80 - create IPUIPlugin
2025-08-14 23:29:06,847 [INFO] IPUIPlugin:80 - create IPUIPlugin
2025-08-14 23:29:06,847 [INFO] IPUIPlugin:80 - create IPUIPlugin
2025-08-14 23:29:06,847 [INFO] IPUIPlugin:80 - create IPUIPlugin
2025-08-14 23:29:06,847 [INFO] IPUIPlugin:80 - create IPUIPlugin
2025-08-14 23:29:06,847 [INFO] IPUIPlugin:80 - create IPUIPlugin
2025-08-14 23:29:06,847 [INFO] IPUIPlugin:80 - create IPUIPlugin
2025-08-14 23:29:06,847 [INFO] IPUIPlugin:80 - create IPUIPlugin
2025-08-14 23:29:06,847 [INFO] IPUIPlugin:80 - create IPUIPlugin
2025-08-14 23:29:06,847 [INFO] IPUIPlugin:80 - create IPUIPlugin
2025-08-14 23:29:06,848 [INFO] IPUIPlugin:80 - create IPUIPlugin
2025-08-14 23:29:06,848 [INFO] IPUIPlugin:80 - create IPUIPlugin
2025-08-14 23:29:06,848 [INFO] IPUIPlugin:80 - create IPUIPlugin
2025-08-14 23:29:06,848 [INFO] IPUIPlugin:80 - create IPUIPlugin
2025-08-14 23:29:06,848 [INFO] IPUIPlugin:80 - create IPUIPlugin
2025-08-14 23:29:06,848 [INFO] IPUIPlugin:80 - create IPUIPlugin
2025-08-14 23:29:06,848 [INFO] IPUIPlugin:80 - create IPUIPlugin
2025-08-14 23:29:06,848 [INFO] IPUIPlugin:80 - create IPUIPlugin
2025-08-14 23:29:06,848 [INFO] IPUIPlugin:80 - create IPUIPlugin
2025-08-14 23:29:06,848 [INFO] IPUIPlugin:80 - create IPUIPlugin
2025-08-14 23:29:06,848 [INFO] IPUIPlugin:80 - create IPUIPlugin
2025-08-14 23:29:06,849 [INFO] IPUIPlugin:80 - create IPUIPlugin
2025-08-14 23:29:06,849 [INFO] IPUIPlugin:80 - create IPUIPlugin
2025-08-14 23:29:06,849 [INFO] IPUIPlugin:80 - create IPUIPlugin
2025-08-14 23:29:06,849 [INFO] IPUIPlugin:80 - create IPUIPlugin
2025-08-14 23:29:06,849 [INFO] IPUIPlugin:80 - create IPUIPlugin
2025-08-14 23:29:06,849 [INFO] IPUIPlugin:80 - create IPUIPlugin
2025-08-14 23:29:06,849 [INFO] IPUIPlugin:80 - create IPUIPlugin
2025-08-14 23:29:06,849 [INFO] IPUIPlugin:80 - create IPUIPlugin
2025-08-14 23:29:06,850 [INFO] IPUIPlugin:80 - create IPUIPlugin
2025-08-14 23:29:06,850 [INFO] IPUIPlugin:80 - create IPUIPlugin
2025-08-14 23:29:06,850 [INFO] IPUIPlugin:80 - create IPUIPlugin
2025-08-14 23:29:06,850 [INFO] IPUIPlugin:80 - create IPUIPlugin
2025-08-14 23:29:06,850 [INFO] IPUIPlugin:80 - create IPUIPlugin
2025-08-14 23:29:06,850 [INFO] IPUIPlugin:80 - create IPUIPlugin
2025-08-14 23:29:06,850 [INFO] IPUIPlugin:80 - create IPUIPlugin
2025-08-14 23:29:06,851 [INFO] IPUIPlugin:80 - create IPUIPlugin
2025-08-14 23:29:06,851 [INFO] IPUIPlugin:80 - create IPUIPlugin
2025-08-14 23:29:06,851 [INFO] IPUIPlugin:80 - create IPUIPlugin
2025-08-14 23:29:06,851 [INFO] IPUIPlugin:80 - create IPUIPlugin
2025-08-14 23:29:06,851 [INFO] IPUIPlugin:80 - create IPUIPlugin
2025-08-14 23:29:06,851 [INFO] IPUIPlugin:80 - create IPUIPlugin
2025-08-14 23:29:06,851 [INFO] IPUIPlugin:80 - create IPUIPlugin
2025-08-14 23:29:06,852 [INFO] IPUIPlugin:80 - create IPUIPlugin
2025-08-14 23:29:06,852 [INFO] IPUIPlugin:80 - create IPUIPlugin
2025-08-14 23:29:06,852 [INFO] IPUIPlugin:80 - create IPUIPlugin
2025-08-14 23:29:06,852 [INFO] IPUIPlugin:80 - create IPUIPlugin
2025-08-14 23:29:06,852 [INFO] IPUIPlugin:80 - create IPUIPlugin
2025-08-14 23:29:06,852 [INFO] IPUIPlugin:80 - create IPUIPlugin
2025-08-14 23:29:06,853 [INFO] IPUIPlugin:80 - create IPUIPlugin
2025-08-14 23:29:06,853 [INFO] IPUIPlugin:80 - create IPUIPlugin
2025-08-14 23:29:06,853 [INFO] IPUIPlugin:80 - create IPUIPlugin
2025-08-14 23:29:06,853 [INFO] IPUIPlugin:80 - create IPUIPlugin
2025-08-14 23:29:06,853 [INFO] IPUIPlugin:80 - create IPUIPlugin
2025-08-14 23:29:06,853 [INFO] IPUIPlugin:80 - create IPUIPlugin
2025-08-14 23:29:06,854 [INFO] IPUIPlugin:80 - create IPUIPlugin
2025-08-14 23:29:06,854 [INFO] IPUIPlugin:80 - create IPUIPlugin
2025-08-14 23:29:06,854 [INFO] IPUIPlugin:80 - create IPUIPlugin
2025-08-14 23:29:06,854 [INFO] IPUIPlugin:80 - create IPUIPlugin
2025-08-14 23:29:06,855 [INFO] IPUIPlugin:80 - create IPUIPlugin
2025-08-14 23:29:06,855 [INFO] IPUIPlugin:80 - create IPUIPlugin
2025-08-14 23:29:06,855 [INFO] IPUIPlugin:80 - create IPUIPlugin
2025-08-14 23:29:06,855 [INFO] IPUIPlugin:80 - create IPUIPlugin
2025-08-14 23:29:06,855 [INFO] IPUIPlugin:80 - create IPUIPlugin
2025-08-14 23:29:06,855 [INFO] IPUIPlugin:80 - create IPUIPlugin
2025-08-14 23:29:06,856 [INFO] IPUIPlugin:80 - create IPUIPlugin
2025-08-14 23:29:06,856 [INFO] IPUIPlugin:80 - create IPUIPlugin
2025-08-14 23:29:06,856 [INFO] IPUIPlugin:80 - create IPUIPlugin
2025-08-14 23:29:06,856 [INFO] IPUIPlugin:80 - create IPUIPlugin
2025-08-14 23:29:06,857 [INFO] IPUIPlugin:80 - create IPUIPlugin
2025-08-14 23:29:06,857 [INFO] IPUIPlugin:80 - create IPUIPlugin
2025-08-14 23:29:06,857 [INFO] IPUIPlugin:80 - create IPUIPlugin
2025-08-14 23:29:06,857 [INFO] IPUIPlugin:80 - create IPUIPlugin
2025-08-14 23:29:06,857 [INFO] IPUIPlugin:80 - create IPUIPlugin
2025-08-14 23:29:06,858 [INFO] IPUIPlugin:80 - create IPUIPlugin
2025-08-14 23:29:06,858 [INFO] IPUIPlugin:80 - create IPUIPlugin
2025-08-14 23:29:06,858 [INFO] IPUIPlugin:80 - create IPUIPlugin
2025-08-14 23:29:06,858 [INFO] IPUIPlugin:80 - create IPUIPlugin
2025-08-14 23:29:06,858 [INFO] IPUIPlugin:80 - create IPUIPlugin
2025-08-14 23:29:06,859 [INFO] IPUIPlugin:80 - create IPUIPlugin
2025-08-14 23:29:06,859 [INFO] IPUIPlugin:80 - create IPUIPlugin
2025-08-14 23:29:06,859 [INFO] IPUIPlugin:80 - create IPUIPlugin
2025-08-14 23:29:06,859 [INFO] IPUIPlugin:80 - create IPUIPlugin
2025-08-14 23:29:06,860 [INFO] IPUIPlugin:80 - create IPUIPlugin
2025-08-14 23:29:06,860 [INFO] IPUIPlugin:80 - create IPUIPlugin
2025-08-14 23:29:06,860 [INFO] IPUIPlugin:80 - create IPUIPlugin
2025-08-14 23:29:06,861 [INFO] IPUIPlugin:80 - create IPUIPlugin
2025-08-14 23:29:06,861 [INFO] IPUIPlugin:80 - create IPUIPlugin
2025-08-14 23:29:06,861 [INFO] IPUIPlugin:80 - create IPUIPlugin
2025-08-14 23:29:06,861 [INFO] IPUIPlugin:80 - create IPUIPlugin
2025-08-14 23:29:06,862 [INFO] IPUIPlugin:80 - create IPUIPlugin
2025-08-14 23:29:06,863 [INFO] IPUIPlugin:80 - create IPUIPlugin
2025-08-14 23:29:06,863 [INFO] IPUIPlugin:80 - create IPUIPlugin
2025-08-14 23:29:06,863 [INFO] IPUIPlugin:80 - create IPUIPlugin
2025-08-14 23:29:06,864 [INFO] IPUIPlugin:80 - create IPUIPlugin
2025-08-14 23:29:06,864 [INFO] IPUIPlugin:80 - create IPUIPlugin
2025-08-14 23:29:06,865 [INFO] IPUIPlugin:80 - create IPUIPlugin
2025-08-14 23:29:06,865 [INFO] IPUIPlugin:80 - create IPUIPlugin
2025-08-14 23:29:06,865 [INFO] IPUIPlugin:80 - create IPUIPlugin
2025-08-14 23:29:06,866 [INFO] IPUIPlugin:80 - create IPUIPlugin
2025-08-14 23:29:06,873 [INFO] ApiDbMcu:532 - Load IP Config File for PDM2PCM_M7
2025-08-14 23:29:06,876 [INFO] ApiDbMcu:532 - Load IP Config File for PDM2PCM_M4
2025-08-14 23:29:06,906 [WARN] FreeRTOS:1023 - Null or empty value: should not occur! (nothing added to the table)
2025-08-14 23:29:06,914 [WARN] FreeRTOS:1023 - Null or empty value: should not occur! (nothing added to the table)
2025-08-14 23:29:07,032 [INFO] CADModel:165 - CPN selected for project levelSTM32H755ZIT6
2025-08-14 23:29:07,032 [INFO] CADModel:114 - Register for checkConnection events
2025-08-14 23:29:07,034 [INFO] RtosManager:728 - Active RTOS found at IOC load: FREERTOS_M4 [CortexM4]
2025-08-14 23:29:07,041 [INFO] RtosManager:728 - Active RTOS found at IOC load: FREERTOS_M7 [CortexM7]
2025-08-14 23:29:07,095 [INFO] OpenFileManager:386 - Restore cursor
2025-08-14 23:29:07,348 [INFO] ProjectChoiceTab:902 - Analytics plugin initialized for: CortexM4 Enable multi-threaded support
2025-08-14 23:29:07,402 [INFO] ProjectChoiceTab:962 - Analytics plugin initialized for: CortexM7 Enable multi-threaded support
2025-08-14 23:29:09,031 [INFO] LogOutputStream:77 - [STDOUT_REDIRECT] 
2025-08-14 23:29:10,593 [INFO] McuFinderGlobals:63 - Set McuFinder mode to 2 (CubeIDE integrated)
2025-08-14 23:29:10,594 [INFO] UserAuth:487 - Internet connection configuration mode: 1
2025-08-14 23:29:10,608 [INFO] JxBrowserEngine:152 - Initiate JxBrowser Engine with user profile folder
2025-08-14 23:29:11,612 [INFO] WebApp:169 - Instantiating new browser for Auth
2025-08-14 23:29:12,043 [INFO] WebApp:463 - Apply proxy settings
2025-08-14 23:29:12,044 [INFO] WebApp:548 - Chromium requires no authentication
2025-08-14 23:29:12,050 [INFO] WebApp:491 - Direct internet connection detected
2025-08-14 23:29:12,068 [INFO] WebApp:900 - Register for checkConnection events
2025-08-14 23:29:12,068 [INFO] WebApp:463 - Apply proxy settings
2025-08-14 23:29:12,069 [INFO] WebApp:548 - Chromium requires no authentication
2025-08-14 23:29:12,069 [INFO] WebApp:491 - Direct internet connection detected
2025-08-14 23:29:12,186 [INFO] WebApp:225 - Starting web application
2025-08-14 23:29:12,186 [INFO] WebApp:593 - Web application path used C:\ST\STM32CubeIDE_1.19.0\STM32CubeIDE\plugins\com.st.stm32cube.common.mx_6.15.0.202507011659\db\plugins\mcufinder\reactClient1\index.html
2025-08-14 23:29:12,285 [INFO] UserAuth:487 - Internet connection configuration mode: 1
2025-08-14 23:29:12,481 [INFO] WebApp:191 - Connection restablished
2025-08-14 23:34:27,693 [INFO] NvicIntPanel:101 - NVIC parent = com.st.microxplorer.plugins.ip.nvic.MultiNvicIntPanel[,0,0,0x0,invalid,layout=javax.swing.BoxLayout,alignmentX=0.0,alignmentY=0.0,border=,flags=9,maximumSize=,minimumSize=,preferredSize=]
2025-08-14 23:48:29,646 [INFO] Gpio:278 - dependency for GPIO [ADC1, ADC3, I2C2, TIM1, UART4, UART5, USART2]
2025-08-14 23:48:49,956 [INFO] UtilMem:75 - End SaveConfig() Used Memory: 872687304 Bytes (1073741824)
2025-08-14 23:48:50,082 [INFO] UtilMem:75 - End SaveConfig() Used Memory: 906370832 Bytes (1073741824)
2025-08-14 23:48:50,955 [INFO] UtilMem:75 - End SaveConfig() Used Memory: 481273704 Bytes (1073741824)
2025-08-14 23:48:51,171 [ERROR] IocParser:95 - Exception caught: Cannot invoke "java.lang.CharSequence.length()" because "this.text" is null
2025-08-14 23:48:52,558 [INFO] BlockDiagram:2775 - set Specific Code input for plugin: FREERTOS
2025-08-14 23:48:52,559 [INFO] BlockDiagram:2775 - set Specific Code input for plugin: FREERTOS
2025-08-14 23:48:52,559 [INFO] BlockDiagram:2775 - set Specific Code input for plugin: RCC
2025-08-14 23:48:52,559 [INFO] BlockDiagram:2775 - set Specific Code input for plugin: I2C
2025-08-14 23:48:52,559 [INFO] BlockDiagram:2775 - set Specific Code input for plugin: USART
2025-08-14 23:48:52,559 [INFO] BlockDiagram:2775 - set Specific Code input for plugin: MEMORYMAP
2025-08-14 23:48:52,559 [INFO] BlockDiagram:2775 - set Specific Code input for plugin: TIM1_8H7
2025-08-14 23:48:52,559 [INFO] BlockDiagram:2775 - set Specific Code input for plugin: SYS
2025-08-14 23:48:52,559 [INFO] BlockDiagram:2775 - set Specific Code input for plugin: ADC
2025-08-14 23:48:52,559 [INFO] BlockDiagram:2775 - set Specific Code input for plugin: ADC
2025-08-14 23:48:52,559 [INFO] BlockDiagram:2775 - set Specific Code input for plugin: NVIC2
2025-08-14 23:48:52,559 [INFO] BlockDiagram:2775 - set Specific Code input for plugin: UART
2025-08-14 23:48:52,559 [INFO] BlockDiagram:2775 - set Specific Code input for plugin: UART
2025-08-14 23:48:52,560 [INFO] BlockDiagram:2775 - set Specific Code input for plugin: GPIO
2025-08-14 23:48:52,560 [INFO] BlockDiagram:2775 - set Specific Code input for plugin: SYS_M4
2025-08-14 23:48:52,560 [INFO] BlockDiagram:2775 - set Specific Code input for plugin: NUCLEO-H755ZI-Q
2025-08-14 23:48:52,560 [INFO] BlockDiagram:2775 - set Specific Code input for plugin: NVIC1
2025-08-14 23:48:52,561 [INFO] CodeGenerator:892 - code generatio: config db path: C:\ST\STM32CubeIDE_1.19.0\STM32CubeIDE\plugins\com.st.stm32cube.common.mx_6.15.0.202507011659\\db\
2025-08-14 23:48:52,624 [ERROR] CodeGenerator:10662 - The current RTOS owner has not been found in the list of IPs
2025-08-14 23:48:52,625 [ERROR] CodeGenerator:10662 - The current RTOS owner has not been found in the list of IPs
2025-08-14 23:48:52,626 [INFO] CodeGenerator:1619 - *******************Project context M7 selected
2025-08-14 23:48:52,708 [INFO] CodeEngine:265 - oldGeneratedFile, C:\Users\nicks\STM32CubeIDE\workspace_1.19.0\AFR\AFR\MXTmpFiles\license.tmp_save
2025-08-14 23:48:52,940 [INFO] CodeEngine:289 - Generated code: C:\Users\nicks\STM32CubeIDE\workspace_1.19.0\AFR\AFR\MXTmpFiles\license.tmp
2025-08-14 23:48:53,036 [INFO] CodeEngine:265 - oldGeneratedFile, C:\Users\nicks\STM32CubeIDE\workspace_1.19.0\AFR\AFR\CM7\MXTmpFiles\gpio.tmp_save
2025-08-14 23:48:53,142 [INFO] CodeEngine:289 - Generated code: C:\Users\nicks\STM32CubeIDE\workspace_1.19.0\AFR\AFR\CM7\MXTmpFiles\gpio.tmp
2025-08-14 23:48:53,399 [WARN] IPConfigManager:103 - WARNING: Missing Config File for MEMORYMAP ip!!
2025-08-14 23:48:53,485 [WARN] IPConfigManager:103 - WARNING: Missing Config File for NVIC1 ip!!
2025-08-14 23:48:53,610 [ERROR] CodeGenerator:10662 - The current RTOS owner has not been found in the list of IPs
2025-08-14 23:48:53,618 [INFO] CodeEngine:265 - oldGeneratedFile, C:\Users\nicks\STM32CubeIDE\workspace_1.19.0\AFR\AFR\CM7\MXTmpFiles\cortex.tmp_save
2025-08-14 23:48:53,676 [INFO] CodeEngine:289 - Generated code: C:\Users\nicks\STM32CubeIDE\workspace_1.19.0\AFR\AFR\CM7\MXTmpFiles\cortex.tmp
2025-08-14 23:48:53,702 [INFO] Middleware:1452 - No code input for Bsp Dependency
2025-08-14 23:48:53,709 [INFO] CodeEngine:265 - oldGeneratedFile, C:\Users\nicks\STM32CubeIDE\workspace_1.19.0\AFR\AFR\CM7\MXTmpFiles\rtos_inc.tmp_save
2025-08-14 23:48:53,750 [INFO] CodeEngine:289 - Generated code: C:\Users\nicks\STM32CubeIDE\workspace_1.19.0\AFR\AFR\CM7\MXTmpFiles\rtos_inc.tmp
2025-08-14 23:48:53,755 [INFO] CodeEngine:265 - oldGeneratedFile, C:\Users\nicks\STM32CubeIDE\workspace_1.19.0\AFR\AFR\CM7\MXTmpFiles\rtos_kernelInit.tmp_save
2025-08-14 23:48:53,806 [INFO] CodeEngine:289 - Generated code: C:\Users\nicks\STM32CubeIDE\workspace_1.19.0\AFR\AFR\CM7\MXTmpFiles\rtos_kernelInit.tmp
2025-08-14 23:48:53,811 [INFO] CodeEngine:265 - oldGeneratedFile, C:\Users\nicks\STM32CubeIDE\workspace_1.19.0\AFR\AFR\CM7\MXTmpFiles\rtos_kernelStart.tmp_save
2025-08-14 23:48:53,856 [INFO] CodeEngine:289 - Generated code: C:\Users\nicks\STM32CubeIDE\workspace_1.19.0\AFR\AFR\CM7\MXTmpFiles\rtos_kernelStart.tmp
2025-08-14 23:48:53,861 [INFO] CodeEngine:265 - oldGeneratedFile, C:\Users\nicks\STM32CubeIDE\workspace_1.19.0\AFR\AFR\CM7\MXTmpFiles\rtos_typedefs.tmp_save
2025-08-14 23:48:53,905 [INFO] CodeEngine:289 - Generated code: C:\Users\nicks\STM32CubeIDE\workspace_1.19.0\AFR\AFR\CM7\MXTmpFiles\rtos_typedefs.tmp
2025-08-14 23:48:53,910 [INFO] CodeEngine:265 - oldGeneratedFile, C:\Users\nicks\STM32CubeIDE\workspace_1.19.0\AFR\AFR\CM7\MXTmpFiles\rtos_vars.tmp_save
2025-08-14 23:48:53,972 [INFO] CodeEngine:289 - Generated code: C:\Users\nicks\STM32CubeIDE\workspace_1.19.0\AFR\AFR\CM7\MXTmpFiles\rtos_vars.tmp
2025-08-14 23:48:53,977 [INFO] CodeEngine:265 - oldGeneratedFile, C:\Users\nicks\STM32CubeIDE\workspace_1.19.0\AFR\AFR\CM7\MXTmpFiles\rtos_pfp.tmp_save
2025-08-14 23:48:54,020 [INFO] CodeEngine:289 - Generated code: C:\Users\nicks\STM32CubeIDE\workspace_1.19.0\AFR\AFR\CM7\MXTmpFiles\rtos_pfp.tmp
2025-08-14 23:48:54,025 [INFO] CodeEngine:265 - oldGeneratedFile, C:\Users\nicks\STM32CubeIDE\workspace_1.19.0\AFR\AFR\CM7\MXTmpFiles\rtos_obj_creat.tmp_save
2025-08-14 23:48:54,094 [INFO] CodeEngine:289 - Generated code: C:\Users\nicks\STM32CubeIDE\workspace_1.19.0\AFR\AFR\CM7\MXTmpFiles\rtos_obj_creat.tmp
2025-08-14 23:48:54,100 [INFO] CodeEngine:265 - oldGeneratedFile, C:\Users\nicks\STM32CubeIDE\workspace_1.19.0\AFR\AFR\CM7\MXTmpFiles\rtos_default_thread.tmp_save
2025-08-14 23:48:54,147 [INFO] CodeEngine:289 - Generated code: C:\Users\nicks\STM32CubeIDE\workspace_1.19.0\AFR\AFR\CM7\MXTmpFiles\rtos_default_thread.tmp
2025-08-14 23:48:54,152 [INFO] CodeEngine:265 - oldGeneratedFile, C:\Users\nicks\STM32CubeIDE\workspace_1.19.0\AFR\AFR\CM7\MXTmpFiles\rtos_threads.tmp_save
2025-08-14 23:48:54,195 [INFO] CodeEngine:289 - Generated code: C:\Users\nicks\STM32CubeIDE\workspace_1.19.0\AFR\AFR\CM7\MXTmpFiles\rtos_threads.tmp
2025-08-14 23:48:54,202 [INFO] CodeEngine:265 - oldGeneratedFile, C:\Users\nicks\STM32CubeIDE\workspace_1.19.0\AFR\AFR\CM7\Core\Inc\FreeRTOSConfig.h_save
2025-08-14 23:48:54,261 [INFO] CodeEngine:289 - Generated code: C:\Users\nicks\STM32CubeIDE\workspace_1.19.0\AFR\AFR\CM7\Core\Inc\FreeRTOSConfig.h
2025-08-14 23:48:54,268 [INFO] CodeEngine:265 - oldGeneratedFile, C:\Users\nicks\STM32CubeIDE\workspace_1.19.0\AFR\AFR\CM7\Core\Src\freertos.c_save
2025-08-14 23:48:54,316 [INFO] CodeEngine:289 - Generated code: C:\Users\nicks\STM32CubeIDE\workspace_1.19.0\AFR\AFR\CM7\Core\Src\freertos.c
2025-08-14 23:48:54,359 [INFO] CodeEngine:265 - oldGeneratedFile, C:\Users\nicks\STM32CubeIDE\workspace_1.19.0\AFR\AFR\CM7\Core\Inc\stm32h7xx_nucleo_conf.h_save
2025-08-14 23:48:54,402 [INFO] CodeEngine:289 - Generated code: C:\Users\nicks\STM32CubeIDE\workspace_1.19.0\AFR\AFR\CM7\Core\Inc\stm32h7xx_nucleo_conf.h
2025-08-14 23:48:54,408 [INFO] CodeEngine:265 - oldGeneratedFile, C:\Users\nicks\STM32CubeIDE\workspace_1.19.0\AFR\AFR\CM7\MXTmpFiles\bsp_inc.tmp_save
2025-08-14 23:48:54,448 [INFO] CodeEngine:289 - Generated code: C:\Users\nicks\STM32CubeIDE\workspace_1.19.0\AFR\AFR\CM7\MXTmpFiles\bsp_inc.tmp
2025-08-14 23:48:54,455 [INFO] CodeEngine:265 - oldGeneratedFile, C:\Users\nicks\STM32CubeIDE\workspace_1.19.0\AFR\AFR\CM7\MXTmpFiles\bsp_common_vars.tmp_save
2025-08-14 23:48:54,496 [INFO] CodeEngine:289 - Generated code: C:\Users\nicks\STM32CubeIDE\workspace_1.19.0\AFR\AFR\CM7\MXTmpFiles\bsp_common_vars.tmp
2025-08-14 23:48:54,501 [INFO] CodeEngine:265 - oldGeneratedFile, C:\Users\nicks\STM32CubeIDE\workspace_1.19.0\AFR\AFR\CM7\MXTmpFiles\bsp_common_init.tmp_save
2025-08-14 23:48:54,543 [INFO] CodeEngine:289 - Generated code: C:\Users\nicks\STM32CubeIDE\workspace_1.19.0\AFR\AFR\CM7\MXTmpFiles\bsp_common_init.tmp
2025-08-14 23:48:54,549 [INFO] CodeEngine:265 - oldGeneratedFile, C:\Users\nicks\STM32CubeIDE\workspace_1.19.0\AFR\AFR\CM7\MXTmpFiles\bsp_common_demo_before_while.tmp_save
2025-08-14 23:48:54,590 [INFO] CodeEngine:289 - Generated code: C:\Users\nicks\STM32CubeIDE\workspace_1.19.0\AFR\AFR\CM7\MXTmpFiles\bsp_common_demo_before_while.tmp
2025-08-14 23:48:54,595 [INFO] CodeEngine:265 - oldGeneratedFile, C:\Users\nicks\STM32CubeIDE\workspace_1.19.0\AFR\AFR\CM7\MXTmpFiles\bsp_common_demo_inside_while.tmp_save
2025-08-14 23:48:54,639 [INFO] CodeEngine:289 - Generated code: C:\Users\nicks\STM32CubeIDE\workspace_1.19.0\AFR\AFR\CM7\MXTmpFiles\bsp_common_demo_inside_while.tmp
2025-08-14 23:48:54,644 [INFO] CodeEngine:265 - oldGeneratedFile, C:\Users\nicks\STM32CubeIDE\workspace_1.19.0\AFR\AFR\CM7\MXTmpFiles\bsp_common_demo_fct.tmp_save
2025-08-14 23:48:54,685 [INFO] CodeEngine:289 - Generated code: C:\Users\nicks\STM32CubeIDE\workspace_1.19.0\AFR\AFR\CM7\MXTmpFiles\bsp_common_demo_fct.tmp
2025-08-14 23:48:54,706 [INFO] CodeEngine:265 - oldGeneratedFile, C:\Users\nicks\STM32CubeIDE\workspace_1.19.0\AFR\AFR\CM7\Core\Src\stm32h7xx_it.c_save
2025-08-14 23:48:54,771 [INFO] CodeEngine:289 - Generated code: C:\Users\nicks\STM32CubeIDE\workspace_1.19.0\AFR\AFR\CM7\Core\Src\stm32h7xx_it.c
2025-08-14 23:48:54,777 [INFO] CodeEngine:265 - oldGeneratedFile, C:\Users\nicks\STM32CubeIDE\workspace_1.19.0\AFR\AFR\CM7\Core\Inc\stm32h7xx_it.h_save
2025-08-14 23:48:54,822 [INFO] CodeEngine:289 - Generated code: C:\Users\nicks\STM32CubeIDE\workspace_1.19.0\AFR\AFR\CM7\Core\Inc\stm32h7xx_it.h
2025-08-14 23:48:54,917 [INFO] CodeEngine:265 - oldGeneratedFile, C:\Users\nicks\STM32CubeIDE\workspace_1.19.0\AFR\AFR\CM7\Core\Src\stm32h7xx_hal_msp.c_save
2025-08-14 23:48:54,996 [INFO] CodeEngine:289 - Generated code: C:\Users\nicks\STM32CubeIDE\workspace_1.19.0\AFR\AFR\CM7\Core\Src\stm32h7xx_hal_msp.c
2025-08-14 23:48:55,001 [INFO] CodeEngine:265 - oldGeneratedFile, C:\Users\nicks\STM32CubeIDE\workspace_1.19.0\AFR\AFR\CM7\MXTmpFiles\system.tmp_save
2025-08-14 23:48:55,040 [INFO] CodeEngine:289 - Generated code: C:\Users\nicks\STM32CubeIDE\workspace_1.19.0\AFR\AFR\CM7\MXTmpFiles\system.tmp
2025-08-14 23:48:55,052 [INFO] CodeEngine:321 - oldGeneratedFile, C:\Users\nicks\STM32CubeIDE\workspace_1.19.0\AFR\AFR\CM7\Core\Inc\stm32h7xx_hal_conf.h_save
2025-08-14 23:48:55,101 [INFO] CodeEngine:345 - Generated code: C:\Users\nicks\STM32CubeIDE\workspace_1.19.0\AFR\AFR\CM7\Core\Inc\stm32h7xx_hal_conf.h
2025-08-14 23:48:55,135 [INFO] ApiDbMcu:532 - Load IP Config File for ADC3
2025-08-14 23:48:55,137 [INFO] ApiDbMcu:532 - Load IP Config File for I2C2
2025-08-14 23:48:55,145 [INFO] ApiDbMcu:532 - Load IP Config File for USART2
2025-08-14 23:48:55,151 [INFO] ApiDbMcu:532 - Load IP Config File for RCC
2025-08-14 23:48:55,154 [WARN] IPConfigManager:3811 - IP not found : NVIC
2025-08-14 23:48:55,155 [WARN] CodeGenerator:4259 - IP not found : null
2025-08-14 23:48:55,163 [INFO] CodeEngine:265 - oldGeneratedFile, C:\Users\nicks\STM32CubeIDE\workspace_1.19.0\AFR\AFR\CM7\Core\Inc\main.h_save
2025-08-14 23:48:55,228 [INFO] CodeEngine:289 - Generated code: C:\Users\nicks\STM32CubeIDE\workspace_1.19.0\AFR\AFR\CM7\Core\Inc\main.h
2025-08-14 23:48:55,235 [INFO] CodeEngine:265 - oldGeneratedFile, C:\Users\nicks\STM32CubeIDE\workspace_1.19.0\AFR\AFR\CM7\Core\Src\main.c_save
2025-08-14 23:48:55,351 [INFO] CodeEngine:289 - Generated code: C:\Users\nicks\STM32CubeIDE\workspace_1.19.0\AFR\AFR\CM7\Core\Src\main.c
2025-08-14 23:48:55,391 [INFO] CodeGenerator:1619 - *******************Project context M4 selected
2025-08-14 23:48:55,439 [INFO] CodeEngine:265 - oldGeneratedFile, C:\Users\nicks\STM32CubeIDE\workspace_1.19.0\AFR\AFR\MXTmpFiles\license.tmp_save
2025-08-14 23:48:55,483 [INFO] CodeEngine:289 - Generated code: C:\Users\nicks\STM32CubeIDE\workspace_1.19.0\AFR\AFR\MXTmpFiles\license.tmp
2025-08-14 23:48:55,529 [INFO] CodeEngine:265 - oldGeneratedFile, C:\Users\nicks\STM32CubeIDE\workspace_1.19.0\AFR\AFR\CM4\MXTmpFiles\gpio.tmp_save
2025-08-14 23:48:55,572 [INFO] CodeEngine:289 - Generated code: C:\Users\nicks\STM32CubeIDE\workspace_1.19.0\AFR\AFR\CM4\MXTmpFiles\gpio.tmp
2025-08-14 23:48:55,767 [WARN] IPConfigManager:103 - WARNING: Missing Config File for NVIC2 ip!!
2025-08-14 23:48:55,988 [ERROR] CodeGenerator:10662 - The current RTOS owner has not been found in the list of IPs
2025-08-14 23:48:55,995 [INFO] CodeEngine:265 - oldGeneratedFile, C:\Users\nicks\STM32CubeIDE\workspace_1.19.0\AFR\AFR\CM4\MXTmpFiles\cortex.tmp_save
2025-08-14 23:48:56,036 [INFO] CodeEngine:289 - Generated code: C:\Users\nicks\STM32CubeIDE\workspace_1.19.0\AFR\AFR\CM4\MXTmpFiles\cortex.tmp
2025-08-14 23:48:56,056 [INFO] Middleware:1452 - No code input for Bsp Dependency
2025-08-14 23:48:56,062 [INFO] CodeEngine:265 - oldGeneratedFile, C:\Users\nicks\STM32CubeIDE\workspace_1.19.0\AFR\AFR\CM4\MXTmpFiles\rtos_inc.tmp_save
2025-08-14 23:48:56,104 [INFO] CodeEngine:289 - Generated code: C:\Users\nicks\STM32CubeIDE\workspace_1.19.0\AFR\AFR\CM4\MXTmpFiles\rtos_inc.tmp
2025-08-14 23:48:56,109 [INFO] CodeEngine:265 - oldGeneratedFile, C:\Users\nicks\STM32CubeIDE\workspace_1.19.0\AFR\AFR\CM4\MXTmpFiles\rtos_kernelInit.tmp_save
2025-08-14 23:48:56,152 [INFO] CodeEngine:289 - Generated code: C:\Users\nicks\STM32CubeIDE\workspace_1.19.0\AFR\AFR\CM4\MXTmpFiles\rtos_kernelInit.tmp
2025-08-14 23:48:56,156 [INFO] CodeEngine:265 - oldGeneratedFile, C:\Users\nicks\STM32CubeIDE\workspace_1.19.0\AFR\AFR\CM4\MXTmpFiles\rtos_kernelStart.tmp_save
2025-08-14 23:48:56,198 [INFO] CodeEngine:289 - Generated code: C:\Users\nicks\STM32CubeIDE\workspace_1.19.0\AFR\AFR\CM4\MXTmpFiles\rtos_kernelStart.tmp
2025-08-14 23:48:56,203 [INFO] CodeEngine:265 - oldGeneratedFile, C:\Users\nicks\STM32CubeIDE\workspace_1.19.0\AFR\AFR\CM4\MXTmpFiles\rtos_typedefs.tmp_save
2025-08-14 23:48:56,245 [INFO] CodeEngine:289 - Generated code: C:\Users\nicks\STM32CubeIDE\workspace_1.19.0\AFR\AFR\CM4\MXTmpFiles\rtos_typedefs.tmp
2025-08-14 23:48:56,250 [INFO] CodeEngine:265 - oldGeneratedFile, C:\Users\nicks\STM32CubeIDE\workspace_1.19.0\AFR\AFR\CM4\MXTmpFiles\rtos_vars.tmp_save
2025-08-14 23:48:56,292 [INFO] CodeEngine:289 - Generated code: C:\Users\nicks\STM32CubeIDE\workspace_1.19.0\AFR\AFR\CM4\MXTmpFiles\rtos_vars.tmp
2025-08-14 23:48:56,297 [INFO] CodeEngine:265 - oldGeneratedFile, C:\Users\nicks\STM32CubeIDE\workspace_1.19.0\AFR\AFR\CM4\MXTmpFiles\rtos_pfp.tmp_save
2025-08-14 23:48:56,336 [INFO] CodeEngine:289 - Generated code: C:\Users\nicks\STM32CubeIDE\workspace_1.19.0\AFR\AFR\CM4\MXTmpFiles\rtos_pfp.tmp
2025-08-14 23:48:56,340 [INFO] CodeEngine:265 - oldGeneratedFile, C:\Users\nicks\STM32CubeIDE\workspace_1.19.0\AFR\AFR\CM4\MXTmpFiles\rtos_obj_creat.tmp_save
2025-08-14 23:48:56,381 [INFO] CodeEngine:289 - Generated code: C:\Users\nicks\STM32CubeIDE\workspace_1.19.0\AFR\AFR\CM4\MXTmpFiles\rtos_obj_creat.tmp
2025-08-14 23:48:56,385 [INFO] CodeEngine:265 - oldGeneratedFile, C:\Users\nicks\STM32CubeIDE\workspace_1.19.0\AFR\AFR\CM4\MXTmpFiles\rtos_default_thread.tmp_save
2025-08-14 23:48:56,424 [INFO] CodeEngine:289 - Generated code: C:\Users\nicks\STM32CubeIDE\workspace_1.19.0\AFR\AFR\CM4\MXTmpFiles\rtos_default_thread.tmp
2025-08-14 23:48:56,429 [INFO] CodeEngine:265 - oldGeneratedFile, C:\Users\nicks\STM32CubeIDE\workspace_1.19.0\AFR\AFR\CM4\MXTmpFiles\rtos_threads.tmp_save
2025-08-14 23:48:56,469 [INFO] CodeEngine:289 - Generated code: C:\Users\nicks\STM32CubeIDE\workspace_1.19.0\AFR\AFR\CM4\MXTmpFiles\rtos_threads.tmp
2025-08-14 23:48:56,475 [INFO] CodeEngine:265 - oldGeneratedFile, C:\Users\nicks\STM32CubeIDE\workspace_1.19.0\AFR\AFR\CM4\Core\Inc\FreeRTOSConfig.h_save
2025-08-14 23:48:56,528 [INFO] CodeEngine:289 - Generated code: C:\Users\nicks\STM32CubeIDE\workspace_1.19.0\AFR\AFR\CM4\Core\Inc\FreeRTOSConfig.h
2025-08-14 23:48:56,534 [INFO] CodeEngine:265 - oldGeneratedFile, C:\Users\nicks\STM32CubeIDE\workspace_1.19.0\AFR\AFR\CM4\Core\Src\freertos.c_save
2025-08-14 23:48:56,581 [INFO] CodeEngine:289 - Generated code: C:\Users\nicks\STM32CubeIDE\workspace_1.19.0\AFR\AFR\CM4\Core\Src\freertos.c
2025-08-14 23:48:56,621 [INFO] CodeEngine:265 - oldGeneratedFile, C:\Users\nicks\STM32CubeIDE\workspace_1.19.0\AFR\AFR\CM4\Core\Inc\stm32h7xx_nucleo_conf.h_save
2025-08-14 23:48:56,665 [INFO] CodeEngine:289 - Generated code: C:\Users\nicks\STM32CubeIDE\workspace_1.19.0\AFR\AFR\CM4\Core\Inc\stm32h7xx_nucleo_conf.h
2025-08-14 23:48:56,670 [INFO] CodeEngine:265 - oldGeneratedFile, C:\Users\nicks\STM32CubeIDE\workspace_1.19.0\AFR\AFR\CM4\MXTmpFiles\bsp_inc.tmp_save
2025-08-14 23:48:56,712 [INFO] CodeEngine:289 - Generated code: C:\Users\nicks\STM32CubeIDE\workspace_1.19.0\AFR\AFR\CM4\MXTmpFiles\bsp_inc.tmp
2025-08-14 23:48:56,735 [INFO] CodeEngine:265 - oldGeneratedFile, C:\Users\nicks\STM32CubeIDE\workspace_1.19.0\AFR\AFR\CM4\Core\Src\stm32h7xx_it.c_save
2025-08-14 23:48:56,788 [INFO] CodeEngine:289 - Generated code: C:\Users\nicks\STM32CubeIDE\workspace_1.19.0\AFR\AFR\CM4\Core\Src\stm32h7xx_it.c
2025-08-14 23:48:56,794 [INFO] CodeEngine:265 - oldGeneratedFile, C:\Users\nicks\STM32CubeIDE\workspace_1.19.0\AFR\AFR\CM4\Core\Inc\stm32h7xx_it.h_save
2025-08-14 23:48:56,838 [INFO] CodeEngine:289 - Generated code: C:\Users\nicks\STM32CubeIDE\workspace_1.19.0\AFR\AFR\CM4\Core\Inc\stm32h7xx_it.h
2025-08-14 23:48:56,954 [INFO] CodeEngine:265 - oldGeneratedFile, C:\Users\nicks\STM32CubeIDE\workspace_1.19.0\AFR\AFR\CM4\Core\Src\stm32h7xx_hal_msp.c_save
2025-08-14 23:48:57,026 [INFO] CodeEngine:289 - Generated code: C:\Users\nicks\STM32CubeIDE\workspace_1.19.0\AFR\AFR\CM4\Core\Src\stm32h7xx_hal_msp.c
2025-08-14 23:48:57,030 [INFO] CodeEngine:265 - oldGeneratedFile, C:\Users\nicks\STM32CubeIDE\workspace_1.19.0\AFR\AFR\CM4\MXTmpFiles\system.tmp_save
2025-08-14 23:48:57,071 [INFO] CodeEngine:289 - Generated code: C:\Users\nicks\STM32CubeIDE\workspace_1.19.0\AFR\AFR\CM4\MXTmpFiles\system.tmp
2025-08-14 23:48:57,081 [INFO] CodeEngine:321 - oldGeneratedFile, C:\Users\nicks\STM32CubeIDE\workspace_1.19.0\AFR\AFR\CM4\Core\Inc\stm32h7xx_hal_conf.h_save
2025-08-14 23:48:57,129 [INFO] CodeEngine:345 - Generated code: C:\Users\nicks\STM32CubeIDE\workspace_1.19.0\AFR\AFR\CM4\Core\Inc\stm32h7xx_hal_conf.h
2025-08-14 23:48:57,143 [INFO] ApiDbMcu:532 - Load IP Config File for ADC1
2025-08-14 23:48:57,150 [INFO] ApiDbMcu:532 - Load IP Config File for TIM1
2025-08-14 23:48:57,156 [INFO] ApiDbMcu:532 - Load IP Config File for UART4
2025-08-14 23:48:57,163 [INFO] ApiDbMcu:532 - Load IP Config File for UART5
2025-08-14 23:48:57,165 [WARN] IPConfigManager:3811 - IP not found : NVIC
2025-08-14 23:48:57,165 [WARN] IPConfigManager:3811 - IP not found : TIM
2025-08-14 23:48:57,166 [WARN] CodeGenerator:4259 - IP not found : null
2025-08-14 23:48:57,166 [WARN] CodeGenerator:4259 - IP not found : null
2025-08-14 23:48:57,173 [INFO] CodeEngine:265 - oldGeneratedFile, C:\Users\nicks\STM32CubeIDE\workspace_1.19.0\AFR\AFR\CM4\Core\Inc\main.h_save
2025-08-14 23:48:57,223 [INFO] CodeEngine:289 - Generated code: C:\Users\nicks\STM32CubeIDE\workspace_1.19.0\AFR\AFR\CM4\Core\Inc\main.h
2025-08-14 23:48:57,228 [INFO] CodeEngine:265 - oldGeneratedFile, C:\Users\nicks\STM32CubeIDE\workspace_1.19.0\AFR\AFR\CM4\Core\Src\main.c_save
2025-08-14 23:48:57,319 [INFO] CodeEngine:289 - Generated code: C:\Users\nicks\STM32CubeIDE\workspace_1.19.0\AFR\AFR\CM4\Core\Src\main.c
2025-08-14 23:48:57,847 [INFO] ProjectBuilder:3606 - Time for Copy HAL[1] : 312mS.
2025-08-14 23:48:57,865 [INFO] ProjectBuilder:5216 - Project Generator version: 4.7.0-B52
2025-08-14 23:48:57,925 [INFO] ConfigFileManager:1595 - The Die is : DIE450
2025-08-14 23:48:58,596 [INFO] LogOutputStream:77 - [STDOUT_REDIRECT] 
2025-08-14 23:49:03,848 [INFO] ProjectBuilder:5496 - Time for Generating toolchain IDE Files: 5982mS.
2025-08-14 23:49:03,849 [INFO] ProjectBuilder:3463 - Time for Copy CMSIS : 1mS.
2025-08-14 23:49:03,853 [INFO] ProjectBuilder:3463 - Time for Copy CMSIS : 0mS.
2025-08-14 23:50:39,282 [INFO] WebApp:403 - JxBrowser engine has been closed 
2025-08-14 23:50:40,703 [ERROR] LogOutputStream:75 - [STDERR_REDIRECT] 
2025-08-14 23:52:14,462 [INFO] Activator:176 - 


2025-08-14 23:52:14,464 [INFO] Activator:177 - !SESSION log4j initialized
2025-08-14 23:52:15,976 [INFO] ApplicationProperties:184 - Using Application install path: C:\ST\STM32CubeIDE_1.19.0\STM32CubeIDE\plugins\com.st.stm32cube.common.mx_6.15.0.202507011659
2025-08-14 23:52:15,988 [INFO] DbMcusXml:78 - Set database path to: C:\ST\STM32CubeIDE_1.19.0\STM32CubeIDE\plugins\com.st.stm32cube.common.mx_6.15.0.202507011659\\db\/mcu/
2025-08-14 23:52:15,988 [INFO] ApiDb:274 - Set plugin database path to: C:\ST\STM32CubeIDE_1.19.0\STM32CubeIDE\plugins\com.st.stm32cube.common.mx_6.15.0.202507011659\\db\/plugins/boardmanager/
2025-08-14 23:52:15,988 [WARN] ApiDb:259 - Overriding images path with different value:  => C:\ST\STM32CubeIDE_1.19.0\STM32CubeIDE\plugins\com.st.stm32cube.common.mx_6.15.0.202507011659\\db\/plugins/mcufinder/images/
2025-08-14 23:52:15,994 [INFO] ApiDb:250 - Set database path to: C:\Users\nicks\.stmcufinder\plugins\mcufinder//mcu/
2025-08-14 23:52:15,995 [INFO] DbMcusAds:125 - Set database path to: C:\Users\nicks\.stmcufinder\plugins\mcufinder//mcu/
2025-08-14 23:52:16,009 [INFO] CrossReferenceDbSqlite:203 - Set database path to: C:\Users\nicks\.stmcufinder\plugins\mcufinder//mcu/cs/
2025-08-14 23:52:16,078 [INFO] RulesReader:64 - Compatibility file has been processed (317 Rules)
2025-08-14 23:52:16,141 [INFO] DbMcusXml:78 - Set database path to: C:\ST\STM32CubeIDE_1.19.0\STM32CubeIDE\plugins\com.st.stm32cube.common.mx_6.15.0.202507011659\\db\/mcu/
2025-08-14 23:52:16,141 [INFO] ApiDb:274 - Set plugin database path to: C:\ST\STM32CubeIDE_1.19.0\STM32CubeIDE\plugins\com.st.stm32cube.common.mx_6.15.0.202507011659\\db\/plugins/boardmanager/
2025-08-14 23:52:16,141 [INFO] ApiDb:261 - Set plugin images path to: C:\ST\STM32CubeIDE_1.19.0\STM32CubeIDE\plugins\com.st.stm32cube.common.mx_6.15.0.202507011659\\db\/plugins/mcufinder/images/
2025-08-14 23:52:16,142 [WARN] DbFile:41 - Overriding database path with different value: C:\Users\nicks\.stmcufinder\plugins\mcufinder/ => C:\Users\nicks\.stmcufinder\plugins\mcufinder
2025-08-14 23:52:16,142 [INFO] ApiDb:250 - Set database path to: C:\Users\nicks\.stmcufinder\plugins\mcufinder//mcu/
2025-08-14 23:52:16,142 [WARN] DbFile:41 - Overriding database path with different value: C:\Users\nicks\.stmcufinder\plugins\mcufinder/ => C:\Users\nicks\.stmcufinder\plugins\mcufinder
2025-08-14 23:52:16,142 [INFO] DbMcusAds:125 - Set database path to: C:\Users\nicks\.stmcufinder\plugins\mcufinder//mcu/
2025-08-14 23:52:16,142 [WARN] DbFile:41 - Overriding database path with different value: C:\Users\nicks\.stmcufinder\plugins\mcufinder/ => C:\Users\nicks\.stmcufinder\plugins\mcufinder
2025-08-14 23:52:16,142 [WARN] DbFile:41 - Overriding database path with different value: C:\Users\nicks\.stmcufinder\plugins\mcufinder/ => C:\Users\nicks\.stmcufinder\plugins\mcufinder
2025-08-14 23:52:16,142 [INFO] CrossReferenceDbSqlite:203 - Set database path to: C:\Users\nicks\.stmcufinder\plugins\mcufinder//mcu/cs/
2025-08-14 23:52:16,196 [INFO] MainPanel:274 - HeapMemory: 268435456
2025-08-14 23:52:16,292 [INFO] DbMcusXml:78 - Set database path to: C:\ST\STM32CubeIDE_1.19.0\STM32CubeIDE\plugins\com.st.stm32cube.common.mx_6.15.0.202507011659\\db\/mcu/
2025-08-14 23:52:16,292 [INFO] ApiDb:274 - Set plugin database path to: C:\ST\STM32CubeIDE_1.19.0\STM32CubeIDE\plugins\com.st.stm32cube.common.mx_6.15.0.202507011659\\db\/plugins/boardmanager/
2025-08-14 23:52:16,292 [INFO] ApiDb:261 - Set plugin images path to: C:\ST\STM32CubeIDE_1.19.0\STM32CubeIDE\plugins\com.st.stm32cube.common.mx_6.15.0.202507011659\\db\/plugins/mcufinder/images/
2025-08-14 23:52:16,293 [WARN] DbFile:41 - Overriding database path with different value: C:\Users\nicks\.stmcufinder\plugins\mcufinder/ => C:\Users\nicks\.stmcufinder\plugins\mcufinder
2025-08-14 23:52:16,293 [INFO] ApiDb:250 - Set database path to: C:\Users\nicks\.stmcufinder\plugins\mcufinder//mcu/
2025-08-14 23:52:16,293 [WARN] DbFile:41 - Overriding database path with different value: C:\Users\nicks\.stmcufinder\plugins\mcufinder/ => C:\Users\nicks\.stmcufinder\plugins\mcufinder
2025-08-14 23:52:16,293 [INFO] DbMcusAds:125 - Set database path to: C:\Users\nicks\.stmcufinder\plugins\mcufinder//mcu/
2025-08-14 23:52:16,293 [WARN] DbFile:41 - Overriding database path with different value: C:\Users\nicks\.stmcufinder\plugins\mcufinder/ => C:\Users\nicks\.stmcufinder\plugins\mcufinder
2025-08-14 23:52:16,293 [WARN] DbFile:41 - Overriding database path with different value: C:\Users\nicks\.stmcufinder\plugins\mcufinder/ => C:\Users\nicks\.stmcufinder\plugins\mcufinder
2025-08-14 23:52:16,293 [INFO] CrossReferenceDbSqlite:203 - Set database path to: C:\Users\nicks\.stmcufinder\plugins\mcufinder//mcu/cs/
2025-08-14 23:52:16,305 [INFO] ApplicationProperties:184 - Using Application install path: C:\ST\STM32CubeIDE_1.19.0\STM32CubeIDE\plugins\com.st.stm32cube.common.mx_6.15.0.202507011659
2025-08-14 23:52:16,305 [INFO] PluginManage:196 - Search for loadable plugins [exclusion list=, ]
2025-08-14 23:52:16,306 [INFO] PluginManage:310 - Check plugin analytics
2025-08-14 23:52:16,489 [INFO] AnalyticsPlugin:253 - Accepted Software Licenses: 
2025-08-14 23:52:16,490 [INFO] AnalyticsPlugin:255 - Accepted CMSIS Pack Licenses: 
2025-08-14 23:52:16,490 [INFO] AnalyticsPlugin:257 - Accepted Firmware Licenses: FW.F4.1.28.0,FW.H7.1.12.0,FW.H7.1.11.0
2025-08-14 23:52:16,491 [INFO] PluginManage:359 - Loaded plugin analytics (category:tool,tabindex:-1)
2025-08-14 23:52:16,491 [INFO] PluginManage:310 - Check plugin cadmodel
2025-08-14 23:52:16,496 [INFO] CADModel:105 - Init CAD model plugin
2025-08-14 23:52:16,496 [INFO] PluginManage:359 - Loaded plugin cadmodel (category:power,tabindex:5)
2025-08-14 23:52:16,497 [INFO] PluginManage:310 - Check plugin clock
2025-08-14 23:52:16,504 [INFO] PluginManage:359 - Loaded plugin clock (category:base,tabindex:2)
2025-08-14 23:52:16,504 [INFO] PluginManage:310 - Check plugin ddr
2025-08-14 23:52:16,506 [INFO] PluginManage:359 - Loaded plugin ddr (category:tool,tabindex:6)
2025-08-14 23:52:16,506 [INFO] PluginManage:310 - Check plugin filemanager
2025-08-14 23:52:16,612 [INFO] PluginManage:359 - Loaded plugin filemanager (category:base,tabindex:10)
2025-08-14 23:52:16,612 [INFO] PluginManage:310 - Check plugin ipmanager
2025-08-14 23:52:16,618 [INFO] PluginManage:359 - Loaded plugin ipmanager (category:base,tabindex:5)
2025-08-14 23:52:16,618 [INFO] PluginManage:310 - Check plugin lpbam
2025-08-14 23:52:16,625 [INFO] PluginManage:359 - Loaded plugin lpbam (category:base,tabindex:0)
2025-08-14 23:52:16,625 [INFO] PluginManage:310 - Check plugin memorymap
2025-08-14 23:52:16,635 [INFO] PluginManage:359 - Loaded plugin memorymap (category:base,tabindex:4)
2025-08-14 23:52:16,635 [INFO] PluginManage:310 - Check plugin pinoutandconfiguration
2025-08-14 23:52:16,642 [INFO] PluginManage:359 - Loaded plugin pinoutandconfiguration (category:base,tabindex:1)
2025-08-14 23:52:16,642 [INFO] PluginManage:310 - Check plugin pinoutconfig
2025-08-14 23:52:16,701 [WARN] SupportedApi:132 - Cannot load RTOS API schema: s4s-elt-must-match.1: The content of 'definitions' must match (annotation?, (simpleType | complexType)?, (unique | key | keyref)*)). A problem was found starting at: attribute.
2025-08-14 23:52:16,798 [INFO] PluginManage:359 - Loaded plugin pinoutconfig (category:base,tabindex:0)
2025-08-14 23:52:16,799 [INFO] PluginManage:310 - Check plugin power
2025-08-14 23:52:16,806 [INFO] PluginManage:359 - Loaded plugin power (category:power,tabindex:4)
2025-08-14 23:52:16,807 [INFO] PluginManage:310 - Check plugin projectmanager
2025-08-14 23:52:16,817 [INFO] PluginManage:359 - Loaded plugin projectmanager (category:projectmanager,tabindex:4)
2025-08-14 23:52:16,818 [INFO] PluginManage:310 - Check plugin rif
2025-08-14 23:52:16,824 [INFO] PluginManage:359 - Loaded plugin rif (category:base,tabindex:3)
2025-08-14 23:52:16,824 [INFO] PluginManage:310 - Check plugin thirdparty
2025-08-14 23:52:16,915 [INFO] PluginManage:359 - Loaded plugin thirdparty (category:base,tabindex:-1)
2025-08-14 23:52:16,915 [WARN] IntegrityCheckThread:84 - waiting for thirdparty lock release [integrity check]
2025-08-14 23:52:16,915 [INFO] PluginManage:310 - Check plugin tools
2025-08-14 23:52:16,916 [INFO] IntegrityCheckThread:86 - entering critical section [integrity check]
2025-08-14 23:52:16,916 [INFO] ThirdPartyUpdaterWithRetryManager:70 - Updater plugin not ready yet. [1/15]
2025-08-14 23:52:16,917 [INFO] PluginManage:359 - Loaded plugin tools (category:base,tabindex:7)
2025-08-14 23:52:16,917 [INFO] PluginManage:310 - Check plugin tutovideos
2025-08-14 23:52:17,077 [INFO] PluginManage:359 - Loaded plugin tutovideos (category:base,tabindex:-1)
2025-08-14 23:52:17,077 [INFO] PluginManage:310 - Check plugin updater
2025-08-14 23:52:17,093 [INFO] PluginManage:359 - Loaded plugin updater (category:base,tabindex:12)
2025-08-14 23:52:17,093 [INFO] PluginManage:310 - Check plugin userauth
2025-08-14 23:52:17,096 [INFO] UserAuth:118 - Init User Auth plugin
2025-08-14 23:52:17,096 [INFO] PluginManage:359 - Loaded plugin userauth (category:base,tabindex:14)
2025-08-14 23:52:17,097 [INFO] PluginManage:283 - PluginManage : Loaded plugins [18]
2025-08-14 23:52:17,244 [INFO] PinOutPanel:1589 - setPackage(No Configuration,No Configuration)
2025-08-14 23:52:17,301 [INFO] CADModel:165 - CPN selected for project level
2025-08-14 23:52:17,301 [INFO] CADModel:114 - Register for checkConnection events
2025-08-14 23:52:17,314 [INFO] IPUIPlugin:80 - create IPUIPlugin
2025-08-14 23:52:17,314 [INFO] PluginManager:220 - loadIPPluginJar : add adc
2025-08-14 23:52:17,315 [INFO] IPUIPlugin:80 - create IPUIPlugin
2025-08-14 23:52:17,315 [INFO] PluginManager:220 - loadIPPluginJar : add aes
2025-08-14 23:52:17,317 [INFO] IPUIPlugin:80 - create IPUIPlugin
2025-08-14 23:52:17,317 [INFO] PluginManager:220 - loadIPPluginJar : add can
2025-08-14 23:52:17,318 [INFO] IPUIPlugin:80 - create IPUIPlugin
2025-08-14 23:52:17,319 [INFO] PluginManager:220 - loadIPPluginJar : add comp
2025-08-14 23:52:17,320 [INFO] IPUIPlugin:80 - create IPUIPlugin
2025-08-14 23:52:17,320 [INFO] PluginManager:220 - loadIPPluginJar : add cryp
2025-08-14 23:52:17,322 [INFO] IPUIPlugin:80 - create IPUIPlugin
2025-08-14 23:52:17,322 [INFO] PluginManager:220 - loadIPPluginJar : add ddr_ctrl_phy
2025-08-14 23:52:17,323 [INFO] IPUIPlugin:80 - create IPUIPlugin
2025-08-14 23:52:17,323 [INFO] PluginManager:220 - loadIPPluginJar : add dfsdm
2025-08-14 23:52:17,327 [INFO] IPUIPlugin:80 - create IPUIPlugin
2025-08-14 23:52:17,327 [INFO] PluginManager:220 - loadIPPluginJar : add dma
2025-08-14 23:52:17,329 [INFO] IPUIPlugin:80 - create IPUIPlugin
2025-08-14 23:52:17,329 [INFO] PluginManager:220 - loadIPPluginJar : add dma3
2025-08-14 23:52:17,331 [INFO] IPUIPlugin:80 - create IPUIPlugin
2025-08-14 23:52:17,331 [INFO] PluginManager:220 - loadIPPluginJar : add extmemmanager
2025-08-14 23:52:17,332 [INFO] IPUIPlugin:80 - create IPUIPlugin
2025-08-14 23:52:17,332 [INFO] PluginManager:220 - loadIPPluginJar : add fatfs
2025-08-14 23:52:17,334 [INFO] IPUIPlugin:80 - create IPUIPlugin
2025-08-14 23:52:17,334 [INFO] PluginManager:220 - loadIPPluginJar : add fmc
2025-08-14 23:52:17,338 [INFO] IPUIPlugin:80 - create IPUIPlugin
2025-08-14 23:52:17,338 [INFO] PluginManager:220 - loadIPPluginJar : add freertos
2025-08-14 23:52:17,339 [INFO] IPUIPlugin:80 - create IPUIPlugin
2025-08-14 23:52:17,339 [INFO] PluginManager:220 - loadIPPluginJar : add genericplugin
2025-08-14 23:52:17,341 [INFO] IPUIPlugin:80 - create IPUIPlugin
2025-08-14 23:52:17,341 [INFO] PluginManager:220 - loadIPPluginJar : add gfxmmu
2025-08-14 23:52:17,344 [INFO] IPUIPlugin:80 - create IPUIPlugin
2025-08-14 23:52:17,344 [INFO] PluginManager:220 - loadIPPluginJar : add gic
2025-08-14 23:52:17,346 [INFO] IPUIPlugin:80 - create IPUIPlugin
2025-08-14 23:52:17,346 [INFO] PluginManager:220 - loadIPPluginJar : add gpio
2025-08-14 23:52:17,348 [INFO] IPUIPlugin:80 - create IPUIPlugin
2025-08-14 23:52:17,348 [INFO] PluginManager:220 - loadIPPluginJar : add gtzc
2025-08-14 23:52:17,350 [INFO] IPUIPlugin:80 - create IPUIPlugin
2025-08-14 23:52:17,350 [INFO] PluginManager:220 - loadIPPluginJar : add hash
2025-08-14 23:52:17,352 [INFO] IPUIPlugin:80 - create IPUIPlugin
2025-08-14 23:52:17,352 [INFO] PluginManager:220 - loadIPPluginJar : add i2c
2025-08-14 23:52:17,353 [INFO] IPUIPlugin:80 - create IPUIPlugin
2025-08-14 23:52:17,353 [INFO] PluginManager:220 - loadIPPluginJar : add i2s
2025-08-14 23:52:17,355 [INFO] IPUIPlugin:80 - create IPUIPlugin
2025-08-14 23:52:17,355 [INFO] PluginManager:220 - loadIPPluginJar : add i3c
2025-08-14 23:52:17,357 [INFO] IPUIPlugin:80 - create IPUIPlugin
2025-08-14 23:52:17,357 [INFO] PluginManager:220 - loadIPPluginJar : add ipddr
2025-08-14 23:52:17,362 [INFO] IPUIPlugin:80 - create IPUIPlugin
2025-08-14 23:52:17,362 [INFO] PluginManager:220 - loadIPPluginJar : add linkedlist
2025-08-14 23:52:17,364 [INFO] IPUIPlugin:80 - create IPUIPlugin
2025-08-14 23:52:17,364 [INFO] PluginManager:220 - loadIPPluginJar : add lorawan
2025-08-14 23:52:17,365 [INFO] IPUIPlugin:80 - create IPUIPlugin
2025-08-14 23:52:17,365 [INFO] PluginManager:220 - loadIPPluginJar : add ltdc
2025-08-14 23:52:17,369 [INFO] IPUIPlugin:80 - create IPUIPlugin
2025-08-14 23:52:17,370 [INFO] PluginManager:220 - loadIPPluginJar : add mdma
2025-08-14 23:52:17,372 [INFO] IPUIPlugin:80 - create IPUIPlugin
2025-08-14 23:52:17,372 [INFO] PluginManager:220 - loadIPPluginJar : add nvic
2025-08-14 23:52:17,374 [INFO] IPUIPlugin:80 - create IPUIPlugin
2025-08-14 23:52:17,374 [INFO] PluginManager:220 - loadIPPluginJar : add opamp
2025-08-14 23:52:17,375 [INFO] IPUIPlugin:80 - create IPUIPlugin
2025-08-14 23:52:17,376 [INFO] PluginManager:220 - loadIPPluginJar : add openamp
2025-08-14 23:52:17,378 [INFO] IPUIPlugin:80 - create IPUIPlugin
2025-08-14 23:52:17,378 [INFO] PluginManager:220 - loadIPPluginJar : add pdm2pcm
2025-08-14 23:52:17,382 [INFO] IPUIPlugin:80 - create IPUIPlugin
2025-08-14 23:52:17,383 [INFO] PluginManager:220 - loadIPPluginJar : add plateformsettings
2025-08-14 23:52:17,384 [INFO] IPUIPlugin:80 - create IPUIPlugin
2025-08-14 23:52:17,384 [INFO] PluginManager:220 - loadIPPluginJar : add quadspi
2025-08-14 23:52:17,385 [INFO] IPUIPlugin:80 - create IPUIPlugin
2025-08-14 23:52:17,387 [INFO] PluginManager:220 - loadIPPluginJar : add radio
2025-08-14 23:52:17,389 [INFO] IPUIPlugin:80 - create IPUIPlugin
2025-08-14 23:52:17,389 [INFO] PluginManager:220 - loadIPPluginJar : add resmgrutility
2025-08-14 23:52:17,391 [INFO] IPUIPlugin:80 - create IPUIPlugin
2025-08-14 23:52:17,391 [INFO] PluginManager:220 - loadIPPluginJar : add sai
2025-08-14 23:52:17,393 [INFO] IPUIPlugin:80 - create IPUIPlugin
2025-08-14 23:52:17,393 [INFO] PluginManager:220 - loadIPPluginJar : add spi
2025-08-14 23:52:17,397 [INFO] IPUIPlugin:80 - create IPUIPlugin
2025-08-14 23:52:17,397 [INFO] PluginManager:220 - loadIPPluginJar : add stm32_wpan
2025-08-14 23:52:17,398 [INFO] IPUIPlugin:80 - create IPUIPlugin
2025-08-14 23:52:17,398 [INFO] PluginManager:220 - loadIPPluginJar : add tim
2025-08-14 23:52:17,400 [INFO] IPUIPlugin:80 - create IPUIPlugin
2025-08-14 23:52:17,400 [INFO] PluginManager:220 - loadIPPluginJar : add touchsensing
2025-08-14 23:52:17,401 [INFO] IPUIPlugin:80 - create IPUIPlugin
2025-08-14 23:52:17,401 [INFO] PluginManager:220 - loadIPPluginJar : add tracer_emb
2025-08-14 23:52:17,402 [INFO] IPUIPlugin:80 - create IPUIPlugin
2025-08-14 23:52:17,402 [INFO] PluginManager:220 - loadIPPluginJar : add ts
2025-08-14 23:52:17,403 [INFO] IPUIPlugin:80 - create IPUIPlugin
2025-08-14 23:52:17,403 [INFO] PluginManager:220 - loadIPPluginJar : add tsc
2025-08-14 23:52:17,404 [INFO] IPUIPlugin:80 - create IPUIPlugin
2025-08-14 23:52:17,404 [INFO] PluginManager:220 - loadIPPluginJar : add ucpd
2025-08-14 23:52:17,406 [INFO] IPUIPlugin:80 - create IPUIPlugin
2025-08-14 23:52:17,406 [INFO] PluginManager:220 - loadIPPluginJar : add usart
2025-08-14 23:52:17,408 [INFO] IPUIPlugin:80 - create IPUIPlugin
2025-08-14 23:52:17,408 [INFO] PluginManager:220 - loadIPPluginJar : add usbx
2025-08-14 23:52:17,518 [FATAL] Updater:351 - Updater called before beeing initialized
2025-08-14 23:52:17,535 [INFO] RulesReader:64 - Compatibility file has been processed (317 Rules)
2025-08-14 23:52:17,541 [INFO] RulesReader:64 - Compatibility file has been processed (317 Rules)
2025-08-14 23:52:17,547 [INFO] CADModel:165 - CPN selected for project level
2025-08-14 23:52:17,547 [INFO] CADModel:114 - Register for checkConnection events
2025-08-14 23:52:17,547 [FATAL] Updater:351 - Updater called before beeing initialized
2025-08-14 23:52:17,547 [ERROR] CADModel:125 - Updater not yet initialized, retry later 
2025-08-14 23:52:17,651 [FATAL] Updater:351 - Updater called before beeing initialized
2025-08-14 23:52:17,653 [INFO] CADModel:165 - CPN selected for project level
2025-08-14 23:52:17,653 [INFO] CADModel:114 - Register for checkConnection events
2025-08-14 23:52:17,653 [FATAL] Updater:351 - Updater called before beeing initialized
2025-08-14 23:52:17,654 [ERROR] CADModel:125 - Updater not yet initialized, retry later 
2025-08-14 23:52:17,656 [FATAL] Updater:351 - Updater called before beeing initialized
2025-08-14 23:52:17,732 [FATAL] Updater:351 - Updater called before beeing initialized
2025-08-14 23:52:17,734 [INFO] DbMcusAds:53 - JSON generation date=Tue Jul 08 18:14:23 AEST 2025 (1751962463562)
2025-08-14 23:52:17,734 [FATAL] Updater:351 - Updater called before beeing initialized
2025-08-14 23:52:17,761 [WARN] DetailPanel:346 - Failed to get advertising image, set to default
2025-08-14 23:52:17,821 [FATAL] Updater:351 - Updater called before beeing initialized
2025-08-14 23:52:17,822 [FATAL] Updater:351 - Updater called before beeing initialized
2025-08-14 23:52:17,822 [FATAL] Updater:351 - Updater called before beeing initialized
2025-08-14 23:52:17,822 [WARN] DetailPanel:346 - Failed to get advertising image, set to default
2025-08-14 23:52:17,823 [FATAL] Updater:351 - Updater called before beeing initialized
2025-08-14 23:52:17,855 [ERROR] Updater:1198 - MainUpdater not yet initialized. External WinMGr cannot be set.
2025-08-14 23:52:17,857 [INFO] Updater:1134 - Updater Version found : 6.15.0
2025-08-14 23:52:17,869 [INFO] ApplicationProperties:184 - Using Application install path: C:\ST\STM32CubeIDE_1.19.0\STM32CubeIDE\plugins\com.st.stm32cube.common.mx_6.15.0.202507011659
2025-08-14 23:52:18,129 [INFO] MainUpdater:2872 - connection check result : 10
2025-08-14 23:52:18,130 [INFO] MainUpdater:289 - Updater Check For Update Now.
2025-08-14 23:52:18,130 [INFO] MicroXplorer:498 - Change Database Version : DB.6.0.150
2025-08-14 23:52:18,277 [INFO] CheckServerUpdateThread:120 - End of CheckServer Thread
2025-08-14 23:52:18,342 [INFO] MainUpdater:2872 - connection check result : 10
2025-08-14 23:52:18,343 [INFO] MainUpdater:2872 - connection check result : 10
2025-08-14 23:52:18,382 [INFO] MicroXplorer:468 - Change Database Path : 
2025-08-14 23:52:18,383 [INFO] MicroXplorer:498 - Change Database Version : DB.6.0.150
2025-08-14 23:52:18,389 [WARN] ThirdParty:871 - waiting for thirdparty lock release [close project]
2025-08-14 23:52:20,086 [WARN] PackLoader:240 - Cannot read IP mode file for STMicroelectronics.FP-SNS-MOTENVWB1.1.4.0
2025-08-14 23:52:20,090 [WARN] PackLoader:240 - Cannot read IP mode file for STMicroelectronics.FP-ATR-ASTRA1.2.0.2
2025-08-14 23:52:20,092 [WARN] PackLoader:240 - Cannot read IP mode file for STMicroelectronics.FP-ATR-ASTRA1.2.0.1
2025-08-14 23:52:20,097 [WARN] PackLoader:240 - Cannot read IP mode file for STMicroelectronics.X-CUBE-SMBUS.2.1.0
2025-08-14 23:52:20,101 [WARN] PackLoader:240 - Cannot read IP mode file for STMicroelectronics.X-CUBE-WB05N.1.1.0
2025-08-14 23:52:20,105 [WARN] PackLoader:240 - Cannot read IP mode file for STMicroelectronics.X-CUBE-ST60.1.0.0
2025-08-14 23:52:20,122 [WARN] PackLoader:240 - Cannot read IP mode file for STMicroelectronics.X-CUBE-AZRTOS-F7.1.1.0
2025-08-14 23:52:20,127 [WARN] PackLoader:240 - Cannot read IP mode file for STMicroelectronics.FP-SNS-FLIGHT1.5.0.2
2025-08-14 23:52:20,141 [WARN] PackLoader:240 - Cannot read IP mode file for Infineon.AIROC-Wi-Fi-Bluetooth-STM32.1.7.0
2025-08-14 23:52:20,162 [WARN] PackLoader:240 - Cannot read IP mode file for STMicroelectronics.X-CUBE-AZRTOS-H7.3.4.0
2025-08-14 23:52:20,172 [WARN] PackLoader:240 - Cannot read IP mode file for STMicroelectronics.X-CUBE-DISPLAY.3.0.0
2025-08-14 23:52:20,185 [WARN] PackLoader:240 - Cannot read IP mode file for STMicroelectronics.X-CUBE-NFC10.1.0.0
2025-08-14 23:52:20,193 [WARN] PackLoader:240 - Cannot read IP mode file for STMicroelectronics.X-CUBE-BLEMGR.4.0.0
2025-08-14 23:52:20,199 [WARN] PackLoader:240 - Cannot read IP mode file for emotas.I-CUBE-CANOPEN.1.3.0
2025-08-14 23:52:20,202 [WARN] ConditionMgr:438 - getConditionDescription Invalid condition id : Cortex-A Device cause : null
2025-08-14 23:52:20,212 [WARN] ConditionMgr:1044 - genDependencies : Invalid condition id : Cortex-A Device cause : null
2025-08-14 23:52:20,212 [WARN] ConditionMgr:1044 - genDependencies : Invalid condition id : Cortex-A Device cause : null
2025-08-14 23:52:20,212 [WARN] ConditionMgr:1044 - genDependencies : Invalid condition id : Cortex-A Device cause : null
2025-08-14 23:52:20,215 [WARN] PackLoader:240 - Cannot read IP mode file for STMicroelectronics.X-CUBE-AI.10.0.0
2025-08-14 23:52:20,221 [WARN] PackLoader:240 - Cannot read IP mode file for STMicroelectronics.FP-SNS-STBOX1.2.1.0
2025-08-14 23:52:20,226 [WARN] PackLoader:240 - Cannot read IP mode file for STMicroelectronics.FP-SNS-SMARTAG2.1.2.0
2025-08-14 23:52:20,229 [WARN] PackLoader:240 - Cannot read IP mode file for STMicroelectronics.FP-SNS-FLIGHT1.5.1.0
2025-08-14 23:52:20,235 [INFO] LogOutputStream:77 - [STDOUT_REDIRECT] 1 : Invalid condition id : UX_CORESTACK_Condition cause : null
2025-08-14 23:52:20,236 [INFO] LogOutputStream:77 - [STDOUT_REDIRECT] 1 : Invalid condition id : UX_CORESTACK_Condition cause : null
2025-08-14 23:52:20,237 [INFO] LogOutputStream:77 - [STDOUT_REDIRECT] 1 : Invalid condition id : UX_CORESTACK_Condition cause : null
2025-08-14 23:52:20,237 [INFO] LogOutputStream:77 - [STDOUT_REDIRECT] 1 : Invalid condition id : UX_CORESTACK_Condition cause : null
2025-08-14 23:52:20,238 [INFO] LogOutputStream:77 - [STDOUT_REDIRECT] 1 : Invalid condition id : UX_CORESTACK_Condition cause : null
2025-08-14 23:52:20,240 [WARN] PackLoader:240 - Cannot read IP mode file for STMicroelectronics.X-CUBE-AZRTOS-WL.2.0.0
2025-08-14 23:52:20,244 [WARN] PackLoader:240 - Cannot read IP mode file for STMicroelectronics.FP-SNS-MOTENV1.5.0.0
2025-08-14 23:52:20,251 [WARN] PackLoader:240 - Cannot read IP mode file for WES.I-CUBE-Cesium.1.3.0
2025-08-14 23:52:20,254 [WARN] PackLoader:240 - Cannot read IP mode file for STMicroelectronics.X-CUBE-BLE2.3.3.0
2025-08-14 23:52:20,258 [WARN] PackLoader:240 - Cannot read IP mode file for STMicroelectronics.X-CUBE-NFC9.1.0.0
2025-08-14 23:52:20,263 [WARN] PackLoader:240 - Cannot read IP mode file for STMicroelectronics.X-CUBE-BLE1.7.1.0
2025-08-14 23:52:20,266 [WARN] PackLoader:240 - Cannot read IP mode file for wolfSSL.I-CUBE-wolfMQTT.1.19.2
2025-08-14 23:52:20,271 [WARN] PackLoader:240 - Cannot read IP mode file for STMicroelectronics.X-CUBE-EEPRMA1.5.2.0
2025-08-14 23:52:20,274 [WARN] PackLoader:240 - Cannot read IP mode file for STMicroelectronics.X-CUBE-AI.10.1.0
2025-08-14 23:52:20,296 [WARN] PackLoader:240 - Cannot read IP mode file for STMicroelectronics.X-CUBE-MEMS1.11.2.0
2025-08-14 23:52:20,394 [WARN] PackLoader:240 - Cannot read IP mode file for STMicroelectronics.X-CUBE-AZRTOS-G0.1.1.0
2025-08-14 23:52:20,399 [WARN] PackLoader:240 - Cannot read IP mode file for STMicroelectronics.X-CUBE-SAFEA1.1.2.2
2025-08-14 23:52:20,402 [WARN] PackLoader:240 - Cannot read IP mode file for STMicroelectronics.X-CUBE-NFC4.3.0.0
2025-08-14 23:52:20,407 [WARN] PackLoader:240 - Cannot read IP mode file for EmbeddedOffice.I-CUBE-FS-RTOS.1.0.1
2025-08-14 23:52:20,410 [WARN] PackLoader:240 - Cannot read IP mode file for STMicroelectronics.X-CUBE-WB05N.2.0.0
2025-08-14 23:52:20,412 [WARN] PackLoader:240 - Cannot read IP mode file for wolfSSL.I-CUBE-wolfTPM.3.8.0
2025-08-14 23:52:20,415 [WARN] PackLoader:240 - Cannot read IP mode file for STMicroelectronics.X-CUBE-TCPP.4.2.0
2025-08-14 23:52:20,419 [WARN] PackLoader:240 - Cannot read IP mode file for RealThread.X-CUBE-RT-Thread_Nano.4.1.1
2025-08-14 23:52:20,422 [WARN] PackLoader:240 - Cannot read IP mode file for STMicroelectronics.FP-ATR-SIGFOX1.3.2.0
2025-08-14 23:52:20,424 [WARN] PackLoader:240 - Cannot read IP mode file for STMicroelectronics.X-CUBE-EEPRMA1.5.1.0
2025-08-14 23:52:20,428 [WARN] PackLoader:240 - Cannot read IP mode file for wolfSSL.I-CUBE-wolfSSL.5.7.6
2025-08-14 23:52:20,431 [WARN] PackLoader:240 - Cannot read IP mode file for ITTIA_DB.I-CUBE-ITTIADB.8.9.0
2025-08-14 23:52:20,435 [WARN] PackLoader:240 - Cannot read IP mode file for STMicroelectronics.X-CUBE-ST67W61.1.0.0
2025-08-14 23:52:20,437 [WARN] PackLoader:240 - Cannot read IP mode file for STMicroelectronics.X-CUBE-AI.10.2.0
2025-08-14 23:52:20,449 [WARN] PackLoader:240 - Cannot read IP mode file for SEGGER.I-CUBE-embOS.1.3.1
2025-08-14 23:52:20,480 [WARN] PackLoader:240 - Cannot read IP mode file for STMicroelectronics.X-CUBE-ALGOBUILD.1.4.0
2025-08-14 23:52:20,505 [WARN] PackLoader:240 - Cannot read IP mode file for STMicroelectronics.X-CUBE-MEMS1.11.3.0
2025-08-14 23:52:20,610 [WARN] PackLoader:240 - Cannot read IP mode file for STMicroelectronics.X-CUBE-PM33A1.1.0.0
2025-08-14 23:52:20,619 [WARN] PackLoader:240 - Cannot read IP mode file for STMicroelectronics.X-CUBE-AZRTOS-F4.1.1.0
2025-08-14 23:52:20,623 [WARN] PackLoader:240 - Cannot read IP mode file for Avnet-IotConnect.X-CUBE-IoTC-DA16k-PMOD.1.0.0
2025-08-14 23:52:20,626 [WARN] PackLoader:240 - Cannot read IP mode file for STMicroelectronics.X-CUBE-ISPU.2.1.0
2025-08-14 23:52:20,629 [WARN] PackLoader:240 - Cannot read IP mode file for STMicroelectronics.X-CUBE-NFC12.1.0.0
2025-08-14 23:52:20,636 [WARN] PackLoader:240 - Cannot read IP mode file for STMicroelectronics.X-CUBE-AZRTOS-L5.2.0.0
2025-08-14 23:52:20,643 [WARN] PackLoader:240 - Cannot read IP mode file for STMicroelectronics.X-CUBE-NFC6.3.1.0
2025-08-14 23:52:20,648 [WARN] PackLoader:240 - Cannot read IP mode file for STMicroelectronics.X-CUBE-FREERTOS.1.3.1
2025-08-14 23:52:20,651 [WARN] PackLoader:240 - Cannot read IP mode file for STMicroelectronics.X-CUBE-FREERTOS.1.3.0
2025-08-14 23:52:20,654 [WARN] PackLoader:240 - Cannot read IP mode file for STMicroelectronics.X-CUBE-NFC7.1.0.1
2025-08-14 23:52:20,657 [WARN] PackLoader:240 - Cannot read IP mode file for STMicroelectronics.FP-SNS-STAIOTCFT.1.0.0
2025-08-14 23:52:20,661 [WARN] PackLoader:240 - Cannot read IP mode file for STMicroelectronics.X-CUBE-DPower.1.3.0
2025-08-14 23:52:20,668 [WARN] ConditionMgr:438 - getConditionDescription Invalid condition id : LAN8742 Phy interface Condition cause : null
2025-08-14 23:52:20,669 [WARN] PackLoader:240 - Cannot read IP mode file for STMicroelectronics.X-CUBE-AZRTOS-L4.2.0.0
2025-08-14 23:52:20,669 [WARN] ConditionMgr:1044 - genDependencies : Invalid condition id : LAN8742 Phy interface Condition cause : null
2025-08-14 23:52:20,670 [WARN] ConditionMgr:1044 - genDependencies : Invalid condition id : LAN8742 Phy interface Condition cause : null
2025-08-14 23:52:20,670 [WARN] ConditionMgr:1044 - genDependencies : Invalid condition id : LAN8742 Phy interface Condition cause : null
2025-08-14 23:52:20,674 [WARN] PackLoader:240 - Cannot read IP mode file for STMicroelectronics.X-CUBE-SFXS2LP1.4.0.0
2025-08-14 23:52:20,683 [WARN] PackLoader:240 - Cannot read IP mode file for STMicroelectronics.X-CUBE-AZRTOS-H7.3.3.0
2025-08-14 23:52:20,689 [WARN] PackLoader:240 - Cannot read IP mode file for STMicroelectronics.X-CUBE-BLEMGR.4.1.0
2025-08-14 23:52:20,695 [WARN] ConditionMgr:438 - getConditionDescription Invalid condition id : UX DEVICE CLASS RTOS Condition cause : null
2025-08-14 23:52:20,695 [WARN] ConditionMgr:438 - getConditionDescription Invalid condition id : UX DEVICE CLASS RTOS Condition cause : null
2025-08-14 23:52:20,696 [WARN] PackLoader:240 - Cannot read IP mode file for STMicroelectronics.X-CUBE-AZRTOS-WB.2.0.0
2025-08-14 23:52:20,696 [WARN] ConditionMgr:1044 - genDependencies : Invalid condition id : UX DEVICE CLASS RTOS Condition cause : null
2025-08-14 23:52:20,696 [WARN] ConditionMgr:1044 - genDependencies : Invalid condition id : UX DEVICE CLASS RTOS Condition cause : null
2025-08-14 23:52:20,696 [WARN] ConditionMgr:1044 - genDependencies : Invalid condition id : UX DEVICE CLASS RTOS Condition cause : null
2025-08-14 23:52:20,696 [WARN] ConditionMgr:1044 - genDependencies : Invalid condition id : UX DEVICE CLASS RTOS Condition cause : null
2025-08-14 23:52:20,696 [WARN] ConditionMgr:1044 - genDependencies : Invalid condition id : UX DEVICE CLASS RTOS Condition cause : null
2025-08-14 23:52:20,699 [WARN] PackLoader:240 - Cannot read IP mode file for STMicroelectronics.X-CUBE-GNSS1.7.0.1
2025-08-14 23:52:20,702 [WARN] PackLoader:240 - Cannot read IP mode file for STMicroelectronics.X-CUBE-TOUCHGFX.4.25.0
2025-08-14 23:52:20,704 [WARN] PackLoader:240 - Cannot read IP mode file for STMicroelectronics.FP-SNS-STBOX1.2.0.0
2025-08-14 23:52:20,709 [WARN] PackLoader:240 - Cannot read IP mode file for STMicroelectronics.X-CUBE-SUBG2.5.0.0
2025-08-14 23:52:20,718 [WARN] PackLoader:240 - Cannot read IP mode file for STMicroelectronics.X-CUBE-AZRTOS-H7RS.1.1.0
2025-08-14 23:52:20,722 [WARN] PackLoader:240 - Cannot read IP mode file for Cesanta.I-CUBE-Mongoose.7.13.0
2025-08-14 23:52:20,728 [WARN] PackLoader:240 - Cannot read IP mode file for STMicroelectronics.X-CUBE-AZRTOS-G4.2.0.0
2025-08-14 23:52:20,731 [WARN] PackLoader:240 - Cannot read IP mode file for wolfSSL.I-CUBE-wolfSSH.1.4.20
2025-08-14 23:52:20,733 [WARN] PackLoader:240 - Cannot read IP mode file for STMicroelectronics.X-CUBE-NFC7.2.0.0
2025-08-14 23:52:20,738 [WARN] PackLoader:240 - Cannot read IP mode file for STMicroelectronics.X-CUBE-IPS.3.1.0
2025-08-14 23:52:20,745 [WARN] PackLoader:240 - Cannot read IP mode file for STMicroelectronics.X-CUBE-ALS.1.0.2
2025-08-14 23:52:20,749 [WARN] PackLoader:240 - Cannot read IP mode file for portGmbH.I-Cube-SoM-uGOAL.1.1.0
2025-08-14 23:52:20,754 [WARN] PackLoader:240 - Cannot read IP mode file for STMicroelectronics.X-CUBE-TOF1.3.4.3
2025-08-14 23:52:20,759 [INFO] ThirdParty:978 - Integrity check success = true
2025-08-14 23:52:20,759 [INFO] IntegrityCheckThread:100 - exiting critical section [integrity check]
2025-08-14 23:52:20,759 [INFO] IntegrityCheckThread:103 - End integrity checks thread
2025-08-14 23:52:20,759 [INFO] ThirdParty:873 - entering critical section [close project]
2025-08-14 23:52:20,759 [INFO] ThirdParty:883 - exiting critical section [close project]
2025-08-14 23:52:20,761 [INFO] PinOutPanel:1589 - setPackage(No Configuration,No Configuration)
2025-08-14 23:52:20,763 [INFO] UtilMem:75 - Begin LoadConfig() Used Memory: 191946824 Bytes (268435456)
2025-08-14 23:52:20,764 [INFO] MicroXplorer:468 - Change Database Path : 
2025-08-14 23:52:20,764 [INFO] MicroXplorer:498 - Change Database Version : DB.6.0.150
2025-08-14 23:52:20,764 [INFO] OpenFileManager:355 - Change cursor
2025-08-14 23:52:20,786 [INFO] Mcu:2029 - Initializing MCU STM32H755ZITx STM32H755ZITx STM32H755ZIT6
2025-08-14 23:52:22,808 [INFO] Context:786 - Trying to add GPIOservice into a context  which must be forbidden
2025-08-14 23:52:22,808 [INFO] Context:786 - Trying to add GPIOservice into a context  which must be forbidden
2025-08-14 23:52:23,829 [INFO] ApiDbMcu:532 - Load IP Config File for NUCLEO-H755ZI-Q
2025-08-14 23:52:23,941 [INFO] Context:786 - Trying to add GPIOservice into a context  which must be forbidden
2025-08-14 23:52:23,953 [INFO] Context:786 - Trying to add GPIOservice into a context  which must be forbidden
2025-08-14 23:52:23,960 [INFO] ImportTextPane:234 - (OptionalMessage_ERROR) Pin58 (VP_RIF_VS_RIF1) cannot be retrieved for this MCU
2025-08-14 23:52:23,971 [INFO] ImportTextPane:234 - (OptionalMessage_ERROR) Unable to find key (Mcu.IP18) in loaded IOC file
2025-08-14 23:52:23,971 [INFO] ImportTextPane:234 - (OptionalMessage_ERROR) Unknown IP (dummy)
2025-08-14 23:52:24,105 [INFO] RtosManager:558 - Registered RTOS mode: class=CMSIS, group=RTOS, mode=CMSIS_V1, owner=FREERTOS_M7
2025-08-14 23:52:24,105 [INFO] RtosManager:558 - Registered RTOS mode: class=CMSIS, group=RTOS2, mode=CMSIS_V2, owner=FREERTOS_M7
2025-08-14 23:52:24,105 [INFO] RtosManager:558 - Registered RTOS mode: class=RTOS, group=Core, mode=CMSIS_V1, owner=FREERTOS_M7
2025-08-14 23:52:24,105 [INFO] RtosManager:558 - Registered RTOS mode: class=RTOS, group=Core, mode=CMSIS_V2, owner=FREERTOS_M7
2025-08-14 23:52:24,105 [WARN] ModelIntegratedComponent:184 - Missing modes for component STMicroelectronics:FreeRTOS:0.0.1:STMicroelectronics:RTOS:FreeRTOS:Core:::10.2.0:
2025-08-14 23:52:24,123 [WARN] ModelIntegratedComponent:63 - No mode defined for component null
2025-08-14 23:52:24,123 [WARN] ModelIntegratedComponent:63 - No mode defined for component null
2025-08-14 23:52:24,123 [WARN] ModelIntegratedComponent:63 - No mode defined for component null
2025-08-14 23:52:24,123 [WARN] ModelIntegratedComponent:63 - No mode defined for component null
2025-08-14 23:52:24,123 [WARN] ModelIntegratedComponent:63 - No mode defined for component null
2025-08-14 23:52:24,123 [WARN] ModelIntegratedComponent:63 - No mode defined for component null
2025-08-14 23:52:24,123 [WARN] ModelIntegratedComponent:63 - No mode defined for component null
2025-08-14 23:52:24,123 [WARN] ModelIntegratedComponent:63 - No mode defined for component null
2025-08-14 23:52:24,123 [WARN] ModelIntegratedComponent:63 - No mode defined for component null
2025-08-14 23:52:24,123 [WARN] ModelIntegratedComponent:63 - No mode defined for component null
2025-08-14 23:52:24,123 [WARN] ModelIntegratedComponent:63 - No mode defined for component null
2025-08-14 23:52:24,123 [WARN] ModelIntegratedComponent:63 - No mode defined for component null
2025-08-14 23:52:24,123 [WARN] ModelIntegratedComponent:63 - No mode defined for component null
2025-08-14 23:52:24,123 [WARN] ModelIntegratedComponent:63 - No mode defined for component null
2025-08-14 23:52:24,124 [WARN] ModelIntegratedComponent:63 - No mode defined for component null
2025-08-14 23:52:24,124 [WARN] ModelIntegratedComponent:63 - No mode defined for component null
2025-08-14 23:52:24,124 [WARN] ModelIntegratedComponent:63 - No mode defined for component null
2025-08-14 23:52:24,124 [WARN] ModelIntegratedComponent:63 - No mode defined for component null
2025-08-14 23:52:24,124 [WARN] ModelIntegratedComponent:63 - No mode defined for component null
2025-08-14 23:52:24,124 [WARN] ModelIntegratedComponent:63 - No mode defined for component null
2025-08-14 23:52:24,124 [WARN] ModelIntegratedComponent:63 - No mode defined for component null
2025-08-14 23:52:24,124 [WARN] ModelIntegratedComponent:63 - No mode defined for component null
2025-08-14 23:52:24,124 [WARN] ModelIntegratedComponent:63 - No mode defined for component null
2025-08-14 23:52:24,124 [WARN] ModelIntegratedComponent:63 - No mode defined for component null
2025-08-14 23:52:24,124 [WARN] ModelIntegratedComponent:63 - No mode defined for component null
2025-08-14 23:52:24,124 [WARN] ModelIntegratedComponent:63 - No mode defined for component null
2025-08-14 23:52:24,124 [WARN] ModelIntegratedComponent:63 - No mode defined for component null
2025-08-14 23:52:24,124 [WARN] ModelIntegratedComponent:63 - No mode defined for component null
2025-08-14 23:52:24,124 [WARN] ModelIntegratedComponent:63 - No mode defined for component null
2025-08-14 23:52:24,124 [WARN] ModelIntegratedComponent:63 - No mode defined for component null
2025-08-14 23:52:24,124 [WARN] ModelIntegratedComponent:63 - No mode defined for component null
2025-08-14 23:52:24,124 [WARN] ModelIntegratedComponent:63 - No mode defined for component null
2025-08-14 23:52:24,124 [WARN] ModelIntegratedComponent:63 - No mode defined for component null
2025-08-14 23:52:24,124 [WARN] ModelIntegratedComponent:63 - No mode defined for component null
2025-08-14 23:52:24,124 [WARN] ModelIntegratedComponent:63 - No mode defined for component null
2025-08-14 23:52:24,124 [WARN] ModelPack:524 - Component already loaded: STMicroelectronics:HAL Drivers:0.0.0:STMicroelectronics:Device:STMicro_Driver:XSPI:HAL::0.0.1:HAL_XSPI
2025-08-14 23:52:24,223 [INFO] RtosManager:558 - Registered RTOS mode: class=CMSIS, group=RTOS, mode=CMSIS_V1, owner=FREERTOS_M4
2025-08-14 23:52:24,223 [INFO] RtosManager:558 - Registered RTOS mode: class=CMSIS, group=RTOS2, mode=CMSIS_V2, owner=FREERTOS_M4
2025-08-14 23:52:24,223 [INFO] RtosManager:558 - Registered RTOS mode: class=RTOS, group=Core, mode=CMSIS_V1, owner=FREERTOS_M4
2025-08-14 23:52:24,223 [INFO] RtosManager:558 - Registered RTOS mode: class=RTOS, group=Core, mode=CMSIS_V2, owner=FREERTOS_M4
2025-08-14 23:52:24,223 [WARN] ModelIntegratedComponent:184 - Missing modes for component STMicroelectronics:FreeRTOS:0.0.1:STMicroelectronics:RTOS:FreeRTOS:Core:::10.2.0:
2025-08-14 23:52:24,232 [WARN] ModelIntegratedComponent:63 - No mode defined for component null
2025-08-14 23:52:24,232 [WARN] ModelIntegratedComponent:63 - No mode defined for component null
2025-08-14 23:52:24,232 [WARN] ModelIntegratedComponent:63 - No mode defined for component null
2025-08-14 23:52:24,232 [WARN] ModelIntegratedComponent:63 - No mode defined for component null
2025-08-14 23:52:24,232 [WARN] ModelIntegratedComponent:63 - No mode defined for component null
2025-08-14 23:52:24,233 [WARN] ModelIntegratedComponent:63 - No mode defined for component null
2025-08-14 23:52:24,233 [WARN] ModelIntegratedComponent:63 - No mode defined for component null
2025-08-14 23:52:24,233 [WARN] ModelIntegratedComponent:63 - No mode defined for component null
2025-08-14 23:52:24,233 [WARN] ModelIntegratedComponent:63 - No mode defined for component null
2025-08-14 23:52:24,233 [WARN] ModelIntegratedComponent:63 - No mode defined for component null
2025-08-14 23:52:24,233 [WARN] ModelIntegratedComponent:63 - No mode defined for component null
2025-08-14 23:52:24,233 [WARN] ModelIntegratedComponent:63 - No mode defined for component null
2025-08-14 23:52:24,233 [WARN] ModelIntegratedComponent:63 - No mode defined for component null
2025-08-14 23:52:24,233 [WARN] ModelIntegratedComponent:63 - No mode defined for component null
2025-08-14 23:52:24,233 [WARN] ModelIntegratedComponent:63 - No mode defined for component null
2025-08-14 23:52:24,233 [WARN] ModelIntegratedComponent:63 - No mode defined for component null
2025-08-14 23:52:24,233 [WARN] ModelIntegratedComponent:63 - No mode defined for component null
2025-08-14 23:52:24,233 [WARN] ModelIntegratedComponent:63 - No mode defined for component null
2025-08-14 23:52:24,233 [WARN] ModelIntegratedComponent:63 - No mode defined for component null
2025-08-14 23:52:24,233 [WARN] ModelIntegratedComponent:63 - No mode defined for component null
2025-08-14 23:52:24,233 [WARN] ModelIntegratedComponent:63 - No mode defined for component null
2025-08-14 23:52:24,233 [WARN] ModelIntegratedComponent:63 - No mode defined for component null
2025-08-14 23:52:24,233 [WARN] ModelIntegratedComponent:63 - No mode defined for component null
2025-08-14 23:52:24,233 [WARN] ModelIntegratedComponent:63 - No mode defined for component null
2025-08-14 23:52:24,233 [WARN] ModelIntegratedComponent:63 - No mode defined for component null
2025-08-14 23:52:24,233 [WARN] ModelIntegratedComponent:63 - No mode defined for component null
2025-08-14 23:52:24,233 [WARN] ModelIntegratedComponent:63 - No mode defined for component null
2025-08-14 23:52:24,233 [WARN] ModelIntegratedComponent:63 - No mode defined for component null
2025-08-14 23:52:24,233 [WARN] ModelIntegratedComponent:63 - No mode defined for component null
2025-08-14 23:52:24,233 [WARN] ModelIntegratedComponent:63 - No mode defined for component null
2025-08-14 23:52:24,233 [WARN] ModelIntegratedComponent:63 - No mode defined for component null
2025-08-14 23:52:24,233 [WARN] ModelIntegratedComponent:63 - No mode defined for component null
2025-08-14 23:52:24,234 [WARN] ModelIntegratedComponent:63 - No mode defined for component null
2025-08-14 23:52:24,234 [WARN] ModelIntegratedComponent:63 - No mode defined for component null
2025-08-14 23:52:24,234 [WARN] ModelIntegratedComponent:63 - No mode defined for component null
2025-08-14 23:52:24,234 [WARN] ModelPack:524 - Component already loaded: STMicroelectronics:HAL Drivers:0.0.0:STMicroelectronics:Device:STMicro_Driver:XSPI:HAL::0.0.1:HAL_XSPI
2025-08-14 23:52:24,326 [INFO] ThirdPartyModel:298 - Start build external matchings
2025-08-14 23:52:24,792 [INFO] ThirdPartyModel:316 - End build external matchings
2025-08-14 23:52:24,811 [INFO] ThirdPartyModel:298 - Start build external matchings
2025-08-14 23:52:25,241 [INFO] ThirdPartyModel:316 - End build external matchings
2025-08-14 23:52:25,252 [INFO] RtosManager:1018 - Current active RTOS is FREERTOS_M4 [CortexM4]
2025-08-14 23:52:25,253 [INFO] RtosManager:1018 - Current active RTOS is FREERTOS_M7 [CortexM7]
2025-08-14 23:52:25,499 [INFO] ApiDb:581 - Connected to CubeFinder SQLite database (C:\Users\nicks\.stmcufinder\plugins\mcufinder\mcu\cube-finder-db.db)
2025-08-14 23:52:25,581 [INFO] ApiDb:668 - CubeFinder database Data Model version=2.1
2025-08-14 23:52:25,581 [INFO] ApiDb:669 - CubeFinder database Configuration version=3.0.39
2025-08-14 23:52:25,581 [INFO] ApiDb:670 - CubeFinder database generation date=2025-07-22 (1753107327)
2025-08-14 23:52:25,581 [INFO] ApiDb:671 - CubeFinder database FW Pack versions=[FP-ATR-ASTRA1_V2.0.0, FP-SNS-FLIGHT1_V5.1.0, FP-SNS-MOTENV1_V5.0.0, FP-SNS-MOTENVWB1_V1.4.0, FP-SNS-SMARTAG2_V1.2.0, FP-SNS-STBOX1_V2.0.0, STM32Cube_FW_C0_V1.4.0, STM32Cube_FW_F4_V1.28.2, STM32Cube_FW_F7_V1.17.3, STM32Cube_FW_G0_V1.6.2, STM32Cube_FW_G4_V1.6.1, STM32Cube_FW_H5_V1.5.0, STM32Cube_FW_H7RS_V1.2.0, STM32Cube_FW_H7_V1.12.1, STM32Cube_FW_L0_V1.12.2, STM32Cube_FW_L4_V1.18.1, STM32Cube_FW_L5_V1.5.1, STM32Cube_FW_N6_V1.2.0, STM32Cube_FW_U0_V1.3.0, STM32Cube_FW_U3_V1.2.0, STM32Cube_FW_U5_V1.8.0, STM32Cube_FW_WB0_V1.3.0, STM32Cube_FW_WBA_V1.7.0, STM32Cube_FW_WB_V1.23.0, STM32Cube_FW_WL3_V1.2.0, STM32Cube_FW_WL_V1.3.1, X-CUBE-ALGOBUILD_V1.4.0, X-CUBE-ALS_V1.0.2, X-CUBE-AZRTOS-F4_V1.1.0, X-CUBE-AZRTOS-F7_V1.1.0, X-CUBE-AZRTOS-G0_V1.1.0, X-CUBE-AZRTOS-G4_V2.0.0, X-CUBE-AZRTOS-H7RS_V1.1.0, X-CUBE-AZRTOS-H7_V3.3.0, X-CUBE-AZRTOS-L4_V2.0.0, X-CUBE-AZRTOS-L5_V2.0.0, X-CUBE-AZRTOS-WB_V2.0.0, X-CUBE-AZRTOS-WL_V2.0.0, X-CUBE-BLE1_V7.1.0, X-CUBE-BLE2_V3.3.0, X-CUBE-BLEMGR_V4.0.0, X-CUBE-EEPRMA1_V5.1.0, X-CUBE-FREERTOS_V1.3.1, X-CUBE-GNSS1_V6.0.0, X-CUBE-MEMS1_V11.3.0, X-CUBE-NFC4_V3.0.0, X-CUBE-NFC7_V2.0.0, X-CUBE-SFXS2LP1_V4.0.0, X-CUBE-SUBG2_V5.0.0, X-CUBE-TOF1_V3.4.3]
2025-08-14 23:52:25,674 [INFO] DbBoardsSqlite:226 - include board P-NUCLEO-WB55-NUCLEO as a kit item of type 'Nucleo-64'
2025-08-14 23:52:25,675 [INFO] DbBoardsSqlite:226 - include board P-NUCLEO-WB55-USBDONGLE as a kit item of type 'Nucleo USB Dongle'
2025-08-14 23:52:25,676 [INFO] DbBoardsSqlite:226 - include board STEVAL-IDP005V1 as a kit item of type 'Evaluation Board'
2025-08-14 23:52:25,676 [INFO] DbBoardsSqlite:226 - include board STEVAL-IDP005V2 as a kit item of type 'Evaluation Board'
2025-08-14 23:52:26,124 [INFO] ApiDb:240 - Found 880 in-development CPN: [B-G473E-ZEST1S, B-WB1M-WPAN1, B-WBA5M-WPAN, B-WL5M-SUBG1, NUCLEO-C031C6, NUCLEO-C051C8, NUCLEO-C071RB, NUCLEO-C092RC, NUCLEO-H503RB, NUCLEO-H533RE, NUCLEO-H563ZI, NUCLEO-H7S3L8, NUCLEO-N657X0-Q, NUCLEO-U031R8, NUCLEO-U083RC, NUCLEO-U385RG-Q, NUCLEO-U545RE-Q, NUCLEO-U5A5ZJ-Q, NUCLEO-WB05KZ, NUCLEO-WB07CC, NUCLEO-WB09KE, NUCLEO-WBA52CG, NUCLEO-WBA55CG, NUCLEO-WL33CC1, NUCLEO-WL33CC2, STEVAL-PROTEUS1, STEVAL-SMARTAG2, STEVAL-STWINBX1, STM320518-EVAL, STM32C0116-DK, STM32C011D6Y3TR, STM32C011D6Y6TR, STM32C011F4P3, STM32C011F4P6, STM32C011F4U3, STM32C011F4U6TR, STM32C011F6P3, STM32C011F6P6, STM32C011F6U3, STM32C011F6U6TR, STM32C011J4M3, STM32C011J4M6, STM32C011J6M3, STM32C011J6M6, STM32C0316-DK, STM32C031C4T3, STM32C031C4T6, STM32C031C4U3, STM32C031C4U6, STM32C031C6T3, STM32C031C6T6, STM32C031C6U3, STM32C031C6U6, STM32C031F4P3, STM32C031F4P6, STM32C031F6P3, STM32C031F6P6, STM32C031G4U3, STM32C031G4U6, STM32C031G6U3, STM32C031G6U6, STM32C031K4T3, STM32C031K4T6, STM32C031K4U3, STM32C031K4U6, STM32C031K6T3, STM32C031K6T6, STM32C031K6U3, STM32C031K6U6, STM32C051C6T6, STM32C051C6U6, STM32C051C8T6, STM32C051C8U6, STM32C051D8Y6TR, STM32C051F6P6, STM32C051F8P6, STM32C051G6U6, STM32C051G8U6, STM32C051K6T6, STM32C051K6U6, STM32C051K8T6, STM32C071C8T6, STM32C071C8T6N, STM32C071C8U6, STM32C071C8U6N, STM32C071CBT6, STM32C071CBT6N, STM32C071CBU6, STM32C071CBU6N, STM32C071F8P6, STM32C071F8P6N, STM32C071FBP6, STM32C071FBP6N, STM32C071FBY6TR, STM32C071G8U6, STM32C071G8U6N, STM32C071GBU6, STM32C071GBU6N, STM32C071K8T6, STM32C071K8T6N, STM32C071K8U6, STM32C071K8U6N, STM32C071KBT6, STM32C071KBT6N, STM32C071KBU6, STM32C071KBU6N, STM32C071R8T6, STM32C071R8T6N, STM32C071RBI6N, STM32C071RBT6, STM32C071RBT6N, STM32C091CBT6, STM32C091CBU6, STM32C091CCT6, STM32C091CCU6, STM32C091ECY6TR, STM32C091FBP6, STM32C091FCP6, STM32C091GBU6, STM32C091GCU6, STM32C091KBT6, STM32C091KBU6, STM32C091KCT6, STM32C091KCU6, STM32C091RBT6, STM32C091RCI6, STM32C091RCT6, STM32C092CBT6, STM32C092CBU6, STM32C092CCT6, STM32C092CCU6, STM32C092ECY6TR, STM32C092FBP6, STM32C092FCP6, STM32C092GBU6, STM32C092GCU6, STM32C092KBT6, STM32C092KBU6, STM32C092KCT6, STM32C092KCU6, STM32C092RBT6, STM32C092RCI6, STM32C092RCT6, STM32G071K8TXN, STM32G071K8UXN, STM32G081GBU6N, STM32G081KBT6N, STM32G081KBUXN, STM32G0B1CCT6N, STM32G0B1KCT6, STM32G0B1NEY6TR, STM32G0B1RCT6N, STM32G0C1CCT6, STM32G0C1CCT6N, STM32G0C1CCU6N, STM32G0C1CET6N, STM32G0C1CEU6N, STM32G0C1KCT6, STM32G0C1NEY6TR, STM32G0C1RCI6N, STM32G0C1RCT6N, STM32G0C1REI6N, STM32G0C1RET6N, STM32G0C1VCI6, STM32G0C1VEI6, STM32G411C6T3, STM32G411C6T6, STM32G411C6U3, STM32G411C6U6, STM32G411C8T3, STM32G411C8T6, STM32G411C8U3, STM32G411C8U6, STM32G411CBT3, STM32G411CBT6, STM32G411CBU3, STM32G411CBU6, STM32G411K6T3, STM32G411K6T6, STM32G411K6U3, STM32G411K6U6, STM32G411K8T3, STM32G411K8T6, STM32G411K8U3, STM32G411K8U6, STM32G411KBT3, STM32G411KBT6, STM32G411KBU3, STM32G411KBU6, STM32G411M6T3, STM32G411M6T6, STM32G411M8T3, STM32G411M8T6, STM32G411MBT3, STM32G411MBT6, STM32G411R6T3, STM32G411R6T6, STM32G411R8T3, STM32G411R8T6, STM32G411RBT3, STM32G411RBT6, STM32G414CBT3, STM32G414CBT6, STM32G414CBU3, STM32G414CBU6, STM32G414CCT3, STM32G414CCT6, STM32G414CCU3, STM32G414CCU6, STM32G414MBT3, STM32G414MBT6, STM32G414MCT3, STM32G414MCT6, STM32G414RBT3, STM32G414RBT6, STM32G414RCT3, STM32G414RCT6, STM32G414VBT3, STM32G414VBT6, STM32G414VCT3, STM32G414VCT6, STM32G431CBT3Z, STM32G431RBT3Z, STM32G471CCT6, STM32G471CCU6, STM32G471CET3, STM32G471CET6, STM32G471CEU3, STM32G471CEU6, STM32G471MCT6, STM32G471MET3, STM32G471MET6, STM32G471MEY6TR, STM32G471QCT6, STM32G471QET3, STM32G471RCT6, STM32G471RET3, STM32G471RET6, STM32G471VCH6, STM32G471VCI6, STM32G471VCT6, STM32G471VEH3, STM32G471VEH6, STM32G471VEI3, STM32G471VEI6, STM32G471VET3, STM32G471VET6, STM32G473QET3Z, STM32G473RET3Z, STM32G474CCT6, STM32G491RET3Z, STM32H503CBT6, STM32H503CBU6, STM32H503EBY6TR, STM32H503KBU6, STM32H503RBT6, STM32H523CCT6, STM32H523CCU6, STM32H523CET6, STM32H523CEU6, STM32H523HEY6TR, STM32H523RCT6, STM32H523RET6, STM32H523VCI6, STM32H523VCT6, STM32H523VEI6, STM32H523VET6, STM32H523ZCJ6, STM32H523ZCT6, STM32H523ZEJ6, STM32H523ZET6, STM32H533CET6, STM32H533CEU6, STM32H533HEY6TR, STM32H533RET6, STM32H533VEI6, STM32H533VET6, STM32H533ZEJ6, STM32H533ZET6, STM32H562AGI6, STM32H562AII6, STM32H562IGK6, STM32H562IGT6, STM32H562IIK6, STM32H562IIT6, STM32H562RGT6, STM32H562RGV6, STM32H562RIT6, STM32H562RIV6, STM32H562VGT6, STM32H562VIT6, STM32H562ZGT6, STM32H562ZIT6, STM32H563AGI6, STM32H563AII3Q, STM32H563AII6, STM32H563IGK6, STM32H563IGT6, STM32H563IIK3Q, STM32H563IIK6, STM32H563IIT3Q, STM32H563IIT6, STM32H563MIY3QTR, STM32H563RGT6, STM32H563RGV6, STM32H563RIT6, STM32H563RIV6, STM32H563VGT6, STM32H563VIT3Q, STM32H563VIT6, STM32H563ZGT6, STM32H563ZIT3Q, STM32H563ZIT6, STM32H573AII3Q, STM32H573AII6, STM32H573I-DK, STM32H573IIK3Q, STM32H573IIK6, STM32H573IIT3Q, STM32H573IIT6, STM32H573MIY3QTR, STM32H573RIT6, STM32H573RIV6, STM32H573VIT3Q, STM32H573VIT6, STM32H573ZIT3Q, STM32H573ZIT6, STM32H7R3A8I6, STM32H7R3I8K6, STM32H7R3I8T6, STM32H7R3L8H6, STM32H7R3L8H6H, STM32H7R3R8V6, STM32H7R3V8H6, STM32H7R3V8T6, STM32H7R3V8Y6TR, STM32H7R3Z8J6, STM32H7R3Z8T6, STM32H7R7A8I6, STM32H7R7I8K6, STM32H7R7I8T6, STM32H7R7L8H6, STM32H7R7L8H6H, STM32H7R7Z8J6, STM32H7S3A8I6, STM32H7S3I8K6, STM32H7S3I8T6, STM32H7S3L8H6, STM32H7S3L8H6H, STM32H7S3R8V6, STM32H7S3V8H6, STM32H7S3V8T6, STM32H7S3V8Y6TR, STM32H7S3Z8J6, STM32H7S3Z8T6, STM32H7S78-DK, STM32H7S7A8I6, STM32H7S7I8K6, STM32H7S7I8T6, STM32H7S7L8H6, STM32H7S7L8H6H, STM32H7S7Z8J6, STM32L4R5QGI6STR, STM32MP131AAE3, STM32MP131AAF3, STM32MP131AAG3, STM32MP131CAE3, STM32MP131CAF3, STM32MP131CAG3, STM32MP131DAE7, STM32MP131DAF7, STM32MP131DAG7, STM32MP131FAE7, STM32MP131FAF7, STM32MP131FAG7, STM32MP133AAE3, STM32MP133AAF3, STM32MP133AAG3, STM32MP133CAE3, STM32MP133CAF3, STM32MP133CAG3, STM32MP133DAE7, STM32MP133DAF7, STM32MP133DAG7, STM32MP133FAE7, STM32MP133FAF7, STM32MP133FAG7, STM32MP135AAE3, STM32MP135AAF3, STM32MP135AAG3, STM32MP135CAE3, STM32MP135CAF3, STM32MP135CAG3, STM32MP135DAE7, STM32MP135DAF7, STM32MP135DAG7, STM32MP135F-DK, STM32MP135FAE7, STM32MP135FAF7, STM32MP135FAF7T, STM32MP135FAF7U, STM32MP135FAG7, STM32MP211AAL3, STM32MP211AAM3, STM32MP211AAN3, STM32MP211AAO3, STM32MP211CAL3, STM32MP211CAM3, STM32MP211CAN3, STM32MP211CAO3, STM32MP211DAL3, STM32MP211DAM3, STM32MP211DAN3, STM32MP211DAO3, STM32MP211FAL3, STM32MP211FAM3, STM32MP211FAN3, STM32MP211FAO3, STM32MP213AAL3, STM32MP213AAM3, STM32MP213AAN3, STM32MP213AAO3, STM32MP213CAL3, STM32MP213CAM3, STM32MP213CAN3, STM32MP213CAO3, STM32MP213DAL3, STM32MP213DAM3, STM32MP213DAN3, STM32MP213DAO3, STM32MP213FAL3, STM32MP213FAM3, STM32MP213FAN3, STM32MP213FAO3, STM32MP215AAL3, STM32MP215AAM3, STM32MP215AAN3, STM32MP215AAO3, STM32MP215CAL3, STM32MP215CAM3, STM32MP215CAN3, STM32MP215CAO3, STM32MP215DAL3, STM32MP215DAM3, STM32MP215DAN3, STM32MP215DAO3, STM32MP215F-DK, STM32MP215FAL3, STM32MP215FAM3, STM32MP215FAN3, STM32MP215FAO3, STM32MP231AAJ3, STM32MP231AAK3, STM32MP231AAL3, STM32MP231CAJ3, STM32MP231CAK3, STM32MP231CAL3, STM32MP231DAJ3, STM32MP231DAK3, STM32MP231DAL3, STM32MP231FAJ3, STM32MP231FAK3, STM32MP231FAL3, STM32MP233AAJ3, STM32MP233AAK3, STM32MP233AAL3, STM32MP233CAJ3, STM32MP233CAK3, STM32MP233CAL3, STM32MP233DAJ3, STM32MP233DAK3, STM32MP233DAL3, STM32MP233FAJ3, STM32MP233FAK3, STM32MP233FAL3, STM32MP235AAJ3, STM32MP235AAK3, STM32MP235AAL3, STM32MP235CAJ3, STM32MP235CAK3, STM32MP235CAL3, STM32MP235DAJ3, STM32MP235DAK3, STM32MP235DAL3, STM32MP235FAJ3, STM32MP235FAK3, STM32MP235FAL3, STM32MP251AAI3, STM32MP251AAK3, STM32MP251AAL3, STM32MP251CAI3, STM32MP251CAK3, STM32MP251CAL3, STM32MP251DAI3, STM32MP251DAK3, STM32MP251DAL3, STM32MP251FAI3, STM32MP251FAK3, STM32MP251FAL3, STM32MP253AAI3, STM32MP253AAK3, STM32MP253AAL3, STM32MP253CAI3, STM32MP253CAK3, STM32MP253CAL3, STM32MP253DAI3, STM32MP253DAK3, STM32MP253DAL3, STM32MP253FAI3, STM32MP253FAK3, STM32MP253FAL3, STM32MP255AAI3, STM32MP255AAK3, STM32MP255AAL3, STM32MP255CAI3, STM32MP255CAK3, STM32MP255CAL3, STM32MP255DAI3, STM32MP255DAK3, STM32MP255DAL3, STM32MP255FAI3, STM32MP255FAK3, STM32MP255FAL3, STM32MP257AAI3, STM32MP257AAK3, STM32MP257AAL3, STM32MP257CAI3, STM32MP257CAK3, STM32MP257CAL3, STM32MP257DAI3, STM32MP257DAK3, STM32MP257DAL3, STM32MP257F-DK, STM32MP257F-EV1, STM32MP257FAI3, STM32MP257FAK3, STM32MP257FAL3, STM32N645A0H3Q, STM32N645B0H3Q, STM32N645I0H3Q, STM32N645L0H3Q, STM32N645X0H3Q, STM32N645Z0H3Q, STM32N647A0H3Q, STM32N647B0H3Q, STM32N647I0H3Q, STM32N647L0H3Q, STM32N647X0H3Q, STM32N647Z0H3Q, STM32N655A0H3Q, STM32N655B0H3Q, STM32N655I0H3Q, STM32N655L0H3Q, STM32N655X0H3Q, STM32N655Z0H3Q, STM32N6570-DK, STM32N657A0H3Q, STM32N657B0H3Q, STM32N657I0H3Q, STM32N657L0H3Q, STM32N657X0H3Q, STM32N657Z0H3Q, STM32U031C6T6, STM32U031C6U6, STM32U031C8T6, STM32U031C8U6, STM32U031F4P6, STM32U031F6P6, STM32U031F8P6, STM32U031G6Y6TR, STM32U031G8Y6TR, STM32U031K4U6, STM32U031K6U6, STM32U031K8U6, STM32U031R6I6, STM32U031R6T6, STM32U031R8I6, STM32U031R8T6, STM32U073C8T6, STM32U073C8U6, STM32U073CBT6, STM32U073CBU6, STM32U073CCT6, STM32U073CCU6, STM32U073H8Y6TR, STM32U073HBY6TR, STM32U073HCY6TR, STM32U073K8U6, STM32U073KBU6, STM32U073KCU6, STM32U073M8I6, STM32U073M8T6, STM32U073MBI6, STM32U073MBT6, STM32U073MCI6, STM32U073MCT6, STM32U073R8I6, STM32U073R8T6, STM32U073RBI6, STM32U073RBT6, STM32U073RCI6, STM32U073RCT6, STM32U083C-DK, STM32U083CCT6, STM32U083CCU6, STM32U083HCY6TR, STM32U083KCU6, STM32U083MCI6, STM32U083MCT6, STM32U083RCI6, STM32U083RCT6, STM32U375CET6, STM32U375CET6Q, STM32U375CEU6, STM32U375CEU6Q, STM32U375CEY6QTR, STM32U375CGT6, STM32U375CGT6Q, STM32U375CGU6, STM32U375CGU6Q, STM32U375CGY6QTR, STM32U375KEU6, STM32U375KGU6, STM32U375REI6, STM32U375REI6Q, STM32U375RET6, STM32U375RET6Q, STM32U375REY6GTR, STM32U375REY6QTR, STM32U375RGI6, STM32U375RGI6Q, STM32U375RGT6, STM32U375RGT6Q, STM32U375RGY6GTR, STM32U375RGY6QTR, STM32U375VEI6, STM32U375VEI6Q, STM32U375VET6, STM32U375VET6Q, STM32U375VGI6, STM32U375VGI6Q, STM32U375VGT6, STM32U375VGT6Q, STM32U385CGT6, STM32U385CGT6Q, STM32U385CGU6, STM32U385CGU6Q, STM32U385CGY6QTR, STM32U385KGU6, STM32U385RGI6, STM32U385RGI6Q, STM32U385RGT6, STM32U385RGT6Q, STM32U385RGY6GTR, STM32U385RGY6QTR, STM32U385VGI6, STM32U385VGI6Q, STM32U385VGT6, STM32U385VGT6Q, STM32U535CBT6, STM32U535CBT6Q, STM32U535CBU6, STM32U535CBU6Q, STM32U535CCT6, STM32U535CCT6Q, STM32U535CCU6, STM32U535CCU6Q, STM32U535CET6, STM32U535CET6Q, STM32U535CEU6, STM32U535CEU6Q, STM32U535JEY6QTR, STM32U535NCY6QTR, STM32U535NEY6QTR, STM32U535RBI6, STM32U535RBI6Q, STM32U535RBT6, STM32U535RBT6Q, STM32U535RCI6, STM32U535RCI6Q, STM32U535RCT6, STM32U535RCT6Q, STM32U535REI6, STM32U535REI6Q, STM32U535RET6, STM32U535RET6Q, STM32U535VCI6, STM32U535VCI6Q, STM32U535VCT6, STM32U535VCT6Q, STM32U535VEI6, STM32U535VEI6Q, STM32U535VET6, STM32U535VET6Q, STM32U545CET6, STM32U545CET6Q, STM32U545CEU6, STM32U545CEU6Q, STM32U545JEY6QTR, STM32U545NEY6QTR, STM32U545REI6, STM32U545REI6Q, STM32U545RET6, STM32U545RET6Q, STM32U545VEI6, STM32U545VEI6Q, STM32U545VET6, STM32U545VET6Q, STM32U595AIH6, STM32U595AIH6Q, STM32U595AJH6, STM32U595AJH6Q, STM32U595QII6, STM32U595QII6Q, STM32U595QJI6, STM32U595QJI6Q, STM32U595RIT6, STM32U595RIT6Q, STM32U595RJT6, STM32U595RJT6Q, STM32U595VIT6, STM32U595VIT6Q, STM32U595VJT6, STM32U595VJT6Q, STM32U595ZIT6, STM32U595ZIT6Q, STM32U595ZIY6QTR, STM32U595ZJT6, STM32U595ZJT6Q, STM32U595ZJY6QTR, STM32U599BJY6QTR, STM32U599NIH6Q, STM32U599NJH6Q, STM32U599VIT6Q, STM32U599VJT6, STM32U599VJT6Q, STM32U599ZIT6Q, STM32U599ZIY6QTR, STM32U599ZJT6Q, STM32U599ZJY6QTR, STM32U5A5AJH6, STM32U5A5AJH6Q, STM32U5A5QII3Q , STM32U5A5QJI6, STM32U5A5QJI6Q, STM32U5A5RJT6, STM32U5A5RJT6Q, STM32U5A5VJT6, STM32U5A5VJT6Q, STM32U5A5ZJT6, STM32U5A5ZJT6Q, STM32U5A5ZJY6QTR, STM32U5A9BJY6QTR, STM32U5A9J-DK, STM32U5A9NJH6Q, STM32U5A9VJT6Q, STM32U5A9ZJT6Q, STM32U5A9ZJY6QTR, STM32U5F7VIT6, STM32U5F7VIT6Q, STM32U5F7VJT6, STM32U5F7VJT6Q, STM32U5F9BJY6QTR, STM32U5F9NJH6Q, STM32U5F9VIT6Q, STM32U5F9VJT6Q, STM32U5F9ZIJ6QTR, STM32U5F9ZIT6Q, STM32U5F9ZJJ6QTR, STM32U5F9ZJT6Q, STM32U5G7VJT6, STM32U5G7VJT6Q, STM32U5G9BJY6QTR, STM32U5G9J-DK1, STM32U5G9J-DK2, STM32U5G9NJH6Q, STM32U5G9VJT6Q, STM32U5G9ZJJ6QTR, STM32U5G9ZJT6Q, STM32WB05KZV6TR, STM32WB05KZV7TR, STM32WB05TZF6TR, STM32WB05TZF7TR, STM32WB06CCF6TR, STM32WB06CCF7TR, STM32WB06CCV6TR, STM32WB06CCV7TR, STM32WB06KCV6TR, STM32WB06KCV7TR, STM32WB07CCF6TR, STM32WB07CCF7TR, STM32WB07CCV6TR, STM32WB07CCV7TR, STM32WB07KCV6TR, STM32WB07KCV7TR, STM32WB09KEV6TR, STM32WB09KEV7TR, STM32WB09TEF6TR, STM32WB09TEF7TR, STM32WB1MMCH6, STM32WBA50KGU6, STM32WBA50KGU6TR, STM32WBA52CEU6, STM32WBA52CEU6TR, STM32WBA52CEU7, STM32WBA52CEU7TR, STM32WBA52CGU6, STM32WBA52CGU6TR, STM32WBA52CGU6U, STM32WBA52CGU7, STM32WBA52CGU7TR, STM32WBA52KEU6, STM32WBA52KEU6TR, STM32WBA52KGU6, STM32WBA52KGU6TR, STM32WBA54CEU6, STM32WBA54CEU6TR, STM32WBA54CEU7, STM32WBA54CEU7TR, STM32WBA54CGU6, STM32WBA54CGU6TR, STM32WBA54CGU7, STM32WBA54CGU7TR, STM32WBA54KEU6, STM32WBA54KEU6TR, STM32WBA54KEU7, STM32WBA54KEU7TR, STM32WBA54KGU6, STM32WBA54KGU6TR, STM32WBA54KGU7, STM32WBA54KGU7TR, STM32WBA55CEU6, STM32WBA55CEU6TR, STM32WBA55CEU7, STM32WBA55CEU7TR, STM32WBA55CGU6, STM32WBA55CGU6TR, STM32WBA55CGU6U, STM32WBA55CGU7, STM32WBA55CGU7TR, STM32WBA55G-DK1, STM32WBA55HEF6, STM32WBA55HEF7, STM32WBA55HGF6, STM32WBA55HGF7, STM32WBA55UEI6, STM32WBA55UEI6TR, STM32WBA55UEI7, STM32WBA55UEI7TR, STM32WBA55UGI6, STM32WBA55UGI6TR, STM32WBA55UGI7, STM32WBA55UGI7TR, STM32WBA5MMGH6TR, STM32WBA62MGF6, STM32WBA62MIF6, STM32WBA65MGF7, STM32WBA65MIF6, STM32WBA65MIF7, STM32WL30K8V6, STM32WL30KBV6, STM32WL31C8V6, STM32WL31CBV6, STM32WL31K8V6, STM32WL31KBV6, STM32WL33C8V6, STM32WL33C8V6X, STM32WL33CBV6, STM32WL33CBV6X, STM32WL33CCV6, STM32WL33CCV6A, STM32WL33CCV6X, STM32WL33K8V7, STM32WL33K8V7X, STM32WL33KBV7 , STM32WL33KBV7X, STM32WL33KCV7, STM32WL33KCV7X, STM32WL5MOCH6, STM32WL5MOCH6TR]
2025-08-14 23:52:26,293 [INFO] BoardInfo:889 - No configuration file found for board P-NUCLEO-WB55
2025-08-14 23:52:26,294 [INFO] DbBoards:161 - Kit is not supported: P-NUCLEO-WB55
2025-08-14 23:52:26,299 [INFO] BoardInfo:889 - No configuration file found for board STEVAL-BFA001V1B
2025-08-14 23:52:26,300 [INFO] DbBoards:161 - Kit is not supported: STEVAL-BFA001V1B
2025-08-14 23:52:26,301 [INFO] BoardInfo:889 - No configuration file found for board STEVAL-BFA001V2B
2025-08-14 23:52:26,302 [INFO] DbBoards:161 - Kit is not supported: STEVAL-BFA001V2B
2025-08-14 23:52:26,476 [INFO] DbBoards:168 - Found 212 boards, 209 are supported
2025-08-14 23:52:26,476 [INFO] DbBoards:169 - Found 212 boards, 43 of them is supported for  Bsp
2025-08-14 23:52:26,479 [INFO] ApiDb:668 - CubeFinder database Data Model version=2.1
2025-08-14 23:52:26,479 [INFO] ApiDb:669 - CubeFinder database Configuration version=3.0.39
2025-08-14 23:52:26,479 [INFO] ApiDb:670 - CubeFinder database generation date=2025-07-22 (1753107327)
2025-08-14 23:52:26,479 [INFO] ApiDb:671 - CubeFinder database FW Pack versions=[FP-ATR-ASTRA1_V2.0.0, FP-SNS-FLIGHT1_V5.1.0, FP-SNS-MOTENV1_V5.0.0, FP-SNS-MOTENVWB1_V1.4.0, FP-SNS-SMARTAG2_V1.2.0, FP-SNS-STBOX1_V2.0.0, STM32Cube_FW_C0_V1.4.0, STM32Cube_FW_F4_V1.28.2, STM32Cube_FW_F7_V1.17.3, STM32Cube_FW_G0_V1.6.2, STM32Cube_FW_G4_V1.6.1, STM32Cube_FW_H5_V1.5.0, STM32Cube_FW_H7RS_V1.2.0, STM32Cube_FW_H7_V1.12.1, STM32Cube_FW_L0_V1.12.2, STM32Cube_FW_L4_V1.18.1, STM32Cube_FW_L5_V1.5.1, STM32Cube_FW_N6_V1.2.0, STM32Cube_FW_U0_V1.3.0, STM32Cube_FW_U3_V1.2.0, STM32Cube_FW_U5_V1.8.0, STM32Cube_FW_WB0_V1.3.0, STM32Cube_FW_WBA_V1.7.0, STM32Cube_FW_WB_V1.23.0, STM32Cube_FW_WL3_V1.2.0, STM32Cube_FW_WL_V1.3.1, X-CUBE-ALGOBUILD_V1.4.0, X-CUBE-ALS_V1.0.2, X-CUBE-AZRTOS-F4_V1.1.0, X-CUBE-AZRTOS-F7_V1.1.0, X-CUBE-AZRTOS-G0_V1.1.0, X-CUBE-AZRTOS-G4_V2.0.0, X-CUBE-AZRTOS-H7RS_V1.1.0, X-CUBE-AZRTOS-H7_V3.3.0, X-CUBE-AZRTOS-L4_V2.0.0, X-CUBE-AZRTOS-L5_V2.0.0, X-CUBE-AZRTOS-WB_V2.0.0, X-CUBE-AZRTOS-WL_V2.0.0, X-CUBE-BLE1_V7.1.0, X-CUBE-BLE2_V3.3.0, X-CUBE-BLEMGR_V4.0.0, X-CUBE-EEPRMA1_V5.1.0, X-CUBE-FREERTOS_V1.3.1, X-CUBE-GNSS1_V6.0.0, X-CUBE-MEMS1_V11.3.0, X-CUBE-NFC4_V3.0.0, X-CUBE-NFC7_V2.0.0, X-CUBE-SFXS2LP1_V4.0.0, X-CUBE-SUBG2_V5.0.0, X-CUBE-TOF1_V3.4.3]
2025-08-14 23:52:27,996 [INFO] ApiDb:240 - Found 880 in-development CPN: [B-G473E-ZEST1S, B-WB1M-WPAN1, B-WBA5M-WPAN, B-WL5M-SUBG1, NUCLEO-C031C6, NUCLEO-C051C8, NUCLEO-C071RB, NUCLEO-C092RC, NUCLEO-H503RB, NUCLEO-H533RE, NUCLEO-H563ZI, NUCLEO-H7S3L8, NUCLEO-N657X0-Q, NUCLEO-U031R8, NUCLEO-U083RC, NUCLEO-U385RG-Q, NUCLEO-U545RE-Q, NUCLEO-U5A5ZJ-Q, NUCLEO-WB05KZ, NUCLEO-WB07CC, NUCLEO-WB09KE, NUCLEO-WBA52CG, NUCLEO-WBA55CG, NUCLEO-WL33CC1, NUCLEO-WL33CC2, STEVAL-PROTEUS1, STEVAL-SMARTAG2, STEVAL-STWINBX1, STM320518-EVAL, STM32C0116-DK, STM32C011D6Y3TR, STM32C011D6Y6TR, STM32C011F4P3, STM32C011F4P6, STM32C011F4U3, STM32C011F4U6TR, STM32C011F6P3, STM32C011F6P6, STM32C011F6U3, STM32C011F6U6TR, STM32C011J4M3, STM32C011J4M6, STM32C011J6M3, STM32C011J6M6, STM32C0316-DK, STM32C031C4T3, STM32C031C4T6, STM32C031C4U3, STM32C031C4U6, STM32C031C6T3, STM32C031C6T6, STM32C031C6U3, STM32C031C6U6, STM32C031F4P3, STM32C031F4P6, STM32C031F6P3, STM32C031F6P6, STM32C031G4U3, STM32C031G4U6, STM32C031G6U3, STM32C031G6U6, STM32C031K4T3, STM32C031K4T6, STM32C031K4U3, STM32C031K4U6, STM32C031K6T3, STM32C031K6T6, STM32C031K6U3, STM32C031K6U6, STM32C051C6T6, STM32C051C6U6, STM32C051C8T6, STM32C051C8U6, STM32C051D8Y6TR, STM32C051F6P6, STM32C051F8P6, STM32C051G6U6, STM32C051G8U6, STM32C051K6T6, STM32C051K6U6, STM32C051K8T6, STM32C071C8T6, STM32C071C8T6N, STM32C071C8U6, STM32C071C8U6N, STM32C071CBT6, STM32C071CBT6N, STM32C071CBU6, STM32C071CBU6N, STM32C071F8P6, STM32C071F8P6N, STM32C071FBP6, STM32C071FBP6N, STM32C071FBY6TR, STM32C071G8U6, STM32C071G8U6N, STM32C071GBU6, STM32C071GBU6N, STM32C071K8T6, STM32C071K8T6N, STM32C071K8U6, STM32C071K8U6N, STM32C071KBT6, STM32C071KBT6N, STM32C071KBU6, STM32C071KBU6N, STM32C071R8T6, STM32C071R8T6N, STM32C071RBI6N, STM32C071RBT6, STM32C071RBT6N, STM32C091CBT6, STM32C091CBU6, STM32C091CCT6, STM32C091CCU6, STM32C091ECY6TR, STM32C091FBP6, STM32C091FCP6, STM32C091GBU6, STM32C091GCU6, STM32C091KBT6, STM32C091KBU6, STM32C091KCT6, STM32C091KCU6, STM32C091RBT6, STM32C091RCI6, STM32C091RCT6, STM32C092CBT6, STM32C092CBU6, STM32C092CCT6, STM32C092CCU6, STM32C092ECY6TR, STM32C092FBP6, STM32C092FCP6, STM32C092GBU6, STM32C092GCU6, STM32C092KBT6, STM32C092KBU6, STM32C092KCT6, STM32C092KCU6, STM32C092RBT6, STM32C092RCI6, STM32C092RCT6, STM32G071K8TXN, STM32G071K8UXN, STM32G081GBU6N, STM32G081KBT6N, STM32G081KBUXN, STM32G0B1CCT6N, STM32G0B1KCT6, STM32G0B1NEY6TR, STM32G0B1RCT6N, STM32G0C1CCT6, STM32G0C1CCT6N, STM32G0C1CCU6N, STM32G0C1CET6N, STM32G0C1CEU6N, STM32G0C1KCT6, STM32G0C1NEY6TR, STM32G0C1RCI6N, STM32G0C1RCT6N, STM32G0C1REI6N, STM32G0C1RET6N, STM32G0C1VCI6, STM32G0C1VEI6, STM32G411C6T3, STM32G411C6T6, STM32G411C6U3, STM32G411C6U6, STM32G411C8T3, STM32G411C8T6, STM32G411C8U3, STM32G411C8U6, STM32G411CBT3, STM32G411CBT6, STM32G411CBU3, STM32G411CBU6, STM32G411K6T3, STM32G411K6T6, STM32G411K6U3, STM32G411K6U6, STM32G411K8T3, STM32G411K8T6, STM32G411K8U3, STM32G411K8U6, STM32G411KBT3, STM32G411KBT6, STM32G411KBU3, STM32G411KBU6, STM32G411M6T3, STM32G411M6T6, STM32G411M8T3, STM32G411M8T6, STM32G411MBT3, STM32G411MBT6, STM32G411R6T3, STM32G411R6T6, STM32G411R8T3, STM32G411R8T6, STM32G411RBT3, STM32G411RBT6, STM32G414CBT3, STM32G414CBT6, STM32G414CBU3, STM32G414CBU6, STM32G414CCT3, STM32G414CCT6, STM32G414CCU3, STM32G414CCU6, STM32G414MBT3, STM32G414MBT6, STM32G414MCT3, STM32G414MCT6, STM32G414RBT3, STM32G414RBT6, STM32G414RCT3, STM32G414RCT6, STM32G414VBT3, STM32G414VBT6, STM32G414VCT3, STM32G414VCT6, STM32G431CBT3Z, STM32G431RBT3Z, STM32G471CCT6, STM32G471CCU6, STM32G471CET3, STM32G471CET6, STM32G471CEU3, STM32G471CEU6, STM32G471MCT6, STM32G471MET3, STM32G471MET6, STM32G471MEY6TR, STM32G471QCT6, STM32G471QET3, STM32G471RCT6, STM32G471RET3, STM32G471RET6, STM32G471VCH6, STM32G471VCI6, STM32G471VCT6, STM32G471VEH3, STM32G471VEH6, STM32G471VEI3, STM32G471VEI6, STM32G471VET3, STM32G471VET6, STM32G473QET3Z, STM32G473RET3Z, STM32G474CCT6, STM32G491RET3Z, STM32H503CBT6, STM32H503CBU6, STM32H503EBY6TR, STM32H503KBU6, STM32H503RBT6, STM32H523CCT6, STM32H523CCU6, STM32H523CET6, STM32H523CEU6, STM32H523HEY6TR, STM32H523RCT6, STM32H523RET6, STM32H523VCI6, STM32H523VCT6, STM32H523VEI6, STM32H523VET6, STM32H523ZCJ6, STM32H523ZCT6, STM32H523ZEJ6, STM32H523ZET6, STM32H533CET6, STM32H533CEU6, STM32H533HEY6TR, STM32H533RET6, STM32H533VEI6, STM32H533VET6, STM32H533ZEJ6, STM32H533ZET6, STM32H562AGI6, STM32H562AII6, STM32H562IGK6, STM32H562IGT6, STM32H562IIK6, STM32H562IIT6, STM32H562RGT6, STM32H562RGV6, STM32H562RIT6, STM32H562RIV6, STM32H562VGT6, STM32H562VIT6, STM32H562ZGT6, STM32H562ZIT6, STM32H563AGI6, STM32H563AII3Q, STM32H563AII6, STM32H563IGK6, STM32H563IGT6, STM32H563IIK3Q, STM32H563IIK6, STM32H563IIT3Q, STM32H563IIT6, STM32H563MIY3QTR, STM32H563RGT6, STM32H563RGV6, STM32H563RIT6, STM32H563RIV6, STM32H563VGT6, STM32H563VIT3Q, STM32H563VIT6, STM32H563ZGT6, STM32H563ZIT3Q, STM32H563ZIT6, STM32H573AII3Q, STM32H573AII6, STM32H573I-DK, STM32H573IIK3Q, STM32H573IIK6, STM32H573IIT3Q, STM32H573IIT6, STM32H573MIY3QTR, STM32H573RIT6, STM32H573RIV6, STM32H573VIT3Q, STM32H573VIT6, STM32H573ZIT3Q, STM32H573ZIT6, STM32H7R3A8I6, STM32H7R3I8K6, STM32H7R3I8T6, STM32H7R3L8H6, STM32H7R3L8H6H, STM32H7R3R8V6, STM32H7R3V8H6, STM32H7R3V8T6, STM32H7R3V8Y6TR, STM32H7R3Z8J6, STM32H7R3Z8T6, STM32H7R7A8I6, STM32H7R7I8K6, STM32H7R7I8T6, STM32H7R7L8H6, STM32H7R7L8H6H, STM32H7R7Z8J6, STM32H7S3A8I6, STM32H7S3I8K6, STM32H7S3I8T6, STM32H7S3L8H6, STM32H7S3L8H6H, STM32H7S3R8V6, STM32H7S3V8H6, STM32H7S3V8T6, STM32H7S3V8Y6TR, STM32H7S3Z8J6, STM32H7S3Z8T6, STM32H7S78-DK, STM32H7S7A8I6, STM32H7S7I8K6, STM32H7S7I8T6, STM32H7S7L8H6, STM32H7S7L8H6H, STM32H7S7Z8J6, STM32L4R5QGI6STR, STM32MP131AAE3, STM32MP131AAF3, STM32MP131AAG3, STM32MP131CAE3, STM32MP131CAF3, STM32MP131CAG3, STM32MP131DAE7, STM32MP131DAF7, STM32MP131DAG7, STM32MP131FAE7, STM32MP131FAF7, STM32MP131FAG7, STM32MP133AAE3, STM32MP133AAF3, STM32MP133AAG3, STM32MP133CAE3, STM32MP133CAF3, STM32MP133CAG3, STM32MP133DAE7, STM32MP133DAF7, STM32MP133DAG7, STM32MP133FAE7, STM32MP133FAF7, STM32MP133FAG7, STM32MP135AAE3, STM32MP135AAF3, STM32MP135AAG3, STM32MP135CAE3, STM32MP135CAF3, STM32MP135CAG3, STM32MP135DAE7, STM32MP135DAF7, STM32MP135DAG7, STM32MP135F-DK, STM32MP135FAE7, STM32MP135FAF7, STM32MP135FAF7T, STM32MP135FAF7U, STM32MP135FAG7, STM32MP211AAL3, STM32MP211AAM3, STM32MP211AAN3, STM32MP211AAO3, STM32MP211CAL3, STM32MP211CAM3, STM32MP211CAN3, STM32MP211CAO3, STM32MP211DAL3, STM32MP211DAM3, STM32MP211DAN3, STM32MP211DAO3, STM32MP211FAL3, STM32MP211FAM3, STM32MP211FAN3, STM32MP211FAO3, STM32MP213AAL3, STM32MP213AAM3, STM32MP213AAN3, STM32MP213AAO3, STM32MP213CAL3, STM32MP213CAM3, STM32MP213CAN3, STM32MP213CAO3, STM32MP213DAL3, STM32MP213DAM3, STM32MP213DAN3, STM32MP213DAO3, STM32MP213FAL3, STM32MP213FAM3, STM32MP213FAN3, STM32MP213FAO3, STM32MP215AAL3, STM32MP215AAM3, STM32MP215AAN3, STM32MP215AAO3, STM32MP215CAL3, STM32MP215CAM3, STM32MP215CAN3, STM32MP215CAO3, STM32MP215DAL3, STM32MP215DAM3, STM32MP215DAN3, STM32MP215DAO3, STM32MP215F-DK, STM32MP215FAL3, STM32MP215FAM3, STM32MP215FAN3, STM32MP215FAO3, STM32MP231AAJ3, STM32MP231AAK3, STM32MP231AAL3, STM32MP231CAJ3, STM32MP231CAK3, STM32MP231CAL3, STM32MP231DAJ3, STM32MP231DAK3, STM32MP231DAL3, STM32MP231FAJ3, STM32MP231FAK3, STM32MP231FAL3, STM32MP233AAJ3, STM32MP233AAK3, STM32MP233AAL3, STM32MP233CAJ3, STM32MP233CAK3, STM32MP233CAL3, STM32MP233DAJ3, STM32MP233DAK3, STM32MP233DAL3, STM32MP233FAJ3, STM32MP233FAK3, STM32MP233FAL3, STM32MP235AAJ3, STM32MP235AAK3, STM32MP235AAL3, STM32MP235CAJ3, STM32MP235CAK3, STM32MP235CAL3, STM32MP235DAJ3, STM32MP235DAK3, STM32MP235DAL3, STM32MP235FAJ3, STM32MP235FAK3, STM32MP235FAL3, STM32MP251AAI3, STM32MP251AAK3, STM32MP251AAL3, STM32MP251CAI3, STM32MP251CAK3, STM32MP251CAL3, STM32MP251DAI3, STM32MP251DAK3, STM32MP251DAL3, STM32MP251FAI3, STM32MP251FAK3, STM32MP251FAL3, STM32MP253AAI3, STM32MP253AAK3, STM32MP253AAL3, STM32MP253CAI3, STM32MP253CAK3, STM32MP253CAL3, STM32MP253DAI3, STM32MP253DAK3, STM32MP253DAL3, STM32MP253FAI3, STM32MP253FAK3, STM32MP253FAL3, STM32MP255AAI3, STM32MP255AAK3, STM32MP255AAL3, STM32MP255CAI3, STM32MP255CAK3, STM32MP255CAL3, STM32MP255DAI3, STM32MP255DAK3, STM32MP255DAL3, STM32MP255FAI3, STM32MP255FAK3, STM32MP255FAL3, STM32MP257AAI3, STM32MP257AAK3, STM32MP257AAL3, STM32MP257CAI3, STM32MP257CAK3, STM32MP257CAL3, STM32MP257DAI3, STM32MP257DAK3, STM32MP257DAL3, STM32MP257F-DK, STM32MP257F-EV1, STM32MP257FAI3, STM32MP257FAK3, STM32MP257FAL3, STM32N645A0H3Q, STM32N645B0H3Q, STM32N645I0H3Q, STM32N645L0H3Q, STM32N645X0H3Q, STM32N645Z0H3Q, STM32N647A0H3Q, STM32N647B0H3Q, STM32N647I0H3Q, STM32N647L0H3Q, STM32N647X0H3Q, STM32N647Z0H3Q, STM32N655A0H3Q, STM32N655B0H3Q, STM32N655I0H3Q, STM32N655L0H3Q, STM32N655X0H3Q, STM32N655Z0H3Q, STM32N6570-DK, STM32N657A0H3Q, STM32N657B0H3Q, STM32N657I0H3Q, STM32N657L0H3Q, STM32N657X0H3Q, STM32N657Z0H3Q, STM32U031C6T6, STM32U031C6U6, STM32U031C8T6, STM32U031C8U6, STM32U031F4P6, STM32U031F6P6, STM32U031F8P6, STM32U031G6Y6TR, STM32U031G8Y6TR, STM32U031K4U6, STM32U031K6U6, STM32U031K8U6, STM32U031R6I6, STM32U031R6T6, STM32U031R8I6, STM32U031R8T6, STM32U073C8T6, STM32U073C8U6, STM32U073CBT6, STM32U073CBU6, STM32U073CCT6, STM32U073CCU6, STM32U073H8Y6TR, STM32U073HBY6TR, STM32U073HCY6TR, STM32U073K8U6, STM32U073KBU6, STM32U073KCU6, STM32U073M8I6, STM32U073M8T6, STM32U073MBI6, STM32U073MBT6, STM32U073MCI6, STM32U073MCT6, STM32U073R8I6, STM32U073R8T6, STM32U073RBI6, STM32U073RBT6, STM32U073RCI6, STM32U073RCT6, STM32U083C-DK, STM32U083CCT6, STM32U083CCU6, STM32U083HCY6TR, STM32U083KCU6, STM32U083MCI6, STM32U083MCT6, STM32U083RCI6, STM32U083RCT6, STM32U375CET6, STM32U375CET6Q, STM32U375CEU6, STM32U375CEU6Q, STM32U375CEY6QTR, STM32U375CGT6, STM32U375CGT6Q, STM32U375CGU6, STM32U375CGU6Q, STM32U375CGY6QTR, STM32U375KEU6, STM32U375KGU6, STM32U375REI6, STM32U375REI6Q, STM32U375RET6, STM32U375RET6Q, STM32U375REY6GTR, STM32U375REY6QTR, STM32U375RGI6, STM32U375RGI6Q, STM32U375RGT6, STM32U375RGT6Q, STM32U375RGY6GTR, STM32U375RGY6QTR, STM32U375VEI6, STM32U375VEI6Q, STM32U375VET6, STM32U375VET6Q, STM32U375VGI6, STM32U375VGI6Q, STM32U375VGT6, STM32U375VGT6Q, STM32U385CGT6, STM32U385CGT6Q, STM32U385CGU6, STM32U385CGU6Q, STM32U385CGY6QTR, STM32U385KGU6, STM32U385RGI6, STM32U385RGI6Q, STM32U385RGT6, STM32U385RGT6Q, STM32U385RGY6GTR, STM32U385RGY6QTR, STM32U385VGI6, STM32U385VGI6Q, STM32U385VGT6, STM32U385VGT6Q, STM32U535CBT6, STM32U535CBT6Q, STM32U535CBU6, STM32U535CBU6Q, STM32U535CCT6, STM32U535CCT6Q, STM32U535CCU6, STM32U535CCU6Q, STM32U535CET6, STM32U535CET6Q, STM32U535CEU6, STM32U535CEU6Q, STM32U535JEY6QTR, STM32U535NCY6QTR, STM32U535NEY6QTR, STM32U535RBI6, STM32U535RBI6Q, STM32U535RBT6, STM32U535RBT6Q, STM32U535RCI6, STM32U535RCI6Q, STM32U535RCT6, STM32U535RCT6Q, STM32U535REI6, STM32U535REI6Q, STM32U535RET6, STM32U535RET6Q, STM32U535VCI6, STM32U535VCI6Q, STM32U535VCT6, STM32U535VCT6Q, STM32U535VEI6, STM32U535VEI6Q, STM32U535VET6, STM32U535VET6Q, STM32U545CET6, STM32U545CET6Q, STM32U545CEU6, STM32U545CEU6Q, STM32U545JEY6QTR, STM32U545NEY6QTR, STM32U545REI6, STM32U545REI6Q, STM32U545RET6, STM32U545RET6Q, STM32U545VEI6, STM32U545VEI6Q, STM32U545VET6, STM32U545VET6Q, STM32U595AIH6, STM32U595AIH6Q, STM32U595AJH6, STM32U595AJH6Q, STM32U595QII6, STM32U595QII6Q, STM32U595QJI6, STM32U595QJI6Q, STM32U595RIT6, STM32U595RIT6Q, STM32U595RJT6, STM32U595RJT6Q, STM32U595VIT6, STM32U595VIT6Q, STM32U595VJT6, STM32U595VJT6Q, STM32U595ZIT6, STM32U595ZIT6Q, STM32U595ZIY6QTR, STM32U595ZJT6, STM32U595ZJT6Q, STM32U595ZJY6QTR, STM32U599BJY6QTR, STM32U599NIH6Q, STM32U599NJH6Q, STM32U599VIT6Q, STM32U599VJT6, STM32U599VJT6Q, STM32U599ZIT6Q, STM32U599ZIY6QTR, STM32U599ZJT6Q, STM32U599ZJY6QTR, STM32U5A5AJH6, STM32U5A5AJH6Q, STM32U5A5QII3Q , STM32U5A5QJI6, STM32U5A5QJI6Q, STM32U5A5RJT6, STM32U5A5RJT6Q, STM32U5A5VJT6, STM32U5A5VJT6Q, STM32U5A5ZJT6, STM32U5A5ZJT6Q, STM32U5A5ZJY6QTR, STM32U5A9BJY6QTR, STM32U5A9J-DK, STM32U5A9NJH6Q, STM32U5A9VJT6Q, STM32U5A9ZJT6Q, STM32U5A9ZJY6QTR, STM32U5F7VIT6, STM32U5F7VIT6Q, STM32U5F7VJT6, STM32U5F7VJT6Q, STM32U5F9BJY6QTR, STM32U5F9NJH6Q, STM32U5F9VIT6Q, STM32U5F9VJT6Q, STM32U5F9ZIJ6QTR, STM32U5F9ZIT6Q, STM32U5F9ZJJ6QTR, STM32U5F9ZJT6Q, STM32U5G7VJT6, STM32U5G7VJT6Q, STM32U5G9BJY6QTR, STM32U5G9J-DK1, STM32U5G9J-DK2, STM32U5G9NJH6Q, STM32U5G9VJT6Q, STM32U5G9ZJJ6QTR, STM32U5G9ZJT6Q, STM32WB05KZV6TR, STM32WB05KZV7TR, STM32WB05TZF6TR, STM32WB05TZF7TR, STM32WB06CCF6TR, STM32WB06CCF7TR, STM32WB06CCV6TR, STM32WB06CCV7TR, STM32WB06KCV6TR, STM32WB06KCV7TR, STM32WB07CCF6TR, STM32WB07CCF7TR, STM32WB07CCV6TR, STM32WB07CCV7TR, STM32WB07KCV6TR, STM32WB07KCV7TR, STM32WB09KEV6TR, STM32WB09KEV7TR, STM32WB09TEF6TR, STM32WB09TEF7TR, STM32WB1MMCH6, STM32WBA50KGU6, STM32WBA50KGU6TR, STM32WBA52CEU6, STM32WBA52CEU6TR, STM32WBA52CEU7, STM32WBA52CEU7TR, STM32WBA52CGU6, STM32WBA52CGU6TR, STM32WBA52CGU6U, STM32WBA52CGU7, STM32WBA52CGU7TR, STM32WBA52KEU6, STM32WBA52KEU6TR, STM32WBA52KGU6, STM32WBA52KGU6TR, STM32WBA54CEU6, STM32WBA54CEU6TR, STM32WBA54CEU7, STM32WBA54CEU7TR, STM32WBA54CGU6, STM32WBA54CGU6TR, STM32WBA54CGU7, STM32WBA54CGU7TR, STM32WBA54KEU6, STM32WBA54KEU6TR, STM32WBA54KEU7, STM32WBA54KEU7TR, STM32WBA54KGU6, STM32WBA54KGU6TR, STM32WBA54KGU7, STM32WBA54KGU7TR, STM32WBA55CEU6, STM32WBA55CEU6TR, STM32WBA55CEU7, STM32WBA55CEU7TR, STM32WBA55CGU6, STM32WBA55CGU6TR, STM32WBA55CGU6U, STM32WBA55CGU7, STM32WBA55CGU7TR, STM32WBA55G-DK1, STM32WBA55HEF6, STM32WBA55HEF7, STM32WBA55HGF6, STM32WBA55HGF7, STM32WBA55UEI6, STM32WBA55UEI6TR, STM32WBA55UEI7, STM32WBA55UEI7TR, STM32WBA55UGI6, STM32WBA55UGI6TR, STM32WBA55UGI7, STM32WBA55UGI7TR, STM32WBA5MMGH6TR, STM32WBA62MGF6, STM32WBA62MIF6, STM32WBA65MGF7, STM32WBA65MIF6, STM32WBA65MIF7, STM32WL30K8V6, STM32WL30KBV6, STM32WL31C8V6, STM32WL31CBV6, STM32WL31K8V6, STM32WL31KBV6, STM32WL33C8V6, STM32WL33C8V6X, STM32WL33CBV6, STM32WL33CBV6X, STM32WL33CCV6, STM32WL33CCV6A, STM32WL33CCV6X, STM32WL33K8V7, STM32WL33K8V7X, STM32WL33KBV7 , STM32WL33KBV7X, STM32WL33KCV7, STM32WL33KCV7X, STM32WL5MOCH6, STM32WL5MOCH6TR]
2025-08-14 23:52:28,000 [INFO] DbMcus:218 - Found 4801 MCUs, 4801 are supported
2025-08-14 23:52:28,001 [INFO] ApiDb:423 - Load user favorites file C:\Users\nicks/.stm32cubeide/favorites.mcus.txt: 0 item(s)
2025-08-14 23:52:28,001 [INFO] ApiDb:427 - User favorites MCUs=[]
2025-08-14 23:52:28,001 [INFO] DbMcus:224 - Set 0 / 0 favorites MCUs
2025-08-14 23:52:28,288 [INFO] ApiDb:423 - Load user favorites file C:\Users\nicks/.stm32cubeide/favorites.boards.txt: 0 item(s)
2025-08-14 23:52:28,288 [INFO] ApiDb:427 - User favorites Boards=[]
2025-08-14 23:52:28,288 [INFO] DbBoards:198 - Set 0 / 0 favorites Boards
2025-08-14 23:52:28,335 [INFO] UtilMem:75 - End LoadConfig() Used Memory: 410011240 Bytes (613416960)
2025-08-14 23:52:28,432 [WARN] ThirdParty:833 - waiting for thirdparty lock release [change project]
2025-08-14 23:52:28,432 [INFO] ThirdParty:835 - entering critical section [change project]
2025-08-14 23:52:28,433 [INFO] ThirdParty:1030 - CMSIS Pack Vendor :STMicroelectronics X-CUBE-PM33A1 1.0.0
2025-08-14 23:52:28,433 [INFO] ThirdParty:1030 - CMSIS Pack Vendor :STMicroelectronics USBPD 4.1
2025-08-14 23:52:28,433 [INFO] ThirdParty:1030 - CMSIS Pack Vendor :STMicroelectronics X-CUBE-AZRTOS-H7 3.3.0
2025-08-14 23:52:28,433 [INFO] ThirdParty:1030 - CMSIS Pack Vendor :STMicroelectronics X-CUBE-NFC9 1.0.0
2025-08-14 23:52:28,433 [INFO] ThirdParty:1030 - CMSIS Pack Vendor :STMicroelectronics USB_HOST 2.0.0
2025-08-14 23:52:28,433 [INFO] ThirdParty:1030 - CMSIS Pack Vendor :STMicroelectronics FP-SNS-MOTENVWB1 1.4.0
2025-08-14 23:52:28,433 [INFO] ThirdParty:1030 - CMSIS Pack Vendor :STMicroelectronics X-CUBE-AZRTOS-F4 1.1.0
2025-08-14 23:52:28,433 [INFO] ThirdParty:1030 - CMSIS Pack Vendor :STMicroelectronics LIBJPEG 8.0.0
2025-08-14 23:52:28,433 [INFO] ThirdParty:1030 - CMSIS Pack Vendor :STMicroelectronics FP-ATR-ASTRA1 2.0.2
2025-08-14 23:52:28,433 [INFO] ThirdParty:1030 - CMSIS Pack Vendor :STMicroelectronics FP-ATR-ASTRA1 2.0.1
2025-08-14 23:52:28,433 [INFO] ThirdParty:1030 - CMSIS Pack Vendor :STMicroelectronics X-CUBE-BLE1 7.1.0
2025-08-14 23:52:28,433 [INFO] ThirdParty:1030 - CMSIS Pack Vendor :Avnet-IotConnect X-CUBE-IoTC-DA16k-PMOD 1.0.0
2025-08-14 23:52:28,433 [INFO] ThirdParty:1030 - CMSIS Pack Vendor :STMicroelectronics X-CUBE-SMBUS 2.1.0
2025-08-14 23:52:28,433 [INFO] ThirdParty:1030 - CMSIS Pack Vendor :STMicroelectronics X-CUBE-WB05N 1.1.0
2025-08-14 23:52:28,433 [INFO] ThirdParty:1030 - CMSIS Pack Vendor :wolfSSL I-CUBE-wolfMQTT 1.19.2
2025-08-14 23:52:28,433 [INFO] ThirdParty:1030 - CMSIS Pack Vendor :STMicroelectronics USB_DEVICE 3.0.0
2025-08-14 23:52:28,433 [INFO] ThirdParty:1030 - CMSIS Pack Vendor :STMicroelectronics X-CUBE-ISPU 2.1.0
2025-08-14 23:52:28,433 [INFO] ThirdParty:1030 - CMSIS Pack Vendor :STMicroelectronics X-CUBE-EEPRMA1 5.2.0
2025-08-14 23:52:28,433 [INFO] ThirdParty:1030 - CMSIS Pack Vendor :STMicroelectronics X-CUBE-BLEMGR 4.1.0
2025-08-14 23:52:28,433 [INFO] ThirdParty:1030 - CMSIS Pack Vendor :STMicroelectronics X-CUBE-AZRTOS-WB 2.0.0
2025-08-14 23:52:28,433 [INFO] ThirdParty:1030 - CMSIS Pack Vendor :STMicroelectronics X-CUBE-ST60 1.0.0
2025-08-14 23:52:28,433 [INFO] ThirdParty:1030 - CMSIS Pack Vendor :STMicroelectronics X-CUBE-GNSS1 7.0.1
2025-08-14 23:52:28,433 [INFO] ThirdParty:1030 - CMSIS Pack Vendor :STMicroelectronics X-CUBE-NFC12 1.0.0
2025-08-14 23:52:28,433 [INFO] ThirdParty:1030 - CMSIS Pack Vendor :STMicroelectronics X-CUBE-AZRTOS-F7 1.1.0
2025-08-14 23:52:28,433 [INFO] ThirdParty:1030 - CMSIS Pack Vendor :STMicroelectronics X-CUBE-AZRTOS-L5 2.0.0
2025-08-14 23:52:28,433 [INFO] ThirdParty:1030 - CMSIS Pack Vendor :STMicroelectronics X-CUBE-TOUCHGFX 4.25.0
2025-08-14 23:52:28,433 [INFO] ThirdParty:1030 - CMSIS Pack Vendor :STMicroelectronics USB_DEVICE 2.0.0
2025-08-14 23:52:28,433 [INFO] ThirdParty:1030 - CMSIS Pack Vendor :STMicroelectronics X-CUBE-NFC6 3.1.0
2025-08-14 23:52:28,433 [INFO] ThirdParty:1030 - CMSIS Pack Vendor :STMicroelectronics X-CUBE-AI 10.1.0
2025-08-14 23:52:28,433 [INFO] ThirdParty:1030 - CMSIS Pack Vendor :STMicroelectronics FP-SNS-STBOX1 2.0.0
2025-08-14 23:52:28,433 [INFO] ThirdParty:1030 - CMSIS Pack Vendor :STMicroelectronics X-CUBE-MEMS1 11.2.0
2025-08-14 23:52:28,433 [INFO] ThirdParty:1030 - CMSIS Pack Vendor :STMicroelectronics FreeRTOS 0.0.1
2025-08-14 23:52:28,433 [INFO] ThirdParty:1030 - CMSIS Pack Vendor :STMicroelectronics X-CUBE-AZRTOS-G0 1.1.0
2025-08-14 23:52:28,433 [INFO] ThirdParty:1030 - CMSIS Pack Vendor :STMicroelectronics X-CUBE-SAFEA1 1.2.2
2025-08-14 23:52:28,433 [INFO] ThirdParty:1030 - CMSIS Pack Vendor :STMicroelectronics X-CUBE-NFC4 3.0.0
2025-08-14 23:52:28,433 [INFO] ThirdParty:1030 - CMSIS Pack Vendor :STMicroelectronics X-CUBE-SUBG2 5.0.0
2025-08-14 23:52:28,433 [INFO] ThirdParty:1030 - CMSIS Pack Vendor :STMicroelectronics X-CUBE-AZRTOS-H7RS 1.1.0
2025-08-14 23:52:28,433 [INFO] ThirdParty:1030 - CMSIS Pack Vendor :STMicroelectronics STM32_WPAN 1.0.0
2025-08-14 23:52:28,433 [INFO] ThirdParty:1030 - CMSIS Pack Vendor :EmbeddedOffice I-CUBE-FS-RTOS 1.0.1
2025-08-14 23:52:28,433 [INFO] ThirdParty:1030 - CMSIS Pack Vendor :STMicroelectronics lwIP 2.0.3
2025-08-14 23:52:28,433 [INFO] ThirdParty:1030 - CMSIS Pack Vendor :STMicroelectronics FP-SNS-FLIGHT1 5.0.2
2025-08-14 23:52:28,433 [INFO] ThirdParty:1030 - CMSIS Pack Vendor :Cesanta I-CUBE-Mongoose 7.13.0
2025-08-14 23:52:28,433 [INFO] ThirdParty:1030 - CMSIS Pack Vendor :STMicroelectronics USB_HOST 1.0.0
2025-08-14 23:52:28,434 [INFO] ThirdParty:1030 - CMSIS Pack Vendor :Infineon AIROC-Wi-Fi-Bluetooth-STM32 1.7.0
2025-08-14 23:52:28,434 [INFO] ThirdParty:1030 - CMSIS Pack Vendor :STMicroelectronics X-CUBE-AZRTOS-G4 2.0.0
2025-08-14 23:52:28,434 [INFO] ThirdParty:1030 - CMSIS Pack Vendor :STMicroelectronics X-CUBE-WB05N 2.0.0
2025-08-14 23:52:28,434 [INFO] ThirdParty:1030 - CMSIS Pack Vendor :STMicroelectronics PDM2PCM 3.1.0
2025-08-14 23:52:28,434 [INFO] ThirdParty:1030 - CMSIS Pack Vendor :STMicroelectronics PDM2PCM 3.3.0
2025-08-14 23:52:28,434 [INFO] ThirdParty:1030 - CMSIS Pack Vendor :wolfSSL I-CUBE-wolfTPM 3.8.0
2025-08-14 23:52:28,434 [INFO] ThirdParty:1030 - CMSIS Pack Vendor :STMicroelectronics X-CUBE-AZRTOS-H7 3.4.0
2025-08-14 23:52:28,434 [INFO] ThirdParty:1030 - CMSIS Pack Vendor :STMicroelectronics X-CUBE-DISPLAY 3.0.0
2025-08-14 23:52:28,434 [INFO] ThirdParty:1030 - CMSIS Pack Vendor :wolfSSL I-CUBE-wolfSSH 1.4.20
2025-08-14 23:52:28,434 [INFO] ThirdParty:1030 - CMSIS Pack Vendor :STMicroelectronics X-CUBE-NFC7 2.0.0
2025-08-14 23:52:28,434 [INFO] ThirdParty:1030 - CMSIS Pack Vendor :STMicroelectronics X-CUBE-TCPP 4.2.0
2025-08-14 23:52:28,434 [INFO] ThirdParty:1030 - CMSIS Pack Vendor :RealThread X-CUBE-RT-Thread_Nano 4.1.1
2025-08-14 23:52:28,434 [INFO] ThirdParty:1030 - CMSIS Pack Vendor :STMicroelectronics FP-ATR-SIGFOX1 3.2.0
2025-08-14 23:52:28,434 [INFO] ThirdParty:1030 - CMSIS Pack Vendor :STMicroelectronics X-CUBE-NFC10 1.0.0
2025-08-14 23:52:28,434 [INFO] ThirdParty:1030 - CMSIS Pack Vendor :STMicroelectronics X-CUBE-BLEMGR 4.0.0
2025-08-14 23:52:28,434 [INFO] ThirdParty:1030 - CMSIS Pack Vendor :STMicroelectronics X-CUBE-EEPRMA1 5.1.0
2025-08-14 23:52:28,434 [INFO] ThirdParty:1030 - CMSIS Pack Vendor :STMicroelectronics X-CUBE-FREERTOS 1.3.1
2025-08-14 23:52:28,434 [INFO] ThirdParty:1030 - CMSIS Pack Vendor :STMicroelectronics HAL Drivers 0.0.0
2025-08-14 23:52:28,434 [INFO] ThirdParty:1030 - CMSIS Pack Vendor :STMicroelectronics MBEDTLS 2.16.2
2025-08-14 23:52:28,434 [INFO] ThirdParty:1030 - CMSIS Pack Vendor :STMicroelectronics X-CUBE-IPS 3.1.0
2025-08-14 23:52:28,434 [INFO] ThirdParty:1030 - CMSIS Pack Vendor :STMicroelectronics X-CUBE-ALS 1.0.2
2025-08-14 23:52:28,434 [INFO] ThirdParty:1030 - CMSIS Pack Vendor :emotas I-CUBE-CANOPEN 1.3.0
2025-08-14 23:52:28,434 [INFO] ThirdParty:1030 - CMSIS Pack Vendor :STMicroelectronics X-CUBE-FREERTOS 1.3.0
2025-08-14 23:52:28,434 [INFO] ThirdParty:1030 - CMSIS Pack Vendor :STMicroelectronics X-CUBE-NFC7 1.0.1
2025-08-14 23:52:28,434 [INFO] ThirdParty:1030 - CMSIS Pack Vendor :STMicroelectronics MBEDTLS 2.14.1
2025-08-14 23:52:28,434 [INFO] ThirdParty:1030 - CMSIS Pack Vendor :wolfSSL I-CUBE-wolfSSL 5.7.6
2025-08-14 23:52:28,434 [INFO] ThirdParty:1030 - CMSIS Pack Vendor :ITTIA_DB I-CUBE-ITTIADB 8.9.0
2025-08-14 23:52:28,434 [INFO] ThirdParty:1030 - CMSIS Pack Vendor :portGmbH I-Cube-SoM-uGOAL 1.1.0
2025-08-14 23:52:28,434 [INFO] ThirdParty:1030 - CMSIS Pack Vendor :quantropi X-CUBE-qispace-sdk-base 2.0.0
2025-08-14 23:52:28,434 [INFO] ThirdParty:1030 - CMSIS Pack Vendor :STMicroelectronics X-CUBE-AI 10.0.0
2025-08-14 23:52:28,434 [INFO] ThirdParty:1030 - CMSIS Pack Vendor :STMicroelectronics X-CUBE-ST67W61 1.0.0
2025-08-14 23:52:28,434 [INFO] ThirdParty:1030 - CMSIS Pack Vendor :STMicroelectronics FP-SNS-STBOX1 2.1.0
2025-08-14 23:52:28,434 [INFO] ThirdParty:1030 - CMSIS Pack Vendor :STMicroelectronics X-CUBE-AI 10.2.0
2025-08-14 23:52:28,434 [INFO] ThirdParty:1030 - CMSIS Pack Vendor :STMicroelectronics FP-SNS-STAIOTCFT 1.0.0
2025-08-14 23:52:28,434 [INFO] ThirdParty:1030 - CMSIS Pack Vendor :STMicroelectronics ThreadX 1.0.0
2025-08-14 23:52:28,434 [INFO] ThirdParty:1030 - CMSIS Pack Vendor :STMicroelectronics FP-SNS-SMARTAG2 1.2.0
2025-08-14 23:52:28,434 [INFO] ThirdParty:1030 - CMSIS Pack Vendor :STMicroelectronics FP-SNS-FLIGHT1 5.1.0
2025-08-14 23:52:28,435 [INFO] ThirdParty:1030 - CMSIS Pack Vendor :STMicroelectronics X-CUBE-AZRTOS-WL 2.0.0
2025-08-14 23:52:28,435 [INFO] ThirdParty:1030 - CMSIS Pack Vendor :SEGGER I-CUBE-embOS 1.3.1
2025-08-14 23:52:28,435 [INFO] ThirdParty:1030 - CMSIS Pack Vendor :STMicroelectronics X-CUBE-ALGOBUILD 1.4.0
2025-08-14 23:52:28,435 [INFO] ThirdParty:1030 - CMSIS Pack Vendor :STMicroelectronics X-CUBE-DPower 1.3.0
2025-08-14 23:52:28,435 [INFO] ThirdParty:1030 - CMSIS Pack Vendor :STMicroelectronics X-CUBE-MEMS1 11.3.0
2025-08-14 23:52:28,435 [INFO] ThirdParty:1030 - CMSIS Pack Vendor :STMicroelectronics FP-SNS-MOTENV1 5.0.0
2025-08-14 23:52:28,435 [INFO] ThirdParty:1030 - CMSIS Pack Vendor :STMicroelectronics USB_DEVICE 1.0.0
2025-08-14 23:52:28,435 [INFO] ThirdParty:1030 - CMSIS Pack Vendor :STMicroelectronics X-CUBE-AZRTOS-L4 2.0.0
2025-08-14 23:52:28,435 [INFO] ThirdParty:1030 - CMSIS Pack Vendor :STMicroelectronics ThreadX 0.0.2
2025-08-14 23:52:28,435 [INFO] ThirdParty:1030 - CMSIS Pack Vendor :WES I-CUBE-Cesium 1.3.0
2025-08-14 23:52:28,435 [INFO] ThirdParty:1030 - CMSIS Pack Vendor :STMicroelectronics lwIP 2.1.2
2025-08-14 23:52:28,435 [INFO] ThirdParty:1030 - CMSIS Pack Vendor :STMicroelectronics X-CUBE-SFXS2LP1 4.0.0
2025-08-14 23:52:28,435 [INFO] ThirdParty:1030 - CMSIS Pack Vendor :STMicroelectronics X-CUBE-BLE2 3.3.0
2025-08-14 23:52:28,435 [INFO] ThirdParty:1030 - CMSIS Pack Vendor :STMicroelectronics X-CUBE-TOF1 3.4.3
2025-08-14 23:52:28,435 [INFO] ThirdParty:1030 - CMSIS Pack Vendor :STMicroelectronics PDM2PCM 3.2.0
2025-08-14 23:52:28,435 [INFO] ThirdParty:841 - exiting critical section [change project]
2025-08-14 23:52:29,058 [INFO] PinOutPanel:1589 - setPackage(No Configuration,No Configuration)
2025-08-14 23:52:29,059 [INFO] PinOutPanel:1589 - setPackage(STM32H755ZITx,LQFP144)
2025-08-14 23:52:29,569 [INFO] UtilMem:75 - Before build in PCC Used Memory: 342884352 Bytes (613416960)
2025-08-14 23:52:30,097 [INFO] UtilMem:75 - After build in PCC Used Memory: 501219328 Bytes (613416960)
2025-08-14 23:52:30,110 [INFO] ApiDbMcu:532 - Load IP Config File for FREERTOS_M4
2025-08-14 23:52:30,115 [INFO] ApiDbMcu:532 - Load IP Config File for FREERTOS_M7
2025-08-14 23:52:30,155 [INFO] IPUIPlugin:80 - create IPUIPlugin
2025-08-14 23:52:30,155 [INFO] IPUIPlugin:80 - create IPUIPlugin
2025-08-14 23:52:30,155 [INFO] IPUIPlugin:80 - create IPUIPlugin
2025-08-14 23:52:30,155 [INFO] IPUIPlugin:80 - create IPUIPlugin
2025-08-14 23:52:30,155 [INFO] IPUIPlugin:80 - create IPUIPlugin
2025-08-14 23:52:30,155 [INFO] IPUIPlugin:80 - create IPUIPlugin
2025-08-14 23:52:30,155 [INFO] IPUIPlugin:80 - create IPUIPlugin
2025-08-14 23:52:30,155 [INFO] IPUIPlugin:80 - create IPUIPlugin
2025-08-14 23:52:30,155 [INFO] IPUIPlugin:80 - create IPUIPlugin
2025-08-14 23:52:30,155 [INFO] IPUIPlugin:80 - create IPUIPlugin
2025-08-14 23:52:30,156 [INFO] IPUIPlugin:80 - create IPUIPlugin
2025-08-14 23:52:30,156 [INFO] IPUIPlugin:80 - create IPUIPlugin
2025-08-14 23:52:30,156 [INFO] IPUIPlugin:80 - create IPUIPlugin
2025-08-14 23:52:30,156 [INFO] IPUIPlugin:80 - create IPUIPlugin
2025-08-14 23:52:30,156 [INFO] IPUIPlugin:80 - create IPUIPlugin
2025-08-14 23:52:30,156 [INFO] IPUIPlugin:80 - create IPUIPlugin
2025-08-14 23:52:30,156 [INFO] IPUIPlugin:80 - create IPUIPlugin
2025-08-14 23:52:30,156 [INFO] IPUIPlugin:80 - create IPUIPlugin
2025-08-14 23:52:30,156 [INFO] IPUIPlugin:80 - create IPUIPlugin
2025-08-14 23:52:30,156 [INFO] IPUIPlugin:80 - create IPUIPlugin
2025-08-14 23:52:30,156 [INFO] IPUIPlugin:80 - create IPUIPlugin
2025-08-14 23:52:30,156 [INFO] IPUIPlugin:80 - create IPUIPlugin
2025-08-14 23:52:30,156 [INFO] IPUIPlugin:80 - create IPUIPlugin
2025-08-14 23:52:30,156 [INFO] IPUIPlugin:80 - create IPUIPlugin
2025-08-14 23:52:30,156 [INFO] IPUIPlugin:80 - create IPUIPlugin
2025-08-14 23:52:30,157 [INFO] IPUIPlugin:80 - create IPUIPlugin
2025-08-14 23:52:30,157 [INFO] IPUIPlugin:80 - create IPUIPlugin
2025-08-14 23:52:30,157 [INFO] IPUIPlugin:80 - create IPUIPlugin
2025-08-14 23:52:30,157 [INFO] IPUIPlugin:80 - create IPUIPlugin
2025-08-14 23:52:30,157 [INFO] IPUIPlugin:80 - create IPUIPlugin
2025-08-14 23:52:30,157 [INFO] IPUIPlugin:80 - create IPUIPlugin
2025-08-14 23:52:30,157 [INFO] IPUIPlugin:80 - create IPUIPlugin
2025-08-14 23:52:30,157 [INFO] IPUIPlugin:80 - create IPUIPlugin
2025-08-14 23:52:30,157 [INFO] IPUIPlugin:80 - create IPUIPlugin
2025-08-14 23:52:30,157 [INFO] IPUIPlugin:80 - create IPUIPlugin
2025-08-14 23:52:30,157 [INFO] IPUIPlugin:80 - create IPUIPlugin
2025-08-14 23:52:30,158 [INFO] IPUIPlugin:80 - create IPUIPlugin
2025-08-14 23:52:30,158 [INFO] IPUIPlugin:80 - create IPUIPlugin
2025-08-14 23:52:30,158 [INFO] IPUIPlugin:80 - create IPUIPlugin
2025-08-14 23:52:30,158 [INFO] IPUIPlugin:80 - create IPUIPlugin
2025-08-14 23:52:30,158 [INFO] IPUIPlugin:80 - create IPUIPlugin
2025-08-14 23:52:30,158 [INFO] IPUIPlugin:80 - create IPUIPlugin
2025-08-14 23:52:30,158 [INFO] IPUIPlugin:80 - create IPUIPlugin
2025-08-14 23:52:30,159 [INFO] IPUIPlugin:80 - create IPUIPlugin
2025-08-14 23:52:30,159 [INFO] IPUIPlugin:80 - create IPUIPlugin
2025-08-14 23:52:30,159 [INFO] IPUIPlugin:80 - create IPUIPlugin
2025-08-14 23:52:30,159 [INFO] IPUIPlugin:80 - create IPUIPlugin
2025-08-14 23:52:30,159 [INFO] IPUIPlugin:80 - create IPUIPlugin
2025-08-14 23:52:30,159 [INFO] IPUIPlugin:80 - create IPUIPlugin
2025-08-14 23:52:30,159 [INFO] IPUIPlugin:80 - create IPUIPlugin
2025-08-14 23:52:30,159 [INFO] IPUIPlugin:80 - create IPUIPlugin
2025-08-14 23:52:30,160 [INFO] IPUIPlugin:80 - create IPUIPlugin
2025-08-14 23:52:30,160 [INFO] IPUIPlugin:80 - create IPUIPlugin
2025-08-14 23:52:30,160 [INFO] IPUIPlugin:80 - create IPUIPlugin
2025-08-14 23:52:30,160 [INFO] IPUIPlugin:80 - create IPUIPlugin
2025-08-14 23:52:30,160 [INFO] IPUIPlugin:80 - create IPUIPlugin
2025-08-14 23:52:30,160 [INFO] IPUIPlugin:80 - create IPUIPlugin
2025-08-14 23:52:30,161 [INFO] IPUIPlugin:80 - create IPUIPlugin
2025-08-14 23:52:30,161 [INFO] IPUIPlugin:80 - create IPUIPlugin
2025-08-14 23:52:30,161 [INFO] IPUIPlugin:80 - create IPUIPlugin
2025-08-14 23:52:30,161 [INFO] IPUIPlugin:80 - create IPUIPlugin
2025-08-14 23:52:30,161 [INFO] IPUIPlugin:80 - create IPUIPlugin
2025-08-14 23:52:30,161 [INFO] IPUIPlugin:80 - create IPUIPlugin
2025-08-14 23:52:30,162 [INFO] IPUIPlugin:80 - create IPUIPlugin
2025-08-14 23:52:30,162 [INFO] IPUIPlugin:80 - create IPUIPlugin
2025-08-14 23:52:30,162 [INFO] IPUIPlugin:80 - create IPUIPlugin
2025-08-14 23:52:30,162 [INFO] IPUIPlugin:80 - create IPUIPlugin
2025-08-14 23:52:30,162 [INFO] IPUIPlugin:80 - create IPUIPlugin
2025-08-14 23:52:30,162 [INFO] IPUIPlugin:80 - create IPUIPlugin
2025-08-14 23:52:30,163 [INFO] IPUIPlugin:80 - create IPUIPlugin
2025-08-14 23:52:30,163 [INFO] IPUIPlugin:80 - create IPUIPlugin
2025-08-14 23:52:30,163 [INFO] IPUIPlugin:80 - create IPUIPlugin
2025-08-14 23:52:30,163 [INFO] IPUIPlugin:80 - create IPUIPlugin
2025-08-14 23:52:30,163 [INFO] IPUIPlugin:80 - create IPUIPlugin
2025-08-14 23:52:30,164 [INFO] IPUIPlugin:80 - create IPUIPlugin
2025-08-14 23:52:30,164 [INFO] IPUIPlugin:80 - create IPUIPlugin
2025-08-14 23:52:30,164 [INFO] IPUIPlugin:80 - create IPUIPlugin
2025-08-14 23:52:30,164 [INFO] IPUIPlugin:80 - create IPUIPlugin
2025-08-14 23:52:30,164 [INFO] IPUIPlugin:80 - create IPUIPlugin
2025-08-14 23:52:30,164 [INFO] IPUIPlugin:80 - create IPUIPlugin
2025-08-14 23:52:30,165 [INFO] IPUIPlugin:80 - create IPUIPlugin
2025-08-14 23:52:30,165 [INFO] IPUIPlugin:80 - create IPUIPlugin
2025-08-14 23:52:30,165 [INFO] IPUIPlugin:80 - create IPUIPlugin
2025-08-14 23:52:30,165 [INFO] IPUIPlugin:80 - create IPUIPlugin
2025-08-14 23:52:30,166 [INFO] IPUIPlugin:80 - create IPUIPlugin
2025-08-14 23:52:30,166 [INFO] IPUIPlugin:80 - create IPUIPlugin
2025-08-14 23:52:30,166 [INFO] IPUIPlugin:80 - create IPUIPlugin
2025-08-14 23:52:30,166 [INFO] IPUIPlugin:80 - create IPUIPlugin
2025-08-14 23:52:30,166 [INFO] IPUIPlugin:80 - create IPUIPlugin
2025-08-14 23:52:30,167 [INFO] IPUIPlugin:80 - create IPUIPlugin
2025-08-14 23:52:30,167 [INFO] IPUIPlugin:80 - create IPUIPlugin
2025-08-14 23:52:30,167 [INFO] IPUIPlugin:80 - create IPUIPlugin
2025-08-14 23:52:30,167 [INFO] IPUIPlugin:80 - create IPUIPlugin
2025-08-14 23:52:30,167 [INFO] IPUIPlugin:80 - create IPUIPlugin
2025-08-14 23:52:30,168 [INFO] IPUIPlugin:80 - create IPUIPlugin
2025-08-14 23:52:30,168 [INFO] IPUIPlugin:80 - create IPUIPlugin
2025-08-14 23:52:30,168 [INFO] IPUIPlugin:80 - create IPUIPlugin
2025-08-14 23:52:30,168 [INFO] IPUIPlugin:80 - create IPUIPlugin
2025-08-14 23:52:30,169 [INFO] IPUIPlugin:80 - create IPUIPlugin
2025-08-14 23:52:30,169 [INFO] IPUIPlugin:80 - create IPUIPlugin
2025-08-14 23:52:30,169 [INFO] IPUIPlugin:80 - create IPUIPlugin
2025-08-14 23:52:30,169 [INFO] IPUIPlugin:80 - create IPUIPlugin
2025-08-14 23:52:30,170 [INFO] IPUIPlugin:80 - create IPUIPlugin
2025-08-14 23:52:30,170 [INFO] IPUIPlugin:80 - create IPUIPlugin
2025-08-14 23:52:30,171 [INFO] IPUIPlugin:80 - create IPUIPlugin
2025-08-14 23:52:30,171 [INFO] IPUIPlugin:80 - create IPUIPlugin
2025-08-14 23:52:30,171 [INFO] IPUIPlugin:80 - create IPUIPlugin
2025-08-14 23:52:30,172 [INFO] IPUIPlugin:80 - create IPUIPlugin
2025-08-14 23:52:30,172 [INFO] IPUIPlugin:80 - create IPUIPlugin
2025-08-14 23:52:30,173 [INFO] IPUIPlugin:80 - create IPUIPlugin
2025-08-14 23:52:30,173 [INFO] IPUIPlugin:80 - create IPUIPlugin
2025-08-14 23:52:30,173 [INFO] IPUIPlugin:80 - create IPUIPlugin
2025-08-14 23:52:30,173 [INFO] IPUIPlugin:80 - create IPUIPlugin
2025-08-14 23:52:30,174 [INFO] IPUIPlugin:80 - create IPUIPlugin
2025-08-14 23:52:30,180 [INFO] ApiDbMcu:532 - Load IP Config File for PDM2PCM_M7
2025-08-14 23:52:30,183 [INFO] ApiDbMcu:532 - Load IP Config File for PDM2PCM_M4
2025-08-14 23:52:30,211 [WARN] FreeRTOS:1023 - Null or empty value: should not occur! (nothing added to the table)
2025-08-14 23:52:30,223 [WARN] FreeRTOS:1023 - Null or empty value: should not occur! (nothing added to the table)
2025-08-14 23:52:30,346 [INFO] CADModel:165 - CPN selected for project levelSTM32H755ZIT6
2025-08-14 23:52:30,346 [INFO] CADModel:114 - Register for checkConnection events
2025-08-14 23:52:30,348 [INFO] RtosManager:728 - Active RTOS found at IOC load: FREERTOS_M7 [CortexM7]
2025-08-14 23:52:30,354 [INFO] RtosManager:728 - Active RTOS found at IOC load: FREERTOS_M4 [CortexM4]
2025-08-14 23:52:30,399 [INFO] OpenFileManager:386 - Restore cursor
2025-08-14 23:52:30,639 [INFO] ProjectChoiceTab:902 - Analytics plugin initialized for: CortexM4 Enable multi-threaded support
2025-08-14 23:52:30,691 [INFO] ProjectChoiceTab:962 - Analytics plugin initialized for: CortexM7 Enable multi-threaded support
2025-08-14 23:52:32,262 [INFO] LogOutputStream:77 - [STDOUT_REDIRECT] 
2025-08-14 23:52:33,723 [INFO] McuFinderGlobals:63 - Set McuFinder mode to 2 (CubeIDE integrated)
2025-08-14 23:52:33,724 [INFO] UserAuth:487 - Internet connection configuration mode: 1
2025-08-14 23:52:33,736 [INFO] JxBrowserEngine:152 - Initiate JxBrowser Engine with user profile folder
2025-08-14 23:52:34,754 [INFO] WebApp:169 - Instantiating new browser for Auth
2025-08-14 23:52:35,190 [INFO] WebApp:463 - Apply proxy settings
2025-08-14 23:52:35,190 [INFO] WebApp:548 - Chromium requires no authentication
2025-08-14 23:52:35,196 [INFO] WebApp:491 - Direct internet connection detected
2025-08-14 23:52:35,216 [INFO] WebApp:900 - Register for checkConnection events
2025-08-14 23:52:35,216 [INFO] WebApp:463 - Apply proxy settings
2025-08-14 23:52:35,216 [INFO] WebApp:548 - Chromium requires no authentication
2025-08-14 23:52:35,216 [INFO] WebApp:491 - Direct internet connection detected
2025-08-14 23:52:35,326 [INFO] WebApp:225 - Starting web application
2025-08-14 23:52:35,326 [INFO] WebApp:593 - Web application path used C:\ST\STM32CubeIDE_1.19.0\STM32CubeIDE\plugins\com.st.stm32cube.common.mx_6.15.0.202507011659\db\plugins\mcufinder\reactClient1\index.html
2025-08-14 23:52:35,424 [INFO] UserAuth:487 - Internet connection configuration mode: 1
2025-08-14 23:52:35,640 [INFO] WebApp:191 - Connection restablished
2025-08-14 23:55:16,704 [INFO] I2cTimingTraitement:330 - 0x109090D9
2025-08-14 23:56:37,978 [INFO] Gpio:278 - dependency for GPIO [ADC1, ADC3, I2C2, TIM1, UART4, UART5, USART2]
2025-08-14 23:56:53,664 [INFO] UtilMem:75 - End SaveConfig() Used Memory: 834316232 Bytes (1073741824)
2025-08-14 23:56:55,508 [ERROR] IocParser:95 - Exception caught: Cannot invoke "java.lang.CharSequence.length()" because "this.text" is null
2025-08-14 23:56:55,574 [INFO] BlockDiagram:2775 - set Specific Code input for plugin: FREERTOS
2025-08-14 23:56:55,574 [INFO] BlockDiagram:2775 - set Specific Code input for plugin: FREERTOS
2025-08-14 23:56:55,574 [INFO] BlockDiagram:2775 - set Specific Code input for plugin: RCC
2025-08-14 23:56:55,574 [INFO] BlockDiagram:2775 - set Specific Code input for plugin: I2C
2025-08-14 23:56:55,574 [INFO] BlockDiagram:2775 - set Specific Code input for plugin: USART
2025-08-14 23:56:55,574 [INFO] BlockDiagram:2775 - set Specific Code input for plugin: MEMORYMAP
2025-08-14 23:56:55,574 [INFO] BlockDiagram:2775 - set Specific Code input for plugin: TIM1_8H7
2025-08-14 23:56:55,575 [INFO] BlockDiagram:2775 - set Specific Code input for plugin: SYS
2025-08-14 23:56:55,575 [INFO] BlockDiagram:2775 - set Specific Code input for plugin: ADC
2025-08-14 23:56:55,575 [INFO] BlockDiagram:2775 - set Specific Code input for plugin: ADC
2025-08-14 23:56:55,575 [INFO] BlockDiagram:2775 - set Specific Code input for plugin: NVIC2
2025-08-14 23:56:55,575 [INFO] BlockDiagram:2775 - set Specific Code input for plugin: UART
2025-08-14 23:56:55,575 [INFO] BlockDiagram:2775 - set Specific Code input for plugin: UART
2025-08-14 23:56:55,575 [INFO] BlockDiagram:2775 - set Specific Code input for plugin: GPIO
2025-08-14 23:56:55,575 [INFO] BlockDiagram:2775 - set Specific Code input for plugin: SYS_M4
2025-08-14 23:56:55,575 [INFO] BlockDiagram:2775 - set Specific Code input for plugin: NUCLEO-H755ZI-Q
2025-08-14 23:56:55,576 [INFO] BlockDiagram:2775 - set Specific Code input for plugin: NVIC1
2025-08-14 23:56:55,577 [INFO] CodeGenerator:892 - code generatio: config db path: C:\ST\STM32CubeIDE_1.19.0\STM32CubeIDE\plugins\com.st.stm32cube.common.mx_6.15.0.202507011659\\db\
2025-08-14 23:56:55,664 [ERROR] CodeGenerator:10662 - The current RTOS owner has not been found in the list of IPs
2025-08-14 23:56:55,665 [ERROR] CodeGenerator:10662 - The current RTOS owner has not been found in the list of IPs
2025-08-14 23:56:55,666 [INFO] CodeGenerator:1619 - *******************Project context M7 selected
2025-08-14 23:56:55,779 [INFO] CodeEngine:265 - oldGeneratedFile, C:\Users\nicks\STM32CubeIDE\workspace_1.19.0\AFR\AFR\MXTmpFiles\license.tmp_save
2025-08-14 23:56:56,013 [INFO] CodeEngine:289 - Generated code: C:\Users\nicks\STM32CubeIDE\workspace_1.19.0\AFR\AFR\MXTmpFiles\license.tmp
2025-08-14 23:56:56,103 [INFO] CodeEngine:265 - oldGeneratedFile, C:\Users\nicks\STM32CubeIDE\workspace_1.19.0\AFR\AFR\CM7\MXTmpFiles\gpio.tmp_save
2025-08-14 23:56:56,202 [INFO] CodeEngine:289 - Generated code: C:\Users\nicks\STM32CubeIDE\workspace_1.19.0\AFR\AFR\CM7\MXTmpFiles\gpio.tmp
2025-08-14 23:56:56,454 [WARN] IPConfigManager:103 - WARNING: Missing Config File for MEMORYMAP ip!!
2025-08-14 23:56:56,550 [WARN] IPConfigManager:103 - WARNING: Missing Config File for NVIC1 ip!!
2025-08-14 23:56:56,730 [ERROR] CodeGenerator:10662 - The current RTOS owner has not been found in the list of IPs
2025-08-14 23:56:56,738 [INFO] CodeEngine:265 - oldGeneratedFile, C:\Users\nicks\STM32CubeIDE\workspace_1.19.0\AFR\AFR\CM7\MXTmpFiles\cortex.tmp_save
2025-08-14 23:56:56,796 [INFO] CodeEngine:289 - Generated code: C:\Users\nicks\STM32CubeIDE\workspace_1.19.0\AFR\AFR\CM7\MXTmpFiles\cortex.tmp
2025-08-14 23:56:56,821 [INFO] Middleware:1452 - No code input for Bsp Dependency
2025-08-14 23:56:56,828 [INFO] CodeEngine:265 - oldGeneratedFile, C:\Users\nicks\STM32CubeIDE\workspace_1.19.0\AFR\AFR\CM7\MXTmpFiles\rtos_inc.tmp_save
2025-08-14 23:56:56,870 [INFO] CodeEngine:289 - Generated code: C:\Users\nicks\STM32CubeIDE\workspace_1.19.0\AFR\AFR\CM7\MXTmpFiles\rtos_inc.tmp
2025-08-14 23:56:56,874 [INFO] CodeEngine:265 - oldGeneratedFile, C:\Users\nicks\STM32CubeIDE\workspace_1.19.0\AFR\AFR\CM7\MXTmpFiles\rtos_kernelInit.tmp_save
2025-08-14 23:56:56,928 [INFO] CodeEngine:289 - Generated code: C:\Users\nicks\STM32CubeIDE\workspace_1.19.0\AFR\AFR\CM7\MXTmpFiles\rtos_kernelInit.tmp
2025-08-14 23:56:56,933 [INFO] CodeEngine:265 - oldGeneratedFile, C:\Users\nicks\STM32CubeIDE\workspace_1.19.0\AFR\AFR\CM7\MXTmpFiles\rtos_kernelStart.tmp_save
2025-08-14 23:56:56,978 [INFO] CodeEngine:289 - Generated code: C:\Users\nicks\STM32CubeIDE\workspace_1.19.0\AFR\AFR\CM7\MXTmpFiles\rtos_kernelStart.tmp
2025-08-14 23:56:56,987 [INFO] CodeEngine:265 - oldGeneratedFile, C:\Users\nicks\STM32CubeIDE\workspace_1.19.0\AFR\AFR\CM7\MXTmpFiles\rtos_typedefs.tmp_save
2025-08-14 23:56:57,031 [INFO] CodeEngine:289 - Generated code: C:\Users\nicks\STM32CubeIDE\workspace_1.19.0\AFR\AFR\CM7\MXTmpFiles\rtos_typedefs.tmp
2025-08-14 23:56:57,036 [INFO] CodeEngine:265 - oldGeneratedFile, C:\Users\nicks\STM32CubeIDE\workspace_1.19.0\AFR\AFR\CM7\MXTmpFiles\rtos_vars.tmp_save
2025-08-14 23:56:57,080 [INFO] CodeEngine:289 - Generated code: C:\Users\nicks\STM32CubeIDE\workspace_1.19.0\AFR\AFR\CM7\MXTmpFiles\rtos_vars.tmp
2025-08-14 23:56:57,084 [INFO] CodeEngine:265 - oldGeneratedFile, C:\Users\nicks\STM32CubeIDE\workspace_1.19.0\AFR\AFR\CM7\MXTmpFiles\rtos_pfp.tmp_save
2025-08-14 23:56:57,124 [INFO] CodeEngine:289 - Generated code: C:\Users\nicks\STM32CubeIDE\workspace_1.19.0\AFR\AFR\CM7\MXTmpFiles\rtos_pfp.tmp
2025-08-14 23:56:57,129 [INFO] CodeEngine:265 - oldGeneratedFile, C:\Users\nicks\STM32CubeIDE\workspace_1.19.0\AFR\AFR\CM7\MXTmpFiles\rtos_obj_creat.tmp_save
2025-08-14 23:56:57,173 [INFO] CodeEngine:289 - Generated code: C:\Users\nicks\STM32CubeIDE\workspace_1.19.0\AFR\AFR\CM7\MXTmpFiles\rtos_obj_creat.tmp
2025-08-14 23:56:57,177 [INFO] CodeEngine:265 - oldGeneratedFile, C:\Users\nicks\STM32CubeIDE\workspace_1.19.0\AFR\AFR\CM7\MXTmpFiles\rtos_default_thread.tmp_save
2025-08-14 23:56:57,217 [INFO] CodeEngine:289 - Generated code: C:\Users\nicks\STM32CubeIDE\workspace_1.19.0\AFR\AFR\CM7\MXTmpFiles\rtos_default_thread.tmp
2025-08-14 23:56:57,221 [INFO] CodeEngine:265 - oldGeneratedFile, C:\Users\nicks\STM32CubeIDE\workspace_1.19.0\AFR\AFR\CM7\MXTmpFiles\rtos_threads.tmp_save
2025-08-14 23:56:57,261 [INFO] CodeEngine:289 - Generated code: C:\Users\nicks\STM32CubeIDE\workspace_1.19.0\AFR\AFR\CM7\MXTmpFiles\rtos_threads.tmp
2025-08-14 23:56:57,267 [INFO] CodeEngine:265 - oldGeneratedFile, C:\Users\nicks\STM32CubeIDE\workspace_1.19.0\AFR\AFR\CM7\Core\Inc\FreeRTOSConfig.h_save
2025-08-14 23:56:57,327 [INFO] CodeEngine:289 - Generated code: C:\Users\nicks\STM32CubeIDE\workspace_1.19.0\AFR\AFR\CM7\Core\Inc\FreeRTOSConfig.h
2025-08-14 23:56:57,333 [INFO] CodeEngine:265 - oldGeneratedFile, C:\Users\nicks\STM32CubeIDE\workspace_1.19.0\AFR\AFR\CM7\Core\Src\freertos.c_save
2025-08-14 23:56:57,381 [INFO] CodeEngine:289 - Generated code: C:\Users\nicks\STM32CubeIDE\workspace_1.19.0\AFR\AFR\CM7\Core\Src\freertos.c
2025-08-14 23:56:57,425 [INFO] CodeEngine:265 - oldGeneratedFile, C:\Users\nicks\STM32CubeIDE\workspace_1.19.0\AFR\AFR\CM7\Core\Inc\stm32h7xx_nucleo_conf.h_save
2025-08-14 23:56:57,468 [INFO] CodeEngine:289 - Generated code: C:\Users\nicks\STM32CubeIDE\workspace_1.19.0\AFR\AFR\CM7\Core\Inc\stm32h7xx_nucleo_conf.h
2025-08-14 23:56:57,473 [INFO] CodeEngine:265 - oldGeneratedFile, C:\Users\nicks\STM32CubeIDE\workspace_1.19.0\AFR\AFR\CM7\MXTmpFiles\bsp_inc.tmp_save
2025-08-14 23:56:57,522 [INFO] CodeEngine:289 - Generated code: C:\Users\nicks\STM32CubeIDE\workspace_1.19.0\AFR\AFR\CM7\MXTmpFiles\bsp_inc.tmp
2025-08-14 23:56:57,527 [INFO] CodeEngine:265 - oldGeneratedFile, C:\Users\nicks\STM32CubeIDE\workspace_1.19.0\AFR\AFR\CM7\MXTmpFiles\bsp_common_vars.tmp_save
2025-08-14 23:56:57,567 [INFO] CodeEngine:289 - Generated code: C:\Users\nicks\STM32CubeIDE\workspace_1.19.0\AFR\AFR\CM7\MXTmpFiles\bsp_common_vars.tmp
2025-08-14 23:56:57,572 [INFO] CodeEngine:265 - oldGeneratedFile, C:\Users\nicks\STM32CubeIDE\workspace_1.19.0\AFR\AFR\CM7\MXTmpFiles\bsp_common_init.tmp_save
2025-08-14 23:56:57,611 [INFO] CodeEngine:289 - Generated code: C:\Users\nicks\STM32CubeIDE\workspace_1.19.0\AFR\AFR\CM7\MXTmpFiles\bsp_common_init.tmp
2025-08-14 23:56:57,616 [INFO] CodeEngine:265 - oldGeneratedFile, C:\Users\nicks\STM32CubeIDE\workspace_1.19.0\AFR\AFR\CM7\MXTmpFiles\bsp_common_demo_before_while.tmp_save
2025-08-14 23:56:57,655 [INFO] CodeEngine:289 - Generated code: C:\Users\nicks\STM32CubeIDE\workspace_1.19.0\AFR\AFR\CM7\MXTmpFiles\bsp_common_demo_before_while.tmp
2025-08-14 23:56:57,659 [INFO] CodeEngine:265 - oldGeneratedFile, C:\Users\nicks\STM32CubeIDE\workspace_1.19.0\AFR\AFR\CM7\MXTmpFiles\bsp_common_demo_inside_while.tmp_save
2025-08-14 23:56:57,698 [INFO] CodeEngine:289 - Generated code: C:\Users\nicks\STM32CubeIDE\workspace_1.19.0\AFR\AFR\CM7\MXTmpFiles\bsp_common_demo_inside_while.tmp
2025-08-14 23:56:57,703 [INFO] CodeEngine:265 - oldGeneratedFile, C:\Users\nicks\STM32CubeIDE\workspace_1.19.0\AFR\AFR\CM7\MXTmpFiles\bsp_common_demo_fct.tmp_save
2025-08-14 23:56:57,742 [INFO] CodeEngine:289 - Generated code: C:\Users\nicks\STM32CubeIDE\workspace_1.19.0\AFR\AFR\CM7\MXTmpFiles\bsp_common_demo_fct.tmp
2025-08-14 23:56:57,762 [INFO] CodeEngine:265 - oldGeneratedFile, C:\Users\nicks\STM32CubeIDE\workspace_1.19.0\AFR\AFR\CM7\Core\Src\stm32h7xx_it.c_save
2025-08-14 23:56:57,827 [INFO] CodeEngine:289 - Generated code: C:\Users\nicks\STM32CubeIDE\workspace_1.19.0\AFR\AFR\CM7\Core\Src\stm32h7xx_it.c
2025-08-14 23:56:57,833 [INFO] CodeEngine:265 - oldGeneratedFile, C:\Users\nicks\STM32CubeIDE\workspace_1.19.0\AFR\AFR\CM7\Core\Inc\stm32h7xx_it.h_save
2025-08-14 23:56:57,877 [INFO] CodeEngine:289 - Generated code: C:\Users\nicks\STM32CubeIDE\workspace_1.19.0\AFR\AFR\CM7\Core\Inc\stm32h7xx_it.h
2025-08-14 23:56:57,964 [INFO] CodeEngine:265 - oldGeneratedFile, C:\Users\nicks\STM32CubeIDE\workspace_1.19.0\AFR\AFR\CM7\Core\Src\stm32h7xx_hal_msp.c_save
2025-08-14 23:56:58,047 [INFO] CodeEngine:289 - Generated code: C:\Users\nicks\STM32CubeIDE\workspace_1.19.0\AFR\AFR\CM7\Core\Src\stm32h7xx_hal_msp.c
2025-08-14 23:56:58,052 [INFO] CodeEngine:265 - oldGeneratedFile, C:\Users\nicks\STM32CubeIDE\workspace_1.19.0\AFR\AFR\CM7\MXTmpFiles\system.tmp_save
2025-08-14 23:56:58,096 [INFO] CodeEngine:289 - Generated code: C:\Users\nicks\STM32CubeIDE\workspace_1.19.0\AFR\AFR\CM7\MXTmpFiles\system.tmp
2025-08-14 23:56:58,108 [INFO] CodeEngine:321 - oldGeneratedFile, C:\Users\nicks\STM32CubeIDE\workspace_1.19.0\AFR\AFR\CM7\Core\Inc\stm32h7xx_hal_conf.h_save
2025-08-14 23:56:58,158 [INFO] CodeEngine:345 - Generated code: C:\Users\nicks\STM32CubeIDE\workspace_1.19.0\AFR\AFR\CM7\Core\Inc\stm32h7xx_hal_conf.h
2025-08-14 23:56:58,192 [INFO] ApiDbMcu:532 - Load IP Config File for ADC3
2025-08-14 23:56:58,195 [INFO] ApiDbMcu:532 - Load IP Config File for I2C2
2025-08-14 23:56:58,202 [INFO] ApiDbMcu:532 - Load IP Config File for USART2
2025-08-14 23:56:58,205 [INFO] ApiDbMcu:532 - Load IP Config File for RCC
2025-08-14 23:56:58,207 [WARN] IPConfigManager:3811 - IP not found : NVIC
2025-08-14 23:56:58,209 [WARN] CodeGenerator:4259 - IP not found : null
2025-08-14 23:56:58,216 [INFO] CodeEngine:265 - oldGeneratedFile, C:\Users\nicks\STM32CubeIDE\workspace_1.19.0\AFR\AFR\CM7\Core\Inc\main.h_save
2025-08-14 23:56:58,282 [INFO] CodeEngine:289 - Generated code: C:\Users\nicks\STM32CubeIDE\workspace_1.19.0\AFR\AFR\CM7\Core\Inc\main.h
2025-08-14 23:56:58,288 [INFO] CodeEngine:265 - oldGeneratedFile, C:\Users\nicks\STM32CubeIDE\workspace_1.19.0\AFR\AFR\CM7\Core\Src\main.c_save
2025-08-14 23:56:58,405 [INFO] CodeEngine:289 - Generated code: C:\Users\nicks\STM32CubeIDE\workspace_1.19.0\AFR\AFR\CM7\Core\Src\main.c
2025-08-14 23:56:58,472 [INFO] CodeGenerator:1619 - *******************Project context M4 selected
2025-08-14 23:56:58,530 [INFO] CodeEngine:265 - oldGeneratedFile, C:\Users\nicks\STM32CubeIDE\workspace_1.19.0\AFR\AFR\MXTmpFiles\license.tmp_save
2025-08-14 23:56:58,578 [INFO] CodeEngine:289 - Generated code: C:\Users\nicks\STM32CubeIDE\workspace_1.19.0\AFR\AFR\MXTmpFiles\license.tmp
2025-08-14 23:56:58,627 [INFO] CodeEngine:265 - oldGeneratedFile, C:\Users\nicks\STM32CubeIDE\workspace_1.19.0\AFR\AFR\CM4\MXTmpFiles\gpio.tmp_save
2025-08-14 23:56:58,676 [INFO] CodeEngine:289 - Generated code: C:\Users\nicks\STM32CubeIDE\workspace_1.19.0\AFR\AFR\CM4\MXTmpFiles\gpio.tmp
2025-08-14 23:56:58,891 [WARN] IPConfigManager:103 - WARNING: Missing Config File for NVIC2 ip!!
2025-08-14 23:56:59,109 [ERROR] CodeGenerator:10662 - The current RTOS owner has not been found in the list of IPs
2025-08-14 23:56:59,116 [INFO] CodeEngine:265 - oldGeneratedFile, C:\Users\nicks\STM32CubeIDE\workspace_1.19.0\AFR\AFR\CM4\MXTmpFiles\cortex.tmp_save
2025-08-14 23:56:59,167 [INFO] CodeEngine:289 - Generated code: C:\Users\nicks\STM32CubeIDE\workspace_1.19.0\AFR\AFR\CM4\MXTmpFiles\cortex.tmp
2025-08-14 23:56:59,186 [INFO] Middleware:1452 - No code input for Bsp Dependency
2025-08-14 23:56:59,192 [INFO] CodeEngine:265 - oldGeneratedFile, C:\Users\nicks\STM32CubeIDE\workspace_1.19.0\AFR\AFR\CM4\MXTmpFiles\rtos_inc.tmp_save
2025-08-14 23:56:59,232 [INFO] CodeEngine:289 - Generated code: C:\Users\nicks\STM32CubeIDE\workspace_1.19.0\AFR\AFR\CM4\MXTmpFiles\rtos_inc.tmp
2025-08-14 23:56:59,237 [INFO] CodeEngine:265 - oldGeneratedFile, C:\Users\nicks\STM32CubeIDE\workspace_1.19.0\AFR\AFR\CM4\MXTmpFiles\rtos_kernelInit.tmp_save
2025-08-14 23:56:59,278 [INFO] CodeEngine:289 - Generated code: C:\Users\nicks\STM32CubeIDE\workspace_1.19.0\AFR\AFR\CM4\MXTmpFiles\rtos_kernelInit.tmp
2025-08-14 23:56:59,283 [INFO] CodeEngine:265 - oldGeneratedFile, C:\Users\nicks\STM32CubeIDE\workspace_1.19.0\AFR\AFR\CM4\MXTmpFiles\rtos_kernelStart.tmp_save
2025-08-14 23:56:59,321 [INFO] CodeEngine:289 - Generated code: C:\Users\nicks\STM32CubeIDE\workspace_1.19.0\AFR\AFR\CM4\MXTmpFiles\rtos_kernelStart.tmp
2025-08-14 23:56:59,325 [INFO] CodeEngine:265 - oldGeneratedFile, C:\Users\nicks\STM32CubeIDE\workspace_1.19.0\AFR\AFR\CM4\MXTmpFiles\rtos_typedefs.tmp_save
2025-08-14 23:56:59,365 [INFO] CodeEngine:289 - Generated code: C:\Users\nicks\STM32CubeIDE\workspace_1.19.0\AFR\AFR\CM4\MXTmpFiles\rtos_typedefs.tmp
2025-08-14 23:56:59,369 [INFO] CodeEngine:265 - oldGeneratedFile, C:\Users\nicks\STM32CubeIDE\workspace_1.19.0\AFR\AFR\CM4\MXTmpFiles\rtos_vars.tmp_save
2025-08-14 23:56:59,410 [INFO] CodeEngine:289 - Generated code: C:\Users\nicks\STM32CubeIDE\workspace_1.19.0\AFR\AFR\CM4\MXTmpFiles\rtos_vars.tmp
2025-08-14 23:56:59,414 [INFO] CodeEngine:265 - oldGeneratedFile, C:\Users\nicks\STM32CubeIDE\workspace_1.19.0\AFR\AFR\CM4\MXTmpFiles\rtos_pfp.tmp_save
2025-08-14 23:56:59,454 [INFO] CodeEngine:289 - Generated code: C:\Users\nicks\STM32CubeIDE\workspace_1.19.0\AFR\AFR\CM4\MXTmpFiles\rtos_pfp.tmp
2025-08-14 23:56:59,458 [INFO] CodeEngine:265 - oldGeneratedFile, C:\Users\nicks\STM32CubeIDE\workspace_1.19.0\AFR\AFR\CM4\MXTmpFiles\rtos_obj_creat.tmp_save
2025-08-14 23:56:59,499 [INFO] CodeEngine:289 - Generated code: C:\Users\nicks\STM32CubeIDE\workspace_1.19.0\AFR\AFR\CM4\MXTmpFiles\rtos_obj_creat.tmp
2025-08-14 23:56:59,503 [INFO] CodeEngine:265 - oldGeneratedFile, C:\Users\nicks\STM32CubeIDE\workspace_1.19.0\AFR\AFR\CM4\MXTmpFiles\rtos_default_thread.tmp_save
2025-08-14 23:56:59,542 [INFO] CodeEngine:289 - Generated code: C:\Users\nicks\STM32CubeIDE\workspace_1.19.0\AFR\AFR\CM4\MXTmpFiles\rtos_default_thread.tmp
2025-08-14 23:56:59,547 [INFO] CodeEngine:265 - oldGeneratedFile, C:\Users\nicks\STM32CubeIDE\workspace_1.19.0\AFR\AFR\CM4\MXTmpFiles\rtos_threads.tmp_save
2025-08-14 23:56:59,586 [INFO] CodeEngine:289 - Generated code: C:\Users\nicks\STM32CubeIDE\workspace_1.19.0\AFR\AFR\CM4\MXTmpFiles\rtos_threads.tmp
2025-08-14 23:56:59,591 [INFO] CodeEngine:265 - oldGeneratedFile, C:\Users\nicks\STM32CubeIDE\workspace_1.19.0\AFR\AFR\CM4\Core\Inc\FreeRTOSConfig.h_save
2025-08-14 23:56:59,640 [INFO] CodeEngine:289 - Generated code: C:\Users\nicks\STM32CubeIDE\workspace_1.19.0\AFR\AFR\CM4\Core\Inc\FreeRTOSConfig.h
2025-08-14 23:56:59,646 [INFO] CodeEngine:265 - oldGeneratedFile, C:\Users\nicks\STM32CubeIDE\workspace_1.19.0\AFR\AFR\CM4\Core\Src\freertos.c_save
2025-08-14 23:56:59,690 [INFO] CodeEngine:289 - Generated code: C:\Users\nicks\STM32CubeIDE\workspace_1.19.0\AFR\AFR\CM4\Core\Src\freertos.c
2025-08-14 23:56:59,725 [INFO] CodeEngine:265 - oldGeneratedFile, C:\Users\nicks\STM32CubeIDE\workspace_1.19.0\AFR\AFR\CM4\Core\Inc\stm32h7xx_nucleo_conf.h_save
2025-08-14 23:56:59,767 [INFO] CodeEngine:289 - Generated code: C:\Users\nicks\STM32CubeIDE\workspace_1.19.0\AFR\AFR\CM4\Core\Inc\stm32h7xx_nucleo_conf.h
2025-08-14 23:56:59,772 [INFO] CodeEngine:265 - oldGeneratedFile, C:\Users\nicks\STM32CubeIDE\workspace_1.19.0\AFR\AFR\CM4\MXTmpFiles\bsp_inc.tmp_save
2025-08-14 23:56:59,809 [INFO] CodeEngine:289 - Generated code: C:\Users\nicks\STM32CubeIDE\workspace_1.19.0\AFR\AFR\CM4\MXTmpFiles\bsp_inc.tmp
2025-08-14 23:56:59,837 [INFO] CodeEngine:265 - oldGeneratedFile, C:\Users\nicks\STM32CubeIDE\workspace_1.19.0\AFR\AFR\CM4\Core\Src\stm32h7xx_it.c_save
2025-08-14 23:56:59,895 [INFO] CodeEngine:289 - Generated code: C:\Users\nicks\STM32CubeIDE\workspace_1.19.0\AFR\AFR\CM4\Core\Src\stm32h7xx_it.c
2025-08-14 23:56:59,901 [INFO] CodeEngine:265 - oldGeneratedFile, C:\Users\nicks\STM32CubeIDE\workspace_1.19.0\AFR\AFR\CM4\Core\Inc\stm32h7xx_it.h_save
2025-08-14 23:56:59,945 [INFO] CodeEngine:289 - Generated code: C:\Users\nicks\STM32CubeIDE\workspace_1.19.0\AFR\AFR\CM4\Core\Inc\stm32h7xx_it.h
2025-08-14 23:57:00,070 [INFO] CodeEngine:265 - oldGeneratedFile, C:\Users\nicks\STM32CubeIDE\workspace_1.19.0\AFR\AFR\CM4\Core\Src\stm32h7xx_hal_msp.c_save
2025-08-14 23:57:00,145 [INFO] CodeEngine:289 - Generated code: C:\Users\nicks\STM32CubeIDE\workspace_1.19.0\AFR\AFR\CM4\Core\Src\stm32h7xx_hal_msp.c
2025-08-14 23:57:00,150 [INFO] CodeEngine:265 - oldGeneratedFile, C:\Users\nicks\STM32CubeIDE\workspace_1.19.0\AFR\AFR\CM4\MXTmpFiles\system.tmp_save
2025-08-14 23:57:00,189 [INFO] CodeEngine:289 - Generated code: C:\Users\nicks\STM32CubeIDE\workspace_1.19.0\AFR\AFR\CM4\MXTmpFiles\system.tmp
2025-08-14 23:57:00,200 [INFO] CodeEngine:321 - oldGeneratedFile, C:\Users\nicks\STM32CubeIDE\workspace_1.19.0\AFR\AFR\CM4\Core\Inc\stm32h7xx_hal_conf.h_save
2025-08-14 23:57:00,248 [INFO] CodeEngine:345 - Generated code: C:\Users\nicks\STM32CubeIDE\workspace_1.19.0\AFR\AFR\CM4\Core\Inc\stm32h7xx_hal_conf.h
2025-08-14 23:57:00,267 [INFO] ApiDbMcu:532 - Load IP Config File for ADC1
2025-08-14 23:57:00,275 [INFO] ApiDbMcu:532 - Load IP Config File for TIM1
2025-08-14 23:57:00,281 [INFO] ApiDbMcu:532 - Load IP Config File for UART4
2025-08-14 23:57:00,287 [INFO] ApiDbMcu:532 - Load IP Config File for UART5
2025-08-14 23:57:00,290 [WARN] IPConfigManager:3811 - IP not found : NVIC
2025-08-14 23:57:00,290 [WARN] IPConfigManager:3811 - IP not found : TIM
2025-08-14 23:57:00,291 [WARN] CodeGenerator:4259 - IP not found : null
2025-08-14 23:57:00,291 [WARN] CodeGenerator:4259 - IP not found : null
2025-08-14 23:57:00,298 [INFO] CodeEngine:265 - oldGeneratedFile, C:\Users\nicks\STM32CubeIDE\workspace_1.19.0\AFR\AFR\CM4\Core\Inc\main.h_save
2025-08-14 23:57:00,347 [INFO] CodeEngine:289 - Generated code: C:\Users\nicks\STM32CubeIDE\workspace_1.19.0\AFR\AFR\CM4\Core\Inc\main.h
2025-08-14 23:57:00,353 [INFO] CodeEngine:265 - oldGeneratedFile, C:\Users\nicks\STM32CubeIDE\workspace_1.19.0\AFR\AFR\CM4\Core\Src\main.c_save
2025-08-14 23:57:00,441 [INFO] CodeEngine:289 - Generated code: C:\Users\nicks\STM32CubeIDE\workspace_1.19.0\AFR\AFR\CM4\Core\Src\main.c
2025-08-14 23:57:00,923 [INFO] ProjectBuilder:3606 - Time for Copy HAL[1] : 309mS.
2025-08-14 23:57:00,940 [INFO] ProjectBuilder:5216 - Project Generator version: 4.7.0-B52
2025-08-14 23:57:00,999 [INFO] ConfigFileManager:1595 - The Die is : DIE450
2025-08-14 23:57:01,763 [INFO] LogOutputStream:77 - [STDOUT_REDIRECT] 
2025-08-14 23:57:07,197 [INFO] ProjectBuilder:5496 - Time for Generating toolchain IDE Files: 6256mS.
2025-08-14 23:57:07,198 [INFO] ProjectBuilder:3463 - Time for Copy CMSIS : 1mS.
2025-08-14 23:57:07,202 [INFO] ProjectBuilder:3463 - Time for Copy CMSIS : 0mS.
2025-08-14 23:57:14,322 [INFO] MainUpdater:2872 - connection check result : 10
2025-08-14 23:57:14,322 [INFO] MainUpdater:2872 - connection check result : 10
2025-08-14 23:57:14,330 [ERROR] IocParser:95 - Exception caught: Cannot invoke "java.lang.CharSequence.length()" because "this.text" is null
2025-08-14 23:57:14,485 [INFO] I2cTimingTraitement:330 - 0x109090D9
2025-08-14 23:57:14,498 [INFO] MicroXplorer:468 - Change Database Path : 
2025-08-14 23:57:14,498 [INFO] MicroXplorer:498 - Change Database Version : DB.6.0.150
2025-08-14 23:57:14,526 [ERROR] ProjectManagerView:395 - 
java.lang.NullPointerException: Cannot invoke "javax.swing.JTextField.getText()" because the return value of "java.util.List.get(int)" is null
	at com.st.microxplorer.plugins.projectmanager.gui.ProjectChoiceTab$9.caretUpdate(ProjectChoiceTab.java:2706) ~[filemanager.jar:?]
	at javax.swing.text.JTextComponent.fireCaretUpdate(JTextComponent.java:408) ~[?:?]
	at javax.swing.text.JTextComponent$MutableCaretEvent.fire(JTextComponent.java:4484) ~[?:?]
	at javax.swing.text.JTextComponent$MutableCaretEvent.stateChanged(JTextComponent.java:4506) ~[?:?]
	at javax.swing.text.DefaultCaret.fireStateChanged(DefaultCaret.java:857) ~[?:?]
	at javax.swing.text.DefaultCaret.changeCaretPosition(DefaultCaret.java:1343) ~[?:?]
	at javax.swing.text.DefaultCaret.handleSetDot(DefaultCaret.java:1242) ~[?:?]
	at javax.swing.text.DefaultCaret.setDot(DefaultCaret.java:1223) ~[?:?]
	at javax.swing.text.DefaultCaret$Handler.insertUpdate(DefaultCaret.java:1819) ~[?:?]
	at javax.swing.text.AbstractDocument.fireInsertUpdate(AbstractDocument.java:227) ~[?:?]
	at javax.swing.text.AbstractDocument.handleInsertString(AbstractDocument.java:781) ~[?:?]
	at javax.swing.text.AbstractDocument.insertString(AbstractDocument.java:740) ~[?:?]
	at javax.swing.text.PlainDocument.insertString(PlainDocument.java:131) ~[?:?]
	at javax.swing.text.AbstractDocument.replace(AbstractDocument.java:699) ~[?:?]
	at javax.swing.text.JTextComponent.setText(JTextComponent.java:1725) ~[?:?]
	at com.st.microxplorer.plugins.projectmanager.gui.ProjectChoiceTab.createHeapStackFields(ProjectChoiceTab.java:993) ~[filemanager.jar:?]
	at com.st.microxplorer.plugins.projectmanager.gui.ProjectChoiceTab.buildLinkSettingsPanel(ProjectChoiceTab.java:3813) ~[filemanager.jar:?]
	at com.st.microxplorer.plugins.projectmanager.gui.ProjectChoiceTab.defineWindowsFields(ProjectChoiceTab.java:1987) ~[filemanager.jar:?]
	at com.st.microxplorer.plugins.projectmanager.gui.ProjectChoiceTab.updateSettings(ProjectChoiceTab.java:558) ~[filemanager.jar:?]
	at com.st.microxplorer.plugins.projectmanager.gui.ProjectSettingsPanel.UpdateDialog(ProjectSettingsPanel.java:247) ~[filemanager.jar:?]
	at com.st.microxplorer.plugins.projectmanager.ProjectManagerView.propertyChange(ProjectManagerView.java:392) ~[filemanager.jar:?]
	at java.beans.PropertyChangeSupport.fire(PropertyChangeSupport.java:343) ~[?:?]
	at java.beans.PropertyChangeSupport.firePropertyChange(PropertyChangeSupport.java:335) ~[?:?]
	at java.beans.PropertyChangeSupport.firePropertyChange(PropertyChangeSupport.java:268) ~[?:?]
	at com.st.microxplorer.util.MXPropertyChangeSupport.firePropertyChange(MXPropertyChangeSupport.java:54) ~[STM32CubeMX.jar:?]
	at com.st.microxplorer.mxsystem.MxSystem.closeConfig(MxSystem.java:899) ~[STM32CubeMX.jar:?]
	at com.st.microxplorer.maingui.MainPanel.closeConfig(MainPanel.java:792) ~[STM32CubeMX.jar:?]
	at com.st.microxplorer.plugins.filemanager.engine.OpenFileManager.loadConfigurationFile(OpenFileManager.java:288) ~[filemanager.jar:?]
	at com.st.microxplorer.plugins.filemanager.engine.MainFileManager.userLoadConfig(MainFileManager.java:364) ~[filemanager.jar:?]
	at com.st.microxplorer.plugins.filemanager.engine.MainFileManager.userLoadConfig(MainFileManager.java:342) ~[filemanager.jar:?]
	at com.st.microxplorer.plugins.filemanager.FileManagerView.getSpecificTask(FileManagerView.java:264) ~[filemanager.jar:?]
	at com.st.stm32cube.common.mx.editor.CubeMxEditor.getMxTabbedPaneInstance(CubeMxEditor.java:1198) ~[com.st.stm32cube.common.mx_6.15.0.202507011659/:?]
	at com.st.stm32cube.common.mx.editor.CubeMxEditor$12$1.createSwingComponent(CubeMxEditor.java:1068) ~[com.st.stm32cube.common.mx_6.15.0.202507011659/:?]
	at com.st.stm32cube.common.mx.oss.core.awtswtbridge.EmbeddedSwingComposite.doComponentCreation(EmbeddedSwingComposite.java:492) ~[com.st.stm32cube.common.mx.oss_6.15.0.202507011659/:?]
	at com.st.stm32cube.common.mx.oss.core.awtswtbridge.EmbeddedSwingComposite$4.run(EmbeddedSwingComposite.java:291) ~[com.st.stm32cube.common.mx.oss_6.15.0.202507011659/:?]
	at com.st.stm32cube.common.mx.oss.core.awtswtbridge.AwtEnvironment$2.run(AwtEnvironment.java:166) ~[com.st.stm32cube.common.mx.oss_6.15.0.202507011659/:?]
	at java.awt.event.InvocationEvent.dispatch(InvocationEvent.java:318) ~[?:?]
	at java.awt.EventQueue.dispatchEventImpl(EventQueue.java:773) ~[?:?]
	at java.awt.EventQueue$4.run(EventQueue.java:720) ~[?:?]
	at java.awt.EventQueue$4.run(EventQueue.java:714) ~[?:?]
	at java.security.AccessController.doPrivileged(AccessController.java:400) ~[?:?]
	at java.security.ProtectionDomain$JavaSecurityAccessImpl.doIntersectionPrivilege(ProtectionDomain.java:87) ~[?:?]
	at java.awt.EventQueue.dispatchEvent(EventQueue.java:742) ~[?:?]
	at java.awt.EventDispatchThread.pumpOneEventForFilters(EventDispatchThread.java:203) ~[?:?]
	at java.awt.EventDispatchThread.pumpEventsForFilter(EventDispatchThread.java:124) ~[?:?]
	at java.awt.EventDispatchThread.pumpEventsForHierarchy(EventDispatchThread.java:113) ~[?:?]
	at java.awt.EventDispatchThread.pumpEvents(EventDispatchThread.java:109) ~[?:?]
	at java.awt.EventDispatchThread.pumpEvents(EventDispatchThread.java:101) ~[?:?]
	at java.awt.EventDispatchThread.run(EventDispatchThread.java:90) ~[?:?]
2025-08-14 23:57:14,533 [WARN] ThirdParty:871 - waiting for thirdparty lock release [close project]
2025-08-14 23:57:14,533 [INFO] ThirdParty:873 - entering critical section [close project]
2025-08-14 23:57:14,533 [INFO] ThirdParty:883 - exiting critical section [close project]
2025-08-14 23:57:14,536 [INFO] PinOutPanel:1589 - setPackage(No Configuration,No Configuration)
2025-08-14 23:57:14,553 [WARN] IpParametersView:155 - Warning: This peripheral hasn't parameters
2025-08-14 23:57:14,571 [WARN] MainPanel:289 - <html><b><center>Warning: This peripheral has no parameters to be configured<br></b></html>
2025-08-14 23:57:14,579 [WARN] IpParametersView:155 - Warning: This peripheral hasn't parameters
2025-08-14 23:57:14,587 [WARN] MainPanel:289 - <html><b><center>Warning: This peripheral has no parameters to be configured<br></b></html>
2025-08-14 23:57:14,595 [INFO] UtilMem:75 - Begin LoadConfig() Used Memory: 983358896 Bytes (1073741824)
2025-08-14 23:57:14,596 [INFO] MicroXplorer:468 - Change Database Path : 
2025-08-14 23:57:14,596 [INFO] MicroXplorer:498 - Change Database Version : DB.6.0.150
2025-08-14 23:57:14,596 [INFO] OpenFileManager:355 - Change cursor
2025-08-14 23:57:14,622 [INFO] RulesReader:64 - Compatibility file has been processed (317 Rules)
2025-08-14 23:57:14,631 [INFO] Mcu:2029 - Initializing MCU STM32H755ZITx STM32H755ZITx STM32H755ZIT6
2025-08-14 23:57:16,642 [INFO] Context:786 - Trying to add GPIOservice into a context  which must be forbidden
2025-08-14 23:57:16,643 [INFO] Context:786 - Trying to add GPIOservice into a context  which must be forbidden
2025-08-14 23:57:17,666 [INFO] ApiDbMcu:532 - Load IP Config File for NUCLEO-H755ZI-Q
2025-08-14 23:57:17,789 [INFO] Context:786 - Trying to add GPIOservice into a context  which must be forbidden
2025-08-14 23:57:17,800 [INFO] Context:786 - Trying to add GPIOservice into a context  which must be forbidden
2025-08-14 23:57:17,804 [INFO] ImportTextPane:234 - (OptionalMessage_ERROR) Pin56 (VP_RIF_VS_RIF1) cannot be retrieved for this MCU
2025-08-14 23:57:17,811 [INFO] ImportTextPane:234 - (OptionalMessage_ERROR) Unable to find key (Mcu.IP16) in loaded IOC file
2025-08-14 23:57:17,811 [INFO] ImportTextPane:234 - (OptionalMessage_ERROR) Unknown IP (dummy)
2025-08-14 23:57:17,913 [INFO] RtosManager:558 - Registered RTOS mode: class=CMSIS, group=RTOS, mode=CMSIS_V1, owner=FREERTOS_M7
2025-08-14 23:57:17,914 [INFO] RtosManager:558 - Registered RTOS mode: class=CMSIS, group=RTOS2, mode=CMSIS_V2, owner=FREERTOS_M7
2025-08-14 23:57:17,914 [INFO] RtosManager:558 - Registered RTOS mode: class=RTOS, group=Core, mode=CMSIS_V1, owner=FREERTOS_M7
2025-08-14 23:57:17,914 [INFO] RtosManager:558 - Registered RTOS mode: class=RTOS, group=Core, mode=CMSIS_V2, owner=FREERTOS_M7
2025-08-14 23:57:17,914 [WARN] ModelIntegratedComponent:184 - Missing modes for component STMicroelectronics:FreeRTOS:0.0.1:STMicroelectronics:RTOS:FreeRTOS:Core:::10.2.0:
2025-08-14 23:57:17,922 [WARN] ModelIntegratedComponent:63 - No mode defined for component null
2025-08-14 23:57:17,922 [WARN] ModelIntegratedComponent:63 - No mode defined for component null
2025-08-14 23:57:17,922 [WARN] ModelIntegratedComponent:63 - No mode defined for component null
2025-08-14 23:57:17,922 [WARN] ModelIntegratedComponent:63 - No mode defined for component null
2025-08-14 23:57:17,922 [WARN] ModelIntegratedComponent:63 - No mode defined for component null
2025-08-14 23:57:17,922 [WARN] ModelIntegratedComponent:63 - No mode defined for component null
2025-08-14 23:57:17,922 [WARN] ModelIntegratedComponent:63 - No mode defined for component null
2025-08-14 23:57:17,922 [WARN] ModelIntegratedComponent:63 - No mode defined for component null
2025-08-14 23:57:17,922 [WARN] ModelIntegratedComponent:63 - No mode defined for component null
2025-08-14 23:57:17,922 [WARN] ModelIntegratedComponent:63 - No mode defined for component null
2025-08-14 23:57:17,922 [WARN] ModelIntegratedComponent:63 - No mode defined for component null
2025-08-14 23:57:17,922 [WARN] ModelIntegratedComponent:63 - No mode defined for component null
2025-08-14 23:57:17,922 [WARN] ModelIntegratedComponent:63 - No mode defined for component null
2025-08-14 23:57:17,922 [WARN] ModelIntegratedComponent:63 - No mode defined for component null
2025-08-14 23:57:17,922 [WARN] ModelIntegratedComponent:63 - No mode defined for component null
2025-08-14 23:57:17,923 [WARN] ModelIntegratedComponent:63 - No mode defined for component null
2025-08-14 23:57:17,923 [WARN] ModelIntegratedComponent:63 - No mode defined for component null
2025-08-14 23:57:17,923 [WARN] ModelIntegratedComponent:63 - No mode defined for component null
2025-08-14 23:57:17,923 [WARN] ModelIntegratedComponent:63 - No mode defined for component null
2025-08-14 23:57:17,923 [WARN] ModelIntegratedComponent:63 - No mode defined for component null
2025-08-14 23:57:17,923 [WARN] ModelIntegratedComponent:63 - No mode defined for component null
2025-08-14 23:57:17,923 [WARN] ModelIntegratedComponent:63 - No mode defined for component null
2025-08-14 23:57:17,923 [WARN] ModelIntegratedComponent:63 - No mode defined for component null
2025-08-14 23:57:17,923 [WARN] ModelIntegratedComponent:63 - No mode defined for component null
2025-08-14 23:57:17,923 [WARN] ModelIntegratedComponent:63 - No mode defined for component null
2025-08-14 23:57:17,923 [WARN] ModelIntegratedComponent:63 - No mode defined for component null
2025-08-14 23:57:17,923 [WARN] ModelIntegratedComponent:63 - No mode defined for component null
2025-08-14 23:57:17,923 [WARN] ModelIntegratedComponent:63 - No mode defined for component null
2025-08-14 23:57:17,923 [WARN] ModelIntegratedComponent:63 - No mode defined for component null
2025-08-14 23:57:17,923 [WARN] ModelIntegratedComponent:63 - No mode defined for component null
2025-08-14 23:57:17,923 [WARN] ModelIntegratedComponent:63 - No mode defined for component null
2025-08-14 23:57:17,923 [WARN] ModelIntegratedComponent:63 - No mode defined for component null
2025-08-14 23:57:17,923 [WARN] ModelIntegratedComponent:63 - No mode defined for component null
2025-08-14 23:57:17,923 [WARN] ModelIntegratedComponent:63 - No mode defined for component null
2025-08-14 23:57:17,923 [WARN] ModelIntegratedComponent:63 - No mode defined for component null
2025-08-14 23:57:17,923 [WARN] ModelPack:524 - Component already loaded: STMicroelectronics:HAL Drivers:0.0.0:STMicroelectronics:Device:STMicro_Driver:XSPI:HAL::0.0.1:HAL_XSPI
2025-08-14 23:57:18,012 [INFO] RtosManager:558 - Registered RTOS mode: class=CMSIS, group=RTOS, mode=CMSIS_V1, owner=FREERTOS_M4
2025-08-14 23:57:18,012 [INFO] RtosManager:558 - Registered RTOS mode: class=CMSIS, group=RTOS2, mode=CMSIS_V2, owner=FREERTOS_M4
2025-08-14 23:57:18,012 [INFO] RtosManager:558 - Registered RTOS mode: class=RTOS, group=Core, mode=CMSIS_V1, owner=FREERTOS_M4
2025-08-14 23:57:18,012 [INFO] RtosManager:558 - Registered RTOS mode: class=RTOS, group=Core, mode=CMSIS_V2, owner=FREERTOS_M4
2025-08-14 23:57:18,012 [WARN] ModelIntegratedComponent:184 - Missing modes for component STMicroelectronics:FreeRTOS:0.0.1:STMicroelectronics:RTOS:FreeRTOS:Core:::10.2.0:
2025-08-14 23:57:18,018 [WARN] ModelIntegratedComponent:63 - No mode defined for component null
2025-08-14 23:57:18,018 [WARN] ModelIntegratedComponent:63 - No mode defined for component null
2025-08-14 23:57:18,018 [WARN] ModelIntegratedComponent:63 - No mode defined for component null
2025-08-14 23:57:18,018 [WARN] ModelIntegratedComponent:63 - No mode defined for component null
2025-08-14 23:57:18,018 [WARN] ModelIntegratedComponent:63 - No mode defined for component null
2025-08-14 23:57:18,018 [WARN] ModelIntegratedComponent:63 - No mode defined for component null
2025-08-14 23:57:18,018 [WARN] ModelIntegratedComponent:63 - No mode defined for component null
2025-08-14 23:57:18,018 [WARN] ModelIntegratedComponent:63 - No mode defined for component null
2025-08-14 23:57:18,018 [WARN] ModelIntegratedComponent:63 - No mode defined for component null
2025-08-14 23:57:18,018 [WARN] ModelIntegratedComponent:63 - No mode defined for component null
2025-08-14 23:57:18,018 [WARN] ModelIntegratedComponent:63 - No mode defined for component null
2025-08-14 23:57:18,018 [WARN] ModelIntegratedComponent:63 - No mode defined for component null
2025-08-14 23:57:18,018 [WARN] ModelIntegratedComponent:63 - No mode defined for component null
2025-08-14 23:57:18,018 [WARN] ModelIntegratedComponent:63 - No mode defined for component null
2025-08-14 23:57:18,018 [WARN] ModelIntegratedComponent:63 - No mode defined for component null
2025-08-14 23:57:18,018 [WARN] ModelIntegratedComponent:63 - No mode defined for component null
2025-08-14 23:57:18,018 [WARN] ModelIntegratedComponent:63 - No mode defined for component null
2025-08-14 23:57:18,018 [WARN] ModelIntegratedComponent:63 - No mode defined for component null
2025-08-14 23:57:18,018 [WARN] ModelIntegratedComponent:63 - No mode defined for component null
2025-08-14 23:57:18,018 [WARN] ModelIntegratedComponent:63 - No mode defined for component null
2025-08-14 23:57:18,018 [WARN] ModelIntegratedComponent:63 - No mode defined for component null
2025-08-14 23:57:18,018 [WARN] ModelIntegratedComponent:63 - No mode defined for component null
2025-08-14 23:57:18,018 [WARN] ModelIntegratedComponent:63 - No mode defined for component null
2025-08-14 23:57:18,018 [WARN] ModelIntegratedComponent:63 - No mode defined for component null
2025-08-14 23:57:18,018 [WARN] ModelIntegratedComponent:63 - No mode defined for component null
2025-08-14 23:57:18,018 [WARN] ModelIntegratedComponent:63 - No mode defined for component null
2025-08-14 23:57:18,018 [WARN] ModelIntegratedComponent:63 - No mode defined for component null
2025-08-14 23:57:18,018 [WARN] ModelIntegratedComponent:63 - No mode defined for component null
2025-08-14 23:57:18,018 [WARN] ModelIntegratedComponent:63 - No mode defined for component null
2025-08-14 23:57:18,018 [WARN] ModelIntegratedComponent:63 - No mode defined for component null
2025-08-14 23:57:18,018 [WARN] ModelIntegratedComponent:63 - No mode defined for component null
2025-08-14 23:57:18,019 [WARN] ModelIntegratedComponent:63 - No mode defined for component null
2025-08-14 23:57:18,019 [WARN] ModelIntegratedComponent:63 - No mode defined for component null
2025-08-14 23:57:18,019 [WARN] ModelIntegratedComponent:63 - No mode defined for component null
2025-08-14 23:57:18,019 [WARN] ModelIntegratedComponent:63 - No mode defined for component null
2025-08-14 23:57:18,019 [WARN] ModelPack:524 - Component already loaded: STMicroelectronics:HAL Drivers:0.0.0:STMicroelectronics:Device:STMicro_Driver:XSPI:HAL::0.0.1:HAL_XSPI
2025-08-14 23:57:18,089 [INFO] ThirdPartyModel:298 - Start build external matchings
2025-08-14 23:57:18,536 [INFO] ThirdPartyModel:316 - End build external matchings
2025-08-14 23:57:18,546 [INFO] ThirdPartyModel:298 - Start build external matchings
2025-08-14 23:57:18,982 [INFO] ThirdPartyModel:316 - End build external matchings
2025-08-14 23:57:18,990 [INFO] RtosManager:1018 - Current active RTOS is FREERTOS_M7 [CortexM7]
2025-08-14 23:57:19,150 [INFO] UtilMem:75 - End LoadConfig() Used Memory: 869154680 Bytes (1073741824)
2025-08-14 23:57:19,171 [WARN] ThirdParty:833 - waiting for thirdparty lock release [change project]
2025-08-14 23:57:19,171 [INFO] ThirdParty:835 - entering critical section [change project]
2025-08-14 23:57:19,171 [INFO] ThirdParty:1030 - CMSIS Pack Vendor :STMicroelectronics X-CUBE-PM33A1 1.0.0
2025-08-14 23:57:19,171 [INFO] ThirdParty:1030 - CMSIS Pack Vendor :STMicroelectronics USBPD 4.1
2025-08-14 23:57:19,171 [INFO] ThirdParty:1030 - CMSIS Pack Vendor :STMicroelectronics X-CUBE-AZRTOS-H7 3.3.0
2025-08-14 23:57:19,171 [INFO] ThirdParty:1030 - CMSIS Pack Vendor :STMicroelectronics X-CUBE-NFC9 1.0.0
2025-08-14 23:57:19,171 [INFO] ThirdParty:1030 - CMSIS Pack Vendor :STMicroelectronics USB_HOST 2.0.0
2025-08-14 23:57:19,171 [INFO] ThirdParty:1030 - CMSIS Pack Vendor :STMicroelectronics FP-SNS-MOTENVWB1 1.4.0
2025-08-14 23:57:19,171 [INFO] ThirdParty:1030 - CMSIS Pack Vendor :STMicroelectronics X-CUBE-AZRTOS-F4 1.1.0
2025-08-14 23:57:19,171 [INFO] ThirdParty:1030 - CMSIS Pack Vendor :STMicroelectronics LIBJPEG 8.0.0
2025-08-14 23:57:19,171 [INFO] ThirdParty:1030 - CMSIS Pack Vendor :STMicroelectronics FP-ATR-ASTRA1 2.0.2
2025-08-14 23:57:19,171 [INFO] ThirdParty:1030 - CMSIS Pack Vendor :STMicroelectronics FP-ATR-ASTRA1 2.0.1
2025-08-14 23:57:19,171 [INFO] ThirdParty:1030 - CMSIS Pack Vendor :STMicroelectronics X-CUBE-BLE1 7.1.0
2025-08-14 23:57:19,171 [INFO] ThirdParty:1030 - CMSIS Pack Vendor :Avnet-IotConnect X-CUBE-IoTC-DA16k-PMOD 1.0.0
2025-08-14 23:57:19,171 [INFO] ThirdParty:1030 - CMSIS Pack Vendor :STMicroelectronics X-CUBE-SMBUS 2.1.0
2025-08-14 23:57:19,171 [INFO] ThirdParty:1030 - CMSIS Pack Vendor :STMicroelectronics X-CUBE-WB05N 1.1.0
2025-08-14 23:57:19,171 [INFO] ThirdParty:1030 - CMSIS Pack Vendor :wolfSSL I-CUBE-wolfMQTT 1.19.2
2025-08-14 23:57:19,171 [INFO] ThirdParty:1030 - CMSIS Pack Vendor :STMicroelectronics USB_DEVICE 3.0.0
2025-08-14 23:57:19,171 [INFO] ThirdParty:1030 - CMSIS Pack Vendor :STMicroelectronics X-CUBE-ISPU 2.1.0
2025-08-14 23:57:19,171 [INFO] ThirdParty:1030 - CMSIS Pack Vendor :STMicroelectronics X-CUBE-EEPRMA1 5.2.0
2025-08-14 23:57:19,171 [INFO] ThirdParty:1030 - CMSIS Pack Vendor :STMicroelectronics X-CUBE-BLEMGR 4.1.0
2025-08-14 23:57:19,171 [INFO] ThirdParty:1030 - CMSIS Pack Vendor :STMicroelectronics X-CUBE-AZRTOS-WB 2.0.0
2025-08-14 23:57:19,171 [INFO] ThirdParty:1030 - CMSIS Pack Vendor :STMicroelectronics X-CUBE-ST60 1.0.0
2025-08-14 23:57:19,171 [INFO] ThirdParty:1030 - CMSIS Pack Vendor :STMicroelectronics X-CUBE-GNSS1 7.0.1
2025-08-14 23:57:19,171 [INFO] ThirdParty:1030 - CMSIS Pack Vendor :STMicroelectronics X-CUBE-NFC12 1.0.0
2025-08-14 23:57:19,171 [INFO] ThirdParty:1030 - CMSIS Pack Vendor :STMicroelectronics X-CUBE-AZRTOS-F7 1.1.0
2025-08-14 23:57:19,171 [INFO] ThirdParty:1030 - CMSIS Pack Vendor :STMicroelectronics X-CUBE-AZRTOS-L5 2.0.0
2025-08-14 23:57:19,171 [INFO] ThirdParty:1030 - CMSIS Pack Vendor :STMicroelectronics X-CUBE-TOUCHGFX 4.25.0
2025-08-14 23:57:19,171 [INFO] ThirdParty:1030 - CMSIS Pack Vendor :STMicroelectronics USB_DEVICE 2.0.0
2025-08-14 23:57:19,171 [INFO] ThirdParty:1030 - CMSIS Pack Vendor :STMicroelectronics X-CUBE-NFC6 3.1.0
2025-08-14 23:57:19,171 [INFO] ThirdParty:1030 - CMSIS Pack Vendor :STMicroelectronics X-CUBE-AI 10.1.0
2025-08-14 23:57:19,171 [INFO] ThirdParty:1030 - CMSIS Pack Vendor :STMicroelectronics FP-SNS-STBOX1 2.0.0
2025-08-14 23:57:19,171 [INFO] ThirdParty:1030 - CMSIS Pack Vendor :STMicroelectronics X-CUBE-MEMS1 11.2.0
2025-08-14 23:57:19,171 [INFO] ThirdParty:1030 - CMSIS Pack Vendor :STMicroelectronics FreeRTOS 0.0.1
2025-08-14 23:57:19,171 [INFO] ThirdParty:1030 - CMSIS Pack Vendor :STMicroelectronics X-CUBE-AZRTOS-G0 1.1.0
2025-08-14 23:57:19,171 [INFO] ThirdParty:1030 - CMSIS Pack Vendor :STMicroelectronics X-CUBE-SAFEA1 1.2.2
2025-08-14 23:57:19,171 [INFO] ThirdParty:1030 - CMSIS Pack Vendor :STMicroelectronics X-CUBE-NFC4 3.0.0
2025-08-14 23:57:19,171 [INFO] ThirdParty:1030 - CMSIS Pack Vendor :STMicroelectronics X-CUBE-SUBG2 5.0.0
2025-08-14 23:57:19,171 [INFO] ThirdParty:1030 - CMSIS Pack Vendor :STMicroelectronics X-CUBE-AZRTOS-H7RS 1.1.0
2025-08-14 23:57:19,171 [INFO] ThirdParty:1030 - CMSIS Pack Vendor :STMicroelectronics STM32_WPAN 1.0.0
2025-08-14 23:57:19,172 [INFO] ThirdParty:1030 - CMSIS Pack Vendor :EmbeddedOffice I-CUBE-FS-RTOS 1.0.1
2025-08-14 23:57:19,172 [INFO] ThirdParty:1030 - CMSIS Pack Vendor :STMicroelectronics lwIP 2.0.3
2025-08-14 23:57:19,172 [INFO] ThirdParty:1030 - CMSIS Pack Vendor :STMicroelectronics FP-SNS-FLIGHT1 5.0.2
2025-08-14 23:57:19,172 [INFO] ThirdParty:1030 - CMSIS Pack Vendor :Cesanta I-CUBE-Mongoose 7.13.0
2025-08-14 23:57:19,172 [INFO] ThirdParty:1030 - CMSIS Pack Vendor :STMicroelectronics USB_HOST 1.0.0
2025-08-14 23:57:19,172 [INFO] ThirdParty:1030 - CMSIS Pack Vendor :Infineon AIROC-Wi-Fi-Bluetooth-STM32 1.7.0
2025-08-14 23:57:19,172 [INFO] ThirdParty:1030 - CMSIS Pack Vendor :STMicroelectronics X-CUBE-AZRTOS-G4 2.0.0
2025-08-14 23:57:19,172 [INFO] ThirdParty:1030 - CMSIS Pack Vendor :STMicroelectronics X-CUBE-WB05N 2.0.0
2025-08-14 23:57:19,172 [INFO] ThirdParty:1030 - CMSIS Pack Vendor :STMicroelectronics PDM2PCM 3.1.0
2025-08-14 23:57:19,172 [INFO] ThirdParty:1030 - CMSIS Pack Vendor :STMicroelectronics PDM2PCM 3.3.0
2025-08-14 23:57:19,172 [INFO] ThirdParty:1030 - CMSIS Pack Vendor :wolfSSL I-CUBE-wolfTPM 3.8.0
2025-08-14 23:57:19,172 [INFO] ThirdParty:1030 - CMSIS Pack Vendor :STMicroelectronics X-CUBE-AZRTOS-H7 3.4.0
2025-08-14 23:57:19,172 [INFO] ThirdParty:1030 - CMSIS Pack Vendor :STMicroelectronics X-CUBE-DISPLAY 3.0.0
2025-08-14 23:57:19,172 [INFO] ThirdParty:1030 - CMSIS Pack Vendor :wolfSSL I-CUBE-wolfSSH 1.4.20
2025-08-14 23:57:19,172 [INFO] ThirdParty:1030 - CMSIS Pack Vendor :STMicroelectronics X-CUBE-NFC7 2.0.0
2025-08-14 23:57:19,172 [INFO] ThirdParty:1030 - CMSIS Pack Vendor :STMicroelectronics X-CUBE-TCPP 4.2.0
2025-08-14 23:57:19,172 [INFO] ThirdParty:1030 - CMSIS Pack Vendor :RealThread X-CUBE-RT-Thread_Nano 4.1.1
2025-08-14 23:57:19,172 [INFO] ThirdParty:1030 - CMSIS Pack Vendor :STMicroelectronics FP-ATR-SIGFOX1 3.2.0
2025-08-14 23:57:19,172 [INFO] ThirdParty:1030 - CMSIS Pack Vendor :STMicroelectronics X-CUBE-NFC10 1.0.0
2025-08-14 23:57:19,172 [INFO] ThirdParty:1030 - CMSIS Pack Vendor :STMicroelectronics X-CUBE-BLEMGR 4.0.0
2025-08-14 23:57:19,172 [INFO] ThirdParty:1030 - CMSIS Pack Vendor :STMicroelectronics X-CUBE-EEPRMA1 5.1.0
2025-08-14 23:57:19,172 [INFO] ThirdParty:1030 - CMSIS Pack Vendor :STMicroelectronics X-CUBE-FREERTOS 1.3.1
2025-08-14 23:57:19,172 [INFO] ThirdParty:1030 - CMSIS Pack Vendor :STMicroelectronics HAL Drivers 0.0.0
2025-08-14 23:57:19,172 [INFO] ThirdParty:1030 - CMSIS Pack Vendor :STMicroelectronics MBEDTLS 2.16.2
2025-08-14 23:57:19,172 [INFO] ThirdParty:1030 - CMSIS Pack Vendor :STMicroelectronics X-CUBE-IPS 3.1.0
2025-08-14 23:57:19,172 [INFO] ThirdParty:1030 - CMSIS Pack Vendor :STMicroelectronics X-CUBE-ALS 1.0.2
2025-08-14 23:57:19,172 [INFO] ThirdParty:1030 - CMSIS Pack Vendor :emotas I-CUBE-CANOPEN 1.3.0
2025-08-14 23:57:19,172 [INFO] ThirdParty:1030 - CMSIS Pack Vendor :STMicroelectronics X-CUBE-FREERTOS 1.3.0
2025-08-14 23:57:19,172 [INFO] ThirdParty:1030 - CMSIS Pack Vendor :STMicroelectronics X-CUBE-NFC7 1.0.1
2025-08-14 23:57:19,172 [INFO] ThirdParty:1030 - CMSIS Pack Vendor :STMicroelectronics MBEDTLS 2.14.1
2025-08-14 23:57:19,172 [INFO] ThirdParty:1030 - CMSIS Pack Vendor :wolfSSL I-CUBE-wolfSSL 5.7.6
2025-08-14 23:57:19,172 [INFO] ThirdParty:1030 - CMSIS Pack Vendor :ITTIA_DB I-CUBE-ITTIADB 8.9.0
2025-08-14 23:57:19,172 [INFO] ThirdParty:1030 - CMSIS Pack Vendor :portGmbH I-Cube-SoM-uGOAL 1.1.0
2025-08-14 23:57:19,172 [INFO] ThirdParty:1030 - CMSIS Pack Vendor :quantropi X-CUBE-qispace-sdk-base 2.0.0
2025-08-14 23:57:19,172 [INFO] ThirdParty:1030 - CMSIS Pack Vendor :STMicroelectronics X-CUBE-AI 10.0.0
2025-08-14 23:57:19,172 [INFO] ThirdParty:1030 - CMSIS Pack Vendor :STMicroelectronics X-CUBE-ST67W61 1.0.0
2025-08-14 23:57:19,172 [INFO] ThirdParty:1030 - CMSIS Pack Vendor :STMicroelectronics FP-SNS-STBOX1 2.1.0
2025-08-14 23:57:19,172 [INFO] ThirdParty:1030 - CMSIS Pack Vendor :STMicroelectronics X-CUBE-AI 10.2.0
2025-08-14 23:57:19,172 [INFO] ThirdParty:1030 - CMSIS Pack Vendor :STMicroelectronics FP-SNS-STAIOTCFT 1.0.0
2025-08-14 23:57:19,172 [INFO] ThirdParty:1030 - CMSIS Pack Vendor :STMicroelectronics ThreadX 1.0.0
2025-08-14 23:57:19,172 [INFO] ThirdParty:1030 - CMSIS Pack Vendor :STMicroelectronics FP-SNS-SMARTAG2 1.2.0
2025-08-14 23:57:19,172 [INFO] ThirdParty:1030 - CMSIS Pack Vendor :STMicroelectronics FP-SNS-FLIGHT1 5.1.0
2025-08-14 23:57:19,172 [INFO] ThirdParty:1030 - CMSIS Pack Vendor :STMicroelectronics X-CUBE-AZRTOS-WL 2.0.0
2025-08-14 23:57:19,172 [INFO] ThirdParty:1030 - CMSIS Pack Vendor :SEGGER I-CUBE-embOS 1.3.1
2025-08-14 23:57:19,172 [INFO] ThirdParty:1030 - CMSIS Pack Vendor :STMicroelectronics X-CUBE-ALGOBUILD 1.4.0
2025-08-14 23:57:19,172 [INFO] ThirdParty:1030 - CMSIS Pack Vendor :STMicroelectronics X-CUBE-DPower 1.3.0
2025-08-14 23:57:19,172 [INFO] ThirdParty:1030 - CMSIS Pack Vendor :STMicroelectronics X-CUBE-MEMS1 11.3.0
2025-08-14 23:57:19,172 [INFO] ThirdParty:1030 - CMSIS Pack Vendor :STMicroelectronics FP-SNS-MOTENV1 5.0.0
2025-08-14 23:57:19,172 [INFO] ThirdParty:1030 - CMSIS Pack Vendor :STMicroelectronics USB_DEVICE 1.0.0
2025-08-14 23:57:19,172 [INFO] ThirdParty:1030 - CMSIS Pack Vendor :STMicroelectronics X-CUBE-AZRTOS-L4 2.0.0
2025-08-14 23:57:19,172 [INFO] ThirdParty:1030 - CMSIS Pack Vendor :STMicroelectronics ThreadX 0.0.2
2025-08-14 23:57:19,172 [INFO] ThirdParty:1030 - CMSIS Pack Vendor :WES I-CUBE-Cesium 1.3.0
2025-08-14 23:57:19,172 [INFO] ThirdParty:1030 - CMSIS Pack Vendor :STMicroelectronics lwIP 2.1.2
2025-08-14 23:57:19,172 [INFO] ThirdParty:1030 - CMSIS Pack Vendor :STMicroelectronics X-CUBE-SFXS2LP1 4.0.0
2025-08-14 23:57:19,172 [INFO] ThirdParty:1030 - CMSIS Pack Vendor :STMicroelectronics X-CUBE-BLE2 3.3.0
2025-08-14 23:57:19,172 [INFO] ThirdParty:1030 - CMSIS Pack Vendor :STMicroelectronics X-CUBE-TOF1 3.4.3
2025-08-14 23:57:19,172 [INFO] ThirdParty:1030 - CMSIS Pack Vendor :STMicroelectronics PDM2PCM 3.2.0
2025-08-14 23:57:19,172 [INFO] ThirdParty:841 - exiting critical section [change project]
2025-08-14 23:57:19,595 [INFO] PinOutPanel:1589 - setPackage(No Configuration,No Configuration)
2025-08-14 23:57:19,596 [INFO] PinOutPanel:1589 - setPackage(STM32H755ZITx,LQFP144)
2025-08-14 23:57:20,043 [INFO] UtilMem:75 - Before build in PCC Used Memory: 975281120 Bytes (1073741824)
2025-08-14 23:57:20,294 [INFO] UtilMem:75 - After build in PCC Used Memory: 931984320 Bytes (1073741824)
2025-08-14 23:57:20,299 [INFO] ApiDbMcu:532 - Load IP Config File for FREERTOS_M7
2025-08-14 23:57:20,317 [INFO] IPUIPlugin:80 - create IPUIPlugin
2025-08-14 23:57:20,317 [INFO] IPUIPlugin:80 - create IPUIPlugin
2025-08-14 23:57:20,317 [INFO] IPUIPlugin:80 - create IPUIPlugin
2025-08-14 23:57:20,317 [INFO] IPUIPlugin:80 - create IPUIPlugin
2025-08-14 23:57:20,317 [INFO] IPUIPlugin:80 - create IPUIPlugin
2025-08-14 23:57:20,317 [INFO] IPUIPlugin:80 - create IPUIPlugin
2025-08-14 23:57:20,317 [INFO] IPUIPlugin:80 - create IPUIPlugin
2025-08-14 23:57:20,317 [INFO] IPUIPlugin:80 - create IPUIPlugin
2025-08-14 23:57:20,317 [INFO] IPUIPlugin:80 - create IPUIPlugin
2025-08-14 23:57:20,317 [INFO] IPUIPlugin:80 - create IPUIPlugin
2025-08-14 23:57:20,317 [INFO] IPUIPlugin:80 - create IPUIPlugin
2025-08-14 23:57:20,318 [INFO] IPUIPlugin:80 - create IPUIPlugin
2025-08-14 23:57:20,318 [INFO] IPUIPlugin:80 - create IPUIPlugin
2025-08-14 23:57:20,318 [INFO] IPUIPlugin:80 - create IPUIPlugin
2025-08-14 23:57:20,318 [INFO] IPUIPlugin:80 - create IPUIPlugin
2025-08-14 23:57:20,318 [INFO] IPUIPlugin:80 - create IPUIPlugin
2025-08-14 23:57:20,318 [INFO] IPUIPlugin:80 - create IPUIPlugin
2025-08-14 23:57:20,318 [INFO] IPUIPlugin:80 - create IPUIPlugin
2025-08-14 23:57:20,319 [INFO] IPUIPlugin:80 - create IPUIPlugin
2025-08-14 23:57:20,319 [INFO] IPUIPlugin:80 - create IPUIPlugin
2025-08-14 23:57:20,319 [INFO] IPUIPlugin:80 - create IPUIPlugin
2025-08-14 23:57:20,319 [INFO] IPUIPlugin:80 - create IPUIPlugin
2025-08-14 23:57:20,319 [INFO] IPUIPlugin:80 - create IPUIPlugin
2025-08-14 23:57:20,319 [INFO] IPUIPlugin:80 - create IPUIPlugin
2025-08-14 23:57:20,319 [INFO] IPUIPlugin:80 - create IPUIPlugin
2025-08-14 23:57:20,319 [INFO] IPUIPlugin:80 - create IPUIPlugin
2025-08-14 23:57:20,319 [INFO] IPUIPlugin:80 - create IPUIPlugin
2025-08-14 23:57:20,319 [INFO] IPUIPlugin:80 - create IPUIPlugin
2025-08-14 23:57:20,320 [INFO] IPUIPlugin:80 - create IPUIPlugin
2025-08-14 23:57:20,320 [INFO] IPUIPlugin:80 - create IPUIPlugin
2025-08-14 23:57:20,320 [INFO] IPUIPlugin:80 - create IPUIPlugin
2025-08-14 23:57:20,320 [INFO] IPUIPlugin:80 - create IPUIPlugin
2025-08-14 23:57:20,320 [INFO] IPUIPlugin:80 - create IPUIPlugin
2025-08-14 23:57:20,320 [INFO] IPUIPlugin:80 - create IPUIPlugin
2025-08-14 23:57:20,320 [INFO] IPUIPlugin:80 - create IPUIPlugin
2025-08-14 23:57:20,320 [INFO] IPUIPlugin:80 - create IPUIPlugin
2025-08-14 23:57:20,320 [INFO] IPUIPlugin:80 - create IPUIPlugin
2025-08-14 23:57:20,320 [INFO] IPUIPlugin:80 - create IPUIPlugin
2025-08-14 23:57:20,320 [INFO] IPUIPlugin:80 - create IPUIPlugin
2025-08-14 23:57:20,321 [INFO] IPUIPlugin:80 - create IPUIPlugin
2025-08-14 23:57:20,321 [INFO] IPUIPlugin:80 - create IPUIPlugin
2025-08-14 23:57:20,321 [INFO] IPUIPlugin:80 - create IPUIPlugin
2025-08-14 23:57:20,321 [INFO] IPUIPlugin:80 - create IPUIPlugin
2025-08-14 23:57:20,321 [INFO] IPUIPlugin:80 - create IPUIPlugin
2025-08-14 23:57:20,321 [INFO] IPUIPlugin:80 - create IPUIPlugin
2025-08-14 23:57:20,321 [INFO] IPUIPlugin:80 - create IPUIPlugin
2025-08-14 23:57:20,322 [INFO] IPUIPlugin:80 - create IPUIPlugin
2025-08-14 23:57:20,322 [INFO] IPUIPlugin:80 - create IPUIPlugin
2025-08-14 23:57:20,322 [INFO] IPUIPlugin:80 - create IPUIPlugin
2025-08-14 23:57:20,322 [INFO] IPUIPlugin:80 - create IPUIPlugin
2025-08-14 23:57:20,322 [INFO] IPUIPlugin:80 - create IPUIPlugin
2025-08-14 23:57:20,323 [INFO] IPUIPlugin:80 - create IPUIPlugin
2025-08-14 23:57:20,323 [INFO] IPUIPlugin:80 - create IPUIPlugin
2025-08-14 23:57:20,323 [INFO] IPUIPlugin:80 - create IPUIPlugin
2025-08-14 23:57:20,323 [INFO] IPUIPlugin:80 - create IPUIPlugin
2025-08-14 23:57:20,323 [INFO] IPUIPlugin:80 - create IPUIPlugin
2025-08-14 23:57:20,323 [INFO] IPUIPlugin:80 - create IPUIPlugin
2025-08-14 23:57:20,323 [INFO] IPUIPlugin:80 - create IPUIPlugin
2025-08-14 23:57:20,324 [INFO] IPUIPlugin:80 - create IPUIPlugin
2025-08-14 23:57:20,324 [INFO] IPUIPlugin:80 - create IPUIPlugin
2025-08-14 23:57:20,324 [INFO] IPUIPlugin:80 - create IPUIPlugin
2025-08-14 23:57:20,324 [INFO] IPUIPlugin:80 - create IPUIPlugin
2025-08-14 23:57:20,324 [INFO] IPUIPlugin:80 - create IPUIPlugin
2025-08-14 23:57:20,324 [INFO] IPUIPlugin:80 - create IPUIPlugin
2025-08-14 23:57:20,325 [INFO] IPUIPlugin:80 - create IPUIPlugin
2025-08-14 23:57:20,325 [INFO] IPUIPlugin:80 - create IPUIPlugin
2025-08-14 23:57:20,325 [INFO] IPUIPlugin:80 - create IPUIPlugin
2025-08-14 23:57:20,325 [INFO] IPUIPlugin:80 - create IPUIPlugin
2025-08-14 23:57:20,325 [INFO] IPUIPlugin:80 - create IPUIPlugin
2025-08-14 23:57:20,326 [INFO] IPUIPlugin:80 - create IPUIPlugin
2025-08-14 23:57:20,326 [INFO] IPUIPlugin:80 - create IPUIPlugin
2025-08-14 23:57:20,326 [INFO] IPUIPlugin:80 - create IPUIPlugin
2025-08-14 23:57:20,326 [INFO] IPUIPlugin:80 - create IPUIPlugin
2025-08-14 23:57:20,327 [INFO] IPUIPlugin:80 - create IPUIPlugin
2025-08-14 23:57:20,327 [INFO] IPUIPlugin:80 - create IPUIPlugin
2025-08-14 23:57:20,327 [INFO] IPUIPlugin:80 - create IPUIPlugin
2025-08-14 23:57:20,327 [INFO] IPUIPlugin:80 - create IPUIPlugin
2025-08-14 23:57:20,327 [INFO] IPUIPlugin:80 - create IPUIPlugin
2025-08-14 23:57:20,327 [INFO] IPUIPlugin:80 - create IPUIPlugin
2025-08-14 23:57:20,328 [INFO] IPUIPlugin:80 - create IPUIPlugin
2025-08-14 23:57:20,328 [INFO] IPUIPlugin:80 - create IPUIPlugin
2025-08-14 23:57:20,328 [INFO] IPUIPlugin:80 - create IPUIPlugin
2025-08-14 23:57:20,329 [INFO] IPUIPlugin:80 - create IPUIPlugin
2025-08-14 23:57:20,329 [INFO] IPUIPlugin:80 - create IPUIPlugin
2025-08-14 23:57:20,329 [INFO] IPUIPlugin:80 - create IPUIPlugin
2025-08-14 23:57:20,329 [INFO] IPUIPlugin:80 - create IPUIPlugin
2025-08-14 23:57:20,329 [INFO] IPUIPlugin:80 - create IPUIPlugin
2025-08-14 23:57:20,330 [INFO] IPUIPlugin:80 - create IPUIPlugin
2025-08-14 23:57:20,330 [INFO] IPUIPlugin:80 - create IPUIPlugin
2025-08-14 23:57:20,330 [INFO] IPUIPlugin:80 - create IPUIPlugin
2025-08-14 23:57:20,330 [INFO] IPUIPlugin:80 - create IPUIPlugin
2025-08-14 23:57:20,331 [INFO] IPUIPlugin:80 - create IPUIPlugin
2025-08-14 23:57:20,331 [INFO] IPUIPlugin:80 - create IPUIPlugin
2025-08-14 23:57:20,331 [INFO] IPUIPlugin:80 - create IPUIPlugin
2025-08-14 23:57:20,331 [INFO] IPUIPlugin:80 - create IPUIPlugin
2025-08-14 23:57:20,331 [INFO] IPUIPlugin:80 - create IPUIPlugin
2025-08-14 23:57:20,332 [INFO] IPUIPlugin:80 - create IPUIPlugin
2025-08-14 23:57:20,332 [INFO] IPUIPlugin:80 - create IPUIPlugin
2025-08-14 23:57:20,332 [INFO] IPUIPlugin:80 - create IPUIPlugin
2025-08-14 23:57:20,333 [INFO] IPUIPlugin:80 - create IPUIPlugin
2025-08-14 23:57:20,333 [INFO] IPUIPlugin:80 - create IPUIPlugin
2025-08-14 23:57:20,333 [INFO] IPUIPlugin:80 - create IPUIPlugin
2025-08-14 23:57:20,334 [INFO] IPUIPlugin:80 - create IPUIPlugin
2025-08-14 23:57:20,334 [INFO] IPUIPlugin:80 - create IPUIPlugin
2025-08-14 23:57:20,334 [INFO] IPUIPlugin:80 - create IPUIPlugin
2025-08-14 23:57:20,335 [INFO] IPUIPlugin:80 - create IPUIPlugin
2025-08-14 23:57:20,335 [INFO] IPUIPlugin:80 - create IPUIPlugin
2025-08-14 23:57:20,335 [INFO] IPUIPlugin:80 - create IPUIPlugin
2025-08-14 23:57:20,336 [INFO] IPUIPlugin:80 - create IPUIPlugin
2025-08-14 23:57:20,336 [INFO] IPUIPlugin:80 - create IPUIPlugin
2025-08-14 23:57:20,336 [INFO] IPUIPlugin:80 - create IPUIPlugin
2025-08-14 23:57:20,337 [INFO] IPUIPlugin:80 - create IPUIPlugin
2025-08-14 23:57:20,337 [INFO] IPUIPlugin:80 - create IPUIPlugin
2025-08-14 23:57:20,337 [INFO] IPUIPlugin:80 - create IPUIPlugin
2025-08-14 23:57:20,339 [INFO] ApiDbMcu:532 - Load IP Config File for PDM2PCM_M7
2025-08-14 23:57:20,341 [INFO] ApiDbMcu:532 - Load IP Config File for PDM2PCM_M4
2025-08-14 23:57:20,355 [WARN] FreeRTOS:1023 - Null or empty value: should not occur! (nothing added to the table)
2025-08-14 23:57:20,412 [INFO] CADModel:165 - CPN selected for project levelSTM32H755ZIT6
2025-08-14 23:57:20,412 [INFO] CADModel:114 - Register for checkConnection events
2025-08-14 23:57:20,414 [INFO] RtosManager:728 - Active RTOS found at IOC load: FREERTOS_M7 [CortexM7]
2025-08-14 23:57:20,476 [INFO] OpenFileManager:386 - Restore cursor
2025-08-14 23:57:24,196 [INFO] Gpio:278 - dependency for GPIO [ADC1, ADC3, I2C2, TIM1, UART4, UART5, USART2]
2025-08-14 23:57:36,346 [INFO] UtilMem:75 - End SaveConfig() Used Memory: 988246688 Bytes (1073741824)
2025-08-14 23:57:36,455 [INFO] UtilMem:75 - End SaveConfig() Used Memory: 821137568 Bytes (1073741824)
2025-08-14 23:57:37,103 [INFO] UtilMem:75 - End SaveConfig() Used Memory: 883134496 Bytes (1073741824)
2025-08-14 23:57:38,141 [ERROR] IocParser:95 - Exception caught: Cannot invoke "java.lang.CharSequence.length()" because "this.text" is null
2025-08-14 23:57:38,512 [INFO] BlockDiagram:2775 - set Specific Code input for plugin: FREERTOS
2025-08-14 23:57:38,512 [INFO] BlockDiagram:2775 - set Specific Code input for plugin: RCC
2025-08-14 23:57:38,512 [INFO] BlockDiagram:2775 - set Specific Code input for plugin: I2C
2025-08-14 23:57:38,512 [INFO] BlockDiagram:2775 - set Specific Code input for plugin: USART
2025-08-14 23:57:38,512 [INFO] BlockDiagram:2775 - set Specific Code input for plugin: TIM1_8H7
2025-08-14 23:57:38,512 [INFO] BlockDiagram:2775 - set Specific Code input for plugin: SYS
2025-08-14 23:57:38,512 [INFO] BlockDiagram:2775 - set Specific Code input for plugin: ADC
2025-08-14 23:57:38,512 [INFO] BlockDiagram:2775 - set Specific Code input for plugin: ADC
2025-08-14 23:57:38,512 [INFO] BlockDiagram:2775 - set Specific Code input for plugin: NVIC2
2025-08-14 23:57:38,513 [INFO] BlockDiagram:2775 - set Specific Code input for plugin: UART
2025-08-14 23:57:38,513 [INFO] BlockDiagram:2775 - set Specific Code input for plugin: UART
2025-08-14 23:57:38,513 [INFO] BlockDiagram:2775 - set Specific Code input for plugin: GPIO
2025-08-14 23:57:38,513 [INFO] BlockDiagram:2775 - set Specific Code input for plugin: SYS_M4
2025-08-14 23:57:38,513 [INFO] BlockDiagram:2775 - set Specific Code input for plugin: NUCLEO-H755ZI-Q
2025-08-14 23:57:38,513 [INFO] BlockDiagram:2775 - set Specific Code input for plugin: NVIC1
2025-08-14 23:57:38,513 [INFO] CodeGenerator:892 - code generatio: config db path: C:\ST\STM32CubeIDE_1.19.0\STM32CubeIDE\plugins\com.st.stm32cube.common.mx_6.15.0.202507011659\\db\
2025-08-14 23:57:38,569 [ERROR] CodeGenerator:10662 - The current RTOS owner has not been found in the list of IPs
2025-08-14 23:57:38,569 [INFO] CodeGenerator:1619 - *******************Project context M7 selected
2025-08-14 23:57:38,642 [INFO] CodeEngine:265 - oldGeneratedFile, C:\Users\nicks\STM32CubeIDE\workspace_1.19.0\AFR\AFR_SENSHORRS\MXTmpFiles\license.tmp_save
2025-08-14 23:57:38,766 [INFO] CodeEngine:289 - Generated code: C:\Users\nicks\STM32CubeIDE\workspace_1.19.0\AFR\AFR_SENSHORRS\MXTmpFiles\license.tmp
2025-08-14 23:57:38,898 [INFO] CodeEngine:265 - oldGeneratedFile, C:\Users\nicks\STM32CubeIDE\workspace_1.19.0\AFR\AFR_SENSHORRS\CM7\MXTmpFiles\gpio.tmp_save
2025-08-14 23:57:38,975 [INFO] CodeEngine:289 - Generated code: C:\Users\nicks\STM32CubeIDE\workspace_1.19.0\AFR\AFR_SENSHORRS\CM7\MXTmpFiles\gpio.tmp
2025-08-14 23:57:39,338 [WARN] IPConfigManager:103 - WARNING: Missing Config File for NVIC1 ip!!
2025-08-14 23:57:39,616 [ERROR] CodeGenerator:10662 - The current RTOS owner has not been found in the list of IPs
2025-08-14 23:57:39,625 [INFO] CodeEngine:265 - oldGeneratedFile, C:\Users\nicks\STM32CubeIDE\workspace_1.19.0\AFR\AFR_SENSHORRS\CM7\MXTmpFiles\cortex.tmp_save
2025-08-14 23:57:39,677 [INFO] CodeEngine:289 - Generated code: C:\Users\nicks\STM32CubeIDE\workspace_1.19.0\AFR\AFR_SENSHORRS\CM7\MXTmpFiles\cortex.tmp
2025-08-14 23:57:39,696 [INFO] Middleware:1452 - No code input for Bsp Dependency
2025-08-14 23:57:39,702 [INFO] CodeEngine:265 - oldGeneratedFile, C:\Users\nicks\STM32CubeIDE\workspace_1.19.0\AFR\AFR_SENSHORRS\CM7\MXTmpFiles\rtos_inc.tmp_save
2025-08-14 23:57:39,746 [INFO] CodeEngine:289 - Generated code: C:\Users\nicks\STM32CubeIDE\workspace_1.19.0\AFR\AFR_SENSHORRS\CM7\MXTmpFiles\rtos_inc.tmp
2025-08-14 23:57:39,750 [INFO] CodeEngine:265 - oldGeneratedFile, C:\Users\nicks\STM32CubeIDE\workspace_1.19.0\AFR\AFR_SENSHORRS\CM7\MXTmpFiles\rtos_kernelInit.tmp_save
2025-08-14 23:57:39,792 [INFO] CodeEngine:289 - Generated code: C:\Users\nicks\STM32CubeIDE\workspace_1.19.0\AFR\AFR_SENSHORRS\CM7\MXTmpFiles\rtos_kernelInit.tmp
2025-08-14 23:57:39,797 [INFO] CodeEngine:265 - oldGeneratedFile, C:\Users\nicks\STM32CubeIDE\workspace_1.19.0\AFR\AFR_SENSHORRS\CM7\MXTmpFiles\rtos_kernelStart.tmp_save
2025-08-14 23:57:39,845 [INFO] CodeEngine:289 - Generated code: C:\Users\nicks\STM32CubeIDE\workspace_1.19.0\AFR\AFR_SENSHORRS\CM7\MXTmpFiles\rtos_kernelStart.tmp
2025-08-14 23:57:39,850 [INFO] CodeEngine:265 - oldGeneratedFile, C:\Users\nicks\STM32CubeIDE\workspace_1.19.0\AFR\AFR_SENSHORRS\CM7\MXTmpFiles\rtos_typedefs.tmp_save
2025-08-14 23:57:39,893 [INFO] CodeEngine:289 - Generated code: C:\Users\nicks\STM32CubeIDE\workspace_1.19.0\AFR\AFR_SENSHORRS\CM7\MXTmpFiles\rtos_typedefs.tmp
2025-08-14 23:57:39,897 [INFO] CodeEngine:265 - oldGeneratedFile, C:\Users\nicks\STM32CubeIDE\workspace_1.19.0\AFR\AFR_SENSHORRS\CM7\MXTmpFiles\rtos_vars.tmp_save
2025-08-14 23:57:39,939 [INFO] CodeEngine:289 - Generated code: C:\Users\nicks\STM32CubeIDE\workspace_1.19.0\AFR\AFR_SENSHORRS\CM7\MXTmpFiles\rtos_vars.tmp
2025-08-14 23:57:39,944 [INFO] CodeEngine:265 - oldGeneratedFile, C:\Users\nicks\STM32CubeIDE\workspace_1.19.0\AFR\AFR_SENSHORRS\CM7\MXTmpFiles\rtos_pfp.tmp_save
2025-08-14 23:57:39,983 [INFO] CodeEngine:289 - Generated code: C:\Users\nicks\STM32CubeIDE\workspace_1.19.0\AFR\AFR_SENSHORRS\CM7\MXTmpFiles\rtos_pfp.tmp
2025-08-14 23:57:39,987 [INFO] CodeEngine:265 - oldGeneratedFile, C:\Users\nicks\STM32CubeIDE\workspace_1.19.0\AFR\AFR_SENSHORRS\CM7\MXTmpFiles\rtos_obj_creat.tmp_save
2025-08-14 23:57:40,027 [INFO] CodeEngine:289 - Generated code: C:\Users\nicks\STM32CubeIDE\workspace_1.19.0\AFR\AFR_SENSHORRS\CM7\MXTmpFiles\rtos_obj_creat.tmp
2025-08-14 23:57:40,032 [INFO] CodeEngine:265 - oldGeneratedFile, C:\Users\nicks\STM32CubeIDE\workspace_1.19.0\AFR\AFR_SENSHORRS\CM7\MXTmpFiles\rtos_default_thread.tmp_save
2025-08-14 23:57:40,071 [INFO] CodeEngine:289 - Generated code: C:\Users\nicks\STM32CubeIDE\workspace_1.19.0\AFR\AFR_SENSHORRS\CM7\MXTmpFiles\rtos_default_thread.tmp
2025-08-14 23:57:40,076 [INFO] CodeEngine:265 - oldGeneratedFile, C:\Users\nicks\STM32CubeIDE\workspace_1.19.0\AFR\AFR_SENSHORRS\CM7\MXTmpFiles\rtos_threads.tmp_save
2025-08-14 23:57:40,120 [INFO] CodeEngine:289 - Generated code: C:\Users\nicks\STM32CubeIDE\workspace_1.19.0\AFR\AFR_SENSHORRS\CM7\MXTmpFiles\rtos_threads.tmp
2025-08-14 23:57:40,125 [INFO] CodeEngine:265 - oldGeneratedFile, C:\Users\nicks\STM32CubeIDE\workspace_1.19.0\AFR\AFR_SENSHORRS\CM7\Core\Inc\FreeRTOSConfig.h_save
2025-08-14 23:57:40,177 [INFO] CodeEngine:289 - Generated code: C:\Users\nicks\STM32CubeIDE\workspace_1.19.0\AFR\AFR_SENSHORRS\CM7\Core\Inc\FreeRTOSConfig.h
2025-08-14 23:57:40,183 [INFO] CodeEngine:265 - oldGeneratedFile, C:\Users\nicks\STM32CubeIDE\workspace_1.19.0\AFR\AFR_SENSHORRS\CM7\Core\Src\freertos.c_save
2025-08-14 23:57:40,230 [INFO] CodeEngine:289 - Generated code: C:\Users\nicks\STM32CubeIDE\workspace_1.19.0\AFR\AFR_SENSHORRS\CM7\Core\Src\freertos.c
2025-08-14 23:57:40,267 [INFO] CodeEngine:265 - oldGeneratedFile, C:\Users\nicks\STM32CubeIDE\workspace_1.19.0\AFR\AFR_SENSHORRS\CM7\Core\Inc\stm32h7xx_nucleo_conf.h_save
2025-08-14 23:57:40,310 [INFO] CodeEngine:289 - Generated code: C:\Users\nicks\STM32CubeIDE\workspace_1.19.0\AFR\AFR_SENSHORRS\CM7\Core\Inc\stm32h7xx_nucleo_conf.h
2025-08-14 23:57:40,314 [INFO] CodeEngine:265 - oldGeneratedFile, C:\Users\nicks\STM32CubeIDE\workspace_1.19.0\AFR\AFR_SENSHORRS\CM7\MXTmpFiles\bsp_inc.tmp_save
2025-08-14 23:57:40,352 [INFO] CodeEngine:289 - Generated code: C:\Users\nicks\STM32CubeIDE\workspace_1.19.0\AFR\AFR_SENSHORRS\CM7\MXTmpFiles\bsp_inc.tmp
2025-08-14 23:57:40,358 [INFO] CodeEngine:265 - oldGeneratedFile, C:\Users\nicks\STM32CubeIDE\workspace_1.19.0\AFR\AFR_SENSHORRS\CM7\MXTmpFiles\bsp_common_vars.tmp_save
2025-08-14 23:57:40,396 [INFO] CodeEngine:289 - Generated code: C:\Users\nicks\STM32CubeIDE\workspace_1.19.0\AFR\AFR_SENSHORRS\CM7\MXTmpFiles\bsp_common_vars.tmp
2025-08-14 23:57:40,400 [INFO] CodeEngine:265 - oldGeneratedFile, C:\Users\nicks\STM32CubeIDE\workspace_1.19.0\AFR\AFR_SENSHORRS\CM7\MXTmpFiles\bsp_common_init.tmp_save
2025-08-14 23:57:40,439 [INFO] CodeEngine:289 - Generated code: C:\Users\nicks\STM32CubeIDE\workspace_1.19.0\AFR\AFR_SENSHORRS\CM7\MXTmpFiles\bsp_common_init.tmp
2025-08-14 23:57:40,443 [INFO] CodeEngine:265 - oldGeneratedFile, C:\Users\nicks\STM32CubeIDE\workspace_1.19.0\AFR\AFR_SENSHORRS\CM7\MXTmpFiles\bsp_common_demo_before_while.tmp_save
2025-08-14 23:57:40,482 [INFO] CodeEngine:289 - Generated code: C:\Users\nicks\STM32CubeIDE\workspace_1.19.0\AFR\AFR_SENSHORRS\CM7\MXTmpFiles\bsp_common_demo_before_while.tmp
2025-08-14 23:57:40,487 [INFO] CodeEngine:265 - oldGeneratedFile, C:\Users\nicks\STM32CubeIDE\workspace_1.19.0\AFR\AFR_SENSHORRS\CM7\MXTmpFiles\bsp_common_demo_inside_while.tmp_save
2025-08-14 23:57:40,526 [INFO] CodeEngine:289 - Generated code: C:\Users\nicks\STM32CubeIDE\workspace_1.19.0\AFR\AFR_SENSHORRS\CM7\MXTmpFiles\bsp_common_demo_inside_while.tmp
2025-08-14 23:57:40,530 [INFO] CodeEngine:265 - oldGeneratedFile, C:\Users\nicks\STM32CubeIDE\workspace_1.19.0\AFR\AFR_SENSHORRS\CM7\MXTmpFiles\bsp_common_demo_fct.tmp_save
2025-08-14 23:57:40,570 [INFO] CodeEngine:289 - Generated code: C:\Users\nicks\STM32CubeIDE\workspace_1.19.0\AFR\AFR_SENSHORRS\CM7\MXTmpFiles\bsp_common_demo_fct.tmp
2025-08-14 23:57:40,589 [INFO] CodeEngine:265 - oldGeneratedFile, C:\Users\nicks\STM32CubeIDE\workspace_1.19.0\AFR\AFR_SENSHORRS\CM7\Core\Src\stm32h7xx_it.c_save
2025-08-14 23:57:40,641 [INFO] CodeEngine:289 - Generated code: C:\Users\nicks\STM32CubeIDE\workspace_1.19.0\AFR\AFR_SENSHORRS\CM7\Core\Src\stm32h7xx_it.c
2025-08-14 23:57:40,647 [INFO] CodeEngine:265 - oldGeneratedFile, C:\Users\nicks\STM32CubeIDE\workspace_1.19.0\AFR\AFR_SENSHORRS\CM7\Core\Inc\stm32h7xx_it.h_save
2025-08-14 23:57:40,689 [INFO] CodeEngine:289 - Generated code: C:\Users\nicks\STM32CubeIDE\workspace_1.19.0\AFR\AFR_SENSHORRS\CM7\Core\Inc\stm32h7xx_it.h
2025-08-14 23:57:40,811 [INFO] CodeEngine:265 - oldGeneratedFile, C:\Users\nicks\STM32CubeIDE\workspace_1.19.0\AFR\AFR_SENSHORRS\CM7\Core\Src\stm32h7xx_hal_msp.c_save
2025-08-14 23:57:40,882 [INFO] CodeEngine:289 - Generated code: C:\Users\nicks\STM32CubeIDE\workspace_1.19.0\AFR\AFR_SENSHORRS\CM7\Core\Src\stm32h7xx_hal_msp.c
2025-08-14 23:57:40,887 [INFO] CodeEngine:265 - oldGeneratedFile, C:\Users\nicks\STM32CubeIDE\workspace_1.19.0\AFR\AFR_SENSHORRS\CM7\MXTmpFiles\system.tmp_save
2025-08-14 23:57:40,927 [INFO] CodeEngine:289 - Generated code: C:\Users\nicks\STM32CubeIDE\workspace_1.19.0\AFR\AFR_SENSHORRS\CM7\MXTmpFiles\system.tmp
2025-08-14 23:57:40,938 [INFO] CodeEngine:321 - oldGeneratedFile, C:\Users\nicks\STM32CubeIDE\workspace_1.19.0\AFR\AFR_SENSHORRS\CM7\Core\Inc\stm32h7xx_hal_conf.h_save
2025-08-14 23:57:40,984 [INFO] CodeEngine:345 - Generated code: C:\Users\nicks\STM32CubeIDE\workspace_1.19.0\AFR\AFR_SENSHORRS\CM7\Core\Inc\stm32h7xx_hal_conf.h
2025-08-14 23:57:41,011 [INFO] ApiDbMcu:532 - Load IP Config File for ADC3
2025-08-14 23:57:41,016 [INFO] ApiDbMcu:532 - Load IP Config File for I2C2
2025-08-14 23:57:41,025 [INFO] ApiDbMcu:532 - Load IP Config File for TIM1
2025-08-14 23:57:41,032 [INFO] ApiDbMcu:532 - Load IP Config File for USART2
2025-08-14 23:57:41,034 [INFO] ApiDbMcu:532 - Load IP Config File for RCC
2025-08-14 23:57:41,036 [WARN] IPConfigManager:3811 - IP not found : NVIC
2025-08-14 23:57:41,036 [WARN] IPConfigManager:3811 - IP not found : TIM
2025-08-14 23:57:41,038 [WARN] CodeGenerator:4259 - IP not found : null
2025-08-14 23:57:41,038 [WARN] CodeGenerator:4259 - IP not found : null
2025-08-14 23:57:41,045 [INFO] CodeEngine:265 - oldGeneratedFile, C:\Users\nicks\STM32CubeIDE\workspace_1.19.0\AFR\AFR_SENSHORRS\CM7\Core\Inc\main.h_save
2025-08-14 23:57:41,098 [INFO] CodeEngine:289 - Generated code: C:\Users\nicks\STM32CubeIDE\workspace_1.19.0\AFR\AFR_SENSHORRS\CM7\Core\Inc\main.h
2025-08-14 23:57:41,104 [INFO] CodeEngine:265 - oldGeneratedFile, C:\Users\nicks\STM32CubeIDE\workspace_1.19.0\AFR\AFR_SENSHORRS\CM7\Core\Src\main.c_save
2025-08-14 23:57:41,210 [INFO] CodeEngine:289 - Generated code: C:\Users\nicks\STM32CubeIDE\workspace_1.19.0\AFR\AFR_SENSHORRS\CM7\Core\Src\main.c
2025-08-14 23:57:41,255 [INFO] CodeGenerator:1619 - *******************Project context M4 selected
2025-08-14 23:57:41,325 [INFO] CodeEngine:265 - oldGeneratedFile, C:\Users\nicks\STM32CubeIDE\workspace_1.19.0\AFR\AFR_SENSHORRS\MXTmpFiles\license.tmp_save
2025-08-14 23:57:41,371 [INFO] CodeEngine:289 - Generated code: C:\Users\nicks\STM32CubeIDE\workspace_1.19.0\AFR\AFR_SENSHORRS\MXTmpFiles\license.tmp
2025-08-14 23:57:41,387 [INFO] CodeEngine:265 - oldGeneratedFile, C:\Users\nicks\STM32CubeIDE\workspace_1.19.0\AFR\AFR_SENSHORRS\CM4\MXTmpFiles\gpio.tmp_save
2025-08-14 23:57:41,427 [INFO] CodeEngine:289 - Generated code: C:\Users\nicks\STM32CubeIDE\workspace_1.19.0\AFR\AFR_SENSHORRS\CM4\MXTmpFiles\gpio.tmp
2025-08-14 23:57:41,469 [WARN] IPConfigManager:103 - WARNING: Missing Config File for NVIC2 ip!!
2025-08-14 23:57:41,533 [INFO] CodeEngine:265 - oldGeneratedFile, C:\Users\nicks\STM32CubeIDE\workspace_1.19.0\AFR\AFR_SENSHORRS\CM4\MXTmpFiles\cortex.tmp_save
2025-08-14 23:57:41,574 [INFO] CodeEngine:289 - Generated code: C:\Users\nicks\STM32CubeIDE\workspace_1.19.0\AFR\AFR_SENSHORRS\CM4\MXTmpFiles\cortex.tmp
2025-08-14 23:57:41,615 [INFO] CodeEngine:265 - oldGeneratedFile, C:\Users\nicks\STM32CubeIDE\workspace_1.19.0\AFR\AFR_SENSHORRS\CM4\Core\Inc\stm32h7xx_nucleo_conf.h_save
2025-08-14 23:57:41,658 [INFO] CodeEngine:289 - Generated code: C:\Users\nicks\STM32CubeIDE\workspace_1.19.0\AFR\AFR_SENSHORRS\CM4\Core\Inc\stm32h7xx_nucleo_conf.h
2025-08-14 23:57:41,663 [INFO] CodeEngine:265 - oldGeneratedFile, C:\Users\nicks\STM32CubeIDE\workspace_1.19.0\AFR\AFR_SENSHORRS\CM4\MXTmpFiles\bsp_inc.tmp_save
2025-08-14 23:57:41,702 [INFO] CodeEngine:289 - Generated code: C:\Users\nicks\STM32CubeIDE\workspace_1.19.0\AFR\AFR_SENSHORRS\CM4\MXTmpFiles\bsp_inc.tmp
2025-08-14 23:57:41,720 [INFO] CodeEngine:265 - oldGeneratedFile, C:\Users\nicks\STM32CubeIDE\workspace_1.19.0\AFR\AFR_SENSHORRS\CM4\Core\Src\stm32h7xx_it.c_save
2025-08-14 23:57:41,765 [INFO] CodeEngine:289 - Generated code: C:\Users\nicks\STM32CubeIDE\workspace_1.19.0\AFR\AFR_SENSHORRS\CM4\Core\Src\stm32h7xx_it.c
2025-08-14 23:57:41,770 [INFO] CodeEngine:265 - oldGeneratedFile, C:\Users\nicks\STM32CubeIDE\workspace_1.19.0\AFR\AFR_SENSHORRS\CM4\Core\Inc\stm32h7xx_it.h_save
2025-08-14 23:57:41,812 [INFO] CodeEngine:289 - Generated code: C:\Users\nicks\STM32CubeIDE\workspace_1.19.0\AFR\AFR_SENSHORRS\CM4\Core\Inc\stm32h7xx_it.h
2025-08-14 23:57:41,867 [INFO] CodeEngine:265 - oldGeneratedFile, C:\Users\nicks\STM32CubeIDE\workspace_1.19.0\AFR\AFR_SENSHORRS\CM4\Core\Src\stm32h7xx_hal_msp.c_save
2025-08-14 23:57:41,929 [INFO] CodeEngine:289 - Generated code: C:\Users\nicks\STM32CubeIDE\workspace_1.19.0\AFR\AFR_SENSHORRS\CM4\Core\Src\stm32h7xx_hal_msp.c
2025-08-14 23:57:41,934 [INFO] CodeEngine:265 - oldGeneratedFile, C:\Users\nicks\STM32CubeIDE\workspace_1.19.0\AFR\AFR_SENSHORRS\CM4\MXTmpFiles\system.tmp_save
2025-08-14 23:57:41,972 [INFO] CodeEngine:289 - Generated code: C:\Users\nicks\STM32CubeIDE\workspace_1.19.0\AFR\AFR_SENSHORRS\CM4\MXTmpFiles\system.tmp
2025-08-14 23:57:41,982 [INFO] CodeEngine:321 - oldGeneratedFile, C:\Users\nicks\STM32CubeIDE\workspace_1.19.0\AFR\AFR_SENSHORRS\CM4\Core\Inc\stm32h7xx_hal_conf.h_save
2025-08-14 23:57:42,026 [INFO] CodeEngine:345 - Generated code: C:\Users\nicks\STM32CubeIDE\workspace_1.19.0\AFR\AFR_SENSHORRS\CM4\Core\Inc\stm32h7xx_hal_conf.h
2025-08-14 23:57:42,038 [INFO] ApiDbMcu:532 - Load IP Config File for ADC1
2025-08-14 23:57:42,045 [INFO] ApiDbMcu:532 - Load IP Config File for UART4
2025-08-14 23:57:42,050 [INFO] ApiDbMcu:532 - Load IP Config File for UART5
2025-08-14 23:57:42,052 [WARN] IPConfigManager:3811 - IP not found : NVIC
2025-08-14 23:57:42,053 [WARN] CodeGenerator:4259 - IP not found : null
2025-08-14 23:57:42,059 [INFO] CodeEngine:265 - oldGeneratedFile, C:\Users\nicks\STM32CubeIDE\workspace_1.19.0\AFR\AFR_SENSHORRS\CM4\Core\Inc\main.h_save
2025-08-14 23:57:42,105 [INFO] CodeEngine:289 - Generated code: C:\Users\nicks\STM32CubeIDE\workspace_1.19.0\AFR\AFR_SENSHORRS\CM4\Core\Inc\main.h
2025-08-14 23:57:42,110 [INFO] CodeEngine:265 - oldGeneratedFile, C:\Users\nicks\STM32CubeIDE\workspace_1.19.0\AFR\AFR_SENSHORRS\CM4\Core\Src\main.c_save
2025-08-14 23:57:42,169 [INFO] CodeEngine:289 - Generated code: C:\Users\nicks\STM32CubeIDE\workspace_1.19.0\AFR\AFR_SENSHORRS\CM4\Core\Src\main.c
2025-08-14 23:57:42,598 [INFO] ProjectBuilder:3606 - Time for Copy HAL[1] : 254mS.
2025-08-14 23:57:42,611 [INFO] ProjectBuilder:5216 - Project Generator version: 4.7.0-B52
2025-08-14 23:57:42,669 [INFO] ConfigFileManager:1595 - The Die is : DIE450
2025-08-14 23:57:48,070 [INFO] ProjectBuilder:5496 - Time for Generating toolchain IDE Files: 5459mS.
2025-08-14 23:57:48,071 [INFO] ProjectBuilder:3463 - Time for Copy CMSIS : 1mS.
2025-08-14 23:57:48,075 [INFO] ProjectBuilder:3463 - Time for Copy CMSIS : 1mS.
