2025-08-28 00:05:13,812 [INFO] MainUpdater:2872 - connection check result : 10
2025-08-28 00:05:13,819 [INFO] MainUpdater:2872 - connection check result : 10
2025-08-28 00:05:13,831 [ERROR] IocParser:95 - Exception caught: Cannot invoke "java.lang.CharSequence.length()" because "this.text" is null
2025-08-28 00:05:13,919 [INFO] I2cTimingTraitement:330 - 0x109090D9
2025-08-28 00:05:13,934 [INFO] MicroXplorer:468 - Change Database Path : 
2025-08-28 00:05:13,934 [INFO] MicroXplorer:498 - Change Database Version : DB.6.0.150
2025-08-28 00:05:13,965 [ERROR] ProjectManagerView:395 - 
java.lang.NullPointerException: Cannot invoke "javax.swing.JTextField.getText()" because the return value of "java.util.List.get(int)" is null
	at com.st.microxplorer.plugins.projectmanager.gui.ProjectChoiceTab$9.caretUpdate(ProjectChoiceTab.java:2706) ~[filemanager.jar:?]
	at javax.swing.text.JTextComponent.fireCaretUpdate(JTextComponent.java:408) ~[?:?]
	at javax.swing.text.JTextComponent$MutableCaretEvent.fire(JTextComponent.java:4484) ~[?:?]
	at javax.swing.text.JTextComponent$MutableCaretEvent.stateChanged(JTextComponent.java:4506) ~[?:?]
	at javax.swing.text.DefaultCaret.fireStateChanged(DefaultCaret.java:857) ~[?:?]
	at javax.swing.text.DefaultCaret.changeCaretPosition(DefaultCaret.java:1343) ~[?:?]
	at javax.swing.text.DefaultCaret.handleSetDot(DefaultCaret.java:1242) ~[?:?]
	at javax.swing.text.DefaultCaret.setDot(DefaultCaret.java:1223) ~[?:?]
	at javax.swing.text.DefaultCaret$Handler.insertUpdate(DefaultCaret.java:1819) ~[?:?]
	at javax.swing.text.AbstractDocument.fireInsertUpdate(AbstractDocument.java:227) ~[?:?]
	at javax.swing.text.AbstractDocument.handleInsertString(AbstractDocument.java:781) ~[?:?]
	at javax.swing.text.AbstractDocument.insertString(AbstractDocument.java:740) ~[?:?]
	at javax.swing.text.PlainDocument.insertString(PlainDocument.java:131) ~[?:?]
	at javax.swing.text.AbstractDocument.replace(AbstractDocument.java:699) ~[?:?]
	at javax.swing.text.JTextComponent.setText(JTextComponent.java:1725) ~[?:?]
	at com.st.microxplorer.plugins.projectmanager.gui.ProjectChoiceTab.createHeapStackFields(ProjectChoiceTab.java:993) ~[filemanager.jar:?]
	at com.st.microxplorer.plugins.projectmanager.gui.ProjectChoiceTab.buildLinkSettingsPanel(ProjectChoiceTab.java:3813) ~[filemanager.jar:?]
	at com.st.microxplorer.plugins.projectmanager.gui.ProjectChoiceTab.defineWindowsFields(ProjectChoiceTab.java:1987) ~[filemanager.jar:?]
	at com.st.microxplorer.plugins.projectmanager.gui.ProjectChoiceTab.updateSettings(ProjectChoiceTab.java:558) ~[filemanager.jar:?]
	at com.st.microxplorer.plugins.projectmanager.gui.ProjectSettingsPanel.UpdateDialog(ProjectSettingsPanel.java:247) ~[filemanager.jar:?]
	at com.st.microxplorer.plugins.projectmanager.ProjectManagerView.propertyChange(ProjectManagerView.java:392) ~[filemanager.jar:?]
	at java.beans.PropertyChangeSupport.fire(PropertyChangeSupport.java:343) ~[?:?]
	at java.beans.PropertyChangeSupport.firePropertyChange(PropertyChangeSupport.java:335) ~[?:?]
	at java.beans.PropertyChangeSupport.firePropertyChange(PropertyChangeSupport.java:268) ~[?:?]
	at com.st.microxplorer.util.MXPropertyChangeSupport.firePropertyChange(MXPropertyChangeSupport.java:54) ~[STM32CubeMX.jar:?]
	at com.st.microxplorer.mxsystem.MxSystem.closeConfig(MxSystem.java:899) ~[STM32CubeMX.jar:?]
	at com.st.microxplorer.maingui.MainPanel.closeConfig(MainPanel.java:792) ~[STM32CubeMX.jar:?]
	at com.st.microxplorer.plugins.filemanager.engine.OpenFileManager.loadConfigurationFile(OpenFileManager.java:288) ~[filemanager.jar:?]
	at com.st.microxplorer.plugins.filemanager.engine.MainFileManager.userLoadConfig(MainFileManager.java:364) ~[filemanager.jar:?]
	at com.st.microxplorer.plugins.filemanager.engine.MainFileManager.userLoadConfig(MainFileManager.java:342) ~[filemanager.jar:?]
	at com.st.microxplorer.plugins.filemanager.FileManagerView.getSpecificTask(FileManagerView.java:264) ~[filemanager.jar:?]
	at com.st.stm32cube.common.mx.editor.CubeMxEditor.getMxTabbedPaneInstance(CubeMxEditor.java:1198) ~[com.st.stm32cube.common.mx_6.15.0.202507011659/:?]
	at com.st.stm32cube.common.mx.editor.CubeMxEditor$12$1.createSwingComponent(CubeMxEditor.java:1068) ~[com.st.stm32cube.common.mx_6.15.0.202507011659/:?]
	at com.st.stm32cube.common.mx.oss.core.awtswtbridge.EmbeddedSwingComposite.doComponentCreation(EmbeddedSwingComposite.java:492) ~[com.st.stm32cube.common.mx.oss_6.15.0.202507011659/:?]
	at com.st.stm32cube.common.mx.oss.core.awtswtbridge.EmbeddedSwingComposite$4.run(EmbeddedSwingComposite.java:291) ~[com.st.stm32cube.common.mx.oss_6.15.0.202507011659/:?]
	at com.st.stm32cube.common.mx.oss.core.awtswtbridge.AwtEnvironment$2.run(AwtEnvironment.java:166) ~[com.st.stm32cube.common.mx.oss_6.15.0.202507011659/:?]
	at java.awt.event.InvocationEvent.dispatch(InvocationEvent.java:318) ~[?:?]
	at java.awt.EventQueue.dispatchEventImpl(EventQueue.java:773) ~[?:?]
	at java.awt.EventQueue$4.run(EventQueue.java:720) ~[?:?]
	at java.awt.EventQueue$4.run(EventQueue.java:714) ~[?:?]
	at java.security.AccessController.doPrivileged(AccessController.java:400) ~[?:?]
	at java.security.ProtectionDomain$JavaSecurityAccessImpl.doIntersectionPrivilege(ProtectionDomain.java:87) ~[?:?]
	at java.awt.EventQueue.dispatchEvent(EventQueue.java:742) ~[?:?]
	at java.awt.EventDispatchThread.pumpOneEventForFilters(EventDispatchThread.java:203) ~[?:?]
	at java.awt.EventDispatchThread.pumpEventsForFilter(EventDispatchThread.java:124) ~[?:?]
	at java.awt.EventDispatchThread.pumpEventsForHierarchy(EventDispatchThread.java:113) ~[?:?]
	at java.awt.EventDispatchThread.pumpEvents(EventDispatchThread.java:109) ~[?:?]
	at java.awt.EventDispatchThread.pumpEvents(EventDispatchThread.java:101) ~[?:?]
	at java.awt.EventDispatchThread.run(EventDispatchThread.java:90) ~[?:?]
2025-08-28 00:05:13,971 [WARN] ThirdParty:871 - waiting for thirdparty lock release [close project]
2025-08-28 00:05:13,971 [INFO] ThirdParty:873 - entering critical section [close project]
2025-08-28 00:05:13,971 [INFO] ThirdParty:883 - exiting critical section [close project]
2025-08-28 00:05:13,974 [INFO] PinOutPanel:1589 - setPackage(No Configuration,No Configuration)
2025-08-28 00:05:13,984 [WARN] IpParametersView:155 - Warning: This peripheral hasn't parameters
2025-08-28 00:05:14,003 [WARN] MainPanel:289 - <html><b><center>Warning: This peripheral has no parameters to be configured<br></b></html>
2025-08-28 00:05:14,010 [WARN] IpParametersView:155 - Warning: This peripheral hasn't parameters
2025-08-28 00:05:14,026 [WARN] MainPanel:289 - <html><b><center>Warning: This peripheral has no parameters to be configured<br></b></html>
2025-08-28 00:05:14,036 [INFO] UtilMem:75 - Begin LoadConfig() Used Memory: 588807056 Bytes (1073741824)
2025-08-28 00:05:14,037 [INFO] MicroXplorer:468 - Change Database Path : 
2025-08-28 00:05:14,037 [INFO] MicroXplorer:498 - Change Database Version : DB.6.0.150
2025-08-28 00:05:14,037 [INFO] OpenFileManager:355 - Change cursor
2025-08-28 00:05:14,061 [INFO] RulesReader:64 - Compatibility file has been processed (317 Rules)
2025-08-28 00:05:14,070 [INFO] Mcu:2029 - Initializing MCU STM32H755ZITx STM32H755ZITx STM32H755ZIT6
2025-08-28 00:05:16,169 [INFO] Context:786 - Trying to add GPIOservice into a context  which must be forbidden
2025-08-28 00:05:16,169 [INFO] Context:786 - Trying to add GPIOservice into a context  which must be forbidden
2025-08-28 00:05:17,224 [INFO] ApiDbMcu:532 - Load IP Config File for NUCLEO-H755ZI-Q
2025-08-28 00:05:17,343 [INFO] Context:786 - Trying to add GPIOservice into a context  which must be forbidden
2025-08-28 00:05:17,353 [INFO] Context:786 - Trying to add GPIOservice into a context  which must be forbidden
2025-08-28 00:05:17,359 [INFO] ImportTextPane:234 - (OptionalMessage_ERROR) Pin58 (VP_RIF_VS_RIF1) cannot be retrieved for this MCU
2025-08-28 00:05:17,367 [INFO] ImportTextPane:234 - (OptionalMessage_ERROR) Unable to find key (Mcu.IP18) in loaded IOC file
2025-08-28 00:05:17,367 [INFO] ImportTextPane:234 - (OptionalMessage_ERROR) Unknown IP (dummy)
2025-08-28 00:05:17,487 [INFO] RtosManager:558 - Registered RTOS mode: class=CMSIS, group=RTOS, mode=CMSIS_V1, owner=FREERTOS_M7
2025-08-28 00:05:17,487 [INFO] RtosManager:558 - Registered RTOS mode: class=CMSIS, group=RTOS2, mode=CMSIS_V2, owner=FREERTOS_M7
2025-08-28 00:05:17,487 [INFO] RtosManager:558 - Registered RTOS mode: class=RTOS, group=Core, mode=CMSIS_V1, owner=FREERTOS_M7
2025-08-28 00:05:17,487 [INFO] RtosManager:558 - Registered RTOS mode: class=RTOS, group=Core, mode=CMSIS_V2, owner=FREERTOS_M7
2025-08-28 00:05:17,487 [WARN] ModelIntegratedComponent:184 - Missing modes for component STMicroelectronics:FreeRTOS:0.0.1:STMicroelectronics:RTOS:FreeRTOS:Core:::10.2.0:
2025-08-28 00:05:17,495 [WARN] ModelIntegratedComponent:63 - No mode defined for component null
2025-08-28 00:05:17,495 [WARN] ModelIntegratedComponent:63 - No mode defined for component null
2025-08-28 00:05:17,495 [WARN] ModelIntegratedComponent:63 - No mode defined for component null
2025-08-28 00:05:17,495 [WARN] ModelIntegratedComponent:63 - No mode defined for component null
2025-08-28 00:05:17,495 [WARN] ModelIntegratedComponent:63 - No mode defined for component null
2025-08-28 00:05:17,496 [WARN] ModelIntegratedComponent:63 - No mode defined for component null
2025-08-28 00:05:17,496 [WARN] ModelIntegratedComponent:63 - No mode defined for component null
2025-08-28 00:05:17,496 [WARN] ModelIntegratedComponent:63 - No mode defined for component null
2025-08-28 00:05:17,496 [WARN] ModelIntegratedComponent:63 - No mode defined for component null
2025-08-28 00:05:17,496 [WARN] ModelIntegratedComponent:63 - No mode defined for component null
2025-08-28 00:05:17,496 [WARN] ModelIntegratedComponent:63 - No mode defined for component null
2025-08-28 00:05:17,496 [WARN] ModelIntegratedComponent:63 - No mode defined for component null
2025-08-28 00:05:17,496 [WARN] ModelIntegratedComponent:63 - No mode defined for component null
2025-08-28 00:05:17,496 [WARN] ModelIntegratedComponent:63 - No mode defined for component null
2025-08-28 00:05:17,496 [WARN] ModelIntegratedComponent:63 - No mode defined for component null
2025-08-28 00:05:17,496 [WARN] ModelIntegratedComponent:63 - No mode defined for component null
2025-08-28 00:05:17,496 [WARN] ModelIntegratedComponent:63 - No mode defined for component null
2025-08-28 00:05:17,496 [WARN] ModelIntegratedComponent:63 - No mode defined for component null
2025-08-28 00:05:17,496 [WARN] ModelIntegratedComponent:63 - No mode defined for component null
2025-08-28 00:05:17,496 [WARN] ModelIntegratedComponent:63 - No mode defined for component null
2025-08-28 00:05:17,497 [WARN] ModelIntegratedComponent:63 - No mode defined for component null
2025-08-28 00:05:17,497 [WARN] ModelIntegratedComponent:63 - No mode defined for component null
2025-08-28 00:05:17,497 [WARN] ModelIntegratedComponent:63 - No mode defined for component null
2025-08-28 00:05:17,497 [WARN] ModelIntegratedComponent:63 - No mode defined for component null
2025-08-28 00:05:17,497 [WARN] ModelIntegratedComponent:63 - No mode defined for component null
2025-08-28 00:05:17,497 [WARN] ModelIntegratedComponent:63 - No mode defined for component null
2025-08-28 00:05:17,497 [WARN] ModelIntegratedComponent:63 - No mode defined for component null
2025-08-28 00:05:17,497 [WARN] ModelIntegratedComponent:63 - No mode defined for component null
2025-08-28 00:05:17,497 [WARN] ModelIntegratedComponent:63 - No mode defined for component null
2025-08-28 00:05:17,497 [WARN] ModelIntegratedComponent:63 - No mode defined for component null
2025-08-28 00:05:17,497 [WARN] ModelIntegratedComponent:63 - No mode defined for component null
2025-08-28 00:05:17,497 [WARN] ModelIntegratedComponent:63 - No mode defined for component null
2025-08-28 00:05:17,497 [WARN] ModelIntegratedComponent:63 - No mode defined for component null
2025-08-28 00:05:17,497 [WARN] ModelIntegratedComponent:63 - No mode defined for component null
2025-08-28 00:05:17,497 [WARN] ModelIntegratedComponent:63 - No mode defined for component null
2025-08-28 00:05:17,497 [WARN] ModelPack:524 - Component already loaded: STMicroelectronics:HAL Drivers:0.0.0:STMicroelectronics:Device:STMicro_Driver:XSPI:HAL::0.0.1:HAL_XSPI
2025-08-28 00:05:17,601 [INFO] RtosManager:558 - Registered RTOS mode: class=CMSIS, group=RTOS, mode=CMSIS_V1, owner=FREERTOS_M4
2025-08-28 00:05:17,601 [INFO] RtosManager:558 - Registered RTOS mode: class=CMSIS, group=RTOS2, mode=CMSIS_V2, owner=FREERTOS_M4
2025-08-28 00:05:17,601 [INFO] RtosManager:558 - Registered RTOS mode: class=RTOS, group=Core, mode=CMSIS_V1, owner=FREERTOS_M4
2025-08-28 00:05:17,601 [INFO] RtosManager:558 - Registered RTOS mode: class=RTOS, group=Core, mode=CMSIS_V2, owner=FREERTOS_M4
2025-08-28 00:05:17,601 [WARN] ModelIntegratedComponent:184 - Missing modes for component STMicroelectronics:FreeRTOS:0.0.1:STMicroelectronics:RTOS:FreeRTOS:Core:::10.2.0:
2025-08-28 00:05:17,608 [WARN] ModelIntegratedComponent:63 - No mode defined for component null
2025-08-28 00:05:17,608 [WARN] ModelIntegratedComponent:63 - No mode defined for component null
2025-08-28 00:05:17,608 [WARN] ModelIntegratedComponent:63 - No mode defined for component null
2025-08-28 00:05:17,608 [WARN] ModelIntegratedComponent:63 - No mode defined for component null
2025-08-28 00:05:17,608 [WARN] ModelIntegratedComponent:63 - No mode defined for component null
2025-08-28 00:05:17,608 [WARN] ModelIntegratedComponent:63 - No mode defined for component null
2025-08-28 00:05:17,608 [WARN] ModelIntegratedComponent:63 - No mode defined for component null
2025-08-28 00:05:17,608 [WARN] ModelIntegratedComponent:63 - No mode defined for component null
2025-08-28 00:05:17,608 [WARN] ModelIntegratedComponent:63 - No mode defined for component null
2025-08-28 00:05:17,608 [WARN] ModelIntegratedComponent:63 - No mode defined for component null
2025-08-28 00:05:17,608 [WARN] ModelIntegratedComponent:63 - No mode defined for component null
2025-08-28 00:05:17,608 [WARN] ModelIntegratedComponent:63 - No mode defined for component null
2025-08-28 00:05:17,608 [WARN] ModelIntegratedComponent:63 - No mode defined for component null
2025-08-28 00:05:17,609 [WARN] ModelIntegratedComponent:63 - No mode defined for component null
2025-08-28 00:05:17,609 [WARN] ModelIntegratedComponent:63 - No mode defined for component null
2025-08-28 00:05:17,609 [WARN] ModelIntegratedComponent:63 - No mode defined for component null
2025-08-28 00:05:17,609 [WARN] ModelIntegratedComponent:63 - No mode defined for component null
2025-08-28 00:05:17,609 [WARN] ModelIntegratedComponent:63 - No mode defined for component null
2025-08-28 00:05:17,609 [WARN] ModelIntegratedComponent:63 - No mode defined for component null
2025-08-28 00:05:17,609 [WARN] ModelIntegratedComponent:63 - No mode defined for component null
2025-08-28 00:05:17,609 [WARN] ModelIntegratedComponent:63 - No mode defined for component null
2025-08-28 00:05:17,609 [WARN] ModelIntegratedComponent:63 - No mode defined for component null
2025-08-28 00:05:17,609 [WARN] ModelIntegratedComponent:63 - No mode defined for component null
2025-08-28 00:05:17,609 [WARN] ModelIntegratedComponent:63 - No mode defined for component null
2025-08-28 00:05:17,609 [WARN] ModelIntegratedComponent:63 - No mode defined for component null
2025-08-28 00:05:17,609 [WARN] ModelIntegratedComponent:63 - No mode defined for component null
2025-08-28 00:05:17,609 [WARN] ModelIntegratedComponent:63 - No mode defined for component null
2025-08-28 00:05:17,609 [WARN] ModelIntegratedComponent:63 - No mode defined for component null
2025-08-28 00:05:17,609 [WARN] ModelIntegratedComponent:63 - No mode defined for component null
2025-08-28 00:05:17,609 [WARN] ModelIntegratedComponent:63 - No mode defined for component null
2025-08-28 00:05:17,609 [WARN] ModelIntegratedComponent:63 - No mode defined for component null
2025-08-28 00:05:17,609 [WARN] ModelIntegratedComponent:63 - No mode defined for component null
2025-08-28 00:05:17,609 [WARN] ModelIntegratedComponent:63 - No mode defined for component null
2025-08-28 00:05:17,609 [WARN] ModelIntegratedComponent:63 - No mode defined for component null
2025-08-28 00:05:17,609 [WARN] ModelIntegratedComponent:63 - No mode defined for component null
2025-08-28 00:05:17,609 [WARN] ModelPack:524 - Component already loaded: STMicroelectronics:HAL Drivers:0.0.0:STMicroelectronics:Device:STMicro_Driver:XSPI:HAL::0.0.1:HAL_XSPI
2025-08-28 00:05:17,695 [INFO] ThirdPartyModel:298 - Start build external matchings
2025-08-28 00:05:18,176 [INFO] ThirdPartyModel:316 - End build external matchings
2025-08-28 00:05:18,188 [INFO] ThirdPartyModel:298 - Start build external matchings
2025-08-28 00:05:18,647 [INFO] ThirdPartyModel:316 - End build external matchings
2025-08-28 00:05:18,655 [INFO] RtosManager:1018 - Current active RTOS is FREERTOS_M4 [CortexM4]
2025-08-28 00:05:18,656 [INFO] RtosManager:1018 - Current active RTOS is FREERTOS_M7 [CortexM7]
2025-08-28 00:05:18,821 [INFO] UtilMem:75 - End LoadConfig() Used Memory: 758441200 Bytes (1073741824)
2025-08-28 00:05:18,843 [WARN] ThirdParty:833 - waiting for thirdparty lock release [change project]
2025-08-28 00:05:18,844 [INFO] ThirdParty:835 - entering critical section [change project]
2025-08-28 00:05:18,844 [INFO] ThirdParty:1030 - CMSIS Pack Vendor :STMicroelectronics X-CUBE-PM33A1 1.0.0
2025-08-28 00:05:18,844 [INFO] ThirdParty:1030 - CMSIS Pack Vendor :STMicroelectronics USBPD 4.1
2025-08-28 00:05:18,844 [INFO] ThirdParty:1030 - CMSIS Pack Vendor :STMicroelectronics X-CUBE-AZRTOS-H7 3.3.0
2025-08-28 00:05:18,844 [INFO] ThirdParty:1030 - CMSIS Pack Vendor :STMicroelectronics X-CUBE-NFC9 1.0.0
2025-08-28 00:05:18,844 [INFO] ThirdParty:1030 - CMSIS Pack Vendor :STMicroelectronics USB_HOST 2.0.0
2025-08-28 00:05:18,844 [INFO] ThirdParty:1030 - CMSIS Pack Vendor :STMicroelectronics FP-SNS-MOTENVWB1 1.4.0
2025-08-28 00:05:18,844 [INFO] ThirdParty:1030 - CMSIS Pack Vendor :STMicroelectronics X-CUBE-AZRTOS-F4 1.1.0
2025-08-28 00:05:18,845 [INFO] ThirdParty:1030 - CMSIS Pack Vendor :STMicroelectronics LIBJPEG 8.0.0
2025-08-28 00:05:18,845 [INFO] ThirdParty:1030 - CMSIS Pack Vendor :STMicroelectronics FP-ATR-ASTRA1 2.0.2
2025-08-28 00:05:18,845 [INFO] ThirdParty:1030 - CMSIS Pack Vendor :STMicroelectronics FP-ATR-ASTRA1 2.0.1
2025-08-28 00:05:18,845 [INFO] ThirdParty:1030 - CMSIS Pack Vendor :STMicroelectronics X-CUBE-BLE1 7.1.0
2025-08-28 00:05:18,845 [INFO] ThirdParty:1030 - CMSIS Pack Vendor :Avnet-IotConnect X-CUBE-IoTC-DA16k-PMOD 1.0.0
2025-08-28 00:05:18,845 [INFO] ThirdParty:1030 - CMSIS Pack Vendor :STMicroelectronics X-CUBE-SMBUS 2.1.0
2025-08-28 00:05:18,845 [INFO] ThirdParty:1030 - CMSIS Pack Vendor :STMicroelectronics X-CUBE-WB05N 1.1.0
2025-08-28 00:05:18,845 [INFO] ThirdParty:1030 - CMSIS Pack Vendor :wolfSSL I-CUBE-wolfMQTT 1.19.2
2025-08-28 00:05:18,845 [INFO] ThirdParty:1030 - CMSIS Pack Vendor :STMicroelectronics USB_DEVICE 3.0.0
2025-08-28 00:05:18,845 [INFO] ThirdParty:1030 - CMSIS Pack Vendor :STMicroelectronics X-CUBE-ISPU 2.1.0
2025-08-28 00:05:18,845 [INFO] ThirdParty:1030 - CMSIS Pack Vendor :STMicroelectronics X-CUBE-EEPRMA1 5.2.0
2025-08-28 00:05:18,845 [INFO] ThirdParty:1030 - CMSIS Pack Vendor :STMicroelectronics X-CUBE-BLEMGR 4.1.0
2025-08-28 00:05:18,845 [INFO] ThirdParty:1030 - CMSIS Pack Vendor :STMicroelectronics X-CUBE-AZRTOS-WB 2.0.0
2025-08-28 00:05:18,845 [INFO] ThirdParty:1030 - CMSIS Pack Vendor :STMicroelectronics X-CUBE-ST60 1.0.0
2025-08-28 00:05:18,846 [INFO] ThirdParty:1030 - CMSIS Pack Vendor :STMicroelectronics X-CUBE-GNSS1 7.0.1
2025-08-28 00:05:18,846 [INFO] ThirdParty:1030 - CMSIS Pack Vendor :STMicroelectronics X-CUBE-NFC12 1.0.0
2025-08-28 00:05:18,846 [INFO] ThirdParty:1030 - CMSIS Pack Vendor :STMicroelectronics X-CUBE-AZRTOS-F7 1.1.0
2025-08-28 00:05:18,846 [INFO] ThirdParty:1030 - CMSIS Pack Vendor :STMicroelectronics X-CUBE-AZRTOS-L5 2.0.0
2025-08-28 00:05:18,846 [INFO] ThirdParty:1030 - CMSIS Pack Vendor :STMicroelectronics X-CUBE-TOUCHGFX 4.25.0
2025-08-28 00:05:18,846 [INFO] ThirdParty:1030 - CMSIS Pack Vendor :STMicroelectronics USB_DEVICE 2.0.0
2025-08-28 00:05:18,846 [INFO] ThirdParty:1030 - CMSIS Pack Vendor :STMicroelectronics X-CUBE-NFC6 3.1.0
2025-08-28 00:05:18,846 [INFO] ThirdParty:1030 - CMSIS Pack Vendor :STMicroelectronics X-CUBE-AI 10.1.0
2025-08-28 00:05:18,846 [INFO] ThirdParty:1030 - CMSIS Pack Vendor :STMicroelectronics FP-SNS-STBOX1 2.0.0
2025-08-28 00:05:18,846 [INFO] ThirdParty:1030 - CMSIS Pack Vendor :STMicroelectronics X-CUBE-MEMS1 11.2.0
2025-08-28 00:05:18,846 [INFO] ThirdParty:1030 - CMSIS Pack Vendor :STMicroelectronics FreeRTOS 0.0.1
2025-08-28 00:05:18,846 [INFO] ThirdParty:1030 - CMSIS Pack Vendor :STMicroelectronics X-CUBE-AZRTOS-G0 1.1.0
2025-08-28 00:05:18,846 [INFO] ThirdParty:1030 - CMSIS Pack Vendor :STMicroelectronics X-CUBE-SAFEA1 1.2.2
2025-08-28 00:05:18,846 [INFO] ThirdParty:1030 - CMSIS Pack Vendor :STMicroelectronics X-CUBE-NFC4 3.0.0
2025-08-28 00:05:18,846 [INFO] ThirdParty:1030 - CMSIS Pack Vendor :STMicroelectronics X-CUBE-SUBG2 5.0.0
2025-08-28 00:05:18,846 [INFO] ThirdParty:1030 - CMSIS Pack Vendor :STMicroelectronics X-CUBE-AZRTOS-H7RS 1.1.0
2025-08-28 00:05:18,846 [INFO] ThirdParty:1030 - CMSIS Pack Vendor :STMicroelectronics STM32_WPAN 1.0.0
2025-08-28 00:05:18,846 [INFO] ThirdParty:1030 - CMSIS Pack Vendor :EmbeddedOffice I-CUBE-FS-RTOS 1.0.1
2025-08-28 00:05:18,846 [INFO] ThirdParty:1030 - CMSIS Pack Vendor :STMicroelectronics lwIP 2.0.3
2025-08-28 00:05:18,846 [INFO] ThirdParty:1030 - CMSIS Pack Vendor :STMicroelectronics FP-SNS-FLIGHT1 5.0.2
2025-08-28 00:05:18,846 [INFO] ThirdParty:1030 - CMSIS Pack Vendor :Cesanta I-CUBE-Mongoose 7.13.0
2025-08-28 00:05:18,846 [INFO] ThirdParty:1030 - CMSIS Pack Vendor :STMicroelectronics USB_HOST 1.0.0
2025-08-28 00:05:18,846 [INFO] ThirdParty:1030 - CMSIS Pack Vendor :Infineon AIROC-Wi-Fi-Bluetooth-STM32 1.7.0
2025-08-28 00:05:18,846 [INFO] ThirdParty:1030 - CMSIS Pack Vendor :STMicroelectronics X-CUBE-AZRTOS-G4 2.0.0
2025-08-28 00:05:18,846 [INFO] ThirdParty:1030 - CMSIS Pack Vendor :STMicroelectronics X-CUBE-WB05N 2.0.0
2025-08-28 00:05:18,846 [INFO] ThirdParty:1030 - CMSIS Pack Vendor :STMicroelectronics PDM2PCM 3.1.0
2025-08-28 00:05:18,846 [INFO] ThirdParty:1030 - CMSIS Pack Vendor :STMicroelectronics PDM2PCM 3.3.0
2025-08-28 00:05:18,846 [INFO] ThirdParty:1030 - CMSIS Pack Vendor :wolfSSL I-CUBE-wolfTPM 3.8.0
2025-08-28 00:05:18,846 [INFO] ThirdParty:1030 - CMSIS Pack Vendor :STMicroelectronics X-CUBE-AZRTOS-H7 3.4.0
2025-08-28 00:05:18,846 [INFO] ThirdParty:1030 - CMSIS Pack Vendor :STMicroelectronics X-CUBE-DISPLAY 3.0.0
2025-08-28 00:05:18,846 [INFO] ThirdParty:1030 - CMSIS Pack Vendor :wolfSSL I-CUBE-wolfSSH 1.4.20
2025-08-28 00:05:18,846 [INFO] ThirdParty:1030 - CMSIS Pack Vendor :STMicroelectronics X-CUBE-NFC7 2.0.0
2025-08-28 00:05:18,847 [INFO] ThirdParty:1030 - CMSIS Pack Vendor :STMicroelectronics X-CUBE-TCPP 4.2.0
2025-08-28 00:05:18,847 [INFO] ThirdParty:1030 - CMSIS Pack Vendor :RealThread X-CUBE-RT-Thread_Nano 4.1.1
2025-08-28 00:05:18,847 [INFO] ThirdParty:1030 - CMSIS Pack Vendor :STMicroelectronics FP-ATR-SIGFOX1 3.2.0
2025-08-28 00:05:18,847 [INFO] ThirdParty:1030 - CMSIS Pack Vendor :STMicroelectronics X-CUBE-NFC10 1.0.0
2025-08-28 00:05:18,847 [INFO] ThirdParty:1030 - CMSIS Pack Vendor :STMicroelectronics X-CUBE-BLEMGR 4.0.0
2025-08-28 00:05:18,847 [INFO] ThirdParty:1030 - CMSIS Pack Vendor :STMicroelectronics X-CUBE-EEPRMA1 5.1.0
2025-08-28 00:05:18,847 [INFO] ThirdParty:1030 - CMSIS Pack Vendor :STMicroelectronics X-CUBE-FREERTOS 1.3.1
2025-08-28 00:05:18,847 [INFO] ThirdParty:1030 - CMSIS Pack Vendor :STMicroelectronics HAL Drivers 0.0.0
2025-08-28 00:05:18,847 [INFO] ThirdParty:1030 - CMSIS Pack Vendor :STMicroelectronics MBEDTLS 2.16.2
2025-08-28 00:05:18,847 [INFO] ThirdParty:1030 - CMSIS Pack Vendor :STMicroelectronics X-CUBE-IPS 3.1.0
2025-08-28 00:05:18,847 [INFO] ThirdParty:1030 - CMSIS Pack Vendor :STMicroelectronics X-CUBE-ALS 1.0.2
2025-08-28 00:05:18,847 [INFO] ThirdParty:1030 - CMSIS Pack Vendor :emotas I-CUBE-CANOPEN 1.3.0
2025-08-28 00:05:18,847 [INFO] ThirdParty:1030 - CMSIS Pack Vendor :STMicroelectronics X-CUBE-FREERTOS 1.3.0
2025-08-28 00:05:18,847 [INFO] ThirdParty:1030 - CMSIS Pack Vendor :STMicroelectronics X-CUBE-NFC7 1.0.1
2025-08-28 00:05:18,847 [INFO] ThirdParty:1030 - CMSIS Pack Vendor :STMicroelectronics MBEDTLS 2.14.1
2025-08-28 00:05:18,847 [INFO] ThirdParty:1030 - CMSIS Pack Vendor :wolfSSL I-CUBE-wolfSSL 5.7.6
2025-08-28 00:05:18,847 [INFO] ThirdParty:1030 - CMSIS Pack Vendor :ITTIA_DB I-CUBE-ITTIADB 8.9.0
2025-08-28 00:05:18,847 [INFO] ThirdParty:1030 - CMSIS Pack Vendor :portGmbH I-Cube-SoM-uGOAL 1.1.0
2025-08-28 00:05:18,847 [INFO] ThirdParty:1030 - CMSIS Pack Vendor :quantropi X-CUBE-qispace-sdk-base 2.0.0
2025-08-28 00:05:18,847 [INFO] ThirdParty:1030 - CMSIS Pack Vendor :STMicroelectronics X-CUBE-AI 10.0.0
2025-08-28 00:05:18,848 [INFO] ThirdParty:1030 - CMSIS Pack Vendor :STMicroelectronics X-CUBE-ST67W61 1.0.0
2025-08-28 00:05:18,848 [INFO] ThirdParty:1030 - CMSIS Pack Vendor :STMicroelectronics FP-SNS-STBOX1 2.1.0
2025-08-28 00:05:18,848 [INFO] ThirdParty:1030 - CMSIS Pack Vendor :STMicroelectronics X-CUBE-AI 10.2.0
2025-08-28 00:05:18,848 [INFO] ThirdParty:1030 - CMSIS Pack Vendor :STMicroelectronics FP-SNS-STAIOTCFT 1.0.0
2025-08-28 00:05:18,848 [INFO] ThirdParty:1030 - CMSIS Pack Vendor :STMicroelectronics ThreadX 1.0.0
2025-08-28 00:05:18,848 [INFO] ThirdParty:1030 - CMSIS Pack Vendor :STMicroelectronics FP-SNS-SMARTAG2 1.2.0
2025-08-28 00:05:18,848 [INFO] ThirdParty:1030 - CMSIS Pack Vendor :STMicroelectronics FP-SNS-FLIGHT1 5.1.0
2025-08-28 00:05:18,848 [INFO] ThirdParty:1030 - CMSIS Pack Vendor :STMicroelectronics X-CUBE-AZRTOS-WL 2.0.0
2025-08-28 00:05:18,848 [INFO] ThirdParty:1030 - CMSIS Pack Vendor :SEGGER I-CUBE-embOS 1.3.1
2025-08-28 00:05:18,848 [INFO] ThirdParty:1030 - CMSIS Pack Vendor :STMicroelectronics X-CUBE-ALGOBUILD 1.4.0
2025-08-28 00:05:18,848 [INFO] ThirdParty:1030 - CMSIS Pack Vendor :STMicroelectronics X-CUBE-DPower 1.3.0
2025-08-28 00:05:18,848 [INFO] ThirdParty:1030 - CMSIS Pack Vendor :STMicroelectronics X-CUBE-MEMS1 11.3.0
2025-08-28 00:05:18,848 [INFO] ThirdParty:1030 - CMSIS Pack Vendor :STMicroelectronics FP-SNS-MOTENV1 5.0.0
2025-08-28 00:05:18,848 [INFO] ThirdParty:1030 - CMSIS Pack Vendor :STMicroelectronics USB_DEVICE 1.0.0
2025-08-28 00:05:18,848 [INFO] ThirdParty:1030 - CMSIS Pack Vendor :STMicroelectronics X-CUBE-AZRTOS-L4 2.0.0
2025-08-28 00:05:18,848 [INFO] ThirdParty:1030 - CMSIS Pack Vendor :STMicroelectronics ThreadX 0.0.2
2025-08-28 00:05:18,848 [INFO] ThirdParty:1030 - CMSIS Pack Vendor :WES I-CUBE-Cesium 1.3.0
2025-08-28 00:05:18,848 [INFO] ThirdParty:1030 - CMSIS Pack Vendor :STMicroelectronics lwIP 2.1.2
2025-08-28 00:05:18,848 [INFO] ThirdParty:1030 - CMSIS Pack Vendor :STMicroelectronics X-CUBE-SFXS2LP1 4.0.0
2025-08-28 00:05:18,848 [INFO] ThirdParty:1030 - CMSIS Pack Vendor :STMicroelectronics X-CUBE-BLE2 3.3.0
2025-08-28 00:05:18,848 [INFO] ThirdParty:1030 - CMSIS Pack Vendor :STMicroelectronics X-CUBE-TOF1 3.4.3
2025-08-28 00:05:18,848 [INFO] ThirdParty:1030 - CMSIS Pack Vendor :STMicroelectronics PDM2PCM 3.2.0
2025-08-28 00:05:18,848 [INFO] ThirdParty:841 - exiting critical section [change project]
2025-08-28 00:05:19,276 [INFO] PinOutPanel:1589 - setPackage(No Configuration,No Configuration)
2025-08-28 00:05:19,277 [INFO] PinOutPanel:1589 - setPackage(STM32H755ZITx,LQFP144)
2025-08-28 00:05:19,765 [INFO] UtilMem:75 - Before build in PCC Used Memory: 687309136 Bytes (1073741824)
2025-08-28 00:05:20,087 [INFO] UtilMem:75 - After build in PCC Used Memory: 808943952 Bytes (1073741824)
2025-08-28 00:05:20,091 [INFO] ApiDbMcu:532 - Load IP Config File for FREERTOS_M4
2025-08-28 00:05:20,095 [INFO] ApiDbMcu:532 - Load IP Config File for FREERTOS_M7
2025-08-28 00:05:20,119 [INFO] IPUIPlugin:80 - create IPUIPlugin
2025-08-28 00:05:20,119 [INFO] IPUIPlugin:80 - create IPUIPlugin
2025-08-28 00:05:20,119 [INFO] IPUIPlugin:80 - create IPUIPlugin
2025-08-28 00:05:20,119 [INFO] IPUIPlugin:80 - create IPUIPlugin
2025-08-28 00:05:20,119 [INFO] IPUIPlugin:80 - create IPUIPlugin
2025-08-28 00:05:20,119 [INFO] IPUIPlugin:80 - create IPUIPlugin
2025-08-28 00:05:20,119 [INFO] IPUIPlugin:80 - create IPUIPlugin
2025-08-28 00:05:20,120 [INFO] IPUIPlugin:80 - create IPUIPlugin
2025-08-28 00:05:20,120 [INFO] IPUIPlugin:80 - create IPUIPlugin
2025-08-28 00:05:20,120 [INFO] IPUIPlugin:80 - create IPUIPlugin
2025-08-28 00:05:20,120 [INFO] IPUIPlugin:80 - create IPUIPlugin
2025-08-28 00:05:20,120 [INFO] IPUIPlugin:80 - create IPUIPlugin
2025-08-28 00:05:20,121 [INFO] IPUIPlugin:80 - create IPUIPlugin
2025-08-28 00:05:20,121 [INFO] IPUIPlugin:80 - create IPUIPlugin
2025-08-28 00:05:20,121 [INFO] IPUIPlugin:80 - create IPUIPlugin
2025-08-28 00:05:20,121 [INFO] IPUIPlugin:80 - create IPUIPlugin
2025-08-28 00:05:20,121 [INFO] IPUIPlugin:80 - create IPUIPlugin
2025-08-28 00:05:20,121 [INFO] IPUIPlugin:80 - create IPUIPlugin
2025-08-28 00:05:20,121 [INFO] IPUIPlugin:80 - create IPUIPlugin
2025-08-28 00:05:20,121 [INFO] IPUIPlugin:80 - create IPUIPlugin
2025-08-28 00:05:20,121 [INFO] IPUIPlugin:80 - create IPUIPlugin
2025-08-28 00:05:20,121 [INFO] IPUIPlugin:80 - create IPUIPlugin
2025-08-28 00:05:20,121 [INFO] IPUIPlugin:80 - create IPUIPlugin
2025-08-28 00:05:20,122 [INFO] IPUIPlugin:80 - create IPUIPlugin
2025-08-28 00:05:20,122 [INFO] IPUIPlugin:80 - create IPUIPlugin
2025-08-28 00:05:20,122 [INFO] IPUIPlugin:80 - create IPUIPlugin
2025-08-28 00:05:20,122 [INFO] IPUIPlugin:80 - create IPUIPlugin
2025-08-28 00:05:20,122 [INFO] IPUIPlugin:80 - create IPUIPlugin
2025-08-28 00:05:20,122 [INFO] IPUIPlugin:80 - create IPUIPlugin
2025-08-28 00:05:20,122 [INFO] IPUIPlugin:80 - create IPUIPlugin
2025-08-28 00:05:20,122 [INFO] IPUIPlugin:80 - create IPUIPlugin
2025-08-28 00:05:20,122 [INFO] IPUIPlugin:80 - create IPUIPlugin
2025-08-28 00:05:20,122 [INFO] IPUIPlugin:80 - create IPUIPlugin
2025-08-28 00:05:20,122 [INFO] IPUIPlugin:80 - create IPUIPlugin
2025-08-28 00:05:20,123 [INFO] IPUIPlugin:80 - create IPUIPlugin
2025-08-28 00:05:20,123 [INFO] IPUIPlugin:80 - create IPUIPlugin
2025-08-28 00:05:20,123 [INFO] IPUIPlugin:80 - create IPUIPlugin
2025-08-28 00:05:20,123 [INFO] IPUIPlugin:80 - create IPUIPlugin
2025-08-28 00:05:20,123 [INFO] IPUIPlugin:80 - create IPUIPlugin
2025-08-28 00:05:20,123 [INFO] IPUIPlugin:80 - create IPUIPlugin
2025-08-28 00:05:20,123 [INFO] IPUIPlugin:80 - create IPUIPlugin
2025-08-28 00:05:20,124 [INFO] IPUIPlugin:80 - create IPUIPlugin
2025-08-28 00:05:20,124 [INFO] IPUIPlugin:80 - create IPUIPlugin
2025-08-28 00:05:20,124 [INFO] IPUIPlugin:80 - create IPUIPlugin
2025-08-28 00:05:20,125 [INFO] IPUIPlugin:80 - create IPUIPlugin
2025-08-28 00:05:20,125 [INFO] IPUIPlugin:80 - create IPUIPlugin
2025-08-28 00:05:20,125 [INFO] IPUIPlugin:80 - create IPUIPlugin
2025-08-28 00:05:20,125 [INFO] IPUIPlugin:80 - create IPUIPlugin
2025-08-28 00:05:20,126 [INFO] IPUIPlugin:80 - create IPUIPlugin
2025-08-28 00:05:20,126 [INFO] IPUIPlugin:80 - create IPUIPlugin
2025-08-28 00:05:20,126 [INFO] IPUIPlugin:80 - create IPUIPlugin
2025-08-28 00:05:20,127 [INFO] IPUIPlugin:80 - create IPUIPlugin
2025-08-28 00:05:20,127 [INFO] IPUIPlugin:80 - create IPUIPlugin
2025-08-28 00:05:20,127 [INFO] IPUIPlugin:80 - create IPUIPlugin
2025-08-28 00:05:20,127 [INFO] IPUIPlugin:80 - create IPUIPlugin
2025-08-28 00:05:20,127 [INFO] IPUIPlugin:80 - create IPUIPlugin
2025-08-28 00:05:20,127 [INFO] IPUIPlugin:80 - create IPUIPlugin
2025-08-28 00:05:20,128 [INFO] IPUIPlugin:80 - create IPUIPlugin
2025-08-28 00:05:20,128 [INFO] IPUIPlugin:80 - create IPUIPlugin
2025-08-28 00:05:20,128 [INFO] IPUIPlugin:80 - create IPUIPlugin
2025-08-28 00:05:20,128 [INFO] IPUIPlugin:80 - create IPUIPlugin
2025-08-28 00:05:20,128 [INFO] IPUIPlugin:80 - create IPUIPlugin
2025-08-28 00:05:20,128 [INFO] IPUIPlugin:80 - create IPUIPlugin
2025-08-28 00:05:20,129 [INFO] IPUIPlugin:80 - create IPUIPlugin
2025-08-28 00:05:20,129 [INFO] IPUIPlugin:80 - create IPUIPlugin
2025-08-28 00:05:20,129 [INFO] IPUIPlugin:80 - create IPUIPlugin
2025-08-28 00:05:20,130 [INFO] IPUIPlugin:80 - create IPUIPlugin
2025-08-28 00:05:20,130 [INFO] IPUIPlugin:80 - create IPUIPlugin
2025-08-28 00:05:20,130 [INFO] IPUIPlugin:80 - create IPUIPlugin
2025-08-28 00:05:20,130 [INFO] IPUIPlugin:80 - create IPUIPlugin
2025-08-28 00:05:20,130 [INFO] IPUIPlugin:80 - create IPUIPlugin
2025-08-28 00:05:20,131 [INFO] IPUIPlugin:80 - create IPUIPlugin
2025-08-28 00:05:20,131 [INFO] IPUIPlugin:80 - create IPUIPlugin
2025-08-28 00:05:20,131 [INFO] IPUIPlugin:80 - create IPUIPlugin
2025-08-28 00:05:20,132 [INFO] IPUIPlugin:80 - create IPUIPlugin
2025-08-28 00:05:20,132 [INFO] IPUIPlugin:80 - create IPUIPlugin
2025-08-28 00:05:20,132 [INFO] IPUIPlugin:80 - create IPUIPlugin
2025-08-28 00:05:20,133 [INFO] IPUIPlugin:80 - create IPUIPlugin
2025-08-28 00:05:20,133 [INFO] IPUIPlugin:80 - create IPUIPlugin
2025-08-28 00:05:20,133 [INFO] IPUIPlugin:80 - create IPUIPlugin
2025-08-28 00:05:20,133 [INFO] IPUIPlugin:80 - create IPUIPlugin
2025-08-28 00:05:20,134 [INFO] IPUIPlugin:80 - create IPUIPlugin
2025-08-28 00:05:20,134 [INFO] IPUIPlugin:80 - create IPUIPlugin
2025-08-28 00:05:20,134 [INFO] IPUIPlugin:80 - create IPUIPlugin
2025-08-28 00:05:20,134 [INFO] IPUIPlugin:80 - create IPUIPlugin
2025-08-28 00:05:20,135 [INFO] IPUIPlugin:80 - create IPUIPlugin
2025-08-28 00:05:20,135 [INFO] IPUIPlugin:80 - create IPUIPlugin
2025-08-28 00:05:20,135 [INFO] IPUIPlugin:80 - create IPUIPlugin
2025-08-28 00:05:20,136 [INFO] IPUIPlugin:80 - create IPUIPlugin
2025-08-28 00:05:20,136 [INFO] IPUIPlugin:80 - create IPUIPlugin
2025-08-28 00:05:20,136 [INFO] IPUIPlugin:80 - create IPUIPlugin
2025-08-28 00:05:20,137 [INFO] IPUIPlugin:80 - create IPUIPlugin
2025-08-28 00:05:20,137 [INFO] IPUIPlugin:80 - create IPUIPlugin
2025-08-28 00:05:20,137 [INFO] IPUIPlugin:80 - create IPUIPlugin
2025-08-28 00:05:20,138 [INFO] IPUIPlugin:80 - create IPUIPlugin
2025-08-28 00:05:20,138 [INFO] IPUIPlugin:80 - create IPUIPlugin
2025-08-28 00:05:20,138 [INFO] IPUIPlugin:80 - create IPUIPlugin
2025-08-28 00:05:20,139 [INFO] IPUIPlugin:80 - create IPUIPlugin
2025-08-28 00:05:20,139 [INFO] IPUIPlugin:80 - create IPUIPlugin
2025-08-28 00:05:20,139 [INFO] IPUIPlugin:80 - create IPUIPlugin
2025-08-28 00:05:20,140 [INFO] IPUIPlugin:80 - create IPUIPlugin
2025-08-28 00:05:20,140 [INFO] IPUIPlugin:80 - create IPUIPlugin
2025-08-28 00:05:20,140 [INFO] IPUIPlugin:80 - create IPUIPlugin
2025-08-28 00:05:20,140 [INFO] IPUIPlugin:80 - create IPUIPlugin
2025-08-28 00:05:20,141 [INFO] IPUIPlugin:80 - create IPUIPlugin
2025-08-28 00:05:20,141 [INFO] IPUIPlugin:80 - create IPUIPlugin
2025-08-28 00:05:20,142 [INFO] IPUIPlugin:80 - create IPUIPlugin
2025-08-28 00:05:20,142 [INFO] IPUIPlugin:80 - create IPUIPlugin
2025-08-28 00:05:20,142 [INFO] IPUIPlugin:80 - create IPUIPlugin
2025-08-28 00:05:20,143 [INFO] IPUIPlugin:80 - create IPUIPlugin
2025-08-28 00:05:20,144 [INFO] IPUIPlugin:80 - create IPUIPlugin
2025-08-28 00:05:20,144 [INFO] IPUIPlugin:80 - create IPUIPlugin
2025-08-28 00:05:20,144 [INFO] IPUIPlugin:80 - create IPUIPlugin
2025-08-28 00:05:20,145 [INFO] IPUIPlugin:80 - create IPUIPlugin
2025-08-28 00:05:20,148 [INFO] ApiDbMcu:532 - Load IP Config File for PDM2PCM_M7
2025-08-28 00:05:20,149 [INFO] ApiDbMcu:532 - Load IP Config File for PDM2PCM_M4
2025-08-28 00:05:20,164 [WARN] FreeRTOS:1023 - Null or empty value: should not occur! (nothing added to the table)
2025-08-28 00:05:20,168 [WARN] FreeRTOS:1023 - Null or empty value: should not occur! (nothing added to the table)
2025-08-28 00:05:20,225 [INFO] CADModel:165 - CPN selected for project levelSTM32H755ZIT6
2025-08-28 00:05:20,225 [INFO] CADModel:114 - Register for checkConnection events
2025-08-28 00:05:20,228 [INFO] RtosManager:728 - Active RTOS found at IOC load: FREERTOS_M4 [CortexM4]
2025-08-28 00:05:20,236 [INFO] RtosManager:728 - Active RTOS found at IOC load: FREERTOS_M7 [CortexM7]
2025-08-28 00:05:20,301 [INFO] OpenFileManager:386 - Restore cursor
2025-08-28 00:05:20,525 [INFO] ProjectChoiceTab:902 - Analytics plugin initialized for: CortexM4 Enable multi-threaded support
2025-08-28 00:05:27,716 [INFO] ADCParametersView:116 -                Rank 1 : false
2025-08-28 00:05:27,816 [INFO] ADCParametersView:116 -                Rank 1 : false
2025-08-28 00:05:27,817 [INFO] ADCParametersView:116 -                Rank 1 : false
2025-08-28 00:05:27,817 [INFO] ADCParametersView:116 -                Rank 1 : false
2025-08-28 00:05:27,817 [INFO] ADCParametersView:116 -                Rank 1 : false
2025-08-28 00:05:27,817 [INFO] ADCParametersView:116 -                Rank 1 : false
2025-08-28 00:05:27,817 [INFO] ADCParametersView:116 -                Rank 1 : false
2025-08-28 00:05:27,817 [INFO] ADCParametersView:116 -                Rank 1 : false
2025-08-28 00:05:27,817 [INFO] ADCParametersView:116 -                Rank 1 : false
2025-08-28 00:05:27,817 [INFO] ADCParametersView:116 -                Rank 1 : false
2025-08-28 00:05:27,817 [INFO] ADCParametersView:116 -                Rank 1 : false
2025-08-28 00:05:27,817 [INFO] ADCParametersView:116 -                Rank 1 : false
2025-08-28 00:05:27,817 [INFO] ADCParametersView:116 -                Rank 1 : false
2025-08-28 00:05:27,817 [INFO] ADCParametersView:116 -                Rank 1 : false
2025-08-28 00:05:27,817 [INFO] ADCParametersView:116 -                Rank 1 : false
2025-08-28 00:05:27,817 [INFO] ADCParametersView:116 -                Rank 1 : false
2025-08-28 00:05:27,817 [INFO] ADCParametersView:116 -                Rank 1 : false
2025-08-28 00:05:27,817 [INFO] ADCParametersView:116 -                Rank 1 : false
2025-08-28 00:05:27,817 [INFO] ADCParametersView:116 -                Rank 1 : false
2025-08-28 00:05:27,817 [INFO] ADCParametersView:116 -                Rank 1 : false
2025-08-28 00:05:27,817 [INFO] ADCParametersView:116 -                Rank 1 : false
2025-08-28 00:05:27,897 [INFO] ADCParametersView:116 -                Rank 1 : false
2025-08-28 00:05:31,992 [WARN] ContextAllowed:149 - Switch context cannot be done in case of multiple context selected
2025-08-28 00:05:32,389 [INFO] ADCParametersView:116 -                Rank 1 : false
2025-08-28 00:05:32,390 [INFO] ADCParametersView:116 -                Rank 1 : false
2025-08-28 00:05:32,390 [INFO] ADCParametersView:116 -                Rank 1 : false
2025-08-28 00:05:32,390 [INFO] ADCParametersView:116 -                Rank 1 : false
2025-08-28 00:05:32,390 [INFO] ADCParametersView:116 -                Rank 1 : false
2025-08-28 00:05:32,390 [INFO] ADCParametersView:116 -                Rank 1 : false
2025-08-28 00:05:32,390 [INFO] ADCParametersView:116 -                Rank 1 : false
2025-08-28 00:05:32,390 [INFO] ADCParametersView:116 -                Rank 1 : false
2025-08-28 00:05:32,390 [INFO] ADCParametersView:116 -                Rank 1 : false
2025-08-28 00:05:32,390 [INFO] ADCParametersView:116 -                Rank 1 : false
2025-08-28 00:05:32,390 [INFO] ADCParametersView:116 -                Rank 1 : false
2025-08-28 00:05:32,390 [INFO] ADCParametersView:116 -                Rank 1 : false
2025-08-28 00:05:32,390 [INFO] ADCParametersView:116 -                Rank 1 : false
2025-08-28 00:05:32,390 [INFO] ADCParametersView:116 -                Rank 1 : false
2025-08-28 00:05:32,390 [INFO] ADCParametersView:116 -                Rank 1 : false
2025-08-28 00:05:32,390 [INFO] ADCParametersView:116 -                Rank 1 : false
2025-08-28 00:05:32,390 [INFO] ADCParametersView:116 -                Rank 1 : false
2025-08-28 00:05:32,390 [INFO] ADCParametersView:116 -                Rank 1 : false
2025-08-28 00:05:32,390 [INFO] ADCParametersView:116 -                Rank 1 : false
2025-08-28 00:05:32,390 [INFO] ADCParametersView:116 -                Rank 1 : false
2025-08-28 00:05:32,470 [INFO] ADCParametersView:116 -                Rank 1 : false
2025-08-28 00:05:32,567 [INFO] ADCParametersView:116 -                Rank 1 : false
2025-08-28 00:05:32,567 [INFO] ADCParametersView:116 -                Rank 1 : false
2025-08-28 00:05:32,567 [INFO] ADCParametersView:116 -                Rank 1 : false
2025-08-28 00:05:32,567 [INFO] ADCParametersView:116 -                Rank 1 : false
2025-08-28 00:05:32,567 [INFO] ADCParametersView:116 -                Rank 1 : false
2025-08-28 00:05:32,567 [INFO] ADCParametersView:116 -                Rank 1 : false
2025-08-28 00:05:32,567 [INFO] ADCParametersView:116 -                Rank 1 : false
2025-08-28 00:05:32,567 [INFO] ADCParametersView:116 -                Rank 1 : false
2025-08-28 00:05:32,567 [INFO] ADCParametersView:116 -                Rank 1 : false
2025-08-28 00:05:32,567 [INFO] ADCParametersView:116 -                Rank 1 : false
2025-08-28 00:05:32,567 [INFO] ADCParametersView:116 -                Rank 1 : false
2025-08-28 00:05:32,567 [INFO] ADCParametersView:116 -                Rank 1 : false
2025-08-28 00:05:32,567 [INFO] ADCParametersView:116 -                Rank 1 : false
2025-08-28 00:05:32,567 [INFO] ADCParametersView:116 -                Rank 1 : false
2025-08-28 00:05:32,567 [INFO] ADCParametersView:116 -                Rank 1 : false
2025-08-28 00:05:32,567 [INFO] ADCParametersView:116 -                Rank 1 : false
2025-08-28 00:05:32,567 [INFO] ADCParametersView:116 -                Rank 1 : false
2025-08-28 00:05:32,567 [INFO] ADCParametersView:116 -                Rank 1 : false
2025-08-28 00:05:32,567 [INFO] ADCParametersView:116 -                Rank 1 : false
2025-08-28 00:05:32,568 [INFO] ADCParametersView:116 -                Rank 1 : false
2025-08-28 00:05:32,642 [INFO] ADCParametersView:116 -                Rank 1 : false
2025-08-28 00:05:33,143 [INFO] ADCParametersView:116 -                Rank 1 : false
2025-08-28 00:05:33,143 [INFO] ADCParametersView:116 -                Rank 1 : false
2025-08-28 00:05:33,143 [INFO] ADCParametersView:116 -                Rank 1 : false
2025-08-28 00:05:33,143 [INFO] ADCParametersView:116 -                Rank 1 : false
2025-08-28 00:05:33,143 [INFO] ADCParametersView:116 -                Rank 1 : false
2025-08-28 00:05:33,143 [INFO] ADCParametersView:116 -                Rank 1 : false
2025-08-28 00:05:33,143 [INFO] ADCParametersView:116 -                Rank 1 : false
2025-08-28 00:05:33,143 [INFO] ADCParametersView:116 -                Rank 1 : false
2025-08-28 00:05:33,143 [INFO] ADCParametersView:116 -                Rank 1 : false
2025-08-28 00:05:33,143 [INFO] ADCParametersView:116 -                Rank 1 : false
2025-08-28 00:05:33,143 [INFO] ADCParametersView:116 -                Rank 1 : false
2025-08-28 00:05:33,143 [INFO] ADCParametersView:116 -                Rank 1 : false
2025-08-28 00:05:33,143 [INFO] ADCParametersView:116 -                Rank 1 : false
2025-08-28 00:05:33,143 [INFO] ADCParametersView:116 -                Rank 1 : false
2025-08-28 00:05:33,143 [INFO] ADCParametersView:116 -                Rank 1 : false
2025-08-28 00:05:33,143 [INFO] ADCParametersView:116 -                Rank 1 : false
2025-08-28 00:05:33,143 [INFO] ADCParametersView:116 -                Rank 1 : false
2025-08-28 00:05:33,143 [INFO] ADCParametersView:116 -                Rank 1 : false
2025-08-28 00:05:33,143 [INFO] ADCParametersView:116 -                Rank 1 : false
2025-08-28 00:05:33,143 [INFO] ADCParametersView:116 -                Rank 1 : false
2025-08-28 00:05:33,218 [INFO] ADCParametersView:116 -                Rank 1 : false
2025-08-28 00:05:33,307 [INFO] ADCParametersView:116 -                Rank 1 : false
2025-08-28 00:05:33,307 [INFO] ADCParametersView:116 -                Rank 1 : false
2025-08-28 00:05:33,307 [INFO] ADCParametersView:116 -                Rank 1 : false
2025-08-28 00:05:33,307 [INFO] ADCParametersView:116 -                Rank 1 : false
2025-08-28 00:05:33,307 [INFO] ADCParametersView:116 -                Rank 1 : false
2025-08-28 00:05:33,307 [INFO] ADCParametersView:116 -                Rank 1 : false
2025-08-28 00:05:33,307 [INFO] ADCParametersView:116 -                Rank 1 : false
2025-08-28 00:05:33,307 [INFO] ADCParametersView:116 -                Rank 1 : false
2025-08-28 00:05:33,307 [INFO] ADCParametersView:116 -                Rank 1 : false
2025-08-28 00:05:33,307 [INFO] ADCParametersView:116 -                Rank 1 : false
2025-08-28 00:05:33,307 [INFO] ADCParametersView:116 -                Rank 1 : false
2025-08-28 00:05:33,307 [INFO] ADCParametersView:116 -                Rank 1 : false
2025-08-28 00:05:33,307 [INFO] ADCParametersView:116 -                Rank 1 : false
2025-08-28 00:05:33,307 [INFO] ADCParametersView:116 -                Rank 1 : false
2025-08-28 00:05:33,307 [INFO] ADCParametersView:116 -                Rank 1 : false
2025-08-28 00:05:33,307 [INFO] ADCParametersView:116 -                Rank 1 : false
2025-08-28 00:05:33,307 [INFO] ADCParametersView:116 -                Rank 1 : false
2025-08-28 00:05:33,307 [INFO] ADCParametersView:116 -                Rank 1 : false
2025-08-28 00:05:33,307 [INFO] ADCParametersView:116 -                Rank 1 : false
2025-08-28 00:05:33,307 [INFO] ADCParametersView:116 -                Rank 1 : false
2025-08-28 00:05:33,423 [INFO] ADCParametersView:116 -                Rank 1 : false
2025-08-28 00:05:47,746 [INFO] NvicIntPanel:101 - NVIC parent = com.st.microxplorer.plugins.ip.nvic.MultiNvicIntPanel[,0,0,0x0,invalid,layout=javax.swing.BoxLayout,alignmentX=0.0,alignmentY=0.0,border=,flags=9,maximumSize=,minimumSize=,preferredSize=]
2025-08-28 00:05:47,813 [INFO] ADCParametersView:116 -                Rank 1 : false
2025-08-28 00:05:47,814 [INFO] ADCParametersView:116 -                Rank 1 : false
2025-08-28 00:05:47,814 [INFO] ADCParametersView:116 -                Rank 1 : false
2025-08-28 00:05:47,814 [INFO] ADCParametersView:116 -                Rank 1 : false
2025-08-28 00:05:47,814 [INFO] ADCParametersView:116 -                Rank 1 : false
2025-08-28 00:05:47,814 [INFO] ADCParametersView:116 -                Rank 1 : false
2025-08-28 00:05:47,814 [INFO] ADCParametersView:116 -                Rank 1 : false
2025-08-28 00:05:47,814 [INFO] ADCParametersView:116 -                Rank 1 : false
2025-08-28 00:05:47,814 [INFO] ADCParametersView:116 -                Rank 1 : false
2025-08-28 00:05:47,814 [INFO] ADCParametersView:116 -                Rank 1 : false
2025-08-28 00:05:47,814 [INFO] ADCParametersView:116 -                Rank 1 : false
2025-08-28 00:05:47,815 [INFO] ADCParametersView:116 -                Rank 1 : false
2025-08-28 00:05:47,815 [INFO] ADCParametersView:116 -                Rank 1 : false
2025-08-28 00:05:47,815 [INFO] ADCParametersView:116 -                Rank 1 : false
2025-08-28 00:05:47,815 [INFO] ADCParametersView:116 -                Rank 1 : false
2025-08-28 00:05:47,815 [INFO] ADCParametersView:116 -                Rank 1 : false
2025-08-28 00:05:47,815 [INFO] ADCParametersView:116 -                Rank 1 : false
2025-08-28 00:05:47,815 [INFO] ADCParametersView:116 -                Rank 1 : false
2025-08-28 00:05:47,815 [INFO] ADCParametersView:116 -                Rank 1 : false
2025-08-28 00:05:47,815 [INFO] ADCParametersView:116 -                Rank 1 : false
2025-08-28 00:05:47,897 [INFO] ADCParametersView:116 -                Rank 1 : false
2025-08-28 00:06:02,370 [INFO] NvicIntPanel:101 - NVIC parent = com.st.microxplorer.plugins.ip.nvic.MultiNvicIntPanel[,0,0,0x0,invalid,layout=javax.swing.BoxLayout,alignmentX=0.0,alignmentY=0.0,border=,flags=9,maximumSize=,minimumSize=,preferredSize=]
2025-08-28 00:06:02,425 [INFO] ADCParametersView:116 -                Rank 1 : false
2025-08-28 00:06:02,426 [INFO] ADCParametersView:116 -                Rank 1 : false
2025-08-28 00:06:02,426 [INFO] ADCParametersView:116 -                Rank 1 : false
2025-08-28 00:06:02,426 [INFO] ADCParametersView:116 -                Rank 1 : false
2025-08-28 00:06:02,426 [INFO] ADCParametersView:116 -                Rank 1 : false
2025-08-28 00:06:02,426 [INFO] ADCParametersView:116 -                Rank 1 : false
2025-08-28 00:06:02,426 [INFO] ADCParametersView:116 -                Rank 1 : false
2025-08-28 00:06:02,426 [INFO] ADCParametersView:116 -                Rank 1 : false
2025-08-28 00:06:02,426 [INFO] ADCParametersView:116 -                Rank 1 : false
2025-08-28 00:06:02,426 [INFO] ADCParametersView:116 -                Rank 1 : false
2025-08-28 00:06:02,426 [INFO] ADCParametersView:116 -                Rank 1 : false
2025-08-28 00:06:02,426 [INFO] ADCParametersView:116 -                Rank 1 : false
2025-08-28 00:06:02,426 [INFO] ADCParametersView:116 -                Rank 1 : false
2025-08-28 00:06:02,426 [INFO] ADCParametersView:116 -                Rank 1 : false
2025-08-28 00:06:02,426 [INFO] ADCParametersView:116 -                Rank 1 : false
2025-08-28 00:06:02,426 [INFO] ADCParametersView:116 -                Rank 1 : false
2025-08-28 00:06:02,426 [INFO] ADCParametersView:116 -                Rank 1 : false
2025-08-28 00:06:02,426 [INFO] ADCParametersView:116 -                Rank 1 : false
2025-08-28 00:06:02,426 [INFO] ADCParametersView:116 -                Rank 1 : false
2025-08-28 00:06:02,426 [INFO] ADCParametersView:116 -                Rank 1 : false
2025-08-28 00:06:02,503 [INFO] ADCParametersView:116 -                Rank 1 : false
2025-08-28 00:06:06,118 [INFO] NvicIntPanel:101 - NVIC parent = com.st.microxplorer.plugins.ip.nvic.MultiNvicIntPanel[,0,0,0x0,invalid,layout=javax.swing.BoxLayout,alignmentX=0.0,alignmentY=0.0,border=,flags=9,maximumSize=,minimumSize=,preferredSize=]
2025-08-28 00:06:06,170 [INFO] ADCParametersView:116 -                Rank 1 : false
2025-08-28 00:06:06,171 [INFO] ADCParametersView:116 -                Rank 1 : false
2025-08-28 00:06:06,171 [INFO] ADCParametersView:116 -                Rank 1 : false
2025-08-28 00:06:06,171 [INFO] ADCParametersView:116 -                Rank 1 : false
2025-08-28 00:06:06,171 [INFO] ADCParametersView:116 -                Rank 1 : false
2025-08-28 00:06:06,171 [INFO] ADCParametersView:116 -                Rank 1 : false
2025-08-28 00:06:06,171 [INFO] ADCParametersView:116 -                Rank 1 : false
2025-08-28 00:06:06,171 [INFO] ADCParametersView:116 -                Rank 1 : false
2025-08-28 00:06:06,171 [INFO] ADCParametersView:116 -                Rank 1 : false
2025-08-28 00:06:06,171 [INFO] ADCParametersView:116 -                Rank 1 : false
2025-08-28 00:06:06,171 [INFO] ADCParametersView:116 -                Rank 1 : false
2025-08-28 00:06:06,171 [INFO] ADCParametersView:116 -                Rank 1 : false
2025-08-28 00:06:06,171 [INFO] ADCParametersView:116 -                Rank 1 : false
2025-08-28 00:06:06,171 [INFO] ADCParametersView:116 -                Rank 1 : false
2025-08-28 00:06:06,171 [INFO] ADCParametersView:116 -                Rank 1 : false
2025-08-28 00:06:06,171 [INFO] ADCParametersView:116 -                Rank 1 : false
2025-08-28 00:06:06,171 [INFO] ADCParametersView:116 -                Rank 1 : false
2025-08-28 00:06:06,171 [INFO] ADCParametersView:116 -                Rank 1 : false
2025-08-28 00:06:06,171 [INFO] ADCParametersView:116 -                Rank 1 : false
2025-08-28 00:06:06,171 [INFO] ADCParametersView:116 -                Rank 1 : false
2025-08-28 00:06:06,171 [INFO] ADCParametersView:116 -                Rank 1 : false
2025-08-28 00:06:06,171 [INFO] ADCParametersView:116 -                Rank 1 : false
2025-08-28 00:06:06,171 [INFO] ADCParametersView:116 -                Rank 1 : false
2025-08-28 00:06:06,253 [INFO] ADCParametersView:116 -                Rank 1 : false
2025-08-28 00:06:10,029 [INFO] NvicIntPanel:101 - NVIC parent = com.st.microxplorer.plugins.ip.nvic.MultiNvicIntPanel[,0,0,0x0,invalid,layout=javax.swing.BoxLayout,alignmentX=0.0,alignmentY=0.0,border=,flags=9,maximumSize=,minimumSize=,preferredSize=]
2025-08-28 00:06:10,084 [INFO] ADCParametersView:116 -                Rank 1 : false
2025-08-28 00:06:10,085 [INFO] ADCParametersView:116 -                Rank 1 : false
2025-08-28 00:06:10,085 [INFO] ADCParametersView:116 -                Rank 1 : false
2025-08-28 00:06:10,085 [INFO] ADCParametersView:116 -                Rank 1 : false
2025-08-28 00:06:10,085 [INFO] ADCParametersView:116 -                Rank 1 : false
2025-08-28 00:06:10,085 [INFO] ADCParametersView:116 -                Rank 1 : false
2025-08-28 00:06:10,086 [INFO] ADCParametersView:116 -                Rank 1 : false
2025-08-28 00:06:10,086 [INFO] ADCParametersView:116 -                Rank 1 : false
2025-08-28 00:06:10,086 [INFO] ADCParametersView:116 -                Rank 1 : false
2025-08-28 00:06:10,086 [INFO] ADCParametersView:116 -                Rank 1 : false
2025-08-28 00:06:10,086 [INFO] ADCParametersView:116 -                Rank 1 : false
2025-08-28 00:06:10,086 [INFO] ADCParametersView:116 -                Rank 1 : false
2025-08-28 00:06:10,086 [INFO] ADCParametersView:116 -                Rank 1 : false
2025-08-28 00:06:10,086 [INFO] ADCParametersView:116 -                Rank 1 : false
2025-08-28 00:06:10,086 [INFO] ADCParametersView:116 -                Rank 1 : false
2025-08-28 00:06:10,086 [INFO] ADCParametersView:116 -                Rank 1 : false
2025-08-28 00:06:10,086 [INFO] ADCParametersView:116 -                Rank 1 : false
2025-08-28 00:06:10,086 [INFO] ADCParametersView:116 -                Rank 1 : false
2025-08-28 00:06:10,086 [INFO] ADCParametersView:116 -                Rank 1 : false
2025-08-28 00:06:10,086 [INFO] ADCParametersView:116 -                Rank 1 : false
2025-08-28 00:06:10,086 [INFO] ADCParametersView:116 -                Rank 1 : false
2025-08-28 00:06:10,086 [INFO] ADCParametersView:116 -                Rank 1 : false
2025-08-28 00:06:10,086 [INFO] ADCParametersView:116 -                Rank 1 : false
2025-08-28 00:06:10,163 [INFO] ADCParametersView:116 -                Rank 1 : false
2025-08-28 00:06:13,896 [INFO] SpinnerEditorADC:65 - is string kkkk
2025-08-28 00:06:16,319 [INFO] ParamManager:905 - [Generic UI] PropertyChangeEvent: TAB_STATUS_CHANGED , "dont care", "never mind"
2025-08-28 00:06:16,357 [INFO] NvicIntPanel:101 - NVIC parent = com.st.microxplorer.plugins.ip.nvic.MultiNvicIntPanel[,0,0,0x0,invalid,layout=javax.swing.BoxLayout,alignmentX=0.0,alignmentY=0.0,border=,flags=9,maximumSize=,minimumSize=,preferredSize=]
2025-08-28 00:06:16,527 [INFO] ParamManager:905 - [Generic UI] PropertyChangeEvent: TAB_STATUS_CHANGED , "dont care", "never mind"
2025-08-28 00:06:16,568 [INFO] NvicIntPanel:101 - NVIC parent = com.st.microxplorer.plugins.ip.nvic.MultiNvicIntPanel[,0,0,0x0,invalid,layout=javax.swing.BoxLayout,alignmentX=0.0,alignmentY=0.0,border=,flags=9,maximumSize=,minimumSize=,preferredSize=]
2025-08-28 00:06:16,749 [INFO] NvicIntPanel:101 - NVIC parent = com.st.microxplorer.plugins.ip.nvic.MultiNvicIntPanel[,0,0,0x0,invalid,layout=javax.swing.BoxLayout,alignmentX=0.0,alignmentY=0.0,border=,flags=9,maximumSize=,minimumSize=,preferredSize=]
2025-08-28 00:06:16,932 [INFO] NvicIntPanel:101 - NVIC parent = com.st.microxplorer.plugins.ip.nvic.MultiNvicIntPanel[,0,0,0x0,invalid,layout=javax.swing.BoxLayout,alignmentX=0.0,alignmentY=0.0,border=,flags=9,maximumSize=,minimumSize=,preferredSize=]
2025-08-28 00:06:17,084 [INFO] ParamManager:905 - [Generic UI] PropertyChangeEvent: TAB_STATUS_CHANGED , "dont care", "never mind"
2025-08-28 00:06:17,119 [INFO] NvicIntPanel:101 - NVIC parent = com.st.microxplorer.plugins.ip.nvic.MultiNvicIntPanel[,0,0,0x0,invalid,layout=javax.swing.BoxLayout,alignmentX=0.0,alignmentY=0.0,border=,flags=9,maximumSize=,minimumSize=,preferredSize=]
2025-08-28 00:06:17,263 [INFO] ParamManager:905 - [Generic UI] PropertyChangeEvent: TAB_STATUS_CHANGED , "dont care", "never mind"
2025-08-28 00:06:17,308 [INFO] NvicIntPanel:101 - NVIC parent = com.st.microxplorer.plugins.ip.nvic.MultiNvicIntPanel[,0,0,0x0,invalid,layout=javax.swing.BoxLayout,alignmentX=0.0,alignmentY=0.0,border=,flags=9,maximumSize=,minimumSize=,preferredSize=]
2025-08-28 00:06:17,482 [INFO] NvicIntPanel:101 - NVIC parent = com.st.microxplorer.plugins.ip.nvic.MultiNvicIntPanel[,0,0,0x0,invalid,layout=javax.swing.BoxLayout,alignmentX=0.0,alignmentY=0.0,border=,flags=9,maximumSize=,minimumSize=,preferredSize=]
2025-08-28 00:06:17,661 [INFO] NvicIntPanel:101 - NVIC parent = com.st.microxplorer.plugins.ip.nvic.MultiNvicIntPanel[,0,0,0x0,invalid,layout=javax.swing.BoxLayout,alignmentX=0.0,alignmentY=0.0,border=,flags=9,maximumSize=,minimumSize=,preferredSize=]
2025-08-28 00:06:17,876 [INFO] ParamManager:905 - [Generic UI] PropertyChangeEvent: TAB_STATUS_CHANGED , "dont care", "never mind"
2025-08-28 00:06:17,919 [INFO] NvicIntPanel:101 - NVIC parent = com.st.microxplorer.plugins.ip.nvic.MultiNvicIntPanel[,0,0,0x0,invalid,layout=javax.swing.BoxLayout,alignmentX=0.0,alignmentY=0.0,border=,flags=9,maximumSize=,minimumSize=,preferredSize=]
2025-08-28 00:06:18,077 [INFO] ParamManager:905 - [Generic UI] PropertyChangeEvent: TAB_STATUS_CHANGED , "dont care", "never mind"
2025-08-28 00:06:18,119 [INFO] NvicIntPanel:101 - NVIC parent = com.st.microxplorer.plugins.ip.nvic.MultiNvicIntPanel[,0,0,0x0,invalid,layout=javax.swing.BoxLayout,alignmentX=0.0,alignmentY=0.0,border=,flags=9,maximumSize=,minimumSize=,preferredSize=]
2025-08-28 00:06:18,305 [INFO] NvicIntPanel:101 - NVIC parent = com.st.microxplorer.plugins.ip.nvic.MultiNvicIntPanel[,0,0,0x0,invalid,layout=javax.swing.BoxLayout,alignmentX=0.0,alignmentY=0.0,border=,flags=9,maximumSize=,minimumSize=,preferredSize=]
2025-08-28 00:06:18,490 [INFO] NvicIntPanel:101 - NVIC parent = com.st.microxplorer.plugins.ip.nvic.MultiNvicIntPanel[,0,0,0x0,invalid,layout=javax.swing.BoxLayout,alignmentX=0.0,alignmentY=0.0,border=,flags=9,maximumSize=,minimumSize=,preferredSize=]
2025-08-28 00:06:18,666 [INFO] NvicIntPanel:101 - NVIC parent = com.st.microxplorer.plugins.ip.nvic.MultiNvicIntPanel[,0,0,0x0,invalid,layout=javax.swing.BoxLayout,alignmentX=0.0,alignmentY=0.0,border=,flags=9,maximumSize=,minimumSize=,preferredSize=]
2025-08-28 00:06:18,727 [INFO] ADCParametersView:116 -                Rank 1 : false
2025-08-28 00:06:18,728 [INFO] ADCParametersView:116 -                Rank 1 : false
2025-08-28 00:06:18,728 [INFO] ADCParametersView:116 -                Rank 1 : false
2025-08-28 00:06:18,728 [INFO] ADCParametersView:116 -                Rank 1 : false
2025-08-28 00:06:18,728 [INFO] ADCParametersView:116 -                Rank 1 : false
2025-08-28 00:06:18,729 [INFO] ADCParametersView:116 -                Rank 1 : false
2025-08-28 00:06:18,729 [INFO] ADCParametersView:116 -                Rank 1 : false
2025-08-28 00:06:18,729 [INFO] ADCParametersView:116 -                Rank 1 : false
2025-08-28 00:06:18,729 [INFO] ADCParametersView:116 -                Rank 1 : false
2025-08-28 00:06:18,729 [INFO] ADCParametersView:116 -                Rank 1 : false
2025-08-28 00:06:18,729 [INFO] ADCParametersView:116 -                Rank 1 : false
2025-08-28 00:06:18,729 [INFO] ADCParametersView:116 -                Rank 1 : false
2025-08-28 00:06:18,729 [INFO] ADCParametersView:116 -                Rank 1 : false
2025-08-28 00:06:18,729 [INFO] ADCParametersView:116 -                Rank 1 : false
2025-08-28 00:06:18,729 [INFO] ADCParametersView:116 -                Rank 1 : false
2025-08-28 00:06:18,729 [INFO] ADCParametersView:116 -                Rank 1 : false
2025-08-28 00:06:18,729 [INFO] ADCParametersView:116 -                Rank 1 : false
2025-08-28 00:06:18,729 [INFO] ADCParametersView:116 -                Rank 1 : false
2025-08-28 00:06:18,729 [INFO] ADCParametersView:116 -                Rank 1 : false
2025-08-28 00:06:18,729 [INFO] ADCParametersView:116 -                Rank 1 : false
2025-08-28 00:06:18,729 [INFO] ADCParametersView:116 -                Rank 1 : false
2025-08-28 00:06:18,729 [INFO] ADCParametersView:116 -                Rank 1 : false
2025-08-28 00:06:18,729 [INFO] ADCParametersView:116 -                Rank 1 : false
2025-08-28 00:06:18,811 [INFO] ADCParametersView:116 -                Rank 1 : false
2025-08-28 00:06:18,812 [INFO] ADCParametersView:116 -                Rank 1 : false
2025-08-28 00:06:18,812 [INFO] ADCParametersView:116 -        *      Rank 2 : false
2025-08-28 00:06:18,812 [INFO] ADCParametersView:116 -                Rank 1 : false
2025-08-28 00:06:18,812 [INFO] ADCParametersView:116 -        *      Rank 2 : false
2025-08-28 00:06:18,812 [INFO] ADCParametersView:116 -        *      Rank 3 : false
2025-08-28 00:06:18,812 [INFO] ADCParametersView:116 -                Rank 1 : false
2025-08-28 00:06:18,812 [INFO] ADCParametersView:116 -        *      Rank 2 : false
2025-08-28 00:06:18,812 [INFO] ADCParametersView:116 -        *      Rank 3 : false
2025-08-28 00:06:18,812 [INFO] ADCParametersView:116 -        *      Rank 4 : false
2025-08-28 00:06:22,580 [INFO] NvicIntPanel:101 - NVIC parent = com.st.microxplorer.plugins.ip.nvic.MultiNvicIntPanel[,0,0,0x0,invalid,layout=javax.swing.BoxLayout,alignmentX=0.0,alignmentY=0.0,border=,flags=9,maximumSize=,minimumSize=,preferredSize=]
2025-08-28 00:06:22,636 [INFO] ADCParametersView:116 -                Rank 1 : false
2025-08-28 00:06:22,637 [INFO] ADCParametersView:116 -        *      Rank 2 : false
2025-08-28 00:06:22,637 [INFO] ADCParametersView:116 -        *      Rank 3 : false
2025-08-28 00:06:22,637 [INFO] ADCParametersView:116 -        *      Rank 4 : false
2025-08-28 00:06:22,637 [INFO] ADCParametersView:116 -                Rank 1 : false
2025-08-28 00:06:22,637 [INFO] ADCParametersView:116 -        *      Rank 2 : false
2025-08-28 00:06:22,637 [INFO] ADCParametersView:116 -        *      Rank 3 : false
2025-08-28 00:06:22,638 [INFO] ADCParametersView:116 -        *      Rank 4 : false
2025-08-28 00:06:22,638 [INFO] ADCParametersView:116 -                Rank 1 : false
2025-08-28 00:06:22,638 [INFO] ADCParametersView:116 -        *      Rank 2 : false
2025-08-28 00:06:22,638 [INFO] ADCParametersView:116 -        *      Rank 3 : false
2025-08-28 00:06:22,638 [INFO] ADCParametersView:116 -        *      Rank 4 : false
2025-08-28 00:06:22,638 [INFO] ADCParametersView:116 -                Rank 1 : false
2025-08-28 00:06:22,638 [INFO] ADCParametersView:116 -        *      Rank 2 : false
2025-08-28 00:06:22,638 [INFO] ADCParametersView:116 -        *      Rank 3 : false
2025-08-28 00:06:22,638 [INFO] ADCParametersView:116 -        *      Rank 4 : false
2025-08-28 00:06:22,638 [INFO] ADCParametersView:116 -                Rank 1 : false
2025-08-28 00:06:22,638 [INFO] ADCParametersView:116 -        *      Rank 2 : false
2025-08-28 00:06:22,638 [INFO] ADCParametersView:116 -        *      Rank 3 : false
2025-08-28 00:06:22,638 [INFO] ADCParametersView:116 -        *      Rank 4 : false
2025-08-28 00:06:22,638 [INFO] ADCParametersView:116 -                Rank 1 : false
2025-08-28 00:06:22,638 [INFO] ADCParametersView:116 -        *      Rank 2 : false
2025-08-28 00:06:22,638 [INFO] ADCParametersView:116 -        *      Rank 3 : false
2025-08-28 00:06:22,638 [INFO] ADCParametersView:116 -        *      Rank 4 : false
2025-08-28 00:06:22,638 [INFO] ADCParametersView:116 -                Rank 1 : false
2025-08-28 00:06:22,638 [INFO] ADCParametersView:116 -        *      Rank 2 : false
2025-08-28 00:06:22,638 [INFO] ADCParametersView:116 -        *      Rank 3 : false
2025-08-28 00:06:22,638 [INFO] ADCParametersView:116 -        *      Rank 4 : false
2025-08-28 00:06:22,638 [INFO] ADCParametersView:116 -                Rank 1 : false
2025-08-28 00:06:22,638 [INFO] ADCParametersView:116 -        *      Rank 2 : false
2025-08-28 00:06:22,638 [INFO] ADCParametersView:116 -        *      Rank 3 : false
2025-08-28 00:06:22,638 [INFO] ADCParametersView:116 -        *      Rank 4 : false
2025-08-28 00:06:22,638 [INFO] ADCParametersView:116 -                Rank 1 : false
2025-08-28 00:06:22,638 [INFO] ADCParametersView:116 -        *      Rank 2 : false
2025-08-28 00:06:22,638 [INFO] ADCParametersView:116 -        *      Rank 3 : false
2025-08-28 00:06:22,638 [INFO] ADCParametersView:116 -        *      Rank 4 : false
2025-08-28 00:06:22,638 [INFO] ADCParametersView:116 -                Rank 1 : false
2025-08-28 00:06:22,638 [INFO] ADCParametersView:116 -        *      Rank 2 : false
2025-08-28 00:06:22,638 [INFO] ADCParametersView:116 -        *      Rank 3 : false
2025-08-28 00:06:22,638 [INFO] ADCParametersView:116 -        *      Rank 4 : false
2025-08-28 00:06:22,638 [INFO] ADCParametersView:116 -                Rank 1 : false
2025-08-28 00:06:22,638 [INFO] ADCParametersView:116 -        *      Rank 2 : false
2025-08-28 00:06:22,638 [INFO] ADCParametersView:116 -        *      Rank 3 : false
2025-08-28 00:06:22,638 [INFO] ADCParametersView:116 -        *      Rank 4 : false
2025-08-28 00:06:22,638 [INFO] ADCParametersView:116 -                Rank 1 : false
2025-08-28 00:06:22,638 [INFO] ADCParametersView:116 -        *      Rank 2 : false
2025-08-28 00:06:22,638 [INFO] ADCParametersView:116 -        *      Rank 3 : false
2025-08-28 00:06:22,638 [INFO] ADCParametersView:116 -        *      Rank 4 : false
2025-08-28 00:06:22,638 [INFO] ADCParametersView:116 -                Rank 1 : false
2025-08-28 00:06:22,638 [INFO] ADCParametersView:116 -        *      Rank 2 : false
2025-08-28 00:06:22,638 [INFO] ADCParametersView:116 -        *      Rank 3 : false
2025-08-28 00:06:22,638 [INFO] ADCParametersView:116 -        *      Rank 4 : false
2025-08-28 00:06:22,638 [INFO] ADCParametersView:116 -                Rank 1 : false
2025-08-28 00:06:22,638 [INFO] ADCParametersView:116 -        *      Rank 2 : false
2025-08-28 00:06:22,638 [INFO] ADCParametersView:116 -        *      Rank 3 : false
2025-08-28 00:06:22,638 [INFO] ADCParametersView:116 -        *      Rank 4 : false
2025-08-28 00:06:22,638 [INFO] ADCParametersView:116 -                Rank 1 : false
2025-08-28 00:06:22,638 [INFO] ADCParametersView:116 -        *      Rank 2 : false
2025-08-28 00:06:22,638 [INFO] ADCParametersView:116 -        *      Rank 3 : false
2025-08-28 00:06:22,638 [INFO] ADCParametersView:116 -        *      Rank 4 : false
2025-08-28 00:06:22,638 [INFO] ADCParametersView:116 -                Rank 1 : false
2025-08-28 00:06:22,638 [INFO] ADCParametersView:116 -        *      Rank 2 : false
2025-08-28 00:06:22,638 [INFO] ADCParametersView:116 -        *      Rank 3 : false
2025-08-28 00:06:22,638 [INFO] ADCParametersView:116 -        *      Rank 4 : false
2025-08-28 00:06:22,638 [INFO] ADCParametersView:116 -                Rank 1 : false
2025-08-28 00:06:22,638 [INFO] ADCParametersView:116 -        *      Rank 2 : false
2025-08-28 00:06:22,638 [INFO] ADCParametersView:116 -        *      Rank 3 : false
2025-08-28 00:06:22,638 [INFO] ADCParametersView:116 -        *      Rank 4 : false
2025-08-28 00:06:22,639 [INFO] ADCParametersView:116 -                Rank 1 : false
2025-08-28 00:06:22,639 [INFO] ADCParametersView:116 -        *      Rank 2 : false
2025-08-28 00:06:22,639 [INFO] ADCParametersView:116 -        *      Rank 3 : false
2025-08-28 00:06:22,639 [INFO] ADCParametersView:116 -        *      Rank 4 : false
2025-08-28 00:06:22,639 [INFO] ADCParametersView:116 -                Rank 1 : false
2025-08-28 00:06:22,639 [INFO] ADCParametersView:116 -        *      Rank 2 : false
2025-08-28 00:06:22,639 [INFO] ADCParametersView:116 -        *      Rank 3 : false
2025-08-28 00:06:22,639 [INFO] ADCParametersView:116 -        *      Rank 4 : false
2025-08-28 00:06:22,639 [INFO] ADCParametersView:116 -                Rank 1 : false
2025-08-28 00:06:22,639 [INFO] ADCParametersView:116 -        *      Rank 2 : false
2025-08-28 00:06:22,639 [INFO] ADCParametersView:116 -        *      Rank 3 : false
2025-08-28 00:06:22,639 [INFO] ADCParametersView:116 -        *      Rank 4 : false
2025-08-28 00:06:22,639 [INFO] ADCParametersView:116 -                Rank 1 : false
2025-08-28 00:06:22,639 [INFO] ADCParametersView:116 -        *      Rank 2 : false
2025-08-28 00:06:22,639 [INFO] ADCParametersView:116 -        *      Rank 3 : false
2025-08-28 00:06:22,639 [INFO] ADCParametersView:116 -        *      Rank 4 : false
2025-08-28 00:06:22,639 [INFO] ADCParametersView:116 -                Rank 1 : false
2025-08-28 00:06:22,639 [INFO] ADCParametersView:116 -        *      Rank 2 : false
2025-08-28 00:06:22,639 [INFO] ADCParametersView:116 -        *      Rank 3 : false
2025-08-28 00:06:22,639 [INFO] ADCParametersView:116 -        *      Rank 4 : false
2025-08-28 00:06:22,639 [INFO] ADCParametersView:116 -                Rank 1 : false
2025-08-28 00:06:22,639 [INFO] ADCParametersView:116 -        *      Rank 2 : false
2025-08-28 00:06:22,639 [INFO] ADCParametersView:116 -        *      Rank 3 : false
2025-08-28 00:06:22,639 [INFO] ADCParametersView:116 -        *      Rank 4 : false
2025-08-28 00:06:22,639 [INFO] ADCParametersView:116 -        *      Rank 2 : false
2025-08-28 00:06:22,639 [INFO] ADCParametersView:116 -        *      Rank 3 : false
2025-08-28 00:06:22,639 [INFO] ADCParametersView:116 -        *      Rank 4 : false
2025-08-28 00:06:22,639 [INFO] ADCParametersView:116 -        *      Rank 3 : false
2025-08-28 00:06:22,639 [INFO] ADCParametersView:116 -        *      Rank 4 : false
2025-08-28 00:06:22,639 [INFO] ADCParametersView:116 -        *      Rank 4 : false
2025-08-28 00:06:22,722 [INFO] ADCParametersView:116 -                Rank 1 : false
2025-08-28 00:06:22,722 [INFO] ADCParametersView:116 -                Rank 1 : false
2025-08-28 00:06:22,723 [INFO] ADCParametersView:116 -                Rank 2 : false
2025-08-28 00:06:22,723 [INFO] ADCParametersView:116 -                Rank 1 : false
2025-08-28 00:06:22,723 [INFO] ADCParametersView:116 -                Rank 2 : false
2025-08-28 00:06:22,723 [INFO] ADCParametersView:116 -                Rank 3 : false
2025-08-28 00:06:22,723 [INFO] ADCParametersView:116 -                Rank 1 : false
2025-08-28 00:06:22,723 [INFO] ADCParametersView:116 -                Rank 2 : false
2025-08-28 00:06:22,723 [INFO] ADCParametersView:116 -                Rank 3 : false
2025-08-28 00:06:22,723 [INFO] ADCParametersView:116 -                Rank 4 : false
2025-08-28 00:06:25,151 [INFO] ADCParametersView:116 -                Rank 1 : true
2025-08-28 00:06:25,151 [INFO] ADCParametersView:116 -                Rank 2 : false
2025-08-28 00:06:25,151 [INFO] ADCParametersView:116 -                Rank 3 : false
2025-08-28 00:06:25,151 [INFO] ADCParametersView:116 -                Rank 4 : false
2025-08-28 00:06:26,788 [INFO] ADCParametersView:116 -                Rank 1 : true
2025-08-28 00:06:26,788 [INFO] ADCParametersView:116 -                Rank 2 : true
2025-08-28 00:06:26,788 [INFO] ADCParametersView:116 -                Rank 3 : false
2025-08-28 00:06:26,788 [INFO] ADCParametersView:116 -                Rank 4 : false
2025-08-28 00:06:28,262 [INFO] NvicIntPanel:101 - NVIC parent = com.st.microxplorer.plugins.ip.nvic.MultiNvicIntPanel[,0,0,0x0,invalid,layout=javax.swing.BoxLayout,alignmentX=0.0,alignmentY=0.0,border=,flags=9,maximumSize=,minimumSize=,preferredSize=]
2025-08-28 00:06:28,322 [INFO] ADCParametersView:116 -                Rank 1 : true
2025-08-28 00:06:28,322 [INFO] ADCParametersView:116 -                Rank 2 : true
2025-08-28 00:06:28,322 [INFO] ADCParametersView:116 -                Rank 3 : false
2025-08-28 00:06:28,322 [INFO] ADCParametersView:116 -                Rank 4 : false
2025-08-28 00:06:28,323 [INFO] ADCParametersView:116 -                Rank 1 : true
2025-08-28 00:06:28,323 [INFO] ADCParametersView:116 -                Rank 2 : true
2025-08-28 00:06:28,323 [INFO] ADCParametersView:116 -                Rank 3 : false
2025-08-28 00:06:28,323 [INFO] ADCParametersView:116 -                Rank 4 : false
2025-08-28 00:06:28,323 [INFO] ADCParametersView:116 -                Rank 1 : true
2025-08-28 00:06:28,323 [INFO] ADCParametersView:116 -                Rank 2 : true
2025-08-28 00:06:28,323 [INFO] ADCParametersView:116 -                Rank 3 : false
2025-08-28 00:06:28,323 [INFO] ADCParametersView:116 -                Rank 4 : false
2025-08-28 00:06:28,323 [INFO] ADCParametersView:116 -                Rank 1 : true
2025-08-28 00:06:28,323 [INFO] ADCParametersView:116 -                Rank 2 : true
2025-08-28 00:06:28,323 [INFO] ADCParametersView:116 -                Rank 3 : false
2025-08-28 00:06:28,323 [INFO] ADCParametersView:116 -                Rank 4 : false
2025-08-28 00:06:28,323 [INFO] ADCParametersView:116 -                Rank 1 : true
2025-08-28 00:06:28,323 [INFO] ADCParametersView:116 -                Rank 2 : true
2025-08-28 00:06:28,323 [INFO] ADCParametersView:116 -                Rank 3 : false
2025-08-28 00:06:28,323 [INFO] ADCParametersView:116 -                Rank 4 : false
2025-08-28 00:06:28,323 [INFO] ADCParametersView:116 -                Rank 1 : true
2025-08-28 00:06:28,323 [INFO] ADCParametersView:116 -                Rank 2 : true
2025-08-28 00:06:28,323 [INFO] ADCParametersView:116 -                Rank 3 : false
2025-08-28 00:06:28,323 [INFO] ADCParametersView:116 -                Rank 4 : false
2025-08-28 00:06:28,323 [INFO] ADCParametersView:116 -                Rank 1 : true
2025-08-28 00:06:28,323 [INFO] ADCParametersView:116 -                Rank 2 : true
2025-08-28 00:06:28,324 [INFO] ADCParametersView:116 -                Rank 3 : false
2025-08-28 00:06:28,324 [INFO] ADCParametersView:116 -                Rank 4 : false
2025-08-28 00:06:28,324 [INFO] ADCParametersView:116 -                Rank 1 : true
2025-08-28 00:06:28,324 [INFO] ADCParametersView:116 -                Rank 2 : true
2025-08-28 00:06:28,324 [INFO] ADCParametersView:116 -                Rank 3 : false
2025-08-28 00:06:28,324 [INFO] ADCParametersView:116 -                Rank 4 : false
2025-08-28 00:06:28,324 [INFO] ADCParametersView:116 -                Rank 1 : true
2025-08-28 00:06:28,324 [INFO] ADCParametersView:116 -                Rank 2 : true
2025-08-28 00:06:28,324 [INFO] ADCParametersView:116 -                Rank 3 : false
2025-08-28 00:06:28,324 [INFO] ADCParametersView:116 -                Rank 4 : false
2025-08-28 00:06:28,324 [INFO] ADCParametersView:116 -                Rank 1 : true
2025-08-28 00:06:28,324 [INFO] ADCParametersView:116 -                Rank 2 : true
2025-08-28 00:06:28,324 [INFO] ADCParametersView:116 -                Rank 3 : false
2025-08-28 00:06:28,324 [INFO] ADCParametersView:116 -                Rank 4 : false
2025-08-28 00:06:28,324 [INFO] ADCParametersView:116 -                Rank 1 : true
2025-08-28 00:06:28,324 [INFO] ADCParametersView:116 -                Rank 2 : true
2025-08-28 00:06:28,324 [INFO] ADCParametersView:116 -                Rank 3 : false
2025-08-28 00:06:28,324 [INFO] ADCParametersView:116 -                Rank 4 : false
2025-08-28 00:06:28,324 [INFO] ADCParametersView:116 -                Rank 1 : true
2025-08-28 00:06:28,324 [INFO] ADCParametersView:116 -                Rank 2 : true
2025-08-28 00:06:28,324 [INFO] ADCParametersView:116 -                Rank 3 : false
2025-08-28 00:06:28,324 [INFO] ADCParametersView:116 -                Rank 4 : false
2025-08-28 00:06:28,324 [INFO] ADCParametersView:116 -                Rank 1 : true
2025-08-28 00:06:28,324 [INFO] ADCParametersView:116 -                Rank 2 : true
2025-08-28 00:06:28,324 [INFO] ADCParametersView:116 -                Rank 3 : false
2025-08-28 00:06:28,324 [INFO] ADCParametersView:116 -                Rank 4 : false
2025-08-28 00:06:28,324 [INFO] ADCParametersView:116 -                Rank 1 : true
2025-08-28 00:06:28,324 [INFO] ADCParametersView:116 -                Rank 2 : true
2025-08-28 00:06:28,324 [INFO] ADCParametersView:116 -                Rank 3 : false
2025-08-28 00:06:28,324 [INFO] ADCParametersView:116 -                Rank 4 : false
2025-08-28 00:06:28,324 [INFO] ADCParametersView:116 -                Rank 1 : true
2025-08-28 00:06:28,324 [INFO] ADCParametersView:116 -                Rank 2 : true
2025-08-28 00:06:28,324 [INFO] ADCParametersView:116 -                Rank 3 : false
2025-08-28 00:06:28,324 [INFO] ADCParametersView:116 -                Rank 4 : false
2025-08-28 00:06:28,324 [INFO] ADCParametersView:116 -                Rank 1 : true
2025-08-28 00:06:28,324 [INFO] ADCParametersView:116 -                Rank 2 : true
2025-08-28 00:06:28,324 [INFO] ADCParametersView:116 -                Rank 3 : false
2025-08-28 00:06:28,324 [INFO] ADCParametersView:116 -                Rank 4 : false
2025-08-28 00:06:28,324 [INFO] ADCParametersView:116 -                Rank 1 : true
2025-08-28 00:06:28,324 [INFO] ADCParametersView:116 -                Rank 2 : true
2025-08-28 00:06:28,324 [INFO] ADCParametersView:116 -                Rank 3 : false
2025-08-28 00:06:28,324 [INFO] ADCParametersView:116 -                Rank 4 : false
2025-08-28 00:06:28,324 [INFO] ADCParametersView:116 -                Rank 1 : true
2025-08-28 00:06:28,324 [INFO] ADCParametersView:116 -                Rank 2 : true
2025-08-28 00:06:28,324 [INFO] ADCParametersView:116 -                Rank 3 : false
2025-08-28 00:06:28,324 [INFO] ADCParametersView:116 -                Rank 4 : false
2025-08-28 00:06:28,324 [INFO] ADCParametersView:116 -                Rank 1 : true
2025-08-28 00:06:28,324 [INFO] ADCParametersView:116 -                Rank 2 : true
2025-08-28 00:06:28,324 [INFO] ADCParametersView:116 -                Rank 3 : false
2025-08-28 00:06:28,324 [INFO] ADCParametersView:116 -                Rank 4 : false
2025-08-28 00:06:28,324 [INFO] ADCParametersView:116 -                Rank 1 : true
2025-08-28 00:06:28,324 [INFO] ADCParametersView:116 -                Rank 2 : true
2025-08-28 00:06:28,324 [INFO] ADCParametersView:116 -                Rank 3 : false
2025-08-28 00:06:28,324 [INFO] ADCParametersView:116 -                Rank 4 : false
2025-08-28 00:06:28,324 [INFO] ADCParametersView:116 -                Rank 1 : true
2025-08-28 00:06:28,324 [INFO] ADCParametersView:116 -                Rank 2 : true
2025-08-28 00:06:28,324 [INFO] ADCParametersView:116 -                Rank 3 : false
2025-08-28 00:06:28,324 [INFO] ADCParametersView:116 -                Rank 4 : false
2025-08-28 00:06:28,324 [INFO] ADCParametersView:116 -                Rank 1 : true
2025-08-28 00:06:28,325 [INFO] ADCParametersView:116 -                Rank 2 : true
2025-08-28 00:06:28,325 [INFO] ADCParametersView:116 -                Rank 3 : false
2025-08-28 00:06:28,325 [INFO] ADCParametersView:116 -                Rank 4 : false
2025-08-28 00:06:28,325 [INFO] ADCParametersView:116 -                Rank 1 : true
2025-08-28 00:06:28,325 [INFO] ADCParametersView:116 -                Rank 2 : true
2025-08-28 00:06:28,325 [INFO] ADCParametersView:116 -                Rank 3 : false
2025-08-28 00:06:28,325 [INFO] ADCParametersView:116 -                Rank 4 : false
2025-08-28 00:06:28,325 [INFO] ADCParametersView:116 -                Rank 2 : true
2025-08-28 00:06:28,325 [INFO] ADCParametersView:116 -                Rank 3 : false
2025-08-28 00:06:28,325 [INFO] ADCParametersView:116 -                Rank 4 : false
2025-08-28 00:06:28,325 [INFO] ADCParametersView:116 -                Rank 3 : false
2025-08-28 00:06:28,325 [INFO] ADCParametersView:116 -                Rank 4 : false
2025-08-28 00:06:28,325 [INFO] ADCParametersView:116 -                Rank 4 : false
2025-08-28 00:06:28,409 [INFO] ADCParametersView:116 -                Rank 1 : true
2025-08-28 00:06:28,410 [INFO] ADCParametersView:116 -                Rank 1 : true
2025-08-28 00:06:28,410 [INFO] ADCParametersView:116 -                Rank 2 : true
2025-08-28 00:06:28,410 [INFO] ADCParametersView:116 -                Rank 1 : true
2025-08-28 00:06:28,410 [INFO] ADCParametersView:116 -                Rank 2 : true
2025-08-28 00:06:28,410 [INFO] ADCParametersView:116 -                Rank 3 : false
2025-08-28 00:06:28,410 [INFO] ADCParametersView:116 -                Rank 1 : true
2025-08-28 00:06:28,410 [INFO] ADCParametersView:116 -                Rank 2 : true
2025-08-28 00:06:28,410 [INFO] ADCParametersView:116 -                Rank 3 : false
2025-08-28 00:06:28,410 [INFO] ADCParametersView:116 -                Rank 4 : false
2025-08-28 00:06:29,426 [INFO] ADCParametersView:116 -                Rank 1 : true
2025-08-28 00:06:29,426 [INFO] ADCParametersView:116 -                Rank 2 : true
2025-08-28 00:06:29,426 [INFO] ADCParametersView:116 -                Rank 3 : true
2025-08-28 00:06:29,426 [INFO] ADCParametersView:116 -                Rank 4 : false
2025-08-28 00:06:30,816 [INFO] NvicIntPanel:101 - NVIC parent = com.st.microxplorer.plugins.ip.nvic.MultiNvicIntPanel[,0,0,0x0,invalid,layout=javax.swing.BoxLayout,alignmentX=0.0,alignmentY=0.0,border=,flags=9,maximumSize=,minimumSize=,preferredSize=]
2025-08-28 00:06:30,869 [INFO] ADCParametersView:116 -                Rank 1 : true
2025-08-28 00:06:30,869 [INFO] ADCParametersView:116 -                Rank 2 : true
2025-08-28 00:06:30,869 [INFO] ADCParametersView:116 -                Rank 3 : true
2025-08-28 00:06:30,869 [INFO] ADCParametersView:116 -                Rank 4 : false
2025-08-28 00:06:30,870 [INFO] ADCParametersView:116 -                Rank 1 : true
2025-08-28 00:06:30,870 [INFO] ADCParametersView:116 -                Rank 2 : true
2025-08-28 00:06:30,870 [INFO] ADCParametersView:116 -                Rank 3 : true
2025-08-28 00:06:30,870 [INFO] ADCParametersView:116 -                Rank 4 : false
2025-08-28 00:06:30,870 [INFO] ADCParametersView:116 -                Rank 1 : true
2025-08-28 00:06:30,871 [INFO] ADCParametersView:116 -                Rank 2 : true
2025-08-28 00:06:30,871 [INFO] ADCParametersView:116 -                Rank 3 : true
2025-08-28 00:06:30,871 [INFO] ADCParametersView:116 -                Rank 4 : false
2025-08-28 00:06:30,871 [INFO] ADCParametersView:116 -                Rank 1 : true
2025-08-28 00:06:30,871 [INFO] ADCParametersView:116 -                Rank 2 : true
2025-08-28 00:06:30,871 [INFO] ADCParametersView:116 -                Rank 3 : true
2025-08-28 00:06:30,871 [INFO] ADCParametersView:116 -                Rank 4 : false
2025-08-28 00:06:30,871 [INFO] ADCParametersView:116 -                Rank 1 : true
2025-08-28 00:06:30,871 [INFO] ADCParametersView:116 -                Rank 2 : true
2025-08-28 00:06:30,871 [INFO] ADCParametersView:116 -                Rank 3 : true
2025-08-28 00:06:30,871 [INFO] ADCParametersView:116 -                Rank 4 : false
2025-08-28 00:06:30,871 [INFO] ADCParametersView:116 -                Rank 1 : true
2025-08-28 00:06:30,871 [INFO] ADCParametersView:116 -                Rank 2 : true
2025-08-28 00:06:30,871 [INFO] ADCParametersView:116 -                Rank 3 : true
2025-08-28 00:06:30,871 [INFO] ADCParametersView:116 -                Rank 4 : false
2025-08-28 00:06:30,871 [INFO] ADCParametersView:116 -                Rank 1 : true
2025-08-28 00:06:30,871 [INFO] ADCParametersView:116 -                Rank 2 : true
2025-08-28 00:06:30,871 [INFO] ADCParametersView:116 -                Rank 3 : true
2025-08-28 00:06:30,871 [INFO] ADCParametersView:116 -                Rank 4 : false
2025-08-28 00:06:30,871 [INFO] ADCParametersView:116 -                Rank 1 : true
2025-08-28 00:06:30,871 [INFO] ADCParametersView:116 -                Rank 2 : true
2025-08-28 00:06:30,871 [INFO] ADCParametersView:116 -                Rank 3 : true
2025-08-28 00:06:30,871 [INFO] ADCParametersView:116 -                Rank 4 : false
2025-08-28 00:06:30,871 [INFO] ADCParametersView:116 -                Rank 1 : true
2025-08-28 00:06:30,871 [INFO] ADCParametersView:116 -                Rank 2 : true
2025-08-28 00:06:30,871 [INFO] ADCParametersView:116 -                Rank 3 : true
2025-08-28 00:06:30,871 [INFO] ADCParametersView:116 -                Rank 4 : false
2025-08-28 00:06:30,871 [INFO] ADCParametersView:116 -                Rank 1 : true
2025-08-28 00:06:30,871 [INFO] ADCParametersView:116 -                Rank 2 : true
2025-08-28 00:06:30,871 [INFO] ADCParametersView:116 -                Rank 3 : true
2025-08-28 00:06:30,871 [INFO] ADCParametersView:116 -                Rank 4 : false
2025-08-28 00:06:30,871 [INFO] ADCParametersView:116 -                Rank 1 : true
2025-08-28 00:06:30,871 [INFO] ADCParametersView:116 -                Rank 2 : true
2025-08-28 00:06:30,871 [INFO] ADCParametersView:116 -                Rank 3 : true
2025-08-28 00:06:30,871 [INFO] ADCParametersView:116 -                Rank 4 : false
2025-08-28 00:06:30,871 [INFO] ADCParametersView:116 -                Rank 1 : true
2025-08-28 00:06:30,871 [INFO] ADCParametersView:116 -                Rank 2 : true
2025-08-28 00:06:30,871 [INFO] ADCParametersView:116 -                Rank 3 : true
2025-08-28 00:06:30,871 [INFO] ADCParametersView:116 -                Rank 4 : false
2025-08-28 00:06:30,871 [INFO] ADCParametersView:116 -                Rank 1 : true
2025-08-28 00:06:30,871 [INFO] ADCParametersView:116 -                Rank 2 : true
2025-08-28 00:06:30,871 [INFO] ADCParametersView:116 -                Rank 3 : true
2025-08-28 00:06:30,871 [INFO] ADCParametersView:116 -                Rank 4 : false
2025-08-28 00:06:30,872 [INFO] ADCParametersView:116 -                Rank 1 : true
2025-08-28 00:06:30,872 [INFO] ADCParametersView:116 -                Rank 2 : true
2025-08-28 00:06:30,872 [INFO] ADCParametersView:116 -                Rank 3 : true
2025-08-28 00:06:30,872 [INFO] ADCParametersView:116 -                Rank 4 : false
2025-08-28 00:06:30,872 [INFO] ADCParametersView:116 -                Rank 1 : true
2025-08-28 00:06:30,872 [INFO] ADCParametersView:116 -                Rank 2 : true
2025-08-28 00:06:30,872 [INFO] ADCParametersView:116 -                Rank 3 : true
2025-08-28 00:06:30,872 [INFO] ADCParametersView:116 -                Rank 4 : false
2025-08-28 00:06:30,872 [INFO] ADCParametersView:116 -                Rank 1 : true
2025-08-28 00:06:30,872 [INFO] ADCParametersView:116 -                Rank 2 : true
2025-08-28 00:06:30,872 [INFO] ADCParametersView:116 -                Rank 3 : true
2025-08-28 00:06:30,872 [INFO] ADCParametersView:116 -                Rank 4 : false
2025-08-28 00:06:30,872 [INFO] ADCParametersView:116 -                Rank 1 : true
2025-08-28 00:06:30,872 [INFO] ADCParametersView:116 -                Rank 2 : true
2025-08-28 00:06:30,872 [INFO] ADCParametersView:116 -                Rank 3 : true
2025-08-28 00:06:30,872 [INFO] ADCParametersView:116 -                Rank 4 : false
2025-08-28 00:06:30,872 [INFO] ADCParametersView:116 -                Rank 1 : true
2025-08-28 00:06:30,872 [INFO] ADCParametersView:116 -                Rank 2 : true
2025-08-28 00:06:30,872 [INFO] ADCParametersView:116 -                Rank 3 : true
2025-08-28 00:06:30,872 [INFO] ADCParametersView:116 -                Rank 4 : false
2025-08-28 00:06:30,872 [INFO] ADCParametersView:116 -                Rank 1 : true
2025-08-28 00:06:30,872 [INFO] ADCParametersView:116 -                Rank 2 : true
2025-08-28 00:06:30,872 [INFO] ADCParametersView:116 -                Rank 3 : true
2025-08-28 00:06:30,872 [INFO] ADCParametersView:116 -                Rank 4 : false
2025-08-28 00:06:30,872 [INFO] ADCParametersView:116 -                Rank 1 : true
2025-08-28 00:06:30,872 [INFO] ADCParametersView:116 -                Rank 2 : true
2025-08-28 00:06:30,872 [INFO] ADCParametersView:116 -                Rank 3 : true
2025-08-28 00:06:30,872 [INFO] ADCParametersView:116 -                Rank 4 : false
2025-08-28 00:06:30,872 [INFO] ADCParametersView:116 -                Rank 1 : true
2025-08-28 00:06:30,872 [INFO] ADCParametersView:116 -                Rank 2 : true
2025-08-28 00:06:30,872 [INFO] ADCParametersView:116 -                Rank 3 : true
2025-08-28 00:06:30,872 [INFO] ADCParametersView:116 -                Rank 4 : false
2025-08-28 00:06:30,872 [INFO] ADCParametersView:116 -                Rank 1 : true
2025-08-28 00:06:30,872 [INFO] ADCParametersView:116 -                Rank 2 : true
2025-08-28 00:06:30,872 [INFO] ADCParametersView:116 -                Rank 3 : true
2025-08-28 00:06:30,872 [INFO] ADCParametersView:116 -                Rank 4 : false
2025-08-28 00:06:30,872 [INFO] ADCParametersView:116 -                Rank 1 : true
2025-08-28 00:06:30,872 [INFO] ADCParametersView:116 -                Rank 2 : true
2025-08-28 00:06:30,872 [INFO] ADCParametersView:116 -                Rank 3 : true
2025-08-28 00:06:30,872 [INFO] ADCParametersView:116 -                Rank 4 : false
2025-08-28 00:06:30,872 [INFO] ADCParametersView:116 -                Rank 2 : true
2025-08-28 00:06:30,872 [INFO] ADCParametersView:116 -                Rank 3 : true
2025-08-28 00:06:30,872 [INFO] ADCParametersView:116 -                Rank 4 : false
2025-08-28 00:06:30,872 [INFO] ADCParametersView:116 -                Rank 3 : true
2025-08-28 00:06:30,872 [INFO] ADCParametersView:116 -                Rank 4 : false
2025-08-28 00:06:30,872 [INFO] ADCParametersView:116 -                Rank 4 : false
2025-08-28 00:06:30,955 [INFO] ADCParametersView:116 -                Rank 1 : true
2025-08-28 00:06:30,955 [INFO] ADCParametersView:116 -                Rank 1 : true
2025-08-28 00:06:30,955 [INFO] ADCParametersView:116 -                Rank 2 : true
2025-08-28 00:06:30,955 [INFO] ADCParametersView:116 -                Rank 1 : true
2025-08-28 00:06:30,955 [INFO] ADCParametersView:116 -                Rank 2 : true
2025-08-28 00:06:30,955 [INFO] ADCParametersView:116 -                Rank 3 : true
2025-08-28 00:06:30,955 [INFO] ADCParametersView:116 -                Rank 1 : true
2025-08-28 00:06:30,955 [INFO] ADCParametersView:116 -                Rank 2 : true
2025-08-28 00:06:30,955 [INFO] ADCParametersView:116 -                Rank 3 : true
2025-08-28 00:06:30,955 [INFO] ADCParametersView:116 -                Rank 4 : false
2025-08-28 00:06:31,974 [INFO] ADCParametersView:116 -                Rank 1 : true
2025-08-28 00:06:31,974 [INFO] ADCParametersView:116 -                Rank 2 : true
2025-08-28 00:06:31,974 [INFO] ADCParametersView:116 -                Rank 3 : true
2025-08-28 00:06:31,974 [INFO] ADCParametersView:116 -                Rank 4 : true
2025-08-28 00:06:34,015 [INFO] NvicIntPanel:101 - NVIC parent = com.st.microxplorer.plugins.ip.nvic.MultiNvicIntPanel[,0,0,0x0,invalid,layout=javax.swing.BoxLayout,alignmentX=0.0,alignmentY=0.0,border=,flags=9,maximumSize=,minimumSize=,preferredSize=]
2025-08-28 00:06:34,072 [INFO] ADCParametersView:116 -                Rank 1 : true
2025-08-28 00:06:34,072 [INFO] ADCParametersView:116 -                Rank 2 : true
2025-08-28 00:06:34,072 [INFO] ADCParametersView:116 -                Rank 3 : true
2025-08-28 00:06:34,072 [INFO] ADCParametersView:116 -                Rank 4 : true
2025-08-28 00:06:34,073 [INFO] ADCParametersView:116 -                Rank 1 : true
2025-08-28 00:06:34,073 [INFO] ADCParametersView:116 -                Rank 2 : true
2025-08-28 00:06:34,073 [INFO] ADCParametersView:116 -                Rank 3 : true
2025-08-28 00:06:34,073 [INFO] ADCParametersView:116 -                Rank 4 : true
2025-08-28 00:06:34,074 [INFO] ADCParametersView:116 -                Rank 1 : true
2025-08-28 00:06:34,074 [INFO] ADCParametersView:116 -                Rank 2 : true
2025-08-28 00:06:34,074 [INFO] ADCParametersView:116 -                Rank 3 : true
2025-08-28 00:06:34,074 [INFO] ADCParametersView:116 -                Rank 4 : true
2025-08-28 00:06:34,074 [INFO] ADCParametersView:116 -                Rank 1 : true
2025-08-28 00:06:34,074 [INFO] ADCParametersView:116 -                Rank 2 : true
2025-08-28 00:06:34,074 [INFO] ADCParametersView:116 -                Rank 3 : true
2025-08-28 00:06:34,074 [INFO] ADCParametersView:116 -                Rank 4 : true
2025-08-28 00:06:34,074 [INFO] ADCParametersView:116 -                Rank 1 : true
2025-08-28 00:06:34,074 [INFO] ADCParametersView:116 -                Rank 2 : true
2025-08-28 00:06:34,074 [INFO] ADCParametersView:116 -                Rank 3 : true
2025-08-28 00:06:34,074 [INFO] ADCParametersView:116 -                Rank 4 : true
2025-08-28 00:06:34,074 [INFO] ADCParametersView:116 -                Rank 1 : true
2025-08-28 00:06:34,074 [INFO] ADCParametersView:116 -                Rank 2 : true
2025-08-28 00:06:34,074 [INFO] ADCParametersView:116 -                Rank 3 : true
2025-08-28 00:06:34,074 [INFO] ADCParametersView:116 -                Rank 4 : true
2025-08-28 00:06:34,074 [INFO] ADCParametersView:116 -                Rank 1 : true
2025-08-28 00:06:34,074 [INFO] ADCParametersView:116 -                Rank 2 : true
2025-08-28 00:06:34,074 [INFO] ADCParametersView:116 -                Rank 3 : true
2025-08-28 00:06:34,074 [INFO] ADCParametersView:116 -                Rank 4 : true
2025-08-28 00:06:34,074 [INFO] ADCParametersView:116 -                Rank 1 : true
2025-08-28 00:06:34,074 [INFO] ADCParametersView:116 -                Rank 2 : true
2025-08-28 00:06:34,074 [INFO] ADCParametersView:116 -                Rank 3 : true
2025-08-28 00:06:34,074 [INFO] ADCParametersView:116 -                Rank 4 : true
2025-08-28 00:06:34,074 [INFO] ADCParametersView:116 -                Rank 1 : true
2025-08-28 00:06:34,074 [INFO] ADCParametersView:116 -                Rank 2 : true
2025-08-28 00:06:34,074 [INFO] ADCParametersView:116 -                Rank 3 : true
2025-08-28 00:06:34,074 [INFO] ADCParametersView:116 -                Rank 4 : true
2025-08-28 00:06:34,074 [INFO] ADCParametersView:116 -                Rank 1 : true
2025-08-28 00:06:34,074 [INFO] ADCParametersView:116 -                Rank 2 : true
2025-08-28 00:06:34,074 [INFO] ADCParametersView:116 -                Rank 3 : true
2025-08-28 00:06:34,074 [INFO] ADCParametersView:116 -                Rank 4 : true
2025-08-28 00:06:34,074 [INFO] ADCParametersView:116 -                Rank 1 : true
2025-08-28 00:06:34,074 [INFO] ADCParametersView:116 -                Rank 2 : true
2025-08-28 00:06:34,074 [INFO] ADCParametersView:116 -                Rank 3 : true
2025-08-28 00:06:34,074 [INFO] ADCParametersView:116 -                Rank 4 : true
2025-08-28 00:06:34,074 [INFO] ADCParametersView:116 -                Rank 1 : true
2025-08-28 00:06:34,074 [INFO] ADCParametersView:116 -                Rank 2 : true
2025-08-28 00:06:34,074 [INFO] ADCParametersView:116 -                Rank 3 : true
2025-08-28 00:06:34,074 [INFO] ADCParametersView:116 -                Rank 4 : true
2025-08-28 00:06:34,074 [INFO] ADCParametersView:116 -                Rank 1 : true
2025-08-28 00:06:34,074 [INFO] ADCParametersView:116 -                Rank 2 : true
2025-08-28 00:06:34,074 [INFO] ADCParametersView:116 -                Rank 3 : true
2025-08-28 00:06:34,074 [INFO] ADCParametersView:116 -                Rank 4 : true
2025-08-28 00:06:34,074 [INFO] ADCParametersView:116 -                Rank 1 : true
2025-08-28 00:06:34,074 [INFO] ADCParametersView:116 -                Rank 2 : true
2025-08-28 00:06:34,074 [INFO] ADCParametersView:116 -                Rank 3 : true
2025-08-28 00:06:34,074 [INFO] ADCParametersView:116 -                Rank 4 : true
2025-08-28 00:06:34,074 [INFO] ADCParametersView:116 -                Rank 1 : true
2025-08-28 00:06:34,074 [INFO] ADCParametersView:116 -                Rank 2 : true
2025-08-28 00:06:34,074 [INFO] ADCParametersView:116 -                Rank 3 : true
2025-08-28 00:06:34,074 [INFO] ADCParametersView:116 -                Rank 4 : true
2025-08-28 00:06:34,074 [INFO] ADCParametersView:116 -                Rank 1 : true
2025-08-28 00:06:34,074 [INFO] ADCParametersView:116 -                Rank 2 : true
2025-08-28 00:06:34,074 [INFO] ADCParametersView:116 -                Rank 3 : true
2025-08-28 00:06:34,074 [INFO] ADCParametersView:116 -                Rank 4 : true
2025-08-28 00:06:34,075 [INFO] ADCParametersView:116 -                Rank 1 : true
2025-08-28 00:06:34,075 [INFO] ADCParametersView:116 -                Rank 2 : true
2025-08-28 00:06:34,075 [INFO] ADCParametersView:116 -                Rank 3 : true
2025-08-28 00:06:34,075 [INFO] ADCParametersView:116 -                Rank 4 : true
2025-08-28 00:06:34,075 [INFO] ADCParametersView:116 -                Rank 1 : true
2025-08-28 00:06:34,075 [INFO] ADCParametersView:116 -                Rank 2 : true
2025-08-28 00:06:34,075 [INFO] ADCParametersView:116 -                Rank 3 : true
2025-08-28 00:06:34,075 [INFO] ADCParametersView:116 -                Rank 4 : true
2025-08-28 00:06:34,075 [INFO] ADCParametersView:116 -                Rank 1 : true
2025-08-28 00:06:34,075 [INFO] ADCParametersView:116 -                Rank 2 : true
2025-08-28 00:06:34,075 [INFO] ADCParametersView:116 -                Rank 3 : true
2025-08-28 00:06:34,075 [INFO] ADCParametersView:116 -                Rank 4 : true
2025-08-28 00:06:34,075 [INFO] ADCParametersView:116 -                Rank 1 : true
2025-08-28 00:06:34,075 [INFO] ADCParametersView:116 -                Rank 2 : true
2025-08-28 00:06:34,075 [INFO] ADCParametersView:116 -                Rank 3 : true
2025-08-28 00:06:34,075 [INFO] ADCParametersView:116 -                Rank 4 : true
2025-08-28 00:06:34,075 [INFO] ADCParametersView:116 -                Rank 1 : true
2025-08-28 00:06:34,075 [INFO] ADCParametersView:116 -                Rank 2 : true
2025-08-28 00:06:34,075 [INFO] ADCParametersView:116 -                Rank 3 : true
2025-08-28 00:06:34,075 [INFO] ADCParametersView:116 -                Rank 4 : true
2025-08-28 00:06:34,075 [INFO] ADCParametersView:116 -                Rank 1 : true
2025-08-28 00:06:34,075 [INFO] ADCParametersView:116 -                Rank 2 : true
2025-08-28 00:06:34,075 [INFO] ADCParametersView:116 -                Rank 3 : true
2025-08-28 00:06:34,075 [INFO] ADCParametersView:116 -                Rank 4 : true
2025-08-28 00:06:34,075 [INFO] ADCParametersView:116 -                Rank 1 : true
2025-08-28 00:06:34,075 [INFO] ADCParametersView:116 -                Rank 2 : true
2025-08-28 00:06:34,075 [INFO] ADCParametersView:116 -                Rank 3 : true
2025-08-28 00:06:34,075 [INFO] ADCParametersView:116 -                Rank 4 : true
2025-08-28 00:06:34,075 [INFO] ADCParametersView:116 -                Rank 2 : true
2025-08-28 00:06:34,075 [INFO] ADCParametersView:116 -                Rank 3 : true
2025-08-28 00:06:34,075 [INFO] ADCParametersView:116 -                Rank 4 : true
2025-08-28 00:06:34,075 [INFO] ADCParametersView:116 -                Rank 3 : true
2025-08-28 00:06:34,075 [INFO] ADCParametersView:116 -                Rank 4 : true
2025-08-28 00:06:34,075 [INFO] ADCParametersView:116 -                Rank 4 : true
2025-08-28 00:06:34,160 [INFO] ADCParametersView:116 -                Rank 1 : true
2025-08-28 00:06:34,160 [INFO] ADCParametersView:116 -                Rank 1 : true
2025-08-28 00:06:34,160 [INFO] ADCParametersView:116 -                Rank 2 : true
2025-08-28 00:06:34,160 [INFO] ADCParametersView:116 -                Rank 1 : true
2025-08-28 00:06:34,160 [INFO] ADCParametersView:116 -                Rank 2 : true
2025-08-28 00:06:34,160 [INFO] ADCParametersView:116 -                Rank 3 : true
2025-08-28 00:06:34,161 [INFO] ADCParametersView:116 -                Rank 1 : true
2025-08-28 00:06:34,161 [INFO] ADCParametersView:116 -                Rank 2 : true
2025-08-28 00:06:34,161 [INFO] ADCParametersView:116 -                Rank 3 : true
2025-08-28 00:06:34,161 [INFO] ADCParametersView:116 -                Rank 4 : true
2025-08-28 00:06:35,586 [INFO] NvicIntPanel:101 - NVIC parent = com.st.microxplorer.plugins.ip.nvic.MultiNvicIntPanel[,0,0,0x0,invalid,layout=javax.swing.BoxLayout,alignmentX=0.0,alignmentY=0.0,border=,flags=9,maximumSize=,minimumSize=,preferredSize=]
2025-08-28 00:06:35,638 [INFO] ADCParametersView:116 -                Rank 1 : true
2025-08-28 00:06:35,638 [INFO] ADCParametersView:116 -                Rank 2 : true
2025-08-28 00:06:35,638 [INFO] ADCParametersView:116 -                Rank 3 : true
2025-08-28 00:06:35,638 [INFO] ADCParametersView:116 -                Rank 4 : true
2025-08-28 00:06:35,640 [INFO] ADCParametersView:116 -                Rank 1 : true
2025-08-28 00:06:35,640 [INFO] ADCParametersView:116 -                Rank 2 : true
2025-08-28 00:06:35,640 [INFO] ADCParametersView:116 -                Rank 3 : true
2025-08-28 00:06:35,640 [INFO] ADCParametersView:116 -                Rank 4 : true
2025-08-28 00:06:35,640 [INFO] ADCParametersView:116 -                Rank 1 : true
2025-08-28 00:06:35,640 [INFO] ADCParametersView:116 -                Rank 2 : true
2025-08-28 00:06:35,640 [INFO] ADCParametersView:116 -                Rank 3 : true
2025-08-28 00:06:35,640 [INFO] ADCParametersView:116 -                Rank 4 : true
2025-08-28 00:06:35,640 [INFO] ADCParametersView:116 -                Rank 1 : true
2025-08-28 00:06:35,640 [INFO] ADCParametersView:116 -                Rank 2 : true
2025-08-28 00:06:35,640 [INFO] ADCParametersView:116 -                Rank 3 : true
2025-08-28 00:06:35,640 [INFO] ADCParametersView:116 -                Rank 4 : true
2025-08-28 00:06:35,640 [INFO] ADCParametersView:116 -                Rank 1 : true
2025-08-28 00:06:35,640 [INFO] ADCParametersView:116 -                Rank 2 : true
2025-08-28 00:06:35,640 [INFO] ADCParametersView:116 -                Rank 3 : true
2025-08-28 00:06:35,640 [INFO] ADCParametersView:116 -                Rank 4 : true
2025-08-28 00:06:35,640 [INFO] ADCParametersView:116 -                Rank 1 : true
2025-08-28 00:06:35,640 [INFO] ADCParametersView:116 -                Rank 2 : true
2025-08-28 00:06:35,640 [INFO] ADCParametersView:116 -                Rank 3 : true
2025-08-28 00:06:35,640 [INFO] ADCParametersView:116 -                Rank 4 : true
2025-08-28 00:06:35,640 [INFO] ADCParametersView:116 -                Rank 1 : true
2025-08-28 00:06:35,640 [INFO] ADCParametersView:116 -                Rank 2 : true
2025-08-28 00:06:35,640 [INFO] ADCParametersView:116 -                Rank 3 : true
2025-08-28 00:06:35,640 [INFO] ADCParametersView:116 -                Rank 4 : true
2025-08-28 00:06:35,640 [INFO] ADCParametersView:116 -                Rank 1 : true
2025-08-28 00:06:35,640 [INFO] ADCParametersView:116 -                Rank 2 : true
2025-08-28 00:06:35,640 [INFO] ADCParametersView:116 -                Rank 3 : true
2025-08-28 00:06:35,640 [INFO] ADCParametersView:116 -                Rank 4 : true
2025-08-28 00:06:35,640 [INFO] ADCParametersView:116 -                Rank 1 : true
2025-08-28 00:06:35,640 [INFO] ADCParametersView:116 -                Rank 2 : true
2025-08-28 00:06:35,640 [INFO] ADCParametersView:116 -                Rank 3 : true
2025-08-28 00:06:35,640 [INFO] ADCParametersView:116 -                Rank 4 : true
2025-08-28 00:06:35,640 [INFO] ADCParametersView:116 -                Rank 1 : true
2025-08-28 00:06:35,640 [INFO] ADCParametersView:116 -                Rank 2 : true
2025-08-28 00:06:35,640 [INFO] ADCParametersView:116 -                Rank 3 : true
2025-08-28 00:06:35,640 [INFO] ADCParametersView:116 -                Rank 4 : true
2025-08-28 00:06:35,640 [INFO] ADCParametersView:116 -                Rank 1 : true
2025-08-28 00:06:35,640 [INFO] ADCParametersView:116 -                Rank 2 : true
2025-08-28 00:06:35,640 [INFO] ADCParametersView:116 -                Rank 3 : true
2025-08-28 00:06:35,640 [INFO] ADCParametersView:116 -                Rank 4 : true
2025-08-28 00:06:35,640 [INFO] ADCParametersView:116 -                Rank 1 : true
2025-08-28 00:06:35,640 [INFO] ADCParametersView:116 -                Rank 2 : true
2025-08-28 00:06:35,640 [INFO] ADCParametersView:116 -                Rank 3 : true
2025-08-28 00:06:35,640 [INFO] ADCParametersView:116 -                Rank 4 : true
2025-08-28 00:06:35,641 [INFO] ADCParametersView:116 -                Rank 1 : true
2025-08-28 00:06:35,641 [INFO] ADCParametersView:116 -                Rank 2 : true
2025-08-28 00:06:35,641 [INFO] ADCParametersView:116 -                Rank 3 : true
2025-08-28 00:06:35,641 [INFO] ADCParametersView:116 -                Rank 4 : true
2025-08-28 00:06:35,641 [INFO] ADCParametersView:116 -                Rank 1 : true
2025-08-28 00:06:35,641 [INFO] ADCParametersView:116 -                Rank 2 : true
2025-08-28 00:06:35,641 [INFO] ADCParametersView:116 -                Rank 3 : true
2025-08-28 00:06:35,641 [INFO] ADCParametersView:116 -                Rank 4 : true
2025-08-28 00:06:35,641 [INFO] ADCParametersView:116 -                Rank 1 : true
2025-08-28 00:06:35,641 [INFO] ADCParametersView:116 -                Rank 2 : true
2025-08-28 00:06:35,641 [INFO] ADCParametersView:116 -                Rank 3 : true
2025-08-28 00:06:35,641 [INFO] ADCParametersView:116 -                Rank 4 : true
2025-08-28 00:06:35,641 [INFO] ADCParametersView:116 -                Rank 1 : true
2025-08-28 00:06:35,641 [INFO] ADCParametersView:116 -                Rank 2 : true
2025-08-28 00:06:35,641 [INFO] ADCParametersView:116 -                Rank 3 : true
2025-08-28 00:06:35,641 [INFO] ADCParametersView:116 -                Rank 4 : true
2025-08-28 00:06:35,641 [INFO] ADCParametersView:116 -                Rank 1 : true
2025-08-28 00:06:35,641 [INFO] ADCParametersView:116 -                Rank 2 : true
2025-08-28 00:06:35,641 [INFO] ADCParametersView:116 -                Rank 3 : true
2025-08-28 00:06:35,641 [INFO] ADCParametersView:116 -                Rank 4 : true
2025-08-28 00:06:35,641 [INFO] ADCParametersView:116 -                Rank 1 : true
2025-08-28 00:06:35,641 [INFO] ADCParametersView:116 -                Rank 2 : true
2025-08-28 00:06:35,641 [INFO] ADCParametersView:116 -                Rank 3 : true
2025-08-28 00:06:35,641 [INFO] ADCParametersView:116 -                Rank 4 : true
2025-08-28 00:06:35,641 [INFO] ADCParametersView:116 -                Rank 1 : true
2025-08-28 00:06:35,641 [INFO] ADCParametersView:116 -                Rank 2 : true
2025-08-28 00:06:35,641 [INFO] ADCParametersView:116 -                Rank 3 : true
2025-08-28 00:06:35,641 [INFO] ADCParametersView:116 -                Rank 4 : true
2025-08-28 00:06:35,641 [INFO] ADCParametersView:116 -                Rank 1 : true
2025-08-28 00:06:35,641 [INFO] ADCParametersView:116 -                Rank 2 : true
2025-08-28 00:06:35,641 [INFO] ADCParametersView:116 -                Rank 3 : true
2025-08-28 00:06:35,641 [INFO] ADCParametersView:116 -                Rank 4 : true
2025-08-28 00:06:35,641 [INFO] ADCParametersView:116 -                Rank 1 : true
2025-08-28 00:06:35,641 [INFO] ADCParametersView:116 -                Rank 2 : true
2025-08-28 00:06:35,641 [INFO] ADCParametersView:116 -                Rank 3 : true
2025-08-28 00:06:35,641 [INFO] ADCParametersView:116 -                Rank 4 : true
2025-08-28 00:06:35,641 [INFO] ADCParametersView:116 -                Rank 1 : true
2025-08-28 00:06:35,641 [INFO] ADCParametersView:116 -                Rank 2 : true
2025-08-28 00:06:35,641 [INFO] ADCParametersView:116 -                Rank 3 : true
2025-08-28 00:06:35,641 [INFO] ADCParametersView:116 -                Rank 4 : true
2025-08-28 00:06:35,641 [INFO] ADCParametersView:116 -                Rank 1 : true
2025-08-28 00:06:35,641 [INFO] ADCParametersView:116 -                Rank 2 : true
2025-08-28 00:06:35,641 [INFO] ADCParametersView:116 -                Rank 3 : true
2025-08-28 00:06:35,641 [INFO] ADCParametersView:116 -                Rank 4 : true
2025-08-28 00:06:35,641 [INFO] ADCParametersView:116 -                Rank 2 : true
2025-08-28 00:06:35,641 [INFO] ADCParametersView:116 -                Rank 3 : true
2025-08-28 00:06:35,641 [INFO] ADCParametersView:116 -                Rank 4 : true
2025-08-28 00:06:35,641 [INFO] ADCParametersView:116 -                Rank 3 : true
2025-08-28 00:06:35,641 [INFO] ADCParametersView:116 -                Rank 4 : true
2025-08-28 00:06:35,641 [INFO] ADCParametersView:116 -                Rank 4 : true
2025-08-28 00:06:35,725 [INFO] ADCParametersView:116 -                Rank 1 : true
2025-08-28 00:06:35,725 [INFO] ADCParametersView:116 -                Rank 1 : true
2025-08-28 00:06:35,725 [INFO] ADCParametersView:116 -                Rank 2 : true
2025-08-28 00:06:35,725 [INFO] ADCParametersView:116 -                Rank 1 : true
2025-08-28 00:06:35,725 [INFO] ADCParametersView:116 -                Rank 2 : true
2025-08-28 00:06:35,725 [INFO] ADCParametersView:116 -                Rank 3 : true
2025-08-28 00:06:35,725 [INFO] ADCParametersView:116 -                Rank 1 : true
2025-08-28 00:06:35,725 [INFO] ADCParametersView:116 -                Rank 2 : true
2025-08-28 00:06:35,725 [INFO] ADCParametersView:116 -                Rank 3 : true
2025-08-28 00:06:35,725 [INFO] ADCParametersView:116 -                Rank 4 : true
2025-08-28 00:06:37,170 [INFO] NvicIntPanel:101 - NVIC parent = com.st.microxplorer.plugins.ip.nvic.MultiNvicIntPanel[,0,0,0x0,invalid,layout=javax.swing.BoxLayout,alignmentX=0.0,alignmentY=0.0,border=,flags=9,maximumSize=,minimumSize=,preferredSize=]
2025-08-28 00:06:37,226 [INFO] ADCParametersView:116 -                Rank 1 : true
2025-08-28 00:06:37,226 [INFO] ADCParametersView:116 -                Rank 2 : true
2025-08-28 00:06:37,226 [INFO] ADCParametersView:116 -                Rank 3 : true
2025-08-28 00:06:37,226 [INFO] ADCParametersView:116 -                Rank 4 : true
2025-08-28 00:06:37,227 [INFO] ADCParametersView:116 -                Rank 1 : true
2025-08-28 00:06:37,227 [INFO] ADCParametersView:116 -                Rank 2 : true
2025-08-28 00:06:37,227 [INFO] ADCParametersView:116 -                Rank 3 : true
2025-08-28 00:06:37,227 [INFO] ADCParametersView:116 -                Rank 4 : true
2025-08-28 00:06:37,227 [INFO] ADCParametersView:116 -                Rank 1 : true
2025-08-28 00:06:37,227 [INFO] ADCParametersView:116 -                Rank 2 : true
2025-08-28 00:06:37,227 [INFO] ADCParametersView:116 -                Rank 3 : true
2025-08-28 00:06:37,227 [INFO] ADCParametersView:116 -                Rank 4 : true
2025-08-28 00:06:37,227 [INFO] ADCParametersView:116 -                Rank 1 : true
2025-08-28 00:06:37,227 [INFO] ADCParametersView:116 -                Rank 2 : true
2025-08-28 00:06:37,227 [INFO] ADCParametersView:116 -                Rank 3 : true
2025-08-28 00:06:37,227 [INFO] ADCParametersView:116 -                Rank 4 : true
2025-08-28 00:06:37,227 [INFO] ADCParametersView:116 -                Rank 1 : true
2025-08-28 00:06:37,227 [INFO] ADCParametersView:116 -                Rank 2 : true
2025-08-28 00:06:37,227 [INFO] ADCParametersView:116 -                Rank 3 : true
2025-08-28 00:06:37,227 [INFO] ADCParametersView:116 -                Rank 4 : true
2025-08-28 00:06:37,227 [INFO] ADCParametersView:116 -                Rank 1 : true
2025-08-28 00:06:37,227 [INFO] ADCParametersView:116 -                Rank 2 : true
2025-08-28 00:06:37,227 [INFO] ADCParametersView:116 -                Rank 3 : true
2025-08-28 00:06:37,227 [INFO] ADCParametersView:116 -                Rank 4 : true
2025-08-28 00:06:37,227 [INFO] ADCParametersView:116 -                Rank 1 : true
2025-08-28 00:06:37,227 [INFO] ADCParametersView:116 -                Rank 2 : true
2025-08-28 00:06:37,227 [INFO] ADCParametersView:116 -                Rank 3 : true
2025-08-28 00:06:37,227 [INFO] ADCParametersView:116 -                Rank 4 : true
2025-08-28 00:06:37,227 [INFO] ADCParametersView:116 -                Rank 1 : true
2025-08-28 00:06:37,227 [INFO] ADCParametersView:116 -                Rank 2 : true
2025-08-28 00:06:37,227 [INFO] ADCParametersView:116 -                Rank 3 : true
2025-08-28 00:06:37,227 [INFO] ADCParametersView:116 -                Rank 4 : true
2025-08-28 00:06:37,227 [INFO] ADCParametersView:116 -                Rank 1 : true
2025-08-28 00:06:37,227 [INFO] ADCParametersView:116 -                Rank 2 : true
2025-08-28 00:06:37,227 [INFO] ADCParametersView:116 -                Rank 3 : true
2025-08-28 00:06:37,227 [INFO] ADCParametersView:116 -                Rank 4 : true
2025-08-28 00:06:37,227 [INFO] ADCParametersView:116 -                Rank 1 : true
2025-08-28 00:06:37,227 [INFO] ADCParametersView:116 -                Rank 2 : true
2025-08-28 00:06:37,227 [INFO] ADCParametersView:116 -                Rank 3 : true
2025-08-28 00:06:37,227 [INFO] ADCParametersView:116 -                Rank 4 : true
2025-08-28 00:06:37,227 [INFO] ADCParametersView:116 -                Rank 1 : true
2025-08-28 00:06:37,227 [INFO] ADCParametersView:116 -                Rank 2 : true
2025-08-28 00:06:37,227 [INFO] ADCParametersView:116 -                Rank 3 : true
2025-08-28 00:06:37,227 [INFO] ADCParametersView:116 -                Rank 4 : true
2025-08-28 00:06:37,227 [INFO] ADCParametersView:116 -                Rank 1 : true
2025-08-28 00:06:37,227 [INFO] ADCParametersView:116 -                Rank 2 : true
2025-08-28 00:06:37,227 [INFO] ADCParametersView:116 -                Rank 3 : true
2025-08-28 00:06:37,227 [INFO] ADCParametersView:116 -                Rank 4 : true
2025-08-28 00:06:37,227 [INFO] ADCParametersView:116 -                Rank 1 : true
2025-08-28 00:06:37,227 [INFO] ADCParametersView:116 -                Rank 2 : true
2025-08-28 00:06:37,227 [INFO] ADCParametersView:116 -                Rank 3 : true
2025-08-28 00:06:37,227 [INFO] ADCParametersView:116 -                Rank 4 : true
2025-08-28 00:06:37,228 [INFO] ADCParametersView:116 -                Rank 1 : true
2025-08-28 00:06:37,228 [INFO] ADCParametersView:116 -                Rank 2 : true
2025-08-28 00:06:37,228 [INFO] ADCParametersView:116 -                Rank 3 : true
2025-08-28 00:06:37,228 [INFO] ADCParametersView:116 -                Rank 4 : true
2025-08-28 00:06:37,228 [INFO] ADCParametersView:116 -                Rank 1 : true
2025-08-28 00:06:37,228 [INFO] ADCParametersView:116 -                Rank 2 : true
2025-08-28 00:06:37,228 [INFO] ADCParametersView:116 -                Rank 3 : true
2025-08-28 00:06:37,228 [INFO] ADCParametersView:116 -                Rank 4 : true
2025-08-28 00:06:37,228 [INFO] ADCParametersView:116 -                Rank 1 : true
2025-08-28 00:06:37,228 [INFO] ADCParametersView:116 -                Rank 2 : true
2025-08-28 00:06:37,228 [INFO] ADCParametersView:116 -                Rank 3 : true
2025-08-28 00:06:37,228 [INFO] ADCParametersView:116 -                Rank 4 : true
2025-08-28 00:06:37,228 [INFO] ADCParametersView:116 -                Rank 1 : true
2025-08-28 00:06:37,228 [INFO] ADCParametersView:116 -                Rank 2 : true
2025-08-28 00:06:37,228 [INFO] ADCParametersView:116 -                Rank 3 : true
2025-08-28 00:06:37,228 [INFO] ADCParametersView:116 -                Rank 4 : true
2025-08-28 00:06:37,228 [INFO] ADCParametersView:116 -                Rank 1 : true
2025-08-28 00:06:37,228 [INFO] ADCParametersView:116 -                Rank 2 : true
2025-08-28 00:06:37,228 [INFO] ADCParametersView:116 -                Rank 3 : true
2025-08-28 00:06:37,228 [INFO] ADCParametersView:116 -                Rank 4 : true
2025-08-28 00:06:37,228 [INFO] ADCParametersView:116 -                Rank 1 : true
2025-08-28 00:06:37,228 [INFO] ADCParametersView:116 -                Rank 2 : true
2025-08-28 00:06:37,228 [INFO] ADCParametersView:116 -                Rank 3 : true
2025-08-28 00:06:37,228 [INFO] ADCParametersView:116 -                Rank 4 : true
2025-08-28 00:06:37,228 [INFO] ADCParametersView:116 -                Rank 1 : true
2025-08-28 00:06:37,228 [INFO] ADCParametersView:116 -                Rank 2 : true
2025-08-28 00:06:37,228 [INFO] ADCParametersView:116 -                Rank 3 : true
2025-08-28 00:06:37,228 [INFO] ADCParametersView:116 -                Rank 4 : true
2025-08-28 00:06:37,228 [INFO] ADCParametersView:116 -                Rank 1 : true
2025-08-28 00:06:37,228 [INFO] ADCParametersView:116 -                Rank 2 : true
2025-08-28 00:06:37,228 [INFO] ADCParametersView:116 -                Rank 3 : true
2025-08-28 00:06:37,228 [INFO] ADCParametersView:116 -                Rank 4 : true
2025-08-28 00:06:37,228 [INFO] ADCParametersView:116 -                Rank 1 : true
2025-08-28 00:06:37,228 [INFO] ADCParametersView:116 -                Rank 2 : true
2025-08-28 00:06:37,228 [INFO] ADCParametersView:116 -                Rank 3 : true
2025-08-28 00:06:37,228 [INFO] ADCParametersView:116 -                Rank 4 : true
2025-08-28 00:06:37,228 [INFO] ADCParametersView:116 -                Rank 1 : true
2025-08-28 00:06:37,228 [INFO] ADCParametersView:116 -                Rank 2 : true
2025-08-28 00:06:37,228 [INFO] ADCParametersView:116 -                Rank 3 : true
2025-08-28 00:06:37,228 [INFO] ADCParametersView:116 -                Rank 4 : true
2025-08-28 00:06:37,228 [INFO] ADCParametersView:116 -                Rank 2 : true
2025-08-28 00:06:37,228 [INFO] ADCParametersView:116 -                Rank 3 : true
2025-08-28 00:06:37,228 [INFO] ADCParametersView:116 -                Rank 4 : true
2025-08-28 00:06:37,228 [INFO] ADCParametersView:116 -                Rank 3 : true
2025-08-28 00:06:37,228 [INFO] ADCParametersView:116 -                Rank 4 : true
2025-08-28 00:06:37,228 [INFO] ADCParametersView:116 -                Rank 4 : true
2025-08-28 00:06:37,317 [INFO] ADCParametersView:116 -                Rank 1 : true
2025-08-28 00:06:37,318 [INFO] ADCParametersView:116 -                Rank 1 : true
2025-08-28 00:06:37,318 [INFO] ADCParametersView:116 -                Rank 2 : true
2025-08-28 00:06:37,318 [INFO] ADCParametersView:116 -                Rank 1 : true
2025-08-28 00:06:37,318 [INFO] ADCParametersView:116 -                Rank 2 : true
2025-08-28 00:06:37,318 [INFO] ADCParametersView:116 -                Rank 3 : true
2025-08-28 00:06:37,318 [INFO] ADCParametersView:116 -                Rank 1 : true
2025-08-28 00:06:37,318 [INFO] ADCParametersView:116 -                Rank 2 : true
2025-08-28 00:06:37,318 [INFO] ADCParametersView:116 -                Rank 3 : true
2025-08-28 00:06:37,318 [INFO] ADCParametersView:116 -                Rank 4 : true
2025-08-28 00:06:40,254 [INFO] NvicIntPanel:101 - NVIC parent = com.st.microxplorer.plugins.ip.nvic.MultiNvicIntPanel[,0,0,0x0,invalid,layout=javax.swing.BoxLayout,alignmentX=0.0,alignmentY=0.0,border=,flags=9,maximumSize=,minimumSize=,preferredSize=]
2025-08-28 00:06:40,307 [INFO] ADCParametersView:116 -                Rank 1 : true
2025-08-28 00:06:40,307 [INFO] ADCParametersView:116 -                Rank 2 : true
2025-08-28 00:06:40,307 [INFO] ADCParametersView:116 -                Rank 3 : true
2025-08-28 00:06:40,307 [INFO] ADCParametersView:116 -                Rank 4 : true
2025-08-28 00:06:40,308 [INFO] ADCParametersView:116 -                Rank 1 : true
2025-08-28 00:06:40,308 [INFO] ADCParametersView:116 -                Rank 2 : true
2025-08-28 00:06:40,308 [INFO] ADCParametersView:116 -                Rank 3 : true
2025-08-28 00:06:40,308 [INFO] ADCParametersView:116 -                Rank 4 : true
2025-08-28 00:06:40,308 [INFO] ADCParametersView:116 -                Rank 1 : true
2025-08-28 00:06:40,308 [INFO] ADCParametersView:116 -                Rank 2 : true
2025-08-28 00:06:40,308 [INFO] ADCParametersView:116 -                Rank 3 : true
2025-08-28 00:06:40,308 [INFO] ADCParametersView:116 -                Rank 4 : true
2025-08-28 00:06:40,308 [INFO] ADCParametersView:116 -                Rank 1 : true
2025-08-28 00:06:40,308 [INFO] ADCParametersView:116 -                Rank 2 : true
2025-08-28 00:06:40,308 [INFO] ADCParametersView:116 -                Rank 3 : true
2025-08-28 00:06:40,308 [INFO] ADCParametersView:116 -                Rank 4 : true
2025-08-28 00:06:40,308 [INFO] ADCParametersView:116 -                Rank 1 : true
2025-08-28 00:06:40,308 [INFO] ADCParametersView:116 -                Rank 2 : true
2025-08-28 00:06:40,308 [INFO] ADCParametersView:116 -                Rank 3 : true
2025-08-28 00:06:40,308 [INFO] ADCParametersView:116 -                Rank 4 : true
2025-08-28 00:06:40,308 [INFO] ADCParametersView:116 -                Rank 1 : true
2025-08-28 00:06:40,308 [INFO] ADCParametersView:116 -                Rank 2 : true
2025-08-28 00:06:40,308 [INFO] ADCParametersView:116 -                Rank 3 : true
2025-08-28 00:06:40,308 [INFO] ADCParametersView:116 -                Rank 4 : true
2025-08-28 00:06:40,308 [INFO] ADCParametersView:116 -                Rank 1 : true
2025-08-28 00:06:40,308 [INFO] ADCParametersView:116 -                Rank 2 : true
2025-08-28 00:06:40,308 [INFO] ADCParametersView:116 -                Rank 3 : true
2025-08-28 00:06:40,308 [INFO] ADCParametersView:116 -                Rank 4 : true
2025-08-28 00:06:40,308 [INFO] ADCParametersView:116 -                Rank 1 : true
2025-08-28 00:06:40,308 [INFO] ADCParametersView:116 -                Rank 2 : true
2025-08-28 00:06:40,308 [INFO] ADCParametersView:116 -                Rank 3 : true
2025-08-28 00:06:40,308 [INFO] ADCParametersView:116 -                Rank 4 : true
2025-08-28 00:06:40,308 [INFO] ADCParametersView:116 -                Rank 1 : true
2025-08-28 00:06:40,308 [INFO] ADCParametersView:116 -                Rank 2 : true
2025-08-28 00:06:40,308 [INFO] ADCParametersView:116 -                Rank 3 : true
2025-08-28 00:06:40,308 [INFO] ADCParametersView:116 -                Rank 4 : true
2025-08-28 00:06:40,308 [INFO] ADCParametersView:116 -                Rank 1 : true
2025-08-28 00:06:40,308 [INFO] ADCParametersView:116 -                Rank 2 : true
2025-08-28 00:06:40,308 [INFO] ADCParametersView:116 -                Rank 3 : true
2025-08-28 00:06:40,308 [INFO] ADCParametersView:116 -                Rank 4 : true
2025-08-28 00:06:40,308 [INFO] ADCParametersView:116 -                Rank 1 : true
2025-08-28 00:06:40,308 [INFO] ADCParametersView:116 -                Rank 2 : true
2025-08-28 00:06:40,308 [INFO] ADCParametersView:116 -                Rank 3 : true
2025-08-28 00:06:40,308 [INFO] ADCParametersView:116 -                Rank 4 : true
2025-08-28 00:06:40,308 [INFO] ADCParametersView:116 -                Rank 1 : true
2025-08-28 00:06:40,308 [INFO] ADCParametersView:116 -                Rank 2 : true
2025-08-28 00:06:40,308 [INFO] ADCParametersView:116 -                Rank 3 : true
2025-08-28 00:06:40,308 [INFO] ADCParametersView:116 -                Rank 4 : true
2025-08-28 00:06:40,308 [INFO] ADCParametersView:116 -                Rank 1 : true
2025-08-28 00:06:40,308 [INFO] ADCParametersView:116 -                Rank 2 : true
2025-08-28 00:06:40,308 [INFO] ADCParametersView:116 -                Rank 3 : true
2025-08-28 00:06:40,308 [INFO] ADCParametersView:116 -                Rank 4 : true
2025-08-28 00:06:40,309 [INFO] ADCParametersView:116 -                Rank 1 : true
2025-08-28 00:06:40,309 [INFO] ADCParametersView:116 -                Rank 2 : true
2025-08-28 00:06:40,309 [INFO] ADCParametersView:116 -                Rank 3 : true
2025-08-28 00:06:40,309 [INFO] ADCParametersView:116 -                Rank 4 : true
2025-08-28 00:06:40,309 [INFO] ADCParametersView:116 -                Rank 1 : true
2025-08-28 00:06:40,309 [INFO] ADCParametersView:116 -                Rank 2 : true
2025-08-28 00:06:40,309 [INFO] ADCParametersView:116 -                Rank 3 : true
2025-08-28 00:06:40,309 [INFO] ADCParametersView:116 -                Rank 4 : true
2025-08-28 00:06:40,309 [INFO] ADCParametersView:116 -                Rank 1 : true
2025-08-28 00:06:40,309 [INFO] ADCParametersView:116 -                Rank 2 : true
2025-08-28 00:06:40,309 [INFO] ADCParametersView:116 -                Rank 3 : true
2025-08-28 00:06:40,309 [INFO] ADCParametersView:116 -                Rank 4 : true
2025-08-28 00:06:40,309 [INFO] ADCParametersView:116 -                Rank 1 : true
2025-08-28 00:06:40,309 [INFO] ADCParametersView:116 -                Rank 2 : true
2025-08-28 00:06:40,309 [INFO] ADCParametersView:116 -                Rank 3 : true
2025-08-28 00:06:40,309 [INFO] ADCParametersView:116 -                Rank 4 : true
2025-08-28 00:06:40,309 [INFO] ADCParametersView:116 -                Rank 1 : true
2025-08-28 00:06:40,309 [INFO] ADCParametersView:116 -                Rank 2 : true
2025-08-28 00:06:40,309 [INFO] ADCParametersView:116 -                Rank 3 : true
2025-08-28 00:06:40,309 [INFO] ADCParametersView:116 -                Rank 4 : true
2025-08-28 00:06:40,309 [INFO] ADCParametersView:116 -                Rank 1 : true
2025-08-28 00:06:40,309 [INFO] ADCParametersView:116 -                Rank 2 : true
2025-08-28 00:06:40,309 [INFO] ADCParametersView:116 -                Rank 3 : true
2025-08-28 00:06:40,309 [INFO] ADCParametersView:116 -                Rank 4 : true
2025-08-28 00:06:40,309 [INFO] ADCParametersView:116 -                Rank 1 : true
2025-08-28 00:06:40,309 [INFO] ADCParametersView:116 -                Rank 2 : true
2025-08-28 00:06:40,309 [INFO] ADCParametersView:116 -                Rank 3 : true
2025-08-28 00:06:40,309 [INFO] ADCParametersView:116 -                Rank 4 : true
2025-08-28 00:06:40,309 [INFO] ADCParametersView:116 -                Rank 1 : true
2025-08-28 00:06:40,309 [INFO] ADCParametersView:116 -                Rank 2 : true
2025-08-28 00:06:40,309 [INFO] ADCParametersView:116 -                Rank 3 : true
2025-08-28 00:06:40,309 [INFO] ADCParametersView:116 -                Rank 4 : true
2025-08-28 00:06:40,309 [INFO] ADCParametersView:116 -                Rank 1 : true
2025-08-28 00:06:40,309 [INFO] ADCParametersView:116 -                Rank 2 : true
2025-08-28 00:06:40,309 [INFO] ADCParametersView:116 -                Rank 3 : true
2025-08-28 00:06:40,309 [INFO] ADCParametersView:116 -                Rank 4 : true
2025-08-28 00:06:40,309 [INFO] ADCParametersView:116 -                Rank 1 : true
2025-08-28 00:06:40,309 [INFO] ADCParametersView:116 -                Rank 2 : true
2025-08-28 00:06:40,309 [INFO] ADCParametersView:116 -                Rank 3 : true
2025-08-28 00:06:40,309 [INFO] ADCParametersView:116 -                Rank 4 : true
2025-08-28 00:06:40,309 [INFO] ADCParametersView:116 -                Rank 2 : true
2025-08-28 00:06:40,309 [INFO] ADCParametersView:116 -                Rank 3 : true
2025-08-28 00:06:40,309 [INFO] ADCParametersView:116 -                Rank 4 : true
2025-08-28 00:06:40,309 [INFO] ADCParametersView:116 -                Rank 3 : true
2025-08-28 00:06:40,309 [INFO] ADCParametersView:116 -                Rank 4 : true
2025-08-28 00:06:40,309 [INFO] ADCParametersView:116 -                Rank 4 : true
2025-08-28 00:06:40,386 [INFO] ADCParametersView:116 -                Rank 1 : true
2025-08-28 00:06:40,387 [INFO] ADCParametersView:116 -                Rank 1 : true
2025-08-28 00:06:40,387 [INFO] ADCParametersView:116 -                Rank 2 : true
2025-08-28 00:06:40,387 [INFO] ADCParametersView:116 -                Rank 1 : true
2025-08-28 00:06:40,387 [INFO] ADCParametersView:116 -                Rank 2 : true
2025-08-28 00:06:40,387 [INFO] ADCParametersView:116 -                Rank 3 : true
2025-08-28 00:06:40,387 [INFO] ADCParametersView:116 -                Rank 1 : true
2025-08-28 00:06:40,387 [INFO] ADCParametersView:116 -                Rank 2 : true
2025-08-28 00:06:40,387 [INFO] ADCParametersView:116 -                Rank 3 : true
2025-08-28 00:06:40,387 [INFO] ADCParametersView:116 -                Rank 4 : true
2025-08-28 00:06:42,119 [INFO] NvicIntPanel:101 - NVIC parent = com.st.microxplorer.plugins.ip.nvic.MultiNvicIntPanel[,0,0,0x0,invalid,layout=javax.swing.BoxLayout,alignmentX=0.0,alignmentY=0.0,border=,flags=9,maximumSize=,minimumSize=,preferredSize=]
2025-08-28 00:06:42,179 [INFO] ADCParametersView:116 -                Rank 1 : true
2025-08-28 00:06:42,179 [INFO] ADCParametersView:116 -                Rank 2 : true
2025-08-28 00:06:42,179 [INFO] ADCParametersView:116 -                Rank 3 : true
2025-08-28 00:06:42,179 [INFO] ADCParametersView:116 -                Rank 4 : true
2025-08-28 00:06:42,180 [INFO] ADCParametersView:116 -                Rank 1 : true
2025-08-28 00:06:42,180 [INFO] ADCParametersView:116 -                Rank 2 : true
2025-08-28 00:06:42,180 [INFO] ADCParametersView:116 -                Rank 3 : true
2025-08-28 00:06:42,180 [INFO] ADCParametersView:116 -                Rank 4 : true
2025-08-28 00:06:42,180 [INFO] ADCParametersView:116 -                Rank 1 : true
2025-08-28 00:06:42,180 [INFO] ADCParametersView:116 -                Rank 2 : true
2025-08-28 00:06:42,180 [INFO] ADCParametersView:116 -                Rank 3 : true
2025-08-28 00:06:42,180 [INFO] ADCParametersView:116 -                Rank 4 : true
2025-08-28 00:06:42,180 [INFO] ADCParametersView:116 -                Rank 1 : true
2025-08-28 00:06:42,180 [INFO] ADCParametersView:116 -                Rank 2 : true
2025-08-28 00:06:42,180 [INFO] ADCParametersView:116 -                Rank 3 : true
2025-08-28 00:06:42,180 [INFO] ADCParametersView:116 -                Rank 4 : true
2025-08-28 00:06:42,180 [INFO] ADCParametersView:116 -                Rank 1 : true
2025-08-28 00:06:42,180 [INFO] ADCParametersView:116 -                Rank 2 : true
2025-08-28 00:06:42,180 [INFO] ADCParametersView:116 -                Rank 3 : true
2025-08-28 00:06:42,180 [INFO] ADCParametersView:116 -                Rank 4 : true
2025-08-28 00:06:42,180 [INFO] ADCParametersView:116 -                Rank 1 : true
2025-08-28 00:06:42,180 [INFO] ADCParametersView:116 -                Rank 2 : true
2025-08-28 00:06:42,180 [INFO] ADCParametersView:116 -                Rank 3 : true
2025-08-28 00:06:42,180 [INFO] ADCParametersView:116 -                Rank 4 : true
2025-08-28 00:06:42,180 [INFO] ADCParametersView:116 -                Rank 1 : true
2025-08-28 00:06:42,180 [INFO] ADCParametersView:116 -                Rank 2 : true
2025-08-28 00:06:42,180 [INFO] ADCParametersView:116 -                Rank 3 : true
2025-08-28 00:06:42,180 [INFO] ADCParametersView:116 -                Rank 4 : true
2025-08-28 00:06:42,180 [INFO] ADCParametersView:116 -                Rank 1 : true
2025-08-28 00:06:42,180 [INFO] ADCParametersView:116 -                Rank 2 : true
2025-08-28 00:06:42,180 [INFO] ADCParametersView:116 -                Rank 3 : true
2025-08-28 00:06:42,180 [INFO] ADCParametersView:116 -                Rank 4 : true
2025-08-28 00:06:42,180 [INFO] ADCParametersView:116 -                Rank 1 : true
2025-08-28 00:06:42,180 [INFO] ADCParametersView:116 -                Rank 2 : true
2025-08-28 00:06:42,180 [INFO] ADCParametersView:116 -                Rank 3 : true
2025-08-28 00:06:42,181 [INFO] ADCParametersView:116 -                Rank 4 : true
2025-08-28 00:06:42,181 [INFO] ADCParametersView:116 -                Rank 1 : true
2025-08-28 00:06:42,181 [INFO] ADCParametersView:116 -                Rank 2 : true
2025-08-28 00:06:42,181 [INFO] ADCParametersView:116 -                Rank 3 : true
2025-08-28 00:06:42,181 [INFO] ADCParametersView:116 -                Rank 4 : true
2025-08-28 00:06:42,181 [INFO] ADCParametersView:116 -                Rank 1 : true
2025-08-28 00:06:42,181 [INFO] ADCParametersView:116 -                Rank 2 : true
2025-08-28 00:06:42,181 [INFO] ADCParametersView:116 -                Rank 3 : true
2025-08-28 00:06:42,181 [INFO] ADCParametersView:116 -                Rank 4 : true
2025-08-28 00:06:42,181 [INFO] ADCParametersView:116 -                Rank 1 : true
2025-08-28 00:06:42,181 [INFO] ADCParametersView:116 -                Rank 2 : true
2025-08-28 00:06:42,181 [INFO] ADCParametersView:116 -                Rank 3 : true
2025-08-28 00:06:42,181 [INFO] ADCParametersView:116 -                Rank 4 : true
2025-08-28 00:06:42,181 [INFO] ADCParametersView:116 -                Rank 1 : true
2025-08-28 00:06:42,181 [INFO] ADCParametersView:116 -                Rank 2 : true
2025-08-28 00:06:42,181 [INFO] ADCParametersView:116 -                Rank 3 : true
2025-08-28 00:06:42,181 [INFO] ADCParametersView:116 -                Rank 4 : true
2025-08-28 00:06:42,181 [INFO] ADCParametersView:116 -                Rank 1 : true
2025-08-28 00:06:42,181 [INFO] ADCParametersView:116 -                Rank 2 : true
2025-08-28 00:06:42,181 [INFO] ADCParametersView:116 -                Rank 3 : true
2025-08-28 00:06:42,181 [INFO] ADCParametersView:116 -                Rank 4 : true
2025-08-28 00:06:42,181 [INFO] ADCParametersView:116 -                Rank 1 : true
2025-08-28 00:06:42,181 [INFO] ADCParametersView:116 -                Rank 2 : true
2025-08-28 00:06:42,181 [INFO] ADCParametersView:116 -                Rank 3 : true
2025-08-28 00:06:42,181 [INFO] ADCParametersView:116 -                Rank 4 : true
2025-08-28 00:06:42,181 [INFO] ADCParametersView:116 -                Rank 1 : true
2025-08-28 00:06:42,181 [INFO] ADCParametersView:116 -                Rank 2 : true
2025-08-28 00:06:42,181 [INFO] ADCParametersView:116 -                Rank 3 : true
2025-08-28 00:06:42,181 [INFO] ADCParametersView:116 -                Rank 4 : true
2025-08-28 00:06:42,181 [INFO] ADCParametersView:116 -                Rank 1 : true
2025-08-28 00:06:42,181 [INFO] ADCParametersView:116 -                Rank 2 : true
2025-08-28 00:06:42,181 [INFO] ADCParametersView:116 -                Rank 3 : true
2025-08-28 00:06:42,181 [INFO] ADCParametersView:116 -                Rank 4 : true
2025-08-28 00:06:42,181 [INFO] ADCParametersView:116 -                Rank 1 : true
2025-08-28 00:06:42,181 [INFO] ADCParametersView:116 -                Rank 2 : true
2025-08-28 00:06:42,181 [INFO] ADCParametersView:116 -                Rank 3 : true
2025-08-28 00:06:42,181 [INFO] ADCParametersView:116 -                Rank 4 : true
2025-08-28 00:06:42,181 [INFO] ADCParametersView:116 -                Rank 1 : true
2025-08-28 00:06:42,181 [INFO] ADCParametersView:116 -                Rank 2 : true
2025-08-28 00:06:42,181 [INFO] ADCParametersView:116 -                Rank 3 : true
2025-08-28 00:06:42,181 [INFO] ADCParametersView:116 -                Rank 4 : true
2025-08-28 00:06:42,181 [INFO] ADCParametersView:116 -                Rank 1 : true
2025-08-28 00:06:42,181 [INFO] ADCParametersView:116 -                Rank 2 : true
2025-08-28 00:06:42,181 [INFO] ADCParametersView:116 -                Rank 3 : true
2025-08-28 00:06:42,181 [INFO] ADCParametersView:116 -                Rank 4 : true
2025-08-28 00:06:42,181 [INFO] ADCParametersView:116 -                Rank 1 : true
2025-08-28 00:06:42,181 [INFO] ADCParametersView:116 -                Rank 2 : true
2025-08-28 00:06:42,181 [INFO] ADCParametersView:116 -                Rank 3 : true
2025-08-28 00:06:42,181 [INFO] ADCParametersView:116 -                Rank 4 : true
2025-08-28 00:06:42,181 [INFO] ADCParametersView:116 -                Rank 1 : true
2025-08-28 00:06:42,181 [INFO] ADCParametersView:116 -                Rank 2 : true
2025-08-28 00:06:42,181 [INFO] ADCParametersView:116 -                Rank 3 : true
2025-08-28 00:06:42,181 [INFO] ADCParametersView:116 -                Rank 4 : true
2025-08-28 00:06:42,181 [INFO] ADCParametersView:116 -                Rank 1 : true
2025-08-28 00:06:42,181 [INFO] ADCParametersView:116 -                Rank 2 : true
2025-08-28 00:06:42,181 [INFO] ADCParametersView:116 -                Rank 3 : true
2025-08-28 00:06:42,181 [INFO] ADCParametersView:116 -                Rank 4 : true
2025-08-28 00:06:42,181 [INFO] ADCParametersView:116 -                Rank 2 : true
2025-08-28 00:06:42,181 [INFO] ADCParametersView:116 -                Rank 3 : true
2025-08-28 00:06:42,181 [INFO] ADCParametersView:116 -                Rank 4 : true
2025-08-28 00:06:42,181 [INFO] ADCParametersView:116 -                Rank 3 : true
2025-08-28 00:06:42,181 [INFO] ADCParametersView:116 -                Rank 4 : true
2025-08-28 00:06:42,181 [INFO] ADCParametersView:116 -                Rank 4 : true
2025-08-28 00:06:42,265 [INFO] ADCParametersView:116 -                Rank 1 : true
2025-08-28 00:06:42,265 [INFO] ADCParametersView:116 -                Rank 1 : true
2025-08-28 00:06:42,265 [INFO] ADCParametersView:116 -                Rank 2 : true
2025-08-28 00:06:42,265 [INFO] ADCParametersView:116 -                Rank 1 : true
2025-08-28 00:06:42,265 [INFO] ADCParametersView:116 -                Rank 2 : true
2025-08-28 00:06:42,265 [INFO] ADCParametersView:116 -                Rank 3 : true
2025-08-28 00:06:42,265 [INFO] ADCParametersView:116 -                Rank 1 : true
2025-08-28 00:06:42,265 [INFO] ADCParametersView:116 -                Rank 2 : true
2025-08-28 00:06:42,265 [INFO] ADCParametersView:116 -                Rank 3 : true
2025-08-28 00:06:42,265 [INFO] ADCParametersView:116 -                Rank 4 : true
2025-08-28 00:06:43,696 [INFO] ADCParametersView:116 -                Rank 1 : false
2025-08-28 00:06:43,696 [INFO] ADCParametersView:116 -                Rank 2 : true
2025-08-28 00:06:43,696 [INFO] ADCParametersView:116 -                Rank 3 : true
2025-08-28 00:06:43,696 [INFO] ADCParametersView:116 -                Rank 4 : true
2025-08-28 00:06:44,332 [INFO] ADCParametersView:116 -                Rank 1 : false
2025-08-28 00:06:44,332 [INFO] ADCParametersView:116 -                Rank 2 : false
2025-08-28 00:06:44,332 [INFO] ADCParametersView:116 -                Rank 3 : true
2025-08-28 00:06:44,332 [INFO] ADCParametersView:116 -                Rank 4 : true
2025-08-28 00:06:45,584 [INFO] ADCParametersView:116 -                Rank 1 : false
2025-08-28 00:06:45,584 [INFO] ADCParametersView:116 -                Rank 2 : false
2025-08-28 00:06:45,584 [INFO] ADCParametersView:116 -                Rank 3 : false
2025-08-28 00:06:45,584 [INFO] ADCParametersView:116 -                Rank 4 : true
2025-08-28 00:06:46,859 [INFO] ADCParametersView:116 -                Rank 1 : false
2025-08-28 00:06:46,859 [INFO] ADCParametersView:116 -                Rank 2 : false
2025-08-28 00:06:46,859 [INFO] ADCParametersView:116 -                Rank 3 : false
2025-08-28 00:06:46,859 [INFO] ADCParametersView:116 -                Rank 4 : false
2025-08-28 00:07:14,718 [INFO] NvicIntPanel:101 - NVIC parent = com.st.microxplorer.plugins.ip.nvic.MultiNvicIntPanel[,0,0,0x0,invalid,layout=javax.swing.BoxLayout,alignmentX=0.0,alignmentY=0.0,border=,flags=9,maximumSize=,minimumSize=,preferredSize=]
2025-08-28 00:07:21,192 [INFO] UtilMem:75 - End SaveConfig() Used Memory: 733432168 Bytes (1073741824)
2025-08-28 00:07:21,325 [INFO] UtilMem:75 - End SaveConfig() Used Memory: 756500856 Bytes (1073741824)
2025-08-28 00:07:22,041 [INFO] UtilMem:75 - End SaveConfig() Used Memory: 802091064 Bytes (1073741824)
2025-08-28 00:07:23,147 [ERROR] IocParser:95 - Exception caught: Cannot invoke "java.lang.CharSequence.length()" because "this.text" is null
2025-08-28 00:07:25,962 [INFO] BlockDiagram:2775 - set Specific Code input for plugin: FREERTOS
2025-08-28 00:07:25,962 [INFO] BlockDiagram:2775 - set Specific Code input for plugin: FREERTOS
2025-08-28 00:07:25,962 [INFO] BlockDiagram:2775 - set Specific Code input for plugin: RCC
2025-08-28 00:07:25,962 [INFO] BlockDiagram:2775 - set Specific Code input for plugin: I2C
2025-08-28 00:07:25,962 [INFO] BlockDiagram:2775 - set Specific Code input for plugin: USART
2025-08-28 00:07:25,962 [INFO] BlockDiagram:2775 - set Specific Code input for plugin: MEMORYMAP
2025-08-28 00:07:25,962 [INFO] BlockDiagram:2775 - set Specific Code input for plugin: TIM6_7H7
2025-08-28 00:07:25,962 [INFO] BlockDiagram:2775 - set Specific Code input for plugin: TIM1_8H7
2025-08-28 00:07:25,962 [INFO] BlockDiagram:2775 - set Specific Code input for plugin: SYS
2025-08-28 00:07:25,962 [INFO] BlockDiagram:2775 - set Specific Code input for plugin: ADC
2025-08-28 00:07:25,962 [INFO] BlockDiagram:2775 - set Specific Code input for plugin: ADC
2025-08-28 00:07:25,962 [INFO] BlockDiagram:2775 - set Specific Code input for plugin: NVIC2
2025-08-28 00:07:25,962 [INFO] BlockDiagram:2775 - set Specific Code input for plugin: UART
2025-08-28 00:07:25,962 [INFO] BlockDiagram:2775 - set Specific Code input for plugin: UART
2025-08-28 00:07:25,963 [INFO] BlockDiagram:2775 - set Specific Code input for plugin: GPIO
2025-08-28 00:07:25,963 [INFO] BlockDiagram:2775 - set Specific Code input for plugin: SYS_M4
2025-08-28 00:07:25,963 [INFO] BlockDiagram:2775 - set Specific Code input for plugin: NUCLEO-H755ZI-Q
2025-08-28 00:07:25,963 [INFO] BlockDiagram:2775 - set Specific Code input for plugin: NVIC1
2025-08-28 00:07:25,963 [INFO] CodeGenerator:892 - code generatio: config db path: C:\ST\STM32CubeIDE_1.19.0\STM32CubeIDE\plugins\com.st.stm32cube.common.mx_6.15.0.202507011659\\db\
2025-08-28 00:07:26,026 [ERROR] CodeGenerator:10662 - The current RTOS owner has not been found in the list of IPs
2025-08-28 00:07:26,026 [ERROR] CodeGenerator:10662 - The current RTOS owner has not been found in the list of IPs
2025-08-28 00:07:26,026 [INFO] CodeGenerator:1619 - *******************Project context M7 selected
2025-08-28 00:07:26,086 [INFO] CodeEngine:265 - oldGeneratedFile, C:\Users\nicks\STM32CubeIDE\workspace_1.19.0\AFR\AFR\MXTmpFiles\license.tmp_save
2025-08-28 00:07:26,315 [INFO] CodeEngine:289 - Generated code: C:\Users\nicks\STM32CubeIDE\workspace_1.19.0\AFR\AFR\MXTmpFiles\license.tmp
2025-08-28 00:07:26,397 [INFO] CodeEngine:265 - oldGeneratedFile, C:\Users\nicks\STM32CubeIDE\workspace_1.19.0\AFR\AFR\CM7\MXTmpFiles\gpio.tmp_save
2025-08-28 00:07:26,492 [INFO] CodeEngine:289 - Generated code: C:\Users\nicks\STM32CubeIDE\workspace_1.19.0\AFR\AFR\CM7\MXTmpFiles\gpio.tmp
2025-08-28 00:07:26,650 [WARN] IPConfigManager:103 - WARNING: Missing Config File for MEMORYMAP ip!!
2025-08-28 00:07:26,744 [WARN] IPConfigManager:103 - WARNING: Missing Config File for NVIC1 ip!!
2025-08-28 00:07:26,878 [ERROR] CodeGenerator:10662 - The current RTOS owner has not been found in the list of IPs
2025-08-28 00:07:26,885 [INFO] CodeEngine:265 - oldGeneratedFile, C:\Users\nicks\STM32CubeIDE\workspace_1.19.0\AFR\AFR\CM7\MXTmpFiles\cortex.tmp_save
2025-08-28 00:07:26,948 [INFO] CodeEngine:289 - Generated code: C:\Users\nicks\STM32CubeIDE\workspace_1.19.0\AFR\AFR\CM7\MXTmpFiles\cortex.tmp
2025-08-28 00:07:26,972 [INFO] Middleware:1452 - No code input for Bsp Dependency
2025-08-28 00:07:26,980 [INFO] CodeEngine:265 - oldGeneratedFile, C:\Users\nicks\STM32CubeIDE\workspace_1.19.0\AFR\AFR\CM7\MXTmpFiles\rtos_inc.tmp_save
2025-08-28 00:07:27,028 [INFO] CodeEngine:289 - Generated code: C:\Users\nicks\STM32CubeIDE\workspace_1.19.0\AFR\AFR\CM7\MXTmpFiles\rtos_inc.tmp
2025-08-28 00:07:27,032 [INFO] CodeEngine:265 - oldGeneratedFile, C:\Users\nicks\STM32CubeIDE\workspace_1.19.0\AFR\AFR\CM7\MXTmpFiles\rtos_kernelInit.tmp_save
2025-08-28 00:07:27,079 [INFO] CodeEngine:289 - Generated code: C:\Users\nicks\STM32CubeIDE\workspace_1.19.0\AFR\AFR\CM7\MXTmpFiles\rtos_kernelInit.tmp
2025-08-28 00:07:27,084 [INFO] CodeEngine:265 - oldGeneratedFile, C:\Users\nicks\STM32CubeIDE\workspace_1.19.0\AFR\AFR\CM7\MXTmpFiles\rtos_kernelStart.tmp_save
2025-08-28 00:07:27,126 [INFO] CodeEngine:289 - Generated code: C:\Users\nicks\STM32CubeIDE\workspace_1.19.0\AFR\AFR\CM7\MXTmpFiles\rtos_kernelStart.tmp
2025-08-28 00:07:27,131 [INFO] CodeEngine:265 - oldGeneratedFile, C:\Users\nicks\STM32CubeIDE\workspace_1.19.0\AFR\AFR\CM7\MXTmpFiles\rtos_typedefs.tmp_save
2025-08-28 00:07:27,174 [INFO] CodeEngine:289 - Generated code: C:\Users\nicks\STM32CubeIDE\workspace_1.19.0\AFR\AFR\CM7\MXTmpFiles\rtos_typedefs.tmp
2025-08-28 00:07:27,178 [INFO] CodeEngine:265 - oldGeneratedFile, C:\Users\nicks\STM32CubeIDE\workspace_1.19.0\AFR\AFR\CM7\MXTmpFiles\rtos_vars.tmp_save
2025-08-28 00:07:27,222 [INFO] CodeEngine:289 - Generated code: C:\Users\nicks\STM32CubeIDE\workspace_1.19.0\AFR\AFR\CM7\MXTmpFiles\rtos_vars.tmp
2025-08-28 00:07:27,227 [INFO] CodeEngine:265 - oldGeneratedFile, C:\Users\nicks\STM32CubeIDE\workspace_1.19.0\AFR\AFR\CM7\MXTmpFiles\rtos_pfp.tmp_save
2025-08-28 00:07:27,269 [INFO] CodeEngine:289 - Generated code: C:\Users\nicks\STM32CubeIDE\workspace_1.19.0\AFR\AFR\CM7\MXTmpFiles\rtos_pfp.tmp
2025-08-28 00:07:27,274 [INFO] CodeEngine:265 - oldGeneratedFile, C:\Users\nicks\STM32CubeIDE\workspace_1.19.0\AFR\AFR\CM7\MXTmpFiles\rtos_obj_creat.tmp_save
2025-08-28 00:07:27,317 [INFO] CodeEngine:289 - Generated code: C:\Users\nicks\STM32CubeIDE\workspace_1.19.0\AFR\AFR\CM7\MXTmpFiles\rtos_obj_creat.tmp
2025-08-28 00:07:27,322 [INFO] CodeEngine:265 - oldGeneratedFile, C:\Users\nicks\STM32CubeIDE\workspace_1.19.0\AFR\AFR\CM7\MXTmpFiles\rtos_default_thread.tmp_save
2025-08-28 00:07:27,365 [INFO] CodeEngine:289 - Generated code: C:\Users\nicks\STM32CubeIDE\workspace_1.19.0\AFR\AFR\CM7\MXTmpFiles\rtos_default_thread.tmp
2025-08-28 00:07:27,371 [INFO] CodeEngine:265 - oldGeneratedFile, C:\Users\nicks\STM32CubeIDE\workspace_1.19.0\AFR\AFR\CM7\MXTmpFiles\rtos_threads.tmp_save
2025-08-28 00:07:27,412 [INFO] CodeEngine:289 - Generated code: C:\Users\nicks\STM32CubeIDE\workspace_1.19.0\AFR\AFR\CM7\MXTmpFiles\rtos_threads.tmp
2025-08-28 00:07:27,418 [INFO] CodeEngine:265 - oldGeneratedFile, C:\Users\nicks\STM32CubeIDE\workspace_1.19.0\AFR\AFR\CM7\Core\Inc\FreeRTOSConfig.h_save
2025-08-28 00:07:27,474 [INFO] CodeEngine:289 - Generated code: C:\Users\nicks\STM32CubeIDE\workspace_1.19.0\AFR\AFR\CM7\Core\Inc\FreeRTOSConfig.h
2025-08-28 00:07:27,480 [INFO] CodeEngine:265 - oldGeneratedFile, C:\Users\nicks\STM32CubeIDE\workspace_1.19.0\AFR\AFR\CM7\Core\Src\freertos.c_save
2025-08-28 00:07:27,529 [INFO] CodeEngine:289 - Generated code: C:\Users\nicks\STM32CubeIDE\workspace_1.19.0\AFR\AFR\CM7\Core\Src\freertos.c
2025-08-28 00:07:27,569 [INFO] CodeEngine:265 - oldGeneratedFile, C:\Users\nicks\STM32CubeIDE\workspace_1.19.0\AFR\AFR\CM7\Core\Inc\stm32h7xx_nucleo_conf.h_save
2025-08-28 00:07:27,612 [INFO] CodeEngine:289 - Generated code: C:\Users\nicks\STM32CubeIDE\workspace_1.19.0\AFR\AFR\CM7\Core\Inc\stm32h7xx_nucleo_conf.h
2025-08-28 00:07:27,617 [INFO] CodeEngine:265 - oldGeneratedFile, C:\Users\nicks\STM32CubeIDE\workspace_1.19.0\AFR\AFR\CM7\MXTmpFiles\bsp_inc.tmp_save
2025-08-28 00:07:27,657 [INFO] CodeEngine:289 - Generated code: C:\Users\nicks\STM32CubeIDE\workspace_1.19.0\AFR\AFR\CM7\MXTmpFiles\bsp_inc.tmp
2025-08-28 00:07:27,661 [INFO] CodeEngine:265 - oldGeneratedFile, C:\Users\nicks\STM32CubeIDE\workspace_1.19.0\AFR\AFR\CM7\MXTmpFiles\bsp_common_vars.tmp_save
2025-08-28 00:07:27,703 [INFO] CodeEngine:289 - Generated code: C:\Users\nicks\STM32CubeIDE\workspace_1.19.0\AFR\AFR\CM7\MXTmpFiles\bsp_common_vars.tmp
2025-08-28 00:07:27,708 [INFO] CodeEngine:265 - oldGeneratedFile, C:\Users\nicks\STM32CubeIDE\workspace_1.19.0\AFR\AFR\CM7\MXTmpFiles\bsp_common_init.tmp_save
2025-08-28 00:07:27,749 [INFO] CodeEngine:289 - Generated code: C:\Users\nicks\STM32CubeIDE\workspace_1.19.0\AFR\AFR\CM7\MXTmpFiles\bsp_common_init.tmp
2025-08-28 00:07:27,753 [INFO] CodeEngine:265 - oldGeneratedFile, C:\Users\nicks\STM32CubeIDE\workspace_1.19.0\AFR\AFR\CM7\MXTmpFiles\bsp_common_demo_before_while.tmp_save
2025-08-28 00:07:27,793 [INFO] CodeEngine:289 - Generated code: C:\Users\nicks\STM32CubeIDE\workspace_1.19.0\AFR\AFR\CM7\MXTmpFiles\bsp_common_demo_before_while.tmp
2025-08-28 00:07:27,797 [INFO] CodeEngine:265 - oldGeneratedFile, C:\Users\nicks\STM32CubeIDE\workspace_1.19.0\AFR\AFR\CM7\MXTmpFiles\bsp_common_demo_inside_while.tmp_save
2025-08-28 00:07:27,836 [INFO] CodeEngine:289 - Generated code: C:\Users\nicks\STM32CubeIDE\workspace_1.19.0\AFR\AFR\CM7\MXTmpFiles\bsp_common_demo_inside_while.tmp
2025-08-28 00:07:27,840 [INFO] CodeEngine:265 - oldGeneratedFile, C:\Users\nicks\STM32CubeIDE\workspace_1.19.0\AFR\AFR\CM7\MXTmpFiles\bsp_common_demo_fct.tmp_save
2025-08-28 00:07:27,879 [INFO] CodeEngine:289 - Generated code: C:\Users\nicks\STM32CubeIDE\workspace_1.19.0\AFR\AFR\CM7\MXTmpFiles\bsp_common_demo_fct.tmp
2025-08-28 00:07:27,901 [INFO] CodeEngine:265 - oldGeneratedFile, C:\Users\nicks\STM32CubeIDE\workspace_1.19.0\AFR\AFR\CM7\Core\Src\stm32h7xx_it.c_save
2025-08-28 00:07:28,003 [INFO] CodeEngine:289 - Generated code: C:\Users\nicks\STM32CubeIDE\workspace_1.19.0\AFR\AFR\CM7\Core\Src\stm32h7xx_it.c
2025-08-28 00:07:28,009 [INFO] CodeEngine:265 - oldGeneratedFile, C:\Users\nicks\STM32CubeIDE\workspace_1.19.0\AFR\AFR\CM7\Core\Inc\stm32h7xx_it.h_save
2025-08-28 00:07:28,055 [INFO] CodeEngine:289 - Generated code: C:\Users\nicks\STM32CubeIDE\workspace_1.19.0\AFR\AFR\CM7\Core\Inc\stm32h7xx_it.h
2025-08-28 00:07:28,148 [INFO] CodeEngine:265 - oldGeneratedFile, C:\Users\nicks\STM32CubeIDE\workspace_1.19.0\AFR\AFR\CM7\Core\Src\stm32h7xx_hal_msp.c_save
2025-08-28 00:07:28,229 [INFO] CodeEngine:289 - Generated code: C:\Users\nicks\STM32CubeIDE\workspace_1.19.0\AFR\AFR\CM7\Core\Src\stm32h7xx_hal_msp.c
2025-08-28 00:07:28,234 [INFO] CodeEngine:265 - oldGeneratedFile, C:\Users\nicks\STM32CubeIDE\workspace_1.19.0\AFR\AFR\CM7\MXTmpFiles\system.tmp_save
2025-08-28 00:07:28,275 [INFO] CodeEngine:289 - Generated code: C:\Users\nicks\STM32CubeIDE\workspace_1.19.0\AFR\AFR\CM7\MXTmpFiles\system.tmp
2025-08-28 00:07:28,286 [INFO] CodeEngine:321 - oldGeneratedFile, C:\Users\nicks\STM32CubeIDE\workspace_1.19.0\AFR\AFR\CM7\Core\Inc\stm32h7xx_hal_conf.h_save
2025-08-28 00:07:28,334 [INFO] CodeEngine:345 - Generated code: C:\Users\nicks\STM32CubeIDE\workspace_1.19.0\AFR\AFR\CM7\Core\Inc\stm32h7xx_hal_conf.h
2025-08-28 00:07:28,367 [INFO] ApiDbMcu:532 - Load IP Config File for I2C2
2025-08-28 00:07:28,374 [INFO] ApiDbMcu:532 - Load IP Config File for USART2
2025-08-28 00:07:28,377 [INFO] ApiDbMcu:532 - Load IP Config File for RCC
2025-08-28 00:07:28,379 [WARN] IPConfigManager:3811 - IP not found : NVIC
2025-08-28 00:07:28,381 [WARN] CodeGenerator:4259 - IP not found : null
2025-08-28 00:07:28,389 [INFO] CodeEngine:265 - oldGeneratedFile, C:\Users\nicks\STM32CubeIDE\workspace_1.19.0\AFR\AFR\CM7\Core\Inc\main.h_save
2025-08-28 00:07:28,455 [INFO] CodeEngine:289 - Generated code: C:\Users\nicks\STM32CubeIDE\workspace_1.19.0\AFR\AFR\CM7\Core\Inc\main.h
2025-08-28 00:07:28,463 [INFO] CodeEngine:265 - oldGeneratedFile, C:\Users\nicks\STM32CubeIDE\workspace_1.19.0\AFR\AFR\CM7\Core\Src\main.c_save
2025-08-28 00:07:28,553 [INFO] CodeEngine:289 - Generated code: C:\Users\nicks\STM32CubeIDE\workspace_1.19.0\AFR\AFR\CM7\Core\Src\main.c
2025-08-28 00:07:28,605 [INFO] CodeGenerator:1619 - *******************Project context M4 selected
2025-08-28 00:07:28,658 [INFO] CodeEngine:265 - oldGeneratedFile, C:\Users\nicks\STM32CubeIDE\workspace_1.19.0\AFR\AFR\MXTmpFiles\license.tmp_save
2025-08-28 00:07:28,719 [INFO] CodeEngine:289 - Generated code: C:\Users\nicks\STM32CubeIDE\workspace_1.19.0\AFR\AFR\MXTmpFiles\license.tmp
2025-08-28 00:07:28,772 [INFO] CodeEngine:265 - oldGeneratedFile, C:\Users\nicks\STM32CubeIDE\workspace_1.19.0\AFR\AFR\CM4\MXTmpFiles\gpio.tmp_save
2025-08-28 00:07:28,816 [INFO] CodeEngine:289 - Generated code: C:\Users\nicks\STM32CubeIDE\workspace_1.19.0\AFR\AFR\CM4\MXTmpFiles\gpio.tmp
2025-08-28 00:07:29,025 [WARN] IPConfigManager:103 - WARNING: Missing Config File for NVIC2 ip!!
2025-08-28 00:07:29,294 [ERROR] CodeGenerator:10662 - The current RTOS owner has not been found in the list of IPs
2025-08-28 00:07:29,301 [INFO] CodeEngine:265 - oldGeneratedFile, C:\Users\nicks\STM32CubeIDE\workspace_1.19.0\AFR\AFR\CM4\MXTmpFiles\cortex.tmp_save
2025-08-28 00:07:29,342 [INFO] CodeEngine:289 - Generated code: C:\Users\nicks\STM32CubeIDE\workspace_1.19.0\AFR\AFR\CM4\MXTmpFiles\cortex.tmp
2025-08-28 00:07:29,357 [INFO] Middleware:1452 - No code input for Bsp Dependency
2025-08-28 00:07:29,363 [INFO] CodeEngine:265 - oldGeneratedFile, C:\Users\nicks\STM32CubeIDE\workspace_1.19.0\AFR\AFR\CM4\MXTmpFiles\rtos_inc.tmp_save
2025-08-28 00:07:29,402 [INFO] CodeEngine:289 - Generated code: C:\Users\nicks\STM32CubeIDE\workspace_1.19.0\AFR\AFR\CM4\MXTmpFiles\rtos_inc.tmp
2025-08-28 00:07:29,407 [INFO] CodeEngine:265 - oldGeneratedFile, C:\Users\nicks\STM32CubeIDE\workspace_1.19.0\AFR\AFR\CM4\MXTmpFiles\rtos_kernelInit.tmp_save
2025-08-28 00:07:29,445 [INFO] CodeEngine:289 - Generated code: C:\Users\nicks\STM32CubeIDE\workspace_1.19.0\AFR\AFR\CM4\MXTmpFiles\rtos_kernelInit.tmp
2025-08-28 00:07:29,450 [INFO] CodeEngine:265 - oldGeneratedFile, C:\Users\nicks\STM32CubeIDE\workspace_1.19.0\AFR\AFR\CM4\MXTmpFiles\rtos_kernelStart.tmp_save
2025-08-28 00:07:29,487 [INFO] CodeEngine:289 - Generated code: C:\Users\nicks\STM32CubeIDE\workspace_1.19.0\AFR\AFR\CM4\MXTmpFiles\rtos_kernelStart.tmp
2025-08-28 00:07:29,491 [INFO] CodeEngine:265 - oldGeneratedFile, C:\Users\nicks\STM32CubeIDE\workspace_1.19.0\AFR\AFR\CM4\MXTmpFiles\rtos_typedefs.tmp_save
2025-08-28 00:07:29,529 [INFO] CodeEngine:289 - Generated code: C:\Users\nicks\STM32CubeIDE\workspace_1.19.0\AFR\AFR\CM4\MXTmpFiles\rtos_typedefs.tmp
2025-08-28 00:07:29,533 [INFO] CodeEngine:265 - oldGeneratedFile, C:\Users\nicks\STM32CubeIDE\workspace_1.19.0\AFR\AFR\CM4\MXTmpFiles\rtos_vars.tmp_save
2025-08-28 00:07:29,573 [INFO] CodeEngine:289 - Generated code: C:\Users\nicks\STM32CubeIDE\workspace_1.19.0\AFR\AFR\CM4\MXTmpFiles\rtos_vars.tmp
2025-08-28 00:07:29,577 [INFO] CodeEngine:265 - oldGeneratedFile, C:\Users\nicks\STM32CubeIDE\workspace_1.19.0\AFR\AFR\CM4\MXTmpFiles\rtos_pfp.tmp_save
2025-08-28 00:07:29,615 [INFO] CodeEngine:289 - Generated code: C:\Users\nicks\STM32CubeIDE\workspace_1.19.0\AFR\AFR\CM4\MXTmpFiles\rtos_pfp.tmp
2025-08-28 00:07:29,619 [INFO] CodeEngine:265 - oldGeneratedFile, C:\Users\nicks\STM32CubeIDE\workspace_1.19.0\AFR\AFR\CM4\MXTmpFiles\rtos_obj_creat.tmp_save
2025-08-28 00:07:29,658 [INFO] CodeEngine:289 - Generated code: C:\Users\nicks\STM32CubeIDE\workspace_1.19.0\AFR\AFR\CM4\MXTmpFiles\rtos_obj_creat.tmp
2025-08-28 00:07:29,662 [INFO] CodeEngine:265 - oldGeneratedFile, C:\Users\nicks\STM32CubeIDE\workspace_1.19.0\AFR\AFR\CM4\MXTmpFiles\rtos_default_thread.tmp_save
2025-08-28 00:07:29,700 [INFO] CodeEngine:289 - Generated code: C:\Users\nicks\STM32CubeIDE\workspace_1.19.0\AFR\AFR\CM4\MXTmpFiles\rtos_default_thread.tmp
2025-08-28 00:07:29,704 [INFO] CodeEngine:265 - oldGeneratedFile, C:\Users\nicks\STM32CubeIDE\workspace_1.19.0\AFR\AFR\CM4\MXTmpFiles\rtos_threads.tmp_save
2025-08-28 00:07:29,742 [INFO] CodeEngine:289 - Generated code: C:\Users\nicks\STM32CubeIDE\workspace_1.19.0\AFR\AFR\CM4\MXTmpFiles\rtos_threads.tmp
2025-08-28 00:07:29,748 [INFO] CodeEngine:265 - oldGeneratedFile, C:\Users\nicks\STM32CubeIDE\workspace_1.19.0\AFR\AFR\CM4\Core\Inc\FreeRTOSConfig.h_save
2025-08-28 00:07:29,795 [INFO] CodeEngine:289 - Generated code: C:\Users\nicks\STM32CubeIDE\workspace_1.19.0\AFR\AFR\CM4\Core\Inc\FreeRTOSConfig.h
2025-08-28 00:07:29,801 [INFO] CodeEngine:265 - oldGeneratedFile, C:\Users\nicks\STM32CubeIDE\workspace_1.19.0\AFR\AFR\CM4\Core\Src\freertos.c_save
2025-08-28 00:07:29,843 [INFO] CodeEngine:289 - Generated code: C:\Users\nicks\STM32CubeIDE\workspace_1.19.0\AFR\AFR\CM4\Core\Src\freertos.c
2025-08-28 00:07:29,880 [INFO] CodeEngine:265 - oldGeneratedFile, C:\Users\nicks\STM32CubeIDE\workspace_1.19.0\AFR\AFR\CM4\Core\Inc\stm32h7xx_nucleo_conf.h_save
2025-08-28 00:07:29,921 [INFO] CodeEngine:289 - Generated code: C:\Users\nicks\STM32CubeIDE\workspace_1.19.0\AFR\AFR\CM4\Core\Inc\stm32h7xx_nucleo_conf.h
2025-08-28 00:07:29,926 [INFO] CodeEngine:265 - oldGeneratedFile, C:\Users\nicks\STM32CubeIDE\workspace_1.19.0\AFR\AFR\CM4\MXTmpFiles\bsp_inc.tmp_save
2025-08-28 00:07:29,962 [INFO] CodeEngine:289 - Generated code: C:\Users\nicks\STM32CubeIDE\workspace_1.19.0\AFR\AFR\CM4\MXTmpFiles\bsp_inc.tmp
2025-08-28 00:07:29,985 [INFO] CodeEngine:265 - oldGeneratedFile, C:\Users\nicks\STM32CubeIDE\workspace_1.19.0\AFR\AFR\CM4\Core\Src\stm32h7xx_it.c_save
2025-08-28 00:07:30,036 [INFO] CodeEngine:289 - Generated code: C:\Users\nicks\STM32CubeIDE\workspace_1.19.0\AFR\AFR\CM4\Core\Src\stm32h7xx_it.c
2025-08-28 00:07:30,041 [INFO] CodeEngine:265 - oldGeneratedFile, C:\Users\nicks\STM32CubeIDE\workspace_1.19.0\AFR\AFR\CM4\Core\Inc\stm32h7xx_it.h_save
2025-08-28 00:07:30,085 [INFO] CodeEngine:289 - Generated code: C:\Users\nicks\STM32CubeIDE\workspace_1.19.0\AFR\AFR\CM4\Core\Inc\stm32h7xx_it.h
2025-08-28 00:07:30,205 [INFO] CodeEngine:265 - oldGeneratedFile, C:\Users\nicks\STM32CubeIDE\workspace_1.19.0\AFR\AFR\CM4\Core\Src\stm32h7xx_hal_msp.c_save
2025-08-28 00:07:30,280 [INFO] CodeEngine:289 - Generated code: C:\Users\nicks\STM32CubeIDE\workspace_1.19.0\AFR\AFR\CM4\Core\Src\stm32h7xx_hal_msp.c
2025-08-28 00:07:30,284 [INFO] CodeEngine:265 - oldGeneratedFile, C:\Users\nicks\STM32CubeIDE\workspace_1.19.0\AFR\AFR\CM4\MXTmpFiles\system.tmp_save
2025-08-28 00:07:30,324 [INFO] CodeEngine:289 - Generated code: C:\Users\nicks\STM32CubeIDE\workspace_1.19.0\AFR\AFR\CM4\MXTmpFiles\system.tmp
2025-08-28 00:07:30,335 [INFO] CodeEngine:321 - oldGeneratedFile, C:\Users\nicks\STM32CubeIDE\workspace_1.19.0\AFR\AFR\CM4\Core\Inc\stm32h7xx_hal_conf.h_save
2025-08-28 00:07:30,378 [INFO] CodeEngine:345 - Generated code: C:\Users\nicks\STM32CubeIDE\workspace_1.19.0\AFR\AFR\CM4\Core\Inc\stm32h7xx_hal_conf.h
2025-08-28 00:07:30,393 [INFO] ApiDbMcu:532 - Load IP Config File for ADC1
2025-08-28 00:07:30,394 [INFO] ApiDbMcu:532 - Load IP Config File for ADC3
2025-08-28 00:07:30,401 [INFO] ApiDbMcu:532 - Load IP Config File for TIM1
2025-08-28 00:07:30,408 [INFO] ApiDbMcu:532 - Load IP Config File for TIM6
2025-08-28 00:07:30,415 [INFO] ApiDbMcu:532 - Load IP Config File for UART4
2025-08-28 00:07:30,421 [INFO] ApiDbMcu:532 - Load IP Config File for UART5
2025-08-28 00:07:30,423 [WARN] IPConfigManager:3811 - IP not found : NVIC
2025-08-28 00:07:30,423 [WARN] IPConfigManager:3811 - IP not found : TIM
2025-08-28 00:07:30,425 [WARN] CodeGenerator:4259 - IP not found : null
2025-08-28 00:07:30,425 [WARN] CodeGenerator:4259 - IP not found : null
2025-08-28 00:07:30,432 [INFO] CodeEngine:265 - oldGeneratedFile, C:\Users\nicks\STM32CubeIDE\workspace_1.19.0\AFR\AFR\CM4\Core\Inc\main.h_save
2025-08-28 00:07:30,479 [INFO] CodeEngine:289 - Generated code: C:\Users\nicks\STM32CubeIDE\workspace_1.19.0\AFR\AFR\CM4\Core\Inc\main.h
2025-08-28 00:07:30,484 [INFO] CodeEngine:265 - oldGeneratedFile, C:\Users\nicks\STM32CubeIDE\workspace_1.19.0\AFR\AFR\CM4\Core\Src\main.c_save
2025-08-28 00:07:30,576 [INFO] CodeEngine:289 - Generated code: C:\Users\nicks\STM32CubeIDE\workspace_1.19.0\AFR\AFR\CM4\Core\Src\main.c
2025-08-28 00:07:31,018 [INFO] ProjectBuilder:3606 - Time for Copy HAL[1] : 254mS.
2025-08-28 00:07:31,034 [INFO] ProjectBuilder:5216 - Project Generator version: 4.7.0-B52
2025-08-28 00:07:31,090 [INFO] ConfigFileManager:1595 - The Die is : DIE450
2025-08-28 00:07:38,273 [INFO] ProjectBuilder:5496 - Time for Generating toolchain IDE Files: 7238mS.
2025-08-28 00:07:38,274 [INFO] ProjectBuilder:3463 - Time for Copy CMSIS : 1mS.
2025-08-28 00:07:38,280 [INFO] ProjectBuilder:3463 - Time for Copy CMSIS : 0mS.
2025-08-28 00:14:27,177 [INFO] MainUpdater:2872 - connection check result : 10
2025-08-28 00:14:27,177 [INFO] MainUpdater:2872 - connection check result : 10
2025-08-28 00:14:27,186 [ERROR] IocParser:95 - Exception caught: Cannot invoke "java.lang.CharSequence.length()" because "this.text" is null
2025-08-28 00:14:27,447 [INFO] I2cTimingTraitement:330 - 0x109090D9
2025-08-28 00:14:27,473 [INFO] MicroXplorer:468 - Change Database Path : 
2025-08-28 00:14:27,473 [INFO] MicroXplorer:498 - Change Database Version : DB.6.0.150
2025-08-28 00:14:27,499 [ERROR] ProjectManagerView:395 - 
java.lang.NullPointerException: Cannot invoke "javax.swing.JTextField.getText()" because the return value of "java.util.List.get(int)" is null
	at com.st.microxplorer.plugins.projectmanager.gui.ProjectChoiceTab$9.caretUpdate(ProjectChoiceTab.java:2706) ~[filemanager.jar:?]
	at javax.swing.text.JTextComponent.fireCaretUpdate(JTextComponent.java:408) ~[?:?]
	at javax.swing.text.JTextComponent$MutableCaretEvent.fire(JTextComponent.java:4484) ~[?:?]
	at javax.swing.text.JTextComponent$MutableCaretEvent.stateChanged(JTextComponent.java:4506) ~[?:?]
	at javax.swing.text.DefaultCaret.fireStateChanged(DefaultCaret.java:857) ~[?:?]
	at javax.swing.text.DefaultCaret.changeCaretPosition(DefaultCaret.java:1343) ~[?:?]
	at javax.swing.text.DefaultCaret.handleSetDot(DefaultCaret.java:1242) ~[?:?]
	at javax.swing.text.DefaultCaret.setDot(DefaultCaret.java:1223) ~[?:?]
	at javax.swing.text.DefaultCaret$Handler.insertUpdate(DefaultCaret.java:1819) ~[?:?]
	at javax.swing.text.AbstractDocument.fireInsertUpdate(AbstractDocument.java:227) ~[?:?]
	at javax.swing.text.AbstractDocument.handleInsertString(AbstractDocument.java:781) ~[?:?]
	at javax.swing.text.AbstractDocument.insertString(AbstractDocument.java:740) ~[?:?]
	at javax.swing.text.PlainDocument.insertString(PlainDocument.java:131) ~[?:?]
	at javax.swing.text.AbstractDocument.replace(AbstractDocument.java:699) ~[?:?]
	at javax.swing.text.JTextComponent.setText(JTextComponent.java:1725) ~[?:?]
	at com.st.microxplorer.plugins.projectmanager.gui.ProjectChoiceTab.createHeapStackFields(ProjectChoiceTab.java:993) ~[filemanager.jar:?]
	at com.st.microxplorer.plugins.projectmanager.gui.ProjectChoiceTab.buildLinkSettingsPanel(ProjectChoiceTab.java:3813) ~[filemanager.jar:?]
	at com.st.microxplorer.plugins.projectmanager.gui.ProjectChoiceTab.defineWindowsFields(ProjectChoiceTab.java:1987) ~[filemanager.jar:?]
	at com.st.microxplorer.plugins.projectmanager.gui.ProjectChoiceTab.updateSettings(ProjectChoiceTab.java:558) ~[filemanager.jar:?]
	at com.st.microxplorer.plugins.projectmanager.gui.ProjectSettingsPanel.UpdateDialog(ProjectSettingsPanel.java:247) ~[filemanager.jar:?]
	at com.st.microxplorer.plugins.projectmanager.ProjectManagerView.propertyChange(ProjectManagerView.java:392) ~[filemanager.jar:?]
	at java.beans.PropertyChangeSupport.fire(PropertyChangeSupport.java:343) ~[?:?]
	at java.beans.PropertyChangeSupport.firePropertyChange(PropertyChangeSupport.java:335) ~[?:?]
	at java.beans.PropertyChangeSupport.firePropertyChange(PropertyChangeSupport.java:268) ~[?:?]
	at com.st.microxplorer.util.MXPropertyChangeSupport.firePropertyChange(MXPropertyChangeSupport.java:54) ~[STM32CubeMX.jar:?]
	at com.st.microxplorer.mxsystem.MxSystem.closeConfig(MxSystem.java:899) ~[STM32CubeMX.jar:?]
	at com.st.microxplorer.maingui.MainPanel.closeConfig(MainPanel.java:792) ~[STM32CubeMX.jar:?]
	at com.st.microxplorer.plugins.filemanager.engine.OpenFileManager.loadConfigurationFile(OpenFileManager.java:288) ~[filemanager.jar:?]
	at com.st.microxplorer.plugins.filemanager.engine.MainFileManager.userLoadConfig(MainFileManager.java:364) ~[filemanager.jar:?]
	at com.st.microxplorer.plugins.filemanager.engine.MainFileManager.userLoadConfig(MainFileManager.java:342) ~[filemanager.jar:?]
	at com.st.microxplorer.plugins.filemanager.FileManagerView.getSpecificTask(FileManagerView.java:264) ~[filemanager.jar:?]
	at com.st.stm32cube.common.mx.editor.CubeMxEditor.getMxTabbedPaneInstance(CubeMxEditor.java:1198) ~[com.st.stm32cube.common.mx_6.15.0.202507011659/:?]
	at com.st.stm32cube.common.mx.editor.CubeMxEditor$12$1.createSwingComponent(CubeMxEditor.java:1068) ~[com.st.stm32cube.common.mx_6.15.0.202507011659/:?]
	at com.st.stm32cube.common.mx.oss.core.awtswtbridge.EmbeddedSwingComposite.doComponentCreation(EmbeddedSwingComposite.java:492) ~[com.st.stm32cube.common.mx.oss_6.15.0.202507011659/:?]
	at com.st.stm32cube.common.mx.oss.core.awtswtbridge.EmbeddedSwingComposite$4.run(EmbeddedSwingComposite.java:291) ~[com.st.stm32cube.common.mx.oss_6.15.0.202507011659/:?]
	at com.st.stm32cube.common.mx.oss.core.awtswtbridge.AwtEnvironment$2.run(AwtEnvironment.java:166) ~[com.st.stm32cube.common.mx.oss_6.15.0.202507011659/:?]
	at java.awt.event.InvocationEvent.dispatch(InvocationEvent.java:318) ~[?:?]
	at java.awt.EventQueue.dispatchEventImpl(EventQueue.java:773) ~[?:?]
	at java.awt.EventQueue$4.run(EventQueue.java:720) ~[?:?]
	at java.awt.EventQueue$4.run(EventQueue.java:714) ~[?:?]
	at java.security.AccessController.doPrivileged(AccessController.java:400) ~[?:?]
	at java.security.ProtectionDomain$JavaSecurityAccessImpl.doIntersectionPrivilege(ProtectionDomain.java:87) ~[?:?]
	at java.awt.EventQueue.dispatchEvent(EventQueue.java:742) ~[?:?]
	at java.awt.EventDispatchThread.pumpOneEventForFilters(EventDispatchThread.java:203) ~[?:?]
	at java.awt.EventDispatchThread.pumpEventsForFilter(EventDispatchThread.java:124) ~[?:?]
	at java.awt.EventDispatchThread.pumpEventsForHierarchy(EventDispatchThread.java:113) ~[?:?]
	at java.awt.EventDispatchThread.pumpEvents(EventDispatchThread.java:109) ~[?:?]
	at java.awt.EventDispatchThread.pumpEvents(EventDispatchThread.java:101) ~[?:?]
	at java.awt.EventDispatchThread.run(EventDispatchThread.java:90) ~[?:?]
2025-08-28 00:14:27,500 [WARN] ThirdParty:871 - waiting for thirdparty lock release [close project]
2025-08-28 00:14:27,500 [INFO] ThirdParty:873 - entering critical section [close project]
2025-08-28 00:14:27,500 [INFO] ThirdParty:883 - exiting critical section [close project]
2025-08-28 00:14:27,503 [INFO] PinOutPanel:1589 - setPackage(No Configuration,No Configuration)
2025-08-28 00:14:27,513 [WARN] IpParametersView:155 - Warning: This peripheral hasn't parameters
2025-08-28 00:14:27,525 [WARN] MainPanel:289 - <html><b><center>Warning: This peripheral has no parameters to be configured<br></b></html>
2025-08-28 00:14:27,531 [WARN] IpParametersView:155 - Warning: This peripheral hasn't parameters
2025-08-28 00:14:27,540 [WARN] MainPanel:289 - <html><b><center>Warning: This peripheral has no parameters to be configured<br></b></html>
2025-08-28 00:14:27,546 [INFO] UtilMem:75 - Begin LoadConfig() Used Memory: 584878264 Bytes (1073741824)
2025-08-28 00:14:27,547 [INFO] MicroXplorer:468 - Change Database Path : 
2025-08-28 00:14:27,547 [INFO] MicroXplorer:498 - Change Database Version : DB.6.0.150
2025-08-28 00:14:27,547 [INFO] OpenFileManager:355 - Change cursor
2025-08-28 00:14:27,592 [INFO] RulesReader:64 - Compatibility file has been processed (317 Rules)
2025-08-28 00:14:27,606 [INFO] Mcu:2029 - Initializing MCU STM32H755ZITx STM32H755ZITx STM32H755ZIT6
2025-08-28 00:14:29,571 [INFO] Context:786 - Trying to add GPIOservice into a context  which must be forbidden
2025-08-28 00:14:29,571 [INFO] Context:786 - Trying to add GPIOservice into a context  which must be forbidden
2025-08-28 00:14:30,703 [INFO] ApiDbMcu:532 - Load IP Config File for NUCLEO-H755ZI-Q
2025-08-28 00:14:30,824 [INFO] Context:786 - Trying to add GPIOservice into a context  which must be forbidden
2025-08-28 00:14:30,837 [INFO] Context:786 - Trying to add GPIOservice into a context  which must be forbidden
2025-08-28 00:14:30,842 [INFO] ImportTextPane:234 - (OptionalMessage_ERROR) Pin57 (VP_RIF_VS_RIF1) cannot be retrieved for this MCU
2025-08-28 00:14:30,850 [INFO] ImportTextPane:234 - (OptionalMessage_ERROR) Unable to find key (Mcu.IP18) in loaded IOC file
2025-08-28 00:14:30,850 [INFO] ImportTextPane:234 - (OptionalMessage_ERROR) Unknown IP (dummy)
2025-08-28 00:14:30,984 [INFO] RtosManager:558 - Registered RTOS mode: class=CMSIS, group=RTOS, mode=CMSIS_V1, owner=FREERTOS_M7
2025-08-28 00:14:30,984 [INFO] RtosManager:558 - Registered RTOS mode: class=CMSIS, group=RTOS2, mode=CMSIS_V2, owner=FREERTOS_M7
2025-08-28 00:14:30,984 [INFO] RtosManager:558 - Registered RTOS mode: class=RTOS, group=Core, mode=CMSIS_V1, owner=FREERTOS_M7
2025-08-28 00:14:30,985 [INFO] RtosManager:558 - Registered RTOS mode: class=RTOS, group=Core, mode=CMSIS_V2, owner=FREERTOS_M7
2025-08-28 00:14:30,985 [WARN] ModelIntegratedComponent:184 - Missing modes for component STMicroelectronics:FreeRTOS:0.0.1:STMicroelectronics:RTOS:FreeRTOS:Core:::10.2.0:
2025-08-28 00:14:30,993 [WARN] ModelIntegratedComponent:63 - No mode defined for component null
2025-08-28 00:14:30,993 [WARN] ModelIntegratedComponent:63 - No mode defined for component null
2025-08-28 00:14:30,993 [WARN] ModelIntegratedComponent:63 - No mode defined for component null
2025-08-28 00:14:30,993 [WARN] ModelIntegratedComponent:63 - No mode defined for component null
2025-08-28 00:14:30,993 [WARN] ModelIntegratedComponent:63 - No mode defined for component null
2025-08-28 00:14:30,993 [WARN] ModelIntegratedComponent:63 - No mode defined for component null
2025-08-28 00:14:30,993 [WARN] ModelIntegratedComponent:63 - No mode defined for component null
2025-08-28 00:14:30,993 [WARN] ModelIntegratedComponent:63 - No mode defined for component null
2025-08-28 00:14:30,994 [WARN] ModelIntegratedComponent:63 - No mode defined for component null
2025-08-28 00:14:30,994 [WARN] ModelIntegratedComponent:63 - No mode defined for component null
2025-08-28 00:14:30,994 [WARN] ModelIntegratedComponent:63 - No mode defined for component null
2025-08-28 00:14:30,994 [WARN] ModelIntegratedComponent:63 - No mode defined for component null
2025-08-28 00:14:30,994 [WARN] ModelIntegratedComponent:63 - No mode defined for component null
2025-08-28 00:14:30,994 [WARN] ModelIntegratedComponent:63 - No mode defined for component null
2025-08-28 00:14:30,994 [WARN] ModelIntegratedComponent:63 - No mode defined for component null
2025-08-28 00:14:30,994 [WARN] ModelIntegratedComponent:63 - No mode defined for component null
2025-08-28 00:14:30,994 [WARN] ModelIntegratedComponent:63 - No mode defined for component null
2025-08-28 00:14:30,994 [WARN] ModelIntegratedComponent:63 - No mode defined for component null
2025-08-28 00:14:30,994 [WARN] ModelIntegratedComponent:63 - No mode defined for component null
2025-08-28 00:14:30,994 [WARN] ModelIntegratedComponent:63 - No mode defined for component null
2025-08-28 00:14:30,994 [WARN] ModelIntegratedComponent:63 - No mode defined for component null
2025-08-28 00:14:30,994 [WARN] ModelIntegratedComponent:63 - No mode defined for component null
2025-08-28 00:14:30,994 [WARN] ModelIntegratedComponent:63 - No mode defined for component null
2025-08-28 00:14:30,994 [WARN] ModelIntegratedComponent:63 - No mode defined for component null
2025-08-28 00:14:30,994 [WARN] ModelIntegratedComponent:63 - No mode defined for component null
2025-08-28 00:14:30,994 [WARN] ModelIntegratedComponent:63 - No mode defined for component null
2025-08-28 00:14:30,994 [WARN] ModelIntegratedComponent:63 - No mode defined for component null
2025-08-28 00:14:30,994 [WARN] ModelIntegratedComponent:63 - No mode defined for component null
2025-08-28 00:14:30,994 [WARN] ModelIntegratedComponent:63 - No mode defined for component null
2025-08-28 00:14:30,994 [WARN] ModelIntegratedComponent:63 - No mode defined for component null
2025-08-28 00:14:30,994 [WARN] ModelIntegratedComponent:63 - No mode defined for component null
2025-08-28 00:14:30,994 [WARN] ModelIntegratedComponent:63 - No mode defined for component null
2025-08-28 00:14:30,995 [WARN] ModelIntegratedComponent:63 - No mode defined for component null
2025-08-28 00:14:30,995 [WARN] ModelIntegratedComponent:63 - No mode defined for component null
2025-08-28 00:14:30,995 [WARN] ModelIntegratedComponent:63 - No mode defined for component null
2025-08-28 00:14:30,995 [WARN] ModelPack:524 - Component already loaded: STMicroelectronics:HAL Drivers:0.0.0:STMicroelectronics:Device:STMicro_Driver:XSPI:HAL::0.0.1:HAL_XSPI
2025-08-28 00:14:31,083 [INFO] RtosManager:558 - Registered RTOS mode: class=CMSIS, group=RTOS, mode=CMSIS_V1, owner=FREERTOS_M4
2025-08-28 00:14:31,083 [INFO] RtosManager:558 - Registered RTOS mode: class=CMSIS, group=RTOS2, mode=CMSIS_V2, owner=FREERTOS_M4
2025-08-28 00:14:31,083 [INFO] RtosManager:558 - Registered RTOS mode: class=RTOS, group=Core, mode=CMSIS_V1, owner=FREERTOS_M4
2025-08-28 00:14:31,083 [INFO] RtosManager:558 - Registered RTOS mode: class=RTOS, group=Core, mode=CMSIS_V2, owner=FREERTOS_M4
2025-08-28 00:14:31,083 [WARN] ModelIntegratedComponent:184 - Missing modes for component STMicroelectronics:FreeRTOS:0.0.1:STMicroelectronics:RTOS:FreeRTOS:Core:::10.2.0:
2025-08-28 00:14:31,089 [WARN] ModelIntegratedComponent:63 - No mode defined for component null
2025-08-28 00:14:31,089 [WARN] ModelIntegratedComponent:63 - No mode defined for component null
2025-08-28 00:14:31,089 [WARN] ModelIntegratedComponent:63 - No mode defined for component null
2025-08-28 00:14:31,089 [WARN] ModelIntegratedComponent:63 - No mode defined for component null
2025-08-28 00:14:31,089 [WARN] ModelIntegratedComponent:63 - No mode defined for component null
2025-08-28 00:14:31,089 [WARN] ModelIntegratedComponent:63 - No mode defined for component null
2025-08-28 00:14:31,089 [WARN] ModelIntegratedComponent:63 - No mode defined for component null
2025-08-28 00:14:31,089 [WARN] ModelIntegratedComponent:63 - No mode defined for component null
2025-08-28 00:14:31,089 [WARN] ModelIntegratedComponent:63 - No mode defined for component null
2025-08-28 00:14:31,089 [WARN] ModelIntegratedComponent:63 - No mode defined for component null
2025-08-28 00:14:31,089 [WARN] ModelIntegratedComponent:63 - No mode defined for component null
2025-08-28 00:14:31,089 [WARN] ModelIntegratedComponent:63 - No mode defined for component null
2025-08-28 00:14:31,089 [WARN] ModelIntegratedComponent:63 - No mode defined for component null
2025-08-28 00:14:31,090 [WARN] ModelIntegratedComponent:63 - No mode defined for component null
2025-08-28 00:14:31,090 [WARN] ModelIntegratedComponent:63 - No mode defined for component null
2025-08-28 00:14:31,090 [WARN] ModelIntegratedComponent:63 - No mode defined for component null
2025-08-28 00:14:31,090 [WARN] ModelIntegratedComponent:63 - No mode defined for component null
2025-08-28 00:14:31,090 [WARN] ModelIntegratedComponent:63 - No mode defined for component null
2025-08-28 00:14:31,090 [WARN] ModelIntegratedComponent:63 - No mode defined for component null
2025-08-28 00:14:31,090 [WARN] ModelIntegratedComponent:63 - No mode defined for component null
2025-08-28 00:14:31,090 [WARN] ModelIntegratedComponent:63 - No mode defined for component null
2025-08-28 00:14:31,090 [WARN] ModelIntegratedComponent:63 - No mode defined for component null
2025-08-28 00:14:31,090 [WARN] ModelIntegratedComponent:63 - No mode defined for component null
2025-08-28 00:14:31,091 [WARN] ModelIntegratedComponent:63 - No mode defined for component null
2025-08-28 00:14:31,091 [WARN] ModelIntegratedComponent:63 - No mode defined for component null
2025-08-28 00:14:31,091 [WARN] ModelIntegratedComponent:63 - No mode defined for component null
2025-08-28 00:14:31,091 [WARN] ModelIntegratedComponent:63 - No mode defined for component null
2025-08-28 00:14:31,091 [WARN] ModelIntegratedComponent:63 - No mode defined for component null
2025-08-28 00:14:31,091 [WARN] ModelIntegratedComponent:63 - No mode defined for component null
2025-08-28 00:14:31,092 [WARN] ModelIntegratedComponent:63 - No mode defined for component null
2025-08-28 00:14:31,092 [WARN] ModelIntegratedComponent:63 - No mode defined for component null
2025-08-28 00:14:31,092 [WARN] ModelIntegratedComponent:63 - No mode defined for component null
2025-08-28 00:14:31,092 [WARN] ModelIntegratedComponent:63 - No mode defined for component null
2025-08-28 00:14:31,092 [WARN] ModelIntegratedComponent:63 - No mode defined for component null
2025-08-28 00:14:31,092 [WARN] ModelIntegratedComponent:63 - No mode defined for component null
2025-08-28 00:14:31,092 [WARN] ModelPack:524 - Component already loaded: STMicroelectronics:HAL Drivers:0.0.0:STMicroelectronics:Device:STMicro_Driver:XSPI:HAL::0.0.1:HAL_XSPI
2025-08-28 00:14:31,163 [INFO] ThirdPartyModel:298 - Start build external matchings
2025-08-28 00:14:31,617 [INFO] ThirdPartyModel:316 - End build external matchings
2025-08-28 00:14:31,636 [INFO] ThirdPartyModel:298 - Start build external matchings
2025-08-28 00:14:32,084 [INFO] ThirdPartyModel:316 - End build external matchings
2025-08-28 00:14:32,093 [INFO] RtosManager:1018 - Current active RTOS is FREERTOS_M7 [CortexM7]
2025-08-28 00:14:32,110 [INFO] ImportTextPane:234 - (OptionalMessage_ERROR) IP (DMA) : Parameter (Instance) has Id (ADC3) currently not set
2025-08-28 00:14:32,110 [INFO] ImportTextPane:234 - (OptionalMessage_ERROR) IP (DMA) : Parameter (Request) has Id (ADC3) currently not set
2025-08-28 00:14:32,110 [INFO] ImportTextPane:234 - (OptionalMessage_ERROR) IP (DMA) : Parameter (Direction) has Id (ADC3) currently not set
2025-08-28 00:14:32,110 [INFO] ImportTextPane:234 - (OptionalMessage_ERROR) IP (DMA) : Parameter (PeriphInc) has Id (ADC3) currently not set
2025-08-28 00:14:32,110 [INFO] ImportTextPane:234 - (OptionalMessage_ERROR) IP (DMA) : Parameter (MemInc) has Id (ADC3) currently not set
2025-08-28 00:14:32,110 [INFO] ImportTextPane:234 - (OptionalMessage_ERROR) IP (DMA) : Parameter (PeriphDataAlignment) has Id (ADC3) currently not set
2025-08-28 00:14:32,111 [INFO] ImportTextPane:234 - (OptionalMessage_ERROR) IP (DMA) : Parameter (MemDataAlignment) has Id (ADC3) currently not set
2025-08-28 00:14:32,111 [INFO] ImportTextPane:234 - (OptionalMessage_ERROR) IP (DMA) : Parameter (Mode) has Id (ADC3) currently not set
2025-08-28 00:14:32,111 [INFO] ImportTextPane:234 - (OptionalMessage_ERROR) IP (DMA) : Parameter (Priority) has Id (ADC3) currently not set
2025-08-28 00:14:32,111 [INFO] ImportTextPane:234 - (OptionalMessage_ERROR) IP (DMA) : Parameter (FIFOMode) has Id (ADC3) currently not set
2025-08-28 00:14:32,111 [INFO] ImportTextPane:234 - (OptionalMessage_ERROR) IP (DMA) : Parameter (SignalID) has Id (ADC3) currently not set
2025-08-28 00:14:32,111 [INFO] ImportTextPane:234 - (OptionalMessage_ERROR) IP (DMA) : Parameter (Polarity) has Id (ADC3) currently not set
2025-08-28 00:14:32,111 [INFO] ImportTextPane:234 - (OptionalMessage_ERROR) IP (DMA) : Parameter (RequestNumber) has Id (ADC3) currently not set
2025-08-28 00:14:32,111 [INFO] ImportTextPane:234 - (OptionalMessage_ERROR) IP (DMA) : Parameter (SyncSignalID) has Id (ADC3) currently not set
2025-08-28 00:14:32,111 [INFO] ImportTextPane:234 - (OptionalMessage_ERROR) IP (DMA) : Parameter (SyncPolarity) has Id (ADC3) currently not set
2025-08-28 00:14:32,111 [INFO] ImportTextPane:234 - (OptionalMessage_ERROR) IP (DMA) : Parameter (SyncEnable) has Id (ADC3) currently not set
2025-08-28 00:14:32,111 [INFO] ImportTextPane:234 - (OptionalMessage_ERROR) IP (DMA) : Parameter (EventEnable) has Id (ADC3) currently not set
2025-08-28 00:14:32,111 [INFO] ImportTextPane:234 - (OptionalMessage_ERROR) IP (DMA) : Parameter (SyncRequestNumber) has Id (ADC3) currently not set
2025-08-28 00:14:32,324 [INFO] UtilMem:75 - End LoadConfig() Used Memory: 916562520 Bytes (1073741824)
2025-08-28 00:14:32,350 [WARN] ThirdParty:833 - waiting for thirdparty lock release [change project]
2025-08-28 00:14:32,350 [INFO] ThirdParty:835 - entering critical section [change project]
2025-08-28 00:14:32,351 [INFO] ThirdParty:1030 - CMSIS Pack Vendor :STMicroelectronics X-CUBE-PM33A1 1.0.0
2025-08-28 00:14:32,351 [INFO] ThirdParty:1030 - CMSIS Pack Vendor :STMicroelectronics USBPD 4.1
2025-08-28 00:14:32,351 [INFO] ThirdParty:1030 - CMSIS Pack Vendor :STMicroelectronics X-CUBE-AZRTOS-H7 3.3.0
2025-08-28 00:14:32,351 [INFO] ThirdParty:1030 - CMSIS Pack Vendor :STMicroelectronics X-CUBE-NFC9 1.0.0
2025-08-28 00:14:32,351 [INFO] ThirdParty:1030 - CMSIS Pack Vendor :STMicroelectronics USB_HOST 2.0.0
2025-08-28 00:14:32,351 [INFO] ThirdParty:1030 - CMSIS Pack Vendor :STMicroelectronics FP-SNS-MOTENVWB1 1.4.0
2025-08-28 00:14:32,351 [INFO] ThirdParty:1030 - CMSIS Pack Vendor :STMicroelectronics X-CUBE-AZRTOS-F4 1.1.0
2025-08-28 00:14:32,351 [INFO] ThirdParty:1030 - CMSIS Pack Vendor :STMicroelectronics LIBJPEG 8.0.0
2025-08-28 00:14:32,351 [INFO] ThirdParty:1030 - CMSIS Pack Vendor :STMicroelectronics FP-ATR-ASTRA1 2.0.2
2025-08-28 00:14:32,351 [INFO] ThirdParty:1030 - CMSIS Pack Vendor :STMicroelectronics FP-ATR-ASTRA1 2.0.1
2025-08-28 00:14:32,351 [INFO] ThirdParty:1030 - CMSIS Pack Vendor :STMicroelectronics X-CUBE-BLE1 7.1.0
2025-08-28 00:14:32,351 [INFO] ThirdParty:1030 - CMSIS Pack Vendor :Avnet-IotConnect X-CUBE-IoTC-DA16k-PMOD 1.0.0
2025-08-28 00:14:32,351 [INFO] ThirdParty:1030 - CMSIS Pack Vendor :STMicroelectronics X-CUBE-SMBUS 2.1.0
2025-08-28 00:14:32,351 [INFO] ThirdParty:1030 - CMSIS Pack Vendor :STMicroelectronics X-CUBE-WB05N 1.1.0
2025-08-28 00:14:32,351 [INFO] ThirdParty:1030 - CMSIS Pack Vendor :wolfSSL I-CUBE-wolfMQTT 1.19.2
2025-08-28 00:14:32,351 [INFO] ThirdParty:1030 - CMSIS Pack Vendor :STMicroelectronics USB_DEVICE 3.0.0
2025-08-28 00:14:32,351 [INFO] ThirdParty:1030 - CMSIS Pack Vendor :STMicroelectronics X-CUBE-ISPU 2.1.0
2025-08-28 00:14:32,351 [INFO] ThirdParty:1030 - CMSIS Pack Vendor :STMicroelectronics X-CUBE-EEPRMA1 5.2.0
2025-08-28 00:14:32,351 [INFO] ThirdParty:1030 - CMSIS Pack Vendor :STMicroelectronics X-CUBE-BLEMGR 4.1.0
2025-08-28 00:14:32,351 [INFO] ThirdParty:1030 - CMSIS Pack Vendor :STMicroelectronics X-CUBE-AZRTOS-WB 2.0.0
2025-08-28 00:14:32,351 [INFO] ThirdParty:1030 - CMSIS Pack Vendor :STMicroelectronics X-CUBE-ST60 1.0.0
2025-08-28 00:14:32,351 [INFO] ThirdParty:1030 - CMSIS Pack Vendor :STMicroelectronics X-CUBE-GNSS1 7.0.1
2025-08-28 00:14:32,351 [INFO] ThirdParty:1030 - CMSIS Pack Vendor :STMicroelectronics X-CUBE-NFC12 1.0.0
2025-08-28 00:14:32,352 [INFO] ThirdParty:1030 - CMSIS Pack Vendor :STMicroelectronics X-CUBE-AZRTOS-F7 1.1.0
2025-08-28 00:14:32,352 [INFO] ThirdParty:1030 - CMSIS Pack Vendor :STMicroelectronics X-CUBE-AZRTOS-L5 2.0.0
2025-08-28 00:14:32,352 [INFO] ThirdParty:1030 - CMSIS Pack Vendor :STMicroelectronics X-CUBE-TOUCHGFX 4.25.0
2025-08-28 00:14:32,352 [INFO] ThirdParty:1030 - CMSIS Pack Vendor :STMicroelectronics USB_DEVICE 2.0.0
2025-08-28 00:14:32,352 [INFO] ThirdParty:1030 - CMSIS Pack Vendor :STMicroelectronics X-CUBE-NFC6 3.1.0
2025-08-28 00:14:32,352 [INFO] ThirdParty:1030 - CMSIS Pack Vendor :STMicroelectronics X-CUBE-AI 10.1.0
2025-08-28 00:14:32,352 [INFO] ThirdParty:1030 - CMSIS Pack Vendor :STMicroelectronics FP-SNS-STBOX1 2.0.0
2025-08-28 00:14:32,352 [INFO] ThirdParty:1030 - CMSIS Pack Vendor :STMicroelectronics X-CUBE-MEMS1 11.2.0
2025-08-28 00:14:32,352 [INFO] ThirdParty:1030 - CMSIS Pack Vendor :STMicroelectronics FreeRTOS 0.0.1
2025-08-28 00:14:32,352 [INFO] ThirdParty:1030 - CMSIS Pack Vendor :STMicroelectronics X-CUBE-AZRTOS-G0 1.1.0
2025-08-28 00:14:32,352 [INFO] ThirdParty:1030 - CMSIS Pack Vendor :STMicroelectronics X-CUBE-SAFEA1 1.2.2
2025-08-28 00:14:32,352 [INFO] ThirdParty:1030 - CMSIS Pack Vendor :STMicroelectronics X-CUBE-NFC4 3.0.0
2025-08-28 00:14:32,352 [INFO] ThirdParty:1030 - CMSIS Pack Vendor :STMicroelectronics X-CUBE-SUBG2 5.0.0
2025-08-28 00:14:32,352 [INFO] ThirdParty:1030 - CMSIS Pack Vendor :STMicroelectronics X-CUBE-AZRTOS-H7RS 1.1.0
2025-08-28 00:14:32,352 [INFO] ThirdParty:1030 - CMSIS Pack Vendor :STMicroelectronics STM32_WPAN 1.0.0
2025-08-28 00:14:32,352 [INFO] ThirdParty:1030 - CMSIS Pack Vendor :EmbeddedOffice I-CUBE-FS-RTOS 1.0.1
2025-08-28 00:14:32,352 [INFO] ThirdParty:1030 - CMSIS Pack Vendor :STMicroelectronics lwIP 2.0.3
2025-08-28 00:14:32,352 [INFO] ThirdParty:1030 - CMSIS Pack Vendor :STMicroelectronics FP-SNS-FLIGHT1 5.0.2
2025-08-28 00:14:32,352 [INFO] ThirdParty:1030 - CMSIS Pack Vendor :Cesanta I-CUBE-Mongoose 7.13.0
2025-08-28 00:14:32,352 [INFO] ThirdParty:1030 - CMSIS Pack Vendor :STMicroelectronics USB_HOST 1.0.0
2025-08-28 00:14:32,352 [INFO] ThirdParty:1030 - CMSIS Pack Vendor :Infineon AIROC-Wi-Fi-Bluetooth-STM32 1.7.0
2025-08-28 00:14:32,352 [INFO] ThirdParty:1030 - CMSIS Pack Vendor :STMicroelectronics X-CUBE-AZRTOS-G4 2.0.0
2025-08-28 00:14:32,352 [INFO] ThirdParty:1030 - CMSIS Pack Vendor :STMicroelectronics X-CUBE-WB05N 2.0.0
2025-08-28 00:14:32,352 [INFO] ThirdParty:1030 - CMSIS Pack Vendor :STMicroelectronics PDM2PCM 3.1.0
2025-08-28 00:14:32,352 [INFO] ThirdParty:1030 - CMSIS Pack Vendor :STMicroelectronics PDM2PCM 3.3.0
2025-08-28 00:14:32,352 [INFO] ThirdParty:1030 - CMSIS Pack Vendor :wolfSSL I-CUBE-wolfTPM 3.8.0
2025-08-28 00:14:32,352 [INFO] ThirdParty:1030 - CMSIS Pack Vendor :STMicroelectronics X-CUBE-AZRTOS-H7 3.4.0
2025-08-28 00:14:32,352 [INFO] ThirdParty:1030 - CMSIS Pack Vendor :STMicroelectronics X-CUBE-DISPLAY 3.0.0
2025-08-28 00:14:32,352 [INFO] ThirdParty:1030 - CMSIS Pack Vendor :wolfSSL I-CUBE-wolfSSH 1.4.20
2025-08-28 00:14:32,352 [INFO] ThirdParty:1030 - CMSIS Pack Vendor :STMicroelectronics X-CUBE-NFC7 2.0.0
2025-08-28 00:14:32,352 [INFO] ThirdParty:1030 - CMSIS Pack Vendor :STMicroelectronics X-CUBE-TCPP 4.2.0
2025-08-28 00:14:32,353 [INFO] ThirdParty:1030 - CMSIS Pack Vendor :RealThread X-CUBE-RT-Thread_Nano 4.1.1
2025-08-28 00:14:32,353 [INFO] ThirdParty:1030 - CMSIS Pack Vendor :STMicroelectronics FP-ATR-SIGFOX1 3.2.0
2025-08-28 00:14:32,353 [INFO] ThirdParty:1030 - CMSIS Pack Vendor :STMicroelectronics X-CUBE-NFC10 1.0.0
2025-08-28 00:14:32,353 [INFO] ThirdParty:1030 - CMSIS Pack Vendor :STMicroelectronics X-CUBE-BLEMGR 4.0.0
2025-08-28 00:14:32,353 [INFO] ThirdParty:1030 - CMSIS Pack Vendor :STMicroelectronics X-CUBE-EEPRMA1 5.1.0
2025-08-28 00:14:32,353 [INFO] ThirdParty:1030 - CMSIS Pack Vendor :STMicroelectronics X-CUBE-FREERTOS 1.3.1
2025-08-28 00:14:32,353 [INFO] ThirdParty:1030 - CMSIS Pack Vendor :STMicroelectronics HAL Drivers 0.0.0
2025-08-28 00:14:32,353 [INFO] ThirdParty:1030 - CMSIS Pack Vendor :STMicroelectronics MBEDTLS 2.16.2
2025-08-28 00:14:32,353 [INFO] ThirdParty:1030 - CMSIS Pack Vendor :STMicroelectronics X-CUBE-IPS 3.1.0
2025-08-28 00:14:32,353 [INFO] ThirdParty:1030 - CMSIS Pack Vendor :STMicroelectronics X-CUBE-ALS 1.0.2
2025-08-28 00:14:32,353 [INFO] ThirdParty:1030 - CMSIS Pack Vendor :emotas I-CUBE-CANOPEN 1.3.0
2025-08-28 00:14:32,353 [INFO] ThirdParty:1030 - CMSIS Pack Vendor :STMicroelectronics X-CUBE-FREERTOS 1.3.0
2025-08-28 00:14:32,353 [INFO] ThirdParty:1030 - CMSIS Pack Vendor :STMicroelectronics X-CUBE-NFC7 1.0.1
2025-08-28 00:14:32,353 [INFO] ThirdParty:1030 - CMSIS Pack Vendor :STMicroelectronics MBEDTLS 2.14.1
2025-08-28 00:14:32,353 [INFO] ThirdParty:1030 - CMSIS Pack Vendor :wolfSSL I-CUBE-wolfSSL 5.7.6
2025-08-28 00:14:32,353 [INFO] ThirdParty:1030 - CMSIS Pack Vendor :ITTIA_DB I-CUBE-ITTIADB 8.9.0
2025-08-28 00:14:32,353 [INFO] ThirdParty:1030 - CMSIS Pack Vendor :portGmbH I-Cube-SoM-uGOAL 1.1.0
2025-08-28 00:14:32,353 [INFO] ThirdParty:1030 - CMSIS Pack Vendor :quantropi X-CUBE-qispace-sdk-base 2.0.0
2025-08-28 00:14:32,353 [INFO] ThirdParty:1030 - CMSIS Pack Vendor :STMicroelectronics X-CUBE-AI 10.0.0
2025-08-28 00:14:32,353 [INFO] ThirdParty:1030 - CMSIS Pack Vendor :STMicroelectronics X-CUBE-ST67W61 1.0.0
2025-08-28 00:14:32,353 [INFO] ThirdParty:1030 - CMSIS Pack Vendor :STMicroelectronics FP-SNS-STBOX1 2.1.0
2025-08-28 00:14:32,353 [INFO] ThirdParty:1030 - CMSIS Pack Vendor :STMicroelectronics X-CUBE-AI 10.2.0
2025-08-28 00:14:32,353 [INFO] ThirdParty:1030 - CMSIS Pack Vendor :STMicroelectronics FP-SNS-STAIOTCFT 1.0.0
2025-08-28 00:14:32,353 [INFO] ThirdParty:1030 - CMSIS Pack Vendor :STMicroelectronics ThreadX 1.0.0
2025-08-28 00:14:32,353 [INFO] ThirdParty:1030 - CMSIS Pack Vendor :STMicroelectronics FP-SNS-SMARTAG2 1.2.0
2025-08-28 00:14:32,353 [INFO] ThirdParty:1030 - CMSIS Pack Vendor :STMicroelectronics FP-SNS-FLIGHT1 5.1.0
2025-08-28 00:14:32,353 [INFO] ThirdParty:1030 - CMSIS Pack Vendor :STMicroelectronics X-CUBE-AZRTOS-WL 2.0.0
2025-08-28 00:14:32,353 [INFO] ThirdParty:1030 - CMSIS Pack Vendor :SEGGER I-CUBE-embOS 1.3.1
2025-08-28 00:14:32,353 [INFO] ThirdParty:1030 - CMSIS Pack Vendor :STMicroelectronics X-CUBE-ALGOBUILD 1.4.0
2025-08-28 00:14:32,353 [INFO] ThirdParty:1030 - CMSIS Pack Vendor :STMicroelectronics X-CUBE-DPower 1.3.0
2025-08-28 00:14:32,353 [INFO] ThirdParty:1030 - CMSIS Pack Vendor :STMicroelectronics X-CUBE-MEMS1 11.3.0
2025-08-28 00:14:32,353 [INFO] ThirdParty:1030 - CMSIS Pack Vendor :STMicroelectronics FP-SNS-MOTENV1 5.0.0
2025-08-28 00:14:32,353 [INFO] ThirdParty:1030 - CMSIS Pack Vendor :STMicroelectronics USB_DEVICE 1.0.0
2025-08-28 00:14:32,353 [INFO] ThirdParty:1030 - CMSIS Pack Vendor :STMicroelectronics X-CUBE-AZRTOS-L4 2.0.0
2025-08-28 00:14:32,353 [INFO] ThirdParty:1030 - CMSIS Pack Vendor :STMicroelectronics ThreadX 0.0.2
2025-08-28 00:14:32,353 [INFO] ThirdParty:1030 - CMSIS Pack Vendor :WES I-CUBE-Cesium 1.3.0
2025-08-28 00:14:32,353 [INFO] ThirdParty:1030 - CMSIS Pack Vendor :STMicroelectronics lwIP 2.1.2
2025-08-28 00:14:32,353 [INFO] ThirdParty:1030 - CMSIS Pack Vendor :STMicroelectronics X-CUBE-SFXS2LP1 4.0.0
2025-08-28 00:14:32,353 [INFO] ThirdParty:1030 - CMSIS Pack Vendor :STMicroelectronics X-CUBE-BLE2 3.3.0
2025-08-28 00:14:32,353 [INFO] ThirdParty:1030 - CMSIS Pack Vendor :STMicroelectronics X-CUBE-TOF1 3.4.3
2025-08-28 00:14:32,353 [INFO] ThirdParty:1030 - CMSIS Pack Vendor :STMicroelectronics PDM2PCM 3.2.0
2025-08-28 00:14:32,354 [INFO] ThirdParty:841 - exiting critical section [change project]
2025-08-28 00:14:32,761 [INFO] PinOutPanel:1589 - setPackage(No Configuration,No Configuration)
2025-08-28 00:14:32,761 [INFO] PinOutPanel:1589 - setPackage(STM32H755ZITx,LQFP144)
2025-08-28 00:14:33,224 [INFO] UtilMem:75 - Before build in PCC Used Memory: 632256952 Bytes (1073741824)
2025-08-28 00:14:33,637 [INFO] UtilMem:75 - After build in PCC Used Memory: 754940344 Bytes (1073741824)
2025-08-28 00:14:33,642 [INFO] ApiDbMcu:532 - Load IP Config File for FREERTOS_M7
2025-08-28 00:14:33,664 [INFO] IPUIPlugin:80 - create IPUIPlugin
2025-08-28 00:14:33,664 [INFO] IPUIPlugin:80 - create IPUIPlugin
2025-08-28 00:14:33,664 [INFO] IPUIPlugin:80 - create IPUIPlugin
2025-08-28 00:14:33,664 [INFO] IPUIPlugin:80 - create IPUIPlugin
2025-08-28 00:14:33,664 [INFO] IPUIPlugin:80 - create IPUIPlugin
2025-08-28 00:14:33,665 [INFO] IPUIPlugin:80 - create IPUIPlugin
2025-08-28 00:14:33,665 [INFO] IPUIPlugin:80 - create IPUIPlugin
2025-08-28 00:14:33,665 [INFO] IPUIPlugin:80 - create IPUIPlugin
2025-08-28 00:14:33,665 [INFO] IPUIPlugin:80 - create IPUIPlugin
2025-08-28 00:14:33,665 [INFO] IPUIPlugin:80 - create IPUIPlugin
2025-08-28 00:14:33,665 [INFO] IPUIPlugin:80 - create IPUIPlugin
2025-08-28 00:14:33,665 [INFO] IPUIPlugin:80 - create IPUIPlugin
2025-08-28 00:14:33,666 [INFO] IPUIPlugin:80 - create IPUIPlugin
2025-08-28 00:14:33,666 [INFO] IPUIPlugin:80 - create IPUIPlugin
2025-08-28 00:14:33,666 [INFO] IPUIPlugin:80 - create IPUIPlugin
2025-08-28 00:14:33,666 [INFO] IPUIPlugin:80 - create IPUIPlugin
2025-08-28 00:14:33,666 [INFO] IPUIPlugin:80 - create IPUIPlugin
2025-08-28 00:14:33,666 [INFO] IPUIPlugin:80 - create IPUIPlugin
2025-08-28 00:14:33,666 [INFO] IPUIPlugin:80 - create IPUIPlugin
2025-08-28 00:14:33,666 [INFO] IPUIPlugin:80 - create IPUIPlugin
2025-08-28 00:14:33,666 [INFO] IPUIPlugin:80 - create IPUIPlugin
2025-08-28 00:14:33,666 [INFO] IPUIPlugin:80 - create IPUIPlugin
2025-08-28 00:14:33,667 [INFO] IPUIPlugin:80 - create IPUIPlugin
2025-08-28 00:14:33,667 [INFO] IPUIPlugin:80 - create IPUIPlugin
2025-08-28 00:14:33,667 [INFO] IPUIPlugin:80 - create IPUIPlugin
2025-08-28 00:14:33,667 [INFO] IPUIPlugin:80 - create IPUIPlugin
2025-08-28 00:14:33,667 [INFO] IPUIPlugin:80 - create IPUIPlugin
2025-08-28 00:14:33,667 [INFO] IPUIPlugin:80 - create IPUIPlugin
2025-08-28 00:14:33,667 [INFO] IPUIPlugin:80 - create IPUIPlugin
2025-08-28 00:14:33,667 [INFO] IPUIPlugin:80 - create IPUIPlugin
2025-08-28 00:14:33,667 [INFO] IPUIPlugin:80 - create IPUIPlugin
2025-08-28 00:14:33,667 [INFO] IPUIPlugin:80 - create IPUIPlugin
2025-08-28 00:14:33,667 [INFO] IPUIPlugin:80 - create IPUIPlugin
2025-08-28 00:14:33,668 [INFO] IPUIPlugin:80 - create IPUIPlugin
2025-08-28 00:14:33,668 [INFO] IPUIPlugin:80 - create IPUIPlugin
2025-08-28 00:14:33,668 [INFO] IPUIPlugin:80 - create IPUIPlugin
2025-08-28 00:14:33,668 [INFO] IPUIPlugin:80 - create IPUIPlugin
2025-08-28 00:14:33,668 [INFO] IPUIPlugin:80 - create IPUIPlugin
2025-08-28 00:14:33,668 [INFO] IPUIPlugin:80 - create IPUIPlugin
2025-08-28 00:14:33,668 [INFO] IPUIPlugin:80 - create IPUIPlugin
2025-08-28 00:14:33,669 [INFO] IPUIPlugin:80 - create IPUIPlugin
2025-08-28 00:14:33,669 [INFO] IPUIPlugin:80 - create IPUIPlugin
2025-08-28 00:14:33,669 [INFO] IPUIPlugin:80 - create IPUIPlugin
2025-08-28 00:14:33,669 [INFO] IPUIPlugin:80 - create IPUIPlugin
2025-08-28 00:14:33,669 [INFO] IPUIPlugin:80 - create IPUIPlugin
2025-08-28 00:14:33,670 [INFO] IPUIPlugin:80 - create IPUIPlugin
2025-08-28 00:14:33,670 [INFO] IPUIPlugin:80 - create IPUIPlugin
2025-08-28 00:14:33,670 [INFO] IPUIPlugin:80 - create IPUIPlugin
2025-08-28 00:14:33,670 [INFO] IPUIPlugin:80 - create IPUIPlugin
2025-08-28 00:14:33,670 [INFO] IPUIPlugin:80 - create IPUIPlugin
2025-08-28 00:14:33,671 [INFO] IPUIPlugin:80 - create IPUIPlugin
2025-08-28 00:14:33,671 [INFO] IPUIPlugin:80 - create IPUIPlugin
2025-08-28 00:14:33,671 [INFO] IPUIPlugin:80 - create IPUIPlugin
2025-08-28 00:14:33,671 [INFO] IPUIPlugin:80 - create IPUIPlugin
2025-08-28 00:14:33,671 [INFO] IPUIPlugin:80 - create IPUIPlugin
2025-08-28 00:14:33,671 [INFO] IPUIPlugin:80 - create IPUIPlugin
2025-08-28 00:14:33,671 [INFO] IPUIPlugin:80 - create IPUIPlugin
2025-08-28 00:14:33,672 [INFO] IPUIPlugin:80 - create IPUIPlugin
2025-08-28 00:14:33,672 [INFO] IPUIPlugin:80 - create IPUIPlugin
2025-08-28 00:14:33,672 [INFO] IPUIPlugin:80 - create IPUIPlugin
2025-08-28 00:14:33,672 [INFO] IPUIPlugin:80 - create IPUIPlugin
2025-08-28 00:14:33,673 [INFO] IPUIPlugin:80 - create IPUIPlugin
2025-08-28 00:14:33,673 [INFO] IPUIPlugin:80 - create IPUIPlugin
2025-08-28 00:14:33,673 [INFO] IPUIPlugin:80 - create IPUIPlugin
2025-08-28 00:14:33,673 [INFO] IPUIPlugin:80 - create IPUIPlugin
2025-08-28 00:14:33,674 [INFO] IPUIPlugin:80 - create IPUIPlugin
2025-08-28 00:14:33,674 [INFO] IPUIPlugin:80 - create IPUIPlugin
2025-08-28 00:14:33,674 [INFO] IPUIPlugin:80 - create IPUIPlugin
2025-08-28 00:14:33,674 [INFO] IPUIPlugin:80 - create IPUIPlugin
2025-08-28 00:14:33,674 [INFO] IPUIPlugin:80 - create IPUIPlugin
2025-08-28 00:14:33,674 [INFO] IPUIPlugin:80 - create IPUIPlugin
2025-08-28 00:14:33,675 [INFO] IPUIPlugin:80 - create IPUIPlugin
2025-08-28 00:14:33,675 [INFO] IPUIPlugin:80 - create IPUIPlugin
2025-08-28 00:14:33,675 [INFO] IPUIPlugin:80 - create IPUIPlugin
2025-08-28 00:14:33,676 [INFO] IPUIPlugin:80 - create IPUIPlugin
2025-08-28 00:14:33,676 [INFO] IPUIPlugin:80 - create IPUIPlugin
2025-08-28 00:14:33,676 [INFO] IPUIPlugin:80 - create IPUIPlugin
2025-08-28 00:14:33,676 [INFO] IPUIPlugin:80 - create IPUIPlugin
2025-08-28 00:14:33,677 [INFO] IPUIPlugin:80 - create IPUIPlugin
2025-08-28 00:14:33,677 [INFO] IPUIPlugin:80 - create IPUIPlugin
2025-08-28 00:14:33,677 [INFO] IPUIPlugin:80 - create IPUIPlugin
2025-08-28 00:14:33,678 [INFO] IPUIPlugin:80 - create IPUIPlugin
2025-08-28 00:14:33,678 [INFO] IPUIPlugin:80 - create IPUIPlugin
2025-08-28 00:14:33,678 [INFO] IPUIPlugin:80 - create IPUIPlugin
2025-08-28 00:14:33,679 [INFO] IPUIPlugin:80 - create IPUIPlugin
2025-08-28 00:14:33,679 [INFO] IPUIPlugin:80 - create IPUIPlugin
2025-08-28 00:14:33,680 [INFO] IPUIPlugin:80 - create IPUIPlugin
2025-08-28 00:14:33,680 [INFO] IPUIPlugin:80 - create IPUIPlugin
2025-08-28 00:14:33,680 [INFO] IPUIPlugin:80 - create IPUIPlugin
2025-08-28 00:14:33,680 [INFO] IPUIPlugin:80 - create IPUIPlugin
2025-08-28 00:14:33,681 [INFO] IPUIPlugin:80 - create IPUIPlugin
2025-08-28 00:14:33,681 [INFO] IPUIPlugin:80 - create IPUIPlugin
2025-08-28 00:14:33,681 [INFO] IPUIPlugin:80 - create IPUIPlugin
2025-08-28 00:14:33,682 [INFO] IPUIPlugin:80 - create IPUIPlugin
2025-08-28 00:14:33,682 [INFO] IPUIPlugin:80 - create IPUIPlugin
2025-08-28 00:14:33,682 [INFO] IPUIPlugin:80 - create IPUIPlugin
2025-08-28 00:14:33,682 [INFO] IPUIPlugin:80 - create IPUIPlugin
2025-08-28 00:14:33,683 [INFO] IPUIPlugin:80 - create IPUIPlugin
2025-08-28 00:14:33,683 [INFO] IPUIPlugin:80 - create IPUIPlugin
2025-08-28 00:14:33,683 [INFO] IPUIPlugin:80 - create IPUIPlugin
2025-08-28 00:14:33,684 [INFO] IPUIPlugin:80 - create IPUIPlugin
2025-08-28 00:14:33,684 [INFO] IPUIPlugin:80 - create IPUIPlugin
2025-08-28 00:14:33,685 [INFO] IPUIPlugin:80 - create IPUIPlugin
2025-08-28 00:14:33,685 [INFO] IPUIPlugin:80 - create IPUIPlugin
2025-08-28 00:14:33,685 [INFO] IPUIPlugin:80 - create IPUIPlugin
2025-08-28 00:14:33,686 [INFO] IPUIPlugin:80 - create IPUIPlugin
2025-08-28 00:14:33,686 [INFO] IPUIPlugin:80 - create IPUIPlugin
2025-08-28 00:14:33,687 [INFO] IPUIPlugin:80 - create IPUIPlugin
2025-08-28 00:14:33,687 [INFO] IPUIPlugin:80 - create IPUIPlugin
2025-08-28 00:14:33,687 [INFO] IPUIPlugin:80 - create IPUIPlugin
2025-08-28 00:14:33,688 [INFO] IPUIPlugin:80 - create IPUIPlugin
2025-08-28 00:14:33,688 [INFO] IPUIPlugin:80 - create IPUIPlugin
2025-08-28 00:14:33,688 [INFO] IPUIPlugin:80 - create IPUIPlugin
2025-08-28 00:14:33,689 [INFO] IPUIPlugin:80 - create IPUIPlugin
2025-08-28 00:14:33,692 [INFO] ApiDbMcu:532 - Load IP Config File for PDM2PCM_M7
2025-08-28 00:14:33,694 [INFO] ApiDbMcu:532 - Load IP Config File for PDM2PCM_M4
2025-08-28 00:14:33,715 [WARN] FreeRTOS:1023 - Null or empty value: should not occur! (nothing added to the table)
2025-08-28 00:14:33,768 [INFO] CADModel:165 - CPN selected for project levelSTM32H755ZIT6
2025-08-28 00:14:33,768 [INFO] CADModel:114 - Register for checkConnection events
2025-08-28 00:14:33,771 [INFO] RtosManager:728 - Active RTOS found at IOC load: FREERTOS_M7 [CortexM7]
2025-08-28 00:14:33,832 [INFO] OpenFileManager:386 - Restore cursor
2025-08-28 00:14:51,271 [INFO] ADCParametersView:116 -                Rank 1 : false
2025-08-28 00:14:51,271 [INFO] ADCParametersView:116 -                Rank 1 : false
2025-08-28 00:14:51,271 [INFO] ADCParametersView:116 -                Rank 2 : false
2025-08-28 00:14:51,272 [INFO] ADCParametersView:116 -                Rank 1 : false
2025-08-28 00:14:51,272 [INFO] ADCParametersView:116 -                Rank 2 : false
2025-08-28 00:14:51,272 [INFO] ADCParametersView:116 -                Rank 3 : false
2025-08-28 00:14:51,272 [INFO] ADCParametersView:116 -                Rank 1 : false
2025-08-28 00:14:51,272 [INFO] ADCParametersView:116 -                Rank 2 : false
2025-08-28 00:14:51,272 [INFO] ADCParametersView:116 -                Rank 3 : false
2025-08-28 00:14:51,272 [INFO] ADCParametersView:116 -                Rank 4 : false
2025-08-28 00:14:51,383 [INFO] ADCParametersView:116 -                Rank 1 : false
2025-08-28 00:14:51,383 [INFO] ADCParametersView:116 -                Rank 2 : false
2025-08-28 00:14:51,383 [INFO] ADCParametersView:116 -                Rank 3 : false
2025-08-28 00:14:51,383 [INFO] ADCParametersView:116 -                Rank 4 : false
2025-08-28 00:14:51,383 [INFO] ADCParametersView:116 -                Rank 1 : false
2025-08-28 00:14:51,383 [INFO] ADCParametersView:116 -                Rank 2 : false
2025-08-28 00:14:51,383 [INFO] ADCParametersView:116 -                Rank 3 : false
2025-08-28 00:14:51,383 [INFO] ADCParametersView:116 -                Rank 4 : false
2025-08-28 00:14:51,383 [INFO] ADCParametersView:116 -                Rank 1 : false
2025-08-28 00:14:51,383 [INFO] ADCParametersView:116 -                Rank 2 : false
2025-08-28 00:14:51,383 [INFO] ADCParametersView:116 -                Rank 3 : false
2025-08-28 00:14:51,383 [INFO] ADCParametersView:116 -                Rank 4 : false
2025-08-28 00:14:51,383 [INFO] ADCParametersView:116 -                Rank 1 : false
2025-08-28 00:14:51,383 [INFO] ADCParametersView:116 -                Rank 2 : false
2025-08-28 00:14:51,383 [INFO] ADCParametersView:116 -                Rank 3 : false
2025-08-28 00:14:51,383 [INFO] ADCParametersView:116 -                Rank 4 : false
2025-08-28 00:14:51,383 [INFO] ADCParametersView:116 -                Rank 1 : false
2025-08-28 00:14:51,383 [INFO] ADCParametersView:116 -                Rank 2 : false
2025-08-28 00:14:51,383 [INFO] ADCParametersView:116 -                Rank 3 : false
2025-08-28 00:14:51,383 [INFO] ADCParametersView:116 -                Rank 4 : false
2025-08-28 00:14:51,384 [INFO] ADCParametersView:116 -                Rank 1 : false
2025-08-28 00:14:51,384 [INFO] ADCParametersView:116 -                Rank 2 : false
2025-08-28 00:14:51,384 [INFO] ADCParametersView:116 -                Rank 3 : false
2025-08-28 00:14:51,384 [INFO] ADCParametersView:116 -                Rank 4 : false
2025-08-28 00:14:51,384 [INFO] ADCParametersView:116 -                Rank 1 : false
2025-08-28 00:14:51,384 [INFO] ADCParametersView:116 -                Rank 2 : false
2025-08-28 00:14:51,384 [INFO] ADCParametersView:116 -                Rank 3 : false
2025-08-28 00:14:51,384 [INFO] ADCParametersView:116 -                Rank 4 : false
2025-08-28 00:14:51,384 [INFO] ADCParametersView:116 -                Rank 1 : false
2025-08-28 00:14:51,384 [INFO] ADCParametersView:116 -                Rank 2 : false
2025-08-28 00:14:51,384 [INFO] ADCParametersView:116 -                Rank 3 : false
2025-08-28 00:14:51,384 [INFO] ADCParametersView:116 -                Rank 4 : false
2025-08-28 00:14:51,384 [INFO] ADCParametersView:116 -                Rank 1 : false
2025-08-28 00:14:51,384 [INFO] ADCParametersView:116 -                Rank 2 : false
2025-08-28 00:14:51,384 [INFO] ADCParametersView:116 -                Rank 3 : false
2025-08-28 00:14:51,384 [INFO] ADCParametersView:116 -                Rank 4 : false
2025-08-28 00:14:51,384 [INFO] ADCParametersView:116 -                Rank 1 : false
2025-08-28 00:14:51,384 [INFO] ADCParametersView:116 -                Rank 2 : false
2025-08-28 00:14:51,384 [INFO] ADCParametersView:116 -                Rank 3 : false
2025-08-28 00:14:51,384 [INFO] ADCParametersView:116 -                Rank 4 : false
2025-08-28 00:14:51,384 [INFO] ADCParametersView:116 -                Rank 1 : false
2025-08-28 00:14:51,384 [INFO] ADCParametersView:116 -                Rank 2 : false
2025-08-28 00:14:51,384 [INFO] ADCParametersView:116 -                Rank 3 : false
2025-08-28 00:14:51,384 [INFO] ADCParametersView:116 -                Rank 4 : false
2025-08-28 00:14:51,384 [INFO] ADCParametersView:116 -                Rank 1 : false
2025-08-28 00:14:51,384 [INFO] ADCParametersView:116 -                Rank 2 : false
2025-08-28 00:14:51,385 [INFO] ADCParametersView:116 -                Rank 3 : false
2025-08-28 00:14:51,385 [INFO] ADCParametersView:116 -                Rank 4 : false
2025-08-28 00:14:51,385 [INFO] ADCParametersView:116 -                Rank 1 : false
2025-08-28 00:14:51,385 [INFO] ADCParametersView:116 -                Rank 2 : false
2025-08-28 00:14:51,385 [INFO] ADCParametersView:116 -                Rank 3 : false
2025-08-28 00:14:51,385 [INFO] ADCParametersView:116 -                Rank 4 : false
2025-08-28 00:14:51,385 [INFO] ADCParametersView:116 -                Rank 1 : false
2025-08-28 00:14:51,385 [INFO] ADCParametersView:116 -                Rank 2 : false
2025-08-28 00:14:51,385 [INFO] ADCParametersView:116 -                Rank 3 : false
2025-08-28 00:14:51,385 [INFO] ADCParametersView:116 -                Rank 4 : false
2025-08-28 00:14:51,385 [INFO] ADCParametersView:116 -                Rank 1 : false
2025-08-28 00:14:51,385 [INFO] ADCParametersView:116 -                Rank 2 : false
2025-08-28 00:14:51,385 [INFO] ADCParametersView:116 -                Rank 3 : false
2025-08-28 00:14:51,385 [INFO] ADCParametersView:116 -                Rank 4 : false
2025-08-28 00:14:51,385 [INFO] ADCParametersView:116 -                Rank 1 : false
2025-08-28 00:14:51,385 [INFO] ADCParametersView:116 -                Rank 2 : false
2025-08-28 00:14:51,385 [INFO] ADCParametersView:116 -                Rank 3 : false
2025-08-28 00:14:51,385 [INFO] ADCParametersView:116 -                Rank 4 : false
2025-08-28 00:14:51,385 [INFO] ADCParametersView:116 -                Rank 1 : false
2025-08-28 00:14:51,385 [INFO] ADCParametersView:116 -                Rank 2 : false
2025-08-28 00:14:51,385 [INFO] ADCParametersView:116 -                Rank 3 : false
2025-08-28 00:14:51,385 [INFO] ADCParametersView:116 -                Rank 4 : false
2025-08-28 00:14:51,385 [INFO] ADCParametersView:116 -                Rank 1 : false
2025-08-28 00:14:51,385 [INFO] ADCParametersView:116 -                Rank 2 : false
2025-08-28 00:14:51,385 [INFO] ADCParametersView:116 -                Rank 3 : false
2025-08-28 00:14:51,385 [INFO] ADCParametersView:116 -                Rank 4 : false
2025-08-28 00:14:51,385 [INFO] ADCParametersView:116 -                Rank 1 : false
2025-08-28 00:14:51,385 [INFO] ADCParametersView:116 -                Rank 2 : false
2025-08-28 00:14:51,385 [INFO] ADCParametersView:116 -                Rank 3 : false
2025-08-28 00:14:51,385 [INFO] ADCParametersView:116 -                Rank 4 : false
2025-08-28 00:14:51,385 [INFO] ADCParametersView:116 -                Rank 1 : false
2025-08-28 00:14:51,385 [INFO] ADCParametersView:116 -                Rank 2 : false
2025-08-28 00:14:51,386 [INFO] ADCParametersView:116 -                Rank 3 : false
2025-08-28 00:14:51,386 [INFO] ADCParametersView:116 -                Rank 4 : false
2025-08-28 00:14:51,386 [INFO] ADCParametersView:116 -                Rank 1 : false
2025-08-28 00:14:51,386 [INFO] ADCParametersView:116 -                Rank 2 : false
2025-08-28 00:14:51,386 [INFO] ADCParametersView:116 -                Rank 3 : false
2025-08-28 00:14:51,386 [INFO] ADCParametersView:116 -                Rank 4 : false
2025-08-28 00:14:51,386 [INFO] ADCParametersView:116 -                Rank 1 : false
2025-08-28 00:14:51,386 [INFO] ADCParametersView:116 -                Rank 2 : false
2025-08-28 00:14:51,386 [INFO] ADCParametersView:116 -                Rank 3 : false
2025-08-28 00:14:51,386 [INFO] ADCParametersView:116 -                Rank 4 : false
2025-08-28 00:14:51,386 [INFO] ADCParametersView:116 -                Rank 1 : false
2025-08-28 00:14:51,386 [INFO] ADCParametersView:116 -                Rank 2 : false
2025-08-28 00:14:51,386 [INFO] ADCParametersView:116 -                Rank 3 : false
2025-08-28 00:14:51,386 [INFO] ADCParametersView:116 -                Rank 4 : false
2025-08-28 00:14:51,386 [INFO] ADCParametersView:116 -                Rank 2 : false
2025-08-28 00:14:51,386 [INFO] ADCParametersView:116 -                Rank 3 : false
2025-08-28 00:14:51,386 [INFO] ADCParametersView:116 -                Rank 4 : false
2025-08-28 00:14:51,386 [INFO] ADCParametersView:116 -                Rank 3 : false
2025-08-28 00:14:51,386 [INFO] ADCParametersView:116 -                Rank 4 : false
2025-08-28 00:14:51,386 [INFO] ADCParametersView:116 -                Rank 4 : false
2025-08-28 00:14:51,473 [INFO] ADCParametersView:116 -                Rank 1 : false
2025-08-28 00:14:51,473 [INFO] ADCParametersView:116 -                Rank 1 : false
2025-08-28 00:14:51,473 [INFO] ADCParametersView:116 -                Rank 2 : false
2025-08-28 00:14:51,473 [INFO] ADCParametersView:116 -                Rank 1 : false
2025-08-28 00:14:51,473 [INFO] ADCParametersView:116 -                Rank 2 : false
2025-08-28 00:14:51,473 [INFO] ADCParametersView:116 -                Rank 3 : false
2025-08-28 00:14:51,473 [INFO] ADCParametersView:116 -                Rank 1 : false
2025-08-28 00:14:51,474 [INFO] ADCParametersView:116 -                Rank 2 : false
2025-08-28 00:14:51,474 [INFO] ADCParametersView:116 -                Rank 3 : false
2025-08-28 00:14:51,474 [INFO] ADCParametersView:116 -                Rank 4 : false
2025-08-28 00:14:52,190 [INFO] NvicIntPanel:101 - NVIC parent = com.st.microxplorer.plugins.ip.nvic.MultiNvicIntPanel[,0,0,725x246,layout=javax.swing.BoxLayout,alignmentX=0.0,alignmentY=0.0,border=,flags=9,maximumSize=,minimumSize=,preferredSize=]
2025-08-28 00:15:09,079 [INFO] MainUpdater:2872 - connection check result : 10
2025-08-28 00:15:09,079 [INFO] MainUpdater:2872 - connection check result : 10
2025-08-28 00:15:09,088 [ERROR] IocParser:95 - Exception caught: Cannot invoke "java.lang.CharSequence.length()" because "this.text" is null
2025-08-28 00:15:09,260 [INFO] I2cTimingTraitement:330 - 0x109090D9
2025-08-28 00:15:09,269 [INFO] MicroXplorer:468 - Change Database Path : 
2025-08-28 00:15:09,269 [INFO] MicroXplorer:498 - Change Database Version : DB.6.0.150
2025-08-28 00:15:09,278 [ERROR] ProjectManagerView:395 - 
java.lang.NullPointerException: Cannot invoke "javax.swing.JTextField.getText()" because the return value of "java.util.List.get(int)" is null
	at com.st.microxplorer.plugins.projectmanager.gui.ProjectChoiceTab$9.caretUpdate(ProjectChoiceTab.java:2706) ~[filemanager.jar:?]
	at javax.swing.text.JTextComponent.fireCaretUpdate(JTextComponent.java:408) ~[?:?]
	at javax.swing.text.JTextComponent$MutableCaretEvent.fire(JTextComponent.java:4484) ~[?:?]
	at javax.swing.text.JTextComponent$MutableCaretEvent.stateChanged(JTextComponent.java:4506) ~[?:?]
	at javax.swing.text.DefaultCaret.fireStateChanged(DefaultCaret.java:857) ~[?:?]
	at javax.swing.text.DefaultCaret.changeCaretPosition(DefaultCaret.java:1343) ~[?:?]
	at javax.swing.text.DefaultCaret.handleSetDot(DefaultCaret.java:1242) ~[?:?]
	at javax.swing.text.DefaultCaret.setDot(DefaultCaret.java:1223) ~[?:?]
	at javax.swing.text.DefaultCaret$Handler.insertUpdate(DefaultCaret.java:1819) ~[?:?]
	at javax.swing.text.AbstractDocument.fireInsertUpdate(AbstractDocument.java:227) ~[?:?]
	at javax.swing.text.AbstractDocument.handleInsertString(AbstractDocument.java:781) ~[?:?]
	at javax.swing.text.AbstractDocument.insertString(AbstractDocument.java:740) ~[?:?]
	at javax.swing.text.PlainDocument.insertString(PlainDocument.java:131) ~[?:?]
	at javax.swing.text.AbstractDocument.replace(AbstractDocument.java:699) ~[?:?]
	at javax.swing.text.JTextComponent.setText(JTextComponent.java:1725) ~[?:?]
	at com.st.microxplorer.plugins.projectmanager.gui.ProjectChoiceTab.createHeapStackFields(ProjectChoiceTab.java:993) ~[filemanager.jar:?]
	at com.st.microxplorer.plugins.projectmanager.gui.ProjectChoiceTab.buildLinkSettingsPanel(ProjectChoiceTab.java:3813) ~[filemanager.jar:?]
	at com.st.microxplorer.plugins.projectmanager.gui.ProjectChoiceTab.defineWindowsFields(ProjectChoiceTab.java:1987) ~[filemanager.jar:?]
	at com.st.microxplorer.plugins.projectmanager.gui.ProjectChoiceTab.updateSettings(ProjectChoiceTab.java:558) ~[filemanager.jar:?]
	at com.st.microxplorer.plugins.projectmanager.gui.ProjectSettingsPanel.UpdateDialog(ProjectSettingsPanel.java:247) ~[filemanager.jar:?]
	at com.st.microxplorer.plugins.projectmanager.ProjectManagerView.propertyChange(ProjectManagerView.java:392) ~[filemanager.jar:?]
	at java.beans.PropertyChangeSupport.fire(PropertyChangeSupport.java:343) ~[?:?]
	at java.beans.PropertyChangeSupport.firePropertyChange(PropertyChangeSupport.java:335) ~[?:?]
	at java.beans.PropertyChangeSupport.firePropertyChange(PropertyChangeSupport.java:268) ~[?:?]
	at com.st.microxplorer.util.MXPropertyChangeSupport.firePropertyChange(MXPropertyChangeSupport.java:54) ~[STM32CubeMX.jar:?]
	at com.st.microxplorer.mxsystem.MxSystem.closeConfig(MxSystem.java:899) ~[STM32CubeMX.jar:?]
	at com.st.microxplorer.maingui.MainPanel.closeConfig(MainPanel.java:792) ~[STM32CubeMX.jar:?]
	at com.st.microxplorer.plugins.filemanager.engine.OpenFileManager.loadConfigurationFile(OpenFileManager.java:288) ~[filemanager.jar:?]
	at com.st.microxplorer.plugins.filemanager.engine.MainFileManager.userLoadConfig(MainFileManager.java:364) ~[filemanager.jar:?]
	at com.st.microxplorer.plugins.filemanager.engine.MainFileManager.userLoadConfig(MainFileManager.java:342) ~[filemanager.jar:?]
	at com.st.microxplorer.plugins.filemanager.FileManagerView.getSpecificTask(FileManagerView.java:264) ~[filemanager.jar:?]
	at com.st.stm32cube.common.mx.editor.CubeMxEditor.getMxTabbedPaneInstance(CubeMxEditor.java:1198) ~[com.st.stm32cube.common.mx_6.15.0.202507011659/:?]
	at com.st.stm32cube.common.mx.editor.CubeMxEditor$12$1.createSwingComponent(CubeMxEditor.java:1068) ~[com.st.stm32cube.common.mx_6.15.0.202507011659/:?]
	at com.st.stm32cube.common.mx.oss.core.awtswtbridge.EmbeddedSwingComposite.doComponentCreation(EmbeddedSwingComposite.java:492) ~[com.st.stm32cube.common.mx.oss_6.15.0.202507011659/:?]
	at com.st.stm32cube.common.mx.oss.core.awtswtbridge.EmbeddedSwingComposite$4.run(EmbeddedSwingComposite.java:291) ~[com.st.stm32cube.common.mx.oss_6.15.0.202507011659/:?]
	at com.st.stm32cube.common.mx.oss.core.awtswtbridge.AwtEnvironment$2.run(AwtEnvironment.java:166) ~[com.st.stm32cube.common.mx.oss_6.15.0.202507011659/:?]
	at java.awt.event.InvocationEvent.dispatch(InvocationEvent.java:318) ~[?:?]
	at java.awt.EventQueue.dispatchEventImpl(EventQueue.java:773) ~[?:?]
	at java.awt.EventQueue$4.run(EventQueue.java:720) ~[?:?]
	at java.awt.EventQueue$4.run(EventQueue.java:714) ~[?:?]
	at java.security.AccessController.doPrivileged(AccessController.java:400) ~[?:?]
	at java.security.ProtectionDomain$JavaSecurityAccessImpl.doIntersectionPrivilege(ProtectionDomain.java:87) ~[?:?]
	at java.awt.EventQueue.dispatchEvent(EventQueue.java:742) ~[?:?]
	at java.awt.EventDispatchThread.pumpOneEventForFilters(EventDispatchThread.java:203) ~[?:?]
	at java.awt.EventDispatchThread.pumpEventsForFilter(EventDispatchThread.java:124) ~[?:?]
	at java.awt.EventDispatchThread.pumpEventsForHierarchy(EventDispatchThread.java:113) ~[?:?]
	at java.awt.EventDispatchThread.pumpEvents(EventDispatchThread.java:109) ~[?:?]
	at java.awt.EventDispatchThread.pumpEvents(EventDispatchThread.java:101) ~[?:?]
	at java.awt.EventDispatchThread.run(EventDispatchThread.java:90) ~[?:?]
2025-08-28 00:15:09,279 [WARN] ThirdParty:871 - waiting for thirdparty lock release [close project]
2025-08-28 00:15:09,279 [INFO] ThirdParty:873 - entering critical section [close project]
2025-08-28 00:15:09,279 [INFO] ThirdParty:883 - exiting critical section [close project]
2025-08-28 00:15:09,282 [INFO] PinOutPanel:1589 - setPackage(No Configuration,No Configuration)
2025-08-28 00:15:09,288 [WARN] IpParametersView:155 - Warning: This peripheral hasn't parameters
2025-08-28 00:15:09,293 [WARN] MainPanel:289 - <html><b><center>Warning: This peripheral has no parameters to be configured<br></b></html>
2025-08-28 00:15:09,300 [WARN] IpParametersView:155 - Warning: This peripheral hasn't parameters
2025-08-28 00:15:09,305 [WARN] MainPanel:289 - <html><b><center>Warning: This peripheral has no parameters to be configured<br></b></html>
2025-08-28 00:15:09,309 [INFO] UtilMem:75 - Begin LoadConfig() Used Memory: 569626264 Bytes (1073741824)
2025-08-28 00:15:09,310 [INFO] MicroXplorer:468 - Change Database Path : 
2025-08-28 00:15:09,310 [INFO] MicroXplorer:498 - Change Database Version : DB.6.0.150
2025-08-28 00:15:09,310 [INFO] OpenFileManager:355 - Change cursor
2025-08-28 00:15:09,320 [INFO] Mcu:2029 - Initializing MCU STM32H755ZITx STM32H755ZITx STM32H755ZIT6
2025-08-28 00:15:11,174 [INFO] Context:786 - Trying to add GPIOservice into a context  which must be forbidden
2025-08-28 00:15:11,174 [INFO] Context:786 - Trying to add GPIOservice into a context  which must be forbidden
2025-08-28 00:15:12,004 [INFO] ApiDbMcu:532 - Load IP Config File for NUCLEO-H755ZI-Q
2025-08-28 00:15:12,103 [INFO] Context:786 - Trying to add GPIOservice into a context  which must be forbidden
2025-08-28 00:15:12,110 [INFO] Context:786 - Trying to add GPIOservice into a context  which must be forbidden
2025-08-28 00:15:12,115 [INFO] ImportTextPane:234 - (OptionalMessage_ERROR) Pin59 (VP_RIF_VS_RIF1) cannot be retrieved for this MCU
2025-08-28 00:15:12,123 [INFO] ImportTextPane:234 - (OptionalMessage_ERROR) Unable to find key (Mcu.IP19) in loaded IOC file
2025-08-28 00:15:12,123 [INFO] ImportTextPane:234 - (OptionalMessage_ERROR) Unknown IP (dummy)
2025-08-28 00:15:12,250 [INFO] RtosManager:558 - Registered RTOS mode: class=CMSIS, group=RTOS, mode=CMSIS_V1, owner=FREERTOS_M7
2025-08-28 00:15:12,250 [INFO] RtosManager:558 - Registered RTOS mode: class=CMSIS, group=RTOS2, mode=CMSIS_V2, owner=FREERTOS_M7
2025-08-28 00:15:12,250 [INFO] RtosManager:558 - Registered RTOS mode: class=RTOS, group=Core, mode=CMSIS_V1, owner=FREERTOS_M7
2025-08-28 00:15:12,250 [INFO] RtosManager:558 - Registered RTOS mode: class=RTOS, group=Core, mode=CMSIS_V2, owner=FREERTOS_M7
2025-08-28 00:15:12,250 [WARN] ModelIntegratedComponent:184 - Missing modes for component STMicroelectronics:FreeRTOS:0.0.1:STMicroelectronics:RTOS:FreeRTOS:Core:::10.2.0:
2025-08-28 00:15:12,258 [WARN] ModelIntegratedComponent:63 - No mode defined for component null
2025-08-28 00:15:12,258 [WARN] ModelIntegratedComponent:63 - No mode defined for component null
2025-08-28 00:15:12,258 [WARN] ModelIntegratedComponent:63 - No mode defined for component null
2025-08-28 00:15:12,258 [WARN] ModelIntegratedComponent:63 - No mode defined for component null
2025-08-28 00:15:12,258 [WARN] ModelIntegratedComponent:63 - No mode defined for component null
2025-08-28 00:15:12,259 [WARN] ModelIntegratedComponent:63 - No mode defined for component null
2025-08-28 00:15:12,259 [WARN] ModelIntegratedComponent:63 - No mode defined for component null
2025-08-28 00:15:12,259 [WARN] ModelIntegratedComponent:63 - No mode defined for component null
2025-08-28 00:15:12,259 [WARN] ModelIntegratedComponent:63 - No mode defined for component null
2025-08-28 00:15:12,259 [WARN] ModelIntegratedComponent:63 - No mode defined for component null
2025-08-28 00:15:12,259 [WARN] ModelIntegratedComponent:63 - No mode defined for component null
2025-08-28 00:15:12,259 [WARN] ModelIntegratedComponent:63 - No mode defined for component null
2025-08-28 00:15:12,259 [WARN] ModelIntegratedComponent:63 - No mode defined for component null
2025-08-28 00:15:12,259 [WARN] ModelIntegratedComponent:63 - No mode defined for component null
2025-08-28 00:15:12,259 [WARN] ModelIntegratedComponent:63 - No mode defined for component null
2025-08-28 00:15:12,259 [WARN] ModelIntegratedComponent:63 - No mode defined for component null
2025-08-28 00:15:12,259 [WARN] ModelIntegratedComponent:63 - No mode defined for component null
2025-08-28 00:15:12,259 [WARN] ModelIntegratedComponent:63 - No mode defined for component null
2025-08-28 00:15:12,259 [WARN] ModelIntegratedComponent:63 - No mode defined for component null
2025-08-28 00:15:12,259 [WARN] ModelIntegratedComponent:63 - No mode defined for component null
2025-08-28 00:15:12,259 [WARN] ModelIntegratedComponent:63 - No mode defined for component null
2025-08-28 00:15:12,259 [WARN] ModelIntegratedComponent:63 - No mode defined for component null
2025-08-28 00:15:12,259 [WARN] ModelIntegratedComponent:63 - No mode defined for component null
2025-08-28 00:15:12,259 [WARN] ModelIntegratedComponent:63 - No mode defined for component null
2025-08-28 00:15:12,259 [WARN] ModelIntegratedComponent:63 - No mode defined for component null
2025-08-28 00:15:12,259 [WARN] ModelIntegratedComponent:63 - No mode defined for component null
2025-08-28 00:15:12,259 [WARN] ModelIntegratedComponent:63 - No mode defined for component null
2025-08-28 00:15:12,259 [WARN] ModelIntegratedComponent:63 - No mode defined for component null
2025-08-28 00:15:12,259 [WARN] ModelIntegratedComponent:63 - No mode defined for component null
2025-08-28 00:15:12,259 [WARN] ModelIntegratedComponent:63 - No mode defined for component null
2025-08-28 00:15:12,259 [WARN] ModelIntegratedComponent:63 - No mode defined for component null
2025-08-28 00:15:12,259 [WARN] ModelIntegratedComponent:63 - No mode defined for component null
2025-08-28 00:15:12,259 [WARN] ModelIntegratedComponent:63 - No mode defined for component null
2025-08-28 00:15:12,259 [WARN] ModelIntegratedComponent:63 - No mode defined for component null
2025-08-28 00:15:12,259 [WARN] ModelIntegratedComponent:63 - No mode defined for component null
2025-08-28 00:15:12,260 [WARN] ModelPack:524 - Component already loaded: STMicroelectronics:HAL Drivers:0.0.0:STMicroelectronics:Device:STMicro_Driver:XSPI:HAL::0.0.1:HAL_XSPI
2025-08-28 00:15:12,371 [INFO] RtosManager:558 - Registered RTOS mode: class=CMSIS, group=RTOS, mode=CMSIS_V1, owner=FREERTOS_M4
2025-08-28 00:15:12,371 [INFO] RtosManager:558 - Registered RTOS mode: class=CMSIS, group=RTOS2, mode=CMSIS_V2, owner=FREERTOS_M4
2025-08-28 00:15:12,371 [INFO] RtosManager:558 - Registered RTOS mode: class=RTOS, group=Core, mode=CMSIS_V1, owner=FREERTOS_M4
2025-08-28 00:15:12,371 [INFO] RtosManager:558 - Registered RTOS mode: class=RTOS, group=Core, mode=CMSIS_V2, owner=FREERTOS_M4
2025-08-28 00:15:12,371 [WARN] ModelIntegratedComponent:184 - Missing modes for component STMicroelectronics:FreeRTOS:0.0.1:STMicroelectronics:RTOS:FreeRTOS:Core:::10.2.0:
2025-08-28 00:15:12,377 [WARN] ModelIntegratedComponent:63 - No mode defined for component null
2025-08-28 00:15:12,377 [WARN] ModelIntegratedComponent:63 - No mode defined for component null
2025-08-28 00:15:12,377 [WARN] ModelIntegratedComponent:63 - No mode defined for component null
2025-08-28 00:15:12,377 [WARN] ModelIntegratedComponent:63 - No mode defined for component null
2025-08-28 00:15:12,377 [WARN] ModelIntegratedComponent:63 - No mode defined for component null
2025-08-28 00:15:12,377 [WARN] ModelIntegratedComponent:63 - No mode defined for component null
2025-08-28 00:15:12,377 [WARN] ModelIntegratedComponent:63 - No mode defined for component null
2025-08-28 00:15:12,377 [WARN] ModelIntegratedComponent:63 - No mode defined for component null
2025-08-28 00:15:12,377 [WARN] ModelIntegratedComponent:63 - No mode defined for component null
2025-08-28 00:15:12,377 [WARN] ModelIntegratedComponent:63 - No mode defined for component null
2025-08-28 00:15:12,377 [WARN] ModelIntegratedComponent:63 - No mode defined for component null
2025-08-28 00:15:12,377 [WARN] ModelIntegratedComponent:63 - No mode defined for component null
2025-08-28 00:15:12,377 [WARN] ModelIntegratedComponent:63 - No mode defined for component null
2025-08-28 00:15:12,377 [WARN] ModelIntegratedComponent:63 - No mode defined for component null
2025-08-28 00:15:12,377 [WARN] ModelIntegratedComponent:63 - No mode defined for component null
2025-08-28 00:15:12,377 [WARN] ModelIntegratedComponent:63 - No mode defined for component null
2025-08-28 00:15:12,378 [WARN] ModelIntegratedComponent:63 - No mode defined for component null
2025-08-28 00:15:12,378 [WARN] ModelIntegratedComponent:63 - No mode defined for component null
2025-08-28 00:15:12,378 [WARN] ModelIntegratedComponent:63 - No mode defined for component null
2025-08-28 00:15:12,378 [WARN] ModelIntegratedComponent:63 - No mode defined for component null
2025-08-28 00:15:12,378 [WARN] ModelIntegratedComponent:63 - No mode defined for component null
2025-08-28 00:15:12,378 [WARN] ModelIntegratedComponent:63 - No mode defined for component null
2025-08-28 00:15:12,378 [WARN] ModelIntegratedComponent:63 - No mode defined for component null
2025-08-28 00:15:12,378 [WARN] ModelIntegratedComponent:63 - No mode defined for component null
2025-08-28 00:15:12,378 [WARN] ModelIntegratedComponent:63 - No mode defined for component null
2025-08-28 00:15:12,378 [WARN] ModelIntegratedComponent:63 - No mode defined for component null
2025-08-28 00:15:12,378 [WARN] ModelIntegratedComponent:63 - No mode defined for component null
2025-08-28 00:15:12,378 [WARN] ModelIntegratedComponent:63 - No mode defined for component null
2025-08-28 00:15:12,378 [WARN] ModelIntegratedComponent:63 - No mode defined for component null
2025-08-28 00:15:12,378 [WARN] ModelIntegratedComponent:63 - No mode defined for component null
2025-08-28 00:15:12,378 [WARN] ModelIntegratedComponent:63 - No mode defined for component null
2025-08-28 00:15:12,378 [WARN] ModelIntegratedComponent:63 - No mode defined for component null
2025-08-28 00:15:12,378 [WARN] ModelIntegratedComponent:63 - No mode defined for component null
2025-08-28 00:15:12,378 [WARN] ModelIntegratedComponent:63 - No mode defined for component null
2025-08-28 00:15:12,378 [WARN] ModelIntegratedComponent:63 - No mode defined for component null
2025-08-28 00:15:12,378 [WARN] ModelPack:524 - Component already loaded: STMicroelectronics:HAL Drivers:0.0.0:STMicroelectronics:Device:STMicro_Driver:XSPI:HAL::0.0.1:HAL_XSPI
2025-08-28 00:15:12,459 [INFO] ThirdPartyModel:298 - Start build external matchings
2025-08-28 00:15:12,984 [INFO] ThirdPartyModel:316 - End build external matchings
2025-08-28 00:15:13,003 [INFO] ThirdPartyModel:298 - Start build external matchings
2025-08-28 00:15:13,422 [INFO] ThirdPartyModel:316 - End build external matchings
2025-08-28 00:15:13,433 [INFO] RtosManager:1018 - Current active RTOS is FREERTOS_M4 [CortexM4]
2025-08-28 00:15:13,434 [INFO] RtosManager:1018 - Current active RTOS is FREERTOS_M7 [CortexM7]
2025-08-28 00:15:13,615 [INFO] UtilMem:75 - End LoadConfig() Used Memory: 715230216 Bytes (1073741824)
2025-08-28 00:15:13,624 [WARN] ThirdParty:833 - waiting for thirdparty lock release [change project]
2025-08-28 00:15:13,624 [INFO] ThirdParty:835 - entering critical section [change project]
2025-08-28 00:15:13,625 [INFO] ThirdParty:1030 - CMSIS Pack Vendor :STMicroelectronics X-CUBE-PM33A1 1.0.0
2025-08-28 00:15:13,625 [INFO] ThirdParty:1030 - CMSIS Pack Vendor :STMicroelectronics USBPD 4.1
2025-08-28 00:15:13,625 [INFO] ThirdParty:1030 - CMSIS Pack Vendor :STMicroelectronics X-CUBE-AZRTOS-H7 3.3.0
2025-08-28 00:15:13,625 [INFO] ThirdParty:1030 - CMSIS Pack Vendor :STMicroelectronics X-CUBE-NFC9 1.0.0
2025-08-28 00:15:13,625 [INFO] ThirdParty:1030 - CMSIS Pack Vendor :STMicroelectronics USB_HOST 2.0.0
2025-08-28 00:15:13,625 [INFO] ThirdParty:1030 - CMSIS Pack Vendor :STMicroelectronics FP-SNS-MOTENVWB1 1.4.0
2025-08-28 00:15:13,625 [INFO] ThirdParty:1030 - CMSIS Pack Vendor :STMicroelectronics X-CUBE-AZRTOS-F4 1.1.0
2025-08-28 00:15:13,625 [INFO] ThirdParty:1030 - CMSIS Pack Vendor :STMicroelectronics LIBJPEG 8.0.0
2025-08-28 00:15:13,625 [INFO] ThirdParty:1030 - CMSIS Pack Vendor :STMicroelectronics FP-ATR-ASTRA1 2.0.2
2025-08-28 00:15:13,625 [INFO] ThirdParty:1030 - CMSIS Pack Vendor :STMicroelectronics FP-ATR-ASTRA1 2.0.1
2025-08-28 00:15:13,625 [INFO] ThirdParty:1030 - CMSIS Pack Vendor :STMicroelectronics X-CUBE-BLE1 7.1.0
2025-08-28 00:15:13,625 [INFO] ThirdParty:1030 - CMSIS Pack Vendor :Avnet-IotConnect X-CUBE-IoTC-DA16k-PMOD 1.0.0
2025-08-28 00:15:13,625 [INFO] ThirdParty:1030 - CMSIS Pack Vendor :STMicroelectronics X-CUBE-SMBUS 2.1.0
2025-08-28 00:15:13,625 [INFO] ThirdParty:1030 - CMSIS Pack Vendor :STMicroelectronics X-CUBE-WB05N 1.1.0
2025-08-28 00:15:13,625 [INFO] ThirdParty:1030 - CMSIS Pack Vendor :wolfSSL I-CUBE-wolfMQTT 1.19.2
2025-08-28 00:15:13,625 [INFO] ThirdParty:1030 - CMSIS Pack Vendor :STMicroelectronics USB_DEVICE 3.0.0
2025-08-28 00:15:13,625 [INFO] ThirdParty:1030 - CMSIS Pack Vendor :STMicroelectronics X-CUBE-ISPU 2.1.0
2025-08-28 00:15:13,625 [INFO] ThirdParty:1030 - CMSIS Pack Vendor :STMicroelectronics X-CUBE-EEPRMA1 5.2.0
2025-08-28 00:15:13,625 [INFO] ThirdParty:1030 - CMSIS Pack Vendor :STMicroelectronics X-CUBE-BLEMGR 4.1.0
2025-08-28 00:15:13,625 [INFO] ThirdParty:1030 - CMSIS Pack Vendor :STMicroelectronics X-CUBE-AZRTOS-WB 2.0.0
2025-08-28 00:15:13,625 [INFO] ThirdParty:1030 - CMSIS Pack Vendor :STMicroelectronics X-CUBE-ST60 1.0.0
2025-08-28 00:15:13,625 [INFO] ThirdParty:1030 - CMSIS Pack Vendor :STMicroelectronics X-CUBE-GNSS1 7.0.1
2025-08-28 00:15:13,625 [INFO] ThirdParty:1030 - CMSIS Pack Vendor :STMicroelectronics X-CUBE-NFC12 1.0.0
2025-08-28 00:15:13,625 [INFO] ThirdParty:1030 - CMSIS Pack Vendor :STMicroelectronics X-CUBE-AZRTOS-F7 1.1.0
2025-08-28 00:15:13,625 [INFO] ThirdParty:1030 - CMSIS Pack Vendor :STMicroelectronics X-CUBE-AZRTOS-L5 2.0.0
2025-08-28 00:15:13,625 [INFO] ThirdParty:1030 - CMSIS Pack Vendor :STMicroelectronics X-CUBE-TOUCHGFX 4.25.0
2025-08-28 00:15:13,625 [INFO] ThirdParty:1030 - CMSIS Pack Vendor :STMicroelectronics USB_DEVICE 2.0.0
2025-08-28 00:15:13,625 [INFO] ThirdParty:1030 - CMSIS Pack Vendor :STMicroelectronics X-CUBE-NFC6 3.1.0
2025-08-28 00:15:13,625 [INFO] ThirdParty:1030 - CMSIS Pack Vendor :STMicroelectronics X-CUBE-AI 10.1.0
2025-08-28 00:15:13,625 [INFO] ThirdParty:1030 - CMSIS Pack Vendor :STMicroelectronics FP-SNS-STBOX1 2.0.0
2025-08-28 00:15:13,625 [INFO] ThirdParty:1030 - CMSIS Pack Vendor :STMicroelectronics X-CUBE-MEMS1 11.2.0
2025-08-28 00:15:13,625 [INFO] ThirdParty:1030 - CMSIS Pack Vendor :STMicroelectronics FreeRTOS 0.0.1
2025-08-28 00:15:13,625 [INFO] ThirdParty:1030 - CMSIS Pack Vendor :STMicroelectronics X-CUBE-AZRTOS-G0 1.1.0
2025-08-28 00:15:13,625 [INFO] ThirdParty:1030 - CMSIS Pack Vendor :STMicroelectronics X-CUBE-SAFEA1 1.2.2
2025-08-28 00:15:13,625 [INFO] ThirdParty:1030 - CMSIS Pack Vendor :STMicroelectronics X-CUBE-NFC4 3.0.0
2025-08-28 00:15:13,625 [INFO] ThirdParty:1030 - CMSIS Pack Vendor :STMicroelectronics X-CUBE-SUBG2 5.0.0
2025-08-28 00:15:13,625 [INFO] ThirdParty:1030 - CMSIS Pack Vendor :STMicroelectronics X-CUBE-AZRTOS-H7RS 1.1.0
2025-08-28 00:15:13,625 [INFO] ThirdParty:1030 - CMSIS Pack Vendor :STMicroelectronics STM32_WPAN 1.0.0
2025-08-28 00:15:13,625 [INFO] ThirdParty:1030 - CMSIS Pack Vendor :EmbeddedOffice I-CUBE-FS-RTOS 1.0.1
2025-08-28 00:15:13,625 [INFO] ThirdParty:1030 - CMSIS Pack Vendor :STMicroelectronics lwIP 2.0.3
2025-08-28 00:15:13,625 [INFO] ThirdParty:1030 - CMSIS Pack Vendor :STMicroelectronics FP-SNS-FLIGHT1 5.0.2
2025-08-28 00:15:13,625 [INFO] ThirdParty:1030 - CMSIS Pack Vendor :Cesanta I-CUBE-Mongoose 7.13.0
2025-08-28 00:15:13,625 [INFO] ThirdParty:1030 - CMSIS Pack Vendor :STMicroelectronics USB_HOST 1.0.0
2025-08-28 00:15:13,625 [INFO] ThirdParty:1030 - CMSIS Pack Vendor :Infineon AIROC-Wi-Fi-Bluetooth-STM32 1.7.0
2025-08-28 00:15:13,625 [INFO] ThirdParty:1030 - CMSIS Pack Vendor :STMicroelectronics X-CUBE-AZRTOS-G4 2.0.0
2025-08-28 00:15:13,625 [INFO] ThirdParty:1030 - CMSIS Pack Vendor :STMicroelectronics X-CUBE-WB05N 2.0.0
2025-08-28 00:15:13,625 [INFO] ThirdParty:1030 - CMSIS Pack Vendor :STMicroelectronics PDM2PCM 3.1.0
2025-08-28 00:15:13,625 [INFO] ThirdParty:1030 - CMSIS Pack Vendor :STMicroelectronics PDM2PCM 3.3.0
2025-08-28 00:15:13,625 [INFO] ThirdParty:1030 - CMSIS Pack Vendor :wolfSSL I-CUBE-wolfTPM 3.8.0
2025-08-28 00:15:13,625 [INFO] ThirdParty:1030 - CMSIS Pack Vendor :STMicroelectronics X-CUBE-AZRTOS-H7 3.4.0
2025-08-28 00:15:13,625 [INFO] ThirdParty:1030 - CMSIS Pack Vendor :STMicroelectronics X-CUBE-DISPLAY 3.0.0
2025-08-28 00:15:13,625 [INFO] ThirdParty:1030 - CMSIS Pack Vendor :wolfSSL I-CUBE-wolfSSH 1.4.20
2025-08-28 00:15:13,625 [INFO] ThirdParty:1030 - CMSIS Pack Vendor :STMicroelectronics X-CUBE-NFC7 2.0.0
2025-08-28 00:15:13,625 [INFO] ThirdParty:1030 - CMSIS Pack Vendor :STMicroelectronics X-CUBE-TCPP 4.2.0
2025-08-28 00:15:13,625 [INFO] ThirdParty:1030 - CMSIS Pack Vendor :RealThread X-CUBE-RT-Thread_Nano 4.1.1
2025-08-28 00:15:13,625 [INFO] ThirdParty:1030 - CMSIS Pack Vendor :STMicroelectronics FP-ATR-SIGFOX1 3.2.0
2025-08-28 00:15:13,625 [INFO] ThirdParty:1030 - CMSIS Pack Vendor :STMicroelectronics X-CUBE-NFC10 1.0.0
2025-08-28 00:15:13,625 [INFO] ThirdParty:1030 - CMSIS Pack Vendor :STMicroelectronics X-CUBE-BLEMGR 4.0.0
2025-08-28 00:15:13,625 [INFO] ThirdParty:1030 - CMSIS Pack Vendor :STMicroelectronics X-CUBE-EEPRMA1 5.1.0
2025-08-28 00:15:13,625 [INFO] ThirdParty:1030 - CMSIS Pack Vendor :STMicroelectronics X-CUBE-FREERTOS 1.3.1
2025-08-28 00:15:13,625 [INFO] ThirdParty:1030 - CMSIS Pack Vendor :STMicroelectronics HAL Drivers 0.0.0
2025-08-28 00:15:13,625 [INFO] ThirdParty:1030 - CMSIS Pack Vendor :STMicroelectronics MBEDTLS 2.16.2
2025-08-28 00:15:13,625 [INFO] ThirdParty:1030 - CMSIS Pack Vendor :STMicroelectronics X-CUBE-IPS 3.1.0
2025-08-28 00:15:13,625 [INFO] ThirdParty:1030 - CMSIS Pack Vendor :STMicroelectronics X-CUBE-ALS 1.0.2
2025-08-28 00:15:13,625 [INFO] ThirdParty:1030 - CMSIS Pack Vendor :emotas I-CUBE-CANOPEN 1.3.0
2025-08-28 00:15:13,625 [INFO] ThirdParty:1030 - CMSIS Pack Vendor :STMicroelectronics X-CUBE-FREERTOS 1.3.0
2025-08-28 00:15:13,625 [INFO] ThirdParty:1030 - CMSIS Pack Vendor :STMicroelectronics X-CUBE-NFC7 1.0.1
2025-08-28 00:15:13,625 [INFO] ThirdParty:1030 - CMSIS Pack Vendor :STMicroelectronics MBEDTLS 2.14.1
2025-08-28 00:15:13,625 [INFO] ThirdParty:1030 - CMSIS Pack Vendor :wolfSSL I-CUBE-wolfSSL 5.7.6
2025-08-28 00:15:13,625 [INFO] ThirdParty:1030 - CMSIS Pack Vendor :ITTIA_DB I-CUBE-ITTIADB 8.9.0
2025-08-28 00:15:13,625 [INFO] ThirdParty:1030 - CMSIS Pack Vendor :portGmbH I-Cube-SoM-uGOAL 1.1.0
2025-08-28 00:15:13,625 [INFO] ThirdParty:1030 - CMSIS Pack Vendor :quantropi X-CUBE-qispace-sdk-base 2.0.0
2025-08-28 00:15:13,625 [INFO] ThirdParty:1030 - CMSIS Pack Vendor :STMicroelectronics X-CUBE-AI 10.0.0
2025-08-28 00:15:13,625 [INFO] ThirdParty:1030 - CMSIS Pack Vendor :STMicroelectronics X-CUBE-ST67W61 1.0.0
2025-08-28 00:15:13,625 [INFO] ThirdParty:1030 - CMSIS Pack Vendor :STMicroelectronics FP-SNS-STBOX1 2.1.0
2025-08-28 00:15:13,625 [INFO] ThirdParty:1030 - CMSIS Pack Vendor :STMicroelectronics X-CUBE-AI 10.2.0
2025-08-28 00:15:13,625 [INFO] ThirdParty:1030 - CMSIS Pack Vendor :STMicroelectronics FP-SNS-STAIOTCFT 1.0.0
2025-08-28 00:15:13,625 [INFO] ThirdParty:1030 - CMSIS Pack Vendor :STMicroelectronics ThreadX 1.0.0
2025-08-28 00:15:13,625 [INFO] ThirdParty:1030 - CMSIS Pack Vendor :STMicroelectronics FP-SNS-SMARTAG2 1.2.0
2025-08-28 00:15:13,625 [INFO] ThirdParty:1030 - CMSIS Pack Vendor :STMicroelectronics FP-SNS-FLIGHT1 5.1.0
2025-08-28 00:15:13,625 [INFO] ThirdParty:1030 - CMSIS Pack Vendor :STMicroelectronics X-CUBE-AZRTOS-WL 2.0.0
2025-08-28 00:15:13,625 [INFO] ThirdParty:1030 - CMSIS Pack Vendor :SEGGER I-CUBE-embOS 1.3.1
2025-08-28 00:15:13,625 [INFO] ThirdParty:1030 - CMSIS Pack Vendor :STMicroelectronics X-CUBE-ALGOBUILD 1.4.0
2025-08-28 00:15:13,625 [INFO] ThirdParty:1030 - CMSIS Pack Vendor :STMicroelectronics X-CUBE-DPower 1.3.0
2025-08-28 00:15:13,625 [INFO] ThirdParty:1030 - CMSIS Pack Vendor :STMicroelectronics X-CUBE-MEMS1 11.3.0
2025-08-28 00:15:13,625 [INFO] ThirdParty:1030 - CMSIS Pack Vendor :STMicroelectronics FP-SNS-MOTENV1 5.0.0
2025-08-28 00:15:13,625 [INFO] ThirdParty:1030 - CMSIS Pack Vendor :STMicroelectronics USB_DEVICE 1.0.0
2025-08-28 00:15:13,625 [INFO] ThirdParty:1030 - CMSIS Pack Vendor :STMicroelectronics X-CUBE-AZRTOS-L4 2.0.0
2025-08-28 00:15:13,625 [INFO] ThirdParty:1030 - CMSIS Pack Vendor :STMicroelectronics ThreadX 0.0.2
2025-08-28 00:15:13,625 [INFO] ThirdParty:1030 - CMSIS Pack Vendor :WES I-CUBE-Cesium 1.3.0
2025-08-28 00:15:13,625 [INFO] ThirdParty:1030 - CMSIS Pack Vendor :STMicroelectronics lwIP 2.1.2
2025-08-28 00:15:13,625 [INFO] ThirdParty:1030 - CMSIS Pack Vendor :STMicroelectronics X-CUBE-SFXS2LP1 4.0.0
2025-08-28 00:15:13,625 [INFO] ThirdParty:1030 - CMSIS Pack Vendor :STMicroelectronics X-CUBE-BLE2 3.3.0
2025-08-28 00:15:13,626 [INFO] ThirdParty:1030 - CMSIS Pack Vendor :STMicroelectronics X-CUBE-TOF1 3.4.3
2025-08-28 00:15:13,626 [INFO] ThirdParty:1030 - CMSIS Pack Vendor :STMicroelectronics PDM2PCM 3.2.0
2025-08-28 00:15:13,626 [INFO] ThirdParty:841 - exiting critical section [change project]
2025-08-28 00:15:13,844 [INFO] PinOutPanel:1589 - setPackage(No Configuration,No Configuration)
2025-08-28 00:15:13,845 [INFO] PinOutPanel:1589 - setPackage(STM32H755ZITx,LQFP144)
2025-08-28 00:15:14,187 [INFO] UtilMem:75 - Before build in PCC Used Memory: 627692376 Bytes (1073741824)
2025-08-28 00:15:14,569 [INFO] UtilMem:75 - After build in PCC Used Memory: 749325144 Bytes (1073741824)
2025-08-28 00:15:14,573 [INFO] ApiDbMcu:532 - Load IP Config File for FREERTOS_M4
2025-08-28 00:15:14,576 [INFO] ApiDbMcu:532 - Load IP Config File for FREERTOS_M7
2025-08-28 00:15:14,599 [INFO] IPUIPlugin:80 - create IPUIPlugin
2025-08-28 00:15:14,599 [INFO] IPUIPlugin:80 - create IPUIPlugin
2025-08-28 00:15:14,599 [INFO] IPUIPlugin:80 - create IPUIPlugin
2025-08-28 00:15:14,599 [INFO] IPUIPlugin:80 - create IPUIPlugin
2025-08-28 00:15:14,599 [INFO] IPUIPlugin:80 - create IPUIPlugin
2025-08-28 00:15:14,599 [INFO] IPUIPlugin:80 - create IPUIPlugin
2025-08-28 00:15:14,599 [INFO] IPUIPlugin:80 - create IPUIPlugin
2025-08-28 00:15:14,599 [INFO] IPUIPlugin:80 - create IPUIPlugin
2025-08-28 00:15:14,599 [INFO] IPUIPlugin:80 - create IPUIPlugin
2025-08-28 00:15:14,599 [INFO] IPUIPlugin:80 - create IPUIPlugin
2025-08-28 00:15:14,599 [INFO] IPUIPlugin:80 - create IPUIPlugin
2025-08-28 00:15:14,600 [INFO] IPUIPlugin:80 - create IPUIPlugin
2025-08-28 00:15:14,600 [INFO] IPUIPlugin:80 - create IPUIPlugin
2025-08-28 00:15:14,600 [INFO] IPUIPlugin:80 - create IPUIPlugin
2025-08-28 00:15:14,600 [INFO] IPUIPlugin:80 - create IPUIPlugin
2025-08-28 00:15:14,600 [INFO] IPUIPlugin:80 - create IPUIPlugin
2025-08-28 00:15:14,600 [INFO] IPUIPlugin:80 - create IPUIPlugin
2025-08-28 00:15:14,600 [INFO] IPUIPlugin:80 - create IPUIPlugin
2025-08-28 00:15:14,600 [INFO] IPUIPlugin:80 - create IPUIPlugin
2025-08-28 00:15:14,600 [INFO] IPUIPlugin:80 - create IPUIPlugin
2025-08-28 00:15:14,600 [INFO] IPUIPlugin:80 - create IPUIPlugin
2025-08-28 00:15:14,600 [INFO] IPUIPlugin:80 - create IPUIPlugin
2025-08-28 00:15:14,600 [INFO] IPUIPlugin:80 - create IPUIPlugin
2025-08-28 00:15:14,600 [INFO] IPUIPlugin:80 - create IPUIPlugin
2025-08-28 00:15:14,600 [INFO] IPUIPlugin:80 - create IPUIPlugin
2025-08-28 00:15:14,600 [INFO] IPUIPlugin:80 - create IPUIPlugin
2025-08-28 00:15:14,601 [INFO] IPUIPlugin:80 - create IPUIPlugin
2025-08-28 00:15:14,601 [INFO] IPUIPlugin:80 - create IPUIPlugin
2025-08-28 00:15:14,601 [INFO] IPUIPlugin:80 - create IPUIPlugin
2025-08-28 00:15:14,601 [INFO] IPUIPlugin:80 - create IPUIPlugin
2025-08-28 00:15:14,601 [INFO] IPUIPlugin:80 - create IPUIPlugin
2025-08-28 00:15:14,601 [INFO] IPUIPlugin:80 - create IPUIPlugin
2025-08-28 00:15:14,601 [INFO] IPUIPlugin:80 - create IPUIPlugin
2025-08-28 00:15:14,601 [INFO] IPUIPlugin:80 - create IPUIPlugin
2025-08-28 00:15:14,601 [INFO] IPUIPlugin:80 - create IPUIPlugin
2025-08-28 00:15:14,601 [INFO] IPUIPlugin:80 - create IPUIPlugin
2025-08-28 00:15:14,602 [INFO] IPUIPlugin:80 - create IPUIPlugin
2025-08-28 00:15:14,602 [INFO] IPUIPlugin:80 - create IPUIPlugin
2025-08-28 00:15:14,602 [INFO] IPUIPlugin:80 - create IPUIPlugin
2025-08-28 00:15:14,602 [INFO] IPUIPlugin:80 - create IPUIPlugin
2025-08-28 00:15:14,602 [INFO] IPUIPlugin:80 - create IPUIPlugin
2025-08-28 00:15:14,602 [INFO] IPUIPlugin:80 - create IPUIPlugin
2025-08-28 00:15:14,603 [INFO] IPUIPlugin:80 - create IPUIPlugin
2025-08-28 00:15:14,603 [INFO] IPUIPlugin:80 - create IPUIPlugin
2025-08-28 00:15:14,603 [INFO] IPUIPlugin:80 - create IPUIPlugin
2025-08-28 00:15:14,603 [INFO] IPUIPlugin:80 - create IPUIPlugin
2025-08-28 00:15:14,603 [INFO] IPUIPlugin:80 - create IPUIPlugin
2025-08-28 00:15:14,603 [INFO] IPUIPlugin:80 - create IPUIPlugin
2025-08-28 00:15:14,603 [INFO] IPUIPlugin:80 - create IPUIPlugin
2025-08-28 00:15:14,603 [INFO] IPUIPlugin:80 - create IPUIPlugin
2025-08-28 00:15:14,604 [INFO] IPUIPlugin:80 - create IPUIPlugin
2025-08-28 00:15:14,604 [INFO] IPUIPlugin:80 - create IPUIPlugin
2025-08-28 00:15:14,604 [INFO] IPUIPlugin:80 - create IPUIPlugin
2025-08-28 00:15:14,604 [INFO] IPUIPlugin:80 - create IPUIPlugin
2025-08-28 00:15:14,605 [INFO] IPUIPlugin:80 - create IPUIPlugin
2025-08-28 00:15:14,605 [INFO] IPUIPlugin:80 - create IPUIPlugin
2025-08-28 00:15:14,605 [INFO] IPUIPlugin:80 - create IPUIPlugin
2025-08-28 00:15:14,605 [INFO] IPUIPlugin:80 - create IPUIPlugin
2025-08-28 00:15:14,605 [INFO] IPUIPlugin:80 - create IPUIPlugin
2025-08-28 00:15:14,605 [INFO] IPUIPlugin:80 - create IPUIPlugin
2025-08-28 00:15:14,605 [INFO] IPUIPlugin:80 - create IPUIPlugin
2025-08-28 00:15:14,606 [INFO] IPUIPlugin:80 - create IPUIPlugin
2025-08-28 00:15:14,606 [INFO] IPUIPlugin:80 - create IPUIPlugin
2025-08-28 00:15:14,606 [INFO] IPUIPlugin:80 - create IPUIPlugin
2025-08-28 00:15:14,606 [INFO] IPUIPlugin:80 - create IPUIPlugin
2025-08-28 00:15:14,606 [INFO] IPUIPlugin:80 - create IPUIPlugin
2025-08-28 00:15:14,607 [INFO] IPUIPlugin:80 - create IPUIPlugin
2025-08-28 00:15:14,607 [INFO] IPUIPlugin:80 - create IPUIPlugin
2025-08-28 00:15:14,607 [INFO] IPUIPlugin:80 - create IPUIPlugin
2025-08-28 00:15:14,607 [INFO] IPUIPlugin:80 - create IPUIPlugin
2025-08-28 00:15:14,607 [INFO] IPUIPlugin:80 - create IPUIPlugin
2025-08-28 00:15:14,607 [INFO] IPUIPlugin:80 - create IPUIPlugin
2025-08-28 00:15:14,608 [INFO] IPUIPlugin:80 - create IPUIPlugin
2025-08-28 00:15:14,608 [INFO] IPUIPlugin:80 - create IPUIPlugin
2025-08-28 00:15:14,608 [INFO] IPUIPlugin:80 - create IPUIPlugin
2025-08-28 00:15:14,608 [INFO] IPUIPlugin:80 - create IPUIPlugin
2025-08-28 00:15:14,609 [INFO] IPUIPlugin:80 - create IPUIPlugin
2025-08-28 00:15:14,609 [INFO] IPUIPlugin:80 - create IPUIPlugin
2025-08-28 00:15:14,609 [INFO] IPUIPlugin:80 - create IPUIPlugin
2025-08-28 00:15:14,609 [INFO] IPUIPlugin:80 - create IPUIPlugin
2025-08-28 00:15:14,610 [INFO] IPUIPlugin:80 - create IPUIPlugin
2025-08-28 00:15:14,610 [INFO] IPUIPlugin:80 - create IPUIPlugin
2025-08-28 00:15:14,610 [INFO] IPUIPlugin:80 - create IPUIPlugin
2025-08-28 00:15:14,611 [INFO] IPUIPlugin:80 - create IPUIPlugin
2025-08-28 00:15:14,611 [INFO] IPUIPlugin:80 - create IPUIPlugin
2025-08-28 00:15:14,611 [INFO] IPUIPlugin:80 - create IPUIPlugin
2025-08-28 00:15:14,612 [INFO] IPUIPlugin:80 - create IPUIPlugin
2025-08-28 00:15:14,612 [INFO] IPUIPlugin:80 - create IPUIPlugin
2025-08-28 00:15:14,612 [INFO] IPUIPlugin:80 - create IPUIPlugin
2025-08-28 00:15:14,612 [INFO] IPUIPlugin:80 - create IPUIPlugin
2025-08-28 00:15:14,613 [INFO] IPUIPlugin:80 - create IPUIPlugin
2025-08-28 00:15:14,613 [INFO] IPUIPlugin:80 - create IPUIPlugin
2025-08-28 00:15:14,613 [INFO] IPUIPlugin:80 - create IPUIPlugin
2025-08-28 00:15:14,614 [INFO] IPUIPlugin:80 - create IPUIPlugin
2025-08-28 00:15:14,614 [INFO] IPUIPlugin:80 - create IPUIPlugin
2025-08-28 00:15:14,614 [INFO] IPUIPlugin:80 - create IPUIPlugin
2025-08-28 00:15:14,614 [INFO] IPUIPlugin:80 - create IPUIPlugin
2025-08-28 00:15:14,615 [INFO] IPUIPlugin:80 - create IPUIPlugin
2025-08-28 00:15:14,615 [INFO] IPUIPlugin:80 - create IPUIPlugin
2025-08-28 00:15:14,615 [INFO] IPUIPlugin:80 - create IPUIPlugin
2025-08-28 00:15:14,616 [INFO] IPUIPlugin:80 - create IPUIPlugin
2025-08-28 00:15:14,616 [INFO] IPUIPlugin:80 - create IPUIPlugin
2025-08-28 00:15:14,617 [INFO] IPUIPlugin:80 - create IPUIPlugin
2025-08-28 00:15:14,617 [INFO] IPUIPlugin:80 - create IPUIPlugin
2025-08-28 00:15:14,617 [INFO] IPUIPlugin:80 - create IPUIPlugin
2025-08-28 00:15:14,618 [INFO] IPUIPlugin:80 - create IPUIPlugin
2025-08-28 00:15:14,618 [INFO] IPUIPlugin:80 - create IPUIPlugin
2025-08-28 00:15:14,618 [INFO] IPUIPlugin:80 - create IPUIPlugin
2025-08-28 00:15:14,619 [INFO] IPUIPlugin:80 - create IPUIPlugin
2025-08-28 00:15:14,619 [INFO] IPUIPlugin:80 - create IPUIPlugin
2025-08-28 00:15:14,620 [INFO] IPUIPlugin:80 - create IPUIPlugin
2025-08-28 00:15:14,620 [INFO] IPUIPlugin:80 - create IPUIPlugin
2025-08-28 00:15:14,620 [INFO] IPUIPlugin:80 - create IPUIPlugin
2025-08-28 00:15:14,621 [INFO] IPUIPlugin:80 - create IPUIPlugin
2025-08-28 00:15:14,623 [INFO] ApiDbMcu:532 - Load IP Config File for PDM2PCM_M7
2025-08-28 00:15:14,624 [INFO] ApiDbMcu:532 - Load IP Config File for PDM2PCM_M4
2025-08-28 00:15:14,641 [WARN] FreeRTOS:1023 - Null or empty value: should not occur! (nothing added to the table)
2025-08-28 00:15:14,645 [WARN] FreeRTOS:1023 - Null or empty value: should not occur! (nothing added to the table)
2025-08-28 00:15:14,699 [INFO] CADModel:165 - CPN selected for project levelSTM32H755ZIT6
2025-08-28 00:15:14,699 [INFO] CADModel:114 - Register for checkConnection events
2025-08-28 00:15:14,701 [INFO] RtosManager:728 - Active RTOS found at IOC load: FREERTOS_M7 [CortexM7]
2025-08-28 00:15:14,706 [INFO] RtosManager:728 - Active RTOS found at IOC load: FREERTOS_M4 [CortexM4]
2025-08-28 00:15:14,746 [INFO] OpenFileManager:386 - Restore cursor
2025-08-28 00:15:22,532 [INFO] ADCParametersView:116 -                Rank 1 : false
2025-08-28 00:15:22,532 [INFO] ADCParametersView:116 -                Rank 1 : false
2025-08-28 00:15:22,533 [INFO] ADCParametersView:116 -                Rank 2 : false
2025-08-28 00:15:22,533 [INFO] ADCParametersView:116 -                Rank 1 : false
2025-08-28 00:15:22,533 [INFO] ADCParametersView:116 -                Rank 2 : false
2025-08-28 00:15:22,533 [INFO] ADCParametersView:116 -                Rank 3 : false
2025-08-28 00:15:22,533 [INFO] ADCParametersView:116 -                Rank 1 : false
2025-08-28 00:15:22,533 [INFO] ADCParametersView:116 -                Rank 2 : false
2025-08-28 00:15:22,533 [INFO] ADCParametersView:116 -                Rank 3 : false
2025-08-28 00:15:22,534 [INFO] ADCParametersView:116 -                Rank 4 : false
2025-08-28 00:15:22,641 [INFO] ADCParametersView:116 -                Rank 1 : false
2025-08-28 00:15:22,641 [INFO] ADCParametersView:116 -                Rank 2 : false
2025-08-28 00:15:22,641 [INFO] ADCParametersView:116 -                Rank 3 : false
2025-08-28 00:15:22,641 [INFO] ADCParametersView:116 -                Rank 4 : false
2025-08-28 00:15:22,641 [INFO] ADCParametersView:116 -                Rank 1 : false
2025-08-28 00:15:22,641 [INFO] ADCParametersView:116 -                Rank 2 : false
2025-08-28 00:15:22,641 [INFO] ADCParametersView:116 -                Rank 3 : false
2025-08-28 00:15:22,641 [INFO] ADCParametersView:116 -                Rank 4 : false
2025-08-28 00:15:22,641 [INFO] ADCParametersView:116 -                Rank 1 : false
2025-08-28 00:15:22,641 [INFO] ADCParametersView:116 -                Rank 2 : false
2025-08-28 00:15:22,641 [INFO] ADCParametersView:116 -                Rank 3 : false
2025-08-28 00:15:22,641 [INFO] ADCParametersView:116 -                Rank 4 : false
2025-08-28 00:15:22,641 [INFO] ADCParametersView:116 -                Rank 1 : false
2025-08-28 00:15:22,641 [INFO] ADCParametersView:116 -                Rank 2 : false
2025-08-28 00:15:22,641 [INFO] ADCParametersView:116 -                Rank 3 : false
2025-08-28 00:15:22,641 [INFO] ADCParametersView:116 -                Rank 4 : false
2025-08-28 00:15:22,641 [INFO] ADCParametersView:116 -                Rank 1 : false
2025-08-28 00:15:22,641 [INFO] ADCParametersView:116 -                Rank 2 : false
2025-08-28 00:15:22,641 [INFO] ADCParametersView:116 -                Rank 3 : false
2025-08-28 00:15:22,641 [INFO] ADCParametersView:116 -                Rank 4 : false
2025-08-28 00:15:22,641 [INFO] ADCParametersView:116 -                Rank 1 : false
2025-08-28 00:15:22,641 [INFO] ADCParametersView:116 -                Rank 2 : false
2025-08-28 00:15:22,641 [INFO] ADCParametersView:116 -                Rank 3 : false
2025-08-28 00:15:22,641 [INFO] ADCParametersView:116 -                Rank 4 : false
2025-08-28 00:15:22,642 [INFO] ADCParametersView:116 -                Rank 1 : false
2025-08-28 00:15:22,642 [INFO] ADCParametersView:116 -                Rank 2 : false
2025-08-28 00:15:22,642 [INFO] ADCParametersView:116 -                Rank 3 : false
2025-08-28 00:15:22,642 [INFO] ADCParametersView:116 -                Rank 4 : false
2025-08-28 00:15:22,642 [INFO] ADCParametersView:116 -                Rank 1 : false
2025-08-28 00:15:22,642 [INFO] ADCParametersView:116 -                Rank 2 : false
2025-08-28 00:15:22,642 [INFO] ADCParametersView:116 -                Rank 3 : false
2025-08-28 00:15:22,642 [INFO] ADCParametersView:116 -                Rank 4 : false
2025-08-28 00:15:22,642 [INFO] ADCParametersView:116 -                Rank 1 : false
2025-08-28 00:15:22,642 [INFO] ADCParametersView:116 -                Rank 2 : false
2025-08-28 00:15:22,642 [INFO] ADCParametersView:116 -                Rank 3 : false
2025-08-28 00:15:22,642 [INFO] ADCParametersView:116 -                Rank 4 : false
2025-08-28 00:15:22,642 [INFO] ADCParametersView:116 -                Rank 1 : false
2025-08-28 00:15:22,642 [INFO] ADCParametersView:116 -                Rank 2 : false
2025-08-28 00:15:22,642 [INFO] ADCParametersView:116 -                Rank 3 : false
2025-08-28 00:15:22,642 [INFO] ADCParametersView:116 -                Rank 4 : false
2025-08-28 00:15:22,642 [INFO] ADCParametersView:116 -                Rank 1 : false
2025-08-28 00:15:22,643 [INFO] ADCParametersView:116 -                Rank 2 : false
2025-08-28 00:15:22,643 [INFO] ADCParametersView:116 -                Rank 3 : false
2025-08-28 00:15:22,643 [INFO] ADCParametersView:116 -                Rank 4 : false
2025-08-28 00:15:22,643 [INFO] ADCParametersView:116 -                Rank 1 : false
2025-08-28 00:15:22,643 [INFO] ADCParametersView:116 -                Rank 2 : false
2025-08-28 00:15:22,643 [INFO] ADCParametersView:116 -                Rank 3 : false
2025-08-28 00:15:22,643 [INFO] ADCParametersView:116 -                Rank 4 : false
2025-08-28 00:15:22,643 [INFO] ADCParametersView:116 -                Rank 1 : false
2025-08-28 00:15:22,643 [INFO] ADCParametersView:116 -                Rank 2 : false
2025-08-28 00:15:22,643 [INFO] ADCParametersView:116 -                Rank 3 : false
2025-08-28 00:15:22,643 [INFO] ADCParametersView:116 -                Rank 4 : false
2025-08-28 00:15:22,643 [INFO] ADCParametersView:116 -                Rank 1 : false
2025-08-28 00:15:22,643 [INFO] ADCParametersView:116 -                Rank 2 : false
2025-08-28 00:15:22,643 [INFO] ADCParametersView:116 -                Rank 3 : false
2025-08-28 00:15:22,643 [INFO] ADCParametersView:116 -                Rank 4 : false
2025-08-28 00:15:22,643 [INFO] ADCParametersView:116 -                Rank 1 : false
2025-08-28 00:15:22,643 [INFO] ADCParametersView:116 -                Rank 2 : false
2025-08-28 00:15:22,643 [INFO] ADCParametersView:116 -                Rank 3 : false
2025-08-28 00:15:22,643 [INFO] ADCParametersView:116 -                Rank 4 : false
2025-08-28 00:15:22,643 [INFO] ADCParametersView:116 -                Rank 1 : false
2025-08-28 00:15:22,643 [INFO] ADCParametersView:116 -                Rank 2 : false
2025-08-28 00:15:22,643 [INFO] ADCParametersView:116 -                Rank 3 : false
2025-08-28 00:15:22,643 [INFO] ADCParametersView:116 -                Rank 4 : false
2025-08-28 00:15:22,643 [INFO] ADCParametersView:116 -                Rank 1 : false
2025-08-28 00:15:22,643 [INFO] ADCParametersView:116 -                Rank 2 : false
2025-08-28 00:15:22,643 [INFO] ADCParametersView:116 -                Rank 3 : false
2025-08-28 00:15:22,643 [INFO] ADCParametersView:116 -                Rank 4 : false
2025-08-28 00:15:22,643 [INFO] ADCParametersView:116 -                Rank 1 : false
2025-08-28 00:15:22,643 [INFO] ADCParametersView:116 -                Rank 2 : false
2025-08-28 00:15:22,643 [INFO] ADCParametersView:116 -                Rank 3 : false
2025-08-28 00:15:22,643 [INFO] ADCParametersView:116 -                Rank 4 : false
2025-08-28 00:15:22,643 [INFO] ADCParametersView:116 -                Rank 1 : false
2025-08-28 00:15:22,643 [INFO] ADCParametersView:116 -                Rank 2 : false
2025-08-28 00:15:22,643 [INFO] ADCParametersView:116 -                Rank 3 : false
2025-08-28 00:15:22,643 [INFO] ADCParametersView:116 -                Rank 4 : false
2025-08-28 00:15:22,643 [INFO] ADCParametersView:116 -                Rank 1 : false
2025-08-28 00:15:22,643 [INFO] ADCParametersView:116 -                Rank 2 : false
2025-08-28 00:15:22,643 [INFO] ADCParametersView:116 -                Rank 3 : false
2025-08-28 00:15:22,643 [INFO] ADCParametersView:116 -                Rank 4 : false
2025-08-28 00:15:22,643 [INFO] ADCParametersView:116 -                Rank 1 : false
2025-08-28 00:15:22,643 [INFO] ADCParametersView:116 -                Rank 2 : false
2025-08-28 00:15:22,643 [INFO] ADCParametersView:116 -                Rank 3 : false
2025-08-28 00:15:22,643 [INFO] ADCParametersView:116 -                Rank 4 : false
2025-08-28 00:15:22,643 [INFO] ADCParametersView:116 -                Rank 1 : false
2025-08-28 00:15:22,643 [INFO] ADCParametersView:116 -                Rank 2 : false
2025-08-28 00:15:22,643 [INFO] ADCParametersView:116 -                Rank 3 : false
2025-08-28 00:15:22,643 [INFO] ADCParametersView:116 -                Rank 4 : false
2025-08-28 00:15:22,643 [INFO] ADCParametersView:116 -                Rank 1 : false
2025-08-28 00:15:22,643 [INFO] ADCParametersView:116 -                Rank 2 : false
2025-08-28 00:15:22,643 [INFO] ADCParametersView:116 -                Rank 3 : false
2025-08-28 00:15:22,643 [INFO] ADCParametersView:116 -                Rank 4 : false
2025-08-28 00:15:22,643 [INFO] ADCParametersView:116 -                Rank 2 : false
2025-08-28 00:15:22,644 [INFO] ADCParametersView:116 -                Rank 3 : false
2025-08-28 00:15:22,644 [INFO] ADCParametersView:116 -                Rank 4 : false
2025-08-28 00:15:22,644 [INFO] ADCParametersView:116 -                Rank 3 : false
2025-08-28 00:15:22,644 [INFO] ADCParametersView:116 -                Rank 4 : false
2025-08-28 00:15:22,644 [INFO] ADCParametersView:116 -                Rank 4 : false
2025-08-28 00:15:22,738 [INFO] ADCParametersView:116 -                Rank 1 : false
2025-08-28 00:15:22,738 [INFO] ADCParametersView:116 -                Rank 1 : false
2025-08-28 00:15:22,738 [INFO] ADCParametersView:116 -                Rank 2 : false
2025-08-28 00:15:22,738 [INFO] ADCParametersView:116 -                Rank 1 : false
2025-08-28 00:15:22,738 [INFO] ADCParametersView:116 -                Rank 2 : false
2025-08-28 00:15:22,738 [INFO] ADCParametersView:116 -                Rank 3 : false
2025-08-28 00:15:22,739 [INFO] ADCParametersView:116 -                Rank 1 : false
2025-08-28 00:15:22,739 [INFO] ADCParametersView:116 -                Rank 2 : false
2025-08-28 00:15:22,739 [INFO] ADCParametersView:116 -                Rank 3 : false
2025-08-28 00:15:22,739 [INFO] ADCParametersView:116 -                Rank 4 : false
2025-08-28 00:15:28,308 [INFO] NvicIntPanel:101 - NVIC parent = com.st.microxplorer.plugins.ip.nvic.MultiNvicIntPanel[,0,0,0x0,invalid,layout=javax.swing.BoxLayout,alignmentX=0.0,alignmentY=0.0,border=,flags=9,maximumSize=,minimumSize=,preferredSize=]
2025-08-28 00:15:32,692 [INFO] NvicIntPanel:101 - NVIC parent = com.st.microxplorer.plugins.ip.nvic.MultiNvicIntPanel[,0,0,0x0,invalid,layout=javax.swing.BoxLayout,alignmentX=0.0,alignmentY=0.0,border=,flags=9,maximumSize=,minimumSize=,preferredSize=]
2025-08-28 00:15:32,837 [INFO] ADCParametersView:116 -                Rank 1 : false
2025-08-28 00:15:32,838 [INFO] ADCParametersView:116 -                Rank 2 : false
2025-08-28 00:15:32,838 [INFO] ADCParametersView:116 -                Rank 3 : false
2025-08-28 00:15:32,838 [INFO] ADCParametersView:116 -                Rank 4 : false
2025-08-28 00:15:32,838 [INFO] ADCParametersView:116 -                Rank 1 : false
2025-08-28 00:15:32,838 [INFO] ADCParametersView:116 -                Rank 2 : false
2025-08-28 00:15:32,838 [INFO] ADCParametersView:116 -                Rank 3 : false
2025-08-28 00:15:32,838 [INFO] ADCParametersView:116 -                Rank 4 : false
2025-08-28 00:15:32,838 [INFO] ADCParametersView:116 -                Rank 1 : false
2025-08-28 00:15:32,838 [INFO] ADCParametersView:116 -                Rank 2 : false
2025-08-28 00:15:32,838 [INFO] ADCParametersView:116 -                Rank 3 : false
2025-08-28 00:15:32,838 [INFO] ADCParametersView:116 -                Rank 4 : false
2025-08-28 00:15:32,838 [INFO] ADCParametersView:116 -                Rank 1 : false
2025-08-28 00:15:32,838 [INFO] ADCParametersView:116 -                Rank 2 : false
2025-08-28 00:15:32,838 [INFO] ADCParametersView:116 -                Rank 3 : false
2025-08-28 00:15:32,838 [INFO] ADCParametersView:116 -                Rank 4 : false
2025-08-28 00:15:32,838 [INFO] ADCParametersView:116 -                Rank 1 : false
2025-08-28 00:15:32,838 [INFO] ADCParametersView:116 -                Rank 2 : false
2025-08-28 00:15:32,838 [INFO] ADCParametersView:116 -                Rank 3 : false
2025-08-28 00:15:32,838 [INFO] ADCParametersView:116 -                Rank 4 : false
2025-08-28 00:15:32,838 [INFO] ADCParametersView:116 -                Rank 1 : false
2025-08-28 00:15:32,838 [INFO] ADCParametersView:116 -                Rank 2 : false
2025-08-28 00:15:32,838 [INFO] ADCParametersView:116 -                Rank 3 : false
2025-08-28 00:15:32,838 [INFO] ADCParametersView:116 -                Rank 4 : false
2025-08-28 00:15:32,838 [INFO] ADCParametersView:116 -                Rank 1 : false
2025-08-28 00:15:32,838 [INFO] ADCParametersView:116 -                Rank 2 : false
2025-08-28 00:15:32,838 [INFO] ADCParametersView:116 -                Rank 3 : false
2025-08-28 00:15:32,838 [INFO] ADCParametersView:116 -                Rank 4 : false
2025-08-28 00:15:32,838 [INFO] ADCParametersView:116 -                Rank 1 : false
2025-08-28 00:15:32,838 [INFO] ADCParametersView:116 -                Rank 2 : false
2025-08-28 00:15:32,838 [INFO] ADCParametersView:116 -                Rank 3 : false
2025-08-28 00:15:32,838 [INFO] ADCParametersView:116 -                Rank 4 : false
2025-08-28 00:15:32,838 [INFO] ADCParametersView:116 -                Rank 1 : false
2025-08-28 00:15:32,838 [INFO] ADCParametersView:116 -                Rank 2 : false
2025-08-28 00:15:32,838 [INFO] ADCParametersView:116 -                Rank 3 : false
2025-08-28 00:15:32,838 [INFO] ADCParametersView:116 -                Rank 4 : false
2025-08-28 00:15:32,838 [INFO] ADCParametersView:116 -                Rank 1 : false
2025-08-28 00:15:32,838 [INFO] ADCParametersView:116 -                Rank 2 : false
2025-08-28 00:15:32,838 [INFO] ADCParametersView:116 -                Rank 3 : false
2025-08-28 00:15:32,838 [INFO] ADCParametersView:116 -                Rank 4 : false
2025-08-28 00:15:32,839 [INFO] ADCParametersView:116 -                Rank 1 : false
2025-08-28 00:15:32,839 [INFO] ADCParametersView:116 -                Rank 2 : false
2025-08-28 00:15:32,839 [INFO] ADCParametersView:116 -                Rank 3 : false
2025-08-28 00:15:32,839 [INFO] ADCParametersView:116 -                Rank 4 : false
2025-08-28 00:15:32,839 [INFO] ADCParametersView:116 -                Rank 1 : false
2025-08-28 00:15:32,839 [INFO] ADCParametersView:116 -                Rank 2 : false
2025-08-28 00:15:32,839 [INFO] ADCParametersView:116 -                Rank 3 : false
2025-08-28 00:15:32,839 [INFO] ADCParametersView:116 -                Rank 4 : false
2025-08-28 00:15:32,839 [INFO] ADCParametersView:116 -                Rank 1 : false
2025-08-28 00:15:32,839 [INFO] ADCParametersView:116 -                Rank 2 : false
2025-08-28 00:15:32,839 [INFO] ADCParametersView:116 -                Rank 3 : false
2025-08-28 00:15:32,839 [INFO] ADCParametersView:116 -                Rank 4 : false
2025-08-28 00:15:32,839 [INFO] ADCParametersView:116 -                Rank 1 : false
2025-08-28 00:15:32,839 [INFO] ADCParametersView:116 -                Rank 2 : false
2025-08-28 00:15:32,839 [INFO] ADCParametersView:116 -                Rank 3 : false
2025-08-28 00:15:32,839 [INFO] ADCParametersView:116 -                Rank 4 : false
2025-08-28 00:15:32,839 [INFO] ADCParametersView:116 -                Rank 1 : false
2025-08-28 00:15:32,839 [INFO] ADCParametersView:116 -                Rank 2 : false
2025-08-28 00:15:32,839 [INFO] ADCParametersView:116 -                Rank 3 : false
2025-08-28 00:15:32,839 [INFO] ADCParametersView:116 -                Rank 4 : false
2025-08-28 00:15:32,839 [INFO] ADCParametersView:116 -                Rank 1 : false
2025-08-28 00:15:32,839 [INFO] ADCParametersView:116 -                Rank 2 : false
2025-08-28 00:15:32,839 [INFO] ADCParametersView:116 -                Rank 3 : false
2025-08-28 00:15:32,839 [INFO] ADCParametersView:116 -                Rank 4 : false
2025-08-28 00:15:32,839 [INFO] ADCParametersView:116 -                Rank 1 : false
2025-08-28 00:15:32,839 [INFO] ADCParametersView:116 -                Rank 2 : false
2025-08-28 00:15:32,839 [INFO] ADCParametersView:116 -                Rank 3 : false
2025-08-28 00:15:32,839 [INFO] ADCParametersView:116 -                Rank 4 : false
2025-08-28 00:15:32,839 [INFO] ADCParametersView:116 -                Rank 1 : false
2025-08-28 00:15:32,839 [INFO] ADCParametersView:116 -                Rank 2 : false
2025-08-28 00:15:32,839 [INFO] ADCParametersView:116 -                Rank 3 : false
2025-08-28 00:15:32,839 [INFO] ADCParametersView:116 -                Rank 4 : false
2025-08-28 00:15:32,839 [INFO] ADCParametersView:116 -                Rank 1 : false
2025-08-28 00:15:32,839 [INFO] ADCParametersView:116 -                Rank 2 : false
2025-08-28 00:15:32,839 [INFO] ADCParametersView:116 -                Rank 3 : false
2025-08-28 00:15:32,839 [INFO] ADCParametersView:116 -                Rank 4 : false
2025-08-28 00:15:32,839 [INFO] ADCParametersView:116 -                Rank 1 : false
2025-08-28 00:15:32,839 [INFO] ADCParametersView:116 -                Rank 2 : false
2025-08-28 00:15:32,839 [INFO] ADCParametersView:116 -                Rank 3 : false
2025-08-28 00:15:32,839 [INFO] ADCParametersView:116 -                Rank 4 : false
2025-08-28 00:15:32,839 [INFO] ADCParametersView:116 -                Rank 1 : false
2025-08-28 00:15:32,839 [INFO] ADCParametersView:116 -                Rank 2 : false
2025-08-28 00:15:32,839 [INFO] ADCParametersView:116 -                Rank 3 : false
2025-08-28 00:15:32,839 [INFO] ADCParametersView:116 -                Rank 4 : false
2025-08-28 00:15:32,839 [INFO] ADCParametersView:116 -                Rank 1 : false
2025-08-28 00:15:32,839 [INFO] ADCParametersView:116 -                Rank 2 : false
2025-08-28 00:15:32,839 [INFO] ADCParametersView:116 -                Rank 3 : false
2025-08-28 00:15:32,839 [INFO] ADCParametersView:116 -                Rank 4 : false
2025-08-28 00:15:32,839 [INFO] ADCParametersView:116 -                Rank 1 : false
2025-08-28 00:15:32,839 [INFO] ADCParametersView:116 -                Rank 2 : false
2025-08-28 00:15:32,839 [INFO] ADCParametersView:116 -                Rank 3 : false
2025-08-28 00:15:32,839 [INFO] ADCParametersView:116 -                Rank 4 : false
2025-08-28 00:15:32,839 [INFO] ADCParametersView:116 -                Rank 2 : false
2025-08-28 00:15:32,839 [INFO] ADCParametersView:116 -                Rank 3 : false
2025-08-28 00:15:32,839 [INFO] ADCParametersView:116 -                Rank 4 : false
2025-08-28 00:15:32,839 [INFO] ADCParametersView:116 -                Rank 3 : false
2025-08-28 00:15:32,839 [INFO] ADCParametersView:116 -                Rank 4 : false
2025-08-28 00:15:32,839 [INFO] ADCParametersView:116 -                Rank 4 : false
2025-08-28 00:15:32,851 [INFO] ADCParametersView:116 -                Rank 1 : false
2025-08-28 00:15:32,851 [INFO] ADCParametersView:116 -                Rank 1 : false
2025-08-28 00:15:32,851 [INFO] ADCParametersView:116 -                Rank 2 : false
2025-08-28 00:15:32,851 [INFO] ADCParametersView:116 -                Rank 1 : false
2025-08-28 00:15:32,851 [INFO] ADCParametersView:116 -                Rank 2 : false
2025-08-28 00:15:32,851 [INFO] ADCParametersView:116 -                Rank 3 : false
2025-08-28 00:15:32,851 [INFO] ADCParametersView:116 -                Rank 1 : false
2025-08-28 00:15:32,851 [INFO] ADCParametersView:116 -                Rank 2 : false
2025-08-28 00:15:32,851 [INFO] ADCParametersView:116 -                Rank 3 : false
2025-08-28 00:15:32,851 [INFO] ADCParametersView:116 -                Rank 4 : false
2025-08-28 00:15:32,880 [INFO] ADCParametersView:116 -                Rank 1 : false
2025-08-28 00:15:32,880 [INFO] ADCParametersView:116 -                Rank 2 : false
2025-08-28 00:15:32,880 [INFO] ADCParametersView:116 -                Rank 3 : false
2025-08-28 00:15:32,880 [INFO] ADCParametersView:116 -                Rank 4 : false
2025-08-28 00:15:32,880 [INFO] ADCParametersView:116 -                Rank 1 : false
2025-08-28 00:15:32,880 [INFO] ADCParametersView:116 -                Rank 2 : false
2025-08-28 00:15:32,880 [INFO] ADCParametersView:116 -                Rank 3 : false
2025-08-28 00:15:32,880 [INFO] ADCParametersView:116 -                Rank 4 : false
2025-08-28 00:15:32,880 [INFO] ADCParametersView:116 -                Rank 1 : false
2025-08-28 00:15:32,880 [INFO] ADCParametersView:116 -                Rank 2 : false
2025-08-28 00:15:32,880 [INFO] ADCParametersView:116 -                Rank 3 : false
2025-08-28 00:15:32,880 [INFO] ADCParametersView:116 -                Rank 4 : false
2025-08-28 00:15:32,881 [INFO] ADCParametersView:116 -                Rank 1 : false
2025-08-28 00:15:32,881 [INFO] ADCParametersView:116 -                Rank 2 : false
2025-08-28 00:15:32,881 [INFO] ADCParametersView:116 -                Rank 3 : false
2025-08-28 00:15:32,881 [INFO] ADCParametersView:116 -                Rank 4 : false
2025-08-28 00:15:32,881 [INFO] ADCParametersView:116 -                Rank 1 : false
2025-08-28 00:15:32,881 [INFO] ADCParametersView:116 -                Rank 2 : false
2025-08-28 00:15:32,881 [INFO] ADCParametersView:116 -                Rank 3 : false
2025-08-28 00:15:32,881 [INFO] ADCParametersView:116 -                Rank 4 : false
2025-08-28 00:15:32,881 [INFO] ADCParametersView:116 -                Rank 1 : false
2025-08-28 00:15:32,881 [INFO] ADCParametersView:116 -                Rank 2 : false
2025-08-28 00:15:32,881 [INFO] ADCParametersView:116 -                Rank 3 : false
2025-08-28 00:15:32,881 [INFO] ADCParametersView:116 -                Rank 4 : false
2025-08-28 00:15:32,881 [INFO] ADCParametersView:116 -                Rank 1 : false
2025-08-28 00:15:32,881 [INFO] ADCParametersView:116 -                Rank 2 : false
2025-08-28 00:15:32,881 [INFO] ADCParametersView:116 -                Rank 3 : false
2025-08-28 00:15:32,881 [INFO] ADCParametersView:116 -                Rank 4 : false
2025-08-28 00:15:32,881 [INFO] ADCParametersView:116 -                Rank 1 : false
2025-08-28 00:15:32,881 [INFO] ADCParametersView:116 -                Rank 2 : false
2025-08-28 00:15:32,881 [INFO] ADCParametersView:116 -                Rank 3 : false
2025-08-28 00:15:32,881 [INFO] ADCParametersView:116 -                Rank 4 : false
2025-08-28 00:15:32,881 [INFO] ADCParametersView:116 -                Rank 1 : false
2025-08-28 00:15:32,881 [INFO] ADCParametersView:116 -                Rank 2 : false
2025-08-28 00:15:32,881 [INFO] ADCParametersView:116 -                Rank 3 : false
2025-08-28 00:15:32,881 [INFO] ADCParametersView:116 -                Rank 4 : false
2025-08-28 00:15:32,881 [INFO] ADCParametersView:116 -                Rank 1 : false
2025-08-28 00:15:32,881 [INFO] ADCParametersView:116 -                Rank 2 : false
2025-08-28 00:15:32,881 [INFO] ADCParametersView:116 -                Rank 3 : false
2025-08-28 00:15:32,881 [INFO] ADCParametersView:116 -                Rank 4 : false
2025-08-28 00:15:32,881 [INFO] ADCParametersView:116 -                Rank 1 : false
2025-08-28 00:15:32,881 [INFO] ADCParametersView:116 -                Rank 2 : false
2025-08-28 00:15:32,881 [INFO] ADCParametersView:116 -                Rank 3 : false
2025-08-28 00:15:32,881 [INFO] ADCParametersView:116 -                Rank 4 : false
2025-08-28 00:15:32,881 [INFO] ADCParametersView:116 -                Rank 1 : false
2025-08-28 00:15:32,881 [INFO] ADCParametersView:116 -                Rank 2 : false
2025-08-28 00:15:32,881 [INFO] ADCParametersView:116 -                Rank 3 : false
2025-08-28 00:15:32,881 [INFO] ADCParametersView:116 -                Rank 4 : false
2025-08-28 00:15:32,881 [INFO] ADCParametersView:116 -                Rank 1 : false
2025-08-28 00:15:32,881 [INFO] ADCParametersView:116 -                Rank 2 : false
2025-08-28 00:15:32,881 [INFO] ADCParametersView:116 -                Rank 3 : false
2025-08-28 00:15:32,881 [INFO] ADCParametersView:116 -                Rank 4 : false
2025-08-28 00:15:32,881 [INFO] ADCParametersView:116 -                Rank 1 : false
2025-08-28 00:15:32,881 [INFO] ADCParametersView:116 -                Rank 2 : false
2025-08-28 00:15:32,881 [INFO] ADCParametersView:116 -                Rank 3 : false
2025-08-28 00:15:32,881 [INFO] ADCParametersView:116 -                Rank 4 : false
2025-08-28 00:15:32,881 [INFO] ADCParametersView:116 -                Rank 1 : false
2025-08-28 00:15:32,881 [INFO] ADCParametersView:116 -                Rank 2 : false
2025-08-28 00:15:32,881 [INFO] ADCParametersView:116 -                Rank 3 : false
2025-08-28 00:15:32,881 [INFO] ADCParametersView:116 -                Rank 4 : false
2025-08-28 00:15:32,881 [INFO] ADCParametersView:116 -                Rank 1 : false
2025-08-28 00:15:32,881 [INFO] ADCParametersView:116 -                Rank 2 : false
2025-08-28 00:15:32,881 [INFO] ADCParametersView:116 -                Rank 3 : false
2025-08-28 00:15:32,881 [INFO] ADCParametersView:116 -                Rank 4 : false
2025-08-28 00:15:32,881 [INFO] ADCParametersView:116 -                Rank 1 : false
2025-08-28 00:15:32,881 [INFO] ADCParametersView:116 -                Rank 2 : false
2025-08-28 00:15:32,881 [INFO] ADCParametersView:116 -                Rank 3 : false
2025-08-28 00:15:32,881 [INFO] ADCParametersView:116 -                Rank 4 : false
2025-08-28 00:15:32,881 [INFO] ADCParametersView:116 -                Rank 1 : false
2025-08-28 00:15:32,881 [INFO] ADCParametersView:116 -                Rank 2 : false
2025-08-28 00:15:32,881 [INFO] ADCParametersView:116 -                Rank 3 : false
2025-08-28 00:15:32,881 [INFO] ADCParametersView:116 -                Rank 4 : false
2025-08-28 00:15:32,881 [INFO] ADCParametersView:116 -                Rank 1 : false
2025-08-28 00:15:32,881 [INFO] ADCParametersView:116 -                Rank 2 : false
2025-08-28 00:15:32,881 [INFO] ADCParametersView:116 -                Rank 3 : false
2025-08-28 00:15:32,881 [INFO] ADCParametersView:116 -                Rank 4 : false
2025-08-28 00:15:32,881 [INFO] ADCParametersView:116 -                Rank 1 : false
2025-08-28 00:15:32,882 [INFO] ADCParametersView:116 -                Rank 2 : false
2025-08-28 00:15:32,882 [INFO] ADCParametersView:116 -                Rank 3 : false
2025-08-28 00:15:32,882 [INFO] ADCParametersView:116 -                Rank 4 : false
2025-08-28 00:15:32,882 [INFO] ADCParametersView:116 -                Rank 1 : false
2025-08-28 00:15:32,882 [INFO] ADCParametersView:116 -                Rank 2 : false
2025-08-28 00:15:32,882 [INFO] ADCParametersView:116 -                Rank 3 : false
2025-08-28 00:15:32,882 [INFO] ADCParametersView:116 -                Rank 4 : false
2025-08-28 00:15:32,882 [INFO] ADCParametersView:116 -                Rank 1 : false
2025-08-28 00:15:32,882 [INFO] ADCParametersView:116 -                Rank 2 : false
2025-08-28 00:15:32,882 [INFO] ADCParametersView:116 -                Rank 3 : false
2025-08-28 00:15:32,882 [INFO] ADCParametersView:116 -                Rank 4 : false
2025-08-28 00:15:32,882 [INFO] ADCParametersView:116 -                Rank 1 : false
2025-08-28 00:15:32,882 [INFO] ADCParametersView:116 -                Rank 2 : false
2025-08-28 00:15:32,882 [INFO] ADCParametersView:116 -                Rank 3 : false
2025-08-28 00:15:32,882 [INFO] ADCParametersView:116 -                Rank 4 : false
2025-08-28 00:15:32,882 [INFO] ADCParametersView:116 -                Rank 2 : false
2025-08-28 00:15:32,882 [INFO] ADCParametersView:116 -                Rank 3 : false
2025-08-28 00:15:32,882 [INFO] ADCParametersView:116 -                Rank 4 : false
2025-08-28 00:15:32,882 [INFO] ADCParametersView:116 -                Rank 3 : false
2025-08-28 00:15:32,882 [INFO] ADCParametersView:116 -                Rank 4 : false
2025-08-28 00:15:32,882 [INFO] ADCParametersView:116 -                Rank 4 : false
2025-08-28 00:15:32,891 [INFO] ADCParametersView:116 -                Rank 1 : false
2025-08-28 00:15:32,891 [INFO] ADCParametersView:116 -                Rank 1 : false
2025-08-28 00:15:32,891 [INFO] ADCParametersView:116 -                Rank 2 : false
2025-08-28 00:15:32,892 [INFO] ADCParametersView:116 -                Rank 1 : false
2025-08-28 00:15:32,892 [INFO] ADCParametersView:116 -                Rank 2 : false
2025-08-28 00:15:32,892 [INFO] ADCParametersView:116 -                Rank 3 : false
2025-08-28 00:15:32,892 [INFO] ADCParametersView:116 -                Rank 1 : false
2025-08-28 00:15:32,892 [INFO] ADCParametersView:116 -                Rank 2 : false
2025-08-28 00:15:32,892 [INFO] ADCParametersView:116 -                Rank 3 : false
2025-08-28 00:15:32,892 [INFO] ADCParametersView:116 -                Rank 4 : false
2025-08-28 00:15:39,490 [INFO] NvicIntPanel:101 - NVIC parent = com.st.microxplorer.plugins.ip.nvic.MultiNvicIntPanel[,0,0,0x0,invalid,layout=javax.swing.BoxLayout,alignmentX=0.0,alignmentY=0.0,border=,flags=9,maximumSize=,minimumSize=,preferredSize=]
2025-08-28 00:15:41,018 [INFO] UtilMem:75 - End SaveConfig() Used Memory: 873625808 Bytes (1073741824)
2025-08-28 00:15:41,141 [INFO] UtilMem:75 - End SaveConfig() Used Memory: 897309816 Bytes (1073741824)
2025-08-28 00:15:41,837 [INFO] UtilMem:75 - End SaveConfig() Used Memory: 942843144 Bytes (1073741824)
2025-08-28 00:15:42,883 [ERROR] IocParser:95 - Exception caught: Cannot invoke "java.lang.CharSequence.length()" because "this.text" is null
2025-08-28 00:15:43,171 [INFO] BlockDiagram:2775 - set Specific Code input for plugin: FREERTOS
2025-08-28 00:15:43,171 [INFO] BlockDiagram:2775 - set Specific Code input for plugin: FREERTOS
2025-08-28 00:15:43,171 [INFO] BlockDiagram:2775 - set Specific Code input for plugin: RCC
2025-08-28 00:15:43,171 [INFO] BlockDiagram:2775 - set Specific Code input for plugin: I2C
2025-08-28 00:15:43,171 [INFO] BlockDiagram:2775 - set Specific Code input for plugin: USART
2025-08-28 00:15:43,171 [INFO] BlockDiagram:2775 - set Specific Code input for plugin: MEMORYMAP
2025-08-28 00:15:43,171 [INFO] BlockDiagram:2775 - set Specific Code input for plugin: TIM6_7H7
2025-08-28 00:15:43,171 [INFO] BlockDiagram:2775 - set Specific Code input for plugin: TIM1_8H7
2025-08-28 00:15:43,171 [INFO] BlockDiagram:2775 - set Specific Code input for plugin: SYS
2025-08-28 00:15:43,171 [INFO] BlockDiagram:2775 - set Specific Code input for plugin: ADC
2025-08-28 00:15:43,171 [INFO] BlockDiagram:2775 - set Specific Code input for plugin: ADC
2025-08-28 00:15:43,171 [INFO] BlockDiagram:2775 - set Specific Code input for plugin: DMA
2025-08-28 00:15:43,171 [INFO] BlockDiagram:2775 - set Specific Code input for plugin: NVIC2
2025-08-28 00:15:43,171 [INFO] BlockDiagram:2775 - set Specific Code input for plugin: UART
2025-08-28 00:15:43,171 [INFO] BlockDiagram:2775 - set Specific Code input for plugin: UART
2025-08-28 00:15:43,172 [INFO] BlockDiagram:2775 - set Specific Code input for plugin: GPIO
2025-08-28 00:15:43,172 [INFO] BlockDiagram:2775 - set Specific Code input for plugin: SYS_M4
2025-08-28 00:15:43,172 [INFO] BlockDiagram:2775 - set Specific Code input for plugin: NUCLEO-H755ZI-Q
2025-08-28 00:15:43,172 [INFO] BlockDiagram:2775 - set Specific Code input for plugin: NVIC1
2025-08-28 00:15:43,172 [INFO] CodeGenerator:892 - code generatio: config db path: C:\ST\STM32CubeIDE_1.19.0\STM32CubeIDE\plugins\com.st.stm32cube.common.mx_6.15.0.202507011659\\db\
2025-08-28 00:15:43,259 [ERROR] CodeGenerator:10662 - The current RTOS owner has not been found in the list of IPs
2025-08-28 00:15:43,259 [ERROR] CodeGenerator:10662 - The current RTOS owner has not been found in the list of IPs
2025-08-28 00:15:43,260 [INFO] CodeGenerator:1619 - *******************Project context M7 selected
2025-08-28 00:15:43,332 [INFO] CodeEngine:265 - oldGeneratedFile, C:\Users\nicks\STM32CubeIDE\workspace_1.19.0\AFR\AFR\MXTmpFiles\license.tmp_save
2025-08-28 00:15:43,489 [INFO] CodeEngine:289 - Generated code: C:\Users\nicks\STM32CubeIDE\workspace_1.19.0\AFR\AFR\MXTmpFiles\license.tmp
2025-08-28 00:15:43,555 [INFO] CodeEngine:265 - oldGeneratedFile, C:\Users\nicks\STM32CubeIDE\workspace_1.19.0\AFR\AFR\CM7\MXTmpFiles\gpio.tmp_save
2025-08-28 00:15:43,648 [INFO] CodeEngine:289 - Generated code: C:\Users\nicks\STM32CubeIDE\workspace_1.19.0\AFR\AFR\CM7\MXTmpFiles\gpio.tmp
2025-08-28 00:15:43,830 [WARN] IPConfigManager:103 - WARNING: Missing Config File for MEMORYMAP ip!!
2025-08-28 00:15:43,938 [WARN] IPConfigManager:103 - WARNING: Missing Config File for NVIC1 ip!!
2025-08-28 00:15:44,070 [ERROR] CodeGenerator:10662 - The current RTOS owner has not been found in the list of IPs
2025-08-28 00:15:44,077 [INFO] CodeEngine:265 - oldGeneratedFile, C:\Users\nicks\STM32CubeIDE\workspace_1.19.0\AFR\AFR\CM7\MXTmpFiles\cortex.tmp_save
2025-08-28 00:15:44,128 [INFO] CodeEngine:289 - Generated code: C:\Users\nicks\STM32CubeIDE\workspace_1.19.0\AFR\AFR\CM7\MXTmpFiles\cortex.tmp
2025-08-28 00:15:44,154 [INFO] CodeEngine:265 - oldGeneratedFile, C:\Users\nicks\STM32CubeIDE\workspace_1.19.0\AFR\AFR\CM7\MXTmpFiles\dma.tmp_save
2025-08-28 00:15:44,203 [INFO] CodeEngine:289 - Generated code: C:\Users\nicks\STM32CubeIDE\workspace_1.19.0\AFR\AFR\CM7\MXTmpFiles\dma.tmp
2025-08-28 00:15:44,208 [INFO] CodeEngine:265 - oldGeneratedFile, C:\Users\nicks\STM32CubeIDE\workspace_1.19.0\AFR\AFR\CM7\MXTmpFiles\dma_GV.tmp_save
2025-08-28 00:15:44,252 [INFO] CodeEngine:289 - Generated code: C:\Users\nicks\STM32CubeIDE\workspace_1.19.0\AFR\AFR\CM7\MXTmpFiles\dma_GV.tmp
2025-08-28 00:15:44,279 [INFO] Middleware:1452 - No code input for Bsp Dependency
2025-08-28 00:15:44,286 [INFO] CodeEngine:265 - oldGeneratedFile, C:\Users\nicks\STM32CubeIDE\workspace_1.19.0\AFR\AFR\CM7\MXTmpFiles\rtos_inc.tmp_save
2025-08-28 00:15:44,329 [INFO] CodeEngine:289 - Generated code: C:\Users\nicks\STM32CubeIDE\workspace_1.19.0\AFR\AFR\CM7\MXTmpFiles\rtos_inc.tmp
2025-08-28 00:15:44,334 [INFO] CodeEngine:265 - oldGeneratedFile, C:\Users\nicks\STM32CubeIDE\workspace_1.19.0\AFR\AFR\CM7\MXTmpFiles\rtos_kernelInit.tmp_save
2025-08-28 00:15:44,376 [INFO] CodeEngine:289 - Generated code: C:\Users\nicks\STM32CubeIDE\workspace_1.19.0\AFR\AFR\CM7\MXTmpFiles\rtos_kernelInit.tmp
2025-08-28 00:15:44,380 [INFO] CodeEngine:265 - oldGeneratedFile, C:\Users\nicks\STM32CubeIDE\workspace_1.19.0\AFR\AFR\CM7\MXTmpFiles\rtos_kernelStart.tmp_save
2025-08-28 00:15:44,420 [INFO] CodeEngine:289 - Generated code: C:\Users\nicks\STM32CubeIDE\workspace_1.19.0\AFR\AFR\CM7\MXTmpFiles\rtos_kernelStart.tmp
2025-08-28 00:15:44,425 [INFO] CodeEngine:265 - oldGeneratedFile, C:\Users\nicks\STM32CubeIDE\workspace_1.19.0\AFR\AFR\CM7\MXTmpFiles\rtos_typedefs.tmp_save
2025-08-28 00:15:44,466 [INFO] CodeEngine:289 - Generated code: C:\Users\nicks\STM32CubeIDE\workspace_1.19.0\AFR\AFR\CM7\MXTmpFiles\rtos_typedefs.tmp
2025-08-28 00:15:44,470 [INFO] CodeEngine:265 - oldGeneratedFile, C:\Users\nicks\STM32CubeIDE\workspace_1.19.0\AFR\AFR\CM7\MXTmpFiles\rtos_vars.tmp_save
2025-08-28 00:15:44,513 [INFO] CodeEngine:289 - Generated code: C:\Users\nicks\STM32CubeIDE\workspace_1.19.0\AFR\AFR\CM7\MXTmpFiles\rtos_vars.tmp
2025-08-28 00:15:44,518 [INFO] CodeEngine:265 - oldGeneratedFile, C:\Users\nicks\STM32CubeIDE\workspace_1.19.0\AFR\AFR\CM7\MXTmpFiles\rtos_pfp.tmp_save
2025-08-28 00:15:44,557 [INFO] CodeEngine:289 - Generated code: C:\Users\nicks\STM32CubeIDE\workspace_1.19.0\AFR\AFR\CM7\MXTmpFiles\rtos_pfp.tmp
2025-08-28 00:15:44,562 [INFO] CodeEngine:265 - oldGeneratedFile, C:\Users\nicks\STM32CubeIDE\workspace_1.19.0\AFR\AFR\CM7\MXTmpFiles\rtos_obj_creat.tmp_save
2025-08-28 00:15:44,606 [INFO] CodeEngine:289 - Generated code: C:\Users\nicks\STM32CubeIDE\workspace_1.19.0\AFR\AFR\CM7\MXTmpFiles\rtos_obj_creat.tmp
2025-08-28 00:15:44,611 [INFO] CodeEngine:265 - oldGeneratedFile, C:\Users\nicks\STM32CubeIDE\workspace_1.19.0\AFR\AFR\CM7\MXTmpFiles\rtos_default_thread.tmp_save
2025-08-28 00:15:44,653 [INFO] CodeEngine:289 - Generated code: C:\Users\nicks\STM32CubeIDE\workspace_1.19.0\AFR\AFR\CM7\MXTmpFiles\rtos_default_thread.tmp
2025-08-28 00:15:44,658 [INFO] CodeEngine:265 - oldGeneratedFile, C:\Users\nicks\STM32CubeIDE\workspace_1.19.0\AFR\AFR\CM7\MXTmpFiles\rtos_threads.tmp_save
2025-08-28 00:15:44,701 [INFO] CodeEngine:289 - Generated code: C:\Users\nicks\STM32CubeIDE\workspace_1.19.0\AFR\AFR\CM7\MXTmpFiles\rtos_threads.tmp
2025-08-28 00:15:44,706 [INFO] CodeEngine:265 - oldGeneratedFile, C:\Users\nicks\STM32CubeIDE\workspace_1.19.0\AFR\AFR\CM7\Core\Inc\FreeRTOSConfig.h_save
2025-08-28 00:15:44,764 [INFO] CodeEngine:289 - Generated code: C:\Users\nicks\STM32CubeIDE\workspace_1.19.0\AFR\AFR\CM7\Core\Inc\FreeRTOSConfig.h
2025-08-28 00:15:44,770 [INFO] CodeEngine:265 - oldGeneratedFile, C:\Users\nicks\STM32CubeIDE\workspace_1.19.0\AFR\AFR\CM7\Core\Src\freertos.c_save
2025-08-28 00:15:44,817 [INFO] CodeEngine:289 - Generated code: C:\Users\nicks\STM32CubeIDE\workspace_1.19.0\AFR\AFR\CM7\Core\Src\freertos.c
2025-08-28 00:15:44,854 [INFO] CodeEngine:265 - oldGeneratedFile, C:\Users\nicks\STM32CubeIDE\workspace_1.19.0\AFR\AFR\CM7\Core\Inc\stm32h7xx_nucleo_conf.h_save
2025-08-28 00:15:44,905 [INFO] CodeEngine:289 - Generated code: C:\Users\nicks\STM32CubeIDE\workspace_1.19.0\AFR\AFR\CM7\Core\Inc\stm32h7xx_nucleo_conf.h
2025-08-28 00:15:44,910 [INFO] CodeEngine:265 - oldGeneratedFile, C:\Users\nicks\STM32CubeIDE\workspace_1.19.0\AFR\AFR\CM7\MXTmpFiles\bsp_inc.tmp_save
2025-08-28 00:15:44,950 [INFO] CodeEngine:289 - Generated code: C:\Users\nicks\STM32CubeIDE\workspace_1.19.0\AFR\AFR\CM7\MXTmpFiles\bsp_inc.tmp
2025-08-28 00:15:44,955 [INFO] CodeEngine:265 - oldGeneratedFile, C:\Users\nicks\STM32CubeIDE\workspace_1.19.0\AFR\AFR\CM7\MXTmpFiles\bsp_common_vars.tmp_save
2025-08-28 00:15:44,996 [INFO] CodeEngine:289 - Generated code: C:\Users\nicks\STM32CubeIDE\workspace_1.19.0\AFR\AFR\CM7\MXTmpFiles\bsp_common_vars.tmp
2025-08-28 00:15:45,001 [INFO] CodeEngine:265 - oldGeneratedFile, C:\Users\nicks\STM32CubeIDE\workspace_1.19.0\AFR\AFR\CM7\MXTmpFiles\bsp_common_init.tmp_save
2025-08-28 00:15:45,043 [INFO] CodeEngine:289 - Generated code: C:\Users\nicks\STM32CubeIDE\workspace_1.19.0\AFR\AFR\CM7\MXTmpFiles\bsp_common_init.tmp
2025-08-28 00:15:45,048 [INFO] CodeEngine:265 - oldGeneratedFile, C:\Users\nicks\STM32CubeIDE\workspace_1.19.0\AFR\AFR\CM7\MXTmpFiles\bsp_common_demo_before_while.tmp_save
2025-08-28 00:15:45,086 [INFO] CodeEngine:289 - Generated code: C:\Users\nicks\STM32CubeIDE\workspace_1.19.0\AFR\AFR\CM7\MXTmpFiles\bsp_common_demo_before_while.tmp
2025-08-28 00:15:45,090 [INFO] CodeEngine:265 - oldGeneratedFile, C:\Users\nicks\STM32CubeIDE\workspace_1.19.0\AFR\AFR\CM7\MXTmpFiles\bsp_common_demo_inside_while.tmp_save
2025-08-28 00:15:45,129 [INFO] CodeEngine:289 - Generated code: C:\Users\nicks\STM32CubeIDE\workspace_1.19.0\AFR\AFR\CM7\MXTmpFiles\bsp_common_demo_inside_while.tmp
2025-08-28 00:15:45,134 [INFO] CodeEngine:265 - oldGeneratedFile, C:\Users\nicks\STM32CubeIDE\workspace_1.19.0\AFR\AFR\CM7\MXTmpFiles\bsp_common_demo_fct.tmp_save
2025-08-28 00:15:45,172 [INFO] CodeEngine:289 - Generated code: C:\Users\nicks\STM32CubeIDE\workspace_1.19.0\AFR\AFR\CM7\MXTmpFiles\bsp_common_demo_fct.tmp
2025-08-28 00:15:45,195 [INFO] CodeEngine:265 - oldGeneratedFile, C:\Users\nicks\STM32CubeIDE\workspace_1.19.0\AFR\AFR\CM7\Core\Src\stm32h7xx_it.c_save
2025-08-28 00:15:45,254 [INFO] CodeEngine:289 - Generated code: C:\Users\nicks\STM32CubeIDE\workspace_1.19.0\AFR\AFR\CM7\Core\Src\stm32h7xx_it.c
2025-08-28 00:15:45,261 [INFO] CodeEngine:265 - oldGeneratedFile, C:\Users\nicks\STM32CubeIDE\workspace_1.19.0\AFR\AFR\CM7\Core\Inc\stm32h7xx_it.h_save
2025-08-28 00:15:45,305 [INFO] CodeEngine:289 - Generated code: C:\Users\nicks\STM32CubeIDE\workspace_1.19.0\AFR\AFR\CM7\Core\Inc\stm32h7xx_it.h
2025-08-28 00:15:45,411 [INFO] CodeEngine:265 - oldGeneratedFile, C:\Users\nicks\STM32CubeIDE\workspace_1.19.0\AFR\AFR\CM7\Core\Src\stm32h7xx_hal_msp.c_save
2025-08-28 00:15:45,526 [INFO] CodeEngine:289 - Generated code: C:\Users\nicks\STM32CubeIDE\workspace_1.19.0\AFR\AFR\CM7\Core\Src\stm32h7xx_hal_msp.c
2025-08-28 00:15:45,533 [INFO] CodeEngine:265 - oldGeneratedFile, C:\Users\nicks\STM32CubeIDE\workspace_1.19.0\AFR\AFR\CM7\MXTmpFiles\system.tmp_save
2025-08-28 00:15:45,583 [INFO] CodeEngine:289 - Generated code: C:\Users\nicks\STM32CubeIDE\workspace_1.19.0\AFR\AFR\CM7\MXTmpFiles\system.tmp
2025-08-28 00:15:45,595 [INFO] CodeEngine:321 - oldGeneratedFile, C:\Users\nicks\STM32CubeIDE\workspace_1.19.0\AFR\AFR\CM7\Core\Inc\stm32h7xx_hal_conf.h_save
2025-08-28 00:15:45,642 [INFO] CodeEngine:345 - Generated code: C:\Users\nicks\STM32CubeIDE\workspace_1.19.0\AFR\AFR\CM7\Core\Inc\stm32h7xx_hal_conf.h
2025-08-28 00:15:45,675 [INFO] ApiDbMcu:532 - Load IP Config File for I2C2
2025-08-28 00:15:45,681 [INFO] ApiDbMcu:532 - Load IP Config File for USART2
2025-08-28 00:15:45,684 [INFO] ApiDbMcu:532 - Load IP Config File for RCC
2025-08-28 00:15:45,686 [WARN] IPConfigManager:3811 - IP not found : NVIC
2025-08-28 00:15:45,687 [WARN] CodeGenerator:4259 - IP not found : null
2025-08-28 00:15:45,694 [INFO] CodeEngine:265 - oldGeneratedFile, C:\Users\nicks\STM32CubeIDE\workspace_1.19.0\AFR\AFR\CM7\Core\Inc\main.h_save
2025-08-28 00:15:45,765 [INFO] CodeEngine:289 - Generated code: C:\Users\nicks\STM32CubeIDE\workspace_1.19.0\AFR\AFR\CM7\Core\Inc\main.h
2025-08-28 00:15:45,771 [INFO] CodeEngine:265 - oldGeneratedFile, C:\Users\nicks\STM32CubeIDE\workspace_1.19.0\AFR\AFR\CM7\Core\Src\main.c_save
2025-08-28 00:15:45,864 [INFO] CodeEngine:289 - Generated code: C:\Users\nicks\STM32CubeIDE\workspace_1.19.0\AFR\AFR\CM7\Core\Src\main.c
2025-08-28 00:15:45,901 [INFO] CodeGenerator:1619 - *******************Project context M4 selected
2025-08-28 00:15:45,947 [INFO] CodeEngine:265 - oldGeneratedFile, C:\Users\nicks\STM32CubeIDE\workspace_1.19.0\AFR\AFR\MXTmpFiles\license.tmp_save
2025-08-28 00:15:45,986 [INFO] CodeEngine:289 - Generated code: C:\Users\nicks\STM32CubeIDE\workspace_1.19.0\AFR\AFR\MXTmpFiles\license.tmp
2025-08-28 00:15:46,032 [INFO] CodeEngine:265 - oldGeneratedFile, C:\Users\nicks\STM32CubeIDE\workspace_1.19.0\AFR\AFR\CM4\MXTmpFiles\gpio.tmp_save
2025-08-28 00:15:46,074 [INFO] CodeEngine:289 - Generated code: C:\Users\nicks\STM32CubeIDE\workspace_1.19.0\AFR\AFR\CM4\MXTmpFiles\gpio.tmp
2025-08-28 00:15:46,298 [WARN] IPConfigManager:103 - WARNING: Missing Config File for NVIC2 ip!!
2025-08-28 00:15:46,577 [ERROR] CodeGenerator:10662 - The current RTOS owner has not been found in the list of IPs
2025-08-28 00:15:46,585 [INFO] CodeEngine:265 - oldGeneratedFile, C:\Users\nicks\STM32CubeIDE\workspace_1.19.0\AFR\AFR\CM4\MXTmpFiles\cortex.tmp_save
2025-08-28 00:15:46,625 [INFO] CodeEngine:289 - Generated code: C:\Users\nicks\STM32CubeIDE\workspace_1.19.0\AFR\AFR\CM4\MXTmpFiles\cortex.tmp
2025-08-28 00:15:46,655 [INFO] CodeEngine:265 - oldGeneratedFile, C:\Users\nicks\STM32CubeIDE\workspace_1.19.0\AFR\AFR\CM4\MXTmpFiles\dma.tmp_save
2025-08-28 00:15:46,696 [INFO] CodeEngine:289 - Generated code: C:\Users\nicks\STM32CubeIDE\workspace_1.19.0\AFR\AFR\CM4\MXTmpFiles\dma.tmp
2025-08-28 00:15:46,701 [INFO] CodeEngine:265 - oldGeneratedFile, C:\Users\nicks\STM32CubeIDE\workspace_1.19.0\AFR\AFR\CM4\MXTmpFiles\dma_GV.tmp_save
2025-08-28 00:15:46,744 [INFO] CodeEngine:289 - Generated code: C:\Users\nicks\STM32CubeIDE\workspace_1.19.0\AFR\AFR\CM4\MXTmpFiles\dma_GV.tmp
2025-08-28 00:15:46,762 [INFO] Middleware:1452 - No code input for Bsp Dependency
2025-08-28 00:15:46,768 [INFO] CodeEngine:265 - oldGeneratedFile, C:\Users\nicks\STM32CubeIDE\workspace_1.19.0\AFR\AFR\CM4\MXTmpFiles\rtos_inc.tmp_save
2025-08-28 00:15:46,807 [INFO] CodeEngine:289 - Generated code: C:\Users\nicks\STM32CubeIDE\workspace_1.19.0\AFR\AFR\CM4\MXTmpFiles\rtos_inc.tmp
2025-08-28 00:15:46,812 [INFO] CodeEngine:265 - oldGeneratedFile, C:\Users\nicks\STM32CubeIDE\workspace_1.19.0\AFR\AFR\CM4\MXTmpFiles\rtos_kernelInit.tmp_save
2025-08-28 00:15:46,852 [INFO] CodeEngine:289 - Generated code: C:\Users\nicks\STM32CubeIDE\workspace_1.19.0\AFR\AFR\CM4\MXTmpFiles\rtos_kernelInit.tmp
2025-08-28 00:15:46,857 [INFO] CodeEngine:265 - oldGeneratedFile, C:\Users\nicks\STM32CubeIDE\workspace_1.19.0\AFR\AFR\CM4\MXTmpFiles\rtos_kernelStart.tmp_save
2025-08-28 00:15:46,897 [INFO] CodeEngine:289 - Generated code: C:\Users\nicks\STM32CubeIDE\workspace_1.19.0\AFR\AFR\CM4\MXTmpFiles\rtos_kernelStart.tmp
2025-08-28 00:15:46,902 [INFO] CodeEngine:265 - oldGeneratedFile, C:\Users\nicks\STM32CubeIDE\workspace_1.19.0\AFR\AFR\CM4\MXTmpFiles\rtos_typedefs.tmp_save
2025-08-28 00:15:46,942 [INFO] CodeEngine:289 - Generated code: C:\Users\nicks\STM32CubeIDE\workspace_1.19.0\AFR\AFR\CM4\MXTmpFiles\rtos_typedefs.tmp
2025-08-28 00:15:46,946 [INFO] CodeEngine:265 - oldGeneratedFile, C:\Users\nicks\STM32CubeIDE\workspace_1.19.0\AFR\AFR\CM4\MXTmpFiles\rtos_vars.tmp_save
2025-08-28 00:15:46,986 [INFO] CodeEngine:289 - Generated code: C:\Users\nicks\STM32CubeIDE\workspace_1.19.0\AFR\AFR\CM4\MXTmpFiles\rtos_vars.tmp
2025-08-28 00:15:46,990 [INFO] CodeEngine:265 - oldGeneratedFile, C:\Users\nicks\STM32CubeIDE\workspace_1.19.0\AFR\AFR\CM4\MXTmpFiles\rtos_pfp.tmp_save
2025-08-28 00:15:47,030 [INFO] CodeEngine:289 - Generated code: C:\Users\nicks\STM32CubeIDE\workspace_1.19.0\AFR\AFR\CM4\MXTmpFiles\rtos_pfp.tmp
2025-08-28 00:15:47,034 [INFO] CodeEngine:265 - oldGeneratedFile, C:\Users\nicks\STM32CubeIDE\workspace_1.19.0\AFR\AFR\CM4\MXTmpFiles\rtos_obj_creat.tmp_save
2025-08-28 00:15:47,076 [INFO] CodeEngine:289 - Generated code: C:\Users\nicks\STM32CubeIDE\workspace_1.19.0\AFR\AFR\CM4\MXTmpFiles\rtos_obj_creat.tmp
2025-08-28 00:15:47,080 [INFO] CodeEngine:265 - oldGeneratedFile, C:\Users\nicks\STM32CubeIDE\workspace_1.19.0\AFR\AFR\CM4\MXTmpFiles\rtos_default_thread.tmp_save
2025-08-28 00:15:47,120 [INFO] CodeEngine:289 - Generated code: C:\Users\nicks\STM32CubeIDE\workspace_1.19.0\AFR\AFR\CM4\MXTmpFiles\rtos_default_thread.tmp
2025-08-28 00:15:47,125 [INFO] CodeEngine:265 - oldGeneratedFile, C:\Users\nicks\STM32CubeIDE\workspace_1.19.0\AFR\AFR\CM4\MXTmpFiles\rtos_threads.tmp_save
2025-08-28 00:15:47,164 [INFO] CodeEngine:289 - Generated code: C:\Users\nicks\STM32CubeIDE\workspace_1.19.0\AFR\AFR\CM4\MXTmpFiles\rtos_threads.tmp
2025-08-28 00:15:47,169 [INFO] CodeEngine:265 - oldGeneratedFile, C:\Users\nicks\STM32CubeIDE\workspace_1.19.0\AFR\AFR\CM4\Core\Inc\FreeRTOSConfig.h_save
2025-08-28 00:15:47,219 [INFO] CodeEngine:289 - Generated code: C:\Users\nicks\STM32CubeIDE\workspace_1.19.0\AFR\AFR\CM4\Core\Inc\FreeRTOSConfig.h
2025-08-28 00:15:47,225 [INFO] CodeEngine:265 - oldGeneratedFile, C:\Users\nicks\STM32CubeIDE\workspace_1.19.0\AFR\AFR\CM4\Core\Src\freertos.c_save
2025-08-28 00:15:47,271 [INFO] CodeEngine:289 - Generated code: C:\Users\nicks\STM32CubeIDE\workspace_1.19.0\AFR\AFR\CM4\Core\Src\freertos.c
2025-08-28 00:15:47,313 [INFO] CodeEngine:265 - oldGeneratedFile, C:\Users\nicks\STM32CubeIDE\workspace_1.19.0\AFR\AFR\CM4\Core\Inc\stm32h7xx_nucleo_conf.h_save
2025-08-28 00:15:47,365 [INFO] CodeEngine:289 - Generated code: C:\Users\nicks\STM32CubeIDE\workspace_1.19.0\AFR\AFR\CM4\Core\Inc\stm32h7xx_nucleo_conf.h
2025-08-28 00:15:47,370 [INFO] CodeEngine:265 - oldGeneratedFile, C:\Users\nicks\STM32CubeIDE\workspace_1.19.0\AFR\AFR\CM4\MXTmpFiles\bsp_inc.tmp_save
2025-08-28 00:15:47,414 [INFO] CodeEngine:289 - Generated code: C:\Users\nicks\STM32CubeIDE\workspace_1.19.0\AFR\AFR\CM4\MXTmpFiles\bsp_inc.tmp
2025-08-28 00:15:47,439 [INFO] CodeEngine:265 - oldGeneratedFile, C:\Users\nicks\STM32CubeIDE\workspace_1.19.0\AFR\AFR\CM4\Core\Src\stm32h7xx_it.c_save
2025-08-28 00:15:47,500 [INFO] CodeEngine:289 - Generated code: C:\Users\nicks\STM32CubeIDE\workspace_1.19.0\AFR\AFR\CM4\Core\Src\stm32h7xx_it.c
2025-08-28 00:15:47,506 [INFO] CodeEngine:265 - oldGeneratedFile, C:\Users\nicks\STM32CubeIDE\workspace_1.19.0\AFR\AFR\CM4\Core\Inc\stm32h7xx_it.h_save
2025-08-28 00:15:47,551 [INFO] CodeEngine:289 - Generated code: C:\Users\nicks\STM32CubeIDE\workspace_1.19.0\AFR\AFR\CM4\Core\Inc\stm32h7xx_it.h
2025-08-28 00:15:47,693 [INFO] CodeEngine:265 - oldGeneratedFile, C:\Users\nicks\STM32CubeIDE\workspace_1.19.0\AFR\AFR\CM4\Core\Src\stm32h7xx_hal_msp.c_save
2025-08-28 00:15:47,772 [INFO] CodeEngine:289 - Generated code: C:\Users\nicks\STM32CubeIDE\workspace_1.19.0\AFR\AFR\CM4\Core\Src\stm32h7xx_hal_msp.c
2025-08-28 00:15:47,777 [INFO] CodeEngine:265 - oldGeneratedFile, C:\Users\nicks\STM32CubeIDE\workspace_1.19.0\AFR\AFR\CM4\MXTmpFiles\system.tmp_save
2025-08-28 00:15:47,819 [INFO] CodeEngine:289 - Generated code: C:\Users\nicks\STM32CubeIDE\workspace_1.19.0\AFR\AFR\CM4\MXTmpFiles\system.tmp
2025-08-28 00:15:47,830 [INFO] CodeEngine:321 - oldGeneratedFile, C:\Users\nicks\STM32CubeIDE\workspace_1.19.0\AFR\AFR\CM4\Core\Inc\stm32h7xx_hal_conf.h_save
2025-08-28 00:15:47,876 [INFO] CodeEngine:345 - Generated code: C:\Users\nicks\STM32CubeIDE\workspace_1.19.0\AFR\AFR\CM4\Core\Inc\stm32h7xx_hal_conf.h
2025-08-28 00:15:47,889 [INFO] ApiDbMcu:532 - Load IP Config File for ADC1
2025-08-28 00:15:47,891 [INFO] ApiDbMcu:532 - Load IP Config File for ADC3
2025-08-28 00:15:47,897 [INFO] ApiDbMcu:532 - Load IP Config File for TIM1
2025-08-28 00:15:47,903 [INFO] ApiDbMcu:532 - Load IP Config File for TIM6
2025-08-28 00:15:47,914 [INFO] ApiDbMcu:532 - Load IP Config File for UART4
2025-08-28 00:15:47,922 [INFO] ApiDbMcu:532 - Load IP Config File for UART5
2025-08-28 00:15:47,924 [WARN] IPConfigManager:3811 - IP not found : NVIC
2025-08-28 00:15:47,924 [WARN] IPConfigManager:3811 - IP not found : TIM
2025-08-28 00:15:47,925 [WARN] CodeGenerator:4259 - IP not found : null
2025-08-28 00:15:47,926 [WARN] CodeGenerator:4259 - IP not found : null
2025-08-28 00:15:47,933 [INFO] CodeEngine:265 - oldGeneratedFile, C:\Users\nicks\STM32CubeIDE\workspace_1.19.0\AFR\AFR\CM4\Core\Inc\main.h_save
2025-08-28 00:15:47,987 [INFO] CodeEngine:289 - Generated code: C:\Users\nicks\STM32CubeIDE\workspace_1.19.0\AFR\AFR\CM4\Core\Inc\main.h
2025-08-28 00:15:47,993 [INFO] CodeEngine:265 - oldGeneratedFile, C:\Users\nicks\STM32CubeIDE\workspace_1.19.0\AFR\AFR\CM4\Core\Src\main.c_save
2025-08-28 00:15:48,123 [INFO] CodeEngine:289 - Generated code: C:\Users\nicks\STM32CubeIDE\workspace_1.19.0\AFR\AFR\CM4\Core\Src\main.c
2025-08-28 00:15:48,529 [INFO] ProjectBuilder:3606 - Time for Copy HAL[1] : 244mS.
2025-08-28 00:15:48,543 [INFO] ProjectBuilder:5216 - Project Generator version: 4.7.0-B52
2025-08-28 00:15:48,595 [INFO] ConfigFileManager:1595 - The Die is : DIE450
2025-08-28 00:15:55,555 [INFO] ProjectBuilder:5496 - Time for Generating toolchain IDE Files: 7012mS.
2025-08-28 00:15:55,557 [INFO] ProjectBuilder:3463 - Time for Copy CMSIS : 0mS.
2025-08-28 00:15:55,564 [INFO] ProjectBuilder:3463 - Time for Copy CMSIS : 0mS.
2025-08-28 00:16:08,053 [INFO] ADCParametersView:116 -                Rank 1 : false
2025-08-28 00:16:08,053 [INFO] ADCParametersView:116 -                Rank 2 : false
2025-08-28 00:16:08,053 [INFO] ADCParametersView:116 -                Rank 3 : false
2025-08-28 00:16:08,054 [INFO] ADCParametersView:116 -                Rank 4 : false
2025-08-28 00:16:08,054 [INFO] ADCParametersView:116 -                Rank 1 : false
2025-08-28 00:16:08,054 [INFO] ADCParametersView:116 -                Rank 2 : false
2025-08-28 00:16:08,054 [INFO] ADCParametersView:116 -                Rank 3 : false
2025-08-28 00:16:08,054 [INFO] ADCParametersView:116 -                Rank 4 : false
2025-08-28 00:16:08,055 [INFO] ADCParametersView:116 -                Rank 1 : false
2025-08-28 00:16:08,055 [INFO] ADCParametersView:116 -                Rank 2 : false
2025-08-28 00:16:08,055 [INFO] ADCParametersView:116 -                Rank 3 : false
2025-08-28 00:16:08,055 [INFO] ADCParametersView:116 -                Rank 4 : false
2025-08-28 00:16:08,056 [INFO] ADCParametersView:116 -                Rank 1 : false
2025-08-28 00:16:08,056 [INFO] ADCParametersView:116 -                Rank 2 : false
2025-08-28 00:16:08,056 [INFO] ADCParametersView:116 -                Rank 3 : false
2025-08-28 00:16:08,056 [INFO] ADCParametersView:116 -                Rank 4 : false
2025-08-28 00:16:08,057 [INFO] ADCParametersView:116 -                Rank 1 : false
2025-08-28 00:16:08,057 [INFO] ADCParametersView:116 -                Rank 2 : false
2025-08-28 00:16:08,057 [INFO] ADCParametersView:116 -                Rank 3 : false
2025-08-28 00:16:08,057 [INFO] ADCParametersView:116 -                Rank 4 : false
2025-08-28 00:16:08,057 [INFO] ADCParametersView:116 -                Rank 1 : false
2025-08-28 00:16:08,057 [INFO] ADCParametersView:116 -                Rank 2 : false
2025-08-28 00:16:08,057 [INFO] ADCParametersView:116 -                Rank 3 : false
2025-08-28 00:16:08,058 [INFO] ADCParametersView:116 -                Rank 4 : false
2025-08-28 00:16:08,058 [INFO] ADCParametersView:116 -                Rank 1 : false
2025-08-28 00:16:08,058 [INFO] ADCParametersView:116 -                Rank 2 : false
2025-08-28 00:16:08,058 [INFO] ADCParametersView:116 -                Rank 3 : false
2025-08-28 00:16:08,059 [INFO] ADCParametersView:116 -                Rank 4 : false
2025-08-28 00:16:08,059 [INFO] ADCParametersView:116 -                Rank 1 : false
2025-08-28 00:16:08,059 [INFO] ADCParametersView:116 -                Rank 2 : false
2025-08-28 00:16:08,059 [INFO] ADCParametersView:116 -                Rank 3 : false
2025-08-28 00:16:08,059 [INFO] ADCParametersView:116 -                Rank 4 : false
2025-08-28 00:16:08,060 [INFO] ADCParametersView:116 -                Rank 1 : false
2025-08-28 00:16:08,060 [INFO] ADCParametersView:116 -                Rank 2 : false
2025-08-28 00:16:08,060 [INFO] ADCParametersView:116 -                Rank 3 : false
2025-08-28 00:16:08,060 [INFO] ADCParametersView:116 -                Rank 4 : false
2025-08-28 00:16:08,060 [INFO] ADCParametersView:116 -                Rank 1 : false
2025-08-28 00:16:08,061 [INFO] ADCParametersView:116 -                Rank 2 : false
2025-08-28 00:16:08,061 [INFO] ADCParametersView:116 -                Rank 3 : false
2025-08-28 00:16:08,061 [INFO] ADCParametersView:116 -                Rank 4 : false
2025-08-28 00:16:08,061 [INFO] ADCParametersView:116 -                Rank 1 : false
2025-08-28 00:16:08,061 [INFO] ADCParametersView:116 -                Rank 2 : false
2025-08-28 00:16:08,061 [INFO] ADCParametersView:116 -                Rank 3 : false
2025-08-28 00:16:08,061 [INFO] ADCParametersView:116 -                Rank 4 : false
2025-08-28 00:16:08,062 [INFO] ADCParametersView:116 -                Rank 1 : false
2025-08-28 00:16:08,062 [INFO] ADCParametersView:116 -                Rank 2 : false
2025-08-28 00:16:08,062 [INFO] ADCParametersView:116 -                Rank 3 : false
2025-08-28 00:16:08,062 [INFO] ADCParametersView:116 -                Rank 4 : false
2025-08-28 00:16:08,062 [INFO] ADCParametersView:116 -                Rank 1 : false
2025-08-28 00:16:08,062 [INFO] ADCParametersView:116 -                Rank 2 : false
2025-08-28 00:16:08,062 [INFO] ADCParametersView:116 -                Rank 3 : false
2025-08-28 00:16:08,063 [INFO] ADCParametersView:116 -                Rank 4 : false
2025-08-28 00:16:08,063 [INFO] ADCParametersView:116 -                Rank 1 : false
2025-08-28 00:16:08,063 [INFO] ADCParametersView:116 -                Rank 2 : false
2025-08-28 00:16:08,063 [INFO] ADCParametersView:116 -                Rank 3 : false
2025-08-28 00:16:08,063 [INFO] ADCParametersView:116 -                Rank 4 : false
2025-08-28 00:16:08,063 [INFO] ADCParametersView:116 -                Rank 1 : false
2025-08-28 00:16:08,063 [INFO] ADCParametersView:116 -                Rank 2 : false
2025-08-28 00:16:08,063 [INFO] ADCParametersView:116 -                Rank 3 : false
2025-08-28 00:16:08,063 [INFO] ADCParametersView:116 -                Rank 4 : false
2025-08-28 00:16:08,064 [INFO] ADCParametersView:116 -                Rank 1 : false
2025-08-28 00:16:08,064 [INFO] ADCParametersView:116 -                Rank 2 : false
2025-08-28 00:16:08,064 [INFO] ADCParametersView:116 -                Rank 3 : false
2025-08-28 00:16:08,064 [INFO] ADCParametersView:116 -                Rank 4 : false
2025-08-28 00:16:08,064 [INFO] ADCParametersView:116 -                Rank 1 : false
2025-08-28 00:16:08,064 [INFO] ADCParametersView:116 -                Rank 2 : false
2025-08-28 00:16:08,064 [INFO] ADCParametersView:116 -                Rank 3 : false
2025-08-28 00:16:08,064 [INFO] ADCParametersView:116 -                Rank 4 : false
2025-08-28 00:16:08,064 [INFO] ADCParametersView:116 -                Rank 1 : false
2025-08-28 00:16:08,065 [INFO] ADCParametersView:116 -                Rank 2 : false
2025-08-28 00:16:08,065 [INFO] ADCParametersView:116 -                Rank 3 : false
2025-08-28 00:16:08,065 [INFO] ADCParametersView:116 -                Rank 4 : false
2025-08-28 00:16:08,065 [INFO] ADCParametersView:116 -                Rank 1 : false
2025-08-28 00:16:08,065 [INFO] ADCParametersView:116 -                Rank 2 : false
2025-08-28 00:16:08,065 [INFO] ADCParametersView:116 -                Rank 3 : false
2025-08-28 00:16:08,065 [INFO] ADCParametersView:116 -                Rank 4 : false
2025-08-28 00:16:08,065 [INFO] ADCParametersView:116 -                Rank 1 : false
2025-08-28 00:16:08,065 [INFO] ADCParametersView:116 -                Rank 2 : false
2025-08-28 00:16:08,065 [INFO] ADCParametersView:116 -                Rank 3 : false
2025-08-28 00:16:08,066 [INFO] ADCParametersView:116 -                Rank 4 : false
2025-08-28 00:16:08,066 [INFO] ADCParametersView:116 -                Rank 1 : false
2025-08-28 00:16:08,066 [INFO] ADCParametersView:116 -                Rank 2 : false
2025-08-28 00:16:08,066 [INFO] ADCParametersView:116 -                Rank 3 : false
2025-08-28 00:16:08,066 [INFO] ADCParametersView:116 -                Rank 4 : false
2025-08-28 00:16:08,066 [INFO] ADCParametersView:116 -                Rank 1 : false
2025-08-28 00:16:08,066 [INFO] ADCParametersView:116 -                Rank 2 : false
2025-08-28 00:16:08,066 [INFO] ADCParametersView:116 -                Rank 3 : false
2025-08-28 00:16:08,066 [INFO] ADCParametersView:116 -                Rank 4 : false
2025-08-28 00:16:08,066 [INFO] ADCParametersView:116 -                Rank 1 : false
2025-08-28 00:16:08,067 [INFO] ADCParametersView:116 -                Rank 2 : false
2025-08-28 00:16:08,067 [INFO] ADCParametersView:116 -                Rank 3 : false
2025-08-28 00:16:08,067 [INFO] ADCParametersView:116 -                Rank 4 : false
2025-08-28 00:16:08,067 [INFO] ADCParametersView:116 -                Rank 2 : false
2025-08-28 00:16:08,067 [INFO] ADCParametersView:116 -                Rank 3 : false
2025-08-28 00:16:08,067 [INFO] ADCParametersView:116 -                Rank 4 : false
2025-08-28 00:16:08,067 [INFO] ADCParametersView:116 -                Rank 3 : false
2025-08-28 00:16:08,068 [INFO] ADCParametersView:116 -                Rank 4 : false
2025-08-28 00:16:08,068 [INFO] ADCParametersView:116 -                Rank 4 : false
2025-08-28 00:16:08,274 [INFO] ADCParametersView:116 -                Rank 1 : false
2025-08-28 00:16:08,274 [INFO] ADCParametersView:116 -                Rank 1 : false
2025-08-28 00:16:08,274 [INFO] ADCParametersView:116 -                Rank 2 : false
2025-08-28 00:16:08,274 [INFO] ADCParametersView:116 -                Rank 1 : false
2025-08-28 00:16:08,274 [INFO] ADCParametersView:116 -                Rank 2 : false
2025-08-28 00:16:08,274 [INFO] ADCParametersView:116 -                Rank 3 : false
2025-08-28 00:16:08,274 [INFO] ADCParametersView:116 -                Rank 1 : false
2025-08-28 00:16:08,274 [INFO] ADCParametersView:116 -                Rank 2 : false
2025-08-28 00:16:08,274 [INFO] ADCParametersView:116 -                Rank 3 : false
2025-08-28 00:16:08,274 [INFO] ADCParametersView:116 -                Rank 4 : false
2025-08-28 00:16:08,275 [INFO] ADCParametersView:116 -                Rank 1 : false
2025-08-28 00:16:08,275 [INFO] ADCParametersView:116 -                Rank 2 : false
2025-08-28 00:16:08,275 [INFO] ADCParametersView:116 -                Rank 3 : false
2025-08-28 00:16:08,275 [INFO] ADCParametersView:116 -                Rank 4 : false
2025-08-28 00:16:08,275 [INFO] ADCParametersView:116 -                Rank 1 : false
2025-08-28 00:16:08,275 [INFO] ADCParametersView:116 -                Rank 2 : false
2025-08-28 00:16:08,275 [INFO] ADCParametersView:116 -                Rank 3 : false
2025-08-28 00:16:08,276 [INFO] ADCParametersView:116 -                Rank 4 : false
2025-08-28 00:16:08,276 [INFO] ADCParametersView:116 -                Rank 1 : false
2025-08-28 00:16:08,276 [INFO] ADCParametersView:116 -                Rank 2 : false
2025-08-28 00:16:08,276 [INFO] ADCParametersView:116 -                Rank 3 : false
2025-08-28 00:16:08,276 [INFO] ADCParametersView:116 -                Rank 4 : false
2025-08-28 00:16:08,276 [INFO] ADCParametersView:116 -                Rank 1 : false
2025-08-28 00:16:08,277 [INFO] ADCParametersView:116 -                Rank 2 : false
2025-08-28 00:16:08,277 [INFO] ADCParametersView:116 -                Rank 3 : false
2025-08-28 00:16:08,277 [INFO] ADCParametersView:116 -                Rank 4 : false
2025-08-28 00:16:08,277 [INFO] ADCParametersView:116 -                Rank 1 : false
2025-08-28 00:16:08,277 [INFO] ADCParametersView:116 -                Rank 2 : false
2025-08-28 00:16:08,277 [INFO] ADCParametersView:116 -                Rank 3 : false
2025-08-28 00:16:08,278 [INFO] ADCParametersView:116 -                Rank 4 : false
2025-08-28 00:16:08,278 [INFO] ADCParametersView:116 -                Rank 1 : false
2025-08-28 00:16:08,278 [INFO] ADCParametersView:116 -                Rank 2 : false
2025-08-28 00:16:08,278 [INFO] ADCParametersView:116 -                Rank 3 : false
2025-08-28 00:16:08,278 [INFO] ADCParametersView:116 -                Rank 4 : false
2025-08-28 00:16:08,278 [INFO] ADCParametersView:116 -                Rank 1 : false
2025-08-28 00:16:08,278 [INFO] ADCParametersView:116 -                Rank 2 : false
2025-08-28 00:16:08,278 [INFO] ADCParametersView:116 -                Rank 3 : false
2025-08-28 00:16:08,278 [INFO] ADCParametersView:116 -                Rank 4 : false
2025-08-28 00:16:08,278 [INFO] ADCParametersView:116 -                Rank 1 : false
2025-08-28 00:16:08,278 [INFO] ADCParametersView:116 -                Rank 2 : false
2025-08-28 00:16:08,278 [INFO] ADCParametersView:116 -                Rank 3 : false
2025-08-28 00:16:08,278 [INFO] ADCParametersView:116 -                Rank 4 : false
2025-08-28 00:16:08,278 [INFO] ADCParametersView:116 -                Rank 1 : false
2025-08-28 00:16:08,278 [INFO] ADCParametersView:116 -                Rank 2 : false
2025-08-28 00:16:08,279 [INFO] ADCParametersView:116 -                Rank 3 : false
2025-08-28 00:16:08,279 [INFO] ADCParametersView:116 -                Rank 4 : false
2025-08-28 00:16:08,279 [INFO] ADCParametersView:116 -                Rank 1 : false
2025-08-28 00:16:08,279 [INFO] ADCParametersView:116 -                Rank 2 : false
2025-08-28 00:16:08,279 [INFO] ADCParametersView:116 -                Rank 3 : false
2025-08-28 00:16:08,279 [INFO] ADCParametersView:116 -                Rank 4 : false
2025-08-28 00:16:08,279 [INFO] ADCParametersView:116 -                Rank 1 : false
2025-08-28 00:16:08,279 [INFO] ADCParametersView:116 -                Rank 2 : false
2025-08-28 00:16:08,279 [INFO] ADCParametersView:116 -                Rank 3 : false
2025-08-28 00:16:08,279 [INFO] ADCParametersView:116 -                Rank 4 : false
2025-08-28 00:16:08,279 [INFO] ADCParametersView:116 -                Rank 1 : false
2025-08-28 00:16:08,279 [INFO] ADCParametersView:116 -                Rank 2 : false
2025-08-28 00:16:08,279 [INFO] ADCParametersView:116 -                Rank 3 : false
2025-08-28 00:16:08,279 [INFO] ADCParametersView:116 -                Rank 4 : false
2025-08-28 00:16:08,280 [INFO] ADCParametersView:116 -                Rank 1 : false
2025-08-28 00:16:08,280 [INFO] ADCParametersView:116 -                Rank 2 : false
2025-08-28 00:16:08,280 [INFO] ADCParametersView:116 -                Rank 3 : false
2025-08-28 00:16:08,280 [INFO] ADCParametersView:116 -                Rank 4 : false
2025-08-28 00:16:08,280 [INFO] ADCParametersView:116 -                Rank 1 : false
2025-08-28 00:16:08,280 [INFO] ADCParametersView:116 -                Rank 2 : false
2025-08-28 00:16:08,280 [INFO] ADCParametersView:116 -                Rank 3 : false
2025-08-28 00:16:08,280 [INFO] ADCParametersView:116 -                Rank 4 : false
2025-08-28 00:16:08,280 [INFO] ADCParametersView:116 -                Rank 1 : false
2025-08-28 00:16:08,280 [INFO] ADCParametersView:116 -                Rank 2 : false
2025-08-28 00:16:08,280 [INFO] ADCParametersView:116 -                Rank 3 : false
2025-08-28 00:16:08,280 [INFO] ADCParametersView:116 -                Rank 4 : false
2025-08-28 00:16:08,280 [INFO] ADCParametersView:116 -                Rank 1 : false
2025-08-28 00:16:08,280 [INFO] ADCParametersView:116 -                Rank 2 : false
2025-08-28 00:16:08,280 [INFO] ADCParametersView:116 -                Rank 3 : false
2025-08-28 00:16:08,280 [INFO] ADCParametersView:116 -                Rank 4 : false
2025-08-28 00:16:08,280 [INFO] ADCParametersView:116 -                Rank 1 : false
2025-08-28 00:16:08,280 [INFO] ADCParametersView:116 -                Rank 2 : false
2025-08-28 00:16:08,280 [INFO] ADCParametersView:116 -                Rank 3 : false
2025-08-28 00:16:08,280 [INFO] ADCParametersView:116 -                Rank 4 : false
2025-08-28 00:16:08,281 [INFO] ADCParametersView:116 -                Rank 1 : false
2025-08-28 00:16:08,281 [INFO] ADCParametersView:116 -                Rank 2 : false
2025-08-28 00:16:08,281 [INFO] ADCParametersView:116 -                Rank 3 : false
2025-08-28 00:16:08,281 [INFO] ADCParametersView:116 -                Rank 4 : false
2025-08-28 00:16:08,281 [INFO] ADCParametersView:116 -                Rank 1 : false
2025-08-28 00:16:08,281 [INFO] ADCParametersView:116 -                Rank 2 : false
2025-08-28 00:16:08,281 [INFO] ADCParametersView:116 -                Rank 3 : false
2025-08-28 00:16:08,281 [INFO] ADCParametersView:116 -                Rank 4 : false
2025-08-28 00:16:08,281 [INFO] ADCParametersView:116 -                Rank 1 : false
2025-08-28 00:16:08,281 [INFO] ADCParametersView:116 -                Rank 2 : false
2025-08-28 00:16:08,281 [INFO] ADCParametersView:116 -                Rank 3 : false
2025-08-28 00:16:08,281 [INFO] ADCParametersView:116 -                Rank 4 : false
2025-08-28 00:16:08,281 [INFO] ADCParametersView:116 -                Rank 1 : false
2025-08-28 00:16:08,281 [INFO] ADCParametersView:116 -                Rank 2 : false
2025-08-28 00:16:08,281 [INFO] ADCParametersView:116 -                Rank 3 : false
2025-08-28 00:16:08,281 [INFO] ADCParametersView:116 -                Rank 4 : false
2025-08-28 00:16:08,282 [INFO] ADCParametersView:116 -                Rank 1 : false
2025-08-28 00:16:08,282 [INFO] ADCParametersView:116 -                Rank 2 : false
2025-08-28 00:16:08,282 [INFO] ADCParametersView:116 -                Rank 3 : false
2025-08-28 00:16:08,282 [INFO] ADCParametersView:116 -                Rank 4 : false
2025-08-28 00:16:08,282 [INFO] ADCParametersView:116 -                Rank 1 : false
2025-08-28 00:16:08,282 [INFO] ADCParametersView:116 -                Rank 2 : false
2025-08-28 00:16:08,282 [INFO] ADCParametersView:116 -                Rank 3 : false
2025-08-28 00:16:08,282 [INFO] ADCParametersView:116 -                Rank 4 : false
2025-08-28 00:16:08,282 [INFO] ADCParametersView:116 -                Rank 2 : false
2025-08-28 00:16:08,282 [INFO] ADCParametersView:116 -                Rank 3 : false
2025-08-28 00:16:08,282 [INFO] ADCParametersView:116 -                Rank 4 : false
2025-08-28 00:16:08,282 [INFO] ADCParametersView:116 -                Rank 3 : false
2025-08-28 00:16:08,282 [INFO] ADCParametersView:116 -                Rank 4 : false
2025-08-28 00:16:08,282 [INFO] ADCParametersView:116 -                Rank 4 : false
2025-08-28 00:16:08,419 [INFO] ADCParametersView:116 -                Rank 1 : false
2025-08-28 00:16:08,420 [INFO] ADCParametersView:116 -                Rank 1 : false
2025-08-28 00:16:08,420 [INFO] ADCParametersView:116 -                Rank 2 : false
2025-08-28 00:16:08,420 [INFO] ADCParametersView:116 -                Rank 1 : false
2025-08-28 00:16:08,420 [INFO] ADCParametersView:116 -                Rank 2 : false
2025-08-28 00:16:08,420 [INFO] ADCParametersView:116 -                Rank 3 : false
2025-08-28 00:16:08,421 [INFO] ADCParametersView:116 -                Rank 1 : false
2025-08-28 00:16:08,421 [INFO] ADCParametersView:116 -                Rank 2 : false
2025-08-28 00:16:08,421 [INFO] ADCParametersView:116 -                Rank 3 : false
2025-08-28 00:16:08,421 [INFO] ADCParametersView:116 -                Rank 4 : false
2025-08-28 00:16:11,547 [INFO] ADCParametersView:116 -                Rank 1 : false
2025-08-28 00:16:11,547 [INFO] ADCParametersView:116 -                Rank 2 : false
2025-08-28 00:16:11,547 [INFO] ADCParametersView:116 -                Rank 3 : false
2025-08-28 00:16:11,547 [INFO] ADCParametersView:116 -                Rank 4 : false
2025-08-28 00:16:11,547 [INFO] ADCParametersView:116 -                Rank 1 : false
2025-08-28 00:16:11,547 [INFO] ADCParametersView:116 -                Rank 2 : false
2025-08-28 00:16:11,547 [INFO] ADCParametersView:116 -                Rank 3 : false
2025-08-28 00:16:11,547 [INFO] ADCParametersView:116 -                Rank 4 : false
2025-08-28 00:16:11,547 [INFO] ADCParametersView:116 -                Rank 1 : false
2025-08-28 00:16:11,547 [INFO] ADCParametersView:116 -                Rank 2 : false
2025-08-28 00:16:11,547 [INFO] ADCParametersView:116 -                Rank 3 : false
2025-08-28 00:16:11,547 [INFO] ADCParametersView:116 -                Rank 4 : false
2025-08-28 00:16:11,547 [INFO] ADCParametersView:116 -                Rank 1 : false
2025-08-28 00:16:11,547 [INFO] ADCParametersView:116 -                Rank 2 : false
2025-08-28 00:16:11,547 [INFO] ADCParametersView:116 -                Rank 3 : false
2025-08-28 00:16:11,547 [INFO] ADCParametersView:116 -                Rank 4 : false
2025-08-28 00:16:11,548 [INFO] ADCParametersView:116 -                Rank 1 : false
2025-08-28 00:16:11,548 [INFO] ADCParametersView:116 -                Rank 2 : false
2025-08-28 00:16:11,548 [INFO] ADCParametersView:116 -                Rank 3 : false
2025-08-28 00:16:11,548 [INFO] ADCParametersView:116 -                Rank 4 : false
2025-08-28 00:16:11,548 [INFO] ADCParametersView:116 -                Rank 1 : false
2025-08-28 00:16:11,548 [INFO] ADCParametersView:116 -                Rank 2 : false
2025-08-28 00:16:11,548 [INFO] ADCParametersView:116 -                Rank 3 : false
2025-08-28 00:16:11,548 [INFO] ADCParametersView:116 -                Rank 4 : false
2025-08-28 00:16:11,548 [INFO] ADCParametersView:116 -                Rank 1 : false
2025-08-28 00:16:11,548 [INFO] ADCParametersView:116 -                Rank 2 : false
2025-08-28 00:16:11,548 [INFO] ADCParametersView:116 -                Rank 3 : false
2025-08-28 00:16:11,548 [INFO] ADCParametersView:116 -                Rank 4 : false
2025-08-28 00:16:11,548 [INFO] ADCParametersView:116 -                Rank 1 : false
2025-08-28 00:16:11,548 [INFO] ADCParametersView:116 -                Rank 2 : false
2025-08-28 00:16:11,548 [INFO] ADCParametersView:116 -                Rank 3 : false
2025-08-28 00:16:11,548 [INFO] ADCParametersView:116 -                Rank 4 : false
2025-08-28 00:16:11,548 [INFO] ADCParametersView:116 -                Rank 1 : false
2025-08-28 00:16:11,548 [INFO] ADCParametersView:116 -                Rank 2 : false
2025-08-28 00:16:11,548 [INFO] ADCParametersView:116 -                Rank 3 : false
2025-08-28 00:16:11,548 [INFO] ADCParametersView:116 -                Rank 4 : false
2025-08-28 00:16:11,548 [INFO] ADCParametersView:116 -                Rank 1 : false
2025-08-28 00:16:11,548 [INFO] ADCParametersView:116 -                Rank 2 : false
2025-08-28 00:16:11,548 [INFO] ADCParametersView:116 -                Rank 3 : false
2025-08-28 00:16:11,548 [INFO] ADCParametersView:116 -                Rank 4 : false
2025-08-28 00:16:11,548 [INFO] ADCParametersView:116 -                Rank 1 : false
2025-08-28 00:16:11,548 [INFO] ADCParametersView:116 -                Rank 2 : false
2025-08-28 00:16:11,548 [INFO] ADCParametersView:116 -                Rank 3 : false
2025-08-28 00:16:11,548 [INFO] ADCParametersView:116 -                Rank 4 : false
2025-08-28 00:16:11,548 [INFO] ADCParametersView:116 -                Rank 1 : false
2025-08-28 00:16:11,548 [INFO] ADCParametersView:116 -                Rank 2 : false
2025-08-28 00:16:11,548 [INFO] ADCParametersView:116 -                Rank 3 : false
2025-08-28 00:16:11,548 [INFO] ADCParametersView:116 -                Rank 4 : false
2025-08-28 00:16:11,548 [INFO] ADCParametersView:116 -                Rank 1 : false
2025-08-28 00:16:11,548 [INFO] ADCParametersView:116 -                Rank 2 : false
2025-08-28 00:16:11,548 [INFO] ADCParametersView:116 -                Rank 3 : false
2025-08-28 00:16:11,548 [INFO] ADCParametersView:116 -                Rank 4 : false
2025-08-28 00:16:11,548 [INFO] ADCParametersView:116 -                Rank 1 : false
2025-08-28 00:16:11,548 [INFO] ADCParametersView:116 -                Rank 2 : false
2025-08-28 00:16:11,548 [INFO] ADCParametersView:116 -                Rank 3 : false
2025-08-28 00:16:11,548 [INFO] ADCParametersView:116 -                Rank 4 : false
2025-08-28 00:16:11,548 [INFO] ADCParametersView:116 -                Rank 1 : false
2025-08-28 00:16:11,548 [INFO] ADCParametersView:116 -                Rank 2 : false
2025-08-28 00:16:11,548 [INFO] ADCParametersView:116 -                Rank 3 : false
2025-08-28 00:16:11,548 [INFO] ADCParametersView:116 -                Rank 4 : false
2025-08-28 00:16:11,548 [INFO] ADCParametersView:116 -                Rank 1 : false
2025-08-28 00:16:11,549 [INFO] ADCParametersView:116 -                Rank 2 : false
2025-08-28 00:16:11,549 [INFO] ADCParametersView:116 -                Rank 3 : false
2025-08-28 00:16:11,549 [INFO] ADCParametersView:116 -                Rank 4 : false
2025-08-28 00:16:11,549 [INFO] ADCParametersView:116 -                Rank 1 : false
2025-08-28 00:16:11,549 [INFO] ADCParametersView:116 -                Rank 2 : false
2025-08-28 00:16:11,549 [INFO] ADCParametersView:116 -                Rank 3 : false
2025-08-28 00:16:11,549 [INFO] ADCParametersView:116 -                Rank 4 : false
2025-08-28 00:16:11,549 [INFO] ADCParametersView:116 -                Rank 1 : false
2025-08-28 00:16:11,549 [INFO] ADCParametersView:116 -                Rank 2 : false
2025-08-28 00:16:11,549 [INFO] ADCParametersView:116 -                Rank 3 : false
2025-08-28 00:16:11,549 [INFO] ADCParametersView:116 -                Rank 4 : false
2025-08-28 00:16:11,549 [INFO] ADCParametersView:116 -                Rank 1 : false
2025-08-28 00:16:11,549 [INFO] ADCParametersView:116 -                Rank 2 : false
2025-08-28 00:16:11,549 [INFO] ADCParametersView:116 -                Rank 3 : false
2025-08-28 00:16:11,549 [INFO] ADCParametersView:116 -                Rank 4 : false
2025-08-28 00:16:11,549 [INFO] ADCParametersView:116 -                Rank 1 : false
2025-08-28 00:16:11,549 [INFO] ADCParametersView:116 -                Rank 2 : false
2025-08-28 00:16:11,549 [INFO] ADCParametersView:116 -                Rank 3 : false
2025-08-28 00:16:11,549 [INFO] ADCParametersView:116 -                Rank 4 : false
2025-08-28 00:16:11,549 [INFO] ADCParametersView:116 -                Rank 1 : false
2025-08-28 00:16:11,549 [INFO] ADCParametersView:116 -                Rank 2 : false
2025-08-28 00:16:11,549 [INFO] ADCParametersView:116 -                Rank 3 : false
2025-08-28 00:16:11,549 [INFO] ADCParametersView:116 -                Rank 4 : false
2025-08-28 00:16:11,549 [INFO] ADCParametersView:116 -                Rank 1 : false
2025-08-28 00:16:11,549 [INFO] ADCParametersView:116 -                Rank 2 : false
2025-08-28 00:16:11,549 [INFO] ADCParametersView:116 -                Rank 3 : false
2025-08-28 00:16:11,549 [INFO] ADCParametersView:116 -                Rank 4 : false
2025-08-28 00:16:11,549 [INFO] ADCParametersView:116 -                Rank 1 : false
2025-08-28 00:16:11,549 [INFO] ADCParametersView:116 -                Rank 2 : false
2025-08-28 00:16:11,549 [INFO] ADCParametersView:116 -                Rank 3 : false
2025-08-28 00:16:11,549 [INFO] ADCParametersView:116 -                Rank 4 : false
2025-08-28 00:16:11,549 [INFO] ADCParametersView:116 -                Rank 2 : false
2025-08-28 00:16:11,549 [INFO] ADCParametersView:116 -                Rank 3 : false
2025-08-28 00:16:11,549 [INFO] ADCParametersView:116 -                Rank 4 : false
2025-08-28 00:16:11,549 [INFO] ADCParametersView:116 -                Rank 3 : false
2025-08-28 00:16:11,549 [INFO] ADCParametersView:116 -                Rank 4 : false
2025-08-28 00:16:11,550 [INFO] ADCParametersView:116 -                Rank 4 : false
2025-08-28 00:16:11,638 [INFO] ADCParametersView:116 -                Rank 1 : false
2025-08-28 00:16:11,638 [INFO] ADCParametersView:116 -                Rank 1 : false
2025-08-28 00:16:11,638 [INFO] ADCParametersView:116 -                Rank 2 : false
2025-08-28 00:16:11,638 [INFO] ADCParametersView:116 -                Rank 1 : false
2025-08-28 00:16:11,638 [INFO] ADCParametersView:116 -                Rank 2 : false
2025-08-28 00:16:11,638 [INFO] ADCParametersView:116 -                Rank 3 : false
2025-08-28 00:16:11,638 [INFO] ADCParametersView:116 -                Rank 1 : false
2025-08-28 00:16:11,638 [INFO] ADCParametersView:116 -                Rank 2 : false
2025-08-28 00:16:11,638 [INFO] ADCParametersView:116 -                Rank 3 : false
2025-08-28 00:16:11,638 [INFO] ADCParametersView:116 -                Rank 4 : false
2025-08-28 00:16:11,639 [INFO] ADCParametersView:116 -                Rank 1 : false
2025-08-28 00:16:11,639 [INFO] ADCParametersView:116 -                Rank 2 : false
2025-08-28 00:16:11,639 [INFO] ADCParametersView:116 -                Rank 3 : false
2025-08-28 00:16:11,639 [INFO] ADCParametersView:116 -                Rank 4 : false
2025-08-28 00:16:11,639 [INFO] ADCParametersView:116 -                Rank 1 : false
2025-08-28 00:16:11,639 [INFO] ADCParametersView:116 -                Rank 2 : false
2025-08-28 00:16:11,639 [INFO] ADCParametersView:116 -                Rank 3 : false
2025-08-28 00:16:11,639 [INFO] ADCParametersView:116 -                Rank 4 : false
2025-08-28 00:16:11,639 [INFO] ADCParametersView:116 -                Rank 1 : false
2025-08-28 00:16:11,639 [INFO] ADCParametersView:116 -                Rank 2 : false
2025-08-28 00:16:11,639 [INFO] ADCParametersView:116 -                Rank 3 : false
2025-08-28 00:16:11,639 [INFO] ADCParametersView:116 -                Rank 4 : false
2025-08-28 00:16:11,639 [INFO] ADCParametersView:116 -                Rank 1 : false
2025-08-28 00:16:11,639 [INFO] ADCParametersView:116 -                Rank 2 : false
2025-08-28 00:16:11,639 [INFO] ADCParametersView:116 -                Rank 3 : false
2025-08-28 00:16:11,639 [INFO] ADCParametersView:116 -                Rank 4 : false
2025-08-28 00:16:11,639 [INFO] ADCParametersView:116 -                Rank 1 : false
2025-08-28 00:16:11,639 [INFO] ADCParametersView:116 -                Rank 2 : false
2025-08-28 00:16:11,639 [INFO] ADCParametersView:116 -                Rank 3 : false
2025-08-28 00:16:11,639 [INFO] ADCParametersView:116 -                Rank 4 : false
2025-08-28 00:16:11,639 [INFO] ADCParametersView:116 -                Rank 1 : false
2025-08-28 00:16:11,639 [INFO] ADCParametersView:116 -                Rank 2 : false
2025-08-28 00:16:11,639 [INFO] ADCParametersView:116 -                Rank 3 : false
2025-08-28 00:16:11,639 [INFO] ADCParametersView:116 -                Rank 4 : false
2025-08-28 00:16:11,640 [INFO] ADCParametersView:116 -                Rank 1 : false
2025-08-28 00:16:11,640 [INFO] ADCParametersView:116 -                Rank 2 : false
2025-08-28 00:16:11,640 [INFO] ADCParametersView:116 -                Rank 3 : false
2025-08-28 00:16:11,640 [INFO] ADCParametersView:116 -                Rank 4 : false
2025-08-28 00:16:11,640 [INFO] ADCParametersView:116 -                Rank 1 : false
2025-08-28 00:16:11,640 [INFO] ADCParametersView:116 -                Rank 2 : false
2025-08-28 00:16:11,640 [INFO] ADCParametersView:116 -                Rank 3 : false
2025-08-28 00:16:11,640 [INFO] ADCParametersView:116 -                Rank 4 : false
2025-08-28 00:16:11,640 [INFO] ADCParametersView:116 -                Rank 1 : false
2025-08-28 00:16:11,640 [INFO] ADCParametersView:116 -                Rank 2 : false
2025-08-28 00:16:11,640 [INFO] ADCParametersView:116 -                Rank 3 : false
2025-08-28 00:16:11,640 [INFO] ADCParametersView:116 -                Rank 4 : false
2025-08-28 00:16:11,640 [INFO] ADCParametersView:116 -                Rank 1 : false
2025-08-28 00:16:11,640 [INFO] ADCParametersView:116 -                Rank 2 : false
2025-08-28 00:16:11,640 [INFO] ADCParametersView:116 -                Rank 3 : false
2025-08-28 00:16:11,640 [INFO] ADCParametersView:116 -                Rank 4 : false
2025-08-28 00:16:11,640 [INFO] ADCParametersView:116 -                Rank 1 : false
2025-08-28 00:16:11,640 [INFO] ADCParametersView:116 -                Rank 2 : false
2025-08-28 00:16:11,640 [INFO] ADCParametersView:116 -                Rank 3 : false
2025-08-28 00:16:11,640 [INFO] ADCParametersView:116 -                Rank 4 : false
2025-08-28 00:16:11,640 [INFO] ADCParametersView:116 -                Rank 1 : false
2025-08-28 00:16:11,640 [INFO] ADCParametersView:116 -                Rank 2 : false
2025-08-28 00:16:11,640 [INFO] ADCParametersView:116 -                Rank 3 : false
2025-08-28 00:16:11,640 [INFO] ADCParametersView:116 -                Rank 4 : false
2025-08-28 00:16:11,640 [INFO] ADCParametersView:116 -                Rank 1 : false
2025-08-28 00:16:11,640 [INFO] ADCParametersView:116 -                Rank 2 : false
2025-08-28 00:16:11,640 [INFO] ADCParametersView:116 -                Rank 3 : false
2025-08-28 00:16:11,640 [INFO] ADCParametersView:116 -                Rank 4 : false
2025-08-28 00:16:11,640 [INFO] ADCParametersView:116 -                Rank 1 : false
2025-08-28 00:16:11,640 [INFO] ADCParametersView:116 -                Rank 2 : false
2025-08-28 00:16:11,640 [INFO] ADCParametersView:116 -                Rank 3 : false
2025-08-28 00:16:11,640 [INFO] ADCParametersView:116 -                Rank 4 : false
2025-08-28 00:16:11,640 [INFO] ADCParametersView:116 -                Rank 1 : false
2025-08-28 00:16:11,640 [INFO] ADCParametersView:116 -                Rank 2 : false
2025-08-28 00:16:11,640 [INFO] ADCParametersView:116 -                Rank 3 : false
2025-08-28 00:16:11,640 [INFO] ADCParametersView:116 -                Rank 4 : false
2025-08-28 00:16:11,641 [INFO] ADCParametersView:116 -                Rank 1 : false
2025-08-28 00:16:11,641 [INFO] ADCParametersView:116 -                Rank 2 : false
2025-08-28 00:16:11,641 [INFO] ADCParametersView:116 -                Rank 3 : false
2025-08-28 00:16:11,641 [INFO] ADCParametersView:116 -                Rank 4 : false
2025-08-28 00:16:11,641 [INFO] ADCParametersView:116 -                Rank 1 : false
2025-08-28 00:16:11,641 [INFO] ADCParametersView:116 -                Rank 2 : false
2025-08-28 00:16:11,641 [INFO] ADCParametersView:116 -                Rank 3 : false
2025-08-28 00:16:11,641 [INFO] ADCParametersView:116 -                Rank 4 : false
2025-08-28 00:16:11,641 [INFO] ADCParametersView:116 -                Rank 1 : false
2025-08-28 00:16:11,641 [INFO] ADCParametersView:116 -                Rank 2 : false
2025-08-28 00:16:11,641 [INFO] ADCParametersView:116 -                Rank 3 : false
2025-08-28 00:16:11,641 [INFO] ADCParametersView:116 -                Rank 4 : false
2025-08-28 00:16:11,641 [INFO] ADCParametersView:116 -                Rank 1 : false
2025-08-28 00:16:11,641 [INFO] ADCParametersView:116 -                Rank 2 : false
2025-08-28 00:16:11,641 [INFO] ADCParametersView:116 -                Rank 3 : false
2025-08-28 00:16:11,641 [INFO] ADCParametersView:116 -                Rank 4 : false
2025-08-28 00:16:11,641 [INFO] ADCParametersView:116 -                Rank 1 : false
2025-08-28 00:16:11,641 [INFO] ADCParametersView:116 -                Rank 2 : false
2025-08-28 00:16:11,641 [INFO] ADCParametersView:116 -                Rank 3 : false
2025-08-28 00:16:11,641 [INFO] ADCParametersView:116 -                Rank 4 : false
2025-08-28 00:16:11,641 [INFO] ADCParametersView:116 -                Rank 1 : false
2025-08-28 00:16:11,641 [INFO] ADCParametersView:116 -                Rank 2 : false
2025-08-28 00:16:11,641 [INFO] ADCParametersView:116 -                Rank 3 : false
2025-08-28 00:16:11,641 [INFO] ADCParametersView:116 -                Rank 4 : false
2025-08-28 00:16:11,641 [INFO] ADCParametersView:116 -                Rank 1 : false
2025-08-28 00:16:11,641 [INFO] ADCParametersView:116 -                Rank 2 : false
2025-08-28 00:16:11,641 [INFO] ADCParametersView:116 -                Rank 3 : false
2025-08-28 00:16:11,641 [INFO] ADCParametersView:116 -                Rank 4 : false
2025-08-28 00:16:11,641 [INFO] ADCParametersView:116 -                Rank 1 : false
2025-08-28 00:16:11,641 [INFO] ADCParametersView:116 -                Rank 2 : false
2025-08-28 00:16:11,641 [INFO] ADCParametersView:116 -                Rank 3 : false
2025-08-28 00:16:11,641 [INFO] ADCParametersView:116 -                Rank 4 : false
2025-08-28 00:16:11,641 [INFO] ADCParametersView:116 -                Rank 2 : false
2025-08-28 00:16:11,641 [INFO] ADCParametersView:116 -                Rank 3 : false
2025-08-28 00:16:11,641 [INFO] ADCParametersView:116 -                Rank 4 : false
2025-08-28 00:16:11,641 [INFO] ADCParametersView:116 -                Rank 3 : false
2025-08-28 00:16:11,641 [INFO] ADCParametersView:116 -                Rank 4 : false
2025-08-28 00:16:11,641 [INFO] ADCParametersView:116 -                Rank 4 : false
2025-08-28 00:16:11,737 [INFO] ADCParametersView:116 -                Rank 1 : false
2025-08-28 00:16:11,737 [INFO] ADCParametersView:116 -                Rank 1 : false
2025-08-28 00:16:11,737 [INFO] ADCParametersView:116 -                Rank 2 : false
2025-08-28 00:16:11,737 [INFO] ADCParametersView:116 -                Rank 1 : false
2025-08-28 00:16:11,737 [INFO] ADCParametersView:116 -                Rank 2 : false
2025-08-28 00:16:11,737 [INFO] ADCParametersView:116 -                Rank 3 : false
2025-08-28 00:16:11,737 [INFO] ADCParametersView:116 -                Rank 1 : false
2025-08-28 00:16:11,737 [INFO] ADCParametersView:116 -                Rank 2 : false
2025-08-28 00:16:11,737 [INFO] ADCParametersView:116 -                Rank 3 : false
2025-08-28 00:16:11,737 [INFO] ADCParametersView:116 -                Rank 4 : false
2025-08-28 00:16:19,650 [INFO] NvicIntPanel:101 - NVIC parent = com.st.microxplorer.plugins.ip.nvic.MultiNvicIntPanel[,0,0,0x0,invalid,layout=javax.swing.BoxLayout,alignmentX=0.0,alignmentY=0.0,border=,flags=9,maximumSize=,minimumSize=,preferredSize=]
2025-08-28 00:16:19,780 [INFO] ADCParametersView:116 -                Rank 1 : false
2025-08-28 00:16:19,780 [INFO] ADCParametersView:116 -                Rank 2 : false
2025-08-28 00:16:19,780 [INFO] ADCParametersView:116 -                Rank 3 : false
2025-08-28 00:16:19,780 [INFO] ADCParametersView:116 -                Rank 4 : false
2025-08-28 00:16:19,782 [INFO] ADCParametersView:116 -                Rank 1 : false
2025-08-28 00:16:19,782 [INFO] ADCParametersView:116 -                Rank 2 : false
2025-08-28 00:16:19,782 [INFO] ADCParametersView:116 -                Rank 3 : false
2025-08-28 00:16:19,782 [INFO] ADCParametersView:116 -                Rank 4 : false
2025-08-28 00:16:19,782 [INFO] ADCParametersView:116 -                Rank 1 : false
2025-08-28 00:16:19,782 [INFO] ADCParametersView:116 -                Rank 2 : false
2025-08-28 00:16:19,782 [INFO] ADCParametersView:116 -                Rank 3 : false
2025-08-28 00:16:19,782 [INFO] ADCParametersView:116 -                Rank 4 : false
2025-08-28 00:16:19,782 [INFO] ADCParametersView:116 -                Rank 1 : false
2025-08-28 00:16:19,782 [INFO] ADCParametersView:116 -                Rank 2 : false
2025-08-28 00:16:19,782 [INFO] ADCParametersView:116 -                Rank 3 : false
2025-08-28 00:16:19,782 [INFO] ADCParametersView:116 -                Rank 4 : false
2025-08-28 00:16:19,782 [INFO] ADCParametersView:116 -                Rank 1 : false
2025-08-28 00:16:19,782 [INFO] ADCParametersView:116 -                Rank 2 : false
2025-08-28 00:16:19,782 [INFO] ADCParametersView:116 -                Rank 3 : false
2025-08-28 00:16:19,782 [INFO] ADCParametersView:116 -                Rank 4 : false
2025-08-28 00:16:19,782 [INFO] ADCParametersView:116 -                Rank 1 : false
2025-08-28 00:16:19,782 [INFO] ADCParametersView:116 -                Rank 2 : false
2025-08-28 00:16:19,783 [INFO] ADCParametersView:116 -                Rank 3 : false
2025-08-28 00:16:19,783 [INFO] ADCParametersView:116 -                Rank 4 : false
2025-08-28 00:16:19,783 [INFO] ADCParametersView:116 -                Rank 1 : false
2025-08-28 00:16:19,783 [INFO] ADCParametersView:116 -                Rank 2 : false
2025-08-28 00:16:19,783 [INFO] ADCParametersView:116 -                Rank 3 : false
2025-08-28 00:16:19,783 [INFO] ADCParametersView:116 -                Rank 4 : false
2025-08-28 00:16:19,783 [INFO] ADCParametersView:116 -                Rank 1 : false
2025-08-28 00:16:19,783 [INFO] ADCParametersView:116 -                Rank 2 : false
2025-08-28 00:16:19,783 [INFO] ADCParametersView:116 -                Rank 3 : false
2025-08-28 00:16:19,783 [INFO] ADCParametersView:116 -                Rank 4 : false
2025-08-28 00:16:19,783 [INFO] ADCParametersView:116 -                Rank 1 : false
2025-08-28 00:16:19,783 [INFO] ADCParametersView:116 -                Rank 2 : false
2025-08-28 00:16:19,783 [INFO] ADCParametersView:116 -                Rank 3 : false
2025-08-28 00:16:19,783 [INFO] ADCParametersView:116 -                Rank 4 : false
2025-08-28 00:16:19,783 [INFO] ADCParametersView:116 -                Rank 1 : false
2025-08-28 00:16:19,783 [INFO] ADCParametersView:116 -                Rank 2 : false
2025-08-28 00:16:19,783 [INFO] ADCParametersView:116 -                Rank 3 : false
2025-08-28 00:16:19,783 [INFO] ADCParametersView:116 -                Rank 4 : false
2025-08-28 00:16:19,783 [INFO] ADCParametersView:116 -                Rank 1 : false
2025-08-28 00:16:19,783 [INFO] ADCParametersView:116 -                Rank 2 : false
2025-08-28 00:16:19,783 [INFO] ADCParametersView:116 -                Rank 3 : false
2025-08-28 00:16:19,783 [INFO] ADCParametersView:116 -                Rank 4 : false
2025-08-28 00:16:19,783 [INFO] ADCParametersView:116 -                Rank 1 : false
2025-08-28 00:16:19,783 [INFO] ADCParametersView:116 -                Rank 2 : false
2025-08-28 00:16:19,783 [INFO] ADCParametersView:116 -                Rank 3 : false
2025-08-28 00:16:19,783 [INFO] ADCParametersView:116 -                Rank 4 : false
2025-08-28 00:16:19,783 [INFO] ADCParametersView:116 -                Rank 1 : false
2025-08-28 00:16:19,783 [INFO] ADCParametersView:116 -                Rank 2 : false
2025-08-28 00:16:19,783 [INFO] ADCParametersView:116 -                Rank 3 : false
2025-08-28 00:16:19,783 [INFO] ADCParametersView:116 -                Rank 4 : false
2025-08-28 00:16:19,783 [INFO] ADCParametersView:116 -                Rank 1 : false
2025-08-28 00:16:19,783 [INFO] ADCParametersView:116 -                Rank 2 : false
2025-08-28 00:16:19,783 [INFO] ADCParametersView:116 -                Rank 3 : false
2025-08-28 00:16:19,783 [INFO] ADCParametersView:116 -                Rank 4 : false
2025-08-28 00:16:19,783 [INFO] ADCParametersView:116 -                Rank 1 : false
2025-08-28 00:16:19,783 [INFO] ADCParametersView:116 -                Rank 2 : false
2025-08-28 00:16:19,783 [INFO] ADCParametersView:116 -                Rank 3 : false
2025-08-28 00:16:19,783 [INFO] ADCParametersView:116 -                Rank 4 : false
2025-08-28 00:16:19,783 [INFO] ADCParametersView:116 -                Rank 1 : false
2025-08-28 00:16:19,783 [INFO] ADCParametersView:116 -                Rank 2 : false
2025-08-28 00:16:19,783 [INFO] ADCParametersView:116 -                Rank 3 : false
2025-08-28 00:16:19,783 [INFO] ADCParametersView:116 -                Rank 4 : false
2025-08-28 00:16:19,783 [INFO] ADCParametersView:116 -                Rank 1 : false
2025-08-28 00:16:19,783 [INFO] ADCParametersView:116 -                Rank 2 : false
2025-08-28 00:16:19,783 [INFO] ADCParametersView:116 -                Rank 3 : false
2025-08-28 00:16:19,783 [INFO] ADCParametersView:116 -                Rank 4 : false
2025-08-28 00:16:19,783 [INFO] ADCParametersView:116 -                Rank 1 : false
2025-08-28 00:16:19,783 [INFO] ADCParametersView:116 -                Rank 2 : false
2025-08-28 00:16:19,783 [INFO] ADCParametersView:116 -                Rank 3 : false
2025-08-28 00:16:19,783 [INFO] ADCParametersView:116 -                Rank 4 : false
2025-08-28 00:16:19,783 [INFO] ADCParametersView:116 -                Rank 1 : false
2025-08-28 00:16:19,783 [INFO] ADCParametersView:116 -                Rank 2 : false
2025-08-28 00:16:19,784 [INFO] ADCParametersView:116 -                Rank 3 : false
2025-08-28 00:16:19,784 [INFO] ADCParametersView:116 -                Rank 4 : false
2025-08-28 00:16:19,784 [INFO] ADCParametersView:116 -                Rank 1 : false
2025-08-28 00:16:19,784 [INFO] ADCParametersView:116 -                Rank 2 : false
2025-08-28 00:16:19,784 [INFO] ADCParametersView:116 -                Rank 3 : false
2025-08-28 00:16:19,784 [INFO] ADCParametersView:116 -                Rank 4 : false
2025-08-28 00:16:19,784 [INFO] ADCParametersView:116 -                Rank 1 : false
2025-08-28 00:16:19,784 [INFO] ADCParametersView:116 -                Rank 2 : false
2025-08-28 00:16:19,784 [INFO] ADCParametersView:116 -                Rank 3 : false
2025-08-28 00:16:19,784 [INFO] ADCParametersView:116 -                Rank 4 : false
2025-08-28 00:16:19,784 [INFO] ADCParametersView:116 -                Rank 1 : false
2025-08-28 00:16:19,784 [INFO] ADCParametersView:116 -                Rank 2 : false
2025-08-28 00:16:19,784 [INFO] ADCParametersView:116 -                Rank 3 : false
2025-08-28 00:16:19,784 [INFO] ADCParametersView:116 -                Rank 4 : false
2025-08-28 00:16:19,784 [INFO] ADCParametersView:116 -                Rank 1 : false
2025-08-28 00:16:19,784 [INFO] ADCParametersView:116 -                Rank 2 : false
2025-08-28 00:16:19,784 [INFO] ADCParametersView:116 -                Rank 3 : false
2025-08-28 00:16:19,784 [INFO] ADCParametersView:116 -                Rank 4 : false
2025-08-28 00:16:19,784 [INFO] ADCParametersView:116 -                Rank 2 : false
2025-08-28 00:16:19,784 [INFO] ADCParametersView:116 -                Rank 3 : false
2025-08-28 00:16:19,784 [INFO] ADCParametersView:116 -                Rank 4 : false
2025-08-28 00:16:19,784 [INFO] ADCParametersView:116 -                Rank 3 : false
2025-08-28 00:16:19,784 [INFO] ADCParametersView:116 -                Rank 4 : false
2025-08-28 00:16:19,784 [INFO] ADCParametersView:116 -                Rank 4 : false
2025-08-28 00:16:19,898 [INFO] ADCParametersView:116 -                Rank 1 : false
2025-08-28 00:16:19,899 [INFO] ADCParametersView:116 -                Rank 1 : false
2025-08-28 00:16:19,899 [INFO] ADCParametersView:116 -                Rank 2 : false
2025-08-28 00:16:19,899 [INFO] ADCParametersView:116 -                Rank 1 : false
2025-08-28 00:16:19,899 [INFO] ADCParametersView:116 -                Rank 2 : false
2025-08-28 00:16:19,899 [INFO] ADCParametersView:116 -                Rank 3 : false
2025-08-28 00:16:19,899 [INFO] ADCParametersView:116 -                Rank 1 : false
2025-08-28 00:16:19,899 [INFO] ADCParametersView:116 -                Rank 2 : false
2025-08-28 00:16:19,899 [INFO] ADCParametersView:116 -                Rank 3 : false
2025-08-28 00:16:19,899 [INFO] ADCParametersView:116 -                Rank 4 : false
2025-08-28 00:16:30,041 [INFO] ADCParametersView:116 -                Rank 1 : true
2025-08-28 00:16:30,041 [INFO] ADCParametersView:116 -                Rank 2 : false
2025-08-28 00:16:30,041 [INFO] ADCParametersView:116 -                Rank 3 : false
2025-08-28 00:16:30,041 [INFO] ADCParametersView:116 -                Rank 4 : false
2025-08-28 00:16:31,058 [INFO] ADCParametersView:116 -                Rank 1 : false
2025-08-28 00:16:31,058 [INFO] ADCParametersView:116 -                Rank 2 : false
2025-08-28 00:16:31,058 [INFO] ADCParametersView:116 -                Rank 3 : false
2025-08-28 00:16:31,058 [INFO] ADCParametersView:116 -                Rank 4 : false
2025-08-28 00:16:39,018 [INFO] NvicIntPanel:101 - NVIC parent = com.st.microxplorer.plugins.ip.nvic.MultiNvicIntPanel[,0,0,0x0,invalid,layout=javax.swing.BoxLayout,alignmentX=0.0,alignmentY=0.0,border=,flags=9,maximumSize=,minimumSize=,preferredSize=]
2025-08-28 00:16:44,004 [INFO] NvicIntPanel:101 - NVIC parent = com.st.microxplorer.plugins.ip.nvic.MultiNvicIntPanel[,0,0,0x0,invalid,layout=javax.swing.BoxLayout,alignmentX=0.0,alignmentY=0.0,border=,flags=9,maximumSize=,minimumSize=,preferredSize=]
2025-08-28 00:16:44,735 [INFO] NvicIntPanel:101 - NVIC parent = com.st.microxplorer.plugins.ip.nvic.MultiNvicIntPanel[,0,0,0x0,invalid,layout=javax.swing.BoxLayout,alignmentX=0.0,alignmentY=0.0,border=,flags=9,maximumSize=,minimumSize=,preferredSize=]
2025-08-28 00:16:45,908 [INFO] UtilMem:75 - End SaveConfig() Used Memory: 820829136 Bytes (1073741824)
2025-08-28 00:16:46,050 [INFO] UtilMem:75 - End SaveConfig() Used Memory: 854574576 Bytes (1073741824)
2025-08-28 00:16:46,660 [INFO] UtilMem:75 - End SaveConfig() Used Memory: 900189680 Bytes (1073741824)
2025-08-28 00:16:47,719 [INFO] BlockDiagram:2775 - set Specific Code input for plugin: FREERTOS
2025-08-28 00:16:47,719 [INFO] BlockDiagram:2775 - set Specific Code input for plugin: FREERTOS
2025-08-28 00:16:47,719 [INFO] BlockDiagram:2775 - set Specific Code input for plugin: RCC
2025-08-28 00:16:47,719 [INFO] BlockDiagram:2775 - set Specific Code input for plugin: I2C
2025-08-28 00:16:47,719 [INFO] BlockDiagram:2775 - set Specific Code input for plugin: USART
2025-08-28 00:16:47,719 [INFO] BlockDiagram:2775 - set Specific Code input for plugin: MEMORYMAP
2025-08-28 00:16:47,719 [INFO] BlockDiagram:2775 - set Specific Code input for plugin: TIM6_7H7
2025-08-28 00:16:47,720 [INFO] BlockDiagram:2775 - set Specific Code input for plugin: TIM1_8H7
2025-08-28 00:16:47,720 [INFO] BlockDiagram:2775 - set Specific Code input for plugin: SYS
2025-08-28 00:16:47,720 [INFO] BlockDiagram:2775 - set Specific Code input for plugin: ADC
2025-08-28 00:16:47,720 [INFO] BlockDiagram:2775 - set Specific Code input for plugin: ADC
2025-08-28 00:16:47,720 [INFO] BlockDiagram:2775 - set Specific Code input for plugin: DMA
2025-08-28 00:16:47,720 [INFO] BlockDiagram:2775 - set Specific Code input for plugin: NVIC2
2025-08-28 00:16:47,720 [INFO] BlockDiagram:2775 - set Specific Code input for plugin: UART
2025-08-28 00:16:47,720 [INFO] BlockDiagram:2775 - set Specific Code input for plugin: UART
2025-08-28 00:16:47,720 [INFO] BlockDiagram:2775 - set Specific Code input for plugin: GPIO
2025-08-28 00:16:47,720 [INFO] BlockDiagram:2775 - set Specific Code input for plugin: SYS_M4
2025-08-28 00:16:47,720 [INFO] BlockDiagram:2775 - set Specific Code input for plugin: NUCLEO-H755ZI-Q
2025-08-28 00:16:47,720 [INFO] BlockDiagram:2775 - set Specific Code input for plugin: NVIC1
2025-08-28 00:16:47,721 [INFO] CodeGenerator:892 - code generatio: config db path: C:\ST\STM32CubeIDE_1.19.0\STM32CubeIDE\plugins\com.st.stm32cube.common.mx_6.15.0.202507011659\\db\
2025-08-28 00:16:47,730 [INFO] Argument:325 - Argument : hdmavalue: null
2025-08-28 00:16:47,730 [INFO] Argument:327 - 	 sub Args: 
2025-08-28 00:16:47,730 [INFO] Argument:325 - Argument : Instancevalue: DMA1_Stream0
2025-08-28 00:16:47,730 [INFO] Argument:335 - Argument : Instancevalue: DMA1_Stream0
2025-08-28 00:16:47,730 [INFO] Argument:325 - Argument : Initvalue: null
2025-08-28 00:16:47,730 [INFO] Argument:327 - 	 sub Args: 
2025-08-28 00:16:47,730 [INFO] Argument:325 - Argument : Requestvalue: DMA_REQUEST_ADC3
2025-08-28 00:16:47,730 [INFO] Argument:335 - Argument : Requestvalue: DMA_REQUEST_ADC3
2025-08-28 00:16:47,730 [INFO] Argument:325 - Argument : Directionvalue: DMA_PERIPH_TO_MEMORY
2025-08-28 00:16:47,730 [INFO] Argument:335 - Argument : Directionvalue: DMA_PERIPH_TO_MEMORY
2025-08-28 00:16:47,730 [INFO] Argument:325 - Argument : PeriphIncvalue: DMA_PINC_DISABLE
2025-08-28 00:16:47,730 [INFO] Argument:335 - Argument : PeriphIncvalue: DMA_PINC_DISABLE
2025-08-28 00:16:47,730 [INFO] Argument:325 - Argument : MemIncvalue: DMA_MINC_ENABLE
2025-08-28 00:16:47,730 [INFO] Argument:335 - Argument : MemIncvalue: DMA_MINC_ENABLE
2025-08-28 00:16:47,730 [INFO] Argument:325 - Argument : PeriphDataAlignmentvalue: DMA_PDATAALIGN_HALFWORD
2025-08-28 00:16:47,730 [INFO] Argument:335 - Argument : PeriphDataAlignmentvalue: DMA_PDATAALIGN_HALFWORD
2025-08-28 00:16:47,730 [INFO] Argument:325 - Argument : MemDataAlignmentvalue: DMA_MDATAALIGN_HALFWORD
2025-08-28 00:16:47,730 [INFO] Argument:335 - Argument : MemDataAlignmentvalue: DMA_MDATAALIGN_HALFWORD
2025-08-28 00:16:47,730 [INFO] Argument:325 - Argument : Modevalue: DMA_CIRCULAR
2025-08-28 00:16:47,730 [INFO] Argument:335 - Argument : Modevalue: DMA_CIRCULAR
2025-08-28 00:16:47,730 [INFO] Argument:325 - Argument : Priorityvalue: DMA_PRIORITY_LOW
2025-08-28 00:16:47,730 [INFO] Argument:335 - Argument : Priorityvalue: DMA_PRIORITY_LOW
2025-08-28 00:16:47,730 [INFO] Argument:325 - Argument : FIFOModevalue: DMA_FIFOMODE_DISABLE
2025-08-28 00:16:47,730 [INFO] Argument:335 - Argument : FIFOModevalue: DMA_FIFOMODE_DISABLE
2025-08-28 00:16:47,730 [INFO] Argument:325 - Argument : FIFOThresholdvalue: null
2025-08-28 00:16:47,730 [INFO] Argument:335 - Argument : FIFOThresholdvalue: null
2025-08-28 00:16:47,731 [INFO] Argument:325 - Argument : MemBurstvalue: null
2025-08-28 00:16:47,731 [INFO] Argument:335 - Argument : MemBurstvalue: null
2025-08-28 00:16:47,731 [INFO] Argument:325 - Argument : PeriphBurstvalue: null
2025-08-28 00:16:47,731 [INFO] Argument:335 - Argument : PeriphBurstvalue: null
2025-08-28 00:16:47,731 [INFO] Argument:325 - Argument : Lockvalue: null
2025-08-28 00:16:47,731 [INFO] Argument:335 - Argument : Lockvalue: null
2025-08-28 00:16:47,731 [INFO] Argument:325 - Argument : Statevalue: null
2025-08-28 00:16:47,731 [INFO] Argument:335 - Argument : Statevalue: null
2025-08-28 00:16:47,731 [INFO] Argument:325 - Argument : Parentvalue: null
2025-08-28 00:16:47,731 [INFO] Argument:335 - Argument : Parentvalue: null
2025-08-28 00:16:47,731 [INFO] Argument:325 - Argument : XferCpltCallbackvalue: null
2025-08-28 00:16:47,731 [INFO] Argument:335 - Argument : XferCpltCallbackvalue: null
2025-08-28 00:16:47,731 [INFO] Argument:325 - Argument : XferHalfCpltCallbackvalue: null
2025-08-28 00:16:47,731 [INFO] Argument:335 - Argument : XferHalfCpltCallbackvalue: null
2025-08-28 00:16:47,731 [INFO] Argument:325 - Argument : XferM1CpltCallbackvalue: null
2025-08-28 00:16:47,731 [INFO] Argument:335 - Argument : XferM1CpltCallbackvalue: null
2025-08-28 00:16:47,731 [INFO] Argument:325 - Argument : XferM1HalfCpltCallbackvalue: null
2025-08-28 00:16:47,731 [INFO] Argument:335 - Argument : XferM1HalfCpltCallbackvalue: null
2025-08-28 00:16:47,731 [INFO] Argument:325 - Argument : XferErrorCallbackvalue: null
2025-08-28 00:16:47,731 [INFO] Argument:335 - Argument : XferErrorCallbackvalue: null
2025-08-28 00:16:47,731 [INFO] Argument:325 - Argument : XferAbortCallbackvalue: null
2025-08-28 00:16:47,731 [INFO] Argument:335 - Argument : XferAbortCallbackvalue: null
2025-08-28 00:16:47,731 [INFO] Argument:325 - Argument : ErrorCodevalue: null
2025-08-28 00:16:47,731 [INFO] Argument:335 - Argument : ErrorCodevalue: null
2025-08-28 00:16:47,731 [INFO] Argument:325 - Argument : StreamBaseAddressvalue: null
2025-08-28 00:16:47,731 [INFO] Argument:335 - Argument : StreamBaseAddressvalue: null
2025-08-28 00:16:47,731 [INFO] Argument:325 - Argument : StreamIndexvalue: null
2025-08-28 00:16:47,731 [INFO] Argument:335 - Argument : StreamIndexvalue: null
2025-08-28 00:16:47,787 [ERROR] IocParser:95 - Exception caught: Cannot invoke "java.lang.CharSequence.length()" because "this.text" is null
2025-08-28 00:16:47,803 [ERROR] CodeGenerator:10662 - The current RTOS owner has not been found in the list of IPs
2025-08-28 00:16:47,803 [ERROR] CodeGenerator:10662 - The current RTOS owner has not been found in the list of IPs
2025-08-28 00:16:47,803 [INFO] CodeGenerator:1619 - *******************Project context M7 selected
2025-08-28 00:16:47,854 [INFO] CodeEngine:265 - oldGeneratedFile, C:\Users\nicks\STM32CubeIDE\workspace_1.19.0\AFR\AFR\MXTmpFiles\license.tmp_save
2025-08-28 00:16:47,977 [INFO] CodeEngine:289 - Generated code: C:\Users\nicks\STM32CubeIDE\workspace_1.19.0\AFR\AFR\MXTmpFiles\license.tmp
2025-08-28 00:16:48,036 [INFO] CodeEngine:265 - oldGeneratedFile, C:\Users\nicks\STM32CubeIDE\workspace_1.19.0\AFR\AFR\CM7\MXTmpFiles\gpio.tmp_save
2025-08-28 00:16:48,100 [INFO] CodeEngine:289 - Generated code: C:\Users\nicks\STM32CubeIDE\workspace_1.19.0\AFR\AFR\CM7\MXTmpFiles\gpio.tmp
2025-08-28 00:16:48,255 [WARN] IPConfigManager:103 - WARNING: Missing Config File for MEMORYMAP ip!!
2025-08-28 00:16:48,325 [WARN] IPConfigManager:103 - WARNING: Missing Config File for NVIC1 ip!!
2025-08-28 00:16:48,438 [ERROR] CodeGenerator:10662 - The current RTOS owner has not been found in the list of IPs
2025-08-28 00:16:48,446 [INFO] CodeEngine:265 - oldGeneratedFile, C:\Users\nicks\STM32CubeIDE\workspace_1.19.0\AFR\AFR\CM7\MXTmpFiles\cortex.tmp_save
2025-08-28 00:16:48,500 [INFO] CodeEngine:289 - Generated code: C:\Users\nicks\STM32CubeIDE\workspace_1.19.0\AFR\AFR\CM7\MXTmpFiles\cortex.tmp
2025-08-28 00:16:48,528 [INFO] CodeEngine:265 - oldGeneratedFile, C:\Users\nicks\STM32CubeIDE\workspace_1.19.0\AFR\AFR\CM7\MXTmpFiles\dma.tmp_save
2025-08-28 00:16:48,575 [INFO] CodeEngine:289 - Generated code: C:\Users\nicks\STM32CubeIDE\workspace_1.19.0\AFR\AFR\CM7\MXTmpFiles\dma.tmp
2025-08-28 00:16:48,580 [INFO] CodeEngine:265 - oldGeneratedFile, C:\Users\nicks\STM32CubeIDE\workspace_1.19.0\AFR\AFR\CM7\MXTmpFiles\dma_GV.tmp_save
2025-08-28 00:16:48,620 [INFO] CodeEngine:289 - Generated code: C:\Users\nicks\STM32CubeIDE\workspace_1.19.0\AFR\AFR\CM7\MXTmpFiles\dma_GV.tmp
2025-08-28 00:16:48,647 [INFO] Middleware:1452 - No code input for Bsp Dependency
2025-08-28 00:16:48,653 [INFO] CodeEngine:265 - oldGeneratedFile, C:\Users\nicks\STM32CubeIDE\workspace_1.19.0\AFR\AFR\CM7\MXTmpFiles\rtos_inc.tmp_save
2025-08-28 00:16:48,702 [INFO] CodeEngine:289 - Generated code: C:\Users\nicks\STM32CubeIDE\workspace_1.19.0\AFR\AFR\CM7\MXTmpFiles\rtos_inc.tmp
2025-08-28 00:16:48,707 [INFO] CodeEngine:265 - oldGeneratedFile, C:\Users\nicks\STM32CubeIDE\workspace_1.19.0\AFR\AFR\CM7\MXTmpFiles\rtos_kernelInit.tmp_save
2025-08-28 00:16:48,751 [INFO] CodeEngine:289 - Generated code: C:\Users\nicks\STM32CubeIDE\workspace_1.19.0\AFR\AFR\CM7\MXTmpFiles\rtos_kernelInit.tmp
2025-08-28 00:16:48,756 [INFO] CodeEngine:265 - oldGeneratedFile, C:\Users\nicks\STM32CubeIDE\workspace_1.19.0\AFR\AFR\CM7\MXTmpFiles\rtos_kernelStart.tmp_save
2025-08-28 00:16:48,798 [INFO] CodeEngine:289 - Generated code: C:\Users\nicks\STM32CubeIDE\workspace_1.19.0\AFR\AFR\CM7\MXTmpFiles\rtos_kernelStart.tmp
2025-08-28 00:16:48,803 [INFO] CodeEngine:265 - oldGeneratedFile, C:\Users\nicks\STM32CubeIDE\workspace_1.19.0\AFR\AFR\CM7\MXTmpFiles\rtos_typedefs.tmp_save
2025-08-28 00:16:48,847 [INFO] CodeEngine:289 - Generated code: C:\Users\nicks\STM32CubeIDE\workspace_1.19.0\AFR\AFR\CM7\MXTmpFiles\rtos_typedefs.tmp
2025-08-28 00:16:48,852 [INFO] CodeEngine:265 - oldGeneratedFile, C:\Users\nicks\STM32CubeIDE\workspace_1.19.0\AFR\AFR\CM7\MXTmpFiles\rtos_vars.tmp_save
2025-08-28 00:16:48,896 [INFO] CodeEngine:289 - Generated code: C:\Users\nicks\STM32CubeIDE\workspace_1.19.0\AFR\AFR\CM7\MXTmpFiles\rtos_vars.tmp
2025-08-28 00:16:48,901 [INFO] CodeEngine:265 - oldGeneratedFile, C:\Users\nicks\STM32CubeIDE\workspace_1.19.0\AFR\AFR\CM7\MXTmpFiles\rtos_pfp.tmp_save
2025-08-28 00:16:48,943 [INFO] CodeEngine:289 - Generated code: C:\Users\nicks\STM32CubeIDE\workspace_1.19.0\AFR\AFR\CM7\MXTmpFiles\rtos_pfp.tmp
2025-08-28 00:16:48,948 [INFO] CodeEngine:265 - oldGeneratedFile, C:\Users\nicks\STM32CubeIDE\workspace_1.19.0\AFR\AFR\CM7\MXTmpFiles\rtos_obj_creat.tmp_save
2025-08-28 00:16:48,993 [INFO] CodeEngine:289 - Generated code: C:\Users\nicks\STM32CubeIDE\workspace_1.19.0\AFR\AFR\CM7\MXTmpFiles\rtos_obj_creat.tmp
2025-08-28 00:16:48,997 [INFO] CodeEngine:265 - oldGeneratedFile, C:\Users\nicks\STM32CubeIDE\workspace_1.19.0\AFR\AFR\CM7\MXTmpFiles\rtos_default_thread.tmp_save
2025-08-28 00:16:49,038 [INFO] CodeEngine:289 - Generated code: C:\Users\nicks\STM32CubeIDE\workspace_1.19.0\AFR\AFR\CM7\MXTmpFiles\rtos_default_thread.tmp
2025-08-28 00:16:49,043 [INFO] CodeEngine:265 - oldGeneratedFile, C:\Users\nicks\STM32CubeIDE\workspace_1.19.0\AFR\AFR\CM7\MXTmpFiles\rtos_threads.tmp_save
2025-08-28 00:16:49,083 [INFO] CodeEngine:289 - Generated code: C:\Users\nicks\STM32CubeIDE\workspace_1.19.0\AFR\AFR\CM7\MXTmpFiles\rtos_threads.tmp
2025-08-28 00:16:49,089 [INFO] CodeEngine:265 - oldGeneratedFile, C:\Users\nicks\STM32CubeIDE\workspace_1.19.0\AFR\AFR\CM7\Core\Inc\FreeRTOSConfig.h_save
2025-08-28 00:16:49,143 [INFO] CodeEngine:289 - Generated code: C:\Users\nicks\STM32CubeIDE\workspace_1.19.0\AFR\AFR\CM7\Core\Inc\FreeRTOSConfig.h
2025-08-28 00:16:49,149 [INFO] CodeEngine:265 - oldGeneratedFile, C:\Users\nicks\STM32CubeIDE\workspace_1.19.0\AFR\AFR\CM7\Core\Src\freertos.c_save
2025-08-28 00:16:49,195 [INFO] CodeEngine:289 - Generated code: C:\Users\nicks\STM32CubeIDE\workspace_1.19.0\AFR\AFR\CM7\Core\Src\freertos.c
2025-08-28 00:16:49,238 [INFO] CodeEngine:265 - oldGeneratedFile, C:\Users\nicks\STM32CubeIDE\workspace_1.19.0\AFR\AFR\CM7\Core\Inc\stm32h7xx_nucleo_conf.h_save
2025-08-28 00:16:49,283 [INFO] CodeEngine:289 - Generated code: C:\Users\nicks\STM32CubeIDE\workspace_1.19.0\AFR\AFR\CM7\Core\Inc\stm32h7xx_nucleo_conf.h
2025-08-28 00:16:49,288 [INFO] CodeEngine:265 - oldGeneratedFile, C:\Users\nicks\STM32CubeIDE\workspace_1.19.0\AFR\AFR\CM7\MXTmpFiles\bsp_inc.tmp_save
2025-08-28 00:16:49,327 [INFO] CodeEngine:289 - Generated code: C:\Users\nicks\STM32CubeIDE\workspace_1.19.0\AFR\AFR\CM7\MXTmpFiles\bsp_inc.tmp
2025-08-28 00:16:49,332 [INFO] CodeEngine:265 - oldGeneratedFile, C:\Users\nicks\STM32CubeIDE\workspace_1.19.0\AFR\AFR\CM7\MXTmpFiles\bsp_common_vars.tmp_save
2025-08-28 00:16:49,369 [INFO] CodeEngine:289 - Generated code: C:\Users\nicks\STM32CubeIDE\workspace_1.19.0\AFR\AFR\CM7\MXTmpFiles\bsp_common_vars.tmp
2025-08-28 00:16:49,374 [INFO] CodeEngine:265 - oldGeneratedFile, C:\Users\nicks\STM32CubeIDE\workspace_1.19.0\AFR\AFR\CM7\MXTmpFiles\bsp_common_init.tmp_save
2025-08-28 00:16:49,413 [INFO] CodeEngine:289 - Generated code: C:\Users\nicks\STM32CubeIDE\workspace_1.19.0\AFR\AFR\CM7\MXTmpFiles\bsp_common_init.tmp
2025-08-28 00:16:49,418 [INFO] CodeEngine:265 - oldGeneratedFile, C:\Users\nicks\STM32CubeIDE\workspace_1.19.0\AFR\AFR\CM7\MXTmpFiles\bsp_common_demo_before_while.tmp_save
2025-08-28 00:16:49,458 [INFO] CodeEngine:289 - Generated code: C:\Users\nicks\STM32CubeIDE\workspace_1.19.0\AFR\AFR\CM7\MXTmpFiles\bsp_common_demo_before_while.tmp
2025-08-28 00:16:49,463 [INFO] CodeEngine:265 - oldGeneratedFile, C:\Users\nicks\STM32CubeIDE\workspace_1.19.0\AFR\AFR\CM7\MXTmpFiles\bsp_common_demo_inside_while.tmp_save
2025-08-28 00:16:49,504 [INFO] CodeEngine:289 - Generated code: C:\Users\nicks\STM32CubeIDE\workspace_1.19.0\AFR\AFR\CM7\MXTmpFiles\bsp_common_demo_inside_while.tmp
2025-08-28 00:16:49,508 [INFO] CodeEngine:265 - oldGeneratedFile, C:\Users\nicks\STM32CubeIDE\workspace_1.19.0\AFR\AFR\CM7\MXTmpFiles\bsp_common_demo_fct.tmp_save
2025-08-28 00:16:49,545 [INFO] CodeEngine:289 - Generated code: C:\Users\nicks\STM32CubeIDE\workspace_1.19.0\AFR\AFR\CM7\MXTmpFiles\bsp_common_demo_fct.tmp
2025-08-28 00:16:49,568 [INFO] CodeEngine:265 - oldGeneratedFile, C:\Users\nicks\STM32CubeIDE\workspace_1.19.0\AFR\AFR\CM7\Core\Src\stm32h7xx_it.c_save
2025-08-28 00:16:49,620 [INFO] CodeEngine:289 - Generated code: C:\Users\nicks\STM32CubeIDE\workspace_1.19.0\AFR\AFR\CM7\Core\Src\stm32h7xx_it.c
2025-08-28 00:16:49,627 [INFO] CodeEngine:265 - oldGeneratedFile, C:\Users\nicks\STM32CubeIDE\workspace_1.19.0\AFR\AFR\CM7\Core\Inc\stm32h7xx_it.h_save
2025-08-28 00:16:49,674 [INFO] CodeEngine:289 - Generated code: C:\Users\nicks\STM32CubeIDE\workspace_1.19.0\AFR\AFR\CM7\Core\Inc\stm32h7xx_it.h
2025-08-28 00:16:49,753 [INFO] CodeEngine:265 - oldGeneratedFile, C:\Users\nicks\STM32CubeIDE\workspace_1.19.0\AFR\AFR\CM7\Core\Src\stm32h7xx_hal_msp.c_save
2025-08-28 00:16:49,822 [INFO] CodeEngine:289 - Generated code: C:\Users\nicks\STM32CubeIDE\workspace_1.19.0\AFR\AFR\CM7\Core\Src\stm32h7xx_hal_msp.c
2025-08-28 00:16:49,828 [INFO] CodeEngine:265 - oldGeneratedFile, C:\Users\nicks\STM32CubeIDE\workspace_1.19.0\AFR\AFR\CM7\MXTmpFiles\system.tmp_save
2025-08-28 00:16:49,871 [INFO] CodeEngine:289 - Generated code: C:\Users\nicks\STM32CubeIDE\workspace_1.19.0\AFR\AFR\CM7\MXTmpFiles\system.tmp
2025-08-28 00:16:49,882 [INFO] CodeEngine:321 - oldGeneratedFile, C:\Users\nicks\STM32CubeIDE\workspace_1.19.0\AFR\AFR\CM7\Core\Inc\stm32h7xx_hal_conf.h_save
2025-08-28 00:16:49,927 [INFO] CodeEngine:345 - Generated code: C:\Users\nicks\STM32CubeIDE\workspace_1.19.0\AFR\AFR\CM7\Core\Inc\stm32h7xx_hal_conf.h
2025-08-28 00:16:49,951 [WARN] IPConfigManager:3811 - IP not found : NVIC
2025-08-28 00:16:49,952 [WARN] CodeGenerator:4259 - IP not found : null
2025-08-28 00:16:49,959 [INFO] CodeEngine:265 - oldGeneratedFile, C:\Users\nicks\STM32CubeIDE\workspace_1.19.0\AFR\AFR\CM7\Core\Inc\main.h_save
2025-08-28 00:16:50,007 [INFO] CodeEngine:289 - Generated code: C:\Users\nicks\STM32CubeIDE\workspace_1.19.0\AFR\AFR\CM7\Core\Inc\main.h
2025-08-28 00:16:50,013 [INFO] CodeEngine:265 - oldGeneratedFile, C:\Users\nicks\STM32CubeIDE\workspace_1.19.0\AFR\AFR\CM7\Core\Src\main.c_save
2025-08-28 00:16:50,116 [INFO] CodeEngine:289 - Generated code: C:\Users\nicks\STM32CubeIDE\workspace_1.19.0\AFR\AFR\CM7\Core\Src\main.c
2025-08-28 00:16:50,164 [INFO] CodeGenerator:1619 - *******************Project context M4 selected
2025-08-28 00:16:50,230 [INFO] CodeEngine:265 - oldGeneratedFile, C:\Users\nicks\STM32CubeIDE\workspace_1.19.0\AFR\AFR\MXTmpFiles\license.tmp_save
2025-08-28 00:16:50,285 [INFO] CodeEngine:289 - Generated code: C:\Users\nicks\STM32CubeIDE\workspace_1.19.0\AFR\AFR\MXTmpFiles\license.tmp
2025-08-28 00:16:50,339 [INFO] CodeEngine:265 - oldGeneratedFile, C:\Users\nicks\STM32CubeIDE\workspace_1.19.0\AFR\AFR\CM4\MXTmpFiles\gpio.tmp_save
2025-08-28 00:16:50,383 [INFO] CodeEngine:289 - Generated code: C:\Users\nicks\STM32CubeIDE\workspace_1.19.0\AFR\AFR\CM4\MXTmpFiles\gpio.tmp
2025-08-28 00:16:50,601 [WARN] IPConfigManager:103 - WARNING: Missing Config File for NVIC2 ip!!
2025-08-28 00:16:50,848 [ERROR] CodeGenerator:10662 - The current RTOS owner has not been found in the list of IPs
2025-08-28 00:16:50,855 [INFO] CodeEngine:265 - oldGeneratedFile, C:\Users\nicks\STM32CubeIDE\workspace_1.19.0\AFR\AFR\CM4\MXTmpFiles\cortex.tmp_save
2025-08-28 00:16:50,894 [INFO] CodeEngine:289 - Generated code: C:\Users\nicks\STM32CubeIDE\workspace_1.19.0\AFR\AFR\CM4\MXTmpFiles\cortex.tmp
2025-08-28 00:16:50,920 [INFO] CodeEngine:265 - oldGeneratedFile, C:\Users\nicks\STM32CubeIDE\workspace_1.19.0\AFR\AFR\CM4\MXTmpFiles\dma.tmp_save
2025-08-28 00:16:50,959 [INFO] CodeEngine:289 - Generated code: C:\Users\nicks\STM32CubeIDE\workspace_1.19.0\AFR\AFR\CM4\MXTmpFiles\dma.tmp
2025-08-28 00:16:50,964 [INFO] CodeEngine:265 - oldGeneratedFile, C:\Users\nicks\STM32CubeIDE\workspace_1.19.0\AFR\AFR\CM4\MXTmpFiles\dma_GV.tmp_save
2025-08-28 00:16:51,001 [INFO] CodeEngine:289 - Generated code: C:\Users\nicks\STM32CubeIDE\workspace_1.19.0\AFR\AFR\CM4\MXTmpFiles\dma_GV.tmp
2025-08-28 00:16:51,017 [INFO] Middleware:1452 - No code input for Bsp Dependency
2025-08-28 00:16:51,023 [INFO] CodeEngine:265 - oldGeneratedFile, C:\Users\nicks\STM32CubeIDE\workspace_1.19.0\AFR\AFR\CM4\MXTmpFiles\rtos_inc.tmp_save
2025-08-28 00:16:51,060 [INFO] CodeEngine:289 - Generated code: C:\Users\nicks\STM32CubeIDE\workspace_1.19.0\AFR\AFR\CM4\MXTmpFiles\rtos_inc.tmp
2025-08-28 00:16:51,064 [INFO] CodeEngine:265 - oldGeneratedFile, C:\Users\nicks\STM32CubeIDE\workspace_1.19.0\AFR\AFR\CM4\MXTmpFiles\rtos_kernelInit.tmp_save
2025-08-28 00:16:51,101 [INFO] CodeEngine:289 - Generated code: C:\Users\nicks\STM32CubeIDE\workspace_1.19.0\AFR\AFR\CM4\MXTmpFiles\rtos_kernelInit.tmp
2025-08-28 00:16:51,105 [INFO] CodeEngine:265 - oldGeneratedFile, C:\Users\nicks\STM32CubeIDE\workspace_1.19.0\AFR\AFR\CM4\MXTmpFiles\rtos_kernelStart.tmp_save
2025-08-28 00:16:51,141 [INFO] CodeEngine:289 - Generated code: C:\Users\nicks\STM32CubeIDE\workspace_1.19.0\AFR\AFR\CM4\MXTmpFiles\rtos_kernelStart.tmp
2025-08-28 00:16:51,146 [INFO] CodeEngine:265 - oldGeneratedFile, C:\Users\nicks\STM32CubeIDE\workspace_1.19.0\AFR\AFR\CM4\MXTmpFiles\rtos_typedefs.tmp_save
2025-08-28 00:16:51,183 [INFO] CodeEngine:289 - Generated code: C:\Users\nicks\STM32CubeIDE\workspace_1.19.0\AFR\AFR\CM4\MXTmpFiles\rtos_typedefs.tmp
2025-08-28 00:16:51,187 [INFO] CodeEngine:265 - oldGeneratedFile, C:\Users\nicks\STM32CubeIDE\workspace_1.19.0\AFR\AFR\CM4\MXTmpFiles\rtos_vars.tmp_save
2025-08-28 00:16:51,225 [INFO] CodeEngine:289 - Generated code: C:\Users\nicks\STM32CubeIDE\workspace_1.19.0\AFR\AFR\CM4\MXTmpFiles\rtos_vars.tmp
2025-08-28 00:16:51,229 [INFO] CodeEngine:265 - oldGeneratedFile, C:\Users\nicks\STM32CubeIDE\workspace_1.19.0\AFR\AFR\CM4\MXTmpFiles\rtos_pfp.tmp_save
2025-08-28 00:16:51,267 [INFO] CodeEngine:289 - Generated code: C:\Users\nicks\STM32CubeIDE\workspace_1.19.0\AFR\AFR\CM4\MXTmpFiles\rtos_pfp.tmp
2025-08-28 00:16:51,271 [INFO] CodeEngine:265 - oldGeneratedFile, C:\Users\nicks\STM32CubeIDE\workspace_1.19.0\AFR\AFR\CM4\MXTmpFiles\rtos_obj_creat.tmp_save
2025-08-28 00:16:51,308 [INFO] CodeEngine:289 - Generated code: C:\Users\nicks\STM32CubeIDE\workspace_1.19.0\AFR\AFR\CM4\MXTmpFiles\rtos_obj_creat.tmp
2025-08-28 00:16:51,312 [INFO] CodeEngine:265 - oldGeneratedFile, C:\Users\nicks\STM32CubeIDE\workspace_1.19.0\AFR\AFR\CM4\MXTmpFiles\rtos_default_thread.tmp_save
2025-08-28 00:16:51,349 [INFO] CodeEngine:289 - Generated code: C:\Users\nicks\STM32CubeIDE\workspace_1.19.0\AFR\AFR\CM4\MXTmpFiles\rtos_default_thread.tmp
2025-08-28 00:16:51,354 [INFO] CodeEngine:265 - oldGeneratedFile, C:\Users\nicks\STM32CubeIDE\workspace_1.19.0\AFR\AFR\CM4\MXTmpFiles\rtos_threads.tmp_save
2025-08-28 00:16:51,390 [INFO] CodeEngine:289 - Generated code: C:\Users\nicks\STM32CubeIDE\workspace_1.19.0\AFR\AFR\CM4\MXTmpFiles\rtos_threads.tmp
2025-08-28 00:16:51,395 [INFO] CodeEngine:265 - oldGeneratedFile, C:\Users\nicks\STM32CubeIDE\workspace_1.19.0\AFR\AFR\CM4\Core\Inc\FreeRTOSConfig.h_save
2025-08-28 00:16:51,442 [INFO] CodeEngine:289 - Generated code: C:\Users\nicks\STM32CubeIDE\workspace_1.19.0\AFR\AFR\CM4\Core\Inc\FreeRTOSConfig.h
2025-08-28 00:16:51,448 [INFO] CodeEngine:265 - oldGeneratedFile, C:\Users\nicks\STM32CubeIDE\workspace_1.19.0\AFR\AFR\CM4\Core\Src\freertos.c_save
2025-08-28 00:16:51,489 [INFO] CodeEngine:289 - Generated code: C:\Users\nicks\STM32CubeIDE\workspace_1.19.0\AFR\AFR\CM4\Core\Src\freertos.c
2025-08-28 00:16:51,524 [INFO] CodeEngine:265 - oldGeneratedFile, C:\Users\nicks\STM32CubeIDE\workspace_1.19.0\AFR\AFR\CM4\Core\Inc\stm32h7xx_nucleo_conf.h_save
2025-08-28 00:16:51,565 [INFO] CodeEngine:289 - Generated code: C:\Users\nicks\STM32CubeIDE\workspace_1.19.0\AFR\AFR\CM4\Core\Inc\stm32h7xx_nucleo_conf.h
2025-08-28 00:16:51,570 [INFO] CodeEngine:265 - oldGeneratedFile, C:\Users\nicks\STM32CubeIDE\workspace_1.19.0\AFR\AFR\CM4\MXTmpFiles\bsp_inc.tmp_save
2025-08-28 00:16:51,607 [INFO] CodeEngine:289 - Generated code: C:\Users\nicks\STM32CubeIDE\workspace_1.19.0\AFR\AFR\CM4\MXTmpFiles\bsp_inc.tmp
2025-08-28 00:16:51,629 [INFO] CodeEngine:265 - oldGeneratedFile, C:\Users\nicks\STM32CubeIDE\workspace_1.19.0\AFR\AFR\CM4\Core\Src\stm32h7xx_it.c_save
2025-08-28 00:16:51,680 [INFO] CodeEngine:289 - Generated code: C:\Users\nicks\STM32CubeIDE\workspace_1.19.0\AFR\AFR\CM4\Core\Src\stm32h7xx_it.c
2025-08-28 00:16:51,685 [INFO] CodeEngine:265 - oldGeneratedFile, C:\Users\nicks\STM32CubeIDE\workspace_1.19.0\AFR\AFR\CM4\Core\Inc\stm32h7xx_it.h_save
2025-08-28 00:16:51,726 [INFO] CodeEngine:289 - Generated code: C:\Users\nicks\STM32CubeIDE\workspace_1.19.0\AFR\AFR\CM4\Core\Inc\stm32h7xx_it.h
2025-08-28 00:16:51,848 [INFO] CodeEngine:265 - oldGeneratedFile, C:\Users\nicks\STM32CubeIDE\workspace_1.19.0\AFR\AFR\CM4\Core\Src\stm32h7xx_hal_msp.c_save
2025-08-28 00:16:51,911 [INFO] CodeEngine:289 - Generated code: C:\Users\nicks\STM32CubeIDE\workspace_1.19.0\AFR\AFR\CM4\Core\Src\stm32h7xx_hal_msp.c
2025-08-28 00:16:51,916 [INFO] CodeEngine:265 - oldGeneratedFile, C:\Users\nicks\STM32CubeIDE\workspace_1.19.0\AFR\AFR\CM4\MXTmpFiles\system.tmp_save
2025-08-28 00:16:51,954 [INFO] CodeEngine:289 - Generated code: C:\Users\nicks\STM32CubeIDE\workspace_1.19.0\AFR\AFR\CM4\MXTmpFiles\system.tmp
2025-08-28 00:16:51,964 [INFO] CodeEngine:321 - oldGeneratedFile, C:\Users\nicks\STM32CubeIDE\workspace_1.19.0\AFR\AFR\CM4\Core\Inc\stm32h7xx_hal_conf.h_save
2025-08-28 00:16:52,008 [INFO] CodeEngine:345 - Generated code: C:\Users\nicks\STM32CubeIDE\workspace_1.19.0\AFR\AFR\CM4\Core\Inc\stm32h7xx_hal_conf.h
2025-08-28 00:16:52,022 [WARN] IPConfigManager:3811 - IP not found : NVIC
2025-08-28 00:16:52,022 [WARN] IPConfigManager:3811 - IP not found : TIM
2025-08-28 00:16:52,023 [WARN] CodeGenerator:4259 - IP not found : null
2025-08-28 00:16:52,023 [WARN] CodeGenerator:4259 - IP not found : null
2025-08-28 00:16:52,030 [INFO] CodeEngine:265 - oldGeneratedFile, C:\Users\nicks\STM32CubeIDE\workspace_1.19.0\AFR\AFR\CM4\Core\Inc\main.h_save
2025-08-28 00:16:52,076 [INFO] CodeEngine:289 - Generated code: C:\Users\nicks\STM32CubeIDE\workspace_1.19.0\AFR\AFR\CM4\Core\Inc\main.h
2025-08-28 00:16:52,082 [INFO] CodeEngine:265 - oldGeneratedFile, C:\Users\nicks\STM32CubeIDE\workspace_1.19.0\AFR\AFR\CM4\Core\Src\main.c_save
2025-08-28 00:16:52,177 [INFO] CodeEngine:289 - Generated code: C:\Users\nicks\STM32CubeIDE\workspace_1.19.0\AFR\AFR\CM4\Core\Src\main.c
2025-08-28 00:16:52,624 [INFO] ProjectBuilder:3606 - Time for Copy HAL[1] : 246mS.
2025-08-28 00:16:52,639 [INFO] ProjectBuilder:5216 - Project Generator version: 4.7.0-B52
2025-08-28 00:16:52,696 [INFO] ConfigFileManager:1595 - The Die is : DIE450
2025-08-28 00:16:59,851 [INFO] ProjectBuilder:5496 - Time for Generating toolchain IDE Files: 7212mS.
2025-08-28 00:16:59,852 [INFO] ProjectBuilder:3463 - Time for Copy CMSIS : 1mS.
2025-08-28 00:16:59,858 [INFO] ProjectBuilder:3463 - Time for Copy CMSIS : 0mS.
2025-08-28 00:31:06,938 [ERROR] RtosPanel:558 - Can not restore the selected Tab for FREERTOS(A reason can be that the tab is no more available.)
2025-08-28 00:31:17,469 [ERROR] RtosPanel:558 - Can not restore the selected Tab for FREERTOS(A reason can be that the tab is no more available.)
2025-08-28 00:31:21,955 [ERROR] RtosPanel:558 - Can not restore the selected Tab for FREERTOS(A reason can be that the tab is no more available.)
2025-08-28 00:33:00,982 [INFO] UtilMem:75 - End SaveConfig() Used Memory: 900781848 Bytes (1073741824)
2025-08-28 00:33:01,127 [INFO] UtilMem:75 - End SaveConfig() Used Memory: 922801944 Bytes (1073741824)
2025-08-28 00:33:01,644 [INFO] UtilMem:75 - End SaveConfig() Used Memory: 975230680 Bytes (1073741824)
2025-08-28 00:33:03,005 [ERROR] IocParser:95 - Exception caught: Cannot invoke "java.lang.CharSequence.length()" because "this.text" is null
2025-08-28 00:33:05,952 [INFO] BlockDiagram:2775 - set Specific Code input for plugin: FREERTOS
2025-08-28 00:33:05,953 [INFO] BlockDiagram:2775 - set Specific Code input for plugin: FREERTOS
2025-08-28 00:33:05,953 [INFO] BlockDiagram:2775 - set Specific Code input for plugin: RCC
2025-08-28 00:33:05,953 [INFO] BlockDiagram:2775 - set Specific Code input for plugin: I2C
2025-08-28 00:33:05,953 [INFO] BlockDiagram:2775 - set Specific Code input for plugin: USART
2025-08-28 00:33:05,953 [INFO] BlockDiagram:2775 - set Specific Code input for plugin: MEMORYMAP
2025-08-28 00:33:05,953 [INFO] BlockDiagram:2775 - set Specific Code input for plugin: TIM6_7H7
2025-08-28 00:33:05,953 [INFO] BlockDiagram:2775 - set Specific Code input for plugin: TIM1_8H7
2025-08-28 00:33:05,953 [INFO] BlockDiagram:2775 - set Specific Code input for plugin: SYS
2025-08-28 00:33:05,953 [INFO] BlockDiagram:2775 - set Specific Code input for plugin: ADC
2025-08-28 00:33:05,953 [INFO] BlockDiagram:2775 - set Specific Code input for plugin: ADC
2025-08-28 00:33:05,954 [INFO] BlockDiagram:2775 - set Specific Code input for plugin: DMA
2025-08-28 00:33:05,954 [INFO] BlockDiagram:2775 - set Specific Code input for plugin: NVIC2
2025-08-28 00:33:05,954 [INFO] BlockDiagram:2775 - set Specific Code input for plugin: UART
2025-08-28 00:33:05,954 [INFO] BlockDiagram:2775 - set Specific Code input for plugin: UART
2025-08-28 00:33:05,954 [INFO] BlockDiagram:2775 - set Specific Code input for plugin: GPIO
2025-08-28 00:33:05,954 [INFO] BlockDiagram:2775 - set Specific Code input for plugin: SYS_M4
2025-08-28 00:33:05,954 [INFO] BlockDiagram:2775 - set Specific Code input for plugin: NUCLEO-H755ZI-Q
2025-08-28 00:33:05,954 [INFO] BlockDiagram:2775 - set Specific Code input for plugin: NVIC1
2025-08-28 00:33:05,955 [INFO] CodeGenerator:892 - code generatio: config db path: C:\ST\STM32CubeIDE_1.19.0\STM32CubeIDE\plugins\com.st.stm32cube.common.mx_6.15.0.202507011659\\db\
2025-08-28 00:33:05,969 [INFO] Argument:325 - Argument : hdmavalue: null
2025-08-28 00:33:05,970 [INFO] Argument:327 - 	 sub Args: 
2025-08-28 00:33:05,970 [INFO] Argument:325 - Argument : Instancevalue: DMA1_Stream0
2025-08-28 00:33:05,970 [INFO] Argument:335 - Argument : Instancevalue: DMA1_Stream0
2025-08-28 00:33:05,970 [INFO] Argument:325 - Argument : Initvalue: null
2025-08-28 00:33:05,970 [INFO] Argument:327 - 	 sub Args: 
2025-08-28 00:33:05,970 [INFO] Argument:325 - Argument : Requestvalue: DMA_REQUEST_ADC3
2025-08-28 00:33:05,970 [INFO] Argument:335 - Argument : Requestvalue: DMA_REQUEST_ADC3
2025-08-28 00:33:05,970 [INFO] Argument:325 - Argument : Directionvalue: DMA_PERIPH_TO_MEMORY
2025-08-28 00:33:05,970 [INFO] Argument:335 - Argument : Directionvalue: DMA_PERIPH_TO_MEMORY
2025-08-28 00:33:05,970 [INFO] Argument:325 - Argument : PeriphIncvalue: DMA_PINC_DISABLE
2025-08-28 00:33:05,970 [INFO] Argument:335 - Argument : PeriphIncvalue: DMA_PINC_DISABLE
2025-08-28 00:33:05,970 [INFO] Argument:325 - Argument : MemIncvalue: DMA_MINC_ENABLE
2025-08-28 00:33:05,970 [INFO] Argument:335 - Argument : MemIncvalue: DMA_MINC_ENABLE
2025-08-28 00:33:05,971 [INFO] Argument:325 - Argument : PeriphDataAlignmentvalue: DMA_PDATAALIGN_HALFWORD
2025-08-28 00:33:05,971 [INFO] Argument:335 - Argument : PeriphDataAlignmentvalue: DMA_PDATAALIGN_HALFWORD
2025-08-28 00:33:05,971 [INFO] Argument:325 - Argument : MemDataAlignmentvalue: DMA_MDATAALIGN_HALFWORD
2025-08-28 00:33:05,971 [INFO] Argument:335 - Argument : MemDataAlignmentvalue: DMA_MDATAALIGN_HALFWORD
2025-08-28 00:33:05,971 [INFO] Argument:325 - Argument : Modevalue: DMA_CIRCULAR
2025-08-28 00:33:05,971 [INFO] Argument:335 - Argument : Modevalue: DMA_CIRCULAR
2025-08-28 00:33:05,971 [INFO] Argument:325 - Argument : Priorityvalue: DMA_PRIORITY_LOW
2025-08-28 00:33:05,971 [INFO] Argument:335 - Argument : Priorityvalue: DMA_PRIORITY_LOW
2025-08-28 00:33:05,971 [INFO] Argument:325 - Argument : FIFOModevalue: DMA_FIFOMODE_DISABLE
2025-08-28 00:33:05,971 [INFO] Argument:335 - Argument : FIFOModevalue: DMA_FIFOMODE_DISABLE
2025-08-28 00:33:05,971 [INFO] Argument:325 - Argument : FIFOThresholdvalue: null
2025-08-28 00:33:05,971 [INFO] Argument:335 - Argument : FIFOThresholdvalue: null
2025-08-28 00:33:05,972 [INFO] Argument:325 - Argument : MemBurstvalue: null
2025-08-28 00:33:05,972 [INFO] Argument:335 - Argument : MemBurstvalue: null
2025-08-28 00:33:05,972 [INFO] Argument:325 - Argument : PeriphBurstvalue: null
2025-08-28 00:33:05,972 [INFO] Argument:335 - Argument : PeriphBurstvalue: null
2025-08-28 00:33:05,972 [INFO] Argument:325 - Argument : Lockvalue: null
2025-08-28 00:33:05,972 [INFO] Argument:335 - Argument : Lockvalue: null
2025-08-28 00:33:05,972 [INFO] Argument:325 - Argument : Statevalue: null
2025-08-28 00:33:05,972 [INFO] Argument:335 - Argument : Statevalue: null
2025-08-28 00:33:05,972 [INFO] Argument:325 - Argument : Parentvalue: null
2025-08-28 00:33:05,972 [INFO] Argument:335 - Argument : Parentvalue: null
2025-08-28 00:33:05,972 [INFO] Argument:325 - Argument : XferCpltCallbackvalue: null
2025-08-28 00:33:05,972 [INFO] Argument:335 - Argument : XferCpltCallbackvalue: null
2025-08-28 00:33:05,972 [INFO] Argument:325 - Argument : XferHalfCpltCallbackvalue: null
2025-08-28 00:33:05,973 [INFO] Argument:335 - Argument : XferHalfCpltCallbackvalue: null
2025-08-28 00:33:05,973 [INFO] Argument:325 - Argument : XferM1CpltCallbackvalue: null
2025-08-28 00:33:05,973 [INFO] Argument:335 - Argument : XferM1CpltCallbackvalue: null
2025-08-28 00:33:05,973 [INFO] Argument:325 - Argument : XferM1HalfCpltCallbackvalue: null
2025-08-28 00:33:05,973 [INFO] Argument:335 - Argument : XferM1HalfCpltCallbackvalue: null
2025-08-28 00:33:05,973 [INFO] Argument:325 - Argument : XferErrorCallbackvalue: null
2025-08-28 00:33:05,973 [INFO] Argument:335 - Argument : XferErrorCallbackvalue: null
2025-08-28 00:33:05,973 [INFO] Argument:325 - Argument : XferAbortCallbackvalue: null
2025-08-28 00:33:05,973 [INFO] Argument:335 - Argument : XferAbortCallbackvalue: null
2025-08-28 00:33:05,973 [INFO] Argument:325 - Argument : ErrorCodevalue: null
2025-08-28 00:33:05,973 [INFO] Argument:335 - Argument : ErrorCodevalue: null
2025-08-28 00:33:05,973 [INFO] Argument:325 - Argument : StreamBaseAddressvalue: null
2025-08-28 00:33:05,973 [INFO] Argument:335 - Argument : StreamBaseAddressvalue: null
2025-08-28 00:33:05,973 [INFO] Argument:325 - Argument : StreamIndexvalue: null
2025-08-28 00:33:05,973 [INFO] Argument:335 - Argument : StreamIndexvalue: null
2025-08-28 00:33:06,043 [ERROR] CodeGenerator:10662 - The current RTOS owner has not been found in the list of IPs
2025-08-28 00:33:06,043 [ERROR] CodeGenerator:10662 - The current RTOS owner has not been found in the list of IPs
2025-08-28 00:33:06,043 [INFO] CodeGenerator:1619 - *******************Project context M7 selected
2025-08-28 00:33:06,115 [INFO] CodeEngine:265 - oldGeneratedFile, C:\Users\nicks\STM32CubeIDE\workspace_1.19.0\AFR\AFR\MXTmpFiles\license.tmp_save
2025-08-28 00:33:06,408 [INFO] CodeEngine:289 - Generated code: C:\Users\nicks\STM32CubeIDE\workspace_1.19.0\AFR\AFR\MXTmpFiles\license.tmp
2025-08-28 00:33:06,471 [INFO] CodeEngine:265 - oldGeneratedFile, C:\Users\nicks\STM32CubeIDE\workspace_1.19.0\AFR\AFR\CM7\MXTmpFiles\gpio.tmp_save
2025-08-28 00:33:06,582 [INFO] CodeEngine:289 - Generated code: C:\Users\nicks\STM32CubeIDE\workspace_1.19.0\AFR\AFR\CM7\MXTmpFiles\gpio.tmp
2025-08-28 00:33:06,752 [WARN] IPConfigManager:103 - WARNING: Missing Config File for MEMORYMAP ip!!
2025-08-28 00:33:06,830 [WARN] IPConfigManager:103 - WARNING: Missing Config File for NVIC1 ip!!
2025-08-28 00:33:06,949 [ERROR] CodeGenerator:10662 - The current RTOS owner has not been found in the list of IPs
2025-08-28 00:33:06,956 [INFO] CodeEngine:265 - oldGeneratedFile, C:\Users\nicks\STM32CubeIDE\workspace_1.19.0\AFR\AFR\CM7\MXTmpFiles\cortex.tmp_save
2025-08-28 00:33:07,016 [INFO] CodeEngine:289 - Generated code: C:\Users\nicks\STM32CubeIDE\workspace_1.19.0\AFR\AFR\CM7\MXTmpFiles\cortex.tmp
2025-08-28 00:33:07,040 [INFO] CodeEngine:265 - oldGeneratedFile, C:\Users\nicks\STM32CubeIDE\workspace_1.19.0\AFR\AFR\CM7\MXTmpFiles\dma.tmp_save
2025-08-28 00:33:07,085 [INFO] CodeEngine:289 - Generated code: C:\Users\nicks\STM32CubeIDE\workspace_1.19.0\AFR\AFR\CM7\MXTmpFiles\dma.tmp
2025-08-28 00:33:07,090 [INFO] CodeEngine:265 - oldGeneratedFile, C:\Users\nicks\STM32CubeIDE\workspace_1.19.0\AFR\AFR\CM7\MXTmpFiles\dma_GV.tmp_save
2025-08-28 00:33:07,131 [INFO] CodeEngine:289 - Generated code: C:\Users\nicks\STM32CubeIDE\workspace_1.19.0\AFR\AFR\CM7\MXTmpFiles\dma_GV.tmp
2025-08-28 00:33:07,159 [INFO] Middleware:1452 - No code input for Bsp Dependency
2025-08-28 00:33:07,165 [INFO] CodeEngine:265 - oldGeneratedFile, C:\Users\nicks\STM32CubeIDE\workspace_1.19.0\AFR\AFR\CM7\MXTmpFiles\rtos_inc.tmp_save
2025-08-28 00:33:07,207 [INFO] CodeEngine:289 - Generated code: C:\Users\nicks\STM32CubeIDE\workspace_1.19.0\AFR\AFR\CM7\MXTmpFiles\rtos_inc.tmp
2025-08-28 00:33:07,211 [INFO] CodeEngine:265 - oldGeneratedFile, C:\Users\nicks\STM32CubeIDE\workspace_1.19.0\AFR\AFR\CM7\MXTmpFiles\rtos_kernelInit.tmp_save
2025-08-28 00:33:07,255 [INFO] CodeEngine:289 - Generated code: C:\Users\nicks\STM32CubeIDE\workspace_1.19.0\AFR\AFR\CM7\MXTmpFiles\rtos_kernelInit.tmp
2025-08-28 00:33:07,261 [INFO] CodeEngine:265 - oldGeneratedFile, C:\Users\nicks\STM32CubeIDE\workspace_1.19.0\AFR\AFR\CM7\MXTmpFiles\rtos_kernelStart.tmp_save
2025-08-28 00:33:07,305 [INFO] CodeEngine:289 - Generated code: C:\Users\nicks\STM32CubeIDE\workspace_1.19.0\AFR\AFR\CM7\MXTmpFiles\rtos_kernelStart.tmp
2025-08-28 00:33:07,310 [INFO] CodeEngine:265 - oldGeneratedFile, C:\Users\nicks\STM32CubeIDE\workspace_1.19.0\AFR\AFR\CM7\MXTmpFiles\rtos_typedefs.tmp_save
2025-08-28 00:33:07,350 [INFO] CodeEngine:289 - Generated code: C:\Users\nicks\STM32CubeIDE\workspace_1.19.0\AFR\AFR\CM7\MXTmpFiles\rtos_typedefs.tmp
2025-08-28 00:33:07,355 [INFO] CodeEngine:265 - oldGeneratedFile, C:\Users\nicks\STM32CubeIDE\workspace_1.19.0\AFR\AFR\CM7\MXTmpFiles\rtos_vars.tmp_save
2025-08-28 00:33:07,399 [INFO] CodeEngine:289 - Generated code: C:\Users\nicks\STM32CubeIDE\workspace_1.19.0\AFR\AFR\CM7\MXTmpFiles\rtos_vars.tmp
2025-08-28 00:33:07,405 [INFO] CodeEngine:265 - oldGeneratedFile, C:\Users\nicks\STM32CubeIDE\workspace_1.19.0\AFR\AFR\CM7\MXTmpFiles\rtos_pfp.tmp_save
2025-08-28 00:33:07,444 [INFO] CodeEngine:289 - Generated code: C:\Users\nicks\STM32CubeIDE\workspace_1.19.0\AFR\AFR\CM7\MXTmpFiles\rtos_pfp.tmp
2025-08-28 00:33:07,449 [INFO] CodeEngine:265 - oldGeneratedFile, C:\Users\nicks\STM32CubeIDE\workspace_1.19.0\AFR\AFR\CM7\MXTmpFiles\rtos_obj_creat.tmp_save
2025-08-28 00:33:07,491 [INFO] CodeEngine:289 - Generated code: C:\Users\nicks\STM32CubeIDE\workspace_1.19.0\AFR\AFR\CM7\MXTmpFiles\rtos_obj_creat.tmp
2025-08-28 00:33:07,496 [INFO] CodeEngine:265 - oldGeneratedFile, C:\Users\nicks\STM32CubeIDE\workspace_1.19.0\AFR\AFR\CM7\MXTmpFiles\rtos_default_thread.tmp_save
2025-08-28 00:33:07,538 [INFO] CodeEngine:289 - Generated code: C:\Users\nicks\STM32CubeIDE\workspace_1.19.0\AFR\AFR\CM7\MXTmpFiles\rtos_default_thread.tmp
2025-08-28 00:33:07,542 [INFO] CodeEngine:265 - oldGeneratedFile, C:\Users\nicks\STM32CubeIDE\workspace_1.19.0\AFR\AFR\CM7\MXTmpFiles\rtos_threads.tmp_save
2025-08-28 00:33:07,582 [INFO] CodeEngine:289 - Generated code: C:\Users\nicks\STM32CubeIDE\workspace_1.19.0\AFR\AFR\CM7\MXTmpFiles\rtos_threads.tmp
2025-08-28 00:33:07,587 [INFO] CodeEngine:265 - oldGeneratedFile, C:\Users\nicks\STM32CubeIDE\workspace_1.19.0\AFR\AFR\CM7\Core\Inc\FreeRTOSConfig.h_save
2025-08-28 00:33:07,643 [INFO] CodeEngine:289 - Generated code: C:\Users\nicks\STM32CubeIDE\workspace_1.19.0\AFR\AFR\CM7\Core\Inc\FreeRTOSConfig.h
2025-08-28 00:33:07,650 [INFO] CodeEngine:265 - oldGeneratedFile, C:\Users\nicks\STM32CubeIDE\workspace_1.19.0\AFR\AFR\CM7\Core\Src\freertos.c_save
2025-08-28 00:33:07,695 [INFO] CodeEngine:289 - Generated code: C:\Users\nicks\STM32CubeIDE\workspace_1.19.0\AFR\AFR\CM7\Core\Src\freertos.c
2025-08-28 00:33:07,732 [INFO] CodeEngine:265 - oldGeneratedFile, C:\Users\nicks\STM32CubeIDE\workspace_1.19.0\AFR\AFR\CM7\Core\Inc\stm32h7xx_nucleo_conf.h_save
2025-08-28 00:33:07,775 [INFO] CodeEngine:289 - Generated code: C:\Users\nicks\STM32CubeIDE\workspace_1.19.0\AFR\AFR\CM7\Core\Inc\stm32h7xx_nucleo_conf.h
2025-08-28 00:33:07,779 [INFO] CodeEngine:265 - oldGeneratedFile, C:\Users\nicks\STM32CubeIDE\workspace_1.19.0\AFR\AFR\CM7\MXTmpFiles\bsp_inc.tmp_save
2025-08-28 00:33:07,816 [INFO] CodeEngine:289 - Generated code: C:\Users\nicks\STM32CubeIDE\workspace_1.19.0\AFR\AFR\CM7\MXTmpFiles\bsp_inc.tmp
2025-08-28 00:33:07,821 [INFO] CodeEngine:265 - oldGeneratedFile, C:\Users\nicks\STM32CubeIDE\workspace_1.19.0\AFR\AFR\CM7\MXTmpFiles\bsp_common_vars.tmp_save
2025-08-28 00:33:07,857 [INFO] CodeEngine:289 - Generated code: C:\Users\nicks\STM32CubeIDE\workspace_1.19.0\AFR\AFR\CM7\MXTmpFiles\bsp_common_vars.tmp
2025-08-28 00:33:07,862 [INFO] CodeEngine:265 - oldGeneratedFile, C:\Users\nicks\STM32CubeIDE\workspace_1.19.0\AFR\AFR\CM7\MXTmpFiles\bsp_common_init.tmp_save
2025-08-28 00:33:07,901 [INFO] CodeEngine:289 - Generated code: C:\Users\nicks\STM32CubeIDE\workspace_1.19.0\AFR\AFR\CM7\MXTmpFiles\bsp_common_init.tmp
2025-08-28 00:33:07,906 [INFO] CodeEngine:265 - oldGeneratedFile, C:\Users\nicks\STM32CubeIDE\workspace_1.19.0\AFR\AFR\CM7\MXTmpFiles\bsp_common_demo_before_while.tmp_save
2025-08-28 00:33:07,944 [INFO] CodeEngine:289 - Generated code: C:\Users\nicks\STM32CubeIDE\workspace_1.19.0\AFR\AFR\CM7\MXTmpFiles\bsp_common_demo_before_while.tmp
2025-08-28 00:33:07,948 [INFO] CodeEngine:265 - oldGeneratedFile, C:\Users\nicks\STM32CubeIDE\workspace_1.19.0\AFR\AFR\CM7\MXTmpFiles\bsp_common_demo_inside_while.tmp_save
2025-08-28 00:33:07,989 [INFO] CodeEngine:289 - Generated code: C:\Users\nicks\STM32CubeIDE\workspace_1.19.0\AFR\AFR\CM7\MXTmpFiles\bsp_common_demo_inside_while.tmp
2025-08-28 00:33:07,994 [INFO] CodeEngine:265 - oldGeneratedFile, C:\Users\nicks\STM32CubeIDE\workspace_1.19.0\AFR\AFR\CM7\MXTmpFiles\bsp_common_demo_fct.tmp_save
2025-08-28 00:33:08,033 [INFO] CodeEngine:289 - Generated code: C:\Users\nicks\STM32CubeIDE\workspace_1.19.0\AFR\AFR\CM7\MXTmpFiles\bsp_common_demo_fct.tmp
2025-08-28 00:33:08,055 [INFO] CodeEngine:265 - oldGeneratedFile, C:\Users\nicks\STM32CubeIDE\workspace_1.19.0\AFR\AFR\CM7\Core\Src\stm32h7xx_it.c_save
2025-08-28 00:33:08,153 [INFO] CodeEngine:289 - Generated code: C:\Users\nicks\STM32CubeIDE\workspace_1.19.0\AFR\AFR\CM7\Core\Src\stm32h7xx_it.c
2025-08-28 00:33:08,158 [INFO] CodeEngine:265 - oldGeneratedFile, C:\Users\nicks\STM32CubeIDE\workspace_1.19.0\AFR\AFR\CM7\Core\Inc\stm32h7xx_it.h_save
2025-08-28 00:33:08,201 [INFO] CodeEngine:289 - Generated code: C:\Users\nicks\STM32CubeIDE\workspace_1.19.0\AFR\AFR\CM7\Core\Inc\stm32h7xx_it.h
2025-08-28 00:33:08,276 [INFO] CodeEngine:265 - oldGeneratedFile, C:\Users\nicks\STM32CubeIDE\workspace_1.19.0\AFR\AFR\CM7\Core\Src\stm32h7xx_hal_msp.c_save
2025-08-28 00:33:08,344 [INFO] CodeEngine:289 - Generated code: C:\Users\nicks\STM32CubeIDE\workspace_1.19.0\AFR\AFR\CM7\Core\Src\stm32h7xx_hal_msp.c
2025-08-28 00:33:08,350 [INFO] CodeEngine:265 - oldGeneratedFile, C:\Users\nicks\STM32CubeIDE\workspace_1.19.0\AFR\AFR\CM7\MXTmpFiles\system.tmp_save
2025-08-28 00:33:08,390 [INFO] CodeEngine:289 - Generated code: C:\Users\nicks\STM32CubeIDE\workspace_1.19.0\AFR\AFR\CM7\MXTmpFiles\system.tmp
2025-08-28 00:33:08,402 [INFO] CodeEngine:321 - oldGeneratedFile, C:\Users\nicks\STM32CubeIDE\workspace_1.19.0\AFR\AFR\CM7\Core\Inc\stm32h7xx_hal_conf.h_save
2025-08-28 00:33:08,449 [INFO] CodeEngine:345 - Generated code: C:\Users\nicks\STM32CubeIDE\workspace_1.19.0\AFR\AFR\CM7\Core\Inc\stm32h7xx_hal_conf.h
2025-08-28 00:33:08,473 [WARN] IPConfigManager:3811 - IP not found : NVIC
2025-08-28 00:33:08,474 [WARN] CodeGenerator:4259 - IP not found : null
2025-08-28 00:33:08,483 [INFO] CodeEngine:265 - oldGeneratedFile, C:\Users\nicks\STM32CubeIDE\workspace_1.19.0\AFR\AFR\CM7\Core\Inc\main.h_save
2025-08-28 00:33:08,557 [INFO] CodeEngine:289 - Generated code: C:\Users\nicks\STM32CubeIDE\workspace_1.19.0\AFR\AFR\CM7\Core\Inc\main.h
2025-08-28 00:33:08,563 [INFO] CodeEngine:265 - oldGeneratedFile, C:\Users\nicks\STM32CubeIDE\workspace_1.19.0\AFR\AFR\CM7\Core\Src\main.c_save
2025-08-28 00:33:08,653 [INFO] CodeEngine:289 - Generated code: C:\Users\nicks\STM32CubeIDE\workspace_1.19.0\AFR\AFR\CM7\Core\Src\main.c
2025-08-28 00:33:08,702 [INFO] CodeGenerator:1619 - *******************Project context M4 selected
2025-08-28 00:33:08,762 [INFO] CodeEngine:265 - oldGeneratedFile, C:\Users\nicks\STM32CubeIDE\workspace_1.19.0\AFR\AFR\MXTmpFiles\license.tmp_save
2025-08-28 00:33:08,813 [INFO] CodeEngine:289 - Generated code: C:\Users\nicks\STM32CubeIDE\workspace_1.19.0\AFR\AFR\MXTmpFiles\license.tmp
2025-08-28 00:33:08,897 [INFO] CodeEngine:265 - oldGeneratedFile, C:\Users\nicks\STM32CubeIDE\workspace_1.19.0\AFR\AFR\CM4\MXTmpFiles\gpio.tmp_save
2025-08-28 00:33:08,945 [INFO] CodeEngine:289 - Generated code: C:\Users\nicks\STM32CubeIDE\workspace_1.19.0\AFR\AFR\CM4\MXTmpFiles\gpio.tmp
2025-08-28 00:33:09,166 [WARN] IPConfigManager:103 - WARNING: Missing Config File for NVIC2 ip!!
2025-08-28 00:33:09,414 [ERROR] CodeGenerator:10662 - The current RTOS owner has not been found in the list of IPs
2025-08-28 00:33:09,423 [INFO] CodeEngine:265 - oldGeneratedFile, C:\Users\nicks\STM32CubeIDE\workspace_1.19.0\AFR\AFR\CM4\MXTmpFiles\cortex.tmp_save
2025-08-28 00:33:09,462 [INFO] CodeEngine:289 - Generated code: C:\Users\nicks\STM32CubeIDE\workspace_1.19.0\AFR\AFR\CM4\MXTmpFiles\cortex.tmp
2025-08-28 00:33:09,488 [INFO] CodeEngine:265 - oldGeneratedFile, C:\Users\nicks\STM32CubeIDE\workspace_1.19.0\AFR\AFR\CM4\MXTmpFiles\dma.tmp_save
2025-08-28 00:33:09,527 [INFO] CodeEngine:289 - Generated code: C:\Users\nicks\STM32CubeIDE\workspace_1.19.0\AFR\AFR\CM4\MXTmpFiles\dma.tmp
2025-08-28 00:33:09,531 [INFO] CodeEngine:265 - oldGeneratedFile, C:\Users\nicks\STM32CubeIDE\workspace_1.19.0\AFR\AFR\CM4\MXTmpFiles\dma_GV.tmp_save
2025-08-28 00:33:09,570 [INFO] CodeEngine:289 - Generated code: C:\Users\nicks\STM32CubeIDE\workspace_1.19.0\AFR\AFR\CM4\MXTmpFiles\dma_GV.tmp
2025-08-28 00:33:09,587 [INFO] Middleware:1452 - No code input for Bsp Dependency
2025-08-28 00:33:09,594 [INFO] CodeEngine:265 - oldGeneratedFile, C:\Users\nicks\STM32CubeIDE\workspace_1.19.0\AFR\AFR\CM4\MXTmpFiles\rtos_inc.tmp_save
2025-08-28 00:33:09,634 [INFO] CodeEngine:289 - Generated code: C:\Users\nicks\STM32CubeIDE\workspace_1.19.0\AFR\AFR\CM4\MXTmpFiles\rtos_inc.tmp
2025-08-28 00:33:09,639 [INFO] CodeEngine:265 - oldGeneratedFile, C:\Users\nicks\STM32CubeIDE\workspace_1.19.0\AFR\AFR\CM4\MXTmpFiles\rtos_kernelInit.tmp_save
2025-08-28 00:33:09,679 [INFO] CodeEngine:289 - Generated code: C:\Users\nicks\STM32CubeIDE\workspace_1.19.0\AFR\AFR\CM4\MXTmpFiles\rtos_kernelInit.tmp
2025-08-28 00:33:09,683 [INFO] CodeEngine:265 - oldGeneratedFile, C:\Users\nicks\STM32CubeIDE\workspace_1.19.0\AFR\AFR\CM4\MXTmpFiles\rtos_kernelStart.tmp_save
2025-08-28 00:33:09,721 [INFO] CodeEngine:289 - Generated code: C:\Users\nicks\STM32CubeIDE\workspace_1.19.0\AFR\AFR\CM4\MXTmpFiles\rtos_kernelStart.tmp
2025-08-28 00:33:09,725 [INFO] CodeEngine:265 - oldGeneratedFile, C:\Users\nicks\STM32CubeIDE\workspace_1.19.0\AFR\AFR\CM4\MXTmpFiles\rtos_typedefs.tmp_save
2025-08-28 00:33:09,762 [INFO] CodeEngine:289 - Generated code: C:\Users\nicks\STM32CubeIDE\workspace_1.19.0\AFR\AFR\CM4\MXTmpFiles\rtos_typedefs.tmp
2025-08-28 00:33:09,766 [INFO] CodeEngine:265 - oldGeneratedFile, C:\Users\nicks\STM32CubeIDE\workspace_1.19.0\AFR\AFR\CM4\MXTmpFiles\rtos_vars.tmp_save
2025-08-28 00:33:09,807 [INFO] CodeEngine:289 - Generated code: C:\Users\nicks\STM32CubeIDE\workspace_1.19.0\AFR\AFR\CM4\MXTmpFiles\rtos_vars.tmp
2025-08-28 00:33:09,811 [INFO] CodeEngine:265 - oldGeneratedFile, C:\Users\nicks\STM32CubeIDE\workspace_1.19.0\AFR\AFR\CM4\MXTmpFiles\rtos_pfp.tmp_save
2025-08-28 00:33:09,852 [INFO] CodeEngine:289 - Generated code: C:\Users\nicks\STM32CubeIDE\workspace_1.19.0\AFR\AFR\CM4\MXTmpFiles\rtos_pfp.tmp
2025-08-28 00:33:09,856 [INFO] CodeEngine:265 - oldGeneratedFile, C:\Users\nicks\STM32CubeIDE\workspace_1.19.0\AFR\AFR\CM4\MXTmpFiles\rtos_obj_creat.tmp_save
2025-08-28 00:33:09,893 [INFO] CodeEngine:289 - Generated code: C:\Users\nicks\STM32CubeIDE\workspace_1.19.0\AFR\AFR\CM4\MXTmpFiles\rtos_obj_creat.tmp
2025-08-28 00:33:09,898 [INFO] CodeEngine:265 - oldGeneratedFile, C:\Users\nicks\STM32CubeIDE\workspace_1.19.0\AFR\AFR\CM4\MXTmpFiles\rtos_default_thread.tmp_save
2025-08-28 00:33:09,940 [INFO] CodeEngine:289 - Generated code: C:\Users\nicks\STM32CubeIDE\workspace_1.19.0\AFR\AFR\CM4\MXTmpFiles\rtos_default_thread.tmp
2025-08-28 00:33:09,944 [INFO] CodeEngine:265 - oldGeneratedFile, C:\Users\nicks\STM32CubeIDE\workspace_1.19.0\AFR\AFR\CM4\MXTmpFiles\rtos_threads.tmp_save
2025-08-28 00:33:09,984 [INFO] CodeEngine:289 - Generated code: C:\Users\nicks\STM32CubeIDE\workspace_1.19.0\AFR\AFR\CM4\MXTmpFiles\rtos_threads.tmp
2025-08-28 00:33:09,989 [INFO] CodeEngine:265 - oldGeneratedFile, C:\Users\nicks\STM32CubeIDE\workspace_1.19.0\AFR\AFR\CM4\Core\Inc\FreeRTOSConfig.h_save
2025-08-28 00:33:10,041 [INFO] CodeEngine:289 - Generated code: C:\Users\nicks\STM32CubeIDE\workspace_1.19.0\AFR\AFR\CM4\Core\Inc\FreeRTOSConfig.h
2025-08-28 00:33:10,048 [INFO] CodeEngine:265 - oldGeneratedFile, C:\Users\nicks\STM32CubeIDE\workspace_1.19.0\AFR\AFR\CM4\Core\Src\freertos.c_save
2025-08-28 00:33:10,095 [INFO] CodeEngine:289 - Generated code: C:\Users\nicks\STM32CubeIDE\workspace_1.19.0\AFR\AFR\CM4\Core\Src\freertos.c
2025-08-28 00:33:10,134 [INFO] CodeEngine:265 - oldGeneratedFile, C:\Users\nicks\STM32CubeIDE\workspace_1.19.0\AFR\AFR\CM4\Core\Inc\stm32h7xx_nucleo_conf.h_save
2025-08-28 00:33:10,178 [INFO] CodeEngine:289 - Generated code: C:\Users\nicks\STM32CubeIDE\workspace_1.19.0\AFR\AFR\CM4\Core\Inc\stm32h7xx_nucleo_conf.h
2025-08-28 00:33:10,183 [INFO] CodeEngine:265 - oldGeneratedFile, C:\Users\nicks\STM32CubeIDE\workspace_1.19.0\AFR\AFR\CM4\MXTmpFiles\bsp_inc.tmp_save
2025-08-28 00:33:10,219 [INFO] CodeEngine:289 - Generated code: C:\Users\nicks\STM32CubeIDE\workspace_1.19.0\AFR\AFR\CM4\MXTmpFiles\bsp_inc.tmp
2025-08-28 00:33:10,243 [INFO] CodeEngine:265 - oldGeneratedFile, C:\Users\nicks\STM32CubeIDE\workspace_1.19.0\AFR\AFR\CM4\Core\Src\stm32h7xx_it.c_save
2025-08-28 00:33:10,293 [INFO] CodeEngine:289 - Generated code: C:\Users\nicks\STM32CubeIDE\workspace_1.19.0\AFR\AFR\CM4\Core\Src\stm32h7xx_it.c
2025-08-28 00:33:10,299 [INFO] CodeEngine:265 - oldGeneratedFile, C:\Users\nicks\STM32CubeIDE\workspace_1.19.0\AFR\AFR\CM4\Core\Inc\stm32h7xx_it.h_save
2025-08-28 00:33:10,343 [INFO] CodeEngine:289 - Generated code: C:\Users\nicks\STM32CubeIDE\workspace_1.19.0\AFR\AFR\CM4\Core\Inc\stm32h7xx_it.h
2025-08-28 00:33:10,473 [INFO] CodeEngine:265 - oldGeneratedFile, C:\Users\nicks\STM32CubeIDE\workspace_1.19.0\AFR\AFR\CM4\Core\Src\stm32h7xx_hal_msp.c_save
2025-08-28 00:33:10,539 [INFO] CodeEngine:289 - Generated code: C:\Users\nicks\STM32CubeIDE\workspace_1.19.0\AFR\AFR\CM4\Core\Src\stm32h7xx_hal_msp.c
2025-08-28 00:33:10,543 [INFO] CodeEngine:265 - oldGeneratedFile, C:\Users\nicks\STM32CubeIDE\workspace_1.19.0\AFR\AFR\CM4\MXTmpFiles\system.tmp_save
2025-08-28 00:33:10,583 [INFO] CodeEngine:289 - Generated code: C:\Users\nicks\STM32CubeIDE\workspace_1.19.0\AFR\AFR\CM4\MXTmpFiles\system.tmp
2025-08-28 00:33:10,593 [INFO] CodeEngine:321 - oldGeneratedFile, C:\Users\nicks\STM32CubeIDE\workspace_1.19.0\AFR\AFR\CM4\Core\Inc\stm32h7xx_hal_conf.h_save
2025-08-28 00:33:10,635 [INFO] CodeEngine:345 - Generated code: C:\Users\nicks\STM32CubeIDE\workspace_1.19.0\AFR\AFR\CM4\Core\Inc\stm32h7xx_hal_conf.h
2025-08-28 00:33:10,647 [WARN] IPConfigManager:3811 - IP not found : NVIC
2025-08-28 00:33:10,647 [WARN] IPConfigManager:3811 - IP not found : TIM
2025-08-28 00:33:10,648 [WARN] CodeGenerator:4259 - IP not found : null
2025-08-28 00:33:10,648 [WARN] CodeGenerator:4259 - IP not found : null
2025-08-28 00:33:10,655 [INFO] CodeEngine:265 - oldGeneratedFile, C:\Users\nicks\STM32CubeIDE\workspace_1.19.0\AFR\AFR\CM4\Core\Inc\main.h_save
2025-08-28 00:33:10,700 [INFO] CodeEngine:289 - Generated code: C:\Users\nicks\STM32CubeIDE\workspace_1.19.0\AFR\AFR\CM4\Core\Inc\main.h
2025-08-28 00:33:10,705 [INFO] CodeEngine:265 - oldGeneratedFile, C:\Users\nicks\STM32CubeIDE\workspace_1.19.0\AFR\AFR\CM4\Core\Src\main.c_save
2025-08-28 00:33:10,798 [INFO] CodeEngine:289 - Generated code: C:\Users\nicks\STM32CubeIDE\workspace_1.19.0\AFR\AFR\CM4\Core\Src\main.c
2025-08-28 00:33:11,263 [INFO] ProjectBuilder:3606 - Time for Copy HAL[1] : 252mS.
2025-08-28 00:33:11,278 [INFO] ProjectBuilder:5216 - Project Generator version: 4.7.0-B52
2025-08-28 00:33:11,333 [INFO] ConfigFileManager:1595 - The Die is : DIE450
2025-08-28 00:33:17,813 [INFO] ProjectBuilder:5496 - Time for Generating toolchain IDE Files: 6535mS.
2025-08-28 00:33:17,814 [INFO] ProjectBuilder:3463 - Time for Copy CMSIS : 1mS.
2025-08-28 00:33:17,819 [INFO] ProjectBuilder:3463 - Time for Copy CMSIS : 0mS.
