2025-08-04 14:25:40,625 [INFO] Activator:176 - 


2025-08-04 14:25:40,629 [INFO] Activator:177 - !SESSION log4j initialized
2025-08-04 14:25:44,594 [INFO] LogOutputStream:77 - [STDOUT_REDIRECT] 
2025-08-04 14:25:46,237 [INFO] ApplicationProperties:184 - Using Application install path: C:\ST\STM32CubeIDE_1.19.0\STM32CubeIDE\plugins\com.st.stm32cube.common.mx_6.15.0.202507011659
2025-08-04 14:25:46,255 [INFO] DbMcusXml:78 - Set database path to: C:\ST\STM32CubeIDE_1.19.0\STM32CubeIDE\plugins\com.st.stm32cube.common.mx_6.15.0.202507011659\\db\/mcu/
2025-08-04 14:25:46,255 [INFO] ApiDb:274 - Set plugin database path to: C:\ST\STM32CubeIDE_1.19.0\STM32CubeIDE\plugins\com.st.stm32cube.common.mx_6.15.0.202507011659\\db\/plugins/boardmanager/
2025-08-04 14:25:46,255 [WARN] ApiDb:259 - Overriding images path with different value:  => C:\ST\STM32CubeIDE_1.19.0\STM32CubeIDE\plugins\com.st.stm32cube.common.mx_6.15.0.202507011659\\db\/plugins/mcufinder/images/
2025-08-04 14:25:46,262 [INFO] ApiDb:250 - Set database path to: C:\Users\nicks\.stmcufinder\plugins\mcufinder//mcu/
2025-08-04 14:25:46,263 [INFO] DbMcusAds:125 - Set database path to: C:\Users\nicks\.stmcufinder\plugins\mcufinder//mcu/
2025-08-04 14:25:46,265 [INFO] CrossReferenceDbSqlite:203 - Set database path to: C:\Users\nicks\.stmcufinder\plugins\mcufinder//mcu/cs/
2025-08-04 14:25:46,340 [INFO] RulesReader:64 - Compatibility file has been processed (317 Rules)
2025-08-04 14:25:46,403 [INFO] DbMcusXml:78 - Set database path to: C:\ST\STM32CubeIDE_1.19.0\STM32CubeIDE\plugins\com.st.stm32cube.common.mx_6.15.0.202507011659\\db\/mcu/
2025-08-04 14:25:46,404 [INFO] ApiDb:274 - Set plugin database path to: C:\ST\STM32CubeIDE_1.19.0\STM32CubeIDE\plugins\com.st.stm32cube.common.mx_6.15.0.202507011659\\db\/plugins/boardmanager/
2025-08-04 14:25:46,404 [INFO] ApiDb:261 - Set plugin images path to: C:\ST\STM32CubeIDE_1.19.0\STM32CubeIDE\plugins\com.st.stm32cube.common.mx_6.15.0.202507011659\\db\/plugins/mcufinder/images/
2025-08-04 14:25:46,404 [WARN] DbFile:41 - Overriding database path with different value: C:\Users\nicks\.stmcufinder\plugins\mcufinder/ => C:\Users\nicks\.stmcufinder\plugins\mcufinder
2025-08-04 14:25:46,404 [INFO] ApiDb:250 - Set database path to: C:\Users\nicks\.stmcufinder\plugins\mcufinder//mcu/
2025-08-04 14:25:46,404 [WARN] DbFile:41 - Overriding database path with different value: C:\Users\nicks\.stmcufinder\plugins\mcufinder/ => C:\Users\nicks\.stmcufinder\plugins\mcufinder
2025-08-04 14:25:46,404 [INFO] DbMcusAds:125 - Set database path to: C:\Users\nicks\.stmcufinder\plugins\mcufinder//mcu/
2025-08-04 14:25:46,404 [WARN] DbFile:41 - Overriding database path with different value: C:\Users\nicks\.stmcufinder\plugins\mcufinder/ => C:\Users\nicks\.stmcufinder\plugins\mcufinder
2025-08-04 14:25:46,404 [WARN] DbFile:41 - Overriding database path with different value: C:\Users\nicks\.stmcufinder\plugins\mcufinder/ => C:\Users\nicks\.stmcufinder\plugins\mcufinder
2025-08-04 14:25:46,404 [INFO] CrossReferenceDbSqlite:203 - Set database path to: C:\Users\nicks\.stmcufinder\plugins\mcufinder//mcu/cs/
2025-08-04 14:25:46,459 [INFO] MainPanel:274 - HeapMemory: 269484032
2025-08-04 14:25:46,542 [INFO] DbMcusXml:78 - Set database path to: C:\ST\STM32CubeIDE_1.19.0\STM32CubeIDE\plugins\com.st.stm32cube.common.mx_6.15.0.202507011659\\db\/mcu/
2025-08-04 14:25:46,542 [INFO] ApiDb:274 - Set plugin database path to: C:\ST\STM32CubeIDE_1.19.0\STM32CubeIDE\plugins\com.st.stm32cube.common.mx_6.15.0.202507011659\\db\/plugins/boardmanager/
2025-08-04 14:25:46,542 [INFO] ApiDb:261 - Set plugin images path to: C:\ST\STM32CubeIDE_1.19.0\STM32CubeIDE\plugins\com.st.stm32cube.common.mx_6.15.0.202507011659\\db\/plugins/mcufinder/images/
2025-08-04 14:25:46,543 [WARN] DbFile:41 - Overriding database path with different value: C:\Users\nicks\.stmcufinder\plugins\mcufinder/ => C:\Users\nicks\.stmcufinder\plugins\mcufinder
2025-08-04 14:25:46,543 [INFO] ApiDb:250 - Set database path to: C:\Users\nicks\.stmcufinder\plugins\mcufinder//mcu/
2025-08-04 14:25:46,543 [WARN] DbFile:41 - Overriding database path with different value: C:\Users\nicks\.stmcufinder\plugins\mcufinder/ => C:\Users\nicks\.stmcufinder\plugins\mcufinder
2025-08-04 14:25:46,543 [INFO] DbMcusAds:125 - Set database path to: C:\Users\nicks\.stmcufinder\plugins\mcufinder//mcu/
2025-08-04 14:25:46,543 [WARN] DbFile:41 - Overriding database path with different value: C:\Users\nicks\.stmcufinder\plugins\mcufinder/ => C:\Users\nicks\.stmcufinder\plugins\mcufinder
2025-08-04 14:25:46,543 [WARN] DbFile:41 - Overriding database path with different value: C:\Users\nicks\.stmcufinder\plugins\mcufinder/ => C:\Users\nicks\.stmcufinder\plugins\mcufinder
2025-08-04 14:25:46,543 [INFO] CrossReferenceDbSqlite:203 - Set database path to: C:\Users\nicks\.stmcufinder\plugins\mcufinder//mcu/cs/
2025-08-04 14:25:46,556 [INFO] ApplicationProperties:184 - Using Application install path: C:\ST\STM32CubeIDE_1.19.0\STM32CubeIDE\plugins\com.st.stm32cube.common.mx_6.15.0.202507011659
2025-08-04 14:25:46,557 [INFO] PluginManage:196 - Search for loadable plugins [exclusion list=, ]
2025-08-04 14:25:46,558 [INFO] PluginManage:310 - Check plugin analytics
2025-08-04 14:25:46,679 [INFO] AnalyticsPlugin:253 - Accepted Software Licenses: 
2025-08-04 14:25:46,680 [INFO] AnalyticsPlugin:255 - Accepted CMSIS Pack Licenses: 
2025-08-04 14:25:46,680 [INFO] AnalyticsPlugin:257 - Accepted Firmware Licenses: FW.F4.1.28.0,FW.H7.1.12.0,FW.H7.1.11.0
2025-08-04 14:25:46,681 [INFO] PluginManage:359 - Loaded plugin analytics (category:tool,tabindex:-1)
2025-08-04 14:25:46,681 [INFO] PluginManage:310 - Check plugin cadmodel
2025-08-04 14:25:46,690 [INFO] CADModel:105 - Init CAD model plugin
2025-08-04 14:25:46,690 [INFO] PluginManage:359 - Loaded plugin cadmodel (category:power,tabindex:5)
2025-08-04 14:25:46,690 [INFO] PluginManage:310 - Check plugin clock
2025-08-04 14:25:46,698 [INFO] PluginManage:359 - Loaded plugin clock (category:base,tabindex:2)
2025-08-04 14:25:46,698 [INFO] PluginManage:310 - Check plugin ddr
2025-08-04 14:25:46,700 [INFO] PluginManage:359 - Loaded plugin ddr (category:tool,tabindex:6)
2025-08-04 14:25:46,700 [INFO] PluginManage:310 - Check plugin filemanager
2025-08-04 14:25:46,811 [INFO] PluginManage:359 - Loaded plugin filemanager (category:base,tabindex:10)
2025-08-04 14:25:46,811 [INFO] PluginManage:310 - Check plugin ipmanager
2025-08-04 14:25:46,816 [INFO] PluginManage:359 - Loaded plugin ipmanager (category:base,tabindex:5)
2025-08-04 14:25:46,816 [INFO] PluginManage:310 - Check plugin lpbam
2025-08-04 14:25:46,822 [INFO] PluginManage:359 - Loaded plugin lpbam (category:base,tabindex:0)
2025-08-04 14:25:46,822 [INFO] PluginManage:310 - Check plugin memorymap
2025-08-04 14:25:46,833 [INFO] PluginManage:359 - Loaded plugin memorymap (category:base,tabindex:4)
2025-08-04 14:25:46,833 [INFO] PluginManage:310 - Check plugin pinoutandconfiguration
2025-08-04 14:25:46,840 [INFO] PluginManage:359 - Loaded plugin pinoutandconfiguration (category:base,tabindex:1)
2025-08-04 14:25:46,840 [INFO] PluginManage:310 - Check plugin pinoutconfig
2025-08-04 14:25:46,900 [WARN] SupportedApi:132 - Cannot load RTOS API schema: s4s-elt-must-match.1: The content of 'definitions' must match (annotation?, (simpleType | complexType)?, (unique | key | keyref)*)). A problem was found starting at: attribute.
2025-08-04 14:25:46,984 [INFO] PluginManage:359 - Loaded plugin pinoutconfig (category:base,tabindex:0)
2025-08-04 14:25:46,984 [INFO] PluginManage:310 - Check plugin power
2025-08-04 14:25:46,992 [INFO] PluginManage:359 - Loaded plugin power (category:power,tabindex:4)
2025-08-04 14:25:46,992 [INFO] PluginManage:310 - Check plugin projectmanager
2025-08-04 14:25:47,002 [INFO] PluginManage:359 - Loaded plugin projectmanager (category:projectmanager,tabindex:4)
2025-08-04 14:25:47,002 [INFO] PluginManage:310 - Check plugin rif
2025-08-04 14:25:47,009 [INFO] PluginManage:359 - Loaded plugin rif (category:base,tabindex:3)
2025-08-04 14:25:47,009 [INFO] PluginManage:310 - Check plugin thirdparty
2025-08-04 14:25:47,114 [INFO] PluginManage:359 - Loaded plugin thirdparty (category:base,tabindex:-1)
2025-08-04 14:25:47,114 [INFO] PluginManage:310 - Check plugin tools
2025-08-04 14:25:47,114 [WARN] IntegrityCheckThread:84 - waiting for thirdparty lock release [integrity check]
2025-08-04 14:25:47,114 [INFO] IntegrityCheckThread:86 - entering critical section [integrity check]
2025-08-04 14:25:47,114 [INFO] ThirdPartyUpdaterWithRetryManager:70 - Updater plugin not ready yet. [1/15]
2025-08-04 14:25:47,116 [INFO] PluginManage:359 - Loaded plugin tools (category:base,tabindex:7)
2025-08-04 14:25:47,116 [INFO] PluginManage:310 - Check plugin tutovideos
2025-08-04 14:25:47,255 [INFO] PluginManage:359 - Loaded plugin tutovideos (category:base,tabindex:-1)
2025-08-04 14:25:47,255 [INFO] PluginManage:310 - Check plugin updater
2025-08-04 14:25:47,270 [INFO] PluginManage:359 - Loaded plugin updater (category:base,tabindex:12)
2025-08-04 14:25:47,270 [INFO] PluginManage:310 - Check plugin userauth
2025-08-04 14:25:47,273 [INFO] UserAuth:118 - Init User Auth plugin
2025-08-04 14:25:47,273 [INFO] PluginManage:359 - Loaded plugin userauth (category:base,tabindex:14)
2025-08-04 14:25:47,273 [INFO] PluginManage:283 - PluginManage : Loaded plugins [18]
2025-08-04 14:25:47,405 [INFO] PinOutPanel:1589 - setPackage(No Configuration,No Configuration)
2025-08-04 14:25:47,460 [INFO] CADModel:165 - CPN selected for project level
2025-08-04 14:25:47,460 [INFO] CADModel:114 - Register for checkConnection events
2025-08-04 14:25:47,473 [INFO] IPUIPlugin:80 - create IPUIPlugin
2025-08-04 14:25:47,473 [INFO] PluginManager:220 - loadIPPluginJar : add adc
2025-08-04 14:25:47,475 [INFO] IPUIPlugin:80 - create IPUIPlugin
2025-08-04 14:25:47,475 [INFO] PluginManager:220 - loadIPPluginJar : add aes
2025-08-04 14:25:47,477 [INFO] IPUIPlugin:80 - create IPUIPlugin
2025-08-04 14:25:47,477 [INFO] PluginManager:220 - loadIPPluginJar : add can
2025-08-04 14:25:47,478 [INFO] IPUIPlugin:80 - create IPUIPlugin
2025-08-04 14:25:47,478 [INFO] PluginManager:220 - loadIPPluginJar : add comp
2025-08-04 14:25:47,479 [INFO] IPUIPlugin:80 - create IPUIPlugin
2025-08-04 14:25:47,479 [INFO] PluginManager:220 - loadIPPluginJar : add cryp
2025-08-04 14:25:47,481 [INFO] IPUIPlugin:80 - create IPUIPlugin
2025-08-04 14:25:47,481 [INFO] PluginManager:220 - loadIPPluginJar : add ddr_ctrl_phy
2025-08-04 14:25:47,483 [INFO] IPUIPlugin:80 - create IPUIPlugin
2025-08-04 14:25:47,483 [INFO] PluginManager:220 - loadIPPluginJar : add dfsdm
2025-08-04 14:25:47,486 [INFO] IPUIPlugin:80 - create IPUIPlugin
2025-08-04 14:25:47,486 [INFO] PluginManager:220 - loadIPPluginJar : add dma
2025-08-04 14:25:47,488 [INFO] IPUIPlugin:80 - create IPUIPlugin
2025-08-04 14:25:47,488 [INFO] PluginManager:220 - loadIPPluginJar : add dma3
2025-08-04 14:25:47,490 [INFO] IPUIPlugin:80 - create IPUIPlugin
2025-08-04 14:25:47,490 [INFO] PluginManager:220 - loadIPPluginJar : add extmemmanager
2025-08-04 14:25:47,491 [INFO] IPUIPlugin:80 - create IPUIPlugin
2025-08-04 14:25:47,491 [INFO] PluginManager:220 - loadIPPluginJar : add fatfs
2025-08-04 14:25:47,494 [INFO] IPUIPlugin:80 - create IPUIPlugin
2025-08-04 14:25:47,494 [INFO] PluginManager:220 - loadIPPluginJar : add fmc
2025-08-04 14:25:47,498 [INFO] IPUIPlugin:80 - create IPUIPlugin
2025-08-04 14:25:47,498 [INFO] PluginManager:220 - loadIPPluginJar : add freertos
2025-08-04 14:25:47,499 [INFO] IPUIPlugin:80 - create IPUIPlugin
2025-08-04 14:25:47,499 [INFO] PluginManager:220 - loadIPPluginJar : add genericplugin
2025-08-04 14:25:47,501 [INFO] IPUIPlugin:80 - create IPUIPlugin
2025-08-04 14:25:47,501 [INFO] PluginManager:220 - loadIPPluginJar : add gfxmmu
2025-08-04 14:25:47,504 [INFO] IPUIPlugin:80 - create IPUIPlugin
2025-08-04 14:25:47,504 [INFO] PluginManager:220 - loadIPPluginJar : add gic
2025-08-04 14:25:47,507 [INFO] IPUIPlugin:80 - create IPUIPlugin
2025-08-04 14:25:47,507 [INFO] PluginManager:220 - loadIPPluginJar : add gpio
2025-08-04 14:25:47,509 [INFO] IPUIPlugin:80 - create IPUIPlugin
2025-08-04 14:25:47,509 [INFO] PluginManager:220 - loadIPPluginJar : add gtzc
2025-08-04 14:25:47,510 [INFO] IPUIPlugin:80 - create IPUIPlugin
2025-08-04 14:25:47,510 [INFO] PluginManager:220 - loadIPPluginJar : add hash
2025-08-04 14:25:47,512 [INFO] IPUIPlugin:80 - create IPUIPlugin
2025-08-04 14:25:47,512 [INFO] PluginManager:220 - loadIPPluginJar : add i2c
2025-08-04 14:25:47,513 [INFO] IPUIPlugin:80 - create IPUIPlugin
2025-08-04 14:25:47,513 [INFO] PluginManager:220 - loadIPPluginJar : add i2s
2025-08-04 14:25:47,515 [INFO] IPUIPlugin:80 - create IPUIPlugin
2025-08-04 14:25:47,515 [INFO] PluginManager:220 - loadIPPluginJar : add i3c
2025-08-04 14:25:47,517 [INFO] IPUIPlugin:80 - create IPUIPlugin
2025-08-04 14:25:47,517 [INFO] PluginManager:220 - loadIPPluginJar : add ipddr
2025-08-04 14:25:47,521 [INFO] IPUIPlugin:80 - create IPUIPlugin
2025-08-04 14:25:47,521 [INFO] PluginManager:220 - loadIPPluginJar : add linkedlist
2025-08-04 14:25:47,523 [INFO] IPUIPlugin:80 - create IPUIPlugin
2025-08-04 14:25:47,523 [INFO] PluginManager:220 - loadIPPluginJar : add lorawan
2025-08-04 14:25:47,524 [INFO] IPUIPlugin:80 - create IPUIPlugin
2025-08-04 14:25:47,524 [INFO] PluginManager:220 - loadIPPluginJar : add ltdc
2025-08-04 14:25:47,527 [INFO] IPUIPlugin:80 - create IPUIPlugin
2025-08-04 14:25:47,527 [INFO] PluginManager:220 - loadIPPluginJar : add mdma
2025-08-04 14:25:47,529 [INFO] IPUIPlugin:80 - create IPUIPlugin
2025-08-04 14:25:47,529 [INFO] PluginManager:220 - loadIPPluginJar : add nvic
2025-08-04 14:25:47,531 [INFO] IPUIPlugin:80 - create IPUIPlugin
2025-08-04 14:25:47,531 [INFO] PluginManager:220 - loadIPPluginJar : add opamp
2025-08-04 14:25:47,532 [INFO] IPUIPlugin:80 - create IPUIPlugin
2025-08-04 14:25:47,532 [INFO] PluginManager:220 - loadIPPluginJar : add openamp
2025-08-04 14:25:47,534 [INFO] IPUIPlugin:80 - create IPUIPlugin
2025-08-04 14:25:47,534 [INFO] PluginManager:220 - loadIPPluginJar : add pdm2pcm
2025-08-04 14:25:47,538 [INFO] IPUIPlugin:80 - create IPUIPlugin
2025-08-04 14:25:47,539 [INFO] PluginManager:220 - loadIPPluginJar : add plateformsettings
2025-08-04 14:25:47,540 [INFO] IPUIPlugin:80 - create IPUIPlugin
2025-08-04 14:25:47,540 [INFO] PluginManager:220 - loadIPPluginJar : add quadspi
2025-08-04 14:25:47,541 [INFO] IPUIPlugin:80 - create IPUIPlugin
2025-08-04 14:25:47,541 [INFO] PluginManager:220 - loadIPPluginJar : add radio
2025-08-04 14:25:47,544 [INFO] IPUIPlugin:80 - create IPUIPlugin
2025-08-04 14:25:47,544 [INFO] PluginManager:220 - loadIPPluginJar : add resmgrutility
2025-08-04 14:25:47,546 [INFO] IPUIPlugin:80 - create IPUIPlugin
2025-08-04 14:25:47,546 [INFO] PluginManager:220 - loadIPPluginJar : add sai
2025-08-04 14:25:47,548 [INFO] IPUIPlugin:80 - create IPUIPlugin
2025-08-04 14:25:47,548 [INFO] PluginManager:220 - loadIPPluginJar : add spi
2025-08-04 14:25:47,552 [INFO] IPUIPlugin:80 - create IPUIPlugin
2025-08-04 14:25:47,552 [INFO] PluginManager:220 - loadIPPluginJar : add stm32_wpan
2025-08-04 14:25:47,553 [INFO] IPUIPlugin:80 - create IPUIPlugin
2025-08-04 14:25:47,553 [INFO] PluginManager:220 - loadIPPluginJar : add tim
2025-08-04 14:25:47,555 [INFO] IPUIPlugin:80 - create IPUIPlugin
2025-08-04 14:25:47,555 [INFO] PluginManager:220 - loadIPPluginJar : add touchsensing
2025-08-04 14:25:47,556 [INFO] IPUIPlugin:80 - create IPUIPlugin
2025-08-04 14:25:47,556 [INFO] PluginManager:220 - loadIPPluginJar : add tracer_emb
2025-08-04 14:25:47,557 [INFO] IPUIPlugin:80 - create IPUIPlugin
2025-08-04 14:25:47,558 [INFO] PluginManager:220 - loadIPPluginJar : add ts
2025-08-04 14:25:47,559 [INFO] IPUIPlugin:80 - create IPUIPlugin
2025-08-04 14:25:47,559 [INFO] PluginManager:220 - loadIPPluginJar : add tsc
2025-08-04 14:25:47,560 [INFO] IPUIPlugin:80 - create IPUIPlugin
2025-08-04 14:25:47,560 [INFO] PluginManager:220 - loadIPPluginJar : add ucpd
2025-08-04 14:25:47,562 [INFO] IPUIPlugin:80 - create IPUIPlugin
2025-08-04 14:25:47,562 [INFO] PluginManager:220 - loadIPPluginJar : add usart
2025-08-04 14:25:47,564 [INFO] IPUIPlugin:80 - create IPUIPlugin
2025-08-04 14:25:47,564 [INFO] PluginManager:220 - loadIPPluginJar : add usbx
2025-08-04 14:25:47,673 [FATAL] Updater:351 - Updater called before beeing initialized
2025-08-04 14:25:47,691 [INFO] RulesReader:64 - Compatibility file has been processed (317 Rules)
2025-08-04 14:25:47,698 [INFO] RulesReader:64 - Compatibility file has been processed (317 Rules)
2025-08-04 14:25:47,703 [INFO] CADModel:165 - CPN selected for project level
2025-08-04 14:25:47,703 [INFO] CADModel:114 - Register for checkConnection events
2025-08-04 14:25:47,703 [FATAL] Updater:351 - Updater called before beeing initialized
2025-08-04 14:25:47,703 [ERROR] CADModel:125 - Updater not yet initialized, retry later 
2025-08-04 14:25:47,800 [FATAL] Updater:351 - Updater called before beeing initialized
2025-08-04 14:25:47,801 [INFO] CADModel:165 - CPN selected for project level
2025-08-04 14:25:47,801 [INFO] CADModel:114 - Register for checkConnection events
2025-08-04 14:25:47,801 [FATAL] Updater:351 - Updater called before beeing initialized
2025-08-04 14:25:47,801 [ERROR] CADModel:125 - Updater not yet initialized, retry later 
2025-08-04 14:25:47,803 [FATAL] Updater:351 - Updater called before beeing initialized
2025-08-04 14:25:47,875 [FATAL] Updater:351 - Updater called before beeing initialized
2025-08-04 14:25:47,878 [INFO] DbMcusAds:53 - JSON generation date=Tue Jul 08 18:14:23 AEST 2025 (1751962463562)
2025-08-04 14:25:47,878 [FATAL] Updater:351 - Updater called before beeing initialized
2025-08-04 14:25:47,906 [WARN] DetailPanel:346 - Failed to get advertising image, set to default
2025-08-04 14:25:47,966 [FATAL] Updater:351 - Updater called before beeing initialized
2025-08-04 14:25:47,967 [FATAL] Updater:351 - Updater called before beeing initialized
2025-08-04 14:25:47,967 [FATAL] Updater:351 - Updater called before beeing initialized
2025-08-04 14:25:47,967 [WARN] DetailPanel:346 - Failed to get advertising image, set to default
2025-08-04 14:25:47,967 [FATAL] Updater:351 - Updater called before beeing initialized
2025-08-04 14:25:47,999 [ERROR] Updater:1198 - MainUpdater not yet initialized. External WinMGr cannot be set.
2025-08-04 14:25:48,000 [INFO] Updater:1134 - Updater Version found : 6.15.0
2025-08-04 14:25:48,013 [INFO] ApplicationProperties:184 - Using Application install path: C:\ST\STM32CubeIDE_1.19.0\STM32CubeIDE\plugins\com.st.stm32cube.common.mx_6.15.0.202507011659
2025-08-04 14:25:48,226 [INFO] MainUpdater:2872 - connection check result : 10
2025-08-04 14:25:48,226 [INFO] MainUpdater:289 - Updater Check For Update Now.
2025-08-04 14:25:48,226 [INFO] MicroXplorer:498 - Change Database Version : DB.6.0.150
2025-08-04 14:25:48,230 [INFO] McuFinderGlobals:63 - Set McuFinder mode to 2 (CubeIDE integrated)
2025-08-04 14:25:48,231 [INFO] UserAuth:487 - Internet connection configuration mode: 1
2025-08-04 14:25:48,246 [INFO] JxBrowserEngine:152 - Initiate JxBrowser Engine with user profile folder
2025-08-04 14:25:48,376 [INFO] CheckServerUpdateThread:120 - End of CheckServer Thread
2025-08-04 14:25:49,182 [INFO] WebApp:169 - Instantiating new browser for Auth
2025-08-04 14:25:49,643 [INFO] WebApp:463 - Apply proxy settings
2025-08-04 14:25:49,644 [INFO] WebApp:548 - Chromium requires no authentication
2025-08-04 14:25:49,650 [INFO] WebApp:491 - Direct internet connection detected
2025-08-04 14:25:49,669 [INFO] WebApp:900 - Register for checkConnection events
2025-08-04 14:25:49,669 [INFO] WebApp:463 - Apply proxy settings
2025-08-04 14:25:49,669 [INFO] WebApp:548 - Chromium requires no authentication
2025-08-04 14:25:49,669 [INFO] WebApp:491 - Direct internet connection detected
2025-08-04 14:25:49,793 [INFO] WebApp:225 - Starting web application
2025-08-04 14:25:49,793 [INFO] WebApp:593 - Web application path used C:\ST\STM32CubeIDE_1.19.0\STM32CubeIDE\plugins\com.st.stm32cube.common.mx_6.15.0.202507011659\db\plugins\mcufinder\reactClient1\index.html
2025-08-04 14:25:49,891 [INFO] UserAuth:487 - Internet connection configuration mode: 1
2025-08-04 14:25:50,036 [INFO] WebApp:191 - Connection restablished
2025-08-04 14:25:50,303 [WARN] PackLoader:240 - Cannot read IP mode file for STMicroelectronics.FP-SNS-MOTENVWB1.1.4.0
2025-08-04 14:25:50,308 [WARN] PackLoader:240 - Cannot read IP mode file for STMicroelectronics.FP-ATR-ASTRA1.2.0.2
2025-08-04 14:25:50,311 [WARN] PackLoader:240 - Cannot read IP mode file for STMicroelectronics.FP-ATR-ASTRA1.2.0.1
2025-08-04 14:25:50,316 [WARN] PackLoader:240 - Cannot read IP mode file for STMicroelectronics.X-CUBE-SMBUS.2.1.0
2025-08-04 14:25:50,321 [WARN] PackLoader:240 - Cannot read IP mode file for STMicroelectronics.X-CUBE-WB05N.1.1.0
2025-08-04 14:25:50,325 [WARN] PackLoader:240 - Cannot read IP mode file for STMicroelectronics.X-CUBE-ST60.1.0.0
2025-08-04 14:25:50,346 [WARN] PackLoader:240 - Cannot read IP mode file for STMicroelectronics.X-CUBE-AZRTOS-F7.1.1.0
2025-08-04 14:25:50,352 [WARN] PackLoader:240 - Cannot read IP mode file for STMicroelectronics.FP-SNS-FLIGHT1.5.0.2
2025-08-04 14:25:50,366 [WARN] PackLoader:240 - Cannot read IP mode file for Infineon.AIROC-Wi-Fi-Bluetooth-STM32.1.7.0
2025-08-04 14:25:50,387 [WARN] PackLoader:240 - Cannot read IP mode file for STMicroelectronics.X-CUBE-AZRTOS-H7.3.4.0
2025-08-04 14:25:50,398 [WARN] PackLoader:240 - Cannot read IP mode file for STMicroelectronics.X-CUBE-DISPLAY.3.0.0
2025-08-04 14:25:50,410 [WARN] PackLoader:240 - Cannot read IP mode file for STMicroelectronics.X-CUBE-NFC10.1.0.0
2025-08-04 14:25:50,419 [WARN] PackLoader:240 - Cannot read IP mode file for STMicroelectronics.X-CUBE-BLEMGR.4.0.0
2025-08-04 14:25:50,427 [WARN] PackLoader:240 - Cannot read IP mode file for emotas.I-CUBE-CANOPEN.1.3.0
2025-08-04 14:25:50,431 [WARN] ConditionMgr:438 - getConditionDescription Invalid condition id : Cortex-A Device cause : null
2025-08-04 14:25:50,455 [WARN] ConditionMgr:1044 - genDependencies : Invalid condition id : Cortex-A Device cause : null
2025-08-04 14:25:50,455 [WARN] ConditionMgr:1044 - genDependencies : Invalid condition id : Cortex-A Device cause : null
2025-08-04 14:25:50,455 [WARN] ConditionMgr:1044 - genDependencies : Invalid condition id : Cortex-A Device cause : null
2025-08-04 14:25:50,459 [WARN] PackLoader:240 - Cannot read IP mode file for STMicroelectronics.X-CUBE-AI.10.0.0
2025-08-04 14:25:50,466 [WARN] PackLoader:240 - Cannot read IP mode file for STMicroelectronics.FP-SNS-STBOX1.2.1.0
2025-08-04 14:25:50,472 [WARN] PackLoader:240 - Cannot read IP mode file for STMicroelectronics.FP-SNS-SMARTAG2.1.2.0
2025-08-04 14:25:50,476 [WARN] PackLoader:240 - Cannot read IP mode file for STMicroelectronics.FP-SNS-FLIGHT1.5.1.0
2025-08-04 14:25:50,485 [INFO] LogOutputStream:77 - [STDOUT_REDIRECT] 1 : Invalid condition id : UX_CORESTACK_Condition cause : null
2025-08-04 14:25:50,486 [INFO] LogOutputStream:77 - [STDOUT_REDIRECT] 1 : Invalid condition id : UX_CORESTACK_Condition cause : null
2025-08-04 14:25:50,487 [INFO] LogOutputStream:77 - [STDOUT_REDIRECT] 1 : Invalid condition id : UX_CORESTACK_Condition cause : null
2025-08-04 14:25:50,488 [INFO] LogOutputStream:77 - [STDOUT_REDIRECT] 1 : Invalid condition id : UX_CORESTACK_Condition cause : null
2025-08-04 14:25:50,488 [INFO] LogOutputStream:77 - [STDOUT_REDIRECT] 1 : Invalid condition id : UX_CORESTACK_Condition cause : null
2025-08-04 14:25:50,492 [WARN] PackLoader:240 - Cannot read IP mode file for STMicroelectronics.X-CUBE-AZRTOS-WL.2.0.0
2025-08-04 14:25:50,497 [WARN] PackLoader:240 - Cannot read IP mode file for STMicroelectronics.FP-SNS-MOTENV1.5.0.0
2025-08-04 14:25:50,504 [WARN] PackLoader:240 - Cannot read IP mode file for WES.I-CUBE-Cesium.1.3.0
2025-08-04 14:25:50,508 [WARN] PackLoader:240 - Cannot read IP mode file for STMicroelectronics.X-CUBE-BLE2.3.3.0
2025-08-04 14:25:50,514 [WARN] PackLoader:240 - Cannot read IP mode file for STMicroelectronics.X-CUBE-NFC9.1.0.0
2025-08-04 14:25:50,519 [WARN] PackLoader:240 - Cannot read IP mode file for STMicroelectronics.X-CUBE-BLE1.7.1.0
2025-08-04 14:25:50,522 [WARN] PackLoader:240 - Cannot read IP mode file for wolfSSL.I-CUBE-wolfMQTT.1.19.2
2025-08-04 14:25:50,527 [WARN] PackLoader:240 - Cannot read IP mode file for STMicroelectronics.X-CUBE-EEPRMA1.5.2.0
2025-08-04 14:25:50,531 [WARN] PackLoader:240 - Cannot read IP mode file for STMicroelectronics.X-CUBE-AI.10.1.0
2025-08-04 14:25:50,561 [WARN] PackLoader:240 - Cannot read IP mode file for STMicroelectronics.X-CUBE-MEMS1.11.2.0
2025-08-04 14:25:50,624 [WARN] PackLoader:240 - Cannot read IP mode file for STMicroelectronics.X-CUBE-AZRTOS-G0.1.1.0
2025-08-04 14:25:50,628 [WARN] PackLoader:240 - Cannot read IP mode file for STMicroelectronics.X-CUBE-SAFEA1.1.2.2
2025-08-04 14:25:50,632 [WARN] PackLoader:240 - Cannot read IP mode file for STMicroelectronics.X-CUBE-NFC4.3.0.0
2025-08-04 14:25:50,636 [WARN] PackLoader:240 - Cannot read IP mode file for EmbeddedOffice.I-CUBE-FS-RTOS.1.0.1
2025-08-04 14:25:50,640 [WARN] PackLoader:240 - Cannot read IP mode file for STMicroelectronics.X-CUBE-WB05N.2.0.0
2025-08-04 14:25:50,643 [WARN] PackLoader:240 - Cannot read IP mode file for wolfSSL.I-CUBE-wolfTPM.3.8.0
2025-08-04 14:25:50,647 [WARN] PackLoader:240 - Cannot read IP mode file for STMicroelectronics.X-CUBE-TCPP.4.2.0
2025-08-04 14:25:50,651 [WARN] PackLoader:240 - Cannot read IP mode file for RealThread.X-CUBE-RT-Thread_Nano.4.1.1
2025-08-04 14:25:50,654 [WARN] PackLoader:240 - Cannot read IP mode file for STMicroelectronics.FP-ATR-SIGFOX1.3.2.0
2025-08-04 14:25:50,657 [WARN] PackLoader:240 - Cannot read IP mode file for STMicroelectronics.X-CUBE-EEPRMA1.5.1.0
2025-08-04 14:25:50,659 [WARN] PackLoader:240 - Cannot read IP mode file for wolfSSL.I-CUBE-wolfSSL.5.7.6
2025-08-04 14:25:50,663 [WARN] PackLoader:240 - Cannot read IP mode file for ITTIA_DB.I-CUBE-ITTIADB.8.9.0
2025-08-04 14:25:50,667 [WARN] PackLoader:240 - Cannot read IP mode file for STMicroelectronics.X-CUBE-ST67W61.1.0.0
2025-08-04 14:25:50,669 [WARN] PackLoader:240 - Cannot read IP mode file for STMicroelectronics.X-CUBE-AI.10.2.0
2025-08-04 14:25:50,682 [WARN] PackLoader:240 - Cannot read IP mode file for SEGGER.I-CUBE-embOS.1.3.1
2025-08-04 14:25:50,704 [WARN] PackLoader:240 - Cannot read IP mode file for STMicroelectronics.X-CUBE-ALGOBUILD.1.4.0
2025-08-04 14:25:50,725 [WARN] PackLoader:240 - Cannot read IP mode file for STMicroelectronics.X-CUBE-MEMS1.11.3.0
2025-08-04 14:25:50,784 [WARN] PackLoader:240 - Cannot read IP mode file for STMicroelectronics.X-CUBE-PM33A1.1.0.0
2025-08-04 14:25:50,793 [WARN] PackLoader:240 - Cannot read IP mode file for STMicroelectronics.X-CUBE-AZRTOS-F4.1.1.0
2025-08-04 14:25:50,796 [WARN] PackLoader:240 - Cannot read IP mode file for Avnet-IotConnect.X-CUBE-IoTC-DA16k-PMOD.1.0.0
2025-08-04 14:25:50,799 [WARN] PackLoader:240 - Cannot read IP mode file for STMicroelectronics.X-CUBE-ISPU.2.1.0
2025-08-04 14:25:50,807 [WARN] PackLoader:240 - Cannot read IP mode file for STMicroelectronics.X-CUBE-NFC12.1.0.0
2025-08-04 14:25:50,819 [WARN] PackLoader:240 - Cannot read IP mode file for STMicroelectronics.X-CUBE-AZRTOS-L5.2.0.0
2025-08-04 14:25:50,825 [WARN] PackLoader:240 - Cannot read IP mode file for STMicroelectronics.X-CUBE-NFC6.3.1.0
2025-08-04 14:25:50,831 [WARN] PackLoader:240 - Cannot read IP mode file for STMicroelectronics.X-CUBE-FREERTOS.1.3.1
2025-08-04 14:25:50,833 [WARN] PackLoader:240 - Cannot read IP mode file for STMicroelectronics.X-CUBE-FREERTOS.1.3.0
2025-08-04 14:25:50,838 [WARN] PackLoader:240 - Cannot read IP mode file for STMicroelectronics.X-CUBE-NFC7.1.0.1
2025-08-04 14:25:50,842 [WARN] PackLoader:240 - Cannot read IP mode file for STMicroelectronics.FP-SNS-STAIOTCFT.1.0.0
2025-08-04 14:25:50,846 [WARN] PackLoader:240 - Cannot read IP mode file for STMicroelectronics.X-CUBE-DPower.1.3.0
2025-08-04 14:25:50,856 [WARN] ConditionMgr:438 - getConditionDescription Invalid condition id : LAN8742 Phy interface Condition cause : null
2025-08-04 14:25:50,856 [WARN] PackLoader:240 - Cannot read IP mode file for STMicroelectronics.X-CUBE-AZRTOS-L4.2.0.0
2025-08-04 14:25:50,857 [WARN] ConditionMgr:1044 - genDependencies : Invalid condition id : LAN8742 Phy interface Condition cause : null
2025-08-04 14:25:50,857 [WARN] ConditionMgr:1044 - genDependencies : Invalid condition id : LAN8742 Phy interface Condition cause : null
2025-08-04 14:25:50,858 [WARN] ConditionMgr:1044 - genDependencies : Invalid condition id : LAN8742 Phy interface Condition cause : null
2025-08-04 14:25:50,863 [WARN] PackLoader:240 - Cannot read IP mode file for STMicroelectronics.X-CUBE-SFXS2LP1.4.0.0
2025-08-04 14:25:50,886 [WARN] PackLoader:240 - Cannot read IP mode file for STMicroelectronics.X-CUBE-AZRTOS-H7.3.3.0
2025-08-04 14:25:50,896 [WARN] PackLoader:240 - Cannot read IP mode file for STMicroelectronics.X-CUBE-BLEMGR.4.1.0
2025-08-04 14:25:50,904 [WARN] ConditionMgr:438 - getConditionDescription Invalid condition id : UX DEVICE CLASS RTOS Condition cause : null
2025-08-04 14:25:50,905 [WARN] ConditionMgr:438 - getConditionDescription Invalid condition id : UX DEVICE CLASS RTOS Condition cause : null
2025-08-04 14:25:50,905 [WARN] PackLoader:240 - Cannot read IP mode file for STMicroelectronics.X-CUBE-AZRTOS-WB.2.0.0
2025-08-04 14:25:50,906 [WARN] ConditionMgr:1044 - genDependencies : Invalid condition id : UX DEVICE CLASS RTOS Condition cause : null
2025-08-04 14:25:50,906 [WARN] ConditionMgr:1044 - genDependencies : Invalid condition id : UX DEVICE CLASS RTOS Condition cause : null
2025-08-04 14:25:50,906 [WARN] ConditionMgr:1044 - genDependencies : Invalid condition id : UX DEVICE CLASS RTOS Condition cause : null
2025-08-04 14:25:50,906 [WARN] ConditionMgr:1044 - genDependencies : Invalid condition id : UX DEVICE CLASS RTOS Condition cause : null
2025-08-04 14:25:50,906 [WARN] ConditionMgr:1044 - genDependencies : Invalid condition id : UX DEVICE CLASS RTOS Condition cause : null
2025-08-04 14:25:50,909 [WARN] PackLoader:240 - Cannot read IP mode file for STMicroelectronics.X-CUBE-GNSS1.7.0.1
2025-08-04 14:25:50,913 [WARN] PackLoader:240 - Cannot read IP mode file for STMicroelectronics.X-CUBE-TOUCHGFX.4.25.0
2025-08-04 14:25:50,915 [WARN] PackLoader:240 - Cannot read IP mode file for STMicroelectronics.FP-SNS-STBOX1.2.0.0
2025-08-04 14:25:50,921 [WARN] PackLoader:240 - Cannot read IP mode file for STMicroelectronics.X-CUBE-SUBG2.5.0.0
2025-08-04 14:25:50,932 [WARN] PackLoader:240 - Cannot read IP mode file for STMicroelectronics.X-CUBE-AZRTOS-H7RS.1.1.0
2025-08-04 14:25:50,937 [WARN] PackLoader:240 - Cannot read IP mode file for Cesanta.I-CUBE-Mongoose.7.13.0
2025-08-04 14:25:50,945 [WARN] PackLoader:240 - Cannot read IP mode file for STMicroelectronics.X-CUBE-AZRTOS-G4.2.0.0
2025-08-04 14:25:50,948 [WARN] PackLoader:240 - Cannot read IP mode file for wolfSSL.I-CUBE-wolfSSH.1.4.20
2025-08-04 14:25:50,951 [WARN] PackLoader:240 - Cannot read IP mode file for STMicroelectronics.X-CUBE-NFC7.2.0.0
2025-08-04 14:25:50,957 [WARN] PackLoader:240 - Cannot read IP mode file for STMicroelectronics.X-CUBE-IPS.3.1.0
2025-08-04 14:25:50,962 [WARN] PackLoader:240 - Cannot read IP mode file for STMicroelectronics.X-CUBE-ALS.1.0.2
2025-08-04 14:25:50,966 [WARN] PackLoader:240 - Cannot read IP mode file for portGmbH.I-Cube-SoM-uGOAL.1.1.0
2025-08-04 14:25:50,972 [WARN] PackLoader:240 - Cannot read IP mode file for STMicroelectronics.X-CUBE-TOF1.3.4.3
2025-08-04 14:25:50,979 [INFO] ThirdParty:978 - Integrity check success = true
2025-08-04 14:25:50,979 [INFO] IntegrityCheckThread:100 - exiting critical section [integrity check]
2025-08-04 14:25:50,979 [INFO] IntegrityCheckThread:103 - End integrity checks thread
2025-08-04 14:30:50,575 [INFO] McuFinderGlobals:63 - Set McuFinder mode to 2 (CubeIDE integrated)
2025-08-04 14:30:50,579 [INFO] MainUpdater:2872 - connection check result : 10
2025-08-04 14:30:50,580 [INFO] MainUpdater:2872 - connection check result : 10
2025-08-04 14:30:50,605 [INFO] MicroXplorer:468 - Change Database Path : 
2025-08-04 14:30:50,606 [INFO] MicroXplorer:498 - Change Database Version : DB.6.0.150
2025-08-04 14:30:50,610 [WARN] ThirdParty:871 - waiting for thirdparty lock release [close project]
2025-08-04 14:30:50,610 [INFO] ThirdParty:873 - entering critical section [close project]
2025-08-04 14:30:50,610 [INFO] ThirdParty:883 - exiting critical section [close project]
2025-08-04 14:30:50,613 [INFO] PinOutPanel:1589 - setPackage(No Configuration,No Configuration)
2025-08-04 14:30:50,614 [INFO] UtilMem:75 - Begin LoadConfig() Used Memory: 832722688 Bytes (1073741824)
2025-08-04 14:30:50,615 [INFO] MicroXplorer:468 - Change Database Path : 
2025-08-04 14:30:50,616 [INFO] MicroXplorer:498 - Change Database Version : DB.6.0.150
2025-08-04 14:30:50,616 [INFO] OpenFileManager:355 - Change cursor
2025-08-04 14:30:50,657 [INFO] Mcu:2029 - Initializing MCU STM32H755ZITx STM32H755ZITx STM32H755ZIT6
2025-08-04 14:30:52,915 [INFO] Context:786 - Trying to add GPIOservice into a context  which must be forbidden
2025-08-04 14:30:52,915 [INFO] Context:786 - Trying to add GPIOservice into a context  which must be forbidden
2025-08-04 14:30:54,188 [INFO] ApiDbMcu:532 - Load IP Config File for NUCLEO-H755ZI-Q
2025-08-04 14:30:54,299 [INFO] Context:786 - Trying to add GPIOservice into a context  which must be forbidden
2025-08-04 14:30:54,310 [INFO] Context:786 - Trying to add GPIOservice into a context  which must be forbidden
2025-08-04 14:30:54,317 [INFO] ImportTextPane:234 - (OptionalMessage_ERROR) Pin57 (VP_RIF_VS_RIF1) cannot be retrieved for this MCU
2025-08-04 14:30:54,330 [INFO] ImportTextPane:234 - (OptionalMessage_ERROR) Unable to find key (Mcu.IP17) in loaded IOC file
2025-08-04 14:30:54,331 [INFO] ImportTextPane:234 - (OptionalMessage_ERROR) Unknown IP (dummy)
2025-08-04 14:30:54,502 [INFO] RtosManager:558 - Registered RTOS mode: class=CMSIS, group=RTOS, mode=CMSIS_V1, owner=FREERTOS_M7
2025-08-04 14:30:54,502 [INFO] RtosManager:558 - Registered RTOS mode: class=CMSIS, group=RTOS2, mode=CMSIS_V2, owner=FREERTOS_M7
2025-08-04 14:30:54,502 [INFO] RtosManager:558 - Registered RTOS mode: class=RTOS, group=Core, mode=CMSIS_V1, owner=FREERTOS_M7
2025-08-04 14:30:54,502 [INFO] RtosManager:558 - Registered RTOS mode: class=RTOS, group=Core, mode=CMSIS_V2, owner=FREERTOS_M7
2025-08-04 14:30:54,502 [WARN] ModelIntegratedComponent:184 - Missing modes for component STMicroelectronics:FreeRTOS:0.0.1:STMicroelectronics:RTOS:FreeRTOS:Core:::10.2.0:
2025-08-04 14:30:54,521 [WARN] ModelIntegratedComponent:63 - No mode defined for component null
2025-08-04 14:30:54,521 [WARN] ModelIntegratedComponent:63 - No mode defined for component null
2025-08-04 14:30:54,522 [WARN] ModelIntegratedComponent:63 - No mode defined for component null
2025-08-04 14:30:54,522 [WARN] ModelIntegratedComponent:63 - No mode defined for component null
2025-08-04 14:30:54,522 [WARN] ModelIntegratedComponent:63 - No mode defined for component null
2025-08-04 14:30:54,522 [WARN] ModelIntegratedComponent:63 - No mode defined for component null
2025-08-04 14:30:54,522 [WARN] ModelIntegratedComponent:63 - No mode defined for component null
2025-08-04 14:30:54,522 [WARN] ModelIntegratedComponent:63 - No mode defined for component null
2025-08-04 14:30:54,522 [WARN] ModelIntegratedComponent:63 - No mode defined for component null
2025-08-04 14:30:54,522 [WARN] ModelIntegratedComponent:63 - No mode defined for component null
2025-08-04 14:30:54,522 [WARN] ModelIntegratedComponent:63 - No mode defined for component null
2025-08-04 14:30:54,522 [WARN] ModelIntegratedComponent:63 - No mode defined for component null
2025-08-04 14:30:54,522 [WARN] ModelIntegratedComponent:63 - No mode defined for component null
2025-08-04 14:30:54,522 [WARN] ModelIntegratedComponent:63 - No mode defined for component null
2025-08-04 14:30:54,522 [WARN] ModelIntegratedComponent:63 - No mode defined for component null
2025-08-04 14:30:54,522 [WARN] ModelIntegratedComponent:63 - No mode defined for component null
2025-08-04 14:30:54,522 [WARN] ModelIntegratedComponent:63 - No mode defined for component null
2025-08-04 14:30:54,523 [WARN] ModelIntegratedComponent:63 - No mode defined for component null
2025-08-04 14:30:54,523 [WARN] ModelIntegratedComponent:63 - No mode defined for component null
2025-08-04 14:30:54,523 [WARN] ModelIntegratedComponent:63 - No mode defined for component null
2025-08-04 14:30:54,523 [WARN] ModelIntegratedComponent:63 - No mode defined for component null
2025-08-04 14:30:54,523 [WARN] ModelIntegratedComponent:63 - No mode defined for component null
2025-08-04 14:30:54,523 [WARN] ModelIntegratedComponent:63 - No mode defined for component null
2025-08-04 14:30:54,523 [WARN] ModelIntegratedComponent:63 - No mode defined for component null
2025-08-04 14:30:54,523 [WARN] ModelIntegratedComponent:63 - No mode defined for component null
2025-08-04 14:30:54,523 [WARN] ModelIntegratedComponent:63 - No mode defined for component null
2025-08-04 14:30:54,523 [WARN] ModelIntegratedComponent:63 - No mode defined for component null
2025-08-04 14:30:54,523 [WARN] ModelIntegratedComponent:63 - No mode defined for component null
2025-08-04 14:30:54,523 [WARN] ModelIntegratedComponent:63 - No mode defined for component null
2025-08-04 14:30:54,523 [WARN] ModelIntegratedComponent:63 - No mode defined for component null
2025-08-04 14:30:54,524 [WARN] ModelIntegratedComponent:63 - No mode defined for component null
2025-08-04 14:30:54,524 [WARN] ModelIntegratedComponent:63 - No mode defined for component null
2025-08-04 14:30:54,524 [WARN] ModelIntegratedComponent:63 - No mode defined for component null
2025-08-04 14:30:54,524 [WARN] ModelIntegratedComponent:63 - No mode defined for component null
2025-08-04 14:30:54,524 [WARN] ModelIntegratedComponent:63 - No mode defined for component null
2025-08-04 14:30:54,524 [WARN] ModelPack:524 - Component already loaded: STMicroelectronics:HAL Drivers:0.0.0:STMicroelectronics:Device:STMicro_Driver:XSPI:HAL::0.0.1:HAL_XSPI
2025-08-04 14:30:54,618 [INFO] RtosManager:558 - Registered RTOS mode: class=CMSIS, group=RTOS, mode=CMSIS_V1, owner=FREERTOS_M4
2025-08-04 14:30:54,618 [INFO] RtosManager:558 - Registered RTOS mode: class=CMSIS, group=RTOS2, mode=CMSIS_V2, owner=FREERTOS_M4
2025-08-04 14:30:54,618 [INFO] RtosManager:558 - Registered RTOS mode: class=RTOS, group=Core, mode=CMSIS_V1, owner=FREERTOS_M4
2025-08-04 14:30:54,618 [INFO] RtosManager:558 - Registered RTOS mode: class=RTOS, group=Core, mode=CMSIS_V2, owner=FREERTOS_M4
2025-08-04 14:30:54,618 [WARN] ModelIntegratedComponent:184 - Missing modes for component STMicroelectronics:FreeRTOS:0.0.1:STMicroelectronics:RTOS:FreeRTOS:Core:::10.2.0:
2025-08-04 14:30:54,624 [WARN] ModelIntegratedComponent:63 - No mode defined for component null
2025-08-04 14:30:54,624 [WARN] ModelIntegratedComponent:63 - No mode defined for component null
2025-08-04 14:30:54,624 [WARN] ModelIntegratedComponent:63 - No mode defined for component null
2025-08-04 14:30:54,624 [WARN] ModelIntegratedComponent:63 - No mode defined for component null
2025-08-04 14:30:54,624 [WARN] ModelIntegratedComponent:63 - No mode defined for component null
2025-08-04 14:30:54,624 [WARN] ModelIntegratedComponent:63 - No mode defined for component null
2025-08-04 14:30:54,624 [WARN] ModelIntegratedComponent:63 - No mode defined for component null
2025-08-04 14:30:54,624 [WARN] ModelIntegratedComponent:63 - No mode defined for component null
2025-08-04 14:30:54,624 [WARN] ModelIntegratedComponent:63 - No mode defined for component null
2025-08-04 14:30:54,624 [WARN] ModelIntegratedComponent:63 - No mode defined for component null
2025-08-04 14:30:54,624 [WARN] ModelIntegratedComponent:63 - No mode defined for component null
2025-08-04 14:30:54,624 [WARN] ModelIntegratedComponent:63 - No mode defined for component null
2025-08-04 14:30:54,624 [WARN] ModelIntegratedComponent:63 - No mode defined for component null
2025-08-04 14:30:54,624 [WARN] ModelIntegratedComponent:63 - No mode defined for component null
2025-08-04 14:30:54,624 [WARN] ModelIntegratedComponent:63 - No mode defined for component null
2025-08-04 14:30:54,625 [WARN] ModelIntegratedComponent:63 - No mode defined for component null
2025-08-04 14:30:54,625 [WARN] ModelIntegratedComponent:63 - No mode defined for component null
2025-08-04 14:30:54,625 [WARN] ModelIntegratedComponent:63 - No mode defined for component null
2025-08-04 14:30:54,625 [WARN] ModelIntegratedComponent:63 - No mode defined for component null
2025-08-04 14:30:54,625 [WARN] ModelIntegratedComponent:63 - No mode defined for component null
2025-08-04 14:30:54,625 [WARN] ModelIntegratedComponent:63 - No mode defined for component null
2025-08-04 14:30:54,625 [WARN] ModelIntegratedComponent:63 - No mode defined for component null
2025-08-04 14:30:54,625 [WARN] ModelIntegratedComponent:63 - No mode defined for component null
2025-08-04 14:30:54,625 [WARN] ModelIntegratedComponent:63 - No mode defined for component null
2025-08-04 14:30:54,625 [WARN] ModelIntegratedComponent:63 - No mode defined for component null
2025-08-04 14:30:54,625 [WARN] ModelIntegratedComponent:63 - No mode defined for component null
2025-08-04 14:30:54,625 [WARN] ModelIntegratedComponent:63 - No mode defined for component null
2025-08-04 14:30:54,625 [WARN] ModelIntegratedComponent:63 - No mode defined for component null
2025-08-04 14:30:54,626 [WARN] ModelIntegratedComponent:63 - No mode defined for component null
2025-08-04 14:30:54,626 [WARN] ModelIntegratedComponent:63 - No mode defined for component null
2025-08-04 14:30:54,626 [WARN] ModelIntegratedComponent:63 - No mode defined for component null
2025-08-04 14:30:54,626 [WARN] ModelIntegratedComponent:63 - No mode defined for component null
2025-08-04 14:30:54,626 [WARN] ModelIntegratedComponent:63 - No mode defined for component null
2025-08-04 14:30:54,626 [WARN] ModelIntegratedComponent:63 - No mode defined for component null
2025-08-04 14:30:54,626 [WARN] ModelIntegratedComponent:63 - No mode defined for component null
2025-08-04 14:30:54,626 [WARN] ModelPack:524 - Component already loaded: STMicroelectronics:HAL Drivers:0.0.0:STMicroelectronics:Device:STMicro_Driver:XSPI:HAL::0.0.1:HAL_XSPI
2025-08-04 14:30:54,707 [INFO] ThirdPartyModel:298 - Start build external matchings
2025-08-04 14:30:55,227 [INFO] ThirdPartyModel:316 - End build external matchings
2025-08-04 14:30:55,242 [INFO] ThirdPartyModel:298 - Start build external matchings
2025-08-04 14:30:55,763 [INFO] ThirdPartyModel:316 - End build external matchings
2025-08-04 14:30:55,776 [INFO] RtosManager:1018 - Current active RTOS is FREERTOS_M7 [CortexM7]
2025-08-04 14:30:55,973 [INFO] ApiDb:581 - Connected to CubeFinder SQLite database (C:\Users\nicks\.stmcufinder\plugins\mcufinder\mcu\cube-finder-db.db)
2025-08-04 14:30:56,046 [INFO] ApiDb:668 - CubeFinder database Data Model version=2.1
2025-08-04 14:30:56,046 [INFO] ApiDb:669 - CubeFinder database Configuration version=3.0.39
2025-08-04 14:30:56,046 [INFO] ApiDb:670 - CubeFinder database generation date=2025-07-22 (1753107327)
2025-08-04 14:30:56,047 [INFO] ApiDb:671 - CubeFinder database FW Pack versions=[FP-ATR-ASTRA1_V2.0.0, FP-SNS-FLIGHT1_V5.1.0, FP-SNS-MOTENV1_V5.0.0, FP-SNS-MOTENVWB1_V1.4.0, FP-SNS-SMARTAG2_V1.2.0, FP-SNS-STBOX1_V2.0.0, STM32Cube_FW_C0_V1.4.0, STM32Cube_FW_F4_V1.28.2, STM32Cube_FW_F7_V1.17.3, STM32Cube_FW_G0_V1.6.2, STM32Cube_FW_G4_V1.6.1, STM32Cube_FW_H5_V1.5.0, STM32Cube_FW_H7RS_V1.2.0, STM32Cube_FW_H7_V1.12.1, STM32Cube_FW_L0_V1.12.2, STM32Cube_FW_L4_V1.18.1, STM32Cube_FW_L5_V1.5.1, STM32Cube_FW_N6_V1.2.0, STM32Cube_FW_U0_V1.3.0, STM32Cube_FW_U3_V1.2.0, STM32Cube_FW_U5_V1.8.0, STM32Cube_FW_WB0_V1.3.0, STM32Cube_FW_WBA_V1.7.0, STM32Cube_FW_WB_V1.23.0, STM32Cube_FW_WL3_V1.2.0, STM32Cube_FW_WL_V1.3.1, X-CUBE-ALGOBUILD_V1.4.0, X-CUBE-ALS_V1.0.2, X-CUBE-AZRTOS-F4_V1.1.0, X-CUBE-AZRTOS-F7_V1.1.0, X-CUBE-AZRTOS-G0_V1.1.0, X-CUBE-AZRTOS-G4_V2.0.0, X-CUBE-AZRTOS-H7RS_V1.1.0, X-CUBE-AZRTOS-H7_V3.3.0, X-CUBE-AZRTOS-L4_V2.0.0, X-CUBE-AZRTOS-L5_V2.0.0, X-CUBE-AZRTOS-WB_V2.0.0, X-CUBE-AZRTOS-WL_V2.0.0, X-CUBE-BLE1_V7.1.0, X-CUBE-BLE2_V3.3.0, X-CUBE-BLEMGR_V4.0.0, X-CUBE-EEPRMA1_V5.1.0, X-CUBE-FREERTOS_V1.3.1, X-CUBE-GNSS1_V6.0.0, X-CUBE-MEMS1_V11.3.0, X-CUBE-NFC4_V3.0.0, X-CUBE-NFC7_V2.0.0, X-CUBE-SFXS2LP1_V4.0.0, X-CUBE-SUBG2_V5.0.0, X-CUBE-TOF1_V3.4.3]
2025-08-04 14:30:56,138 [INFO] DbBoardsSqlite:226 - include board P-NUCLEO-WB55-NUCLEO as a kit item of type 'Nucleo-64'
2025-08-04 14:30:56,138 [INFO] DbBoardsSqlite:226 - include board P-NUCLEO-WB55-USBDONGLE as a kit item of type 'Nucleo USB Dongle'
2025-08-04 14:30:56,139 [INFO] DbBoardsSqlite:226 - include board STEVAL-IDP005V1 as a kit item of type 'Evaluation Board'
2025-08-04 14:30:56,140 [INFO] DbBoardsSqlite:226 - include board STEVAL-IDP005V2 as a kit item of type 'Evaluation Board'
2025-08-04 14:30:56,544 [INFO] ApiDb:240 - Found 880 in-development CPN: [B-G473E-ZEST1S, B-WB1M-WPAN1, B-WBA5M-WPAN, B-WL5M-SUBG1, NUCLEO-C031C6, NUCLEO-C051C8, NUCLEO-C071RB, NUCLEO-C092RC, NUCLEO-H503RB, NUCLEO-H533RE, NUCLEO-H563ZI, NUCLEO-H7S3L8, NUCLEO-N657X0-Q, NUCLEO-U031R8, NUCLEO-U083RC, NUCLEO-U385RG-Q, NUCLEO-U545RE-Q, NUCLEO-U5A5ZJ-Q, NUCLEO-WB05KZ, NUCLEO-WB07CC, NUCLEO-WB09KE, NUCLEO-WBA52CG, NUCLEO-WBA55CG, NUCLEO-WL33CC1, NUCLEO-WL33CC2, STEVAL-PROTEUS1, STEVAL-SMARTAG2, STEVAL-STWINBX1, STM320518-EVAL, STM32C0116-DK, STM32C011D6Y3TR, STM32C011D6Y6TR, STM32C011F4P3, STM32C011F4P6, STM32C011F4U3, STM32C011F4U6TR, STM32C011F6P3, STM32C011F6P6, STM32C011F6U3, STM32C011F6U6TR, STM32C011J4M3, STM32C011J4M6, STM32C011J6M3, STM32C011J6M6, STM32C0316-DK, STM32C031C4T3, STM32C031C4T6, STM32C031C4U3, STM32C031C4U6, STM32C031C6T3, STM32C031C6T6, STM32C031C6U3, STM32C031C6U6, STM32C031F4P3, STM32C031F4P6, STM32C031F6P3, STM32C031F6P6, STM32C031G4U3, STM32C031G4U6, STM32C031G6U3, STM32C031G6U6, STM32C031K4T3, STM32C031K4T6, STM32C031K4U3, STM32C031K4U6, STM32C031K6T3, STM32C031K6T6, STM32C031K6U3, STM32C031K6U6, STM32C051C6T6, STM32C051C6U6, STM32C051C8T6, STM32C051C8U6, STM32C051D8Y6TR, STM32C051F6P6, STM32C051F8P6, STM32C051G6U6, STM32C051G8U6, STM32C051K6T6, STM32C051K6U6, STM32C051K8T6, STM32C071C8T6, STM32C071C8T6N, STM32C071C8U6, STM32C071C8U6N, STM32C071CBT6, STM32C071CBT6N, STM32C071CBU6, STM32C071CBU6N, STM32C071F8P6, STM32C071F8P6N, STM32C071FBP6, STM32C071FBP6N, STM32C071FBY6TR, STM32C071G8U6, STM32C071G8U6N, STM32C071GBU6, STM32C071GBU6N, STM32C071K8T6, STM32C071K8T6N, STM32C071K8U6, STM32C071K8U6N, STM32C071KBT6, STM32C071KBT6N, STM32C071KBU6, STM32C071KBU6N, STM32C071R8T6, STM32C071R8T6N, STM32C071RBI6N, STM32C071RBT6, STM32C071RBT6N, STM32C091CBT6, STM32C091CBU6, STM32C091CCT6, STM32C091CCU6, STM32C091ECY6TR, STM32C091FBP6, STM32C091FCP6, STM32C091GBU6, STM32C091GCU6, STM32C091KBT6, STM32C091KBU6, STM32C091KCT6, STM32C091KCU6, STM32C091RBT6, STM32C091RCI6, STM32C091RCT6, STM32C092CBT6, STM32C092CBU6, STM32C092CCT6, STM32C092CCU6, STM32C092ECY6TR, STM32C092FBP6, STM32C092FCP6, STM32C092GBU6, STM32C092GCU6, STM32C092KBT6, STM32C092KBU6, STM32C092KCT6, STM32C092KCU6, STM32C092RBT6, STM32C092RCI6, STM32C092RCT6, STM32G071K8TXN, STM32G071K8UXN, STM32G081GBU6N, STM32G081KBT6N, STM32G081KBUXN, STM32G0B1CCT6N, STM32G0B1KCT6, STM32G0B1NEY6TR, STM32G0B1RCT6N, STM32G0C1CCT6, STM32G0C1CCT6N, STM32G0C1CCU6N, STM32G0C1CET6N, STM32G0C1CEU6N, STM32G0C1KCT6, STM32G0C1NEY6TR, STM32G0C1RCI6N, STM32G0C1RCT6N, STM32G0C1REI6N, STM32G0C1RET6N, STM32G0C1VCI6, STM32G0C1VEI6, STM32G411C6T3, STM32G411C6T6, STM32G411C6U3, STM32G411C6U6, STM32G411C8T3, STM32G411C8T6, STM32G411C8U3, STM32G411C8U6, STM32G411CBT3, STM32G411CBT6, STM32G411CBU3, STM32G411CBU6, STM32G411K6T3, STM32G411K6T6, STM32G411K6U3, STM32G411K6U6, STM32G411K8T3, STM32G411K8T6, STM32G411K8U3, STM32G411K8U6, STM32G411KBT3, STM32G411KBT6, STM32G411KBU3, STM32G411KBU6, STM32G411M6T3, STM32G411M6T6, STM32G411M8T3, STM32G411M8T6, STM32G411MBT3, STM32G411MBT6, STM32G411R6T3, STM32G411R6T6, STM32G411R8T3, STM32G411R8T6, STM32G411RBT3, STM32G411RBT6, STM32G414CBT3, STM32G414CBT6, STM32G414CBU3, STM32G414CBU6, STM32G414CCT3, STM32G414CCT6, STM32G414CCU3, STM32G414CCU6, STM32G414MBT3, STM32G414MBT6, STM32G414MCT3, STM32G414MCT6, STM32G414RBT3, STM32G414RBT6, STM32G414RCT3, STM32G414RCT6, STM32G414VBT3, STM32G414VBT6, STM32G414VCT3, STM32G414VCT6, STM32G431CBT3Z, STM32G431RBT3Z, STM32G471CCT6, STM32G471CCU6, STM32G471CET3, STM32G471CET6, STM32G471CEU3, STM32G471CEU6, STM32G471MCT6, STM32G471MET3, STM32G471MET6, STM32G471MEY6TR, STM32G471QCT6, STM32G471QET3, STM32G471RCT6, STM32G471RET3, STM32G471RET6, STM32G471VCH6, STM32G471VCI6, STM32G471VCT6, STM32G471VEH3, STM32G471VEH6, STM32G471VEI3, STM32G471VEI6, STM32G471VET3, STM32G471VET6, STM32G473QET3Z, STM32G473RET3Z, STM32G474CCT6, STM32G491RET3Z, STM32H503CBT6, STM32H503CBU6, STM32H503EBY6TR, STM32H503KBU6, STM32H503RBT6, STM32H523CCT6, STM32H523CCU6, STM32H523CET6, STM32H523CEU6, STM32H523HEY6TR, STM32H523RCT6, STM32H523RET6, STM32H523VCI6, STM32H523VCT6, STM32H523VEI6, STM32H523VET6, STM32H523ZCJ6, STM32H523ZCT6, STM32H523ZEJ6, STM32H523ZET6, STM32H533CET6, STM32H533CEU6, STM32H533HEY6TR, STM32H533RET6, STM32H533VEI6, STM32H533VET6, STM32H533ZEJ6, STM32H533ZET6, STM32H562AGI6, STM32H562AII6, STM32H562IGK6, STM32H562IGT6, STM32H562IIK6, STM32H562IIT6, STM32H562RGT6, STM32H562RGV6, STM32H562RIT6, STM32H562RIV6, STM32H562VGT6, STM32H562VIT6, STM32H562ZGT6, STM32H562ZIT6, STM32H563AGI6, STM32H563AII3Q, STM32H563AII6, STM32H563IGK6, STM32H563IGT6, STM32H563IIK3Q, STM32H563IIK6, STM32H563IIT3Q, STM32H563IIT6, STM32H563MIY3QTR, STM32H563RGT6, STM32H563RGV6, STM32H563RIT6, STM32H563RIV6, STM32H563VGT6, STM32H563VIT3Q, STM32H563VIT6, STM32H563ZGT6, STM32H563ZIT3Q, STM32H563ZIT6, STM32H573AII3Q, STM32H573AII6, STM32H573I-DK, STM32H573IIK3Q, STM32H573IIK6, STM32H573IIT3Q, STM32H573IIT6, STM32H573MIY3QTR, STM32H573RIT6, STM32H573RIV6, STM32H573VIT3Q, STM32H573VIT6, STM32H573ZIT3Q, STM32H573ZIT6, STM32H7R3A8I6, STM32H7R3I8K6, STM32H7R3I8T6, STM32H7R3L8H6, STM32H7R3L8H6H, STM32H7R3R8V6, STM32H7R3V8H6, STM32H7R3V8T6, STM32H7R3V8Y6TR, STM32H7R3Z8J6, STM32H7R3Z8T6, STM32H7R7A8I6, STM32H7R7I8K6, STM32H7R7I8T6, STM32H7R7L8H6, STM32H7R7L8H6H, STM32H7R7Z8J6, STM32H7S3A8I6, STM32H7S3I8K6, STM32H7S3I8T6, STM32H7S3L8H6, STM32H7S3L8H6H, STM32H7S3R8V6, STM32H7S3V8H6, STM32H7S3V8T6, STM32H7S3V8Y6TR, STM32H7S3Z8J6, STM32H7S3Z8T6, STM32H7S78-DK, STM32H7S7A8I6, STM32H7S7I8K6, STM32H7S7I8T6, STM32H7S7L8H6, STM32H7S7L8H6H, STM32H7S7Z8J6, STM32L4R5QGI6STR, STM32MP131AAE3, STM32MP131AAF3, STM32MP131AAG3, STM32MP131CAE3, STM32MP131CAF3, STM32MP131CAG3, STM32MP131DAE7, STM32MP131DAF7, STM32MP131DAG7, STM32MP131FAE7, STM32MP131FAF7, STM32MP131FAG7, STM32MP133AAE3, STM32MP133AAF3, STM32MP133AAG3, STM32MP133CAE3, STM32MP133CAF3, STM32MP133CAG3, STM32MP133DAE7, STM32MP133DAF7, STM32MP133DAG7, STM32MP133FAE7, STM32MP133FAF7, STM32MP133FAG7, STM32MP135AAE3, STM32MP135AAF3, STM32MP135AAG3, STM32MP135CAE3, STM32MP135CAF3, STM32MP135CAG3, STM32MP135DAE7, STM32MP135DAF7, STM32MP135DAG7, STM32MP135F-DK, STM32MP135FAE7, STM32MP135FAF7, STM32MP135FAF7T, STM32MP135FAF7U, STM32MP135FAG7, STM32MP211AAL3, STM32MP211AAM3, STM32MP211AAN3, STM32MP211AAO3, STM32MP211CAL3, STM32MP211CAM3, STM32MP211CAN3, STM32MP211CAO3, STM32MP211DAL3, STM32MP211DAM3, STM32MP211DAN3, STM32MP211DAO3, STM32MP211FAL3, STM32MP211FAM3, STM32MP211FAN3, STM32MP211FAO3, STM32MP213AAL3, STM32MP213AAM3, STM32MP213AAN3, STM32MP213AAO3, STM32MP213CAL3, STM32MP213CAM3, STM32MP213CAN3, STM32MP213CAO3, STM32MP213DAL3, STM32MP213DAM3, STM32MP213DAN3, STM32MP213DAO3, STM32MP213FAL3, STM32MP213FAM3, STM32MP213FAN3, STM32MP213FAO3, STM32MP215AAL3, STM32MP215AAM3, STM32MP215AAN3, STM32MP215AAO3, STM32MP215CAL3, STM32MP215CAM3, STM32MP215CAN3, STM32MP215CAO3, STM32MP215DAL3, STM32MP215DAM3, STM32MP215DAN3, STM32MP215DAO3, STM32MP215F-DK, STM32MP215FAL3, STM32MP215FAM3, STM32MP215FAN3, STM32MP215FAO3, STM32MP231AAJ3, STM32MP231AAK3, STM32MP231AAL3, STM32MP231CAJ3, STM32MP231CAK3, STM32MP231CAL3, STM32MP231DAJ3, STM32MP231DAK3, STM32MP231DAL3, STM32MP231FAJ3, STM32MP231FAK3, STM32MP231FAL3, STM32MP233AAJ3, STM32MP233AAK3, STM32MP233AAL3, STM32MP233CAJ3, STM32MP233CAK3, STM32MP233CAL3, STM32MP233DAJ3, STM32MP233DAK3, STM32MP233DAL3, STM32MP233FAJ3, STM32MP233FAK3, STM32MP233FAL3, STM32MP235AAJ3, STM32MP235AAK3, STM32MP235AAL3, STM32MP235CAJ3, STM32MP235CAK3, STM32MP235CAL3, STM32MP235DAJ3, STM32MP235DAK3, STM32MP235DAL3, STM32MP235FAJ3, STM32MP235FAK3, STM32MP235FAL3, STM32MP251AAI3, STM32MP251AAK3, STM32MP251AAL3, STM32MP251CAI3, STM32MP251CAK3, STM32MP251CAL3, STM32MP251DAI3, STM32MP251DAK3, STM32MP251DAL3, STM32MP251FAI3, STM32MP251FAK3, STM32MP251FAL3, STM32MP253AAI3, STM32MP253AAK3, STM32MP253AAL3, STM32MP253CAI3, STM32MP253CAK3, STM32MP253CAL3, STM32MP253DAI3, STM32MP253DAK3, STM32MP253DAL3, STM32MP253FAI3, STM32MP253FAK3, STM32MP253FAL3, STM32MP255AAI3, STM32MP255AAK3, STM32MP255AAL3, STM32MP255CAI3, STM32MP255CAK3, STM32MP255CAL3, STM32MP255DAI3, STM32MP255DAK3, STM32MP255DAL3, STM32MP255FAI3, STM32MP255FAK3, STM32MP255FAL3, STM32MP257AAI3, STM32MP257AAK3, STM32MP257AAL3, STM32MP257CAI3, STM32MP257CAK3, STM32MP257CAL3, STM32MP257DAI3, STM32MP257DAK3, STM32MP257DAL3, STM32MP257F-DK, STM32MP257F-EV1, STM32MP257FAI3, STM32MP257FAK3, STM32MP257FAL3, STM32N645A0H3Q, STM32N645B0H3Q, STM32N645I0H3Q, STM32N645L0H3Q, STM32N645X0H3Q, STM32N645Z0H3Q, STM32N647A0H3Q, STM32N647B0H3Q, STM32N647I0H3Q, STM32N647L0H3Q, STM32N647X0H3Q, STM32N647Z0H3Q, STM32N655A0H3Q, STM32N655B0H3Q, STM32N655I0H3Q, STM32N655L0H3Q, STM32N655X0H3Q, STM32N655Z0H3Q, STM32N6570-DK, STM32N657A0H3Q, STM32N657B0H3Q, STM32N657I0H3Q, STM32N657L0H3Q, STM32N657X0H3Q, STM32N657Z0H3Q, STM32U031C6T6, STM32U031C6U6, STM32U031C8T6, STM32U031C8U6, STM32U031F4P6, STM32U031F6P6, STM32U031F8P6, STM32U031G6Y6TR, STM32U031G8Y6TR, STM32U031K4U6, STM32U031K6U6, STM32U031K8U6, STM32U031R6I6, STM32U031R6T6, STM32U031R8I6, STM32U031R8T6, STM32U073C8T6, STM32U073C8U6, STM32U073CBT6, STM32U073CBU6, STM32U073CCT6, STM32U073CCU6, STM32U073H8Y6TR, STM32U073HBY6TR, STM32U073HCY6TR, STM32U073K8U6, STM32U073KBU6, STM32U073KCU6, STM32U073M8I6, STM32U073M8T6, STM32U073MBI6, STM32U073MBT6, STM32U073MCI6, STM32U073MCT6, STM32U073R8I6, STM32U073R8T6, STM32U073RBI6, STM32U073RBT6, STM32U073RCI6, STM32U073RCT6, STM32U083C-DK, STM32U083CCT6, STM32U083CCU6, STM32U083HCY6TR, STM32U083KCU6, STM32U083MCI6, STM32U083MCT6, STM32U083RCI6, STM32U083RCT6, STM32U375CET6, STM32U375CET6Q, STM32U375CEU6, STM32U375CEU6Q, STM32U375CEY6QTR, STM32U375CGT6, STM32U375CGT6Q, STM32U375CGU6, STM32U375CGU6Q, STM32U375CGY6QTR, STM32U375KEU6, STM32U375KGU6, STM32U375REI6, STM32U375REI6Q, STM32U375RET6, STM32U375RET6Q, STM32U375REY6GTR, STM32U375REY6QTR, STM32U375RGI6, STM32U375RGI6Q, STM32U375RGT6, STM32U375RGT6Q, STM32U375RGY6GTR, STM32U375RGY6QTR, STM32U375VEI6, STM32U375VEI6Q, STM32U375VET6, STM32U375VET6Q, STM32U375VGI6, STM32U375VGI6Q, STM32U375VGT6, STM32U375VGT6Q, STM32U385CGT6, STM32U385CGT6Q, STM32U385CGU6, STM32U385CGU6Q, STM32U385CGY6QTR, STM32U385KGU6, STM32U385RGI6, STM32U385RGI6Q, STM32U385RGT6, STM32U385RGT6Q, STM32U385RGY6GTR, STM32U385RGY6QTR, STM32U385VGI6, STM32U385VGI6Q, STM32U385VGT6, STM32U385VGT6Q, STM32U535CBT6, STM32U535CBT6Q, STM32U535CBU6, STM32U535CBU6Q, STM32U535CCT6, STM32U535CCT6Q, STM32U535CCU6, STM32U535CCU6Q, STM32U535CET6, STM32U535CET6Q, STM32U535CEU6, STM32U535CEU6Q, STM32U535JEY6QTR, STM32U535NCY6QTR, STM32U535NEY6QTR, STM32U535RBI6, STM32U535RBI6Q, STM32U535RBT6, STM32U535RBT6Q, STM32U535RCI6, STM32U535RCI6Q, STM32U535RCT6, STM32U535RCT6Q, STM32U535REI6, STM32U535REI6Q, STM32U535RET6, STM32U535RET6Q, STM32U535VCI6, STM32U535VCI6Q, STM32U535VCT6, STM32U535VCT6Q, STM32U535VEI6, STM32U535VEI6Q, STM32U535VET6, STM32U535VET6Q, STM32U545CET6, STM32U545CET6Q, STM32U545CEU6, STM32U545CEU6Q, STM32U545JEY6QTR, STM32U545NEY6QTR, STM32U545REI6, STM32U545REI6Q, STM32U545RET6, STM32U545RET6Q, STM32U545VEI6, STM32U545VEI6Q, STM32U545VET6, STM32U545VET6Q, STM32U595AIH6, STM32U595AIH6Q, STM32U595AJH6, STM32U595AJH6Q, STM32U595QII6, STM32U595QII6Q, STM32U595QJI6, STM32U595QJI6Q, STM32U595RIT6, STM32U595RIT6Q, STM32U595RJT6, STM32U595RJT6Q, STM32U595VIT6, STM32U595VIT6Q, STM32U595VJT6, STM32U595VJT6Q, STM32U595ZIT6, STM32U595ZIT6Q, STM32U595ZIY6QTR, STM32U595ZJT6, STM32U595ZJT6Q, STM32U595ZJY6QTR, STM32U599BJY6QTR, STM32U599NIH6Q, STM32U599NJH6Q, STM32U599VIT6Q, STM32U599VJT6, STM32U599VJT6Q, STM32U599ZIT6Q, STM32U599ZIY6QTR, STM32U599ZJT6Q, STM32U599ZJY6QTR, STM32U5A5AJH6, STM32U5A5AJH6Q, STM32U5A5QII3Q , STM32U5A5QJI6, STM32U5A5QJI6Q, STM32U5A5RJT6, STM32U5A5RJT6Q, STM32U5A5VJT6, STM32U5A5VJT6Q, STM32U5A5ZJT6, STM32U5A5ZJT6Q, STM32U5A5ZJY6QTR, STM32U5A9BJY6QTR, STM32U5A9J-DK, STM32U5A9NJH6Q, STM32U5A9VJT6Q, STM32U5A9ZJT6Q, STM32U5A9ZJY6QTR, STM32U5F7VIT6, STM32U5F7VIT6Q, STM32U5F7VJT6, STM32U5F7VJT6Q, STM32U5F9BJY6QTR, STM32U5F9NJH6Q, STM32U5F9VIT6Q, STM32U5F9VJT6Q, STM32U5F9ZIJ6QTR, STM32U5F9ZIT6Q, STM32U5F9ZJJ6QTR, STM32U5F9ZJT6Q, STM32U5G7VJT6, STM32U5G7VJT6Q, STM32U5G9BJY6QTR, STM32U5G9J-DK1, STM32U5G9J-DK2, STM32U5G9NJH6Q, STM32U5G9VJT6Q, STM32U5G9ZJJ6QTR, STM32U5G9ZJT6Q, STM32WB05KZV6TR, STM32WB05KZV7TR, STM32WB05TZF6TR, STM32WB05TZF7TR, STM32WB06CCF6TR, STM32WB06CCF7TR, STM32WB06CCV6TR, STM32WB06CCV7TR, STM32WB06KCV6TR, STM32WB06KCV7TR, STM32WB07CCF6TR, STM32WB07CCF7TR, STM32WB07CCV6TR, STM32WB07CCV7TR, STM32WB07KCV6TR, STM32WB07KCV7TR, STM32WB09KEV6TR, STM32WB09KEV7TR, STM32WB09TEF6TR, STM32WB09TEF7TR, STM32WB1MMCH6, STM32WBA50KGU6, STM32WBA50KGU6TR, STM32WBA52CEU6, STM32WBA52CEU6TR, STM32WBA52CEU7, STM32WBA52CEU7TR, STM32WBA52CGU6, STM32WBA52CGU6TR, STM32WBA52CGU6U, STM32WBA52CGU7, STM32WBA52CGU7TR, STM32WBA52KEU6, STM32WBA52KEU6TR, STM32WBA52KGU6, STM32WBA52KGU6TR, STM32WBA54CEU6, STM32WBA54CEU6TR, STM32WBA54CEU7, STM32WBA54CEU7TR, STM32WBA54CGU6, STM32WBA54CGU6TR, STM32WBA54CGU7, STM32WBA54CGU7TR, STM32WBA54KEU6, STM32WBA54KEU6TR, STM32WBA54KEU7, STM32WBA54KEU7TR, STM32WBA54KGU6, STM32WBA54KGU6TR, STM32WBA54KGU7, STM32WBA54KGU7TR, STM32WBA55CEU6, STM32WBA55CEU6TR, STM32WBA55CEU7, STM32WBA55CEU7TR, STM32WBA55CGU6, STM32WBA55CGU6TR, STM32WBA55CGU6U, STM32WBA55CGU7, STM32WBA55CGU7TR, STM32WBA55G-DK1, STM32WBA55HEF6, STM32WBA55HEF7, STM32WBA55HGF6, STM32WBA55HGF7, STM32WBA55UEI6, STM32WBA55UEI6TR, STM32WBA55UEI7, STM32WBA55UEI7TR, STM32WBA55UGI6, STM32WBA55UGI6TR, STM32WBA55UGI7, STM32WBA55UGI7TR, STM32WBA5MMGH6TR, STM32WBA62MGF6, STM32WBA62MIF6, STM32WBA65MGF7, STM32WBA65MIF6, STM32WBA65MIF7, STM32WL30K8V6, STM32WL30KBV6, STM32WL31C8V6, STM32WL31CBV6, STM32WL31K8V6, STM32WL31KBV6, STM32WL33C8V6, STM32WL33C8V6X, STM32WL33CBV6, STM32WL33CBV6X, STM32WL33CCV6, STM32WL33CCV6A, STM32WL33CCV6X, STM32WL33K8V7, STM32WL33K8V7X, STM32WL33KBV7 , STM32WL33KBV7X, STM32WL33KCV7, STM32WL33KCV7X, STM32WL5MOCH6, STM32WL5MOCH6TR]
2025-08-04 14:30:56,706 [INFO] BoardInfo:889 - No configuration file found for board P-NUCLEO-WB55
2025-08-04 14:30:56,707 [INFO] DbBoards:161 - Kit is not supported: P-NUCLEO-WB55
2025-08-04 14:30:56,712 [INFO] BoardInfo:889 - No configuration file found for board STEVAL-BFA001V1B
2025-08-04 14:30:56,713 [INFO] DbBoards:161 - Kit is not supported: STEVAL-BFA001V1B
2025-08-04 14:30:56,714 [INFO] BoardInfo:889 - No configuration file found for board STEVAL-BFA001V2B
2025-08-04 14:30:56,715 [INFO] DbBoards:161 - Kit is not supported: STEVAL-BFA001V2B
2025-08-04 14:30:56,878 [INFO] DbBoards:168 - Found 212 boards, 209 are supported
2025-08-04 14:30:56,878 [INFO] DbBoards:169 - Found 212 boards, 43 of them is supported for  Bsp
2025-08-04 14:30:56,881 [INFO] ApiDb:668 - CubeFinder database Data Model version=2.1
2025-08-04 14:30:56,881 [INFO] ApiDb:669 - CubeFinder database Configuration version=3.0.39
2025-08-04 14:30:56,881 [INFO] ApiDb:670 - CubeFinder database generation date=2025-07-22 (1753107327)
2025-08-04 14:30:56,881 [INFO] ApiDb:671 - CubeFinder database FW Pack versions=[FP-ATR-ASTRA1_V2.0.0, FP-SNS-FLIGHT1_V5.1.0, FP-SNS-MOTENV1_V5.0.0, FP-SNS-MOTENVWB1_V1.4.0, FP-SNS-SMARTAG2_V1.2.0, FP-SNS-STBOX1_V2.0.0, STM32Cube_FW_C0_V1.4.0, STM32Cube_FW_F4_V1.28.2, STM32Cube_FW_F7_V1.17.3, STM32Cube_FW_G0_V1.6.2, STM32Cube_FW_G4_V1.6.1, STM32Cube_FW_H5_V1.5.0, STM32Cube_FW_H7RS_V1.2.0, STM32Cube_FW_H7_V1.12.1, STM32Cube_FW_L0_V1.12.2, STM32Cube_FW_L4_V1.18.1, STM32Cube_FW_L5_V1.5.1, STM32Cube_FW_N6_V1.2.0, STM32Cube_FW_U0_V1.3.0, STM32Cube_FW_U3_V1.2.0, STM32Cube_FW_U5_V1.8.0, STM32Cube_FW_WB0_V1.3.0, STM32Cube_FW_WBA_V1.7.0, STM32Cube_FW_WB_V1.23.0, STM32Cube_FW_WL3_V1.2.0, STM32Cube_FW_WL_V1.3.1, X-CUBE-ALGOBUILD_V1.4.0, X-CUBE-ALS_V1.0.2, X-CUBE-AZRTOS-F4_V1.1.0, X-CUBE-AZRTOS-F7_V1.1.0, X-CUBE-AZRTOS-G0_V1.1.0, X-CUBE-AZRTOS-G4_V2.0.0, X-CUBE-AZRTOS-H7RS_V1.1.0, X-CUBE-AZRTOS-H7_V3.3.0, X-CUBE-AZRTOS-L4_V2.0.0, X-CUBE-AZRTOS-L5_V2.0.0, X-CUBE-AZRTOS-WB_V2.0.0, X-CUBE-AZRTOS-WL_V2.0.0, X-CUBE-BLE1_V7.1.0, X-CUBE-BLE2_V3.3.0, X-CUBE-BLEMGR_V4.0.0, X-CUBE-EEPRMA1_V5.1.0, X-CUBE-FREERTOS_V1.3.1, X-CUBE-GNSS1_V6.0.0, X-CUBE-MEMS1_V11.3.0, X-CUBE-NFC4_V3.0.0, X-CUBE-NFC7_V2.0.0, X-CUBE-SFXS2LP1_V4.0.0, X-CUBE-SUBG2_V5.0.0, X-CUBE-TOF1_V3.4.3]
2025-08-04 14:30:58,578 [INFO] ApiDb:240 - Found 880 in-development CPN: [B-G473E-ZEST1S, B-WB1M-WPAN1, B-WBA5M-WPAN, B-WL5M-SUBG1, NUCLEO-C031C6, NUCLEO-C051C8, NUCLEO-C071RB, NUCLEO-C092RC, NUCLEO-H503RB, NUCLEO-H533RE, NUCLEO-H563ZI, NUCLEO-H7S3L8, NUCLEO-N657X0-Q, NUCLEO-U031R8, NUCLEO-U083RC, NUCLEO-U385RG-Q, NUCLEO-U545RE-Q, NUCLEO-U5A5ZJ-Q, NUCLEO-WB05KZ, NUCLEO-WB07CC, NUCLEO-WB09KE, NUCLEO-WBA52CG, NUCLEO-WBA55CG, NUCLEO-WL33CC1, NUCLEO-WL33CC2, STEVAL-PROTEUS1, STEVAL-SMARTAG2, STEVAL-STWINBX1, STM320518-EVAL, STM32C0116-DK, STM32C011D6Y3TR, STM32C011D6Y6TR, STM32C011F4P3, STM32C011F4P6, STM32C011F4U3, STM32C011F4U6TR, STM32C011F6P3, STM32C011F6P6, STM32C011F6U3, STM32C011F6U6TR, STM32C011J4M3, STM32C011J4M6, STM32C011J6M3, STM32C011J6M6, STM32C0316-DK, STM32C031C4T3, STM32C031C4T6, STM32C031C4U3, STM32C031C4U6, STM32C031C6T3, STM32C031C6T6, STM32C031C6U3, STM32C031C6U6, STM32C031F4P3, STM32C031F4P6, STM32C031F6P3, STM32C031F6P6, STM32C031G4U3, STM32C031G4U6, STM32C031G6U3, STM32C031G6U6, STM32C031K4T3, STM32C031K4T6, STM32C031K4U3, STM32C031K4U6, STM32C031K6T3, STM32C031K6T6, STM32C031K6U3, STM32C031K6U6, STM32C051C6T6, STM32C051C6U6, STM32C051C8T6, STM32C051C8U6, STM32C051D8Y6TR, STM32C051F6P6, STM32C051F8P6, STM32C051G6U6, STM32C051G8U6, STM32C051K6T6, STM32C051K6U6, STM32C051K8T6, STM32C071C8T6, STM32C071C8T6N, STM32C071C8U6, STM32C071C8U6N, STM32C071CBT6, STM32C071CBT6N, STM32C071CBU6, STM32C071CBU6N, STM32C071F8P6, STM32C071F8P6N, STM32C071FBP6, STM32C071FBP6N, STM32C071FBY6TR, STM32C071G8U6, STM32C071G8U6N, STM32C071GBU6, STM32C071GBU6N, STM32C071K8T6, STM32C071K8T6N, STM32C071K8U6, STM32C071K8U6N, STM32C071KBT6, STM32C071KBT6N, STM32C071KBU6, STM32C071KBU6N, STM32C071R8T6, STM32C071R8T6N, STM32C071RBI6N, STM32C071RBT6, STM32C071RBT6N, STM32C091CBT6, STM32C091CBU6, STM32C091CCT6, STM32C091CCU6, STM32C091ECY6TR, STM32C091FBP6, STM32C091FCP6, STM32C091GBU6, STM32C091GCU6, STM32C091KBT6, STM32C091KBU6, STM32C091KCT6, STM32C091KCU6, STM32C091RBT6, STM32C091RCI6, STM32C091RCT6, STM32C092CBT6, STM32C092CBU6, STM32C092CCT6, STM32C092CCU6, STM32C092ECY6TR, STM32C092FBP6, STM32C092FCP6, STM32C092GBU6, STM32C092GCU6, STM32C092KBT6, STM32C092KBU6, STM32C092KCT6, STM32C092KCU6, STM32C092RBT6, STM32C092RCI6, STM32C092RCT6, STM32G071K8TXN, STM32G071K8UXN, STM32G081GBU6N, STM32G081KBT6N, STM32G081KBUXN, STM32G0B1CCT6N, STM32G0B1KCT6, STM32G0B1NEY6TR, STM32G0B1RCT6N, STM32G0C1CCT6, STM32G0C1CCT6N, STM32G0C1CCU6N, STM32G0C1CET6N, STM32G0C1CEU6N, STM32G0C1KCT6, STM32G0C1NEY6TR, STM32G0C1RCI6N, STM32G0C1RCT6N, STM32G0C1REI6N, STM32G0C1RET6N, STM32G0C1VCI6, STM32G0C1VEI6, STM32G411C6T3, STM32G411C6T6, STM32G411C6U3, STM32G411C6U6, STM32G411C8T3, STM32G411C8T6, STM32G411C8U3, STM32G411C8U6, STM32G411CBT3, STM32G411CBT6, STM32G411CBU3, STM32G411CBU6, STM32G411K6T3, STM32G411K6T6, STM32G411K6U3, STM32G411K6U6, STM32G411K8T3, STM32G411K8T6, STM32G411K8U3, STM32G411K8U6, STM32G411KBT3, STM32G411KBT6, STM32G411KBU3, STM32G411KBU6, STM32G411M6T3, STM32G411M6T6, STM32G411M8T3, STM32G411M8T6, STM32G411MBT3, STM32G411MBT6, STM32G411R6T3, STM32G411R6T6, STM32G411R8T3, STM32G411R8T6, STM32G411RBT3, STM32G411RBT6, STM32G414CBT3, STM32G414CBT6, STM32G414CBU3, STM32G414CBU6, STM32G414CCT3, STM32G414CCT6, STM32G414CCU3, STM32G414CCU6, STM32G414MBT3, STM32G414MBT6, STM32G414MCT3, STM32G414MCT6, STM32G414RBT3, STM32G414RBT6, STM32G414RCT3, STM32G414RCT6, STM32G414VBT3, STM32G414VBT6, STM32G414VCT3, STM32G414VCT6, STM32G431CBT3Z, STM32G431RBT3Z, STM32G471CCT6, STM32G471CCU6, STM32G471CET3, STM32G471CET6, STM32G471CEU3, STM32G471CEU6, STM32G471MCT6, STM32G471MET3, STM32G471MET6, STM32G471MEY6TR, STM32G471QCT6, STM32G471QET3, STM32G471RCT6, STM32G471RET3, STM32G471RET6, STM32G471VCH6, STM32G471VCI6, STM32G471VCT6, STM32G471VEH3, STM32G471VEH6, STM32G471VEI3, STM32G471VEI6, STM32G471VET3, STM32G471VET6, STM32G473QET3Z, STM32G473RET3Z, STM32G474CCT6, STM32G491RET3Z, STM32H503CBT6, STM32H503CBU6, STM32H503EBY6TR, STM32H503KBU6, STM32H503RBT6, STM32H523CCT6, STM32H523CCU6, STM32H523CET6, STM32H523CEU6, STM32H523HEY6TR, STM32H523RCT6, STM32H523RET6, STM32H523VCI6, STM32H523VCT6, STM32H523VEI6, STM32H523VET6, STM32H523ZCJ6, STM32H523ZCT6, STM32H523ZEJ6, STM32H523ZET6, STM32H533CET6, STM32H533CEU6, STM32H533HEY6TR, STM32H533RET6, STM32H533VEI6, STM32H533VET6, STM32H533ZEJ6, STM32H533ZET6, STM32H562AGI6, STM32H562AII6, STM32H562IGK6, STM32H562IGT6, STM32H562IIK6, STM32H562IIT6, STM32H562RGT6, STM32H562RGV6, STM32H562RIT6, STM32H562RIV6, STM32H562VGT6, STM32H562VIT6, STM32H562ZGT6, STM32H562ZIT6, STM32H563AGI6, STM32H563AII3Q, STM32H563AII6, STM32H563IGK6, STM32H563IGT6, STM32H563IIK3Q, STM32H563IIK6, STM32H563IIT3Q, STM32H563IIT6, STM32H563MIY3QTR, STM32H563RGT6, STM32H563RGV6, STM32H563RIT6, STM32H563RIV6, STM32H563VGT6, STM32H563VIT3Q, STM32H563VIT6, STM32H563ZGT6, STM32H563ZIT3Q, STM32H563ZIT6, STM32H573AII3Q, STM32H573AII6, STM32H573I-DK, STM32H573IIK3Q, STM32H573IIK6, STM32H573IIT3Q, STM32H573IIT6, STM32H573MIY3QTR, STM32H573RIT6, STM32H573RIV6, STM32H573VIT3Q, STM32H573VIT6, STM32H573ZIT3Q, STM32H573ZIT6, STM32H7R3A8I6, STM32H7R3I8K6, STM32H7R3I8T6, STM32H7R3L8H6, STM32H7R3L8H6H, STM32H7R3R8V6, STM32H7R3V8H6, STM32H7R3V8T6, STM32H7R3V8Y6TR, STM32H7R3Z8J6, STM32H7R3Z8T6, STM32H7R7A8I6, STM32H7R7I8K6, STM32H7R7I8T6, STM32H7R7L8H6, STM32H7R7L8H6H, STM32H7R7Z8J6, STM32H7S3A8I6, STM32H7S3I8K6, STM32H7S3I8T6, STM32H7S3L8H6, STM32H7S3L8H6H, STM32H7S3R8V6, STM32H7S3V8H6, STM32H7S3V8T6, STM32H7S3V8Y6TR, STM32H7S3Z8J6, STM32H7S3Z8T6, STM32H7S78-DK, STM32H7S7A8I6, STM32H7S7I8K6, STM32H7S7I8T6, STM32H7S7L8H6, STM32H7S7L8H6H, STM32H7S7Z8J6, STM32L4R5QGI6STR, STM32MP131AAE3, STM32MP131AAF3, STM32MP131AAG3, STM32MP131CAE3, STM32MP131CAF3, STM32MP131CAG3, STM32MP131DAE7, STM32MP131DAF7, STM32MP131DAG7, STM32MP131FAE7, STM32MP131FAF7, STM32MP131FAG7, STM32MP133AAE3, STM32MP133AAF3, STM32MP133AAG3, STM32MP133CAE3, STM32MP133CAF3, STM32MP133CAG3, STM32MP133DAE7, STM32MP133DAF7, STM32MP133DAG7, STM32MP133FAE7, STM32MP133FAF7, STM32MP133FAG7, STM32MP135AAE3, STM32MP135AAF3, STM32MP135AAG3, STM32MP135CAE3, STM32MP135CAF3, STM32MP135CAG3, STM32MP135DAE7, STM32MP135DAF7, STM32MP135DAG7, STM32MP135F-DK, STM32MP135FAE7, STM32MP135FAF7, STM32MP135FAF7T, STM32MP135FAF7U, STM32MP135FAG7, STM32MP211AAL3, STM32MP211AAM3, STM32MP211AAN3, STM32MP211AAO3, STM32MP211CAL3, STM32MP211CAM3, STM32MP211CAN3, STM32MP211CAO3, STM32MP211DAL3, STM32MP211DAM3, STM32MP211DAN3, STM32MP211DAO3, STM32MP211FAL3, STM32MP211FAM3, STM32MP211FAN3, STM32MP211FAO3, STM32MP213AAL3, STM32MP213AAM3, STM32MP213AAN3, STM32MP213AAO3, STM32MP213CAL3, STM32MP213CAM3, STM32MP213CAN3, STM32MP213CAO3, STM32MP213DAL3, STM32MP213DAM3, STM32MP213DAN3, STM32MP213DAO3, STM32MP213FAL3, STM32MP213FAM3, STM32MP213FAN3, STM32MP213FAO3, STM32MP215AAL3, STM32MP215AAM3, STM32MP215AAN3, STM32MP215AAO3, STM32MP215CAL3, STM32MP215CAM3, STM32MP215CAN3, STM32MP215CAO3, STM32MP215DAL3, STM32MP215DAM3, STM32MP215DAN3, STM32MP215DAO3, STM32MP215F-DK, STM32MP215FAL3, STM32MP215FAM3, STM32MP215FAN3, STM32MP215FAO3, STM32MP231AAJ3, STM32MP231AAK3, STM32MP231AAL3, STM32MP231CAJ3, STM32MP231CAK3, STM32MP231CAL3, STM32MP231DAJ3, STM32MP231DAK3, STM32MP231DAL3, STM32MP231FAJ3, STM32MP231FAK3, STM32MP231FAL3, STM32MP233AAJ3, STM32MP233AAK3, STM32MP233AAL3, STM32MP233CAJ3, STM32MP233CAK3, STM32MP233CAL3, STM32MP233DAJ3, STM32MP233DAK3, STM32MP233DAL3, STM32MP233FAJ3, STM32MP233FAK3, STM32MP233FAL3, STM32MP235AAJ3, STM32MP235AAK3, STM32MP235AAL3, STM32MP235CAJ3, STM32MP235CAK3, STM32MP235CAL3, STM32MP235DAJ3, STM32MP235DAK3, STM32MP235DAL3, STM32MP235FAJ3, STM32MP235FAK3, STM32MP235FAL3, STM32MP251AAI3, STM32MP251AAK3, STM32MP251AAL3, STM32MP251CAI3, STM32MP251CAK3, STM32MP251CAL3, STM32MP251DAI3, STM32MP251DAK3, STM32MP251DAL3, STM32MP251FAI3, STM32MP251FAK3, STM32MP251FAL3, STM32MP253AAI3, STM32MP253AAK3, STM32MP253AAL3, STM32MP253CAI3, STM32MP253CAK3, STM32MP253CAL3, STM32MP253DAI3, STM32MP253DAK3, STM32MP253DAL3, STM32MP253FAI3, STM32MP253FAK3, STM32MP253FAL3, STM32MP255AAI3, STM32MP255AAK3, STM32MP255AAL3, STM32MP255CAI3, STM32MP255CAK3, STM32MP255CAL3, STM32MP255DAI3, STM32MP255DAK3, STM32MP255DAL3, STM32MP255FAI3, STM32MP255FAK3, STM32MP255FAL3, STM32MP257AAI3, STM32MP257AAK3, STM32MP257AAL3, STM32MP257CAI3, STM32MP257CAK3, STM32MP257CAL3, STM32MP257DAI3, STM32MP257DAK3, STM32MP257DAL3, STM32MP257F-DK, STM32MP257F-EV1, STM32MP257FAI3, STM32MP257FAK3, STM32MP257FAL3, STM32N645A0H3Q, STM32N645B0H3Q, STM32N645I0H3Q, STM32N645L0H3Q, STM32N645X0H3Q, STM32N645Z0H3Q, STM32N647A0H3Q, STM32N647B0H3Q, STM32N647I0H3Q, STM32N647L0H3Q, STM32N647X0H3Q, STM32N647Z0H3Q, STM32N655A0H3Q, STM32N655B0H3Q, STM32N655I0H3Q, STM32N655L0H3Q, STM32N655X0H3Q, STM32N655Z0H3Q, STM32N6570-DK, STM32N657A0H3Q, STM32N657B0H3Q, STM32N657I0H3Q, STM32N657L0H3Q, STM32N657X0H3Q, STM32N657Z0H3Q, STM32U031C6T6, STM32U031C6U6, STM32U031C8T6, STM32U031C8U6, STM32U031F4P6, STM32U031F6P6, STM32U031F8P6, STM32U031G6Y6TR, STM32U031G8Y6TR, STM32U031K4U6, STM32U031K6U6, STM32U031K8U6, STM32U031R6I6, STM32U031R6T6, STM32U031R8I6, STM32U031R8T6, STM32U073C8T6, STM32U073C8U6, STM32U073CBT6, STM32U073CBU6, STM32U073CCT6, STM32U073CCU6, STM32U073H8Y6TR, STM32U073HBY6TR, STM32U073HCY6TR, STM32U073K8U6, STM32U073KBU6, STM32U073KCU6, STM32U073M8I6, STM32U073M8T6, STM32U073MBI6, STM32U073MBT6, STM32U073MCI6, STM32U073MCT6, STM32U073R8I6, STM32U073R8T6, STM32U073RBI6, STM32U073RBT6, STM32U073RCI6, STM32U073RCT6, STM32U083C-DK, STM32U083CCT6, STM32U083CCU6, STM32U083HCY6TR, STM32U083KCU6, STM32U083MCI6, STM32U083MCT6, STM32U083RCI6, STM32U083RCT6, STM32U375CET6, STM32U375CET6Q, STM32U375CEU6, STM32U375CEU6Q, STM32U375CEY6QTR, STM32U375CGT6, STM32U375CGT6Q, STM32U375CGU6, STM32U375CGU6Q, STM32U375CGY6QTR, STM32U375KEU6, STM32U375KGU6, STM32U375REI6, STM32U375REI6Q, STM32U375RET6, STM32U375RET6Q, STM32U375REY6GTR, STM32U375REY6QTR, STM32U375RGI6, STM32U375RGI6Q, STM32U375RGT6, STM32U375RGT6Q, STM32U375RGY6GTR, STM32U375RGY6QTR, STM32U375VEI6, STM32U375VEI6Q, STM32U375VET6, STM32U375VET6Q, STM32U375VGI6, STM32U375VGI6Q, STM32U375VGT6, STM32U375VGT6Q, STM32U385CGT6, STM32U385CGT6Q, STM32U385CGU6, STM32U385CGU6Q, STM32U385CGY6QTR, STM32U385KGU6, STM32U385RGI6, STM32U385RGI6Q, STM32U385RGT6, STM32U385RGT6Q, STM32U385RGY6GTR, STM32U385RGY6QTR, STM32U385VGI6, STM32U385VGI6Q, STM32U385VGT6, STM32U385VGT6Q, STM32U535CBT6, STM32U535CBT6Q, STM32U535CBU6, STM32U535CBU6Q, STM32U535CCT6, STM32U535CCT6Q, STM32U535CCU6, STM32U535CCU6Q, STM32U535CET6, STM32U535CET6Q, STM32U535CEU6, STM32U535CEU6Q, STM32U535JEY6QTR, STM32U535NCY6QTR, STM32U535NEY6QTR, STM32U535RBI6, STM32U535RBI6Q, STM32U535RBT6, STM32U535RBT6Q, STM32U535RCI6, STM32U535RCI6Q, STM32U535RCT6, STM32U535RCT6Q, STM32U535REI6, STM32U535REI6Q, STM32U535RET6, STM32U535RET6Q, STM32U535VCI6, STM32U535VCI6Q, STM32U535VCT6, STM32U535VCT6Q, STM32U535VEI6, STM32U535VEI6Q, STM32U535VET6, STM32U535VET6Q, STM32U545CET6, STM32U545CET6Q, STM32U545CEU6, STM32U545CEU6Q, STM32U545JEY6QTR, STM32U545NEY6QTR, STM32U545REI6, STM32U545REI6Q, STM32U545RET6, STM32U545RET6Q, STM32U545VEI6, STM32U545VEI6Q, STM32U545VET6, STM32U545VET6Q, STM32U595AIH6, STM32U595AIH6Q, STM32U595AJH6, STM32U595AJH6Q, STM32U595QII6, STM32U595QII6Q, STM32U595QJI6, STM32U595QJI6Q, STM32U595RIT6, STM32U595RIT6Q, STM32U595RJT6, STM32U595RJT6Q, STM32U595VIT6, STM32U595VIT6Q, STM32U595VJT6, STM32U595VJT6Q, STM32U595ZIT6, STM32U595ZIT6Q, STM32U595ZIY6QTR, STM32U595ZJT6, STM32U595ZJT6Q, STM32U595ZJY6QTR, STM32U599BJY6QTR, STM32U599NIH6Q, STM32U599NJH6Q, STM32U599VIT6Q, STM32U599VJT6, STM32U599VJT6Q, STM32U599ZIT6Q, STM32U599ZIY6QTR, STM32U599ZJT6Q, STM32U599ZJY6QTR, STM32U5A5AJH6, STM32U5A5AJH6Q, STM32U5A5QII3Q , STM32U5A5QJI6, STM32U5A5QJI6Q, STM32U5A5RJT6, STM32U5A5RJT6Q, STM32U5A5VJT6, STM32U5A5VJT6Q, STM32U5A5ZJT6, STM32U5A5ZJT6Q, STM32U5A5ZJY6QTR, STM32U5A9BJY6QTR, STM32U5A9J-DK, STM32U5A9NJH6Q, STM32U5A9VJT6Q, STM32U5A9ZJT6Q, STM32U5A9ZJY6QTR, STM32U5F7VIT6, STM32U5F7VIT6Q, STM32U5F7VJT6, STM32U5F7VJT6Q, STM32U5F9BJY6QTR, STM32U5F9NJH6Q, STM32U5F9VIT6Q, STM32U5F9VJT6Q, STM32U5F9ZIJ6QTR, STM32U5F9ZIT6Q, STM32U5F9ZJJ6QTR, STM32U5F9ZJT6Q, STM32U5G7VJT6, STM32U5G7VJT6Q, STM32U5G9BJY6QTR, STM32U5G9J-DK1, STM32U5G9J-DK2, STM32U5G9NJH6Q, STM32U5G9VJT6Q, STM32U5G9ZJJ6QTR, STM32U5G9ZJT6Q, STM32WB05KZV6TR, STM32WB05KZV7TR, STM32WB05TZF6TR, STM32WB05TZF7TR, STM32WB06CCF6TR, STM32WB06CCF7TR, STM32WB06CCV6TR, STM32WB06CCV7TR, STM32WB06KCV6TR, STM32WB06KCV7TR, STM32WB07CCF6TR, STM32WB07CCF7TR, STM32WB07CCV6TR, STM32WB07CCV7TR, STM32WB07KCV6TR, STM32WB07KCV7TR, STM32WB09KEV6TR, STM32WB09KEV7TR, STM32WB09TEF6TR, STM32WB09TEF7TR, STM32WB1MMCH6, STM32WBA50KGU6, STM32WBA50KGU6TR, STM32WBA52CEU6, STM32WBA52CEU6TR, STM32WBA52CEU7, STM32WBA52CEU7TR, STM32WBA52CGU6, STM32WBA52CGU6TR, STM32WBA52CGU6U, STM32WBA52CGU7, STM32WBA52CGU7TR, STM32WBA52KEU6, STM32WBA52KEU6TR, STM32WBA52KGU6, STM32WBA52KGU6TR, STM32WBA54CEU6, STM32WBA54CEU6TR, STM32WBA54CEU7, STM32WBA54CEU7TR, STM32WBA54CGU6, STM32WBA54CGU6TR, STM32WBA54CGU7, STM32WBA54CGU7TR, STM32WBA54KEU6, STM32WBA54KEU6TR, STM32WBA54KEU7, STM32WBA54KEU7TR, STM32WBA54KGU6, STM32WBA54KGU6TR, STM32WBA54KGU7, STM32WBA54KGU7TR, STM32WBA55CEU6, STM32WBA55CEU6TR, STM32WBA55CEU7, STM32WBA55CEU7TR, STM32WBA55CGU6, STM32WBA55CGU6TR, STM32WBA55CGU6U, STM32WBA55CGU7, STM32WBA55CGU7TR, STM32WBA55G-DK1, STM32WBA55HEF6, STM32WBA55HEF7, STM32WBA55HGF6, STM32WBA55HGF7, STM32WBA55UEI6, STM32WBA55UEI6TR, STM32WBA55UEI7, STM32WBA55UEI7TR, STM32WBA55UGI6, STM32WBA55UGI6TR, STM32WBA55UGI7, STM32WBA55UGI7TR, STM32WBA5MMGH6TR, STM32WBA62MGF6, STM32WBA62MIF6, STM32WBA65MGF7, STM32WBA65MIF6, STM32WBA65MIF7, STM32WL30K8V6, STM32WL30KBV6, STM32WL31C8V6, STM32WL31CBV6, STM32WL31K8V6, STM32WL31KBV6, STM32WL33C8V6, STM32WL33C8V6X, STM32WL33CBV6, STM32WL33CBV6X, STM32WL33CCV6, STM32WL33CCV6A, STM32WL33CCV6X, STM32WL33K8V7, STM32WL33K8V7X, STM32WL33KBV7 , STM32WL33KBV7X, STM32WL33KCV7, STM32WL33KCV7X, STM32WL5MOCH6, STM32WL5MOCH6TR]
2025-08-04 14:30:58,581 [INFO] DbMcus:218 - Found 4801 MCUs, 4801 are supported
2025-08-04 14:30:58,582 [INFO] ApiDb:423 - Load user favorites file C:\Users\nicks/.stm32cubeide/favorites.mcus.txt: 0 item(s)
2025-08-04 14:30:58,582 [INFO] ApiDb:427 - User favorites MCUs=[]
2025-08-04 14:30:58,582 [INFO] DbMcus:224 - Set 0 / 0 favorites MCUs
2025-08-04 14:30:58,903 [INFO] ApiDb:423 - Load user favorites file C:\Users\nicks/.stm32cubeide/favorites.boards.txt: 0 item(s)
2025-08-04 14:30:58,903 [INFO] ApiDb:427 - User favorites Boards=[]
2025-08-04 14:30:58,903 [INFO] DbBoards:198 - Set 0 / 0 favorites Boards
2025-08-04 14:30:58,952 [INFO] UtilMem:75 - End LoadConfig() Used Memory: 803643592 Bytes (1073741824)
2025-08-04 14:30:59,052 [WARN] ThirdParty:833 - waiting for thirdparty lock release [change project]
2025-08-04 14:30:59,052 [INFO] ThirdParty:835 - entering critical section [change project]
2025-08-04 14:30:59,052 [INFO] ThirdParty:1030 - CMSIS Pack Vendor :STMicroelectronics X-CUBE-PM33A1 1.0.0
2025-08-04 14:30:59,052 [INFO] ThirdParty:1030 - CMSIS Pack Vendor :STMicroelectronics USBPD 4.1
2025-08-04 14:30:59,052 [INFO] ThirdParty:1030 - CMSIS Pack Vendor :STMicroelectronics X-CUBE-AZRTOS-H7 3.3.0
2025-08-04 14:30:59,052 [INFO] ThirdParty:1030 - CMSIS Pack Vendor :STMicroelectronics X-CUBE-NFC9 1.0.0
2025-08-04 14:30:59,052 [INFO] ThirdParty:1030 - CMSIS Pack Vendor :STMicroelectronics USB_HOST 2.0.0
2025-08-04 14:30:59,052 [INFO] ThirdParty:1030 - CMSIS Pack Vendor :STMicroelectronics FP-SNS-MOTENVWB1 1.4.0
2025-08-04 14:30:59,052 [INFO] ThirdParty:1030 - CMSIS Pack Vendor :STMicroelectronics X-CUBE-AZRTOS-F4 1.1.0
2025-08-04 14:30:59,052 [INFO] ThirdParty:1030 - CMSIS Pack Vendor :STMicroelectronics LIBJPEG 8.0.0
2025-08-04 14:30:59,052 [INFO] ThirdParty:1030 - CMSIS Pack Vendor :STMicroelectronics FP-ATR-ASTRA1 2.0.2
2025-08-04 14:30:59,052 [INFO] ThirdParty:1030 - CMSIS Pack Vendor :STMicroelectronics FP-ATR-ASTRA1 2.0.1
2025-08-04 14:30:59,053 [INFO] ThirdParty:1030 - CMSIS Pack Vendor :STMicroelectronics X-CUBE-BLE1 7.1.0
2025-08-04 14:30:59,053 [INFO] ThirdParty:1030 - CMSIS Pack Vendor :Avnet-IotConnect X-CUBE-IoTC-DA16k-PMOD 1.0.0
2025-08-04 14:30:59,053 [INFO] ThirdParty:1030 - CMSIS Pack Vendor :STMicroelectronics X-CUBE-SMBUS 2.1.0
2025-08-04 14:30:59,053 [INFO] ThirdParty:1030 - CMSIS Pack Vendor :STMicroelectronics X-CUBE-WB05N 1.1.0
2025-08-04 14:30:59,053 [INFO] ThirdParty:1030 - CMSIS Pack Vendor :wolfSSL I-CUBE-wolfMQTT 1.19.2
2025-08-04 14:30:59,053 [INFO] ThirdParty:1030 - CMSIS Pack Vendor :STMicroelectronics USB_DEVICE 3.0.0
2025-08-04 14:30:59,053 [INFO] ThirdParty:1030 - CMSIS Pack Vendor :STMicroelectronics X-CUBE-ISPU 2.1.0
2025-08-04 14:30:59,053 [INFO] ThirdParty:1030 - CMSIS Pack Vendor :STMicroelectronics X-CUBE-EEPRMA1 5.2.0
2025-08-04 14:30:59,053 [INFO] ThirdParty:1030 - CMSIS Pack Vendor :STMicroelectronics X-CUBE-BLEMGR 4.1.0
2025-08-04 14:30:59,053 [INFO] ThirdParty:1030 - CMSIS Pack Vendor :STMicroelectronics X-CUBE-AZRTOS-WB 2.0.0
2025-08-04 14:30:59,053 [INFO] ThirdParty:1030 - CMSIS Pack Vendor :STMicroelectronics X-CUBE-ST60 1.0.0
2025-08-04 14:30:59,053 [INFO] ThirdParty:1030 - CMSIS Pack Vendor :STMicroelectronics X-CUBE-GNSS1 7.0.1
2025-08-04 14:30:59,053 [INFO] ThirdParty:1030 - CMSIS Pack Vendor :STMicroelectronics X-CUBE-NFC12 1.0.0
2025-08-04 14:30:59,053 [INFO] ThirdParty:1030 - CMSIS Pack Vendor :STMicroelectronics X-CUBE-AZRTOS-F7 1.1.0
2025-08-04 14:30:59,053 [INFO] ThirdParty:1030 - CMSIS Pack Vendor :STMicroelectronics X-CUBE-AZRTOS-L5 2.0.0
2025-08-04 14:30:59,053 [INFO] ThirdParty:1030 - CMSIS Pack Vendor :STMicroelectronics X-CUBE-TOUCHGFX 4.25.0
2025-08-04 14:30:59,053 [INFO] ThirdParty:1030 - CMSIS Pack Vendor :STMicroelectronics USB_DEVICE 2.0.0
2025-08-04 14:30:59,053 [INFO] ThirdParty:1030 - CMSIS Pack Vendor :STMicroelectronics X-CUBE-NFC6 3.1.0
2025-08-04 14:30:59,053 [INFO] ThirdParty:1030 - CMSIS Pack Vendor :STMicroelectronics X-CUBE-AI 10.1.0
2025-08-04 14:30:59,053 [INFO] ThirdParty:1030 - CMSIS Pack Vendor :STMicroelectronics FP-SNS-STBOX1 2.0.0
2025-08-04 14:30:59,053 [INFO] ThirdParty:1030 - CMSIS Pack Vendor :STMicroelectronics X-CUBE-MEMS1 11.2.0
2025-08-04 14:30:59,053 [INFO] ThirdParty:1030 - CMSIS Pack Vendor :STMicroelectronics FreeRTOS 0.0.1
2025-08-04 14:30:59,053 [INFO] ThirdParty:1030 - CMSIS Pack Vendor :STMicroelectronics X-CUBE-AZRTOS-G0 1.1.0
2025-08-04 14:30:59,053 [INFO] ThirdParty:1030 - CMSIS Pack Vendor :STMicroelectronics X-CUBE-SAFEA1 1.2.2
2025-08-04 14:30:59,053 [INFO] ThirdParty:1030 - CMSIS Pack Vendor :STMicroelectronics X-CUBE-NFC4 3.0.0
2025-08-04 14:30:59,053 [INFO] ThirdParty:1030 - CMSIS Pack Vendor :STMicroelectronics X-CUBE-SUBG2 5.0.0
2025-08-04 14:30:59,053 [INFO] ThirdParty:1030 - CMSIS Pack Vendor :STMicroelectronics X-CUBE-AZRTOS-H7RS 1.1.0
2025-08-04 14:30:59,053 [INFO] ThirdParty:1030 - CMSIS Pack Vendor :STMicroelectronics STM32_WPAN 1.0.0
2025-08-04 14:30:59,053 [INFO] ThirdParty:1030 - CMSIS Pack Vendor :EmbeddedOffice I-CUBE-FS-RTOS 1.0.1
2025-08-04 14:30:59,053 [INFO] ThirdParty:1030 - CMSIS Pack Vendor :STMicroelectronics lwIP 2.0.3
2025-08-04 14:30:59,053 [INFO] ThirdParty:1030 - CMSIS Pack Vendor :STMicroelectronics FP-SNS-FLIGHT1 5.0.2
2025-08-04 14:30:59,053 [INFO] ThirdParty:1030 - CMSIS Pack Vendor :Cesanta I-CUBE-Mongoose 7.13.0
2025-08-04 14:30:59,053 [INFO] ThirdParty:1030 - CMSIS Pack Vendor :STMicroelectronics USB_HOST 1.0.0
2025-08-04 14:30:59,053 [INFO] ThirdParty:1030 - CMSIS Pack Vendor :Infineon AIROC-Wi-Fi-Bluetooth-STM32 1.7.0
2025-08-04 14:30:59,053 [INFO] ThirdParty:1030 - CMSIS Pack Vendor :STMicroelectronics X-CUBE-AZRTOS-G4 2.0.0
2025-08-04 14:30:59,053 [INFO] ThirdParty:1030 - CMSIS Pack Vendor :STMicroelectronics X-CUBE-WB05N 2.0.0
2025-08-04 14:30:59,053 [INFO] ThirdParty:1030 - CMSIS Pack Vendor :STMicroelectronics PDM2PCM 3.1.0
2025-08-04 14:30:59,053 [INFO] ThirdParty:1030 - CMSIS Pack Vendor :STMicroelectronics PDM2PCM 3.3.0
2025-08-04 14:30:59,053 [INFO] ThirdParty:1030 - CMSIS Pack Vendor :wolfSSL I-CUBE-wolfTPM 3.8.0
2025-08-04 14:30:59,053 [INFO] ThirdParty:1030 - CMSIS Pack Vendor :STMicroelectronics X-CUBE-AZRTOS-H7 3.4.0
2025-08-04 14:30:59,054 [INFO] ThirdParty:1030 - CMSIS Pack Vendor :STMicroelectronics X-CUBE-DISPLAY 3.0.0
2025-08-04 14:30:59,054 [INFO] ThirdParty:1030 - CMSIS Pack Vendor :wolfSSL I-CUBE-wolfSSH 1.4.20
2025-08-04 14:30:59,054 [INFO] ThirdParty:1030 - CMSIS Pack Vendor :STMicroelectronics X-CUBE-NFC7 2.0.0
2025-08-04 14:30:59,054 [INFO] ThirdParty:1030 - CMSIS Pack Vendor :STMicroelectronics X-CUBE-TCPP 4.2.0
2025-08-04 14:30:59,054 [INFO] ThirdParty:1030 - CMSIS Pack Vendor :RealThread X-CUBE-RT-Thread_Nano 4.1.1
2025-08-04 14:30:59,054 [INFO] ThirdParty:1030 - CMSIS Pack Vendor :STMicroelectronics FP-ATR-SIGFOX1 3.2.0
2025-08-04 14:30:59,054 [INFO] ThirdParty:1030 - CMSIS Pack Vendor :STMicroelectronics X-CUBE-NFC10 1.0.0
2025-08-04 14:30:59,054 [INFO] ThirdParty:1030 - CMSIS Pack Vendor :STMicroelectronics X-CUBE-BLEMGR 4.0.0
2025-08-04 14:30:59,054 [INFO] ThirdParty:1030 - CMSIS Pack Vendor :STMicroelectronics X-CUBE-EEPRMA1 5.1.0
2025-08-04 14:30:59,054 [INFO] ThirdParty:1030 - CMSIS Pack Vendor :STMicroelectronics X-CUBE-FREERTOS 1.3.1
2025-08-04 14:30:59,054 [INFO] ThirdParty:1030 - CMSIS Pack Vendor :STMicroelectronics HAL Drivers 0.0.0
2025-08-04 14:30:59,054 [INFO] ThirdParty:1030 - CMSIS Pack Vendor :STMicroelectronics MBEDTLS 2.16.2
2025-08-04 14:30:59,054 [INFO] ThirdParty:1030 - CMSIS Pack Vendor :STMicroelectronics X-CUBE-IPS 3.1.0
2025-08-04 14:30:59,054 [INFO] ThirdParty:1030 - CMSIS Pack Vendor :STMicroelectronics X-CUBE-ALS 1.0.2
2025-08-04 14:30:59,054 [INFO] ThirdParty:1030 - CMSIS Pack Vendor :emotas I-CUBE-CANOPEN 1.3.0
2025-08-04 14:30:59,054 [INFO] ThirdParty:1030 - CMSIS Pack Vendor :STMicroelectronics X-CUBE-FREERTOS 1.3.0
2025-08-04 14:30:59,054 [INFO] ThirdParty:1030 - CMSIS Pack Vendor :STMicroelectronics X-CUBE-NFC7 1.0.1
2025-08-04 14:30:59,054 [INFO] ThirdParty:1030 - CMSIS Pack Vendor :STMicroelectronics MBEDTLS 2.14.1
2025-08-04 14:30:59,054 [INFO] ThirdParty:1030 - CMSIS Pack Vendor :wolfSSL I-CUBE-wolfSSL 5.7.6
2025-08-04 14:30:59,054 [INFO] ThirdParty:1030 - CMSIS Pack Vendor :ITTIA_DB I-CUBE-ITTIADB 8.9.0
2025-08-04 14:30:59,054 [INFO] ThirdParty:1030 - CMSIS Pack Vendor :portGmbH I-Cube-SoM-uGOAL 1.1.0
2025-08-04 14:30:59,055 [INFO] ThirdParty:1030 - CMSIS Pack Vendor :quantropi X-CUBE-qispace-sdk-base 2.0.0
2025-08-04 14:30:59,055 [INFO] ThirdParty:1030 - CMSIS Pack Vendor :STMicroelectronics X-CUBE-AI 10.0.0
2025-08-04 14:30:59,055 [INFO] ThirdParty:1030 - CMSIS Pack Vendor :STMicroelectronics X-CUBE-ST67W61 1.0.0
2025-08-04 14:30:59,055 [INFO] ThirdParty:1030 - CMSIS Pack Vendor :STMicroelectronics FP-SNS-STBOX1 2.1.0
2025-08-04 14:30:59,055 [INFO] ThirdParty:1030 - CMSIS Pack Vendor :STMicroelectronics X-CUBE-AI 10.2.0
2025-08-04 14:30:59,055 [INFO] ThirdParty:1030 - CMSIS Pack Vendor :STMicroelectronics FP-SNS-STAIOTCFT 1.0.0
2025-08-04 14:30:59,055 [INFO] ThirdParty:1030 - CMSIS Pack Vendor :STMicroelectronics ThreadX 1.0.0
2025-08-04 14:30:59,055 [INFO] ThirdParty:1030 - CMSIS Pack Vendor :STMicroelectronics FP-SNS-SMARTAG2 1.2.0
2025-08-04 14:30:59,055 [INFO] ThirdParty:1030 - CMSIS Pack Vendor :STMicroelectronics FP-SNS-FLIGHT1 5.1.0
2025-08-04 14:30:59,055 [INFO] ThirdParty:1030 - CMSIS Pack Vendor :STMicroelectronics X-CUBE-AZRTOS-WL 2.0.0
2025-08-04 14:30:59,055 [INFO] ThirdParty:1030 - CMSIS Pack Vendor :SEGGER I-CUBE-embOS 1.3.1
2025-08-04 14:30:59,055 [INFO] ThirdParty:1030 - CMSIS Pack Vendor :STMicroelectronics X-CUBE-ALGOBUILD 1.4.0
2025-08-04 14:30:59,055 [INFO] ThirdParty:1030 - CMSIS Pack Vendor :STMicroelectronics X-CUBE-DPower 1.3.0
2025-08-04 14:30:59,055 [INFO] ThirdParty:1030 - CMSIS Pack Vendor :STMicroelectronics X-CUBE-MEMS1 11.3.0
2025-08-04 14:30:59,055 [INFO] ThirdParty:1030 - CMSIS Pack Vendor :STMicroelectronics FP-SNS-MOTENV1 5.0.0
2025-08-04 14:30:59,055 [INFO] ThirdParty:1030 - CMSIS Pack Vendor :STMicroelectronics USB_DEVICE 1.0.0
2025-08-04 14:30:59,055 [INFO] ThirdParty:1030 - CMSIS Pack Vendor :STMicroelectronics X-CUBE-AZRTOS-L4 2.0.0
2025-08-04 14:30:59,055 [INFO] ThirdParty:1030 - CMSIS Pack Vendor :STMicroelectronics ThreadX 0.0.2
2025-08-04 14:30:59,055 [INFO] ThirdParty:1030 - CMSIS Pack Vendor :WES I-CUBE-Cesium 1.3.0
2025-08-04 14:30:59,055 [INFO] ThirdParty:1030 - CMSIS Pack Vendor :STMicroelectronics lwIP 2.1.2
2025-08-04 14:30:59,055 [INFO] ThirdParty:1030 - CMSIS Pack Vendor :STMicroelectronics X-CUBE-SFXS2LP1 4.0.0
2025-08-04 14:30:59,055 [INFO] ThirdParty:1030 - CMSIS Pack Vendor :STMicroelectronics X-CUBE-BLE2 3.3.0
2025-08-04 14:30:59,055 [INFO] ThirdParty:1030 - CMSIS Pack Vendor :STMicroelectronics X-CUBE-TOF1 3.4.3
2025-08-04 14:30:59,055 [INFO] ThirdParty:1030 - CMSIS Pack Vendor :STMicroelectronics PDM2PCM 3.2.0
2025-08-04 14:30:59,055 [INFO] ThirdParty:841 - exiting critical section [change project]
2025-08-04 14:30:59,592 [INFO] PinOutPanel:1589 - setPackage(No Configuration,No Configuration)
2025-08-04 14:30:59,593 [INFO] PinOutPanel:1589 - setPackage(STM32H755ZITx,LQFP144)
2025-08-04 14:31:00,143 [INFO] UtilMem:75 - Before build in PCC Used Memory: 774193856 Bytes (1073741824)
2025-08-04 14:31:00,685 [INFO] UtilMem:75 - After build in PCC Used Memory: 931480256 Bytes (1073741824)
2025-08-04 14:31:00,696 [INFO] ApiDbMcu:532 - Load IP Config File for FREERTOS_M7
2025-08-04 14:31:00,725 [INFO] IPUIPlugin:80 - create IPUIPlugin
2025-08-04 14:31:00,725 [INFO] IPUIPlugin:80 - create IPUIPlugin
2025-08-04 14:31:00,725 [INFO] IPUIPlugin:80 - create IPUIPlugin
2025-08-04 14:31:00,725 [INFO] IPUIPlugin:80 - create IPUIPlugin
2025-08-04 14:31:00,725 [INFO] IPUIPlugin:80 - create IPUIPlugin
2025-08-04 14:31:00,725 [INFO] IPUIPlugin:80 - create IPUIPlugin
2025-08-04 14:31:00,725 [INFO] IPUIPlugin:80 - create IPUIPlugin
2025-08-04 14:31:00,725 [INFO] IPUIPlugin:80 - create IPUIPlugin
2025-08-04 14:31:00,725 [INFO] IPUIPlugin:80 - create IPUIPlugin
2025-08-04 14:31:00,725 [INFO] IPUIPlugin:80 - create IPUIPlugin
2025-08-04 14:31:00,725 [INFO] IPUIPlugin:80 - create IPUIPlugin
2025-08-04 14:31:00,725 [INFO] IPUIPlugin:80 - create IPUIPlugin
2025-08-04 14:31:00,725 [INFO] IPUIPlugin:80 - create IPUIPlugin
2025-08-04 14:31:00,725 [INFO] IPUIPlugin:80 - create IPUIPlugin
2025-08-04 14:31:00,726 [INFO] IPUIPlugin:80 - create IPUIPlugin
2025-08-04 14:31:00,726 [INFO] IPUIPlugin:80 - create IPUIPlugin
2025-08-04 14:31:00,726 [INFO] IPUIPlugin:80 - create IPUIPlugin
2025-08-04 14:31:00,726 [INFO] IPUIPlugin:80 - create IPUIPlugin
2025-08-04 14:31:00,726 [INFO] IPUIPlugin:80 - create IPUIPlugin
2025-08-04 14:31:00,726 [INFO] IPUIPlugin:80 - create IPUIPlugin
2025-08-04 14:31:00,726 [INFO] IPUIPlugin:80 - create IPUIPlugin
2025-08-04 14:31:00,726 [INFO] IPUIPlugin:80 - create IPUIPlugin
2025-08-04 14:31:00,726 [INFO] IPUIPlugin:80 - create IPUIPlugin
2025-08-04 14:31:00,726 [INFO] IPUIPlugin:80 - create IPUIPlugin
2025-08-04 14:31:00,726 [INFO] IPUIPlugin:80 - create IPUIPlugin
2025-08-04 14:31:00,726 [INFO] IPUIPlugin:80 - create IPUIPlugin
2025-08-04 14:31:00,726 [INFO] IPUIPlugin:80 - create IPUIPlugin
2025-08-04 14:31:00,726 [INFO] IPUIPlugin:80 - create IPUIPlugin
2025-08-04 14:31:00,727 [INFO] IPUIPlugin:80 - create IPUIPlugin
2025-08-04 14:31:00,727 [INFO] IPUIPlugin:80 - create IPUIPlugin
2025-08-04 14:31:00,727 [INFO] IPUIPlugin:80 - create IPUIPlugin
2025-08-04 14:31:00,727 [INFO] IPUIPlugin:80 - create IPUIPlugin
2025-08-04 14:31:00,727 [INFO] IPUIPlugin:80 - create IPUIPlugin
2025-08-04 14:31:00,727 [INFO] IPUIPlugin:80 - create IPUIPlugin
2025-08-04 14:31:00,727 [INFO] IPUIPlugin:80 - create IPUIPlugin
2025-08-04 14:31:00,727 [INFO] IPUIPlugin:80 - create IPUIPlugin
2025-08-04 14:31:00,727 [INFO] IPUIPlugin:80 - create IPUIPlugin
2025-08-04 14:31:00,727 [INFO] IPUIPlugin:80 - create IPUIPlugin
2025-08-04 14:31:00,727 [INFO] IPUIPlugin:80 - create IPUIPlugin
2025-08-04 14:31:00,728 [INFO] IPUIPlugin:80 - create IPUIPlugin
2025-08-04 14:31:00,728 [INFO] IPUIPlugin:80 - create IPUIPlugin
2025-08-04 14:31:00,728 [INFO] IPUIPlugin:80 - create IPUIPlugin
2025-08-04 14:31:00,728 [INFO] IPUIPlugin:80 - create IPUIPlugin
2025-08-04 14:31:00,728 [INFO] IPUIPlugin:80 - create IPUIPlugin
2025-08-04 14:31:00,728 [INFO] IPUIPlugin:80 - create IPUIPlugin
2025-08-04 14:31:00,728 [INFO] IPUIPlugin:80 - create IPUIPlugin
2025-08-04 14:31:00,729 [INFO] IPUIPlugin:80 - create IPUIPlugin
2025-08-04 14:31:00,729 [INFO] IPUIPlugin:80 - create IPUIPlugin
2025-08-04 14:31:00,729 [INFO] IPUIPlugin:80 - create IPUIPlugin
2025-08-04 14:31:00,729 [INFO] IPUIPlugin:80 - create IPUIPlugin
2025-08-04 14:31:00,729 [INFO] IPUIPlugin:80 - create IPUIPlugin
2025-08-04 14:31:00,729 [INFO] IPUIPlugin:80 - create IPUIPlugin
2025-08-04 14:31:00,729 [INFO] IPUIPlugin:80 - create IPUIPlugin
2025-08-04 14:31:00,730 [INFO] IPUIPlugin:80 - create IPUIPlugin
2025-08-04 14:31:00,730 [INFO] IPUIPlugin:80 - create IPUIPlugin
2025-08-04 14:31:00,730 [INFO] IPUIPlugin:80 - create IPUIPlugin
2025-08-04 14:31:00,730 [INFO] IPUIPlugin:80 - create IPUIPlugin
2025-08-04 14:31:00,730 [INFO] IPUIPlugin:80 - create IPUIPlugin
2025-08-04 14:31:00,730 [INFO] IPUIPlugin:80 - create IPUIPlugin
2025-08-04 14:31:00,730 [INFO] IPUIPlugin:80 - create IPUIPlugin
2025-08-04 14:31:00,731 [INFO] IPUIPlugin:80 - create IPUIPlugin
2025-08-04 14:31:00,731 [INFO] IPUIPlugin:80 - create IPUIPlugin
2025-08-04 14:31:00,731 [INFO] IPUIPlugin:80 - create IPUIPlugin
2025-08-04 14:31:00,731 [INFO] IPUIPlugin:80 - create IPUIPlugin
2025-08-04 14:31:00,731 [INFO] IPUIPlugin:80 - create IPUIPlugin
2025-08-04 14:31:00,731 [INFO] IPUIPlugin:80 - create IPUIPlugin
2025-08-04 14:31:00,732 [INFO] IPUIPlugin:80 - create IPUIPlugin
2025-08-04 14:31:00,732 [INFO] IPUIPlugin:80 - create IPUIPlugin
2025-08-04 14:31:00,732 [INFO] IPUIPlugin:80 - create IPUIPlugin
2025-08-04 14:31:00,732 [INFO] IPUIPlugin:80 - create IPUIPlugin
2025-08-04 14:31:00,732 [INFO] IPUIPlugin:80 - create IPUIPlugin
2025-08-04 14:31:00,732 [INFO] IPUIPlugin:80 - create IPUIPlugin
2025-08-04 14:31:00,733 [INFO] IPUIPlugin:80 - create IPUIPlugin
2025-08-04 14:31:00,733 [INFO] IPUIPlugin:80 - create IPUIPlugin
2025-08-04 14:31:00,733 [INFO] IPUIPlugin:80 - create IPUIPlugin
2025-08-04 14:31:00,733 [INFO] IPUIPlugin:80 - create IPUIPlugin
2025-08-04 14:31:00,733 [INFO] IPUIPlugin:80 - create IPUIPlugin
2025-08-04 14:31:00,734 [INFO] IPUIPlugin:80 - create IPUIPlugin
2025-08-04 14:31:00,734 [INFO] IPUIPlugin:80 - create IPUIPlugin
2025-08-04 14:31:00,734 [INFO] IPUIPlugin:80 - create IPUIPlugin
2025-08-04 14:31:00,734 [INFO] IPUIPlugin:80 - create IPUIPlugin
2025-08-04 14:31:00,734 [INFO] IPUIPlugin:80 - create IPUIPlugin
2025-08-04 14:31:00,735 [INFO] IPUIPlugin:80 - create IPUIPlugin
2025-08-04 14:31:00,735 [INFO] IPUIPlugin:80 - create IPUIPlugin
2025-08-04 14:31:00,735 [INFO] IPUIPlugin:80 - create IPUIPlugin
2025-08-04 14:31:00,735 [INFO] IPUIPlugin:80 - create IPUIPlugin
2025-08-04 14:31:00,735 [INFO] IPUIPlugin:80 - create IPUIPlugin
2025-08-04 14:31:00,736 [INFO] IPUIPlugin:80 - create IPUIPlugin
2025-08-04 14:31:00,736 [INFO] IPUIPlugin:80 - create IPUIPlugin
2025-08-04 14:31:00,736 [INFO] IPUIPlugin:80 - create IPUIPlugin
2025-08-04 14:31:00,736 [INFO] IPUIPlugin:80 - create IPUIPlugin
2025-08-04 14:31:00,737 [INFO] IPUIPlugin:80 - create IPUIPlugin
2025-08-04 14:31:00,737 [INFO] IPUIPlugin:80 - create IPUIPlugin
2025-08-04 14:31:00,737 [INFO] IPUIPlugin:80 - create IPUIPlugin
2025-08-04 14:31:00,737 [INFO] IPUIPlugin:80 - create IPUIPlugin
2025-08-04 14:31:00,738 [INFO] IPUIPlugin:80 - create IPUIPlugin
2025-08-04 14:31:00,738 [INFO] IPUIPlugin:80 - create IPUIPlugin
2025-08-04 14:31:00,738 [INFO] IPUIPlugin:80 - create IPUIPlugin
2025-08-04 14:31:00,738 [INFO] IPUIPlugin:80 - create IPUIPlugin
2025-08-04 14:31:00,739 [INFO] IPUIPlugin:80 - create IPUIPlugin
2025-08-04 14:31:00,739 [INFO] IPUIPlugin:80 - create IPUIPlugin
2025-08-04 14:31:00,739 [INFO] IPUIPlugin:80 - create IPUIPlugin
2025-08-04 14:31:00,740 [INFO] IPUIPlugin:80 - create IPUIPlugin
2025-08-04 14:31:00,740 [INFO] IPUIPlugin:80 - create IPUIPlugin
2025-08-04 14:31:00,740 [INFO] IPUIPlugin:80 - create IPUIPlugin
2025-08-04 14:31:00,740 [INFO] IPUIPlugin:80 - create IPUIPlugin
2025-08-04 14:31:00,741 [INFO] IPUIPlugin:80 - create IPUIPlugin
2025-08-04 14:31:00,741 [INFO] IPUIPlugin:80 - create IPUIPlugin
2025-08-04 14:31:00,741 [INFO] IPUIPlugin:80 - create IPUIPlugin
2025-08-04 14:31:00,742 [INFO] IPUIPlugin:80 - create IPUIPlugin
2025-08-04 14:31:00,742 [INFO] IPUIPlugin:80 - create IPUIPlugin
2025-08-04 14:31:00,742 [INFO] IPUIPlugin:80 - create IPUIPlugin
2025-08-04 14:31:00,743 [INFO] IPUIPlugin:80 - create IPUIPlugin
2025-08-04 14:31:00,743 [INFO] IPUIPlugin:80 - create IPUIPlugin
2025-08-04 14:31:00,749 [INFO] ApiDbMcu:532 - Load IP Config File for PDM2PCM_M7
2025-08-04 14:31:00,752 [INFO] ApiDbMcu:532 - Load IP Config File for PDM2PCM_M4
2025-08-04 14:31:00,788 [WARN] FreeRTOS:1023 - Null or empty value: should not occur! (nothing added to the table)
2025-08-04 14:31:00,909 [INFO] CADModel:165 - CPN selected for project levelSTM32H755ZIT6
2025-08-04 14:31:00,910 [INFO] CADModel:114 - Register for checkConnection events
2025-08-04 14:31:00,912 [INFO] RtosManager:728 - Active RTOS found at IOC load: FREERTOS_M7 [CortexM7]
2025-08-04 14:31:00,962 [INFO] OpenFileManager:386 - Restore cursor
2025-08-04 14:31:01,241 [INFO] ProjectChoiceTab:962 - Analytics plugin initialized for: CortexM7 Enable multi-threaded support
2025-08-04 14:31:09,234 [ERROR] RtosPanel:558 - Can not restore the selected Tab for FREERTOS(A reason can be that the tab is no more available.)
2025-08-04 14:31:11,740 [INFO] RtosManager:1018 - Current active RTOS is FREERTOS_M4 [CortexM4]
2025-08-04 14:31:11,838 [INFO] ApiDbMcu:532 - Load IP Config File for FREERTOS_M4
2025-08-04 14:31:12,060 [ERROR] RtosPanel:558 - Can not restore the selected Tab for FREERTOS(A reason can be that the tab is no more available.)
2025-08-04 14:31:12,107 [ERROR] RtosPanel:558 - Can not restore the selected Tab for FREERTOS(A reason can be that the tab is no more available.)
2025-08-04 14:31:18,745 [ERROR] RtosPanel:558 - Can not restore the selected Tab for FREERTOS(A reason can be that the tab is no more available.)
2025-08-04 14:31:25,811 [INFO] UtilMem:75 - End SaveConfig() Used Memory: 786853384 Bytes (1073741824)
2025-08-04 14:31:25,925 [INFO] ProjectChoiceTab:902 - Analytics plugin initialized for: CortexM4 Enable multi-threaded support
2025-08-04 14:31:26,025 [INFO] UtilMem:75 - End SaveConfig() Used Memory: 812457432 Bytes (1073741824)
2025-08-04 14:31:26,624 [INFO] UtilMem:75 - End SaveConfig() Used Memory: 858271824 Bytes (1073741824)
2025-08-04 14:31:27,737 [ERROR] IocParser:95 - Exception caught: Cannot invoke "java.lang.CharSequence.length()" because "this.text" is null
2025-08-04 14:31:27,811 [INFO] BlockDiagram:2775 - set Specific Code input for plugin: FREERTOS
2025-08-04 14:31:27,811 [INFO] BlockDiagram:2775 - set Specific Code input for plugin: FREERTOS
2025-08-04 14:31:27,811 [INFO] BlockDiagram:2775 - set Specific Code input for plugin: RCC
2025-08-04 14:31:27,811 [INFO] BlockDiagram:2775 - set Specific Code input for plugin: I2C
2025-08-04 14:31:27,811 [INFO] BlockDiagram:2775 - set Specific Code input for plugin: USART
2025-08-04 14:31:27,811 [INFO] BlockDiagram:2775 - set Specific Code input for plugin: MEMORYMAP
2025-08-04 14:31:27,811 [INFO] BlockDiagram:2775 - set Specific Code input for plugin: TIM1_8H7
2025-08-04 14:31:27,811 [INFO] BlockDiagram:2775 - set Specific Code input for plugin: SYS
2025-08-04 14:31:27,812 [INFO] BlockDiagram:2775 - set Specific Code input for plugin: ADC
2025-08-04 14:31:27,812 [INFO] BlockDiagram:2775 - set Specific Code input for plugin: ADC
2025-08-04 14:31:27,812 [INFO] BlockDiagram:2775 - set Specific Code input for plugin: NVIC2
2025-08-04 14:31:27,812 [INFO] BlockDiagram:2775 - set Specific Code input for plugin: UART
2025-08-04 14:31:27,812 [INFO] BlockDiagram:2775 - set Specific Code input for plugin: UART
2025-08-04 14:31:27,812 [INFO] BlockDiagram:2775 - set Specific Code input for plugin: GPIO
2025-08-04 14:31:27,812 [INFO] BlockDiagram:2775 - set Specific Code input for plugin: SYS_M4
2025-08-04 14:31:27,812 [INFO] BlockDiagram:2775 - set Specific Code input for plugin: NUCLEO-H755ZI-Q
2025-08-04 14:31:27,812 [INFO] BlockDiagram:2775 - set Specific Code input for plugin: NVIC1
2025-08-04 14:31:27,813 [INFO] CodeGenerator:892 - code generatio: config db path: C:\ST\STM32CubeIDE_1.19.0\STM32CubeIDE\plugins\com.st.stm32cube.common.mx_6.15.0.202507011659\\db\
2025-08-04 14:31:27,880 [ERROR] CodeGenerator:10662 - The current RTOS owner has not been found in the list of IPs
2025-08-04 14:31:27,880 [ERROR] CodeGenerator:10662 - The current RTOS owner has not been found in the list of IPs
2025-08-04 14:31:27,882 [INFO] CodeGenerator:1619 - *******************Project context M7 selected
2025-08-04 14:31:27,988 [INFO] CodeEngine:265 - oldGeneratedFile, C:\Users\nicks\STM32CubeIDE\workspace_1.19.0\AFR\AFR\MXTmpFiles\license.tmp_save
2025-08-04 14:31:28,234 [INFO] CodeEngine:289 - Generated code: C:\Users\nicks\STM32CubeIDE\workspace_1.19.0\AFR\AFR\MXTmpFiles\license.tmp
2025-08-04 14:31:28,314 [INFO] CodeEngine:265 - oldGeneratedFile, C:\Users\nicks\STM32CubeIDE\workspace_1.19.0\AFR\AFR\CM7\MXTmpFiles\gpio.tmp_save
2025-08-04 14:31:28,411 [INFO] CodeEngine:289 - Generated code: C:\Users\nicks\STM32CubeIDE\workspace_1.19.0\AFR\AFR\CM7\MXTmpFiles\gpio.tmp
2025-08-04 14:31:28,704 [WARN] IPConfigManager:103 - WARNING: Missing Config File for MEMORYMAP ip!!
2025-08-04 14:31:28,847 [WARN] IPConfigManager:103 - WARNING: Missing Config File for NVIC1 ip!!
2025-08-04 14:31:29,061 [ERROR] CodeGenerator:10662 - The current RTOS owner has not been found in the list of IPs
2025-08-04 14:31:29,069 [INFO] CodeEngine:265 - oldGeneratedFile, C:\Users\nicks\STM32CubeIDE\workspace_1.19.0\AFR\AFR\CM7\MXTmpFiles\cortex.tmp_save
2025-08-04 14:31:29,149 [INFO] CodeEngine:289 - Generated code: C:\Users\nicks\STM32CubeIDE\workspace_1.19.0\AFR\AFR\CM7\MXTmpFiles\cortex.tmp
2025-08-04 14:31:29,184 [INFO] Middleware:1452 - No code input for Bsp Dependency
2025-08-04 14:31:29,194 [INFO] CodeEngine:265 - oldGeneratedFile, C:\Users\nicks\STM32CubeIDE\workspace_1.19.0\AFR\AFR\CM7\MXTmpFiles\rtos_inc.tmp_save
2025-08-04 14:31:29,267 [INFO] CodeEngine:289 - Generated code: C:\Users\nicks\STM32CubeIDE\workspace_1.19.0\AFR\AFR\CM7\MXTmpFiles\rtos_inc.tmp
2025-08-04 14:31:29,275 [INFO] CodeEngine:265 - oldGeneratedFile, C:\Users\nicks\STM32CubeIDE\workspace_1.19.0\AFR\AFR\CM7\MXTmpFiles\rtos_kernelInit.tmp_save
2025-08-04 14:31:29,344 [INFO] CodeEngine:289 - Generated code: C:\Users\nicks\STM32CubeIDE\workspace_1.19.0\AFR\AFR\CM7\MXTmpFiles\rtos_kernelInit.tmp
2025-08-04 14:31:29,350 [INFO] CodeEngine:265 - oldGeneratedFile, C:\Users\nicks\STM32CubeIDE\workspace_1.19.0\AFR\AFR\CM7\MXTmpFiles\rtos_kernelStart.tmp_save
2025-08-04 14:31:29,410 [INFO] CodeEngine:289 - Generated code: C:\Users\nicks\STM32CubeIDE\workspace_1.19.0\AFR\AFR\CM7\MXTmpFiles\rtos_kernelStart.tmp
2025-08-04 14:31:29,417 [INFO] CodeEngine:265 - oldGeneratedFile, C:\Users\nicks\STM32CubeIDE\workspace_1.19.0\AFR\AFR\CM7\MXTmpFiles\rtos_typedefs.tmp_save
2025-08-04 14:31:29,474 [INFO] CodeEngine:289 - Generated code: C:\Users\nicks\STM32CubeIDE\workspace_1.19.0\AFR\AFR\CM7\MXTmpFiles\rtos_typedefs.tmp
2025-08-04 14:31:29,481 [INFO] CodeEngine:265 - oldGeneratedFile, C:\Users\nicks\STM32CubeIDE\workspace_1.19.0\AFR\AFR\CM7\MXTmpFiles\rtos_vars.tmp_save
2025-08-04 14:31:29,538 [INFO] CodeEngine:289 - Generated code: C:\Users\nicks\STM32CubeIDE\workspace_1.19.0\AFR\AFR\CM7\MXTmpFiles\rtos_vars.tmp
2025-08-04 14:31:29,545 [INFO] CodeEngine:265 - oldGeneratedFile, C:\Users\nicks\STM32CubeIDE\workspace_1.19.0\AFR\AFR\CM7\MXTmpFiles\rtos_pfp.tmp_save
2025-08-04 14:31:29,600 [INFO] CodeEngine:289 - Generated code: C:\Users\nicks\STM32CubeIDE\workspace_1.19.0\AFR\AFR\CM7\MXTmpFiles\rtos_pfp.tmp
2025-08-04 14:31:29,606 [INFO] CodeEngine:265 - oldGeneratedFile, C:\Users\nicks\STM32CubeIDE\workspace_1.19.0\AFR\AFR\CM7\MXTmpFiles\rtos_obj_creat.tmp_save
2025-08-04 14:31:29,656 [INFO] CodeEngine:289 - Generated code: C:\Users\nicks\STM32CubeIDE\workspace_1.19.0\AFR\AFR\CM7\MXTmpFiles\rtos_obj_creat.tmp
2025-08-04 14:31:29,662 [INFO] CodeEngine:265 - oldGeneratedFile, C:\Users\nicks\STM32CubeIDE\workspace_1.19.0\AFR\AFR\CM7\MXTmpFiles\rtos_default_thread.tmp_save
2025-08-04 14:31:29,716 [INFO] CodeEngine:289 - Generated code: C:\Users\nicks\STM32CubeIDE\workspace_1.19.0\AFR\AFR\CM7\MXTmpFiles\rtos_default_thread.tmp
2025-08-04 14:31:29,721 [INFO] CodeEngine:265 - oldGeneratedFile, C:\Users\nicks\STM32CubeIDE\workspace_1.19.0\AFR\AFR\CM7\MXTmpFiles\rtos_threads.tmp_save
2025-08-04 14:31:29,765 [INFO] CodeEngine:289 - Generated code: C:\Users\nicks\STM32CubeIDE\workspace_1.19.0\AFR\AFR\CM7\MXTmpFiles\rtos_threads.tmp
2025-08-04 14:31:29,772 [INFO] CodeEngine:265 - oldGeneratedFile, C:\Users\nicks\STM32CubeIDE\workspace_1.19.0\AFR\AFR\CM7\Core\Inc\FreeRTOSConfig.h_save
2025-08-04 14:31:29,837 [INFO] CodeEngine:289 - Generated code: C:\Users\nicks\STM32CubeIDE\workspace_1.19.0\AFR\AFR\CM7\Core\Inc\FreeRTOSConfig.h
2025-08-04 14:31:29,844 [INFO] CodeEngine:265 - oldGeneratedFile, C:\Users\nicks\STM32CubeIDE\workspace_1.19.0\AFR\AFR\CM7\Core\Src\freertos.c_save
2025-08-04 14:31:29,894 [INFO] CodeEngine:289 - Generated code: C:\Users\nicks\STM32CubeIDE\workspace_1.19.0\AFR\AFR\CM7\Core\Src\freertos.c
2025-08-04 14:31:29,943 [INFO] CodeEngine:265 - oldGeneratedFile, C:\Users\nicks\STM32CubeIDE\workspace_1.19.0\AFR\AFR\CM7\Core\Inc\stm32h7xx_nucleo_conf.h_save
2025-08-04 14:31:29,992 [INFO] CodeEngine:289 - Generated code: C:\Users\nicks\STM32CubeIDE\workspace_1.19.0\AFR\AFR\CM7\Core\Inc\stm32h7xx_nucleo_conf.h
2025-08-04 14:31:29,999 [INFO] CodeEngine:265 - oldGeneratedFile, C:\Users\nicks\STM32CubeIDE\workspace_1.19.0\AFR\AFR\CM7\MXTmpFiles\bsp_inc.tmp_save
2025-08-04 14:31:30,042 [INFO] CodeEngine:289 - Generated code: C:\Users\nicks\STM32CubeIDE\workspace_1.19.0\AFR\AFR\CM7\MXTmpFiles\bsp_inc.tmp
2025-08-04 14:31:30,047 [INFO] CodeEngine:265 - oldGeneratedFile, C:\Users\nicks\STM32CubeIDE\workspace_1.19.0\AFR\AFR\CM7\MXTmpFiles\bsp_common_vars.tmp_save
2025-08-04 14:31:30,086 [INFO] CodeEngine:289 - Generated code: C:\Users\nicks\STM32CubeIDE\workspace_1.19.0\AFR\AFR\CM7\MXTmpFiles\bsp_common_vars.tmp
2025-08-04 14:31:30,092 [INFO] CodeEngine:265 - oldGeneratedFile, C:\Users\nicks\STM32CubeIDE\workspace_1.19.0\AFR\AFR\CM7\MXTmpFiles\bsp_common_init.tmp_save
2025-08-04 14:31:30,133 [INFO] CodeEngine:289 - Generated code: C:\Users\nicks\STM32CubeIDE\workspace_1.19.0\AFR\AFR\CM7\MXTmpFiles\bsp_common_init.tmp
2025-08-04 14:31:30,139 [INFO] CodeEngine:265 - oldGeneratedFile, C:\Users\nicks\STM32CubeIDE\workspace_1.19.0\AFR\AFR\CM7\MXTmpFiles\bsp_common_demo_before_while.tmp_save
2025-08-04 14:31:30,180 [INFO] CodeEngine:289 - Generated code: C:\Users\nicks\STM32CubeIDE\workspace_1.19.0\AFR\AFR\CM7\MXTmpFiles\bsp_common_demo_before_while.tmp
2025-08-04 14:31:30,185 [INFO] CodeEngine:265 - oldGeneratedFile, C:\Users\nicks\STM32CubeIDE\workspace_1.19.0\AFR\AFR\CM7\MXTmpFiles\bsp_common_demo_inside_while.tmp_save
2025-08-04 14:31:30,227 [INFO] CodeEngine:289 - Generated code: C:\Users\nicks\STM32CubeIDE\workspace_1.19.0\AFR\AFR\CM7\MXTmpFiles\bsp_common_demo_inside_while.tmp
2025-08-04 14:31:30,232 [INFO] CodeEngine:265 - oldGeneratedFile, C:\Users\nicks\STM32CubeIDE\workspace_1.19.0\AFR\AFR\CM7\MXTmpFiles\bsp_common_demo_fct.tmp_save
2025-08-04 14:31:30,272 [INFO] CodeEngine:289 - Generated code: C:\Users\nicks\STM32CubeIDE\workspace_1.19.0\AFR\AFR\CM7\MXTmpFiles\bsp_common_demo_fct.tmp
2025-08-04 14:31:30,302 [INFO] CodeEngine:265 - oldGeneratedFile, C:\Users\nicks\STM32CubeIDE\workspace_1.19.0\AFR\AFR\CM7\Core\Src\stm32h7xx_it.c_save
2025-08-04 14:31:30,372 [INFO] CodeEngine:289 - Generated code: C:\Users\nicks\STM32CubeIDE\workspace_1.19.0\AFR\AFR\CM7\Core\Src\stm32h7xx_it.c
2025-08-04 14:31:30,378 [INFO] CodeEngine:265 - oldGeneratedFile, C:\Users\nicks\STM32CubeIDE\workspace_1.19.0\AFR\AFR\CM7\Core\Inc\stm32h7xx_it.h_save
2025-08-04 14:31:30,423 [INFO] CodeEngine:289 - Generated code: C:\Users\nicks\STM32CubeIDE\workspace_1.19.0\AFR\AFR\CM7\Core\Inc\stm32h7xx_it.h
2025-08-04 14:31:30,514 [INFO] CodeEngine:265 - oldGeneratedFile, C:\Users\nicks\STM32CubeIDE\workspace_1.19.0\AFR\AFR\CM7\Core\Src\stm32h7xx_hal_msp.c_save
2025-08-04 14:31:30,598 [INFO] CodeEngine:289 - Generated code: C:\Users\nicks\STM32CubeIDE\workspace_1.19.0\AFR\AFR\CM7\Core\Src\stm32h7xx_hal_msp.c
2025-08-04 14:31:30,603 [INFO] CodeEngine:265 - oldGeneratedFile, C:\Users\nicks\STM32CubeIDE\workspace_1.19.0\AFR\AFR\CM7\MXTmpFiles\system.tmp_save
2025-08-04 14:31:30,643 [INFO] CodeEngine:289 - Generated code: C:\Users\nicks\STM32CubeIDE\workspace_1.19.0\AFR\AFR\CM7\MXTmpFiles\system.tmp
2025-08-04 14:31:30,654 [INFO] CodeEngine:321 - oldGeneratedFile, C:\Users\nicks\STM32CubeIDE\workspace_1.19.0\AFR\AFR\CM7\Core\Inc\stm32h7xx_hal_conf.h_save
2025-08-04 14:31:30,704 [INFO] CodeEngine:345 - Generated code: C:\Users\nicks\STM32CubeIDE\workspace_1.19.0\AFR\AFR\CM7\Core\Inc\stm32h7xx_hal_conf.h
2025-08-04 14:31:30,739 [INFO] ApiDbMcu:532 - Load IP Config File for ADC3
2025-08-04 14:31:30,741 [INFO] ApiDbMcu:532 - Load IP Config File for I2C2
2025-08-04 14:31:30,748 [INFO] ApiDbMcu:532 - Load IP Config File for USART2
2025-08-04 14:31:30,751 [INFO] ApiDbMcu:532 - Load IP Config File for RCC
2025-08-04 14:31:30,753 [WARN] IPConfigManager:3811 - IP not found : NVIC
2025-08-04 14:31:30,755 [WARN] CodeGenerator:4259 - IP not found : null
2025-08-04 14:31:30,762 [INFO] CodeEngine:265 - oldGeneratedFile, C:\Users\nicks\STM32CubeIDE\workspace_1.19.0\AFR\AFR\CM7\Core\Inc\main.h_save
2025-08-04 14:31:30,835 [INFO] CodeEngine:289 - Generated code: C:\Users\nicks\STM32CubeIDE\workspace_1.19.0\AFR\AFR\CM7\Core\Inc\main.h
2025-08-04 14:31:30,842 [INFO] CodeEngine:265 - oldGeneratedFile, C:\Users\nicks\STM32CubeIDE\workspace_1.19.0\AFR\AFR\CM7\Core\Src\main.c_save
2025-08-04 14:31:30,960 [INFO] CodeEngine:289 - Generated code: C:\Users\nicks\STM32CubeIDE\workspace_1.19.0\AFR\AFR\CM7\Core\Src\main.c
2025-08-04 14:31:31,007 [INFO] CodeGenerator:1619 - *******************Project context M4 selected
2025-08-04 14:31:31,055 [INFO] CodeEngine:265 - oldGeneratedFile, C:\Users\nicks\STM32CubeIDE\workspace_1.19.0\AFR\AFR\MXTmpFiles\license.tmp_save
2025-08-04 14:31:31,100 [INFO] CodeEngine:289 - Generated code: C:\Users\nicks\STM32CubeIDE\workspace_1.19.0\AFR\AFR\MXTmpFiles\license.tmp
2025-08-04 14:31:31,143 [INFO] CodeEngine:265 - oldGeneratedFile, C:\Users\nicks\STM32CubeIDE\workspace_1.19.0\AFR\AFR\CM4\MXTmpFiles\gpio.tmp_save
2025-08-04 14:31:31,188 [INFO] CodeEngine:289 - Generated code: C:\Users\nicks\STM32CubeIDE\workspace_1.19.0\AFR\AFR\CM4\MXTmpFiles\gpio.tmp
2025-08-04 14:31:31,396 [WARN] IPConfigManager:103 - WARNING: Missing Config File for NVIC2 ip!!
2025-08-04 14:31:31,609 [ERROR] CodeGenerator:10662 - The current RTOS owner has not been found in the list of IPs
2025-08-04 14:31:31,616 [INFO] CodeEngine:265 - oldGeneratedFile, C:\Users\nicks\STM32CubeIDE\workspace_1.19.0\AFR\AFR\CM4\MXTmpFiles\cortex.tmp_save
2025-08-04 14:31:31,660 [INFO] CodeEngine:289 - Generated code: C:\Users\nicks\STM32CubeIDE\workspace_1.19.0\AFR\AFR\CM4\MXTmpFiles\cortex.tmp
2025-08-04 14:31:31,679 [INFO] Middleware:1452 - No code input for Bsp Dependency
2025-08-04 14:31:31,685 [INFO] CodeEngine:265 - oldGeneratedFile, C:\Users\nicks\STM32CubeIDE\workspace_1.19.0\AFR\AFR\CM4\MXTmpFiles\rtos_inc.tmp_save
2025-08-04 14:31:31,724 [INFO] CodeEngine:289 - Generated code: C:\Users\nicks\STM32CubeIDE\workspace_1.19.0\AFR\AFR\CM4\MXTmpFiles\rtos_inc.tmp
2025-08-04 14:31:31,728 [INFO] CodeEngine:265 - oldGeneratedFile, C:\Users\nicks\STM32CubeIDE\workspace_1.19.0\AFR\AFR\CM4\MXTmpFiles\rtos_kernelInit.tmp_save
2025-08-04 14:31:31,769 [INFO] CodeEngine:289 - Generated code: C:\Users\nicks\STM32CubeIDE\workspace_1.19.0\AFR\AFR\CM4\MXTmpFiles\rtos_kernelInit.tmp
2025-08-04 14:31:31,774 [INFO] CodeEngine:265 - oldGeneratedFile, C:\Users\nicks\STM32CubeIDE\workspace_1.19.0\AFR\AFR\CM4\MXTmpFiles\rtos_kernelStart.tmp_save
2025-08-04 14:31:31,819 [INFO] CodeEngine:289 - Generated code: C:\Users\nicks\STM32CubeIDE\workspace_1.19.0\AFR\AFR\CM4\MXTmpFiles\rtos_kernelStart.tmp
2025-08-04 14:31:31,824 [INFO] CodeEngine:265 - oldGeneratedFile, C:\Users\nicks\STM32CubeIDE\workspace_1.19.0\AFR\AFR\CM4\MXTmpFiles\rtos_typedefs.tmp_save
2025-08-04 14:31:31,865 [INFO] CodeEngine:289 - Generated code: C:\Users\nicks\STM32CubeIDE\workspace_1.19.0\AFR\AFR\CM4\MXTmpFiles\rtos_typedefs.tmp
2025-08-04 14:31:31,869 [INFO] CodeEngine:265 - oldGeneratedFile, C:\Users\nicks\STM32CubeIDE\workspace_1.19.0\AFR\AFR\CM4\MXTmpFiles\rtos_vars.tmp_save
2025-08-04 14:31:31,910 [INFO] CodeEngine:289 - Generated code: C:\Users\nicks\STM32CubeIDE\workspace_1.19.0\AFR\AFR\CM4\MXTmpFiles\rtos_vars.tmp
2025-08-04 14:31:31,916 [INFO] CodeEngine:265 - oldGeneratedFile, C:\Users\nicks\STM32CubeIDE\workspace_1.19.0\AFR\AFR\CM4\MXTmpFiles\rtos_pfp.tmp_save
2025-08-04 14:31:31,956 [INFO] CodeEngine:289 - Generated code: C:\Users\nicks\STM32CubeIDE\workspace_1.19.0\AFR\AFR\CM4\MXTmpFiles\rtos_pfp.tmp
2025-08-04 14:31:31,961 [INFO] CodeEngine:265 - oldGeneratedFile, C:\Users\nicks\STM32CubeIDE\workspace_1.19.0\AFR\AFR\CM4\MXTmpFiles\rtos_obj_creat.tmp_save
2025-08-04 14:31:32,004 [INFO] CodeEngine:289 - Generated code: C:\Users\nicks\STM32CubeIDE\workspace_1.19.0\AFR\AFR\CM4\MXTmpFiles\rtos_obj_creat.tmp
2025-08-04 14:31:32,010 [INFO] CodeEngine:265 - oldGeneratedFile, C:\Users\nicks\STM32CubeIDE\workspace_1.19.0\AFR\AFR\CM4\MXTmpFiles\rtos_default_thread.tmp_save
2025-08-04 14:31:32,053 [INFO] CodeEngine:289 - Generated code: C:\Users\nicks\STM32CubeIDE\workspace_1.19.0\AFR\AFR\CM4\MXTmpFiles\rtos_default_thread.tmp
2025-08-04 14:31:32,058 [INFO] CodeEngine:265 - oldGeneratedFile, C:\Users\nicks\STM32CubeIDE\workspace_1.19.0\AFR\AFR\CM4\MXTmpFiles\rtos_threads.tmp_save
2025-08-04 14:31:32,097 [INFO] CodeEngine:289 - Generated code: C:\Users\nicks\STM32CubeIDE\workspace_1.19.0\AFR\AFR\CM4\MXTmpFiles\rtos_threads.tmp
2025-08-04 14:31:32,101 [INFO] CodeEngine:265 - oldGeneratedFile, C:\Users\nicks\STM32CubeIDE\workspace_1.19.0\AFR\AFR\CM4\Core\Inc\FreeRTOSConfig.h_save
2025-08-04 14:31:32,155 [INFO] CodeEngine:289 - Generated code: C:\Users\nicks\STM32CubeIDE\workspace_1.19.0\AFR\AFR\CM4\Core\Inc\FreeRTOSConfig.h
2025-08-04 14:31:32,160 [INFO] CodeEngine:265 - oldGeneratedFile, C:\Users\nicks\STM32CubeIDE\workspace_1.19.0\AFR\AFR\CM4\Core\Src\freertos.c_save
2025-08-04 14:31:32,205 [INFO] CodeEngine:289 - Generated code: C:\Users\nicks\STM32CubeIDE\workspace_1.19.0\AFR\AFR\CM4\Core\Src\freertos.c
2025-08-04 14:31:32,243 [INFO] CodeEngine:265 - oldGeneratedFile, C:\Users\nicks\STM32CubeIDE\workspace_1.19.0\AFR\AFR\CM4\Core\Inc\stm32h7xx_nucleo_conf.h_save
2025-08-04 14:31:32,286 [INFO] CodeEngine:289 - Generated code: C:\Users\nicks\STM32CubeIDE\workspace_1.19.0\AFR\AFR\CM4\Core\Inc\stm32h7xx_nucleo_conf.h
2025-08-04 14:31:32,291 [INFO] CodeEngine:265 - oldGeneratedFile, C:\Users\nicks\STM32CubeIDE\workspace_1.19.0\AFR\AFR\CM4\MXTmpFiles\bsp_inc.tmp_save
2025-08-04 14:31:32,333 [INFO] CodeEngine:289 - Generated code: C:\Users\nicks\STM32CubeIDE\workspace_1.19.0\AFR\AFR\CM4\MXTmpFiles\bsp_inc.tmp
2025-08-04 14:31:32,355 [INFO] CodeEngine:265 - oldGeneratedFile, C:\Users\nicks\STM32CubeIDE\workspace_1.19.0\AFR\AFR\CM4\Core\Src\stm32h7xx_it.c_save
2025-08-04 14:31:32,412 [INFO] CodeEngine:289 - Generated code: C:\Users\nicks\STM32CubeIDE\workspace_1.19.0\AFR\AFR\CM4\Core\Src\stm32h7xx_it.c
2025-08-04 14:31:32,418 [INFO] CodeEngine:265 - oldGeneratedFile, C:\Users\nicks\STM32CubeIDE\workspace_1.19.0\AFR\AFR\CM4\Core\Inc\stm32h7xx_it.h_save
2025-08-04 14:31:32,463 [INFO] CodeEngine:289 - Generated code: C:\Users\nicks\STM32CubeIDE\workspace_1.19.0\AFR\AFR\CM4\Core\Inc\stm32h7xx_it.h
2025-08-04 14:31:32,576 [INFO] CodeEngine:265 - oldGeneratedFile, C:\Users\nicks\STM32CubeIDE\workspace_1.19.0\AFR\AFR\CM4\Core\Src\stm32h7xx_hal_msp.c_save
2025-08-04 14:31:32,661 [INFO] CodeEngine:289 - Generated code: C:\Users\nicks\STM32CubeIDE\workspace_1.19.0\AFR\AFR\CM4\Core\Src\stm32h7xx_hal_msp.c
2025-08-04 14:31:32,666 [INFO] CodeEngine:265 - oldGeneratedFile, C:\Users\nicks\STM32CubeIDE\workspace_1.19.0\AFR\AFR\CM4\MXTmpFiles\system.tmp_save
2025-08-04 14:31:32,712 [INFO] CodeEngine:289 - Generated code: C:\Users\nicks\STM32CubeIDE\workspace_1.19.0\AFR\AFR\CM4\MXTmpFiles\system.tmp
2025-08-04 14:31:32,723 [INFO] CodeEngine:321 - oldGeneratedFile, C:\Users\nicks\STM32CubeIDE\workspace_1.19.0\AFR\AFR\CM4\Core\Inc\stm32h7xx_hal_conf.h_save
2025-08-04 14:31:32,772 [INFO] CodeEngine:345 - Generated code: C:\Users\nicks\STM32CubeIDE\workspace_1.19.0\AFR\AFR\CM4\Core\Inc\stm32h7xx_hal_conf.h
2025-08-04 14:31:32,788 [INFO] ApiDbMcu:532 - Load IP Config File for ADC1
2025-08-04 14:31:32,795 [INFO] ApiDbMcu:532 - Load IP Config File for TIM1
2025-08-04 14:31:32,803 [INFO] ApiDbMcu:532 - Load IP Config File for UART4
2025-08-04 14:31:32,812 [INFO] ApiDbMcu:532 - Load IP Config File for UART5
2025-08-04 14:31:32,815 [WARN] IPConfigManager:3811 - IP not found : NVIC
2025-08-04 14:31:32,815 [WARN] IPConfigManager:3811 - IP not found : TIM
2025-08-04 14:31:32,817 [WARN] CodeGenerator:4259 - IP not found : null
2025-08-04 14:31:32,817 [WARN] CodeGenerator:4259 - IP not found : null
2025-08-04 14:31:32,824 [INFO] CodeEngine:265 - oldGeneratedFile, C:\Users\nicks\STM32CubeIDE\workspace_1.19.0\AFR\AFR\CM4\Core\Inc\main.h_save
2025-08-04 14:31:32,873 [INFO] CodeEngine:289 - Generated code: C:\Users\nicks\STM32CubeIDE\workspace_1.19.0\AFR\AFR\CM4\Core\Inc\main.h
2025-08-04 14:31:32,879 [INFO] CodeEngine:265 - oldGeneratedFile, C:\Users\nicks\STM32CubeIDE\workspace_1.19.0\AFR\AFR\CM4\Core\Src\main.c_save
2025-08-04 14:31:32,981 [INFO] CodeEngine:289 - Generated code: C:\Users\nicks\STM32CubeIDE\workspace_1.19.0\AFR\AFR\CM4\Core\Src\main.c
2025-08-04 14:31:33,505 [INFO] ProjectBuilder:3606 - Time for Copy HAL[1] : 331mS.
2025-08-04 14:31:33,523 [INFO] ProjectBuilder:5216 - Project Generator version: 4.7.0-B52
2025-08-04 14:31:33,586 [INFO] ConfigFileManager:1595 - The Die is : DIE450
2025-08-04 14:31:34,298 [INFO] LogOutputStream:77 - [STDOUT_REDIRECT] 
2025-08-04 14:31:40,115 [INFO] ProjectBuilder:5496 - Time for Generating toolchain IDE Files: 6592mS.
2025-08-04 14:31:40,116 [INFO] ProjectBuilder:3463 - Time for Copy CMSIS : 0mS.
2025-08-04 14:31:40,121 [INFO] ProjectBuilder:3463 - Time for Copy CMSIS : 0mS.
2025-08-04 15:25:09,439 [ERROR] LogOutputStream:75 - [STDERR_REDIRECT] [Fatal Error] :1:1: Content is not allowed in prolog.
2025-08-04 15:25:09,440 [ERROR] LogOutputStream:75 - [STDERR_REDIRECT] 
2025-08-04 15:35:22,099 [INFO] I2cTimingTraitement:330 - 0x109090D9
2025-08-04 15:35:22,738 [ERROR] RtosPanel:558 - Can not restore the selected Tab for FREERTOS(A reason can be that the tab is no more available.)
2025-08-04 15:35:23,222 [ERROR] RtosPanel:558 - Can not restore the selected Tab for FREERTOS(A reason can be that the tab is no more available.)
2025-08-04 15:35:23,612 [ERROR] RtosPanel:558 - Can not restore the selected Tab for FREERTOS(A reason can be that the tab is no more available.)
2025-08-04 16:25:28,372 [ERROR] LogOutputStream:75 - [STDERR_REDIRECT] 
2025-08-04 22:04:55,646 [INFO] Activator:176 - 


2025-08-04 22:04:55,647 [INFO] Activator:177 - !SESSION log4j initialized
2025-08-04 22:04:59,197 [INFO] LogOutputStream:77 - [STDOUT_REDIRECT] 
2025-08-04 22:05:01,021 [INFO] ApplicationProperties:184 - Using Application install path: C:\ST\STM32CubeIDE_1.19.0\STM32CubeIDE\plugins\com.st.stm32cube.common.mx_6.15.0.202507011659
2025-08-04 22:05:01,034 [INFO] DbMcusXml:78 - Set database path to: C:\ST\STM32CubeIDE_1.19.0\STM32CubeIDE\plugins\com.st.stm32cube.common.mx_6.15.0.202507011659\\db\/mcu/
2025-08-04 22:05:01,034 [INFO] ApiDb:274 - Set plugin database path to: C:\ST\STM32CubeIDE_1.19.0\STM32CubeIDE\plugins\com.st.stm32cube.common.mx_6.15.0.202507011659\\db\/plugins/boardmanager/
2025-08-04 22:05:01,034 [WARN] ApiDb:259 - Overriding images path with different value:  => C:\ST\STM32CubeIDE_1.19.0\STM32CubeIDE\plugins\com.st.stm32cube.common.mx_6.15.0.202507011659\\db\/plugins/mcufinder/images/
2025-08-04 22:05:01,041 [INFO] ApiDb:250 - Set database path to: C:\Users\nicks\.stmcufinder\plugins\mcufinder//mcu/
2025-08-04 22:05:01,042 [INFO] DbMcusAds:125 - Set database path to: C:\Users\nicks\.stmcufinder\plugins\mcufinder//mcu/
2025-08-04 22:05:01,043 [INFO] CrossReferenceDbSqlite:203 - Set database path to: C:\Users\nicks\.stmcufinder\plugins\mcufinder//mcu/cs/
2025-08-04 22:05:01,113 [INFO] RulesReader:64 - Compatibility file has been processed (317 Rules)
2025-08-04 22:05:01,172 [INFO] DbMcusXml:78 - Set database path to: C:\ST\STM32CubeIDE_1.19.0\STM32CubeIDE\plugins\com.st.stm32cube.common.mx_6.15.0.202507011659\\db\/mcu/
2025-08-04 22:05:01,172 [INFO] ApiDb:274 - Set plugin database path to: C:\ST\STM32CubeIDE_1.19.0\STM32CubeIDE\plugins\com.st.stm32cube.common.mx_6.15.0.202507011659\\db\/plugins/boardmanager/
2025-08-04 22:05:01,172 [INFO] ApiDb:261 - Set plugin images path to: C:\ST\STM32CubeIDE_1.19.0\STM32CubeIDE\plugins\com.st.stm32cube.common.mx_6.15.0.202507011659\\db\/plugins/mcufinder/images/
2025-08-04 22:05:01,172 [WARN] DbFile:41 - Overriding database path with different value: C:\Users\nicks\.stmcufinder\plugins\mcufinder/ => C:\Users\nicks\.stmcufinder\plugins\mcufinder
2025-08-04 22:05:01,173 [INFO] ApiDb:250 - Set database path to: C:\Users\nicks\.stmcufinder\plugins\mcufinder//mcu/
2025-08-04 22:05:01,173 [WARN] DbFile:41 - Overriding database path with different value: C:\Users\nicks\.stmcufinder\plugins\mcufinder/ => C:\Users\nicks\.stmcufinder\plugins\mcufinder
2025-08-04 22:05:01,173 [INFO] DbMcusAds:125 - Set database path to: C:\Users\nicks\.stmcufinder\plugins\mcufinder//mcu/
2025-08-04 22:05:01,173 [WARN] DbFile:41 - Overriding database path with different value: C:\Users\nicks\.stmcufinder\plugins\mcufinder/ => C:\Users\nicks\.stmcufinder\plugins\mcufinder
2025-08-04 22:05:01,173 [WARN] DbFile:41 - Overriding database path with different value: C:\Users\nicks\.stmcufinder\plugins\mcufinder/ => C:\Users\nicks\.stmcufinder\plugins\mcufinder
2025-08-04 22:05:01,173 [INFO] CrossReferenceDbSqlite:203 - Set database path to: C:\Users\nicks\.stmcufinder\plugins\mcufinder//mcu/cs/
2025-08-04 22:05:01,226 [INFO] MainPanel:274 - HeapMemory: 268435456
2025-08-04 22:05:01,304 [INFO] DbMcusXml:78 - Set database path to: C:\ST\STM32CubeIDE_1.19.0\STM32CubeIDE\plugins\com.st.stm32cube.common.mx_6.15.0.202507011659\\db\/mcu/
2025-08-04 22:05:01,304 [INFO] ApiDb:274 - Set plugin database path to: C:\ST\STM32CubeIDE_1.19.0\STM32CubeIDE\plugins\com.st.stm32cube.common.mx_6.15.0.202507011659\\db\/plugins/boardmanager/
2025-08-04 22:05:01,304 [INFO] ApiDb:261 - Set plugin images path to: C:\ST\STM32CubeIDE_1.19.0\STM32CubeIDE\plugins\com.st.stm32cube.common.mx_6.15.0.202507011659\\db\/plugins/mcufinder/images/
2025-08-04 22:05:01,305 [WARN] DbFile:41 - Overriding database path with different value: C:\Users\nicks\.stmcufinder\plugins\mcufinder/ => C:\Users\nicks\.stmcufinder\plugins\mcufinder
2025-08-04 22:05:01,305 [INFO] ApiDb:250 - Set database path to: C:\Users\nicks\.stmcufinder\plugins\mcufinder//mcu/
2025-08-04 22:05:01,305 [WARN] DbFile:41 - Overriding database path with different value: C:\Users\nicks\.stmcufinder\plugins\mcufinder/ => C:\Users\nicks\.stmcufinder\plugins\mcufinder
2025-08-04 22:05:01,305 [INFO] DbMcusAds:125 - Set database path to: C:\Users\nicks\.stmcufinder\plugins\mcufinder//mcu/
2025-08-04 22:05:01,305 [WARN] DbFile:41 - Overriding database path with different value: C:\Users\nicks\.stmcufinder\plugins\mcufinder/ => C:\Users\nicks\.stmcufinder\plugins\mcufinder
2025-08-04 22:05:01,305 [WARN] DbFile:41 - Overriding database path with different value: C:\Users\nicks\.stmcufinder\plugins\mcufinder/ => C:\Users\nicks\.stmcufinder\plugins\mcufinder
2025-08-04 22:05:01,305 [INFO] CrossReferenceDbSqlite:203 - Set database path to: C:\Users\nicks\.stmcufinder\plugins\mcufinder//mcu/cs/
2025-08-04 22:05:01,317 [INFO] ApplicationProperties:184 - Using Application install path: C:\ST\STM32CubeIDE_1.19.0\STM32CubeIDE\plugins\com.st.stm32cube.common.mx_6.15.0.202507011659
2025-08-04 22:05:01,318 [INFO] PluginManage:196 - Search for loadable plugins [exclusion list=, ]
2025-08-04 22:05:01,319 [INFO] PluginManage:310 - Check plugin analytics
2025-08-04 22:05:01,438 [INFO] AnalyticsPlugin:253 - Accepted Software Licenses: 
2025-08-04 22:05:01,438 [INFO] AnalyticsPlugin:255 - Accepted CMSIS Pack Licenses: 
2025-08-04 22:05:01,438 [INFO] AnalyticsPlugin:257 - Accepted Firmware Licenses: FW.F4.1.28.0,FW.H7.1.12.0,FW.H7.1.11.0
2025-08-04 22:05:01,440 [INFO] PluginManage:359 - Loaded plugin analytics (category:tool,tabindex:-1)
2025-08-04 22:05:01,441 [INFO] PluginManage:310 - Check plugin cadmodel
2025-08-04 22:05:01,447 [INFO] CADModel:105 - Init CAD model plugin
2025-08-04 22:05:01,448 [INFO] PluginManage:359 - Loaded plugin cadmodel (category:power,tabindex:5)
2025-08-04 22:05:01,448 [INFO] PluginManage:310 - Check plugin clock
2025-08-04 22:05:01,456 [INFO] PluginManage:359 - Loaded plugin clock (category:base,tabindex:2)
2025-08-04 22:05:01,456 [INFO] PluginManage:310 - Check plugin ddr
2025-08-04 22:05:01,459 [INFO] PluginManage:359 - Loaded plugin ddr (category:tool,tabindex:6)
2025-08-04 22:05:01,459 [INFO] PluginManage:310 - Check plugin filemanager
2025-08-04 22:05:01,577 [INFO] PluginManage:359 - Loaded plugin filemanager (category:base,tabindex:10)
2025-08-04 22:05:01,577 [INFO] PluginManage:310 - Check plugin ipmanager
2025-08-04 22:05:01,581 [INFO] PluginManage:359 - Loaded plugin ipmanager (category:base,tabindex:5)
2025-08-04 22:05:01,581 [INFO] PluginManage:310 - Check plugin lpbam
2025-08-04 22:05:01,587 [INFO] PluginManage:359 - Loaded plugin lpbam (category:base,tabindex:0)
2025-08-04 22:05:01,587 [INFO] PluginManage:310 - Check plugin memorymap
2025-08-04 22:05:01,598 [INFO] PluginManage:359 - Loaded plugin memorymap (category:base,tabindex:4)
2025-08-04 22:05:01,598 [INFO] PluginManage:310 - Check plugin pinoutandconfiguration
2025-08-04 22:05:01,604 [INFO] PluginManage:359 - Loaded plugin pinoutandconfiguration (category:base,tabindex:1)
2025-08-04 22:05:01,605 [INFO] PluginManage:310 - Check plugin pinoutconfig
2025-08-04 22:05:01,661 [WARN] SupportedApi:132 - Cannot load RTOS API schema: s4s-elt-must-match.1: The content of 'definitions' must match (annotation?, (simpleType | complexType)?, (unique | key | keyref)*)). A problem was found starting at: attribute.
2025-08-04 22:05:01,746 [INFO] PluginManage:359 - Loaded plugin pinoutconfig (category:base,tabindex:0)
2025-08-04 22:05:01,747 [INFO] PluginManage:310 - Check plugin power
2025-08-04 22:05:01,754 [INFO] PluginManage:359 - Loaded plugin power (category:power,tabindex:4)
2025-08-04 22:05:01,754 [INFO] PluginManage:310 - Check plugin projectmanager
2025-08-04 22:05:01,765 [INFO] PluginManage:359 - Loaded plugin projectmanager (category:projectmanager,tabindex:4)
2025-08-04 22:05:01,765 [INFO] PluginManage:310 - Check plugin rif
2025-08-04 22:05:01,773 [INFO] PluginManage:359 - Loaded plugin rif (category:base,tabindex:3)
2025-08-04 22:05:01,773 [INFO] PluginManage:310 - Check plugin thirdparty
2025-08-04 22:05:01,865 [INFO] PluginManage:359 - Loaded plugin thirdparty (category:base,tabindex:-1)
2025-08-04 22:05:01,865 [INFO] PluginManage:310 - Check plugin tools
2025-08-04 22:05:01,865 [WARN] IntegrityCheckThread:84 - waiting for thirdparty lock release [integrity check]
2025-08-04 22:05:01,865 [INFO] IntegrityCheckThread:86 - entering critical section [integrity check]
2025-08-04 22:05:01,866 [INFO] ThirdPartyUpdaterWithRetryManager:70 - Updater plugin not ready yet. [1/15]
2025-08-04 22:05:01,867 [INFO] PluginManage:359 - Loaded plugin tools (category:base,tabindex:7)
2025-08-04 22:05:01,867 [INFO] PluginManage:310 - Check plugin tutovideos
2025-08-04 22:05:02,006 [INFO] PluginManage:359 - Loaded plugin tutovideos (category:base,tabindex:-1)
2025-08-04 22:05:02,006 [INFO] PluginManage:310 - Check plugin updater
2025-08-04 22:05:02,021 [INFO] PluginManage:359 - Loaded plugin updater (category:base,tabindex:12)
2025-08-04 22:05:02,021 [INFO] PluginManage:310 - Check plugin userauth
2025-08-04 22:05:02,024 [INFO] UserAuth:118 - Init User Auth plugin
2025-08-04 22:05:02,024 [INFO] PluginManage:359 - Loaded plugin userauth (category:base,tabindex:14)
2025-08-04 22:05:02,024 [INFO] PluginManage:283 - PluginManage : Loaded plugins [18]
2025-08-04 22:05:02,169 [INFO] PinOutPanel:1589 - setPackage(No Configuration,No Configuration)
2025-08-04 22:05:02,228 [INFO] CADModel:165 - CPN selected for project level
2025-08-04 22:05:02,228 [INFO] CADModel:114 - Register for checkConnection events
2025-08-04 22:05:02,241 [INFO] IPUIPlugin:80 - create IPUIPlugin
2025-08-04 22:05:02,241 [INFO] PluginManager:220 - loadIPPluginJar : add adc
2025-08-04 22:05:02,243 [INFO] IPUIPlugin:80 - create IPUIPlugin
2025-08-04 22:05:02,243 [INFO] PluginManager:220 - loadIPPluginJar : add aes
2025-08-04 22:05:02,245 [INFO] IPUIPlugin:80 - create IPUIPlugin
2025-08-04 22:05:02,245 [INFO] PluginManager:220 - loadIPPluginJar : add can
2025-08-04 22:05:02,246 [INFO] IPUIPlugin:80 - create IPUIPlugin
2025-08-04 22:05:02,246 [INFO] PluginManager:220 - loadIPPluginJar : add comp
2025-08-04 22:05:02,248 [INFO] IPUIPlugin:80 - create IPUIPlugin
2025-08-04 22:05:02,248 [INFO] PluginManager:220 - loadIPPluginJar : add cryp
2025-08-04 22:05:02,250 [INFO] IPUIPlugin:80 - create IPUIPlugin
2025-08-04 22:05:02,250 [INFO] PluginManager:220 - loadIPPluginJar : add ddr_ctrl_phy
2025-08-04 22:05:02,252 [INFO] IPUIPlugin:80 - create IPUIPlugin
2025-08-04 22:05:02,252 [INFO] PluginManager:220 - loadIPPluginJar : add dfsdm
2025-08-04 22:05:02,255 [INFO] IPUIPlugin:80 - create IPUIPlugin
2025-08-04 22:05:02,256 [INFO] PluginManager:220 - loadIPPluginJar : add dma
2025-08-04 22:05:02,258 [INFO] IPUIPlugin:80 - create IPUIPlugin
2025-08-04 22:05:02,258 [INFO] PluginManager:220 - loadIPPluginJar : add dma3
2025-08-04 22:05:02,260 [INFO] IPUIPlugin:80 - create IPUIPlugin
2025-08-04 22:05:02,260 [INFO] PluginManager:220 - loadIPPluginJar : add extmemmanager
2025-08-04 22:05:02,261 [INFO] IPUIPlugin:80 - create IPUIPlugin
2025-08-04 22:05:02,261 [INFO] PluginManager:220 - loadIPPluginJar : add fatfs
2025-08-04 22:05:02,264 [INFO] IPUIPlugin:80 - create IPUIPlugin
2025-08-04 22:05:02,264 [INFO] PluginManager:220 - loadIPPluginJar : add fmc
2025-08-04 22:05:02,268 [INFO] IPUIPlugin:80 - create IPUIPlugin
2025-08-04 22:05:02,269 [INFO] PluginManager:220 - loadIPPluginJar : add freertos
2025-08-04 22:05:02,270 [INFO] IPUIPlugin:80 - create IPUIPlugin
2025-08-04 22:05:02,270 [INFO] PluginManager:220 - loadIPPluginJar : add genericplugin
2025-08-04 22:05:02,272 [INFO] IPUIPlugin:80 - create IPUIPlugin
2025-08-04 22:05:02,272 [INFO] PluginManager:220 - loadIPPluginJar : add gfxmmu
2025-08-04 22:05:02,275 [INFO] IPUIPlugin:80 - create IPUIPlugin
2025-08-04 22:05:02,275 [INFO] PluginManager:220 - loadIPPluginJar : add gic
2025-08-04 22:05:02,278 [INFO] IPUIPlugin:80 - create IPUIPlugin
2025-08-04 22:05:02,278 [INFO] PluginManager:220 - loadIPPluginJar : add gpio
2025-08-04 22:05:02,279 [INFO] IPUIPlugin:80 - create IPUIPlugin
2025-08-04 22:05:02,280 [INFO] PluginManager:220 - loadIPPluginJar : add gtzc
2025-08-04 22:05:02,281 [INFO] IPUIPlugin:80 - create IPUIPlugin
2025-08-04 22:05:02,281 [INFO] PluginManager:220 - loadIPPluginJar : add hash
2025-08-04 22:05:02,283 [INFO] IPUIPlugin:80 - create IPUIPlugin
2025-08-04 22:05:02,283 [INFO] PluginManager:220 - loadIPPluginJar : add i2c
2025-08-04 22:05:02,284 [INFO] IPUIPlugin:80 - create IPUIPlugin
2025-08-04 22:05:02,284 [INFO] PluginManager:220 - loadIPPluginJar : add i2s
2025-08-04 22:05:02,286 [INFO] IPUIPlugin:80 - create IPUIPlugin
2025-08-04 22:05:02,286 [INFO] PluginManager:220 - loadIPPluginJar : add i3c
2025-08-04 22:05:02,288 [INFO] IPUIPlugin:80 - create IPUIPlugin
2025-08-04 22:05:02,288 [INFO] PluginManager:220 - loadIPPluginJar : add ipddr
2025-08-04 22:05:02,293 [INFO] IPUIPlugin:80 - create IPUIPlugin
2025-08-04 22:05:02,293 [INFO] PluginManager:220 - loadIPPluginJar : add linkedlist
2025-08-04 22:05:02,295 [INFO] IPUIPlugin:80 - create IPUIPlugin
2025-08-04 22:05:02,295 [INFO] PluginManager:220 - loadIPPluginJar : add lorawan
2025-08-04 22:05:02,296 [INFO] IPUIPlugin:80 - create IPUIPlugin
2025-08-04 22:05:02,296 [INFO] PluginManager:220 - loadIPPluginJar : add ltdc
2025-08-04 22:05:02,299 [INFO] IPUIPlugin:80 - create IPUIPlugin
2025-08-04 22:05:02,300 [INFO] PluginManager:220 - loadIPPluginJar : add mdma
2025-08-04 22:05:02,302 [INFO] IPUIPlugin:80 - create IPUIPlugin
2025-08-04 22:05:02,302 [INFO] PluginManager:220 - loadIPPluginJar : add nvic
2025-08-04 22:05:02,303 [INFO] IPUIPlugin:80 - create IPUIPlugin
2025-08-04 22:05:02,303 [INFO] PluginManager:220 - loadIPPluginJar : add opamp
2025-08-04 22:05:02,306 [INFO] IPUIPlugin:80 - create IPUIPlugin
2025-08-04 22:05:02,306 [INFO] PluginManager:220 - loadIPPluginJar : add openamp
2025-08-04 22:05:02,308 [INFO] IPUIPlugin:80 - create IPUIPlugin
2025-08-04 22:05:02,308 [INFO] PluginManager:220 - loadIPPluginJar : add pdm2pcm
2025-08-04 22:05:02,312 [INFO] IPUIPlugin:80 - create IPUIPlugin
2025-08-04 22:05:02,313 [INFO] PluginManager:220 - loadIPPluginJar : add plateformsettings
2025-08-04 22:05:02,314 [INFO] IPUIPlugin:80 - create IPUIPlugin
2025-08-04 22:05:02,315 [INFO] PluginManager:220 - loadIPPluginJar : add quadspi
2025-08-04 22:05:02,316 [INFO] IPUIPlugin:80 - create IPUIPlugin
2025-08-04 22:05:02,316 [INFO] PluginManager:220 - loadIPPluginJar : add radio
2025-08-04 22:05:02,319 [INFO] IPUIPlugin:80 - create IPUIPlugin
2025-08-04 22:05:02,319 [INFO] PluginManager:220 - loadIPPluginJar : add resmgrutility
2025-08-04 22:05:02,321 [INFO] IPUIPlugin:80 - create IPUIPlugin
2025-08-04 22:05:02,321 [INFO] PluginManager:220 - loadIPPluginJar : add sai
2025-08-04 22:05:02,323 [INFO] IPUIPlugin:80 - create IPUIPlugin
2025-08-04 22:05:02,323 [INFO] PluginManager:220 - loadIPPluginJar : add spi
2025-08-04 22:05:02,326 [INFO] IPUIPlugin:80 - create IPUIPlugin
2025-08-04 22:05:02,327 [INFO] PluginManager:220 - loadIPPluginJar : add stm32_wpan
2025-08-04 22:05:02,328 [INFO] IPUIPlugin:80 - create IPUIPlugin
2025-08-04 22:05:02,328 [INFO] PluginManager:220 - loadIPPluginJar : add tim
2025-08-04 22:05:02,330 [INFO] IPUIPlugin:80 - create IPUIPlugin
2025-08-04 22:05:02,330 [INFO] PluginManager:220 - loadIPPluginJar : add touchsensing
2025-08-04 22:05:02,331 [INFO] IPUIPlugin:80 - create IPUIPlugin
2025-08-04 22:05:02,331 [INFO] PluginManager:220 - loadIPPluginJar : add tracer_emb
2025-08-04 22:05:02,332 [INFO] IPUIPlugin:80 - create IPUIPlugin
2025-08-04 22:05:02,332 [INFO] PluginManager:220 - loadIPPluginJar : add ts
2025-08-04 22:05:02,334 [INFO] IPUIPlugin:80 - create IPUIPlugin
2025-08-04 22:05:02,334 [INFO] PluginManager:220 - loadIPPluginJar : add tsc
2025-08-04 22:05:02,335 [INFO] IPUIPlugin:80 - create IPUIPlugin
2025-08-04 22:05:02,335 [INFO] PluginManager:220 - loadIPPluginJar : add ucpd
2025-08-04 22:05:02,337 [INFO] IPUIPlugin:80 - create IPUIPlugin
2025-08-04 22:05:02,337 [INFO] PluginManager:220 - loadIPPluginJar : add usart
2025-08-04 22:05:02,339 [INFO] IPUIPlugin:80 - create IPUIPlugin
2025-08-04 22:05:02,339 [INFO] PluginManager:220 - loadIPPluginJar : add usbx
2025-08-04 22:05:02,452 [FATAL] Updater:351 - Updater called before beeing initialized
2025-08-04 22:05:02,472 [INFO] RulesReader:64 - Compatibility file has been processed (317 Rules)
2025-08-04 22:05:02,482 [INFO] RulesReader:64 - Compatibility file has been processed (317 Rules)
2025-08-04 22:05:02,488 [INFO] CADModel:165 - CPN selected for project level
2025-08-04 22:05:02,488 [INFO] CADModel:114 - Register for checkConnection events
2025-08-04 22:05:02,488 [FATAL] Updater:351 - Updater called before beeing initialized
2025-08-04 22:05:02,488 [ERROR] CADModel:125 - Updater not yet initialized, retry later 
2025-08-04 22:05:02,594 [FATAL] Updater:351 - Updater called before beeing initialized
2025-08-04 22:05:02,596 [INFO] CADModel:165 - CPN selected for project level
2025-08-04 22:05:02,596 [INFO] CADModel:114 - Register for checkConnection events
2025-08-04 22:05:02,596 [FATAL] Updater:351 - Updater called before beeing initialized
2025-08-04 22:05:02,596 [ERROR] CADModel:125 - Updater not yet initialized, retry later 
2025-08-04 22:05:02,598 [FATAL] Updater:351 - Updater called before beeing initialized
2025-08-04 22:05:02,688 [FATAL] Updater:351 - Updater called before beeing initialized
2025-08-04 22:05:02,690 [INFO] DbMcusAds:53 - JSON generation date=Tue Jul 08 18:14:23 AEST 2025 (1751962463562)
2025-08-04 22:05:02,690 [FATAL] Updater:351 - Updater called before beeing initialized
2025-08-04 22:05:02,718 [WARN] DetailPanel:346 - Failed to get advertising image, set to default
2025-08-04 22:05:02,780 [FATAL] Updater:351 - Updater called before beeing initialized
2025-08-04 22:05:02,781 [FATAL] Updater:351 - Updater called before beeing initialized
2025-08-04 22:05:02,781 [FATAL] Updater:351 - Updater called before beeing initialized
2025-08-04 22:05:02,781 [WARN] DetailPanel:346 - Failed to get advertising image, set to default
2025-08-04 22:05:02,782 [FATAL] Updater:351 - Updater called before beeing initialized
2025-08-04 22:05:02,815 [ERROR] Updater:1198 - MainUpdater not yet initialized. External WinMGr cannot be set.
2025-08-04 22:05:02,816 [INFO] Updater:1134 - Updater Version found : 6.15.0
2025-08-04 22:05:02,827 [INFO] ApplicationProperties:184 - Using Application install path: C:\ST\STM32CubeIDE_1.19.0\STM32CubeIDE\plugins\com.st.stm32cube.common.mx_6.15.0.202507011659
2025-08-04 22:05:03,103 [INFO] MainUpdater:2872 - connection check result : 10
2025-08-04 22:05:03,103 [INFO] MainUpdater:289 - Updater Check For Update Now.
2025-08-04 22:05:03,103 [INFO] MicroXplorer:498 - Change Database Version : DB.6.0.150
2025-08-04 22:05:03,107 [INFO] McuFinderGlobals:63 - Set McuFinder mode to 2 (CubeIDE integrated)
2025-08-04 22:05:03,108 [INFO] UserAuth:487 - Internet connection configuration mode: 1
2025-08-04 22:05:03,124 [INFO] JxBrowserEngine:152 - Initiate JxBrowser Engine with user profile folder
2025-08-04 22:05:03,254 [INFO] CheckServerUpdateThread:120 - End of CheckServer Thread
2025-08-04 22:05:04,032 [INFO] WebApp:169 - Instantiating new browser for Auth
2025-08-04 22:05:04,473 [INFO] WebApp:463 - Apply proxy settings
2025-08-04 22:05:04,473 [INFO] WebApp:548 - Chromium requires no authentication
2025-08-04 22:05:04,480 [INFO] WebApp:491 - Direct internet connection detected
2025-08-04 22:05:04,499 [INFO] WebApp:900 - Register for checkConnection events
2025-08-04 22:05:04,499 [INFO] WebApp:463 - Apply proxy settings
2025-08-04 22:05:04,499 [INFO] WebApp:548 - Chromium requires no authentication
2025-08-04 22:05:04,500 [INFO] WebApp:491 - Direct internet connection detected
2025-08-04 22:05:04,618 [INFO] WebApp:225 - Starting web application
2025-08-04 22:05:04,618 [INFO] WebApp:593 - Web application path used C:\ST\STM32CubeIDE_1.19.0\STM32CubeIDE\plugins\com.st.stm32cube.common.mx_6.15.0.202507011659\db\plugins\mcufinder\reactClient1\index.html
2025-08-04 22:05:04,713 [INFO] UserAuth:487 - Internet connection configuration mode: 1
2025-08-04 22:05:04,909 [INFO] WebApp:191 - Connection restablished
2025-08-04 22:05:05,050 [WARN] PackLoader:240 - Cannot read IP mode file for STMicroelectronics.FP-SNS-MOTENVWB1.1.4.0
2025-08-04 22:05:05,055 [WARN] PackLoader:240 - Cannot read IP mode file for STMicroelectronics.FP-ATR-ASTRA1.2.0.2
2025-08-04 22:05:05,058 [WARN] PackLoader:240 - Cannot read IP mode file for STMicroelectronics.FP-ATR-ASTRA1.2.0.1
2025-08-04 22:05:05,063 [WARN] PackLoader:240 - Cannot read IP mode file for STMicroelectronics.X-CUBE-SMBUS.2.1.0
2025-08-04 22:05:05,068 [WARN] PackLoader:240 - Cannot read IP mode file for STMicroelectronics.X-CUBE-WB05N.1.1.0
2025-08-04 22:05:05,072 [WARN] PackLoader:240 - Cannot read IP mode file for STMicroelectronics.X-CUBE-ST60.1.0.0
2025-08-04 22:05:05,090 [WARN] PackLoader:240 - Cannot read IP mode file for STMicroelectronics.X-CUBE-AZRTOS-F7.1.1.0
2025-08-04 22:05:05,095 [WARN] PackLoader:240 - Cannot read IP mode file for STMicroelectronics.FP-SNS-FLIGHT1.5.0.2
2025-08-04 22:05:05,110 [WARN] PackLoader:240 - Cannot read IP mode file for Infineon.AIROC-Wi-Fi-Bluetooth-STM32.1.7.0
2025-08-04 22:05:05,127 [WARN] PackLoader:240 - Cannot read IP mode file for STMicroelectronics.X-CUBE-AZRTOS-H7.3.4.0
2025-08-04 22:05:05,135 [WARN] PackLoader:240 - Cannot read IP mode file for STMicroelectronics.X-CUBE-DISPLAY.3.0.0
2025-08-04 22:05:05,142 [WARN] PackLoader:240 - Cannot read IP mode file for STMicroelectronics.X-CUBE-NFC10.1.0.0
2025-08-04 22:05:05,154 [WARN] PackLoader:240 - Cannot read IP mode file for STMicroelectronics.X-CUBE-BLEMGR.4.0.0
2025-08-04 22:05:05,162 [WARN] PackLoader:240 - Cannot read IP mode file for emotas.I-CUBE-CANOPEN.1.3.0
2025-08-04 22:05:05,166 [WARN] ConditionMgr:438 - getConditionDescription Invalid condition id : Cortex-A Device cause : null
2025-08-04 22:05:05,173 [WARN] ConditionMgr:1044 - genDependencies : Invalid condition id : Cortex-A Device cause : null
2025-08-04 22:05:05,173 [WARN] ConditionMgr:1044 - genDependencies : Invalid condition id : Cortex-A Device cause : null
2025-08-04 22:05:05,173 [WARN] ConditionMgr:1044 - genDependencies : Invalid condition id : Cortex-A Device cause : null
2025-08-04 22:05:05,176 [WARN] PackLoader:240 - Cannot read IP mode file for STMicroelectronics.X-CUBE-AI.10.0.0
2025-08-04 22:05:05,180 [WARN] PackLoader:240 - Cannot read IP mode file for STMicroelectronics.FP-SNS-STBOX1.2.1.0
2025-08-04 22:05:05,183 [WARN] PackLoader:240 - Cannot read IP mode file for STMicroelectronics.FP-SNS-SMARTAG2.1.2.0
2025-08-04 22:05:05,185 [WARN] PackLoader:240 - Cannot read IP mode file for STMicroelectronics.FP-SNS-FLIGHT1.5.1.0
2025-08-04 22:05:05,190 [INFO] LogOutputStream:77 - [STDOUT_REDIRECT] 1 : Invalid condition id : UX_CORESTACK_Condition cause : null
2025-08-04 22:05:05,191 [INFO] LogOutputStream:77 - [STDOUT_REDIRECT] 1 : Invalid condition id : UX_CORESTACK_Condition cause : null
2025-08-04 22:05:05,191 [INFO] LogOutputStream:77 - [STDOUT_REDIRECT] 1 : Invalid condition id : UX_CORESTACK_Condition cause : null
2025-08-04 22:05:05,192 [INFO] LogOutputStream:77 - [STDOUT_REDIRECT] 1 : Invalid condition id : UX_CORESTACK_Condition cause : null
2025-08-04 22:05:05,192 [INFO] LogOutputStream:77 - [STDOUT_REDIRECT] 1 : Invalid condition id : UX_CORESTACK_Condition cause : null
2025-08-04 22:05:05,194 [WARN] PackLoader:240 - Cannot read IP mode file for STMicroelectronics.X-CUBE-AZRTOS-WL.2.0.0
2025-08-04 22:05:05,197 [WARN] PackLoader:240 - Cannot read IP mode file for STMicroelectronics.FP-SNS-MOTENV1.5.0.0
2025-08-04 22:05:05,202 [WARN] PackLoader:240 - Cannot read IP mode file for WES.I-CUBE-Cesium.1.3.0
2025-08-04 22:05:05,206 [WARN] PackLoader:240 - Cannot read IP mode file for STMicroelectronics.X-CUBE-BLE2.3.3.0
2025-08-04 22:05:05,211 [WARN] PackLoader:240 - Cannot read IP mode file for STMicroelectronics.X-CUBE-NFC9.1.0.0
2025-08-04 22:05:05,215 [WARN] PackLoader:240 - Cannot read IP mode file for STMicroelectronics.X-CUBE-BLE1.7.1.0
2025-08-04 22:05:05,220 [WARN] PackLoader:240 - Cannot read IP mode file for wolfSSL.I-CUBE-wolfMQTT.1.19.2
2025-08-04 22:05:05,224 [WARN] PackLoader:240 - Cannot read IP mode file for STMicroelectronics.X-CUBE-EEPRMA1.5.2.0
2025-08-04 22:05:05,227 [WARN] PackLoader:240 - Cannot read IP mode file for STMicroelectronics.X-CUBE-AI.10.1.0
2025-08-04 22:05:05,254 [WARN] PackLoader:240 - Cannot read IP mode file for STMicroelectronics.X-CUBE-MEMS1.11.2.0
2025-08-04 22:05:05,344 [WARN] PackLoader:240 - Cannot read IP mode file for STMicroelectronics.X-CUBE-AZRTOS-G0.1.1.0
2025-08-04 22:05:05,350 [WARN] PackLoader:240 - Cannot read IP mode file for STMicroelectronics.X-CUBE-SAFEA1.1.2.2
2025-08-04 22:05:05,353 [WARN] PackLoader:240 - Cannot read IP mode file for STMicroelectronics.X-CUBE-NFC4.3.0.0
2025-08-04 22:05:05,371 [WARN] PackLoader:240 - Cannot read IP mode file for EmbeddedOffice.I-CUBE-FS-RTOS.1.0.1
2025-08-04 22:05:05,377 [WARN] PackLoader:240 - Cannot read IP mode file for STMicroelectronics.X-CUBE-WB05N.2.0.0
2025-08-04 22:05:05,381 [WARN] PackLoader:240 - Cannot read IP mode file for wolfSSL.I-CUBE-wolfTPM.3.8.0
2025-08-04 22:05:05,385 [WARN] PackLoader:240 - Cannot read IP mode file for STMicroelectronics.X-CUBE-TCPP.4.2.0
2025-08-04 22:05:05,391 [WARN] PackLoader:240 - Cannot read IP mode file for RealThread.X-CUBE-RT-Thread_Nano.4.1.1
2025-08-04 22:05:05,398 [WARN] PackLoader:240 - Cannot read IP mode file for STMicroelectronics.FP-ATR-SIGFOX1.3.2.0
2025-08-04 22:05:05,403 [WARN] PackLoader:240 - Cannot read IP mode file for STMicroelectronics.X-CUBE-EEPRMA1.5.1.0
2025-08-04 22:05:05,407 [WARN] PackLoader:240 - Cannot read IP mode file for wolfSSL.I-CUBE-wolfSSL.5.7.6
2025-08-04 22:05:05,412 [WARN] PackLoader:240 - Cannot read IP mode file for ITTIA_DB.I-CUBE-ITTIADB.8.9.0
2025-08-04 22:05:05,417 [WARN] PackLoader:240 - Cannot read IP mode file for STMicroelectronics.X-CUBE-ST67W61.1.0.0
2025-08-04 22:05:05,420 [WARN] PackLoader:240 - Cannot read IP mode file for STMicroelectronics.X-CUBE-AI.10.2.0
2025-08-04 22:05:05,443 [WARN] PackLoader:240 - Cannot read IP mode file for SEGGER.I-CUBE-embOS.1.3.1
2025-08-04 22:05:05,470 [WARN] PackLoader:240 - Cannot read IP mode file for STMicroelectronics.X-CUBE-ALGOBUILD.1.4.0
2025-08-04 22:05:05,497 [WARN] PackLoader:240 - Cannot read IP mode file for STMicroelectronics.X-CUBE-MEMS1.11.3.0
2025-08-04 22:05:05,564 [WARN] PackLoader:240 - Cannot read IP mode file for STMicroelectronics.X-CUBE-PM33A1.1.0.0
2025-08-04 22:05:05,572 [WARN] PackLoader:240 - Cannot read IP mode file for STMicroelectronics.X-CUBE-AZRTOS-F4.1.1.0
2025-08-04 22:05:05,576 [WARN] PackLoader:240 - Cannot read IP mode file for Avnet-IotConnect.X-CUBE-IoTC-DA16k-PMOD.1.0.0
2025-08-04 22:05:05,579 [WARN] PackLoader:240 - Cannot read IP mode file for STMicroelectronics.X-CUBE-ISPU.2.1.0
2025-08-04 22:05:05,584 [WARN] PackLoader:240 - Cannot read IP mode file for STMicroelectronics.X-CUBE-NFC12.1.0.0
2025-08-04 22:05:05,596 [WARN] PackLoader:240 - Cannot read IP mode file for STMicroelectronics.X-CUBE-AZRTOS-L5.2.0.0
2025-08-04 22:05:05,603 [WARN] PackLoader:240 - Cannot read IP mode file for STMicroelectronics.X-CUBE-NFC6.3.1.0
2025-08-04 22:05:05,608 [WARN] PackLoader:240 - Cannot read IP mode file for STMicroelectronics.X-CUBE-FREERTOS.1.3.1
2025-08-04 22:05:05,611 [WARN] PackLoader:240 - Cannot read IP mode file for STMicroelectronics.X-CUBE-FREERTOS.1.3.0
2025-08-04 22:05:05,614 [WARN] PackLoader:240 - Cannot read IP mode file for STMicroelectronics.X-CUBE-NFC7.1.0.1
2025-08-04 22:05:05,616 [WARN] PackLoader:240 - Cannot read IP mode file for STMicroelectronics.FP-SNS-STAIOTCFT.1.0.0
2025-08-04 22:05:05,620 [WARN] PackLoader:240 - Cannot read IP mode file for STMicroelectronics.X-CUBE-DPower.1.3.0
2025-08-04 22:05:05,628 [WARN] ConditionMgr:438 - getConditionDescription Invalid condition id : LAN8742 Phy interface Condition cause : null
2025-08-04 22:05:05,628 [WARN] PackLoader:240 - Cannot read IP mode file for STMicroelectronics.X-CUBE-AZRTOS-L4.2.0.0
2025-08-04 22:05:05,629 [WARN] ConditionMgr:1044 - genDependencies : Invalid condition id : LAN8742 Phy interface Condition cause : null
2025-08-04 22:05:05,629 [WARN] ConditionMgr:1044 - genDependencies : Invalid condition id : LAN8742 Phy interface Condition cause : null
2025-08-04 22:05:05,629 [WARN] ConditionMgr:1044 - genDependencies : Invalid condition id : LAN8742 Phy interface Condition cause : null
2025-08-04 22:05:05,633 [WARN] PackLoader:240 - Cannot read IP mode file for STMicroelectronics.X-CUBE-SFXS2LP1.4.0.0
2025-08-04 22:05:05,641 [WARN] PackLoader:240 - Cannot read IP mode file for STMicroelectronics.X-CUBE-AZRTOS-H7.3.3.0
2025-08-04 22:05:05,647 [WARN] PackLoader:240 - Cannot read IP mode file for STMicroelectronics.X-CUBE-BLEMGR.4.1.0
2025-08-04 22:05:05,653 [WARN] ConditionMgr:438 - getConditionDescription Invalid condition id : UX DEVICE CLASS RTOS Condition cause : null
2025-08-04 22:05:05,653 [WARN] ConditionMgr:438 - getConditionDescription Invalid condition id : UX DEVICE CLASS RTOS Condition cause : null
2025-08-04 22:05:05,654 [WARN] PackLoader:240 - Cannot read IP mode file for STMicroelectronics.X-CUBE-AZRTOS-WB.2.0.0
2025-08-04 22:05:05,654 [WARN] ConditionMgr:1044 - genDependencies : Invalid condition id : UX DEVICE CLASS RTOS Condition cause : null
2025-08-04 22:05:05,654 [WARN] ConditionMgr:1044 - genDependencies : Invalid condition id : UX DEVICE CLASS RTOS Condition cause : null
2025-08-04 22:05:05,655 [WARN] ConditionMgr:1044 - genDependencies : Invalid condition id : UX DEVICE CLASS RTOS Condition cause : null
2025-08-04 22:05:05,655 [WARN] ConditionMgr:1044 - genDependencies : Invalid condition id : UX DEVICE CLASS RTOS Condition cause : null
2025-08-04 22:05:05,655 [WARN] ConditionMgr:1044 - genDependencies : Invalid condition id : UX DEVICE CLASS RTOS Condition cause : null
2025-08-04 22:05:05,658 [WARN] PackLoader:240 - Cannot read IP mode file for STMicroelectronics.X-CUBE-GNSS1.7.0.1
2025-08-04 22:05:05,661 [WARN] PackLoader:240 - Cannot read IP mode file for STMicroelectronics.X-CUBE-TOUCHGFX.4.25.0
2025-08-04 22:05:05,663 [WARN] PackLoader:240 - Cannot read IP mode file for STMicroelectronics.FP-SNS-STBOX1.2.0.0
2025-08-04 22:05:05,668 [WARN] PackLoader:240 - Cannot read IP mode file for STMicroelectronics.X-CUBE-SUBG2.5.0.0
2025-08-04 22:05:05,678 [WARN] PackLoader:240 - Cannot read IP mode file for STMicroelectronics.X-CUBE-AZRTOS-H7RS.1.1.0
2025-08-04 22:05:05,682 [WARN] PackLoader:240 - Cannot read IP mode file for Cesanta.I-CUBE-Mongoose.7.13.0
2025-08-04 22:05:05,688 [WARN] PackLoader:240 - Cannot read IP mode file for STMicroelectronics.X-CUBE-AZRTOS-G4.2.0.0
2025-08-04 22:05:05,691 [WARN] PackLoader:240 - Cannot read IP mode file for wolfSSL.I-CUBE-wolfSSH.1.4.20
2025-08-04 22:05:05,693 [WARN] PackLoader:240 - Cannot read IP mode file for STMicroelectronics.X-CUBE-NFC7.2.0.0
2025-08-04 22:05:05,698 [WARN] PackLoader:240 - Cannot read IP mode file for STMicroelectronics.X-CUBE-IPS.3.1.0
2025-08-04 22:05:05,702 [WARN] PackLoader:240 - Cannot read IP mode file for STMicroelectronics.X-CUBE-ALS.1.0.2
2025-08-04 22:05:05,705 [WARN] PackLoader:240 - Cannot read IP mode file for portGmbH.I-Cube-SoM-uGOAL.1.1.0
2025-08-04 22:05:05,711 [WARN] PackLoader:240 - Cannot read IP mode file for STMicroelectronics.X-CUBE-TOF1.3.4.3
2025-08-04 22:05:05,715 [INFO] ThirdParty:978 - Integrity check success = true
2025-08-04 22:05:05,715 [INFO] IntegrityCheckThread:100 - exiting critical section [integrity check]
2025-08-04 22:05:05,715 [INFO] IntegrityCheckThread:103 - End integrity checks thread
2025-08-04 22:12:02,431 [INFO] Activator:176 - 


2025-08-04 22:12:02,432 [INFO] Activator:177 - !SESSION log4j initialized
2025-08-04 22:12:05,387 [INFO] LogOutputStream:77 - [STDOUT_REDIRECT] 
2025-08-04 22:12:07,165 [INFO] ApplicationProperties:184 - Using Application install path: C:\ST\STM32CubeIDE_1.19.0\STM32CubeIDE\plugins\com.st.stm32cube.common.mx_6.15.0.202507011659
2025-08-04 22:12:07,178 [INFO] DbMcusXml:78 - Set database path to: C:\ST\STM32CubeIDE_1.19.0\STM32CubeIDE\plugins\com.st.stm32cube.common.mx_6.15.0.202507011659\\db\/mcu/
2025-08-04 22:12:07,178 [INFO] ApiDb:274 - Set plugin database path to: C:\ST\STM32CubeIDE_1.19.0\STM32CubeIDE\plugins\com.st.stm32cube.common.mx_6.15.0.202507011659\\db\/plugins/boardmanager/
2025-08-04 22:12:07,178 [WARN] ApiDb:259 - Overriding images path with different value:  => C:\ST\STM32CubeIDE_1.19.0\STM32CubeIDE\plugins\com.st.stm32cube.common.mx_6.15.0.202507011659\\db\/plugins/mcufinder/images/
2025-08-04 22:12:07,184 [INFO] ApiDb:250 - Set database path to: C:\Users\nicks\.stmcufinder\plugins\mcufinder//mcu/
2025-08-04 22:12:07,184 [INFO] DbMcusAds:125 - Set database path to: C:\Users\nicks\.stmcufinder\plugins\mcufinder//mcu/
2025-08-04 22:12:07,185 [INFO] CrossReferenceDbSqlite:203 - Set database path to: C:\Users\nicks\.stmcufinder\plugins\mcufinder//mcu/cs/
2025-08-04 22:12:07,250 [INFO] RulesReader:64 - Compatibility file has been processed (317 Rules)
2025-08-04 22:12:07,308 [INFO] DbMcusXml:78 - Set database path to: C:\ST\STM32CubeIDE_1.19.0\STM32CubeIDE\plugins\com.st.stm32cube.common.mx_6.15.0.202507011659\\db\/mcu/
2025-08-04 22:12:07,308 [INFO] ApiDb:274 - Set plugin database path to: C:\ST\STM32CubeIDE_1.19.0\STM32CubeIDE\plugins\com.st.stm32cube.common.mx_6.15.0.202507011659\\db\/plugins/boardmanager/
2025-08-04 22:12:07,308 [INFO] ApiDb:261 - Set plugin images path to: C:\ST\STM32CubeIDE_1.19.0\STM32CubeIDE\plugins\com.st.stm32cube.common.mx_6.15.0.202507011659\\db\/plugins/mcufinder/images/
2025-08-04 22:12:07,308 [WARN] DbFile:41 - Overriding database path with different value: C:\Users\nicks\.stmcufinder\plugins\mcufinder/ => C:\Users\nicks\.stmcufinder\plugins\mcufinder
2025-08-04 22:12:07,308 [INFO] ApiDb:250 - Set database path to: C:\Users\nicks\.stmcufinder\plugins\mcufinder//mcu/
2025-08-04 22:12:07,308 [WARN] DbFile:41 - Overriding database path with different value: C:\Users\nicks\.stmcufinder\plugins\mcufinder/ => C:\Users\nicks\.stmcufinder\plugins\mcufinder
2025-08-04 22:12:07,308 [INFO] DbMcusAds:125 - Set database path to: C:\Users\nicks\.stmcufinder\plugins\mcufinder//mcu/
2025-08-04 22:12:07,308 [WARN] DbFile:41 - Overriding database path with different value: C:\Users\nicks\.stmcufinder\plugins\mcufinder/ => C:\Users\nicks\.stmcufinder\plugins\mcufinder
2025-08-04 22:12:07,308 [WARN] DbFile:41 - Overriding database path with different value: C:\Users\nicks\.stmcufinder\plugins\mcufinder/ => C:\Users\nicks\.stmcufinder\plugins\mcufinder
2025-08-04 22:12:07,309 [INFO] CrossReferenceDbSqlite:203 - Set database path to: C:\Users\nicks\.stmcufinder\plugins\mcufinder//mcu/cs/
2025-08-04 22:12:07,359 [INFO] MainPanel:274 - HeapMemory: 268435456
2025-08-04 22:12:07,435 [INFO] DbMcusXml:78 - Set database path to: C:\ST\STM32CubeIDE_1.19.0\STM32CubeIDE\plugins\com.st.stm32cube.common.mx_6.15.0.202507011659\\db\/mcu/
2025-08-04 22:12:07,435 [INFO] ApiDb:274 - Set plugin database path to: C:\ST\STM32CubeIDE_1.19.0\STM32CubeIDE\plugins\com.st.stm32cube.common.mx_6.15.0.202507011659\\db\/plugins/boardmanager/
2025-08-04 22:12:07,435 [INFO] ApiDb:261 - Set plugin images path to: C:\ST\STM32CubeIDE_1.19.0\STM32CubeIDE\plugins\com.st.stm32cube.common.mx_6.15.0.202507011659\\db\/plugins/mcufinder/images/
2025-08-04 22:12:07,436 [WARN] DbFile:41 - Overriding database path with different value: C:\Users\nicks\.stmcufinder\plugins\mcufinder/ => C:\Users\nicks\.stmcufinder\plugins\mcufinder
2025-08-04 22:12:07,436 [INFO] ApiDb:250 - Set database path to: C:\Users\nicks\.stmcufinder\plugins\mcufinder//mcu/
2025-08-04 22:12:07,436 [WARN] DbFile:41 - Overriding database path with different value: C:\Users\nicks\.stmcufinder\plugins\mcufinder/ => C:\Users\nicks\.stmcufinder\plugins\mcufinder
2025-08-04 22:12:07,436 [INFO] DbMcusAds:125 - Set database path to: C:\Users\nicks\.stmcufinder\plugins\mcufinder//mcu/
2025-08-04 22:12:07,436 [WARN] DbFile:41 - Overriding database path with different value: C:\Users\nicks\.stmcufinder\plugins\mcufinder/ => C:\Users\nicks\.stmcufinder\plugins\mcufinder
2025-08-04 22:12:07,436 [WARN] DbFile:41 - Overriding database path with different value: C:\Users\nicks\.stmcufinder\plugins\mcufinder/ => C:\Users\nicks\.stmcufinder\plugins\mcufinder
2025-08-04 22:12:07,436 [INFO] CrossReferenceDbSqlite:203 - Set database path to: C:\Users\nicks\.stmcufinder\plugins\mcufinder//mcu/cs/
2025-08-04 22:12:07,448 [INFO] ApplicationProperties:184 - Using Application install path: C:\ST\STM32CubeIDE_1.19.0\STM32CubeIDE\plugins\com.st.stm32cube.common.mx_6.15.0.202507011659
2025-08-04 22:12:07,448 [INFO] PluginManage:196 - Search for loadable plugins [exclusion list=, ]
2025-08-04 22:12:07,449 [INFO] PluginManage:310 - Check plugin analytics
2025-08-04 22:12:07,558 [INFO] AnalyticsPlugin:253 - Accepted Software Licenses: 
2025-08-04 22:12:07,558 [INFO] AnalyticsPlugin:255 - Accepted CMSIS Pack Licenses: 
2025-08-04 22:12:07,558 [INFO] AnalyticsPlugin:257 - Accepted Firmware Licenses: FW.F4.1.28.0,FW.H7.1.12.0,FW.H7.1.11.0
2025-08-04 22:12:07,560 [INFO] PluginManage:359 - Loaded plugin analytics (category:tool,tabindex:-1)
2025-08-04 22:12:07,560 [INFO] PluginManage:310 - Check plugin cadmodel
2025-08-04 22:12:07,565 [INFO] CADModel:105 - Init CAD model plugin
2025-08-04 22:12:07,565 [INFO] PluginManage:359 - Loaded plugin cadmodel (category:power,tabindex:5)
2025-08-04 22:12:07,565 [INFO] PluginManage:310 - Check plugin clock
2025-08-04 22:12:07,571 [INFO] PluginManage:359 - Loaded plugin clock (category:base,tabindex:2)
2025-08-04 22:12:07,571 [INFO] PluginManage:310 - Check plugin ddr
2025-08-04 22:12:07,573 [INFO] PluginManage:359 - Loaded plugin ddr (category:tool,tabindex:6)
2025-08-04 22:12:07,573 [INFO] PluginManage:310 - Check plugin filemanager
2025-08-04 22:12:07,674 [INFO] PluginManage:359 - Loaded plugin filemanager (category:base,tabindex:10)
2025-08-04 22:12:07,674 [INFO] PluginManage:310 - Check plugin ipmanager
2025-08-04 22:12:07,678 [INFO] PluginManage:359 - Loaded plugin ipmanager (category:base,tabindex:5)
2025-08-04 22:12:07,678 [INFO] PluginManage:310 - Check plugin lpbam
2025-08-04 22:12:07,683 [INFO] PluginManage:359 - Loaded plugin lpbam (category:base,tabindex:0)
2025-08-04 22:12:07,683 [INFO] PluginManage:310 - Check plugin memorymap
2025-08-04 22:12:07,693 [INFO] PluginManage:359 - Loaded plugin memorymap (category:base,tabindex:4)
2025-08-04 22:12:07,693 [INFO] PluginManage:310 - Check plugin pinoutandconfiguration
2025-08-04 22:12:07,699 [INFO] PluginManage:359 - Loaded plugin pinoutandconfiguration (category:base,tabindex:1)
2025-08-04 22:12:07,700 [INFO] PluginManage:310 - Check plugin pinoutconfig
2025-08-04 22:12:07,752 [WARN] SupportedApi:132 - Cannot load RTOS API schema: s4s-elt-must-match.1: The content of 'definitions' must match (annotation?, (simpleType | complexType)?, (unique | key | keyref)*)). A problem was found starting at: attribute.
2025-08-04 22:12:07,831 [INFO] PluginManage:359 - Loaded plugin pinoutconfig (category:base,tabindex:0)
2025-08-04 22:12:07,831 [INFO] PluginManage:310 - Check plugin power
2025-08-04 22:12:07,837 [INFO] PluginManage:359 - Loaded plugin power (category:power,tabindex:4)
2025-08-04 22:12:07,837 [INFO] PluginManage:310 - Check plugin projectmanager
2025-08-04 22:12:07,847 [INFO] PluginManage:359 - Loaded plugin projectmanager (category:projectmanager,tabindex:4)
2025-08-04 22:12:07,847 [INFO] PluginManage:310 - Check plugin rif
2025-08-04 22:12:07,854 [INFO] PluginManage:359 - Loaded plugin rif (category:base,tabindex:3)
2025-08-04 22:12:07,854 [INFO] PluginManage:310 - Check plugin thirdparty
2025-08-04 22:12:07,938 [INFO] PluginManage:359 - Loaded plugin thirdparty (category:base,tabindex:-1)
2025-08-04 22:12:07,938 [INFO] PluginManage:310 - Check plugin tools
2025-08-04 22:12:07,938 [WARN] IntegrityCheckThread:84 - waiting for thirdparty lock release [integrity check]
2025-08-04 22:12:07,938 [INFO] IntegrityCheckThread:86 - entering critical section [integrity check]
2025-08-04 22:12:07,938 [INFO] ThirdPartyUpdaterWithRetryManager:70 - Updater plugin not ready yet. [1/15]
2025-08-04 22:12:07,940 [INFO] PluginManage:359 - Loaded plugin tools (category:base,tabindex:7)
2025-08-04 22:12:07,940 [INFO] PluginManage:310 - Check plugin tutovideos
2025-08-04 22:12:08,067 [INFO] PluginManage:359 - Loaded plugin tutovideos (category:base,tabindex:-1)
2025-08-04 22:12:08,067 [INFO] PluginManage:310 - Check plugin updater
2025-08-04 22:12:08,088 [INFO] PluginManage:359 - Loaded plugin updater (category:base,tabindex:12)
2025-08-04 22:12:08,088 [INFO] PluginManage:310 - Check plugin userauth
2025-08-04 22:12:08,090 [INFO] UserAuth:118 - Init User Auth plugin
2025-08-04 22:12:08,091 [INFO] PluginManage:359 - Loaded plugin userauth (category:base,tabindex:14)
2025-08-04 22:12:08,091 [INFO] PluginManage:283 - PluginManage : Loaded plugins [18]
2025-08-04 22:12:08,226 [INFO] PinOutPanel:1589 - setPackage(No Configuration,No Configuration)
2025-08-04 22:12:08,280 [INFO] CADModel:165 - CPN selected for project level
2025-08-04 22:12:08,280 [INFO] CADModel:114 - Register for checkConnection events
2025-08-04 22:12:08,292 [INFO] IPUIPlugin:80 - create IPUIPlugin
2025-08-04 22:12:08,292 [INFO] PluginManager:220 - loadIPPluginJar : add adc
2025-08-04 22:12:08,294 [INFO] IPUIPlugin:80 - create IPUIPlugin
2025-08-04 22:12:08,294 [INFO] PluginManager:220 - loadIPPluginJar : add aes
2025-08-04 22:12:08,295 [INFO] IPUIPlugin:80 - create IPUIPlugin
2025-08-04 22:12:08,295 [INFO] PluginManager:220 - loadIPPluginJar : add can
2025-08-04 22:12:08,296 [INFO] IPUIPlugin:80 - create IPUIPlugin
2025-08-04 22:12:08,296 [INFO] PluginManager:220 - loadIPPluginJar : add comp
2025-08-04 22:12:08,298 [INFO] IPUIPlugin:80 - create IPUIPlugin
2025-08-04 22:12:08,298 [INFO] PluginManager:220 - loadIPPluginJar : add cryp
2025-08-04 22:12:08,300 [INFO] IPUIPlugin:80 - create IPUIPlugin
2025-08-04 22:12:08,300 [INFO] PluginManager:220 - loadIPPluginJar : add ddr_ctrl_phy
2025-08-04 22:12:08,301 [INFO] IPUIPlugin:80 - create IPUIPlugin
2025-08-04 22:12:08,301 [INFO] PluginManager:220 - loadIPPluginJar : add dfsdm
2025-08-04 22:12:08,304 [INFO] IPUIPlugin:80 - create IPUIPlugin
2025-08-04 22:12:08,305 [INFO] PluginManager:220 - loadIPPluginJar : add dma
2025-08-04 22:12:08,306 [INFO] IPUIPlugin:80 - create IPUIPlugin
2025-08-04 22:12:08,306 [INFO] PluginManager:220 - loadIPPluginJar : add dma3
2025-08-04 22:12:08,308 [INFO] IPUIPlugin:80 - create IPUIPlugin
2025-08-04 22:12:08,308 [INFO] PluginManager:220 - loadIPPluginJar : add extmemmanager
2025-08-04 22:12:08,309 [INFO] IPUIPlugin:80 - create IPUIPlugin
2025-08-04 22:12:08,309 [INFO] PluginManager:220 - loadIPPluginJar : add fatfs
2025-08-04 22:12:08,312 [INFO] IPUIPlugin:80 - create IPUIPlugin
2025-08-04 22:12:08,312 [INFO] PluginManager:220 - loadIPPluginJar : add fmc
2025-08-04 22:12:08,316 [INFO] IPUIPlugin:80 - create IPUIPlugin
2025-08-04 22:12:08,316 [INFO] PluginManager:220 - loadIPPluginJar : add freertos
2025-08-04 22:12:08,317 [INFO] IPUIPlugin:80 - create IPUIPlugin
2025-08-04 22:12:08,317 [INFO] PluginManager:220 - loadIPPluginJar : add genericplugin
2025-08-04 22:12:08,319 [INFO] IPUIPlugin:80 - create IPUIPlugin
2025-08-04 22:12:08,319 [INFO] PluginManager:220 - loadIPPluginJar : add gfxmmu
2025-08-04 22:12:08,323 [INFO] IPUIPlugin:80 - create IPUIPlugin
2025-08-04 22:12:08,323 [INFO] PluginManager:220 - loadIPPluginJar : add gic
2025-08-04 22:12:08,325 [INFO] IPUIPlugin:80 - create IPUIPlugin
2025-08-04 22:12:08,325 [INFO] PluginManager:220 - loadIPPluginJar : add gpio
2025-08-04 22:12:08,327 [INFO] IPUIPlugin:80 - create IPUIPlugin
2025-08-04 22:12:08,327 [INFO] PluginManager:220 - loadIPPluginJar : add gtzc
2025-08-04 22:12:08,328 [INFO] IPUIPlugin:80 - create IPUIPlugin
2025-08-04 22:12:08,328 [INFO] PluginManager:220 - loadIPPluginJar : add hash
2025-08-04 22:12:08,330 [INFO] IPUIPlugin:80 - create IPUIPlugin
2025-08-04 22:12:08,330 [INFO] PluginManager:220 - loadIPPluginJar : add i2c
2025-08-04 22:12:08,331 [INFO] IPUIPlugin:80 - create IPUIPlugin
2025-08-04 22:12:08,331 [INFO] PluginManager:220 - loadIPPluginJar : add i2s
2025-08-04 22:12:08,333 [INFO] IPUIPlugin:80 - create IPUIPlugin
2025-08-04 22:12:08,333 [INFO] PluginManager:220 - loadIPPluginJar : add i3c
2025-08-04 22:12:08,335 [INFO] IPUIPlugin:80 - create IPUIPlugin
2025-08-04 22:12:08,335 [INFO] PluginManager:220 - loadIPPluginJar : add ipddr
2025-08-04 22:12:08,339 [INFO] IPUIPlugin:80 - create IPUIPlugin
2025-08-04 22:12:08,339 [INFO] PluginManager:220 - loadIPPluginJar : add linkedlist
2025-08-04 22:12:08,341 [INFO] IPUIPlugin:80 - create IPUIPlugin
2025-08-04 22:12:08,341 [INFO] PluginManager:220 - loadIPPluginJar : add lorawan
2025-08-04 22:12:08,342 [INFO] IPUIPlugin:80 - create IPUIPlugin
2025-08-04 22:12:08,342 [INFO] PluginManager:220 - loadIPPluginJar : add ltdc
2025-08-04 22:12:08,345 [INFO] IPUIPlugin:80 - create IPUIPlugin
2025-08-04 22:12:08,345 [INFO] PluginManager:220 - loadIPPluginJar : add mdma
2025-08-04 22:12:08,347 [INFO] IPUIPlugin:80 - create IPUIPlugin
2025-08-04 22:12:08,347 [INFO] PluginManager:220 - loadIPPluginJar : add nvic
2025-08-04 22:12:08,349 [INFO] IPUIPlugin:80 - create IPUIPlugin
2025-08-04 22:12:08,349 [INFO] PluginManager:220 - loadIPPluginJar : add opamp
2025-08-04 22:12:08,351 [INFO] IPUIPlugin:80 - create IPUIPlugin
2025-08-04 22:12:08,351 [INFO] PluginManager:220 - loadIPPluginJar : add openamp
2025-08-04 22:12:08,353 [INFO] IPUIPlugin:80 - create IPUIPlugin
2025-08-04 22:12:08,353 [INFO] PluginManager:220 - loadIPPluginJar : add pdm2pcm
2025-08-04 22:12:08,356 [INFO] IPUIPlugin:80 - create IPUIPlugin
2025-08-04 22:12:08,357 [INFO] PluginManager:220 - loadIPPluginJar : add plateformsettings
2025-08-04 22:12:08,358 [INFO] IPUIPlugin:80 - create IPUIPlugin
2025-08-04 22:12:08,358 [INFO] PluginManager:220 - loadIPPluginJar : add quadspi
2025-08-04 22:12:08,359 [INFO] IPUIPlugin:80 - create IPUIPlugin
2025-08-04 22:12:08,360 [INFO] PluginManager:220 - loadIPPluginJar : add radio
2025-08-04 22:12:08,362 [INFO] IPUIPlugin:80 - create IPUIPlugin
2025-08-04 22:12:08,362 [INFO] PluginManager:220 - loadIPPluginJar : add resmgrutility
2025-08-04 22:12:08,364 [INFO] IPUIPlugin:80 - create IPUIPlugin
2025-08-04 22:12:08,364 [INFO] PluginManager:220 - loadIPPluginJar : add sai
2025-08-04 22:12:08,366 [INFO] IPUIPlugin:80 - create IPUIPlugin
2025-08-04 22:12:08,366 [INFO] PluginManager:220 - loadIPPluginJar : add spi
2025-08-04 22:12:08,370 [INFO] IPUIPlugin:80 - create IPUIPlugin
2025-08-04 22:12:08,370 [INFO] PluginManager:220 - loadIPPluginJar : add stm32_wpan
2025-08-04 22:12:08,371 [INFO] IPUIPlugin:80 - create IPUIPlugin
2025-08-04 22:12:08,371 [INFO] PluginManager:220 - loadIPPluginJar : add tim
2025-08-04 22:12:08,373 [INFO] IPUIPlugin:80 - create IPUIPlugin
2025-08-04 22:12:08,373 [INFO] PluginManager:220 - loadIPPluginJar : add touchsensing
2025-08-04 22:12:08,374 [INFO] IPUIPlugin:80 - create IPUIPlugin
2025-08-04 22:12:08,375 [INFO] PluginManager:220 - loadIPPluginJar : add tracer_emb
2025-08-04 22:12:08,376 [INFO] IPUIPlugin:80 - create IPUIPlugin
2025-08-04 22:12:08,376 [INFO] PluginManager:220 - loadIPPluginJar : add ts
2025-08-04 22:12:08,377 [INFO] IPUIPlugin:80 - create IPUIPlugin
2025-08-04 22:12:08,377 [INFO] PluginManager:220 - loadIPPluginJar : add tsc
2025-08-04 22:12:08,378 [INFO] IPUIPlugin:80 - create IPUIPlugin
2025-08-04 22:12:08,378 [INFO] PluginManager:220 - loadIPPluginJar : add ucpd
2025-08-04 22:12:08,380 [INFO] IPUIPlugin:80 - create IPUIPlugin
2025-08-04 22:12:08,380 [INFO] PluginManager:220 - loadIPPluginJar : add usart
2025-08-04 22:12:08,382 [INFO] IPUIPlugin:80 - create IPUIPlugin
2025-08-04 22:12:08,382 [INFO] PluginManager:220 - loadIPPluginJar : add usbx
2025-08-04 22:12:08,491 [FATAL] Updater:351 - Updater called before beeing initialized
2025-08-04 22:12:08,508 [INFO] RulesReader:64 - Compatibility file has been processed (317 Rules)
2025-08-04 22:12:08,515 [INFO] RulesReader:64 - Compatibility file has been processed (317 Rules)
2025-08-04 22:12:08,520 [INFO] CADModel:165 - CPN selected for project level
2025-08-04 22:12:08,520 [INFO] CADModel:114 - Register for checkConnection events
2025-08-04 22:12:08,520 [FATAL] Updater:351 - Updater called before beeing initialized
2025-08-04 22:12:08,520 [ERROR] CADModel:125 - Updater not yet initialized, retry later 
2025-08-04 22:12:08,618 [FATAL] Updater:351 - Updater called before beeing initialized
2025-08-04 22:12:08,620 [INFO] CADModel:165 - CPN selected for project level
2025-08-04 22:12:08,620 [INFO] CADModel:114 - Register for checkConnection events
2025-08-04 22:12:08,620 [FATAL] Updater:351 - Updater called before beeing initialized
2025-08-04 22:12:08,620 [ERROR] CADModel:125 - Updater not yet initialized, retry later 
2025-08-04 22:12:08,622 [FATAL] Updater:351 - Updater called before beeing initialized
2025-08-04 22:12:08,704 [FATAL] Updater:351 - Updater called before beeing initialized
2025-08-04 22:12:08,707 [INFO] DbMcusAds:53 - JSON generation date=Tue Jul 08 18:14:23 AEST 2025 (1751962463562)
2025-08-04 22:12:08,707 [FATAL] Updater:351 - Updater called before beeing initialized
2025-08-04 22:12:08,732 [WARN] DetailPanel:346 - Failed to get advertising image, set to default
2025-08-04 22:12:08,790 [FATAL] Updater:351 - Updater called before beeing initialized
2025-08-04 22:12:08,791 [FATAL] Updater:351 - Updater called before beeing initialized
2025-08-04 22:12:08,791 [FATAL] Updater:351 - Updater called before beeing initialized
2025-08-04 22:12:08,791 [WARN] DetailPanel:346 - Failed to get advertising image, set to default
2025-08-04 22:12:08,792 [FATAL] Updater:351 - Updater called before beeing initialized
2025-08-04 22:12:08,820 [ERROR] Updater:1198 - MainUpdater not yet initialized. External WinMGr cannot be set.
2025-08-04 22:12:08,822 [INFO] Updater:1134 - Updater Version found : 6.15.0
2025-08-04 22:12:08,832 [INFO] ApplicationProperties:184 - Using Application install path: C:\ST\STM32CubeIDE_1.19.0\STM32CubeIDE\plugins\com.st.stm32cube.common.mx_6.15.0.202507011659
2025-08-04 22:12:09,065 [INFO] MainUpdater:2872 - connection check result : 10
2025-08-04 22:12:09,066 [INFO] MainUpdater:289 - Updater Check For Update Now.
2025-08-04 22:12:09,066 [INFO] MicroXplorer:498 - Change Database Version : DB.6.0.150
2025-08-04 22:12:09,070 [INFO] McuFinderGlobals:63 - Set McuFinder mode to 2 (CubeIDE integrated)
2025-08-04 22:12:09,071 [INFO] UserAuth:487 - Internet connection configuration mode: 1
2025-08-04 22:12:09,087 [INFO] JxBrowserEngine:152 - Initiate JxBrowser Engine with user profile folder
2025-08-04 22:12:09,214 [INFO] CheckServerUpdateThread:120 - End of CheckServer Thread
2025-08-04 22:12:10,026 [INFO] WebApp:169 - Instantiating new browser for Auth
2025-08-04 22:12:10,452 [INFO] WebApp:463 - Apply proxy settings
2025-08-04 22:12:10,452 [INFO] WebApp:548 - Chromium requires no authentication
2025-08-04 22:12:10,459 [INFO] WebApp:491 - Direct internet connection detected
2025-08-04 22:12:10,477 [INFO] WebApp:900 - Register for checkConnection events
2025-08-04 22:12:10,477 [INFO] WebApp:463 - Apply proxy settings
2025-08-04 22:12:10,477 [INFO] WebApp:548 - Chromium requires no authentication
2025-08-04 22:12:10,477 [INFO] WebApp:491 - Direct internet connection detected
2025-08-04 22:12:10,590 [INFO] WebApp:225 - Starting web application
2025-08-04 22:12:10,590 [INFO] WebApp:593 - Web application path used C:\ST\STM32CubeIDE_1.19.0\STM32CubeIDE\plugins\com.st.stm32cube.common.mx_6.15.0.202507011659\db\plugins\mcufinder\reactClient1\index.html
2025-08-04 22:12:10,685 [INFO] UserAuth:487 - Internet connection configuration mode: 1
2025-08-04 22:12:10,877 [INFO] WebApp:191 - Connection restablished
2025-08-04 22:12:11,113 [WARN] PackLoader:240 - Cannot read IP mode file for STMicroelectronics.FP-SNS-MOTENVWB1.1.4.0
2025-08-04 22:12:11,118 [WARN] PackLoader:240 - Cannot read IP mode file for STMicroelectronics.FP-ATR-ASTRA1.2.0.2
2025-08-04 22:12:11,121 [WARN] PackLoader:240 - Cannot read IP mode file for STMicroelectronics.FP-ATR-ASTRA1.2.0.1
2025-08-04 22:12:11,125 [WARN] PackLoader:240 - Cannot read IP mode file for STMicroelectronics.X-CUBE-SMBUS.2.1.0
2025-08-04 22:12:11,129 [WARN] PackLoader:240 - Cannot read IP mode file for STMicroelectronics.X-CUBE-WB05N.1.1.0
2025-08-04 22:12:11,132 [WARN] PackLoader:240 - Cannot read IP mode file for STMicroelectronics.X-CUBE-ST60.1.0.0
2025-08-04 22:12:11,152 [WARN] PackLoader:240 - Cannot read IP mode file for STMicroelectronics.X-CUBE-AZRTOS-F7.1.1.0
2025-08-04 22:12:11,159 [WARN] PackLoader:240 - Cannot read IP mode file for STMicroelectronics.FP-SNS-FLIGHT1.5.0.2
2025-08-04 22:12:11,178 [WARN] PackLoader:240 - Cannot read IP mode file for Infineon.AIROC-Wi-Fi-Bluetooth-STM32.1.7.0
2025-08-04 22:12:11,200 [WARN] PackLoader:240 - Cannot read IP mode file for STMicroelectronics.X-CUBE-AZRTOS-H7.3.4.0
2025-08-04 22:12:11,207 [WARN] PackLoader:240 - Cannot read IP mode file for STMicroelectronics.X-CUBE-DISPLAY.3.0.0
2025-08-04 22:12:11,219 [WARN] PackLoader:240 - Cannot read IP mode file for STMicroelectronics.X-CUBE-NFC10.1.0.0
2025-08-04 22:12:11,228 [WARN] PackLoader:240 - Cannot read IP mode file for STMicroelectronics.X-CUBE-BLEMGR.4.0.0
2025-08-04 22:12:11,236 [WARN] PackLoader:240 - Cannot read IP mode file for emotas.I-CUBE-CANOPEN.1.3.0
2025-08-04 22:12:11,240 [WARN] ConditionMgr:438 - getConditionDescription Invalid condition id : Cortex-A Device cause : null
2025-08-04 22:12:11,248 [WARN] ConditionMgr:1044 - genDependencies : Invalid condition id : Cortex-A Device cause : null
2025-08-04 22:12:11,248 [WARN] ConditionMgr:1044 - genDependencies : Invalid condition id : Cortex-A Device cause : null
2025-08-04 22:12:11,248 [WARN] ConditionMgr:1044 - genDependencies : Invalid condition id : Cortex-A Device cause : null
2025-08-04 22:12:11,252 [WARN] PackLoader:240 - Cannot read IP mode file for STMicroelectronics.X-CUBE-AI.10.0.0
2025-08-04 22:12:11,256 [WARN] PackLoader:240 - Cannot read IP mode file for STMicroelectronics.FP-SNS-STBOX1.2.1.0
2025-08-04 22:12:11,260 [WARN] PackLoader:240 - Cannot read IP mode file for STMicroelectronics.FP-SNS-SMARTAG2.1.2.0
2025-08-04 22:12:11,263 [WARN] PackLoader:240 - Cannot read IP mode file for STMicroelectronics.FP-SNS-FLIGHT1.5.1.0
2025-08-04 22:12:11,269 [INFO] LogOutputStream:77 - [STDOUT_REDIRECT] 1 : Invalid condition id : UX_CORESTACK_Condition cause : null
2025-08-04 22:12:11,269 [INFO] LogOutputStream:77 - [STDOUT_REDIRECT] 1 : Invalid condition id : UX_CORESTACK_Condition cause : null
2025-08-04 22:12:11,270 [INFO] LogOutputStream:77 - [STDOUT_REDIRECT] 1 : Invalid condition id : UX_CORESTACK_Condition cause : null
2025-08-04 22:12:11,270 [INFO] LogOutputStream:77 - [STDOUT_REDIRECT] 1 : Invalid condition id : UX_CORESTACK_Condition cause : null
2025-08-04 22:12:11,271 [INFO] LogOutputStream:77 - [STDOUT_REDIRECT] 1 : Invalid condition id : UX_CORESTACK_Condition cause : null
2025-08-04 22:12:11,272 [WARN] PackLoader:240 - Cannot read IP mode file for STMicroelectronics.X-CUBE-AZRTOS-WL.2.0.0
2025-08-04 22:12:11,276 [WARN] PackLoader:240 - Cannot read IP mode file for STMicroelectronics.FP-SNS-MOTENV1.5.0.0
2025-08-04 22:12:11,281 [WARN] PackLoader:240 - Cannot read IP mode file for WES.I-CUBE-Cesium.1.3.0
2025-08-04 22:12:11,284 [WARN] PackLoader:240 - Cannot read IP mode file for STMicroelectronics.X-CUBE-BLE2.3.3.0
2025-08-04 22:12:11,288 [WARN] PackLoader:240 - Cannot read IP mode file for STMicroelectronics.X-CUBE-NFC9.1.0.0
2025-08-04 22:12:11,292 [WARN] PackLoader:240 - Cannot read IP mode file for STMicroelectronics.X-CUBE-BLE1.7.1.0
2025-08-04 22:12:11,295 [WARN] PackLoader:240 - Cannot read IP mode file for wolfSSL.I-CUBE-wolfMQTT.1.19.2
2025-08-04 22:12:11,298 [WARN] PackLoader:240 - Cannot read IP mode file for STMicroelectronics.X-CUBE-EEPRMA1.5.2.0
2025-08-04 22:12:11,301 [WARN] PackLoader:240 - Cannot read IP mode file for STMicroelectronics.X-CUBE-AI.10.1.0
2025-08-04 22:12:11,325 [WARN] PackLoader:240 - Cannot read IP mode file for STMicroelectronics.X-CUBE-MEMS1.11.2.0
2025-08-04 22:12:11,456 [WARN] PackLoader:240 - Cannot read IP mode file for STMicroelectronics.X-CUBE-AZRTOS-G0.1.1.0
2025-08-04 22:12:11,464 [WARN] PackLoader:240 - Cannot read IP mode file for STMicroelectronics.X-CUBE-SAFEA1.1.2.2
2025-08-04 22:12:11,470 [WARN] PackLoader:240 - Cannot read IP mode file for STMicroelectronics.X-CUBE-NFC4.3.0.0
2025-08-04 22:12:11,480 [WARN] PackLoader:240 - Cannot read IP mode file for EmbeddedOffice.I-CUBE-FS-RTOS.1.0.1
2025-08-04 22:12:11,485 [WARN] PackLoader:240 - Cannot read IP mode file for STMicroelectronics.X-CUBE-WB05N.2.0.0
2025-08-04 22:12:11,489 [WARN] PackLoader:240 - Cannot read IP mode file for wolfSSL.I-CUBE-wolfTPM.3.8.0
2025-08-04 22:12:11,494 [WARN] PackLoader:240 - Cannot read IP mode file for STMicroelectronics.X-CUBE-TCPP.4.2.0
2025-08-04 22:12:11,500 [WARN] PackLoader:240 - Cannot read IP mode file for RealThread.X-CUBE-RT-Thread_Nano.4.1.1
2025-08-04 22:12:11,504 [WARN] PackLoader:240 - Cannot read IP mode file for STMicroelectronics.FP-ATR-SIGFOX1.3.2.0
2025-08-04 22:12:11,508 [WARN] PackLoader:240 - Cannot read IP mode file for STMicroelectronics.X-CUBE-EEPRMA1.5.1.0
2025-08-04 22:12:11,513 [WARN] PackLoader:240 - Cannot read IP mode file for wolfSSL.I-CUBE-wolfSSL.5.7.6
2025-08-04 22:12:11,518 [WARN] PackLoader:240 - Cannot read IP mode file for ITTIA_DB.I-CUBE-ITTIADB.8.9.0
2025-08-04 22:12:11,523 [WARN] PackLoader:240 - Cannot read IP mode file for STMicroelectronics.X-CUBE-ST67W61.1.0.0
2025-08-04 22:12:11,526 [WARN] PackLoader:240 - Cannot read IP mode file for STMicroelectronics.X-CUBE-AI.10.2.0
2025-08-04 22:12:11,544 [WARN] PackLoader:240 - Cannot read IP mode file for SEGGER.I-CUBE-embOS.1.3.1
2025-08-04 22:12:11,580 [WARN] PackLoader:240 - Cannot read IP mode file for STMicroelectronics.X-CUBE-ALGOBUILD.1.4.0
2025-08-04 22:12:11,628 [WARN] PackLoader:240 - Cannot read IP mode file for STMicroelectronics.X-CUBE-MEMS1.11.3.0
2025-08-04 22:12:11,714 [WARN] PackLoader:240 - Cannot read IP mode file for STMicroelectronics.X-CUBE-PM33A1.1.0.0
2025-08-04 22:12:11,724 [WARN] PackLoader:240 - Cannot read IP mode file for STMicroelectronics.X-CUBE-AZRTOS-F4.1.1.0
2025-08-04 22:12:11,729 [WARN] PackLoader:240 - Cannot read IP mode file for Avnet-IotConnect.X-CUBE-IoTC-DA16k-PMOD.1.0.0
2025-08-04 22:12:11,732 [WARN] PackLoader:240 - Cannot read IP mode file for STMicroelectronics.X-CUBE-ISPU.2.1.0
2025-08-04 22:12:11,737 [WARN] PackLoader:240 - Cannot read IP mode file for STMicroelectronics.X-CUBE-NFC12.1.0.0
2025-08-04 22:12:11,746 [WARN] PackLoader:240 - Cannot read IP mode file for STMicroelectronics.X-CUBE-AZRTOS-L5.2.0.0
2025-08-04 22:12:11,752 [WARN] PackLoader:240 - Cannot read IP mode file for STMicroelectronics.X-CUBE-NFC6.3.1.0
2025-08-04 22:12:11,758 [WARN] PackLoader:240 - Cannot read IP mode file for STMicroelectronics.X-CUBE-FREERTOS.1.3.1
2025-08-04 22:12:11,761 [WARN] PackLoader:240 - Cannot read IP mode file for STMicroelectronics.X-CUBE-FREERTOS.1.3.0
2025-08-04 22:12:11,765 [WARN] PackLoader:240 - Cannot read IP mode file for STMicroelectronics.X-CUBE-NFC7.1.0.1
2025-08-04 22:12:11,768 [WARN] PackLoader:240 - Cannot read IP mode file for STMicroelectronics.FP-SNS-STAIOTCFT.1.0.0
2025-08-04 22:12:11,772 [WARN] PackLoader:240 - Cannot read IP mode file for STMicroelectronics.X-CUBE-DPower.1.3.0
2025-08-04 22:12:11,782 [WARN] ConditionMgr:438 - getConditionDescription Invalid condition id : LAN8742 Phy interface Condition cause : null
2025-08-04 22:12:11,783 [WARN] PackLoader:240 - Cannot read IP mode file for STMicroelectronics.X-CUBE-AZRTOS-L4.2.0.0
2025-08-04 22:12:11,783 [WARN] ConditionMgr:1044 - genDependencies : Invalid condition id : LAN8742 Phy interface Condition cause : null
2025-08-04 22:12:11,784 [WARN] ConditionMgr:1044 - genDependencies : Invalid condition id : LAN8742 Phy interface Condition cause : null
2025-08-04 22:12:11,784 [WARN] ConditionMgr:1044 - genDependencies : Invalid condition id : LAN8742 Phy interface Condition cause : null
2025-08-04 22:12:11,789 [WARN] PackLoader:240 - Cannot read IP mode file for STMicroelectronics.X-CUBE-SFXS2LP1.4.0.0
2025-08-04 22:12:11,800 [WARN] PackLoader:240 - Cannot read IP mode file for STMicroelectronics.X-CUBE-AZRTOS-H7.3.3.0
2025-08-04 22:12:11,807 [WARN] PackLoader:240 - Cannot read IP mode file for STMicroelectronics.X-CUBE-BLEMGR.4.1.0
2025-08-04 22:12:11,817 [WARN] ConditionMgr:438 - getConditionDescription Invalid condition id : UX DEVICE CLASS RTOS Condition cause : null
2025-08-04 22:12:11,817 [WARN] ConditionMgr:438 - getConditionDescription Invalid condition id : UX DEVICE CLASS RTOS Condition cause : null
2025-08-04 22:12:11,818 [WARN] PackLoader:240 - Cannot read IP mode file for STMicroelectronics.X-CUBE-AZRTOS-WB.2.0.0
2025-08-04 22:12:11,818 [WARN] ConditionMgr:1044 - genDependencies : Invalid condition id : UX DEVICE CLASS RTOS Condition cause : null
2025-08-04 22:12:11,818 [WARN] ConditionMgr:1044 - genDependencies : Invalid condition id : UX DEVICE CLASS RTOS Condition cause : null
2025-08-04 22:12:11,818 [WARN] ConditionMgr:1044 - genDependencies : Invalid condition id : UX DEVICE CLASS RTOS Condition cause : null
2025-08-04 22:12:11,819 [WARN] ConditionMgr:1044 - genDependencies : Invalid condition id : UX DEVICE CLASS RTOS Condition cause : null
2025-08-04 22:12:11,819 [WARN] ConditionMgr:1044 - genDependencies : Invalid condition id : UX DEVICE CLASS RTOS Condition cause : null
2025-08-04 22:12:11,823 [WARN] PackLoader:240 - Cannot read IP mode file for STMicroelectronics.X-CUBE-GNSS1.7.0.1
2025-08-04 22:12:11,826 [WARN] PackLoader:240 - Cannot read IP mode file for STMicroelectronics.X-CUBE-TOUCHGFX.4.25.0
2025-08-04 22:12:11,829 [WARN] PackLoader:240 - Cannot read IP mode file for STMicroelectronics.FP-SNS-STBOX1.2.0.0
2025-08-04 22:12:11,834 [WARN] PackLoader:240 - Cannot read IP mode file for STMicroelectronics.X-CUBE-SUBG2.5.0.0
2025-08-04 22:12:11,846 [WARN] PackLoader:240 - Cannot read IP mode file for STMicroelectronics.X-CUBE-AZRTOS-H7RS.1.1.0
2025-08-04 22:12:11,850 [WARN] PackLoader:240 - Cannot read IP mode file for Cesanta.I-CUBE-Mongoose.7.13.0
2025-08-04 22:12:11,858 [WARN] PackLoader:240 - Cannot read IP mode file for STMicroelectronics.X-CUBE-AZRTOS-G4.2.0.0
2025-08-04 22:12:11,863 [WARN] PackLoader:240 - Cannot read IP mode file for wolfSSL.I-CUBE-wolfSSH.1.4.20
2025-08-04 22:12:11,866 [WARN] PackLoader:240 - Cannot read IP mode file for STMicroelectronics.X-CUBE-NFC7.2.0.0
2025-08-04 22:12:11,874 [WARN] PackLoader:240 - Cannot read IP mode file for STMicroelectronics.X-CUBE-IPS.3.1.0
2025-08-04 22:12:11,881 [WARN] PackLoader:240 - Cannot read IP mode file for STMicroelectronics.X-CUBE-ALS.1.0.2
2025-08-04 22:12:11,886 [WARN] PackLoader:240 - Cannot read IP mode file for portGmbH.I-Cube-SoM-uGOAL.1.1.0
2025-08-04 22:12:11,893 [WARN] PackLoader:240 - Cannot read IP mode file for STMicroelectronics.X-CUBE-TOF1.3.4.3
2025-08-04 22:12:11,904 [INFO] ThirdParty:978 - Integrity check success = true
2025-08-04 22:12:11,904 [INFO] IntegrityCheckThread:100 - exiting critical section [integrity check]
2025-08-04 22:12:11,904 [INFO] IntegrityCheckThread:103 - End integrity checks thread
2025-08-04 22:12:34,283 [INFO] McuFinderGlobals:63 - Set McuFinder mode to 2 (CubeIDE integrated)
2025-08-04 22:12:34,285 [INFO] MainUpdater:2872 - connection check result : 10
2025-08-04 22:12:34,286 [INFO] MainUpdater:2872 - connection check result : 10
2025-08-04 22:12:34,309 [INFO] MicroXplorer:468 - Change Database Path : 
2025-08-04 22:12:34,309 [INFO] MicroXplorer:498 - Change Database Version : DB.6.0.150
2025-08-04 22:12:34,312 [WARN] ThirdParty:871 - waiting for thirdparty lock release [close project]
2025-08-04 22:12:34,312 [INFO] ThirdParty:873 - entering critical section [close project]
2025-08-04 22:12:34,313 [INFO] ThirdParty:883 - exiting critical section [close project]
2025-08-04 22:12:34,314 [INFO] PinOutPanel:1589 - setPackage(No Configuration,No Configuration)
2025-08-04 22:12:34,315 [INFO] UtilMem:75 - Begin LoadConfig() Used Memory: 272464344 Bytes (420478976)
2025-08-04 22:12:34,316 [INFO] MicroXplorer:468 - Change Database Path : 
2025-08-04 22:12:34,316 [INFO] MicroXplorer:498 - Change Database Version : DB.6.0.150
2025-08-04 22:12:34,316 [INFO] OpenFileManager:355 - Change cursor
2025-08-04 22:12:34,331 [INFO] Mcu:2029 - Initializing MCU STM32H755ZITx STM32H755ZITx STM32H755ZIT6
2025-08-04 22:12:36,457 [INFO] Context:786 - Trying to add GPIOservice into a context  which must be forbidden
2025-08-04 22:12:36,457 [INFO] Context:786 - Trying to add GPIOservice into a context  which must be forbidden
2025-08-04 22:12:37,577 [INFO] ApiDbMcu:532 - Load IP Config File for NUCLEO-H755ZI-Q
2025-08-04 22:12:37,693 [INFO] Context:786 - Trying to add GPIOservice into a context  which must be forbidden
2025-08-04 22:12:37,705 [INFO] Context:786 - Trying to add GPIOservice into a context  which must be forbidden
2025-08-04 22:12:37,712 [INFO] ImportTextPane:234 - (OptionalMessage_ERROR) Pin58 (VP_RIF_VS_RIF1) cannot be retrieved for this MCU
2025-08-04 22:12:37,720 [INFO] ImportTextPane:234 - (OptionalMessage_ERROR) Unable to find key (Mcu.IP18) in loaded IOC file
2025-08-04 22:12:37,720 [INFO] ImportTextPane:234 - (OptionalMessage_ERROR) Unknown IP (dummy)
2025-08-04 22:12:37,876 [INFO] RtosManager:558 - Registered RTOS mode: class=CMSIS, group=RTOS, mode=CMSIS_V1, owner=FREERTOS_M7
2025-08-04 22:12:37,876 [INFO] RtosManager:558 - Registered RTOS mode: class=CMSIS, group=RTOS2, mode=CMSIS_V2, owner=FREERTOS_M7
2025-08-04 22:12:37,876 [INFO] RtosManager:558 - Registered RTOS mode: class=RTOS, group=Core, mode=CMSIS_V1, owner=FREERTOS_M7
2025-08-04 22:12:37,876 [INFO] RtosManager:558 - Registered RTOS mode: class=RTOS, group=Core, mode=CMSIS_V2, owner=FREERTOS_M7
2025-08-04 22:12:37,876 [WARN] ModelIntegratedComponent:184 - Missing modes for component STMicroelectronics:FreeRTOS:0.0.1:STMicroelectronics:RTOS:FreeRTOS:Core:::10.2.0:
2025-08-04 22:12:37,895 [WARN] ModelIntegratedComponent:63 - No mode defined for component null
2025-08-04 22:12:37,895 [WARN] ModelIntegratedComponent:63 - No mode defined for component null
2025-08-04 22:12:37,895 [WARN] ModelIntegratedComponent:63 - No mode defined for component null
2025-08-04 22:12:37,895 [WARN] ModelIntegratedComponent:63 - No mode defined for component null
2025-08-04 22:12:37,895 [WARN] ModelIntegratedComponent:63 - No mode defined for component null
2025-08-04 22:12:37,895 [WARN] ModelIntegratedComponent:63 - No mode defined for component null
2025-08-04 22:12:37,895 [WARN] ModelIntegratedComponent:63 - No mode defined for component null
2025-08-04 22:12:37,895 [WARN] ModelIntegratedComponent:63 - No mode defined for component null
2025-08-04 22:12:37,895 [WARN] ModelIntegratedComponent:63 - No mode defined for component null
2025-08-04 22:12:37,895 [WARN] ModelIntegratedComponent:63 - No mode defined for component null
2025-08-04 22:12:37,895 [WARN] ModelIntegratedComponent:63 - No mode defined for component null
2025-08-04 22:12:37,895 [WARN] ModelIntegratedComponent:63 - No mode defined for component null
2025-08-04 22:12:37,895 [WARN] ModelIntegratedComponent:63 - No mode defined for component null
2025-08-04 22:12:37,895 [WARN] ModelIntegratedComponent:63 - No mode defined for component null
2025-08-04 22:12:37,895 [WARN] ModelIntegratedComponent:63 - No mode defined for component null
2025-08-04 22:12:37,895 [WARN] ModelIntegratedComponent:63 - No mode defined for component null
2025-08-04 22:12:37,895 [WARN] ModelIntegratedComponent:63 - No mode defined for component null
2025-08-04 22:12:37,895 [WARN] ModelIntegratedComponent:63 - No mode defined for component null
2025-08-04 22:12:37,895 [WARN] ModelIntegratedComponent:63 - No mode defined for component null
2025-08-04 22:12:37,895 [WARN] ModelIntegratedComponent:63 - No mode defined for component null
2025-08-04 22:12:37,895 [WARN] ModelIntegratedComponent:63 - No mode defined for component null
2025-08-04 22:12:37,895 [WARN] ModelIntegratedComponent:63 - No mode defined for component null
2025-08-04 22:12:37,895 [WARN] ModelIntegratedComponent:63 - No mode defined for component null
2025-08-04 22:12:37,896 [WARN] ModelIntegratedComponent:63 - No mode defined for component null
2025-08-04 22:12:37,896 [WARN] ModelIntegratedComponent:63 - No mode defined for component null
2025-08-04 22:12:37,896 [WARN] ModelIntegratedComponent:63 - No mode defined for component null
2025-08-04 22:12:37,896 [WARN] ModelIntegratedComponent:63 - No mode defined for component null
2025-08-04 22:12:37,896 [WARN] ModelIntegratedComponent:63 - No mode defined for component null
2025-08-04 22:12:37,896 [WARN] ModelIntegratedComponent:63 - No mode defined for component null
2025-08-04 22:12:37,896 [WARN] ModelIntegratedComponent:63 - No mode defined for component null
2025-08-04 22:12:37,896 [WARN] ModelIntegratedComponent:63 - No mode defined for component null
2025-08-04 22:12:37,896 [WARN] ModelIntegratedComponent:63 - No mode defined for component null
2025-08-04 22:12:37,896 [WARN] ModelIntegratedComponent:63 - No mode defined for component null
2025-08-04 22:12:37,896 [WARN] ModelIntegratedComponent:63 - No mode defined for component null
2025-08-04 22:12:37,896 [WARN] ModelIntegratedComponent:63 - No mode defined for component null
2025-08-04 22:12:37,896 [WARN] ModelPack:524 - Component already loaded: STMicroelectronics:HAL Drivers:0.0.0:STMicroelectronics:Device:STMicro_Driver:XSPI:HAL::0.0.1:HAL_XSPI
2025-08-04 22:12:37,994 [INFO] RtosManager:558 - Registered RTOS mode: class=CMSIS, group=RTOS, mode=CMSIS_V1, owner=FREERTOS_M4
2025-08-04 22:12:37,994 [INFO] RtosManager:558 - Registered RTOS mode: class=CMSIS, group=RTOS2, mode=CMSIS_V2, owner=FREERTOS_M4
2025-08-04 22:12:37,994 [INFO] RtosManager:558 - Registered RTOS mode: class=RTOS, group=Core, mode=CMSIS_V1, owner=FREERTOS_M4
2025-08-04 22:12:37,994 [INFO] RtosManager:558 - Registered RTOS mode: class=RTOS, group=Core, mode=CMSIS_V2, owner=FREERTOS_M4
2025-08-04 22:12:37,994 [WARN] ModelIntegratedComponent:184 - Missing modes for component STMicroelectronics:FreeRTOS:0.0.1:STMicroelectronics:RTOS:FreeRTOS:Core:::10.2.0:
2025-08-04 22:12:38,000 [WARN] ModelIntegratedComponent:63 - No mode defined for component null
2025-08-04 22:12:38,001 [WARN] ModelIntegratedComponent:63 - No mode defined for component null
2025-08-04 22:12:38,001 [WARN] ModelIntegratedComponent:63 - No mode defined for component null
2025-08-04 22:12:38,001 [WARN] ModelIntegratedComponent:63 - No mode defined for component null
2025-08-04 22:12:38,001 [WARN] ModelIntegratedComponent:63 - No mode defined for component null
2025-08-04 22:12:38,001 [WARN] ModelIntegratedComponent:63 - No mode defined for component null
2025-08-04 22:12:38,001 [WARN] ModelIntegratedComponent:63 - No mode defined for component null
2025-08-04 22:12:38,001 [WARN] ModelIntegratedComponent:63 - No mode defined for component null
2025-08-04 22:12:38,001 [WARN] ModelIntegratedComponent:63 - No mode defined for component null
2025-08-04 22:12:38,001 [WARN] ModelIntegratedComponent:63 - No mode defined for component null
2025-08-04 22:12:38,001 [WARN] ModelIntegratedComponent:63 - No mode defined for component null
2025-08-04 22:12:38,001 [WARN] ModelIntegratedComponent:63 - No mode defined for component null
2025-08-04 22:12:38,001 [WARN] ModelIntegratedComponent:63 - No mode defined for component null
2025-08-04 22:12:38,001 [WARN] ModelIntegratedComponent:63 - No mode defined for component null
2025-08-04 22:12:38,001 [WARN] ModelIntegratedComponent:63 - No mode defined for component null
2025-08-04 22:12:38,001 [WARN] ModelIntegratedComponent:63 - No mode defined for component null
2025-08-04 22:12:38,001 [WARN] ModelIntegratedComponent:63 - No mode defined for component null
2025-08-04 22:12:38,001 [WARN] ModelIntegratedComponent:63 - No mode defined for component null
2025-08-04 22:12:38,001 [WARN] ModelIntegratedComponent:63 - No mode defined for component null
2025-08-04 22:12:38,001 [WARN] ModelIntegratedComponent:63 - No mode defined for component null
2025-08-04 22:12:38,001 [WARN] ModelIntegratedComponent:63 - No mode defined for component null
2025-08-04 22:12:38,001 [WARN] ModelIntegratedComponent:63 - No mode defined for component null
2025-08-04 22:12:38,001 [WARN] ModelIntegratedComponent:63 - No mode defined for component null
2025-08-04 22:12:38,002 [WARN] ModelIntegratedComponent:63 - No mode defined for component null
2025-08-04 22:12:38,002 [WARN] ModelIntegratedComponent:63 - No mode defined for component null
2025-08-04 22:12:38,002 [WARN] ModelIntegratedComponent:63 - No mode defined for component null
2025-08-04 22:12:38,002 [WARN] ModelIntegratedComponent:63 - No mode defined for component null
2025-08-04 22:12:38,002 [WARN] ModelIntegratedComponent:63 - No mode defined for component null
2025-08-04 22:12:38,002 [WARN] ModelIntegratedComponent:63 - No mode defined for component null
2025-08-04 22:12:38,002 [WARN] ModelIntegratedComponent:63 - No mode defined for component null
2025-08-04 22:12:38,002 [WARN] ModelIntegratedComponent:63 - No mode defined for component null
2025-08-04 22:12:38,002 [WARN] ModelIntegratedComponent:63 - No mode defined for component null
2025-08-04 22:12:38,002 [WARN] ModelIntegratedComponent:63 - No mode defined for component null
2025-08-04 22:12:38,002 [WARN] ModelIntegratedComponent:63 - No mode defined for component null
2025-08-04 22:12:38,002 [WARN] ModelIntegratedComponent:63 - No mode defined for component null
2025-08-04 22:12:38,002 [WARN] ModelPack:524 - Component already loaded: STMicroelectronics:HAL Drivers:0.0.0:STMicroelectronics:Device:STMicro_Driver:XSPI:HAL::0.0.1:HAL_XSPI
2025-08-04 22:12:38,073 [INFO] ThirdPartyModel:298 - Start build external matchings
2025-08-04 22:12:38,517 [INFO] ThirdPartyModel:316 - End build external matchings
2025-08-04 22:12:38,529 [INFO] ThirdPartyModel:298 - Start build external matchings
2025-08-04 22:12:38,975 [INFO] ThirdPartyModel:316 - End build external matchings
2025-08-04 22:12:38,983 [INFO] RtosManager:1018 - Current active RTOS is FREERTOS_M4 [CortexM4]
2025-08-04 22:12:38,984 [INFO] RtosManager:1018 - Current active RTOS is FREERTOS_M7 [CortexM7]
2025-08-04 22:12:39,221 [INFO] ApiDb:581 - Connected to CubeFinder SQLite database (C:\Users\nicks\.stmcufinder\plugins\mcufinder\mcu\cube-finder-db.db)
2025-08-04 22:12:39,310 [INFO] ApiDb:668 - CubeFinder database Data Model version=2.1
2025-08-04 22:12:39,310 [INFO] ApiDb:669 - CubeFinder database Configuration version=3.0.39
2025-08-04 22:12:39,310 [INFO] ApiDb:670 - CubeFinder database generation date=2025-07-22 (1753107327)
2025-08-04 22:12:39,310 [INFO] ApiDb:671 - CubeFinder database FW Pack versions=[FP-ATR-ASTRA1_V2.0.0, FP-SNS-FLIGHT1_V5.1.0, FP-SNS-MOTENV1_V5.0.0, FP-SNS-MOTENVWB1_V1.4.0, FP-SNS-SMARTAG2_V1.2.0, FP-SNS-STBOX1_V2.0.0, STM32Cube_FW_C0_V1.4.0, STM32Cube_FW_F4_V1.28.2, STM32Cube_FW_F7_V1.17.3, STM32Cube_FW_G0_V1.6.2, STM32Cube_FW_G4_V1.6.1, STM32Cube_FW_H5_V1.5.0, STM32Cube_FW_H7RS_V1.2.0, STM32Cube_FW_H7_V1.12.1, STM32Cube_FW_L0_V1.12.2, STM32Cube_FW_L4_V1.18.1, STM32Cube_FW_L5_V1.5.1, STM32Cube_FW_N6_V1.2.0, STM32Cube_FW_U0_V1.3.0, STM32Cube_FW_U3_V1.2.0, STM32Cube_FW_U5_V1.8.0, STM32Cube_FW_WB0_V1.3.0, STM32Cube_FW_WBA_V1.7.0, STM32Cube_FW_WB_V1.23.0, STM32Cube_FW_WL3_V1.2.0, STM32Cube_FW_WL_V1.3.1, X-CUBE-ALGOBUILD_V1.4.0, X-CUBE-ALS_V1.0.2, X-CUBE-AZRTOS-F4_V1.1.0, X-CUBE-AZRTOS-F7_V1.1.0, X-CUBE-AZRTOS-G0_V1.1.0, X-CUBE-AZRTOS-G4_V2.0.0, X-CUBE-AZRTOS-H7RS_V1.1.0, X-CUBE-AZRTOS-H7_V3.3.0, X-CUBE-AZRTOS-L4_V2.0.0, X-CUBE-AZRTOS-L5_V2.0.0, X-CUBE-AZRTOS-WB_V2.0.0, X-CUBE-AZRTOS-WL_V2.0.0, X-CUBE-BLE1_V7.1.0, X-CUBE-BLE2_V3.3.0, X-CUBE-BLEMGR_V4.0.0, X-CUBE-EEPRMA1_V5.1.0, X-CUBE-FREERTOS_V1.3.1, X-CUBE-GNSS1_V6.0.0, X-CUBE-MEMS1_V11.3.0, X-CUBE-NFC4_V3.0.0, X-CUBE-NFC7_V2.0.0, X-CUBE-SFXS2LP1_V4.0.0, X-CUBE-SUBG2_V5.0.0, X-CUBE-TOF1_V3.4.3]
2025-08-04 22:12:39,406 [INFO] DbBoardsSqlite:226 - include board P-NUCLEO-WB55-NUCLEO as a kit item of type 'Nucleo-64'
2025-08-04 22:12:39,406 [INFO] DbBoardsSqlite:226 - include board P-NUCLEO-WB55-USBDONGLE as a kit item of type 'Nucleo USB Dongle'
2025-08-04 22:12:39,407 [INFO] DbBoardsSqlite:226 - include board STEVAL-IDP005V1 as a kit item of type 'Evaluation Board'
2025-08-04 22:12:39,407 [INFO] DbBoardsSqlite:226 - include board STEVAL-IDP005V2 as a kit item of type 'Evaluation Board'
2025-08-04 22:12:39,854 [INFO] ApiDb:240 - Found 880 in-development CPN: [B-G473E-ZEST1S, B-WB1M-WPAN1, B-WBA5M-WPAN, B-WL5M-SUBG1, NUCLEO-C031C6, NUCLEO-C051C8, NUCLEO-C071RB, NUCLEO-C092RC, NUCLEO-H503RB, NUCLEO-H533RE, NUCLEO-H563ZI, NUCLEO-H7S3L8, NUCLEO-N657X0-Q, NUCLEO-U031R8, NUCLEO-U083RC, NUCLEO-U385RG-Q, NUCLEO-U545RE-Q, NUCLEO-U5A5ZJ-Q, NUCLEO-WB05KZ, NUCLEO-WB07CC, NUCLEO-WB09KE, NUCLEO-WBA52CG, NUCLEO-WBA55CG, NUCLEO-WL33CC1, NUCLEO-WL33CC2, STEVAL-PROTEUS1, STEVAL-SMARTAG2, STEVAL-STWINBX1, STM320518-EVAL, STM32C0116-DK, STM32C011D6Y3TR, STM32C011D6Y6TR, STM32C011F4P3, STM32C011F4P6, STM32C011F4U3, STM32C011F4U6TR, STM32C011F6P3, STM32C011F6P6, STM32C011F6U3, STM32C011F6U6TR, STM32C011J4M3, STM32C011J4M6, STM32C011J6M3, STM32C011J6M6, STM32C0316-DK, STM32C031C4T3, STM32C031C4T6, STM32C031C4U3, STM32C031C4U6, STM32C031C6T3, STM32C031C6T6, STM32C031C6U3, STM32C031C6U6, STM32C031F4P3, STM32C031F4P6, STM32C031F6P3, STM32C031F6P6, STM32C031G4U3, STM32C031G4U6, STM32C031G6U3, STM32C031G6U6, STM32C031K4T3, STM32C031K4T6, STM32C031K4U3, STM32C031K4U6, STM32C031K6T3, STM32C031K6T6, STM32C031K6U3, STM32C031K6U6, STM32C051C6T6, STM32C051C6U6, STM32C051C8T6, STM32C051C8U6, STM32C051D8Y6TR, STM32C051F6P6, STM32C051F8P6, STM32C051G6U6, STM32C051G8U6, STM32C051K6T6, STM32C051K6U6, STM32C051K8T6, STM32C071C8T6, STM32C071C8T6N, STM32C071C8U6, STM32C071C8U6N, STM32C071CBT6, STM32C071CBT6N, STM32C071CBU6, STM32C071CBU6N, STM32C071F8P6, STM32C071F8P6N, STM32C071FBP6, STM32C071FBP6N, STM32C071FBY6TR, STM32C071G8U6, STM32C071G8U6N, STM32C071GBU6, STM32C071GBU6N, STM32C071K8T6, STM32C071K8T6N, STM32C071K8U6, STM32C071K8U6N, STM32C071KBT6, STM32C071KBT6N, STM32C071KBU6, STM32C071KBU6N, STM32C071R8T6, STM32C071R8T6N, STM32C071RBI6N, STM32C071RBT6, STM32C071RBT6N, STM32C091CBT6, STM32C091CBU6, STM32C091CCT6, STM32C091CCU6, STM32C091ECY6TR, STM32C091FBP6, STM32C091FCP6, STM32C091GBU6, STM32C091GCU6, STM32C091KBT6, STM32C091KBU6, STM32C091KCT6, STM32C091KCU6, STM32C091RBT6, STM32C091RCI6, STM32C091RCT6, STM32C092CBT6, STM32C092CBU6, STM32C092CCT6, STM32C092CCU6, STM32C092ECY6TR, STM32C092FBP6, STM32C092FCP6, STM32C092GBU6, STM32C092GCU6, STM32C092KBT6, STM32C092KBU6, STM32C092KCT6, STM32C092KCU6, STM32C092RBT6, STM32C092RCI6, STM32C092RCT6, STM32G071K8TXN, STM32G071K8UXN, STM32G081GBU6N, STM32G081KBT6N, STM32G081KBUXN, STM32G0B1CCT6N, STM32G0B1KCT6, STM32G0B1NEY6TR, STM32G0B1RCT6N, STM32G0C1CCT6, STM32G0C1CCT6N, STM32G0C1CCU6N, STM32G0C1CET6N, STM32G0C1CEU6N, STM32G0C1KCT6, STM32G0C1NEY6TR, STM32G0C1RCI6N, STM32G0C1RCT6N, STM32G0C1REI6N, STM32G0C1RET6N, STM32G0C1VCI6, STM32G0C1VEI6, STM32G411C6T3, STM32G411C6T6, STM32G411C6U3, STM32G411C6U6, STM32G411C8T3, STM32G411C8T6, STM32G411C8U3, STM32G411C8U6, STM32G411CBT3, STM32G411CBT6, STM32G411CBU3, STM32G411CBU6, STM32G411K6T3, STM32G411K6T6, STM32G411K6U3, STM32G411K6U6, STM32G411K8T3, STM32G411K8T6, STM32G411K8U3, STM32G411K8U6, STM32G411KBT3, STM32G411KBT6, STM32G411KBU3, STM32G411KBU6, STM32G411M6T3, STM32G411M6T6, STM32G411M8T3, STM32G411M8T6, STM32G411MBT3, STM32G411MBT6, STM32G411R6T3, STM32G411R6T6, STM32G411R8T3, STM32G411R8T6, STM32G411RBT3, STM32G411RBT6, STM32G414CBT3, STM32G414CBT6, STM32G414CBU3, STM32G414CBU6, STM32G414CCT3, STM32G414CCT6, STM32G414CCU3, STM32G414CCU6, STM32G414MBT3, STM32G414MBT6, STM32G414MCT3, STM32G414MCT6, STM32G414RBT3, STM32G414RBT6, STM32G414RCT3, STM32G414RCT6, STM32G414VBT3, STM32G414VBT6, STM32G414VCT3, STM32G414VCT6, STM32G431CBT3Z, STM32G431RBT3Z, STM32G471CCT6, STM32G471CCU6, STM32G471CET3, STM32G471CET6, STM32G471CEU3, STM32G471CEU6, STM32G471MCT6, STM32G471MET3, STM32G471MET6, STM32G471MEY6TR, STM32G471QCT6, STM32G471QET3, STM32G471RCT6, STM32G471RET3, STM32G471RET6, STM32G471VCH6, STM32G471VCI6, STM32G471VCT6, STM32G471VEH3, STM32G471VEH6, STM32G471VEI3, STM32G471VEI6, STM32G471VET3, STM32G471VET6, STM32G473QET3Z, STM32G473RET3Z, STM32G474CCT6, STM32G491RET3Z, STM32H503CBT6, STM32H503CBU6, STM32H503EBY6TR, STM32H503KBU6, STM32H503RBT6, STM32H523CCT6, STM32H523CCU6, STM32H523CET6, STM32H523CEU6, STM32H523HEY6TR, STM32H523RCT6, STM32H523RET6, STM32H523VCI6, STM32H523VCT6, STM32H523VEI6, STM32H523VET6, STM32H523ZCJ6, STM32H523ZCT6, STM32H523ZEJ6, STM32H523ZET6, STM32H533CET6, STM32H533CEU6, STM32H533HEY6TR, STM32H533RET6, STM32H533VEI6, STM32H533VET6, STM32H533ZEJ6, STM32H533ZET6, STM32H562AGI6, STM32H562AII6, STM32H562IGK6, STM32H562IGT6, STM32H562IIK6, STM32H562IIT6, STM32H562RGT6, STM32H562RGV6, STM32H562RIT6, STM32H562RIV6, STM32H562VGT6, STM32H562VIT6, STM32H562ZGT6, STM32H562ZIT6, STM32H563AGI6, STM32H563AII3Q, STM32H563AII6, STM32H563IGK6, STM32H563IGT6, STM32H563IIK3Q, STM32H563IIK6, STM32H563IIT3Q, STM32H563IIT6, STM32H563MIY3QTR, STM32H563RGT6, STM32H563RGV6, STM32H563RIT6, STM32H563RIV6, STM32H563VGT6, STM32H563VIT3Q, STM32H563VIT6, STM32H563ZGT6, STM32H563ZIT3Q, STM32H563ZIT6, STM32H573AII3Q, STM32H573AII6, STM32H573I-DK, STM32H573IIK3Q, STM32H573IIK6, STM32H573IIT3Q, STM32H573IIT6, STM32H573MIY3QTR, STM32H573RIT6, STM32H573RIV6, STM32H573VIT3Q, STM32H573VIT6, STM32H573ZIT3Q, STM32H573ZIT6, STM32H7R3A8I6, STM32H7R3I8K6, STM32H7R3I8T6, STM32H7R3L8H6, STM32H7R3L8H6H, STM32H7R3R8V6, STM32H7R3V8H6, STM32H7R3V8T6, STM32H7R3V8Y6TR, STM32H7R3Z8J6, STM32H7R3Z8T6, STM32H7R7A8I6, STM32H7R7I8K6, STM32H7R7I8T6, STM32H7R7L8H6, STM32H7R7L8H6H, STM32H7R7Z8J6, STM32H7S3A8I6, STM32H7S3I8K6, STM32H7S3I8T6, STM32H7S3L8H6, STM32H7S3L8H6H, STM32H7S3R8V6, STM32H7S3V8H6, STM32H7S3V8T6, STM32H7S3V8Y6TR, STM32H7S3Z8J6, STM32H7S3Z8T6, STM32H7S78-DK, STM32H7S7A8I6, STM32H7S7I8K6, STM32H7S7I8T6, STM32H7S7L8H6, STM32H7S7L8H6H, STM32H7S7Z8J6, STM32L4R5QGI6STR, STM32MP131AAE3, STM32MP131AAF3, STM32MP131AAG3, STM32MP131CAE3, STM32MP131CAF3, STM32MP131CAG3, STM32MP131DAE7, STM32MP131DAF7, STM32MP131DAG7, STM32MP131FAE7, STM32MP131FAF7, STM32MP131FAG7, STM32MP133AAE3, STM32MP133AAF3, STM32MP133AAG3, STM32MP133CAE3, STM32MP133CAF3, STM32MP133CAG3, STM32MP133DAE7, STM32MP133DAF7, STM32MP133DAG7, STM32MP133FAE7, STM32MP133FAF7, STM32MP133FAG7, STM32MP135AAE3, STM32MP135AAF3, STM32MP135AAG3, STM32MP135CAE3, STM32MP135CAF3, STM32MP135CAG3, STM32MP135DAE7, STM32MP135DAF7, STM32MP135DAG7, STM32MP135F-DK, STM32MP135FAE7, STM32MP135FAF7, STM32MP135FAF7T, STM32MP135FAF7U, STM32MP135FAG7, STM32MP211AAL3, STM32MP211AAM3, STM32MP211AAN3, STM32MP211AAO3, STM32MP211CAL3, STM32MP211CAM3, STM32MP211CAN3, STM32MP211CAO3, STM32MP211DAL3, STM32MP211DAM3, STM32MP211DAN3, STM32MP211DAO3, STM32MP211FAL3, STM32MP211FAM3, STM32MP211FAN3, STM32MP211FAO3, STM32MP213AAL3, STM32MP213AAM3, STM32MP213AAN3, STM32MP213AAO3, STM32MP213CAL3, STM32MP213CAM3, STM32MP213CAN3, STM32MP213CAO3, STM32MP213DAL3, STM32MP213DAM3, STM32MP213DAN3, STM32MP213DAO3, STM32MP213FAL3, STM32MP213FAM3, STM32MP213FAN3, STM32MP213FAO3, STM32MP215AAL3, STM32MP215AAM3, STM32MP215AAN3, STM32MP215AAO3, STM32MP215CAL3, STM32MP215CAM3, STM32MP215CAN3, STM32MP215CAO3, STM32MP215DAL3, STM32MP215DAM3, STM32MP215DAN3, STM32MP215DAO3, STM32MP215F-DK, STM32MP215FAL3, STM32MP215FAM3, STM32MP215FAN3, STM32MP215FAO3, STM32MP231AAJ3, STM32MP231AAK3, STM32MP231AAL3, STM32MP231CAJ3, STM32MP231CAK3, STM32MP231CAL3, STM32MP231DAJ3, STM32MP231DAK3, STM32MP231DAL3, STM32MP231FAJ3, STM32MP231FAK3, STM32MP231FAL3, STM32MP233AAJ3, STM32MP233AAK3, STM32MP233AAL3, STM32MP233CAJ3, STM32MP233CAK3, STM32MP233CAL3, STM32MP233DAJ3, STM32MP233DAK3, STM32MP233DAL3, STM32MP233FAJ3, STM32MP233FAK3, STM32MP233FAL3, STM32MP235AAJ3, STM32MP235AAK3, STM32MP235AAL3, STM32MP235CAJ3, STM32MP235CAK3, STM32MP235CAL3, STM32MP235DAJ3, STM32MP235DAK3, STM32MP235DAL3, STM32MP235FAJ3, STM32MP235FAK3, STM32MP235FAL3, STM32MP251AAI3, STM32MP251AAK3, STM32MP251AAL3, STM32MP251CAI3, STM32MP251CAK3, STM32MP251CAL3, STM32MP251DAI3, STM32MP251DAK3, STM32MP251DAL3, STM32MP251FAI3, STM32MP251FAK3, STM32MP251FAL3, STM32MP253AAI3, STM32MP253AAK3, STM32MP253AAL3, STM32MP253CAI3, STM32MP253CAK3, STM32MP253CAL3, STM32MP253DAI3, STM32MP253DAK3, STM32MP253DAL3, STM32MP253FAI3, STM32MP253FAK3, STM32MP253FAL3, STM32MP255AAI3, STM32MP255AAK3, STM32MP255AAL3, STM32MP255CAI3, STM32MP255CAK3, STM32MP255CAL3, STM32MP255DAI3, STM32MP255DAK3, STM32MP255DAL3, STM32MP255FAI3, STM32MP255FAK3, STM32MP255FAL3, STM32MP257AAI3, STM32MP257AAK3, STM32MP257AAL3, STM32MP257CAI3, STM32MP257CAK3, STM32MP257CAL3, STM32MP257DAI3, STM32MP257DAK3, STM32MP257DAL3, STM32MP257F-DK, STM32MP257F-EV1, STM32MP257FAI3, STM32MP257FAK3, STM32MP257FAL3, STM32N645A0H3Q, STM32N645B0H3Q, STM32N645I0H3Q, STM32N645L0H3Q, STM32N645X0H3Q, STM32N645Z0H3Q, STM32N647A0H3Q, STM32N647B0H3Q, STM32N647I0H3Q, STM32N647L0H3Q, STM32N647X0H3Q, STM32N647Z0H3Q, STM32N655A0H3Q, STM32N655B0H3Q, STM32N655I0H3Q, STM32N655L0H3Q, STM32N655X0H3Q, STM32N655Z0H3Q, STM32N6570-DK, STM32N657A0H3Q, STM32N657B0H3Q, STM32N657I0H3Q, STM32N657L0H3Q, STM32N657X0H3Q, STM32N657Z0H3Q, STM32U031C6T6, STM32U031C6U6, STM32U031C8T6, STM32U031C8U6, STM32U031F4P6, STM32U031F6P6, STM32U031F8P6, STM32U031G6Y6TR, STM32U031G8Y6TR, STM32U031K4U6, STM32U031K6U6, STM32U031K8U6, STM32U031R6I6, STM32U031R6T6, STM32U031R8I6, STM32U031R8T6, STM32U073C8T6, STM32U073C8U6, STM32U073CBT6, STM32U073CBU6, STM32U073CCT6, STM32U073CCU6, STM32U073H8Y6TR, STM32U073HBY6TR, STM32U073HCY6TR, STM32U073K8U6, STM32U073KBU6, STM32U073KCU6, STM32U073M8I6, STM32U073M8T6, STM32U073MBI6, STM32U073MBT6, STM32U073MCI6, STM32U073MCT6, STM32U073R8I6, STM32U073R8T6, STM32U073RBI6, STM32U073RBT6, STM32U073RCI6, STM32U073RCT6, STM32U083C-DK, STM32U083CCT6, STM32U083CCU6, STM32U083HCY6TR, STM32U083KCU6, STM32U083MCI6, STM32U083MCT6, STM32U083RCI6, STM32U083RCT6, STM32U375CET6, STM32U375CET6Q, STM32U375CEU6, STM32U375CEU6Q, STM32U375CEY6QTR, STM32U375CGT6, STM32U375CGT6Q, STM32U375CGU6, STM32U375CGU6Q, STM32U375CGY6QTR, STM32U375KEU6, STM32U375KGU6, STM32U375REI6, STM32U375REI6Q, STM32U375RET6, STM32U375RET6Q, STM32U375REY6GTR, STM32U375REY6QTR, STM32U375RGI6, STM32U375RGI6Q, STM32U375RGT6, STM32U375RGT6Q, STM32U375RGY6GTR, STM32U375RGY6QTR, STM32U375VEI6, STM32U375VEI6Q, STM32U375VET6, STM32U375VET6Q, STM32U375VGI6, STM32U375VGI6Q, STM32U375VGT6, STM32U375VGT6Q, STM32U385CGT6, STM32U385CGT6Q, STM32U385CGU6, STM32U385CGU6Q, STM32U385CGY6QTR, STM32U385KGU6, STM32U385RGI6, STM32U385RGI6Q, STM32U385RGT6, STM32U385RGT6Q, STM32U385RGY6GTR, STM32U385RGY6QTR, STM32U385VGI6, STM32U385VGI6Q, STM32U385VGT6, STM32U385VGT6Q, STM32U535CBT6, STM32U535CBT6Q, STM32U535CBU6, STM32U535CBU6Q, STM32U535CCT6, STM32U535CCT6Q, STM32U535CCU6, STM32U535CCU6Q, STM32U535CET6, STM32U535CET6Q, STM32U535CEU6, STM32U535CEU6Q, STM32U535JEY6QTR, STM32U535NCY6QTR, STM32U535NEY6QTR, STM32U535RBI6, STM32U535RBI6Q, STM32U535RBT6, STM32U535RBT6Q, STM32U535RCI6, STM32U535RCI6Q, STM32U535RCT6, STM32U535RCT6Q, STM32U535REI6, STM32U535REI6Q, STM32U535RET6, STM32U535RET6Q, STM32U535VCI6, STM32U535VCI6Q, STM32U535VCT6, STM32U535VCT6Q, STM32U535VEI6, STM32U535VEI6Q, STM32U535VET6, STM32U535VET6Q, STM32U545CET6, STM32U545CET6Q, STM32U545CEU6, STM32U545CEU6Q, STM32U545JEY6QTR, STM32U545NEY6QTR, STM32U545REI6, STM32U545REI6Q, STM32U545RET6, STM32U545RET6Q, STM32U545VEI6, STM32U545VEI6Q, STM32U545VET6, STM32U545VET6Q, STM32U595AIH6, STM32U595AIH6Q, STM32U595AJH6, STM32U595AJH6Q, STM32U595QII6, STM32U595QII6Q, STM32U595QJI6, STM32U595QJI6Q, STM32U595RIT6, STM32U595RIT6Q, STM32U595RJT6, STM32U595RJT6Q, STM32U595VIT6, STM32U595VIT6Q, STM32U595VJT6, STM32U595VJT6Q, STM32U595ZIT6, STM32U595ZIT6Q, STM32U595ZIY6QTR, STM32U595ZJT6, STM32U595ZJT6Q, STM32U595ZJY6QTR, STM32U599BJY6QTR, STM32U599NIH6Q, STM32U599NJH6Q, STM32U599VIT6Q, STM32U599VJT6, STM32U599VJT6Q, STM32U599ZIT6Q, STM32U599ZIY6QTR, STM32U599ZJT6Q, STM32U599ZJY6QTR, STM32U5A5AJH6, STM32U5A5AJH6Q, STM32U5A5QII3Q , STM32U5A5QJI6, STM32U5A5QJI6Q, STM32U5A5RJT6, STM32U5A5RJT6Q, STM32U5A5VJT6, STM32U5A5VJT6Q, STM32U5A5ZJT6, STM32U5A5ZJT6Q, STM32U5A5ZJY6QTR, STM32U5A9BJY6QTR, STM32U5A9J-DK, STM32U5A9NJH6Q, STM32U5A9VJT6Q, STM32U5A9ZJT6Q, STM32U5A9ZJY6QTR, STM32U5F7VIT6, STM32U5F7VIT6Q, STM32U5F7VJT6, STM32U5F7VJT6Q, STM32U5F9BJY6QTR, STM32U5F9NJH6Q, STM32U5F9VIT6Q, STM32U5F9VJT6Q, STM32U5F9ZIJ6QTR, STM32U5F9ZIT6Q, STM32U5F9ZJJ6QTR, STM32U5F9ZJT6Q, STM32U5G7VJT6, STM32U5G7VJT6Q, STM32U5G9BJY6QTR, STM32U5G9J-DK1, STM32U5G9J-DK2, STM32U5G9NJH6Q, STM32U5G9VJT6Q, STM32U5G9ZJJ6QTR, STM32U5G9ZJT6Q, STM32WB05KZV6TR, STM32WB05KZV7TR, STM32WB05TZF6TR, STM32WB05TZF7TR, STM32WB06CCF6TR, STM32WB06CCF7TR, STM32WB06CCV6TR, STM32WB06CCV7TR, STM32WB06KCV6TR, STM32WB06KCV7TR, STM32WB07CCF6TR, STM32WB07CCF7TR, STM32WB07CCV6TR, STM32WB07CCV7TR, STM32WB07KCV6TR, STM32WB07KCV7TR, STM32WB09KEV6TR, STM32WB09KEV7TR, STM32WB09TEF6TR, STM32WB09TEF7TR, STM32WB1MMCH6, STM32WBA50KGU6, STM32WBA50KGU6TR, STM32WBA52CEU6, STM32WBA52CEU6TR, STM32WBA52CEU7, STM32WBA52CEU7TR, STM32WBA52CGU6, STM32WBA52CGU6TR, STM32WBA52CGU6U, STM32WBA52CGU7, STM32WBA52CGU7TR, STM32WBA52KEU6, STM32WBA52KEU6TR, STM32WBA52KGU6, STM32WBA52KGU6TR, STM32WBA54CEU6, STM32WBA54CEU6TR, STM32WBA54CEU7, STM32WBA54CEU7TR, STM32WBA54CGU6, STM32WBA54CGU6TR, STM32WBA54CGU7, STM32WBA54CGU7TR, STM32WBA54KEU6, STM32WBA54KEU6TR, STM32WBA54KEU7, STM32WBA54KEU7TR, STM32WBA54KGU6, STM32WBA54KGU6TR, STM32WBA54KGU7, STM32WBA54KGU7TR, STM32WBA55CEU6, STM32WBA55CEU6TR, STM32WBA55CEU7, STM32WBA55CEU7TR, STM32WBA55CGU6, STM32WBA55CGU6TR, STM32WBA55CGU6U, STM32WBA55CGU7, STM32WBA55CGU7TR, STM32WBA55G-DK1, STM32WBA55HEF6, STM32WBA55HEF7, STM32WBA55HGF6, STM32WBA55HGF7, STM32WBA55UEI6, STM32WBA55UEI6TR, STM32WBA55UEI7, STM32WBA55UEI7TR, STM32WBA55UGI6, STM32WBA55UGI6TR, STM32WBA55UGI7, STM32WBA55UGI7TR, STM32WBA5MMGH6TR, STM32WBA62MGF6, STM32WBA62MIF6, STM32WBA65MGF7, STM32WBA65MIF6, STM32WBA65MIF7, STM32WL30K8V6, STM32WL30KBV6, STM32WL31C8V6, STM32WL31CBV6, STM32WL31K8V6, STM32WL31KBV6, STM32WL33C8V6, STM32WL33C8V6X, STM32WL33CBV6, STM32WL33CBV6X, STM32WL33CCV6, STM32WL33CCV6A, STM32WL33CCV6X, STM32WL33K8V7, STM32WL33K8V7X, STM32WL33KBV7 , STM32WL33KBV7X, STM32WL33KCV7, STM32WL33KCV7X, STM32WL5MOCH6, STM32WL5MOCH6TR]
2025-08-04 22:12:40,034 [INFO] BoardInfo:889 - No configuration file found for board P-NUCLEO-WB55
2025-08-04 22:12:40,035 [INFO] DbBoards:161 - Kit is not supported: P-NUCLEO-WB55
2025-08-04 22:12:40,042 [INFO] BoardInfo:889 - No configuration file found for board STEVAL-BFA001V1B
2025-08-04 22:12:40,043 [INFO] DbBoards:161 - Kit is not supported: STEVAL-BFA001V1B
2025-08-04 22:12:40,044 [INFO] BoardInfo:889 - No configuration file found for board STEVAL-BFA001V2B
2025-08-04 22:12:40,046 [INFO] DbBoards:161 - Kit is not supported: STEVAL-BFA001V2B
2025-08-04 22:12:40,225 [INFO] DbBoards:168 - Found 212 boards, 209 are supported
2025-08-04 22:12:40,225 [INFO] DbBoards:169 - Found 212 boards, 43 of them is supported for  Bsp
2025-08-04 22:12:40,227 [INFO] ApiDb:668 - CubeFinder database Data Model version=2.1
2025-08-04 22:12:40,227 [INFO] ApiDb:669 - CubeFinder database Configuration version=3.0.39
2025-08-04 22:12:40,228 [INFO] ApiDb:670 - CubeFinder database generation date=2025-07-22 (1753107327)
2025-08-04 22:12:40,228 [INFO] ApiDb:671 - CubeFinder database FW Pack versions=[FP-ATR-ASTRA1_V2.0.0, FP-SNS-FLIGHT1_V5.1.0, FP-SNS-MOTENV1_V5.0.0, FP-SNS-MOTENVWB1_V1.4.0, FP-SNS-SMARTAG2_V1.2.0, FP-SNS-STBOX1_V2.0.0, STM32Cube_FW_C0_V1.4.0, STM32Cube_FW_F4_V1.28.2, STM32Cube_FW_F7_V1.17.3, STM32Cube_FW_G0_V1.6.2, STM32Cube_FW_G4_V1.6.1, STM32Cube_FW_H5_V1.5.0, STM32Cube_FW_H7RS_V1.2.0, STM32Cube_FW_H7_V1.12.1, STM32Cube_FW_L0_V1.12.2, STM32Cube_FW_L4_V1.18.1, STM32Cube_FW_L5_V1.5.1, STM32Cube_FW_N6_V1.2.0, STM32Cube_FW_U0_V1.3.0, STM32Cube_FW_U3_V1.2.0, STM32Cube_FW_U5_V1.8.0, STM32Cube_FW_WB0_V1.3.0, STM32Cube_FW_WBA_V1.7.0, STM32Cube_FW_WB_V1.23.0, STM32Cube_FW_WL3_V1.2.0, STM32Cube_FW_WL_V1.3.1, X-CUBE-ALGOBUILD_V1.4.0, X-CUBE-ALS_V1.0.2, X-CUBE-AZRTOS-F4_V1.1.0, X-CUBE-AZRTOS-F7_V1.1.0, X-CUBE-AZRTOS-G0_V1.1.0, X-CUBE-AZRTOS-G4_V2.0.0, X-CUBE-AZRTOS-H7RS_V1.1.0, X-CUBE-AZRTOS-H7_V3.3.0, X-CUBE-AZRTOS-L4_V2.0.0, X-CUBE-AZRTOS-L5_V2.0.0, X-CUBE-AZRTOS-WB_V2.0.0, X-CUBE-AZRTOS-WL_V2.0.0, X-CUBE-BLE1_V7.1.0, X-CUBE-BLE2_V3.3.0, X-CUBE-BLEMGR_V4.0.0, X-CUBE-EEPRMA1_V5.1.0, X-CUBE-FREERTOS_V1.3.1, X-CUBE-GNSS1_V6.0.0, X-CUBE-MEMS1_V11.3.0, X-CUBE-NFC4_V3.0.0, X-CUBE-NFC7_V2.0.0, X-CUBE-SFXS2LP1_V4.0.0, X-CUBE-SUBG2_V5.0.0, X-CUBE-TOF1_V3.4.3]
2025-08-04 22:12:41,704 [INFO] ApiDb:240 - Found 880 in-development CPN: [B-G473E-ZEST1S, B-WB1M-WPAN1, B-WBA5M-WPAN, B-WL5M-SUBG1, NUCLEO-C031C6, NUCLEO-C051C8, NUCLEO-C071RB, NUCLEO-C092RC, NUCLEO-H503RB, NUCLEO-H533RE, NUCLEO-H563ZI, NUCLEO-H7S3L8, NUCLEO-N657X0-Q, NUCLEO-U031R8, NUCLEO-U083RC, NUCLEO-U385RG-Q, NUCLEO-U545RE-Q, NUCLEO-U5A5ZJ-Q, NUCLEO-WB05KZ, NUCLEO-WB07CC, NUCLEO-WB09KE, NUCLEO-WBA52CG, NUCLEO-WBA55CG, NUCLEO-WL33CC1, NUCLEO-WL33CC2, STEVAL-PROTEUS1, STEVAL-SMARTAG2, STEVAL-STWINBX1, STM320518-EVAL, STM32C0116-DK, STM32C011D6Y3TR, STM32C011D6Y6TR, STM32C011F4P3, STM32C011F4P6, STM32C011F4U3, STM32C011F4U6TR, STM32C011F6P3, STM32C011F6P6, STM32C011F6U3, STM32C011F6U6TR, STM32C011J4M3, STM32C011J4M6, STM32C011J6M3, STM32C011J6M6, STM32C0316-DK, STM32C031C4T3, STM32C031C4T6, STM32C031C4U3, STM32C031C4U6, STM32C031C6T3, STM32C031C6T6, STM32C031C6U3, STM32C031C6U6, STM32C031F4P3, STM32C031F4P6, STM32C031F6P3, STM32C031F6P6, STM32C031G4U3, STM32C031G4U6, STM32C031G6U3, STM32C031G6U6, STM32C031K4T3, STM32C031K4T6, STM32C031K4U3, STM32C031K4U6, STM32C031K6T3, STM32C031K6T6, STM32C031K6U3, STM32C031K6U6, STM32C051C6T6, STM32C051C6U6, STM32C051C8T6, STM32C051C8U6, STM32C051D8Y6TR, STM32C051F6P6, STM32C051F8P6, STM32C051G6U6, STM32C051G8U6, STM32C051K6T6, STM32C051K6U6, STM32C051K8T6, STM32C071C8T6, STM32C071C8T6N, STM32C071C8U6, STM32C071C8U6N, STM32C071CBT6, STM32C071CBT6N, STM32C071CBU6, STM32C071CBU6N, STM32C071F8P6, STM32C071F8P6N, STM32C071FBP6, STM32C071FBP6N, STM32C071FBY6TR, STM32C071G8U6, STM32C071G8U6N, STM32C071GBU6, STM32C071GBU6N, STM32C071K8T6, STM32C071K8T6N, STM32C071K8U6, STM32C071K8U6N, STM32C071KBT6, STM32C071KBT6N, STM32C071KBU6, STM32C071KBU6N, STM32C071R8T6, STM32C071R8T6N, STM32C071RBI6N, STM32C071RBT6, STM32C071RBT6N, STM32C091CBT6, STM32C091CBU6, STM32C091CCT6, STM32C091CCU6, STM32C091ECY6TR, STM32C091FBP6, STM32C091FCP6, STM32C091GBU6, STM32C091GCU6, STM32C091KBT6, STM32C091KBU6, STM32C091KCT6, STM32C091KCU6, STM32C091RBT6, STM32C091RCI6, STM32C091RCT6, STM32C092CBT6, STM32C092CBU6, STM32C092CCT6, STM32C092CCU6, STM32C092ECY6TR, STM32C092FBP6, STM32C092FCP6, STM32C092GBU6, STM32C092GCU6, STM32C092KBT6, STM32C092KBU6, STM32C092KCT6, STM32C092KCU6, STM32C092RBT6, STM32C092RCI6, STM32C092RCT6, STM32G071K8TXN, STM32G071K8UXN, STM32G081GBU6N, STM32G081KBT6N, STM32G081KBUXN, STM32G0B1CCT6N, STM32G0B1KCT6, STM32G0B1NEY6TR, STM32G0B1RCT6N, STM32G0C1CCT6, STM32G0C1CCT6N, STM32G0C1CCU6N, STM32G0C1CET6N, STM32G0C1CEU6N, STM32G0C1KCT6, STM32G0C1NEY6TR, STM32G0C1RCI6N, STM32G0C1RCT6N, STM32G0C1REI6N, STM32G0C1RET6N, STM32G0C1VCI6, STM32G0C1VEI6, STM32G411C6T3, STM32G411C6T6, STM32G411C6U3, STM32G411C6U6, STM32G411C8T3, STM32G411C8T6, STM32G411C8U3, STM32G411C8U6, STM32G411CBT3, STM32G411CBT6, STM32G411CBU3, STM32G411CBU6, STM32G411K6T3, STM32G411K6T6, STM32G411K6U3, STM32G411K6U6, STM32G411K8T3, STM32G411K8T6, STM32G411K8U3, STM32G411K8U6, STM32G411KBT3, STM32G411KBT6, STM32G411KBU3, STM32G411KBU6, STM32G411M6T3, STM32G411M6T6, STM32G411M8T3, STM32G411M8T6, STM32G411MBT3, STM32G411MBT6, STM32G411R6T3, STM32G411R6T6, STM32G411R8T3, STM32G411R8T6, STM32G411RBT3, STM32G411RBT6, STM32G414CBT3, STM32G414CBT6, STM32G414CBU3, STM32G414CBU6, STM32G414CCT3, STM32G414CCT6, STM32G414CCU3, STM32G414CCU6, STM32G414MBT3, STM32G414MBT6, STM32G414MCT3, STM32G414MCT6, STM32G414RBT3, STM32G414RBT6, STM32G414RCT3, STM32G414RCT6, STM32G414VBT3, STM32G414VBT6, STM32G414VCT3, STM32G414VCT6, STM32G431CBT3Z, STM32G431RBT3Z, STM32G471CCT6, STM32G471CCU6, STM32G471CET3, STM32G471CET6, STM32G471CEU3, STM32G471CEU6, STM32G471MCT6, STM32G471MET3, STM32G471MET6, STM32G471MEY6TR, STM32G471QCT6, STM32G471QET3, STM32G471RCT6, STM32G471RET3, STM32G471RET6, STM32G471VCH6, STM32G471VCI6, STM32G471VCT6, STM32G471VEH3, STM32G471VEH6, STM32G471VEI3, STM32G471VEI6, STM32G471VET3, STM32G471VET6, STM32G473QET3Z, STM32G473RET3Z, STM32G474CCT6, STM32G491RET3Z, STM32H503CBT6, STM32H503CBU6, STM32H503EBY6TR, STM32H503KBU6, STM32H503RBT6, STM32H523CCT6, STM32H523CCU6, STM32H523CET6, STM32H523CEU6, STM32H523HEY6TR, STM32H523RCT6, STM32H523RET6, STM32H523VCI6, STM32H523VCT6, STM32H523VEI6, STM32H523VET6, STM32H523ZCJ6, STM32H523ZCT6, STM32H523ZEJ6, STM32H523ZET6, STM32H533CET6, STM32H533CEU6, STM32H533HEY6TR, STM32H533RET6, STM32H533VEI6, STM32H533VET6, STM32H533ZEJ6, STM32H533ZET6, STM32H562AGI6, STM32H562AII6, STM32H562IGK6, STM32H562IGT6, STM32H562IIK6, STM32H562IIT6, STM32H562RGT6, STM32H562RGV6, STM32H562RIT6, STM32H562RIV6, STM32H562VGT6, STM32H562VIT6, STM32H562ZGT6, STM32H562ZIT6, STM32H563AGI6, STM32H563AII3Q, STM32H563AII6, STM32H563IGK6, STM32H563IGT6, STM32H563IIK3Q, STM32H563IIK6, STM32H563IIT3Q, STM32H563IIT6, STM32H563MIY3QTR, STM32H563RGT6, STM32H563RGV6, STM32H563RIT6, STM32H563RIV6, STM32H563VGT6, STM32H563VIT3Q, STM32H563VIT6, STM32H563ZGT6, STM32H563ZIT3Q, STM32H563ZIT6, STM32H573AII3Q, STM32H573AII6, STM32H573I-DK, STM32H573IIK3Q, STM32H573IIK6, STM32H573IIT3Q, STM32H573IIT6, STM32H573MIY3QTR, STM32H573RIT6, STM32H573RIV6, STM32H573VIT3Q, STM32H573VIT6, STM32H573ZIT3Q, STM32H573ZIT6, STM32H7R3A8I6, STM32H7R3I8K6, STM32H7R3I8T6, STM32H7R3L8H6, STM32H7R3L8H6H, STM32H7R3R8V6, STM32H7R3V8H6, STM32H7R3V8T6, STM32H7R3V8Y6TR, STM32H7R3Z8J6, STM32H7R3Z8T6, STM32H7R7A8I6, STM32H7R7I8K6, STM32H7R7I8T6, STM32H7R7L8H6, STM32H7R7L8H6H, STM32H7R7Z8J6, STM32H7S3A8I6, STM32H7S3I8K6, STM32H7S3I8T6, STM32H7S3L8H6, STM32H7S3L8H6H, STM32H7S3R8V6, STM32H7S3V8H6, STM32H7S3V8T6, STM32H7S3V8Y6TR, STM32H7S3Z8J6, STM32H7S3Z8T6, STM32H7S78-DK, STM32H7S7A8I6, STM32H7S7I8K6, STM32H7S7I8T6, STM32H7S7L8H6, STM32H7S7L8H6H, STM32H7S7Z8J6, STM32L4R5QGI6STR, STM32MP131AAE3, STM32MP131AAF3, STM32MP131AAG3, STM32MP131CAE3, STM32MP131CAF3, STM32MP131CAG3, STM32MP131DAE7, STM32MP131DAF7, STM32MP131DAG7, STM32MP131FAE7, STM32MP131FAF7, STM32MP131FAG7, STM32MP133AAE3, STM32MP133AAF3, STM32MP133AAG3, STM32MP133CAE3, STM32MP133CAF3, STM32MP133CAG3, STM32MP133DAE7, STM32MP133DAF7, STM32MP133DAG7, STM32MP133FAE7, STM32MP133FAF7, STM32MP133FAG7, STM32MP135AAE3, STM32MP135AAF3, STM32MP135AAG3, STM32MP135CAE3, STM32MP135CAF3, STM32MP135CAG3, STM32MP135DAE7, STM32MP135DAF7, STM32MP135DAG7, STM32MP135F-DK, STM32MP135FAE7, STM32MP135FAF7, STM32MP135FAF7T, STM32MP135FAF7U, STM32MP135FAG7, STM32MP211AAL3, STM32MP211AAM3, STM32MP211AAN3, STM32MP211AAO3, STM32MP211CAL3, STM32MP211CAM3, STM32MP211CAN3, STM32MP211CAO3, STM32MP211DAL3, STM32MP211DAM3, STM32MP211DAN3, STM32MP211DAO3, STM32MP211FAL3, STM32MP211FAM3, STM32MP211FAN3, STM32MP211FAO3, STM32MP213AAL3, STM32MP213AAM3, STM32MP213AAN3, STM32MP213AAO3, STM32MP213CAL3, STM32MP213CAM3, STM32MP213CAN3, STM32MP213CAO3, STM32MP213DAL3, STM32MP213DAM3, STM32MP213DAN3, STM32MP213DAO3, STM32MP213FAL3, STM32MP213FAM3, STM32MP213FAN3, STM32MP213FAO3, STM32MP215AAL3, STM32MP215AAM3, STM32MP215AAN3, STM32MP215AAO3, STM32MP215CAL3, STM32MP215CAM3, STM32MP215CAN3, STM32MP215CAO3, STM32MP215DAL3, STM32MP215DAM3, STM32MP215DAN3, STM32MP215DAO3, STM32MP215F-DK, STM32MP215FAL3, STM32MP215FAM3, STM32MP215FAN3, STM32MP215FAO3, STM32MP231AAJ3, STM32MP231AAK3, STM32MP231AAL3, STM32MP231CAJ3, STM32MP231CAK3, STM32MP231CAL3, STM32MP231DAJ3, STM32MP231DAK3, STM32MP231DAL3, STM32MP231FAJ3, STM32MP231FAK3, STM32MP231FAL3, STM32MP233AAJ3, STM32MP233AAK3, STM32MP233AAL3, STM32MP233CAJ3, STM32MP233CAK3, STM32MP233CAL3, STM32MP233DAJ3, STM32MP233DAK3, STM32MP233DAL3, STM32MP233FAJ3, STM32MP233FAK3, STM32MP233FAL3, STM32MP235AAJ3, STM32MP235AAK3, STM32MP235AAL3, STM32MP235CAJ3, STM32MP235CAK3, STM32MP235CAL3, STM32MP235DAJ3, STM32MP235DAK3, STM32MP235DAL3, STM32MP235FAJ3, STM32MP235FAK3, STM32MP235FAL3, STM32MP251AAI3, STM32MP251AAK3, STM32MP251AAL3, STM32MP251CAI3, STM32MP251CAK3, STM32MP251CAL3, STM32MP251DAI3, STM32MP251DAK3, STM32MP251DAL3, STM32MP251FAI3, STM32MP251FAK3, STM32MP251FAL3, STM32MP253AAI3, STM32MP253AAK3, STM32MP253AAL3, STM32MP253CAI3, STM32MP253CAK3, STM32MP253CAL3, STM32MP253DAI3, STM32MP253DAK3, STM32MP253DAL3, STM32MP253FAI3, STM32MP253FAK3, STM32MP253FAL3, STM32MP255AAI3, STM32MP255AAK3, STM32MP255AAL3, STM32MP255CAI3, STM32MP255CAK3, STM32MP255CAL3, STM32MP255DAI3, STM32MP255DAK3, STM32MP255DAL3, STM32MP255FAI3, STM32MP255FAK3, STM32MP255FAL3, STM32MP257AAI3, STM32MP257AAK3, STM32MP257AAL3, STM32MP257CAI3, STM32MP257CAK3, STM32MP257CAL3, STM32MP257DAI3, STM32MP257DAK3, STM32MP257DAL3, STM32MP257F-DK, STM32MP257F-EV1, STM32MP257FAI3, STM32MP257FAK3, STM32MP257FAL3, STM32N645A0H3Q, STM32N645B0H3Q, STM32N645I0H3Q, STM32N645L0H3Q, STM32N645X0H3Q, STM32N645Z0H3Q, STM32N647A0H3Q, STM32N647B0H3Q, STM32N647I0H3Q, STM32N647L0H3Q, STM32N647X0H3Q, STM32N647Z0H3Q, STM32N655A0H3Q, STM32N655B0H3Q, STM32N655I0H3Q, STM32N655L0H3Q, STM32N655X0H3Q, STM32N655Z0H3Q, STM32N6570-DK, STM32N657A0H3Q, STM32N657B0H3Q, STM32N657I0H3Q, STM32N657L0H3Q, STM32N657X0H3Q, STM32N657Z0H3Q, STM32U031C6T6, STM32U031C6U6, STM32U031C8T6, STM32U031C8U6, STM32U031F4P6, STM32U031F6P6, STM32U031F8P6, STM32U031G6Y6TR, STM32U031G8Y6TR, STM32U031K4U6, STM32U031K6U6, STM32U031K8U6, STM32U031R6I6, STM32U031R6T6, STM32U031R8I6, STM32U031R8T6, STM32U073C8T6, STM32U073C8U6, STM32U073CBT6, STM32U073CBU6, STM32U073CCT6, STM32U073CCU6, STM32U073H8Y6TR, STM32U073HBY6TR, STM32U073HCY6TR, STM32U073K8U6, STM32U073KBU6, STM32U073KCU6, STM32U073M8I6, STM32U073M8T6, STM32U073MBI6, STM32U073MBT6, STM32U073MCI6, STM32U073MCT6, STM32U073R8I6, STM32U073R8T6, STM32U073RBI6, STM32U073RBT6, STM32U073RCI6, STM32U073RCT6, STM32U083C-DK, STM32U083CCT6, STM32U083CCU6, STM32U083HCY6TR, STM32U083KCU6, STM32U083MCI6, STM32U083MCT6, STM32U083RCI6, STM32U083RCT6, STM32U375CET6, STM32U375CET6Q, STM32U375CEU6, STM32U375CEU6Q, STM32U375CEY6QTR, STM32U375CGT6, STM32U375CGT6Q, STM32U375CGU6, STM32U375CGU6Q, STM32U375CGY6QTR, STM32U375KEU6, STM32U375KGU6, STM32U375REI6, STM32U375REI6Q, STM32U375RET6, STM32U375RET6Q, STM32U375REY6GTR, STM32U375REY6QTR, STM32U375RGI6, STM32U375RGI6Q, STM32U375RGT6, STM32U375RGT6Q, STM32U375RGY6GTR, STM32U375RGY6QTR, STM32U375VEI6, STM32U375VEI6Q, STM32U375VET6, STM32U375VET6Q, STM32U375VGI6, STM32U375VGI6Q, STM32U375VGT6, STM32U375VGT6Q, STM32U385CGT6, STM32U385CGT6Q, STM32U385CGU6, STM32U385CGU6Q, STM32U385CGY6QTR, STM32U385KGU6, STM32U385RGI6, STM32U385RGI6Q, STM32U385RGT6, STM32U385RGT6Q, STM32U385RGY6GTR, STM32U385RGY6QTR, STM32U385VGI6, STM32U385VGI6Q, STM32U385VGT6, STM32U385VGT6Q, STM32U535CBT6, STM32U535CBT6Q, STM32U535CBU6, STM32U535CBU6Q, STM32U535CCT6, STM32U535CCT6Q, STM32U535CCU6, STM32U535CCU6Q, STM32U535CET6, STM32U535CET6Q, STM32U535CEU6, STM32U535CEU6Q, STM32U535JEY6QTR, STM32U535NCY6QTR, STM32U535NEY6QTR, STM32U535RBI6, STM32U535RBI6Q, STM32U535RBT6, STM32U535RBT6Q, STM32U535RCI6, STM32U535RCI6Q, STM32U535RCT6, STM32U535RCT6Q, STM32U535REI6, STM32U535REI6Q, STM32U535RET6, STM32U535RET6Q, STM32U535VCI6, STM32U535VCI6Q, STM32U535VCT6, STM32U535VCT6Q, STM32U535VEI6, STM32U535VEI6Q, STM32U535VET6, STM32U535VET6Q, STM32U545CET6, STM32U545CET6Q, STM32U545CEU6, STM32U545CEU6Q, STM32U545JEY6QTR, STM32U545NEY6QTR, STM32U545REI6, STM32U545REI6Q, STM32U545RET6, STM32U545RET6Q, STM32U545VEI6, STM32U545VEI6Q, STM32U545VET6, STM32U545VET6Q, STM32U595AIH6, STM32U595AIH6Q, STM32U595AJH6, STM32U595AJH6Q, STM32U595QII6, STM32U595QII6Q, STM32U595QJI6, STM32U595QJI6Q, STM32U595RIT6, STM32U595RIT6Q, STM32U595RJT6, STM32U595RJT6Q, STM32U595VIT6, STM32U595VIT6Q, STM32U595VJT6, STM32U595VJT6Q, STM32U595ZIT6, STM32U595ZIT6Q, STM32U595ZIY6QTR, STM32U595ZJT6, STM32U595ZJT6Q, STM32U595ZJY6QTR, STM32U599BJY6QTR, STM32U599NIH6Q, STM32U599NJH6Q, STM32U599VIT6Q, STM32U599VJT6, STM32U599VJT6Q, STM32U599ZIT6Q, STM32U599ZIY6QTR, STM32U599ZJT6Q, STM32U599ZJY6QTR, STM32U5A5AJH6, STM32U5A5AJH6Q, STM32U5A5QII3Q , STM32U5A5QJI6, STM32U5A5QJI6Q, STM32U5A5RJT6, STM32U5A5RJT6Q, STM32U5A5VJT6, STM32U5A5VJT6Q, STM32U5A5ZJT6, STM32U5A5ZJT6Q, STM32U5A5ZJY6QTR, STM32U5A9BJY6QTR, STM32U5A9J-DK, STM32U5A9NJH6Q, STM32U5A9VJT6Q, STM32U5A9ZJT6Q, STM32U5A9ZJY6QTR, STM32U5F7VIT6, STM32U5F7VIT6Q, STM32U5F7VJT6, STM32U5F7VJT6Q, STM32U5F9BJY6QTR, STM32U5F9NJH6Q, STM32U5F9VIT6Q, STM32U5F9VJT6Q, STM32U5F9ZIJ6QTR, STM32U5F9ZIT6Q, STM32U5F9ZJJ6QTR, STM32U5F9ZJT6Q, STM32U5G7VJT6, STM32U5G7VJT6Q, STM32U5G9BJY6QTR, STM32U5G9J-DK1, STM32U5G9J-DK2, STM32U5G9NJH6Q, STM32U5G9VJT6Q, STM32U5G9ZJJ6QTR, STM32U5G9ZJT6Q, STM32WB05KZV6TR, STM32WB05KZV7TR, STM32WB05TZF6TR, STM32WB05TZF7TR, STM32WB06CCF6TR, STM32WB06CCF7TR, STM32WB06CCV6TR, STM32WB06CCV7TR, STM32WB06KCV6TR, STM32WB06KCV7TR, STM32WB07CCF6TR, STM32WB07CCF7TR, STM32WB07CCV6TR, STM32WB07CCV7TR, STM32WB07KCV6TR, STM32WB07KCV7TR, STM32WB09KEV6TR, STM32WB09KEV7TR, STM32WB09TEF6TR, STM32WB09TEF7TR, STM32WB1MMCH6, STM32WBA50KGU6, STM32WBA50KGU6TR, STM32WBA52CEU6, STM32WBA52CEU6TR, STM32WBA52CEU7, STM32WBA52CEU7TR, STM32WBA52CGU6, STM32WBA52CGU6TR, STM32WBA52CGU6U, STM32WBA52CGU7, STM32WBA52CGU7TR, STM32WBA52KEU6, STM32WBA52KEU6TR, STM32WBA52KGU6, STM32WBA52KGU6TR, STM32WBA54CEU6, STM32WBA54CEU6TR, STM32WBA54CEU7, STM32WBA54CEU7TR, STM32WBA54CGU6, STM32WBA54CGU6TR, STM32WBA54CGU7, STM32WBA54CGU7TR, STM32WBA54KEU6, STM32WBA54KEU6TR, STM32WBA54KEU7, STM32WBA54KEU7TR, STM32WBA54KGU6, STM32WBA54KGU6TR, STM32WBA54KGU7, STM32WBA54KGU7TR, STM32WBA55CEU6, STM32WBA55CEU6TR, STM32WBA55CEU7, STM32WBA55CEU7TR, STM32WBA55CGU6, STM32WBA55CGU6TR, STM32WBA55CGU6U, STM32WBA55CGU7, STM32WBA55CGU7TR, STM32WBA55G-DK1, STM32WBA55HEF6, STM32WBA55HEF7, STM32WBA55HGF6, STM32WBA55HGF7, STM32WBA55UEI6, STM32WBA55UEI6TR, STM32WBA55UEI7, STM32WBA55UEI7TR, STM32WBA55UGI6, STM32WBA55UGI6TR, STM32WBA55UGI7, STM32WBA55UGI7TR, STM32WBA5MMGH6TR, STM32WBA62MGF6, STM32WBA62MIF6, STM32WBA65MGF7, STM32WBA65MIF6, STM32WBA65MIF7, STM32WL30K8V6, STM32WL30KBV6, STM32WL31C8V6, STM32WL31CBV6, STM32WL31K8V6, STM32WL31KBV6, STM32WL33C8V6, STM32WL33C8V6X, STM32WL33CBV6, STM32WL33CBV6X, STM32WL33CCV6, STM32WL33CCV6A, STM32WL33CCV6X, STM32WL33K8V7, STM32WL33K8V7X, STM32WL33KBV7 , STM32WL33KBV7X, STM32WL33KCV7, STM32WL33KCV7X, STM32WL5MOCH6, STM32WL5MOCH6TR]
2025-08-04 22:12:41,707 [INFO] DbMcus:218 - Found 4801 MCUs, 4801 are supported
2025-08-04 22:12:41,707 [INFO] ApiDb:423 - Load user favorites file C:\Users\nicks/.stm32cubeide/favorites.mcus.txt: 0 item(s)
2025-08-04 22:12:41,708 [INFO] ApiDb:427 - User favorites MCUs=[]
2025-08-04 22:12:41,708 [INFO] DbMcus:224 - Set 0 / 0 favorites MCUs
2025-08-04 22:12:41,973 [INFO] ApiDb:423 - Load user favorites file C:\Users\nicks/.stm32cubeide/favorites.boards.txt: 0 item(s)
2025-08-04 22:12:41,973 [INFO] ApiDb:427 - User favorites Boards=[]
2025-08-04 22:12:41,974 [INFO] DbBoards:198 - Set 0 / 0 favorites Boards
2025-08-04 22:12:42,028 [INFO] UtilMem:75 - End LoadConfig() Used Memory: 526233080 Bytes (894435328)
2025-08-04 22:12:42,133 [WARN] ThirdParty:833 - waiting for thirdparty lock release [change project]
2025-08-04 22:12:42,133 [INFO] ThirdParty:835 - entering critical section [change project]
2025-08-04 22:12:42,133 [INFO] ThirdParty:1030 - CMSIS Pack Vendor :STMicroelectronics X-CUBE-PM33A1 1.0.0
2025-08-04 22:12:42,133 [INFO] ThirdParty:1030 - CMSIS Pack Vendor :STMicroelectronics USBPD 4.1
2025-08-04 22:12:42,133 [INFO] ThirdParty:1030 - CMSIS Pack Vendor :STMicroelectronics X-CUBE-AZRTOS-H7 3.3.0
2025-08-04 22:12:42,133 [INFO] ThirdParty:1030 - CMSIS Pack Vendor :STMicroelectronics X-CUBE-NFC9 1.0.0
2025-08-04 22:12:42,133 [INFO] ThirdParty:1030 - CMSIS Pack Vendor :STMicroelectronics USB_HOST 2.0.0
2025-08-04 22:12:42,133 [INFO] ThirdParty:1030 - CMSIS Pack Vendor :STMicroelectronics FP-SNS-MOTENVWB1 1.4.0
2025-08-04 22:12:42,133 [INFO] ThirdParty:1030 - CMSIS Pack Vendor :STMicroelectronics X-CUBE-AZRTOS-F4 1.1.0
2025-08-04 22:12:42,133 [INFO] ThirdParty:1030 - CMSIS Pack Vendor :STMicroelectronics LIBJPEG 8.0.0
2025-08-04 22:12:42,133 [INFO] ThirdParty:1030 - CMSIS Pack Vendor :STMicroelectronics FP-ATR-ASTRA1 2.0.2
2025-08-04 22:12:42,133 [INFO] ThirdParty:1030 - CMSIS Pack Vendor :STMicroelectronics FP-ATR-ASTRA1 2.0.1
2025-08-04 22:12:42,133 [INFO] ThirdParty:1030 - CMSIS Pack Vendor :STMicroelectronics X-CUBE-BLE1 7.1.0
2025-08-04 22:12:42,133 [INFO] ThirdParty:1030 - CMSIS Pack Vendor :Avnet-IotConnect X-CUBE-IoTC-DA16k-PMOD 1.0.0
2025-08-04 22:12:42,133 [INFO] ThirdParty:1030 - CMSIS Pack Vendor :STMicroelectronics X-CUBE-SMBUS 2.1.0
2025-08-04 22:12:42,133 [INFO] ThirdParty:1030 - CMSIS Pack Vendor :STMicroelectronics X-CUBE-WB05N 1.1.0
2025-08-04 22:12:42,133 [INFO] ThirdParty:1030 - CMSIS Pack Vendor :wolfSSL I-CUBE-wolfMQTT 1.19.2
2025-08-04 22:12:42,133 [INFO] ThirdParty:1030 - CMSIS Pack Vendor :STMicroelectronics USB_DEVICE 3.0.0
2025-08-04 22:12:42,133 [INFO] ThirdParty:1030 - CMSIS Pack Vendor :STMicroelectronics X-CUBE-ISPU 2.1.0
2025-08-04 22:12:42,133 [INFO] ThirdParty:1030 - CMSIS Pack Vendor :STMicroelectronics X-CUBE-EEPRMA1 5.2.0
2025-08-04 22:12:42,133 [INFO] ThirdParty:1030 - CMSIS Pack Vendor :STMicroelectronics X-CUBE-BLEMGR 4.1.0
2025-08-04 22:12:42,133 [INFO] ThirdParty:1030 - CMSIS Pack Vendor :STMicroelectronics X-CUBE-AZRTOS-WB 2.0.0
2025-08-04 22:12:42,133 [INFO] ThirdParty:1030 - CMSIS Pack Vendor :STMicroelectronics X-CUBE-ST60 1.0.0
2025-08-04 22:12:42,133 [INFO] ThirdParty:1030 - CMSIS Pack Vendor :STMicroelectronics X-CUBE-GNSS1 7.0.1
2025-08-04 22:12:42,133 [INFO] ThirdParty:1030 - CMSIS Pack Vendor :STMicroelectronics X-CUBE-NFC12 1.0.0
2025-08-04 22:12:42,133 [INFO] ThirdParty:1030 - CMSIS Pack Vendor :STMicroelectronics X-CUBE-AZRTOS-F7 1.1.0
2025-08-04 22:12:42,133 [INFO] ThirdParty:1030 - CMSIS Pack Vendor :STMicroelectronics X-CUBE-AZRTOS-L5 2.0.0
2025-08-04 22:12:42,133 [INFO] ThirdParty:1030 - CMSIS Pack Vendor :STMicroelectronics X-CUBE-TOUCHGFX 4.25.0
2025-08-04 22:12:42,134 [INFO] ThirdParty:1030 - CMSIS Pack Vendor :STMicroelectronics USB_DEVICE 2.0.0
2025-08-04 22:12:42,134 [INFO] ThirdParty:1030 - CMSIS Pack Vendor :STMicroelectronics X-CUBE-NFC6 3.1.0
2025-08-04 22:12:42,134 [INFO] ThirdParty:1030 - CMSIS Pack Vendor :STMicroelectronics X-CUBE-AI 10.1.0
2025-08-04 22:12:42,134 [INFO] ThirdParty:1030 - CMSIS Pack Vendor :STMicroelectronics FP-SNS-STBOX1 2.0.0
2025-08-04 22:12:42,134 [INFO] ThirdParty:1030 - CMSIS Pack Vendor :STMicroelectronics X-CUBE-MEMS1 11.2.0
2025-08-04 22:12:42,134 [INFO] ThirdParty:1030 - CMSIS Pack Vendor :STMicroelectronics FreeRTOS 0.0.1
2025-08-04 22:12:42,134 [INFO] ThirdParty:1030 - CMSIS Pack Vendor :STMicroelectronics X-CUBE-AZRTOS-G0 1.1.0
2025-08-04 22:12:42,134 [INFO] ThirdParty:1030 - CMSIS Pack Vendor :STMicroelectronics X-CUBE-SAFEA1 1.2.2
2025-08-04 22:12:42,134 [INFO] ThirdParty:1030 - CMSIS Pack Vendor :STMicroelectronics X-CUBE-NFC4 3.0.0
2025-08-04 22:12:42,134 [INFO] ThirdParty:1030 - CMSIS Pack Vendor :STMicroelectronics X-CUBE-SUBG2 5.0.0
2025-08-04 22:12:42,134 [INFO] ThirdParty:1030 - CMSIS Pack Vendor :STMicroelectronics X-CUBE-AZRTOS-H7RS 1.1.0
2025-08-04 22:12:42,134 [INFO] ThirdParty:1030 - CMSIS Pack Vendor :STMicroelectronics STM32_WPAN 1.0.0
2025-08-04 22:12:42,134 [INFO] ThirdParty:1030 - CMSIS Pack Vendor :EmbeddedOffice I-CUBE-FS-RTOS 1.0.1
2025-08-04 22:12:42,134 [INFO] ThirdParty:1030 - CMSIS Pack Vendor :STMicroelectronics lwIP 2.0.3
2025-08-04 22:12:42,134 [INFO] ThirdParty:1030 - CMSIS Pack Vendor :STMicroelectronics FP-SNS-FLIGHT1 5.0.2
2025-08-04 22:12:42,134 [INFO] ThirdParty:1030 - CMSIS Pack Vendor :Cesanta I-CUBE-Mongoose 7.13.0
2025-08-04 22:12:42,134 [INFO] ThirdParty:1030 - CMSIS Pack Vendor :STMicroelectronics USB_HOST 1.0.0
2025-08-04 22:12:42,134 [INFO] ThirdParty:1030 - CMSIS Pack Vendor :Infineon AIROC-Wi-Fi-Bluetooth-STM32 1.7.0
2025-08-04 22:12:42,134 [INFO] ThirdParty:1030 - CMSIS Pack Vendor :STMicroelectronics X-CUBE-AZRTOS-G4 2.0.0
2025-08-04 22:12:42,134 [INFO] ThirdParty:1030 - CMSIS Pack Vendor :STMicroelectronics X-CUBE-WB05N 2.0.0
2025-08-04 22:12:42,134 [INFO] ThirdParty:1030 - CMSIS Pack Vendor :STMicroelectronics PDM2PCM 3.1.0
2025-08-04 22:12:42,134 [INFO] ThirdParty:1030 - CMSIS Pack Vendor :STMicroelectronics PDM2PCM 3.3.0
2025-08-04 22:12:42,134 [INFO] ThirdParty:1030 - CMSIS Pack Vendor :wolfSSL I-CUBE-wolfTPM 3.8.0
2025-08-04 22:12:42,134 [INFO] ThirdParty:1030 - CMSIS Pack Vendor :STMicroelectronics X-CUBE-AZRTOS-H7 3.4.0
2025-08-04 22:12:42,134 [INFO] ThirdParty:1030 - CMSIS Pack Vendor :STMicroelectronics X-CUBE-DISPLAY 3.0.0
2025-08-04 22:12:42,134 [INFO] ThirdParty:1030 - CMSIS Pack Vendor :wolfSSL I-CUBE-wolfSSH 1.4.20
2025-08-04 22:12:42,134 [INFO] ThirdParty:1030 - CMSIS Pack Vendor :STMicroelectronics X-CUBE-NFC7 2.0.0
2025-08-04 22:12:42,134 [INFO] ThirdParty:1030 - CMSIS Pack Vendor :STMicroelectronics X-CUBE-TCPP 4.2.0
2025-08-04 22:12:42,134 [INFO] ThirdParty:1030 - CMSIS Pack Vendor :RealThread X-CUBE-RT-Thread_Nano 4.1.1
2025-08-04 22:12:42,134 [INFO] ThirdParty:1030 - CMSIS Pack Vendor :STMicroelectronics FP-ATR-SIGFOX1 3.2.0
2025-08-04 22:12:42,134 [INFO] ThirdParty:1030 - CMSIS Pack Vendor :STMicroelectronics X-CUBE-NFC10 1.0.0
2025-08-04 22:12:42,134 [INFO] ThirdParty:1030 - CMSIS Pack Vendor :STMicroelectronics X-CUBE-BLEMGR 4.0.0
2025-08-04 22:12:42,134 [INFO] ThirdParty:1030 - CMSIS Pack Vendor :STMicroelectronics X-CUBE-EEPRMA1 5.1.0
2025-08-04 22:12:42,134 [INFO] ThirdParty:1030 - CMSIS Pack Vendor :STMicroelectronics X-CUBE-FREERTOS 1.3.1
2025-08-04 22:12:42,135 [INFO] ThirdParty:1030 - CMSIS Pack Vendor :STMicroelectronics HAL Drivers 0.0.0
2025-08-04 22:12:42,135 [INFO] ThirdParty:1030 - CMSIS Pack Vendor :STMicroelectronics MBEDTLS 2.16.2
2025-08-04 22:12:42,135 [INFO] ThirdParty:1030 - CMSIS Pack Vendor :STMicroelectronics X-CUBE-IPS 3.1.0
2025-08-04 22:12:42,135 [INFO] ThirdParty:1030 - CMSIS Pack Vendor :STMicroelectronics X-CUBE-ALS 1.0.2
2025-08-04 22:12:42,135 [INFO] ThirdParty:1030 - CMSIS Pack Vendor :emotas I-CUBE-CANOPEN 1.3.0
2025-08-04 22:12:42,135 [INFO] ThirdParty:1030 - CMSIS Pack Vendor :STMicroelectronics X-CUBE-FREERTOS 1.3.0
2025-08-04 22:12:42,135 [INFO] ThirdParty:1030 - CMSIS Pack Vendor :STMicroelectronics X-CUBE-NFC7 1.0.1
2025-08-04 22:12:42,135 [INFO] ThirdParty:1030 - CMSIS Pack Vendor :STMicroelectronics MBEDTLS 2.14.1
2025-08-04 22:12:42,135 [INFO] ThirdParty:1030 - CMSIS Pack Vendor :wolfSSL I-CUBE-wolfSSL 5.7.6
2025-08-04 22:12:42,135 [INFO] ThirdParty:1030 - CMSIS Pack Vendor :ITTIA_DB I-CUBE-ITTIADB 8.9.0
2025-08-04 22:12:42,135 [INFO] ThirdParty:1030 - CMSIS Pack Vendor :portGmbH I-Cube-SoM-uGOAL 1.1.0
2025-08-04 22:12:42,135 [INFO] ThirdParty:1030 - CMSIS Pack Vendor :quantropi X-CUBE-qispace-sdk-base 2.0.0
2025-08-04 22:12:42,135 [INFO] ThirdParty:1030 - CMSIS Pack Vendor :STMicroelectronics X-CUBE-AI 10.0.0
2025-08-04 22:12:42,135 [INFO] ThirdParty:1030 - CMSIS Pack Vendor :STMicroelectronics X-CUBE-ST67W61 1.0.0
2025-08-04 22:12:42,135 [INFO] ThirdParty:1030 - CMSIS Pack Vendor :STMicroelectronics FP-SNS-STBOX1 2.1.0
2025-08-04 22:12:42,135 [INFO] ThirdParty:1030 - CMSIS Pack Vendor :STMicroelectronics X-CUBE-AI 10.2.0
2025-08-04 22:12:42,135 [INFO] ThirdParty:1030 - CMSIS Pack Vendor :STMicroelectronics FP-SNS-STAIOTCFT 1.0.0
2025-08-04 22:12:42,135 [INFO] ThirdParty:1030 - CMSIS Pack Vendor :STMicroelectronics ThreadX 1.0.0
2025-08-04 22:12:42,135 [INFO] ThirdParty:1030 - CMSIS Pack Vendor :STMicroelectronics FP-SNS-SMARTAG2 1.2.0
2025-08-04 22:12:42,135 [INFO] ThirdParty:1030 - CMSIS Pack Vendor :STMicroelectronics FP-SNS-FLIGHT1 5.1.0
2025-08-04 22:12:42,135 [INFO] ThirdParty:1030 - CMSIS Pack Vendor :STMicroelectronics X-CUBE-AZRTOS-WL 2.0.0
2025-08-04 22:12:42,135 [INFO] ThirdParty:1030 - CMSIS Pack Vendor :SEGGER I-CUBE-embOS 1.3.1
2025-08-04 22:12:42,136 [INFO] ThirdParty:1030 - CMSIS Pack Vendor :STMicroelectronics X-CUBE-ALGOBUILD 1.4.0
2025-08-04 22:12:42,136 [INFO] ThirdParty:1030 - CMSIS Pack Vendor :STMicroelectronics X-CUBE-DPower 1.3.0
2025-08-04 22:12:42,136 [INFO] ThirdParty:1030 - CMSIS Pack Vendor :STMicroelectronics X-CUBE-MEMS1 11.3.0
2025-08-04 22:12:42,136 [INFO] ThirdParty:1030 - CMSIS Pack Vendor :STMicroelectronics FP-SNS-MOTENV1 5.0.0
2025-08-04 22:12:42,136 [INFO] ThirdParty:1030 - CMSIS Pack Vendor :STMicroelectronics USB_DEVICE 1.0.0
2025-08-04 22:12:42,136 [INFO] ThirdParty:1030 - CMSIS Pack Vendor :STMicroelectronics X-CUBE-AZRTOS-L4 2.0.0
2025-08-04 22:12:42,136 [INFO] ThirdParty:1030 - CMSIS Pack Vendor :STMicroelectronics ThreadX 0.0.2
2025-08-04 22:12:42,136 [INFO] ThirdParty:1030 - CMSIS Pack Vendor :WES I-CUBE-Cesium 1.3.0
2025-08-04 22:12:42,136 [INFO] ThirdParty:1030 - CMSIS Pack Vendor :STMicroelectronics lwIP 2.1.2
2025-08-04 22:12:42,136 [INFO] ThirdParty:1030 - CMSIS Pack Vendor :STMicroelectronics X-CUBE-SFXS2LP1 4.0.0
2025-08-04 22:12:42,136 [INFO] ThirdParty:1030 - CMSIS Pack Vendor :STMicroelectronics X-CUBE-BLE2 3.3.0
2025-08-04 22:12:42,136 [INFO] ThirdParty:1030 - CMSIS Pack Vendor :STMicroelectronics X-CUBE-TOF1 3.4.3
2025-08-04 22:12:42,136 [INFO] ThirdParty:1030 - CMSIS Pack Vendor :STMicroelectronics PDM2PCM 3.2.0
2025-08-04 22:12:42,136 [INFO] ThirdParty:841 - exiting critical section [change project]
2025-08-04 22:12:42,729 [INFO] PinOutPanel:1589 - setPackage(No Configuration,No Configuration)
2025-08-04 22:12:42,730 [INFO] PinOutPanel:1589 - setPackage(STM32H755ZITx,LQFP144)
2025-08-04 22:12:43,214 [INFO] UtilMem:75 - Before build in PCC Used Memory: 507229240 Bytes (911212544)
2025-08-04 22:12:43,801 [INFO] UtilMem:75 - After build in PCC Used Memory: 731906048 Bytes (911212544)
2025-08-04 22:12:43,814 [INFO] ApiDbMcu:532 - Load IP Config File for FREERTOS_M4
2025-08-04 22:12:43,817 [INFO] ApiDbMcu:532 - Load IP Config File for FREERTOS_M7
2025-08-04 22:12:43,851 [INFO] IPUIPlugin:80 - create IPUIPlugin
2025-08-04 22:12:43,851 [INFO] IPUIPlugin:80 - create IPUIPlugin
2025-08-04 22:12:43,851 [INFO] IPUIPlugin:80 - create IPUIPlugin
2025-08-04 22:12:43,851 [INFO] IPUIPlugin:80 - create IPUIPlugin
2025-08-04 22:12:43,851 [INFO] IPUIPlugin:80 - create IPUIPlugin
2025-08-04 22:12:43,851 [INFO] IPUIPlugin:80 - create IPUIPlugin
2025-08-04 22:12:43,851 [INFO] IPUIPlugin:80 - create IPUIPlugin
2025-08-04 22:12:43,851 [INFO] IPUIPlugin:80 - create IPUIPlugin
2025-08-04 22:12:43,851 [INFO] IPUIPlugin:80 - create IPUIPlugin
2025-08-04 22:12:43,852 [INFO] IPUIPlugin:80 - create IPUIPlugin
2025-08-04 22:12:43,852 [INFO] IPUIPlugin:80 - create IPUIPlugin
2025-08-04 22:12:43,852 [INFO] IPUIPlugin:80 - create IPUIPlugin
2025-08-04 22:12:43,852 [INFO] IPUIPlugin:80 - create IPUIPlugin
2025-08-04 22:12:43,852 [INFO] IPUIPlugin:80 - create IPUIPlugin
2025-08-04 22:12:43,852 [INFO] IPUIPlugin:80 - create IPUIPlugin
2025-08-04 22:12:43,852 [INFO] IPUIPlugin:80 - create IPUIPlugin
2025-08-04 22:12:43,852 [INFO] IPUIPlugin:80 - create IPUIPlugin
2025-08-04 22:12:43,852 [INFO] IPUIPlugin:80 - create IPUIPlugin
2025-08-04 22:12:43,852 [INFO] IPUIPlugin:80 - create IPUIPlugin
2025-08-04 22:12:43,852 [INFO] IPUIPlugin:80 - create IPUIPlugin
2025-08-04 22:12:43,852 [INFO] IPUIPlugin:80 - create IPUIPlugin
2025-08-04 22:12:43,852 [INFO] IPUIPlugin:80 - create IPUIPlugin
2025-08-04 22:12:43,852 [INFO] IPUIPlugin:80 - create IPUIPlugin
2025-08-04 22:12:43,852 [INFO] IPUIPlugin:80 - create IPUIPlugin
2025-08-04 22:12:43,852 [INFO] IPUIPlugin:80 - create IPUIPlugin
2025-08-04 22:12:43,853 [INFO] IPUIPlugin:80 - create IPUIPlugin
2025-08-04 22:12:43,853 [INFO] IPUIPlugin:80 - create IPUIPlugin
2025-08-04 22:12:43,853 [INFO] IPUIPlugin:80 - create IPUIPlugin
2025-08-04 22:12:43,853 [INFO] IPUIPlugin:80 - create IPUIPlugin
2025-08-04 22:12:43,853 [INFO] IPUIPlugin:80 - create IPUIPlugin
2025-08-04 22:12:43,853 [INFO] IPUIPlugin:80 - create IPUIPlugin
2025-08-04 22:12:43,853 [INFO] IPUIPlugin:80 - create IPUIPlugin
2025-08-04 22:12:43,853 [INFO] IPUIPlugin:80 - create IPUIPlugin
2025-08-04 22:12:43,853 [INFO] IPUIPlugin:80 - create IPUIPlugin
2025-08-04 22:12:43,853 [INFO] IPUIPlugin:80 - create IPUIPlugin
2025-08-04 22:12:43,853 [INFO] IPUIPlugin:80 - create IPUIPlugin
2025-08-04 22:12:43,854 [INFO] IPUIPlugin:80 - create IPUIPlugin
2025-08-04 22:12:43,854 [INFO] IPUIPlugin:80 - create IPUIPlugin
2025-08-04 22:12:43,854 [INFO] IPUIPlugin:80 - create IPUIPlugin
2025-08-04 22:12:43,854 [INFO] IPUIPlugin:80 - create IPUIPlugin
2025-08-04 22:12:43,854 [INFO] IPUIPlugin:80 - create IPUIPlugin
2025-08-04 22:12:43,854 [INFO] IPUIPlugin:80 - create IPUIPlugin
2025-08-04 22:12:43,854 [INFO] IPUIPlugin:80 - create IPUIPlugin
2025-08-04 22:12:43,855 [INFO] IPUIPlugin:80 - create IPUIPlugin
2025-08-04 22:12:43,855 [INFO] IPUIPlugin:80 - create IPUIPlugin
2025-08-04 22:12:43,855 [INFO] IPUIPlugin:80 - create IPUIPlugin
2025-08-04 22:12:43,855 [INFO] IPUIPlugin:80 - create IPUIPlugin
2025-08-04 22:12:43,855 [INFO] IPUIPlugin:80 - create IPUIPlugin
2025-08-04 22:12:43,855 [INFO] IPUIPlugin:80 - create IPUIPlugin
2025-08-04 22:12:43,855 [INFO] IPUIPlugin:80 - create IPUIPlugin
2025-08-04 22:12:43,855 [INFO] IPUIPlugin:80 - create IPUIPlugin
2025-08-04 22:12:43,856 [INFO] IPUIPlugin:80 - create IPUIPlugin
2025-08-04 22:12:43,856 [INFO] IPUIPlugin:80 - create IPUIPlugin
2025-08-04 22:12:43,856 [INFO] IPUIPlugin:80 - create IPUIPlugin
2025-08-04 22:12:43,856 [INFO] IPUIPlugin:80 - create IPUIPlugin
2025-08-04 22:12:43,856 [INFO] IPUIPlugin:80 - create IPUIPlugin
2025-08-04 22:12:43,856 [INFO] IPUIPlugin:80 - create IPUIPlugin
2025-08-04 22:12:43,856 [INFO] IPUIPlugin:80 - create IPUIPlugin
2025-08-04 22:12:43,856 [INFO] IPUIPlugin:80 - create IPUIPlugin
2025-08-04 22:12:43,857 [INFO] IPUIPlugin:80 - create IPUIPlugin
2025-08-04 22:12:43,857 [INFO] IPUIPlugin:80 - create IPUIPlugin
2025-08-04 22:12:43,857 [INFO] IPUIPlugin:80 - create IPUIPlugin
2025-08-04 22:12:43,857 [INFO] IPUIPlugin:80 - create IPUIPlugin
2025-08-04 22:12:43,857 [INFO] IPUIPlugin:80 - create IPUIPlugin
2025-08-04 22:12:43,857 [INFO] IPUIPlugin:80 - create IPUIPlugin
2025-08-04 22:12:43,858 [INFO] IPUIPlugin:80 - create IPUIPlugin
2025-08-04 22:12:43,858 [INFO] IPUIPlugin:80 - create IPUIPlugin
2025-08-04 22:12:43,858 [INFO] IPUIPlugin:80 - create IPUIPlugin
2025-08-04 22:12:43,858 [INFO] IPUIPlugin:80 - create IPUIPlugin
2025-08-04 22:12:43,858 [INFO] IPUIPlugin:80 - create IPUIPlugin
2025-08-04 22:12:43,859 [INFO] IPUIPlugin:80 - create IPUIPlugin
2025-08-04 22:12:43,859 [INFO] IPUIPlugin:80 - create IPUIPlugin
2025-08-04 22:12:43,859 [INFO] IPUIPlugin:80 - create IPUIPlugin
2025-08-04 22:12:43,859 [INFO] IPUIPlugin:80 - create IPUIPlugin
2025-08-04 22:12:43,859 [INFO] IPUIPlugin:80 - create IPUIPlugin
2025-08-04 22:12:43,859 [INFO] IPUIPlugin:80 - create IPUIPlugin
2025-08-04 22:12:43,860 [INFO] IPUIPlugin:80 - create IPUIPlugin
2025-08-04 22:12:43,860 [INFO] IPUIPlugin:80 - create IPUIPlugin
2025-08-04 22:12:43,860 [INFO] IPUIPlugin:80 - create IPUIPlugin
2025-08-04 22:12:43,860 [INFO] IPUIPlugin:80 - create IPUIPlugin
2025-08-04 22:12:43,860 [INFO] IPUIPlugin:80 - create IPUIPlugin
2025-08-04 22:12:43,861 [INFO] IPUIPlugin:80 - create IPUIPlugin
2025-08-04 22:12:43,861 [INFO] IPUIPlugin:80 - create IPUIPlugin
2025-08-04 22:12:43,861 [INFO] IPUIPlugin:80 - create IPUIPlugin
2025-08-04 22:12:43,861 [INFO] IPUIPlugin:80 - create IPUIPlugin
2025-08-04 22:12:43,861 [INFO] IPUIPlugin:80 - create IPUIPlugin
2025-08-04 22:12:43,862 [INFO] IPUIPlugin:80 - create IPUIPlugin
2025-08-04 22:12:43,862 [INFO] IPUIPlugin:80 - create IPUIPlugin
2025-08-04 22:12:43,862 [INFO] IPUIPlugin:80 - create IPUIPlugin
2025-08-04 22:12:43,862 [INFO] IPUIPlugin:80 - create IPUIPlugin
2025-08-04 22:12:43,863 [INFO] IPUIPlugin:80 - create IPUIPlugin
2025-08-04 22:12:43,863 [INFO] IPUIPlugin:80 - create IPUIPlugin
2025-08-04 22:12:43,863 [INFO] IPUIPlugin:80 - create IPUIPlugin
2025-08-04 22:12:43,863 [INFO] IPUIPlugin:80 - create IPUIPlugin
2025-08-04 22:12:43,863 [INFO] IPUIPlugin:80 - create IPUIPlugin
2025-08-04 22:12:43,864 [INFO] IPUIPlugin:80 - create IPUIPlugin
2025-08-04 22:12:43,864 [INFO] IPUIPlugin:80 - create IPUIPlugin
2025-08-04 22:12:43,864 [INFO] IPUIPlugin:80 - create IPUIPlugin
2025-08-04 22:12:43,864 [INFO] IPUIPlugin:80 - create IPUIPlugin
2025-08-04 22:12:43,865 [INFO] IPUIPlugin:80 - create IPUIPlugin
2025-08-04 22:12:43,865 [INFO] IPUIPlugin:80 - create IPUIPlugin
2025-08-04 22:12:43,865 [INFO] IPUIPlugin:80 - create IPUIPlugin
2025-08-04 22:12:43,866 [INFO] IPUIPlugin:80 - create IPUIPlugin
2025-08-04 22:12:43,866 [INFO] IPUIPlugin:80 - create IPUIPlugin
2025-08-04 22:12:43,866 [INFO] IPUIPlugin:80 - create IPUIPlugin
2025-08-04 22:12:43,867 [INFO] IPUIPlugin:80 - create IPUIPlugin
2025-08-04 22:12:43,867 [INFO] IPUIPlugin:80 - create IPUIPlugin
2025-08-04 22:12:43,867 [INFO] IPUIPlugin:80 - create IPUIPlugin
2025-08-04 22:12:43,868 [INFO] IPUIPlugin:80 - create IPUIPlugin
2025-08-04 22:12:43,868 [INFO] IPUIPlugin:80 - create IPUIPlugin
2025-08-04 22:12:43,868 [INFO] IPUIPlugin:80 - create IPUIPlugin
2025-08-04 22:12:43,869 [INFO] IPUIPlugin:80 - create IPUIPlugin
2025-08-04 22:12:43,869 [INFO] IPUIPlugin:80 - create IPUIPlugin
2025-08-04 22:12:43,869 [INFO] IPUIPlugin:80 - create IPUIPlugin
2025-08-04 22:12:43,876 [INFO] ApiDbMcu:532 - Load IP Config File for PDM2PCM_M7
2025-08-04 22:12:43,879 [INFO] ApiDbMcu:532 - Load IP Config File for PDM2PCM_M4
2025-08-04 22:12:43,912 [WARN] FreeRTOS:1023 - Null or empty value: should not occur! (nothing added to the table)
2025-08-04 22:12:43,930 [WARN] FreeRTOS:1023 - Null or empty value: should not occur! (nothing added to the table)
2025-08-04 22:12:44,061 [INFO] CADModel:165 - CPN selected for project levelSTM32H755ZIT6
2025-08-04 22:12:44,061 [INFO] CADModel:114 - Register for checkConnection events
2025-08-04 22:12:44,063 [INFO] RtosManager:728 - Active RTOS found at IOC load: FREERTOS_M4 [CortexM4]
2025-08-04 22:12:44,070 [INFO] RtosManager:728 - Active RTOS found at IOC load: FREERTOS_M7 [CortexM7]
2025-08-04 22:12:44,121 [INFO] OpenFileManager:386 - Restore cursor
2025-08-04 22:12:44,388 [INFO] ProjectChoiceTab:902 - Analytics plugin initialized for: CortexM4 Enable multi-threaded support
2025-08-04 22:12:44,444 [INFO] ProjectChoiceTab:962 - Analytics plugin initialized for: CortexM7 Enable multi-threaded support
2025-08-04 22:12:53,065 [ERROR] LogOutputStream:75 - [STDERR_REDIRECT] 
