2025-07-28 14:36:05,828 [INFO] Activator:176 - 


2025-07-28 14:36:05,832 [INFO] Activator:177 - !SESSION log4j initialized
2025-07-28 14:36:09,483 [INFO] LogOutputStream:77 - [STDOUT_REDIRECT] 
2025-07-28 14:36:10,887 [INFO] ApplicationProperties:184 - Using Application install path: C:\ST\STM32CubeIDE_1.19.0\STM32CubeIDE\plugins\com.st.stm32cube.common.mx_6.15.0.202507011659
2025-07-28 14:36:10,900 [INFO] DbMcusXml:78 - Set database path to: C:\ST\STM32CubeIDE_1.19.0\STM32CubeIDE\plugins\com.st.stm32cube.common.mx_6.15.0.202507011659\\db\/mcu/
2025-07-28 14:36:10,900 [INFO] ApiDb:274 - Set plugin database path to: C:\ST\STM32CubeIDE_1.19.0\STM32CubeIDE\plugins\com.st.stm32cube.common.mx_6.15.0.202507011659\\db\/plugins/boardmanager/
2025-07-28 14:36:10,901 [WARN] ApiDb:259 - Overriding images path with different value:  => C:\ST\STM32CubeIDE_1.19.0\STM32CubeIDE\plugins\com.st.stm32cube.common.mx_6.15.0.202507011659\\db\/plugins/mcufinder/images/
2025-07-28 14:36:10,906 [INFO] ApiDb:250 - Set database path to: C:\Users\nicks\.stmcufinder\plugins\mcufinder//mcu/
2025-07-28 14:36:10,906 [INFO] DbMcusAds:125 - Set database path to: C:\Users\nicks\.stmcufinder\plugins\mcufinder//mcu/
2025-07-28 14:36:10,908 [INFO] CrossReferenceDbSqlite:203 - Set database path to: C:\Users\nicks\.stmcufinder\plugins\mcufinder//mcu/cs/
2025-07-28 14:36:10,974 [INFO] RulesReader:64 - Compatibility file has been processed (317 Rules)
2025-07-28 14:36:11,031 [INFO] DbMcusXml:78 - Set database path to: C:\ST\STM32CubeIDE_1.19.0\STM32CubeIDE\plugins\com.st.stm32cube.common.mx_6.15.0.202507011659\\db\/mcu/
2025-07-28 14:36:11,031 [INFO] ApiDb:274 - Set plugin database path to: C:\ST\STM32CubeIDE_1.19.0\STM32CubeIDE\plugins\com.st.stm32cube.common.mx_6.15.0.202507011659\\db\/plugins/boardmanager/
2025-07-28 14:36:11,031 [INFO] ApiDb:261 - Set plugin images path to: C:\ST\STM32CubeIDE_1.19.0\STM32CubeIDE\plugins\com.st.stm32cube.common.mx_6.15.0.202507011659\\db\/plugins/mcufinder/images/
2025-07-28 14:36:11,031 [WARN] DbFile:41 - Overriding database path with different value: C:\Users\nicks\.stmcufinder\plugins\mcufinder/ => C:\Users\nicks\.stmcufinder\plugins\mcufinder
2025-07-28 14:36:11,031 [INFO] ApiDb:250 - Set database path to: C:\Users\nicks\.stmcufinder\plugins\mcufinder//mcu/
2025-07-28 14:36:11,031 [WARN] DbFile:41 - Overriding database path with different value: C:\Users\nicks\.stmcufinder\plugins\mcufinder/ => C:\Users\nicks\.stmcufinder\plugins\mcufinder
2025-07-28 14:36:11,031 [INFO] DbMcusAds:125 - Set database path to: C:\Users\nicks\.stmcufinder\plugins\mcufinder//mcu/
2025-07-28 14:36:11,031 [WARN] DbFile:41 - Overriding database path with different value: C:\Users\nicks\.stmcufinder\plugins\mcufinder/ => C:\Users\nicks\.stmcufinder\plugins\mcufinder
2025-07-28 14:36:11,031 [WARN] DbFile:41 - Overriding database path with different value: C:\Users\nicks\.stmcufinder\plugins\mcufinder/ => C:\Users\nicks\.stmcufinder\plugins\mcufinder
2025-07-28 14:36:11,031 [INFO] CrossReferenceDbSqlite:203 - Set database path to: C:\Users\nicks\.stmcufinder\plugins\mcufinder//mcu/cs/
2025-07-28 14:36:11,083 [INFO] MainPanel:274 - HeapMemory: 268435456
2025-07-28 14:36:11,159 [INFO] DbMcusXml:78 - Set database path to: C:\ST\STM32CubeIDE_1.19.0\STM32CubeIDE\plugins\com.st.stm32cube.common.mx_6.15.0.202507011659\\db\/mcu/
2025-07-28 14:36:11,159 [INFO] ApiDb:274 - Set plugin database path to: C:\ST\STM32CubeIDE_1.19.0\STM32CubeIDE\plugins\com.st.stm32cube.common.mx_6.15.0.202507011659\\db\/plugins/boardmanager/
2025-07-28 14:36:11,159 [INFO] ApiDb:261 - Set plugin images path to: C:\ST\STM32CubeIDE_1.19.0\STM32CubeIDE\plugins\com.st.stm32cube.common.mx_6.15.0.202507011659\\db\/plugins/mcufinder/images/
2025-07-28 14:36:11,159 [WARN] DbFile:41 - Overriding database path with different value: C:\Users\nicks\.stmcufinder\plugins\mcufinder/ => C:\Users\nicks\.stmcufinder\plugins\mcufinder
2025-07-28 14:36:11,159 [INFO] ApiDb:250 - Set database path to: C:\Users\nicks\.stmcufinder\plugins\mcufinder//mcu/
2025-07-28 14:36:11,160 [WARN] DbFile:41 - Overriding database path with different value: C:\Users\nicks\.stmcufinder\plugins\mcufinder/ => C:\Users\nicks\.stmcufinder\plugins\mcufinder
2025-07-28 14:36:11,160 [INFO] DbMcusAds:125 - Set database path to: C:\Users\nicks\.stmcufinder\plugins\mcufinder//mcu/
2025-07-28 14:36:11,160 [WARN] DbFile:41 - Overriding database path with different value: C:\Users\nicks\.stmcufinder\plugins\mcufinder/ => C:\Users\nicks\.stmcufinder\plugins\mcufinder
2025-07-28 14:36:11,160 [WARN] DbFile:41 - Overriding database path with different value: C:\Users\nicks\.stmcufinder\plugins\mcufinder/ => C:\Users\nicks\.stmcufinder\plugins\mcufinder
2025-07-28 14:36:11,160 [INFO] CrossReferenceDbSqlite:203 - Set database path to: C:\Users\nicks\.stmcufinder\plugins\mcufinder//mcu/cs/
2025-07-28 14:36:11,172 [INFO] ApplicationProperties:184 - Using Application install path: C:\ST\STM32CubeIDE_1.19.0\STM32CubeIDE\plugins\com.st.stm32cube.common.mx_6.15.0.202507011659
2025-07-28 14:36:11,173 [INFO] PluginManage:196 - Search for loadable plugins [exclusion list=, ]
2025-07-28 14:36:11,174 [INFO] PluginManage:310 - Check plugin analytics
2025-07-28 14:36:11,278 [INFO] AnalyticsPlugin:253 - Accepted Software Licenses: 
2025-07-28 14:36:11,279 [INFO] AnalyticsPlugin:255 - Accepted CMSIS Pack Licenses: 
2025-07-28 14:36:11,279 [INFO] AnalyticsPlugin:257 - Accepted Firmware Licenses: FW.F4.1.28.0,FW.H7.1.12.0,FW.H7.1.11.0
2025-07-28 14:36:11,280 [INFO] PluginManage:359 - Loaded plugin analytics (category:tool,tabindex:-1)
2025-07-28 14:36:11,281 [INFO] PluginManage:310 - Check plugin cadmodel
2025-07-28 14:36:11,286 [INFO] CADModel:105 - Init CAD model plugin
2025-07-28 14:36:11,286 [INFO] PluginManage:359 - Loaded plugin cadmodel (category:power,tabindex:5)
2025-07-28 14:36:11,286 [INFO] PluginManage:310 - Check plugin clock
2025-07-28 14:36:11,292 [INFO] PluginManage:359 - Loaded plugin clock (category:base,tabindex:2)
2025-07-28 14:36:11,292 [INFO] PluginManage:310 - Check plugin ddr
2025-07-28 14:36:11,294 [INFO] PluginManage:359 - Loaded plugin ddr (category:tool,tabindex:6)
2025-07-28 14:36:11,294 [INFO] PluginManage:310 - Check plugin filemanager
2025-07-28 14:36:11,396 [INFO] PluginManage:359 - Loaded plugin filemanager (category:base,tabindex:10)
2025-07-28 14:36:11,396 [INFO] PluginManage:310 - Check plugin ipmanager
2025-07-28 14:36:11,401 [INFO] PluginManage:359 - Loaded plugin ipmanager (category:base,tabindex:5)
2025-07-28 14:36:11,401 [INFO] PluginManage:310 - Check plugin lpbam
2025-07-28 14:36:11,408 [INFO] PluginManage:359 - Loaded plugin lpbam (category:base,tabindex:0)
2025-07-28 14:36:11,408 [INFO] PluginManage:310 - Check plugin memorymap
2025-07-28 14:36:11,418 [INFO] PluginManage:359 - Loaded plugin memorymap (category:base,tabindex:4)
2025-07-28 14:36:11,418 [INFO] PluginManage:310 - Check plugin pinoutandconfiguration
2025-07-28 14:36:11,425 [INFO] PluginManage:359 - Loaded plugin pinoutandconfiguration (category:base,tabindex:1)
2025-07-28 14:36:11,425 [INFO] PluginManage:310 - Check plugin pinoutconfig
2025-07-28 14:36:11,479 [WARN] SupportedApi:132 - Cannot load RTOS API schema: s4s-elt-must-match.1: The content of 'definitions' must match (annotation?, (simpleType | complexType)?, (unique | key | keyref)*)). A problem was found starting at: attribute.
2025-07-28 14:36:11,558 [INFO] PluginManage:359 - Loaded plugin pinoutconfig (category:base,tabindex:0)
2025-07-28 14:36:11,558 [INFO] PluginManage:310 - Check plugin power
2025-07-28 14:36:11,565 [INFO] PluginManage:359 - Loaded plugin power (category:power,tabindex:4)
2025-07-28 14:36:11,565 [INFO] PluginManage:310 - Check plugin projectmanager
2025-07-28 14:36:11,575 [INFO] PluginManage:359 - Loaded plugin projectmanager (category:projectmanager,tabindex:4)
2025-07-28 14:36:11,575 [INFO] PluginManage:310 - Check plugin rif
2025-07-28 14:36:11,581 [INFO] PluginManage:359 - Loaded plugin rif (category:base,tabindex:3)
2025-07-28 14:36:11,581 [INFO] PluginManage:310 - Check plugin thirdparty
2025-07-28 14:36:11,669 [INFO] PluginManage:359 - Loaded plugin thirdparty (category:base,tabindex:-1)
2025-07-28 14:36:11,669 [WARN] IntegrityCheckThread:84 - waiting for thirdparty lock release [integrity check]
2025-07-28 14:36:11,669 [INFO] PluginManage:310 - Check plugin tools
2025-07-28 14:36:11,669 [INFO] IntegrityCheckThread:86 - entering critical section [integrity check]
2025-07-28 14:36:11,669 [INFO] ThirdPartyUpdaterWithRetryManager:70 - Updater plugin not ready yet. [1/15]
2025-07-28 14:36:11,671 [INFO] PluginManage:359 - Loaded plugin tools (category:base,tabindex:7)
2025-07-28 14:36:11,671 [INFO] PluginManage:310 - Check plugin tutovideos
2025-07-28 14:36:11,813 [INFO] PluginManage:359 - Loaded plugin tutovideos (category:base,tabindex:-1)
2025-07-28 14:36:11,813 [INFO] PluginManage:310 - Check plugin updater
2025-07-28 14:36:11,828 [INFO] PluginManage:359 - Loaded plugin updater (category:base,tabindex:12)
2025-07-28 14:36:11,828 [INFO] PluginManage:310 - Check plugin userauth
2025-07-28 14:36:11,830 [INFO] UserAuth:118 - Init User Auth plugin
2025-07-28 14:36:11,831 [INFO] PluginManage:359 - Loaded plugin userauth (category:base,tabindex:14)
2025-07-28 14:36:11,831 [INFO] PluginManage:283 - PluginManage : Loaded plugins [18]
2025-07-28 14:36:11,967 [INFO] PinOutPanel:1589 - setPackage(No Configuration,No Configuration)
2025-07-28 14:36:12,022 [INFO] CADModel:165 - CPN selected for project level
2025-07-28 14:36:12,022 [INFO] CADModel:114 - Register for checkConnection events
2025-07-28 14:36:12,033 [INFO] IPUIPlugin:80 - create IPUIPlugin
2025-07-28 14:36:12,033 [INFO] PluginManager:220 - loadIPPluginJar : add adc
2025-07-28 14:36:12,035 [INFO] IPUIPlugin:80 - create IPUIPlugin
2025-07-28 14:36:12,035 [INFO] PluginManager:220 - loadIPPluginJar : add aes
2025-07-28 14:36:12,037 [INFO] IPUIPlugin:80 - create IPUIPlugin
2025-07-28 14:36:12,037 [INFO] PluginManager:220 - loadIPPluginJar : add can
2025-07-28 14:36:12,038 [INFO] IPUIPlugin:80 - create IPUIPlugin
2025-07-28 14:36:12,038 [INFO] PluginManager:220 - loadIPPluginJar : add comp
2025-07-28 14:36:12,039 [INFO] IPUIPlugin:80 - create IPUIPlugin
2025-07-28 14:36:12,039 [INFO] PluginManager:220 - loadIPPluginJar : add cryp
2025-07-28 14:36:12,041 [INFO] IPUIPlugin:80 - create IPUIPlugin
2025-07-28 14:36:12,041 [INFO] PluginManager:220 - loadIPPluginJar : add ddr_ctrl_phy
2025-07-28 14:36:12,043 [INFO] IPUIPlugin:80 - create IPUIPlugin
2025-07-28 14:36:12,043 [INFO] PluginManager:220 - loadIPPluginJar : add dfsdm
2025-07-28 14:36:12,046 [INFO] IPUIPlugin:80 - create IPUIPlugin
2025-07-28 14:36:12,046 [INFO] PluginManager:220 - loadIPPluginJar : add dma
2025-07-28 14:36:12,048 [INFO] IPUIPlugin:80 - create IPUIPlugin
2025-07-28 14:36:12,048 [INFO] PluginManager:220 - loadIPPluginJar : add dma3
2025-07-28 14:36:12,049 [INFO] IPUIPlugin:80 - create IPUIPlugin
2025-07-28 14:36:12,049 [INFO] PluginManager:220 - loadIPPluginJar : add extmemmanager
2025-07-28 14:36:12,050 [INFO] IPUIPlugin:80 - create IPUIPlugin
2025-07-28 14:36:12,050 [INFO] PluginManager:220 - loadIPPluginJar : add fatfs
2025-07-28 14:36:12,053 [INFO] IPUIPlugin:80 - create IPUIPlugin
2025-07-28 14:36:12,053 [INFO] PluginManager:220 - loadIPPluginJar : add fmc
2025-07-28 14:36:12,057 [INFO] IPUIPlugin:80 - create IPUIPlugin
2025-07-28 14:36:12,057 [INFO] PluginManager:220 - loadIPPluginJar : add freertos
2025-07-28 14:36:12,058 [INFO] IPUIPlugin:80 - create IPUIPlugin
2025-07-28 14:36:12,058 [INFO] PluginManager:220 - loadIPPluginJar : add genericplugin
2025-07-28 14:36:12,060 [INFO] IPUIPlugin:80 - create IPUIPlugin
2025-07-28 14:36:12,060 [INFO] PluginManager:220 - loadIPPluginJar : add gfxmmu
2025-07-28 14:36:12,063 [INFO] IPUIPlugin:80 - create IPUIPlugin
2025-07-28 14:36:12,063 [INFO] PluginManager:220 - loadIPPluginJar : add gic
2025-07-28 14:36:12,066 [INFO] IPUIPlugin:80 - create IPUIPlugin
2025-07-28 14:36:12,066 [INFO] PluginManager:220 - loadIPPluginJar : add gpio
2025-07-28 14:36:12,067 [INFO] IPUIPlugin:80 - create IPUIPlugin
2025-07-28 14:36:12,067 [INFO] PluginManager:220 - loadIPPluginJar : add gtzc
2025-07-28 14:36:12,069 [INFO] IPUIPlugin:80 - create IPUIPlugin
2025-07-28 14:36:12,069 [INFO] PluginManager:220 - loadIPPluginJar : add hash
2025-07-28 14:36:12,070 [INFO] IPUIPlugin:80 - create IPUIPlugin
2025-07-28 14:36:12,070 [INFO] PluginManager:220 - loadIPPluginJar : add i2c
2025-07-28 14:36:12,071 [INFO] IPUIPlugin:80 - create IPUIPlugin
2025-07-28 14:36:12,072 [INFO] PluginManager:220 - loadIPPluginJar : add i2s
2025-07-28 14:36:12,073 [INFO] IPUIPlugin:80 - create IPUIPlugin
2025-07-28 14:36:12,073 [INFO] PluginManager:220 - loadIPPluginJar : add i3c
2025-07-28 14:36:12,075 [INFO] IPUIPlugin:80 - create IPUIPlugin
2025-07-28 14:36:12,075 [INFO] PluginManager:220 - loadIPPluginJar : add ipddr
2025-07-28 14:36:12,079 [INFO] IPUIPlugin:80 - create IPUIPlugin
2025-07-28 14:36:12,079 [INFO] PluginManager:220 - loadIPPluginJar : add linkedlist
2025-07-28 14:36:12,081 [INFO] IPUIPlugin:80 - create IPUIPlugin
2025-07-28 14:36:12,081 [INFO] PluginManager:220 - loadIPPluginJar : add lorawan
2025-07-28 14:36:12,083 [INFO] IPUIPlugin:80 - create IPUIPlugin
2025-07-28 14:36:12,083 [INFO] PluginManager:220 - loadIPPluginJar : add ltdc
2025-07-28 14:36:12,086 [INFO] IPUIPlugin:80 - create IPUIPlugin
2025-07-28 14:36:12,086 [INFO] PluginManager:220 - loadIPPluginJar : add mdma
2025-07-28 14:36:12,088 [INFO] IPUIPlugin:80 - create IPUIPlugin
2025-07-28 14:36:12,088 [INFO] PluginManager:220 - loadIPPluginJar : add nvic
2025-07-28 14:36:12,089 [INFO] IPUIPlugin:80 - create IPUIPlugin
2025-07-28 14:36:12,089 [INFO] PluginManager:220 - loadIPPluginJar : add opamp
2025-07-28 14:36:12,091 [INFO] IPUIPlugin:80 - create IPUIPlugin
2025-07-28 14:36:12,091 [INFO] PluginManager:220 - loadIPPluginJar : add openamp
2025-07-28 14:36:12,093 [INFO] IPUIPlugin:80 - create IPUIPlugin
2025-07-28 14:36:12,093 [INFO] PluginManager:220 - loadIPPluginJar : add pdm2pcm
2025-07-28 14:36:12,097 [INFO] IPUIPlugin:80 - create IPUIPlugin
2025-07-28 14:36:12,098 [INFO] PluginManager:220 - loadIPPluginJar : add plateformsettings
2025-07-28 14:36:12,099 [INFO] IPUIPlugin:80 - create IPUIPlugin
2025-07-28 14:36:12,099 [INFO] PluginManager:220 - loadIPPluginJar : add quadspi
2025-07-28 14:36:12,100 [INFO] IPUIPlugin:80 - create IPUIPlugin
2025-07-28 14:36:12,101 [INFO] PluginManager:220 - loadIPPluginJar : add radio
2025-07-28 14:36:12,103 [INFO] IPUIPlugin:80 - create IPUIPlugin
2025-07-28 14:36:12,103 [INFO] PluginManager:220 - loadIPPluginJar : add resmgrutility
2025-07-28 14:36:12,104 [INFO] IPUIPlugin:80 - create IPUIPlugin
2025-07-28 14:36:12,104 [INFO] PluginManager:220 - loadIPPluginJar : add sai
2025-07-28 14:36:12,107 [INFO] IPUIPlugin:80 - create IPUIPlugin
2025-07-28 14:36:12,107 [INFO] PluginManager:220 - loadIPPluginJar : add spi
2025-07-28 14:36:12,110 [INFO] IPUIPlugin:80 - create IPUIPlugin
2025-07-28 14:36:12,110 [INFO] PluginManager:220 - loadIPPluginJar : add stm32_wpan
2025-07-28 14:36:12,111 [INFO] IPUIPlugin:80 - create IPUIPlugin
2025-07-28 14:36:12,111 [INFO] PluginManager:220 - loadIPPluginJar : add tim
2025-07-28 14:36:12,113 [INFO] IPUIPlugin:80 - create IPUIPlugin
2025-07-28 14:36:12,113 [INFO] PluginManager:220 - loadIPPluginJar : add touchsensing
2025-07-28 14:36:12,114 [INFO] IPUIPlugin:80 - create IPUIPlugin
2025-07-28 14:36:12,114 [INFO] PluginManager:220 - loadIPPluginJar : add tracer_emb
2025-07-28 14:36:12,115 [INFO] IPUIPlugin:80 - create IPUIPlugin
2025-07-28 14:36:12,115 [INFO] PluginManager:220 - loadIPPluginJar : add ts
2025-07-28 14:36:12,116 [INFO] IPUIPlugin:80 - create IPUIPlugin
2025-07-28 14:36:12,116 [INFO] PluginManager:220 - loadIPPluginJar : add tsc
2025-07-28 14:36:12,117 [INFO] IPUIPlugin:80 - create IPUIPlugin
2025-07-28 14:36:12,117 [INFO] PluginManager:220 - loadIPPluginJar : add ucpd
2025-07-28 14:36:12,119 [INFO] IPUIPlugin:80 - create IPUIPlugin
2025-07-28 14:36:12,119 [INFO] PluginManager:220 - loadIPPluginJar : add usart
2025-07-28 14:36:12,121 [INFO] IPUIPlugin:80 - create IPUIPlugin
2025-07-28 14:36:12,121 [INFO] PluginManager:220 - loadIPPluginJar : add usbx
2025-07-28 14:36:12,228 [FATAL] Updater:351 - Updater called before beeing initialized
2025-07-28 14:36:12,245 [INFO] RulesReader:64 - Compatibility file has been processed (317 Rules)
2025-07-28 14:36:12,251 [INFO] RulesReader:64 - Compatibility file has been processed (317 Rules)
2025-07-28 14:36:12,255 [INFO] CADModel:165 - CPN selected for project level
2025-07-28 14:36:12,255 [INFO] CADModel:114 - Register for checkConnection events
2025-07-28 14:36:12,255 [FATAL] Updater:351 - Updater called before beeing initialized
2025-07-28 14:36:12,255 [ERROR] CADModel:125 - Updater not yet initialized, retry later 
2025-07-28 14:36:12,352 [FATAL] Updater:351 - Updater called before beeing initialized
2025-07-28 14:36:12,353 [INFO] CADModel:165 - CPN selected for project level
2025-07-28 14:36:12,353 [INFO] CADModel:114 - Register for checkConnection events
2025-07-28 14:36:12,353 [FATAL] Updater:351 - Updater called before beeing initialized
2025-07-28 14:36:12,353 [ERROR] CADModel:125 - Updater not yet initialized, retry later 
2025-07-28 14:36:12,355 [FATAL] Updater:351 - Updater called before beeing initialized
2025-07-28 14:36:12,429 [FATAL] Updater:351 - Updater called before beeing initialized
2025-07-28 14:36:12,432 [INFO] DbMcusAds:53 - JSON generation date=Tue Jul 08 18:14:23 AEST 2025 (1751962463524)
2025-07-28 14:36:12,432 [FATAL] Updater:351 - Updater called before beeing initialized
2025-07-28 14:36:12,459 [WARN] DetailPanel:346 - Failed to get advertising image, set to default
2025-07-28 14:36:12,517 [FATAL] Updater:351 - Updater called before beeing initialized
2025-07-28 14:36:12,518 [FATAL] Updater:351 - Updater called before beeing initialized
2025-07-28 14:36:12,518 [FATAL] Updater:351 - Updater called before beeing initialized
2025-07-28 14:36:12,518 [WARN] DetailPanel:346 - Failed to get advertising image, set to default
2025-07-28 14:36:12,519 [FATAL] Updater:351 - Updater called before beeing initialized
2025-07-28 14:36:12,548 [ERROR] Updater:1198 - MainUpdater not yet initialized. External WinMGr cannot be set.
2025-07-28 14:36:12,549 [INFO] Updater:1134 - Updater Version found : 6.15.0
2025-07-28 14:36:12,562 [INFO] ApplicationProperties:184 - Using Application install path: C:\ST\STM32CubeIDE_1.19.0\STM32CubeIDE\plugins\com.st.stm32cube.common.mx_6.15.0.202507011659
2025-07-28 14:36:12,768 [INFO] MainUpdater:2872 - connection check result : 10
2025-07-28 14:36:12,769 [INFO] MainUpdater:289 - Updater Check For Update Now.
2025-07-28 14:36:12,769 [INFO] MicroXplorer:498 - Change Database Version : DB.6.0.150
2025-07-28 14:36:12,773 [INFO] McuFinderGlobals:63 - Set McuFinder mode to 2 (CubeIDE integrated)
2025-07-28 14:36:12,774 [INFO] UserAuth:487 - Internet connection configuration mode: 1
2025-07-28 14:36:12,791 [INFO] JxBrowserEngine:152 - Initiate JxBrowser Engine with user profile folder
2025-07-28 14:36:12,923 [INFO] CheckServerUpdateThread:120 - End of CheckServer Thread
2025-07-28 14:36:13,738 [INFO] WebApp:169 - Instantiating new browser for Auth
2025-07-28 14:36:14,191 [INFO] WebApp:463 - Apply proxy settings
2025-07-28 14:36:14,191 [INFO] WebApp:548 - Chromium requires no authentication
2025-07-28 14:36:14,198 [INFO] WebApp:491 - Direct internet connection detected
2025-07-28 14:36:14,216 [INFO] WebApp:900 - Register for checkConnection events
2025-07-28 14:36:14,216 [INFO] WebApp:463 - Apply proxy settings
2025-07-28 14:36:14,217 [INFO] WebApp:548 - Chromium requires no authentication
2025-07-28 14:36:14,217 [INFO] WebApp:491 - Direct internet connection detected
2025-07-28 14:36:14,336 [INFO] WebApp:225 - Starting web application
2025-07-28 14:36:14,337 [INFO] WebApp:593 - Web application path used C:\ST\STM32CubeIDE_1.19.0\STM32CubeIDE\plugins\com.st.stm32cube.common.mx_6.15.0.202507011659\db\plugins\mcufinder\reactClient1\index.html
2025-07-28 14:36:14,431 [INFO] UserAuth:487 - Internet connection configuration mode: 1
2025-07-28 14:36:14,563 [INFO] WebApp:191 - Connection restablished
2025-07-28 14:36:14,859 [WARN] PackLoader:240 - Cannot read IP mode file for STMicroelectronics.FP-SNS-MOTENVWB1.1.4.0
2025-07-28 14:36:14,866 [WARN] PackLoader:240 - Cannot read IP mode file for STMicroelectronics.FP-ATR-ASTRA1.2.0.2
2025-07-28 14:36:14,869 [WARN] PackLoader:240 - Cannot read IP mode file for STMicroelectronics.FP-ATR-ASTRA1.2.0.1
2025-07-28 14:36:14,874 [WARN] PackLoader:240 - Cannot read IP mode file for STMicroelectronics.X-CUBE-SMBUS.2.1.0
2025-07-28 14:36:14,879 [WARN] PackLoader:240 - Cannot read IP mode file for STMicroelectronics.X-CUBE-WB05N.1.1.0
2025-07-28 14:36:14,882 [WARN] PackLoader:240 - Cannot read IP mode file for STMicroelectronics.X-CUBE-ST60.1.0.0
2025-07-28 14:36:14,896 [WARN] PackLoader:240 - Cannot read IP mode file for STMicroelectronics.X-CUBE-AZRTOS-F7.1.1.0
2025-07-28 14:36:14,902 [WARN] PackLoader:240 - Cannot read IP mode file for STMicroelectronics.FP-SNS-FLIGHT1.5.0.2
2025-07-28 14:36:14,915 [WARN] PackLoader:240 - Cannot read IP mode file for Infineon.AIROC-Wi-Fi-Bluetooth-STM32.1.7.0
2025-07-28 14:36:14,932 [WARN] PackLoader:240 - Cannot read IP mode file for STMicroelectronics.X-CUBE-AZRTOS-H7.3.4.0
2025-07-28 14:36:14,945 [WARN] PackLoader:240 - Cannot read IP mode file for STMicroelectronics.X-CUBE-DISPLAY.3.0.0
2025-07-28 14:36:14,954 [WARN] PackLoader:240 - Cannot read IP mode file for STMicroelectronics.X-CUBE-NFC10.1.0.0
2025-07-28 14:36:14,963 [WARN] PackLoader:240 - Cannot read IP mode file for STMicroelectronics.X-CUBE-BLEMGR.4.0.0
2025-07-28 14:36:14,968 [WARN] PackLoader:240 - Cannot read IP mode file for emotas.I-CUBE-CANOPEN.1.3.0
2025-07-28 14:36:14,972 [WARN] ConditionMgr:438 - getConditionDescription Invalid condition id : Cortex-A Device cause : null
2025-07-28 14:36:14,981 [WARN] ConditionMgr:1044 - genDependencies : Invalid condition id : Cortex-A Device cause : null
2025-07-28 14:36:14,982 [WARN] ConditionMgr:1044 - genDependencies : Invalid condition id : Cortex-A Device cause : null
2025-07-28 14:36:14,982 [WARN] ConditionMgr:1044 - genDependencies : Invalid condition id : Cortex-A Device cause : null
2025-07-28 14:36:14,985 [WARN] PackLoader:240 - Cannot read IP mode file for STMicroelectronics.X-CUBE-AI.10.0.0
2025-07-28 14:36:14,988 [WARN] PackLoader:240 - Cannot read IP mode file for STMicroelectronics.FP-SNS-SMARTAG2.1.2.0
2025-07-28 14:36:14,990 [WARN] PackLoader:240 - Cannot read IP mode file for STMicroelectronics.FP-SNS-FLIGHT1.5.1.0
2025-07-28 14:36:15,008 [INFO] LogOutputStream:77 - [STDOUT_REDIRECT] 1 : Invalid condition id : UX_CORESTACK_Condition cause : null
2025-07-28 14:36:15,009 [INFO] LogOutputStream:77 - [STDOUT_REDIRECT] 1 : Invalid condition id : UX_CORESTACK_Condition cause : null
2025-07-28 14:36:15,010 [INFO] LogOutputStream:77 - [STDOUT_REDIRECT] 1 : Invalid condition id : UX_CORESTACK_Condition cause : null
2025-07-28 14:36:15,011 [INFO] LogOutputStream:77 - [STDOUT_REDIRECT] 1 : Invalid condition id : UX_CORESTACK_Condition cause : null
2025-07-28 14:36:15,012 [INFO] LogOutputStream:77 - [STDOUT_REDIRECT] 1 : Invalid condition id : UX_CORESTACK_Condition cause : null
2025-07-28 14:36:15,015 [WARN] PackLoader:240 - Cannot read IP mode file for STMicroelectronics.X-CUBE-AZRTOS-WL.2.0.0
2025-07-28 14:36:15,022 [WARN] PackLoader:240 - Cannot read IP mode file for STMicroelectronics.FP-SNS-MOTENV1.5.0.0
2025-07-28 14:36:15,029 [WARN] PackLoader:240 - Cannot read IP mode file for WES.I-CUBE-Cesium.1.3.0
2025-07-28 14:36:15,033 [WARN] PackLoader:240 - Cannot read IP mode file for STMicroelectronics.X-CUBE-BLE2.3.3.0
2025-07-28 14:36:15,038 [WARN] PackLoader:240 - Cannot read IP mode file for STMicroelectronics.X-CUBE-NFC9.1.0.0
2025-07-28 14:36:15,042 [WARN] PackLoader:240 - Cannot read IP mode file for STMicroelectronics.X-CUBE-BLE1.7.1.0
2025-07-28 14:36:15,045 [WARN] PackLoader:240 - Cannot read IP mode file for wolfSSL.I-CUBE-wolfMQTT.1.19.2
2025-07-28 14:36:15,050 [WARN] PackLoader:240 - Cannot read IP mode file for STMicroelectronics.X-CUBE-EEPRMA1.5.2.0
2025-07-28 14:36:15,054 [WARN] PackLoader:240 - Cannot read IP mode file for STMicroelectronics.X-CUBE-AI.10.1.0
2025-07-28 14:36:15,086 [WARN] PackLoader:240 - Cannot read IP mode file for STMicroelectronics.X-CUBE-MEMS1.11.2.0
2025-07-28 14:36:15,155 [WARN] PackLoader:240 - Cannot read IP mode file for STMicroelectronics.X-CUBE-AZRTOS-G0.1.1.0
2025-07-28 14:36:15,159 [WARN] PackLoader:240 - Cannot read IP mode file for STMicroelectronics.X-CUBE-SAFEA1.1.2.2
2025-07-28 14:36:15,162 [WARN] PackLoader:240 - Cannot read IP mode file for STMicroelectronics.X-CUBE-NFC4.3.0.0
2025-07-28 14:36:15,167 [WARN] PackLoader:240 - Cannot read IP mode file for EmbeddedOffice.I-CUBE-FS-RTOS.1.0.1
2025-07-28 14:36:15,170 [WARN] PackLoader:240 - Cannot read IP mode file for STMicroelectronics.X-CUBE-WB05N.2.0.0
2025-07-28 14:36:15,173 [WARN] PackLoader:240 - Cannot read IP mode file for wolfSSL.I-CUBE-wolfTPM.3.8.0
2025-07-28 14:36:15,176 [WARN] PackLoader:240 - Cannot read IP mode file for STMicroelectronics.X-CUBE-TCPP.4.2.0
2025-07-28 14:36:15,179 [WARN] PackLoader:240 - Cannot read IP mode file for RealThread.X-CUBE-RT-Thread_Nano.4.1.1
2025-07-28 14:36:15,181 [WARN] PackLoader:240 - Cannot read IP mode file for STMicroelectronics.FP-ATR-SIGFOX1.3.2.0
2025-07-28 14:36:15,184 [WARN] PackLoader:240 - Cannot read IP mode file for STMicroelectronics.X-CUBE-EEPRMA1.5.1.0
2025-07-28 14:36:15,188 [WARN] PackLoader:240 - Cannot read IP mode file for wolfSSL.I-CUBE-wolfSSL.5.7.6
2025-07-28 14:36:15,191 [WARN] PackLoader:240 - Cannot read IP mode file for ITTIA_DB.I-CUBE-ITTIADB.8.9.0
2025-07-28 14:36:15,195 [WARN] PackLoader:240 - Cannot read IP mode file for STMicroelectronics.X-CUBE-ST67W61.1.0.0
2025-07-28 14:36:15,207 [WARN] PackLoader:240 - Cannot read IP mode file for SEGGER.I-CUBE-embOS.1.3.1
2025-07-28 14:36:15,227 [WARN] PackLoader:240 - Cannot read IP mode file for STMicroelectronics.X-CUBE-ALGOBUILD.1.4.0
2025-07-28 14:36:15,246 [WARN] PackLoader:240 - Cannot read IP mode file for STMicroelectronics.X-CUBE-MEMS1.11.3.0
2025-07-28 14:36:15,297 [WARN] PackLoader:240 - Cannot read IP mode file for STMicroelectronics.X-CUBE-PM33A1.1.0.0
2025-07-28 14:36:15,308 [WARN] PackLoader:240 - Cannot read IP mode file for STMicroelectronics.X-CUBE-AZRTOS-F4.1.1.0
2025-07-28 14:36:15,313 [WARN] PackLoader:240 - Cannot read IP mode file for Avnet-IotConnect.X-CUBE-IoTC-DA16k-PMOD.1.0.0
2025-07-28 14:36:15,316 [WARN] PackLoader:240 - Cannot read IP mode file for STMicroelectronics.X-CUBE-ISPU.2.1.0
2025-07-28 14:36:15,320 [WARN] PackLoader:240 - Cannot read IP mode file for STMicroelectronics.X-CUBE-NFC12.1.0.0
2025-07-28 14:36:15,329 [WARN] PackLoader:240 - Cannot read IP mode file for STMicroelectronics.X-CUBE-AZRTOS-L5.2.0.0
2025-07-28 14:36:15,336 [WARN] PackLoader:240 - Cannot read IP mode file for STMicroelectronics.X-CUBE-NFC6.3.1.0
2025-07-28 14:36:15,341 [WARN] PackLoader:240 - Cannot read IP mode file for STMicroelectronics.X-CUBE-FREERTOS.1.3.1
2025-07-28 14:36:15,344 [WARN] PackLoader:240 - Cannot read IP mode file for STMicroelectronics.X-CUBE-FREERTOS.1.3.0
2025-07-28 14:36:15,347 [WARN] PackLoader:240 - Cannot read IP mode file for STMicroelectronics.X-CUBE-NFC7.1.0.1
2025-07-28 14:36:15,351 [WARN] PackLoader:240 - Cannot read IP mode file for STMicroelectronics.FP-SNS-STAIOTCFT.1.0.0
2025-07-28 14:36:15,354 [WARN] PackLoader:240 - Cannot read IP mode file for STMicroelectronics.X-CUBE-DPower.1.3.0
2025-07-28 14:36:15,362 [WARN] ConditionMgr:438 - getConditionDescription Invalid condition id : LAN8742 Phy interface Condition cause : null
2025-07-28 14:36:15,363 [WARN] PackLoader:240 - Cannot read IP mode file for STMicroelectronics.X-CUBE-AZRTOS-L4.2.0.0
2025-07-28 14:36:15,364 [WARN] ConditionMgr:1044 - genDependencies : Invalid condition id : LAN8742 Phy interface Condition cause : null
2025-07-28 14:36:15,364 [WARN] ConditionMgr:1044 - genDependencies : Invalid condition id : LAN8742 Phy interface Condition cause : null
2025-07-28 14:36:15,364 [WARN] ConditionMgr:1044 - genDependencies : Invalid condition id : LAN8742 Phy interface Condition cause : null
2025-07-28 14:36:15,375 [WARN] PackLoader:240 - Cannot read IP mode file for STMicroelectronics.X-CUBE-SFXS2LP1.4.0.0
2025-07-28 14:36:15,387 [WARN] PackLoader:240 - Cannot read IP mode file for STMicroelectronics.X-CUBE-AZRTOS-H7.3.3.0
2025-07-28 14:36:15,395 [WARN] PackLoader:240 - Cannot read IP mode file for STMicroelectronics.X-CUBE-BLEMGR.4.1.0
2025-07-28 14:36:15,404 [WARN] ConditionMgr:438 - getConditionDescription Invalid condition id : UX DEVICE CLASS RTOS Condition cause : null
2025-07-28 14:36:15,404 [WARN] ConditionMgr:438 - getConditionDescription Invalid condition id : UX DEVICE CLASS RTOS Condition cause : null
2025-07-28 14:36:15,406 [WARN] PackLoader:240 - Cannot read IP mode file for STMicroelectronics.X-CUBE-AZRTOS-WB.2.0.0
2025-07-28 14:36:15,406 [WARN] ConditionMgr:1044 - genDependencies : Invalid condition id : UX DEVICE CLASS RTOS Condition cause : null
2025-07-28 14:36:15,406 [WARN] ConditionMgr:1044 - genDependencies : Invalid condition id : UX DEVICE CLASS RTOS Condition cause : null
2025-07-28 14:36:15,406 [WARN] ConditionMgr:1044 - genDependencies : Invalid condition id : UX DEVICE CLASS RTOS Condition cause : null
2025-07-28 14:36:15,406 [WARN] ConditionMgr:1044 - genDependencies : Invalid condition id : UX DEVICE CLASS RTOS Condition cause : null
2025-07-28 14:36:15,406 [WARN] ConditionMgr:1044 - genDependencies : Invalid condition id : UX DEVICE CLASS RTOS Condition cause : null
2025-07-28 14:36:15,410 [WARN] PackLoader:240 - Cannot read IP mode file for STMicroelectronics.X-CUBE-GNSS1.7.0.1
2025-07-28 14:36:15,414 [WARN] PackLoader:240 - Cannot read IP mode file for STMicroelectronics.X-CUBE-TOUCHGFX.4.25.0
2025-07-28 14:36:15,419 [WARN] PackLoader:240 - Cannot read IP mode file for STMicroelectronics.X-CUBE-SUBG2.5.0.0
2025-07-28 14:36:15,429 [WARN] PackLoader:240 - Cannot read IP mode file for STMicroelectronics.X-CUBE-AZRTOS-H7RS.1.1.0
2025-07-28 14:36:15,433 [WARN] PackLoader:240 - Cannot read IP mode file for Cesanta.I-CUBE-Mongoose.7.13.0
2025-07-28 14:36:15,439 [WARN] PackLoader:240 - Cannot read IP mode file for STMicroelectronics.X-CUBE-AZRTOS-G4.2.0.0
2025-07-28 14:36:15,442 [WARN] PackLoader:240 - Cannot read IP mode file for wolfSSL.I-CUBE-wolfSSH.1.4.20
2025-07-28 14:36:15,444 [WARN] PackLoader:240 - Cannot read IP mode file for STMicroelectronics.X-CUBE-NFC7.2.0.0
2025-07-28 14:36:15,450 [WARN] PackLoader:240 - Cannot read IP mode file for STMicroelectronics.X-CUBE-IPS.3.1.0
2025-07-28 14:36:15,454 [WARN] PackLoader:240 - Cannot read IP mode file for STMicroelectronics.X-CUBE-ALS.1.0.2
2025-07-28 14:36:15,457 [WARN] PackLoader:240 - Cannot read IP mode file for portGmbH.I-Cube-SoM-uGOAL.1.1.0
2025-07-28 14:36:15,463 [WARN] PackLoader:240 - Cannot read IP mode file for STMicroelectronics.X-CUBE-TOF1.3.4.3
2025-07-28 14:36:15,467 [INFO] ThirdParty:978 - Integrity check success = true
2025-07-28 14:36:15,467 [INFO] IntegrityCheckThread:100 - exiting critical section [integrity check]
2025-07-28 14:36:15,467 [INFO] IntegrityCheckThread:103 - End integrity checks thread
2025-07-28 14:48:38,360 [INFO] McuFinderGlobals:63 - Set McuFinder mode to 2 (CubeIDE integrated)
2025-07-28 14:48:38,364 [INFO] MainUpdater:2872 - connection check result : 10
2025-07-28 14:48:38,365 [INFO] MainUpdater:2872 - connection check result : 10
2025-07-28 14:48:38,389 [INFO] MicroXplorer:468 - Change Database Path : 
2025-07-28 14:48:38,389 [INFO] MicroXplorer:498 - Change Database Version : DB.6.0.150
2025-07-28 14:48:38,394 [WARN] ThirdParty:871 - waiting for thirdparty lock release [close project]
2025-07-28 14:48:38,394 [INFO] ThirdParty:873 - entering critical section [close project]
2025-07-28 14:48:38,395 [INFO] ThirdParty:883 - exiting critical section [close project]
2025-07-28 14:48:38,397 [INFO] PinOutPanel:1589 - setPackage(No Configuration,No Configuration)
2025-07-28 14:48:38,399 [INFO] UtilMem:75 - Begin LoadConfig() Used Memory: 716161648 Bytes (927989760)
2025-07-28 14:48:38,400 [INFO] MicroXplorer:468 - Change Database Path : 
2025-07-28 14:48:38,400 [INFO] MicroXplorer:498 - Change Database Version : DB.6.0.150
2025-07-28 14:48:38,401 [INFO] OpenFileManager:355 - Change cursor
2025-07-28 14:48:38,457 [INFO] Mcu:2029 - Initializing MCU STM32H755ZITx STM32H755ZITx STM32H755ZIT6
2025-07-28 14:48:40,656 [INFO] Context:786 - Trying to add GPIOservice into a context  which must be forbidden
2025-07-28 14:48:40,656 [INFO] Context:786 - Trying to add GPIOservice into a context  which must be forbidden
2025-07-28 14:48:41,633 [INFO] ApiDbMcu:532 - Load IP Config File for NUCLEO-H755ZI-Q
2025-07-28 14:48:41,745 [INFO] Context:786 - Trying to add GPIOservice into a context  which must be forbidden
2025-07-28 14:48:41,757 [INFO] Context:786 - Trying to add GPIOservice into a context  which must be forbidden
2025-07-28 14:48:41,761 [INFO] ImportTextPane:234 - (OptionalMessage_ERROR) Pin42 (VP_RIF_VS_RIF1) cannot be retrieved for this MCU
2025-07-28 14:48:41,770 [INFO] ImportTextPane:234 - (OptionalMessage_ERROR) Unable to find key (Mcu.IP13) in loaded IOC file
2025-07-28 14:48:41,770 [INFO] ImportTextPane:234 - (OptionalMessage_ERROR) Unknown IP (dummy)
2025-07-28 14:48:41,904 [INFO] RtosManager:558 - Registered RTOS mode: class=CMSIS, group=RTOS, mode=CMSIS_V1, owner=FREERTOS_M7
2025-07-28 14:48:41,904 [INFO] RtosManager:558 - Registered RTOS mode: class=CMSIS, group=RTOS2, mode=CMSIS_V2, owner=FREERTOS_M7
2025-07-28 14:48:41,904 [INFO] RtosManager:558 - Registered RTOS mode: class=RTOS, group=Core, mode=CMSIS_V1, owner=FREERTOS_M7
2025-07-28 14:48:41,905 [INFO] RtosManager:558 - Registered RTOS mode: class=RTOS, group=Core, mode=CMSIS_V2, owner=FREERTOS_M7
2025-07-28 14:48:41,905 [WARN] ModelIntegratedComponent:184 - Missing modes for component STMicroelectronics:FreeRTOS:0.0.1:STMicroelectronics:RTOS:FreeRTOS:Core:::10.2.0:
2025-07-28 14:48:41,923 [WARN] ModelIntegratedComponent:63 - No mode defined for component null
2025-07-28 14:48:41,923 [WARN] ModelIntegratedComponent:63 - No mode defined for component null
2025-07-28 14:48:41,923 [WARN] ModelIntegratedComponent:63 - No mode defined for component null
2025-07-28 14:48:41,923 [WARN] ModelIntegratedComponent:63 - No mode defined for component null
2025-07-28 14:48:41,923 [WARN] ModelIntegratedComponent:63 - No mode defined for component null
2025-07-28 14:48:41,923 [WARN] ModelIntegratedComponent:63 - No mode defined for component null
2025-07-28 14:48:41,924 [WARN] ModelIntegratedComponent:63 - No mode defined for component null
2025-07-28 14:48:41,924 [WARN] ModelIntegratedComponent:63 - No mode defined for component null
2025-07-28 14:48:41,924 [WARN] ModelIntegratedComponent:63 - No mode defined for component null
2025-07-28 14:48:41,924 [WARN] ModelIntegratedComponent:63 - No mode defined for component null
2025-07-28 14:48:41,924 [WARN] ModelIntegratedComponent:63 - No mode defined for component null
2025-07-28 14:48:41,924 [WARN] ModelIntegratedComponent:63 - No mode defined for component null
2025-07-28 14:48:41,924 [WARN] ModelIntegratedComponent:63 - No mode defined for component null
2025-07-28 14:48:41,924 [WARN] ModelIntegratedComponent:63 - No mode defined for component null
2025-07-28 14:48:41,924 [WARN] ModelIntegratedComponent:63 - No mode defined for component null
2025-07-28 14:48:41,924 [WARN] ModelIntegratedComponent:63 - No mode defined for component null
2025-07-28 14:48:41,924 [WARN] ModelIntegratedComponent:63 - No mode defined for component null
2025-07-28 14:48:41,924 [WARN] ModelIntegratedComponent:63 - No mode defined for component null
2025-07-28 14:48:41,924 [WARN] ModelIntegratedComponent:63 - No mode defined for component null
2025-07-28 14:48:41,924 [WARN] ModelIntegratedComponent:63 - No mode defined for component null
2025-07-28 14:48:41,924 [WARN] ModelIntegratedComponent:63 - No mode defined for component null
2025-07-28 14:48:41,924 [WARN] ModelIntegratedComponent:63 - No mode defined for component null
2025-07-28 14:48:41,924 [WARN] ModelIntegratedComponent:63 - No mode defined for component null
2025-07-28 14:48:41,924 [WARN] ModelIntegratedComponent:63 - No mode defined for component null
2025-07-28 14:48:41,924 [WARN] ModelIntegratedComponent:63 - No mode defined for component null
2025-07-28 14:48:41,925 [WARN] ModelIntegratedComponent:63 - No mode defined for component null
2025-07-28 14:48:41,925 [WARN] ModelIntegratedComponent:63 - No mode defined for component null
2025-07-28 14:48:41,925 [WARN] ModelIntegratedComponent:63 - No mode defined for component null
2025-07-28 14:48:41,925 [WARN] ModelIntegratedComponent:63 - No mode defined for component null
2025-07-28 14:48:41,925 [WARN] ModelIntegratedComponent:63 - No mode defined for component null
2025-07-28 14:48:41,925 [WARN] ModelIntegratedComponent:63 - No mode defined for component null
2025-07-28 14:48:41,925 [WARN] ModelIntegratedComponent:63 - No mode defined for component null
2025-07-28 14:48:41,925 [WARN] ModelIntegratedComponent:63 - No mode defined for component null
2025-07-28 14:48:41,925 [WARN] ModelIntegratedComponent:63 - No mode defined for component null
2025-07-28 14:48:41,925 [WARN] ModelIntegratedComponent:63 - No mode defined for component null
2025-07-28 14:48:41,925 [WARN] ModelPack:524 - Component already loaded: STMicroelectronics:HAL Drivers:0.0.0:STMicroelectronics:Device:STMicro_Driver:XSPI:HAL::0.0.1:HAL_XSPI
2025-07-28 14:48:42,011 [INFO] RtosManager:558 - Registered RTOS mode: class=CMSIS, group=RTOS, mode=CMSIS_V1, owner=FREERTOS_M4
2025-07-28 14:48:42,011 [INFO] RtosManager:558 - Registered RTOS mode: class=CMSIS, group=RTOS2, mode=CMSIS_V2, owner=FREERTOS_M4
2025-07-28 14:48:42,011 [INFO] RtosManager:558 - Registered RTOS mode: class=RTOS, group=Core, mode=CMSIS_V1, owner=FREERTOS_M4
2025-07-28 14:48:42,011 [INFO] RtosManager:558 - Registered RTOS mode: class=RTOS, group=Core, mode=CMSIS_V2, owner=FREERTOS_M4
2025-07-28 14:48:42,011 [WARN] ModelIntegratedComponent:184 - Missing modes for component STMicroelectronics:FreeRTOS:0.0.1:STMicroelectronics:RTOS:FreeRTOS:Core:::10.2.0:
2025-07-28 14:48:42,020 [WARN] ModelIntegratedComponent:63 - No mode defined for component null
2025-07-28 14:48:42,020 [WARN] ModelIntegratedComponent:63 - No mode defined for component null
2025-07-28 14:48:42,020 [WARN] ModelIntegratedComponent:63 - No mode defined for component null
2025-07-28 14:48:42,020 [WARN] ModelIntegratedComponent:63 - No mode defined for component null
2025-07-28 14:48:42,021 [WARN] ModelIntegratedComponent:63 - No mode defined for component null
2025-07-28 14:48:42,021 [WARN] ModelIntegratedComponent:63 - No mode defined for component null
2025-07-28 14:48:42,021 [WARN] ModelIntegratedComponent:63 - No mode defined for component null
2025-07-28 14:48:42,021 [WARN] ModelIntegratedComponent:63 - No mode defined for component null
2025-07-28 14:48:42,021 [WARN] ModelIntegratedComponent:63 - No mode defined for component null
2025-07-28 14:48:42,021 [WARN] ModelIntegratedComponent:63 - No mode defined for component null
2025-07-28 14:48:42,021 [WARN] ModelIntegratedComponent:63 - No mode defined for component null
2025-07-28 14:48:42,021 [WARN] ModelIntegratedComponent:63 - No mode defined for component null
2025-07-28 14:48:42,021 [WARN] ModelIntegratedComponent:63 - No mode defined for component null
2025-07-28 14:48:42,021 [WARN] ModelIntegratedComponent:63 - No mode defined for component null
2025-07-28 14:48:42,021 [WARN] ModelIntegratedComponent:63 - No mode defined for component null
2025-07-28 14:48:42,021 [WARN] ModelIntegratedComponent:63 - No mode defined for component null
2025-07-28 14:48:42,021 [WARN] ModelIntegratedComponent:63 - No mode defined for component null
2025-07-28 14:48:42,022 [WARN] ModelIntegratedComponent:63 - No mode defined for component null
2025-07-28 14:48:42,022 [WARN] ModelIntegratedComponent:63 - No mode defined for component null
2025-07-28 14:48:42,022 [WARN] ModelIntegratedComponent:63 - No mode defined for component null
2025-07-28 14:48:42,022 [WARN] ModelIntegratedComponent:63 - No mode defined for component null
2025-07-28 14:48:42,022 [WARN] ModelIntegratedComponent:63 - No mode defined for component null
2025-07-28 14:48:42,022 [WARN] ModelIntegratedComponent:63 - No mode defined for component null
2025-07-28 14:48:42,022 [WARN] ModelIntegratedComponent:63 - No mode defined for component null
2025-07-28 14:48:42,022 [WARN] ModelIntegratedComponent:63 - No mode defined for component null
2025-07-28 14:48:42,022 [WARN] ModelIntegratedComponent:63 - No mode defined for component null
2025-07-28 14:48:42,022 [WARN] ModelIntegratedComponent:63 - No mode defined for component null
2025-07-28 14:48:42,022 [WARN] ModelIntegratedComponent:63 - No mode defined for component null
2025-07-28 14:48:42,022 [WARN] ModelIntegratedComponent:63 - No mode defined for component null
2025-07-28 14:48:42,022 [WARN] ModelIntegratedComponent:63 - No mode defined for component null
2025-07-28 14:48:42,022 [WARN] ModelIntegratedComponent:63 - No mode defined for component null
2025-07-28 14:48:42,022 [WARN] ModelIntegratedComponent:63 - No mode defined for component null
2025-07-28 14:48:42,022 [WARN] ModelIntegratedComponent:63 - No mode defined for component null
2025-07-28 14:48:42,022 [WARN] ModelIntegratedComponent:63 - No mode defined for component null
2025-07-28 14:48:42,022 [WARN] ModelIntegratedComponent:63 - No mode defined for component null
2025-07-28 14:48:42,022 [WARN] ModelPack:524 - Component already loaded: STMicroelectronics:HAL Drivers:0.0.0:STMicroelectronics:Device:STMicro_Driver:XSPI:HAL::0.0.1:HAL_XSPI
2025-07-28 14:48:42,086 [INFO] ThirdPartyModel:298 - Start build external matchings
2025-07-28 14:48:42,570 [INFO] ThirdPartyModel:316 - End build external matchings
2025-07-28 14:48:42,581 [INFO] ThirdPartyModel:298 - Start build external matchings
2025-07-28 14:48:43,043 [INFO] ThirdPartyModel:316 - End build external matchings
2025-07-28 14:48:43,054 [INFO] RtosManager:1018 - Current active RTOS is FREERTOS_M7 [CortexM7]
2025-07-28 14:48:43,239 [INFO] ApiDb:581 - Connected to CubeFinder SQLite database (C:\Users\nicks\.stmcufinder\plugins\mcufinder\mcu\cube-finder-db.db)
2025-07-28 14:48:43,328 [INFO] ApiDb:668 - CubeFinder database Data Model version=2.1
2025-07-28 14:48:43,328 [INFO] ApiDb:669 - CubeFinder database Configuration version=3.0.39
2025-07-28 14:48:43,329 [INFO] ApiDb:670 - CubeFinder database generation date=2025-07-18 (1752785937)
2025-07-28 14:48:43,329 [INFO] ApiDb:671 - CubeFinder database FW Pack versions=[FP-ATR-ASTRA1_V2.0.0, FP-SNS-FLIGHT1_V5.1.0, FP-SNS-MOTENV1_V5.0.0, FP-SNS-MOTENVWB1_V1.4.0, FP-SNS-SMARTAG2_V1.2.0, FP-SNS-STBOX1_V2.0.0, STM32Cube_FW_C0_V1.4.0, STM32Cube_FW_F4_V1.28.2, STM32Cube_FW_F7_V1.17.3, STM32Cube_FW_G0_V1.6.2, STM32Cube_FW_G4_V1.6.1, STM32Cube_FW_H5_V1.5.0, STM32Cube_FW_H7RS_V1.2.0, STM32Cube_FW_H7_V1.12.1, STM32Cube_FW_L0_V1.12.2, STM32Cube_FW_L4_V1.18.1, STM32Cube_FW_L5_V1.5.1, STM32Cube_FW_N6_V1.2.0, STM32Cube_FW_U0_V1.3.0, STM32Cube_FW_U3_V1.2.0, STM32Cube_FW_U5_V1.8.0, STM32Cube_FW_WB0_V1.3.0, STM32Cube_FW_WBA_V1.7.0, STM32Cube_FW_WB_V1.23.0, STM32Cube_FW_WL3_V1.2.0, STM32Cube_FW_WL_V1.3.1, X-CUBE-ALGOBUILD_V1.4.0, X-CUBE-ALS_V1.0.2, X-CUBE-AZRTOS-F4_V1.1.0, X-CUBE-AZRTOS-F7_V1.1.0, X-CUBE-AZRTOS-G0_V1.1.0, X-CUBE-AZRTOS-G4_V2.0.0, X-CUBE-AZRTOS-H7RS_V1.1.0, X-CUBE-AZRTOS-H7_V3.3.0, X-CUBE-AZRTOS-L4_V2.0.0, X-CUBE-AZRTOS-L5_V2.0.0, X-CUBE-AZRTOS-WB_V2.0.0, X-CUBE-AZRTOS-WL_V2.0.0, X-CUBE-BLE1_V7.1.0, X-CUBE-BLE2_V3.3.0, X-CUBE-BLEMGR_V4.0.0, X-CUBE-EEPRMA1_V5.1.0, X-CUBE-FREERTOS_V1.3.1, X-CUBE-GNSS1_V6.0.0, X-CUBE-MEMS1_V11.3.0, X-CUBE-NFC4_V3.0.0, X-CUBE-NFC7_V2.0.0, X-CUBE-SFXS2LP1_V4.0.0, X-CUBE-SUBG2_V5.0.0, X-CUBE-TOF1_V3.4.3]
2025-07-28 14:48:43,424 [INFO] DbBoardsSqlite:226 - include board P-NUCLEO-WB55-NUCLEO as a kit item of type 'Nucleo-64'
2025-07-28 14:48:43,424 [INFO] DbBoardsSqlite:226 - include board P-NUCLEO-WB55-USBDONGLE as a kit item of type 'Nucleo USB Dongle'
2025-07-28 14:48:43,426 [INFO] DbBoardsSqlite:226 - include board STEVAL-IDP005V1 as a kit item of type 'Evaluation Board'
2025-07-28 14:48:43,426 [INFO] DbBoardsSqlite:226 - include board STEVAL-IDP005V2 as a kit item of type 'Evaluation Board'
2025-07-28 14:48:43,846 [INFO] ApiDb:240 - Found 880 in-development CPN: [B-G473E-ZEST1S, B-WB1M-WPAN1, B-WBA5M-WPAN, B-WL5M-SUBG1, NUCLEO-C031C6, NUCLEO-C051C8, NUCLEO-C071RB, NUCLEO-C092RC, NUCLEO-H503RB, NUCLEO-H533RE, NUCLEO-H563ZI, NUCLEO-H7S3L8, NUCLEO-N657X0-Q, NUCLEO-U031R8, NUCLEO-U083RC, NUCLEO-U385RG-Q, NUCLEO-U545RE-Q, NUCLEO-U5A5ZJ-Q, NUCLEO-WB05KZ, NUCLEO-WB07CC, NUCLEO-WB09KE, NUCLEO-WBA52CG, NUCLEO-WBA55CG, NUCLEO-WL33CC1, NUCLEO-WL33CC2, STEVAL-PROTEUS1, STEVAL-SMARTAG2, STEVAL-STWINBX1, STM320518-EVAL, STM32C0116-DK, STM32C011D6Y3TR, STM32C011D6Y6TR, STM32C011F4P3, STM32C011F4P6, STM32C011F4U3, STM32C011F4U6TR, STM32C011F6P3, STM32C011F6P6, STM32C011F6U3, STM32C011F6U6TR, STM32C011J4M3, STM32C011J4M6, STM32C011J6M3, STM32C011J6M6, STM32C0316-DK, STM32C031C4T3, STM32C031C4T6, STM32C031C4U3, STM32C031C4U6, STM32C031C6T3, STM32C031C6T6, STM32C031C6U3, STM32C031C6U6, STM32C031F4P3, STM32C031F4P6, STM32C031F6P3, STM32C031F6P6, STM32C031G4U3, STM32C031G4U6, STM32C031G6U3, STM32C031G6U6, STM32C031K4T3, STM32C031K4T6, STM32C031K4U3, STM32C031K4U6, STM32C031K6T3, STM32C031K6T6, STM32C031K6U3, STM32C031K6U6, STM32C051C6T6, STM32C051C6U6, STM32C051C8T6, STM32C051C8U6, STM32C051D8Y6TR, STM32C051F6P6, STM32C051F8P6, STM32C051G6U6, STM32C051G8U6, STM32C051K6T6, STM32C051K6U6, STM32C051K8T6, STM32C071C8T6, STM32C071C8T6N, STM32C071C8U6, STM32C071C8U6N, STM32C071CBT6, STM32C071CBT6N, STM32C071CBU6, STM32C071CBU6N, STM32C071F8P6, STM32C071F8P6N, STM32C071FBP6, STM32C071FBP6N, STM32C071FBY6TR, STM32C071G8U6, STM32C071G8U6N, STM32C071GBU6, STM32C071GBU6N, STM32C071K8T6, STM32C071K8T6N, STM32C071K8U6, STM32C071K8U6N, STM32C071KBT6, STM32C071KBT6N, STM32C071KBU6, STM32C071KBU6N, STM32C071R8T6, STM32C071R8T6N, STM32C071RBI6N, STM32C071RBT6, STM32C071RBT6N, STM32C091CBT6, STM32C091CBU6, STM32C091CCT6, STM32C091CCU6, STM32C091ECY6TR, STM32C091FBP6, STM32C091FCP6, STM32C091GBU6, STM32C091GCU6, STM32C091KBT6, STM32C091KBU6, STM32C091KCT6, STM32C091KCU6, STM32C091RBT6, STM32C091RCI6, STM32C091RCT6, STM32C092CBT6, STM32C092CBU6, STM32C092CCT6, STM32C092CCU6, STM32C092ECY6TR, STM32C092FBP6, STM32C092FCP6, STM32C092GBU6, STM32C092GCU6, STM32C092KBT6, STM32C092KBU6, STM32C092KCT6, STM32C092KCU6, STM32C092RBT6, STM32C092RCI6, STM32C092RCT6, STM32G071K8TXN, STM32G071K8UXN, STM32G081GBU6N, STM32G081KBT6N, STM32G081KBUXN, STM32G0B1CCT6N, STM32G0B1KCT6, STM32G0B1NEY6TR, STM32G0B1RCT6N, STM32G0C1CCT6, STM32G0C1CCT6N, STM32G0C1CCU6N, STM32G0C1CET6N, STM32G0C1CEU6N, STM32G0C1KCT6, STM32G0C1NEY6TR, STM32G0C1RCI6N, STM32G0C1RCT6N, STM32G0C1REI6N, STM32G0C1RET6N, STM32G0C1VCI6, STM32G0C1VEI6, STM32G411C6T3, STM32G411C6T6, STM32G411C6U3, STM32G411C6U6, STM32G411C8T3, STM32G411C8T6, STM32G411C8U3, STM32G411C8U6, STM32G411CBT3, STM32G411CBT6, STM32G411CBU3, STM32G411CBU6, STM32G411K6T3, STM32G411K6T6, STM32G411K6U3, STM32G411K6U6, STM32G411K8T3, STM32G411K8T6, STM32G411K8U3, STM32G411K8U6, STM32G411KBT3, STM32G411KBT6, STM32G411KBU3, STM32G411KBU6, STM32G411M6T3, STM32G411M6T6, STM32G411M8T3, STM32G411M8T6, STM32G411MBT3, STM32G411MBT6, STM32G411R6T3, STM32G411R6T6, STM32G411R8T3, STM32G411R8T6, STM32G411RBT3, STM32G411RBT6, STM32G414CBT3, STM32G414CBT6, STM32G414CBU3, STM32G414CBU6, STM32G414CCT3, STM32G414CCT6, STM32G414CCU3, STM32G414CCU6, STM32G414MBT3, STM32G414MBT6, STM32G414MCT3, STM32G414MCT6, STM32G414RBT3, STM32G414RBT6, STM32G414RCT3, STM32G414RCT6, STM32G414VBT3, STM32G414VBT6, STM32G414VCT3, STM32G414VCT6, STM32G431CBT3Z, STM32G431RBT3Z, STM32G471CCT6, STM32G471CCU6, STM32G471CET3, STM32G471CET6, STM32G471CEU3, STM32G471CEU6, STM32G471MCT6, STM32G471MET3, STM32G471MET6, STM32G471MEY6TR, STM32G471QCT6, STM32G471QET3, STM32G471RCT6, STM32G471RET3, STM32G471RET6, STM32G471VCH6, STM32G471VCI6, STM32G471VCT6, STM32G471VEH3, STM32G471VEH6, STM32G471VEI3, STM32G471VEI6, STM32G471VET3, STM32G471VET6, STM32G473QET3Z, STM32G473RET3Z, STM32G474CCT6, STM32G491RET3Z, STM32H503CBT6, STM32H503CBU6, STM32H503EBY6TR, STM32H503KBU6, STM32H503RBT6, STM32H523CCT6, STM32H523CCU6, STM32H523CET6, STM32H523CEU6, STM32H523HEY6TR, STM32H523RCT6, STM32H523RET6, STM32H523VCI6, STM32H523VCT6, STM32H523VEI6, STM32H523VET6, STM32H523ZCJ6, STM32H523ZCT6, STM32H523ZEJ6, STM32H523ZET6, STM32H533CET6, STM32H533CEU6, STM32H533HEY6TR, STM32H533RET6, STM32H533VEI6, STM32H533VET6, STM32H533ZEJ6, STM32H533ZET6, STM32H562AGI6, STM32H562AII6, STM32H562IGK6, STM32H562IGT6, STM32H562IIK6, STM32H562IIT6, STM32H562RGT6, STM32H562RGV6, STM32H562RIT6, STM32H562RIV6, STM32H562VGT6, STM32H562VIT6, STM32H562ZGT6, STM32H562ZIT6, STM32H563AGI6, STM32H563AII3Q, STM32H563AII6, STM32H563IGK6, STM32H563IGT6, STM32H563IIK3Q, STM32H563IIK6, STM32H563IIT3Q, STM32H563IIT6, STM32H563MIY3QTR, STM32H563RGT6, STM32H563RGV6, STM32H563RIT6, STM32H563RIV6, STM32H563VGT6, STM32H563VIT3Q, STM32H563VIT6, STM32H563ZGT6, STM32H563ZIT3Q, STM32H563ZIT6, STM32H573AII3Q, STM32H573AII6, STM32H573I-DK, STM32H573IIK3Q, STM32H573IIK6, STM32H573IIT3Q, STM32H573IIT6, STM32H573MIY3QTR, STM32H573RIT6, STM32H573RIV6, STM32H573VIT3Q, STM32H573VIT6, STM32H573ZIT3Q, STM32H573ZIT6, STM32H7R3A8I6, STM32H7R3I8K6, STM32H7R3I8T6, STM32H7R3L8H6, STM32H7R3L8H6H, STM32H7R3R8V6, STM32H7R3V8H6, STM32H7R3V8T6, STM32H7R3V8Y6TR, STM32H7R3Z8J6, STM32H7R3Z8T6, STM32H7R7A8I6, STM32H7R7I8K6, STM32H7R7I8T6, STM32H7R7L8H6, STM32H7R7L8H6H, STM32H7R7Z8J6, STM32H7S3A8I6, STM32H7S3I8K6, STM32H7S3I8T6, STM32H7S3L8H6, STM32H7S3L8H6H, STM32H7S3R8V6, STM32H7S3V8H6, STM32H7S3V8T6, STM32H7S3V8Y6TR, STM32H7S3Z8J6, STM32H7S3Z8T6, STM32H7S78-DK, STM32H7S7A8I6, STM32H7S7I8K6, STM32H7S7I8T6, STM32H7S7L8H6, STM32H7S7L8H6H, STM32H7S7Z8J6, STM32L4R5QGI6STR, STM32MP131AAE3, STM32MP131AAF3, STM32MP131AAG3, STM32MP131CAE3, STM32MP131CAF3, STM32MP131CAG3, STM32MP131DAE7, STM32MP131DAF7, STM32MP131DAG7, STM32MP131FAE7, STM32MP131FAF7, STM32MP131FAG7, STM32MP133AAE3, STM32MP133AAF3, STM32MP133AAG3, STM32MP133CAE3, STM32MP133CAF3, STM32MP133CAG3, STM32MP133DAE7, STM32MP133DAF7, STM32MP133DAG7, STM32MP133FAE7, STM32MP133FAF7, STM32MP133FAG7, STM32MP135AAE3, STM32MP135AAF3, STM32MP135AAG3, STM32MP135CAE3, STM32MP135CAF3, STM32MP135CAG3, STM32MP135DAE7, STM32MP135DAF7, STM32MP135DAG7, STM32MP135F-DK, STM32MP135FAE7, STM32MP135FAF7, STM32MP135FAF7T, STM32MP135FAF7U, STM32MP135FAG7, STM32MP211AAL3, STM32MP211AAM3, STM32MP211AAN3, STM32MP211AAO3, STM32MP211CAL3, STM32MP211CAM3, STM32MP211CAN3, STM32MP211CAO3, STM32MP211DAL3, STM32MP211DAM3, STM32MP211DAN3, STM32MP211DAO3, STM32MP211FAL3, STM32MP211FAM3, STM32MP211FAN3, STM32MP211FAO3, STM32MP213AAL3, STM32MP213AAM3, STM32MP213AAN3, STM32MP213AAO3, STM32MP213CAL3, STM32MP213CAM3, STM32MP213CAN3, STM32MP213CAO3, STM32MP213DAL3, STM32MP213DAM3, STM32MP213DAN3, STM32MP213DAO3, STM32MP213FAL3, STM32MP213FAM3, STM32MP213FAN3, STM32MP213FAO3, STM32MP215AAL3, STM32MP215AAM3, STM32MP215AAN3, STM32MP215AAO3, STM32MP215CAL3, STM32MP215CAM3, STM32MP215CAN3, STM32MP215CAO3, STM32MP215DAL3, STM32MP215DAM3, STM32MP215DAN3, STM32MP215DAO3, STM32MP215F-DK, STM32MP215FAL3, STM32MP215FAM3, STM32MP215FAN3, STM32MP215FAO3, STM32MP231AAJ3, STM32MP231AAK3, STM32MP231AAL3, STM32MP231CAJ3, STM32MP231CAK3, STM32MP231CAL3, STM32MP231DAJ3, STM32MP231DAK3, STM32MP231DAL3, STM32MP231FAJ3, STM32MP231FAK3, STM32MP231FAL3, STM32MP233AAJ3, STM32MP233AAK3, STM32MP233AAL3, STM32MP233CAJ3, STM32MP233CAK3, STM32MP233CAL3, STM32MP233DAJ3, STM32MP233DAK3, STM32MP233DAL3, STM32MP233FAJ3, STM32MP233FAK3, STM32MP233FAL3, STM32MP235AAJ3, STM32MP235AAK3, STM32MP235AAL3, STM32MP235CAJ3, STM32MP235CAK3, STM32MP235CAL3, STM32MP235DAJ3, STM32MP235DAK3, STM32MP235DAL3, STM32MP235FAJ3, STM32MP235FAK3, STM32MP235FAL3, STM32MP251AAI3, STM32MP251AAK3, STM32MP251AAL3, STM32MP251CAI3, STM32MP251CAK3, STM32MP251CAL3, STM32MP251DAI3, STM32MP251DAK3, STM32MP251DAL3, STM32MP251FAI3, STM32MP251FAK3, STM32MP251FAL3, STM32MP253AAI3, STM32MP253AAK3, STM32MP253AAL3, STM32MP253CAI3, STM32MP253CAK3, STM32MP253CAL3, STM32MP253DAI3, STM32MP253DAK3, STM32MP253DAL3, STM32MP253FAI3, STM32MP253FAK3, STM32MP253FAL3, STM32MP255AAI3, STM32MP255AAK3, STM32MP255AAL3, STM32MP255CAI3, STM32MP255CAK3, STM32MP255CAL3, STM32MP255DAI3, STM32MP255DAK3, STM32MP255DAL3, STM32MP255FAI3, STM32MP255FAK3, STM32MP255FAL3, STM32MP257AAI3, STM32MP257AAK3, STM32MP257AAL3, STM32MP257CAI3, STM32MP257CAK3, STM32MP257CAL3, STM32MP257DAI3, STM32MP257DAK3, STM32MP257DAL3, STM32MP257F-DK, STM32MP257F-EV1, STM32MP257FAI3, STM32MP257FAK3, STM32MP257FAL3, STM32N645A0H3Q, STM32N645B0H3Q, STM32N645I0H3Q, STM32N645L0H3Q, STM32N645X0H3Q, STM32N645Z0H3Q, STM32N647A0H3Q, STM32N647B0H3Q, STM32N647I0H3Q, STM32N647L0H3Q, STM32N647X0H3Q, STM32N647Z0H3Q, STM32N655A0H3Q, STM32N655B0H3Q, STM32N655I0H3Q, STM32N655L0H3Q, STM32N655X0H3Q, STM32N655Z0H3Q, STM32N6570-DK, STM32N657A0H3Q, STM32N657B0H3Q, STM32N657I0H3Q, STM32N657L0H3Q, STM32N657X0H3Q, STM32N657Z0H3Q, STM32U031C6T6, STM32U031C6U6, STM32U031C8T6, STM32U031C8U6, STM32U031F4P6, STM32U031F6P6, STM32U031F8P6, STM32U031G6Y6TR, STM32U031G8Y6TR, STM32U031K4U6, STM32U031K6U6, STM32U031K8U6, STM32U031R6I6, STM32U031R6T6, STM32U031R8I6, STM32U031R8T6, STM32U073C8T6, STM32U073C8U6, STM32U073CBT6, STM32U073CBU6, STM32U073CCT6, STM32U073CCU6, STM32U073H8Y6TR, STM32U073HBY6TR, STM32U073HCY6TR, STM32U073K8U6, STM32U073KBU6, STM32U073KCU6, STM32U073M8I6, STM32U073M8T6, STM32U073MBI6, STM32U073MBT6, STM32U073MCI6, STM32U073MCT6, STM32U073R8I6, STM32U073R8T6, STM32U073RBI6, STM32U073RBT6, STM32U073RCI6, STM32U073RCT6, STM32U083C-DK, STM32U083CCT6, STM32U083CCU6, STM32U083HCY6TR, STM32U083KCU6, STM32U083MCI6, STM32U083MCT6, STM32U083RCI6, STM32U083RCT6, STM32U375CET6, STM32U375CET6Q, STM32U375CEU6, STM32U375CEU6Q, STM32U375CEY6QTR, STM32U375CGT6, STM32U375CGT6Q, STM32U375CGU6, STM32U375CGU6Q, STM32U375CGY6QTR, STM32U375KEU6, STM32U375KGU6, STM32U375REI6, STM32U375REI6Q, STM32U375RET6, STM32U375RET6Q, STM32U375REY6GTR, STM32U375REY6QTR, STM32U375RGI6, STM32U375RGI6Q, STM32U375RGT6, STM32U375RGT6Q, STM32U375RGY6GTR, STM32U375RGY6QTR, STM32U375VEI6, STM32U375VEI6Q, STM32U375VET6, STM32U375VET6Q, STM32U375VGI6, STM32U375VGI6Q, STM32U375VGT6, STM32U375VGT6Q, STM32U385CGT6, STM32U385CGT6Q, STM32U385CGU6, STM32U385CGU6Q, STM32U385CGY6QTR, STM32U385KGU6, STM32U385RGI6, STM32U385RGI6Q, STM32U385RGT6, STM32U385RGT6Q, STM32U385RGY6GTR, STM32U385RGY6QTR, STM32U385VGI6, STM32U385VGI6Q, STM32U385VGT6, STM32U385VGT6Q, STM32U535CBT6, STM32U535CBT6Q, STM32U535CBU6, STM32U535CBU6Q, STM32U535CCT6, STM32U535CCT6Q, STM32U535CCU6, STM32U535CCU6Q, STM32U535CET6, STM32U535CET6Q, STM32U535CEU6, STM32U535CEU6Q, STM32U535JEY6QTR, STM32U535NCY6QTR, STM32U535NEY6QTR, STM32U535RBI6, STM32U535RBI6Q, STM32U535RBT6, STM32U535RBT6Q, STM32U535RCI6, STM32U535RCI6Q, STM32U535RCT6, STM32U535RCT6Q, STM32U535REI6, STM32U535REI6Q, STM32U535RET6, STM32U535RET6Q, STM32U535VCI6, STM32U535VCI6Q, STM32U535VCT6, STM32U535VCT6Q, STM32U535VEI6, STM32U535VEI6Q, STM32U535VET6, STM32U535VET6Q, STM32U545CET6, STM32U545CET6Q, STM32U545CEU6, STM32U545CEU6Q, STM32U545JEY6QTR, STM32U545NEY6QTR, STM32U545REI6, STM32U545REI6Q, STM32U545RET6, STM32U545RET6Q, STM32U545VEI6, STM32U545VEI6Q, STM32U545VET6, STM32U545VET6Q, STM32U595AIH6, STM32U595AIH6Q, STM32U595AJH6, STM32U595AJH6Q, STM32U595QII6, STM32U595QII6Q, STM32U595QJI6, STM32U595QJI6Q, STM32U595RIT6, STM32U595RIT6Q, STM32U595RJT6, STM32U595RJT6Q, STM32U595VIT6, STM32U595VIT6Q, STM32U595VJT6, STM32U595VJT6Q, STM32U595ZIT6, STM32U595ZIT6Q, STM32U595ZIY6QTR, STM32U595ZJT6, STM32U595ZJT6Q, STM32U595ZJY6QTR, STM32U599BJY6QTR, STM32U599NIH6Q, STM32U599NJH6Q, STM32U599VIT6Q, STM32U599VJT6, STM32U599VJT6Q, STM32U599ZIT6Q, STM32U599ZIY6QTR, STM32U599ZJT6Q, STM32U599ZJY6QTR, STM32U5A5AJH6, STM32U5A5AJH6Q, STM32U5A5QII3Q , STM32U5A5QJI6, STM32U5A5QJI6Q, STM32U5A5RJT6, STM32U5A5RJT6Q, STM32U5A5VJT6, STM32U5A5VJT6Q, STM32U5A5ZJT6, STM32U5A5ZJT6Q, STM32U5A5ZJY6QTR, STM32U5A9BJY6QTR, STM32U5A9J-DK, STM32U5A9NJH6Q, STM32U5A9VJT6Q, STM32U5A9ZJT6Q, STM32U5A9ZJY6QTR, STM32U5F7VIT6, STM32U5F7VIT6Q, STM32U5F7VJT6, STM32U5F7VJT6Q, STM32U5F9BJY6QTR, STM32U5F9NJH6Q, STM32U5F9VIT6Q, STM32U5F9VJT6Q, STM32U5F9ZIJ6QTR, STM32U5F9ZIT6Q, STM32U5F9ZJJ6QTR, STM32U5F9ZJT6Q, STM32U5G7VJT6, STM32U5G7VJT6Q, STM32U5G9BJY6QTR, STM32U5G9J-DK1, STM32U5G9J-DK2, STM32U5G9NJH6Q, STM32U5G9VJT6Q, STM32U5G9ZJJ6QTR, STM32U5G9ZJT6Q, STM32WB05KZV6TR, STM32WB05KZV7TR, STM32WB05TZF6TR, STM32WB05TZF7TR, STM32WB06CCF6TR, STM32WB06CCF7TR, STM32WB06CCV6TR, STM32WB06CCV7TR, STM32WB06KCV6TR, STM32WB06KCV7TR, STM32WB07CCF6TR, STM32WB07CCF7TR, STM32WB07CCV6TR, STM32WB07CCV7TR, STM32WB07KCV6TR, STM32WB07KCV7TR, STM32WB09KEV6TR, STM32WB09KEV7TR, STM32WB09TEF6TR, STM32WB09TEF7TR, STM32WB1MMCH6, STM32WBA50KGU6, STM32WBA50KGU6TR, STM32WBA52CEU6, STM32WBA52CEU6TR, STM32WBA52CEU7, STM32WBA52CEU7TR, STM32WBA52CGU6, STM32WBA52CGU6TR, STM32WBA52CGU6U, STM32WBA52CGU7, STM32WBA52CGU7TR, STM32WBA52KEU6, STM32WBA52KEU6TR, STM32WBA52KGU6, STM32WBA52KGU6TR, STM32WBA54CEU6, STM32WBA54CEU6TR, STM32WBA54CEU7, STM32WBA54CEU7TR, STM32WBA54CGU6, STM32WBA54CGU6TR, STM32WBA54CGU7, STM32WBA54CGU7TR, STM32WBA54KEU6, STM32WBA54KEU6TR, STM32WBA54KEU7, STM32WBA54KEU7TR, STM32WBA54KGU6, STM32WBA54KGU6TR, STM32WBA54KGU7, STM32WBA54KGU7TR, STM32WBA55CEU6, STM32WBA55CEU6TR, STM32WBA55CEU7, STM32WBA55CEU7TR, STM32WBA55CGU6, STM32WBA55CGU6TR, STM32WBA55CGU6U, STM32WBA55CGU7, STM32WBA55CGU7TR, STM32WBA55G-DK1, STM32WBA55HEF6, STM32WBA55HEF7, STM32WBA55HGF6, STM32WBA55HGF7, STM32WBA55UEI6, STM32WBA55UEI6TR, STM32WBA55UEI7, STM32WBA55UEI7TR, STM32WBA55UGI6, STM32WBA55UGI6TR, STM32WBA55UGI7, STM32WBA55UGI7TR, STM32WBA5MMGH6TR, STM32WBA62MGF6, STM32WBA62MIF6, STM32WBA65MGF7, STM32WBA65MIF6, STM32WBA65MIF7, STM32WL30K8V6, STM32WL30KBV6, STM32WL31C8V6, STM32WL31CBV6, STM32WL31K8V6, STM32WL31KBV6, STM32WL33C8V6, STM32WL33C8V6X, STM32WL33CBV6, STM32WL33CBV6X, STM32WL33CCV6, STM32WL33CCV6A, STM32WL33CCV6X, STM32WL33K8V7, STM32WL33K8V7X, STM32WL33KBV7 , STM32WL33KBV7X, STM32WL33KCV7, STM32WL33KCV7X, STM32WL5MOCH6, STM32WL5MOCH6TR]
2025-07-28 14:48:44,021 [INFO] BoardInfo:889 - No configuration file found for board P-NUCLEO-WB55
2025-07-28 14:48:44,022 [INFO] DbBoards:161 - Kit is not supported: P-NUCLEO-WB55
2025-07-28 14:48:44,028 [INFO] BoardInfo:889 - No configuration file found for board STEVAL-BFA001V1B
2025-07-28 14:48:44,029 [INFO] DbBoards:161 - Kit is not supported: STEVAL-BFA001V1B
2025-07-28 14:48:44,029 [INFO] BoardInfo:889 - No configuration file found for board STEVAL-BFA001V2B
2025-07-28 14:48:44,030 [INFO] DbBoards:161 - Kit is not supported: STEVAL-BFA001V2B
2025-07-28 14:48:44,194 [INFO] DbBoards:168 - Found 212 boards, 209 are supported
2025-07-28 14:48:44,194 [INFO] DbBoards:169 - Found 212 boards, 43 of them is supported for  Bsp
2025-07-28 14:48:44,196 [INFO] ApiDb:668 - CubeFinder database Data Model version=2.1
2025-07-28 14:48:44,197 [INFO] ApiDb:669 - CubeFinder database Configuration version=3.0.39
2025-07-28 14:48:44,197 [INFO] ApiDb:670 - CubeFinder database generation date=2025-07-18 (1752785937)
2025-07-28 14:48:44,197 [INFO] ApiDb:671 - CubeFinder database FW Pack versions=[FP-ATR-ASTRA1_V2.0.0, FP-SNS-FLIGHT1_V5.1.0, FP-SNS-MOTENV1_V5.0.0, FP-SNS-MOTENVWB1_V1.4.0, FP-SNS-SMARTAG2_V1.2.0, FP-SNS-STBOX1_V2.0.0, STM32Cube_FW_C0_V1.4.0, STM32Cube_FW_F4_V1.28.2, STM32Cube_FW_F7_V1.17.3, STM32Cube_FW_G0_V1.6.2, STM32Cube_FW_G4_V1.6.1, STM32Cube_FW_H5_V1.5.0, STM32Cube_FW_H7RS_V1.2.0, STM32Cube_FW_H7_V1.12.1, STM32Cube_FW_L0_V1.12.2, STM32Cube_FW_L4_V1.18.1, STM32Cube_FW_L5_V1.5.1, STM32Cube_FW_N6_V1.2.0, STM32Cube_FW_U0_V1.3.0, STM32Cube_FW_U3_V1.2.0, STM32Cube_FW_U5_V1.8.0, STM32Cube_FW_WB0_V1.3.0, STM32Cube_FW_WBA_V1.7.0, STM32Cube_FW_WB_V1.23.0, STM32Cube_FW_WL3_V1.2.0, STM32Cube_FW_WL_V1.3.1, X-CUBE-ALGOBUILD_V1.4.0, X-CUBE-ALS_V1.0.2, X-CUBE-AZRTOS-F4_V1.1.0, X-CUBE-AZRTOS-F7_V1.1.0, X-CUBE-AZRTOS-G0_V1.1.0, X-CUBE-AZRTOS-G4_V2.0.0, X-CUBE-AZRTOS-H7RS_V1.1.0, X-CUBE-AZRTOS-H7_V3.3.0, X-CUBE-AZRTOS-L4_V2.0.0, X-CUBE-AZRTOS-L5_V2.0.0, X-CUBE-AZRTOS-WB_V2.0.0, X-CUBE-AZRTOS-WL_V2.0.0, X-CUBE-BLE1_V7.1.0, X-CUBE-BLE2_V3.3.0, X-CUBE-BLEMGR_V4.0.0, X-CUBE-EEPRMA1_V5.1.0, X-CUBE-FREERTOS_V1.3.1, X-CUBE-GNSS1_V6.0.0, X-CUBE-MEMS1_V11.3.0, X-CUBE-NFC4_V3.0.0, X-CUBE-NFC7_V2.0.0, X-CUBE-SFXS2LP1_V4.0.0, X-CUBE-SUBG2_V5.0.0, X-CUBE-TOF1_V3.4.3]
2025-07-28 14:48:45,807 [INFO] ApiDb:240 - Found 880 in-development CPN: [B-G473E-ZEST1S, B-WB1M-WPAN1, B-WBA5M-WPAN, B-WL5M-SUBG1, NUCLEO-C031C6, NUCLEO-C051C8, NUCLEO-C071RB, NUCLEO-C092RC, NUCLEO-H503RB, NUCLEO-H533RE, NUCLEO-H563ZI, NUCLEO-H7S3L8, NUCLEO-N657X0-Q, NUCLEO-U031R8, NUCLEO-U083RC, NUCLEO-U385RG-Q, NUCLEO-U545RE-Q, NUCLEO-U5A5ZJ-Q, NUCLEO-WB05KZ, NUCLEO-WB07CC, NUCLEO-WB09KE, NUCLEO-WBA52CG, NUCLEO-WBA55CG, NUCLEO-WL33CC1, NUCLEO-WL33CC2, STEVAL-PROTEUS1, STEVAL-SMARTAG2, STEVAL-STWINBX1, STM320518-EVAL, STM32C0116-DK, STM32C011D6Y3TR, STM32C011D6Y6TR, STM32C011F4P3, STM32C011F4P6, STM32C011F4U3, STM32C011F4U6TR, STM32C011F6P3, STM32C011F6P6, STM32C011F6U3, STM32C011F6U6TR, STM32C011J4M3, STM32C011J4M6, STM32C011J6M3, STM32C011J6M6, STM32C0316-DK, STM32C031C4T3, STM32C031C4T6, STM32C031C4U3, STM32C031C4U6, STM32C031C6T3, STM32C031C6T6, STM32C031C6U3, STM32C031C6U6, STM32C031F4P3, STM32C031F4P6, STM32C031F6P3, STM32C031F6P6, STM32C031G4U3, STM32C031G4U6, STM32C031G6U3, STM32C031G6U6, STM32C031K4T3, STM32C031K4T6, STM32C031K4U3, STM32C031K4U6, STM32C031K6T3, STM32C031K6T6, STM32C031K6U3, STM32C031K6U6, STM32C051C6T6, STM32C051C6U6, STM32C051C8T6, STM32C051C8U6, STM32C051D8Y6TR, STM32C051F6P6, STM32C051F8P6, STM32C051G6U6, STM32C051G8U6, STM32C051K6T6, STM32C051K6U6, STM32C051K8T6, STM32C071C8T6, STM32C071C8T6N, STM32C071C8U6, STM32C071C8U6N, STM32C071CBT6, STM32C071CBT6N, STM32C071CBU6, STM32C071CBU6N, STM32C071F8P6, STM32C071F8P6N, STM32C071FBP6, STM32C071FBP6N, STM32C071FBY6TR, STM32C071G8U6, STM32C071G8U6N, STM32C071GBU6, STM32C071GBU6N, STM32C071K8T6, STM32C071K8T6N, STM32C071K8U6, STM32C071K8U6N, STM32C071KBT6, STM32C071KBT6N, STM32C071KBU6, STM32C071KBU6N, STM32C071R8T6, STM32C071R8T6N, STM32C071RBI6N, STM32C071RBT6, STM32C071RBT6N, STM32C091CBT6, STM32C091CBU6, STM32C091CCT6, STM32C091CCU6, STM32C091ECY6TR, STM32C091FBP6, STM32C091FCP6, STM32C091GBU6, STM32C091GCU6, STM32C091KBT6, STM32C091KBU6, STM32C091KCT6, STM32C091KCU6, STM32C091RBT6, STM32C091RCI6, STM32C091RCT6, STM32C092CBT6, STM32C092CBU6, STM32C092CCT6, STM32C092CCU6, STM32C092ECY6TR, STM32C092FBP6, STM32C092FCP6, STM32C092GBU6, STM32C092GCU6, STM32C092KBT6, STM32C092KBU6, STM32C092KCT6, STM32C092KCU6, STM32C092RBT6, STM32C092RCI6, STM32C092RCT6, STM32G071K8TXN, STM32G071K8UXN, STM32G081GBU6N, STM32G081KBT6N, STM32G081KBUXN, STM32G0B1CCT6N, STM32G0B1KCT6, STM32G0B1NEY6TR, STM32G0B1RCT6N, STM32G0C1CCT6, STM32G0C1CCT6N, STM32G0C1CCU6N, STM32G0C1CET6N, STM32G0C1CEU6N, STM32G0C1KCT6, STM32G0C1NEY6TR, STM32G0C1RCI6N, STM32G0C1RCT6N, STM32G0C1REI6N, STM32G0C1RET6N, STM32G0C1VCI6, STM32G0C1VEI6, STM32G411C6T3, STM32G411C6T6, STM32G411C6U3, STM32G411C6U6, STM32G411C8T3, STM32G411C8T6, STM32G411C8U3, STM32G411C8U6, STM32G411CBT3, STM32G411CBT6, STM32G411CBU3, STM32G411CBU6, STM32G411K6T3, STM32G411K6T6, STM32G411K6U3, STM32G411K6U6, STM32G411K8T3, STM32G411K8T6, STM32G411K8U3, STM32G411K8U6, STM32G411KBT3, STM32G411KBT6, STM32G411KBU3, STM32G411KBU6, STM32G411M6T3, STM32G411M6T6, STM32G411M8T3, STM32G411M8T6, STM32G411MBT3, STM32G411MBT6, STM32G411R6T3, STM32G411R6T6, STM32G411R8T3, STM32G411R8T6, STM32G411RBT3, STM32G411RBT6, STM32G414CBT3, STM32G414CBT6, STM32G414CBU3, STM32G414CBU6, STM32G414CCT3, STM32G414CCT6, STM32G414CCU3, STM32G414CCU6, STM32G414MBT3, STM32G414MBT6, STM32G414MCT3, STM32G414MCT6, STM32G414RBT3, STM32G414RBT6, STM32G414RCT3, STM32G414RCT6, STM32G414VBT3, STM32G414VBT6, STM32G414VCT3, STM32G414VCT6, STM32G431CBT3Z, STM32G431RBT3Z, STM32G471CCT6, STM32G471CCU6, STM32G471CET3, STM32G471CET6, STM32G471CEU3, STM32G471CEU6, STM32G471MCT6, STM32G471MET3, STM32G471MET6, STM32G471MEY6TR, STM32G471QCT6, STM32G471QET3, STM32G471RCT6, STM32G471RET3, STM32G471RET6, STM32G471VCH6, STM32G471VCI6, STM32G471VCT6, STM32G471VEH3, STM32G471VEH6, STM32G471VEI3, STM32G471VEI6, STM32G471VET3, STM32G471VET6, STM32G473QET3Z, STM32G473RET3Z, STM32G474CCT6, STM32G491RET3Z, STM32H503CBT6, STM32H503CBU6, STM32H503EBY6TR, STM32H503KBU6, STM32H503RBT6, STM32H523CCT6, STM32H523CCU6, STM32H523CET6, STM32H523CEU6, STM32H523HEY6TR, STM32H523RCT6, STM32H523RET6, STM32H523VCI6, STM32H523VCT6, STM32H523VEI6, STM32H523VET6, STM32H523ZCJ6, STM32H523ZCT6, STM32H523ZEJ6, STM32H523ZET6, STM32H533CET6, STM32H533CEU6, STM32H533HEY6TR, STM32H533RET6, STM32H533VEI6, STM32H533VET6, STM32H533ZEJ6, STM32H533ZET6, STM32H562AGI6, STM32H562AII6, STM32H562IGK6, STM32H562IGT6, STM32H562IIK6, STM32H562IIT6, STM32H562RGT6, STM32H562RGV6, STM32H562RIT6, STM32H562RIV6, STM32H562VGT6, STM32H562VIT6, STM32H562ZGT6, STM32H562ZIT6, STM32H563AGI6, STM32H563AII3Q, STM32H563AII6, STM32H563IGK6, STM32H563IGT6, STM32H563IIK3Q, STM32H563IIK6, STM32H563IIT3Q, STM32H563IIT6, STM32H563MIY3QTR, STM32H563RGT6, STM32H563RGV6, STM32H563RIT6, STM32H563RIV6, STM32H563VGT6, STM32H563VIT3Q, STM32H563VIT6, STM32H563ZGT6, STM32H563ZIT3Q, STM32H563ZIT6, STM32H573AII3Q, STM32H573AII6, STM32H573I-DK, STM32H573IIK3Q, STM32H573IIK6, STM32H573IIT3Q, STM32H573IIT6, STM32H573MIY3QTR, STM32H573RIT6, STM32H573RIV6, STM32H573VIT3Q, STM32H573VIT6, STM32H573ZIT3Q, STM32H573ZIT6, STM32H7R3A8I6, STM32H7R3I8K6, STM32H7R3I8T6, STM32H7R3L8H6, STM32H7R3L8H6H, STM32H7R3R8V6, STM32H7R3V8H6, STM32H7R3V8T6, STM32H7R3V8Y6TR, STM32H7R3Z8J6, STM32H7R3Z8T6, STM32H7R7A8I6, STM32H7R7I8K6, STM32H7R7I8T6, STM32H7R7L8H6, STM32H7R7L8H6H, STM32H7R7Z8J6, STM32H7S3A8I6, STM32H7S3I8K6, STM32H7S3I8T6, STM32H7S3L8H6, STM32H7S3L8H6H, STM32H7S3R8V6, STM32H7S3V8H6, STM32H7S3V8T6, STM32H7S3V8Y6TR, STM32H7S3Z8J6, STM32H7S3Z8T6, STM32H7S78-DK, STM32H7S7A8I6, STM32H7S7I8K6, STM32H7S7I8T6, STM32H7S7L8H6, STM32H7S7L8H6H, STM32H7S7Z8J6, STM32L4R5QGI6STR, STM32MP131AAE3, STM32MP131AAF3, STM32MP131AAG3, STM32MP131CAE3, STM32MP131CAF3, STM32MP131CAG3, STM32MP131DAE7, STM32MP131DAF7, STM32MP131DAG7, STM32MP131FAE7, STM32MP131FAF7, STM32MP131FAG7, STM32MP133AAE3, STM32MP133AAF3, STM32MP133AAG3, STM32MP133CAE3, STM32MP133CAF3, STM32MP133CAG3, STM32MP133DAE7, STM32MP133DAF7, STM32MP133DAG7, STM32MP133FAE7, STM32MP133FAF7, STM32MP133FAG7, STM32MP135AAE3, STM32MP135AAF3, STM32MP135AAG3, STM32MP135CAE3, STM32MP135CAF3, STM32MP135CAG3, STM32MP135DAE7, STM32MP135DAF7, STM32MP135DAG7, STM32MP135F-DK, STM32MP135FAE7, STM32MP135FAF7, STM32MP135FAF7T, STM32MP135FAF7U, STM32MP135FAG7, STM32MP211AAL3, STM32MP211AAM3, STM32MP211AAN3, STM32MP211AAO3, STM32MP211CAL3, STM32MP211CAM3, STM32MP211CAN3, STM32MP211CAO3, STM32MP211DAL3, STM32MP211DAM3, STM32MP211DAN3, STM32MP211DAO3, STM32MP211FAL3, STM32MP211FAM3, STM32MP211FAN3, STM32MP211FAO3, STM32MP213AAL3, STM32MP213AAM3, STM32MP213AAN3, STM32MP213AAO3, STM32MP213CAL3, STM32MP213CAM3, STM32MP213CAN3, STM32MP213CAO3, STM32MP213DAL3, STM32MP213DAM3, STM32MP213DAN3, STM32MP213DAO3, STM32MP213FAL3, STM32MP213FAM3, STM32MP213FAN3, STM32MP213FAO3, STM32MP215AAL3, STM32MP215AAM3, STM32MP215AAN3, STM32MP215AAO3, STM32MP215CAL3, STM32MP215CAM3, STM32MP215CAN3, STM32MP215CAO3, STM32MP215DAL3, STM32MP215DAM3, STM32MP215DAN3, STM32MP215DAO3, STM32MP215F-DK, STM32MP215FAL3, STM32MP215FAM3, STM32MP215FAN3, STM32MP215FAO3, STM32MP231AAJ3, STM32MP231AAK3, STM32MP231AAL3, STM32MP231CAJ3, STM32MP231CAK3, STM32MP231CAL3, STM32MP231DAJ3, STM32MP231DAK3, STM32MP231DAL3, STM32MP231FAJ3, STM32MP231FAK3, STM32MP231FAL3, STM32MP233AAJ3, STM32MP233AAK3, STM32MP233AAL3, STM32MP233CAJ3, STM32MP233CAK3, STM32MP233CAL3, STM32MP233DAJ3, STM32MP233DAK3, STM32MP233DAL3, STM32MP233FAJ3, STM32MP233FAK3, STM32MP233FAL3, STM32MP235AAJ3, STM32MP235AAK3, STM32MP235AAL3, STM32MP235CAJ3, STM32MP235CAK3, STM32MP235CAL3, STM32MP235DAJ3, STM32MP235DAK3, STM32MP235DAL3, STM32MP235FAJ3, STM32MP235FAK3, STM32MP235FAL3, STM32MP251AAI3, STM32MP251AAK3, STM32MP251AAL3, STM32MP251CAI3, STM32MP251CAK3, STM32MP251CAL3, STM32MP251DAI3, STM32MP251DAK3, STM32MP251DAL3, STM32MP251FAI3, STM32MP251FAK3, STM32MP251FAL3, STM32MP253AAI3, STM32MP253AAK3, STM32MP253AAL3, STM32MP253CAI3, STM32MP253CAK3, STM32MP253CAL3, STM32MP253DAI3, STM32MP253DAK3, STM32MP253DAL3, STM32MP253FAI3, STM32MP253FAK3, STM32MP253FAL3, STM32MP255AAI3, STM32MP255AAK3, STM32MP255AAL3, STM32MP255CAI3, STM32MP255CAK3, STM32MP255CAL3, STM32MP255DAI3, STM32MP255DAK3, STM32MP255DAL3, STM32MP255FAI3, STM32MP255FAK3, STM32MP255FAL3, STM32MP257AAI3, STM32MP257AAK3, STM32MP257AAL3, STM32MP257CAI3, STM32MP257CAK3, STM32MP257CAL3, STM32MP257DAI3, STM32MP257DAK3, STM32MP257DAL3, STM32MP257F-DK, STM32MP257F-EV1, STM32MP257FAI3, STM32MP257FAK3, STM32MP257FAL3, STM32N645A0H3Q, STM32N645B0H3Q, STM32N645I0H3Q, STM32N645L0H3Q, STM32N645X0H3Q, STM32N645Z0H3Q, STM32N647A0H3Q, STM32N647B0H3Q, STM32N647I0H3Q, STM32N647L0H3Q, STM32N647X0H3Q, STM32N647Z0H3Q, STM32N655A0H3Q, STM32N655B0H3Q, STM32N655I0H3Q, STM32N655L0H3Q, STM32N655X0H3Q, STM32N655Z0H3Q, STM32N6570-DK, STM32N657A0H3Q, STM32N657B0H3Q, STM32N657I0H3Q, STM32N657L0H3Q, STM32N657X0H3Q, STM32N657Z0H3Q, STM32U031C6T6, STM32U031C6U6, STM32U031C8T6, STM32U031C8U6, STM32U031F4P6, STM32U031F6P6, STM32U031F8P6, STM32U031G6Y6TR, STM32U031G8Y6TR, STM32U031K4U6, STM32U031K6U6, STM32U031K8U6, STM32U031R6I6, STM32U031R6T6, STM32U031R8I6, STM32U031R8T6, STM32U073C8T6, STM32U073C8U6, STM32U073CBT6, STM32U073CBU6, STM32U073CCT6, STM32U073CCU6, STM32U073H8Y6TR, STM32U073HBY6TR, STM32U073HCY6TR, STM32U073K8U6, STM32U073KBU6, STM32U073KCU6, STM32U073M8I6, STM32U073M8T6, STM32U073MBI6, STM32U073MBT6, STM32U073MCI6, STM32U073MCT6, STM32U073R8I6, STM32U073R8T6, STM32U073RBI6, STM32U073RBT6, STM32U073RCI6, STM32U073RCT6, STM32U083C-DK, STM32U083CCT6, STM32U083CCU6, STM32U083HCY6TR, STM32U083KCU6, STM32U083MCI6, STM32U083MCT6, STM32U083RCI6, STM32U083RCT6, STM32U375CET6, STM32U375CET6Q, STM32U375CEU6, STM32U375CEU6Q, STM32U375CEY6QTR, STM32U375CGT6, STM32U375CGT6Q, STM32U375CGU6, STM32U375CGU6Q, STM32U375CGY6QTR, STM32U375KEU6, STM32U375KGU6, STM32U375REI6, STM32U375REI6Q, STM32U375RET6, STM32U375RET6Q, STM32U375REY6GTR, STM32U375REY6QTR, STM32U375RGI6, STM32U375RGI6Q, STM32U375RGT6, STM32U375RGT6Q, STM32U375RGY6GTR, STM32U375RGY6QTR, STM32U375VEI6, STM32U375VEI6Q, STM32U375VET6, STM32U375VET6Q, STM32U375VGI6, STM32U375VGI6Q, STM32U375VGT6, STM32U375VGT6Q, STM32U385CGT6, STM32U385CGT6Q, STM32U385CGU6, STM32U385CGU6Q, STM32U385CGY6QTR, STM32U385KGU6, STM32U385RGI6, STM32U385RGI6Q, STM32U385RGT6, STM32U385RGT6Q, STM32U385RGY6GTR, STM32U385RGY6QTR, STM32U385VGI6, STM32U385VGI6Q, STM32U385VGT6, STM32U385VGT6Q, STM32U535CBT6, STM32U535CBT6Q, STM32U535CBU6, STM32U535CBU6Q, STM32U535CCT6, STM32U535CCT6Q, STM32U535CCU6, STM32U535CCU6Q, STM32U535CET6, STM32U535CET6Q, STM32U535CEU6, STM32U535CEU6Q, STM32U535JEY6QTR, STM32U535NCY6QTR, STM32U535NEY6QTR, STM32U535RBI6, STM32U535RBI6Q, STM32U535RBT6, STM32U535RBT6Q, STM32U535RCI6, STM32U535RCI6Q, STM32U535RCT6, STM32U535RCT6Q, STM32U535REI6, STM32U535REI6Q, STM32U535RET6, STM32U535RET6Q, STM32U535VCI6, STM32U535VCI6Q, STM32U535VCT6, STM32U535VCT6Q, STM32U535VEI6, STM32U535VEI6Q, STM32U535VET6, STM32U535VET6Q, STM32U545CET6, STM32U545CET6Q, STM32U545CEU6, STM32U545CEU6Q, STM32U545JEY6QTR, STM32U545NEY6QTR, STM32U545REI6, STM32U545REI6Q, STM32U545RET6, STM32U545RET6Q, STM32U545VEI6, STM32U545VEI6Q, STM32U545VET6, STM32U545VET6Q, STM32U595AIH6, STM32U595AIH6Q, STM32U595AJH6, STM32U595AJH6Q, STM32U595QII6, STM32U595QII6Q, STM32U595QJI6, STM32U595QJI6Q, STM32U595RIT6, STM32U595RIT6Q, STM32U595RJT6, STM32U595RJT6Q, STM32U595VIT6, STM32U595VIT6Q, STM32U595VJT6, STM32U595VJT6Q, STM32U595ZIT6, STM32U595ZIT6Q, STM32U595ZIY6QTR, STM32U595ZJT6, STM32U595ZJT6Q, STM32U595ZJY6QTR, STM32U599BJY6QTR, STM32U599NIH6Q, STM32U599NJH6Q, STM32U599VIT6Q, STM32U599VJT6, STM32U599VJT6Q, STM32U599ZIT6Q, STM32U599ZIY6QTR, STM32U599ZJT6Q, STM32U599ZJY6QTR, STM32U5A5AJH6, STM32U5A5AJH6Q, STM32U5A5QII3Q , STM32U5A5QJI6, STM32U5A5QJI6Q, STM32U5A5RJT6, STM32U5A5RJT6Q, STM32U5A5VJT6, STM32U5A5VJT6Q, STM32U5A5ZJT6, STM32U5A5ZJT6Q, STM32U5A5ZJY6QTR, STM32U5A9BJY6QTR, STM32U5A9J-DK, STM32U5A9NJH6Q, STM32U5A9VJT6Q, STM32U5A9ZJT6Q, STM32U5A9ZJY6QTR, STM32U5F7VIT6, STM32U5F7VIT6Q, STM32U5F7VJT6, STM32U5F7VJT6Q, STM32U5F9BJY6QTR, STM32U5F9NJH6Q, STM32U5F9VIT6Q, STM32U5F9VJT6Q, STM32U5F9ZIJ6QTR, STM32U5F9ZIT6Q, STM32U5F9ZJJ6QTR, STM32U5F9ZJT6Q, STM32U5G7VJT6, STM32U5G7VJT6Q, STM32U5G9BJY6QTR, STM32U5G9J-DK1, STM32U5G9J-DK2, STM32U5G9NJH6Q, STM32U5G9VJT6Q, STM32U5G9ZJJ6QTR, STM32U5G9ZJT6Q, STM32WB05KZV6TR, STM32WB05KZV7TR, STM32WB05TZF6TR, STM32WB05TZF7TR, STM32WB06CCF6TR, STM32WB06CCF7TR, STM32WB06CCV6TR, STM32WB06CCV7TR, STM32WB06KCV6TR, STM32WB06KCV7TR, STM32WB07CCF6TR, STM32WB07CCF7TR, STM32WB07CCV6TR, STM32WB07CCV7TR, STM32WB07KCV6TR, STM32WB07KCV7TR, STM32WB09KEV6TR, STM32WB09KEV7TR, STM32WB09TEF6TR, STM32WB09TEF7TR, STM32WB1MMCH6, STM32WBA50KGU6, STM32WBA50KGU6TR, STM32WBA52CEU6, STM32WBA52CEU6TR, STM32WBA52CEU7, STM32WBA52CEU7TR, STM32WBA52CGU6, STM32WBA52CGU6TR, STM32WBA52CGU6U, STM32WBA52CGU7, STM32WBA52CGU7TR, STM32WBA52KEU6, STM32WBA52KEU6TR, STM32WBA52KGU6, STM32WBA52KGU6TR, STM32WBA54CEU6, STM32WBA54CEU6TR, STM32WBA54CEU7, STM32WBA54CEU7TR, STM32WBA54CGU6, STM32WBA54CGU6TR, STM32WBA54CGU7, STM32WBA54CGU7TR, STM32WBA54KEU6, STM32WBA54KEU6TR, STM32WBA54KEU7, STM32WBA54KEU7TR, STM32WBA54KGU6, STM32WBA54KGU6TR, STM32WBA54KGU7, STM32WBA54KGU7TR, STM32WBA55CEU6, STM32WBA55CEU6TR, STM32WBA55CEU7, STM32WBA55CEU7TR, STM32WBA55CGU6, STM32WBA55CGU6TR, STM32WBA55CGU6U, STM32WBA55CGU7, STM32WBA55CGU7TR, STM32WBA55G-DK1, STM32WBA55HEF6, STM32WBA55HEF7, STM32WBA55HGF6, STM32WBA55HGF7, STM32WBA55UEI6, STM32WBA55UEI6TR, STM32WBA55UEI7, STM32WBA55UEI7TR, STM32WBA55UGI6, STM32WBA55UGI6TR, STM32WBA55UGI7, STM32WBA55UGI7TR, STM32WBA5MMGH6TR, STM32WBA62MGF6, STM32WBA62MIF6, STM32WBA65MGF7, STM32WBA65MIF6, STM32WBA65MIF7, STM32WL30K8V6, STM32WL30KBV6, STM32WL31C8V6, STM32WL31CBV6, STM32WL31K8V6, STM32WL31KBV6, STM32WL33C8V6, STM32WL33C8V6X, STM32WL33CBV6, STM32WL33CBV6X, STM32WL33CCV6, STM32WL33CCV6A, STM32WL33CCV6X, STM32WL33K8V7, STM32WL33K8V7X, STM32WL33KBV7 , STM32WL33KBV7X, STM32WL33KCV7, STM32WL33KCV7X, STM32WL5MOCH6, STM32WL5MOCH6TR]
2025-07-28 14:48:45,810 [INFO] DbMcus:218 - Found 4801 MCUs, 4801 are supported
2025-07-28 14:48:45,811 [INFO] ApiDb:423 - Load user favorites file C:\Users\nicks/.stm32cubeide/favorites.mcus.txt: 0 item(s)
2025-07-28 14:48:45,811 [INFO] ApiDb:427 - User favorites MCUs=[]
2025-07-28 14:48:45,811 [INFO] DbMcus:224 - Set 0 / 0 favorites MCUs
2025-07-28 14:48:46,098 [INFO] ApiDb:423 - Load user favorites file C:\Users\nicks/.stm32cubeide/favorites.boards.txt: 0 item(s)
2025-07-28 14:48:46,098 [INFO] ApiDb:427 - User favorites Boards=[]
2025-07-28 14:48:46,098 [INFO] DbBoards:198 - Set 0 / 0 favorites Boards
2025-07-28 14:48:46,148 [INFO] UtilMem:75 - End LoadConfig() Used Memory: 584657920 Bytes (927989760)
2025-07-28 14:48:46,249 [WARN] ThirdParty:833 - waiting for thirdparty lock release [change project]
2025-07-28 14:48:46,250 [INFO] ThirdParty:835 - entering critical section [change project]
2025-07-28 14:48:46,250 [INFO] ThirdParty:1030 - CMSIS Pack Vendor :STMicroelectronics X-CUBE-PM33A1 1.0.0
2025-07-28 14:48:46,250 [INFO] ThirdParty:1030 - CMSIS Pack Vendor :STMicroelectronics USBPD 4.1
2025-07-28 14:48:46,250 [INFO] ThirdParty:1030 - CMSIS Pack Vendor :STMicroelectronics X-CUBE-AZRTOS-H7 3.3.0
2025-07-28 14:48:46,250 [INFO] ThirdParty:1030 - CMSIS Pack Vendor :STMicroelectronics X-CUBE-NFC9 1.0.0
2025-07-28 14:48:46,250 [INFO] ThirdParty:1030 - CMSIS Pack Vendor :STMicroelectronics USB_HOST 2.0.0
2025-07-28 14:48:46,250 [INFO] ThirdParty:1030 - CMSIS Pack Vendor :STMicroelectronics FP-SNS-MOTENVWB1 1.4.0
2025-07-28 14:48:46,250 [INFO] ThirdParty:1030 - CMSIS Pack Vendor :STMicroelectronics X-CUBE-AZRTOS-F4 1.1.0
2025-07-28 14:48:46,250 [INFO] ThirdParty:1030 - CMSIS Pack Vendor :STMicroelectronics LIBJPEG 8.0.0
2025-07-28 14:48:46,250 [INFO] ThirdParty:1030 - CMSIS Pack Vendor :STMicroelectronics FP-ATR-ASTRA1 2.0.2
2025-07-28 14:48:46,250 [INFO] ThirdParty:1030 - CMSIS Pack Vendor :STMicroelectronics FP-ATR-ASTRA1 2.0.1
2025-07-28 14:48:46,250 [INFO] ThirdParty:1030 - CMSIS Pack Vendor :STMicroelectronics X-CUBE-BLE1 7.1.0
2025-07-28 14:48:46,250 [INFO] ThirdParty:1030 - CMSIS Pack Vendor :Avnet-IotConnect X-CUBE-IoTC-DA16k-PMOD 1.0.0
2025-07-28 14:48:46,250 [INFO] ThirdParty:1030 - CMSIS Pack Vendor :STMicroelectronics X-CUBE-SMBUS 2.1.0
2025-07-28 14:48:46,250 [INFO] ThirdParty:1030 - CMSIS Pack Vendor :STMicroelectronics X-CUBE-WB05N 1.1.0
2025-07-28 14:48:46,250 [INFO] ThirdParty:1030 - CMSIS Pack Vendor :wolfSSL I-CUBE-wolfMQTT 1.19.2
2025-07-28 14:48:46,250 [INFO] ThirdParty:1030 - CMSIS Pack Vendor :STMicroelectronics USB_DEVICE 3.0.0
2025-07-28 14:48:46,250 [INFO] ThirdParty:1030 - CMSIS Pack Vendor :STMicroelectronics X-CUBE-ISPU 2.1.0
2025-07-28 14:48:46,250 [INFO] ThirdParty:1030 - CMSIS Pack Vendor :STMicroelectronics X-CUBE-EEPRMA1 5.2.0
2025-07-28 14:48:46,250 [INFO] ThirdParty:1030 - CMSIS Pack Vendor :STMicroelectronics X-CUBE-BLEMGR 4.1.0
2025-07-28 14:48:46,250 [INFO] ThirdParty:1030 - CMSIS Pack Vendor :STMicroelectronics X-CUBE-AZRTOS-WB 2.0.0
2025-07-28 14:48:46,250 [INFO] ThirdParty:1030 - CMSIS Pack Vendor :STMicroelectronics X-CUBE-ST60 1.0.0
2025-07-28 14:48:46,250 [INFO] ThirdParty:1030 - CMSIS Pack Vendor :STMicroelectronics X-CUBE-GNSS1 7.0.1
2025-07-28 14:48:46,250 [INFO] ThirdParty:1030 - CMSIS Pack Vendor :STMicroelectronics X-CUBE-NFC12 1.0.0
2025-07-28 14:48:46,250 [INFO] ThirdParty:1030 - CMSIS Pack Vendor :STMicroelectronics X-CUBE-AZRTOS-F7 1.1.0
2025-07-28 14:48:46,250 [INFO] ThirdParty:1030 - CMSIS Pack Vendor :STMicroelectronics X-CUBE-AZRTOS-L5 2.0.0
2025-07-28 14:48:46,250 [INFO] ThirdParty:1030 - CMSIS Pack Vendor :STMicroelectronics X-CUBE-TOUCHGFX 4.25.0
2025-07-28 14:48:46,250 [INFO] ThirdParty:1030 - CMSIS Pack Vendor :STMicroelectronics USB_DEVICE 2.0.0
2025-07-28 14:48:46,250 [INFO] ThirdParty:1030 - CMSIS Pack Vendor :STMicroelectronics X-CUBE-NFC6 3.1.0
2025-07-28 14:48:46,250 [INFO] ThirdParty:1030 - CMSIS Pack Vendor :STMicroelectronics X-CUBE-AI 10.1.0
2025-07-28 14:48:46,250 [INFO] ThirdParty:1030 - CMSIS Pack Vendor :STMicroelectronics X-CUBE-MEMS1 11.2.0
2025-07-28 14:48:46,250 [INFO] ThirdParty:1030 - CMSIS Pack Vendor :STMicroelectronics FreeRTOS 0.0.1
2025-07-28 14:48:46,250 [INFO] ThirdParty:1030 - CMSIS Pack Vendor :STMicroelectronics X-CUBE-AZRTOS-G0 1.1.0
2025-07-28 14:48:46,250 [INFO] ThirdParty:1030 - CMSIS Pack Vendor :STMicroelectronics X-CUBE-SAFEA1 1.2.2
2025-07-28 14:48:46,250 [INFO] ThirdParty:1030 - CMSIS Pack Vendor :STMicroelectronics X-CUBE-NFC4 3.0.0
2025-07-28 14:48:46,251 [INFO] ThirdParty:1030 - CMSIS Pack Vendor :STMicroelectronics X-CUBE-SUBG2 5.0.0
2025-07-28 14:48:46,251 [INFO] ThirdParty:1030 - CMSIS Pack Vendor :STMicroelectronics X-CUBE-AZRTOS-H7RS 1.1.0
2025-07-28 14:48:46,251 [INFO] ThirdParty:1030 - CMSIS Pack Vendor :STMicroelectronics STM32_WPAN 1.0.0
2025-07-28 14:48:46,251 [INFO] ThirdParty:1030 - CMSIS Pack Vendor :EmbeddedOffice I-CUBE-FS-RTOS 1.0.1
2025-07-28 14:48:46,251 [INFO] ThirdParty:1030 - CMSIS Pack Vendor :STMicroelectronics lwIP 2.0.3
2025-07-28 14:48:46,251 [INFO] ThirdParty:1030 - CMSIS Pack Vendor :STMicroelectronics FP-SNS-FLIGHT1 5.0.2
2025-07-28 14:48:46,251 [INFO] ThirdParty:1030 - CMSIS Pack Vendor :Cesanta I-CUBE-Mongoose 7.13.0
2025-07-28 14:48:46,251 [INFO] ThirdParty:1030 - CMSIS Pack Vendor :STMicroelectronics USB_HOST 1.0.0
2025-07-28 14:48:46,251 [INFO] ThirdParty:1030 - CMSIS Pack Vendor :Infineon AIROC-Wi-Fi-Bluetooth-STM32 1.7.0
2025-07-28 14:48:46,251 [INFO] ThirdParty:1030 - CMSIS Pack Vendor :STMicroelectronics X-CUBE-AZRTOS-G4 2.0.0
2025-07-28 14:48:46,251 [INFO] ThirdParty:1030 - CMSIS Pack Vendor :STMicroelectronics X-CUBE-WB05N 2.0.0
2025-07-28 14:48:46,251 [INFO] ThirdParty:1030 - CMSIS Pack Vendor :STMicroelectronics PDM2PCM 3.1.0
2025-07-28 14:48:46,251 [INFO] ThirdParty:1030 - CMSIS Pack Vendor :STMicroelectronics PDM2PCM 3.3.0
2025-07-28 14:48:46,251 [INFO] ThirdParty:1030 - CMSIS Pack Vendor :wolfSSL I-CUBE-wolfTPM 3.8.0
2025-07-28 14:48:46,251 [INFO] ThirdParty:1030 - CMSIS Pack Vendor :STMicroelectronics X-CUBE-AZRTOS-H7 3.4.0
2025-07-28 14:48:46,251 [INFO] ThirdParty:1030 - CMSIS Pack Vendor :STMicroelectronics X-CUBE-DISPLAY 3.0.0
2025-07-28 14:48:46,251 [INFO] ThirdParty:1030 - CMSIS Pack Vendor :wolfSSL I-CUBE-wolfSSH 1.4.20
2025-07-28 14:48:46,251 [INFO] ThirdParty:1030 - CMSIS Pack Vendor :STMicroelectronics X-CUBE-NFC7 2.0.0
2025-07-28 14:48:46,251 [INFO] ThirdParty:1030 - CMSIS Pack Vendor :STMicroelectronics X-CUBE-TCPP 4.2.0
2025-07-28 14:48:46,251 [INFO] ThirdParty:1030 - CMSIS Pack Vendor :RealThread X-CUBE-RT-Thread_Nano 4.1.1
2025-07-28 14:48:46,251 [INFO] ThirdParty:1030 - CMSIS Pack Vendor :STMicroelectronics FP-ATR-SIGFOX1 3.2.0
2025-07-28 14:48:46,251 [INFO] ThirdParty:1030 - CMSIS Pack Vendor :STMicroelectronics X-CUBE-NFC10 1.0.0
2025-07-28 14:48:46,251 [INFO] ThirdParty:1030 - CMSIS Pack Vendor :STMicroelectronics X-CUBE-BLEMGR 4.0.0
2025-07-28 14:48:46,251 [INFO] ThirdParty:1030 - CMSIS Pack Vendor :STMicroelectronics X-CUBE-EEPRMA1 5.1.0
2025-07-28 14:48:46,251 [INFO] ThirdParty:1030 - CMSIS Pack Vendor :STMicroelectronics X-CUBE-FREERTOS 1.3.1
2025-07-28 14:48:46,251 [INFO] ThirdParty:1030 - CMSIS Pack Vendor :STMicroelectronics HAL Drivers 0.0.0
2025-07-28 14:48:46,251 [INFO] ThirdParty:1030 - CMSIS Pack Vendor :STMicroelectronics MBEDTLS 2.16.2
2025-07-28 14:48:46,251 [INFO] ThirdParty:1030 - CMSIS Pack Vendor :STMicroelectronics X-CUBE-IPS 3.1.0
2025-07-28 14:48:46,251 [INFO] ThirdParty:1030 - CMSIS Pack Vendor :STMicroelectronics X-CUBE-ALS 1.0.2
2025-07-28 14:48:46,251 [INFO] ThirdParty:1030 - CMSIS Pack Vendor :emotas I-CUBE-CANOPEN 1.3.0
2025-07-28 14:48:46,251 [INFO] ThirdParty:1030 - CMSIS Pack Vendor :STMicroelectronics X-CUBE-FREERTOS 1.3.0
2025-07-28 14:48:46,251 [INFO] ThirdParty:1030 - CMSIS Pack Vendor :STMicroelectronics X-CUBE-NFC7 1.0.1
2025-07-28 14:48:46,252 [INFO] ThirdParty:1030 - CMSIS Pack Vendor :STMicroelectronics MBEDTLS 2.14.1
2025-07-28 14:48:46,252 [INFO] ThirdParty:1030 - CMSIS Pack Vendor :wolfSSL I-CUBE-wolfSSL 5.7.6
2025-07-28 14:48:46,252 [INFO] ThirdParty:1030 - CMSIS Pack Vendor :ITTIA_DB I-CUBE-ITTIADB 8.9.0
2025-07-28 14:48:46,252 [INFO] ThirdParty:1030 - CMSIS Pack Vendor :portGmbH I-Cube-SoM-uGOAL 1.1.0
2025-07-28 14:48:46,252 [INFO] ThirdParty:1030 - CMSIS Pack Vendor :quantropi X-CUBE-qispace-sdk-base 2.0.0
2025-07-28 14:48:46,252 [INFO] ThirdParty:1030 - CMSIS Pack Vendor :STMicroelectronics X-CUBE-AI 10.0.0
2025-07-28 14:48:46,252 [INFO] ThirdParty:1030 - CMSIS Pack Vendor :STMicroelectronics X-CUBE-ST67W61 1.0.0
2025-07-28 14:48:46,252 [INFO] ThirdParty:1030 - CMSIS Pack Vendor :STMicroelectronics FP-SNS-STAIOTCFT 1.0.0
2025-07-28 14:48:46,252 [INFO] ThirdParty:1030 - CMSIS Pack Vendor :STMicroelectronics ThreadX 1.0.0
2025-07-28 14:48:46,252 [INFO] ThirdParty:1030 - CMSIS Pack Vendor :STMicroelectronics FP-SNS-SMARTAG2 1.2.0
2025-07-28 14:48:46,252 [INFO] ThirdParty:1030 - CMSIS Pack Vendor :STMicroelectronics FP-SNS-FLIGHT1 5.1.0
2025-07-28 14:48:46,252 [INFO] ThirdParty:1030 - CMSIS Pack Vendor :STMicroelectronics X-CUBE-AZRTOS-WL 2.0.0
2025-07-28 14:48:46,252 [INFO] ThirdParty:1030 - CMSIS Pack Vendor :SEGGER I-CUBE-embOS 1.3.1
2025-07-28 14:48:46,252 [INFO] ThirdParty:1030 - CMSIS Pack Vendor :STMicroelectronics X-CUBE-ALGOBUILD 1.4.0
2025-07-28 14:48:46,252 [INFO] ThirdParty:1030 - CMSIS Pack Vendor :STMicroelectronics X-CUBE-DPower 1.3.0
2025-07-28 14:48:46,252 [INFO] ThirdParty:1030 - CMSIS Pack Vendor :STMicroelectronics X-CUBE-MEMS1 11.3.0
2025-07-28 14:48:46,252 [INFO] ThirdParty:1030 - CMSIS Pack Vendor :STMicroelectronics FP-SNS-MOTENV1 5.0.0
2025-07-28 14:48:46,252 [INFO] ThirdParty:1030 - CMSIS Pack Vendor :STMicroelectronics USB_DEVICE 1.0.0
2025-07-28 14:48:46,252 [INFO] ThirdParty:1030 - CMSIS Pack Vendor :STMicroelectronics X-CUBE-AZRTOS-L4 2.0.0
2025-07-28 14:48:46,252 [INFO] ThirdParty:1030 - CMSIS Pack Vendor :STMicroelectronics ThreadX 0.0.2
2025-07-28 14:48:46,252 [INFO] ThirdParty:1030 - CMSIS Pack Vendor :WES I-CUBE-Cesium 1.3.0
2025-07-28 14:48:46,252 [INFO] ThirdParty:1030 - CMSIS Pack Vendor :STMicroelectronics lwIP 2.1.2
2025-07-28 14:48:46,252 [INFO] ThirdParty:1030 - CMSIS Pack Vendor :STMicroelectronics X-CUBE-SFXS2LP1 4.0.0
2025-07-28 14:48:46,252 [INFO] ThirdParty:1030 - CMSIS Pack Vendor :STMicroelectronics X-CUBE-BLE2 3.3.0
2025-07-28 14:48:46,252 [INFO] ThirdParty:1030 - CMSIS Pack Vendor :STMicroelectronics X-CUBE-TOF1 3.4.3
2025-07-28 14:48:46,252 [INFO] ThirdParty:1030 - CMSIS Pack Vendor :STMicroelectronics PDM2PCM 3.2.0
2025-07-28 14:48:46,252 [INFO] ThirdParty:841 - exiting critical section [change project]
2025-07-28 14:48:46,761 [INFO] PinOutPanel:1589 - setPackage(No Configuration,No Configuration)
2025-07-28 14:48:46,763 [INFO] PinOutPanel:1589 - setPackage(STM32H755ZITx,LQFP144)
2025-07-28 14:48:47,261 [INFO] UtilMem:75 - Before build in PCC Used Memory: 578060112 Bytes (927989760)
2025-07-28 14:48:47,807 [INFO] UtilMem:75 - After build in PCC Used Memory: 733720904 Bytes (927989760)
2025-07-28 14:48:47,819 [INFO] ApiDbMcu:532 - Load IP Config File for FREERTOS_M7
2025-07-28 14:48:47,847 [INFO] IPUIPlugin:80 - create IPUIPlugin
2025-07-28 14:48:47,847 [INFO] IPUIPlugin:80 - create IPUIPlugin
2025-07-28 14:48:47,847 [INFO] IPUIPlugin:80 - create IPUIPlugin
2025-07-28 14:48:47,847 [INFO] IPUIPlugin:80 - create IPUIPlugin
2025-07-28 14:48:47,847 [INFO] IPUIPlugin:80 - create IPUIPlugin
2025-07-28 14:48:47,847 [INFO] IPUIPlugin:80 - create IPUIPlugin
2025-07-28 14:48:47,847 [INFO] IPUIPlugin:80 - create IPUIPlugin
2025-07-28 14:48:47,847 [INFO] IPUIPlugin:80 - create IPUIPlugin
2025-07-28 14:48:47,847 [INFO] IPUIPlugin:80 - create IPUIPlugin
2025-07-28 14:48:47,847 [INFO] IPUIPlugin:80 - create IPUIPlugin
2025-07-28 14:48:47,848 [INFO] IPUIPlugin:80 - create IPUIPlugin
2025-07-28 14:48:47,848 [INFO] IPUIPlugin:80 - create IPUIPlugin
2025-07-28 14:48:47,848 [INFO] IPUIPlugin:80 - create IPUIPlugin
2025-07-28 14:48:47,848 [INFO] IPUIPlugin:80 - create IPUIPlugin
2025-07-28 14:48:47,848 [INFO] IPUIPlugin:80 - create IPUIPlugin
2025-07-28 14:48:47,848 [INFO] IPUIPlugin:80 - create IPUIPlugin
2025-07-28 14:48:47,848 [INFO] IPUIPlugin:80 - create IPUIPlugin
2025-07-28 14:48:47,848 [INFO] IPUIPlugin:80 - create IPUIPlugin
2025-07-28 14:48:47,848 [INFO] IPUIPlugin:80 - create IPUIPlugin
2025-07-28 14:48:47,848 [INFO] IPUIPlugin:80 - create IPUIPlugin
2025-07-28 14:48:47,848 [INFO] IPUIPlugin:80 - create IPUIPlugin
2025-07-28 14:48:47,848 [INFO] IPUIPlugin:80 - create IPUIPlugin
2025-07-28 14:48:47,848 [INFO] IPUIPlugin:80 - create IPUIPlugin
2025-07-28 14:48:47,848 [INFO] IPUIPlugin:80 - create IPUIPlugin
2025-07-28 14:48:47,848 [INFO] IPUIPlugin:80 - create IPUIPlugin
2025-07-28 14:48:47,849 [INFO] IPUIPlugin:80 - create IPUIPlugin
2025-07-28 14:48:47,849 [INFO] IPUIPlugin:80 - create IPUIPlugin
2025-07-28 14:48:47,849 [INFO] IPUIPlugin:80 - create IPUIPlugin
2025-07-28 14:48:47,849 [INFO] IPUIPlugin:80 - create IPUIPlugin
2025-07-28 14:48:47,849 [INFO] IPUIPlugin:80 - create IPUIPlugin
2025-07-28 14:48:47,849 [INFO] IPUIPlugin:80 - create IPUIPlugin
2025-07-28 14:48:47,849 [INFO] IPUIPlugin:80 - create IPUIPlugin
2025-07-28 14:48:47,849 [INFO] IPUIPlugin:80 - create IPUIPlugin
2025-07-28 14:48:47,849 [INFO] IPUIPlugin:80 - create IPUIPlugin
2025-07-28 14:48:47,849 [INFO] IPUIPlugin:80 - create IPUIPlugin
2025-07-28 14:48:47,849 [INFO] IPUIPlugin:80 - create IPUIPlugin
2025-07-28 14:48:47,850 [INFO] IPUIPlugin:80 - create IPUIPlugin
2025-07-28 14:48:47,850 [INFO] IPUIPlugin:80 - create IPUIPlugin
2025-07-28 14:48:47,850 [INFO] IPUIPlugin:80 - create IPUIPlugin
2025-07-28 14:48:47,850 [INFO] IPUIPlugin:80 - create IPUIPlugin
2025-07-28 14:48:47,850 [INFO] IPUIPlugin:80 - create IPUIPlugin
2025-07-28 14:48:47,850 [INFO] IPUIPlugin:80 - create IPUIPlugin
2025-07-28 14:48:47,850 [INFO] IPUIPlugin:80 - create IPUIPlugin
2025-07-28 14:48:47,851 [INFO] IPUIPlugin:80 - create IPUIPlugin
2025-07-28 14:48:47,851 [INFO] IPUIPlugin:80 - create IPUIPlugin
2025-07-28 14:48:47,851 [INFO] IPUIPlugin:80 - create IPUIPlugin
2025-07-28 14:48:47,851 [INFO] IPUIPlugin:80 - create IPUIPlugin
2025-07-28 14:48:47,851 [INFO] IPUIPlugin:80 - create IPUIPlugin
2025-07-28 14:48:47,851 [INFO] IPUIPlugin:80 - create IPUIPlugin
2025-07-28 14:48:47,851 [INFO] IPUIPlugin:80 - create IPUIPlugin
2025-07-28 14:48:47,852 [INFO] IPUIPlugin:80 - create IPUIPlugin
2025-07-28 14:48:47,852 [INFO] IPUIPlugin:80 - create IPUIPlugin
2025-07-28 14:48:47,852 [INFO] IPUIPlugin:80 - create IPUIPlugin
2025-07-28 14:48:47,852 [INFO] IPUIPlugin:80 - create IPUIPlugin
2025-07-28 14:48:47,852 [INFO] IPUIPlugin:80 - create IPUIPlugin
2025-07-28 14:48:47,852 [INFO] IPUIPlugin:80 - create IPUIPlugin
2025-07-28 14:48:47,852 [INFO] IPUIPlugin:80 - create IPUIPlugin
2025-07-28 14:48:47,853 [INFO] IPUIPlugin:80 - create IPUIPlugin
2025-07-28 14:48:47,853 [INFO] IPUIPlugin:80 - create IPUIPlugin
2025-07-28 14:48:47,853 [INFO] IPUIPlugin:80 - create IPUIPlugin
2025-07-28 14:48:47,853 [INFO] IPUIPlugin:80 - create IPUIPlugin
2025-07-28 14:48:47,853 [INFO] IPUIPlugin:80 - create IPUIPlugin
2025-07-28 14:48:47,853 [INFO] IPUIPlugin:80 - create IPUIPlugin
2025-07-28 14:48:47,854 [INFO] IPUIPlugin:80 - create IPUIPlugin
2025-07-28 14:48:47,854 [INFO] IPUIPlugin:80 - create IPUIPlugin
2025-07-28 14:48:47,854 [INFO] IPUIPlugin:80 - create IPUIPlugin
2025-07-28 14:48:47,854 [INFO] IPUIPlugin:80 - create IPUIPlugin
2025-07-28 14:48:47,854 [INFO] IPUIPlugin:80 - create IPUIPlugin
2025-07-28 14:48:47,854 [INFO] IPUIPlugin:80 - create IPUIPlugin
2025-07-28 14:48:47,855 [INFO] IPUIPlugin:80 - create IPUIPlugin
2025-07-28 14:48:47,855 [INFO] IPUIPlugin:80 - create IPUIPlugin
2025-07-28 14:48:47,855 [INFO] IPUIPlugin:80 - create IPUIPlugin
2025-07-28 14:48:47,855 [INFO] IPUIPlugin:80 - create IPUIPlugin
2025-07-28 14:48:47,855 [INFO] IPUIPlugin:80 - create IPUIPlugin
2025-07-28 14:48:47,856 [INFO] IPUIPlugin:80 - create IPUIPlugin
2025-07-28 14:48:47,856 [INFO] IPUIPlugin:80 - create IPUIPlugin
2025-07-28 14:48:47,856 [INFO] IPUIPlugin:80 - create IPUIPlugin
2025-07-28 14:48:47,856 [INFO] IPUIPlugin:80 - create IPUIPlugin
2025-07-28 14:48:47,856 [INFO] IPUIPlugin:80 - create IPUIPlugin
2025-07-28 14:48:47,856 [INFO] IPUIPlugin:80 - create IPUIPlugin
2025-07-28 14:48:47,857 [INFO] IPUIPlugin:80 - create IPUIPlugin
2025-07-28 14:48:47,857 [INFO] IPUIPlugin:80 - create IPUIPlugin
2025-07-28 14:48:47,857 [INFO] IPUIPlugin:80 - create IPUIPlugin
2025-07-28 14:48:47,857 [INFO] IPUIPlugin:80 - create IPUIPlugin
2025-07-28 14:48:47,858 [INFO] IPUIPlugin:80 - create IPUIPlugin
2025-07-28 14:48:47,858 [INFO] IPUIPlugin:80 - create IPUIPlugin
2025-07-28 14:48:47,858 [INFO] IPUIPlugin:80 - create IPUIPlugin
2025-07-28 14:48:47,858 [INFO] IPUIPlugin:80 - create IPUIPlugin
2025-07-28 14:48:47,858 [INFO] IPUIPlugin:80 - create IPUIPlugin
2025-07-28 14:48:47,859 [INFO] IPUIPlugin:80 - create IPUIPlugin
2025-07-28 14:48:47,859 [INFO] IPUIPlugin:80 - create IPUIPlugin
2025-07-28 14:48:47,859 [INFO] IPUIPlugin:80 - create IPUIPlugin
2025-07-28 14:48:47,859 [INFO] IPUIPlugin:80 - create IPUIPlugin
2025-07-28 14:48:47,860 [INFO] IPUIPlugin:80 - create IPUIPlugin
2025-07-28 14:48:47,860 [INFO] IPUIPlugin:80 - create IPUIPlugin
2025-07-28 14:48:47,860 [INFO] IPUIPlugin:80 - create IPUIPlugin
2025-07-28 14:48:47,861 [INFO] IPUIPlugin:80 - create IPUIPlugin
2025-07-28 14:48:47,861 [INFO] IPUIPlugin:80 - create IPUIPlugin
2025-07-28 14:48:47,861 [INFO] IPUIPlugin:80 - create IPUIPlugin
2025-07-28 14:48:47,862 [INFO] IPUIPlugin:80 - create IPUIPlugin
2025-07-28 14:48:47,862 [INFO] IPUIPlugin:80 - create IPUIPlugin
2025-07-28 14:48:47,863 [INFO] IPUIPlugin:80 - create IPUIPlugin
2025-07-28 14:48:47,863 [INFO] IPUIPlugin:80 - create IPUIPlugin
2025-07-28 14:48:47,863 [INFO] IPUIPlugin:80 - create IPUIPlugin
2025-07-28 14:48:47,864 [INFO] IPUIPlugin:80 - create IPUIPlugin
2025-07-28 14:48:47,864 [INFO] IPUIPlugin:80 - create IPUIPlugin
2025-07-28 14:48:47,865 [INFO] IPUIPlugin:80 - create IPUIPlugin
2025-07-28 14:48:47,865 [INFO] IPUIPlugin:80 - create IPUIPlugin
2025-07-28 14:48:47,865 [INFO] IPUIPlugin:80 - create IPUIPlugin
2025-07-28 14:48:47,866 [INFO] IPUIPlugin:80 - create IPUIPlugin
2025-07-28 14:48:47,866 [INFO] IPUIPlugin:80 - create IPUIPlugin
2025-07-28 14:48:47,866 [INFO] IPUIPlugin:80 - create IPUIPlugin
2025-07-28 14:48:47,867 [INFO] IPUIPlugin:80 - create IPUIPlugin
2025-07-28 14:48:47,867 [INFO] IPUIPlugin:80 - create IPUIPlugin
2025-07-28 14:48:47,873 [INFO] ApiDbMcu:532 - Load IP Config File for PDM2PCM_M7
2025-07-28 14:48:47,875 [INFO] ApiDbMcu:532 - Load IP Config File for PDM2PCM_M4
2025-07-28 14:48:47,914 [WARN] FreeRTOS:1023 - Null or empty value: should not occur! (nothing added to the table)
2025-07-28 14:48:48,030 [INFO] CADModel:165 - CPN selected for project levelSTM32H755ZIT6
2025-07-28 14:48:48,030 [INFO] CADModel:114 - Register for checkConnection events
2025-07-28 14:48:48,032 [INFO] RtosManager:728 - Active RTOS found at IOC load: FREERTOS_M7 [CortexM7]
2025-07-28 14:48:48,081 [INFO] OpenFileManager:386 - Restore cursor
2025-07-28 14:48:48,348 [INFO] ProjectChoiceTab:962 - Analytics plugin initialized for: CortexM7 Enable multi-threaded support
2025-07-28 14:50:11,587 [INFO] Gpio:278 - dependency for GPIO [I2C2, TIM1, TIM4, USART2]
2025-07-28 14:50:19,003 [INFO] NvicIntPanel:101 - NVIC parent = com.st.microxplorer.plugins.ip.nvic.MultiNvicIntPanel[,2,46,498x384,layout=javax.swing.BoxLayout,alignmentX=0.0,alignmentY=0.0,border=,flags=9,maximumSize=,minimumSize=,preferredSize=]
2025-07-28 15:15:42,915 [INFO] Gpio:278 - dependency for GPIO [I2C2, TIM1, USART2]
2025-07-28 15:15:43,996 [INFO] NvicIntPanel:101 - NVIC parent = com.st.microxplorer.plugins.ip.nvic.MultiNvicIntPanel[,2,46,498x384,layout=javax.swing.BoxLayout,alignmentX=0.0,alignmentY=0.0,border=,flags=9,maximumSize=,minimumSize=,preferredSize=]
2025-07-28 15:15:44,000 [INFO] NvicIntPanel:101 - NVIC parent = com.st.microxplorer.plugins.ip.nvic.MultiNvicIntPanel[,2,46,498x384,invalid,layout=javax.swing.BoxLayout,alignmentX=0.0,alignmentY=0.0,border=,flags=9,maximumSize=,minimumSize=,preferredSize=]
2025-07-28 15:15:49,342 [INFO] UtilMem:75 - End SaveConfig() Used Memory: 669408168 Bytes (927989760)
2025-07-28 15:15:49,483 [INFO] UtilMem:75 - End SaveConfig() Used Memory: 728249912 Bytes (927989760)
2025-07-28 15:15:50,374 [INFO] UtilMem:75 - End SaveConfig() Used Memory: 839242560 Bytes (927989760)
2025-07-28 15:15:51,670 [ERROR] IocParser:95 - Exception caught: Cannot invoke "java.lang.CharSequence.length()" because "this.text" is null
2025-07-28 15:15:51,736 [INFO] BlockDiagram:2775 - set Specific Code input for plugin: FREERTOS
2025-07-28 15:15:51,736 [INFO] BlockDiagram:2775 - set Specific Code input for plugin: RCC
2025-07-28 15:15:51,736 [INFO] BlockDiagram:2775 - set Specific Code input for plugin: I2C
2025-07-28 15:15:51,736 [INFO] BlockDiagram:2775 - set Specific Code input for plugin: USART
2025-07-28 15:15:51,736 [INFO] BlockDiagram:2775 - set Specific Code input for plugin: TIM1_8H7
2025-07-28 15:15:51,736 [INFO] BlockDiagram:2775 - set Specific Code input for plugin: SYS
2025-07-28 15:15:51,736 [INFO] BlockDiagram:2775 - set Specific Code input for plugin: NVIC2
2025-07-28 15:15:51,737 [INFO] BlockDiagram:2775 - set Specific Code input for plugin: GPIO
2025-07-28 15:15:51,737 [INFO] BlockDiagram:2775 - set Specific Code input for plugin: SYS_M4
2025-07-28 15:15:51,737 [INFO] BlockDiagram:2775 - set Specific Code input for plugin: NUCLEO-H755ZI-Q
2025-07-28 15:15:51,737 [INFO] BlockDiagram:2775 - set Specific Code input for plugin: NVIC1
2025-07-28 15:15:51,738 [INFO] CodeGenerator:892 - code generatio: config db path: C:\ST\STM32CubeIDE_1.19.0\STM32CubeIDE\plugins\com.st.stm32cube.common.mx_6.15.0.202507011659\\db\
2025-07-28 15:15:51,796 [ERROR] CodeGenerator:10662 - The current RTOS owner has not been found in the list of IPs
2025-07-28 15:15:51,798 [INFO] CodeGenerator:1619 - *******************Project context M7 selected
2025-07-28 15:15:51,881 [INFO] CodeEngine:265 - oldGeneratedFile, C:\Users\nicks\STM32CubeIDE\workspace_1.19.0\AFR\AFR_SENSORS\MXTmpFiles\license.tmp_save
2025-07-28 15:15:52,128 [INFO] CodeEngine:289 - Generated code: C:\Users\nicks\STM32CubeIDE\workspace_1.19.0\AFR\AFR_SENSORS\MXTmpFiles\license.tmp
2025-07-28 15:15:52,253 [INFO] CodeEngine:265 - oldGeneratedFile, C:\Users\nicks\STM32CubeIDE\workspace_1.19.0\AFR\AFR_SENSORS\CM7\MXTmpFiles\gpio.tmp_save
2025-07-28 15:15:52,362 [INFO] CodeEngine:289 - Generated code: C:\Users\nicks\STM32CubeIDE\workspace_1.19.0\AFR\AFR_SENSORS\CM7\MXTmpFiles\gpio.tmp
2025-07-28 15:15:52,637 [WARN] IPConfigManager:103 - WARNING: Missing Config File for NVIC1 ip!!
2025-07-28 15:15:52,886 [ERROR] CodeGenerator:10662 - The current RTOS owner has not been found in the list of IPs
2025-07-28 15:15:52,893 [INFO] CodeEngine:265 - oldGeneratedFile, C:\Users\nicks\STM32CubeIDE\workspace_1.19.0\AFR\AFR_SENSORS\CM7\MXTmpFiles\cortex.tmp_save
2025-07-28 15:15:52,961 [INFO] CodeEngine:289 - Generated code: C:\Users\nicks\STM32CubeIDE\workspace_1.19.0\AFR\AFR_SENSORS\CM7\MXTmpFiles\cortex.tmp
2025-07-28 15:15:52,994 [INFO] Middleware:1452 - No code input for Bsp Dependency
2025-07-28 15:15:53,002 [INFO] CodeEngine:265 - oldGeneratedFile, C:\Users\nicks\STM32CubeIDE\workspace_1.19.0\AFR\AFR_SENSORS\CM7\MXTmpFiles\rtos_inc.tmp_save
2025-07-28 15:15:53,066 [INFO] CodeEngine:289 - Generated code: C:\Users\nicks\STM32CubeIDE\workspace_1.19.0\AFR\AFR_SENSORS\CM7\MXTmpFiles\rtos_inc.tmp
2025-07-28 15:15:53,070 [INFO] CodeEngine:265 - oldGeneratedFile, C:\Users\nicks\STM32CubeIDE\workspace_1.19.0\AFR\AFR_SENSORS\CM7\MXTmpFiles\rtos_kernelInit.tmp_save
2025-07-28 15:15:53,130 [INFO] CodeEngine:289 - Generated code: C:\Users\nicks\STM32CubeIDE\workspace_1.19.0\AFR\AFR_SENSORS\CM7\MXTmpFiles\rtos_kernelInit.tmp
2025-07-28 15:15:53,136 [INFO] CodeEngine:265 - oldGeneratedFile, C:\Users\nicks\STM32CubeIDE\workspace_1.19.0\AFR\AFR_SENSORS\CM7\MXTmpFiles\rtos_kernelStart.tmp_save
2025-07-28 15:15:53,183 [INFO] CodeEngine:289 - Generated code: C:\Users\nicks\STM32CubeIDE\workspace_1.19.0\AFR\AFR_SENSORS\CM7\MXTmpFiles\rtos_kernelStart.tmp
2025-07-28 15:15:53,189 [INFO] CodeEngine:265 - oldGeneratedFile, C:\Users\nicks\STM32CubeIDE\workspace_1.19.0\AFR\AFR_SENSORS\CM7\MXTmpFiles\rtos_typedefs.tmp_save
2025-07-28 15:15:53,234 [INFO] CodeEngine:289 - Generated code: C:\Users\nicks\STM32CubeIDE\workspace_1.19.0\AFR\AFR_SENSORS\CM7\MXTmpFiles\rtos_typedefs.tmp
2025-07-28 15:15:53,239 [INFO] CodeEngine:265 - oldGeneratedFile, C:\Users\nicks\STM32CubeIDE\workspace_1.19.0\AFR\AFR_SENSORS\CM7\MXTmpFiles\rtos_vars.tmp_save
2025-07-28 15:15:53,285 [INFO] CodeEngine:289 - Generated code: C:\Users\nicks\STM32CubeIDE\workspace_1.19.0\AFR\AFR_SENSORS\CM7\MXTmpFiles\rtos_vars.tmp
2025-07-28 15:15:53,290 [INFO] CodeEngine:265 - oldGeneratedFile, C:\Users\nicks\STM32CubeIDE\workspace_1.19.0\AFR\AFR_SENSORS\CM7\MXTmpFiles\rtos_pfp.tmp_save
2025-07-28 15:15:53,338 [INFO] CodeEngine:289 - Generated code: C:\Users\nicks\STM32CubeIDE\workspace_1.19.0\AFR\AFR_SENSORS\CM7\MXTmpFiles\rtos_pfp.tmp
2025-07-28 15:15:53,343 [INFO] CodeEngine:265 - oldGeneratedFile, C:\Users\nicks\STM32CubeIDE\workspace_1.19.0\AFR\AFR_SENSORS\CM7\MXTmpFiles\rtos_obj_creat.tmp_save
2025-07-28 15:15:53,388 [INFO] CodeEngine:289 - Generated code: C:\Users\nicks\STM32CubeIDE\workspace_1.19.0\AFR\AFR_SENSORS\CM7\MXTmpFiles\rtos_obj_creat.tmp
2025-07-28 15:15:53,393 [INFO] CodeEngine:265 - oldGeneratedFile, C:\Users\nicks\STM32CubeIDE\workspace_1.19.0\AFR\AFR_SENSORS\CM7\MXTmpFiles\rtos_default_thread.tmp_save
2025-07-28 15:15:53,434 [INFO] CodeEngine:289 - Generated code: C:\Users\nicks\STM32CubeIDE\workspace_1.19.0\AFR\AFR_SENSORS\CM7\MXTmpFiles\rtos_default_thread.tmp
2025-07-28 15:15:53,439 [INFO] CodeEngine:265 - oldGeneratedFile, C:\Users\nicks\STM32CubeIDE\workspace_1.19.0\AFR\AFR_SENSORS\CM7\MXTmpFiles\rtos_threads.tmp_save
2025-07-28 15:15:53,483 [INFO] CodeEngine:289 - Generated code: C:\Users\nicks\STM32CubeIDE\workspace_1.19.0\AFR\AFR_SENSORS\CM7\MXTmpFiles\rtos_threads.tmp
2025-07-28 15:15:53,488 [INFO] CodeEngine:265 - oldGeneratedFile, C:\Users\nicks\STM32CubeIDE\workspace_1.19.0\AFR\AFR_SENSORS\CM7\Core\Inc\FreeRTOSConfig.h_save
2025-07-28 15:15:53,561 [INFO] CodeEngine:289 - Generated code: C:\Users\nicks\STM32CubeIDE\workspace_1.19.0\AFR\AFR_SENSORS\CM7\Core\Inc\FreeRTOSConfig.h
2025-07-28 15:15:53,568 [INFO] CodeEngine:265 - oldGeneratedFile, C:\Users\nicks\STM32CubeIDE\workspace_1.19.0\AFR\AFR_SENSORS\CM7\Core\Src\freertos.c_save
2025-07-28 15:15:53,615 [INFO] CodeEngine:289 - Generated code: C:\Users\nicks\STM32CubeIDE\workspace_1.19.0\AFR\AFR_SENSORS\CM7\Core\Src\freertos.c
2025-07-28 15:15:53,644 [INFO] CodeEngine:265 - oldGeneratedFile, C:\Users\nicks\STM32CubeIDE\workspace_1.19.0\AFR\AFR_SENSORS\CM7\Core\Inc\stm32h7xx_nucleo_conf.h_save
2025-07-28 15:15:53,687 [INFO] CodeEngine:289 - Generated code: C:\Users\nicks\STM32CubeIDE\workspace_1.19.0\AFR\AFR_SENSORS\CM7\Core\Inc\stm32h7xx_nucleo_conf.h
2025-07-28 15:15:53,692 [INFO] CodeEngine:265 - oldGeneratedFile, C:\Users\nicks\STM32CubeIDE\workspace_1.19.0\AFR\AFR_SENSORS\CM7\MXTmpFiles\bsp_inc.tmp_save
2025-07-28 15:15:53,734 [INFO] CodeEngine:289 - Generated code: C:\Users\nicks\STM32CubeIDE\workspace_1.19.0\AFR\AFR_SENSORS\CM7\MXTmpFiles\bsp_inc.tmp
2025-07-28 15:15:53,739 [INFO] CodeEngine:265 - oldGeneratedFile, C:\Users\nicks\STM32CubeIDE\workspace_1.19.0\AFR\AFR_SENSORS\CM7\MXTmpFiles\bsp_common_vars.tmp_save
2025-07-28 15:15:53,785 [INFO] CodeEngine:289 - Generated code: C:\Users\nicks\STM32CubeIDE\workspace_1.19.0\AFR\AFR_SENSORS\CM7\MXTmpFiles\bsp_common_vars.tmp
2025-07-28 15:15:53,791 [INFO] CodeEngine:265 - oldGeneratedFile, C:\Users\nicks\STM32CubeIDE\workspace_1.19.0\AFR\AFR_SENSORS\CM7\MXTmpFiles\bsp_common_init.tmp_save
2025-07-28 15:15:53,829 [INFO] CodeEngine:289 - Generated code: C:\Users\nicks\STM32CubeIDE\workspace_1.19.0\AFR\AFR_SENSORS\CM7\MXTmpFiles\bsp_common_init.tmp
2025-07-28 15:15:53,834 [INFO] CodeEngine:265 - oldGeneratedFile, C:\Users\nicks\STM32CubeIDE\workspace_1.19.0\AFR\AFR_SENSORS\CM7\MXTmpFiles\bsp_common_demo_before_while.tmp_save
2025-07-28 15:15:53,873 [INFO] CodeEngine:289 - Generated code: C:\Users\nicks\STM32CubeIDE\workspace_1.19.0\AFR\AFR_SENSORS\CM7\MXTmpFiles\bsp_common_demo_before_while.tmp
2025-07-28 15:15:53,878 [INFO] CodeEngine:265 - oldGeneratedFile, C:\Users\nicks\STM32CubeIDE\workspace_1.19.0\AFR\AFR_SENSORS\CM7\MXTmpFiles\bsp_common_demo_inside_while.tmp_save
2025-07-28 15:15:53,917 [INFO] CodeEngine:289 - Generated code: C:\Users\nicks\STM32CubeIDE\workspace_1.19.0\AFR\AFR_SENSORS\CM7\MXTmpFiles\bsp_common_demo_inside_while.tmp
2025-07-28 15:15:53,922 [INFO] CodeEngine:265 - oldGeneratedFile, C:\Users\nicks\STM32CubeIDE\workspace_1.19.0\AFR\AFR_SENSORS\CM7\MXTmpFiles\bsp_common_demo_fct.tmp_save
2025-07-28 15:15:53,960 [INFO] CodeEngine:289 - Generated code: C:\Users\nicks\STM32CubeIDE\workspace_1.19.0\AFR\AFR_SENSORS\CM7\MXTmpFiles\bsp_common_demo_fct.tmp
2025-07-28 15:15:53,978 [INFO] CodeEngine:265 - oldGeneratedFile, C:\Users\nicks\STM32CubeIDE\workspace_1.19.0\AFR\AFR_SENSORS\CM7\Core\Src\stm32h7xx_it.c_save
2025-07-28 15:15:54,050 [INFO] CodeEngine:289 - Generated code: C:\Users\nicks\STM32CubeIDE\workspace_1.19.0\AFR\AFR_SENSORS\CM7\Core\Src\stm32h7xx_it.c
2025-07-28 15:15:54,056 [INFO] CodeEngine:265 - oldGeneratedFile, C:\Users\nicks\STM32CubeIDE\workspace_1.19.0\AFR\AFR_SENSORS\CM7\Core\Inc\stm32h7xx_it.h_save
2025-07-28 15:15:54,101 [INFO] CodeEngine:289 - Generated code: C:\Users\nicks\STM32CubeIDE\workspace_1.19.0\AFR\AFR_SENSORS\CM7\Core\Inc\stm32h7xx_it.h
2025-07-28 15:15:54,198 [INFO] CodeEngine:265 - oldGeneratedFile, C:\Users\nicks\STM32CubeIDE\workspace_1.19.0\AFR\AFR_SENSORS\CM7\Core\Src\stm32h7xx_hal_msp.c_save
2025-07-28 15:15:54,284 [INFO] CodeEngine:289 - Generated code: C:\Users\nicks\STM32CubeIDE\workspace_1.19.0\AFR\AFR_SENSORS\CM7\Core\Src\stm32h7xx_hal_msp.c
2025-07-28 15:15:54,289 [INFO] CodeEngine:265 - oldGeneratedFile, C:\Users\nicks\STM32CubeIDE\workspace_1.19.0\AFR\AFR_SENSORS\CM7\MXTmpFiles\system.tmp_save
2025-07-28 15:15:54,328 [INFO] CodeEngine:289 - Generated code: C:\Users\nicks\STM32CubeIDE\workspace_1.19.0\AFR\AFR_SENSORS\CM7\MXTmpFiles\system.tmp
2025-07-28 15:15:54,340 [INFO] CodeEngine:321 - oldGeneratedFile, C:\Users\nicks\STM32CubeIDE\workspace_1.19.0\AFR\AFR_SENSORS\CM7\Core\Inc\stm32h7xx_hal_conf.h_save
2025-07-28 15:15:54,388 [INFO] CodeEngine:345 - Generated code: C:\Users\nicks\STM32CubeIDE\workspace_1.19.0\AFR\AFR_SENSORS\CM7\Core\Inc\stm32h7xx_hal_conf.h
2025-07-28 15:15:54,423 [INFO] ApiDbMcu:532 - Load IP Config File for I2C2
2025-07-28 15:15:54,431 [INFO] ApiDbMcu:532 - Load IP Config File for TIM1
2025-07-28 15:15:54,439 [INFO] ApiDbMcu:532 - Load IP Config File for USART2
2025-07-28 15:15:54,441 [INFO] ApiDbMcu:532 - Load IP Config File for RCC
2025-07-28 15:15:54,444 [WARN] IPConfigManager:3811 - IP not found : NVIC
2025-07-28 15:15:54,444 [WARN] IPConfigManager:3811 - IP not found : TIM
2025-07-28 15:15:54,445 [WARN] CodeGenerator:4259 - IP not found : null
2025-07-28 15:15:54,445 [WARN] CodeGenerator:4259 - IP not found : null
2025-07-28 15:15:54,452 [INFO] CodeEngine:265 - oldGeneratedFile, C:\Users\nicks\STM32CubeIDE\workspace_1.19.0\AFR\AFR_SENSORS\CM7\Core\Inc\main.h_save
2025-07-28 15:15:54,509 [INFO] CodeEngine:289 - Generated code: C:\Users\nicks\STM32CubeIDE\workspace_1.19.0\AFR\AFR_SENSORS\CM7\Core\Inc\main.h
2025-07-28 15:15:54,516 [INFO] CodeEngine:265 - oldGeneratedFile, C:\Users\nicks\STM32CubeIDE\workspace_1.19.0\AFR\AFR_SENSORS\CM7\Core\Src\main.c_save
2025-07-28 15:15:54,627 [INFO] CodeEngine:289 - Generated code: C:\Users\nicks\STM32CubeIDE\workspace_1.19.0\AFR\AFR_SENSORS\CM7\Core\Src\main.c
2025-07-28 15:15:54,666 [INFO] CodeGenerator:1619 - *******************Project context M4 selected
2025-07-28 15:15:54,715 [INFO] CodeEngine:265 - oldGeneratedFile, C:\Users\nicks\STM32CubeIDE\workspace_1.19.0\AFR\AFR_SENSORS\MXTmpFiles\license.tmp_save
2025-07-28 15:15:54,762 [INFO] CodeEngine:289 - Generated code: C:\Users\nicks\STM32CubeIDE\workspace_1.19.0\AFR\AFR_SENSORS\MXTmpFiles\license.tmp
2025-07-28 15:15:54,773 [WARN] IPConfigManager:103 - WARNING: Missing Config File for NVIC2 ip!!
2025-07-28 15:15:54,781 [INFO] CodeEngine:265 - oldGeneratedFile, C:\Users\nicks\STM32CubeIDE\workspace_1.19.0\AFR\AFR_SENSORS\CM4\MXTmpFiles\cortex.tmp_save
2025-07-28 15:15:54,822 [INFO] CodeEngine:289 - Generated code: C:\Users\nicks\STM32CubeIDE\workspace_1.19.0\AFR\AFR_SENSORS\CM4\MXTmpFiles\cortex.tmp
2025-07-28 15:15:54,851 [INFO] CodeEngine:265 - oldGeneratedFile, C:\Users\nicks\STM32CubeIDE\workspace_1.19.0\AFR\AFR_SENSORS\CM4\Core\Inc\stm32h7xx_nucleo_conf.h_save
2025-07-28 15:15:54,893 [INFO] CodeEngine:289 - Generated code: C:\Users\nicks\STM32CubeIDE\workspace_1.19.0\AFR\AFR_SENSORS\CM4\Core\Inc\stm32h7xx_nucleo_conf.h
2025-07-28 15:15:54,898 [INFO] CodeEngine:265 - oldGeneratedFile, C:\Users\nicks\STM32CubeIDE\workspace_1.19.0\AFR\AFR_SENSORS\CM4\MXTmpFiles\bsp_inc.tmp_save
2025-07-28 15:15:54,937 [INFO] CodeEngine:289 - Generated code: C:\Users\nicks\STM32CubeIDE\workspace_1.19.0\AFR\AFR_SENSORS\CM4\MXTmpFiles\bsp_inc.tmp
2025-07-28 15:15:54,952 [INFO] CodeEngine:265 - oldGeneratedFile, C:\Users\nicks\STM32CubeIDE\workspace_1.19.0\AFR\AFR_SENSORS\CM4\Core\Src\stm32h7xx_it.c_save
2025-07-28 15:15:54,999 [INFO] CodeEngine:289 - Generated code: C:\Users\nicks\STM32CubeIDE\workspace_1.19.0\AFR\AFR_SENSORS\CM4\Core\Src\stm32h7xx_it.c
2025-07-28 15:15:55,005 [INFO] CodeEngine:265 - oldGeneratedFile, C:\Users\nicks\STM32CubeIDE\workspace_1.19.0\AFR\AFR_SENSORS\CM4\Core\Inc\stm32h7xx_it.h_save
2025-07-28 15:15:55,046 [INFO] CodeEngine:289 - Generated code: C:\Users\nicks\STM32CubeIDE\workspace_1.19.0\AFR\AFR_SENSORS\CM4\Core\Inc\stm32h7xx_it.h
2025-07-28 15:15:55,068 [INFO] CodeEngine:265 - oldGeneratedFile, C:\Users\nicks\STM32CubeIDE\workspace_1.19.0\AFR\AFR_SENSORS\CM4\Core\Src\stm32h7xx_hal_msp.c_save
2025-07-28 15:15:55,126 [INFO] CodeEngine:289 - Generated code: C:\Users\nicks\STM32CubeIDE\workspace_1.19.0\AFR\AFR_SENSORS\CM4\Core\Src\stm32h7xx_hal_msp.c
2025-07-28 15:15:55,130 [INFO] CodeEngine:265 - oldGeneratedFile, C:\Users\nicks\STM32CubeIDE\workspace_1.19.0\AFR\AFR_SENSORS\CM4\MXTmpFiles\system.tmp_save
2025-07-28 15:15:55,168 [INFO] CodeEngine:289 - Generated code: C:\Users\nicks\STM32CubeIDE\workspace_1.19.0\AFR\AFR_SENSORS\CM4\MXTmpFiles\system.tmp
2025-07-28 15:15:55,179 [INFO] CodeEngine:321 - oldGeneratedFile, C:\Users\nicks\STM32CubeIDE\workspace_1.19.0\AFR\AFR_SENSORS\CM4\Core\Inc\stm32h7xx_hal_conf.h_save
2025-07-28 15:15:55,225 [INFO] CodeEngine:345 - Generated code: C:\Users\nicks\STM32CubeIDE\workspace_1.19.0\AFR\AFR_SENSORS\CM4\Core\Inc\stm32h7xx_hal_conf.h
2025-07-28 15:15:55,235 [WARN] IPConfigManager:3811 - IP not found : NVIC
2025-07-28 15:15:55,236 [WARN] CodeGenerator:4259 - IP not found : null
2025-07-28 15:15:55,242 [INFO] CodeEngine:265 - oldGeneratedFile, C:\Users\nicks\STM32CubeIDE\workspace_1.19.0\AFR\AFR_SENSORS\CM4\Core\Inc\main.h_save
2025-07-28 15:15:55,291 [INFO] CodeEngine:289 - Generated code: C:\Users\nicks\STM32CubeIDE\workspace_1.19.0\AFR\AFR_SENSORS\CM4\Core\Inc\main.h
2025-07-28 15:15:55,296 [INFO] CodeEngine:265 - oldGeneratedFile, C:\Users\nicks\STM32CubeIDE\workspace_1.19.0\AFR\AFR_SENSORS\CM4\Core\Src\main.c_save
2025-07-28 15:15:55,355 [INFO] CodeEngine:289 - Generated code: C:\Users\nicks\STM32CubeIDE\workspace_1.19.0\AFR\AFR_SENSORS\CM4\Core\Src\main.c
2025-07-28 15:15:55,802 [INFO] ProjectBuilder:3606 - Time for Copy HAL[1] : 285mS.
2025-07-28 15:15:55,819 [INFO] ProjectBuilder:5216 - Project Generator version: 4.7.0-B52
2025-07-28 15:15:55,875 [INFO] ConfigFileManager:1595 - The Die is : DIE450
2025-07-28 15:15:56,542 [INFO] LogOutputStream:77 - [STDOUT_REDIRECT] 
2025-07-28 15:16:01,072 [INFO] ProjectBuilder:5496 - Time for Generating toolchain IDE Files: 5252mS.
2025-07-28 15:16:01,073 [INFO] ProjectBuilder:3463 - Time for Copy CMSIS : 1mS.
2025-07-28 15:16:01,078 [INFO] ProjectBuilder:3463 - Time for Copy CMSIS : 0mS.
2025-07-28 15:18:09,779 [INFO] Gpio:278 - dependency for GPIO [I2C2, TIM1, USART2]
2025-07-28 15:18:11,218 [INFO] NvicIntPanel:101 - NVIC parent = com.st.microxplorer.plugins.ip.nvic.MultiNvicIntPanel[,2,46,424x384,layout=javax.swing.BoxLayout,alignmentX=0.0,alignmentY=0.0,border=,flags=9,maximumSize=,minimumSize=,preferredSize=]
2025-07-28 15:18:11,221 [INFO] NvicIntPanel:101 - NVIC parent = com.st.microxplorer.plugins.ip.nvic.MultiNvicIntPanel[,2,46,424x384,invalid,layout=javax.swing.BoxLayout,alignmentX=0.0,alignmentY=0.0,border=,flags=9,maximumSize=,minimumSize=,preferredSize=]
2025-07-28 15:18:13,400 [INFO] UtilMem:75 - End SaveConfig() Used Memory: 899810288 Bytes (1073741824)
2025-07-28 15:18:13,881 [INFO] UtilMem:75 - End SaveConfig() Used Memory: 940549104 Bytes (1073741824)
2025-07-28 15:18:15,082 [INFO] BlockDiagram:2775 - set Specific Code input for plugin: FREERTOS
2025-07-28 15:18:15,082 [INFO] BlockDiagram:2775 - set Specific Code input for plugin: RCC
2025-07-28 15:18:15,082 [INFO] BlockDiagram:2775 - set Specific Code input for plugin: I2C
2025-07-28 15:18:15,082 [INFO] BlockDiagram:2775 - set Specific Code input for plugin: USART
2025-07-28 15:18:15,082 [INFO] BlockDiagram:2775 - set Specific Code input for plugin: TIM1_8H7
2025-07-28 15:18:15,082 [INFO] BlockDiagram:2775 - set Specific Code input for plugin: SYS
2025-07-28 15:18:15,082 [INFO] BlockDiagram:2775 - set Specific Code input for plugin: NVIC2
2025-07-28 15:18:15,083 [INFO] BlockDiagram:2775 - set Specific Code input for plugin: GPIO
2025-07-28 15:18:15,083 [INFO] BlockDiagram:2775 - set Specific Code input for plugin: SYS_M4
2025-07-28 15:18:15,083 [INFO] BlockDiagram:2775 - set Specific Code input for plugin: NUCLEO-H755ZI-Q
2025-07-28 15:18:15,083 [INFO] BlockDiagram:2775 - set Specific Code input for plugin: NVIC1
2025-07-28 15:18:15,083 [INFO] CodeGenerator:892 - code generatio: config db path: C:\ST\STM32CubeIDE_1.19.0\STM32CubeIDE\plugins\com.st.stm32cube.common.mx_6.15.0.202507011659\\db\
2025-07-28 15:18:15,130 [ERROR] CodeGenerator:10662 - The current RTOS owner has not been found in the list of IPs
2025-07-28 15:18:15,131 [INFO] CodeGenerator:1619 - *******************Project context M7 selected
2025-07-28 15:18:15,174 [INFO] CodeEngine:265 - oldGeneratedFile, C:\Users\nicks\STM32CubeIDE\workspace_1.19.0\AFR\AFR_SENSORS\MXTmpFiles\license.tmp_save
2025-07-28 15:18:15,219 [ERROR] IocParser:95 - Exception caught: Cannot invoke "java.lang.CharSequence.length()" because "this.text" is null
2025-07-28 15:18:15,286 [INFO] CodeEngine:289 - Generated code: C:\Users\nicks\STM32CubeIDE\workspace_1.19.0\AFR\AFR_SENSORS\MXTmpFiles\license.tmp
2025-07-28 15:18:15,356 [INFO] CodeEngine:265 - oldGeneratedFile, C:\Users\nicks\STM32CubeIDE\workspace_1.19.0\AFR\AFR_SENSORS\CM7\MXTmpFiles\gpio.tmp_save
2025-07-28 15:18:15,417 [INFO] CodeEngine:289 - Generated code: C:\Users\nicks\STM32CubeIDE\workspace_1.19.0\AFR\AFR_SENSORS\CM7\MXTmpFiles\gpio.tmp
2025-07-28 15:18:15,627 [WARN] IPConfigManager:103 - WARNING: Missing Config File for NVIC1 ip!!
2025-07-28 15:18:15,819 [ERROR] CodeGenerator:10662 - The current RTOS owner has not been found in the list of IPs
2025-07-28 15:18:15,825 [INFO] CodeEngine:265 - oldGeneratedFile, C:\Users\nicks\STM32CubeIDE\workspace_1.19.0\AFR\AFR_SENSORS\CM7\MXTmpFiles\cortex.tmp_save
2025-07-28 15:18:15,880 [INFO] CodeEngine:289 - Generated code: C:\Users\nicks\STM32CubeIDE\workspace_1.19.0\AFR\AFR_SENSORS\CM7\MXTmpFiles\cortex.tmp
2025-07-28 15:18:15,892 [INFO] Middleware:1452 - No code input for Bsp Dependency
2025-07-28 15:18:15,898 [INFO] CodeEngine:265 - oldGeneratedFile, C:\Users\nicks\STM32CubeIDE\workspace_1.19.0\AFR\AFR_SENSORS\CM7\MXTmpFiles\rtos_inc.tmp_save
2025-07-28 15:18:15,937 [INFO] CodeEngine:289 - Generated code: C:\Users\nicks\STM32CubeIDE\workspace_1.19.0\AFR\AFR_SENSORS\CM7\MXTmpFiles\rtos_inc.tmp
2025-07-28 15:18:15,942 [INFO] CodeEngine:265 - oldGeneratedFile, C:\Users\nicks\STM32CubeIDE\workspace_1.19.0\AFR\AFR_SENSORS\CM7\MXTmpFiles\rtos_kernelInit.tmp_save
2025-07-28 15:18:15,984 [INFO] CodeEngine:289 - Generated code: C:\Users\nicks\STM32CubeIDE\workspace_1.19.0\AFR\AFR_SENSORS\CM7\MXTmpFiles\rtos_kernelInit.tmp
2025-07-28 15:18:15,988 [INFO] CodeEngine:265 - oldGeneratedFile, C:\Users\nicks\STM32CubeIDE\workspace_1.19.0\AFR\AFR_SENSORS\CM7\MXTmpFiles\rtos_kernelStart.tmp_save
2025-07-28 15:18:16,030 [INFO] CodeEngine:289 - Generated code: C:\Users\nicks\STM32CubeIDE\workspace_1.19.0\AFR\AFR_SENSORS\CM7\MXTmpFiles\rtos_kernelStart.tmp
2025-07-28 15:18:16,035 [INFO] CodeEngine:265 - oldGeneratedFile, C:\Users\nicks\STM32CubeIDE\workspace_1.19.0\AFR\AFR_SENSORS\CM7\MXTmpFiles\rtos_typedefs.tmp_save
2025-07-28 15:18:16,074 [INFO] CodeEngine:289 - Generated code: C:\Users\nicks\STM32CubeIDE\workspace_1.19.0\AFR\AFR_SENSORS\CM7\MXTmpFiles\rtos_typedefs.tmp
2025-07-28 15:18:16,079 [INFO] CodeEngine:265 - oldGeneratedFile, C:\Users\nicks\STM32CubeIDE\workspace_1.19.0\AFR\AFR_SENSORS\CM7\MXTmpFiles\rtos_vars.tmp_save
2025-07-28 15:18:16,121 [INFO] CodeEngine:289 - Generated code: C:\Users\nicks\STM32CubeIDE\workspace_1.19.0\AFR\AFR_SENSORS\CM7\MXTmpFiles\rtos_vars.tmp
2025-07-28 15:18:16,125 [INFO] CodeEngine:265 - oldGeneratedFile, C:\Users\nicks\STM32CubeIDE\workspace_1.19.0\AFR\AFR_SENSORS\CM7\MXTmpFiles\rtos_pfp.tmp_save
2025-07-28 15:18:16,164 [INFO] CodeEngine:289 - Generated code: C:\Users\nicks\STM32CubeIDE\workspace_1.19.0\AFR\AFR_SENSORS\CM7\MXTmpFiles\rtos_pfp.tmp
2025-07-28 15:18:16,168 [INFO] CodeEngine:265 - oldGeneratedFile, C:\Users\nicks\STM32CubeIDE\workspace_1.19.0\AFR\AFR_SENSORS\CM7\MXTmpFiles\rtos_obj_creat.tmp_save
2025-07-28 15:18:16,209 [INFO] CodeEngine:289 - Generated code: C:\Users\nicks\STM32CubeIDE\workspace_1.19.0\AFR\AFR_SENSORS\CM7\MXTmpFiles\rtos_obj_creat.tmp
2025-07-28 15:18:16,214 [INFO] CodeEngine:265 - oldGeneratedFile, C:\Users\nicks\STM32CubeIDE\workspace_1.19.0\AFR\AFR_SENSORS\CM7\MXTmpFiles\rtos_default_thread.tmp_save
2025-07-28 15:18:16,253 [INFO] CodeEngine:289 - Generated code: C:\Users\nicks\STM32CubeIDE\workspace_1.19.0\AFR\AFR_SENSORS\CM7\MXTmpFiles\rtos_default_thread.tmp
2025-07-28 15:18:16,258 [INFO] CodeEngine:265 - oldGeneratedFile, C:\Users\nicks\STM32CubeIDE\workspace_1.19.0\AFR\AFR_SENSORS\CM7\MXTmpFiles\rtos_threads.tmp_save
2025-07-28 15:18:16,299 [INFO] CodeEngine:289 - Generated code: C:\Users\nicks\STM32CubeIDE\workspace_1.19.0\AFR\AFR_SENSORS\CM7\MXTmpFiles\rtos_threads.tmp
2025-07-28 15:18:16,305 [INFO] CodeEngine:265 - oldGeneratedFile, C:\Users\nicks\STM32CubeIDE\workspace_1.19.0\AFR\AFR_SENSORS\CM7\Core\Inc\FreeRTOSConfig.h_save
2025-07-28 15:18:16,357 [INFO] CodeEngine:289 - Generated code: C:\Users\nicks\STM32CubeIDE\workspace_1.19.0\AFR\AFR_SENSORS\CM7\Core\Inc\FreeRTOSConfig.h
2025-07-28 15:18:16,363 [INFO] CodeEngine:265 - oldGeneratedFile, C:\Users\nicks\STM32CubeIDE\workspace_1.19.0\AFR\AFR_SENSORS\CM7\Core\Src\freertos.c_save
2025-07-28 15:18:16,409 [INFO] CodeEngine:289 - Generated code: C:\Users\nicks\STM32CubeIDE\workspace_1.19.0\AFR\AFR_SENSORS\CM7\Core\Src\freertos.c
2025-07-28 15:18:16,438 [INFO] CodeEngine:265 - oldGeneratedFile, C:\Users\nicks\STM32CubeIDE\workspace_1.19.0\AFR\AFR_SENSORS\CM7\Core\Inc\stm32h7xx_nucleo_conf.h_save
2025-07-28 15:18:16,481 [INFO] CodeEngine:289 - Generated code: C:\Users\nicks\STM32CubeIDE\workspace_1.19.0\AFR\AFR_SENSORS\CM7\Core\Inc\stm32h7xx_nucleo_conf.h
2025-07-28 15:18:16,485 [INFO] CodeEngine:265 - oldGeneratedFile, C:\Users\nicks\STM32CubeIDE\workspace_1.19.0\AFR\AFR_SENSORS\CM7\MXTmpFiles\bsp_inc.tmp_save
2025-07-28 15:18:16,524 [INFO] CodeEngine:289 - Generated code: C:\Users\nicks\STM32CubeIDE\workspace_1.19.0\AFR\AFR_SENSORS\CM7\MXTmpFiles\bsp_inc.tmp
2025-07-28 15:18:16,529 [INFO] CodeEngine:265 - oldGeneratedFile, C:\Users\nicks\STM32CubeIDE\workspace_1.19.0\AFR\AFR_SENSORS\CM7\MXTmpFiles\bsp_common_vars.tmp_save
2025-07-28 15:18:16,567 [INFO] CodeEngine:289 - Generated code: C:\Users\nicks\STM32CubeIDE\workspace_1.19.0\AFR\AFR_SENSORS\CM7\MXTmpFiles\bsp_common_vars.tmp
2025-07-28 15:18:16,571 [INFO] CodeEngine:265 - oldGeneratedFile, C:\Users\nicks\STM32CubeIDE\workspace_1.19.0\AFR\AFR_SENSORS\CM7\MXTmpFiles\bsp_common_init.tmp_save
2025-07-28 15:18:16,610 [INFO] CodeEngine:289 - Generated code: C:\Users\nicks\STM32CubeIDE\workspace_1.19.0\AFR\AFR_SENSORS\CM7\MXTmpFiles\bsp_common_init.tmp
2025-07-28 15:18:16,615 [INFO] CodeEngine:265 - oldGeneratedFile, C:\Users\nicks\STM32CubeIDE\workspace_1.19.0\AFR\AFR_SENSORS\CM7\MXTmpFiles\bsp_common_demo_before_while.tmp_save
2025-07-28 15:18:16,653 [INFO] CodeEngine:289 - Generated code: C:\Users\nicks\STM32CubeIDE\workspace_1.19.0\AFR\AFR_SENSORS\CM7\MXTmpFiles\bsp_common_demo_before_while.tmp
2025-07-28 15:18:16,657 [INFO] CodeEngine:265 - oldGeneratedFile, C:\Users\nicks\STM32CubeIDE\workspace_1.19.0\AFR\AFR_SENSORS\CM7\MXTmpFiles\bsp_common_demo_inside_while.tmp_save
2025-07-28 15:18:16,695 [INFO] CodeEngine:289 - Generated code: C:\Users\nicks\STM32CubeIDE\workspace_1.19.0\AFR\AFR_SENSORS\CM7\MXTmpFiles\bsp_common_demo_inside_while.tmp
2025-07-28 15:18:16,700 [INFO] CodeEngine:265 - oldGeneratedFile, C:\Users\nicks\STM32CubeIDE\workspace_1.19.0\AFR\AFR_SENSORS\CM7\MXTmpFiles\bsp_common_demo_fct.tmp_save
2025-07-28 15:18:16,737 [INFO] CodeEngine:289 - Generated code: C:\Users\nicks\STM32CubeIDE\workspace_1.19.0\AFR\AFR_SENSORS\CM7\MXTmpFiles\bsp_common_demo_fct.tmp
2025-07-28 15:18:16,754 [INFO] CodeEngine:265 - oldGeneratedFile, C:\Users\nicks\STM32CubeIDE\workspace_1.19.0\AFR\AFR_SENSORS\CM7\Core\Src\stm32h7xx_it.c_save
2025-07-28 15:18:16,812 [INFO] CodeEngine:289 - Generated code: C:\Users\nicks\STM32CubeIDE\workspace_1.19.0\AFR\AFR_SENSORS\CM7\Core\Src\stm32h7xx_it.c
2025-07-28 15:18:16,818 [INFO] CodeEngine:265 - oldGeneratedFile, C:\Users\nicks\STM32CubeIDE\workspace_1.19.0\AFR\AFR_SENSORS\CM7\Core\Inc\stm32h7xx_it.h_save
2025-07-28 15:18:16,861 [INFO] CodeEngine:289 - Generated code: C:\Users\nicks\STM32CubeIDE\workspace_1.19.0\AFR\AFR_SENSORS\CM7\Core\Inc\stm32h7xx_it.h
2025-07-28 15:18:16,945 [INFO] CodeEngine:265 - oldGeneratedFile, C:\Users\nicks\STM32CubeIDE\workspace_1.19.0\AFR\AFR_SENSORS\CM7\Core\Src\stm32h7xx_hal_msp.c_save
2025-07-28 15:18:17,011 [INFO] CodeEngine:289 - Generated code: C:\Users\nicks\STM32CubeIDE\workspace_1.19.0\AFR\AFR_SENSORS\CM7\Core\Src\stm32h7xx_hal_msp.c
2025-07-28 15:18:17,016 [INFO] CodeEngine:265 - oldGeneratedFile, C:\Users\nicks\STM32CubeIDE\workspace_1.19.0\AFR\AFR_SENSORS\CM7\MXTmpFiles\system.tmp_save
2025-07-28 15:18:17,055 [INFO] CodeEngine:289 - Generated code: C:\Users\nicks\STM32CubeIDE\workspace_1.19.0\AFR\AFR_SENSORS\CM7\MXTmpFiles\system.tmp
2025-07-28 15:18:17,065 [INFO] CodeEngine:321 - oldGeneratedFile, C:\Users\nicks\STM32CubeIDE\workspace_1.19.0\AFR\AFR_SENSORS\CM7\Core\Inc\stm32h7xx_hal_conf.h_save
2025-07-28 15:18:17,111 [INFO] CodeEngine:345 - Generated code: C:\Users\nicks\STM32CubeIDE\workspace_1.19.0\AFR\AFR_SENSORS\CM7\Core\Inc\stm32h7xx_hal_conf.h
2025-07-28 15:18:17,131 [WARN] IPConfigManager:3811 - IP not found : NVIC
2025-07-28 15:18:17,131 [WARN] IPConfigManager:3811 - IP not found : TIM
2025-07-28 15:18:17,132 [WARN] CodeGenerator:4259 - IP not found : null
2025-07-28 15:18:17,132 [WARN] CodeGenerator:4259 - IP not found : null
2025-07-28 15:18:17,139 [INFO] CodeEngine:265 - oldGeneratedFile, C:\Users\nicks\STM32CubeIDE\workspace_1.19.0\AFR\AFR_SENSORS\CM7\Core\Inc\main.h_save
2025-07-28 15:18:17,186 [INFO] CodeEngine:289 - Generated code: C:\Users\nicks\STM32CubeIDE\workspace_1.19.0\AFR\AFR_SENSORS\CM7\Core\Inc\main.h
2025-07-28 15:18:17,192 [INFO] CodeEngine:265 - oldGeneratedFile, C:\Users\nicks\STM32CubeIDE\workspace_1.19.0\AFR\AFR_SENSORS\CM7\Core\Src\main.c_save
2025-07-28 15:18:17,284 [INFO] CodeEngine:289 - Generated code: C:\Users\nicks\STM32CubeIDE\workspace_1.19.0\AFR\AFR_SENSORS\CM7\Core\Src\main.c
2025-07-28 15:18:17,320 [INFO] CodeGenerator:1619 - *******************Project context M4 selected
2025-07-28 15:18:17,363 [INFO] CodeEngine:265 - oldGeneratedFile, C:\Users\nicks\STM32CubeIDE\workspace_1.19.0\AFR\AFR_SENSORS\MXTmpFiles\license.tmp_save
2025-07-28 15:18:17,403 [INFO] CodeEngine:289 - Generated code: C:\Users\nicks\STM32CubeIDE\workspace_1.19.0\AFR\AFR_SENSORS\MXTmpFiles\license.tmp
2025-07-28 15:18:17,411 [WARN] IPConfigManager:103 - WARNING: Missing Config File for NVIC2 ip!!
2025-07-28 15:18:17,421 [INFO] CodeEngine:265 - oldGeneratedFile, C:\Users\nicks\STM32CubeIDE\workspace_1.19.0\AFR\AFR_SENSORS\CM4\MXTmpFiles\cortex.tmp_save
2025-07-28 15:18:17,459 [INFO] CodeEngine:289 - Generated code: C:\Users\nicks\STM32CubeIDE\workspace_1.19.0\AFR\AFR_SENSORS\CM4\MXTmpFiles\cortex.tmp
2025-07-28 15:18:17,486 [INFO] CodeEngine:265 - oldGeneratedFile, C:\Users\nicks\STM32CubeIDE\workspace_1.19.0\AFR\AFR_SENSORS\CM4\Core\Inc\stm32h7xx_nucleo_conf.h_save
2025-07-28 15:18:17,526 [INFO] CodeEngine:289 - Generated code: C:\Users\nicks\STM32CubeIDE\workspace_1.19.0\AFR\AFR_SENSORS\CM4\Core\Inc\stm32h7xx_nucleo_conf.h
2025-07-28 15:18:17,531 [INFO] CodeEngine:265 - oldGeneratedFile, C:\Users\nicks\STM32CubeIDE\workspace_1.19.0\AFR\AFR_SENSORS\CM4\MXTmpFiles\bsp_inc.tmp_save
2025-07-28 15:18:17,568 [INFO] CodeEngine:289 - Generated code: C:\Users\nicks\STM32CubeIDE\workspace_1.19.0\AFR\AFR_SENSORS\CM4\MXTmpFiles\bsp_inc.tmp
2025-07-28 15:18:17,583 [INFO] CodeEngine:265 - oldGeneratedFile, C:\Users\nicks\STM32CubeIDE\workspace_1.19.0\AFR\AFR_SENSORS\CM4\Core\Src\stm32h7xx_it.c_save
2025-07-28 15:18:17,627 [INFO] CodeEngine:289 - Generated code: C:\Users\nicks\STM32CubeIDE\workspace_1.19.0\AFR\AFR_SENSORS\CM4\Core\Src\stm32h7xx_it.c
2025-07-28 15:18:17,633 [INFO] CodeEngine:265 - oldGeneratedFile, C:\Users\nicks\STM32CubeIDE\workspace_1.19.0\AFR\AFR_SENSORS\CM4\Core\Inc\stm32h7xx_it.h_save
2025-07-28 15:18:17,676 [INFO] CodeEngine:289 - Generated code: C:\Users\nicks\STM32CubeIDE\workspace_1.19.0\AFR\AFR_SENSORS\CM4\Core\Inc\stm32h7xx_it.h
2025-07-28 15:18:17,696 [INFO] CodeEngine:265 - oldGeneratedFile, C:\Users\nicks\STM32CubeIDE\workspace_1.19.0\AFR\AFR_SENSORS\CM4\Core\Src\stm32h7xx_hal_msp.c_save
2025-07-28 15:18:17,752 [INFO] CodeEngine:289 - Generated code: C:\Users\nicks\STM32CubeIDE\workspace_1.19.0\AFR\AFR_SENSORS\CM4\Core\Src\stm32h7xx_hal_msp.c
2025-07-28 15:18:17,756 [INFO] CodeEngine:265 - oldGeneratedFile, C:\Users\nicks\STM32CubeIDE\workspace_1.19.0\AFR\AFR_SENSORS\CM4\MXTmpFiles\system.tmp_save
2025-07-28 15:18:17,794 [INFO] CodeEngine:289 - Generated code: C:\Users\nicks\STM32CubeIDE\workspace_1.19.0\AFR\AFR_SENSORS\CM4\MXTmpFiles\system.tmp
2025-07-28 15:18:17,804 [INFO] CodeEngine:321 - oldGeneratedFile, C:\Users\nicks\STM32CubeIDE\workspace_1.19.0\AFR\AFR_SENSORS\CM4\Core\Inc\stm32h7xx_hal_conf.h_save
2025-07-28 15:18:17,856 [INFO] CodeEngine:345 - Generated code: C:\Users\nicks\STM32CubeIDE\workspace_1.19.0\AFR\AFR_SENSORS\CM4\Core\Inc\stm32h7xx_hal_conf.h
2025-07-28 15:18:17,865 [WARN] IPConfigManager:3811 - IP not found : NVIC
2025-07-28 15:18:17,866 [WARN] CodeGenerator:4259 - IP not found : null
2025-07-28 15:18:17,873 [INFO] CodeEngine:265 - oldGeneratedFile, C:\Users\nicks\STM32CubeIDE\workspace_1.19.0\AFR\AFR_SENSORS\CM4\Core\Inc\main.h_save
2025-07-28 15:18:17,918 [INFO] CodeEngine:289 - Generated code: C:\Users\nicks\STM32CubeIDE\workspace_1.19.0\AFR\AFR_SENSORS\CM4\Core\Inc\main.h
2025-07-28 15:18:17,923 [INFO] CodeEngine:265 - oldGeneratedFile, C:\Users\nicks\STM32CubeIDE\workspace_1.19.0\AFR\AFR_SENSORS\CM4\Core\Src\main.c_save
2025-07-28 15:18:17,982 [INFO] CodeEngine:289 - Generated code: C:\Users\nicks\STM32CubeIDE\workspace_1.19.0\AFR\AFR_SENSORS\CM4\Core\Src\main.c
2025-07-28 15:18:18,423 [INFO] ProjectBuilder:3606 - Time for Copy HAL[1] : 227mS.
2025-07-28 15:18:18,436 [INFO] ProjectBuilder:5216 - Project Generator version: 4.7.0-B52
2025-07-28 15:18:18,493 [INFO] ConfigFileManager:1595 - The Die is : DIE450
2025-07-28 15:18:23,127 [INFO] ProjectBuilder:5496 - Time for Generating toolchain IDE Files: 4691mS.
2025-07-28 15:18:23,128 [INFO] ProjectBuilder:3463 - Time for Copy CMSIS : 0mS.
2025-07-28 15:18:23,133 [INFO] ProjectBuilder:3463 - Time for Copy CMSIS : 0mS.
2025-07-28 15:18:39,469 [INFO] Gpio:278 - dependency for GPIO [I2C2, TIM1, USART2]
2025-07-28 15:18:39,549 [INFO] NvicIntPanel:101 - NVIC parent = com.st.microxplorer.plugins.ip.nvic.MultiNvicIntPanel[,0,0,0x0,invalid,layout=javax.swing.BoxLayout,alignmentX=0.0,alignmentY=0.0,border=,flags=9,maximumSize=,minimumSize=,preferredSize=]
2025-07-28 15:18:39,563 [INFO] NvicIntPanel:101 - NVIC parent = com.st.microxplorer.plugins.ip.nvic.MultiNvicIntPanel[,0,0,0x0,invalid,layout=javax.swing.BoxLayout,alignmentX=0.0,alignmentY=0.0,border=,flags=9,maximumSize=,minimumSize=,preferredSize=]
2025-07-28 15:18:40,011 [INFO] Gpio:278 - dependency for GPIO [I2C2, TIM1, USART2]
2025-07-28 15:18:40,068 [INFO] NvicIntPanel:101 - NVIC parent = com.st.microxplorer.plugins.ip.nvic.MultiNvicIntPanel[,0,0,0x0,invalid,layout=javax.swing.BoxLayout,alignmentX=0.0,alignmentY=0.0,border=,flags=9,maximumSize=,minimumSize=,preferredSize=]
2025-07-28 15:18:40,075 [INFO] NvicIntPanel:101 - NVIC parent = com.st.microxplorer.plugins.ip.nvic.MultiNvicIntPanel[,0,0,0x0,invalid,layout=javax.swing.BoxLayout,alignmentX=0.0,alignmentY=0.0,border=,flags=9,maximumSize=,minimumSize=,preferredSize=]
2025-07-28 15:18:51,044 [INFO] Gpio:278 - dependency for GPIO [I2C2, TIM1, USART2]
2025-07-28 15:18:51,116 [INFO] NvicIntPanel:101 - NVIC parent = com.st.microxplorer.plugins.ip.nvic.MultiNvicIntPanel[,0,0,0x0,invalid,layout=javax.swing.BoxLayout,alignmentX=0.0,alignmentY=0.0,border=,flags=9,maximumSize=,minimumSize=,preferredSize=]
2025-07-28 15:18:51,124 [INFO] NvicIntPanel:101 - NVIC parent = com.st.microxplorer.plugins.ip.nvic.MultiNvicIntPanel[,0,0,0x0,invalid,layout=javax.swing.BoxLayout,alignmentX=0.0,alignmentY=0.0,border=,flags=9,maximumSize=,minimumSize=,preferredSize=]
2025-07-28 15:18:51,508 [INFO] Gpio:278 - dependency for GPIO [I2C2, TIM1, USART2]
2025-07-28 15:18:51,560 [INFO] NvicIntPanel:101 - NVIC parent = com.st.microxplorer.plugins.ip.nvic.MultiNvicIntPanel[,0,0,0x0,invalid,layout=javax.swing.BoxLayout,alignmentX=0.0,alignmentY=0.0,border=,flags=9,maximumSize=,minimumSize=,preferredSize=]
2025-07-28 15:18:51,566 [INFO] NvicIntPanel:101 - NVIC parent = com.st.microxplorer.plugins.ip.nvic.MultiNvicIntPanel[,0,0,0x0,invalid,layout=javax.swing.BoxLayout,alignmentX=0.0,alignmentY=0.0,border=,flags=9,maximumSize=,minimumSize=,preferredSize=]
2025-07-28 15:18:54,309 [INFO] Gpio:278 - dependency for GPIO [I2C2, TIM1, USART2]
2025-07-28 15:18:56,546 [INFO] Gpio:278 - dependency for GPIO [I2C2, TIM1, USART2]
2025-07-28 15:19:11,733 [INFO] UtilMem:75 - End SaveConfig() Used Memory: 636266688 Bytes (1073741824)
2025-07-28 15:19:11,840 [INFO] UtilMem:75 - End SaveConfig() Used Memory: 656168144 Bytes (1073741824)
2025-07-28 15:19:12,513 [INFO] UtilMem:75 - End SaveConfig() Used Memory: 710164456 Bytes (1073741824)
2025-07-28 15:19:13,540 [ERROR] IocParser:95 - Exception caught: Cannot invoke "java.lang.CharSequence.length()" because "this.text" is null
2025-07-28 15:19:14,133 [INFO] BlockDiagram:2775 - set Specific Code input for plugin: FREERTOS
2025-07-28 15:19:14,133 [INFO] BlockDiagram:2775 - set Specific Code input for plugin: RCC
2025-07-28 15:19:14,133 [INFO] BlockDiagram:2775 - set Specific Code input for plugin: I2C
2025-07-28 15:19:14,134 [INFO] BlockDiagram:2775 - set Specific Code input for plugin: USART
2025-07-28 15:19:14,134 [INFO] BlockDiagram:2775 - set Specific Code input for plugin: TIM1_8H7
2025-07-28 15:19:14,134 [INFO] BlockDiagram:2775 - set Specific Code input for plugin: SYS
2025-07-28 15:19:14,134 [INFO] BlockDiagram:2775 - set Specific Code input for plugin: NVIC2
2025-07-28 15:19:14,134 [INFO] BlockDiagram:2775 - set Specific Code input for plugin: GPIO
2025-07-28 15:19:14,134 [INFO] BlockDiagram:2775 - set Specific Code input for plugin: SYS_M4
2025-07-28 15:19:14,134 [INFO] BlockDiagram:2775 - set Specific Code input for plugin: NUCLEO-H755ZI-Q
2025-07-28 15:19:14,134 [INFO] BlockDiagram:2775 - set Specific Code input for plugin: NVIC1
2025-07-28 15:19:14,135 [INFO] CodeGenerator:892 - code generatio: config db path: C:\ST\STM32CubeIDE_1.19.0\STM32CubeIDE\plugins\com.st.stm32cube.common.mx_6.15.0.202507011659\\db\
2025-07-28 15:19:14,180 [ERROR] CodeGenerator:10662 - The current RTOS owner has not been found in the list of IPs
2025-07-28 15:19:14,180 [INFO] CodeGenerator:1619 - *******************Project context M7 selected
2025-07-28 15:19:14,226 [INFO] CodeEngine:265 - oldGeneratedFile, C:\Users\nicks\STM32CubeIDE\workspace_1.19.0\AFR\AFR_SENSORS\MXTmpFiles\license.tmp_save
2025-07-28 15:19:14,343 [INFO] CodeEngine:289 - Generated code: C:\Users\nicks\STM32CubeIDE\workspace_1.19.0\AFR\AFR_SENSORS\MXTmpFiles\license.tmp
2025-07-28 15:19:14,421 [INFO] CodeEngine:265 - oldGeneratedFile, C:\Users\nicks\STM32CubeIDE\workspace_1.19.0\AFR\AFR_SENSORS\CM7\MXTmpFiles\gpio.tmp_save
2025-07-28 15:19:14,501 [INFO] CodeEngine:289 - Generated code: C:\Users\nicks\STM32CubeIDE\workspace_1.19.0\AFR\AFR_SENSORS\CM7\MXTmpFiles\gpio.tmp
2025-07-28 15:19:14,733 [WARN] IPConfigManager:103 - WARNING: Missing Config File for NVIC1 ip!!
2025-07-28 15:19:14,931 [ERROR] CodeGenerator:10662 - The current RTOS owner has not been found in the list of IPs
2025-07-28 15:19:14,937 [INFO] CodeEngine:265 - oldGeneratedFile, C:\Users\nicks\STM32CubeIDE\workspace_1.19.0\AFR\AFR_SENSORS\CM7\MXTmpFiles\cortex.tmp_save
2025-07-28 15:19:14,983 [INFO] CodeEngine:289 - Generated code: C:\Users\nicks\STM32CubeIDE\workspace_1.19.0\AFR\AFR_SENSORS\CM7\MXTmpFiles\cortex.tmp
2025-07-28 15:19:14,996 [INFO] Middleware:1452 - No code input for Bsp Dependency
2025-07-28 15:19:15,003 [INFO] CodeEngine:265 - oldGeneratedFile, C:\Users\nicks\STM32CubeIDE\workspace_1.19.0\AFR\AFR_SENSORS\CM7\MXTmpFiles\rtos_inc.tmp_save
2025-07-28 15:19:15,044 [INFO] CodeEngine:289 - Generated code: C:\Users\nicks\STM32CubeIDE\workspace_1.19.0\AFR\AFR_SENSORS\CM7\MXTmpFiles\rtos_inc.tmp
2025-07-28 15:19:15,049 [INFO] CodeEngine:265 - oldGeneratedFile, C:\Users\nicks\STM32CubeIDE\workspace_1.19.0\AFR\AFR_SENSORS\CM7\MXTmpFiles\rtos_kernelInit.tmp_save
2025-07-28 15:19:15,090 [INFO] CodeEngine:289 - Generated code: C:\Users\nicks\STM32CubeIDE\workspace_1.19.0\AFR\AFR_SENSORS\CM7\MXTmpFiles\rtos_kernelInit.tmp
2025-07-28 15:19:15,095 [INFO] CodeEngine:265 - oldGeneratedFile, C:\Users\nicks\STM32CubeIDE\workspace_1.19.0\AFR\AFR_SENSORS\CM7\MXTmpFiles\rtos_kernelStart.tmp_save
2025-07-28 15:19:15,136 [INFO] CodeEngine:289 - Generated code: C:\Users\nicks\STM32CubeIDE\workspace_1.19.0\AFR\AFR_SENSORS\CM7\MXTmpFiles\rtos_kernelStart.tmp
2025-07-28 15:19:15,141 [INFO] CodeEngine:265 - oldGeneratedFile, C:\Users\nicks\STM32CubeIDE\workspace_1.19.0\AFR\AFR_SENSORS\CM7\MXTmpFiles\rtos_typedefs.tmp_save
2025-07-28 15:19:15,181 [INFO] CodeEngine:289 - Generated code: C:\Users\nicks\STM32CubeIDE\workspace_1.19.0\AFR\AFR_SENSORS\CM7\MXTmpFiles\rtos_typedefs.tmp
2025-07-28 15:19:15,185 [INFO] CodeEngine:265 - oldGeneratedFile, C:\Users\nicks\STM32CubeIDE\workspace_1.19.0\AFR\AFR_SENSORS\CM7\MXTmpFiles\rtos_vars.tmp_save
2025-07-28 15:19:15,226 [INFO] CodeEngine:289 - Generated code: C:\Users\nicks\STM32CubeIDE\workspace_1.19.0\AFR\AFR_SENSORS\CM7\MXTmpFiles\rtos_vars.tmp
2025-07-28 15:19:15,231 [INFO] CodeEngine:265 - oldGeneratedFile, C:\Users\nicks\STM32CubeIDE\workspace_1.19.0\AFR\AFR_SENSORS\CM7\MXTmpFiles\rtos_pfp.tmp_save
2025-07-28 15:19:15,270 [INFO] CodeEngine:289 - Generated code: C:\Users\nicks\STM32CubeIDE\workspace_1.19.0\AFR\AFR_SENSORS\CM7\MXTmpFiles\rtos_pfp.tmp
2025-07-28 15:19:15,275 [INFO] CodeEngine:265 - oldGeneratedFile, C:\Users\nicks\STM32CubeIDE\workspace_1.19.0\AFR\AFR_SENSORS\CM7\MXTmpFiles\rtos_obj_creat.tmp_save
2025-07-28 15:19:15,318 [INFO] CodeEngine:289 - Generated code: C:\Users\nicks\STM32CubeIDE\workspace_1.19.0\AFR\AFR_SENSORS\CM7\MXTmpFiles\rtos_obj_creat.tmp
2025-07-28 15:19:15,323 [INFO] CodeEngine:265 - oldGeneratedFile, C:\Users\nicks\STM32CubeIDE\workspace_1.19.0\AFR\AFR_SENSORS\CM7\MXTmpFiles\rtos_default_thread.tmp_save
2025-07-28 15:19:15,364 [INFO] CodeEngine:289 - Generated code: C:\Users\nicks\STM32CubeIDE\workspace_1.19.0\AFR\AFR_SENSORS\CM7\MXTmpFiles\rtos_default_thread.tmp
2025-07-28 15:19:15,368 [INFO] CodeEngine:265 - oldGeneratedFile, C:\Users\nicks\STM32CubeIDE\workspace_1.19.0\AFR\AFR_SENSORS\CM7\MXTmpFiles\rtos_threads.tmp_save
2025-07-28 15:19:15,409 [INFO] CodeEngine:289 - Generated code: C:\Users\nicks\STM32CubeIDE\workspace_1.19.0\AFR\AFR_SENSORS\CM7\MXTmpFiles\rtos_threads.tmp
2025-07-28 15:19:15,415 [INFO] CodeEngine:265 - oldGeneratedFile, C:\Users\nicks\STM32CubeIDE\workspace_1.19.0\AFR\AFR_SENSORS\CM7\Core\Inc\FreeRTOSConfig.h_save
2025-07-28 15:19:15,468 [INFO] CodeEngine:289 - Generated code: C:\Users\nicks\STM32CubeIDE\workspace_1.19.0\AFR\AFR_SENSORS\CM7\Core\Inc\FreeRTOSConfig.h
2025-07-28 15:19:15,475 [INFO] CodeEngine:265 - oldGeneratedFile, C:\Users\nicks\STM32CubeIDE\workspace_1.19.0\AFR\AFR_SENSORS\CM7\Core\Src\freertos.c_save
2025-07-28 15:19:15,520 [INFO] CodeEngine:289 - Generated code: C:\Users\nicks\STM32CubeIDE\workspace_1.19.0\AFR\AFR_SENSORS\CM7\Core\Src\freertos.c
2025-07-28 15:19:15,549 [INFO] CodeEngine:265 - oldGeneratedFile, C:\Users\nicks\STM32CubeIDE\workspace_1.19.0\AFR\AFR_SENSORS\CM7\Core\Inc\stm32h7xx_nucleo_conf.h_save
2025-07-28 15:19:15,590 [INFO] CodeEngine:289 - Generated code: C:\Users\nicks\STM32CubeIDE\workspace_1.19.0\AFR\AFR_SENSORS\CM7\Core\Inc\stm32h7xx_nucleo_conf.h
2025-07-28 15:19:15,594 [INFO] CodeEngine:265 - oldGeneratedFile, C:\Users\nicks\STM32CubeIDE\workspace_1.19.0\AFR\AFR_SENSORS\CM7\MXTmpFiles\bsp_inc.tmp_save
2025-07-28 15:19:15,633 [INFO] CodeEngine:289 - Generated code: C:\Users\nicks\STM32CubeIDE\workspace_1.19.0\AFR\AFR_SENSORS\CM7\MXTmpFiles\bsp_inc.tmp
2025-07-28 15:19:15,638 [INFO] CodeEngine:265 - oldGeneratedFile, C:\Users\nicks\STM32CubeIDE\workspace_1.19.0\AFR\AFR_SENSORS\CM7\MXTmpFiles\bsp_common_vars.tmp_save
2025-07-28 15:19:15,688 [INFO] CodeEngine:289 - Generated code: C:\Users\nicks\STM32CubeIDE\workspace_1.19.0\AFR\AFR_SENSORS\CM7\MXTmpFiles\bsp_common_vars.tmp
2025-07-28 15:19:15,692 [INFO] CodeEngine:265 - oldGeneratedFile, C:\Users\nicks\STM32CubeIDE\workspace_1.19.0\AFR\AFR_SENSORS\CM7\MXTmpFiles\bsp_common_init.tmp_save
2025-07-28 15:19:15,742 [INFO] CodeEngine:289 - Generated code: C:\Users\nicks\STM32CubeIDE\workspace_1.19.0\AFR\AFR_SENSORS\CM7\MXTmpFiles\bsp_common_init.tmp
2025-07-28 15:19:15,746 [INFO] CodeEngine:265 - oldGeneratedFile, C:\Users\nicks\STM32CubeIDE\workspace_1.19.0\AFR\AFR_SENSORS\CM7\MXTmpFiles\bsp_common_demo_before_while.tmp_save
2025-07-28 15:19:15,793 [INFO] CodeEngine:289 - Generated code: C:\Users\nicks\STM32CubeIDE\workspace_1.19.0\AFR\AFR_SENSORS\CM7\MXTmpFiles\bsp_common_demo_before_while.tmp
2025-07-28 15:19:15,798 [INFO] CodeEngine:265 - oldGeneratedFile, C:\Users\nicks\STM32CubeIDE\workspace_1.19.0\AFR\AFR_SENSORS\CM7\MXTmpFiles\bsp_common_demo_inside_while.tmp_save
2025-07-28 15:19:15,843 [INFO] CodeEngine:289 - Generated code: C:\Users\nicks\STM32CubeIDE\workspace_1.19.0\AFR\AFR_SENSORS\CM7\MXTmpFiles\bsp_common_demo_inside_while.tmp
2025-07-28 15:19:15,849 [INFO] CodeEngine:265 - oldGeneratedFile, C:\Users\nicks\STM32CubeIDE\workspace_1.19.0\AFR\AFR_SENSORS\CM7\MXTmpFiles\bsp_common_demo_fct.tmp_save
2025-07-28 15:19:15,894 [INFO] CodeEngine:289 - Generated code: C:\Users\nicks\STM32CubeIDE\workspace_1.19.0\AFR\AFR_SENSORS\CM7\MXTmpFiles\bsp_common_demo_fct.tmp
2025-07-28 15:19:15,912 [INFO] CodeEngine:265 - oldGeneratedFile, C:\Users\nicks\STM32CubeIDE\workspace_1.19.0\AFR\AFR_SENSORS\CM7\Core\Src\stm32h7xx_it.c_save
2025-07-28 15:19:15,971 [INFO] CodeEngine:289 - Generated code: C:\Users\nicks\STM32CubeIDE\workspace_1.19.0\AFR\AFR_SENSORS\CM7\Core\Src\stm32h7xx_it.c
2025-07-28 15:19:15,977 [INFO] CodeEngine:265 - oldGeneratedFile, C:\Users\nicks\STM32CubeIDE\workspace_1.19.0\AFR\AFR_SENSORS\CM7\Core\Inc\stm32h7xx_it.h_save
2025-07-28 15:19:16,019 [INFO] CodeEngine:289 - Generated code: C:\Users\nicks\STM32CubeIDE\workspace_1.19.0\AFR\AFR_SENSORS\CM7\Core\Inc\stm32h7xx_it.h
2025-07-28 15:19:16,108 [INFO] CodeEngine:265 - oldGeneratedFile, C:\Users\nicks\STM32CubeIDE\workspace_1.19.0\AFR\AFR_SENSORS\CM7\Core\Src\stm32h7xx_hal_msp.c_save
2025-07-28 15:19:16,175 [INFO] CodeEngine:289 - Generated code: C:\Users\nicks\STM32CubeIDE\workspace_1.19.0\AFR\AFR_SENSORS\CM7\Core\Src\stm32h7xx_hal_msp.c
2025-07-28 15:19:16,179 [INFO] CodeEngine:265 - oldGeneratedFile, C:\Users\nicks\STM32CubeIDE\workspace_1.19.0\AFR\AFR_SENSORS\CM7\MXTmpFiles\system.tmp_save
2025-07-28 15:19:16,218 [INFO] CodeEngine:289 - Generated code: C:\Users\nicks\STM32CubeIDE\workspace_1.19.0\AFR\AFR_SENSORS\CM7\MXTmpFiles\system.tmp
2025-07-28 15:19:16,228 [INFO] CodeEngine:321 - oldGeneratedFile, C:\Users\nicks\STM32CubeIDE\workspace_1.19.0\AFR\AFR_SENSORS\CM7\Core\Inc\stm32h7xx_hal_conf.h_save
2025-07-28 15:19:16,275 [INFO] CodeEngine:345 - Generated code: C:\Users\nicks\STM32CubeIDE\workspace_1.19.0\AFR\AFR_SENSORS\CM7\Core\Inc\stm32h7xx_hal_conf.h
2025-07-28 15:19:16,296 [WARN] IPConfigManager:3811 - IP not found : NVIC
2025-07-28 15:19:16,297 [WARN] IPConfigManager:3811 - IP not found : TIM
2025-07-28 15:19:16,298 [WARN] CodeGenerator:4259 - IP not found : null
2025-07-28 15:19:16,298 [WARN] CodeGenerator:4259 - IP not found : null
2025-07-28 15:19:16,305 [INFO] CodeEngine:265 - oldGeneratedFile, C:\Users\nicks\STM32CubeIDE\workspace_1.19.0\AFR\AFR_SENSORS\CM7\Core\Inc\main.h_save
2025-07-28 15:19:16,351 [INFO] CodeEngine:289 - Generated code: C:\Users\nicks\STM32CubeIDE\workspace_1.19.0\AFR\AFR_SENSORS\CM7\Core\Inc\main.h
2025-07-28 15:19:16,357 [INFO] CodeEngine:265 - oldGeneratedFile, C:\Users\nicks\STM32CubeIDE\workspace_1.19.0\AFR\AFR_SENSORS\CM7\Core\Src\main.c_save
2025-07-28 15:19:16,453 [INFO] CodeEngine:289 - Generated code: C:\Users\nicks\STM32CubeIDE\workspace_1.19.0\AFR\AFR_SENSORS\CM7\Core\Src\main.c
2025-07-28 15:19:16,491 [INFO] CodeGenerator:1619 - *******************Project context M4 selected
2025-07-28 15:19:16,535 [INFO] CodeEngine:265 - oldGeneratedFile, C:\Users\nicks\STM32CubeIDE\workspace_1.19.0\AFR\AFR_SENSORS\MXTmpFiles\license.tmp_save
2025-07-28 15:19:16,578 [INFO] CodeEngine:289 - Generated code: C:\Users\nicks\STM32CubeIDE\workspace_1.19.0\AFR\AFR_SENSORS\MXTmpFiles\license.tmp
2025-07-28 15:19:16,586 [WARN] IPConfigManager:103 - WARNING: Missing Config File for NVIC2 ip!!
2025-07-28 15:19:16,596 [INFO] CodeEngine:265 - oldGeneratedFile, C:\Users\nicks\STM32CubeIDE\workspace_1.19.0\AFR\AFR_SENSORS\CM4\MXTmpFiles\cortex.tmp_save
2025-07-28 15:19:16,634 [INFO] CodeEngine:289 - Generated code: C:\Users\nicks\STM32CubeIDE\workspace_1.19.0\AFR\AFR_SENSORS\CM4\MXTmpFiles\cortex.tmp
2025-07-28 15:19:16,660 [INFO] CodeEngine:265 - oldGeneratedFile, C:\Users\nicks\STM32CubeIDE\workspace_1.19.0\AFR\AFR_SENSORS\CM4\Core\Inc\stm32h7xx_nucleo_conf.h_save
2025-07-28 15:19:16,701 [INFO] CodeEngine:289 - Generated code: C:\Users\nicks\STM32CubeIDE\workspace_1.19.0\AFR\AFR_SENSORS\CM4\Core\Inc\stm32h7xx_nucleo_conf.h
2025-07-28 15:19:16,705 [INFO] CodeEngine:265 - oldGeneratedFile, C:\Users\nicks\STM32CubeIDE\workspace_1.19.0\AFR\AFR_SENSORS\CM4\MXTmpFiles\bsp_inc.tmp_save
2025-07-28 15:19:16,743 [INFO] CodeEngine:289 - Generated code: C:\Users\nicks\STM32CubeIDE\workspace_1.19.0\AFR\AFR_SENSORS\CM4\MXTmpFiles\bsp_inc.tmp
2025-07-28 15:19:16,757 [INFO] CodeEngine:265 - oldGeneratedFile, C:\Users\nicks\STM32CubeIDE\workspace_1.19.0\AFR\AFR_SENSORS\CM4\Core\Src\stm32h7xx_it.c_save
2025-07-28 15:19:16,800 [INFO] CodeEngine:289 - Generated code: C:\Users\nicks\STM32CubeIDE\workspace_1.19.0\AFR\AFR_SENSORS\CM4\Core\Src\stm32h7xx_it.c
2025-07-28 15:19:16,805 [INFO] CodeEngine:265 - oldGeneratedFile, C:\Users\nicks\STM32CubeIDE\workspace_1.19.0\AFR\AFR_SENSORS\CM4\Core\Inc\stm32h7xx_it.h_save
2025-07-28 15:19:16,846 [INFO] CodeEngine:289 - Generated code: C:\Users\nicks\STM32CubeIDE\workspace_1.19.0\AFR\AFR_SENSORS\CM4\Core\Inc\stm32h7xx_it.h
2025-07-28 15:19:16,868 [INFO] CodeEngine:265 - oldGeneratedFile, C:\Users\nicks\STM32CubeIDE\workspace_1.19.0\AFR\AFR_SENSORS\CM4\Core\Src\stm32h7xx_hal_msp.c_save
2025-07-28 15:19:16,924 [INFO] CodeEngine:289 - Generated code: C:\Users\nicks\STM32CubeIDE\workspace_1.19.0\AFR\AFR_SENSORS\CM4\Core\Src\stm32h7xx_hal_msp.c
2025-07-28 15:19:16,928 [INFO] CodeEngine:265 - oldGeneratedFile, C:\Users\nicks\STM32CubeIDE\workspace_1.19.0\AFR\AFR_SENSORS\CM4\MXTmpFiles\system.tmp_save
2025-07-28 15:19:16,965 [INFO] CodeEngine:289 - Generated code: C:\Users\nicks\STM32CubeIDE\workspace_1.19.0\AFR\AFR_SENSORS\CM4\MXTmpFiles\system.tmp
2025-07-28 15:19:16,976 [INFO] CodeEngine:321 - oldGeneratedFile, C:\Users\nicks\STM32CubeIDE\workspace_1.19.0\AFR\AFR_SENSORS\CM4\Core\Inc\stm32h7xx_hal_conf.h_save
2025-07-28 15:19:17,019 [INFO] CodeEngine:345 - Generated code: C:\Users\nicks\STM32CubeIDE\workspace_1.19.0\AFR\AFR_SENSORS\CM4\Core\Inc\stm32h7xx_hal_conf.h
2025-07-28 15:19:17,028 [WARN] IPConfigManager:3811 - IP not found : NVIC
2025-07-28 15:19:17,029 [WARN] CodeGenerator:4259 - IP not found : null
2025-07-28 15:19:17,035 [INFO] CodeEngine:265 - oldGeneratedFile, C:\Users\nicks\STM32CubeIDE\workspace_1.19.0\AFR\AFR_SENSORS\CM4\Core\Inc\main.h_save
2025-07-28 15:19:17,079 [INFO] CodeEngine:289 - Generated code: C:\Users\nicks\STM32CubeIDE\workspace_1.19.0\AFR\AFR_SENSORS\CM4\Core\Inc\main.h
2025-07-28 15:19:17,086 [INFO] CodeEngine:265 - oldGeneratedFile, C:\Users\nicks\STM32CubeIDE\workspace_1.19.0\AFR\AFR_SENSORS\CM4\Core\Src\main.c_save
2025-07-28 15:19:17,145 [INFO] CodeEngine:289 - Generated code: C:\Users\nicks\STM32CubeIDE\workspace_1.19.0\AFR\AFR_SENSORS\CM4\Core\Src\main.c
2025-07-28 15:19:17,518 [INFO] ProjectBuilder:3606 - Time for Copy HAL[1] : 221mS.
2025-07-28 15:19:17,531 [INFO] ProjectBuilder:5216 - Project Generator version: 4.7.0-B52
2025-07-28 15:19:17,586 [INFO] ConfigFileManager:1595 - The Die is : DIE450
2025-07-28 15:19:22,739 [INFO] ProjectBuilder:5496 - Time for Generating toolchain IDE Files: 5209mS.
2025-07-28 15:19:22,740 [INFO] ProjectBuilder:3463 - Time for Copy CMSIS : 0mS.
2025-07-28 15:19:22,744 [INFO] ProjectBuilder:3463 - Time for Copy CMSIS : 0mS.
2025-07-28 15:19:41,867 [INFO] Gpio:278 - dependency for GPIO [I2C2, TIM1, USART2]
2025-07-28 15:19:43,693 [INFO] UtilMem:75 - End SaveConfig() Used Memory: 642152640 Bytes (1073741824)
2025-07-28 15:19:43,791 [INFO] UtilMem:75 - End SaveConfig() Used Memory: 661653504 Bytes (1073741824)
2025-07-28 15:19:44,266 [INFO] UtilMem:75 - End SaveConfig() Used Memory: 726138880 Bytes (1073741824)
2025-07-28 15:19:44,734 [ERROR] IocParser:95 - Exception caught: null
2025-07-28 15:19:53,471 [INFO] BlockDiagram:2775 - set Specific Code input for plugin: FREERTOS
2025-07-28 15:19:53,471 [INFO] BlockDiagram:2775 - set Specific Code input for plugin: RCC
2025-07-28 15:19:53,471 [INFO] BlockDiagram:2775 - set Specific Code input for plugin: I2C
2025-07-28 15:19:53,471 [INFO] BlockDiagram:2775 - set Specific Code input for plugin: USART
2025-07-28 15:19:53,471 [INFO] BlockDiagram:2775 - set Specific Code input for plugin: TIM1_8H7
2025-07-28 15:19:53,471 [INFO] BlockDiagram:2775 - set Specific Code input for plugin: SYS
2025-07-28 15:19:53,472 [INFO] BlockDiagram:2775 - set Specific Code input for plugin: NVIC2
2025-07-28 15:19:53,472 [INFO] BlockDiagram:2775 - set Specific Code input for plugin: GPIO
2025-07-28 15:19:53,472 [INFO] BlockDiagram:2775 - set Specific Code input for plugin: SYS_M4
2025-07-28 15:19:53,472 [INFO] BlockDiagram:2775 - set Specific Code input for plugin: NUCLEO-H755ZI-Q
2025-07-28 15:19:53,472 [INFO] BlockDiagram:2775 - set Specific Code input for plugin: NVIC1
2025-07-28 15:19:53,473 [INFO] CodeGenerator:892 - code generatio: config db path: C:\ST\STM32CubeIDE_1.19.0\STM32CubeIDE\plugins\com.st.stm32cube.common.mx_6.15.0.202507011659\\db\
2025-07-28 15:19:53,524 [ERROR] CodeGenerator:10662 - The current RTOS owner has not been found in the list of IPs
2025-07-28 15:19:53,524 [INFO] CodeGenerator:1619 - *******************Project context M7 selected
2025-07-28 15:19:53,566 [INFO] CodeEngine:265 - oldGeneratedFile, C:\Users\nicks\STM32CubeIDE\workspace_1.19.0\AFR\AFR_SENSORS\MXTmpFiles\license.tmp_save
2025-07-28 15:19:53,676 [INFO] CodeEngine:289 - Generated code: C:\Users\nicks\STM32CubeIDE\workspace_1.19.0\AFR\AFR_SENSORS\MXTmpFiles\license.tmp
2025-07-28 15:19:53,757 [INFO] CodeEngine:265 - oldGeneratedFile, C:\Users\nicks\STM32CubeIDE\workspace_1.19.0\AFR\AFR_SENSORS\CM7\MXTmpFiles\gpio.tmp_save
2025-07-28 15:19:53,825 [INFO] CodeEngine:289 - Generated code: C:\Users\nicks\STM32CubeIDE\workspace_1.19.0\AFR\AFR_SENSORS\CM7\MXTmpFiles\gpio.tmp
2025-07-28 15:19:54,048 [WARN] IPConfigManager:103 - WARNING: Missing Config File for NVIC1 ip!!
2025-07-28 15:19:54,240 [ERROR] CodeGenerator:10662 - The current RTOS owner has not been found in the list of IPs
2025-07-28 15:19:54,247 [INFO] CodeEngine:265 - oldGeneratedFile, C:\Users\nicks\STM32CubeIDE\workspace_1.19.0\AFR\AFR_SENSORS\CM7\MXTmpFiles\cortex.tmp_save
2025-07-28 15:19:54,298 [INFO] CodeEngine:289 - Generated code: C:\Users\nicks\STM32CubeIDE\workspace_1.19.0\AFR\AFR_SENSORS\CM7\MXTmpFiles\cortex.tmp
2025-07-28 15:19:54,313 [INFO] Middleware:1452 - No code input for Bsp Dependency
2025-07-28 15:19:54,320 [INFO] CodeEngine:265 - oldGeneratedFile, C:\Users\nicks\STM32CubeIDE\workspace_1.19.0\AFR\AFR_SENSORS\CM7\MXTmpFiles\rtos_inc.tmp_save
2025-07-28 15:19:54,362 [INFO] CodeEngine:289 - Generated code: C:\Users\nicks\STM32CubeIDE\workspace_1.19.0\AFR\AFR_SENSORS\CM7\MXTmpFiles\rtos_inc.tmp
2025-07-28 15:19:54,367 [INFO] CodeEngine:265 - oldGeneratedFile, C:\Users\nicks\STM32CubeIDE\workspace_1.19.0\AFR\AFR_SENSORS\CM7\MXTmpFiles\rtos_kernelInit.tmp_save
2025-07-28 15:19:54,409 [INFO] CodeEngine:289 - Generated code: C:\Users\nicks\STM32CubeIDE\workspace_1.19.0\AFR\AFR_SENSORS\CM7\MXTmpFiles\rtos_kernelInit.tmp
2025-07-28 15:19:54,413 [INFO] CodeEngine:265 - oldGeneratedFile, C:\Users\nicks\STM32CubeIDE\workspace_1.19.0\AFR\AFR_SENSORS\CM7\MXTmpFiles\rtos_kernelStart.tmp_save
2025-07-28 15:19:54,456 [INFO] CodeEngine:289 - Generated code: C:\Users\nicks\STM32CubeIDE\workspace_1.19.0\AFR\AFR_SENSORS\CM7\MXTmpFiles\rtos_kernelStart.tmp
2025-07-28 15:19:54,460 [INFO] CodeEngine:265 - oldGeneratedFile, C:\Users\nicks\STM32CubeIDE\workspace_1.19.0\AFR\AFR_SENSORS\CM7\MXTmpFiles\rtos_typedefs.tmp_save
2025-07-28 15:19:54,500 [INFO] CodeEngine:289 - Generated code: C:\Users\nicks\STM32CubeIDE\workspace_1.19.0\AFR\AFR_SENSORS\CM7\MXTmpFiles\rtos_typedefs.tmp
2025-07-28 15:19:54,505 [INFO] CodeEngine:265 - oldGeneratedFile, C:\Users\nicks\STM32CubeIDE\workspace_1.19.0\AFR\AFR_SENSORS\CM7\MXTmpFiles\rtos_vars.tmp_save
2025-07-28 15:19:54,549 [INFO] CodeEngine:289 - Generated code: C:\Users\nicks\STM32CubeIDE\workspace_1.19.0\AFR\AFR_SENSORS\CM7\MXTmpFiles\rtos_vars.tmp
2025-07-28 15:19:54,554 [INFO] CodeEngine:265 - oldGeneratedFile, C:\Users\nicks\STM32CubeIDE\workspace_1.19.0\AFR\AFR_SENSORS\CM7\MXTmpFiles\rtos_pfp.tmp_save
2025-07-28 15:19:54,595 [INFO] CodeEngine:289 - Generated code: C:\Users\nicks\STM32CubeIDE\workspace_1.19.0\AFR\AFR_SENSORS\CM7\MXTmpFiles\rtos_pfp.tmp
2025-07-28 15:19:54,600 [INFO] CodeEngine:265 - oldGeneratedFile, C:\Users\nicks\STM32CubeIDE\workspace_1.19.0\AFR\AFR_SENSORS\CM7\MXTmpFiles\rtos_obj_creat.tmp_save
2025-07-28 15:19:54,643 [INFO] CodeEngine:289 - Generated code: C:\Users\nicks\STM32CubeIDE\workspace_1.19.0\AFR\AFR_SENSORS\CM7\MXTmpFiles\rtos_obj_creat.tmp
2025-07-28 15:19:54,648 [INFO] CodeEngine:265 - oldGeneratedFile, C:\Users\nicks\STM32CubeIDE\workspace_1.19.0\AFR\AFR_SENSORS\CM7\MXTmpFiles\rtos_default_thread.tmp_save
2025-07-28 15:19:54,689 [INFO] CodeEngine:289 - Generated code: C:\Users\nicks\STM32CubeIDE\workspace_1.19.0\AFR\AFR_SENSORS\CM7\MXTmpFiles\rtos_default_thread.tmp
2025-07-28 15:19:54,693 [INFO] CodeEngine:265 - oldGeneratedFile, C:\Users\nicks\STM32CubeIDE\workspace_1.19.0\AFR\AFR_SENSORS\CM7\MXTmpFiles\rtos_threads.tmp_save
2025-07-28 15:19:54,731 [INFO] CodeEngine:289 - Generated code: C:\Users\nicks\STM32CubeIDE\workspace_1.19.0\AFR\AFR_SENSORS\CM7\MXTmpFiles\rtos_threads.tmp
2025-07-28 15:19:54,736 [INFO] CodeEngine:265 - oldGeneratedFile, C:\Users\nicks\STM32CubeIDE\workspace_1.19.0\AFR\AFR_SENSORS\CM7\Core\Inc\FreeRTOSConfig.h_save
2025-07-28 15:19:54,785 [INFO] CodeEngine:289 - Generated code: C:\Users\nicks\STM32CubeIDE\workspace_1.19.0\AFR\AFR_SENSORS\CM7\Core\Inc\FreeRTOSConfig.h
2025-07-28 15:19:54,791 [INFO] CodeEngine:265 - oldGeneratedFile, C:\Users\nicks\STM32CubeIDE\workspace_1.19.0\AFR\AFR_SENSORS\CM7\Core\Src\freertos.c_save
2025-07-28 15:19:54,834 [INFO] CodeEngine:289 - Generated code: C:\Users\nicks\STM32CubeIDE\workspace_1.19.0\AFR\AFR_SENSORS\CM7\Core\Src\freertos.c
2025-07-28 15:19:54,862 [INFO] CodeEngine:265 - oldGeneratedFile, C:\Users\nicks\STM32CubeIDE\workspace_1.19.0\AFR\AFR_SENSORS\CM7\Core\Inc\stm32h7xx_nucleo_conf.h_save
2025-07-28 15:19:54,902 [INFO] CodeEngine:289 - Generated code: C:\Users\nicks\STM32CubeIDE\workspace_1.19.0\AFR\AFR_SENSORS\CM7\Core\Inc\stm32h7xx_nucleo_conf.h
2025-07-28 15:19:54,906 [INFO] CodeEngine:265 - oldGeneratedFile, C:\Users\nicks\STM32CubeIDE\workspace_1.19.0\AFR\AFR_SENSORS\CM7\MXTmpFiles\bsp_inc.tmp_save
2025-07-28 15:19:54,944 [INFO] CodeEngine:289 - Generated code: C:\Users\nicks\STM32CubeIDE\workspace_1.19.0\AFR\AFR_SENSORS\CM7\MXTmpFiles\bsp_inc.tmp
2025-07-28 15:19:54,949 [INFO] CodeEngine:265 - oldGeneratedFile, C:\Users\nicks\STM32CubeIDE\workspace_1.19.0\AFR\AFR_SENSORS\CM7\MXTmpFiles\bsp_common_vars.tmp_save
2025-07-28 15:19:54,988 [INFO] CodeEngine:289 - Generated code: C:\Users\nicks\STM32CubeIDE\workspace_1.19.0\AFR\AFR_SENSORS\CM7\MXTmpFiles\bsp_common_vars.tmp
2025-07-28 15:19:54,992 [INFO] CodeEngine:265 - oldGeneratedFile, C:\Users\nicks\STM32CubeIDE\workspace_1.19.0\AFR\AFR_SENSORS\CM7\MXTmpFiles\bsp_common_init.tmp_save
2025-07-28 15:19:55,030 [INFO] CodeEngine:289 - Generated code: C:\Users\nicks\STM32CubeIDE\workspace_1.19.0\AFR\AFR_SENSORS\CM7\MXTmpFiles\bsp_common_init.tmp
2025-07-28 15:19:55,034 [INFO] CodeEngine:265 - oldGeneratedFile, C:\Users\nicks\STM32CubeIDE\workspace_1.19.0\AFR\AFR_SENSORS\CM7\MXTmpFiles\bsp_common_demo_before_while.tmp_save
2025-07-28 15:19:55,073 [INFO] CodeEngine:289 - Generated code: C:\Users\nicks\STM32CubeIDE\workspace_1.19.0\AFR\AFR_SENSORS\CM7\MXTmpFiles\bsp_common_demo_before_while.tmp
2025-07-28 15:19:55,077 [INFO] CodeEngine:265 - oldGeneratedFile, C:\Users\nicks\STM32CubeIDE\workspace_1.19.0\AFR\AFR_SENSORS\CM7\MXTmpFiles\bsp_common_demo_inside_while.tmp_save
2025-07-28 15:19:55,115 [INFO] CodeEngine:289 - Generated code: C:\Users\nicks\STM32CubeIDE\workspace_1.19.0\AFR\AFR_SENSORS\CM7\MXTmpFiles\bsp_common_demo_inside_while.tmp
2025-07-28 15:19:55,120 [INFO] CodeEngine:265 - oldGeneratedFile, C:\Users\nicks\STM32CubeIDE\workspace_1.19.0\AFR\AFR_SENSORS\CM7\MXTmpFiles\bsp_common_demo_fct.tmp_save
2025-07-28 15:19:55,165 [INFO] CodeEngine:289 - Generated code: C:\Users\nicks\STM32CubeIDE\workspace_1.19.0\AFR\AFR_SENSORS\CM7\MXTmpFiles\bsp_common_demo_fct.tmp
2025-07-28 15:19:55,182 [INFO] CodeEngine:265 - oldGeneratedFile, C:\Users\nicks\STM32CubeIDE\workspace_1.19.0\AFR\AFR_SENSORS\CM7\Core\Src\stm32h7xx_it.c_save
2025-07-28 15:19:55,245 [INFO] CodeEngine:289 - Generated code: C:\Users\nicks\STM32CubeIDE\workspace_1.19.0\AFR\AFR_SENSORS\CM7\Core\Src\stm32h7xx_it.c
2025-07-28 15:19:55,251 [INFO] CodeEngine:265 - oldGeneratedFile, C:\Users\nicks\STM32CubeIDE\workspace_1.19.0\AFR\AFR_SENSORS\CM7\Core\Inc\stm32h7xx_it.h_save
2025-07-28 15:19:55,294 [INFO] CodeEngine:289 - Generated code: C:\Users\nicks\STM32CubeIDE\workspace_1.19.0\AFR\AFR_SENSORS\CM7\Core\Inc\stm32h7xx_it.h
2025-07-28 15:19:55,382 [INFO] CodeEngine:265 - oldGeneratedFile, C:\Users\nicks\STM32CubeIDE\workspace_1.19.0\AFR\AFR_SENSORS\CM7\Core\Src\stm32h7xx_hal_msp.c_save
2025-07-28 15:19:55,448 [INFO] CodeEngine:289 - Generated code: C:\Users\nicks\STM32CubeIDE\workspace_1.19.0\AFR\AFR_SENSORS\CM7\Core\Src\stm32h7xx_hal_msp.c
2025-07-28 15:19:55,453 [INFO] CodeEngine:265 - oldGeneratedFile, C:\Users\nicks\STM32CubeIDE\workspace_1.19.0\AFR\AFR_SENSORS\CM7\MXTmpFiles\system.tmp_save
2025-07-28 15:19:55,492 [INFO] CodeEngine:289 - Generated code: C:\Users\nicks\STM32CubeIDE\workspace_1.19.0\AFR\AFR_SENSORS\CM7\MXTmpFiles\system.tmp
2025-07-28 15:19:55,502 [INFO] CodeEngine:321 - oldGeneratedFile, C:\Users\nicks\STM32CubeIDE\workspace_1.19.0\AFR\AFR_SENSORS\CM7\Core\Inc\stm32h7xx_hal_conf.h_save
2025-07-28 15:19:55,547 [INFO] CodeEngine:345 - Generated code: C:\Users\nicks\STM32CubeIDE\workspace_1.19.0\AFR\AFR_SENSORS\CM7\Core\Inc\stm32h7xx_hal_conf.h
2025-07-28 15:19:55,567 [WARN] IPConfigManager:3811 - IP not found : NVIC
2025-07-28 15:19:55,567 [WARN] IPConfigManager:3811 - IP not found : TIM
2025-07-28 15:19:55,568 [WARN] CodeGenerator:4259 - IP not found : null
2025-07-28 15:19:55,568 [WARN] CodeGenerator:4259 - IP not found : null
2025-07-28 15:19:55,574 [INFO] CodeEngine:265 - oldGeneratedFile, C:\Users\nicks\STM32CubeIDE\workspace_1.19.0\AFR\AFR_SENSORS\CM7\Core\Inc\main.h_save
2025-07-28 15:19:55,620 [INFO] CodeEngine:289 - Generated code: C:\Users\nicks\STM32CubeIDE\workspace_1.19.0\AFR\AFR_SENSORS\CM7\Core\Inc\main.h
2025-07-28 15:19:55,626 [INFO] CodeEngine:265 - oldGeneratedFile, C:\Users\nicks\STM32CubeIDE\workspace_1.19.0\AFR\AFR_SENSORS\CM7\Core\Src\main.c_save
2025-07-28 15:19:55,713 [INFO] CodeEngine:289 - Generated code: C:\Users\nicks\STM32CubeIDE\workspace_1.19.0\AFR\AFR_SENSORS\CM7\Core\Src\main.c
2025-07-28 15:19:55,762 [INFO] CodeGenerator:1619 - *******************Project context M4 selected
2025-07-28 15:19:55,809 [INFO] CodeEngine:265 - oldGeneratedFile, C:\Users\nicks\STM32CubeIDE\workspace_1.19.0\AFR\AFR_SENSORS\MXTmpFiles\license.tmp_save
2025-07-28 15:19:55,858 [INFO] CodeEngine:289 - Generated code: C:\Users\nicks\STM32CubeIDE\workspace_1.19.0\AFR\AFR_SENSORS\MXTmpFiles\license.tmp
2025-07-28 15:19:55,869 [WARN] IPConfigManager:103 - WARNING: Missing Config File for NVIC2 ip!!
2025-07-28 15:19:55,879 [INFO] CodeEngine:265 - oldGeneratedFile, C:\Users\nicks\STM32CubeIDE\workspace_1.19.0\AFR\AFR_SENSORS\CM4\MXTmpFiles\cortex.tmp_save
2025-07-28 15:19:55,919 [INFO] CodeEngine:289 - Generated code: C:\Users\nicks\STM32CubeIDE\workspace_1.19.0\AFR\AFR_SENSORS\CM4\MXTmpFiles\cortex.tmp
2025-07-28 15:19:55,946 [INFO] CodeEngine:265 - oldGeneratedFile, C:\Users\nicks\STM32CubeIDE\workspace_1.19.0\AFR\AFR_SENSORS\CM4\Core\Inc\stm32h7xx_nucleo_conf.h_save
2025-07-28 15:19:55,986 [INFO] CodeEngine:289 - Generated code: C:\Users\nicks\STM32CubeIDE\workspace_1.19.0\AFR\AFR_SENSORS\CM4\Core\Inc\stm32h7xx_nucleo_conf.h
2025-07-28 15:19:55,990 [INFO] CodeEngine:265 - oldGeneratedFile, C:\Users\nicks\STM32CubeIDE\workspace_1.19.0\AFR\AFR_SENSORS\CM4\MXTmpFiles\bsp_inc.tmp_save
2025-07-28 15:19:56,027 [INFO] CodeEngine:289 - Generated code: C:\Users\nicks\STM32CubeIDE\workspace_1.19.0\AFR\AFR_SENSORS\CM4\MXTmpFiles\bsp_inc.tmp
2025-07-28 15:19:56,041 [INFO] CodeEngine:265 - oldGeneratedFile, C:\Users\nicks\STM32CubeIDE\workspace_1.19.0\AFR\AFR_SENSORS\CM4\Core\Src\stm32h7xx_it.c_save
2025-07-28 15:19:56,086 [INFO] CodeEngine:289 - Generated code: C:\Users\nicks\STM32CubeIDE\workspace_1.19.0\AFR\AFR_SENSORS\CM4\Core\Src\stm32h7xx_it.c
2025-07-28 15:19:56,092 [INFO] CodeEngine:265 - oldGeneratedFile, C:\Users\nicks\STM32CubeIDE\workspace_1.19.0\AFR\AFR_SENSORS\CM4\Core\Inc\stm32h7xx_it.h_save
2025-07-28 15:19:56,133 [INFO] CodeEngine:289 - Generated code: C:\Users\nicks\STM32CubeIDE\workspace_1.19.0\AFR\AFR_SENSORS\CM4\Core\Inc\stm32h7xx_it.h
2025-07-28 15:19:56,154 [INFO] CodeEngine:265 - oldGeneratedFile, C:\Users\nicks\STM32CubeIDE\workspace_1.19.0\AFR\AFR_SENSORS\CM4\Core\Src\stm32h7xx_hal_msp.c_save
2025-07-28 15:19:56,211 [INFO] CodeEngine:289 - Generated code: C:\Users\nicks\STM32CubeIDE\workspace_1.19.0\AFR\AFR_SENSORS\CM4\Core\Src\stm32h7xx_hal_msp.c
2025-07-28 15:19:56,215 [INFO] CodeEngine:265 - oldGeneratedFile, C:\Users\nicks\STM32CubeIDE\workspace_1.19.0\AFR\AFR_SENSORS\CM4\MXTmpFiles\system.tmp_save
2025-07-28 15:19:56,253 [INFO] CodeEngine:289 - Generated code: C:\Users\nicks\STM32CubeIDE\workspace_1.19.0\AFR\AFR_SENSORS\CM4\MXTmpFiles\system.tmp
2025-07-28 15:19:56,263 [INFO] CodeEngine:321 - oldGeneratedFile, C:\Users\nicks\STM32CubeIDE\workspace_1.19.0\AFR\AFR_SENSORS\CM4\Core\Inc\stm32h7xx_hal_conf.h_save
2025-07-28 15:19:56,307 [INFO] CodeEngine:345 - Generated code: C:\Users\nicks\STM32CubeIDE\workspace_1.19.0\AFR\AFR_SENSORS\CM4\Core\Inc\stm32h7xx_hal_conf.h
2025-07-28 15:19:56,316 [WARN] IPConfigManager:3811 - IP not found : NVIC
2025-07-28 15:19:56,317 [WARN] CodeGenerator:4259 - IP not found : null
2025-07-28 15:19:56,323 [INFO] CodeEngine:265 - oldGeneratedFile, C:\Users\nicks\STM32CubeIDE\workspace_1.19.0\AFR\AFR_SENSORS\CM4\Core\Inc\main.h_save
2025-07-28 15:19:56,369 [INFO] CodeEngine:289 - Generated code: C:\Users\nicks\STM32CubeIDE\workspace_1.19.0\AFR\AFR_SENSORS\CM4\Core\Inc\main.h
2025-07-28 15:19:56,375 [INFO] CodeEngine:265 - oldGeneratedFile, C:\Users\nicks\STM32CubeIDE\workspace_1.19.0\AFR\AFR_SENSORS\CM4\Core\Src\main.c_save
2025-07-28 15:19:56,433 [INFO] CodeEngine:289 - Generated code: C:\Users\nicks\STM32CubeIDE\workspace_1.19.0\AFR\AFR_SENSORS\CM4\Core\Src\main.c
2025-07-28 15:19:56,805 [INFO] ProjectBuilder:3606 - Time for Copy HAL[1] : 222mS.
2025-07-28 15:19:56,817 [INFO] ProjectBuilder:5216 - Project Generator version: 4.7.0-B52
2025-07-28 15:19:56,870 [INFO] ConfigFileManager:1595 - The Die is : DIE450
2025-07-28 15:20:00,898 [INFO] ProjectBuilder:5496 - Time for Generating toolchain IDE Files: 4081mS.
2025-07-28 15:20:00,899 [INFO] ProjectBuilder:3463 - Time for Copy CMSIS : 1mS.
2025-07-28 15:20:00,903 [INFO] ProjectBuilder:3463 - Time for Copy CMSIS : 0mS.
2025-07-28 15:36:49,279 [INFO] Gpio:278 - dependency for GPIO [I2C2, TIM1, USART2]
2025-07-28 15:36:49,355 [INFO] NvicIntPanel:101 - NVIC parent = com.st.microxplorer.plugins.ip.nvic.MultiNvicIntPanel[,0,0,0x0,invalid,layout=javax.swing.BoxLayout,alignmentX=0.0,alignmentY=0.0,border=,flags=9,maximumSize=,minimumSize=,preferredSize=]
2025-07-28 15:36:49,880 [INFO] Gpio:278 - dependency for GPIO [I2C2, TIM1, USART2]
2025-07-28 15:36:49,937 [INFO] NvicIntPanel:101 - NVIC parent = com.st.microxplorer.plugins.ip.nvic.MultiNvicIntPanel[,0,0,0x0,invalid,layout=javax.swing.BoxLayout,alignmentX=0.0,alignmentY=0.0,border=,flags=9,maximumSize=,minimumSize=,preferredSize=]
2025-07-28 15:37:24,882 [INFO] Gpio:278 - dependency for GPIO [I2C2, TIM1, USART2]
2025-07-28 15:37:24,923 [INFO] NvicIntPanel:101 - NVIC parent = com.st.microxplorer.plugins.ip.nvic.MultiNvicIntPanel[,0,0,0x0,invalid,layout=javax.swing.BoxLayout,alignmentX=0.0,alignmentY=0.0,border=,flags=9,maximumSize=,minimumSize=,preferredSize=]
2025-07-28 15:39:32,900 [INFO] UtilMem:75 - End SaveConfig() Used Memory: 661653504 Bytes (1073741824)
2025-07-28 15:39:33,021 [INFO] UtilMem:75 - End SaveConfig() Used Memory: 692584448 Bytes (1073741824)
2025-07-28 15:39:33,227 [ERROR] IocParser:95 - Exception caught: null
2025-07-28 15:39:33,577 [INFO] UtilMem:75 - End SaveConfig() Used Memory: 735053824 Bytes (1073741824)
2025-07-28 15:39:34,700 [INFO] BlockDiagram:2775 - set Specific Code input for plugin: FREERTOS
2025-07-28 15:39:34,700 [INFO] BlockDiagram:2775 - set Specific Code input for plugin: RCC
2025-07-28 15:39:34,701 [INFO] BlockDiagram:2775 - set Specific Code input for plugin: I2C
2025-07-28 15:39:34,701 [INFO] BlockDiagram:2775 - set Specific Code input for plugin: USART
2025-07-28 15:39:34,701 [INFO] BlockDiagram:2775 - set Specific Code input for plugin: TIM1_8H7
2025-07-28 15:39:34,701 [INFO] BlockDiagram:2775 - set Specific Code input for plugin: SYS
2025-07-28 15:39:34,701 [INFO] BlockDiagram:2775 - set Specific Code input for plugin: NVIC2
2025-07-28 15:39:34,701 [INFO] BlockDiagram:2775 - set Specific Code input for plugin: GPIO
2025-07-28 15:39:34,701 [INFO] BlockDiagram:2775 - set Specific Code input for plugin: SYS_M4
2025-07-28 15:39:34,701 [INFO] BlockDiagram:2775 - set Specific Code input for plugin: NUCLEO-H755ZI-Q
2025-07-28 15:39:34,701 [INFO] BlockDiagram:2775 - set Specific Code input for plugin: NVIC1
2025-07-28 15:39:34,702 [INFO] CodeGenerator:892 - code generatio: config db path: C:\ST\STM32CubeIDE_1.19.0\STM32CubeIDE\plugins\com.st.stm32cube.common.mx_6.15.0.202507011659\\db\
2025-07-28 15:39:34,749 [ERROR] CodeGenerator:10662 - The current RTOS owner has not been found in the list of IPs
2025-07-28 15:39:34,749 [INFO] CodeGenerator:1619 - *******************Project context M7 selected
2025-07-28 15:39:34,792 [INFO] CodeEngine:265 - oldGeneratedFile, C:\Users\nicks\STM32CubeIDE\workspace_1.19.0\AFR\AFR_SENSORS\MXTmpFiles\license.tmp_save
2025-07-28 15:39:34,980 [INFO] CodeEngine:289 - Generated code: C:\Users\nicks\STM32CubeIDE\workspace_1.19.0\AFR\AFR_SENSORS\MXTmpFiles\license.tmp
2025-07-28 15:39:35,065 [INFO] CodeEngine:265 - oldGeneratedFile, C:\Users\nicks\STM32CubeIDE\workspace_1.19.0\AFR\AFR_SENSORS\CM7\MXTmpFiles\gpio.tmp_save
2025-07-28 15:39:35,160 [INFO] CodeEngine:289 - Generated code: C:\Users\nicks\STM32CubeIDE\workspace_1.19.0\AFR\AFR_SENSORS\CM7\MXTmpFiles\gpio.tmp
2025-07-28 15:39:35,412 [WARN] IPConfigManager:103 - WARNING: Missing Config File for NVIC1 ip!!
2025-07-28 15:39:35,621 [ERROR] CodeGenerator:10662 - The current RTOS owner has not been found in the list of IPs
2025-07-28 15:39:35,627 [INFO] CodeEngine:265 - oldGeneratedFile, C:\Users\nicks\STM32CubeIDE\workspace_1.19.0\AFR\AFR_SENSORS\CM7\MXTmpFiles\cortex.tmp_save
2025-07-28 15:39:35,683 [INFO] CodeEngine:289 - Generated code: C:\Users\nicks\STM32CubeIDE\workspace_1.19.0\AFR\AFR_SENSORS\CM7\MXTmpFiles\cortex.tmp
2025-07-28 15:39:35,696 [INFO] Middleware:1452 - No code input for Bsp Dependency
2025-07-28 15:39:35,702 [INFO] CodeEngine:265 - oldGeneratedFile, C:\Users\nicks\STM32CubeIDE\workspace_1.19.0\AFR\AFR_SENSORS\CM7\MXTmpFiles\rtos_inc.tmp_save
2025-07-28 15:39:35,746 [INFO] CodeEngine:289 - Generated code: C:\Users\nicks\STM32CubeIDE\workspace_1.19.0\AFR\AFR_SENSORS\CM7\MXTmpFiles\rtos_inc.tmp
2025-07-28 15:39:35,751 [INFO] CodeEngine:265 - oldGeneratedFile, C:\Users\nicks\STM32CubeIDE\workspace_1.19.0\AFR\AFR_SENSORS\CM7\MXTmpFiles\rtos_kernelInit.tmp_save
2025-07-28 15:39:35,800 [INFO] CodeEngine:289 - Generated code: C:\Users\nicks\STM32CubeIDE\workspace_1.19.0\AFR\AFR_SENSORS\CM7\MXTmpFiles\rtos_kernelInit.tmp
2025-07-28 15:39:35,805 [INFO] CodeEngine:265 - oldGeneratedFile, C:\Users\nicks\STM32CubeIDE\workspace_1.19.0\AFR\AFR_SENSORS\CM7\MXTmpFiles\rtos_kernelStart.tmp_save
2025-07-28 15:39:35,846 [INFO] CodeEngine:289 - Generated code: C:\Users\nicks\STM32CubeIDE\workspace_1.19.0\AFR\AFR_SENSORS\CM7\MXTmpFiles\rtos_kernelStart.tmp
2025-07-28 15:39:35,851 [INFO] CodeEngine:265 - oldGeneratedFile, C:\Users\nicks\STM32CubeIDE\workspace_1.19.0\AFR\AFR_SENSORS\CM7\MXTmpFiles\rtos_typedefs.tmp_save
2025-07-28 15:39:35,892 [INFO] CodeEngine:289 - Generated code: C:\Users\nicks\STM32CubeIDE\workspace_1.19.0\AFR\AFR_SENSORS\CM7\MXTmpFiles\rtos_typedefs.tmp
2025-07-28 15:39:35,897 [INFO] CodeEngine:265 - oldGeneratedFile, C:\Users\nicks\STM32CubeIDE\workspace_1.19.0\AFR\AFR_SENSORS\CM7\MXTmpFiles\rtos_vars.tmp_save
2025-07-28 15:39:35,940 [INFO] CodeEngine:289 - Generated code: C:\Users\nicks\STM32CubeIDE\workspace_1.19.0\AFR\AFR_SENSORS\CM7\MXTmpFiles\rtos_vars.tmp
2025-07-28 15:39:35,945 [INFO] CodeEngine:265 - oldGeneratedFile, C:\Users\nicks\STM32CubeIDE\workspace_1.19.0\AFR\AFR_SENSORS\CM7\MXTmpFiles\rtos_pfp.tmp_save
2025-07-28 15:39:35,984 [INFO] CodeEngine:289 - Generated code: C:\Users\nicks\STM32CubeIDE\workspace_1.19.0\AFR\AFR_SENSORS\CM7\MXTmpFiles\rtos_pfp.tmp
2025-07-28 15:39:35,989 [INFO] CodeEngine:265 - oldGeneratedFile, C:\Users\nicks\STM32CubeIDE\workspace_1.19.0\AFR\AFR_SENSORS\CM7\MXTmpFiles\rtos_obj_creat.tmp_save
2025-07-28 15:39:36,030 [INFO] CodeEngine:289 - Generated code: C:\Users\nicks\STM32CubeIDE\workspace_1.19.0\AFR\AFR_SENSORS\CM7\MXTmpFiles\rtos_obj_creat.tmp
2025-07-28 15:39:36,034 [INFO] CodeEngine:265 - oldGeneratedFile, C:\Users\nicks\STM32CubeIDE\workspace_1.19.0\AFR\AFR_SENSORS\CM7\MXTmpFiles\rtos_default_thread.tmp_save
2025-07-28 15:39:36,076 [INFO] CodeEngine:289 - Generated code: C:\Users\nicks\STM32CubeIDE\workspace_1.19.0\AFR\AFR_SENSORS\CM7\MXTmpFiles\rtos_default_thread.tmp
2025-07-28 15:39:36,080 [INFO] CodeEngine:265 - oldGeneratedFile, C:\Users\nicks\STM32CubeIDE\workspace_1.19.0\AFR\AFR_SENSORS\CM7\MXTmpFiles\rtos_threads.tmp_save
2025-07-28 15:39:36,121 [INFO] CodeEngine:289 - Generated code: C:\Users\nicks\STM32CubeIDE\workspace_1.19.0\AFR\AFR_SENSORS\CM7\MXTmpFiles\rtos_threads.tmp
2025-07-28 15:39:36,126 [INFO] CodeEngine:265 - oldGeneratedFile, C:\Users\nicks\STM32CubeIDE\workspace_1.19.0\AFR\AFR_SENSORS\CM7\Core\Inc\FreeRTOSConfig.h_save
2025-07-28 15:39:36,183 [INFO] CodeEngine:289 - Generated code: C:\Users\nicks\STM32CubeIDE\workspace_1.19.0\AFR\AFR_SENSORS\CM7\Core\Inc\FreeRTOSConfig.h
2025-07-28 15:39:36,189 [INFO] CodeEngine:265 - oldGeneratedFile, C:\Users\nicks\STM32CubeIDE\workspace_1.19.0\AFR\AFR_SENSORS\CM7\Core\Src\freertos.c_save
2025-07-28 15:39:36,235 [INFO] CodeEngine:289 - Generated code: C:\Users\nicks\STM32CubeIDE\workspace_1.19.0\AFR\AFR_SENSORS\CM7\Core\Src\freertos.c
2025-07-28 15:39:36,266 [INFO] CodeEngine:265 - oldGeneratedFile, C:\Users\nicks\STM32CubeIDE\workspace_1.19.0\AFR\AFR_SENSORS\CM7\Core\Inc\stm32h7xx_nucleo_conf.h_save
2025-07-28 15:39:36,308 [INFO] CodeEngine:289 - Generated code: C:\Users\nicks\STM32CubeIDE\workspace_1.19.0\AFR\AFR_SENSORS\CM7\Core\Inc\stm32h7xx_nucleo_conf.h
2025-07-28 15:39:36,313 [INFO] CodeEngine:265 - oldGeneratedFile, C:\Users\nicks\STM32CubeIDE\workspace_1.19.0\AFR\AFR_SENSORS\CM7\MXTmpFiles\bsp_inc.tmp_save
2025-07-28 15:39:36,351 [INFO] CodeEngine:289 - Generated code: C:\Users\nicks\STM32CubeIDE\workspace_1.19.0\AFR\AFR_SENSORS\CM7\MXTmpFiles\bsp_inc.tmp
2025-07-28 15:39:36,356 [INFO] CodeEngine:265 - oldGeneratedFile, C:\Users\nicks\STM32CubeIDE\workspace_1.19.0\AFR\AFR_SENSORS\CM7\MXTmpFiles\bsp_common_vars.tmp_save
2025-07-28 15:39:36,402 [INFO] CodeEngine:289 - Generated code: C:\Users\nicks\STM32CubeIDE\workspace_1.19.0\AFR\AFR_SENSORS\CM7\MXTmpFiles\bsp_common_vars.tmp
2025-07-28 15:39:36,406 [INFO] CodeEngine:265 - oldGeneratedFile, C:\Users\nicks\STM32CubeIDE\workspace_1.19.0\AFR\AFR_SENSORS\CM7\MXTmpFiles\bsp_common_init.tmp_save
2025-07-28 15:39:36,447 [INFO] CodeEngine:289 - Generated code: C:\Users\nicks\STM32CubeIDE\workspace_1.19.0\AFR\AFR_SENSORS\CM7\MXTmpFiles\bsp_common_init.tmp
2025-07-28 15:39:36,451 [INFO] CodeEngine:265 - oldGeneratedFile, C:\Users\nicks\STM32CubeIDE\workspace_1.19.0\AFR\AFR_SENSORS\CM7\MXTmpFiles\bsp_common_demo_before_while.tmp_save
2025-07-28 15:39:36,489 [INFO] CodeEngine:289 - Generated code: C:\Users\nicks\STM32CubeIDE\workspace_1.19.0\AFR\AFR_SENSORS\CM7\MXTmpFiles\bsp_common_demo_before_while.tmp
2025-07-28 15:39:36,493 [INFO] CodeEngine:265 - oldGeneratedFile, C:\Users\nicks\STM32CubeIDE\workspace_1.19.0\AFR\AFR_SENSORS\CM7\MXTmpFiles\bsp_common_demo_inside_while.tmp_save
2025-07-28 15:39:36,531 [INFO] CodeEngine:289 - Generated code: C:\Users\nicks\STM32CubeIDE\workspace_1.19.0\AFR\AFR_SENSORS\CM7\MXTmpFiles\bsp_common_demo_inside_while.tmp
2025-07-28 15:39:36,535 [INFO] CodeEngine:265 - oldGeneratedFile, C:\Users\nicks\STM32CubeIDE\workspace_1.19.0\AFR\AFR_SENSORS\CM7\MXTmpFiles\bsp_common_demo_fct.tmp_save
2025-07-28 15:39:36,572 [INFO] CodeEngine:289 - Generated code: C:\Users\nicks\STM32CubeIDE\workspace_1.19.0\AFR\AFR_SENSORS\CM7\MXTmpFiles\bsp_common_demo_fct.tmp
2025-07-28 15:39:36,590 [INFO] CodeEngine:265 - oldGeneratedFile, C:\Users\nicks\STM32CubeIDE\workspace_1.19.0\AFR\AFR_SENSORS\CM7\Core\Src\stm32h7xx_it.c_save
2025-07-28 15:39:36,702 [INFO] CodeEngine:289 - Generated code: C:\Users\nicks\STM32CubeIDE\workspace_1.19.0\AFR\AFR_SENSORS\CM7\Core\Src\stm32h7xx_it.c
2025-07-28 15:39:36,709 [INFO] CodeEngine:265 - oldGeneratedFile, C:\Users\nicks\STM32CubeIDE\workspace_1.19.0\AFR\AFR_SENSORS\CM7\Core\Inc\stm32h7xx_it.h_save
2025-07-28 15:39:36,753 [INFO] CodeEngine:289 - Generated code: C:\Users\nicks\STM32CubeIDE\workspace_1.19.0\AFR\AFR_SENSORS\CM7\Core\Inc\stm32h7xx_it.h
2025-07-28 15:39:36,851 [INFO] CodeEngine:265 - oldGeneratedFile, C:\Users\nicks\STM32CubeIDE\workspace_1.19.0\AFR\AFR_SENSORS\CM7\Core\Src\stm32h7xx_hal_msp.c_save
2025-07-28 15:39:36,922 [INFO] CodeEngine:289 - Generated code: C:\Users\nicks\STM32CubeIDE\workspace_1.19.0\AFR\AFR_SENSORS\CM7\Core\Src\stm32h7xx_hal_msp.c
2025-07-28 15:39:36,927 [INFO] CodeEngine:265 - oldGeneratedFile, C:\Users\nicks\STM32CubeIDE\workspace_1.19.0\AFR\AFR_SENSORS\CM7\MXTmpFiles\system.tmp_save
2025-07-28 15:39:36,967 [INFO] CodeEngine:289 - Generated code: C:\Users\nicks\STM32CubeIDE\workspace_1.19.0\AFR\AFR_SENSORS\CM7\MXTmpFiles\system.tmp
2025-07-28 15:39:36,977 [INFO] CodeEngine:321 - oldGeneratedFile, C:\Users\nicks\STM32CubeIDE\workspace_1.19.0\AFR\AFR_SENSORS\CM7\Core\Inc\stm32h7xx_hal_conf.h_save
2025-07-28 15:39:37,022 [INFO] CodeEngine:345 - Generated code: C:\Users\nicks\STM32CubeIDE\workspace_1.19.0\AFR\AFR_SENSORS\CM7\Core\Inc\stm32h7xx_hal_conf.h
2025-07-28 15:39:37,044 [WARN] IPConfigManager:3811 - IP not found : NVIC
2025-07-28 15:39:37,044 [WARN] IPConfigManager:3811 - IP not found : TIM
2025-07-28 15:39:37,046 [WARN] CodeGenerator:4259 - IP not found : null
2025-07-28 15:39:37,046 [WARN] CodeGenerator:4259 - IP not found : null
2025-07-28 15:39:37,053 [INFO] CodeEngine:265 - oldGeneratedFile, C:\Users\nicks\STM32CubeIDE\workspace_1.19.0\AFR\AFR_SENSORS\CM7\Core\Inc\main.h_save
2025-07-28 15:39:37,112 [INFO] CodeEngine:289 - Generated code: C:\Users\nicks\STM32CubeIDE\workspace_1.19.0\AFR\AFR_SENSORS\CM7\Core\Inc\main.h
2025-07-28 15:39:37,118 [INFO] CodeEngine:265 - oldGeneratedFile, C:\Users\nicks\STM32CubeIDE\workspace_1.19.0\AFR\AFR_SENSORS\CM7\Core\Src\main.c_save
2025-07-28 15:39:37,220 [INFO] CodeEngine:289 - Generated code: C:\Users\nicks\STM32CubeIDE\workspace_1.19.0\AFR\AFR_SENSORS\CM7\Core\Src\main.c
2025-07-28 15:39:37,261 [INFO] CodeGenerator:1619 - *******************Project context M4 selected
2025-07-28 15:39:37,316 [INFO] CodeEngine:265 - oldGeneratedFile, C:\Users\nicks\STM32CubeIDE\workspace_1.19.0\AFR\AFR_SENSORS\MXTmpFiles\license.tmp_save
2025-07-28 15:39:37,357 [INFO] CodeEngine:289 - Generated code: C:\Users\nicks\STM32CubeIDE\workspace_1.19.0\AFR\AFR_SENSORS\MXTmpFiles\license.tmp
2025-07-28 15:39:37,366 [WARN] IPConfigManager:103 - WARNING: Missing Config File for NVIC2 ip!!
2025-07-28 15:39:37,375 [INFO] CodeEngine:265 - oldGeneratedFile, C:\Users\nicks\STM32CubeIDE\workspace_1.19.0\AFR\AFR_SENSORS\CM4\MXTmpFiles\cortex.tmp_save
2025-07-28 15:39:37,415 [INFO] CodeEngine:289 - Generated code: C:\Users\nicks\STM32CubeIDE\workspace_1.19.0\AFR\AFR_SENSORS\CM4\MXTmpFiles\cortex.tmp
2025-07-28 15:39:37,444 [INFO] CodeEngine:265 - oldGeneratedFile, C:\Users\nicks\STM32CubeIDE\workspace_1.19.0\AFR\AFR_SENSORS\CM4\Core\Inc\stm32h7xx_nucleo_conf.h_save
2025-07-28 15:39:37,489 [INFO] CodeEngine:289 - Generated code: C:\Users\nicks\STM32CubeIDE\workspace_1.19.0\AFR\AFR_SENSORS\CM4\Core\Inc\stm32h7xx_nucleo_conf.h
2025-07-28 15:39:37,494 [INFO] CodeEngine:265 - oldGeneratedFile, C:\Users\nicks\STM32CubeIDE\workspace_1.19.0\AFR\AFR_SENSORS\CM4\MXTmpFiles\bsp_inc.tmp_save
2025-07-28 15:39:37,530 [INFO] CodeEngine:289 - Generated code: C:\Users\nicks\STM32CubeIDE\workspace_1.19.0\AFR\AFR_SENSORS\CM4\MXTmpFiles\bsp_inc.tmp
2025-07-28 15:39:37,545 [INFO] CodeEngine:265 - oldGeneratedFile, C:\Users\nicks\STM32CubeIDE\workspace_1.19.0\AFR\AFR_SENSORS\CM4\Core\Src\stm32h7xx_it.c_save
2025-07-28 15:39:37,588 [INFO] CodeEngine:289 - Generated code: C:\Users\nicks\STM32CubeIDE\workspace_1.19.0\AFR\AFR_SENSORS\CM4\Core\Src\stm32h7xx_it.c
2025-07-28 15:39:37,593 [INFO] CodeEngine:265 - oldGeneratedFile, C:\Users\nicks\STM32CubeIDE\workspace_1.19.0\AFR\AFR_SENSORS\CM4\Core\Inc\stm32h7xx_it.h_save
2025-07-28 15:39:37,634 [INFO] CodeEngine:289 - Generated code: C:\Users\nicks\STM32CubeIDE\workspace_1.19.0\AFR\AFR_SENSORS\CM4\Core\Inc\stm32h7xx_it.h
2025-07-28 15:39:37,653 [INFO] CodeEngine:265 - oldGeneratedFile, C:\Users\nicks\STM32CubeIDE\workspace_1.19.0\AFR\AFR_SENSORS\CM4\Core\Src\stm32h7xx_hal_msp.c_save
2025-07-28 15:39:37,712 [INFO] CodeEngine:289 - Generated code: C:\Users\nicks\STM32CubeIDE\workspace_1.19.0\AFR\AFR_SENSORS\CM4\Core\Src\stm32h7xx_hal_msp.c
2025-07-28 15:39:37,717 [INFO] CodeEngine:265 - oldGeneratedFile, C:\Users\nicks\STM32CubeIDE\workspace_1.19.0\AFR\AFR_SENSORS\CM4\MXTmpFiles\system.tmp_save
2025-07-28 15:39:37,753 [INFO] CodeEngine:289 - Generated code: C:\Users\nicks\STM32CubeIDE\workspace_1.19.0\AFR\AFR_SENSORS\CM4\MXTmpFiles\system.tmp
2025-07-28 15:39:37,764 [INFO] CodeEngine:321 - oldGeneratedFile, C:\Users\nicks\STM32CubeIDE\workspace_1.19.0\AFR\AFR_SENSORS\CM4\Core\Inc\stm32h7xx_hal_conf.h_save
2025-07-28 15:39:37,810 [INFO] CodeEngine:345 - Generated code: C:\Users\nicks\STM32CubeIDE\workspace_1.19.0\AFR\AFR_SENSORS\CM4\Core\Inc\stm32h7xx_hal_conf.h
2025-07-28 15:39:37,820 [WARN] IPConfigManager:3811 - IP not found : NVIC
2025-07-28 15:39:37,821 [WARN] CodeGenerator:4259 - IP not found : null
2025-07-28 15:39:37,827 [INFO] CodeEngine:265 - oldGeneratedFile, C:\Users\nicks\STM32CubeIDE\workspace_1.19.0\AFR\AFR_SENSORS\CM4\Core\Inc\main.h_save
2025-07-28 15:39:37,870 [INFO] CodeEngine:289 - Generated code: C:\Users\nicks\STM32CubeIDE\workspace_1.19.0\AFR\AFR_SENSORS\CM4\Core\Inc\main.h
2025-07-28 15:39:37,876 [INFO] CodeEngine:265 - oldGeneratedFile, C:\Users\nicks\STM32CubeIDE\workspace_1.19.0\AFR\AFR_SENSORS\CM4\Core\Src\main.c_save
2025-07-28 15:39:37,932 [INFO] CodeEngine:289 - Generated code: C:\Users\nicks\STM32CubeIDE\workspace_1.19.0\AFR\AFR_SENSORS\CM4\Core\Src\main.c
2025-07-28 15:39:38,315 [INFO] ProjectBuilder:3606 - Time for Copy HAL[1] : 234mS.
2025-07-28 15:39:38,328 [INFO] ProjectBuilder:5216 - Project Generator version: 4.7.0-B52
2025-07-28 15:39:38,385 [INFO] ConfigFileManager:1595 - The Die is : DIE450
2025-07-28 15:39:43,239 [INFO] ProjectBuilder:5496 - Time for Generating toolchain IDE Files: 4911mS.
2025-07-28 15:39:43,240 [INFO] ProjectBuilder:3463 - Time for Copy CMSIS : 1mS.
2025-07-28 15:39:43,244 [INFO] ProjectBuilder:3463 - Time for Copy CMSIS : 0mS.
2025-07-28 15:44:33,794 [INFO] Gpio:278 - dependency for GPIO [I2C2, TIM1, USART2]
2025-07-28 15:44:33,866 [INFO] NvicIntPanel:101 - NVIC parent = com.st.microxplorer.plugins.ip.nvic.MultiNvicIntPanel[,0,0,0x0,invalid,layout=javax.swing.BoxLayout,alignmentX=0.0,alignmentY=0.0,border=,flags=9,maximumSize=,minimumSize=,preferredSize=]
2025-07-28 15:44:34,352 [INFO] Gpio:278 - dependency for GPIO [I2C2, TIM1, USART2]
2025-07-28 15:44:34,407 [INFO] NvicIntPanel:101 - NVIC parent = com.st.microxplorer.plugins.ip.nvic.MultiNvicIntPanel[,0,0,0x0,invalid,layout=javax.swing.BoxLayout,alignmentX=0.0,alignmentY=0.0,border=,flags=9,maximumSize=,minimumSize=,preferredSize=]
2025-07-28 15:44:40,767 [INFO] UtilMem:75 - End SaveConfig() Used Memory: 987611080 Bytes (1073741824)
2025-07-28 15:44:40,910 [INFO] UtilMem:75 - End SaveConfig() Used Memory: 435378160 Bytes (1073741824)
2025-07-28 15:44:41,779 [INFO] UtilMem:75 - End SaveConfig() Used Memory: 636704752 Bytes (1073741824)
2025-07-28 15:44:42,071 [ERROR] IocParser:95 - Exception caught: null
2025-07-28 15:44:43,029 [INFO] BlockDiagram:2775 - set Specific Code input for plugin: FREERTOS
2025-07-28 15:44:43,029 [INFO] BlockDiagram:2775 - set Specific Code input for plugin: RCC
2025-07-28 15:44:43,029 [INFO] BlockDiagram:2775 - set Specific Code input for plugin: I2C
2025-07-28 15:44:43,029 [INFO] BlockDiagram:2775 - set Specific Code input for plugin: USART
2025-07-28 15:44:43,029 [INFO] BlockDiagram:2775 - set Specific Code input for plugin: TIM1_8H7
2025-07-28 15:44:43,029 [INFO] BlockDiagram:2775 - set Specific Code input for plugin: SYS
2025-07-28 15:44:43,029 [INFO] BlockDiagram:2775 - set Specific Code input for plugin: NVIC2
2025-07-28 15:44:43,030 [INFO] BlockDiagram:2775 - set Specific Code input for plugin: GPIO
2025-07-28 15:44:43,030 [INFO] BlockDiagram:2775 - set Specific Code input for plugin: SYS_M4
2025-07-28 15:44:43,030 [INFO] BlockDiagram:2775 - set Specific Code input for plugin: NUCLEO-H755ZI-Q
2025-07-28 15:44:43,031 [INFO] BlockDiagram:2775 - set Specific Code input for plugin: NVIC1
2025-07-28 15:44:43,031 [INFO] CodeGenerator:892 - code generatio: config db path: C:\ST\STM32CubeIDE_1.19.0\STM32CubeIDE\plugins\com.st.stm32cube.common.mx_6.15.0.202507011659\\db\
2025-07-28 15:44:43,077 [ERROR] CodeGenerator:10662 - The current RTOS owner has not been found in the list of IPs
2025-07-28 15:44:43,078 [INFO] CodeGenerator:1619 - *******************Project context M7 selected
2025-07-28 15:44:43,123 [INFO] CodeEngine:265 - oldGeneratedFile, C:\Users\nicks\STM32CubeIDE\workspace_1.19.0\AFR\AFR_SENSORS\MXTmpFiles\license.tmp_save
2025-07-28 15:44:43,259 [INFO] CodeEngine:289 - Generated code: C:\Users\nicks\STM32CubeIDE\workspace_1.19.0\AFR\AFR_SENSORS\MXTmpFiles\license.tmp
2025-07-28 15:44:43,339 [INFO] CodeEngine:265 - oldGeneratedFile, C:\Users\nicks\STM32CubeIDE\workspace_1.19.0\AFR\AFR_SENSORS\CM7\MXTmpFiles\gpio.tmp_save
2025-07-28 15:44:43,409 [INFO] CodeEngine:289 - Generated code: C:\Users\nicks\STM32CubeIDE\workspace_1.19.0\AFR\AFR_SENSORS\CM7\MXTmpFiles\gpio.tmp
2025-07-28 15:44:43,670 [WARN] IPConfigManager:103 - WARNING: Missing Config File for NVIC1 ip!!
2025-07-28 15:44:43,887 [ERROR] CodeGenerator:10662 - The current RTOS owner has not been found in the list of IPs
2025-07-28 15:44:43,893 [INFO] CodeEngine:265 - oldGeneratedFile, C:\Users\nicks\STM32CubeIDE\workspace_1.19.0\AFR\AFR_SENSORS\CM7\MXTmpFiles\cortex.tmp_save
2025-07-28 15:44:43,944 [INFO] CodeEngine:289 - Generated code: C:\Users\nicks\STM32CubeIDE\workspace_1.19.0\AFR\AFR_SENSORS\CM7\MXTmpFiles\cortex.tmp
2025-07-28 15:44:43,960 [INFO] Middleware:1452 - No code input for Bsp Dependency
2025-07-28 15:44:43,968 [INFO] CodeEngine:265 - oldGeneratedFile, C:\Users\nicks\STM32CubeIDE\workspace_1.19.0\AFR\AFR_SENSORS\CM7\MXTmpFiles\rtos_inc.tmp_save
2025-07-28 15:44:44,011 [INFO] CodeEngine:289 - Generated code: C:\Users\nicks\STM32CubeIDE\workspace_1.19.0\AFR\AFR_SENSORS\CM7\MXTmpFiles\rtos_inc.tmp
2025-07-28 15:44:44,016 [INFO] CodeEngine:265 - oldGeneratedFile, C:\Users\nicks\STM32CubeIDE\workspace_1.19.0\AFR\AFR_SENSORS\CM7\MXTmpFiles\rtos_kernelInit.tmp_save
2025-07-28 15:44:44,058 [INFO] CodeEngine:289 - Generated code: C:\Users\nicks\STM32CubeIDE\workspace_1.19.0\AFR\AFR_SENSORS\CM7\MXTmpFiles\rtos_kernelInit.tmp
2025-07-28 15:44:44,063 [INFO] CodeEngine:265 - oldGeneratedFile, C:\Users\nicks\STM32CubeIDE\workspace_1.19.0\AFR\AFR_SENSORS\CM7\MXTmpFiles\rtos_kernelStart.tmp_save
2025-07-28 15:44:44,103 [INFO] CodeEngine:289 - Generated code: C:\Users\nicks\STM32CubeIDE\workspace_1.19.0\AFR\AFR_SENSORS\CM7\MXTmpFiles\rtos_kernelStart.tmp
2025-07-28 15:44:44,108 [INFO] CodeEngine:265 - oldGeneratedFile, C:\Users\nicks\STM32CubeIDE\workspace_1.19.0\AFR\AFR_SENSORS\CM7\MXTmpFiles\rtos_typedefs.tmp_save
2025-07-28 15:44:44,153 [INFO] CodeEngine:289 - Generated code: C:\Users\nicks\STM32CubeIDE\workspace_1.19.0\AFR\AFR_SENSORS\CM7\MXTmpFiles\rtos_typedefs.tmp
2025-07-28 15:44:44,157 [INFO] CodeEngine:265 - oldGeneratedFile, C:\Users\nicks\STM32CubeIDE\workspace_1.19.0\AFR\AFR_SENSORS\CM7\MXTmpFiles\rtos_vars.tmp_save
2025-07-28 15:44:44,199 [INFO] CodeEngine:289 - Generated code: C:\Users\nicks\STM32CubeIDE\workspace_1.19.0\AFR\AFR_SENSORS\CM7\MXTmpFiles\rtos_vars.tmp
2025-07-28 15:44:44,204 [INFO] CodeEngine:265 - oldGeneratedFile, C:\Users\nicks\STM32CubeIDE\workspace_1.19.0\AFR\AFR_SENSORS\CM7\MXTmpFiles\rtos_pfp.tmp_save
2025-07-28 15:44:44,243 [INFO] CodeEngine:289 - Generated code: C:\Users\nicks\STM32CubeIDE\workspace_1.19.0\AFR\AFR_SENSORS\CM7\MXTmpFiles\rtos_pfp.tmp
2025-07-28 15:44:44,248 [INFO] CodeEngine:265 - oldGeneratedFile, C:\Users\nicks\STM32CubeIDE\workspace_1.19.0\AFR\AFR_SENSORS\CM7\MXTmpFiles\rtos_obj_creat.tmp_save
2025-07-28 15:44:44,288 [INFO] CodeEngine:289 - Generated code: C:\Users\nicks\STM32CubeIDE\workspace_1.19.0\AFR\AFR_SENSORS\CM7\MXTmpFiles\rtos_obj_creat.tmp
2025-07-28 15:44:44,293 [INFO] CodeEngine:265 - oldGeneratedFile, C:\Users\nicks\STM32CubeIDE\workspace_1.19.0\AFR\AFR_SENSORS\CM7\MXTmpFiles\rtos_default_thread.tmp_save
2025-07-28 15:44:44,332 [INFO] CodeEngine:289 - Generated code: C:\Users\nicks\STM32CubeIDE\workspace_1.19.0\AFR\AFR_SENSORS\CM7\MXTmpFiles\rtos_default_thread.tmp
2025-07-28 15:44:44,337 [INFO] CodeEngine:265 - oldGeneratedFile, C:\Users\nicks\STM32CubeIDE\workspace_1.19.0\AFR\AFR_SENSORS\CM7\MXTmpFiles\rtos_threads.tmp_save
2025-07-28 15:44:44,376 [INFO] CodeEngine:289 - Generated code: C:\Users\nicks\STM32CubeIDE\workspace_1.19.0\AFR\AFR_SENSORS\CM7\MXTmpFiles\rtos_threads.tmp
2025-07-28 15:44:44,381 [INFO] CodeEngine:265 - oldGeneratedFile, C:\Users\nicks\STM32CubeIDE\workspace_1.19.0\AFR\AFR_SENSORS\CM7\Core\Inc\FreeRTOSConfig.h_save
2025-07-28 15:44:44,438 [INFO] CodeEngine:289 - Generated code: C:\Users\nicks\STM32CubeIDE\workspace_1.19.0\AFR\AFR_SENSORS\CM7\Core\Inc\FreeRTOSConfig.h
2025-07-28 15:44:44,445 [INFO] CodeEngine:265 - oldGeneratedFile, C:\Users\nicks\STM32CubeIDE\workspace_1.19.0\AFR\AFR_SENSORS\CM7\Core\Src\freertos.c_save
2025-07-28 15:44:44,493 [INFO] CodeEngine:289 - Generated code: C:\Users\nicks\STM32CubeIDE\workspace_1.19.0\AFR\AFR_SENSORS\CM7\Core\Src\freertos.c
2025-07-28 15:44:44,543 [INFO] CodeEngine:265 - oldGeneratedFile, C:\Users\nicks\STM32CubeIDE\workspace_1.19.0\AFR\AFR_SENSORS\CM7\Core\Inc\stm32h7xx_nucleo_conf.h_save
2025-07-28 15:44:44,599 [INFO] CodeEngine:289 - Generated code: C:\Users\nicks\STM32CubeIDE\workspace_1.19.0\AFR\AFR_SENSORS\CM7\Core\Inc\stm32h7xx_nucleo_conf.h
2025-07-28 15:44:44,605 [INFO] CodeEngine:265 - oldGeneratedFile, C:\Users\nicks\STM32CubeIDE\workspace_1.19.0\AFR\AFR_SENSORS\CM7\MXTmpFiles\bsp_inc.tmp_save
2025-07-28 15:44:44,662 [INFO] CodeEngine:289 - Generated code: C:\Users\nicks\STM32CubeIDE\workspace_1.19.0\AFR\AFR_SENSORS\CM7\MXTmpFiles\bsp_inc.tmp
2025-07-28 15:44:44,668 [INFO] CodeEngine:265 - oldGeneratedFile, C:\Users\nicks\STM32CubeIDE\workspace_1.19.0\AFR\AFR_SENSORS\CM7\MXTmpFiles\bsp_common_vars.tmp_save
2025-07-28 15:44:44,711 [INFO] CodeEngine:289 - Generated code: C:\Users\nicks\STM32CubeIDE\workspace_1.19.0\AFR\AFR_SENSORS\CM7\MXTmpFiles\bsp_common_vars.tmp
2025-07-28 15:44:44,717 [INFO] CodeEngine:265 - oldGeneratedFile, C:\Users\nicks\STM32CubeIDE\workspace_1.19.0\AFR\AFR_SENSORS\CM7\MXTmpFiles\bsp_common_init.tmp_save
2025-07-28 15:44:44,755 [INFO] CodeEngine:289 - Generated code: C:\Users\nicks\STM32CubeIDE\workspace_1.19.0\AFR\AFR_SENSORS\CM7\MXTmpFiles\bsp_common_init.tmp
2025-07-28 15:44:44,760 [INFO] CodeEngine:265 - oldGeneratedFile, C:\Users\nicks\STM32CubeIDE\workspace_1.19.0\AFR\AFR_SENSORS\CM7\MXTmpFiles\bsp_common_demo_before_while.tmp_save
2025-07-28 15:44:44,799 [INFO] CodeEngine:289 - Generated code: C:\Users\nicks\STM32CubeIDE\workspace_1.19.0\AFR\AFR_SENSORS\CM7\MXTmpFiles\bsp_common_demo_before_while.tmp
2025-07-28 15:44:44,804 [INFO] CodeEngine:265 - oldGeneratedFile, C:\Users\nicks\STM32CubeIDE\workspace_1.19.0\AFR\AFR_SENSORS\CM7\MXTmpFiles\bsp_common_demo_inside_while.tmp_save
2025-07-28 15:44:44,841 [INFO] CodeEngine:289 - Generated code: C:\Users\nicks\STM32CubeIDE\workspace_1.19.0\AFR\AFR_SENSORS\CM7\MXTmpFiles\bsp_common_demo_inside_while.tmp
2025-07-28 15:44:44,845 [INFO] CodeEngine:265 - oldGeneratedFile, C:\Users\nicks\STM32CubeIDE\workspace_1.19.0\AFR\AFR_SENSORS\CM7\MXTmpFiles\bsp_common_demo_fct.tmp_save
2025-07-28 15:44:44,882 [INFO] CodeEngine:289 - Generated code: C:\Users\nicks\STM32CubeIDE\workspace_1.19.0\AFR\AFR_SENSORS\CM7\MXTmpFiles\bsp_common_demo_fct.tmp
2025-07-28 15:44:44,901 [INFO] CodeEngine:265 - oldGeneratedFile, C:\Users\nicks\STM32CubeIDE\workspace_1.19.0\AFR\AFR_SENSORS\CM7\Core\Src\stm32h7xx_it.c_save
2025-07-28 15:44:44,958 [INFO] CodeEngine:289 - Generated code: C:\Users\nicks\STM32CubeIDE\workspace_1.19.0\AFR\AFR_SENSORS\CM7\Core\Src\stm32h7xx_it.c
2025-07-28 15:44:44,964 [INFO] CodeEngine:265 - oldGeneratedFile, C:\Users\nicks\STM32CubeIDE\workspace_1.19.0\AFR\AFR_SENSORS\CM7\Core\Inc\stm32h7xx_it.h_save
2025-07-28 15:44:45,008 [INFO] CodeEngine:289 - Generated code: C:\Users\nicks\STM32CubeIDE\workspace_1.19.0\AFR\AFR_SENSORS\CM7\Core\Inc\stm32h7xx_it.h
2025-07-28 15:44:45,099 [INFO] CodeEngine:265 - oldGeneratedFile, C:\Users\nicks\STM32CubeIDE\workspace_1.19.0\AFR\AFR_SENSORS\CM7\Core\Src\stm32h7xx_hal_msp.c_save
2025-07-28 15:44:45,170 [INFO] CodeEngine:289 - Generated code: C:\Users\nicks\STM32CubeIDE\workspace_1.19.0\AFR\AFR_SENSORS\CM7\Core\Src\stm32h7xx_hal_msp.c
2025-07-28 15:44:45,175 [INFO] CodeEngine:265 - oldGeneratedFile, C:\Users\nicks\STM32CubeIDE\workspace_1.19.0\AFR\AFR_SENSORS\CM7\MXTmpFiles\system.tmp_save
2025-07-28 15:44:45,213 [INFO] CodeEngine:289 - Generated code: C:\Users\nicks\STM32CubeIDE\workspace_1.19.0\AFR\AFR_SENSORS\CM7\MXTmpFiles\system.tmp
2025-07-28 15:44:45,223 [INFO] CodeEngine:321 - oldGeneratedFile, C:\Users\nicks\STM32CubeIDE\workspace_1.19.0\AFR\AFR_SENSORS\CM7\Core\Inc\stm32h7xx_hal_conf.h_save
2025-07-28 15:44:45,268 [INFO] CodeEngine:345 - Generated code: C:\Users\nicks\STM32CubeIDE\workspace_1.19.0\AFR\AFR_SENSORS\CM7\Core\Inc\stm32h7xx_hal_conf.h
2025-07-28 15:44:45,290 [WARN] IPConfigManager:3811 - IP not found : NVIC
2025-07-28 15:44:45,290 [WARN] IPConfigManager:3811 - IP not found : TIM
2025-07-28 15:44:45,291 [WARN] CodeGenerator:4259 - IP not found : null
2025-07-28 15:44:45,292 [WARN] CodeGenerator:4259 - IP not found : null
2025-07-28 15:44:45,298 [INFO] CodeEngine:265 - oldGeneratedFile, C:\Users\nicks\STM32CubeIDE\workspace_1.19.0\AFR\AFR_SENSORS\CM7\Core\Inc\main.h_save
2025-07-28 15:44:45,345 [INFO] CodeEngine:289 - Generated code: C:\Users\nicks\STM32CubeIDE\workspace_1.19.0\AFR\AFR_SENSORS\CM7\Core\Inc\main.h
2025-07-28 15:44:45,351 [INFO] CodeEngine:265 - oldGeneratedFile, C:\Users\nicks\STM32CubeIDE\workspace_1.19.0\AFR\AFR_SENSORS\CM7\Core\Src\main.c_save
2025-07-28 15:44:45,444 [INFO] CodeEngine:289 - Generated code: C:\Users\nicks\STM32CubeIDE\workspace_1.19.0\AFR\AFR_SENSORS\CM7\Core\Src\main.c
2025-07-28 15:44:45,481 [INFO] CodeGenerator:1619 - *******************Project context M4 selected
2025-07-28 15:44:45,524 [INFO] CodeEngine:265 - oldGeneratedFile, C:\Users\nicks\STM32CubeIDE\workspace_1.19.0\AFR\AFR_SENSORS\MXTmpFiles\license.tmp_save
2025-07-28 15:44:45,563 [INFO] CodeEngine:289 - Generated code: C:\Users\nicks\STM32CubeIDE\workspace_1.19.0\AFR\AFR_SENSORS\MXTmpFiles\license.tmp
2025-07-28 15:44:45,571 [WARN] IPConfigManager:103 - WARNING: Missing Config File for NVIC2 ip!!
2025-07-28 15:44:45,580 [INFO] CodeEngine:265 - oldGeneratedFile, C:\Users\nicks\STM32CubeIDE\workspace_1.19.0\AFR\AFR_SENSORS\CM4\MXTmpFiles\cortex.tmp_save
2025-07-28 15:44:45,619 [INFO] CodeEngine:289 - Generated code: C:\Users\nicks\STM32CubeIDE\workspace_1.19.0\AFR\AFR_SENSORS\CM4\MXTmpFiles\cortex.tmp
2025-07-28 15:44:45,646 [INFO] CodeEngine:265 - oldGeneratedFile, C:\Users\nicks\STM32CubeIDE\workspace_1.19.0\AFR\AFR_SENSORS\CM4\Core\Inc\stm32h7xx_nucleo_conf.h_save
2025-07-28 15:44:45,687 [INFO] CodeEngine:289 - Generated code: C:\Users\nicks\STM32CubeIDE\workspace_1.19.0\AFR\AFR_SENSORS\CM4\Core\Inc\stm32h7xx_nucleo_conf.h
2025-07-28 15:44:45,691 [INFO] CodeEngine:265 - oldGeneratedFile, C:\Users\nicks\STM32CubeIDE\workspace_1.19.0\AFR\AFR_SENSORS\CM4\MXTmpFiles\bsp_inc.tmp_save
2025-07-28 15:44:45,728 [INFO] CodeEngine:289 - Generated code: C:\Users\nicks\STM32CubeIDE\workspace_1.19.0\AFR\AFR_SENSORS\CM4\MXTmpFiles\bsp_inc.tmp
2025-07-28 15:44:45,744 [INFO] CodeEngine:265 - oldGeneratedFile, C:\Users\nicks\STM32CubeIDE\workspace_1.19.0\AFR\AFR_SENSORS\CM4\Core\Src\stm32h7xx_it.c_save
2025-07-28 15:44:45,788 [INFO] CodeEngine:289 - Generated code: C:\Users\nicks\STM32CubeIDE\workspace_1.19.0\AFR\AFR_SENSORS\CM4\Core\Src\stm32h7xx_it.c
2025-07-28 15:44:45,793 [INFO] CodeEngine:265 - oldGeneratedFile, C:\Users\nicks\STM32CubeIDE\workspace_1.19.0\AFR\AFR_SENSORS\CM4\Core\Inc\stm32h7xx_it.h_save
2025-07-28 15:44:45,833 [INFO] CodeEngine:289 - Generated code: C:\Users\nicks\STM32CubeIDE\workspace_1.19.0\AFR\AFR_SENSORS\CM4\Core\Inc\stm32h7xx_it.h
2025-07-28 15:44:45,853 [INFO] CodeEngine:265 - oldGeneratedFile, C:\Users\nicks\STM32CubeIDE\workspace_1.19.0\AFR\AFR_SENSORS\CM4\Core\Src\stm32h7xx_hal_msp.c_save
2025-07-28 15:44:45,915 [INFO] CodeEngine:289 - Generated code: C:\Users\nicks\STM32CubeIDE\workspace_1.19.0\AFR\AFR_SENSORS\CM4\Core\Src\stm32h7xx_hal_msp.c
2025-07-28 15:44:45,919 [INFO] CodeEngine:265 - oldGeneratedFile, C:\Users\nicks\STM32CubeIDE\workspace_1.19.0\AFR\AFR_SENSORS\CM4\MXTmpFiles\system.tmp_save
2025-07-28 15:44:45,959 [INFO] CodeEngine:289 - Generated code: C:\Users\nicks\STM32CubeIDE\workspace_1.19.0\AFR\AFR_SENSORS\CM4\MXTmpFiles\system.tmp
2025-07-28 15:44:45,969 [INFO] CodeEngine:321 - oldGeneratedFile, C:\Users\nicks\STM32CubeIDE\workspace_1.19.0\AFR\AFR_SENSORS\CM4\Core\Inc\stm32h7xx_hal_conf.h_save
2025-07-28 15:44:46,013 [INFO] CodeEngine:345 - Generated code: C:\Users\nicks\STM32CubeIDE\workspace_1.19.0\AFR\AFR_SENSORS\CM4\Core\Inc\stm32h7xx_hal_conf.h
2025-07-28 15:44:46,024 [WARN] IPConfigManager:3811 - IP not found : NVIC
2025-07-28 15:44:46,025 [WARN] CodeGenerator:4259 - IP not found : null
2025-07-28 15:44:46,032 [INFO] CodeEngine:265 - oldGeneratedFile, C:\Users\nicks\STM32CubeIDE\workspace_1.19.0\AFR\AFR_SENSORS\CM4\Core\Inc\main.h_save
2025-07-28 15:44:46,076 [INFO] CodeEngine:289 - Generated code: C:\Users\nicks\STM32CubeIDE\workspace_1.19.0\AFR\AFR_SENSORS\CM4\Core\Inc\main.h
2025-07-28 15:44:46,081 [INFO] CodeEngine:265 - oldGeneratedFile, C:\Users\nicks\STM32CubeIDE\workspace_1.19.0\AFR\AFR_SENSORS\CM4\Core\Src\main.c_save
2025-07-28 15:44:46,138 [INFO] CodeEngine:289 - Generated code: C:\Users\nicks\STM32CubeIDE\workspace_1.19.0\AFR\AFR_SENSORS\CM4\Core\Src\main.c
2025-07-28 15:44:46,521 [INFO] ProjectBuilder:3606 - Time for Copy HAL[1] : 226mS.
2025-07-28 15:44:46,533 [INFO] ProjectBuilder:5216 - Project Generator version: 4.7.0-B52
2025-07-28 15:44:46,589 [INFO] ConfigFileManager:1595 - The Die is : DIE450
2025-07-28 15:44:51,680 [INFO] ProjectBuilder:5496 - Time for Generating toolchain IDE Files: 5147mS.
2025-07-28 15:44:51,681 [INFO] ProjectBuilder:3463 - Time for Copy CMSIS : 1mS.
2025-07-28 15:44:51,685 [INFO] ProjectBuilder:3463 - Time for Copy CMSIS : 0mS.
2025-07-28 15:49:29,497 [INFO] Gpio:278 - dependency for GPIO [I2C2, TIM1, USART2]
2025-07-28 15:49:29,583 [INFO] NvicIntPanel:101 - NVIC parent = com.st.microxplorer.plugins.ip.nvic.MultiNvicIntPanel[,0,0,0x0,invalid,layout=javax.swing.BoxLayout,alignmentX=0.0,alignmentY=0.0,border=,flags=9,maximumSize=,minimumSize=,preferredSize=]
2025-07-28 15:49:29,595 [INFO] NvicIntPanel:101 - NVIC parent = com.st.microxplorer.plugins.ip.nvic.MultiNvicIntPanel[,0,0,0x0,invalid,layout=javax.swing.BoxLayout,alignmentX=0.0,alignmentY=0.0,border=,flags=9,maximumSize=,minimumSize=,preferredSize=]
2025-07-28 15:49:30,087 [INFO] Gpio:278 - dependency for GPIO [I2C2, TIM1, USART2]
2025-07-28 15:49:30,149 [INFO] NvicIntPanel:101 - NVIC parent = com.st.microxplorer.plugins.ip.nvic.MultiNvicIntPanel[,0,0,0x0,invalid,layout=javax.swing.BoxLayout,alignmentX=0.0,alignmentY=0.0,border=,flags=9,maximumSize=,minimumSize=,preferredSize=]
2025-07-28 15:49:30,161 [INFO] NvicIntPanel:101 - NVIC parent = com.st.microxplorer.plugins.ip.nvic.MultiNvicIntPanel[,0,0,0x0,invalid,layout=javax.swing.BoxLayout,alignmentX=0.0,alignmentY=0.0,border=,flags=9,maximumSize=,minimumSize=,preferredSize=]
2025-07-28 15:49:32,738 [INFO] Gpio:278 - dependency for GPIO [I2C2, TIM1, USART2]
2025-07-28 15:49:33,630 [INFO] UtilMem:75 - End SaveConfig() Used Memory: 601560336 Bytes (1073741824)
2025-07-28 15:49:33,750 [INFO] UtilMem:75 - End SaveConfig() Used Memory: 631921232 Bytes (1073741824)
2025-07-28 15:49:34,750 [INFO] UtilMem:75 - End SaveConfig() Used Memory: 836915792 Bytes (1073741824)
2025-07-28 15:49:34,933 [ERROR] IocParser:95 - Exception caught: null
2025-07-28 15:49:36,054 [INFO] BlockDiagram:2775 - set Specific Code input for plugin: FREERTOS
2025-07-28 15:49:36,054 [INFO] BlockDiagram:2775 - set Specific Code input for plugin: RCC
2025-07-28 15:49:36,054 [INFO] BlockDiagram:2775 - set Specific Code input for plugin: I2C
2025-07-28 15:49:36,054 [INFO] BlockDiagram:2775 - set Specific Code input for plugin: USART
2025-07-28 15:49:36,054 [INFO] BlockDiagram:2775 - set Specific Code input for plugin: TIM1_8H7
2025-07-28 15:49:36,055 [INFO] BlockDiagram:2775 - set Specific Code input for plugin: SYS
2025-07-28 15:49:36,055 [INFO] BlockDiagram:2775 - set Specific Code input for plugin: NVIC2
2025-07-28 15:49:36,055 [INFO] BlockDiagram:2775 - set Specific Code input for plugin: GPIO
2025-07-28 15:49:36,055 [INFO] BlockDiagram:2775 - set Specific Code input for plugin: SYS_M4
2025-07-28 15:49:36,055 [INFO] BlockDiagram:2775 - set Specific Code input for plugin: NUCLEO-H755ZI-Q
2025-07-28 15:49:36,055 [INFO] BlockDiagram:2775 - set Specific Code input for plugin: NVIC1
2025-07-28 15:49:36,056 [INFO] CodeGenerator:892 - code generatio: config db path: C:\ST\STM32CubeIDE_1.19.0\STM32CubeIDE\plugins\com.st.stm32cube.common.mx_6.15.0.202507011659\\db\
2025-07-28 15:49:36,121 [ERROR] CodeGenerator:10662 - The current RTOS owner has not been found in the list of IPs
2025-07-28 15:49:36,122 [INFO] CodeGenerator:1619 - *******************Project context M7 selected
2025-07-28 15:49:36,171 [INFO] CodeEngine:265 - oldGeneratedFile, C:\Users\nicks\STM32CubeIDE\workspace_1.19.0\AFR\AFR_SENSORS\MXTmpFiles\license.tmp_save
2025-07-28 15:49:36,301 [INFO] CodeEngine:289 - Generated code: C:\Users\nicks\STM32CubeIDE\workspace_1.19.0\AFR\AFR_SENSORS\MXTmpFiles\license.tmp
2025-07-28 15:49:36,376 [INFO] CodeEngine:265 - oldGeneratedFile, C:\Users\nicks\STM32CubeIDE\workspace_1.19.0\AFR\AFR_SENSORS\CM7\MXTmpFiles\gpio.tmp_save
2025-07-28 15:49:36,460 [INFO] CodeEngine:289 - Generated code: C:\Users\nicks\STM32CubeIDE\workspace_1.19.0\AFR\AFR_SENSORS\CM7\MXTmpFiles\gpio.tmp
2025-07-28 15:49:36,713 [WARN] IPConfigManager:103 - WARNING: Missing Config File for NVIC1 ip!!
2025-07-28 15:49:36,931 [ERROR] CodeGenerator:10662 - The current RTOS owner has not been found in the list of IPs
2025-07-28 15:49:36,937 [INFO] CodeEngine:265 - oldGeneratedFile, C:\Users\nicks\STM32CubeIDE\workspace_1.19.0\AFR\AFR_SENSORS\CM7\MXTmpFiles\cortex.tmp_save
2025-07-28 15:49:36,990 [INFO] CodeEngine:289 - Generated code: C:\Users\nicks\STM32CubeIDE\workspace_1.19.0\AFR\AFR_SENSORS\CM7\MXTmpFiles\cortex.tmp
2025-07-28 15:49:37,003 [INFO] Middleware:1452 - No code input for Bsp Dependency
2025-07-28 15:49:37,010 [INFO] CodeEngine:265 - oldGeneratedFile, C:\Users\nicks\STM32CubeIDE\workspace_1.19.0\AFR\AFR_SENSORS\CM7\MXTmpFiles\rtos_inc.tmp_save
2025-07-28 15:49:37,052 [INFO] CodeEngine:289 - Generated code: C:\Users\nicks\STM32CubeIDE\workspace_1.19.0\AFR\AFR_SENSORS\CM7\MXTmpFiles\rtos_inc.tmp
2025-07-28 15:49:37,056 [INFO] CodeEngine:265 - oldGeneratedFile, C:\Users\nicks\STM32CubeIDE\workspace_1.19.0\AFR\AFR_SENSORS\CM7\MXTmpFiles\rtos_kernelInit.tmp_save
2025-07-28 15:49:37,097 [INFO] CodeEngine:289 - Generated code: C:\Users\nicks\STM32CubeIDE\workspace_1.19.0\AFR\AFR_SENSORS\CM7\MXTmpFiles\rtos_kernelInit.tmp
2025-07-28 15:49:37,102 [INFO] CodeEngine:265 - oldGeneratedFile, C:\Users\nicks\STM32CubeIDE\workspace_1.19.0\AFR\AFR_SENSORS\CM7\MXTmpFiles\rtos_kernelStart.tmp_save
2025-07-28 15:49:37,144 [INFO] CodeEngine:289 - Generated code: C:\Users\nicks\STM32CubeIDE\workspace_1.19.0\AFR\AFR_SENSORS\CM7\MXTmpFiles\rtos_kernelStart.tmp
2025-07-28 15:49:37,150 [INFO] CodeEngine:265 - oldGeneratedFile, C:\Users\nicks\STM32CubeIDE\workspace_1.19.0\AFR\AFR_SENSORS\CM7\MXTmpFiles\rtos_typedefs.tmp_save
2025-07-28 15:49:37,194 [INFO] CodeEngine:289 - Generated code: C:\Users\nicks\STM32CubeIDE\workspace_1.19.0\AFR\AFR_SENSORS\CM7\MXTmpFiles\rtos_typedefs.tmp
2025-07-28 15:49:37,199 [INFO] CodeEngine:265 - oldGeneratedFile, C:\Users\nicks\STM32CubeIDE\workspace_1.19.0\AFR\AFR_SENSORS\CM7\MXTmpFiles\rtos_vars.tmp_save
2025-07-28 15:49:37,242 [INFO] CodeEngine:289 - Generated code: C:\Users\nicks\STM32CubeIDE\workspace_1.19.0\AFR\AFR_SENSORS\CM7\MXTmpFiles\rtos_vars.tmp
2025-07-28 15:49:37,247 [INFO] CodeEngine:265 - oldGeneratedFile, C:\Users\nicks\STM32CubeIDE\workspace_1.19.0\AFR\AFR_SENSORS\CM7\MXTmpFiles\rtos_pfp.tmp_save
2025-07-28 15:49:37,286 [INFO] CodeEngine:289 - Generated code: C:\Users\nicks\STM32CubeIDE\workspace_1.19.0\AFR\AFR_SENSORS\CM7\MXTmpFiles\rtos_pfp.tmp
2025-07-28 15:49:37,291 [INFO] CodeEngine:265 - oldGeneratedFile, C:\Users\nicks\STM32CubeIDE\workspace_1.19.0\AFR\AFR_SENSORS\CM7\MXTmpFiles\rtos_obj_creat.tmp_save
2025-07-28 15:49:37,332 [INFO] CodeEngine:289 - Generated code: C:\Users\nicks\STM32CubeIDE\workspace_1.19.0\AFR\AFR_SENSORS\CM7\MXTmpFiles\rtos_obj_creat.tmp
2025-07-28 15:49:37,336 [INFO] CodeEngine:265 - oldGeneratedFile, C:\Users\nicks\STM32CubeIDE\workspace_1.19.0\AFR\AFR_SENSORS\CM7\MXTmpFiles\rtos_default_thread.tmp_save
2025-07-28 15:49:37,376 [INFO] CodeEngine:289 - Generated code: C:\Users\nicks\STM32CubeIDE\workspace_1.19.0\AFR\AFR_SENSORS\CM7\MXTmpFiles\rtos_default_thread.tmp
2025-07-28 15:49:37,382 [INFO] CodeEngine:265 - oldGeneratedFile, C:\Users\nicks\STM32CubeIDE\workspace_1.19.0\AFR\AFR_SENSORS\CM7\MXTmpFiles\rtos_threads.tmp_save
2025-07-28 15:49:37,421 [INFO] CodeEngine:289 - Generated code: C:\Users\nicks\STM32CubeIDE\workspace_1.19.0\AFR\AFR_SENSORS\CM7\MXTmpFiles\rtos_threads.tmp
2025-07-28 15:49:37,427 [INFO] CodeEngine:265 - oldGeneratedFile, C:\Users\nicks\STM32CubeIDE\workspace_1.19.0\AFR\AFR_SENSORS\CM7\Core\Inc\FreeRTOSConfig.h_save
2025-07-28 15:49:37,482 [INFO] CodeEngine:289 - Generated code: C:\Users\nicks\STM32CubeIDE\workspace_1.19.0\AFR\AFR_SENSORS\CM7\Core\Inc\FreeRTOSConfig.h
2025-07-28 15:49:37,489 [INFO] CodeEngine:265 - oldGeneratedFile, C:\Users\nicks\STM32CubeIDE\workspace_1.19.0\AFR\AFR_SENSORS\CM7\Core\Src\freertos.c_save
2025-07-28 15:49:37,536 [INFO] CodeEngine:289 - Generated code: C:\Users\nicks\STM32CubeIDE\workspace_1.19.0\AFR\AFR_SENSORS\CM7\Core\Src\freertos.c
2025-07-28 15:49:37,565 [INFO] CodeEngine:265 - oldGeneratedFile, C:\Users\nicks\STM32CubeIDE\workspace_1.19.0\AFR\AFR_SENSORS\CM7\Core\Inc\stm32h7xx_nucleo_conf.h_save
2025-07-28 15:49:37,607 [INFO] CodeEngine:289 - Generated code: C:\Users\nicks\STM32CubeIDE\workspace_1.19.0\AFR\AFR_SENSORS\CM7\Core\Inc\stm32h7xx_nucleo_conf.h
2025-07-28 15:49:37,612 [INFO] CodeEngine:265 - oldGeneratedFile, C:\Users\nicks\STM32CubeIDE\workspace_1.19.0\AFR\AFR_SENSORS\CM7\MXTmpFiles\bsp_inc.tmp_save
2025-07-28 15:49:37,653 [INFO] CodeEngine:289 - Generated code: C:\Users\nicks\STM32CubeIDE\workspace_1.19.0\AFR\AFR_SENSORS\CM7\MXTmpFiles\bsp_inc.tmp
2025-07-28 15:49:37,658 [INFO] CodeEngine:265 - oldGeneratedFile, C:\Users\nicks\STM32CubeIDE\workspace_1.19.0\AFR\AFR_SENSORS\CM7\MXTmpFiles\bsp_common_vars.tmp_save
2025-07-28 15:49:37,701 [INFO] CodeEngine:289 - Generated code: C:\Users\nicks\STM32CubeIDE\workspace_1.19.0\AFR\AFR_SENSORS\CM7\MXTmpFiles\bsp_common_vars.tmp
2025-07-28 15:49:37,705 [INFO] CodeEngine:265 - oldGeneratedFile, C:\Users\nicks\STM32CubeIDE\workspace_1.19.0\AFR\AFR_SENSORS\CM7\MXTmpFiles\bsp_common_init.tmp_save
2025-07-28 15:49:37,744 [INFO] CodeEngine:289 - Generated code: C:\Users\nicks\STM32CubeIDE\workspace_1.19.0\AFR\AFR_SENSORS\CM7\MXTmpFiles\bsp_common_init.tmp
2025-07-28 15:49:37,748 [INFO] CodeEngine:265 - oldGeneratedFile, C:\Users\nicks\STM32CubeIDE\workspace_1.19.0\AFR\AFR_SENSORS\CM7\MXTmpFiles\bsp_common_demo_before_while.tmp_save
2025-07-28 15:49:37,788 [INFO] CodeEngine:289 - Generated code: C:\Users\nicks\STM32CubeIDE\workspace_1.19.0\AFR\AFR_SENSORS\CM7\MXTmpFiles\bsp_common_demo_before_while.tmp
2025-07-28 15:49:37,792 [INFO] CodeEngine:265 - oldGeneratedFile, C:\Users\nicks\STM32CubeIDE\workspace_1.19.0\AFR\AFR_SENSORS\CM7\MXTmpFiles\bsp_common_demo_inside_while.tmp_save
2025-07-28 15:49:37,832 [INFO] CodeEngine:289 - Generated code: C:\Users\nicks\STM32CubeIDE\workspace_1.19.0\AFR\AFR_SENSORS\CM7\MXTmpFiles\bsp_common_demo_inside_while.tmp
2025-07-28 15:49:37,837 [INFO] CodeEngine:265 - oldGeneratedFile, C:\Users\nicks\STM32CubeIDE\workspace_1.19.0\AFR\AFR_SENSORS\CM7\MXTmpFiles\bsp_common_demo_fct.tmp_save
2025-07-28 15:49:37,874 [INFO] CodeEngine:289 - Generated code: C:\Users\nicks\STM32CubeIDE\workspace_1.19.0\AFR\AFR_SENSORS\CM7\MXTmpFiles\bsp_common_demo_fct.tmp
2025-07-28 15:49:37,891 [INFO] CodeEngine:265 - oldGeneratedFile, C:\Users\nicks\STM32CubeIDE\workspace_1.19.0\AFR\AFR_SENSORS\CM7\Core\Src\stm32h7xx_it.c_save
2025-07-28 15:49:37,953 [INFO] CodeEngine:289 - Generated code: C:\Users\nicks\STM32CubeIDE\workspace_1.19.0\AFR\AFR_SENSORS\CM7\Core\Src\stm32h7xx_it.c
2025-07-28 15:49:37,960 [INFO] CodeEngine:265 - oldGeneratedFile, C:\Users\nicks\STM32CubeIDE\workspace_1.19.0\AFR\AFR_SENSORS\CM7\Core\Inc\stm32h7xx_it.h_save
2025-07-28 15:49:38,005 [INFO] CodeEngine:289 - Generated code: C:\Users\nicks\STM32CubeIDE\workspace_1.19.0\AFR\AFR_SENSORS\CM7\Core\Inc\stm32h7xx_it.h
2025-07-28 15:49:38,103 [INFO] CodeEngine:265 - oldGeneratedFile, C:\Users\nicks\STM32CubeIDE\workspace_1.19.0\AFR\AFR_SENSORS\CM7\Core\Src\stm32h7xx_hal_msp.c_save
2025-07-28 15:49:38,169 [INFO] CodeEngine:289 - Generated code: C:\Users\nicks\STM32CubeIDE\workspace_1.19.0\AFR\AFR_SENSORS\CM7\Core\Src\stm32h7xx_hal_msp.c
2025-07-28 15:49:38,174 [INFO] CodeEngine:265 - oldGeneratedFile, C:\Users\nicks\STM32CubeIDE\workspace_1.19.0\AFR\AFR_SENSORS\CM7\MXTmpFiles\system.tmp_save
2025-07-28 15:49:38,215 [INFO] CodeEngine:289 - Generated code: C:\Users\nicks\STM32CubeIDE\workspace_1.19.0\AFR\AFR_SENSORS\CM7\MXTmpFiles\system.tmp
2025-07-28 15:49:38,227 [INFO] CodeEngine:321 - oldGeneratedFile, C:\Users\nicks\STM32CubeIDE\workspace_1.19.0\AFR\AFR_SENSORS\CM7\Core\Inc\stm32h7xx_hal_conf.h_save
2025-07-28 15:49:38,276 [INFO] CodeEngine:345 - Generated code: C:\Users\nicks\STM32CubeIDE\workspace_1.19.0\AFR\AFR_SENSORS\CM7\Core\Inc\stm32h7xx_hal_conf.h
2025-07-28 15:49:38,298 [WARN] IPConfigManager:3811 - IP not found : NVIC
2025-07-28 15:49:38,298 [WARN] IPConfigManager:3811 - IP not found : TIM
2025-07-28 15:49:38,299 [WARN] CodeGenerator:4259 - IP not found : null
2025-07-28 15:49:38,300 [WARN] CodeGenerator:4259 - IP not found : null
2025-07-28 15:49:38,307 [INFO] CodeEngine:265 - oldGeneratedFile, C:\Users\nicks\STM32CubeIDE\workspace_1.19.0\AFR\AFR_SENSORS\CM7\Core\Inc\main.h_save
2025-07-28 15:49:38,354 [INFO] CodeEngine:289 - Generated code: C:\Users\nicks\STM32CubeIDE\workspace_1.19.0\AFR\AFR_SENSORS\CM7\Core\Inc\main.h
2025-07-28 15:49:38,360 [INFO] CodeEngine:265 - oldGeneratedFile, C:\Users\nicks\STM32CubeIDE\workspace_1.19.0\AFR\AFR_SENSORS\CM7\Core\Src\main.c_save
2025-07-28 15:49:38,455 [INFO] CodeEngine:289 - Generated code: C:\Users\nicks\STM32CubeIDE\workspace_1.19.0\AFR\AFR_SENSORS\CM7\Core\Src\main.c
2025-07-28 15:49:38,501 [INFO] CodeGenerator:1619 - *******************Project context M4 selected
2025-07-28 15:49:38,567 [INFO] CodeEngine:265 - oldGeneratedFile, C:\Users\nicks\STM32CubeIDE\workspace_1.19.0\AFR\AFR_SENSORS\MXTmpFiles\license.tmp_save
2025-07-28 15:49:38,633 [INFO] CodeEngine:289 - Generated code: C:\Users\nicks\STM32CubeIDE\workspace_1.19.0\AFR\AFR_SENSORS\MXTmpFiles\license.tmp
2025-07-28 15:49:38,642 [WARN] IPConfigManager:103 - WARNING: Missing Config File for NVIC2 ip!!
2025-07-28 15:49:38,651 [INFO] CodeEngine:265 - oldGeneratedFile, C:\Users\nicks\STM32CubeIDE\workspace_1.19.0\AFR\AFR_SENSORS\CM4\MXTmpFiles\cortex.tmp_save
2025-07-28 15:49:38,693 [INFO] CodeEngine:289 - Generated code: C:\Users\nicks\STM32CubeIDE\workspace_1.19.0\AFR\AFR_SENSORS\CM4\MXTmpFiles\cortex.tmp
2025-07-28 15:49:38,725 [INFO] CodeEngine:265 - oldGeneratedFile, C:\Users\nicks\STM32CubeIDE\workspace_1.19.0\AFR\AFR_SENSORS\CM4\Core\Inc\stm32h7xx_nucleo_conf.h_save
2025-07-28 15:49:38,769 [INFO] CodeEngine:289 - Generated code: C:\Users\nicks\STM32CubeIDE\workspace_1.19.0\AFR\AFR_SENSORS\CM4\Core\Inc\stm32h7xx_nucleo_conf.h
2025-07-28 15:49:38,773 [INFO] CodeEngine:265 - oldGeneratedFile, C:\Users\nicks\STM32CubeIDE\workspace_1.19.0\AFR\AFR_SENSORS\CM4\MXTmpFiles\bsp_inc.tmp_save
2025-07-28 15:49:38,810 [INFO] CodeEngine:289 - Generated code: C:\Users\nicks\STM32CubeIDE\workspace_1.19.0\AFR\AFR_SENSORS\CM4\MXTmpFiles\bsp_inc.tmp
2025-07-28 15:49:38,825 [INFO] CodeEngine:265 - oldGeneratedFile, C:\Users\nicks\STM32CubeIDE\workspace_1.19.0\AFR\AFR_SENSORS\CM4\Core\Src\stm32h7xx_it.c_save
2025-07-28 15:49:38,869 [INFO] CodeEngine:289 - Generated code: C:\Users\nicks\STM32CubeIDE\workspace_1.19.0\AFR\AFR_SENSORS\CM4\Core\Src\stm32h7xx_it.c
2025-07-28 15:49:38,874 [INFO] CodeEngine:265 - oldGeneratedFile, C:\Users\nicks\STM32CubeIDE\workspace_1.19.0\AFR\AFR_SENSORS\CM4\Core\Inc\stm32h7xx_it.h_save
2025-07-28 15:49:38,914 [INFO] CodeEngine:289 - Generated code: C:\Users\nicks\STM32CubeIDE\workspace_1.19.0\AFR\AFR_SENSORS\CM4\Core\Inc\stm32h7xx_it.h
2025-07-28 15:49:38,936 [INFO] CodeEngine:265 - oldGeneratedFile, C:\Users\nicks\STM32CubeIDE\workspace_1.19.0\AFR\AFR_SENSORS\CM4\Core\Src\stm32h7xx_hal_msp.c_save
2025-07-28 15:49:38,993 [INFO] CodeEngine:289 - Generated code: C:\Users\nicks\STM32CubeIDE\workspace_1.19.0\AFR\AFR_SENSORS\CM4\Core\Src\stm32h7xx_hal_msp.c
2025-07-28 15:49:38,997 [INFO] CodeEngine:265 - oldGeneratedFile, C:\Users\nicks\STM32CubeIDE\workspace_1.19.0\AFR\AFR_SENSORS\CM4\MXTmpFiles\system.tmp_save
2025-07-28 15:49:39,036 [INFO] CodeEngine:289 - Generated code: C:\Users\nicks\STM32CubeIDE\workspace_1.19.0\AFR\AFR_SENSORS\CM4\MXTmpFiles\system.tmp
2025-07-28 15:49:39,046 [INFO] CodeEngine:321 - oldGeneratedFile, C:\Users\nicks\STM32CubeIDE\workspace_1.19.0\AFR\AFR_SENSORS\CM4\Core\Inc\stm32h7xx_hal_conf.h_save
2025-07-28 15:49:39,092 [INFO] CodeEngine:345 - Generated code: C:\Users\nicks\STM32CubeIDE\workspace_1.19.0\AFR\AFR_SENSORS\CM4\Core\Inc\stm32h7xx_hal_conf.h
2025-07-28 15:49:39,103 [WARN] IPConfigManager:3811 - IP not found : NVIC
2025-07-28 15:49:39,104 [WARN] CodeGenerator:4259 - IP not found : null
2025-07-28 15:49:39,112 [INFO] CodeEngine:265 - oldGeneratedFile, C:\Users\nicks\STM32CubeIDE\workspace_1.19.0\AFR\AFR_SENSORS\CM4\Core\Inc\main.h_save
2025-07-28 15:49:39,161 [INFO] CodeEngine:289 - Generated code: C:\Users\nicks\STM32CubeIDE\workspace_1.19.0\AFR\AFR_SENSORS\CM4\Core\Inc\main.h
2025-07-28 15:49:39,167 [INFO] CodeEngine:265 - oldGeneratedFile, C:\Users\nicks\STM32CubeIDE\workspace_1.19.0\AFR\AFR_SENSORS\CM4\Core\Src\main.c_save
2025-07-28 15:49:39,226 [INFO] CodeEngine:289 - Generated code: C:\Users\nicks\STM32CubeIDE\workspace_1.19.0\AFR\AFR_SENSORS\CM4\Core\Src\main.c
2025-07-28 15:49:39,628 [INFO] ProjectBuilder:3606 - Time for Copy HAL[1] : 241mS.
2025-07-28 15:49:39,642 [INFO] ProjectBuilder:5216 - Project Generator version: 4.7.0-B52
2025-07-28 15:49:39,700 [INFO] ConfigFileManager:1595 - The Die is : DIE450
2025-07-28 15:49:44,967 [INFO] ProjectBuilder:5496 - Time for Generating toolchain IDE Files: 5325mS.
2025-07-28 15:49:44,968 [INFO] ProjectBuilder:3463 - Time for Copy CMSIS : 0mS.
2025-07-28 15:49:44,973 [INFO] ProjectBuilder:3463 - Time for Copy CMSIS : 0mS.
2025-07-28 15:51:05,837 [INFO] Gpio:278 - dependency for GPIO [I2C2, TIM1, USART2]
2025-07-28 15:51:06,961 [INFO] UtilMem:75 - End SaveConfig() Used Memory: 541424120 Bytes (1073741824)
2025-07-28 15:51:07,072 [INFO] UtilMem:75 - End SaveConfig() Used Memory: 561524768 Bytes (1073741824)
2025-07-28 15:51:07,756 [INFO] UtilMem:75 - End SaveConfig() Used Memory: 690844152 Bytes (1073741824)
2025-07-28 15:51:08,772 [ERROR] IocParser:95 - Exception caught: null
2025-07-28 15:51:08,892 [INFO] BlockDiagram:2775 - set Specific Code input for plugin: FREERTOS
2025-07-28 15:51:08,892 [INFO] BlockDiagram:2775 - set Specific Code input for plugin: RCC
2025-07-28 15:51:08,892 [INFO] BlockDiagram:2775 - set Specific Code input for plugin: I2C
2025-07-28 15:51:08,892 [INFO] BlockDiagram:2775 - set Specific Code input for plugin: USART
2025-07-28 15:51:08,892 [INFO] BlockDiagram:2775 - set Specific Code input for plugin: TIM1_8H7
2025-07-28 15:51:08,892 [INFO] BlockDiagram:2775 - set Specific Code input for plugin: SYS
2025-07-28 15:51:08,892 [INFO] BlockDiagram:2775 - set Specific Code input for plugin: NVIC2
2025-07-28 15:51:08,893 [INFO] BlockDiagram:2775 - set Specific Code input for plugin: GPIO
2025-07-28 15:51:08,893 [INFO] BlockDiagram:2775 - set Specific Code input for plugin: SYS_M4
2025-07-28 15:51:08,893 [INFO] BlockDiagram:2775 - set Specific Code input for plugin: NUCLEO-H755ZI-Q
2025-07-28 15:51:08,893 [INFO] BlockDiagram:2775 - set Specific Code input for plugin: NVIC1
2025-07-28 15:51:08,894 [INFO] CodeGenerator:892 - code generatio: config db path: C:\ST\STM32CubeIDE_1.19.0\STM32CubeIDE\plugins\com.st.stm32cube.common.mx_6.15.0.202507011659\\db\
2025-07-28 15:51:08,954 [ERROR] CodeGenerator:10662 - The current RTOS owner has not been found in the list of IPs
2025-07-28 15:51:08,954 [INFO] CodeGenerator:1619 - *******************Project context M7 selected
2025-07-28 15:51:09,001 [INFO] CodeEngine:265 - oldGeneratedFile, C:\Users\nicks\STM32CubeIDE\workspace_1.19.0\AFR\AFR_SENSORS\MXTmpFiles\license.tmp_save
2025-07-28 15:51:09,130 [INFO] CodeEngine:289 - Generated code: C:\Users\nicks\STM32CubeIDE\workspace_1.19.0\AFR\AFR_SENSORS\MXTmpFiles\license.tmp
2025-07-28 15:51:09,210 [INFO] CodeEngine:265 - oldGeneratedFile, C:\Users\nicks\STM32CubeIDE\workspace_1.19.0\AFR\AFR_SENSORS\CM7\MXTmpFiles\gpio.tmp_save
2025-07-28 15:51:09,283 [INFO] CodeEngine:289 - Generated code: C:\Users\nicks\STM32CubeIDE\workspace_1.19.0\AFR\AFR_SENSORS\CM7\MXTmpFiles\gpio.tmp
2025-07-28 15:51:09,521 [WARN] IPConfigManager:103 - WARNING: Missing Config File for NVIC1 ip!!
2025-07-28 15:51:09,745 [ERROR] CodeGenerator:10662 - The current RTOS owner has not been found in the list of IPs
2025-07-28 15:51:09,752 [INFO] CodeEngine:265 - oldGeneratedFile, C:\Users\nicks\STM32CubeIDE\workspace_1.19.0\AFR\AFR_SENSORS\CM7\MXTmpFiles\cortex.tmp_save
2025-07-28 15:51:09,798 [INFO] CodeEngine:289 - Generated code: C:\Users\nicks\STM32CubeIDE\workspace_1.19.0\AFR\AFR_SENSORS\CM7\MXTmpFiles\cortex.tmp
2025-07-28 15:51:09,813 [INFO] Middleware:1452 - No code input for Bsp Dependency
2025-07-28 15:51:09,819 [INFO] CodeEngine:265 - oldGeneratedFile, C:\Users\nicks\STM32CubeIDE\workspace_1.19.0\AFR\AFR_SENSORS\CM7\MXTmpFiles\rtos_inc.tmp_save
2025-07-28 15:51:09,860 [INFO] CodeEngine:289 - Generated code: C:\Users\nicks\STM32CubeIDE\workspace_1.19.0\AFR\AFR_SENSORS\CM7\MXTmpFiles\rtos_inc.tmp
2025-07-28 15:51:09,864 [INFO] CodeEngine:265 - oldGeneratedFile, C:\Users\nicks\STM32CubeIDE\workspace_1.19.0\AFR\AFR_SENSORS\CM7\MXTmpFiles\rtos_kernelInit.tmp_save
2025-07-28 15:51:09,904 [INFO] CodeEngine:289 - Generated code: C:\Users\nicks\STM32CubeIDE\workspace_1.19.0\AFR\AFR_SENSORS\CM7\MXTmpFiles\rtos_kernelInit.tmp
2025-07-28 15:51:09,908 [INFO] CodeEngine:265 - oldGeneratedFile, C:\Users\nicks\STM32CubeIDE\workspace_1.19.0\AFR\AFR_SENSORS\CM7\MXTmpFiles\rtos_kernelStart.tmp_save
2025-07-28 15:51:09,951 [INFO] CodeEngine:289 - Generated code: C:\Users\nicks\STM32CubeIDE\workspace_1.19.0\AFR\AFR_SENSORS\CM7\MXTmpFiles\rtos_kernelStart.tmp
2025-07-28 15:51:09,955 [INFO] CodeEngine:265 - oldGeneratedFile, C:\Users\nicks\STM32CubeIDE\workspace_1.19.0\AFR\AFR_SENSORS\CM7\MXTmpFiles\rtos_typedefs.tmp_save
2025-07-28 15:51:09,995 [INFO] CodeEngine:289 - Generated code: C:\Users\nicks\STM32CubeIDE\workspace_1.19.0\AFR\AFR_SENSORS\CM7\MXTmpFiles\rtos_typedefs.tmp
2025-07-28 15:51:09,999 [INFO] CodeEngine:265 - oldGeneratedFile, C:\Users\nicks\STM32CubeIDE\workspace_1.19.0\AFR\AFR_SENSORS\CM7\MXTmpFiles\rtos_vars.tmp_save
2025-07-28 15:51:10,039 [INFO] CodeEngine:289 - Generated code: C:\Users\nicks\STM32CubeIDE\workspace_1.19.0\AFR\AFR_SENSORS\CM7\MXTmpFiles\rtos_vars.tmp
2025-07-28 15:51:10,043 [INFO] CodeEngine:265 - oldGeneratedFile, C:\Users\nicks\STM32CubeIDE\workspace_1.19.0\AFR\AFR_SENSORS\CM7\MXTmpFiles\rtos_pfp.tmp_save
2025-07-28 15:51:10,082 [INFO] CodeEngine:289 - Generated code: C:\Users\nicks\STM32CubeIDE\workspace_1.19.0\AFR\AFR_SENSORS\CM7\MXTmpFiles\rtos_pfp.tmp
2025-07-28 15:51:10,087 [INFO] CodeEngine:265 - oldGeneratedFile, C:\Users\nicks\STM32CubeIDE\workspace_1.19.0\AFR\AFR_SENSORS\CM7\MXTmpFiles\rtos_obj_creat.tmp_save
2025-07-28 15:51:10,127 [INFO] CodeEngine:289 - Generated code: C:\Users\nicks\STM32CubeIDE\workspace_1.19.0\AFR\AFR_SENSORS\CM7\MXTmpFiles\rtos_obj_creat.tmp
2025-07-28 15:51:10,132 [INFO] CodeEngine:265 - oldGeneratedFile, C:\Users\nicks\STM32CubeIDE\workspace_1.19.0\AFR\AFR_SENSORS\CM7\MXTmpFiles\rtos_default_thread.tmp_save
2025-07-28 15:51:10,171 [INFO] CodeEngine:289 - Generated code: C:\Users\nicks\STM32CubeIDE\workspace_1.19.0\AFR\AFR_SENSORS\CM7\MXTmpFiles\rtos_default_thread.tmp
2025-07-28 15:51:10,175 [INFO] CodeEngine:265 - oldGeneratedFile, C:\Users\nicks\STM32CubeIDE\workspace_1.19.0\AFR\AFR_SENSORS\CM7\MXTmpFiles\rtos_threads.tmp_save
2025-07-28 15:51:10,214 [INFO] CodeEngine:289 - Generated code: C:\Users\nicks\STM32CubeIDE\workspace_1.19.0\AFR\AFR_SENSORS\CM7\MXTmpFiles\rtos_threads.tmp
2025-07-28 15:51:10,219 [INFO] CodeEngine:265 - oldGeneratedFile, C:\Users\nicks\STM32CubeIDE\workspace_1.19.0\AFR\AFR_SENSORS\CM7\Core\Inc\FreeRTOSConfig.h_save
2025-07-28 15:51:10,269 [INFO] CodeEngine:289 - Generated code: C:\Users\nicks\STM32CubeIDE\workspace_1.19.0\AFR\AFR_SENSORS\CM7\Core\Inc\FreeRTOSConfig.h
2025-07-28 15:51:10,275 [INFO] CodeEngine:265 - oldGeneratedFile, C:\Users\nicks\STM32CubeIDE\workspace_1.19.0\AFR\AFR_SENSORS\CM7\Core\Src\freertos.c_save
2025-07-28 15:51:10,321 [INFO] CodeEngine:289 - Generated code: C:\Users\nicks\STM32CubeIDE\workspace_1.19.0\AFR\AFR_SENSORS\CM7\Core\Src\freertos.c
2025-07-28 15:51:10,349 [INFO] CodeEngine:265 - oldGeneratedFile, C:\Users\nicks\STM32CubeIDE\workspace_1.19.0\AFR\AFR_SENSORS\CM7\Core\Inc\stm32h7xx_nucleo_conf.h_save
2025-07-28 15:51:10,391 [INFO] CodeEngine:289 - Generated code: C:\Users\nicks\STM32CubeIDE\workspace_1.19.0\AFR\AFR_SENSORS\CM7\Core\Inc\stm32h7xx_nucleo_conf.h
2025-07-28 15:51:10,395 [INFO] CodeEngine:265 - oldGeneratedFile, C:\Users\nicks\STM32CubeIDE\workspace_1.19.0\AFR\AFR_SENSORS\CM7\MXTmpFiles\bsp_inc.tmp_save
2025-07-28 15:51:10,433 [INFO] CodeEngine:289 - Generated code: C:\Users\nicks\STM32CubeIDE\workspace_1.19.0\AFR\AFR_SENSORS\CM7\MXTmpFiles\bsp_inc.tmp
2025-07-28 15:51:10,438 [INFO] CodeEngine:265 - oldGeneratedFile, C:\Users\nicks\STM32CubeIDE\workspace_1.19.0\AFR\AFR_SENSORS\CM7\MXTmpFiles\bsp_common_vars.tmp_save
2025-07-28 15:51:10,475 [INFO] CodeEngine:289 - Generated code: C:\Users\nicks\STM32CubeIDE\workspace_1.19.0\AFR\AFR_SENSORS\CM7\MXTmpFiles\bsp_common_vars.tmp
2025-07-28 15:51:10,479 [INFO] CodeEngine:265 - oldGeneratedFile, C:\Users\nicks\STM32CubeIDE\workspace_1.19.0\AFR\AFR_SENSORS\CM7\MXTmpFiles\bsp_common_init.tmp_save
2025-07-28 15:51:10,517 [INFO] CodeEngine:289 - Generated code: C:\Users\nicks\STM32CubeIDE\workspace_1.19.0\AFR\AFR_SENSORS\CM7\MXTmpFiles\bsp_common_init.tmp
2025-07-28 15:51:10,521 [INFO] CodeEngine:265 - oldGeneratedFile, C:\Users\nicks\STM32CubeIDE\workspace_1.19.0\AFR\AFR_SENSORS\CM7\MXTmpFiles\bsp_common_demo_before_while.tmp_save
2025-07-28 15:51:10,558 [INFO] CodeEngine:289 - Generated code: C:\Users\nicks\STM32CubeIDE\workspace_1.19.0\AFR\AFR_SENSORS\CM7\MXTmpFiles\bsp_common_demo_before_while.tmp
2025-07-28 15:51:10,563 [INFO] CodeEngine:265 - oldGeneratedFile, C:\Users\nicks\STM32CubeIDE\workspace_1.19.0\AFR\AFR_SENSORS\CM7\MXTmpFiles\bsp_common_demo_inside_while.tmp_save
2025-07-28 15:51:10,600 [INFO] CodeEngine:289 - Generated code: C:\Users\nicks\STM32CubeIDE\workspace_1.19.0\AFR\AFR_SENSORS\CM7\MXTmpFiles\bsp_common_demo_inside_while.tmp
2025-07-28 15:51:10,604 [INFO] CodeEngine:265 - oldGeneratedFile, C:\Users\nicks\STM32CubeIDE\workspace_1.19.0\AFR\AFR_SENSORS\CM7\MXTmpFiles\bsp_common_demo_fct.tmp_save
2025-07-28 15:51:10,641 [INFO] CodeEngine:289 - Generated code: C:\Users\nicks\STM32CubeIDE\workspace_1.19.0\AFR\AFR_SENSORS\CM7\MXTmpFiles\bsp_common_demo_fct.tmp
2025-07-28 15:51:10,658 [INFO] CodeEngine:265 - oldGeneratedFile, C:\Users\nicks\STM32CubeIDE\workspace_1.19.0\AFR\AFR_SENSORS\CM7\Core\Src\stm32h7xx_it.c_save
2025-07-28 15:51:10,721 [INFO] CodeEngine:289 - Generated code: C:\Users\nicks\STM32CubeIDE\workspace_1.19.0\AFR\AFR_SENSORS\CM7\Core\Src\stm32h7xx_it.c
2025-07-28 15:51:10,727 [INFO] CodeEngine:265 - oldGeneratedFile, C:\Users\nicks\STM32CubeIDE\workspace_1.19.0\AFR\AFR_SENSORS\CM7\Core\Inc\stm32h7xx_it.h_save
2025-07-28 15:51:10,775 [INFO] CodeEngine:289 - Generated code: C:\Users\nicks\STM32CubeIDE\workspace_1.19.0\AFR\AFR_SENSORS\CM7\Core\Inc\stm32h7xx_it.h
2025-07-28 15:51:10,878 [INFO] CodeEngine:265 - oldGeneratedFile, C:\Users\nicks\STM32CubeIDE\workspace_1.19.0\AFR\AFR_SENSORS\CM7\Core\Src\stm32h7xx_hal_msp.c_save
2025-07-28 15:51:10,951 [INFO] CodeEngine:289 - Generated code: C:\Users\nicks\STM32CubeIDE\workspace_1.19.0\AFR\AFR_SENSORS\CM7\Core\Src\stm32h7xx_hal_msp.c
2025-07-28 15:51:10,955 [INFO] CodeEngine:265 - oldGeneratedFile, C:\Users\nicks\STM32CubeIDE\workspace_1.19.0\AFR\AFR_SENSORS\CM7\MXTmpFiles\system.tmp_save
2025-07-28 15:51:10,992 [INFO] CodeEngine:289 - Generated code: C:\Users\nicks\STM32CubeIDE\workspace_1.19.0\AFR\AFR_SENSORS\CM7\MXTmpFiles\system.tmp
2025-07-28 15:51:11,003 [INFO] CodeEngine:321 - oldGeneratedFile, C:\Users\nicks\STM32CubeIDE\workspace_1.19.0\AFR\AFR_SENSORS\CM7\Core\Inc\stm32h7xx_hal_conf.h_save
2025-07-28 15:51:11,047 [INFO] CodeEngine:345 - Generated code: C:\Users\nicks\STM32CubeIDE\workspace_1.19.0\AFR\AFR_SENSORS\CM7\Core\Inc\stm32h7xx_hal_conf.h
2025-07-28 15:51:11,069 [WARN] IPConfigManager:3811 - IP not found : NVIC
2025-07-28 15:51:11,069 [WARN] IPConfigManager:3811 - IP not found : TIM
2025-07-28 15:51:11,070 [WARN] CodeGenerator:4259 - IP not found : null
2025-07-28 15:51:11,070 [WARN] CodeGenerator:4259 - IP not found : null
2025-07-28 15:51:11,078 [INFO] CodeEngine:265 - oldGeneratedFile, C:\Users\nicks\STM32CubeIDE\workspace_1.19.0\AFR\AFR_SENSORS\CM7\Core\Inc\main.h_save
2025-07-28 15:51:11,126 [INFO] CodeEngine:289 - Generated code: C:\Users\nicks\STM32CubeIDE\workspace_1.19.0\AFR\AFR_SENSORS\CM7\Core\Inc\main.h
2025-07-28 15:51:11,132 [INFO] CodeEngine:265 - oldGeneratedFile, C:\Users\nicks\STM32CubeIDE\workspace_1.19.0\AFR\AFR_SENSORS\CM7\Core\Src\main.c_save
2025-07-28 15:51:11,220 [INFO] CodeEngine:289 - Generated code: C:\Users\nicks\STM32CubeIDE\workspace_1.19.0\AFR\AFR_SENSORS\CM7\Core\Src\main.c
2025-07-28 15:51:11,272 [INFO] CodeGenerator:1619 - *******************Project context M4 selected
2025-07-28 15:51:11,335 [INFO] CodeEngine:265 - oldGeneratedFile, C:\Users\nicks\STM32CubeIDE\workspace_1.19.0\AFR\AFR_SENSORS\MXTmpFiles\license.tmp_save
2025-07-28 15:51:11,388 [INFO] CodeEngine:289 - Generated code: C:\Users\nicks\STM32CubeIDE\workspace_1.19.0\AFR\AFR_SENSORS\MXTmpFiles\license.tmp
2025-07-28 15:51:11,396 [WARN] IPConfigManager:103 - WARNING: Missing Config File for NVIC2 ip!!
2025-07-28 15:51:11,404 [INFO] CodeEngine:265 - oldGeneratedFile, C:\Users\nicks\STM32CubeIDE\workspace_1.19.0\AFR\AFR_SENSORS\CM4\MXTmpFiles\cortex.tmp_save
2025-07-28 15:51:11,446 [INFO] CodeEngine:289 - Generated code: C:\Users\nicks\STM32CubeIDE\workspace_1.19.0\AFR\AFR_SENSORS\CM4\MXTmpFiles\cortex.tmp
2025-07-28 15:51:11,473 [INFO] CodeEngine:265 - oldGeneratedFile, C:\Users\nicks\STM32CubeIDE\workspace_1.19.0\AFR\AFR_SENSORS\CM4\Core\Inc\stm32h7xx_nucleo_conf.h_save
2025-07-28 15:51:11,514 [INFO] CodeEngine:289 - Generated code: C:\Users\nicks\STM32CubeIDE\workspace_1.19.0\AFR\AFR_SENSORS\CM4\Core\Inc\stm32h7xx_nucleo_conf.h
2025-07-28 15:51:11,519 [INFO] CodeEngine:265 - oldGeneratedFile, C:\Users\nicks\STM32CubeIDE\workspace_1.19.0\AFR\AFR_SENSORS\CM4\MXTmpFiles\bsp_inc.tmp_save
2025-07-28 15:51:11,557 [INFO] CodeEngine:289 - Generated code: C:\Users\nicks\STM32CubeIDE\workspace_1.19.0\AFR\AFR_SENSORS\CM4\MXTmpFiles\bsp_inc.tmp
2025-07-28 15:51:11,573 [INFO] CodeEngine:265 - oldGeneratedFile, C:\Users\nicks\STM32CubeIDE\workspace_1.19.0\AFR\AFR_SENSORS\CM4\Core\Src\stm32h7xx_it.c_save
2025-07-28 15:51:11,620 [INFO] CodeEngine:289 - Generated code: C:\Users\nicks\STM32CubeIDE\workspace_1.19.0\AFR\AFR_SENSORS\CM4\Core\Src\stm32h7xx_it.c
2025-07-28 15:51:11,626 [INFO] CodeEngine:265 - oldGeneratedFile, C:\Users\nicks\STM32CubeIDE\workspace_1.19.0\AFR\AFR_SENSORS\CM4\Core\Inc\stm32h7xx_it.h_save
2025-07-28 15:51:11,670 [INFO] CodeEngine:289 - Generated code: C:\Users\nicks\STM32CubeIDE\workspace_1.19.0\AFR\AFR_SENSORS\CM4\Core\Inc\stm32h7xx_it.h
2025-07-28 15:51:11,690 [INFO] CodeEngine:265 - oldGeneratedFile, C:\Users\nicks\STM32CubeIDE\workspace_1.19.0\AFR\AFR_SENSORS\CM4\Core\Src\stm32h7xx_hal_msp.c_save
2025-07-28 15:51:11,745 [INFO] CodeEngine:289 - Generated code: C:\Users\nicks\STM32CubeIDE\workspace_1.19.0\AFR\AFR_SENSORS\CM4\Core\Src\stm32h7xx_hal_msp.c
2025-07-28 15:51:11,750 [INFO] CodeEngine:265 - oldGeneratedFile, C:\Users\nicks\STM32CubeIDE\workspace_1.19.0\AFR\AFR_SENSORS\CM4\MXTmpFiles\system.tmp_save
2025-07-28 15:51:11,787 [INFO] CodeEngine:289 - Generated code: C:\Users\nicks\STM32CubeIDE\workspace_1.19.0\AFR\AFR_SENSORS\CM4\MXTmpFiles\system.tmp
2025-07-28 15:51:11,797 [INFO] CodeEngine:321 - oldGeneratedFile, C:\Users\nicks\STM32CubeIDE\workspace_1.19.0\AFR\AFR_SENSORS\CM4\Core\Inc\stm32h7xx_hal_conf.h_save
2025-07-28 15:51:11,845 [INFO] CodeEngine:345 - Generated code: C:\Users\nicks\STM32CubeIDE\workspace_1.19.0\AFR\AFR_SENSORS\CM4\Core\Inc\stm32h7xx_hal_conf.h
2025-07-28 15:51:11,854 [WARN] IPConfigManager:3811 - IP not found : NVIC
2025-07-28 15:51:11,855 [WARN] CodeGenerator:4259 - IP not found : null
2025-07-28 15:51:11,861 [INFO] CodeEngine:265 - oldGeneratedFile, C:\Users\nicks\STM32CubeIDE\workspace_1.19.0\AFR\AFR_SENSORS\CM4\Core\Inc\main.h_save
2025-07-28 15:51:11,908 [INFO] CodeEngine:289 - Generated code: C:\Users\nicks\STM32CubeIDE\workspace_1.19.0\AFR\AFR_SENSORS\CM4\Core\Inc\main.h
2025-07-28 15:51:11,913 [INFO] CodeEngine:265 - oldGeneratedFile, C:\Users\nicks\STM32CubeIDE\workspace_1.19.0\AFR\AFR_SENSORS\CM4\Core\Src\main.c_save
2025-07-28 15:51:11,974 [INFO] CodeEngine:289 - Generated code: C:\Users\nicks\STM32CubeIDE\workspace_1.19.0\AFR\AFR_SENSORS\CM4\Core\Src\main.c
2025-07-28 15:51:12,353 [INFO] ProjectBuilder:3606 - Time for Copy HAL[1] : 222mS.
2025-07-28 15:51:12,365 [INFO] ProjectBuilder:5216 - Project Generator version: 4.7.0-B52
2025-07-28 15:51:12,417 [INFO] ConfigFileManager:1595 - The Die is : DIE450
2025-07-28 15:51:16,766 [INFO] ProjectBuilder:5496 - Time for Generating toolchain IDE Files: 4402mS.
2025-07-28 15:51:16,767 [INFO] ProjectBuilder:3463 - Time for Copy CMSIS : 0mS.
2025-07-28 15:51:16,774 [INFO] ProjectBuilder:3463 - Time for Copy CMSIS : 0mS.
2025-07-28 15:54:07,581 [INFO] Gpio:278 - dependency for GPIO [I2C2, TIM1, USART2]
2025-07-28 15:54:07,656 [INFO] NvicIntPanel:101 - NVIC parent = com.st.microxplorer.plugins.ip.nvic.MultiNvicIntPanel[,0,0,0x0,invalid,layout=javax.swing.BoxLayout,alignmentX=0.0,alignmentY=0.0,border=,flags=9,maximumSize=,minimumSize=,preferredSize=]
2025-07-28 15:54:08,165 [INFO] Gpio:278 - dependency for GPIO [I2C2, TIM1, USART2]
2025-07-28 15:54:08,216 [INFO] NvicIntPanel:101 - NVIC parent = com.st.microxplorer.plugins.ip.nvic.MultiNvicIntPanel[,0,0,0x0,invalid,layout=javax.swing.BoxLayout,alignmentX=0.0,alignmentY=0.0,border=,flags=9,maximumSize=,minimumSize=,preferredSize=]
2025-07-28 15:54:11,467 [INFO] UtilMem:75 - End SaveConfig() Used Memory: 832756712 Bytes (1073741824)
2025-07-28 15:54:11,561 [INFO] UtilMem:75 - End SaveConfig() Used Memory: 852552184 Bytes (1073741824)
2025-07-28 15:54:12,227 [INFO] UtilMem:75 - End SaveConfig() Used Memory: 972616184 Bytes (1073741824)
2025-07-28 15:54:12,729 [ERROR] IocParser:95 - Exception caught: null
2025-07-28 15:54:13,205 [INFO] BlockDiagram:2775 - set Specific Code input for plugin: FREERTOS
2025-07-28 15:54:13,206 [INFO] BlockDiagram:2775 - set Specific Code input for plugin: RCC
2025-07-28 15:54:13,206 [INFO] BlockDiagram:2775 - set Specific Code input for plugin: I2C
2025-07-28 15:54:13,206 [INFO] BlockDiagram:2775 - set Specific Code input for plugin: USART
2025-07-28 15:54:13,206 [INFO] BlockDiagram:2775 - set Specific Code input for plugin: TIM1_8H7
2025-07-28 15:54:13,206 [INFO] BlockDiagram:2775 - set Specific Code input for plugin: SYS
2025-07-28 15:54:13,206 [INFO] BlockDiagram:2775 - set Specific Code input for plugin: NVIC2
2025-07-28 15:54:13,206 [INFO] BlockDiagram:2775 - set Specific Code input for plugin: GPIO
2025-07-28 15:54:13,206 [INFO] BlockDiagram:2775 - set Specific Code input for plugin: SYS_M4
2025-07-28 15:54:13,206 [INFO] BlockDiagram:2775 - set Specific Code input for plugin: NUCLEO-H755ZI-Q
2025-07-28 15:54:13,206 [INFO] BlockDiagram:2775 - set Specific Code input for plugin: NVIC1
2025-07-28 15:54:13,207 [INFO] CodeGenerator:892 - code generatio: config db path: C:\ST\STM32CubeIDE_1.19.0\STM32CubeIDE\plugins\com.st.stm32cube.common.mx_6.15.0.202507011659\\db\
2025-07-28 15:54:13,252 [ERROR] CodeGenerator:10662 - The current RTOS owner has not been found in the list of IPs
2025-07-28 15:54:13,253 [INFO] CodeGenerator:1619 - *******************Project context M7 selected
2025-07-28 15:54:13,298 [INFO] CodeEngine:265 - oldGeneratedFile, C:\Users\nicks\STM32CubeIDE\workspace_1.19.0\AFR\AFR_SENSORS\MXTmpFiles\license.tmp_save
2025-07-28 15:54:13,423 [INFO] CodeEngine:289 - Generated code: C:\Users\nicks\STM32CubeIDE\workspace_1.19.0\AFR\AFR_SENSORS\MXTmpFiles\license.tmp
2025-07-28 15:54:13,497 [INFO] CodeEngine:265 - oldGeneratedFile, C:\Users\nicks\STM32CubeIDE\workspace_1.19.0\AFR\AFR_SENSORS\CM7\MXTmpFiles\gpio.tmp_save
2025-07-28 15:54:13,567 [INFO] CodeEngine:289 - Generated code: C:\Users\nicks\STM32CubeIDE\workspace_1.19.0\AFR\AFR_SENSORS\CM7\MXTmpFiles\gpio.tmp
2025-07-28 15:54:13,785 [WARN] IPConfigManager:103 - WARNING: Missing Config File for NVIC1 ip!!
2025-07-28 15:54:14,017 [ERROR] CodeGenerator:10662 - The current RTOS owner has not been found in the list of IPs
2025-07-28 15:54:14,023 [INFO] CodeEngine:265 - oldGeneratedFile, C:\Users\nicks\STM32CubeIDE\workspace_1.19.0\AFR\AFR_SENSORS\CM7\MXTmpFiles\cortex.tmp_save
2025-07-28 15:54:14,070 [INFO] CodeEngine:289 - Generated code: C:\Users\nicks\STM32CubeIDE\workspace_1.19.0\AFR\AFR_SENSORS\CM7\MXTmpFiles\cortex.tmp
2025-07-28 15:54:14,085 [INFO] Middleware:1452 - No code input for Bsp Dependency
2025-07-28 15:54:14,092 [INFO] CodeEngine:265 - oldGeneratedFile, C:\Users\nicks\STM32CubeIDE\workspace_1.19.0\AFR\AFR_SENSORS\CM7\MXTmpFiles\rtos_inc.tmp_save
2025-07-28 15:54:14,135 [INFO] CodeEngine:289 - Generated code: C:\Users\nicks\STM32CubeIDE\workspace_1.19.0\AFR\AFR_SENSORS\CM7\MXTmpFiles\rtos_inc.tmp
2025-07-28 15:54:14,139 [INFO] CodeEngine:265 - oldGeneratedFile, C:\Users\nicks\STM32CubeIDE\workspace_1.19.0\AFR\AFR_SENSORS\CM7\MXTmpFiles\rtos_kernelInit.tmp_save
2025-07-28 15:54:14,181 [INFO] CodeEngine:289 - Generated code: C:\Users\nicks\STM32CubeIDE\workspace_1.19.0\AFR\AFR_SENSORS\CM7\MXTmpFiles\rtos_kernelInit.tmp
2025-07-28 15:54:14,186 [INFO] CodeEngine:265 - oldGeneratedFile, C:\Users\nicks\STM32CubeIDE\workspace_1.19.0\AFR\AFR_SENSORS\CM7\MXTmpFiles\rtos_kernelStart.tmp_save
2025-07-28 15:54:14,227 [INFO] CodeEngine:289 - Generated code: C:\Users\nicks\STM32CubeIDE\workspace_1.19.0\AFR\AFR_SENSORS\CM7\MXTmpFiles\rtos_kernelStart.tmp
2025-07-28 15:54:14,231 [INFO] CodeEngine:265 - oldGeneratedFile, C:\Users\nicks\STM32CubeIDE\workspace_1.19.0\AFR\AFR_SENSORS\CM7\MXTmpFiles\rtos_typedefs.tmp_save
2025-07-28 15:54:14,271 [INFO] CodeEngine:289 - Generated code: C:\Users\nicks\STM32CubeIDE\workspace_1.19.0\AFR\AFR_SENSORS\CM7\MXTmpFiles\rtos_typedefs.tmp
2025-07-28 15:54:14,275 [INFO] CodeEngine:265 - oldGeneratedFile, C:\Users\nicks\STM32CubeIDE\workspace_1.19.0\AFR\AFR_SENSORS\CM7\MXTmpFiles\rtos_vars.tmp_save
2025-07-28 15:54:14,318 [INFO] CodeEngine:289 - Generated code: C:\Users\nicks\STM32CubeIDE\workspace_1.19.0\AFR\AFR_SENSORS\CM7\MXTmpFiles\rtos_vars.tmp
2025-07-28 15:54:14,322 [INFO] CodeEngine:265 - oldGeneratedFile, C:\Users\nicks\STM32CubeIDE\workspace_1.19.0\AFR\AFR_SENSORS\CM7\MXTmpFiles\rtos_pfp.tmp_save
2025-07-28 15:54:14,362 [INFO] CodeEngine:289 - Generated code: C:\Users\nicks\STM32CubeIDE\workspace_1.19.0\AFR\AFR_SENSORS\CM7\MXTmpFiles\rtos_pfp.tmp
2025-07-28 15:54:14,367 [INFO] CodeEngine:265 - oldGeneratedFile, C:\Users\nicks\STM32CubeIDE\workspace_1.19.0\AFR\AFR_SENSORS\CM7\MXTmpFiles\rtos_obj_creat.tmp_save
2025-07-28 15:54:14,408 [INFO] CodeEngine:289 - Generated code: C:\Users\nicks\STM32CubeIDE\workspace_1.19.0\AFR\AFR_SENSORS\CM7\MXTmpFiles\rtos_obj_creat.tmp
2025-07-28 15:54:14,412 [INFO] CodeEngine:265 - oldGeneratedFile, C:\Users\nicks\STM32CubeIDE\workspace_1.19.0\AFR\AFR_SENSORS\CM7\MXTmpFiles\rtos_default_thread.tmp_save
2025-07-28 15:54:14,452 [INFO] CodeEngine:289 - Generated code: C:\Users\nicks\STM32CubeIDE\workspace_1.19.0\AFR\AFR_SENSORS\CM7\MXTmpFiles\rtos_default_thread.tmp
2025-07-28 15:54:14,458 [INFO] CodeEngine:265 - oldGeneratedFile, C:\Users\nicks\STM32CubeIDE\workspace_1.19.0\AFR\AFR_SENSORS\CM7\MXTmpFiles\rtos_threads.tmp_save
2025-07-28 15:54:14,499 [INFO] CodeEngine:289 - Generated code: C:\Users\nicks\STM32CubeIDE\workspace_1.19.0\AFR\AFR_SENSORS\CM7\MXTmpFiles\rtos_threads.tmp
2025-07-28 15:54:14,505 [INFO] CodeEngine:265 - oldGeneratedFile, C:\Users\nicks\STM32CubeIDE\workspace_1.19.0\AFR\AFR_SENSORS\CM7\Core\Inc\FreeRTOSConfig.h_save
2025-07-28 15:54:14,557 [INFO] CodeEngine:289 - Generated code: C:\Users\nicks\STM32CubeIDE\workspace_1.19.0\AFR\AFR_SENSORS\CM7\Core\Inc\FreeRTOSConfig.h
2025-07-28 15:54:14,563 [INFO] CodeEngine:265 - oldGeneratedFile, C:\Users\nicks\STM32CubeIDE\workspace_1.19.0\AFR\AFR_SENSORS\CM7\Core\Src\freertos.c_save
2025-07-28 15:54:14,611 [INFO] CodeEngine:289 - Generated code: C:\Users\nicks\STM32CubeIDE\workspace_1.19.0\AFR\AFR_SENSORS\CM7\Core\Src\freertos.c
2025-07-28 15:54:14,640 [INFO] CodeEngine:265 - oldGeneratedFile, C:\Users\nicks\STM32CubeIDE\workspace_1.19.0\AFR\AFR_SENSORS\CM7\Core\Inc\stm32h7xx_nucleo_conf.h_save
2025-07-28 15:54:14,682 [INFO] CodeEngine:289 - Generated code: C:\Users\nicks\STM32CubeIDE\workspace_1.19.0\AFR\AFR_SENSORS\CM7\Core\Inc\stm32h7xx_nucleo_conf.h
2025-07-28 15:54:14,687 [INFO] CodeEngine:265 - oldGeneratedFile, C:\Users\nicks\STM32CubeIDE\workspace_1.19.0\AFR\AFR_SENSORS\CM7\MXTmpFiles\bsp_inc.tmp_save
2025-07-28 15:54:14,724 [INFO] CodeEngine:289 - Generated code: C:\Users\nicks\STM32CubeIDE\workspace_1.19.0\AFR\AFR_SENSORS\CM7\MXTmpFiles\bsp_inc.tmp
2025-07-28 15:54:14,729 [INFO] CodeEngine:265 - oldGeneratedFile, C:\Users\nicks\STM32CubeIDE\workspace_1.19.0\AFR\AFR_SENSORS\CM7\MXTmpFiles\bsp_common_vars.tmp_save
2025-07-28 15:54:14,769 [INFO] CodeEngine:289 - Generated code: C:\Users\nicks\STM32CubeIDE\workspace_1.19.0\AFR\AFR_SENSORS\CM7\MXTmpFiles\bsp_common_vars.tmp
2025-07-28 15:54:14,774 [INFO] CodeEngine:265 - oldGeneratedFile, C:\Users\nicks\STM32CubeIDE\workspace_1.19.0\AFR\AFR_SENSORS\CM7\MXTmpFiles\bsp_common_init.tmp_save
2025-07-28 15:54:14,811 [INFO] CodeEngine:289 - Generated code: C:\Users\nicks\STM32CubeIDE\workspace_1.19.0\AFR\AFR_SENSORS\CM7\MXTmpFiles\bsp_common_init.tmp
2025-07-28 15:54:14,815 [INFO] CodeEngine:265 - oldGeneratedFile, C:\Users\nicks\STM32CubeIDE\workspace_1.19.0\AFR\AFR_SENSORS\CM7\MXTmpFiles\bsp_common_demo_before_while.tmp_save
2025-07-28 15:54:14,853 [INFO] CodeEngine:289 - Generated code: C:\Users\nicks\STM32CubeIDE\workspace_1.19.0\AFR\AFR_SENSORS\CM7\MXTmpFiles\bsp_common_demo_before_while.tmp
2025-07-28 15:54:14,858 [INFO] CodeEngine:265 - oldGeneratedFile, C:\Users\nicks\STM32CubeIDE\workspace_1.19.0\AFR\AFR_SENSORS\CM7\MXTmpFiles\bsp_common_demo_inside_while.tmp_save
2025-07-28 15:54:14,897 [INFO] CodeEngine:289 - Generated code: C:\Users\nicks\STM32CubeIDE\workspace_1.19.0\AFR\AFR_SENSORS\CM7\MXTmpFiles\bsp_common_demo_inside_while.tmp
2025-07-28 15:54:14,902 [INFO] CodeEngine:265 - oldGeneratedFile, C:\Users\nicks\STM32CubeIDE\workspace_1.19.0\AFR\AFR_SENSORS\CM7\MXTmpFiles\bsp_common_demo_fct.tmp_save
2025-07-28 15:54:14,940 [INFO] CodeEngine:289 - Generated code: C:\Users\nicks\STM32CubeIDE\workspace_1.19.0\AFR\AFR_SENSORS\CM7\MXTmpFiles\bsp_common_demo_fct.tmp
2025-07-28 15:54:14,958 [INFO] CodeEngine:265 - oldGeneratedFile, C:\Users\nicks\STM32CubeIDE\workspace_1.19.0\AFR\AFR_SENSORS\CM7\Core\Src\stm32h7xx_it.c_save
2025-07-28 15:54:15,018 [INFO] CodeEngine:289 - Generated code: C:\Users\nicks\STM32CubeIDE\workspace_1.19.0\AFR\AFR_SENSORS\CM7\Core\Src\stm32h7xx_it.c
2025-07-28 15:54:15,023 [INFO] CodeEngine:265 - oldGeneratedFile, C:\Users\nicks\STM32CubeIDE\workspace_1.19.0\AFR\AFR_SENSORS\CM7\Core\Inc\stm32h7xx_it.h_save
2025-07-28 15:54:15,070 [INFO] CodeEngine:289 - Generated code: C:\Users\nicks\STM32CubeIDE\workspace_1.19.0\AFR\AFR_SENSORS\CM7\Core\Inc\stm32h7xx_it.h
2025-07-28 15:54:15,181 [INFO] CodeEngine:265 - oldGeneratedFile, C:\Users\nicks\STM32CubeIDE\workspace_1.19.0\AFR\AFR_SENSORS\CM7\Core\Src\stm32h7xx_hal_msp.c_save
2025-07-28 15:54:15,251 [INFO] CodeEngine:289 - Generated code: C:\Users\nicks\STM32CubeIDE\workspace_1.19.0\AFR\AFR_SENSORS\CM7\Core\Src\stm32h7xx_hal_msp.c
2025-07-28 15:54:15,255 [INFO] CodeEngine:265 - oldGeneratedFile, C:\Users\nicks\STM32CubeIDE\workspace_1.19.0\AFR\AFR_SENSORS\CM7\MXTmpFiles\system.tmp_save
2025-07-28 15:54:15,296 [INFO] CodeEngine:289 - Generated code: C:\Users\nicks\STM32CubeIDE\workspace_1.19.0\AFR\AFR_SENSORS\CM7\MXTmpFiles\system.tmp
2025-07-28 15:54:15,306 [INFO] CodeEngine:321 - oldGeneratedFile, C:\Users\nicks\STM32CubeIDE\workspace_1.19.0\AFR\AFR_SENSORS\CM7\Core\Inc\stm32h7xx_hal_conf.h_save
2025-07-28 15:54:15,355 [INFO] CodeEngine:345 - Generated code: C:\Users\nicks\STM32CubeIDE\workspace_1.19.0\AFR\AFR_SENSORS\CM7\Core\Inc\stm32h7xx_hal_conf.h
2025-07-28 15:54:15,376 [WARN] IPConfigManager:3811 - IP not found : NVIC
2025-07-28 15:54:15,376 [WARN] IPConfigManager:3811 - IP not found : TIM
2025-07-28 15:54:15,377 [WARN] CodeGenerator:4259 - IP not found : null
2025-07-28 15:54:15,377 [WARN] CodeGenerator:4259 - IP not found : null
2025-07-28 15:54:15,384 [INFO] CodeEngine:265 - oldGeneratedFile, C:\Users\nicks\STM32CubeIDE\workspace_1.19.0\AFR\AFR_SENSORS\CM7\Core\Inc\main.h_save
2025-07-28 15:54:15,433 [INFO] CodeEngine:289 - Generated code: C:\Users\nicks\STM32CubeIDE\workspace_1.19.0\AFR\AFR_SENSORS\CM7\Core\Inc\main.h
2025-07-28 15:54:15,439 [INFO] CodeEngine:265 - oldGeneratedFile, C:\Users\nicks\STM32CubeIDE\workspace_1.19.0\AFR\AFR_SENSORS\CM7\Core\Src\main.c_save
2025-07-28 15:54:15,532 [INFO] CodeEngine:289 - Generated code: C:\Users\nicks\STM32CubeIDE\workspace_1.19.0\AFR\AFR_SENSORS\CM7\Core\Src\main.c
2025-07-28 15:54:15,575 [INFO] CodeGenerator:1619 - *******************Project context M4 selected
2025-07-28 15:54:15,624 [INFO] CodeEngine:265 - oldGeneratedFile, C:\Users\nicks\STM32CubeIDE\workspace_1.19.0\AFR\AFR_SENSORS\MXTmpFiles\license.tmp_save
2025-07-28 15:54:15,668 [INFO] CodeEngine:289 - Generated code: C:\Users\nicks\STM32CubeIDE\workspace_1.19.0\AFR\AFR_SENSORS\MXTmpFiles\license.tmp
2025-07-28 15:54:15,678 [WARN] IPConfigManager:103 - WARNING: Missing Config File for NVIC2 ip!!
2025-07-28 15:54:15,708 [INFO] CodeEngine:265 - oldGeneratedFile, C:\Users\nicks\STM32CubeIDE\workspace_1.19.0\AFR\AFR_SENSORS\CM4\MXTmpFiles\cortex.tmp_save
2025-07-28 15:54:15,750 [INFO] CodeEngine:289 - Generated code: C:\Users\nicks\STM32CubeIDE\workspace_1.19.0\AFR\AFR_SENSORS\CM4\MXTmpFiles\cortex.tmp
2025-07-28 15:54:15,779 [INFO] CodeEngine:265 - oldGeneratedFile, C:\Users\nicks\STM32CubeIDE\workspace_1.19.0\AFR\AFR_SENSORS\CM4\Core\Inc\stm32h7xx_nucleo_conf.h_save
2025-07-28 15:54:15,820 [INFO] CodeEngine:289 - Generated code: C:\Users\nicks\STM32CubeIDE\workspace_1.19.0\AFR\AFR_SENSORS\CM4\Core\Inc\stm32h7xx_nucleo_conf.h
2025-07-28 15:54:15,824 [INFO] CodeEngine:265 - oldGeneratedFile, C:\Users\nicks\STM32CubeIDE\workspace_1.19.0\AFR\AFR_SENSORS\CM4\MXTmpFiles\bsp_inc.tmp_save
2025-07-28 15:54:15,862 [INFO] CodeEngine:289 - Generated code: C:\Users\nicks\STM32CubeIDE\workspace_1.19.0\AFR\AFR_SENSORS\CM4\MXTmpFiles\bsp_inc.tmp
2025-07-28 15:54:15,877 [INFO] CodeEngine:265 - oldGeneratedFile, C:\Users\nicks\STM32CubeIDE\workspace_1.19.0\AFR\AFR_SENSORS\CM4\Core\Src\stm32h7xx_it.c_save
2025-07-28 15:54:15,922 [INFO] CodeEngine:289 - Generated code: C:\Users\nicks\STM32CubeIDE\workspace_1.19.0\AFR\AFR_SENSORS\CM4\Core\Src\stm32h7xx_it.c
2025-07-28 15:54:15,928 [INFO] CodeEngine:265 - oldGeneratedFile, C:\Users\nicks\STM32CubeIDE\workspace_1.19.0\AFR\AFR_SENSORS\CM4\Core\Inc\stm32h7xx_it.h_save
2025-07-28 15:54:15,969 [INFO] CodeEngine:289 - Generated code: C:\Users\nicks\STM32CubeIDE\workspace_1.19.0\AFR\AFR_SENSORS\CM4\Core\Inc\stm32h7xx_it.h
2025-07-28 15:54:15,989 [INFO] CodeEngine:265 - oldGeneratedFile, C:\Users\nicks\STM32CubeIDE\workspace_1.19.0\AFR\AFR_SENSORS\CM4\Core\Src\stm32h7xx_hal_msp.c_save
2025-07-28 15:54:16,046 [INFO] CodeEngine:289 - Generated code: C:\Users\nicks\STM32CubeIDE\workspace_1.19.0\AFR\AFR_SENSORS\CM4\Core\Src\stm32h7xx_hal_msp.c
2025-07-28 15:54:16,050 [INFO] CodeEngine:265 - oldGeneratedFile, C:\Users\nicks\STM32CubeIDE\workspace_1.19.0\AFR\AFR_SENSORS\CM4\MXTmpFiles\system.tmp_save
2025-07-28 15:54:16,087 [INFO] CodeEngine:289 - Generated code: C:\Users\nicks\STM32CubeIDE\workspace_1.19.0\AFR\AFR_SENSORS\CM4\MXTmpFiles\system.tmp
2025-07-28 15:54:16,097 [INFO] CodeEngine:321 - oldGeneratedFile, C:\Users\nicks\STM32CubeIDE\workspace_1.19.0\AFR\AFR_SENSORS\CM4\Core\Inc\stm32h7xx_hal_conf.h_save
2025-07-28 15:54:16,140 [INFO] CodeEngine:345 - Generated code: C:\Users\nicks\STM32CubeIDE\workspace_1.19.0\AFR\AFR_SENSORS\CM4\Core\Inc\stm32h7xx_hal_conf.h
2025-07-28 15:54:16,150 [WARN] IPConfigManager:3811 - IP not found : NVIC
2025-07-28 15:54:16,151 [WARN] CodeGenerator:4259 - IP not found : null
2025-07-28 15:54:16,157 [INFO] CodeEngine:265 - oldGeneratedFile, C:\Users\nicks\STM32CubeIDE\workspace_1.19.0\AFR\AFR_SENSORS\CM4\Core\Inc\main.h_save
2025-07-28 15:54:16,201 [INFO] CodeEngine:289 - Generated code: C:\Users\nicks\STM32CubeIDE\workspace_1.19.0\AFR\AFR_SENSORS\CM4\Core\Inc\main.h
2025-07-28 15:54:16,207 [INFO] CodeEngine:265 - oldGeneratedFile, C:\Users\nicks\STM32CubeIDE\workspace_1.19.0\AFR\AFR_SENSORS\CM4\Core\Src\main.c_save
2025-07-28 15:54:16,266 [INFO] CodeEngine:289 - Generated code: C:\Users\nicks\STM32CubeIDE\workspace_1.19.0\AFR\AFR_SENSORS\CM4\Core\Src\main.c
2025-07-28 15:54:16,660 [INFO] ProjectBuilder:3606 - Time for Copy HAL[1] : 226mS.
2025-07-28 15:54:16,673 [INFO] ProjectBuilder:5216 - Project Generator version: 4.7.0-B52
2025-07-28 15:54:16,731 [INFO] ConfigFileManager:1595 - The Die is : DIE450
2025-07-28 15:54:21,584 [INFO] ProjectBuilder:5496 - Time for Generating toolchain IDE Files: 4911mS.
2025-07-28 15:54:21,585 [INFO] ProjectBuilder:3463 - Time for Copy CMSIS : 1mS.
2025-07-28 15:54:21,591 [INFO] ProjectBuilder:3463 - Time for Copy CMSIS : 1mS.
2025-07-28 16:12:42,088 [INFO] Gpio:278 - dependency for GPIO [I2C2, TIM1, USART2]
2025-07-28 16:12:42,170 [INFO] NvicIntPanel:101 - NVIC parent = com.st.microxplorer.plugins.ip.nvic.MultiNvicIntPanel[,0,0,0x0,invalid,layout=javax.swing.BoxLayout,alignmentX=0.0,alignmentY=0.0,border=,flags=9,maximumSize=,minimumSize=,preferredSize=]
2025-07-28 16:15:48,374 [INFO] ADCParametersView:116 -                Rank 1 : false
2025-07-28 16:15:48,433 [INFO] ADCParametersView:116 -                Rank 1 : false
2025-07-28 16:15:48,433 [INFO] ADCParametersView:116 -                Rank 1 : false
2025-07-28 16:15:48,434 [INFO] ADCParametersView:116 -                Rank 1 : false
2025-07-28 16:15:48,434 [INFO] ADCParametersView:116 -                Rank 1 : false
2025-07-28 16:15:48,434 [INFO] ADCParametersView:116 -                Rank 1 : false
2025-07-28 16:15:48,435 [INFO] ADCParametersView:116 -                Rank 1 : false
2025-07-28 16:15:48,435 [INFO] ADCParametersView:116 -                Rank 1 : false
2025-07-28 16:15:48,435 [INFO] ADCParametersView:116 -                Rank 1 : false
2025-07-28 16:15:48,435 [INFO] ADCParametersView:116 -                Rank 1 : false
2025-07-28 16:15:48,436 [INFO] ADCParametersView:116 -                Rank 1 : false
2025-07-28 16:15:48,436 [INFO] ADCParametersView:116 -                Rank 1 : false
2025-07-28 16:15:48,436 [INFO] ADCParametersView:116 -                Rank 1 : false
2025-07-28 16:15:48,436 [INFO] ADCParametersView:116 -                Rank 1 : false
2025-07-28 16:15:48,436 [INFO] ADCParametersView:116 -                Rank 1 : false
2025-07-28 16:15:48,437 [INFO] ADCParametersView:116 -                Rank 1 : false
2025-07-28 16:15:48,437 [INFO] ADCParametersView:116 -                Rank 1 : false
2025-07-28 16:15:48,437 [INFO] ADCParametersView:116 -                Rank 1 : false
2025-07-28 16:15:48,437 [INFO] ADCParametersView:116 -                Rank 1 : false
2025-07-28 16:15:48,437 [INFO] ADCParametersView:116 -                Rank 1 : false
2025-07-28 16:15:48,437 [INFO] ADCParametersView:116 -                Rank 1 : false
2025-07-28 16:15:48,448 [INFO] ADCParametersView:116 -                Rank 1 : false
2025-07-28 16:15:48,609 [INFO] NvicIntPanel:101 - NVIC parent = com.st.microxplorer.plugins.ip.nvic.MultiNvicIntPanel[,0,0,0x0,invalid,layout=javax.swing.BoxLayout,alignmentX=0.0,alignmentY=0.0,border=,flags=9,maximumSize=,minimumSize=,preferredSize=]
2025-07-28 16:15:48,752 [INFO] NvicIntPanel:101 - NVIC parent = com.st.microxplorer.plugins.ip.nvic.MultiNvicIntPanel[,0,0,0x0,invalid,layout=javax.swing.BoxLayout,alignmentX=0.0,alignmentY=0.0,border=,flags=9,maximumSize=,minimumSize=,preferredSize=]
2025-07-28 16:15:48,894 [INFO] NvicIntPanel:101 - NVIC parent = com.st.microxplorer.plugins.ip.nvic.MultiNvicIntPanel[,0,0,0x0,invalid,layout=javax.swing.BoxLayout,alignmentX=0.0,alignmentY=0.0,border=,flags=9,maximumSize=,minimumSize=,preferredSize=]
2025-07-28 16:15:49,031 [INFO] NvicIntPanel:101 - NVIC parent = com.st.microxplorer.plugins.ip.nvic.MultiNvicIntPanel[,0,0,0x0,invalid,layout=javax.swing.BoxLayout,alignmentX=0.0,alignmentY=0.0,border=,flags=9,maximumSize=,minimumSize=,preferredSize=]
2025-07-28 16:15:49,168 [INFO] NvicIntPanel:101 - NVIC parent = com.st.microxplorer.plugins.ip.nvic.MultiNvicIntPanel[,0,0,0x0,invalid,layout=javax.swing.BoxLayout,alignmentX=0.0,alignmentY=0.0,border=,flags=9,maximumSize=,minimumSize=,preferredSize=]
2025-07-28 16:15:49,234 [INFO] ADCParametersView:116 -                Rank 1 : false
2025-07-28 16:15:49,235 [INFO] ADCParametersView:116 -                Rank 1 : false
2025-07-28 16:15:49,235 [INFO] ADCParametersView:116 -                Rank 1 : false
2025-07-28 16:15:49,235 [INFO] ADCParametersView:116 -                Rank 1 : false
2025-07-28 16:15:49,235 [INFO] ADCParametersView:116 -                Rank 1 : false
2025-07-28 16:15:49,235 [INFO] ADCParametersView:116 -                Rank 1 : false
2025-07-28 16:15:49,235 [INFO] ADCParametersView:116 -                Rank 1 : false
2025-07-28 16:15:49,235 [INFO] ADCParametersView:116 -                Rank 1 : false
2025-07-28 16:15:49,235 [INFO] ADCParametersView:116 -                Rank 1 : false
2025-07-28 16:15:49,235 [INFO] ADCParametersView:116 -                Rank 1 : false
2025-07-28 16:15:49,236 [INFO] ADCParametersView:116 -                Rank 1 : false
2025-07-28 16:15:49,236 [INFO] ADCParametersView:116 -                Rank 1 : false
2025-07-28 16:15:49,236 [INFO] ADCParametersView:116 -                Rank 1 : false
2025-07-28 16:15:49,236 [INFO] ADCParametersView:116 -                Rank 1 : false
2025-07-28 16:15:49,236 [INFO] ADCParametersView:116 -                Rank 1 : false
2025-07-28 16:15:49,236 [INFO] ADCParametersView:116 -                Rank 1 : false
2025-07-28 16:15:49,236 [INFO] ADCParametersView:116 -                Rank 1 : false
2025-07-28 16:15:49,236 [INFO] ADCParametersView:116 -                Rank 1 : false
2025-07-28 16:15:49,237 [INFO] ADCParametersView:116 -                Rank 1 : false
2025-07-28 16:15:49,237 [INFO] ADCParametersView:116 -                Rank 1 : false
2025-07-28 16:15:49,313 [INFO] ADCParametersView:116 -                Rank 1 : false
2025-07-28 16:15:49,399 [INFO] ADCParametersView:116 -                Rank 1 : false
2025-07-28 16:15:49,400 [INFO] ADCParametersView:116 -                Rank 1 : false
2025-07-28 16:15:49,400 [INFO] ADCParametersView:116 -                Rank 1 : false
2025-07-28 16:15:49,400 [INFO] ADCParametersView:116 -                Rank 1 : false
2025-07-28 16:15:49,400 [INFO] ADCParametersView:116 -                Rank 1 : false
2025-07-28 16:15:49,400 [INFO] ADCParametersView:116 -                Rank 1 : false
2025-07-28 16:15:49,400 [INFO] ADCParametersView:116 -                Rank 1 : false
2025-07-28 16:15:49,400 [INFO] ADCParametersView:116 -                Rank 1 : false
2025-07-28 16:15:49,400 [INFO] ADCParametersView:116 -                Rank 1 : false
2025-07-28 16:15:49,401 [INFO] ADCParametersView:116 -                Rank 1 : false
2025-07-28 16:15:49,401 [INFO] ADCParametersView:116 -                Rank 1 : false
2025-07-28 16:15:49,401 [INFO] ADCParametersView:116 -                Rank 1 : false
2025-07-28 16:15:49,401 [INFO] ADCParametersView:116 -                Rank 1 : false
2025-07-28 16:15:49,401 [INFO] ADCParametersView:116 -                Rank 1 : false
2025-07-28 16:15:49,402 [INFO] ADCParametersView:116 -                Rank 1 : false
2025-07-28 16:15:49,402 [INFO] ADCParametersView:116 -                Rank 1 : false
2025-07-28 16:15:49,402 [INFO] ADCParametersView:116 -                Rank 1 : false
2025-07-28 16:15:49,402 [INFO] ADCParametersView:116 -                Rank 1 : false
2025-07-28 16:15:49,402 [INFO] ADCParametersView:116 -                Rank 1 : false
2025-07-28 16:15:49,402 [INFO] ADCParametersView:116 -                Rank 1 : false
2025-07-28 16:15:49,480 [INFO] ADCParametersView:116 -                Rank 1 : false
2025-07-28 16:16:43,594 [INFO] ParamManager:905 - [Generic UI] PropertyChangeEvent: TAB_STATUS_CHANGED , "dont care", "never mind"
2025-07-28 16:16:43,604 [INFO] ADCParametersView:116 -                Rank 1 : false
2025-07-28 16:16:43,605 [INFO] ADCParametersView:116 -                Rank 1 : false
2025-07-28 16:16:43,605 [INFO] ADCParametersView:116 -                Rank 1 : false
2025-07-28 16:16:43,605 [INFO] ADCParametersView:116 -                Rank 1 : false
2025-07-28 16:16:43,605 [INFO] ADCParametersView:116 -                Rank 1 : false
2025-07-28 16:16:43,605 [INFO] ADCParametersView:116 -                Rank 1 : false
2025-07-28 16:16:43,605 [INFO] ADCParametersView:116 -                Rank 1 : false
2025-07-28 16:16:43,605 [INFO] ADCParametersView:116 -                Rank 1 : false
2025-07-28 16:16:43,605 [INFO] ADCParametersView:116 -                Rank 1 : false
2025-07-28 16:16:43,605 [INFO] ADCParametersView:116 -                Rank 1 : false
2025-07-28 16:16:43,605 [INFO] ADCParametersView:116 -                Rank 1 : false
2025-07-28 16:16:43,605 [INFO] ADCParametersView:116 -                Rank 1 : false
2025-07-28 16:16:43,605 [INFO] ADCParametersView:116 -                Rank 1 : false
2025-07-28 16:16:43,605 [INFO] ADCParametersView:116 -                Rank 1 : false
2025-07-28 16:16:43,605 [INFO] ADCParametersView:116 -                Rank 1 : false
2025-07-28 16:16:43,605 [INFO] ADCParametersView:116 -                Rank 1 : false
2025-07-28 16:16:43,605 [INFO] ADCParametersView:116 -                Rank 1 : false
2025-07-28 16:16:43,606 [INFO] ADCParametersView:116 -                Rank 1 : false
2025-07-28 16:16:43,606 [INFO] ADCParametersView:116 -                Rank 1 : false
2025-07-28 16:16:43,606 [INFO] ADCParametersView:116 -                Rank 1 : false
2025-07-28 16:16:43,611 [INFO] ParamManager:905 - [Generic UI] PropertyChangeEvent: TAB_STATUS_CHANGED , "dont care", "never mind"
2025-07-28 16:16:43,616 [INFO] ADCParametersView:116 -                Rank 1 : false
2025-07-28 16:16:43,637 [INFO] ADCParametersView:116 -                Rank 1 : false
2025-07-28 16:16:43,637 [INFO] ADCParametersView:116 -                Rank 1 : false
2025-07-28 16:16:43,637 [INFO] ADCParametersView:116 -                Rank 1 : false
2025-07-28 16:16:43,637 [INFO] ADCParametersView:116 -                Rank 1 : false
2025-07-28 16:16:43,638 [INFO] ADCParametersView:116 -                Rank 1 : false
2025-07-28 16:16:43,638 [INFO] ADCParametersView:116 -                Rank 1 : false
2025-07-28 16:16:43,638 [INFO] ADCParametersView:116 -                Rank 1 : false
2025-07-28 16:16:43,638 [INFO] ADCParametersView:116 -                Rank 1 : false
2025-07-28 16:16:43,638 [INFO] ADCParametersView:116 -                Rank 1 : false
2025-07-28 16:16:43,638 [INFO] ADCParametersView:116 -                Rank 1 : false
2025-07-28 16:16:43,638 [INFO] ADCParametersView:116 -                Rank 1 : false
2025-07-28 16:16:43,638 [INFO] ADCParametersView:116 -                Rank 1 : false
2025-07-28 16:16:43,638 [INFO] ADCParametersView:116 -                Rank 1 : false
2025-07-28 16:16:43,638 [INFO] ADCParametersView:116 -                Rank 1 : false
2025-07-28 16:16:43,638 [INFO] ADCParametersView:116 -                Rank 1 : false
2025-07-28 16:16:43,638 [INFO] ADCParametersView:116 -                Rank 1 : false
2025-07-28 16:16:43,638 [INFO] ADCParametersView:116 -                Rank 1 : false
2025-07-28 16:16:43,638 [INFO] ADCParametersView:116 -                Rank 1 : false
2025-07-28 16:16:43,638 [INFO] ADCParametersView:116 -                Rank 1 : false
2025-07-28 16:16:43,638 [INFO] ADCParametersView:116 -                Rank 1 : false
2025-07-28 16:16:43,645 [INFO] ADCParametersView:116 -                Rank 1 : false
2025-07-28 16:16:43,784 [INFO] NvicIntPanel:101 - NVIC parent = com.st.microxplorer.plugins.ip.nvic.MultiNvicIntPanel[,0,0,0x0,invalid,layout=javax.swing.BoxLayout,alignmentX=0.0,alignmentY=0.0,border=,flags=9,maximumSize=,minimumSize=,preferredSize=]
2025-07-28 16:16:43,914 [INFO] NvicIntPanel:101 - NVIC parent = com.st.microxplorer.plugins.ip.nvic.MultiNvicIntPanel[,0,0,0x0,invalid,layout=javax.swing.BoxLayout,alignmentX=0.0,alignmentY=0.0,border=,flags=9,maximumSize=,minimumSize=,preferredSize=]
2025-07-28 16:16:44,053 [INFO] NvicIntPanel:101 - NVIC parent = com.st.microxplorer.plugins.ip.nvic.MultiNvicIntPanel[,0,0,0x0,invalid,layout=javax.swing.BoxLayout,alignmentX=0.0,alignmentY=0.0,border=,flags=9,maximumSize=,minimumSize=,preferredSize=]
2025-07-28 16:16:44,187 [INFO] NvicIntPanel:101 - NVIC parent = com.st.microxplorer.plugins.ip.nvic.MultiNvicIntPanel[,0,0,0x0,invalid,layout=javax.swing.BoxLayout,alignmentX=0.0,alignmentY=0.0,border=,flags=9,maximumSize=,minimumSize=,preferredSize=]
2025-07-28 16:16:44,260 [INFO] ADCParametersView:116 -                Rank 1 : false
2025-07-28 16:16:44,260 [INFO] ADCParametersView:116 -                Rank 1 : false
2025-07-28 16:16:44,260 [INFO] ADCParametersView:116 -                Rank 1 : false
2025-07-28 16:16:44,260 [INFO] ADCParametersView:116 -                Rank 1 : false
2025-07-28 16:16:44,260 [INFO] ADCParametersView:116 -                Rank 1 : false
2025-07-28 16:16:44,261 [INFO] ADCParametersView:116 -                Rank 1 : false
2025-07-28 16:16:44,261 [INFO] ADCParametersView:116 -                Rank 1 : false
2025-07-28 16:16:44,261 [INFO] ADCParametersView:116 -                Rank 1 : false
2025-07-28 16:16:44,261 [INFO] ADCParametersView:116 -                Rank 1 : false
2025-07-28 16:16:44,261 [INFO] ADCParametersView:116 -                Rank 1 : false
2025-07-28 16:16:44,261 [INFO] ADCParametersView:116 -                Rank 1 : false
2025-07-28 16:16:44,261 [INFO] ADCParametersView:116 -                Rank 1 : false
2025-07-28 16:16:44,261 [INFO] ADCParametersView:116 -                Rank 1 : false
2025-07-28 16:16:44,261 [INFO] ADCParametersView:116 -                Rank 1 : false
2025-07-28 16:16:44,261 [INFO] ADCParametersView:116 -                Rank 1 : false
2025-07-28 16:16:44,261 [INFO] ADCParametersView:116 -                Rank 1 : false
2025-07-28 16:16:44,261 [INFO] ADCParametersView:116 -                Rank 1 : false
2025-07-28 16:16:44,261 [INFO] ADCParametersView:116 -                Rank 1 : false
2025-07-28 16:16:44,261 [INFO] ADCParametersView:116 -                Rank 1 : false
2025-07-28 16:16:44,261 [INFO] ADCParametersView:116 -                Rank 1 : false
2025-07-28 16:16:44,348 [INFO] ADCParametersView:116 -                Rank 1 : false
2025-07-28 16:16:44,448 [INFO] ADCParametersView:116 -                Rank 1 : false
2025-07-28 16:16:44,448 [INFO] ADCParametersView:116 -                Rank 1 : false
2025-07-28 16:16:44,448 [INFO] ADCParametersView:116 -                Rank 1 : false
2025-07-28 16:16:44,448 [INFO] ADCParametersView:116 -                Rank 1 : false
2025-07-28 16:16:44,448 [INFO] ADCParametersView:116 -                Rank 1 : false
2025-07-28 16:16:44,448 [INFO] ADCParametersView:116 -                Rank 1 : false
2025-07-28 16:16:44,448 [INFO] ADCParametersView:116 -                Rank 1 : false
2025-07-28 16:16:44,448 [INFO] ADCParametersView:116 -                Rank 1 : false
2025-07-28 16:16:44,448 [INFO] ADCParametersView:116 -                Rank 1 : false
2025-07-28 16:16:44,449 [INFO] ADCParametersView:116 -                Rank 1 : false
2025-07-28 16:16:44,449 [INFO] ADCParametersView:116 -                Rank 1 : false
2025-07-28 16:16:44,449 [INFO] ADCParametersView:116 -                Rank 1 : false
2025-07-28 16:16:44,449 [INFO] ADCParametersView:116 -                Rank 1 : false
2025-07-28 16:16:44,449 [INFO] ADCParametersView:116 -                Rank 1 : false
2025-07-28 16:16:44,449 [INFO] ADCParametersView:116 -                Rank 1 : false
2025-07-28 16:16:44,449 [INFO] ADCParametersView:116 -                Rank 1 : false
2025-07-28 16:16:44,449 [INFO] ADCParametersView:116 -                Rank 1 : false
2025-07-28 16:16:44,449 [INFO] ADCParametersView:116 -                Rank 1 : false
2025-07-28 16:16:44,449 [INFO] ADCParametersView:116 -                Rank 1 : false
2025-07-28 16:16:44,449 [INFO] ADCParametersView:116 -                Rank 1 : false
2025-07-28 16:16:44,527 [INFO] ADCParametersView:116 -                Rank 1 : false
2025-07-28 16:16:52,972 [INFO] ADCParametersView:116 -                Rank 1 : false
2025-07-28 16:16:52,972 [INFO] ADCParametersView:116 -                Rank 1 : false
2025-07-28 16:16:52,972 [INFO] ADCParametersView:116 -                Rank 1 : false
2025-07-28 16:16:52,972 [INFO] ADCParametersView:116 -                Rank 1 : false
2025-07-28 16:16:52,972 [INFO] ADCParametersView:116 -                Rank 1 : false
2025-07-28 16:16:52,972 [INFO] ADCParametersView:116 -                Rank 1 : false
2025-07-28 16:16:52,972 [INFO] ADCParametersView:116 -                Rank 1 : false
2025-07-28 16:16:52,972 [INFO] ADCParametersView:116 -                Rank 1 : false
2025-07-28 16:16:52,972 [INFO] ADCParametersView:116 -                Rank 1 : false
2025-07-28 16:16:52,972 [INFO] ADCParametersView:116 -                Rank 1 : false
2025-07-28 16:16:52,972 [INFO] ADCParametersView:116 -                Rank 1 : false
2025-07-28 16:16:52,972 [INFO] ADCParametersView:116 -                Rank 1 : false
2025-07-28 16:16:52,972 [INFO] ADCParametersView:116 -                Rank 1 : false
2025-07-28 16:16:52,972 [INFO] ADCParametersView:116 -                Rank 1 : false
2025-07-28 16:16:52,972 [INFO] ADCParametersView:116 -                Rank 1 : false
2025-07-28 16:16:52,972 [INFO] ADCParametersView:116 -                Rank 1 : false
2025-07-28 16:16:52,973 [INFO] ADCParametersView:116 -                Rank 1 : false
2025-07-28 16:16:52,973 [INFO] ADCParametersView:116 -                Rank 1 : false
2025-07-28 16:16:52,973 [INFO] ADCParametersView:116 -                Rank 1 : false
2025-07-28 16:16:52,973 [INFO] ADCParametersView:116 -                Rank 1 : false
2025-07-28 16:16:53,045 [INFO] ADCParametersView:116 -                Rank 1 : false
2025-07-28 16:16:53,129 [INFO] ADCParametersView:116 -                Rank 1 : false
2025-07-28 16:16:53,129 [INFO] ADCParametersView:116 -                Rank 1 : false
2025-07-28 16:16:53,129 [INFO] ADCParametersView:116 -                Rank 1 : false
2025-07-28 16:16:53,129 [INFO] ADCParametersView:116 -                Rank 1 : false
2025-07-28 16:16:53,129 [INFO] ADCParametersView:116 -                Rank 1 : false
2025-07-28 16:16:53,129 [INFO] ADCParametersView:116 -                Rank 1 : false
2025-07-28 16:16:53,129 [INFO] ADCParametersView:116 -                Rank 1 : false
2025-07-28 16:16:53,129 [INFO] ADCParametersView:116 -                Rank 1 : false
2025-07-28 16:16:53,129 [INFO] ADCParametersView:116 -                Rank 1 : false
2025-07-28 16:16:53,129 [INFO] ADCParametersView:116 -                Rank 1 : false
2025-07-28 16:16:53,129 [INFO] ADCParametersView:116 -                Rank 1 : false
2025-07-28 16:16:53,129 [INFO] ADCParametersView:116 -                Rank 1 : false
2025-07-28 16:16:53,129 [INFO] ADCParametersView:116 -                Rank 1 : false
2025-07-28 16:16:53,129 [INFO] ADCParametersView:116 -                Rank 1 : false
2025-07-28 16:16:53,129 [INFO] ADCParametersView:116 -                Rank 1 : false
2025-07-28 16:16:53,129 [INFO] ADCParametersView:116 -                Rank 1 : false
2025-07-28 16:16:53,129 [INFO] ADCParametersView:116 -                Rank 1 : false
2025-07-28 16:16:53,129 [INFO] ADCParametersView:116 -                Rank 1 : false
2025-07-28 16:16:53,129 [INFO] ADCParametersView:116 -                Rank 1 : false
2025-07-28 16:16:53,129 [INFO] ADCParametersView:116 -                Rank 1 : false
2025-07-28 16:16:53,206 [INFO] ADCParametersView:116 -                Rank 1 : false
2025-07-28 16:16:53,425 [INFO] ADCParametersView:116 -                Rank 1 : false
2025-07-28 16:16:53,425 [INFO] ADCParametersView:116 -                Rank 1 : false
2025-07-28 16:16:53,426 [INFO] ADCParametersView:116 -                Rank 1 : false
2025-07-28 16:16:53,426 [INFO] ADCParametersView:116 -                Rank 1 : false
2025-07-28 16:16:53,426 [INFO] ADCParametersView:116 -                Rank 1 : false
2025-07-28 16:16:53,426 [INFO] ADCParametersView:116 -                Rank 1 : false
2025-07-28 16:16:53,426 [INFO] ADCParametersView:116 -                Rank 1 : false
2025-07-28 16:16:53,426 [INFO] ADCParametersView:116 -                Rank 1 : false
2025-07-28 16:16:53,426 [INFO] ADCParametersView:116 -                Rank 1 : false
2025-07-28 16:16:53,426 [INFO] ADCParametersView:116 -                Rank 1 : false
2025-07-28 16:16:53,426 [INFO] ADCParametersView:116 -                Rank 1 : false
2025-07-28 16:16:53,426 [INFO] ADCParametersView:116 -                Rank 1 : false
2025-07-28 16:16:53,426 [INFO] ADCParametersView:116 -                Rank 1 : false
2025-07-28 16:16:53,426 [INFO] ADCParametersView:116 -                Rank 1 : false
2025-07-28 16:16:53,426 [INFO] ADCParametersView:116 -                Rank 1 : false
2025-07-28 16:16:53,426 [INFO] ADCParametersView:116 -                Rank 1 : false
2025-07-28 16:16:53,426 [INFO] ADCParametersView:116 -                Rank 1 : false
2025-07-28 16:16:53,426 [INFO] ADCParametersView:116 -                Rank 1 : false
2025-07-28 16:16:53,426 [INFO] ADCParametersView:116 -                Rank 1 : false
2025-07-28 16:16:53,426 [INFO] ADCParametersView:116 -                Rank 1 : false
2025-07-28 16:16:53,499 [INFO] ADCParametersView:116 -                Rank 1 : false
2025-07-28 16:16:53,584 [INFO] ADCParametersView:116 -                Rank 1 : false
2025-07-28 16:16:53,584 [INFO] ADCParametersView:116 -                Rank 1 : false
2025-07-28 16:16:53,584 [INFO] ADCParametersView:116 -                Rank 1 : false
2025-07-28 16:16:53,585 [INFO] ADCParametersView:116 -                Rank 1 : false
2025-07-28 16:16:53,585 [INFO] ADCParametersView:116 -                Rank 1 : false
2025-07-28 16:16:53,585 [INFO] ADCParametersView:116 -                Rank 1 : false
2025-07-28 16:16:53,585 [INFO] ADCParametersView:116 -                Rank 1 : false
2025-07-28 16:16:53,585 [INFO] ADCParametersView:116 -                Rank 1 : false
2025-07-28 16:16:53,585 [INFO] ADCParametersView:116 -                Rank 1 : false
2025-07-28 16:16:53,585 [INFO] ADCParametersView:116 -                Rank 1 : false
2025-07-28 16:16:53,585 [INFO] ADCParametersView:116 -                Rank 1 : false
2025-07-28 16:16:53,585 [INFO] ADCParametersView:116 -                Rank 1 : false
2025-07-28 16:16:53,585 [INFO] ADCParametersView:116 -                Rank 1 : false
2025-07-28 16:16:53,585 [INFO] ADCParametersView:116 -                Rank 1 : false
2025-07-28 16:16:53,585 [INFO] ADCParametersView:116 -                Rank 1 : false
2025-07-28 16:16:53,585 [INFO] ADCParametersView:116 -                Rank 1 : false
2025-07-28 16:16:53,585 [INFO] ADCParametersView:116 -                Rank 1 : false
2025-07-28 16:16:53,585 [INFO] ADCParametersView:116 -                Rank 1 : false
2025-07-28 16:16:53,585 [INFO] ADCParametersView:116 -                Rank 1 : false
2025-07-28 16:16:53,585 [INFO] ADCParametersView:116 -                Rank 1 : false
2025-07-28 16:16:53,659 [INFO] ADCParametersView:116 -                Rank 1 : false
2025-07-28 16:16:57,462 [INFO] ADCParametersView:116 -                Rank 1 : false
2025-07-28 16:16:57,462 [INFO] ADCParametersView:116 -                Rank 1 : false
2025-07-28 16:16:57,462 [INFO] ADCParametersView:116 -                Rank 1 : false
2025-07-28 16:16:57,462 [INFO] ADCParametersView:116 -                Rank 1 : false
2025-07-28 16:16:57,462 [INFO] ADCParametersView:116 -                Rank 1 : false
2025-07-28 16:16:57,462 [INFO] ADCParametersView:116 -                Rank 1 : false
2025-07-28 16:16:57,463 [INFO] ADCParametersView:116 -                Rank 1 : false
2025-07-28 16:16:57,463 [INFO] ADCParametersView:116 -                Rank 1 : false
2025-07-28 16:16:57,463 [INFO] ADCParametersView:116 -                Rank 1 : false
2025-07-28 16:16:57,463 [INFO] ADCParametersView:116 -                Rank 1 : false
2025-07-28 16:16:57,463 [INFO] ADCParametersView:116 -                Rank 1 : false
2025-07-28 16:16:57,463 [INFO] ADCParametersView:116 -                Rank 1 : false
2025-07-28 16:16:57,463 [INFO] ADCParametersView:116 -                Rank 1 : false
2025-07-28 16:16:57,463 [INFO] ADCParametersView:116 -                Rank 1 : false
2025-07-28 16:16:57,463 [INFO] ADCParametersView:116 -                Rank 1 : false
2025-07-28 16:16:57,463 [INFO] ADCParametersView:116 -                Rank 1 : false
2025-07-28 16:16:57,463 [INFO] ADCParametersView:116 -                Rank 1 : false
2025-07-28 16:16:57,463 [INFO] ADCParametersView:116 -                Rank 1 : false
2025-07-28 16:16:57,463 [INFO] ADCParametersView:116 -                Rank 1 : false
2025-07-28 16:16:57,463 [INFO] ADCParametersView:116 -                Rank 1 : false
2025-07-28 16:16:57,540 [INFO] ADCParametersView:116 -                Rank 1 : false
2025-07-28 16:16:57,625 [INFO] ADCParametersView:116 -                Rank 1 : false
2025-07-28 16:16:57,625 [INFO] ADCParametersView:116 -                Rank 1 : false
2025-07-28 16:16:57,625 [INFO] ADCParametersView:116 -                Rank 1 : false
2025-07-28 16:16:57,625 [INFO] ADCParametersView:116 -                Rank 1 : false
2025-07-28 16:16:57,625 [INFO] ADCParametersView:116 -                Rank 1 : false
2025-07-28 16:16:57,625 [INFO] ADCParametersView:116 -                Rank 1 : false
2025-07-28 16:16:57,625 [INFO] ADCParametersView:116 -                Rank 1 : false
2025-07-28 16:16:57,625 [INFO] ADCParametersView:116 -                Rank 1 : false
2025-07-28 16:16:57,625 [INFO] ADCParametersView:116 -                Rank 1 : false
2025-07-28 16:16:57,625 [INFO] ADCParametersView:116 -                Rank 1 : false
2025-07-28 16:16:57,625 [INFO] ADCParametersView:116 -                Rank 1 : false
2025-07-28 16:16:57,626 [INFO] ADCParametersView:116 -                Rank 1 : false
2025-07-28 16:16:57,626 [INFO] ADCParametersView:116 -                Rank 1 : false
2025-07-28 16:16:57,626 [INFO] ADCParametersView:116 -                Rank 1 : false
2025-07-28 16:16:57,626 [INFO] ADCParametersView:116 -                Rank 1 : false
2025-07-28 16:16:57,626 [INFO] ADCParametersView:116 -                Rank 1 : false
2025-07-28 16:16:57,626 [INFO] ADCParametersView:116 -                Rank 1 : false
2025-07-28 16:16:57,626 [INFO] ADCParametersView:116 -                Rank 1 : false
2025-07-28 16:16:57,626 [INFO] ADCParametersView:116 -                Rank 1 : false
2025-07-28 16:16:57,626 [INFO] ADCParametersView:116 -                Rank 1 : false
2025-07-28 16:16:57,698 [INFO] ADCParametersView:116 -                Rank 1 : false
2025-07-28 16:16:57,927 [INFO] ADCParametersView:116 -                Rank 1 : false
2025-07-28 16:16:57,927 [INFO] ADCParametersView:116 -                Rank 1 : false
2025-07-28 16:16:57,927 [INFO] ADCParametersView:116 -                Rank 1 : false
2025-07-28 16:16:57,927 [INFO] ADCParametersView:116 -                Rank 1 : false
2025-07-28 16:16:57,927 [INFO] ADCParametersView:116 -                Rank 1 : false
2025-07-28 16:16:57,927 [INFO] ADCParametersView:116 -                Rank 1 : false
2025-07-28 16:16:57,927 [INFO] ADCParametersView:116 -                Rank 1 : false
2025-07-28 16:16:57,927 [INFO] ADCParametersView:116 -                Rank 1 : false
2025-07-28 16:16:57,927 [INFO] ADCParametersView:116 -                Rank 1 : false
2025-07-28 16:16:57,927 [INFO] ADCParametersView:116 -                Rank 1 : false
2025-07-28 16:16:57,928 [INFO] ADCParametersView:116 -                Rank 1 : false
2025-07-28 16:16:57,928 [INFO] ADCParametersView:116 -                Rank 1 : false
2025-07-28 16:16:57,928 [INFO] ADCParametersView:116 -                Rank 1 : false
2025-07-28 16:16:57,928 [INFO] ADCParametersView:116 -                Rank 1 : false
2025-07-28 16:16:57,928 [INFO] ADCParametersView:116 -                Rank 1 : false
2025-07-28 16:16:57,928 [INFO] ADCParametersView:116 -                Rank 1 : false
2025-07-28 16:16:57,928 [INFO] ADCParametersView:116 -                Rank 1 : false
2025-07-28 16:16:57,928 [INFO] ADCParametersView:116 -                Rank 1 : false
2025-07-28 16:16:57,928 [INFO] ADCParametersView:116 -                Rank 1 : false
2025-07-28 16:16:57,928 [INFO] ADCParametersView:116 -                Rank 1 : false
2025-07-28 16:16:58,000 [INFO] ADCParametersView:116 -                Rank 1 : false
2025-07-28 16:16:58,084 [INFO] ADCParametersView:116 -                Rank 1 : false
2025-07-28 16:16:58,084 [INFO] ADCParametersView:116 -                Rank 1 : false
2025-07-28 16:16:58,084 [INFO] ADCParametersView:116 -                Rank 1 : false
2025-07-28 16:16:58,084 [INFO] ADCParametersView:116 -                Rank 1 : false
2025-07-28 16:16:58,085 [INFO] ADCParametersView:116 -                Rank 1 : false
2025-07-28 16:16:58,085 [INFO] ADCParametersView:116 -                Rank 1 : false
2025-07-28 16:16:58,085 [INFO] ADCParametersView:116 -                Rank 1 : false
2025-07-28 16:16:58,085 [INFO] ADCParametersView:116 -                Rank 1 : false
2025-07-28 16:16:58,085 [INFO] ADCParametersView:116 -                Rank 1 : false
2025-07-28 16:16:58,085 [INFO] ADCParametersView:116 -                Rank 1 : false
2025-07-28 16:16:58,085 [INFO] ADCParametersView:116 -                Rank 1 : false
2025-07-28 16:16:58,085 [INFO] ADCParametersView:116 -                Rank 1 : false
2025-07-28 16:16:58,085 [INFO] ADCParametersView:116 -                Rank 1 : false
2025-07-28 16:16:58,085 [INFO] ADCParametersView:116 -                Rank 1 : false
2025-07-28 16:16:58,085 [INFO] ADCParametersView:116 -                Rank 1 : false
2025-07-28 16:16:58,085 [INFO] ADCParametersView:116 -                Rank 1 : false
2025-07-28 16:16:58,085 [INFO] ADCParametersView:116 -                Rank 1 : false
2025-07-28 16:16:58,085 [INFO] ADCParametersView:116 -                Rank 1 : false
2025-07-28 16:16:58,085 [INFO] ADCParametersView:116 -                Rank 1 : false
2025-07-28 16:16:58,085 [INFO] ADCParametersView:116 -                Rank 1 : false
2025-07-28 16:16:58,156 [INFO] ADCParametersView:116 -                Rank 1 : false
2025-07-28 16:16:59,447 [INFO] ADCParametersView:116 -                Rank 1 : false
2025-07-28 16:16:59,447 [INFO] ADCParametersView:116 -                Rank 1 : false
2025-07-28 16:16:59,447 [INFO] ADCParametersView:116 -                Rank 1 : false
2025-07-28 16:16:59,447 [INFO] ADCParametersView:116 -                Rank 1 : false
2025-07-28 16:16:59,447 [INFO] ADCParametersView:116 -                Rank 1 : false
2025-07-28 16:16:59,447 [INFO] ADCParametersView:116 -                Rank 1 : false
2025-07-28 16:16:59,447 [INFO] ADCParametersView:116 -                Rank 1 : false
2025-07-28 16:16:59,447 [INFO] ADCParametersView:116 -                Rank 1 : false
2025-07-28 16:16:59,447 [INFO] ADCParametersView:116 -                Rank 1 : false
2025-07-28 16:16:59,447 [INFO] ADCParametersView:116 -                Rank 1 : false
2025-07-28 16:16:59,447 [INFO] ADCParametersView:116 -                Rank 1 : false
2025-07-28 16:16:59,447 [INFO] ADCParametersView:116 -                Rank 1 : false
2025-07-28 16:16:59,448 [INFO] ADCParametersView:116 -                Rank 1 : false
2025-07-28 16:16:59,448 [INFO] ADCParametersView:116 -                Rank 1 : false
2025-07-28 16:16:59,448 [INFO] ADCParametersView:116 -                Rank 1 : false
2025-07-28 16:16:59,448 [INFO] ADCParametersView:116 -                Rank 1 : false
2025-07-28 16:16:59,448 [INFO] ADCParametersView:116 -                Rank 1 : false
2025-07-28 16:16:59,448 [INFO] ADCParametersView:116 -                Rank 1 : false
2025-07-28 16:16:59,448 [INFO] ADCParametersView:116 -                Rank 1 : false
2025-07-28 16:16:59,448 [INFO] ADCParametersView:116 -                Rank 1 : false
2025-07-28 16:16:59,520 [INFO] ADCParametersView:116 -                Rank 1 : false
2025-07-28 16:16:59,609 [INFO] ADCParametersView:116 -                Rank 1 : false
2025-07-28 16:16:59,609 [INFO] ADCParametersView:116 -                Rank 1 : false
2025-07-28 16:16:59,610 [INFO] ADCParametersView:116 -                Rank 1 : false
2025-07-28 16:16:59,610 [INFO] ADCParametersView:116 -                Rank 1 : false
2025-07-28 16:16:59,610 [INFO] ADCParametersView:116 -                Rank 1 : false
2025-07-28 16:16:59,610 [INFO] ADCParametersView:116 -                Rank 1 : false
2025-07-28 16:16:59,610 [INFO] ADCParametersView:116 -                Rank 1 : false
2025-07-28 16:16:59,610 [INFO] ADCParametersView:116 -                Rank 1 : false
2025-07-28 16:16:59,610 [INFO] ADCParametersView:116 -                Rank 1 : false
2025-07-28 16:16:59,610 [INFO] ADCParametersView:116 -                Rank 1 : false
2025-07-28 16:16:59,610 [INFO] ADCParametersView:116 -                Rank 1 : false
2025-07-28 16:16:59,610 [INFO] ADCParametersView:116 -                Rank 1 : false
2025-07-28 16:16:59,610 [INFO] ADCParametersView:116 -                Rank 1 : false
2025-07-28 16:16:59,610 [INFO] ADCParametersView:116 -                Rank 1 : false
2025-07-28 16:16:59,610 [INFO] ADCParametersView:116 -                Rank 1 : false
2025-07-28 16:16:59,610 [INFO] ADCParametersView:116 -                Rank 1 : false
2025-07-28 16:16:59,610 [INFO] ADCParametersView:116 -                Rank 1 : false
2025-07-28 16:16:59,610 [INFO] ADCParametersView:116 -                Rank 1 : false
2025-07-28 16:16:59,610 [INFO] ADCParametersView:116 -                Rank 1 : false
2025-07-28 16:16:59,610 [INFO] ADCParametersView:116 -                Rank 1 : false
2025-07-28 16:16:59,701 [INFO] ADCParametersView:116 -                Rank 1 : false
2025-07-28 16:16:59,943 [INFO] ADCParametersView:116 -                Rank 1 : false
2025-07-28 16:16:59,944 [INFO] ADCParametersView:116 -                Rank 1 : false
2025-07-28 16:16:59,944 [INFO] ADCParametersView:116 -                Rank 1 : false
2025-07-28 16:16:59,944 [INFO] ADCParametersView:116 -                Rank 1 : false
2025-07-28 16:16:59,944 [INFO] ADCParametersView:116 -                Rank 1 : false
2025-07-28 16:16:59,944 [INFO] ADCParametersView:116 -                Rank 1 : false
2025-07-28 16:16:59,944 [INFO] ADCParametersView:116 -                Rank 1 : false
2025-07-28 16:16:59,944 [INFO] ADCParametersView:116 -                Rank 1 : false
2025-07-28 16:16:59,944 [INFO] ADCParametersView:116 -                Rank 1 : false
2025-07-28 16:16:59,944 [INFO] ADCParametersView:116 -                Rank 1 : false
2025-07-28 16:16:59,944 [INFO] ADCParametersView:116 -                Rank 1 : false
2025-07-28 16:16:59,944 [INFO] ADCParametersView:116 -                Rank 1 : false
2025-07-28 16:16:59,944 [INFO] ADCParametersView:116 -                Rank 1 : false
2025-07-28 16:16:59,944 [INFO] ADCParametersView:116 -                Rank 1 : false
2025-07-28 16:16:59,944 [INFO] ADCParametersView:116 -                Rank 1 : false
2025-07-28 16:16:59,944 [INFO] ADCParametersView:116 -                Rank 1 : false
2025-07-28 16:16:59,944 [INFO] ADCParametersView:116 -                Rank 1 : false
2025-07-28 16:16:59,944 [INFO] ADCParametersView:116 -                Rank 1 : false
2025-07-28 16:16:59,944 [INFO] ADCParametersView:116 -                Rank 1 : false
2025-07-28 16:16:59,944 [INFO] ADCParametersView:116 -                Rank 1 : false
2025-07-28 16:17:00,020 [INFO] ADCParametersView:116 -                Rank 1 : false
2025-07-28 16:17:00,107 [INFO] ADCParametersView:116 -                Rank 1 : false
2025-07-28 16:17:00,107 [INFO] ADCParametersView:116 -                Rank 1 : false
2025-07-28 16:17:00,107 [INFO] ADCParametersView:116 -                Rank 1 : false
2025-07-28 16:17:00,107 [INFO] ADCParametersView:116 -                Rank 1 : false
2025-07-28 16:17:00,107 [INFO] ADCParametersView:116 -                Rank 1 : false
2025-07-28 16:17:00,107 [INFO] ADCParametersView:116 -                Rank 1 : false
2025-07-28 16:17:00,107 [INFO] ADCParametersView:116 -                Rank 1 : false
2025-07-28 16:17:00,107 [INFO] ADCParametersView:116 -                Rank 1 : false
2025-07-28 16:17:00,107 [INFO] ADCParametersView:116 -                Rank 1 : false
2025-07-28 16:17:00,107 [INFO] ADCParametersView:116 -                Rank 1 : false
2025-07-28 16:17:00,107 [INFO] ADCParametersView:116 -                Rank 1 : false
2025-07-28 16:17:00,108 [INFO] ADCParametersView:116 -                Rank 1 : false
2025-07-28 16:17:00,108 [INFO] ADCParametersView:116 -                Rank 1 : false
2025-07-28 16:17:00,108 [INFO] ADCParametersView:116 -                Rank 1 : false
2025-07-28 16:17:00,108 [INFO] ADCParametersView:116 -                Rank 1 : false
2025-07-28 16:17:00,108 [INFO] ADCParametersView:116 -                Rank 1 : false
2025-07-28 16:17:00,108 [INFO] ADCParametersView:116 -                Rank 1 : false
2025-07-28 16:17:00,108 [INFO] ADCParametersView:116 -                Rank 1 : false
2025-07-28 16:17:00,108 [INFO] ADCParametersView:116 -                Rank 1 : false
2025-07-28 16:17:00,108 [INFO] ADCParametersView:116 -                Rank 1 : false
2025-07-28 16:17:00,179 [INFO] ADCParametersView:116 -                Rank 1 : false
2025-07-28 16:17:01,442 [INFO] ADCParametersView:116 -                Rank 1 : false
2025-07-28 16:17:01,442 [INFO] ADCParametersView:116 -                Rank 1 : false
2025-07-28 16:17:01,442 [INFO] ADCParametersView:116 -                Rank 1 : false
2025-07-28 16:17:01,442 [INFO] ADCParametersView:116 -                Rank 1 : false
2025-07-28 16:17:01,442 [INFO] ADCParametersView:116 -                Rank 1 : false
2025-07-28 16:17:01,442 [INFO] ADCParametersView:116 -                Rank 1 : false
2025-07-28 16:17:01,442 [INFO] ADCParametersView:116 -                Rank 1 : false
2025-07-28 16:17:01,442 [INFO] ADCParametersView:116 -                Rank 1 : false
2025-07-28 16:17:01,442 [INFO] ADCParametersView:116 -                Rank 1 : false
2025-07-28 16:17:01,443 [INFO] ADCParametersView:116 -                Rank 1 : false
2025-07-28 16:17:01,443 [INFO] ADCParametersView:116 -                Rank 1 : false
2025-07-28 16:17:01,443 [INFO] ADCParametersView:116 -                Rank 1 : false
2025-07-28 16:17:01,443 [INFO] ADCParametersView:116 -                Rank 1 : false
2025-07-28 16:17:01,443 [INFO] ADCParametersView:116 -                Rank 1 : false
2025-07-28 16:17:01,443 [INFO] ADCParametersView:116 -                Rank 1 : false
2025-07-28 16:17:01,443 [INFO] ADCParametersView:116 -                Rank 1 : false
2025-07-28 16:17:01,443 [INFO] ADCParametersView:116 -                Rank 1 : false
2025-07-28 16:17:01,443 [INFO] ADCParametersView:116 -                Rank 1 : false
2025-07-28 16:17:01,443 [INFO] ADCParametersView:116 -                Rank 1 : false
2025-07-28 16:17:01,443 [INFO] ADCParametersView:116 -                Rank 1 : false
2025-07-28 16:17:01,518 [INFO] ADCParametersView:116 -                Rank 1 : false
2025-07-28 16:17:01,603 [INFO] ADCParametersView:116 -                Rank 1 : false
2025-07-28 16:17:01,603 [INFO] ADCParametersView:116 -                Rank 1 : false
2025-07-28 16:17:01,603 [INFO] ADCParametersView:116 -                Rank 1 : false
2025-07-28 16:17:01,603 [INFO] ADCParametersView:116 -                Rank 1 : false
2025-07-28 16:17:01,603 [INFO] ADCParametersView:116 -                Rank 1 : false
2025-07-28 16:17:01,603 [INFO] ADCParametersView:116 -                Rank 1 : false
2025-07-28 16:17:01,603 [INFO] ADCParametersView:116 -                Rank 1 : false
2025-07-28 16:17:01,603 [INFO] ADCParametersView:116 -                Rank 1 : false
2025-07-28 16:17:01,603 [INFO] ADCParametersView:116 -                Rank 1 : false
2025-07-28 16:17:01,603 [INFO] ADCParametersView:116 -                Rank 1 : false
2025-07-28 16:17:01,603 [INFO] ADCParametersView:116 -                Rank 1 : false
2025-07-28 16:17:01,603 [INFO] ADCParametersView:116 -                Rank 1 : false
2025-07-28 16:17:01,603 [INFO] ADCParametersView:116 -                Rank 1 : false
2025-07-28 16:17:01,603 [INFO] ADCParametersView:116 -                Rank 1 : false
2025-07-28 16:17:01,603 [INFO] ADCParametersView:116 -                Rank 1 : false
2025-07-28 16:17:01,603 [INFO] ADCParametersView:116 -                Rank 1 : false
2025-07-28 16:17:01,603 [INFO] ADCParametersView:116 -                Rank 1 : false
2025-07-28 16:17:01,603 [INFO] ADCParametersView:116 -                Rank 1 : false
2025-07-28 16:17:01,603 [INFO] ADCParametersView:116 -                Rank 1 : false
2025-07-28 16:17:01,603 [INFO] ADCParametersView:116 -                Rank 1 : false
2025-07-28 16:17:01,676 [INFO] ADCParametersView:116 -                Rank 1 : false
2025-07-28 16:17:01,892 [INFO] ADCParametersView:116 -                Rank 1 : false
2025-07-28 16:17:01,892 [INFO] ADCParametersView:116 -                Rank 1 : false
2025-07-28 16:17:01,892 [INFO] ADCParametersView:116 -                Rank 1 : false
2025-07-28 16:17:01,892 [INFO] ADCParametersView:116 -                Rank 1 : false
2025-07-28 16:17:01,892 [INFO] ADCParametersView:116 -                Rank 1 : false
2025-07-28 16:17:01,892 [INFO] ADCParametersView:116 -                Rank 1 : false
2025-07-28 16:17:01,893 [INFO] ADCParametersView:116 -                Rank 1 : false
2025-07-28 16:17:01,893 [INFO] ADCParametersView:116 -                Rank 1 : false
2025-07-28 16:17:01,893 [INFO] ADCParametersView:116 -                Rank 1 : false
2025-07-28 16:17:01,893 [INFO] ADCParametersView:116 -                Rank 1 : false
2025-07-28 16:17:01,893 [INFO] ADCParametersView:116 -                Rank 1 : false
2025-07-28 16:17:01,893 [INFO] ADCParametersView:116 -                Rank 1 : false
2025-07-28 16:17:01,893 [INFO] ADCParametersView:116 -                Rank 1 : false
2025-07-28 16:17:01,893 [INFO] ADCParametersView:116 -                Rank 1 : false
2025-07-28 16:17:01,893 [INFO] ADCParametersView:116 -                Rank 1 : false
2025-07-28 16:17:01,893 [INFO] ADCParametersView:116 -                Rank 1 : false
2025-07-28 16:17:01,893 [INFO] ADCParametersView:116 -                Rank 1 : false
2025-07-28 16:17:01,893 [INFO] ADCParametersView:116 -                Rank 1 : false
2025-07-28 16:17:01,893 [INFO] ADCParametersView:116 -                Rank 1 : false
2025-07-28 16:17:01,893 [INFO] ADCParametersView:116 -                Rank 1 : false
2025-07-28 16:17:01,970 [INFO] ADCParametersView:116 -                Rank 1 : false
2025-07-28 16:17:02,072 [INFO] ADCParametersView:116 -                Rank 1 : false
2025-07-28 16:17:02,072 [INFO] ADCParametersView:116 -                Rank 1 : false
2025-07-28 16:17:02,072 [INFO] ADCParametersView:116 -                Rank 1 : false
2025-07-28 16:17:02,072 [INFO] ADCParametersView:116 -                Rank 1 : false
2025-07-28 16:17:02,072 [INFO] ADCParametersView:116 -                Rank 1 : false
2025-07-28 16:17:02,072 [INFO] ADCParametersView:116 -                Rank 1 : false
2025-07-28 16:17:02,072 [INFO] ADCParametersView:116 -                Rank 1 : false
2025-07-28 16:17:02,072 [INFO] ADCParametersView:116 -                Rank 1 : false
2025-07-28 16:17:02,072 [INFO] ADCParametersView:116 -                Rank 1 : false
2025-07-28 16:17:02,072 [INFO] ADCParametersView:116 -                Rank 1 : false
2025-07-28 16:17:02,072 [INFO] ADCParametersView:116 -                Rank 1 : false
2025-07-28 16:17:02,072 [INFO] ADCParametersView:116 -                Rank 1 : false
2025-07-28 16:17:02,072 [INFO] ADCParametersView:116 -                Rank 1 : false
2025-07-28 16:17:02,072 [INFO] ADCParametersView:116 -                Rank 1 : false
2025-07-28 16:17:02,072 [INFO] ADCParametersView:116 -                Rank 1 : false
2025-07-28 16:17:02,072 [INFO] ADCParametersView:116 -                Rank 1 : false
2025-07-28 16:17:02,072 [INFO] ADCParametersView:116 -                Rank 1 : false
2025-07-28 16:17:02,072 [INFO] ADCParametersView:116 -                Rank 1 : false
2025-07-28 16:17:02,072 [INFO] ADCParametersView:116 -                Rank 1 : false
2025-07-28 16:17:02,072 [INFO] ADCParametersView:116 -                Rank 1 : false
2025-07-28 16:17:02,148 [INFO] ADCParametersView:116 -                Rank 1 : false
2025-07-28 16:18:54,061 [INFO] ADCParametersView:116 -                Rank 1 : false
2025-07-28 16:18:55,005 [INFO] ADCParametersView:116 -                Rank 1 : true
2025-07-28 16:18:55,473 [INFO] ADCParametersView:116 -                Rank 1 : false
2025-07-28 16:18:55,808 [INFO] ADCParametersView:116 -                Rank 1 : false
2025-07-28 16:18:56,488 [INFO] ADCParametersView:116 -                Rank 1 : false
2025-07-28 16:18:57,003 [INFO] ADCParametersView:116 -                Rank 1 : false
2025-07-28 16:18:57,606 [INFO] ADCParametersView:116 -                Rank 1 : false
2025-07-28 16:18:57,823 [INFO] ADCParametersView:116 -                Rank 1 : false
2025-07-28 16:18:58,096 [INFO] ADCParametersView:116 -                Rank 1 : false
2025-07-28 16:18:58,406 [INFO] ADCParametersView:116 -                Rank 1 : false
2025-07-28 16:19:11,807 [INFO] ADCParametersView:116 -                Rank 1 : false
2025-07-28 16:19:11,807 [INFO] ADCParametersView:116 -                Rank 1 : false
2025-07-28 16:19:11,807 [INFO] ADCParametersView:116 -                Rank 1 : false
2025-07-28 16:19:11,807 [INFO] ADCParametersView:116 -                Rank 1 : false
2025-07-28 16:19:11,807 [INFO] ADCParametersView:116 -                Rank 1 : false
2025-07-28 16:19:11,807 [INFO] ADCParametersView:116 -                Rank 1 : false
2025-07-28 16:19:11,807 [INFO] ADCParametersView:116 -                Rank 1 : false
2025-07-28 16:19:11,807 [INFO] ADCParametersView:116 -                Rank 1 : false
2025-07-28 16:19:11,807 [INFO] ADCParametersView:116 -                Rank 1 : false
2025-07-28 16:19:11,807 [INFO] ADCParametersView:116 -                Rank 1 : false
2025-07-28 16:19:11,807 [INFO] ADCParametersView:116 -                Rank 1 : false
2025-07-28 16:19:11,807 [INFO] ADCParametersView:116 -                Rank 1 : false
2025-07-28 16:19:11,807 [INFO] ADCParametersView:116 -                Rank 1 : false
2025-07-28 16:19:11,807 [INFO] ADCParametersView:116 -                Rank 1 : false
2025-07-28 16:19:11,807 [INFO] ADCParametersView:116 -                Rank 1 : false
2025-07-28 16:19:11,807 [INFO] ADCParametersView:116 -                Rank 1 : false
2025-07-28 16:19:11,807 [INFO] ADCParametersView:116 -                Rank 1 : false
2025-07-28 16:19:11,807 [INFO] ADCParametersView:116 -                Rank 1 : false
2025-07-28 16:19:11,808 [INFO] ADCParametersView:116 -                Rank 1 : false
2025-07-28 16:19:11,808 [INFO] ADCParametersView:116 -                Rank 1 : false
2025-07-28 16:19:11,880 [INFO] ADCParametersView:116 -                Rank 1 : false
2025-07-28 16:19:11,963 [INFO] ADCParametersView:116 -                Rank 1 : false
2025-07-28 16:19:11,963 [INFO] ADCParametersView:116 -                Rank 1 : false
2025-07-28 16:19:11,964 [INFO] ADCParametersView:116 -                Rank 1 : false
2025-07-28 16:19:11,964 [INFO] ADCParametersView:116 -                Rank 1 : false
2025-07-28 16:19:11,964 [INFO] ADCParametersView:116 -                Rank 1 : false
2025-07-28 16:19:11,964 [INFO] ADCParametersView:116 -                Rank 1 : false
2025-07-28 16:19:11,964 [INFO] ADCParametersView:116 -                Rank 1 : false
2025-07-28 16:19:11,964 [INFO] ADCParametersView:116 -                Rank 1 : false
2025-07-28 16:19:11,964 [INFO] ADCParametersView:116 -                Rank 1 : false
2025-07-28 16:19:11,964 [INFO] ADCParametersView:116 -                Rank 1 : false
2025-07-28 16:19:11,964 [INFO] ADCParametersView:116 -                Rank 1 : false
2025-07-28 16:19:11,964 [INFO] ADCParametersView:116 -                Rank 1 : false
2025-07-28 16:19:11,964 [INFO] ADCParametersView:116 -                Rank 1 : false
2025-07-28 16:19:11,964 [INFO] ADCParametersView:116 -                Rank 1 : false
2025-07-28 16:19:11,964 [INFO] ADCParametersView:116 -                Rank 1 : false
2025-07-28 16:19:11,964 [INFO] ADCParametersView:116 -                Rank 1 : false
2025-07-28 16:19:11,964 [INFO] ADCParametersView:116 -                Rank 1 : false
2025-07-28 16:19:11,964 [INFO] ADCParametersView:116 -                Rank 1 : false
2025-07-28 16:19:11,964 [INFO] ADCParametersView:116 -                Rank 1 : false
2025-07-28 16:19:11,964 [INFO] ADCParametersView:116 -                Rank 1 : false
2025-07-28 16:19:12,041 [INFO] ADCParametersView:116 -                Rank 1 : false
2025-07-28 16:19:12,264 [INFO] ADCParametersView:116 -                Rank 1 : false
2025-07-28 16:19:12,264 [INFO] ADCParametersView:116 -                Rank 1 : false
2025-07-28 16:19:12,264 [INFO] ADCParametersView:116 -                Rank 1 : false
2025-07-28 16:19:12,264 [INFO] ADCParametersView:116 -                Rank 1 : false
2025-07-28 16:19:12,264 [INFO] ADCParametersView:116 -                Rank 1 : false
2025-07-28 16:19:12,264 [INFO] ADCParametersView:116 -                Rank 1 : false
2025-07-28 16:19:12,264 [INFO] ADCParametersView:116 -                Rank 1 : false
2025-07-28 16:19:12,264 [INFO] ADCParametersView:116 -                Rank 1 : false
2025-07-28 16:19:12,264 [INFO] ADCParametersView:116 -                Rank 1 : false
2025-07-28 16:19:12,264 [INFO] ADCParametersView:116 -                Rank 1 : false
2025-07-28 16:19:12,264 [INFO] ADCParametersView:116 -                Rank 1 : false
2025-07-28 16:19:12,264 [INFO] ADCParametersView:116 -                Rank 1 : false
2025-07-28 16:19:12,265 [INFO] ADCParametersView:116 -                Rank 1 : false
2025-07-28 16:19:12,265 [INFO] ADCParametersView:116 -                Rank 1 : false
2025-07-28 16:19:12,265 [INFO] ADCParametersView:116 -                Rank 1 : false
2025-07-28 16:19:12,265 [INFO] ADCParametersView:116 -                Rank 1 : false
2025-07-28 16:19:12,265 [INFO] ADCParametersView:116 -                Rank 1 : false
2025-07-28 16:19:12,265 [INFO] ADCParametersView:116 -                Rank 1 : false
2025-07-28 16:19:12,265 [INFO] ADCParametersView:116 -                Rank 1 : false
2025-07-28 16:19:12,265 [INFO] ADCParametersView:116 -                Rank 1 : false
2025-07-28 16:19:12,337 [INFO] ADCParametersView:116 -                Rank 1 : false
2025-07-28 16:19:12,421 [INFO] ADCParametersView:116 -                Rank 1 : false
2025-07-28 16:19:12,422 [INFO] ADCParametersView:116 -                Rank 1 : false
2025-07-28 16:19:12,422 [INFO] ADCParametersView:116 -                Rank 1 : false
2025-07-28 16:19:12,422 [INFO] ADCParametersView:116 -                Rank 1 : false
2025-07-28 16:19:12,422 [INFO] ADCParametersView:116 -                Rank 1 : false
2025-07-28 16:19:12,422 [INFO] ADCParametersView:116 -                Rank 1 : false
2025-07-28 16:19:12,422 [INFO] ADCParametersView:116 -                Rank 1 : false
2025-07-28 16:19:12,422 [INFO] ADCParametersView:116 -                Rank 1 : false
2025-07-28 16:19:12,422 [INFO] ADCParametersView:116 -                Rank 1 : false
2025-07-28 16:19:12,422 [INFO] ADCParametersView:116 -                Rank 1 : false
2025-07-28 16:19:12,422 [INFO] ADCParametersView:116 -                Rank 1 : false
2025-07-28 16:19:12,422 [INFO] ADCParametersView:116 -                Rank 1 : false
2025-07-28 16:19:12,422 [INFO] ADCParametersView:116 -                Rank 1 : false
2025-07-28 16:19:12,422 [INFO] ADCParametersView:116 -                Rank 1 : false
2025-07-28 16:19:12,422 [INFO] ADCParametersView:116 -                Rank 1 : false
2025-07-28 16:19:12,422 [INFO] ADCParametersView:116 -                Rank 1 : false
2025-07-28 16:19:12,422 [INFO] ADCParametersView:116 -                Rank 1 : false
2025-07-28 16:19:12,422 [INFO] ADCParametersView:116 -                Rank 1 : false
2025-07-28 16:19:12,422 [INFO] ADCParametersView:116 -                Rank 1 : false
2025-07-28 16:19:12,422 [INFO] ADCParametersView:116 -                Rank 1 : false
2025-07-28 16:19:12,496 [INFO] ADCParametersView:116 -                Rank 1 : false
2025-07-28 16:31:11,171 [INFO] UtilMem:75 - End SaveConfig() Used Memory: 403922320 Bytes (1073741824)
2025-07-28 16:31:11,370 [INFO] UtilMem:75 - End SaveConfig() Used Memory: 435369000 Bytes (1073741824)
2025-07-28 16:31:12,487 [INFO] UtilMem:75 - End SaveConfig() Used Memory: 666057768 Bytes (1073741824)
2025-07-28 16:31:13,001 [INFO] ProjectBuilder:2380 - IP not ready for code generation: Clock
2025-07-28 16:31:13,100 [ERROR] IocParser:95 - Exception caught: null
2025-07-28 16:31:13,937 [INFO] BlockDiagram:2775 - set Specific Code input for plugin: FREERTOS
2025-07-28 16:31:13,937 [INFO] BlockDiagram:2775 - set Specific Code input for plugin: RCC
2025-07-28 16:31:13,937 [INFO] BlockDiagram:2775 - set Specific Code input for plugin: I2C
2025-07-28 16:31:13,937 [INFO] BlockDiagram:2775 - set Specific Code input for plugin: USART
2025-07-28 16:31:13,937 [INFO] BlockDiagram:2775 - set Specific Code input for plugin: TIM1_8H7
2025-07-28 16:31:13,938 [INFO] BlockDiagram:2775 - set Specific Code input for plugin: SYS
2025-07-28 16:31:13,938 [INFO] BlockDiagram:2775 - set Specific Code input for plugin: ADC
2025-07-28 16:31:13,938 [INFO] BlockDiagram:2775 - set Specific Code input for plugin: NVIC2
2025-07-28 16:31:13,938 [INFO] BlockDiagram:2775 - set Specific Code input for plugin: GPIO
2025-07-28 16:31:13,938 [INFO] BlockDiagram:2775 - set Specific Code input for plugin: SYS_M4
2025-07-28 16:31:13,938 [INFO] BlockDiagram:2775 - set Specific Code input for plugin: NUCLEO-H755ZI-Q
2025-07-28 16:31:13,938 [INFO] BlockDiagram:2775 - set Specific Code input for plugin: NVIC1
2025-07-28 16:31:13,939 [INFO] CodeGenerator:892 - code generatio: config db path: C:\ST\STM32CubeIDE_1.19.0\STM32CubeIDE\plugins\com.st.stm32cube.common.mx_6.15.0.202507011659\\db\
2025-07-28 16:31:14,034 [ERROR] CodeGenerator:10662 - The current RTOS owner has not been found in the list of IPs
2025-07-28 16:31:14,034 [INFO] CodeGenerator:1619 - *******************Project context M7 selected
2025-07-28 16:31:14,090 [INFO] CodeEngine:265 - oldGeneratedFile, C:\Users\nicks\STM32CubeIDE\workspace_1.19.0\AFR\AFR_SENSORS\MXTmpFiles\license.tmp_save
2025-07-28 16:31:14,321 [INFO] CodeEngine:289 - Generated code: C:\Users\nicks\STM32CubeIDE\workspace_1.19.0\AFR\AFR_SENSORS\MXTmpFiles\license.tmp
2025-07-28 16:31:14,410 [INFO] CodeEngine:265 - oldGeneratedFile, C:\Users\nicks\STM32CubeIDE\workspace_1.19.0\AFR\AFR_SENSORS\CM7\MXTmpFiles\gpio.tmp_save
2025-07-28 16:31:14,514 [INFO] CodeEngine:289 - Generated code: C:\Users\nicks\STM32CubeIDE\workspace_1.19.0\AFR\AFR_SENSORS\CM7\MXTmpFiles\gpio.tmp
2025-07-28 16:31:14,956 [WARN] IPConfigManager:103 - WARNING: Missing Config File for NVIC1 ip!!
2025-07-28 16:31:15,232 [ERROR] CodeGenerator:10662 - The current RTOS owner has not been found in the list of IPs
2025-07-28 16:31:15,241 [INFO] CodeEngine:265 - oldGeneratedFile, C:\Users\nicks\STM32CubeIDE\workspace_1.19.0\AFR\AFR_SENSORS\CM7\MXTmpFiles\cortex.tmp_save
2025-07-28 16:31:15,299 [INFO] CodeEngine:289 - Generated code: C:\Users\nicks\STM32CubeIDE\workspace_1.19.0\AFR\AFR_SENSORS\CM7\MXTmpFiles\cortex.tmp
2025-07-28 16:31:15,314 [INFO] Middleware:1452 - No code input for Bsp Dependency
2025-07-28 16:31:15,321 [INFO] CodeEngine:265 - oldGeneratedFile, C:\Users\nicks\STM32CubeIDE\workspace_1.19.0\AFR\AFR_SENSORS\CM7\MXTmpFiles\rtos_inc.tmp_save
2025-07-28 16:31:15,367 [INFO] CodeEngine:289 - Generated code: C:\Users\nicks\STM32CubeIDE\workspace_1.19.0\AFR\AFR_SENSORS\CM7\MXTmpFiles\rtos_inc.tmp
2025-07-28 16:31:15,373 [INFO] CodeEngine:265 - oldGeneratedFile, C:\Users\nicks\STM32CubeIDE\workspace_1.19.0\AFR\AFR_SENSORS\CM7\MXTmpFiles\rtos_kernelInit.tmp_save
2025-07-28 16:31:15,419 [INFO] CodeEngine:289 - Generated code: C:\Users\nicks\STM32CubeIDE\workspace_1.19.0\AFR\AFR_SENSORS\CM7\MXTmpFiles\rtos_kernelInit.tmp
2025-07-28 16:31:15,425 [INFO] CodeEngine:265 - oldGeneratedFile, C:\Users\nicks\STM32CubeIDE\workspace_1.19.0\AFR\AFR_SENSORS\CM7\MXTmpFiles\rtos_kernelStart.tmp_save
2025-07-28 16:31:15,471 [INFO] CodeEngine:289 - Generated code: C:\Users\nicks\STM32CubeIDE\workspace_1.19.0\AFR\AFR_SENSORS\CM7\MXTmpFiles\rtos_kernelStart.tmp
2025-07-28 16:31:15,476 [INFO] CodeEngine:265 - oldGeneratedFile, C:\Users\nicks\STM32CubeIDE\workspace_1.19.0\AFR\AFR_SENSORS\CM7\MXTmpFiles\rtos_typedefs.tmp_save
2025-07-28 16:31:15,520 [INFO] CodeEngine:289 - Generated code: C:\Users\nicks\STM32CubeIDE\workspace_1.19.0\AFR\AFR_SENSORS\CM7\MXTmpFiles\rtos_typedefs.tmp
2025-07-28 16:31:15,525 [INFO] CodeEngine:265 - oldGeneratedFile, C:\Users\nicks\STM32CubeIDE\workspace_1.19.0\AFR\AFR_SENSORS\CM7\MXTmpFiles\rtos_vars.tmp_save
2025-07-28 16:31:15,569 [INFO] CodeEngine:289 - Generated code: C:\Users\nicks\STM32CubeIDE\workspace_1.19.0\AFR\AFR_SENSORS\CM7\MXTmpFiles\rtos_vars.tmp
2025-07-28 16:31:15,575 [INFO] CodeEngine:265 - oldGeneratedFile, C:\Users\nicks\STM32CubeIDE\workspace_1.19.0\AFR\AFR_SENSORS\CM7\MXTmpFiles\rtos_pfp.tmp_save
2025-07-28 16:31:15,617 [INFO] CodeEngine:289 - Generated code: C:\Users\nicks\STM32CubeIDE\workspace_1.19.0\AFR\AFR_SENSORS\CM7\MXTmpFiles\rtos_pfp.tmp
2025-07-28 16:31:15,623 [INFO] CodeEngine:265 - oldGeneratedFile, C:\Users\nicks\STM32CubeIDE\workspace_1.19.0\AFR\AFR_SENSORS\CM7\MXTmpFiles\rtos_obj_creat.tmp_save
2025-07-28 16:31:15,665 [INFO] CodeEngine:289 - Generated code: C:\Users\nicks\STM32CubeIDE\workspace_1.19.0\AFR\AFR_SENSORS\CM7\MXTmpFiles\rtos_obj_creat.tmp
2025-07-28 16:31:15,669 [INFO] CodeEngine:265 - oldGeneratedFile, C:\Users\nicks\STM32CubeIDE\workspace_1.19.0\AFR\AFR_SENSORS\CM7\MXTmpFiles\rtos_default_thread.tmp_save
2025-07-28 16:31:15,714 [INFO] CodeEngine:289 - Generated code: C:\Users\nicks\STM32CubeIDE\workspace_1.19.0\AFR\AFR_SENSORS\CM7\MXTmpFiles\rtos_default_thread.tmp
2025-07-28 16:31:15,719 [INFO] CodeEngine:265 - oldGeneratedFile, C:\Users\nicks\STM32CubeIDE\workspace_1.19.0\AFR\AFR_SENSORS\CM7\MXTmpFiles\rtos_threads.tmp_save
2025-07-28 16:31:15,761 [INFO] CodeEngine:289 - Generated code: C:\Users\nicks\STM32CubeIDE\workspace_1.19.0\AFR\AFR_SENSORS\CM7\MXTmpFiles\rtos_threads.tmp
2025-07-28 16:31:15,765 [INFO] CodeEngine:265 - oldGeneratedFile, C:\Users\nicks\STM32CubeIDE\workspace_1.19.0\AFR\AFR_SENSORS\CM7\Core\Inc\FreeRTOSConfig.h_save
2025-07-28 16:31:15,823 [INFO] CodeEngine:289 - Generated code: C:\Users\nicks\STM32CubeIDE\workspace_1.19.0\AFR\AFR_SENSORS\CM7\Core\Inc\FreeRTOSConfig.h
2025-07-28 16:31:15,831 [INFO] CodeEngine:265 - oldGeneratedFile, C:\Users\nicks\STM32CubeIDE\workspace_1.19.0\AFR\AFR_SENSORS\CM7\Core\Src\freertos.c_save
2025-07-28 16:31:15,879 [INFO] CodeEngine:289 - Generated code: C:\Users\nicks\STM32CubeIDE\workspace_1.19.0\AFR\AFR_SENSORS\CM7\Core\Src\freertos.c
2025-07-28 16:31:15,910 [INFO] CodeEngine:265 - oldGeneratedFile, C:\Users\nicks\STM32CubeIDE\workspace_1.19.0\AFR\AFR_SENSORS\CM7\Core\Inc\stm32h7xx_nucleo_conf.h_save
2025-07-28 16:31:15,953 [INFO] CodeEngine:289 - Generated code: C:\Users\nicks\STM32CubeIDE\workspace_1.19.0\AFR\AFR_SENSORS\CM7\Core\Inc\stm32h7xx_nucleo_conf.h
2025-07-28 16:31:15,957 [INFO] CodeEngine:265 - oldGeneratedFile, C:\Users\nicks\STM32CubeIDE\workspace_1.19.0\AFR\AFR_SENSORS\CM7\MXTmpFiles\bsp_inc.tmp_save
2025-07-28 16:31:15,997 [INFO] CodeEngine:289 - Generated code: C:\Users\nicks\STM32CubeIDE\workspace_1.19.0\AFR\AFR_SENSORS\CM7\MXTmpFiles\bsp_inc.tmp
2025-07-28 16:31:16,002 [INFO] CodeEngine:265 - oldGeneratedFile, C:\Users\nicks\STM32CubeIDE\workspace_1.19.0\AFR\AFR_SENSORS\CM7\MXTmpFiles\bsp_common_vars.tmp_save
2025-07-28 16:31:16,045 [INFO] CodeEngine:289 - Generated code: C:\Users\nicks\STM32CubeIDE\workspace_1.19.0\AFR\AFR_SENSORS\CM7\MXTmpFiles\bsp_common_vars.tmp
2025-07-28 16:31:16,050 [INFO] CodeEngine:265 - oldGeneratedFile, C:\Users\nicks\STM32CubeIDE\workspace_1.19.0\AFR\AFR_SENSORS\CM7\MXTmpFiles\bsp_common_init.tmp_save
2025-07-28 16:31:16,091 [INFO] CodeEngine:289 - Generated code: C:\Users\nicks\STM32CubeIDE\workspace_1.19.0\AFR\AFR_SENSORS\CM7\MXTmpFiles\bsp_common_init.tmp
2025-07-28 16:31:16,096 [INFO] CodeEngine:265 - oldGeneratedFile, C:\Users\nicks\STM32CubeIDE\workspace_1.19.0\AFR\AFR_SENSORS\CM7\MXTmpFiles\bsp_common_demo_before_while.tmp_save
2025-07-28 16:31:16,136 [INFO] CodeEngine:289 - Generated code: C:\Users\nicks\STM32CubeIDE\workspace_1.19.0\AFR\AFR_SENSORS\CM7\MXTmpFiles\bsp_common_demo_before_while.tmp
2025-07-28 16:31:16,140 [INFO] CodeEngine:265 - oldGeneratedFile, C:\Users\nicks\STM32CubeIDE\workspace_1.19.0\AFR\AFR_SENSORS\CM7\MXTmpFiles\bsp_common_demo_inside_while.tmp_save
2025-07-28 16:31:16,180 [INFO] CodeEngine:289 - Generated code: C:\Users\nicks\STM32CubeIDE\workspace_1.19.0\AFR\AFR_SENSORS\CM7\MXTmpFiles\bsp_common_demo_inside_while.tmp
2025-07-28 16:31:16,184 [INFO] CodeEngine:265 - oldGeneratedFile, C:\Users\nicks\STM32CubeIDE\workspace_1.19.0\AFR\AFR_SENSORS\CM7\MXTmpFiles\bsp_common_demo_fct.tmp_save
2025-07-28 16:31:16,224 [INFO] CodeEngine:289 - Generated code: C:\Users\nicks\STM32CubeIDE\workspace_1.19.0\AFR\AFR_SENSORS\CM7\MXTmpFiles\bsp_common_demo_fct.tmp
2025-07-28 16:31:16,244 [INFO] CodeEngine:265 - oldGeneratedFile, C:\Users\nicks\STM32CubeIDE\workspace_1.19.0\AFR\AFR_SENSORS\CM7\Core\Src\stm32h7xx_it.c_save
2025-07-28 16:31:16,357 [INFO] CodeEngine:289 - Generated code: C:\Users\nicks\STM32CubeIDE\workspace_1.19.0\AFR\AFR_SENSORS\CM7\Core\Src\stm32h7xx_it.c
2025-07-28 16:31:16,363 [INFO] CodeEngine:265 - oldGeneratedFile, C:\Users\nicks\STM32CubeIDE\workspace_1.19.0\AFR\AFR_SENSORS\CM7\Core\Inc\stm32h7xx_it.h_save
2025-07-28 16:31:16,407 [INFO] CodeEngine:289 - Generated code: C:\Users\nicks\STM32CubeIDE\workspace_1.19.0\AFR\AFR_SENSORS\CM7\Core\Inc\stm32h7xx_it.h
2025-07-28 16:31:16,511 [INFO] CodeEngine:265 - oldGeneratedFile, C:\Users\nicks\STM32CubeIDE\workspace_1.19.0\AFR\AFR_SENSORS\CM7\Core\Src\stm32h7xx_hal_msp.c_save
2025-07-28 16:31:16,603 [INFO] CodeEngine:289 - Generated code: C:\Users\nicks\STM32CubeIDE\workspace_1.19.0\AFR\AFR_SENSORS\CM7\Core\Src\stm32h7xx_hal_msp.c
2025-07-28 16:31:16,608 [INFO] CodeEngine:265 - oldGeneratedFile, C:\Users\nicks\STM32CubeIDE\workspace_1.19.0\AFR\AFR_SENSORS\CM7\MXTmpFiles\system.tmp_save
2025-07-28 16:31:16,652 [INFO] CodeEngine:289 - Generated code: C:\Users\nicks\STM32CubeIDE\workspace_1.19.0\AFR\AFR_SENSORS\CM7\MXTmpFiles\system.tmp
2025-07-28 16:31:16,664 [INFO] CodeEngine:321 - oldGeneratedFile, C:\Users\nicks\STM32CubeIDE\workspace_1.19.0\AFR\AFR_SENSORS\CM7\Core\Inc\stm32h7xx_hal_conf.h_save
2025-07-28 16:31:16,719 [INFO] CodeEngine:345 - Generated code: C:\Users\nicks\STM32CubeIDE\workspace_1.19.0\AFR\AFR_SENSORS\CM7\Core\Inc\stm32h7xx_hal_conf.h
2025-07-28 16:31:16,748 [INFO] ApiDbMcu:532 - Load IP Config File for ADC3
2025-07-28 16:31:16,751 [WARN] IPConfigManager:3811 - IP not found : NVIC
2025-07-28 16:31:16,751 [WARN] IPConfigManager:3811 - IP not found : TIM
2025-07-28 16:31:16,752 [WARN] CodeGenerator:4259 - IP not found : null
2025-07-28 16:31:16,752 [WARN] CodeGenerator:4259 - IP not found : null
2025-07-28 16:31:16,761 [INFO] CodeEngine:265 - oldGeneratedFile, C:\Users\nicks\STM32CubeIDE\workspace_1.19.0\AFR\AFR_SENSORS\CM7\Core\Inc\main.h_save
2025-07-28 16:31:16,825 [INFO] CodeEngine:289 - Generated code: C:\Users\nicks\STM32CubeIDE\workspace_1.19.0\AFR\AFR_SENSORS\CM7\Core\Inc\main.h
2025-07-28 16:31:16,832 [INFO] CodeEngine:265 - oldGeneratedFile, C:\Users\nicks\STM32CubeIDE\workspace_1.19.0\AFR\AFR_SENSORS\CM7\Core\Src\main.c_save
2025-07-28 16:31:16,936 [INFO] CodeEngine:289 - Generated code: C:\Users\nicks\STM32CubeIDE\workspace_1.19.0\AFR\AFR_SENSORS\CM7\Core\Src\main.c
2025-07-28 16:31:16,987 [INFO] CodeGenerator:1619 - *******************Project context M4 selected
2025-07-28 16:31:17,046 [INFO] CodeEngine:265 - oldGeneratedFile, C:\Users\nicks\STM32CubeIDE\workspace_1.19.0\AFR\AFR_SENSORS\MXTmpFiles\license.tmp_save
2025-07-28 16:31:17,105 [INFO] CodeEngine:289 - Generated code: C:\Users\nicks\STM32CubeIDE\workspace_1.19.0\AFR\AFR_SENSORS\MXTmpFiles\license.tmp
2025-07-28 16:31:17,115 [WARN] IPConfigManager:103 - WARNING: Missing Config File for NVIC2 ip!!
2025-07-28 16:31:17,125 [INFO] CodeEngine:265 - oldGeneratedFile, C:\Users\nicks\STM32CubeIDE\workspace_1.19.0\AFR\AFR_SENSORS\CM4\MXTmpFiles\cortex.tmp_save
2025-07-28 16:31:17,172 [INFO] CodeEngine:289 - Generated code: C:\Users\nicks\STM32CubeIDE\workspace_1.19.0\AFR\AFR_SENSORS\CM4\MXTmpFiles\cortex.tmp
2025-07-28 16:31:17,202 [INFO] CodeEngine:265 - oldGeneratedFile, C:\Users\nicks\STM32CubeIDE\workspace_1.19.0\AFR\AFR_SENSORS\CM4\Core\Inc\stm32h7xx_nucleo_conf.h_save
2025-07-28 16:31:17,246 [INFO] CodeEngine:289 - Generated code: C:\Users\nicks\STM32CubeIDE\workspace_1.19.0\AFR\AFR_SENSORS\CM4\Core\Inc\stm32h7xx_nucleo_conf.h
2025-07-28 16:31:17,251 [INFO] CodeEngine:265 - oldGeneratedFile, C:\Users\nicks\STM32CubeIDE\workspace_1.19.0\AFR\AFR_SENSORS\CM4\MXTmpFiles\bsp_inc.tmp_save
2025-07-28 16:31:17,291 [INFO] CodeEngine:289 - Generated code: C:\Users\nicks\STM32CubeIDE\workspace_1.19.0\AFR\AFR_SENSORS\CM4\MXTmpFiles\bsp_inc.tmp
2025-07-28 16:31:17,308 [INFO] CodeEngine:265 - oldGeneratedFile, C:\Users\nicks\STM32CubeIDE\workspace_1.19.0\AFR\AFR_SENSORS\CM4\Core\Src\stm32h7xx_it.c_save
2025-07-28 16:31:17,353 [INFO] CodeEngine:289 - Generated code: C:\Users\nicks\STM32CubeIDE\workspace_1.19.0\AFR\AFR_SENSORS\CM4\Core\Src\stm32h7xx_it.c
2025-07-28 16:31:17,359 [INFO] CodeEngine:265 - oldGeneratedFile, C:\Users\nicks\STM32CubeIDE\workspace_1.19.0\AFR\AFR_SENSORS\CM4\Core\Inc\stm32h7xx_it.h_save
2025-07-28 16:31:17,401 [INFO] CodeEngine:289 - Generated code: C:\Users\nicks\STM32CubeIDE\workspace_1.19.0\AFR\AFR_SENSORS\CM4\Core\Inc\stm32h7xx_it.h
2025-07-28 16:31:17,423 [INFO] CodeEngine:265 - oldGeneratedFile, C:\Users\nicks\STM32CubeIDE\workspace_1.19.0\AFR\AFR_SENSORS\CM4\Core\Src\stm32h7xx_hal_msp.c_save
2025-07-28 16:31:17,480 [INFO] CodeEngine:289 - Generated code: C:\Users\nicks\STM32CubeIDE\workspace_1.19.0\AFR\AFR_SENSORS\CM4\Core\Src\stm32h7xx_hal_msp.c
2025-07-28 16:31:17,484 [INFO] CodeEngine:265 - oldGeneratedFile, C:\Users\nicks\STM32CubeIDE\workspace_1.19.0\AFR\AFR_SENSORS\CM4\MXTmpFiles\system.tmp_save
2025-07-28 16:31:17,523 [INFO] CodeEngine:289 - Generated code: C:\Users\nicks\STM32CubeIDE\workspace_1.19.0\AFR\AFR_SENSORS\CM4\MXTmpFiles\system.tmp
2025-07-28 16:31:17,542 [INFO] CodeEngine:321 - oldGeneratedFile, C:\Users\nicks\STM32CubeIDE\workspace_1.19.0\AFR\AFR_SENSORS\CM4\Core\Inc\stm32h7xx_hal_conf.h_save
2025-07-28 16:31:17,586 [INFO] CodeEngine:345 - Generated code: C:\Users\nicks\STM32CubeIDE\workspace_1.19.0\AFR\AFR_SENSORS\CM4\Core\Inc\stm32h7xx_hal_conf.h
2025-07-28 16:31:17,596 [WARN] IPConfigManager:3811 - IP not found : NVIC
2025-07-28 16:31:17,597 [WARN] CodeGenerator:4259 - IP not found : null
2025-07-28 16:31:17,604 [INFO] CodeEngine:265 - oldGeneratedFile, C:\Users\nicks\STM32CubeIDE\workspace_1.19.0\AFR\AFR_SENSORS\CM4\Core\Inc\main.h_save
2025-07-28 16:31:17,648 [INFO] CodeEngine:289 - Generated code: C:\Users\nicks\STM32CubeIDE\workspace_1.19.0\AFR\AFR_SENSORS\CM4\Core\Inc\main.h
2025-07-28 16:31:17,654 [INFO] CodeEngine:265 - oldGeneratedFile, C:\Users\nicks\STM32CubeIDE\workspace_1.19.0\AFR\AFR_SENSORS\CM4\Core\Src\main.c_save
2025-07-28 16:31:17,712 [INFO] CodeEngine:289 - Generated code: C:\Users\nicks\STM32CubeIDE\workspace_1.19.0\AFR\AFR_SENSORS\CM4\Core\Src\main.c
2025-07-28 16:31:18,123 [INFO] ProjectBuilder:3606 - Time for Copy HAL[1] : 244mS.
2025-07-28 16:31:18,136 [INFO] ProjectBuilder:5216 - Project Generator version: 4.7.0-B52
2025-07-28 16:31:18,192 [INFO] ConfigFileManager:1595 - The Die is : DIE450
2025-07-28 16:31:24,207 [INFO] ProjectBuilder:5496 - Time for Generating toolchain IDE Files: 6071mS.
2025-07-28 16:31:24,207 [INFO] ProjectBuilder:3463 - Time for Copy CMSIS : 0mS.
2025-07-28 16:31:24,213 [INFO] ProjectBuilder:3463 - Time for Copy CMSIS : 0mS.
2025-07-28 16:32:37,034 [INFO] ADCParametersView:116 -                Rank 1 : false
2025-07-28 16:32:37,035 [INFO] ADCParametersView:116 -                Rank 1 : false
2025-07-28 16:32:37,035 [INFO] ADCParametersView:116 -                Rank 1 : false
2025-07-28 16:32:37,035 [INFO] ADCParametersView:116 -                Rank 1 : false
2025-07-28 16:32:37,037 [INFO] ADCParametersView:116 -                Rank 1 : false
2025-07-28 16:32:37,037 [INFO] ADCParametersView:116 -                Rank 1 : false
2025-07-28 16:32:37,037 [INFO] ADCParametersView:116 -                Rank 1 : false
2025-07-28 16:32:37,038 [INFO] ADCParametersView:116 -                Rank 1 : false
2025-07-28 16:32:37,038 [INFO] ADCParametersView:116 -                Rank 1 : false
2025-07-28 16:32:37,038 [INFO] ADCParametersView:116 -                Rank 1 : false
2025-07-28 16:32:37,038 [INFO] ADCParametersView:116 -                Rank 1 : false
2025-07-28 16:32:37,039 [INFO] ADCParametersView:116 -                Rank 1 : false
2025-07-28 16:32:37,039 [INFO] ADCParametersView:116 -                Rank 1 : false
2025-07-28 16:32:37,039 [INFO] ADCParametersView:116 -                Rank 1 : false
2025-07-28 16:32:37,040 [INFO] ADCParametersView:116 -                Rank 1 : false
2025-07-28 16:32:37,040 [INFO] ADCParametersView:116 -                Rank 1 : false
2025-07-28 16:32:37,040 [INFO] ADCParametersView:116 -                Rank 1 : false
2025-07-28 16:32:37,040 [INFO] ADCParametersView:116 -                Rank 1 : false
2025-07-28 16:32:37,040 [INFO] ADCParametersView:116 -                Rank 1 : false
2025-07-28 16:32:37,040 [INFO] ADCParametersView:116 -                Rank 1 : false
2025-07-28 16:32:37,266 [INFO] ADCParametersView:116 -                Rank 1 : false
2025-07-28 16:32:37,415 [INFO] ADCParametersView:116 -                Rank 1 : false
2025-07-28 16:32:37,415 [INFO] ADCParametersView:116 -                Rank 1 : false
2025-07-28 16:32:37,415 [INFO] ADCParametersView:116 -                Rank 1 : false
2025-07-28 16:32:37,415 [INFO] ADCParametersView:116 -                Rank 1 : false
2025-07-28 16:32:37,415 [INFO] ADCParametersView:116 -                Rank 1 : false
2025-07-28 16:32:37,415 [INFO] ADCParametersView:116 -                Rank 1 : false
2025-07-28 16:32:37,416 [INFO] ADCParametersView:116 -                Rank 1 : false
2025-07-28 16:32:37,416 [INFO] ADCParametersView:116 -                Rank 1 : false
2025-07-28 16:32:37,416 [INFO] ADCParametersView:116 -                Rank 1 : false
2025-07-28 16:32:37,416 [INFO] ADCParametersView:116 -                Rank 1 : false
2025-07-28 16:32:37,416 [INFO] ADCParametersView:116 -                Rank 1 : false
2025-07-28 16:32:37,416 [INFO] ADCParametersView:116 -                Rank 1 : false
2025-07-28 16:32:37,416 [INFO] ADCParametersView:116 -                Rank 1 : false
2025-07-28 16:32:37,417 [INFO] ADCParametersView:116 -                Rank 1 : false
2025-07-28 16:32:37,417 [INFO] ADCParametersView:116 -                Rank 1 : false
2025-07-28 16:32:37,417 [INFO] ADCParametersView:116 -                Rank 1 : false
2025-07-28 16:32:37,417 [INFO] ADCParametersView:116 -                Rank 1 : false
2025-07-28 16:32:37,417 [INFO] ADCParametersView:116 -                Rank 1 : false
2025-07-28 16:32:37,417 [INFO] ADCParametersView:116 -                Rank 1 : false
2025-07-28 16:32:37,417 [INFO] ADCParametersView:116 -                Rank 1 : false
2025-07-28 16:32:37,527 [INFO] ADCParametersView:116 -                Rank 1 : false
2025-07-28 16:32:38,587 [INFO] ADCParametersView:116 -                Rank 1 : false
2025-07-28 16:32:38,587 [INFO] ADCParametersView:116 -                Rank 1 : false
2025-07-28 16:32:38,587 [INFO] ADCParametersView:116 -                Rank 1 : false
2025-07-28 16:32:38,588 [INFO] ADCParametersView:116 -                Rank 1 : false
2025-07-28 16:32:38,588 [INFO] ADCParametersView:116 -                Rank 1 : false
2025-07-28 16:32:38,588 [INFO] ADCParametersView:116 -                Rank 1 : false
2025-07-28 16:32:38,588 [INFO] ADCParametersView:116 -                Rank 1 : false
2025-07-28 16:32:38,588 [INFO] ADCParametersView:116 -                Rank 1 : false
2025-07-28 16:32:38,588 [INFO] ADCParametersView:116 -                Rank 1 : false
2025-07-28 16:32:38,588 [INFO] ADCParametersView:116 -                Rank 1 : false
2025-07-28 16:32:38,588 [INFO] ADCParametersView:116 -                Rank 1 : false
2025-07-28 16:32:38,589 [INFO] ADCParametersView:116 -                Rank 1 : false
2025-07-28 16:32:38,589 [INFO] ADCParametersView:116 -                Rank 1 : false
2025-07-28 16:32:38,589 [INFO] ADCParametersView:116 -                Rank 1 : false
2025-07-28 16:32:38,589 [INFO] ADCParametersView:116 -                Rank 1 : false
2025-07-28 16:32:38,589 [INFO] ADCParametersView:116 -                Rank 1 : false
2025-07-28 16:32:38,589 [INFO] ADCParametersView:116 -                Rank 1 : false
2025-07-28 16:32:38,589 [INFO] ADCParametersView:116 -                Rank 1 : false
2025-07-28 16:32:38,589 [INFO] ADCParametersView:116 -                Rank 1 : false
2025-07-28 16:32:38,590 [INFO] ADCParametersView:116 -                Rank 1 : false
2025-07-28 16:32:38,702 [INFO] ADCParametersView:116 -                Rank 1 : false
2025-07-28 16:32:38,843 [INFO] ADCParametersView:116 -                Rank 1 : false
2025-07-28 16:32:38,843 [INFO] ADCParametersView:116 -                Rank 1 : false
2025-07-28 16:32:38,843 [INFO] ADCParametersView:116 -                Rank 1 : false
2025-07-28 16:32:38,843 [INFO] ADCParametersView:116 -                Rank 1 : false
2025-07-28 16:32:38,844 [INFO] ADCParametersView:116 -                Rank 1 : false
2025-07-28 16:32:38,844 [INFO] ADCParametersView:116 -                Rank 1 : false
2025-07-28 16:32:38,844 [INFO] ADCParametersView:116 -                Rank 1 : false
2025-07-28 16:32:38,844 [INFO] ADCParametersView:116 -                Rank 1 : false
2025-07-28 16:32:38,844 [INFO] ADCParametersView:116 -                Rank 1 : false
2025-07-28 16:32:38,844 [INFO] ADCParametersView:116 -                Rank 1 : false
2025-07-28 16:32:38,844 [INFO] ADCParametersView:116 -                Rank 1 : false
2025-07-28 16:32:38,844 [INFO] ADCParametersView:116 -                Rank 1 : false
2025-07-28 16:32:38,844 [INFO] ADCParametersView:116 -                Rank 1 : false
2025-07-28 16:32:38,845 [INFO] ADCParametersView:116 -                Rank 1 : false
2025-07-28 16:32:38,845 [INFO] ADCParametersView:116 -                Rank 1 : false
2025-07-28 16:32:38,845 [INFO] ADCParametersView:116 -                Rank 1 : false
2025-07-28 16:32:38,845 [INFO] ADCParametersView:116 -                Rank 1 : false
2025-07-28 16:32:38,845 [INFO] ADCParametersView:116 -                Rank 1 : false
2025-07-28 16:32:38,845 [INFO] ADCParametersView:116 -                Rank 1 : false
2025-07-28 16:32:38,845 [INFO] ADCParametersView:116 -                Rank 1 : false
2025-07-28 16:32:38,931 [INFO] ADCParametersView:116 -                Rank 1 : false
2025-07-28 16:32:39,816 [INFO] ADCParametersView:116 -                Rank 1 : false
2025-07-28 16:32:39,816 [INFO] ADCParametersView:116 -                Rank 1 : false
2025-07-28 16:32:39,816 [INFO] ADCParametersView:116 -                Rank 1 : false
2025-07-28 16:32:39,816 [INFO] ADCParametersView:116 -                Rank 1 : false
2025-07-28 16:32:39,817 [INFO] ADCParametersView:116 -                Rank 1 : false
2025-07-28 16:32:39,817 [INFO] ADCParametersView:116 -                Rank 1 : false
2025-07-28 16:32:39,817 [INFO] ADCParametersView:116 -                Rank 1 : false
2025-07-28 16:32:39,817 [INFO] ADCParametersView:116 -                Rank 1 : false
2025-07-28 16:32:39,817 [INFO] ADCParametersView:116 -                Rank 1 : false
2025-07-28 16:32:39,817 [INFO] ADCParametersView:116 -                Rank 1 : false
2025-07-28 16:32:39,817 [INFO] ADCParametersView:116 -                Rank 1 : false
2025-07-28 16:32:39,817 [INFO] ADCParametersView:116 -                Rank 1 : false
2025-07-28 16:32:39,817 [INFO] ADCParametersView:116 -                Rank 1 : false
2025-07-28 16:32:39,818 [INFO] ADCParametersView:116 -                Rank 1 : false
2025-07-28 16:32:39,818 [INFO] ADCParametersView:116 -                Rank 1 : false
2025-07-28 16:32:39,818 [INFO] ADCParametersView:116 -                Rank 1 : false
2025-07-28 16:32:39,818 [INFO] ADCParametersView:116 -                Rank 1 : false
2025-07-28 16:32:39,818 [INFO] ADCParametersView:116 -                Rank 1 : false
2025-07-28 16:32:39,818 [INFO] ADCParametersView:116 -                Rank 1 : false
2025-07-28 16:32:39,818 [INFO] ADCParametersView:116 -                Rank 1 : false
2025-07-28 16:32:39,908 [INFO] ADCParametersView:116 -                Rank 1 : false
2025-07-28 16:32:40,040 [INFO] ADCParametersView:116 -                Rank 1 : false
2025-07-28 16:32:40,040 [INFO] ADCParametersView:116 -                Rank 1 : false
2025-07-28 16:32:40,040 [INFO] ADCParametersView:116 -                Rank 1 : false
2025-07-28 16:32:40,040 [INFO] ADCParametersView:116 -                Rank 1 : false
2025-07-28 16:32:40,041 [INFO] ADCParametersView:116 -                Rank 1 : false
2025-07-28 16:32:40,041 [INFO] ADCParametersView:116 -                Rank 1 : false
2025-07-28 16:32:40,041 [INFO] ADCParametersView:116 -                Rank 1 : false
2025-07-28 16:32:40,041 [INFO] ADCParametersView:116 -                Rank 1 : false
2025-07-28 16:32:40,041 [INFO] ADCParametersView:116 -                Rank 1 : false
2025-07-28 16:32:40,041 [INFO] ADCParametersView:116 -                Rank 1 : false
2025-07-28 16:32:40,041 [INFO] ADCParametersView:116 -                Rank 1 : false
2025-07-28 16:32:40,041 [INFO] ADCParametersView:116 -                Rank 1 : false
2025-07-28 16:32:40,041 [INFO] ADCParametersView:116 -                Rank 1 : false
2025-07-28 16:32:40,042 [INFO] ADCParametersView:116 -                Rank 1 : false
2025-07-28 16:32:40,042 [INFO] ADCParametersView:116 -                Rank 1 : false
2025-07-28 16:32:40,042 [INFO] ADCParametersView:116 -                Rank 1 : false
2025-07-28 16:32:40,042 [INFO] ADCParametersView:116 -                Rank 1 : false
2025-07-28 16:32:40,042 [INFO] ADCParametersView:116 -                Rank 1 : false
2025-07-28 16:32:40,042 [INFO] ADCParametersView:116 -                Rank 1 : false
2025-07-28 16:32:40,042 [INFO] ADCParametersView:116 -                Rank 1 : false
2025-07-28 16:32:40,140 [INFO] ADCParametersView:116 -                Rank 1 : false
2025-07-28 16:32:42,348 [INFO] ADCParametersView:116 -                Rank 1 : false
2025-07-28 16:32:42,349 [INFO] ADCParametersView:116 -                Rank 1 : false
2025-07-28 16:32:42,349 [INFO] ADCParametersView:116 -                Rank 1 : false
2025-07-28 16:32:42,349 [INFO] ADCParametersView:116 -                Rank 1 : false
2025-07-28 16:32:42,349 [INFO] ADCParametersView:116 -                Rank 1 : false
2025-07-28 16:32:42,349 [INFO] ADCParametersView:116 -                Rank 1 : false
2025-07-28 16:32:42,349 [INFO] ADCParametersView:116 -                Rank 1 : false
2025-07-28 16:32:42,349 [INFO] ADCParametersView:116 -                Rank 1 : false
2025-07-28 16:32:42,349 [INFO] ADCParametersView:116 -                Rank 1 : false
2025-07-28 16:32:42,349 [INFO] ADCParametersView:116 -                Rank 1 : false
2025-07-28 16:32:42,349 [INFO] ADCParametersView:116 -                Rank 1 : false
2025-07-28 16:32:42,349 [INFO] ADCParametersView:116 -                Rank 1 : false
2025-07-28 16:32:42,350 [INFO] ADCParametersView:116 -                Rank 1 : false
2025-07-28 16:32:42,350 [INFO] ADCParametersView:116 -                Rank 1 : false
2025-07-28 16:32:42,350 [INFO] ADCParametersView:116 -                Rank 1 : false
2025-07-28 16:32:42,350 [INFO] ADCParametersView:116 -                Rank 1 : false
2025-07-28 16:32:42,350 [INFO] ADCParametersView:116 -                Rank 1 : false
2025-07-28 16:32:42,350 [INFO] ADCParametersView:116 -                Rank 1 : false
2025-07-28 16:32:42,350 [INFO] ADCParametersView:116 -                Rank 1 : false
2025-07-28 16:32:42,350 [INFO] ADCParametersView:116 -                Rank 1 : false
2025-07-28 16:32:42,438 [INFO] ADCParametersView:116 -                Rank 1 : false
2025-07-28 16:32:42,560 [INFO] ADCParametersView:116 -                Rank 1 : false
2025-07-28 16:32:42,561 [INFO] ADCParametersView:116 -                Rank 1 : false
2025-07-28 16:32:42,561 [INFO] ADCParametersView:116 -                Rank 1 : false
2025-07-28 16:32:42,561 [INFO] ADCParametersView:116 -                Rank 1 : false
2025-07-28 16:32:42,561 [INFO] ADCParametersView:116 -                Rank 1 : false
2025-07-28 16:32:42,561 [INFO] ADCParametersView:116 -                Rank 1 : false
2025-07-28 16:32:42,561 [INFO] ADCParametersView:116 -                Rank 1 : false
2025-07-28 16:32:42,561 [INFO] ADCParametersView:116 -                Rank 1 : false
2025-07-28 16:32:42,561 [INFO] ADCParametersView:116 -                Rank 1 : false
2025-07-28 16:32:42,561 [INFO] ADCParametersView:116 -                Rank 1 : false
2025-07-28 16:32:42,561 [INFO] ADCParametersView:116 -                Rank 1 : false
2025-07-28 16:32:42,561 [INFO] ADCParametersView:116 -                Rank 1 : false
2025-07-28 16:32:42,561 [INFO] ADCParametersView:116 -                Rank 1 : false
2025-07-28 16:32:42,561 [INFO] ADCParametersView:116 -                Rank 1 : false
2025-07-28 16:32:42,561 [INFO] ADCParametersView:116 -                Rank 1 : false
2025-07-28 16:32:42,561 [INFO] ADCParametersView:116 -                Rank 1 : false
2025-07-28 16:32:42,561 [INFO] ADCParametersView:116 -                Rank 1 : false
2025-07-28 16:32:42,561 [INFO] ADCParametersView:116 -                Rank 1 : false
2025-07-28 16:32:42,561 [INFO] ADCParametersView:116 -                Rank 1 : false
2025-07-28 16:32:42,561 [INFO] ADCParametersView:116 -                Rank 1 : false
2025-07-28 16:32:42,641 [INFO] ADCParametersView:116 -                Rank 1 : false
2025-07-28 16:34:06,727 [INFO] UtilMem:75 - End SaveConfig() Used Memory: 703693880 Bytes (1073741824)
2025-07-28 16:34:06,844 [INFO] UtilMem:75 - End SaveConfig() Used Memory: 725280368 Bytes (1073741824)
2025-07-28 16:34:07,902 [INFO] UtilMem:75 - End SaveConfig() Used Memory: 954287392 Bytes (1073741824)
2025-07-28 16:34:08,102 [INFO] ProjectBuilder:2380 - IP not ready for code generation: Clock
2025-07-28 16:34:08,678 [ERROR] IocParser:95 - Exception caught: null
2025-07-28 16:34:09,380 [INFO] BlockDiagram:2775 - set Specific Code input for plugin: FREERTOS
2025-07-28 16:34:09,380 [INFO] BlockDiagram:2775 - set Specific Code input for plugin: RCC
2025-07-28 16:34:09,380 [INFO] BlockDiagram:2775 - set Specific Code input for plugin: I2C
2025-07-28 16:34:09,380 [INFO] BlockDiagram:2775 - set Specific Code input for plugin: USART
2025-07-28 16:34:09,380 [INFO] BlockDiagram:2775 - set Specific Code input for plugin: TIM1_8H7
2025-07-28 16:34:09,380 [INFO] BlockDiagram:2775 - set Specific Code input for plugin: SYS
2025-07-28 16:34:09,380 [INFO] BlockDiagram:2775 - set Specific Code input for plugin: ADC
2025-07-28 16:34:09,380 [INFO] BlockDiagram:2775 - set Specific Code input for plugin: NVIC2
2025-07-28 16:34:09,380 [INFO] BlockDiagram:2775 - set Specific Code input for plugin: UART
2025-07-28 16:34:09,380 [INFO] BlockDiagram:2775 - set Specific Code input for plugin: UART
2025-07-28 16:34:09,381 [INFO] BlockDiagram:2775 - set Specific Code input for plugin: GPIO
2025-07-28 16:34:09,381 [INFO] BlockDiagram:2775 - set Specific Code input for plugin: SYS_M4
2025-07-28 16:34:09,381 [INFO] BlockDiagram:2775 - set Specific Code input for plugin: NUCLEO-H755ZI-Q
2025-07-28 16:34:09,381 [INFO] BlockDiagram:2775 - set Specific Code input for plugin: NVIC1
2025-07-28 16:34:09,382 [INFO] CodeGenerator:892 - code generatio: config db path: C:\ST\STM32CubeIDE_1.19.0\STM32CubeIDE\plugins\com.st.stm32cube.common.mx_6.15.0.202507011659\\db\
2025-07-28 16:34:09,439 [ERROR] CodeGenerator:10662 - The current RTOS owner has not been found in the list of IPs
2025-07-28 16:34:09,439 [INFO] CodeGenerator:1619 - *******************Project context M7 selected
2025-07-28 16:34:09,492 [INFO] CodeEngine:265 - oldGeneratedFile, C:\Users\nicks\STM32CubeIDE\workspace_1.19.0\AFR\AFR_SENSORS\MXTmpFiles\license.tmp_save
2025-07-28 16:34:09,620 [INFO] CodeEngine:289 - Generated code: C:\Users\nicks\STM32CubeIDE\workspace_1.19.0\AFR\AFR_SENSORS\MXTmpFiles\license.tmp
2025-07-28 16:34:09,699 [INFO] CodeEngine:265 - oldGeneratedFile, C:\Users\nicks\STM32CubeIDE\workspace_1.19.0\AFR\AFR_SENSORS\CM7\MXTmpFiles\gpio.tmp_save
2025-07-28 16:34:09,771 [INFO] CodeEngine:289 - Generated code: C:\Users\nicks\STM32CubeIDE\workspace_1.19.0\AFR\AFR_SENSORS\CM7\MXTmpFiles\gpio.tmp
2025-07-28 16:34:10,068 [WARN] IPConfigManager:103 - WARNING: Missing Config File for NVIC1 ip!!
2025-07-28 16:34:10,309 [ERROR] CodeGenerator:10662 - The current RTOS owner has not been found in the list of IPs
2025-07-28 16:34:10,318 [INFO] CodeEngine:265 - oldGeneratedFile, C:\Users\nicks\STM32CubeIDE\workspace_1.19.0\AFR\AFR_SENSORS\CM7\MXTmpFiles\cortex.tmp_save
2025-07-28 16:34:10,372 [INFO] CodeEngine:289 - Generated code: C:\Users\nicks\STM32CubeIDE\workspace_1.19.0\AFR\AFR_SENSORS\CM7\MXTmpFiles\cortex.tmp
2025-07-28 16:34:10,391 [INFO] Middleware:1452 - No code input for Bsp Dependency
2025-07-28 16:34:10,398 [INFO] CodeEngine:265 - oldGeneratedFile, C:\Users\nicks\STM32CubeIDE\workspace_1.19.0\AFR\AFR_SENSORS\CM7\MXTmpFiles\rtos_inc.tmp_save
2025-07-28 16:34:10,447 [INFO] CodeEngine:289 - Generated code: C:\Users\nicks\STM32CubeIDE\workspace_1.19.0\AFR\AFR_SENSORS\CM7\MXTmpFiles\rtos_inc.tmp
2025-07-28 16:34:10,453 [INFO] CodeEngine:265 - oldGeneratedFile, C:\Users\nicks\STM32CubeIDE\workspace_1.19.0\AFR\AFR_SENSORS\CM7\MXTmpFiles\rtos_kernelInit.tmp_save
2025-07-28 16:34:10,500 [INFO] CodeEngine:289 - Generated code: C:\Users\nicks\STM32CubeIDE\workspace_1.19.0\AFR\AFR_SENSORS\CM7\MXTmpFiles\rtos_kernelInit.tmp
2025-07-28 16:34:10,505 [INFO] CodeEngine:265 - oldGeneratedFile, C:\Users\nicks\STM32CubeIDE\workspace_1.19.0\AFR\AFR_SENSORS\CM7\MXTmpFiles\rtos_kernelStart.tmp_save
2025-07-28 16:34:10,547 [INFO] CodeEngine:289 - Generated code: C:\Users\nicks\STM32CubeIDE\workspace_1.19.0\AFR\AFR_SENSORS\CM7\MXTmpFiles\rtos_kernelStart.tmp
2025-07-28 16:34:10,553 [INFO] CodeEngine:265 - oldGeneratedFile, C:\Users\nicks\STM32CubeIDE\workspace_1.19.0\AFR\AFR_SENSORS\CM7\MXTmpFiles\rtos_typedefs.tmp_save
2025-07-28 16:34:10,596 [INFO] CodeEngine:289 - Generated code: C:\Users\nicks\STM32CubeIDE\workspace_1.19.0\AFR\AFR_SENSORS\CM7\MXTmpFiles\rtos_typedefs.tmp
2025-07-28 16:34:10,600 [INFO] CodeEngine:265 - oldGeneratedFile, C:\Users\nicks\STM32CubeIDE\workspace_1.19.0\AFR\AFR_SENSORS\CM7\MXTmpFiles\rtos_vars.tmp_save
2025-07-28 16:34:10,645 [INFO] CodeEngine:289 - Generated code: C:\Users\nicks\STM32CubeIDE\workspace_1.19.0\AFR\AFR_SENSORS\CM7\MXTmpFiles\rtos_vars.tmp
2025-07-28 16:34:10,650 [INFO] CodeEngine:265 - oldGeneratedFile, C:\Users\nicks\STM32CubeIDE\workspace_1.19.0\AFR\AFR_SENSORS\CM7\MXTmpFiles\rtos_pfp.tmp_save
2025-07-28 16:34:10,691 [INFO] CodeEngine:289 - Generated code: C:\Users\nicks\STM32CubeIDE\workspace_1.19.0\AFR\AFR_SENSORS\CM7\MXTmpFiles\rtos_pfp.tmp
2025-07-28 16:34:10,696 [INFO] CodeEngine:265 - oldGeneratedFile, C:\Users\nicks\STM32CubeIDE\workspace_1.19.0\AFR\AFR_SENSORS\CM7\MXTmpFiles\rtos_obj_creat.tmp_save
2025-07-28 16:34:10,739 [INFO] CodeEngine:289 - Generated code: C:\Users\nicks\STM32CubeIDE\workspace_1.19.0\AFR\AFR_SENSORS\CM7\MXTmpFiles\rtos_obj_creat.tmp
2025-07-28 16:34:10,743 [INFO] CodeEngine:265 - oldGeneratedFile, C:\Users\nicks\STM32CubeIDE\workspace_1.19.0\AFR\AFR_SENSORS\CM7\MXTmpFiles\rtos_default_thread.tmp_save
2025-07-28 16:34:10,786 [INFO] CodeEngine:289 - Generated code: C:\Users\nicks\STM32CubeIDE\workspace_1.19.0\AFR\AFR_SENSORS\CM7\MXTmpFiles\rtos_default_thread.tmp
2025-07-28 16:34:10,790 [INFO] CodeEngine:265 - oldGeneratedFile, C:\Users\nicks\STM32CubeIDE\workspace_1.19.0\AFR\AFR_SENSORS\CM7\MXTmpFiles\rtos_threads.tmp_save
2025-07-28 16:34:10,838 [INFO] CodeEngine:289 - Generated code: C:\Users\nicks\STM32CubeIDE\workspace_1.19.0\AFR\AFR_SENSORS\CM7\MXTmpFiles\rtos_threads.tmp
2025-07-28 16:34:10,843 [INFO] CodeEngine:265 - oldGeneratedFile, C:\Users\nicks\STM32CubeIDE\workspace_1.19.0\AFR\AFR_SENSORS\CM7\Core\Inc\FreeRTOSConfig.h_save
2025-07-28 16:34:10,909 [INFO] CodeEngine:289 - Generated code: C:\Users\nicks\STM32CubeIDE\workspace_1.19.0\AFR\AFR_SENSORS\CM7\Core\Inc\FreeRTOSConfig.h
2025-07-28 16:34:10,915 [INFO] CodeEngine:265 - oldGeneratedFile, C:\Users\nicks\STM32CubeIDE\workspace_1.19.0\AFR\AFR_SENSORS\CM7\Core\Src\freertos.c_save
2025-07-28 16:34:10,966 [INFO] CodeEngine:289 - Generated code: C:\Users\nicks\STM32CubeIDE\workspace_1.19.0\AFR\AFR_SENSORS\CM7\Core\Src\freertos.c
2025-07-28 16:34:11,002 [INFO] CodeEngine:265 - oldGeneratedFile, C:\Users\nicks\STM32CubeIDE\workspace_1.19.0\AFR\AFR_SENSORS\CM7\Core\Inc\stm32h7xx_nucleo_conf.h_save
2025-07-28 16:34:11,045 [INFO] CodeEngine:289 - Generated code: C:\Users\nicks\STM32CubeIDE\workspace_1.19.0\AFR\AFR_SENSORS\CM7\Core\Inc\stm32h7xx_nucleo_conf.h
2025-07-28 16:34:11,050 [INFO] CodeEngine:265 - oldGeneratedFile, C:\Users\nicks\STM32CubeIDE\workspace_1.19.0\AFR\AFR_SENSORS\CM7\MXTmpFiles\bsp_inc.tmp_save
2025-07-28 16:34:11,090 [INFO] CodeEngine:289 - Generated code: C:\Users\nicks\STM32CubeIDE\workspace_1.19.0\AFR\AFR_SENSORS\CM7\MXTmpFiles\bsp_inc.tmp
2025-07-28 16:34:11,095 [INFO] CodeEngine:265 - oldGeneratedFile, C:\Users\nicks\STM32CubeIDE\workspace_1.19.0\AFR\AFR_SENSORS\CM7\MXTmpFiles\bsp_common_vars.tmp_save
2025-07-28 16:34:11,135 [INFO] CodeEngine:289 - Generated code: C:\Users\nicks\STM32CubeIDE\workspace_1.19.0\AFR\AFR_SENSORS\CM7\MXTmpFiles\bsp_common_vars.tmp
2025-07-28 16:34:11,140 [INFO] CodeEngine:265 - oldGeneratedFile, C:\Users\nicks\STM32CubeIDE\workspace_1.19.0\AFR\AFR_SENSORS\CM7\MXTmpFiles\bsp_common_init.tmp_save
2025-07-28 16:34:11,180 [INFO] CodeEngine:289 - Generated code: C:\Users\nicks\STM32CubeIDE\workspace_1.19.0\AFR\AFR_SENSORS\CM7\MXTmpFiles\bsp_common_init.tmp
2025-07-28 16:34:11,185 [INFO] CodeEngine:265 - oldGeneratedFile, C:\Users\nicks\STM32CubeIDE\workspace_1.19.0\AFR\AFR_SENSORS\CM7\MXTmpFiles\bsp_common_demo_before_while.tmp_save
2025-07-28 16:34:11,225 [INFO] CodeEngine:289 - Generated code: C:\Users\nicks\STM32CubeIDE\workspace_1.19.0\AFR\AFR_SENSORS\CM7\MXTmpFiles\bsp_common_demo_before_while.tmp
2025-07-28 16:34:11,230 [INFO] CodeEngine:265 - oldGeneratedFile, C:\Users\nicks\STM32CubeIDE\workspace_1.19.0\AFR\AFR_SENSORS\CM7\MXTmpFiles\bsp_common_demo_inside_while.tmp_save
2025-07-28 16:34:11,270 [INFO] CodeEngine:289 - Generated code: C:\Users\nicks\STM32CubeIDE\workspace_1.19.0\AFR\AFR_SENSORS\CM7\MXTmpFiles\bsp_common_demo_inside_while.tmp
2025-07-28 16:34:11,275 [INFO] CodeEngine:265 - oldGeneratedFile, C:\Users\nicks\STM32CubeIDE\workspace_1.19.0\AFR\AFR_SENSORS\CM7\MXTmpFiles\bsp_common_demo_fct.tmp_save
2025-07-28 16:34:11,314 [INFO] CodeEngine:289 - Generated code: C:\Users\nicks\STM32CubeIDE\workspace_1.19.0\AFR\AFR_SENSORS\CM7\MXTmpFiles\bsp_common_demo_fct.tmp
2025-07-28 16:34:11,335 [INFO] CodeEngine:265 - oldGeneratedFile, C:\Users\nicks\STM32CubeIDE\workspace_1.19.0\AFR\AFR_SENSORS\CM7\Core\Src\stm32h7xx_it.c_save
2025-07-28 16:34:11,395 [INFO] CodeEngine:289 - Generated code: C:\Users\nicks\STM32CubeIDE\workspace_1.19.0\AFR\AFR_SENSORS\CM7\Core\Src\stm32h7xx_it.c
2025-07-28 16:34:11,402 [INFO] CodeEngine:265 - oldGeneratedFile, C:\Users\nicks\STM32CubeIDE\workspace_1.19.0\AFR\AFR_SENSORS\CM7\Core\Inc\stm32h7xx_it.h_save
2025-07-28 16:34:11,448 [INFO] CodeEngine:289 - Generated code: C:\Users\nicks\STM32CubeIDE\workspace_1.19.0\AFR\AFR_SENSORS\CM7\Core\Inc\stm32h7xx_it.h
2025-07-28 16:34:11,591 [INFO] CodeEngine:265 - oldGeneratedFile, C:\Users\nicks\STM32CubeIDE\workspace_1.19.0\AFR\AFR_SENSORS\CM7\Core\Src\stm32h7xx_hal_msp.c_save
2025-07-28 16:34:11,683 [INFO] CodeEngine:289 - Generated code: C:\Users\nicks\STM32CubeIDE\workspace_1.19.0\AFR\AFR_SENSORS\CM7\Core\Src\stm32h7xx_hal_msp.c
2025-07-28 16:34:11,689 [INFO] CodeEngine:265 - oldGeneratedFile, C:\Users\nicks\STM32CubeIDE\workspace_1.19.0\AFR\AFR_SENSORS\CM7\MXTmpFiles\system.tmp_save
2025-07-28 16:34:11,730 [INFO] CodeEngine:289 - Generated code: C:\Users\nicks\STM32CubeIDE\workspace_1.19.0\AFR\AFR_SENSORS\CM7\MXTmpFiles\system.tmp
2025-07-28 16:34:11,741 [INFO] CodeEngine:321 - oldGeneratedFile, C:\Users\nicks\STM32CubeIDE\workspace_1.19.0\AFR\AFR_SENSORS\CM7\Core\Inc\stm32h7xx_hal_conf.h_save
2025-07-28 16:34:11,788 [INFO] CodeEngine:345 - Generated code: C:\Users\nicks\STM32CubeIDE\workspace_1.19.0\AFR\AFR_SENSORS\CM7\Core\Inc\stm32h7xx_hal_conf.h
2025-07-28 16:34:11,815 [WARN] IPConfigManager:3811 - IP not found : NVIC
2025-07-28 16:34:11,815 [WARN] IPConfigManager:3811 - IP not found : TIM
2025-07-28 16:34:11,816 [WARN] CodeGenerator:4259 - IP not found : null
2025-07-28 16:34:11,817 [WARN] CodeGenerator:4259 - IP not found : null
2025-07-28 16:34:11,826 [INFO] CodeEngine:265 - oldGeneratedFile, C:\Users\nicks\STM32CubeIDE\workspace_1.19.0\AFR\AFR_SENSORS\CM7\Core\Inc\main.h_save
2025-07-28 16:34:11,878 [INFO] CodeEngine:289 - Generated code: C:\Users\nicks\STM32CubeIDE\workspace_1.19.0\AFR\AFR_SENSORS\CM7\Core\Inc\main.h
2025-07-28 16:34:11,884 [INFO] CodeEngine:265 - oldGeneratedFile, C:\Users\nicks\STM32CubeIDE\workspace_1.19.0\AFR\AFR_SENSORS\CM7\Core\Src\main.c_save
2025-07-28 16:34:11,990 [INFO] CodeEngine:289 - Generated code: C:\Users\nicks\STM32CubeIDE\workspace_1.19.0\AFR\AFR_SENSORS\CM7\Core\Src\main.c
2025-07-28 16:34:12,034 [INFO] CodeGenerator:1619 - *******************Project context M4 selected
2025-07-28 16:34:12,084 [INFO] CodeEngine:265 - oldGeneratedFile, C:\Users\nicks\STM32CubeIDE\workspace_1.19.0\AFR\AFR_SENSORS\MXTmpFiles\license.tmp_save
2025-07-28 16:34:12,129 [INFO] CodeEngine:289 - Generated code: C:\Users\nicks\STM32CubeIDE\workspace_1.19.0\AFR\AFR_SENSORS\MXTmpFiles\license.tmp
2025-07-28 16:34:12,146 [INFO] CodeEngine:265 - oldGeneratedFile, C:\Users\nicks\STM32CubeIDE\workspace_1.19.0\AFR\AFR_SENSORS\CM4\MXTmpFiles\gpio.tmp_save
2025-07-28 16:34:12,187 [INFO] CodeEngine:289 - Generated code: C:\Users\nicks\STM32CubeIDE\workspace_1.19.0\AFR\AFR_SENSORS\CM4\MXTmpFiles\gpio.tmp
2025-07-28 16:34:12,207 [WARN] IPConfigManager:103 - WARNING: Missing Config File for NVIC2 ip!!
2025-07-28 16:34:12,298 [INFO] CodeEngine:265 - oldGeneratedFile, C:\Users\nicks\STM32CubeIDE\workspace_1.19.0\AFR\AFR_SENSORS\CM4\MXTmpFiles\cortex.tmp_save
2025-07-28 16:34:12,341 [INFO] CodeEngine:289 - Generated code: C:\Users\nicks\STM32CubeIDE\workspace_1.19.0\AFR\AFR_SENSORS\CM4\MXTmpFiles\cortex.tmp
2025-07-28 16:34:12,373 [INFO] CodeEngine:265 - oldGeneratedFile, C:\Users\nicks\STM32CubeIDE\workspace_1.19.0\AFR\AFR_SENSORS\CM4\Core\Inc\stm32h7xx_nucleo_conf.h_save
2025-07-28 16:34:12,418 [INFO] CodeEngine:289 - Generated code: C:\Users\nicks\STM32CubeIDE\workspace_1.19.0\AFR\AFR_SENSORS\CM4\Core\Inc\stm32h7xx_nucleo_conf.h
2025-07-28 16:34:12,423 [INFO] CodeEngine:265 - oldGeneratedFile, C:\Users\nicks\STM32CubeIDE\workspace_1.19.0\AFR\AFR_SENSORS\CM4\MXTmpFiles\bsp_inc.tmp_save
2025-07-28 16:34:12,461 [INFO] CodeEngine:289 - Generated code: C:\Users\nicks\STM32CubeIDE\workspace_1.19.0\AFR\AFR_SENSORS\CM4\MXTmpFiles\bsp_inc.tmp
2025-07-28 16:34:12,480 [INFO] CodeEngine:265 - oldGeneratedFile, C:\Users\nicks\STM32CubeIDE\workspace_1.19.0\AFR\AFR_SENSORS\CM4\Core\Src\stm32h7xx_it.c_save
2025-07-28 16:34:12,526 [INFO] CodeEngine:289 - Generated code: C:\Users\nicks\STM32CubeIDE\workspace_1.19.0\AFR\AFR_SENSORS\CM4\Core\Src\stm32h7xx_it.c
2025-07-28 16:34:12,532 [INFO] CodeEngine:265 - oldGeneratedFile, C:\Users\nicks\STM32CubeIDE\workspace_1.19.0\AFR\AFR_SENSORS\CM4\Core\Inc\stm32h7xx_it.h_save
2025-07-28 16:34:12,574 [INFO] CodeEngine:289 - Generated code: C:\Users\nicks\STM32CubeIDE\workspace_1.19.0\AFR\AFR_SENSORS\CM4\Core\Inc\stm32h7xx_it.h
2025-07-28 16:34:12,613 [INFO] CodeEngine:265 - oldGeneratedFile, C:\Users\nicks\STM32CubeIDE\workspace_1.19.0\AFR\AFR_SENSORS\CM4\Core\Src\stm32h7xx_hal_msp.c_save
2025-07-28 16:34:12,675 [INFO] CodeEngine:289 - Generated code: C:\Users\nicks\STM32CubeIDE\workspace_1.19.0\AFR\AFR_SENSORS\CM4\Core\Src\stm32h7xx_hal_msp.c
2025-07-28 16:34:12,679 [INFO] CodeEngine:265 - oldGeneratedFile, C:\Users\nicks\STM32CubeIDE\workspace_1.19.0\AFR\AFR_SENSORS\CM4\MXTmpFiles\system.tmp_save
2025-07-28 16:34:12,718 [INFO] CodeEngine:289 - Generated code: C:\Users\nicks\STM32CubeIDE\workspace_1.19.0\AFR\AFR_SENSORS\CM4\MXTmpFiles\system.tmp
2025-07-28 16:34:12,729 [INFO] CodeEngine:321 - oldGeneratedFile, C:\Users\nicks\STM32CubeIDE\workspace_1.19.0\AFR\AFR_SENSORS\CM4\Core\Inc\stm32h7xx_hal_conf.h_save
2025-07-28 16:34:12,775 [INFO] CodeEngine:345 - Generated code: C:\Users\nicks\STM32CubeIDE\workspace_1.19.0\AFR\AFR_SENSORS\CM4\Core\Inc\stm32h7xx_hal_conf.h
2025-07-28 16:34:12,791 [INFO] ApiDbMcu:532 - Load IP Config File for UART5
2025-07-28 16:34:12,798 [INFO] ApiDbMcu:532 - Load IP Config File for UART8
2025-07-28 16:34:12,800 [WARN] IPConfigManager:3811 - IP not found : NVIC
2025-07-28 16:34:12,802 [WARN] CodeGenerator:4259 - IP not found : null
2025-07-28 16:34:12,809 [INFO] CodeEngine:265 - oldGeneratedFile, C:\Users\nicks\STM32CubeIDE\workspace_1.19.0\AFR\AFR_SENSORS\CM4\Core\Inc\main.h_save
2025-07-28 16:34:12,856 [INFO] CodeEngine:289 - Generated code: C:\Users\nicks\STM32CubeIDE\workspace_1.19.0\AFR\AFR_SENSORS\CM4\Core\Inc\main.h
2025-07-28 16:34:12,861 [INFO] CodeEngine:265 - oldGeneratedFile, C:\Users\nicks\STM32CubeIDE\workspace_1.19.0\AFR\AFR_SENSORS\CM4\Core\Src\main.c_save
2025-07-28 16:34:12,925 [INFO] CodeEngine:289 - Generated code: C:\Users\nicks\STM32CubeIDE\workspace_1.19.0\AFR\AFR_SENSORS\CM4\Core\Src\main.c
2025-07-28 16:34:13,324 [INFO] ProjectBuilder:3606 - Time for Copy HAL[1] : 239mS.
2025-07-28 16:34:13,337 [INFO] ProjectBuilder:5216 - Project Generator version: 4.7.0-B52
2025-07-28 16:34:13,393 [INFO] ConfigFileManager:1595 - The Die is : DIE450
2025-07-28 16:34:19,574 [INFO] ProjectBuilder:5496 - Time for Generating toolchain IDE Files: 6237mS.
2025-07-28 16:34:19,575 [INFO] ProjectBuilder:3463 - Time for Copy CMSIS : 1mS.
2025-07-28 16:34:19,583 [INFO] ProjectBuilder:3463 - Time for Copy CMSIS : 0mS.
2025-07-28 16:46:02,506 [INFO] Gpio:278 - dependency for GPIO [ADC3, I2C2, TIM1, UART5, UART8, USART2]
2025-07-28 16:51:43,699 [INFO] ADCParametersView:116 -                Rank 1 : false
2025-07-28 16:51:43,699 [INFO] ADCParametersView:116 -                Rank 1 : false
2025-07-28 16:51:43,700 [INFO] ADCParametersView:116 -                Rank 1 : false
2025-07-28 16:51:43,700 [INFO] ADCParametersView:116 -                Rank 1 : false
2025-07-28 16:51:43,701 [INFO] ADCParametersView:116 -                Rank 1 : false
2025-07-28 16:51:43,701 [INFO] ADCParametersView:116 -                Rank 1 : false
2025-07-28 16:51:43,702 [INFO] ADCParametersView:116 -                Rank 1 : false
2025-07-28 16:51:43,702 [INFO] ADCParametersView:116 -                Rank 1 : false
2025-07-28 16:51:43,702 [INFO] ADCParametersView:116 -                Rank 1 : false
2025-07-28 16:51:43,702 [INFO] ADCParametersView:116 -                Rank 1 : false
2025-07-28 16:51:43,702 [INFO] ADCParametersView:116 -                Rank 1 : false
2025-07-28 16:51:43,703 [INFO] ADCParametersView:116 -                Rank 1 : false
2025-07-28 16:51:43,703 [INFO] ADCParametersView:116 -                Rank 1 : false
2025-07-28 16:51:43,703 [INFO] ADCParametersView:116 -                Rank 1 : false
2025-07-28 16:51:43,703 [INFO] ADCParametersView:116 -                Rank 1 : false
2025-07-28 16:51:43,704 [INFO] ADCParametersView:116 -                Rank 1 : false
2025-07-28 16:51:43,704 [INFO] ADCParametersView:116 -                Rank 1 : false
2025-07-28 16:51:43,704 [INFO] ADCParametersView:116 -                Rank 1 : false
2025-07-28 16:51:43,704 [INFO] ADCParametersView:116 -                Rank 1 : false
2025-07-28 16:51:43,704 [INFO] ADCParametersView:116 -                Rank 1 : false
2025-07-28 16:51:43,846 [INFO] ADCParametersView:116 -                Rank 1 : false
2025-07-28 16:51:43,987 [INFO] ADCParametersView:116 -                Rank 1 : false
2025-07-28 16:51:43,987 [INFO] ADCParametersView:116 -                Rank 1 : false
2025-07-28 16:51:43,987 [INFO] ADCParametersView:116 -                Rank 1 : false
2025-07-28 16:51:43,987 [INFO] ADCParametersView:116 -                Rank 1 : false
2025-07-28 16:51:43,987 [INFO] ADCParametersView:116 -                Rank 1 : false
2025-07-28 16:51:43,988 [INFO] ADCParametersView:116 -                Rank 1 : false
2025-07-28 16:51:43,988 [INFO] ADCParametersView:116 -                Rank 1 : false
2025-07-28 16:51:43,988 [INFO] ADCParametersView:116 -                Rank 1 : false
2025-07-28 16:51:43,988 [INFO] ADCParametersView:116 -                Rank 1 : false
2025-07-28 16:51:43,988 [INFO] ADCParametersView:116 -                Rank 1 : false
2025-07-28 16:51:43,988 [INFO] ADCParametersView:116 -                Rank 1 : false
2025-07-28 16:51:43,988 [INFO] ADCParametersView:116 -                Rank 1 : false
2025-07-28 16:51:43,989 [INFO] ADCParametersView:116 -                Rank 1 : false
2025-07-28 16:51:43,989 [INFO] ADCParametersView:116 -                Rank 1 : false
2025-07-28 16:51:43,989 [INFO] ADCParametersView:116 -                Rank 1 : false
2025-07-28 16:51:43,989 [INFO] ADCParametersView:116 -                Rank 1 : false
2025-07-28 16:51:43,989 [INFO] ADCParametersView:116 -                Rank 1 : false
2025-07-28 16:51:43,989 [INFO] ADCParametersView:116 -                Rank 1 : false
2025-07-28 16:51:43,989 [INFO] ADCParametersView:116 -                Rank 1 : false
2025-07-28 16:51:43,989 [INFO] ADCParametersView:116 -                Rank 1 : false
2025-07-28 16:51:44,095 [INFO] ADCParametersView:116 -                Rank 1 : false
2025-07-28 16:59:57,942 [INFO] ADCParametersView:116 -                Rank 1 : false
2025-07-28 16:59:57,942 [INFO] ADCParametersView:116 -                Rank 1 : false
2025-07-28 16:59:57,942 [INFO] ADCParametersView:116 -                Rank 1 : false
2025-07-28 16:59:57,942 [INFO] ADCParametersView:116 -                Rank 1 : false
2025-07-28 16:59:57,942 [INFO] ADCParametersView:116 -                Rank 1 : false
2025-07-28 16:59:57,942 [INFO] ADCParametersView:116 -                Rank 1 : false
2025-07-28 16:59:57,942 [INFO] ADCParametersView:116 -                Rank 1 : false
2025-07-28 16:59:57,942 [INFO] ADCParametersView:116 -                Rank 1 : false
2025-07-28 16:59:57,942 [INFO] ADCParametersView:116 -                Rank 1 : false
2025-07-28 16:59:57,942 [INFO] ADCParametersView:116 -                Rank 1 : false
2025-07-28 16:59:57,943 [INFO] ADCParametersView:116 -                Rank 1 : false
2025-07-28 16:59:57,943 [INFO] ADCParametersView:116 -                Rank 1 : false
2025-07-28 16:59:57,943 [INFO] ADCParametersView:116 -                Rank 1 : false
2025-07-28 16:59:57,943 [INFO] ADCParametersView:116 -                Rank 1 : false
2025-07-28 16:59:57,943 [INFO] ADCParametersView:116 -                Rank 1 : false
2025-07-28 16:59:57,943 [INFO] ADCParametersView:116 -                Rank 1 : false
2025-07-28 16:59:57,943 [INFO] ADCParametersView:116 -                Rank 1 : false
2025-07-28 16:59:57,943 [INFO] ADCParametersView:116 -                Rank 1 : false
2025-07-28 16:59:57,943 [INFO] ADCParametersView:116 -                Rank 1 : false
2025-07-28 16:59:57,944 [INFO] ADCParametersView:116 -                Rank 1 : false
2025-07-28 16:59:58,026 [INFO] ADCParametersView:116 -                Rank 1 : false
2025-07-28 16:59:58,137 [INFO] ADCParametersView:116 -                Rank 1 : false
2025-07-28 16:59:58,138 [INFO] ADCParametersView:116 -                Rank 1 : false
2025-07-28 16:59:58,138 [INFO] ADCParametersView:116 -                Rank 1 : false
2025-07-28 16:59:58,138 [INFO] ADCParametersView:116 -                Rank 1 : false
2025-07-28 16:59:58,138 [INFO] ADCParametersView:116 -                Rank 1 : false
2025-07-28 16:59:58,138 [INFO] ADCParametersView:116 -                Rank 1 : false
2025-07-28 16:59:58,138 [INFO] ADCParametersView:116 -                Rank 1 : false
2025-07-28 16:59:58,138 [INFO] ADCParametersView:116 -                Rank 1 : false
2025-07-28 16:59:58,138 [INFO] ADCParametersView:116 -                Rank 1 : false
2025-07-28 16:59:58,138 [INFO] ADCParametersView:116 -                Rank 1 : false
2025-07-28 16:59:58,138 [INFO] ADCParametersView:116 -                Rank 1 : false
2025-07-28 16:59:58,138 [INFO] ADCParametersView:116 -                Rank 1 : false
2025-07-28 16:59:58,138 [INFO] ADCParametersView:116 -                Rank 1 : false
2025-07-28 16:59:58,138 [INFO] ADCParametersView:116 -                Rank 1 : false
2025-07-28 16:59:58,138 [INFO] ADCParametersView:116 -                Rank 1 : false
2025-07-28 16:59:58,138 [INFO] ADCParametersView:116 -                Rank 1 : false
2025-07-28 16:59:58,138 [INFO] ADCParametersView:116 -                Rank 1 : false
2025-07-28 16:59:58,139 [INFO] ADCParametersView:116 -                Rank 1 : false
2025-07-28 16:59:58,139 [INFO] ADCParametersView:116 -                Rank 1 : false
2025-07-28 16:59:58,139 [INFO] ADCParametersView:116 -                Rank 1 : false
2025-07-28 16:59:58,228 [INFO] ADCParametersView:116 -                Rank 1 : false
2025-07-28 17:08:28,428 [INFO] ADCParametersView:116 -                Rank 1 : false
2025-07-28 17:08:28,429 [INFO] ADCParametersView:116 -                Rank 1 : false
2025-07-28 17:08:28,429 [INFO] ADCParametersView:116 -                Rank 1 : false
2025-07-28 17:08:28,430 [INFO] ADCParametersView:116 -                Rank 1 : false
2025-07-28 17:08:28,430 [INFO] ADCParametersView:116 -                Rank 1 : false
2025-07-28 17:08:28,430 [INFO] ADCParametersView:116 -                Rank 1 : false
2025-07-28 17:08:28,430 [INFO] ADCParametersView:116 -                Rank 1 : false
2025-07-28 17:08:28,430 [INFO] ADCParametersView:116 -                Rank 1 : false
2025-07-28 17:08:28,430 [INFO] ADCParametersView:116 -                Rank 1 : false
2025-07-28 17:08:28,430 [INFO] ADCParametersView:116 -                Rank 1 : false
2025-07-28 17:08:28,430 [INFO] ADCParametersView:116 -                Rank 1 : false
2025-07-28 17:08:28,430 [INFO] ADCParametersView:116 -                Rank 1 : false
2025-07-28 17:08:28,430 [INFO] ADCParametersView:116 -                Rank 1 : false
2025-07-28 17:08:28,431 [INFO] ADCParametersView:116 -                Rank 1 : false
2025-07-28 17:08:28,431 [INFO] ADCParametersView:116 -                Rank 1 : false
2025-07-28 17:08:28,431 [INFO] ADCParametersView:116 -                Rank 1 : false
2025-07-28 17:08:28,431 [INFO] ADCParametersView:116 -                Rank 1 : false
2025-07-28 17:08:28,431 [INFO] ADCParametersView:116 -                Rank 1 : false
2025-07-28 17:08:28,431 [INFO] ADCParametersView:116 -                Rank 1 : false
2025-07-28 17:08:28,431 [INFO] ADCParametersView:116 -                Rank 1 : false
2025-07-28 17:08:28,514 [INFO] ADCParametersView:116 -                Rank 1 : false
2025-07-28 17:08:28,618 [INFO] ADCParametersView:116 -                Rank 1 : false
2025-07-28 17:08:28,618 [INFO] ADCParametersView:116 -                Rank 1 : false
2025-07-28 17:08:28,618 [INFO] ADCParametersView:116 -                Rank 1 : false
2025-07-28 17:08:28,618 [INFO] ADCParametersView:116 -                Rank 1 : false
2025-07-28 17:08:28,618 [INFO] ADCParametersView:116 -                Rank 1 : false
2025-07-28 17:08:28,618 [INFO] ADCParametersView:116 -                Rank 1 : false
2025-07-28 17:08:28,618 [INFO] ADCParametersView:116 -                Rank 1 : false
2025-07-28 17:08:28,618 [INFO] ADCParametersView:116 -                Rank 1 : false
2025-07-28 17:08:28,619 [INFO] ADCParametersView:116 -                Rank 1 : false
2025-07-28 17:08:28,619 [INFO] ADCParametersView:116 -                Rank 1 : false
2025-07-28 17:08:28,619 [INFO] ADCParametersView:116 -                Rank 1 : false
2025-07-28 17:08:28,619 [INFO] ADCParametersView:116 -                Rank 1 : false
2025-07-28 17:08:28,619 [INFO] ADCParametersView:116 -                Rank 1 : false
2025-07-28 17:08:28,619 [INFO] ADCParametersView:116 -                Rank 1 : false
2025-07-28 17:08:28,619 [INFO] ADCParametersView:116 -                Rank 1 : false
2025-07-28 17:08:28,619 [INFO] ADCParametersView:116 -                Rank 1 : false
2025-07-28 17:08:28,619 [INFO] ADCParametersView:116 -                Rank 1 : false
2025-07-28 17:08:28,619 [INFO] ADCParametersView:116 -                Rank 1 : false
2025-07-28 17:08:28,620 [INFO] ADCParametersView:116 -                Rank 1 : false
2025-07-28 17:08:28,620 [INFO] ADCParametersView:116 -                Rank 1 : false
2025-07-28 17:08:28,698 [INFO] ADCParametersView:116 -                Rank 1 : false
2025-07-28 17:08:28,987 [INFO] ADCParametersView:116 -                Rank 1 : false
2025-07-28 17:08:28,987 [INFO] ADCParametersView:116 -                Rank 1 : false
2025-07-28 17:08:28,987 [INFO] ADCParametersView:116 -                Rank 1 : false
2025-07-28 17:08:28,987 [INFO] ADCParametersView:116 -                Rank 1 : false
2025-07-28 17:08:28,987 [INFO] ADCParametersView:116 -                Rank 1 : false
2025-07-28 17:08:28,988 [INFO] ADCParametersView:116 -                Rank 1 : false
2025-07-28 17:08:28,988 [INFO] ADCParametersView:116 -                Rank 1 : false
2025-07-28 17:08:28,988 [INFO] ADCParametersView:116 -                Rank 1 : false
2025-07-28 17:08:28,988 [INFO] ADCParametersView:116 -                Rank 1 : false
2025-07-28 17:08:28,988 [INFO] ADCParametersView:116 -                Rank 1 : false
2025-07-28 17:08:28,988 [INFO] ADCParametersView:116 -                Rank 1 : false
2025-07-28 17:08:28,988 [INFO] ADCParametersView:116 -                Rank 1 : false
2025-07-28 17:08:28,988 [INFO] ADCParametersView:116 -                Rank 1 : false
2025-07-28 17:08:28,988 [INFO] ADCParametersView:116 -                Rank 1 : false
2025-07-28 17:08:28,988 [INFO] ADCParametersView:116 -                Rank 1 : false
2025-07-28 17:08:28,988 [INFO] ADCParametersView:116 -                Rank 1 : false
2025-07-28 17:08:28,988 [INFO] ADCParametersView:116 -                Rank 1 : false
2025-07-28 17:08:28,988 [INFO] ADCParametersView:116 -                Rank 1 : false
2025-07-28 17:08:28,988 [INFO] ADCParametersView:116 -                Rank 1 : false
2025-07-28 17:08:28,988 [INFO] ADCParametersView:116 -                Rank 1 : false
2025-07-28 17:08:29,063 [INFO] ADCParametersView:116 -                Rank 1 : false
2025-07-28 17:08:29,157 [INFO] ADCParametersView:116 -                Rank 1 : false
2025-07-28 17:08:29,157 [INFO] ADCParametersView:116 -                Rank 1 : false
2025-07-28 17:08:29,157 [INFO] ADCParametersView:116 -                Rank 1 : false
2025-07-28 17:08:29,157 [INFO] ADCParametersView:116 -                Rank 1 : false
2025-07-28 17:08:29,157 [INFO] ADCParametersView:116 -                Rank 1 : false
2025-07-28 17:08:29,157 [INFO] ADCParametersView:116 -                Rank 1 : false
2025-07-28 17:08:29,157 [INFO] ADCParametersView:116 -                Rank 1 : false
2025-07-28 17:08:29,157 [INFO] ADCParametersView:116 -                Rank 1 : false
2025-07-28 17:08:29,157 [INFO] ADCParametersView:116 -                Rank 1 : false
2025-07-28 17:08:29,157 [INFO] ADCParametersView:116 -                Rank 1 : false
2025-07-28 17:08:29,157 [INFO] ADCParametersView:116 -                Rank 1 : false
2025-07-28 17:08:29,157 [INFO] ADCParametersView:116 -                Rank 1 : false
2025-07-28 17:08:29,157 [INFO] ADCParametersView:116 -                Rank 1 : false
2025-07-28 17:08:29,157 [INFO] ADCParametersView:116 -                Rank 1 : false
2025-07-28 17:08:29,157 [INFO] ADCParametersView:116 -                Rank 1 : false
2025-07-28 17:08:29,157 [INFO] ADCParametersView:116 -                Rank 1 : false
2025-07-28 17:08:29,158 [INFO] ADCParametersView:116 -                Rank 1 : false
2025-07-28 17:08:29,158 [INFO] ADCParametersView:116 -                Rank 1 : false
2025-07-28 17:08:29,158 [INFO] ADCParametersView:116 -                Rank 1 : false
2025-07-28 17:08:29,158 [INFO] ADCParametersView:116 -                Rank 1 : false
2025-07-28 17:08:29,237 [INFO] ADCParametersView:116 -                Rank 1 : false
2025-07-28 17:08:41,086 [INFO] ParamManager:905 - [Generic UI] PropertyChangeEvent: TAB_STATUS_CHANGED , "dont care", "never mind"
2025-07-28 17:08:41,100 [INFO] ParamManager:905 - [Generic UI] PropertyChangeEvent: TAB_STATUS_CHANGED , "dont care", "never mind"
2025-07-28 17:08:41,101 [INFO] ADCParametersView:116 -                Rank 1 : false
2025-07-28 17:08:41,134 [INFO] ADCParametersView:116 -                Rank 1 : false
2025-07-28 17:08:41,134 [INFO] ADCParametersView:116 -                Rank 1 : false
2025-07-28 17:08:41,134 [INFO] ADCParametersView:116 -                Rank 1 : false
2025-07-28 17:08:41,134 [INFO] ADCParametersView:116 -                Rank 1 : false
2025-07-28 17:08:41,134 [INFO] ADCParametersView:116 -                Rank 1 : false
2025-07-28 17:08:41,134 [INFO] ADCParametersView:116 -                Rank 1 : false
2025-07-28 17:08:41,134 [INFO] ADCParametersView:116 -                Rank 1 : false
2025-07-28 17:08:41,134 [INFO] ADCParametersView:116 -                Rank 1 : false
2025-07-28 17:08:41,134 [INFO] ADCParametersView:116 -                Rank 1 : false
2025-07-28 17:08:41,134 [INFO] ADCParametersView:116 -                Rank 1 : false
2025-07-28 17:08:41,134 [INFO] ADCParametersView:116 -                Rank 1 : false
2025-07-28 17:08:41,134 [INFO] ADCParametersView:116 -                Rank 1 : false
2025-07-28 17:08:41,134 [INFO] ADCParametersView:116 -                Rank 1 : false
2025-07-28 17:08:41,134 [INFO] ADCParametersView:116 -                Rank 1 : false
2025-07-28 17:08:41,135 [INFO] ADCParametersView:116 -                Rank 1 : false
2025-07-28 17:08:41,135 [INFO] ADCParametersView:116 -                Rank 1 : false
2025-07-28 17:08:41,135 [INFO] ADCParametersView:116 -                Rank 1 : false
2025-07-28 17:08:41,135 [INFO] ADCParametersView:116 -                Rank 1 : false
2025-07-28 17:08:41,135 [INFO] ADCParametersView:116 -                Rank 1 : false
2025-07-28 17:08:41,135 [INFO] ADCParametersView:116 -                Rank 1 : false
2025-07-28 17:08:41,135 [INFO] ADCParametersView:116 -                Rank 1 : false
2025-07-28 17:08:41,143 [INFO] ADCParametersView:116 -                Rank 1 : false
2025-07-28 17:08:41,293 [INFO] NvicIntPanel:101 - NVIC parent = com.st.microxplorer.plugins.ip.nvic.MultiNvicIntPanel[,0,0,0x0,invalid,layout=javax.swing.BoxLayout,alignmentX=0.0,alignmentY=0.0,border=,flags=9,maximumSize=,minimumSize=,preferredSize=]
2025-07-28 17:08:41,469 [INFO] NvicIntPanel:101 - NVIC parent = com.st.microxplorer.plugins.ip.nvic.MultiNvicIntPanel[,0,0,0x0,invalid,layout=javax.swing.BoxLayout,alignmentX=0.0,alignmentY=0.0,border=,flags=9,maximumSize=,minimumSize=,preferredSize=]
2025-07-28 17:08:41,613 [INFO] NvicIntPanel:101 - NVIC parent = com.st.microxplorer.plugins.ip.nvic.MultiNvicIntPanel[,0,0,0x0,invalid,layout=javax.swing.BoxLayout,alignmentX=0.0,alignmentY=0.0,border=,flags=9,maximumSize=,minimumSize=,preferredSize=]
2025-07-28 17:08:41,760 [INFO] NvicIntPanel:101 - NVIC parent = com.st.microxplorer.plugins.ip.nvic.MultiNvicIntPanel[,0,0,0x0,invalid,layout=javax.swing.BoxLayout,alignmentX=0.0,alignmentY=0.0,border=,flags=9,maximumSize=,minimumSize=,preferredSize=]
2025-07-28 17:08:41,827 [INFO] ADCParametersView:116 -                Rank 1 : false
2025-07-28 17:08:41,828 [INFO] ADCParametersView:116 -                Rank 1 : false
2025-07-28 17:08:41,828 [INFO] ADCParametersView:116 -                Rank 1 : false
2025-07-28 17:08:41,828 [INFO] ADCParametersView:116 -                Rank 1 : false
2025-07-28 17:08:41,828 [INFO] ADCParametersView:116 -                Rank 1 : false
2025-07-28 17:08:41,828 [INFO] ADCParametersView:116 -                Rank 1 : false
2025-07-28 17:08:41,828 [INFO] ADCParametersView:116 -                Rank 1 : false
2025-07-28 17:08:41,828 [INFO] ADCParametersView:116 -                Rank 1 : false
2025-07-28 17:08:41,828 [INFO] ADCParametersView:116 -                Rank 1 : false
2025-07-28 17:08:41,828 [INFO] ADCParametersView:116 -                Rank 1 : false
2025-07-28 17:08:41,828 [INFO] ADCParametersView:116 -                Rank 1 : false
2025-07-28 17:08:41,828 [INFO] ADCParametersView:116 -                Rank 1 : false
2025-07-28 17:08:41,828 [INFO] ADCParametersView:116 -                Rank 1 : false
2025-07-28 17:08:41,828 [INFO] ADCParametersView:116 -                Rank 1 : false
2025-07-28 17:08:41,828 [INFO] ADCParametersView:116 -                Rank 1 : false
2025-07-28 17:08:41,828 [INFO] ADCParametersView:116 -                Rank 1 : false
2025-07-28 17:08:41,828 [INFO] ADCParametersView:116 -                Rank 1 : false
2025-07-28 17:08:41,828 [INFO] ADCParametersView:116 -                Rank 1 : false
2025-07-28 17:08:41,828 [INFO] ADCParametersView:116 -                Rank 1 : false
2025-07-28 17:08:41,828 [INFO] ADCParametersView:116 -                Rank 1 : false
2025-07-28 17:08:41,828 [INFO] ADCParametersView:116 -                Rank 1 : false
2025-07-28 17:08:41,924 [INFO] ADCParametersView:116 -                Rank 1 : false
2025-07-28 17:08:42,024 [INFO] ADCParametersView:116 -                Rank 1 : false
2025-07-28 17:08:42,024 [INFO] ADCParametersView:116 -                Rank 1 : false
2025-07-28 17:08:42,024 [INFO] ADCParametersView:116 -                Rank 1 : false
2025-07-28 17:08:42,024 [INFO] ADCParametersView:116 -                Rank 1 : false
2025-07-28 17:08:42,024 [INFO] ADCParametersView:116 -                Rank 1 : false
2025-07-28 17:08:42,024 [INFO] ADCParametersView:116 -                Rank 1 : false
2025-07-28 17:08:42,024 [INFO] ADCParametersView:116 -                Rank 1 : false
2025-07-28 17:08:42,024 [INFO] ADCParametersView:116 -                Rank 1 : false
2025-07-28 17:08:42,024 [INFO] ADCParametersView:116 -                Rank 1 : false
2025-07-28 17:08:42,025 [INFO] ADCParametersView:116 -                Rank 1 : false
2025-07-28 17:08:42,025 [INFO] ADCParametersView:116 -                Rank 1 : false
2025-07-28 17:08:42,025 [INFO] ADCParametersView:116 -                Rank 1 : false
2025-07-28 17:08:42,025 [INFO] ADCParametersView:116 -                Rank 1 : false
2025-07-28 17:08:42,025 [INFO] ADCParametersView:116 -                Rank 1 : false
2025-07-28 17:08:42,025 [INFO] ADCParametersView:116 -                Rank 1 : false
2025-07-28 17:08:42,025 [INFO] ADCParametersView:116 -                Rank 1 : false
2025-07-28 17:08:42,025 [INFO] ADCParametersView:116 -                Rank 1 : false
2025-07-28 17:08:42,025 [INFO] ADCParametersView:116 -                Rank 1 : false
2025-07-28 17:08:42,025 [INFO] ADCParametersView:116 -                Rank 1 : false
2025-07-28 17:08:42,025 [INFO] ADCParametersView:116 -                Rank 1 : false
2025-07-28 17:08:42,025 [INFO] ADCParametersView:116 -                Rank 1 : false
2025-07-28 17:08:42,102 [INFO] ADCParametersView:116 -                Rank 1 : false
2025-07-28 17:11:40,681 [INFO] ADCParametersView:116 -                Rank 1 : false
2025-07-28 17:11:40,681 [INFO] ADCParametersView:116 -                Rank 1 : false
2025-07-28 17:11:40,681 [INFO] ADCParametersView:116 -                Rank 1 : false
2025-07-28 17:11:40,681 [INFO] ADCParametersView:116 -                Rank 1 : false
2025-07-28 17:11:40,681 [INFO] ADCParametersView:116 -                Rank 1 : false
2025-07-28 17:11:40,681 [INFO] ADCParametersView:116 -                Rank 1 : false
2025-07-28 17:11:40,681 [INFO] ADCParametersView:116 -                Rank 1 : false
2025-07-28 17:11:40,681 [INFO] ADCParametersView:116 -                Rank 1 : false
2025-07-28 17:11:40,681 [INFO] ADCParametersView:116 -                Rank 1 : false
2025-07-28 17:11:40,681 [INFO] ADCParametersView:116 -                Rank 1 : false
2025-07-28 17:11:40,681 [INFO] ADCParametersView:116 -                Rank 1 : false
2025-07-28 17:11:40,681 [INFO] ADCParametersView:116 -                Rank 1 : false
2025-07-28 17:11:40,681 [INFO] ADCParametersView:116 -                Rank 1 : false
2025-07-28 17:11:40,681 [INFO] ADCParametersView:116 -                Rank 1 : false
2025-07-28 17:11:40,681 [INFO] ADCParametersView:116 -                Rank 1 : false
2025-07-28 17:11:40,681 [INFO] ADCParametersView:116 -                Rank 1 : false
2025-07-28 17:11:40,681 [INFO] ADCParametersView:116 -                Rank 1 : false
2025-07-28 17:11:40,681 [INFO] ADCParametersView:116 -                Rank 1 : false
2025-07-28 17:11:40,681 [INFO] ADCParametersView:116 -                Rank 1 : false
2025-07-28 17:11:40,681 [INFO] ADCParametersView:116 -                Rank 1 : false
2025-07-28 17:11:40,682 [INFO] ADCParametersView:116 -                Rank 1 : false
2025-07-28 17:11:40,765 [INFO] ADCParametersView:116 -                Rank 1 : false
2025-07-28 17:11:51,303 [INFO] Gpio:278 - dependency for GPIO [ADC1, ADC3, I2C2, TIM1, UART5, UART8, USART2]
2025-07-28 17:13:04,368 [INFO] UtilMem:75 - End SaveConfig() Used Memory: 865621832 Bytes (1073741824)
2025-07-28 17:13:04,486 [INFO] UtilMem:75 - End SaveConfig() Used Memory: 888660912 Bytes (1073741824)
2025-07-28 17:13:05,477 [INFO] UtilMem:75 - End SaveConfig() Used Memory: 501759248 Bytes (1073741824)
2025-07-28 17:13:05,991 [INFO] ProjectBuilder:2380 - IP not ready for code generation: Clock
2025-07-28 17:13:06,269 [ERROR] IocParser:95 - Exception caught: null
2025-07-28 17:13:07,546 [INFO] BlockDiagram:2775 - set Specific Code input for plugin: FREERTOS
2025-07-28 17:13:07,546 [INFO] BlockDiagram:2775 - set Specific Code input for plugin: RCC
2025-07-28 17:13:07,546 [INFO] BlockDiagram:2775 - set Specific Code input for plugin: I2C
2025-07-28 17:13:07,546 [INFO] BlockDiagram:2775 - set Specific Code input for plugin: USART
2025-07-28 17:13:07,546 [INFO] BlockDiagram:2775 - set Specific Code input for plugin: TIM1_8H7
2025-07-28 17:13:07,546 [INFO] BlockDiagram:2775 - set Specific Code input for plugin: SYS
2025-07-28 17:13:07,546 [INFO] BlockDiagram:2775 - set Specific Code input for plugin: ADC
2025-07-28 17:13:07,546 [INFO] BlockDiagram:2775 - set Specific Code input for plugin: ADC
2025-07-28 17:13:07,546 [INFO] BlockDiagram:2775 - set Specific Code input for plugin: NVIC2
2025-07-28 17:13:07,546 [INFO] BlockDiagram:2775 - set Specific Code input for plugin: UART
2025-07-28 17:13:07,546 [INFO] BlockDiagram:2775 - set Specific Code input for plugin: UART
2025-07-28 17:13:07,546 [INFO] BlockDiagram:2775 - set Specific Code input for plugin: GPIO
2025-07-28 17:13:07,546 [INFO] BlockDiagram:2775 - set Specific Code input for plugin: SYS_M4
2025-07-28 17:13:07,546 [INFO] BlockDiagram:2775 - set Specific Code input for plugin: NUCLEO-H755ZI-Q
2025-07-28 17:13:07,546 [INFO] BlockDiagram:2775 - set Specific Code input for plugin: NVIC1
2025-07-28 17:13:07,547 [INFO] CodeGenerator:892 - code generatio: config db path: C:\ST\STM32CubeIDE_1.19.0\STM32CubeIDE\plugins\com.st.stm32cube.common.mx_6.15.0.202507011659\\db\
2025-07-28 17:13:07,607 [ERROR] CodeGenerator:10662 - The current RTOS owner has not been found in the list of IPs
2025-07-28 17:13:07,608 [INFO] CodeGenerator:1619 - *******************Project context M7 selected
2025-07-28 17:13:07,662 [INFO] CodeEngine:265 - oldGeneratedFile, C:\Users\nicks\STM32CubeIDE\workspace_1.19.0\AFR\AFR_SENSORS\MXTmpFiles\license.tmp_save
2025-07-28 17:13:07,886 [INFO] CodeEngine:289 - Generated code: C:\Users\nicks\STM32CubeIDE\workspace_1.19.0\AFR\AFR_SENSORS\MXTmpFiles\license.tmp
2025-07-28 17:13:07,968 [INFO] CodeEngine:265 - oldGeneratedFile, C:\Users\nicks\STM32CubeIDE\workspace_1.19.0\AFR\AFR_SENSORS\CM7\MXTmpFiles\gpio.tmp_save
2025-07-28 17:13:08,081 [INFO] CodeEngine:289 - Generated code: C:\Users\nicks\STM32CubeIDE\workspace_1.19.0\AFR\AFR_SENSORS\CM7\MXTmpFiles\gpio.tmp
2025-07-28 17:13:08,405 [WARN] IPConfigManager:103 - WARNING: Missing Config File for NVIC1 ip!!
2025-07-28 17:13:08,601 [ERROR] CodeGenerator:10662 - The current RTOS owner has not been found in the list of IPs
2025-07-28 17:13:08,609 [INFO] CodeEngine:265 - oldGeneratedFile, C:\Users\nicks\STM32CubeIDE\workspace_1.19.0\AFR\AFR_SENSORS\CM7\MXTmpFiles\cortex.tmp_save
2025-07-28 17:13:08,667 [INFO] CodeEngine:289 - Generated code: C:\Users\nicks\STM32CubeIDE\workspace_1.19.0\AFR\AFR_SENSORS\CM7\MXTmpFiles\cortex.tmp
2025-07-28 17:13:08,690 [INFO] Middleware:1452 - No code input for Bsp Dependency
2025-07-28 17:13:08,697 [INFO] CodeEngine:265 - oldGeneratedFile, C:\Users\nicks\STM32CubeIDE\workspace_1.19.0\AFR\AFR_SENSORS\CM7\MXTmpFiles\rtos_inc.tmp_save
2025-07-28 17:13:08,740 [INFO] CodeEngine:289 - Generated code: C:\Users\nicks\STM32CubeIDE\workspace_1.19.0\AFR\AFR_SENSORS\CM7\MXTmpFiles\rtos_inc.tmp
2025-07-28 17:13:08,745 [INFO] CodeEngine:265 - oldGeneratedFile, C:\Users\nicks\STM32CubeIDE\workspace_1.19.0\AFR\AFR_SENSORS\CM7\MXTmpFiles\rtos_kernelInit.tmp_save
2025-07-28 17:13:08,788 [INFO] CodeEngine:289 - Generated code: C:\Users\nicks\STM32CubeIDE\workspace_1.19.0\AFR\AFR_SENSORS\CM7\MXTmpFiles\rtos_kernelInit.tmp
2025-07-28 17:13:08,793 [INFO] CodeEngine:265 - oldGeneratedFile, C:\Users\nicks\STM32CubeIDE\workspace_1.19.0\AFR\AFR_SENSORS\CM7\MXTmpFiles\rtos_kernelStart.tmp_save
2025-07-28 17:13:08,837 [INFO] CodeEngine:289 - Generated code: C:\Users\nicks\STM32CubeIDE\workspace_1.19.0\AFR\AFR_SENSORS\CM7\MXTmpFiles\rtos_kernelStart.tmp
2025-07-28 17:13:08,841 [INFO] CodeEngine:265 - oldGeneratedFile, C:\Users\nicks\STM32CubeIDE\workspace_1.19.0\AFR\AFR_SENSORS\CM7\MXTmpFiles\rtos_typedefs.tmp_save
2025-07-28 17:13:08,884 [INFO] CodeEngine:289 - Generated code: C:\Users\nicks\STM32CubeIDE\workspace_1.19.0\AFR\AFR_SENSORS\CM7\MXTmpFiles\rtos_typedefs.tmp
2025-07-28 17:13:08,889 [INFO] CodeEngine:265 - oldGeneratedFile, C:\Users\nicks\STM32CubeIDE\workspace_1.19.0\AFR\AFR_SENSORS\CM7\MXTmpFiles\rtos_vars.tmp_save
2025-07-28 17:13:08,934 [INFO] CodeEngine:289 - Generated code: C:\Users\nicks\STM32CubeIDE\workspace_1.19.0\AFR\AFR_SENSORS\CM7\MXTmpFiles\rtos_vars.tmp
2025-07-28 17:13:08,939 [INFO] CodeEngine:265 - oldGeneratedFile, C:\Users\nicks\STM32CubeIDE\workspace_1.19.0\AFR\AFR_SENSORS\CM7\MXTmpFiles\rtos_pfp.tmp_save
2025-07-28 17:13:08,980 [INFO] CodeEngine:289 - Generated code: C:\Users\nicks\STM32CubeIDE\workspace_1.19.0\AFR\AFR_SENSORS\CM7\MXTmpFiles\rtos_pfp.tmp
2025-07-28 17:13:08,985 [INFO] CodeEngine:265 - oldGeneratedFile, C:\Users\nicks\STM32CubeIDE\workspace_1.19.0\AFR\AFR_SENSORS\CM7\MXTmpFiles\rtos_obj_creat.tmp_save
2025-07-28 17:13:09,027 [INFO] CodeEngine:289 - Generated code: C:\Users\nicks\STM32CubeIDE\workspace_1.19.0\AFR\AFR_SENSORS\CM7\MXTmpFiles\rtos_obj_creat.tmp
2025-07-28 17:13:09,032 [INFO] CodeEngine:265 - oldGeneratedFile, C:\Users\nicks\STM32CubeIDE\workspace_1.19.0\AFR\AFR_SENSORS\CM7\MXTmpFiles\rtos_default_thread.tmp_save
2025-07-28 17:13:09,074 [INFO] CodeEngine:289 - Generated code: C:\Users\nicks\STM32CubeIDE\workspace_1.19.0\AFR\AFR_SENSORS\CM7\MXTmpFiles\rtos_default_thread.tmp
2025-07-28 17:13:09,079 [INFO] CodeEngine:265 - oldGeneratedFile, C:\Users\nicks\STM32CubeIDE\workspace_1.19.0\AFR\AFR_SENSORS\CM7\MXTmpFiles\rtos_threads.tmp_save
2025-07-28 17:13:09,122 [INFO] CodeEngine:289 - Generated code: C:\Users\nicks\STM32CubeIDE\workspace_1.19.0\AFR\AFR_SENSORS\CM7\MXTmpFiles\rtos_threads.tmp
2025-07-28 17:13:09,128 [INFO] CodeEngine:265 - oldGeneratedFile, C:\Users\nicks\STM32CubeIDE\workspace_1.19.0\AFR\AFR_SENSORS\CM7\Core\Inc\FreeRTOSConfig.h_save
2025-07-28 17:13:09,186 [INFO] CodeEngine:289 - Generated code: C:\Users\nicks\STM32CubeIDE\workspace_1.19.0\AFR\AFR_SENSORS\CM7\Core\Inc\FreeRTOSConfig.h
2025-07-28 17:13:09,192 [INFO] CodeEngine:265 - oldGeneratedFile, C:\Users\nicks\STM32CubeIDE\workspace_1.19.0\AFR\AFR_SENSORS\CM7\Core\Src\freertos.c_save
2025-07-28 17:13:09,240 [INFO] CodeEngine:289 - Generated code: C:\Users\nicks\STM32CubeIDE\workspace_1.19.0\AFR\AFR_SENSORS\CM7\Core\Src\freertos.c
2025-07-28 17:13:09,286 [INFO] CodeEngine:265 - oldGeneratedFile, C:\Users\nicks\STM32CubeIDE\workspace_1.19.0\AFR\AFR_SENSORS\CM7\Core\Inc\stm32h7xx_nucleo_conf.h_save
2025-07-28 17:13:09,336 [INFO] CodeEngine:289 - Generated code: C:\Users\nicks\STM32CubeIDE\workspace_1.19.0\AFR\AFR_SENSORS\CM7\Core\Inc\stm32h7xx_nucleo_conf.h
2025-07-28 17:13:09,341 [INFO] CodeEngine:265 - oldGeneratedFile, C:\Users\nicks\STM32CubeIDE\workspace_1.19.0\AFR\AFR_SENSORS\CM7\MXTmpFiles\bsp_inc.tmp_save
2025-07-28 17:13:09,382 [INFO] CodeEngine:289 - Generated code: C:\Users\nicks\STM32CubeIDE\workspace_1.19.0\AFR\AFR_SENSORS\CM7\MXTmpFiles\bsp_inc.tmp
2025-07-28 17:13:09,387 [INFO] CodeEngine:265 - oldGeneratedFile, C:\Users\nicks\STM32CubeIDE\workspace_1.19.0\AFR\AFR_SENSORS\CM7\MXTmpFiles\bsp_common_vars.tmp_save
2025-07-28 17:13:09,430 [INFO] CodeEngine:289 - Generated code: C:\Users\nicks\STM32CubeIDE\workspace_1.19.0\AFR\AFR_SENSORS\CM7\MXTmpFiles\bsp_common_vars.tmp
2025-07-28 17:13:09,435 [INFO] CodeEngine:265 - oldGeneratedFile, C:\Users\nicks\STM32CubeIDE\workspace_1.19.0\AFR\AFR_SENSORS\CM7\MXTmpFiles\bsp_common_init.tmp_save
2025-07-28 17:13:09,479 [INFO] CodeEngine:289 - Generated code: C:\Users\nicks\STM32CubeIDE\workspace_1.19.0\AFR\AFR_SENSORS\CM7\MXTmpFiles\bsp_common_init.tmp
2025-07-28 17:13:09,484 [INFO] CodeEngine:265 - oldGeneratedFile, C:\Users\nicks\STM32CubeIDE\workspace_1.19.0\AFR\AFR_SENSORS\CM7\MXTmpFiles\bsp_common_demo_before_while.tmp_save
2025-07-28 17:13:09,524 [INFO] CodeEngine:289 - Generated code: C:\Users\nicks\STM32CubeIDE\workspace_1.19.0\AFR\AFR_SENSORS\CM7\MXTmpFiles\bsp_common_demo_before_while.tmp
2025-07-28 17:13:09,529 [INFO] CodeEngine:265 - oldGeneratedFile, C:\Users\nicks\STM32CubeIDE\workspace_1.19.0\AFR\AFR_SENSORS\CM7\MXTmpFiles\bsp_common_demo_inside_while.tmp_save
2025-07-28 17:13:09,571 [INFO] CodeEngine:289 - Generated code: C:\Users\nicks\STM32CubeIDE\workspace_1.19.0\AFR\AFR_SENSORS\CM7\MXTmpFiles\bsp_common_demo_inside_while.tmp
2025-07-28 17:13:09,575 [INFO] CodeEngine:265 - oldGeneratedFile, C:\Users\nicks\STM32CubeIDE\workspace_1.19.0\AFR\AFR_SENSORS\CM7\MXTmpFiles\bsp_common_demo_fct.tmp_save
2025-07-28 17:13:09,615 [INFO] CodeEngine:289 - Generated code: C:\Users\nicks\STM32CubeIDE\workspace_1.19.0\AFR\AFR_SENSORS\CM7\MXTmpFiles\bsp_common_demo_fct.tmp
2025-07-28 17:13:09,637 [INFO] CodeEngine:265 - oldGeneratedFile, C:\Users\nicks\STM32CubeIDE\workspace_1.19.0\AFR\AFR_SENSORS\CM7\Core\Src\stm32h7xx_it.c_save
2025-07-28 17:13:09,756 [INFO] CodeEngine:289 - Generated code: C:\Users\nicks\STM32CubeIDE\workspace_1.19.0\AFR\AFR_SENSORS\CM7\Core\Src\stm32h7xx_it.c
2025-07-28 17:13:09,762 [INFO] CodeEngine:265 - oldGeneratedFile, C:\Users\nicks\STM32CubeIDE\workspace_1.19.0\AFR\AFR_SENSORS\CM7\Core\Inc\stm32h7xx_it.h_save
2025-07-28 17:13:09,811 [INFO] CodeEngine:289 - Generated code: C:\Users\nicks\STM32CubeIDE\workspace_1.19.0\AFR\AFR_SENSORS\CM7\Core\Inc\stm32h7xx_it.h
2025-07-28 17:13:09,920 [INFO] CodeEngine:265 - oldGeneratedFile, C:\Users\nicks\STM32CubeIDE\workspace_1.19.0\AFR\AFR_SENSORS\CM7\Core\Src\stm32h7xx_hal_msp.c_save
2025-07-28 17:13:10,006 [INFO] CodeEngine:289 - Generated code: C:\Users\nicks\STM32CubeIDE\workspace_1.19.0\AFR\AFR_SENSORS\CM7\Core\Src\stm32h7xx_hal_msp.c
2025-07-28 17:13:10,011 [INFO] CodeEngine:265 - oldGeneratedFile, C:\Users\nicks\STM32CubeIDE\workspace_1.19.0\AFR\AFR_SENSORS\CM7\MXTmpFiles\system.tmp_save
2025-07-28 17:13:10,055 [INFO] CodeEngine:289 - Generated code: C:\Users\nicks\STM32CubeIDE\workspace_1.19.0\AFR\AFR_SENSORS\CM7\MXTmpFiles\system.tmp
2025-07-28 17:13:10,066 [INFO] CodeEngine:321 - oldGeneratedFile, C:\Users\nicks\STM32CubeIDE\workspace_1.19.0\AFR\AFR_SENSORS\CM7\Core\Inc\stm32h7xx_hal_conf.h_save
2025-07-28 17:13:10,120 [INFO] CodeEngine:345 - Generated code: C:\Users\nicks\STM32CubeIDE\workspace_1.19.0\AFR\AFR_SENSORS\CM7\Core\Inc\stm32h7xx_hal_conf.h
2025-07-28 17:13:10,149 [WARN] IPConfigManager:3811 - IP not found : NVIC
2025-07-28 17:13:10,149 [WARN] IPConfigManager:3811 - IP not found : TIM
2025-07-28 17:13:10,150 [WARN] CodeGenerator:4259 - IP not found : null
2025-07-28 17:13:10,150 [WARN] CodeGenerator:4259 - IP not found : null
2025-07-28 17:13:10,158 [INFO] CodeEngine:265 - oldGeneratedFile, C:\Users\nicks\STM32CubeIDE\workspace_1.19.0\AFR\AFR_SENSORS\CM7\Core\Inc\main.h_save
2025-07-28 17:13:10,218 [INFO] CodeEngine:289 - Generated code: C:\Users\nicks\STM32CubeIDE\workspace_1.19.0\AFR\AFR_SENSORS\CM7\Core\Inc\main.h
2025-07-28 17:13:10,224 [INFO] CodeEngine:265 - oldGeneratedFile, C:\Users\nicks\STM32CubeIDE\workspace_1.19.0\AFR\AFR_SENSORS\CM7\Core\Src\main.c_save
2025-07-28 17:13:10,321 [INFO] CodeEngine:289 - Generated code: C:\Users\nicks\STM32CubeIDE\workspace_1.19.0\AFR\AFR_SENSORS\CM7\Core\Src\main.c
2025-07-28 17:13:10,370 [INFO] CodeGenerator:1619 - *******************Project context M4 selected
2025-07-28 17:13:10,422 [INFO] CodeEngine:265 - oldGeneratedFile, C:\Users\nicks\STM32CubeIDE\workspace_1.19.0\AFR\AFR_SENSORS\MXTmpFiles\license.tmp_save
2025-07-28 17:13:10,481 [INFO] CodeEngine:289 - Generated code: C:\Users\nicks\STM32CubeIDE\workspace_1.19.0\AFR\AFR_SENSORS\MXTmpFiles\license.tmp
2025-07-28 17:13:10,499 [INFO] CodeEngine:265 - oldGeneratedFile, C:\Users\nicks\STM32CubeIDE\workspace_1.19.0\AFR\AFR_SENSORS\CM4\MXTmpFiles\gpio.tmp_save
2025-07-28 17:13:10,540 [INFO] CodeEngine:289 - Generated code: C:\Users\nicks\STM32CubeIDE\workspace_1.19.0\AFR\AFR_SENSORS\CM4\MXTmpFiles\gpio.tmp
2025-07-28 17:13:10,615 [WARN] IPConfigManager:103 - WARNING: Missing Config File for NVIC2 ip!!
2025-07-28 17:13:10,678 [INFO] CodeEngine:265 - oldGeneratedFile, C:\Users\nicks\STM32CubeIDE\workspace_1.19.0\AFR\AFR_SENSORS\CM4\MXTmpFiles\cortex.tmp_save
2025-07-28 17:13:10,717 [INFO] CodeEngine:289 - Generated code: C:\Users\nicks\STM32CubeIDE\workspace_1.19.0\AFR\AFR_SENSORS\CM4\MXTmpFiles\cortex.tmp
2025-07-28 17:13:10,748 [INFO] CodeEngine:265 - oldGeneratedFile, C:\Users\nicks\STM32CubeIDE\workspace_1.19.0\AFR\AFR_SENSORS\CM4\Core\Inc\stm32h7xx_nucleo_conf.h_save
2025-07-28 17:13:10,793 [INFO] CodeEngine:289 - Generated code: C:\Users\nicks\STM32CubeIDE\workspace_1.19.0\AFR\AFR_SENSORS\CM4\Core\Inc\stm32h7xx_nucleo_conf.h
2025-07-28 17:13:10,797 [INFO] CodeEngine:265 - oldGeneratedFile, C:\Users\nicks\STM32CubeIDE\workspace_1.19.0\AFR\AFR_SENSORS\CM4\MXTmpFiles\bsp_inc.tmp_save
2025-07-28 17:13:10,837 [INFO] CodeEngine:289 - Generated code: C:\Users\nicks\STM32CubeIDE\workspace_1.19.0\AFR\AFR_SENSORS\CM4\MXTmpFiles\bsp_inc.tmp
2025-07-28 17:13:10,855 [INFO] CodeEngine:265 - oldGeneratedFile, C:\Users\nicks\STM32CubeIDE\workspace_1.19.0\AFR\AFR_SENSORS\CM4\Core\Src\stm32h7xx_it.c_save
2025-07-28 17:13:10,902 [INFO] CodeEngine:289 - Generated code: C:\Users\nicks\STM32CubeIDE\workspace_1.19.0\AFR\AFR_SENSORS\CM4\Core\Src\stm32h7xx_it.c
2025-07-28 17:13:10,908 [INFO] CodeEngine:265 - oldGeneratedFile, C:\Users\nicks\STM32CubeIDE\workspace_1.19.0\AFR\AFR_SENSORS\CM4\Core\Inc\stm32h7xx_it.h_save
2025-07-28 17:13:10,953 [INFO] CodeEngine:289 - Generated code: C:\Users\nicks\STM32CubeIDE\workspace_1.19.0\AFR\AFR_SENSORS\CM4\Core\Inc\stm32h7xx_it.h
2025-07-28 17:13:10,997 [INFO] CodeEngine:265 - oldGeneratedFile, C:\Users\nicks\STM32CubeIDE\workspace_1.19.0\AFR\AFR_SENSORS\CM4\Core\Src\stm32h7xx_hal_msp.c_save
2025-07-28 17:13:11,078 [INFO] CodeEngine:289 - Generated code: C:\Users\nicks\STM32CubeIDE\workspace_1.19.0\AFR\AFR_SENSORS\CM4\Core\Src\stm32h7xx_hal_msp.c
2025-07-28 17:13:11,083 [INFO] CodeEngine:265 - oldGeneratedFile, C:\Users\nicks\STM32CubeIDE\workspace_1.19.0\AFR\AFR_SENSORS\CM4\MXTmpFiles\system.tmp_save
2025-07-28 17:13:11,121 [INFO] CodeEngine:289 - Generated code: C:\Users\nicks\STM32CubeIDE\workspace_1.19.0\AFR\AFR_SENSORS\CM4\MXTmpFiles\system.tmp
2025-07-28 17:13:11,132 [INFO] CodeEngine:321 - oldGeneratedFile, C:\Users\nicks\STM32CubeIDE\workspace_1.19.0\AFR\AFR_SENSORS\CM4\Core\Inc\stm32h7xx_hal_conf.h_save
2025-07-28 17:13:11,177 [INFO] CodeEngine:345 - Generated code: C:\Users\nicks\STM32CubeIDE\workspace_1.19.0\AFR\AFR_SENSORS\CM4\Core\Inc\stm32h7xx_hal_conf.h
2025-07-28 17:13:11,191 [INFO] ApiDbMcu:532 - Load IP Config File for ADC1
2025-07-28 17:13:11,193 [WARN] IPConfigManager:3811 - IP not found : NVIC
2025-07-28 17:13:11,194 [WARN] CodeGenerator:4259 - IP not found : null
2025-07-28 17:13:11,201 [INFO] CodeEngine:265 - oldGeneratedFile, C:\Users\nicks\STM32CubeIDE\workspace_1.19.0\AFR\AFR_SENSORS\CM4\Core\Inc\main.h_save
2025-07-28 17:13:11,249 [INFO] CodeEngine:289 - Generated code: C:\Users\nicks\STM32CubeIDE\workspace_1.19.0\AFR\AFR_SENSORS\CM4\Core\Inc\main.h
2025-07-28 17:13:11,254 [INFO] CodeEngine:265 - oldGeneratedFile, C:\Users\nicks\STM32CubeIDE\workspace_1.19.0\AFR\AFR_SENSORS\CM4\Core\Src\main.c_save
2025-07-28 17:13:11,320 [INFO] CodeEngine:289 - Generated code: C:\Users\nicks\STM32CubeIDE\workspace_1.19.0\AFR\AFR_SENSORS\CM4\Core\Src\main.c
2025-07-28 17:13:11,729 [INFO] ProjectBuilder:3606 - Time for Copy HAL[1] : 239mS.
2025-07-28 17:13:11,743 [INFO] ProjectBuilder:5216 - Project Generator version: 4.7.0-B52
2025-07-28 17:13:11,802 [INFO] ConfigFileManager:1595 - The Die is : DIE450
2025-07-28 17:13:17,494 [INFO] ProjectBuilder:5496 - Time for Generating toolchain IDE Files: 5751mS.
2025-07-28 17:13:17,495 [INFO] ProjectBuilder:3463 - Time for Copy CMSIS : 1mS.
2025-07-28 17:13:17,500 [INFO] ProjectBuilder:3463 - Time for Copy CMSIS : 0mS.
2025-07-28 17:13:28,697 [ERROR] LogOutputStream:75 - [STDERR_REDIRECT] Exception in thread "AWT-EventQueue-0" java.lang.ClassCastException: class sun.awt.windows.WEmbeddedFrame cannot be cast to class javax.swing.JFrame (sun.awt.windows.WEmbeddedFrame and javax.swing.JFrame are in module java.desktop of loader 'bootstrap')
2025-07-28 17:13:28,698 [ERROR] LogOutputStream:75 - [STDERR_REDIRECT] 	at com.st.microxplorer.plugins.clock.ClockConfigurationView.activatePlugin(ClockConfigurationView.java:424)
2025-07-28 17:13:28,699 [ERROR] LogOutputStream:75 - [STDERR_REDIRECT] 	at com.st.microxplorer.maingui.MainPanel$1.stateChanged(MainPanel.java:385)
2025-07-28 17:13:28,699 [ERROR] LogOutputStream:75 - [STDERR_REDIRECT] 	at java.desktop/javax.swing.JTabbedPane.fireStateChanged(JTabbedPane.java:446)
2025-07-28 17:13:28,700 [ERROR] LogOutputStream:75 - [STDERR_REDIRECT] 	at java.desktop/javax.swing.JTabbedPane$ModelListener.stateChanged(JTabbedPane.java:297)
2025-07-28 17:13:28,701 [ERROR] LogOutputStream:75 - [STDERR_REDIRECT] 	at java.desktop/javax.swing.DefaultSingleSelectionModel.fireStateChanged(DefaultSingleSelectionModel.java:148)
2025-07-28 17:13:28,702 [ERROR] LogOutputStream:75 - [STDERR_REDIRECT] 	at java.desktop/javax.swing.DefaultSingleSelectionModel.setSelectedIndex(DefaultSingleSelectionModel.java:79)
2025-07-28 17:13:28,702 [ERROR] LogOutputStream:75 - [STDERR_REDIRECT] 	at java.desktop/javax.swing.JTabbedPane.setSelectedIndexImpl(JTabbedPane.java:650)
2025-07-28 17:13:28,703 [ERROR] LogOutputStream:75 - [STDERR_REDIRECT] 	at java.desktop/javax.swing.JTabbedPane.setSelectedIndex(JTabbedPane.java:625)
2025-07-28 17:13:28,704 [ERROR] LogOutputStream:75 - [STDERR_REDIRECT] 	at java.desktop/javax.swing.plaf.basic.BasicTabbedPaneUI$Handler.mousePressed(BasicTabbedPaneUI.java:4140)
2025-07-28 17:13:28,704 [ERROR] LogOutputStream:75 - [STDERR_REDIRECT] 	at java.desktop/java.awt.Component.processMouseEvent(Component.java:6618)
2025-07-28 17:13:28,705 [ERROR] LogOutputStream:75 - [STDERR_REDIRECT] 	at java.desktop/javax.swing.JComponent.processMouseEvent(JComponent.java:3398)
2025-07-28 17:13:28,705 [ERROR] LogOutputStream:75 - [STDERR_REDIRECT] 	at java.desktop/java.awt.Component.processEvent(Component.java:6386)
2025-07-28 17:13:28,706 [ERROR] LogOutputStream:75 - [STDERR_REDIRECT] 	at java.desktop/java.awt.Container.processEvent(Container.java:2266)
2025-07-28 17:13:28,706 [ERROR] LogOutputStream:75 - [STDERR_REDIRECT] 	at java.desktop/java.awt.Component.dispatchEventImpl(Component.java:4996)
2025-07-28 17:13:28,707 [ERROR] LogOutputStream:75 - [STDERR_REDIRECT] 	at java.desktop/java.awt.Container.dispatchEventImpl(Container.java:2324)
2025-07-28 17:13:28,707 [ERROR] LogOutputStream:75 - [STDERR_REDIRECT] 	at java.desktop/java.awt.Component.dispatchEvent(Component.java:4828)
2025-07-28 17:13:28,708 [ERROR] LogOutputStream:75 - [STDERR_REDIRECT] 	at java.desktop/java.awt.LightweightDispatcher.retargetMouseEvent(Container.java:4948)
2025-07-28 17:13:28,708 [ERROR] LogOutputStream:75 - [STDERR_REDIRECT] 	at java.desktop/java.awt.LightweightDispatcher.processMouseEvent(Container.java:4572)
2025-07-28 17:13:28,709 [ERROR] LogOutputStream:75 - [STDERR_REDIRECT] 	at java.desktop/java.awt.LightweightDispatcher.dispatchEvent(Container.java:4516)
2025-07-28 17:13:28,709 [ERROR] LogOutputStream:75 - [STDERR_REDIRECT] 	at java.desktop/java.awt.Container.dispatchEventImpl(Container.java:2310)
2025-07-28 17:13:28,710 [ERROR] LogOutputStream:75 - [STDERR_REDIRECT] 	at java.desktop/java.awt.Component.dispatchEvent(Component.java:4828)
2025-07-28 17:13:28,710 [ERROR] LogOutputStream:75 - [STDERR_REDIRECT] 	at java.desktop/java.awt.EventQueue.dispatchEventImpl(EventQueue.java:775)
2025-07-28 17:13:28,711 [ERROR] LogOutputStream:75 - [STDERR_REDIRECT] 	at java.desktop/java.awt.EventQueue$4.run(EventQueue.java:720)
2025-07-28 17:13:28,711 [ERROR] LogOutputStream:75 - [STDERR_REDIRECT] 	at java.desktop/java.awt.EventQueue$4.run(EventQueue.java:714)
2025-07-28 17:13:28,712 [ERROR] LogOutputStream:75 - [STDERR_REDIRECT] 	at java.base/java.security.AccessController.doPrivileged(AccessController.java:400)
2025-07-28 17:13:28,713 [ERROR] LogOutputStream:75 - [STDERR_REDIRECT] 	at java.base/java.security.ProtectionDomain$JavaSecurityAccessImpl.doIntersectionPrivilege(ProtectionDomain.java:87)
2025-07-28 17:13:28,713 [ERROR] LogOutputStream:75 - [STDERR_REDIRECT] 	at java.base/java.security.ProtectionDomain$JavaSecurityAccessImpl.doIntersectionPrivilege(ProtectionDomain.java:98)
2025-07-28 17:13:28,714 [ERROR] LogOutputStream:75 - [STDERR_REDIRECT] 	at java.desktop/java.awt.EventQueue$5.run(EventQueue.java:747)
2025-07-28 17:13:28,714 [ERROR] LogOutputStream:75 - [STDERR_REDIRECT] 	at java.desktop/java.awt.EventQueue$5.run(EventQueue.java:745)
2025-07-28 17:13:28,715 [ERROR] LogOutputStream:75 - [STDERR_REDIRECT] 	at java.base/java.security.AccessController.doPrivileged(AccessController.java:400)
2025-07-28 17:13:28,716 [ERROR] LogOutputStream:75 - [STDERR_REDIRECT] 	at java.base/java.security.ProtectionDomain$JavaSecurityAccessImpl.doIntersectionPrivilege(ProtectionDomain.java:87)
2025-07-28 17:13:28,716 [ERROR] LogOutputStream:75 - [STDERR_REDIRECT] 	at java.desktop/java.awt.EventQueue.dispatchEvent(EventQueue.java:744)
2025-07-28 17:13:28,717 [ERROR] LogOutputStream:75 - [STDERR_REDIRECT] 	at java.desktop/java.awt.EventDispatchThread.pumpOneEventForFilters(EventDispatchThread.java:203)
2025-07-28 17:13:28,717 [ERROR] LogOutputStream:75 - [STDERR_REDIRECT] 	at java.desktop/java.awt.EventDispatchThread.pumpEventsForFilter(EventDispatchThread.java:124)
2025-07-28 17:13:28,718 [ERROR] LogOutputStream:75 - [STDERR_REDIRECT] 	at java.desktop/java.awt.EventDispatchThread.pumpEventsForHierarchy(EventDispatchThread.java:113)
2025-07-28 17:13:28,719 [ERROR] LogOutputStream:75 - [STDERR_REDIRECT] 	at java.desktop/java.awt.EventDispatchThread.pumpEvents(EventDispatchThread.java:109)
2025-07-28 17:13:28,719 [ERROR] LogOutputStream:75 - [STDERR_REDIRECT] 	at java.desktop/java.awt.EventDispatchThread.pumpEvents(EventDispatchThread.java:101)
2025-07-28 17:13:28,720 [ERROR] LogOutputStream:75 - [STDERR_REDIRECT] 	at java.desktop/java.awt.EventDispatchThread.run(EventDispatchThread.java:90)
2025-07-28 17:13:40,687 [INFO] I2cTimingTraitement:330 - 0x00909BEB
2025-07-28 17:13:40,782 [INFO] Gpio:278 - dependency for GPIO [ADC1, ADC3, I2C2, TIM1, UART5, UART8, USART2]
2025-07-28 17:13:41,058 [INFO] Gpio:278 - dependency for GPIO [ADC1, ADC3, I2C2, TIM1, UART5, UART8, USART2]
2025-07-28 17:13:41,180 [INFO] Gpio:278 - dependency for GPIO [ADC1, ADC3, I2C2, TIM1, UART5, UART8, USART2]
2025-07-28 17:13:41,275 [INFO] Gpio:278 - dependency for GPIO [ADC1, ADC3, I2C2, TIM1, UART5, UART8, USART2]
2025-07-28 17:16:45,074 [INFO] MainUpdater:2872 - connection check result : 10
2025-07-28 17:16:45,074 [INFO] MainUpdater:2872 - connection check result : 10
2025-07-28 17:16:45,082 [ERROR] IocParser:95 - Exception caught: null
2025-07-28 17:16:45,131 [INFO] I2cTimingTraitement:330 - 0x00909BEB
2025-07-28 17:16:45,141 [INFO] MicroXplorer:468 - Change Database Path : 
2025-07-28 17:16:45,141 [INFO] MicroXplorer:498 - Change Database Version : DB.6.0.150
2025-07-28 17:16:45,155 [ERROR] ProjectManagerView:395 - 
java.lang.NullPointerException: Cannot invoke "javax.swing.JTextField.getText()" because the return value of "java.util.List.get(int)" is null
	at com.st.microxplorer.plugins.projectmanager.gui.ProjectChoiceTab$9.caretUpdate(ProjectChoiceTab.java:2706) ~[filemanager.jar:?]
	at javax.swing.text.JTextComponent.fireCaretUpdate(JTextComponent.java:408) ~[?:?]
	at javax.swing.text.JTextComponent$MutableCaretEvent.fire(JTextComponent.java:4484) ~[?:?]
	at javax.swing.text.JTextComponent$MutableCaretEvent.stateChanged(JTextComponent.java:4506) ~[?:?]
	at javax.swing.text.DefaultCaret.fireStateChanged(DefaultCaret.java:857) ~[?:?]
	at javax.swing.text.DefaultCaret.changeCaretPosition(DefaultCaret.java:1343) ~[?:?]
	at javax.swing.text.DefaultCaret.handleSetDot(DefaultCaret.java:1242) ~[?:?]
	at javax.swing.text.DefaultCaret.setDot(DefaultCaret.java:1223) ~[?:?]
	at javax.swing.text.DefaultCaret$Handler.insertUpdate(DefaultCaret.java:1819) ~[?:?]
	at javax.swing.text.AbstractDocument.fireInsertUpdate(AbstractDocument.java:227) ~[?:?]
	at javax.swing.text.AbstractDocument.handleInsertString(AbstractDocument.java:781) ~[?:?]
	at javax.swing.text.AbstractDocument.insertString(AbstractDocument.java:740) ~[?:?]
	at javax.swing.text.PlainDocument.insertString(PlainDocument.java:131) ~[?:?]
	at javax.swing.text.AbstractDocument.replace(AbstractDocument.java:699) ~[?:?]
	at javax.swing.text.JTextComponent.setText(JTextComponent.java:1725) ~[?:?]
	at com.st.microxplorer.plugins.projectmanager.gui.ProjectChoiceTab.createHeapStackFields(ProjectChoiceTab.java:993) ~[filemanager.jar:?]
	at com.st.microxplorer.plugins.projectmanager.gui.ProjectChoiceTab.buildLinkSettingsPanel(ProjectChoiceTab.java:3813) ~[filemanager.jar:?]
	at com.st.microxplorer.plugins.projectmanager.gui.ProjectChoiceTab.defineWindowsFields(ProjectChoiceTab.java:1987) ~[filemanager.jar:?]
	at com.st.microxplorer.plugins.projectmanager.gui.ProjectChoiceTab.updateSettings(ProjectChoiceTab.java:558) ~[filemanager.jar:?]
	at com.st.microxplorer.plugins.projectmanager.gui.ProjectSettingsPanel.UpdateDialog(ProjectSettingsPanel.java:247) ~[filemanager.jar:?]
	at com.st.microxplorer.plugins.projectmanager.ProjectManagerView.propertyChange(ProjectManagerView.java:392) ~[filemanager.jar:?]
	at java.beans.PropertyChangeSupport.fire(PropertyChangeSupport.java:343) ~[?:?]
	at java.beans.PropertyChangeSupport.firePropertyChange(PropertyChangeSupport.java:335) ~[?:?]
	at java.beans.PropertyChangeSupport.firePropertyChange(PropertyChangeSupport.java:268) ~[?:?]
	at com.st.microxplorer.util.MXPropertyChangeSupport.firePropertyChange(MXPropertyChangeSupport.java:54) ~[STM32CubeMX.jar:?]
	at com.st.microxplorer.mxsystem.MxSystem.closeConfig(MxSystem.java:899) ~[STM32CubeMX.jar:?]
	at com.st.microxplorer.maingui.MainPanel.closeConfig(MainPanel.java:792) ~[STM32CubeMX.jar:?]
	at com.st.microxplorer.plugins.filemanager.engine.OpenFileManager.loadConfigurationFile(OpenFileManager.java:288) ~[filemanager.jar:?]
	at com.st.microxplorer.plugins.filemanager.engine.MainFileManager.userLoadConfig(MainFileManager.java:364) ~[filemanager.jar:?]
	at com.st.microxplorer.plugins.filemanager.engine.MainFileManager.userLoadConfig(MainFileManager.java:342) ~[filemanager.jar:?]
	at com.st.microxplorer.plugins.filemanager.FileManagerView.getSpecificTask(FileManagerView.java:264) ~[filemanager.jar:?]
	at com.st.stm32cube.common.mx.editor.CubeMxEditor.getMxTabbedPaneInstance(CubeMxEditor.java:1198) ~[com.st.stm32cube.common.mx_6.15.0.202507011659/:?]
	at com.st.stm32cube.common.mx.editor.CubeMxEditor$12$1.createSwingComponent(CubeMxEditor.java:1068) ~[com.st.stm32cube.common.mx_6.15.0.202507011659/:?]
	at com.st.stm32cube.common.mx.oss.core.awtswtbridge.EmbeddedSwingComposite.doComponentCreation(EmbeddedSwingComposite.java:492) ~[com.st.stm32cube.common.mx.oss_6.15.0.202507011659/:?]
	at com.st.stm32cube.common.mx.oss.core.awtswtbridge.EmbeddedSwingComposite$4.run(EmbeddedSwingComposite.java:291) ~[com.st.stm32cube.common.mx.oss_6.15.0.202507011659/:?]
	at com.st.stm32cube.common.mx.oss.core.awtswtbridge.AwtEnvironment$2.run(AwtEnvironment.java:166) ~[com.st.stm32cube.common.mx.oss_6.15.0.202507011659/:?]
	at java.awt.event.InvocationEvent.dispatch(InvocationEvent.java:318) ~[?:?]
	at java.awt.EventQueue.dispatchEventImpl(EventQueue.java:773) ~[?:?]
	at java.awt.EventQueue$4.run(EventQueue.java:720) ~[?:?]
	at java.awt.EventQueue$4.run(EventQueue.java:714) ~[?:?]
	at java.security.AccessController.doPrivileged(AccessController.java:400) ~[?:?]
	at java.security.ProtectionDomain$JavaSecurityAccessImpl.doIntersectionPrivilege(ProtectionDomain.java:87) ~[?:?]
	at java.awt.EventQueue.dispatchEvent(EventQueue.java:742) ~[?:?]
	at java.awt.EventDispatchThread.pumpOneEventForFilters(EventDispatchThread.java:203) ~[?:?]
	at java.awt.EventDispatchThread.pumpEventsForFilter(EventDispatchThread.java:124) ~[?:?]
	at java.awt.EventDispatchThread.pumpEventsForHierarchy(EventDispatchThread.java:113) ~[?:?]
	at java.awt.EventDispatchThread.pumpEvents(EventDispatchThread.java:109) ~[?:?]
	at java.awt.EventDispatchThread.pumpEvents(EventDispatchThread.java:101) ~[?:?]
	at java.awt.EventDispatchThread.run(EventDispatchThread.java:90) ~[?:?]
2025-07-28 17:16:45,162 [WARN] ThirdParty:871 - waiting for thirdparty lock release [close project]
2025-07-28 17:16:45,162 [INFO] ThirdParty:873 - entering critical section [close project]
2025-07-28 17:16:45,162 [INFO] ThirdParty:883 - exiting critical section [close project]
2025-07-28 17:16:45,164 [INFO] PinOutPanel:1589 - setPackage(No Configuration,No Configuration)
2025-07-28 17:16:45,171 [WARN] IpParametersView:155 - Warning: This peripheral hasn't parameters
2025-07-28 17:16:45,177 [WARN] MainPanel:289 - <html><b><center>Warning: This peripheral has no parameters to be configured<br></b></html>
2025-07-28 17:16:45,180 [WARN] IpParametersView:155 - Warning: This peripheral hasn't parameters
2025-07-28 17:16:45,184 [WARN] MainPanel:289 - <html><b><center>Warning: This peripheral has no parameters to be configured<br></b></html>
2025-07-28 17:16:45,193 [INFO] UtilMem:75 - Begin LoadConfig() Used Memory: 608887472 Bytes (1073741824)
2025-07-28 17:16:45,194 [INFO] MicroXplorer:468 - Change Database Path : 
2025-07-28 17:16:45,194 [INFO] MicroXplorer:498 - Change Database Version : DB.6.0.150
2025-07-28 17:16:45,194 [INFO] OpenFileManager:355 - Change cursor
2025-07-28 17:16:45,229 [INFO] RulesReader:64 - Compatibility file has been processed (317 Rules)
2025-07-28 17:16:45,240 [INFO] Mcu:2029 - Initializing MCU STM32H755ZITx STM32H755ZITx STM32H755ZIT6
2025-07-28 17:16:47,126 [INFO] Context:786 - Trying to add GPIOservice into a context  which must be forbidden
2025-07-28 17:16:47,126 [INFO] Context:786 - Trying to add GPIOservice into a context  which must be forbidden
2025-07-28 17:16:48,149 [INFO] ApiDbMcu:532 - Load IP Config File for NUCLEO-H755ZI-Q
2025-07-28 17:16:48,300 [INFO] Context:786 - Trying to add GPIOservice into a context  which must be forbidden
2025-07-28 17:16:48,310 [INFO] Context:786 - Trying to add GPIOservice into a context  which must be forbidden
2025-07-28 17:16:48,315 [INFO] ImportTextPane:234 - (OptionalMessage_ERROR) Pin49 (VP_RIF_VS_RIF1) cannot be retrieved for this MCU
2025-07-28 17:16:48,324 [INFO] ImportTextPane:234 - (OptionalMessage_ERROR) Unable to find key (Mcu.IP16) in loaded IOC file
2025-07-28 17:16:48,324 [INFO] ImportTextPane:234 - (OptionalMessage_ERROR) Unknown IP (dummy)
2025-07-28 17:16:48,430 [INFO] RtosManager:558 - Registered RTOS mode: class=CMSIS, group=RTOS, mode=CMSIS_V1, owner=FREERTOS_M7
2025-07-28 17:16:48,430 [INFO] RtosManager:558 - Registered RTOS mode: class=CMSIS, group=RTOS2, mode=CMSIS_V2, owner=FREERTOS_M7
2025-07-28 17:16:48,430 [INFO] RtosManager:558 - Registered RTOS mode: class=RTOS, group=Core, mode=CMSIS_V1, owner=FREERTOS_M7
2025-07-28 17:16:48,430 [INFO] RtosManager:558 - Registered RTOS mode: class=RTOS, group=Core, mode=CMSIS_V2, owner=FREERTOS_M7
2025-07-28 17:16:48,430 [WARN] ModelIntegratedComponent:184 - Missing modes for component STMicroelectronics:FreeRTOS:0.0.1:STMicroelectronics:RTOS:FreeRTOS:Core:::10.2.0:
2025-07-28 17:16:48,437 [WARN] ModelIntegratedComponent:63 - No mode defined for component null
2025-07-28 17:16:48,437 [WARN] ModelIntegratedComponent:63 - No mode defined for component null
2025-07-28 17:16:48,437 [WARN] ModelIntegratedComponent:63 - No mode defined for component null
2025-07-28 17:16:48,437 [WARN] ModelIntegratedComponent:63 - No mode defined for component null
2025-07-28 17:16:48,437 [WARN] ModelIntegratedComponent:63 - No mode defined for component null
2025-07-28 17:16:48,437 [WARN] ModelIntegratedComponent:63 - No mode defined for component null
2025-07-28 17:16:48,437 [WARN] ModelIntegratedComponent:63 - No mode defined for component null
2025-07-28 17:16:48,437 [WARN] ModelIntegratedComponent:63 - No mode defined for component null
2025-07-28 17:16:48,437 [WARN] ModelIntegratedComponent:63 - No mode defined for component null
2025-07-28 17:16:48,437 [WARN] ModelIntegratedComponent:63 - No mode defined for component null
2025-07-28 17:16:48,437 [WARN] ModelIntegratedComponent:63 - No mode defined for component null
2025-07-28 17:16:48,437 [WARN] ModelIntegratedComponent:63 - No mode defined for component null
2025-07-28 17:16:48,437 [WARN] ModelIntegratedComponent:63 - No mode defined for component null
2025-07-28 17:16:48,438 [WARN] ModelIntegratedComponent:63 - No mode defined for component null
2025-07-28 17:16:48,438 [WARN] ModelIntegratedComponent:63 - No mode defined for component null
2025-07-28 17:16:48,438 [WARN] ModelIntegratedComponent:63 - No mode defined for component null
2025-07-28 17:16:48,438 [WARN] ModelIntegratedComponent:63 - No mode defined for component null
2025-07-28 17:16:48,438 [WARN] ModelIntegratedComponent:63 - No mode defined for component null
2025-07-28 17:16:48,438 [WARN] ModelIntegratedComponent:63 - No mode defined for component null
2025-07-28 17:16:48,438 [WARN] ModelIntegratedComponent:63 - No mode defined for component null
2025-07-28 17:16:48,438 [WARN] ModelIntegratedComponent:63 - No mode defined for component null
2025-07-28 17:16:48,438 [WARN] ModelIntegratedComponent:63 - No mode defined for component null
2025-07-28 17:16:48,438 [WARN] ModelIntegratedComponent:63 - No mode defined for component null
2025-07-28 17:16:48,438 [WARN] ModelIntegratedComponent:63 - No mode defined for component null
2025-07-28 17:16:48,438 [WARN] ModelIntegratedComponent:63 - No mode defined for component null
2025-07-28 17:16:48,438 [WARN] ModelIntegratedComponent:63 - No mode defined for component null
2025-07-28 17:16:48,438 [WARN] ModelIntegratedComponent:63 - No mode defined for component null
2025-07-28 17:16:48,438 [WARN] ModelIntegratedComponent:63 - No mode defined for component null
2025-07-28 17:16:48,438 [WARN] ModelIntegratedComponent:63 - No mode defined for component null
2025-07-28 17:16:48,438 [WARN] ModelIntegratedComponent:63 - No mode defined for component null
2025-07-28 17:16:48,438 [WARN] ModelIntegratedComponent:63 - No mode defined for component null
2025-07-28 17:16:48,438 [WARN] ModelIntegratedComponent:63 - No mode defined for component null
2025-07-28 17:16:48,438 [WARN] ModelIntegratedComponent:63 - No mode defined for component null
2025-07-28 17:16:48,438 [WARN] ModelIntegratedComponent:63 - No mode defined for component null
2025-07-28 17:16:48,438 [WARN] ModelIntegratedComponent:63 - No mode defined for component null
2025-07-28 17:16:48,438 [WARN] ModelPack:524 - Component already loaded: STMicroelectronics:HAL Drivers:0.0.0:STMicroelectronics:Device:STMicro_Driver:XSPI:HAL::0.0.1:HAL_XSPI
2025-07-28 17:16:48,530 [INFO] RtosManager:558 - Registered RTOS mode: class=CMSIS, group=RTOS, mode=CMSIS_V1, owner=FREERTOS_M4
2025-07-28 17:16:48,530 [INFO] RtosManager:558 - Registered RTOS mode: class=CMSIS, group=RTOS2, mode=CMSIS_V2, owner=FREERTOS_M4
2025-07-28 17:16:48,530 [INFO] RtosManager:558 - Registered RTOS mode: class=RTOS, group=Core, mode=CMSIS_V1, owner=FREERTOS_M4
2025-07-28 17:16:48,530 [INFO] RtosManager:558 - Registered RTOS mode: class=RTOS, group=Core, mode=CMSIS_V2, owner=FREERTOS_M4
2025-07-28 17:16:48,530 [WARN] ModelIntegratedComponent:184 - Missing modes for component STMicroelectronics:FreeRTOS:0.0.1:STMicroelectronics:RTOS:FreeRTOS:Core:::10.2.0:
2025-07-28 17:16:48,536 [WARN] ModelIntegratedComponent:63 - No mode defined for component null
2025-07-28 17:16:48,536 [WARN] ModelIntegratedComponent:63 - No mode defined for component null
2025-07-28 17:16:48,536 [WARN] ModelIntegratedComponent:63 - No mode defined for component null
2025-07-28 17:16:48,536 [WARN] ModelIntegratedComponent:63 - No mode defined for component null
2025-07-28 17:16:48,536 [WARN] ModelIntegratedComponent:63 - No mode defined for component null
2025-07-28 17:16:48,536 [WARN] ModelIntegratedComponent:63 - No mode defined for component null
2025-07-28 17:16:48,536 [WARN] ModelIntegratedComponent:63 - No mode defined for component null
2025-07-28 17:16:48,536 [WARN] ModelIntegratedComponent:63 - No mode defined for component null
2025-07-28 17:16:48,536 [WARN] ModelIntegratedComponent:63 - No mode defined for component null
2025-07-28 17:16:48,536 [WARN] ModelIntegratedComponent:63 - No mode defined for component null
2025-07-28 17:16:48,536 [WARN] ModelIntegratedComponent:63 - No mode defined for component null
2025-07-28 17:16:48,537 [WARN] ModelIntegratedComponent:63 - No mode defined for component null
2025-07-28 17:16:48,537 [WARN] ModelIntegratedComponent:63 - No mode defined for component null
2025-07-28 17:16:48,537 [WARN] ModelIntegratedComponent:63 - No mode defined for component null
2025-07-28 17:16:48,537 [WARN] ModelIntegratedComponent:63 - No mode defined for component null
2025-07-28 17:16:48,537 [WARN] ModelIntegratedComponent:63 - No mode defined for component null
2025-07-28 17:16:48,537 [WARN] ModelIntegratedComponent:63 - No mode defined for component null
2025-07-28 17:16:48,537 [WARN] ModelIntegratedComponent:63 - No mode defined for component null
2025-07-28 17:16:48,537 [WARN] ModelIntegratedComponent:63 - No mode defined for component null
2025-07-28 17:16:48,537 [WARN] ModelIntegratedComponent:63 - No mode defined for component null
2025-07-28 17:16:48,537 [WARN] ModelIntegratedComponent:63 - No mode defined for component null
2025-07-28 17:16:48,537 [WARN] ModelIntegratedComponent:63 - No mode defined for component null
2025-07-28 17:16:48,537 [WARN] ModelIntegratedComponent:63 - No mode defined for component null
2025-07-28 17:16:48,537 [WARN] ModelIntegratedComponent:63 - No mode defined for component null
2025-07-28 17:16:48,537 [WARN] ModelIntegratedComponent:63 - No mode defined for component null
2025-07-28 17:16:48,537 [WARN] ModelIntegratedComponent:63 - No mode defined for component null
2025-07-28 17:16:48,537 [WARN] ModelIntegratedComponent:63 - No mode defined for component null
2025-07-28 17:16:48,537 [WARN] ModelIntegratedComponent:63 - No mode defined for component null
2025-07-28 17:16:48,537 [WARN] ModelIntegratedComponent:63 - No mode defined for component null
2025-07-28 17:16:48,537 [WARN] ModelIntegratedComponent:63 - No mode defined for component null
2025-07-28 17:16:48,537 [WARN] ModelIntegratedComponent:63 - No mode defined for component null
2025-07-28 17:16:48,537 [WARN] ModelIntegratedComponent:63 - No mode defined for component null
2025-07-28 17:16:48,537 [WARN] ModelIntegratedComponent:63 - No mode defined for component null
2025-07-28 17:16:48,537 [WARN] ModelIntegratedComponent:63 - No mode defined for component null
2025-07-28 17:16:48,537 [WARN] ModelIntegratedComponent:63 - No mode defined for component null
2025-07-28 17:16:48,537 [WARN] ModelPack:524 - Component already loaded: STMicroelectronics:HAL Drivers:0.0.0:STMicroelectronics:Device:STMicro_Driver:XSPI:HAL::0.0.1:HAL_XSPI
2025-07-28 17:16:48,623 [INFO] ThirdPartyModel:298 - Start build external matchings
2025-07-28 17:16:49,045 [INFO] ThirdPartyModel:316 - End build external matchings
2025-07-28 17:16:49,059 [INFO] ThirdPartyModel:298 - Start build external matchings
2025-07-28 17:16:49,473 [INFO] ThirdPartyModel:316 - End build external matchings
2025-07-28 17:16:49,483 [INFO] RtosManager:1018 - Current active RTOS is FREERTOS_M7 [CortexM7]
2025-07-28 17:16:49,630 [INFO] UtilMem:75 - End LoadConfig() Used Memory: 959613496 Bytes (1073741824)
2025-07-28 17:16:49,651 [WARN] ThirdParty:833 - waiting for thirdparty lock release [change project]
2025-07-28 17:16:49,651 [INFO] ThirdParty:835 - entering critical section [change project]
2025-07-28 17:16:49,651 [INFO] ThirdParty:1030 - CMSIS Pack Vendor :STMicroelectronics X-CUBE-PM33A1 1.0.0
2025-07-28 17:16:49,651 [INFO] ThirdParty:1030 - CMSIS Pack Vendor :STMicroelectronics USBPD 4.1
2025-07-28 17:16:49,651 [INFO] ThirdParty:1030 - CMSIS Pack Vendor :STMicroelectronics X-CUBE-AZRTOS-H7 3.3.0
2025-07-28 17:16:49,651 [INFO] ThirdParty:1030 - CMSIS Pack Vendor :STMicroelectronics X-CUBE-NFC9 1.0.0
2025-07-28 17:16:49,651 [INFO] ThirdParty:1030 - CMSIS Pack Vendor :STMicroelectronics USB_HOST 2.0.0
2025-07-28 17:16:49,651 [INFO] ThirdParty:1030 - CMSIS Pack Vendor :STMicroelectronics FP-SNS-MOTENVWB1 1.4.0
2025-07-28 17:16:49,651 [INFO] ThirdParty:1030 - CMSIS Pack Vendor :STMicroelectronics X-CUBE-AZRTOS-F4 1.1.0
2025-07-28 17:16:49,651 [INFO] ThirdParty:1030 - CMSIS Pack Vendor :STMicroelectronics LIBJPEG 8.0.0
2025-07-28 17:16:49,651 [INFO] ThirdParty:1030 - CMSIS Pack Vendor :STMicroelectronics FP-ATR-ASTRA1 2.0.2
2025-07-28 17:16:49,651 [INFO] ThirdParty:1030 - CMSIS Pack Vendor :STMicroelectronics FP-ATR-ASTRA1 2.0.1
2025-07-28 17:16:49,651 [INFO] ThirdParty:1030 - CMSIS Pack Vendor :STMicroelectronics X-CUBE-BLE1 7.1.0
2025-07-28 17:16:49,651 [INFO] ThirdParty:1030 - CMSIS Pack Vendor :Avnet-IotConnect X-CUBE-IoTC-DA16k-PMOD 1.0.0
2025-07-28 17:16:49,651 [INFO] ThirdParty:1030 - CMSIS Pack Vendor :STMicroelectronics X-CUBE-SMBUS 2.1.0
2025-07-28 17:16:49,651 [INFO] ThirdParty:1030 - CMSIS Pack Vendor :STMicroelectronics X-CUBE-WB05N 1.1.0
2025-07-28 17:16:49,651 [INFO] ThirdParty:1030 - CMSIS Pack Vendor :wolfSSL I-CUBE-wolfMQTT 1.19.2
2025-07-28 17:16:49,651 [INFO] ThirdParty:1030 - CMSIS Pack Vendor :STMicroelectronics USB_DEVICE 3.0.0
2025-07-28 17:16:49,652 [INFO] ThirdParty:1030 - CMSIS Pack Vendor :STMicroelectronics X-CUBE-ISPU 2.1.0
2025-07-28 17:16:49,652 [INFO] ThirdParty:1030 - CMSIS Pack Vendor :STMicroelectronics X-CUBE-EEPRMA1 5.2.0
2025-07-28 17:16:49,652 [INFO] ThirdParty:1030 - CMSIS Pack Vendor :STMicroelectronics X-CUBE-BLEMGR 4.1.0
2025-07-28 17:16:49,652 [INFO] ThirdParty:1030 - CMSIS Pack Vendor :STMicroelectronics X-CUBE-AZRTOS-WB 2.0.0
2025-07-28 17:16:49,652 [INFO] ThirdParty:1030 - CMSIS Pack Vendor :STMicroelectronics X-CUBE-ST60 1.0.0
2025-07-28 17:16:49,652 [INFO] ThirdParty:1030 - CMSIS Pack Vendor :STMicroelectronics X-CUBE-GNSS1 7.0.1
2025-07-28 17:16:49,652 [INFO] ThirdParty:1030 - CMSIS Pack Vendor :STMicroelectronics X-CUBE-NFC12 1.0.0
2025-07-28 17:16:49,652 [INFO] ThirdParty:1030 - CMSIS Pack Vendor :STMicroelectronics X-CUBE-AZRTOS-F7 1.1.0
2025-07-28 17:16:49,652 [INFO] ThirdParty:1030 - CMSIS Pack Vendor :STMicroelectronics X-CUBE-AZRTOS-L5 2.0.0
2025-07-28 17:16:49,652 [INFO] ThirdParty:1030 - CMSIS Pack Vendor :STMicroelectronics X-CUBE-TOUCHGFX 4.25.0
2025-07-28 17:16:49,652 [INFO] ThirdParty:1030 - CMSIS Pack Vendor :STMicroelectronics USB_DEVICE 2.0.0
2025-07-28 17:16:49,652 [INFO] ThirdParty:1030 - CMSIS Pack Vendor :STMicroelectronics X-CUBE-NFC6 3.1.0
2025-07-28 17:16:49,652 [INFO] ThirdParty:1030 - CMSIS Pack Vendor :STMicroelectronics X-CUBE-AI 10.1.0
2025-07-28 17:16:49,652 [INFO] ThirdParty:1030 - CMSIS Pack Vendor :STMicroelectronics X-CUBE-MEMS1 11.2.0
2025-07-28 17:16:49,652 [INFO] ThirdParty:1030 - CMSIS Pack Vendor :STMicroelectronics FreeRTOS 0.0.1
2025-07-28 17:16:49,652 [INFO] ThirdParty:1030 - CMSIS Pack Vendor :STMicroelectronics X-CUBE-AZRTOS-G0 1.1.0
2025-07-28 17:16:49,652 [INFO] ThirdParty:1030 - CMSIS Pack Vendor :STMicroelectronics X-CUBE-SAFEA1 1.2.2
2025-07-28 17:16:49,652 [INFO] ThirdParty:1030 - CMSIS Pack Vendor :STMicroelectronics X-CUBE-NFC4 3.0.0
2025-07-28 17:16:49,652 [INFO] ThirdParty:1030 - CMSIS Pack Vendor :STMicroelectronics X-CUBE-SUBG2 5.0.0
2025-07-28 17:16:49,652 [INFO] ThirdParty:1030 - CMSIS Pack Vendor :STMicroelectronics X-CUBE-AZRTOS-H7RS 1.1.0
2025-07-28 17:16:49,652 [INFO] ThirdParty:1030 - CMSIS Pack Vendor :STMicroelectronics STM32_WPAN 1.0.0
2025-07-28 17:16:49,652 [INFO] ThirdParty:1030 - CMSIS Pack Vendor :EmbeddedOffice I-CUBE-FS-RTOS 1.0.1
2025-07-28 17:16:49,652 [INFO] ThirdParty:1030 - CMSIS Pack Vendor :STMicroelectronics lwIP 2.0.3
2025-07-28 17:16:49,652 [INFO] ThirdParty:1030 - CMSIS Pack Vendor :STMicroelectronics FP-SNS-FLIGHT1 5.0.2
2025-07-28 17:16:49,652 [INFO] ThirdParty:1030 - CMSIS Pack Vendor :Cesanta I-CUBE-Mongoose 7.13.0
2025-07-28 17:16:49,652 [INFO] ThirdParty:1030 - CMSIS Pack Vendor :STMicroelectronics USB_HOST 1.0.0
2025-07-28 17:16:49,652 [INFO] ThirdParty:1030 - CMSIS Pack Vendor :Infineon AIROC-Wi-Fi-Bluetooth-STM32 1.7.0
2025-07-28 17:16:49,652 [INFO] ThirdParty:1030 - CMSIS Pack Vendor :STMicroelectronics X-CUBE-AZRTOS-G4 2.0.0
2025-07-28 17:16:49,652 [INFO] ThirdParty:1030 - CMSIS Pack Vendor :STMicroelectronics X-CUBE-WB05N 2.0.0
2025-07-28 17:16:49,652 [INFO] ThirdParty:1030 - CMSIS Pack Vendor :STMicroelectronics PDM2PCM 3.1.0
2025-07-28 17:16:49,652 [INFO] ThirdParty:1030 - CMSIS Pack Vendor :STMicroelectronics PDM2PCM 3.3.0
2025-07-28 17:16:49,652 [INFO] ThirdParty:1030 - CMSIS Pack Vendor :wolfSSL I-CUBE-wolfTPM 3.8.0
2025-07-28 17:16:49,652 [INFO] ThirdParty:1030 - CMSIS Pack Vendor :STMicroelectronics X-CUBE-AZRTOS-H7 3.4.0
2025-07-28 17:16:49,652 [INFO] ThirdParty:1030 - CMSIS Pack Vendor :STMicroelectronics X-CUBE-DISPLAY 3.0.0
2025-07-28 17:16:49,652 [INFO] ThirdParty:1030 - CMSIS Pack Vendor :wolfSSL I-CUBE-wolfSSH 1.4.20
2025-07-28 17:16:49,652 [INFO] ThirdParty:1030 - CMSIS Pack Vendor :STMicroelectronics X-CUBE-NFC7 2.0.0
2025-07-28 17:16:49,652 [INFO] ThirdParty:1030 - CMSIS Pack Vendor :STMicroelectronics X-CUBE-TCPP 4.2.0
2025-07-28 17:16:49,652 [INFO] ThirdParty:1030 - CMSIS Pack Vendor :RealThread X-CUBE-RT-Thread_Nano 4.1.1
2025-07-28 17:16:49,652 [INFO] ThirdParty:1030 - CMSIS Pack Vendor :STMicroelectronics FP-ATR-SIGFOX1 3.2.0
2025-07-28 17:16:49,652 [INFO] ThirdParty:1030 - CMSIS Pack Vendor :STMicroelectronics X-CUBE-NFC10 1.0.0
2025-07-28 17:16:49,652 [INFO] ThirdParty:1030 - CMSIS Pack Vendor :STMicroelectronics X-CUBE-BLEMGR 4.0.0
2025-07-28 17:16:49,652 [INFO] ThirdParty:1030 - CMSIS Pack Vendor :STMicroelectronics X-CUBE-EEPRMA1 5.1.0
2025-07-28 17:16:49,652 [INFO] ThirdParty:1030 - CMSIS Pack Vendor :STMicroelectronics X-CUBE-FREERTOS 1.3.1
2025-07-28 17:16:49,652 [INFO] ThirdParty:1030 - CMSIS Pack Vendor :STMicroelectronics HAL Drivers 0.0.0
2025-07-28 17:16:49,652 [INFO] ThirdParty:1030 - CMSIS Pack Vendor :STMicroelectronics MBEDTLS 2.16.2
2025-07-28 17:16:49,652 [INFO] ThirdParty:1030 - CMSIS Pack Vendor :STMicroelectronics X-CUBE-IPS 3.1.0
2025-07-28 17:16:49,652 [INFO] ThirdParty:1030 - CMSIS Pack Vendor :STMicroelectronics X-CUBE-ALS 1.0.2
2025-07-28 17:16:49,652 [INFO] ThirdParty:1030 - CMSIS Pack Vendor :emotas I-CUBE-CANOPEN 1.3.0
2025-07-28 17:16:49,652 [INFO] ThirdParty:1030 - CMSIS Pack Vendor :STMicroelectronics X-CUBE-FREERTOS 1.3.0
2025-07-28 17:16:49,652 [INFO] ThirdParty:1030 - CMSIS Pack Vendor :STMicroelectronics X-CUBE-NFC7 1.0.1
2025-07-28 17:16:49,652 [INFO] ThirdParty:1030 - CMSIS Pack Vendor :STMicroelectronics MBEDTLS 2.14.1
2025-07-28 17:16:49,652 [INFO] ThirdParty:1030 - CMSIS Pack Vendor :wolfSSL I-CUBE-wolfSSL 5.7.6
2025-07-28 17:16:49,652 [INFO] ThirdParty:1030 - CMSIS Pack Vendor :ITTIA_DB I-CUBE-ITTIADB 8.9.0
2025-07-28 17:16:49,652 [INFO] ThirdParty:1030 - CMSIS Pack Vendor :portGmbH I-Cube-SoM-uGOAL 1.1.0
2025-07-28 17:16:49,652 [INFO] ThirdParty:1030 - CMSIS Pack Vendor :quantropi X-CUBE-qispace-sdk-base 2.0.0
2025-07-28 17:16:49,652 [INFO] ThirdParty:1030 - CMSIS Pack Vendor :STMicroelectronics X-CUBE-AI 10.0.0
2025-07-28 17:16:49,652 [INFO] ThirdParty:1030 - CMSIS Pack Vendor :STMicroelectronics X-CUBE-ST67W61 1.0.0
2025-07-28 17:16:49,652 [INFO] ThirdParty:1030 - CMSIS Pack Vendor :STMicroelectronics FP-SNS-STAIOTCFT 1.0.0
2025-07-28 17:16:49,652 [INFO] ThirdParty:1030 - CMSIS Pack Vendor :STMicroelectronics ThreadX 1.0.0
2025-07-28 17:16:49,652 [INFO] ThirdParty:1030 - CMSIS Pack Vendor :STMicroelectronics FP-SNS-SMARTAG2 1.2.0
2025-07-28 17:16:49,652 [INFO] ThirdParty:1030 - CMSIS Pack Vendor :STMicroelectronics FP-SNS-FLIGHT1 5.1.0
2025-07-28 17:16:49,652 [INFO] ThirdParty:1030 - CMSIS Pack Vendor :STMicroelectronics X-CUBE-AZRTOS-WL 2.0.0
2025-07-28 17:16:49,652 [INFO] ThirdParty:1030 - CMSIS Pack Vendor :SEGGER I-CUBE-embOS 1.3.1
2025-07-28 17:16:49,652 [INFO] ThirdParty:1030 - CMSIS Pack Vendor :STMicroelectronics X-CUBE-ALGOBUILD 1.4.0
2025-07-28 17:16:49,652 [INFO] ThirdParty:1030 - CMSIS Pack Vendor :STMicroelectronics X-CUBE-DPower 1.3.0
2025-07-28 17:16:49,653 [INFO] ThirdParty:1030 - CMSIS Pack Vendor :STMicroelectronics X-CUBE-MEMS1 11.3.0
2025-07-28 17:16:49,653 [INFO] ThirdParty:1030 - CMSIS Pack Vendor :STMicroelectronics FP-SNS-MOTENV1 5.0.0
2025-07-28 17:16:49,653 [INFO] ThirdParty:1030 - CMSIS Pack Vendor :STMicroelectronics USB_DEVICE 1.0.0
2025-07-28 17:16:49,653 [INFO] ThirdParty:1030 - CMSIS Pack Vendor :STMicroelectronics X-CUBE-AZRTOS-L4 2.0.0
2025-07-28 17:16:49,653 [INFO] ThirdParty:1030 - CMSIS Pack Vendor :STMicroelectronics ThreadX 0.0.2
2025-07-28 17:16:49,653 [INFO] ThirdParty:1030 - CMSIS Pack Vendor :WES I-CUBE-Cesium 1.3.0
2025-07-28 17:16:49,653 [INFO] ThirdParty:1030 - CMSIS Pack Vendor :STMicroelectronics lwIP 2.1.2
2025-07-28 17:16:49,653 [INFO] ThirdParty:1030 - CMSIS Pack Vendor :STMicroelectronics X-CUBE-SFXS2LP1 4.0.0
2025-07-28 17:16:49,653 [INFO] ThirdParty:1030 - CMSIS Pack Vendor :STMicroelectronics X-CUBE-BLE2 3.3.0
2025-07-28 17:16:49,653 [INFO] ThirdParty:1030 - CMSIS Pack Vendor :STMicroelectronics X-CUBE-TOF1 3.4.3
2025-07-28 17:16:49,653 [INFO] ThirdParty:1030 - CMSIS Pack Vendor :STMicroelectronics PDM2PCM 3.2.0
2025-07-28 17:16:49,653 [INFO] ThirdParty:841 - exiting critical section [change project]
2025-07-28 17:16:49,934 [INFO] PinOutPanel:1589 - setPackage(No Configuration,No Configuration)
2025-07-28 17:16:49,934 [INFO] PinOutPanel:1589 - setPackage(STM32H755ZITx,LQFP144)
2025-07-28 17:16:50,369 [INFO] UtilMem:75 - Before build in PCC Used Memory: 598291072 Bytes (1073741824)
2025-07-28 17:16:50,707 [INFO] UtilMem:75 - After build in PCC Used Memory: 719925888 Bytes (1073741824)
2025-07-28 17:16:50,712 [INFO] ApiDbMcu:532 - Load IP Config File for FREERTOS_M7
2025-07-28 17:16:50,737 [INFO] IPUIPlugin:80 - create IPUIPlugin
2025-07-28 17:16:50,737 [INFO] IPUIPlugin:80 - create IPUIPlugin
2025-07-28 17:16:50,737 [INFO] IPUIPlugin:80 - create IPUIPlugin
2025-07-28 17:16:50,737 [INFO] IPUIPlugin:80 - create IPUIPlugin
2025-07-28 17:16:50,737 [INFO] IPUIPlugin:80 - create IPUIPlugin
2025-07-28 17:16:50,737 [INFO] IPUIPlugin:80 - create IPUIPlugin
2025-07-28 17:16:50,737 [INFO] IPUIPlugin:80 - create IPUIPlugin
2025-07-28 17:16:50,737 [INFO] IPUIPlugin:80 - create IPUIPlugin
2025-07-28 17:16:50,738 [INFO] IPUIPlugin:80 - create IPUIPlugin
2025-07-28 17:16:50,738 [INFO] IPUIPlugin:80 - create IPUIPlugin
2025-07-28 17:16:50,738 [INFO] IPUIPlugin:80 - create IPUIPlugin
2025-07-28 17:16:50,738 [INFO] IPUIPlugin:80 - create IPUIPlugin
2025-07-28 17:16:50,738 [INFO] IPUIPlugin:80 - create IPUIPlugin
2025-07-28 17:16:50,738 [INFO] IPUIPlugin:80 - create IPUIPlugin
2025-07-28 17:16:50,738 [INFO] IPUIPlugin:80 - create IPUIPlugin
2025-07-28 17:16:50,739 [INFO] IPUIPlugin:80 - create IPUIPlugin
2025-07-28 17:16:50,739 [INFO] IPUIPlugin:80 - create IPUIPlugin
2025-07-28 17:16:50,739 [INFO] IPUIPlugin:80 - create IPUIPlugin
2025-07-28 17:16:50,739 [INFO] IPUIPlugin:80 - create IPUIPlugin
2025-07-28 17:16:50,739 [INFO] IPUIPlugin:80 - create IPUIPlugin
2025-07-28 17:16:50,739 [INFO] IPUIPlugin:80 - create IPUIPlugin
2025-07-28 17:16:50,739 [INFO] IPUIPlugin:80 - create IPUIPlugin
2025-07-28 17:16:50,739 [INFO] IPUIPlugin:80 - create IPUIPlugin
2025-07-28 17:16:50,739 [INFO] IPUIPlugin:80 - create IPUIPlugin
2025-07-28 17:16:50,740 [INFO] IPUIPlugin:80 - create IPUIPlugin
2025-07-28 17:16:50,740 [INFO] IPUIPlugin:80 - create IPUIPlugin
2025-07-28 17:16:50,740 [INFO] IPUIPlugin:80 - create IPUIPlugin
2025-07-28 17:16:50,740 [INFO] IPUIPlugin:80 - create IPUIPlugin
2025-07-28 17:16:50,740 [INFO] IPUIPlugin:80 - create IPUIPlugin
2025-07-28 17:16:50,740 [INFO] IPUIPlugin:80 - create IPUIPlugin
2025-07-28 17:16:50,740 [INFO] IPUIPlugin:80 - create IPUIPlugin
2025-07-28 17:16:50,740 [INFO] IPUIPlugin:80 - create IPUIPlugin
2025-07-28 17:16:50,741 [INFO] IPUIPlugin:80 - create IPUIPlugin
2025-07-28 17:16:50,741 [INFO] IPUIPlugin:80 - create IPUIPlugin
2025-07-28 17:16:50,741 [INFO] IPUIPlugin:80 - create IPUIPlugin
2025-07-28 17:16:50,741 [INFO] IPUIPlugin:80 - create IPUIPlugin
2025-07-28 17:16:50,741 [INFO] IPUIPlugin:80 - create IPUIPlugin
2025-07-28 17:16:50,741 [INFO] IPUIPlugin:80 - create IPUIPlugin
2025-07-28 17:16:50,741 [INFO] IPUIPlugin:80 - create IPUIPlugin
2025-07-28 17:16:50,741 [INFO] IPUIPlugin:80 - create IPUIPlugin
2025-07-28 17:16:50,741 [INFO] IPUIPlugin:80 - create IPUIPlugin
2025-07-28 17:16:50,742 [INFO] IPUIPlugin:80 - create IPUIPlugin
2025-07-28 17:16:50,742 [INFO] IPUIPlugin:80 - create IPUIPlugin
2025-07-28 17:16:50,742 [INFO] IPUIPlugin:80 - create IPUIPlugin
2025-07-28 17:16:50,742 [INFO] IPUIPlugin:80 - create IPUIPlugin
2025-07-28 17:16:50,742 [INFO] IPUIPlugin:80 - create IPUIPlugin
2025-07-28 17:16:50,743 [INFO] IPUIPlugin:80 - create IPUIPlugin
2025-07-28 17:16:50,743 [INFO] IPUIPlugin:80 - create IPUIPlugin
2025-07-28 17:16:50,743 [INFO] IPUIPlugin:80 - create IPUIPlugin
2025-07-28 17:16:50,743 [INFO] IPUIPlugin:80 - create IPUIPlugin
2025-07-28 17:16:50,743 [INFO] IPUIPlugin:80 - create IPUIPlugin
2025-07-28 17:16:50,743 [INFO] IPUIPlugin:80 - create IPUIPlugin
2025-07-28 17:16:50,744 [INFO] IPUIPlugin:80 - create IPUIPlugin
2025-07-28 17:16:50,744 [INFO] IPUIPlugin:80 - create IPUIPlugin
2025-07-28 17:16:50,744 [INFO] IPUIPlugin:80 - create IPUIPlugin
2025-07-28 17:16:50,744 [INFO] IPUIPlugin:80 - create IPUIPlugin
2025-07-28 17:16:50,744 [INFO] IPUIPlugin:80 - create IPUIPlugin
2025-07-28 17:16:50,744 [INFO] IPUIPlugin:80 - create IPUIPlugin
2025-07-28 17:16:50,744 [INFO] IPUIPlugin:80 - create IPUIPlugin
2025-07-28 17:16:50,744 [INFO] IPUIPlugin:80 - create IPUIPlugin
2025-07-28 17:16:50,745 [INFO] IPUIPlugin:80 - create IPUIPlugin
2025-07-28 17:16:50,745 [INFO] IPUIPlugin:80 - create IPUIPlugin
2025-07-28 17:16:50,745 [INFO] IPUIPlugin:80 - create IPUIPlugin
2025-07-28 17:16:50,745 [INFO] IPUIPlugin:80 - create IPUIPlugin
2025-07-28 17:16:50,745 [INFO] IPUIPlugin:80 - create IPUIPlugin
2025-07-28 17:16:50,746 [INFO] IPUIPlugin:80 - create IPUIPlugin
2025-07-28 17:16:50,746 [INFO] IPUIPlugin:80 - create IPUIPlugin
2025-07-28 17:16:50,746 [INFO] IPUIPlugin:80 - create IPUIPlugin
2025-07-28 17:16:50,746 [INFO] IPUIPlugin:80 - create IPUIPlugin
2025-07-28 17:16:50,746 [INFO] IPUIPlugin:80 - create IPUIPlugin
2025-07-28 17:16:50,747 [INFO] IPUIPlugin:80 - create IPUIPlugin
2025-07-28 17:16:50,747 [INFO] IPUIPlugin:80 - create IPUIPlugin
2025-07-28 17:16:50,747 [INFO] IPUIPlugin:80 - create IPUIPlugin
2025-07-28 17:16:50,748 [INFO] IPUIPlugin:80 - create IPUIPlugin
2025-07-28 17:16:50,748 [INFO] IPUIPlugin:80 - create IPUIPlugin
2025-07-28 17:16:50,748 [INFO] IPUIPlugin:80 - create IPUIPlugin
2025-07-28 17:16:50,748 [INFO] IPUIPlugin:80 - create IPUIPlugin
2025-07-28 17:16:50,749 [INFO] IPUIPlugin:80 - create IPUIPlugin
2025-07-28 17:16:50,749 [INFO] IPUIPlugin:80 - create IPUIPlugin
2025-07-28 17:16:50,749 [INFO] IPUIPlugin:80 - create IPUIPlugin
2025-07-28 17:16:50,749 [INFO] IPUIPlugin:80 - create IPUIPlugin
2025-07-28 17:16:50,749 [INFO] IPUIPlugin:80 - create IPUIPlugin
2025-07-28 17:16:50,750 [INFO] IPUIPlugin:80 - create IPUIPlugin
2025-07-28 17:16:50,750 [INFO] IPUIPlugin:80 - create IPUIPlugin
2025-07-28 17:16:50,750 [INFO] IPUIPlugin:80 - create IPUIPlugin
2025-07-28 17:16:50,751 [INFO] IPUIPlugin:80 - create IPUIPlugin
2025-07-28 17:16:50,751 [INFO] IPUIPlugin:80 - create IPUIPlugin
2025-07-28 17:16:50,751 [INFO] IPUIPlugin:80 - create IPUIPlugin
2025-07-28 17:16:50,752 [INFO] IPUIPlugin:80 - create IPUIPlugin
2025-07-28 17:16:50,752 [INFO] IPUIPlugin:80 - create IPUIPlugin
2025-07-28 17:16:50,752 [INFO] IPUIPlugin:80 - create IPUIPlugin
2025-07-28 17:16:50,752 [INFO] IPUIPlugin:80 - create IPUIPlugin
2025-07-28 17:16:50,753 [INFO] IPUIPlugin:80 - create IPUIPlugin
2025-07-28 17:16:50,753 [INFO] IPUIPlugin:80 - create IPUIPlugin
2025-07-28 17:16:50,753 [INFO] IPUIPlugin:80 - create IPUIPlugin
2025-07-28 17:16:50,753 [INFO] IPUIPlugin:80 - create IPUIPlugin
2025-07-28 17:16:50,753 [INFO] IPUIPlugin:80 - create IPUIPlugin
2025-07-28 17:16:50,754 [INFO] IPUIPlugin:80 - create IPUIPlugin
2025-07-28 17:16:50,754 [INFO] IPUIPlugin:80 - create IPUIPlugin
2025-07-28 17:16:50,754 [INFO] IPUIPlugin:80 - create IPUIPlugin
2025-07-28 17:16:50,754 [INFO] IPUIPlugin:80 - create IPUIPlugin
2025-07-28 17:16:50,755 [INFO] IPUIPlugin:80 - create IPUIPlugin
2025-07-28 17:16:50,755 [INFO] IPUIPlugin:80 - create IPUIPlugin
2025-07-28 17:16:50,755 [INFO] IPUIPlugin:80 - create IPUIPlugin
2025-07-28 17:16:50,755 [INFO] IPUIPlugin:80 - create IPUIPlugin
2025-07-28 17:16:50,756 [INFO] IPUIPlugin:80 - create IPUIPlugin
2025-07-28 17:16:50,756 [INFO] IPUIPlugin:80 - create IPUIPlugin
2025-07-28 17:16:50,756 [INFO] IPUIPlugin:80 - create IPUIPlugin
2025-07-28 17:16:50,757 [INFO] IPUIPlugin:80 - create IPUIPlugin
2025-07-28 17:16:50,757 [INFO] IPUIPlugin:80 - create IPUIPlugin
2025-07-28 17:16:50,757 [INFO] IPUIPlugin:80 - create IPUIPlugin
2025-07-28 17:16:50,758 [INFO] IPUIPlugin:80 - create IPUIPlugin
2025-07-28 17:16:50,758 [INFO] IPUIPlugin:80 - create IPUIPlugin
2025-07-28 17:16:50,758 [INFO] IPUIPlugin:80 - create IPUIPlugin
2025-07-28 17:16:50,762 [INFO] ApiDbMcu:532 - Load IP Config File for PDM2PCM_M7
2025-07-28 17:16:50,763 [INFO] ApiDbMcu:532 - Load IP Config File for PDM2PCM_M4
2025-07-28 17:16:50,777 [WARN] FreeRTOS:1023 - Null or empty value: should not occur! (nothing added to the table)
2025-07-28 17:16:50,833 [INFO] CADModel:165 - CPN selected for project levelSTM32H755ZIT6
2025-07-28 17:16:50,833 [INFO] CADModel:114 - Register for checkConnection events
2025-07-28 17:16:50,835 [INFO] RtosManager:728 - Active RTOS found at IOC load: FREERTOS_M7 [CortexM7]
2025-07-28 17:16:50,888 [INFO] OpenFileManager:386 - Restore cursor
2025-07-28 17:17:12,228 [ERROR] LogOutputStream:75 - [STDERR_REDIRECT] Exception in thread "AWT-EventQueue-0" java.lang.ClassCastException: class sun.awt.windows.WEmbeddedFrame cannot be cast to class javax.swing.JFrame (sun.awt.windows.WEmbeddedFrame and javax.swing.JFrame are in module java.desktop of loader 'bootstrap')
2025-07-28 17:17:12,229 [ERROR] LogOutputStream:75 - [STDERR_REDIRECT] 	at com.st.microxplorer.plugins.clock.ClockConfigurationView.activatePlugin(ClockConfigurationView.java:424)
2025-07-28 17:17:12,230 [ERROR] LogOutputStream:75 - [STDERR_REDIRECT] 	at com.st.microxplorer.maingui.MainPanel$1.stateChanged(MainPanel.java:385)
2025-07-28 17:17:12,231 [ERROR] LogOutputStream:75 - [STDERR_REDIRECT] 	at java.desktop/javax.swing.JTabbedPane.fireStateChanged(JTabbedPane.java:446)
2025-07-28 17:17:12,232 [ERROR] LogOutputStream:75 - [STDERR_REDIRECT] 	at java.desktop/javax.swing.JTabbedPane$ModelListener.stateChanged(JTabbedPane.java:297)
2025-07-28 17:17:12,233 [ERROR] LogOutputStream:75 - [STDERR_REDIRECT] 	at java.desktop/javax.swing.DefaultSingleSelectionModel.fireStateChanged(DefaultSingleSelectionModel.java:148)
2025-07-28 17:17:12,234 [ERROR] LogOutputStream:75 - [STDERR_REDIRECT] 	at java.desktop/javax.swing.DefaultSingleSelectionModel.setSelectedIndex(DefaultSingleSelectionModel.java:79)
2025-07-28 17:17:12,234 [ERROR] LogOutputStream:75 - [STDERR_REDIRECT] 	at java.desktop/javax.swing.JTabbedPane.setSelectedIndexImpl(JTabbedPane.java:650)
2025-07-28 17:17:12,235 [ERROR] LogOutputStream:75 - [STDERR_REDIRECT] 	at java.desktop/javax.swing.JTabbedPane.setSelectedIndex(JTabbedPane.java:625)
2025-07-28 17:17:12,237 [ERROR] LogOutputStream:75 - [STDERR_REDIRECT] 	at java.desktop/javax.swing.plaf.basic.BasicTabbedPaneUI$Handler.mousePressed(BasicTabbedPaneUI.java:4140)
2025-07-28 17:17:12,237 [ERROR] LogOutputStream:75 - [STDERR_REDIRECT] 	at java.desktop/java.awt.Component.processMouseEvent(Component.java:6618)
2025-07-28 17:17:12,239 [ERROR] LogOutputStream:75 - [STDERR_REDIRECT] 	at java.desktop/javax.swing.JComponent.processMouseEvent(JComponent.java:3398)
2025-07-28 17:17:12,239 [ERROR] LogOutputStream:75 - [STDERR_REDIRECT] 	at java.desktop/java.awt.Component.processEvent(Component.java:6386)
2025-07-28 17:17:12,240 [ERROR] LogOutputStream:75 - [STDERR_REDIRECT] 	at java.desktop/java.awt.Container.processEvent(Container.java:2266)
2025-07-28 17:17:12,240 [ERROR] LogOutputStream:75 - [STDERR_REDIRECT] 	at java.desktop/java.awt.Component.dispatchEventImpl(Component.java:4996)
2025-07-28 17:17:12,241 [ERROR] LogOutputStream:75 - [STDERR_REDIRECT] 	at java.desktop/java.awt.Container.dispatchEventImpl(Container.java:2324)
2025-07-28 17:17:12,241 [ERROR] LogOutputStream:75 - [STDERR_REDIRECT] 	at java.desktop/java.awt.Component.dispatchEvent(Component.java:4828)
2025-07-28 17:17:12,242 [ERROR] LogOutputStream:75 - [STDERR_REDIRECT] 	at java.desktop/java.awt.LightweightDispatcher.retargetMouseEvent(Container.java:4948)
2025-07-28 17:17:12,243 [ERROR] LogOutputStream:75 - [STDERR_REDIRECT] 	at java.desktop/java.awt.LightweightDispatcher.processMouseEvent(Container.java:4572)
2025-07-28 17:17:12,243 [ERROR] LogOutputStream:75 - [STDERR_REDIRECT] 	at java.desktop/java.awt.LightweightDispatcher.dispatchEvent(Container.java:4516)
2025-07-28 17:17:12,244 [ERROR] LogOutputStream:75 - [STDERR_REDIRECT] 	at java.desktop/java.awt.Container.dispatchEventImpl(Container.java:2310)
2025-07-28 17:17:12,244 [ERROR] LogOutputStream:75 - [STDERR_REDIRECT] 	at java.desktop/java.awt.Component.dispatchEvent(Component.java:4828)
2025-07-28 17:17:12,245 [ERROR] LogOutputStream:75 - [STDERR_REDIRECT] 	at java.desktop/java.awt.EventQueue.dispatchEventImpl(EventQueue.java:775)
2025-07-28 17:17:12,246 [ERROR] LogOutputStream:75 - [STDERR_REDIRECT] 	at java.desktop/java.awt.EventQueue$4.run(EventQueue.java:720)
2025-07-28 17:17:12,246 [ERROR] LogOutputStream:75 - [STDERR_REDIRECT] 	at java.desktop/java.awt.EventQueue$4.run(EventQueue.java:714)
2025-07-28 17:17:12,247 [ERROR] LogOutputStream:75 - [STDERR_REDIRECT] 	at java.base/java.security.AccessController.doPrivileged(AccessController.java:400)
2025-07-28 17:17:12,247 [ERROR] LogOutputStream:75 - [STDERR_REDIRECT] 	at java.base/java.security.ProtectionDomain$JavaSecurityAccessImpl.doIntersectionPrivilege(ProtectionDomain.java:87)
2025-07-28 17:17:12,248 [ERROR] LogOutputStream:75 - [STDERR_REDIRECT] 	at java.base/java.security.ProtectionDomain$JavaSecurityAccessImpl.doIntersectionPrivilege(ProtectionDomain.java:98)
2025-07-28 17:17:12,248 [ERROR] LogOutputStream:75 - [STDERR_REDIRECT] 	at java.desktop/java.awt.EventQueue$5.run(EventQueue.java:747)
2025-07-28 17:17:12,249 [ERROR] LogOutputStream:75 - [STDERR_REDIRECT] 	at java.desktop/java.awt.EventQueue$5.run(EventQueue.java:745)
2025-07-28 17:17:12,250 [ERROR] LogOutputStream:75 - [STDERR_REDIRECT] 	at java.base/java.security.AccessController.doPrivileged(AccessController.java:400)
2025-07-28 17:17:12,250 [ERROR] LogOutputStream:75 - [STDERR_REDIRECT] 	at java.base/java.security.ProtectionDomain$JavaSecurityAccessImpl.doIntersectionPrivilege(ProtectionDomain.java:87)
2025-07-28 17:17:12,251 [ERROR] LogOutputStream:75 - [STDERR_REDIRECT] 	at java.desktop/java.awt.EventQueue.dispatchEvent(EventQueue.java:744)
2025-07-28 17:17:12,251 [ERROR] LogOutputStream:75 - [STDERR_REDIRECT] 	at java.desktop/java.awt.EventDispatchThread.pumpOneEventForFilters(EventDispatchThread.java:203)
2025-07-28 17:17:12,252 [ERROR] LogOutputStream:75 - [STDERR_REDIRECT] 	at java.desktop/java.awt.EventDispatchThread.pumpEventsForFilter(EventDispatchThread.java:124)
2025-07-28 17:17:12,253 [ERROR] LogOutputStream:75 - [STDERR_REDIRECT] 	at java.desktop/java.awt.EventDispatchThread.pumpEventsForHierarchy(EventDispatchThread.java:113)
2025-07-28 17:17:12,254 [ERROR] LogOutputStream:75 - [STDERR_REDIRECT] 	at java.desktop/java.awt.EventDispatchThread.pumpEvents(EventDispatchThread.java:109)
2025-07-28 17:17:12,254 [ERROR] LogOutputStream:75 - [STDERR_REDIRECT] 	at java.desktop/java.awt.EventDispatchThread.pumpEvents(EventDispatchThread.java:101)
2025-07-28 17:17:12,255 [ERROR] LogOutputStream:75 - [STDERR_REDIRECT] 	at java.desktop/java.awt.EventDispatchThread.run(EventDispatchThread.java:90)
2025-07-28 17:17:30,254 [INFO] I2cTimingTraitement:330 - 0x109090D9
2025-07-28 17:17:31,632 [INFO] I2cTimingTraitement:330 - 0x109090D9
2025-07-28 17:19:43,732 [INFO] UtilMem:75 - End SaveConfig() Used Memory: 512171296 Bytes (1073741824)
2025-07-28 17:19:43,832 [INFO] UtilMem:75 - End SaveConfig() Used Memory: 535126400 Bytes (1073741824)
2025-07-28 17:19:44,839 [INFO] UtilMem:75 - End SaveConfig() Used Memory: 747495448 Bytes (1073741824)
2025-07-28 17:19:45,530 [ERROR] IocParser:95 - Exception caught: null
2025-07-28 17:19:46,700 [INFO] BlockDiagram:2775 - set Specific Code input for plugin: FREERTOS
2025-07-28 17:19:46,700 [INFO] BlockDiagram:2775 - set Specific Code input for plugin: RCC
2025-07-28 17:19:46,700 [INFO] BlockDiagram:2775 - set Specific Code input for plugin: I2C
2025-07-28 17:19:46,700 [INFO] BlockDiagram:2775 - set Specific Code input for plugin: USART
2025-07-28 17:19:46,700 [INFO] BlockDiagram:2775 - set Specific Code input for plugin: TIM1_8H7
2025-07-28 17:19:46,700 [INFO] BlockDiagram:2775 - set Specific Code input for plugin: SYS
2025-07-28 17:19:46,700 [INFO] BlockDiagram:2775 - set Specific Code input for plugin: ADC
2025-07-28 17:19:46,700 [INFO] BlockDiagram:2775 - set Specific Code input for plugin: ADC
2025-07-28 17:19:46,700 [INFO] BlockDiagram:2775 - set Specific Code input for plugin: NVIC2
2025-07-28 17:19:46,700 [INFO] BlockDiagram:2775 - set Specific Code input for plugin: UART
2025-07-28 17:19:46,700 [INFO] BlockDiagram:2775 - set Specific Code input for plugin: GPIO
2025-07-28 17:19:46,700 [INFO] BlockDiagram:2775 - set Specific Code input for plugin: SYS_M4
2025-07-28 17:19:46,700 [INFO] BlockDiagram:2775 - set Specific Code input for plugin: NUCLEO-H755ZI-Q
2025-07-28 17:19:46,700 [INFO] BlockDiagram:2775 - set Specific Code input for plugin: NVIC1
2025-07-28 17:19:46,701 [INFO] CodeGenerator:892 - code generatio: config db path: C:\ST\STM32CubeIDE_1.19.0\STM32CubeIDE\plugins\com.st.stm32cube.common.mx_6.15.0.202507011659\\db\
2025-07-28 17:19:46,757 [ERROR] CodeGenerator:10662 - The current RTOS owner has not been found in the list of IPs
2025-07-28 17:19:46,758 [INFO] CodeGenerator:1619 - *******************Project context M7 selected
2025-07-28 17:19:46,816 [INFO] CodeEngine:265 - oldGeneratedFile, C:\Users\nicks\STM32CubeIDE\workspace_1.19.0\AFR\AFR_SENSORS\MXTmpFiles\license.tmp_save
2025-07-28 17:19:46,941 [INFO] CodeEngine:289 - Generated code: C:\Users\nicks\STM32CubeIDE\workspace_1.19.0\AFR\AFR_SENSORS\MXTmpFiles\license.tmp
2025-07-28 17:19:47,047 [INFO] CodeEngine:265 - oldGeneratedFile, C:\Users\nicks\STM32CubeIDE\workspace_1.19.0\AFR\AFR_SENSORS\CM7\MXTmpFiles\gpio.tmp_save
2025-07-28 17:19:47,121 [INFO] CodeEngine:289 - Generated code: C:\Users\nicks\STM32CubeIDE\workspace_1.19.0\AFR\AFR_SENSORS\CM7\MXTmpFiles\gpio.tmp
2025-07-28 17:19:47,475 [WARN] IPConfigManager:103 - WARNING: Missing Config File for NVIC1 ip!!
2025-07-28 17:19:47,747 [ERROR] CodeGenerator:10662 - The current RTOS owner has not been found in the list of IPs
2025-07-28 17:19:47,756 [INFO] CodeEngine:265 - oldGeneratedFile, C:\Users\nicks\STM32CubeIDE\workspace_1.19.0\AFR\AFR_SENSORS\CM7\MXTmpFiles\cortex.tmp_save
2025-07-28 17:19:47,804 [INFO] CodeEngine:289 - Generated code: C:\Users\nicks\STM32CubeIDE\workspace_1.19.0\AFR\AFR_SENSORS\CM7\MXTmpFiles\cortex.tmp
2025-07-28 17:19:47,822 [INFO] Middleware:1452 - No code input for Bsp Dependency
2025-07-28 17:19:47,829 [INFO] CodeEngine:265 - oldGeneratedFile, C:\Users\nicks\STM32CubeIDE\workspace_1.19.0\AFR\AFR_SENSORS\CM7\MXTmpFiles\rtos_inc.tmp_save
2025-07-28 17:19:47,874 [INFO] CodeEngine:289 - Generated code: C:\Users\nicks\STM32CubeIDE\workspace_1.19.0\AFR\AFR_SENSORS\CM7\MXTmpFiles\rtos_inc.tmp
2025-07-28 17:19:47,878 [INFO] CodeEngine:265 - oldGeneratedFile, C:\Users\nicks\STM32CubeIDE\workspace_1.19.0\AFR\AFR_SENSORS\CM7\MXTmpFiles\rtos_kernelInit.tmp_save
2025-07-28 17:19:47,921 [INFO] CodeEngine:289 - Generated code: C:\Users\nicks\STM32CubeIDE\workspace_1.19.0\AFR\AFR_SENSORS\CM7\MXTmpFiles\rtos_kernelInit.tmp
2025-07-28 17:19:47,925 [INFO] CodeEngine:265 - oldGeneratedFile, C:\Users\nicks\STM32CubeIDE\workspace_1.19.0\AFR\AFR_SENSORS\CM7\MXTmpFiles\rtos_kernelStart.tmp_save
2025-07-28 17:19:47,969 [INFO] CodeEngine:289 - Generated code: C:\Users\nicks\STM32CubeIDE\workspace_1.19.0\AFR\AFR_SENSORS\CM7\MXTmpFiles\rtos_kernelStart.tmp
2025-07-28 17:19:47,974 [INFO] CodeEngine:265 - oldGeneratedFile, C:\Users\nicks\STM32CubeIDE\workspace_1.19.0\AFR\AFR_SENSORS\CM7\MXTmpFiles\rtos_typedefs.tmp_save
2025-07-28 17:19:48,018 [INFO] CodeEngine:289 - Generated code: C:\Users\nicks\STM32CubeIDE\workspace_1.19.0\AFR\AFR_SENSORS\CM7\MXTmpFiles\rtos_typedefs.tmp
2025-07-28 17:19:48,022 [INFO] CodeEngine:265 - oldGeneratedFile, C:\Users\nicks\STM32CubeIDE\workspace_1.19.0\AFR\AFR_SENSORS\CM7\MXTmpFiles\rtos_vars.tmp_save
2025-07-28 17:19:48,073 [INFO] CodeEngine:289 - Generated code: C:\Users\nicks\STM32CubeIDE\workspace_1.19.0\AFR\AFR_SENSORS\CM7\MXTmpFiles\rtos_vars.tmp
2025-07-28 17:19:48,078 [INFO] CodeEngine:265 - oldGeneratedFile, C:\Users\nicks\STM32CubeIDE\workspace_1.19.0\AFR\AFR_SENSORS\CM7\MXTmpFiles\rtos_pfp.tmp_save
2025-07-28 17:19:48,127 [INFO] CodeEngine:289 - Generated code: C:\Users\nicks\STM32CubeIDE\workspace_1.19.0\AFR\AFR_SENSORS\CM7\MXTmpFiles\rtos_pfp.tmp
2025-07-28 17:19:48,132 [INFO] CodeEngine:265 - oldGeneratedFile, C:\Users\nicks\STM32CubeIDE\workspace_1.19.0\AFR\AFR_SENSORS\CM7\MXTmpFiles\rtos_obj_creat.tmp_save
2025-07-28 17:19:48,176 [INFO] CodeEngine:289 - Generated code: C:\Users\nicks\STM32CubeIDE\workspace_1.19.0\AFR\AFR_SENSORS\CM7\MXTmpFiles\rtos_obj_creat.tmp
2025-07-28 17:19:48,180 [INFO] CodeEngine:265 - oldGeneratedFile, C:\Users\nicks\STM32CubeIDE\workspace_1.19.0\AFR\AFR_SENSORS\CM7\MXTmpFiles\rtos_default_thread.tmp_save
2025-07-28 17:19:48,223 [INFO] CodeEngine:289 - Generated code: C:\Users\nicks\STM32CubeIDE\workspace_1.19.0\AFR\AFR_SENSORS\CM7\MXTmpFiles\rtos_default_thread.tmp
2025-07-28 17:19:48,228 [INFO] CodeEngine:265 - oldGeneratedFile, C:\Users\nicks\STM32CubeIDE\workspace_1.19.0\AFR\AFR_SENSORS\CM7\MXTmpFiles\rtos_threads.tmp_save
2025-07-28 17:19:48,272 [INFO] CodeEngine:289 - Generated code: C:\Users\nicks\STM32CubeIDE\workspace_1.19.0\AFR\AFR_SENSORS\CM7\MXTmpFiles\rtos_threads.tmp
2025-07-28 17:19:48,278 [INFO] CodeEngine:265 - oldGeneratedFile, C:\Users\nicks\STM32CubeIDE\workspace_1.19.0\AFR\AFR_SENSORS\CM7\Core\Inc\FreeRTOSConfig.h_save
2025-07-28 17:19:48,332 [INFO] CodeEngine:289 - Generated code: C:\Users\nicks\STM32CubeIDE\workspace_1.19.0\AFR\AFR_SENSORS\CM7\Core\Inc\FreeRTOSConfig.h
2025-07-28 17:19:48,339 [INFO] CodeEngine:265 - oldGeneratedFile, C:\Users\nicks\STM32CubeIDE\workspace_1.19.0\AFR\AFR_SENSORS\CM7\Core\Src\freertos.c_save
2025-07-28 17:19:48,389 [INFO] CodeEngine:289 - Generated code: C:\Users\nicks\STM32CubeIDE\workspace_1.19.0\AFR\AFR_SENSORS\CM7\Core\Src\freertos.c
2025-07-28 17:19:48,423 [INFO] CodeEngine:265 - oldGeneratedFile, C:\Users\nicks\STM32CubeIDE\workspace_1.19.0\AFR\AFR_SENSORS\CM7\Core\Inc\stm32h7xx_nucleo_conf.h_save
2025-07-28 17:19:48,468 [INFO] CodeEngine:289 - Generated code: C:\Users\nicks\STM32CubeIDE\workspace_1.19.0\AFR\AFR_SENSORS\CM7\Core\Inc\stm32h7xx_nucleo_conf.h
2025-07-28 17:19:48,473 [INFO] CodeEngine:265 - oldGeneratedFile, C:\Users\nicks\STM32CubeIDE\workspace_1.19.0\AFR\AFR_SENSORS\CM7\MXTmpFiles\bsp_inc.tmp_save
2025-07-28 17:19:48,515 [INFO] CodeEngine:289 - Generated code: C:\Users\nicks\STM32CubeIDE\workspace_1.19.0\AFR\AFR_SENSORS\CM7\MXTmpFiles\bsp_inc.tmp
2025-07-28 17:19:48,519 [INFO] CodeEngine:265 - oldGeneratedFile, C:\Users\nicks\STM32CubeIDE\workspace_1.19.0\AFR\AFR_SENSORS\CM7\MXTmpFiles\bsp_common_vars.tmp_save
2025-07-28 17:19:48,559 [INFO] CodeEngine:289 - Generated code: C:\Users\nicks\STM32CubeIDE\workspace_1.19.0\AFR\AFR_SENSORS\CM7\MXTmpFiles\bsp_common_vars.tmp
2025-07-28 17:19:48,563 [INFO] CodeEngine:265 - oldGeneratedFile, C:\Users\nicks\STM32CubeIDE\workspace_1.19.0\AFR\AFR_SENSORS\CM7\MXTmpFiles\bsp_common_init.tmp_save
2025-07-28 17:19:48,601 [INFO] CodeEngine:289 - Generated code: C:\Users\nicks\STM32CubeIDE\workspace_1.19.0\AFR\AFR_SENSORS\CM7\MXTmpFiles\bsp_common_init.tmp
2025-07-28 17:19:48,606 [INFO] CodeEngine:265 - oldGeneratedFile, C:\Users\nicks\STM32CubeIDE\workspace_1.19.0\AFR\AFR_SENSORS\CM7\MXTmpFiles\bsp_common_demo_before_while.tmp_save
2025-07-28 17:19:48,644 [INFO] CodeEngine:289 - Generated code: C:\Users\nicks\STM32CubeIDE\workspace_1.19.0\AFR\AFR_SENSORS\CM7\MXTmpFiles\bsp_common_demo_before_while.tmp
2025-07-28 17:19:48,649 [INFO] CodeEngine:265 - oldGeneratedFile, C:\Users\nicks\STM32CubeIDE\workspace_1.19.0\AFR\AFR_SENSORS\CM7\MXTmpFiles\bsp_common_demo_inside_while.tmp_save
2025-07-28 17:19:48,688 [INFO] CodeEngine:289 - Generated code: C:\Users\nicks\STM32CubeIDE\workspace_1.19.0\AFR\AFR_SENSORS\CM7\MXTmpFiles\bsp_common_demo_inside_while.tmp
2025-07-28 17:19:48,692 [INFO] CodeEngine:265 - oldGeneratedFile, C:\Users\nicks\STM32CubeIDE\workspace_1.19.0\AFR\AFR_SENSORS\CM7\MXTmpFiles\bsp_common_demo_fct.tmp_save
2025-07-28 17:19:48,733 [INFO] CodeEngine:289 - Generated code: C:\Users\nicks\STM32CubeIDE\workspace_1.19.0\AFR\AFR_SENSORS\CM7\MXTmpFiles\bsp_common_demo_fct.tmp
2025-07-28 17:19:48,752 [INFO] CodeEngine:265 - oldGeneratedFile, C:\Users\nicks\STM32CubeIDE\workspace_1.19.0\AFR\AFR_SENSORS\CM7\Core\Src\stm32h7xx_it.c_save
2025-07-28 17:19:48,811 [INFO] CodeEngine:289 - Generated code: C:\Users\nicks\STM32CubeIDE\workspace_1.19.0\AFR\AFR_SENSORS\CM7\Core\Src\stm32h7xx_it.c
2025-07-28 17:19:48,818 [INFO] CodeEngine:265 - oldGeneratedFile, C:\Users\nicks\STM32CubeIDE\workspace_1.19.0\AFR\AFR_SENSORS\CM7\Core\Inc\stm32h7xx_it.h_save
2025-07-28 17:19:48,863 [INFO] CodeEngine:289 - Generated code: C:\Users\nicks\STM32CubeIDE\workspace_1.19.0\AFR\AFR_SENSORS\CM7\Core\Inc\stm32h7xx_it.h
2025-07-28 17:19:48,965 [INFO] CodeEngine:265 - oldGeneratedFile, C:\Users\nicks\STM32CubeIDE\workspace_1.19.0\AFR\AFR_SENSORS\CM7\Core\Src\stm32h7xx_hal_msp.c_save
2025-07-28 17:19:49,044 [INFO] CodeEngine:289 - Generated code: C:\Users\nicks\STM32CubeIDE\workspace_1.19.0\AFR\AFR_SENSORS\CM7\Core\Src\stm32h7xx_hal_msp.c
2025-07-28 17:19:49,050 [INFO] CodeEngine:265 - oldGeneratedFile, C:\Users\nicks\STM32CubeIDE\workspace_1.19.0\AFR\AFR_SENSORS\CM7\MXTmpFiles\system.tmp_save
2025-07-28 17:19:49,092 [INFO] CodeEngine:289 - Generated code: C:\Users\nicks\STM32CubeIDE\workspace_1.19.0\AFR\AFR_SENSORS\CM7\MXTmpFiles\system.tmp
2025-07-28 17:19:49,103 [INFO] CodeEngine:321 - oldGeneratedFile, C:\Users\nicks\STM32CubeIDE\workspace_1.19.0\AFR\AFR_SENSORS\CM7\Core\Inc\stm32h7xx_hal_conf.h_save
2025-07-28 17:19:49,153 [INFO] CodeEngine:345 - Generated code: C:\Users\nicks\STM32CubeIDE\workspace_1.19.0\AFR\AFR_SENSORS\CM7\Core\Inc\stm32h7xx_hal_conf.h
2025-07-28 17:19:49,186 [INFO] ApiDbMcu:532 - Load IP Config File for ADC3
2025-07-28 17:19:49,188 [INFO] ApiDbMcu:532 - Load IP Config File for I2C2
2025-07-28 17:19:49,195 [INFO] ApiDbMcu:532 - Load IP Config File for TIM1
2025-07-28 17:19:49,202 [INFO] ApiDbMcu:532 - Load IP Config File for USART2
2025-07-28 17:19:49,204 [INFO] ApiDbMcu:532 - Load IP Config File for RCC
2025-07-28 17:19:49,206 [WARN] IPConfigManager:3811 - IP not found : NVIC
2025-07-28 17:19:49,206 [WARN] IPConfigManager:3811 - IP not found : TIM
2025-07-28 17:19:49,207 [WARN] CodeGenerator:4259 - IP not found : null
2025-07-28 17:19:49,207 [WARN] CodeGenerator:4259 - IP not found : null
2025-07-28 17:19:49,213 [INFO] CodeEngine:265 - oldGeneratedFile, C:\Users\nicks\STM32CubeIDE\workspace_1.19.0\AFR\AFR_SENSORS\CM7\Core\Inc\main.h_save
2025-07-28 17:19:49,264 [INFO] CodeEngine:289 - Generated code: C:\Users\nicks\STM32CubeIDE\workspace_1.19.0\AFR\AFR_SENSORS\CM7\Core\Inc\main.h
2025-07-28 17:19:49,271 [INFO] CodeEngine:265 - oldGeneratedFile, C:\Users\nicks\STM32CubeIDE\workspace_1.19.0\AFR\AFR_SENSORS\CM7\Core\Src\main.c_save
2025-07-28 17:19:49,368 [INFO] CodeEngine:289 - Generated code: C:\Users\nicks\STM32CubeIDE\workspace_1.19.0\AFR\AFR_SENSORS\CM7\Core\Src\main.c
2025-07-28 17:19:49,414 [INFO] CodeGenerator:1619 - *******************Project context M4 selected
2025-07-28 17:19:49,463 [INFO] CodeEngine:265 - oldGeneratedFile, C:\Users\nicks\STM32CubeIDE\workspace_1.19.0\AFR\AFR_SENSORS\MXTmpFiles\license.tmp_save
2025-07-28 17:19:49,506 [INFO] CodeEngine:289 - Generated code: C:\Users\nicks\STM32CubeIDE\workspace_1.19.0\AFR\AFR_SENSORS\MXTmpFiles\license.tmp
2025-07-28 17:19:49,523 [INFO] CodeEngine:265 - oldGeneratedFile, C:\Users\nicks\STM32CubeIDE\workspace_1.19.0\AFR\AFR_SENSORS\CM4\MXTmpFiles\gpio.tmp_save
2025-07-28 17:19:49,581 [INFO] CodeEngine:289 - Generated code: C:\Users\nicks\STM32CubeIDE\workspace_1.19.0\AFR\AFR_SENSORS\CM4\MXTmpFiles\gpio.tmp
2025-07-28 17:19:49,623 [WARN] IPConfigManager:103 - WARNING: Missing Config File for NVIC2 ip!!
2025-07-28 17:19:49,660 [INFO] CodeEngine:265 - oldGeneratedFile, C:\Users\nicks\STM32CubeIDE\workspace_1.19.0\AFR\AFR_SENSORS\CM4\MXTmpFiles\cortex.tmp_save
2025-07-28 17:19:49,699 [INFO] CodeEngine:289 - Generated code: C:\Users\nicks\STM32CubeIDE\workspace_1.19.0\AFR\AFR_SENSORS\CM4\MXTmpFiles\cortex.tmp
2025-07-28 17:19:49,732 [INFO] CodeEngine:265 - oldGeneratedFile, C:\Users\nicks\STM32CubeIDE\workspace_1.19.0\AFR\AFR_SENSORS\CM4\Core\Inc\stm32h7xx_nucleo_conf.h_save
2025-07-28 17:19:49,776 [INFO] CodeEngine:289 - Generated code: C:\Users\nicks\STM32CubeIDE\workspace_1.19.0\AFR\AFR_SENSORS\CM4\Core\Inc\stm32h7xx_nucleo_conf.h
2025-07-28 17:19:49,781 [INFO] CodeEngine:265 - oldGeneratedFile, C:\Users\nicks\STM32CubeIDE\workspace_1.19.0\AFR\AFR_SENSORS\CM4\MXTmpFiles\bsp_inc.tmp_save
2025-07-28 17:19:49,821 [INFO] CodeEngine:289 - Generated code: C:\Users\nicks\STM32CubeIDE\workspace_1.19.0\AFR\AFR_SENSORS\CM4\MXTmpFiles\bsp_inc.tmp
2025-07-28 17:19:49,838 [INFO] CodeEngine:265 - oldGeneratedFile, C:\Users\nicks\STM32CubeIDE\workspace_1.19.0\AFR\AFR_SENSORS\CM4\Core\Src\stm32h7xx_it.c_save
2025-07-28 17:19:49,883 [INFO] CodeEngine:289 - Generated code: C:\Users\nicks\STM32CubeIDE\workspace_1.19.0\AFR\AFR_SENSORS\CM4\Core\Src\stm32h7xx_it.c
2025-07-28 17:19:49,889 [INFO] CodeEngine:265 - oldGeneratedFile, C:\Users\nicks\STM32CubeIDE\workspace_1.19.0\AFR\AFR_SENSORS\CM4\Core\Inc\stm32h7xx_it.h_save
2025-07-28 17:19:49,930 [INFO] CodeEngine:289 - Generated code: C:\Users\nicks\STM32CubeIDE\workspace_1.19.0\AFR\AFR_SENSORS\CM4\Core\Inc\stm32h7xx_it.h
2025-07-28 17:19:49,967 [INFO] CodeEngine:265 - oldGeneratedFile, C:\Users\nicks\STM32CubeIDE\workspace_1.19.0\AFR\AFR_SENSORS\CM4\Core\Src\stm32h7xx_hal_msp.c_save
2025-07-28 17:19:50,042 [INFO] CodeEngine:289 - Generated code: C:\Users\nicks\STM32CubeIDE\workspace_1.19.0\AFR\AFR_SENSORS\CM4\Core\Src\stm32h7xx_hal_msp.c
2025-07-28 17:19:50,047 [INFO] CodeEngine:265 - oldGeneratedFile, C:\Users\nicks\STM32CubeIDE\workspace_1.19.0\AFR\AFR_SENSORS\CM4\MXTmpFiles\system.tmp_save
2025-07-28 17:19:50,086 [INFO] CodeEngine:289 - Generated code: C:\Users\nicks\STM32CubeIDE\workspace_1.19.0\AFR\AFR_SENSORS\CM4\MXTmpFiles\system.tmp
2025-07-28 17:19:50,095 [INFO] CodeEngine:321 - oldGeneratedFile, C:\Users\nicks\STM32CubeIDE\workspace_1.19.0\AFR\AFR_SENSORS\CM4\Core\Inc\stm32h7xx_hal_conf.h_save
2025-07-28 17:19:50,140 [INFO] CodeEngine:345 - Generated code: C:\Users\nicks\STM32CubeIDE\workspace_1.19.0\AFR\AFR_SENSORS\CM4\Core\Inc\stm32h7xx_hal_conf.h
2025-07-28 17:19:50,152 [INFO] ApiDbMcu:532 - Load IP Config File for ADC1
2025-07-28 17:19:50,159 [INFO] ApiDbMcu:532 - Load IP Config File for UART5
2025-07-28 17:19:50,161 [WARN] IPConfigManager:3811 - IP not found : NVIC
2025-07-28 17:19:50,161 [WARN] CodeGenerator:4259 - IP not found : null
2025-07-28 17:19:50,168 [INFO] CodeEngine:265 - oldGeneratedFile, C:\Users\nicks\STM32CubeIDE\workspace_1.19.0\AFR\AFR_SENSORS\CM4\Core\Inc\main.h_save
2025-07-28 17:19:50,213 [INFO] CodeEngine:289 - Generated code: C:\Users\nicks\STM32CubeIDE\workspace_1.19.0\AFR\AFR_SENSORS\CM4\Core\Inc\main.h
2025-07-28 17:19:50,218 [INFO] CodeEngine:265 - oldGeneratedFile, C:\Users\nicks\STM32CubeIDE\workspace_1.19.0\AFR\AFR_SENSORS\CM4\Core\Src\main.c_save
2025-07-28 17:19:50,285 [INFO] CodeEngine:289 - Generated code: C:\Users\nicks\STM32CubeIDE\workspace_1.19.0\AFR\AFR_SENSORS\CM4\Core\Src\main.c
2025-07-28 17:19:50,672 [INFO] ProjectBuilder:3606 - Time for Copy HAL[1] : 234mS.
2025-07-28 17:19:50,685 [INFO] ProjectBuilder:5216 - Project Generator version: 4.7.0-B52
2025-07-28 17:19:50,738 [INFO] ConfigFileManager:1595 - The Die is : DIE450
2025-07-28 17:19:56,419 [INFO] ProjectBuilder:5496 - Time for Generating toolchain IDE Files: 5734mS.
2025-07-28 17:19:56,421 [INFO] ProjectBuilder:3463 - Time for Copy CMSIS : 0mS.
2025-07-28 17:19:56,430 [INFO] ProjectBuilder:3463 - Time for Copy CMSIS : 0mS.
